candidate,rate,rolling,cooldown,general_lift,shock_lift,final_lift,general_frequency,shock_frequency,final_frequency,general_corridor_lift_min,shock_corridor_lift_min,final_corridor_lift_min,general_benefit,shock_benefit,final_benefit,status,lift_min_era,frequency_in_band_all_eras
pub_consensus_models,0.22,250,0,2.694660673682641,2.4669163545568042,2.496936274509804,1.0285320468642316,1.041225626740947,1.0423357664233577,2.5988473828362753,2.372048356117953,2.384278879015721,92.52935854158905,276.0929363568074,137.49692640812023,"diagnostic grid, not an unbiased selected estimate",2.4669163545568042,True
pub_blend_logit_extra,0.22,0,0,2.611206769683591,2.4525284477834894,2.539935286103542,1.0854583046175053,1.0958217270194988,1.0715328467153284,2.4442876344086026,2.352015732546706,2.370909090909091,95.96796055725207,256.81349733104895,143.7554047370503,"diagnostic grid, not an unbiased selected estimate",2.4525284477834894,True
pub_consensus_models,0.22,500,0,2.6662228766747034,2.43171577903938,2.5056634304207117,1.0468642315644383,1.0685236768802229,1.0525547445255474,2.5818659366676533,2.3664670658682634,2.3868212324588165,92.7818906511391,271.9488295552383,139.8723215684753,"diagnostic grid, not an unbiased selected estimate",2.43171577903938,True
pub_consensus_with_margin,0.22,0,0,2.6025073086331365,2.426824429975029,2.5068963527239148,1.0709855272226052,1.0314763231197772,1.0540145985401461,2.4706531173152038,2.3607784431137726,2.394635757126491,96.2214180227181,277.5879071419587,142.42275970602188,"diagnostic grid, not an unbiased selected estimate",2.426824429975029,True
pub_blend_logit_extra,0.22,500,0,2.621814905974431,2.4233147601879166,2.5196356951871657,1.0825637491385252,1.1016713091922006,1.091970802919708,2.523900606561897,2.3612774451097804,2.390356055427826,93.45938939691383,253.5132897063724,141.60353179079357,"diagnostic grid, not an unbiased selected estimate",2.4233147601879166,True
pub_blend_logit_extra,0.22,250,0,2.650158850903884,2.40653987320654,2.552634554500226,1.0709855272226052,1.0821727019498608,1.075912408759124,2.520780277306169,2.2635771934392084,2.375867422922146,92.68184248605127,255.45699628206083,141.95204176462505,"diagnostic grid, not an unbiased selected estimate",2.40653987320654,True
pub_extra_7y,0.22,500,0,2.620650375962628,2.405684754521964,2.4444348127600555,1.0545830461750516,1.0899721448467967,1.0525547445255474,2.479580939755487,2.3407445977609993,2.374939290917921,93.1751452824467,273.254506717002,138.35146956740147,"diagnostic grid, not an unbiased selected estimate",2.405684754521964,True
pub_consensus_models,0.22,120,0,2.701043449413399,2.40045569737974,2.4493817204301074,1.030461750516885,1.0353760445682452,1.1313868613138687,2.6480770333008543,2.2660550458715596,2.330084470435348,91.6910850824888,259.8756643626102,131.5491488942686,"diagnostic grid, not an unbiased selected estimate",2.40045569737974,True
pub_extra_7y,0.22,250,0,2.631817920178378,2.3947746195808213,2.458731785063752,1.0545830461750516,1.0899721448467967,1.0686131386861315,2.5375150738619237,2.3205657650216804,2.370909090909091,92.94021077849293,278.4679311390536,138.33261840551717,"diagnostic grid, not an unbiased selected estimate",2.3947746195808213,True
pub_consensus_with_margin,0.22,500,0,2.646526976122486,2.394744591686488,2.4976102114260006,1.0516884906960717,1.0626740947075208,1.0817518248175182,2.564753320683112,2.315625,2.375867422922146,94.86841488398653,270.58574738557,140.18671968891044,"diagnostic grid, not an unbiased selected estimate",2.394744591686488,True
pub_blend_logit_margin,0.22,0,0,2.59238899236571,2.3896071829405163,2.4592108242753623,1.1115093039283253,1.0724233983286908,1.0744525547445254,2.4213456606829538,2.3008849557522124,2.3167745567126374,93.42588315592656,244.00656682560395,138.42343266146224,"diagnostic grid, not an unbiased selected estimate",2.3896071829405163,True
pub_extra_7y,0.22,0,0,2.593441037292753,2.387417073063574,2.477523474178404,1.0883528600964851,1.0958217270194988,1.0364963503649636,2.495013680875576,2.32420872540633,2.376851218956482,96.0177022995835,275.6725640997189,141.63302797253118,"diagnostic grid, not an unbiased selected estimate",2.387417073063574,True
pub_consensus_with_margin,0.22,120,0,2.6515598727699845,2.3862269952728443,2.4475628930817606,1.0526533425223983,1.049025069637883,1.1605839416058394,2.562584396099025,2.260422551124167,2.3251805402835153,90.53287479683469,273.3772349402729,133.45069762720695,"diagnostic grid, not an unbiased selected estimate",2.3862269952728443,True
pub_consensus_models,0.25,0,0,2.569710700592541,2.3818561513420553,2.481244804655029,1.191592005513439,1.1757660167130919,1.1708029197080292,2.4187992125984255,2.305907869300768,2.364550635418889,88.9737375287136,251.56967961264303,134.92679293767256,"diagnostic grid, not an unbiased selected estimate",2.3818561513420553,True
pub_blend_logit_extra,0.22,120,0,2.6322582540419046,2.3797360578969773,2.4603773584905655,1.0603721571330118,1.074373259052925,1.1605839416058394,2.5239765658903517,2.2251073075088756,2.330084470435348,91.01625244879781,254.6707453541435,134.2522070422978,"diagnostic grid, not an unbiased selected estimate",2.3797360578969773,True
pub_blend_logit_margin,0.22,500,0,2.6168946541344944,2.3796075837742507,2.482781456953642,1.0815988973121984,1.0919220055710306,1.102189781021898,2.4625600549073443,2.2857920522591177,2.3397129186602874,92.9117480841481,243.53922292659212,137.33891286832943,"diagnostic grid, not an unbiased selected estimate",2.3796075837742507,True
pub_blend_logit_margin,0.22,250,0,2.6113711619506326,2.374789057642775,2.4869618286728805,1.0613370089593384,1.0841225626740947,1.0963503649635036,2.441928283410139,2.297797262617622,2.3287283509670464,92.31995183964675,245.35845559031125,137.05403024737785,"diagnostic grid, not an unbiased selected estimate",2.374789057642775,True
pub_xgb_7y,0.22,500,0,2.6376193322966937,2.365188528309096,2.422169256120527,1.0314266023432117,1.0080779944289695,1.0335766423357664,2.5122103589277605,2.2119005232777686,2.33410209631338,87.23070559574876,224.28999139200204,124.83014048414066,"diagnostic grid, not an unbiased selected estimate",2.365188528309096,True
pub_logit_next_and_known,0.22,250,0,2.626828838219598,2.3646090534979423,2.514752252252252,1.0237077877325982,1.1114206128133706,1.0802919708029197,2.4727730097662035,2.250166333998669,2.2805477643953145,90.01528686162563,237.37561957306136,137.88056416825935,"diagnostic grid, not an unbiased selected estimate",2.3646090534979423,True
pub_logit_next_and_known,0.22,120,0,2.529902148072678,2.3638200550670576,2.448666452442159,1.053618194348725,1.0841225626740947,1.135766423357664,2.4263830268314743,2.2713857998289138,2.254175027010341,85.55481078437393,244.89600359396238,131.1184701675747,"diagnostic grid, not an unbiased selected estimate",2.3638200550670576,True
pub_logit_expand,0.2,500,0,2.6264862492127414,2.3625314635023376,2.5009199905033235,1.0044107512060647,1.0041782729805013,1.0248175182481751,2.4614818088083665,2.260422551124167,2.3108275739854687,91.16995910790773,239.46809633947134,138.856189808832,"diagnostic grid, not an unbiased selected estimate",2.3625314635023376,True
pub_consensus_with_margin,0.22,250,0,2.646887991250544,2.358335553779199,2.495179296346414,1.0574776016540317,1.0841225626740947,1.0788321167883212,2.5043438416422292,2.218562874251497,2.402948402948403,93.35133805487092,268.7051014664213,139.9895978374405,"diagnostic grid, not an unbiased selected estimate",2.358335553779199,True
pub_logit_next_and_known,0.22,500,0,2.5672471136376958,2.354917131743616,2.4845349354695148,1.0902825637491387,1.1387186629526462,1.0934306569343066,2.4250544439907444,2.260649432841634,2.2688125271857333,88.58880183577214,232.73490787367138,136.62195082993148,"diagnostic grid, not an unbiased selected estimate",2.354917131743616,True
pub_blend_logit_margin,0.22,120,0,2.6258239820946776,2.3465304384844616,2.4414209535759093,1.042039972432805,1.074373259052925,1.1635036496350366,2.4976800707026072,2.2498373454782046,2.2617224880382776,90.85038416706057,245.51379396880168,131.2481900324621,"diagnostic grid, not an unbiased selected estimate",2.3465304384844616,True
pub_blend_logit_extra,0.25,250,0,2.562520000433908,2.3449367088607596,2.464520958083832,1.1780840799448655,1.2323119777158775,1.218978102189781,2.4514509651509266,2.235498468711432,2.3169086991801673,88.59721139052029,234.71718070901363,133.25374650777624,"diagnostic grid, not an unbiased selected estimate",2.3449367088607596,True
pub_logit_expand,0.2,0,0,2.5787589777073037,2.343884993980596,2.491588277858176,1.0275671950379048,1.0197771587743731,1.008759124087591,2.378225806451613,2.245952539365713,2.3090080247146143,91.96612313095777,234.15263927515235,139.69915391998433,"diagnostic grid, not an unbiased selected estimate",2.343884993980596,True
pub_logit_expand,0.22,120,0,2.5788107912290577,2.3435581452459093,2.428638644918444,1.0671261199172983,1.0782729805013926,1.1635036496350366,2.4795012079010945,2.297552983457534,2.259722733406944,87.78247511652063,237.86610156406215,129.0357737987069,"diagnostic grid, not an unbiased selected estimate",2.3435581452459093,True
pub_consensus_models,0.25,500,0,2.575634904811428,2.341399995905247,2.486679910350448,1.185802894555479,1.1757660167130919,1.1941605839416058,2.4635008353682046,2.218562874251497,2.396779087408099,86.61967011523193,251.02436201192035,132.82033969440712,"diagnostic grid, not an unbiased selected estimate",2.341399995905247,True
pub_extra_7y,0.25,250,0,2.508020066172896,2.341232227488152,2.4423234811165844,1.2224672639558927,1.2342618384401114,1.1854014598540146,2.3999023437500004,2.271808383233533,2.3833100537906033,86.45030117655563,259.1327287232815,133.5935106060082,"diagnostic grid, not an unbiased selected estimate",2.341232227488152,True
pub_logit_known_summary,0.22,250,0,2.5433990140468623,2.340223944875108,2.3700086805555554,1.0758097863542384,1.0899721448467967,1.1211678832116787,2.4476363906644867,2.251285040538392,2.2428620571035434,87.0988386593675,284.1995882382355,130.1735445699645,"diagnostic grid, not an unbiased selected estimate",2.340223944875108,True
pub_blend_logit_extra,0.25,500,0,2.518724377168086,2.3373916671407713,2.4689610647596343,1.215713301171606,1.269359331476323,1.2248175182481753,2.3752000738734305,2.235498468711432,2.3215756092133084,87.59426879610905,229.61935371384146,133.59532486584908,"diagnostic grid, not an unbiased selected estimate",2.3373916671407713,True
pub_logit_expand,0.22,500,0,2.5631071855763343,2.335922288550827,2.4746232269503543,1.0951068228807719,1.1250696378830085,1.0978102189781023,2.3482481702358364,2.2911877394636018,2.334259042393014,88.83082119213478,225.98086480875446,134.56344792641156,"diagnostic grid, not an unbiased selected estimate",2.335922288550827,True
pub_consensus_models,0.25,250,0,2.5682878264504634,2.3358066259300827,2.4497921735604216,1.1616815988973124,1.158217270194986,1.2,2.4710993386421922,2.2491215915276883,2.3639335492882405,85.51695649311898,252.04372154080897,131.4543311728906,"diagnostic grid, not an unbiased selected estimate",2.3358066259300827,True
pub_extra_7y,0.25,500,0,2.5154952433512037,2.332428611817925,2.4363226863226863,1.215713301171606,1.277158774373259,1.1883211678832117,2.369113830181684,2.270157359699206,2.3833100537906033,89.02836221728717,256.68633215315936,132.49964864571612,"diagnostic grid, not an unbiased selected estimate",2.332428611817925,True
pub_logit_known_summary,0.22,0,0,2.5164040414912843,2.3315634218289087,2.367905405405405,1.1279117849758789,1.1016713091922006,1.0802919708029197,2.4365661220499932,2.2635771934392084,2.2422248803827753,87.18927826345111,279.4990603975359,130.22050361534596,"diagnostic grid, not an unbiased selected estimate",2.3315634218289087,True
pub_extra_7y,0.25,0,0,2.458178118101545,2.3275258060285884,2.454241548994437,1.250447966919366,1.2849582172701952,1.1372262773722628,2.3394827795294693,2.237259816207185,2.399705557600295,87.34904520108277,256.3439908792598,136.08770800703266,"diagnostic grid, not an unbiased selected estimate",2.3275258060285884,True
pub_consensus_models,0.25,120,0,2.5698852259049962,2.3262289376164444,2.3890868491068034,1.1838731909028257,1.1757660167130919,1.2802919708029197,2.5093050065876152,2.1644515846356067,2.31742993848257,84.70814163823174,247.64821312939236,123.0424774701057,"diagnostic grid, not an unbiased selected estimate",2.3262289376164444,True
pub_logit_known_summary,0.22,500,0,2.542942880794702,2.3246174578334204,2.362121717846017,1.0806340454858718,1.1075208913649024,1.0934306569343066,2.441928283410139,2.2315369261477045,2.234048464269178,87.17576204234973,279.42779935522617,129.7055537694874,"diagnostic grid, not an unbiased selected estimate",2.3246174578334204,True
pub_hist_7y,0.22,250,0,2.613647908160998,2.3244351269508505,2.382955091258405,1.006340454858718,1.033426183844011,1.013138686131387,2.4942368214004724,2.1978813559322035,2.26461102250576,84.71649016688485,229.26751753624842,124.28717519864978,"diagnostic grid, not an unbiased selected estimate",2.3244351269508505,True
pub_xgb_7y,0.22,250,0,2.639885116438143,2.3239009480144235,2.392302754435107,1.0275671950379048,1.0080779944289695,1.0423357664233577,2.5240604077906275,2.1440972222222223,2.2708978328173375,86.44356655878546,220.87485592617242,123.40153679127134,"diagnostic grid, not an unbiased selected estimate",2.3239009480144235,True
pub_blend_logit_extra,0.25,0,0,2.502853209412776,2.3237908722615823,2.493619311193112,1.2485182632667127,1.2537604456824512,1.186861313868613,2.3723318143662313,2.239448751076658,2.36278701056029,88.50585250726076,230.3879455531495,135.89769858565322,"diagnostic grid, not an unbiased selected estimate",2.3237908722615823,True
pub_logit_expand,0.22,0,0,2.558958010426941,2.317530864197531,2.4692758071850838,1.1337008959338388,1.1211699164345403,1.07007299270073,2.3719837439674882,2.244063596944043,2.351015879619999,89.75882553970018,223.14764069957897,136.54835377820885,"diagnostic grid, not an unbiased selected estimate",2.317530864197531,True
pub_xgb_7y,0.25,0,0,2.559238298917838,2.317093676711359,2.3694973718791066,1.144314266023432,1.0880222841225626,1.110948905109489,2.4071111401332117,2.1692614770459078,2.2702259848433126,84.1709365397425,215.56011640294255,120.205360332224,"diagnostic grid, not an unbiased selected estimate",2.317093676711359,True
pub_extra_7y,0.22,120,0,2.6520582480433474,2.316879750450332,2.4230453350854138,1.0613370089593384,1.0958217270194988,1.110948905109489,2.5937639363757996,2.1874905650883107,2.3397129186602874,92.23163680825644,266.7362435972201,134.21094149586187,"diagnostic grid, not an unbiased selected estimate",2.316879750450332,True
pub_logit_known_summary,0.22,120,0,2.551624985868395,2.3156575232798216,2.3678143093465676,1.073880082701585,1.1426183844011142,1.1766423357664233,2.470137914913511,2.250166333998669,2.2392344497607657,86.11587205980311,277.55971908013834,125.36565150274518,"diagnostic grid, not an unbiased selected estimate",2.3156575232798216,True
pub_blend_logit_margin,0.25,250,0,2.53761520030311,2.314824597444777,2.40702339520495,1.197381116471399,1.2303621169916434,1.2583941605839417,2.4257903225806454,2.1894478759017395,2.2790018050024354,86.12512829082188,230.89430917833292,127.03491772564102,"diagnostic grid, not an unbiased selected estimate",2.314824597444777,True
pub_xgb_7y,0.22,120,0,2.6488590758296784,2.312928022361985,2.3495974760661444,1.0285320468642316,1.033426183844011,1.1182481751824818,2.5937653134305854,2.1331818181818183,2.248275862068965,86.08021594648127,231.39231915961025,118.11906429201501,"diagnostic grid, not an unbiased selected estimate",2.312928022361985,True
pub_logit_published_next,0.2,500,0,2.4596148089946497,2.311535858479778,2.49337899543379,1.024672639558925,1.0314763231197772,1.0656934306569343,2.364616502838156,2.1692614770459078,2.3058040357811525,85.0091142749375,247.88062667561067,135.49721069969667,"diagnostic grid, not an unbiased selected estimate",2.311535858479778,True
pub_blend_logit_margin,0.25,0,0,2.496707555689344,2.30970459243803,2.4430455635491604,1.2311509303928325,1.2459610027855152,1.2175182481751825,2.336026615969582,2.186349871884463,2.3397129186602874,86.97989892366581,225.9122618383143,131.76412247072062,"diagnostic grid, not an unbiased selected estimate",2.30970459243803,True
pub_logit_next_and_known,0.22,0,0,2.552706361314333,2.3086008915182514,2.477175863615971,1.1057201929703653,1.171866295264624,1.0846715328467154,2.39132897893895,2.1555029475931855,2.311658806925751,89.23851720119298,225.9261132183606,136.9345869184201,"diagnostic grid, not an unbiased selected estimate",2.3086008915182514,True
pub_logit_published_next,0.2,120,0,2.4708441171246607,2.3085722257097023,2.4097976028946175,1.0073053066850448,1.0353760445682452,1.075912408759124,2.4075926114909683,2.1563601768425764,2.318634423897582,86.18504765327894,252.75533897788762,124.72039296232852,"diagnostic grid, not an unbiased selected estimate",2.3085722257097023,True
pub_logit_expand,0.22,250,0,2.606100939271956,2.3018268121148777,2.447326526130874,1.0333563059958648,1.1055710306406685,1.108029197080292,2.452878634456821,2.252803261977574,2.356074547462107,89.36838820185181,225.1594691130299,133.1771182204563,"diagnostic grid, not an unbiased selected estimate",2.3018268121148777,True
pub_blend_logit_margin,0.25,500,0,2.546998611067102,2.3013310185185185,2.414902358855375,1.209924190213646,1.2479108635097493,1.2583941605839417,2.4333198405779055,2.195452844311377,2.29768214766639,87.26807903948156,224.84092017986595,128.60140931078737,"diagnostic grid, not an unbiased selected estimate",2.3013310185185185,True
pub_logit_next_and_known,0.25,250,0,2.509483106047403,2.30115454961134,2.4176424668227945,1.1732598208132323,1.2635097493036211,1.2467153284671533,2.4071111401332117,2.183727034120735,2.28122009569378,84.53002322084274,220.58516967812545,127.871377576657,"diagnostic grid, not an unbiased selected estimate",2.30115454961134,True
pub_logit_published_next,0.22,250,0,2.437559662311318,2.3002264086462474,2.4230685763888884,1.0709855272226052,1.1270194986072424,1.1211678832116787,2.3816281323549777,2.193062151558951,2.2906280322548267,82.6278386415963,238.31119529882196,129.06616353082055,"diagnostic grid, not an unbiased selected estimate",2.3002264086462474,True
pub_logit_published_next,0.22,500,0,2.410171708701171,2.297625171467764,2.476757729775519,1.112474155754652,1.1231197771587744,1.1489051094890512,2.2811553653719554,2.1277445109780437,2.329029298027135,82.38892944037121,236.48464209845912,131.45225630120095,"diagnostic grid, not an unbiased selected estimate",2.297625171467764,True
pub_logit_known_summary,0.25,250,0,2.4735718746935214,2.296626290861092,2.312475831399845,1.2379048931771195,1.2401114206128134,1.2583941605839417,2.4196139396294862,2.2013647124355935,2.220433436532508,81.95001547699482,261.9715145237108,122.55541193457528,"diagnostic grid, not an unbiased selected estimate",2.296626290861092,True
pub_hist_7y,0.25,250,0,2.5433713463180037,2.2959459180939428,2.3327524292353186,1.1452791178497588,1.167966573816156,1.1518248175182482,2.434145362066658,2.218562874251497,2.2478243406078455,81.74538692691615,224.89754712111665,117.04711702989522,"diagnostic grid, not an unbiased selected estimate",2.2959459180939428,True
pub_hist_7y,0.22,120,0,2.616678771018489,2.295414462081129,2.350622294372294,1.0381805651274982,1.064623955431755,1.1240875912408759,2.5004710581851075,2.171716101694915,2.226000803320391,83.89672501735859,235.6611144185354,118.223440184673,"diagnostic grid, not an unbiased selected estimate",2.295414462081129,True
pub_logit_next_and_known,0.25,120,0,2.472497865842343,2.2953882416584555,2.398402466367713,1.2050999310820125,1.2459610027855152,1.3021897810218979,2.4003341472818405,2.183727034120735,2.291244289460168,83.11737057263268,221.1464949426487,123.41341513135139,"diagnostic grid, not an unbiased selected estimate",2.2953882416584555,True
pub_logit_published_next,0.22,0,0,2.4217645575114823,2.2946859903381647,2.4490892233856894,1.089317711922812,1.166016713091922,1.1153284671532848,2.3392384981491277,2.1165599834813134,2.311658806925751,85.55810361736287,226.77769768125103,130.64930161878624,"diagnostic grid, not an unbiased selected estimate",2.2946859903381647,True
pub_logit_expand,0.25,250,0,2.504582185269332,2.294074074074074,2.4000924844236757,1.1896623018607857,1.267409470752089,1.2496350364963502,2.378225806451613,2.2013647124355935,2.2790018050024354,84.22577575180735,213.4429439912355,125.91598166454712,"diagnostic grid, not an unbiased selected estimate",2.294074074074074,True
pub_consensus_with_margin,0.25,0,0,2.5413179971648012,2.2907557964468537,2.4530098280098276,1.2079944865609924,1.1991643454038998,1.1883211678832117,2.439205955334988,2.212502382313703,2.3115236063872717,89.68820181046723,249.0420715370502,133.81003751206148,"diagnostic grid, not an unbiased selected estimate",2.2907557964468537,True
pub_blend_logit_extra,0.25,120,0,2.5140781414603417,2.290708043517032,2.416411469933185,1.2070296347346658,1.2147632311977716,1.310948905109489,2.4368331868959463,2.119571879862322,2.3397129186602874,86.27952666246404,236.0708464476176,125.499874582106,"diagnostic grid, not an unbiased selected estimate",2.290708043517032,True
pub_logit_known_summary,0.25,500,0,2.4764684265248946,2.2906161247319305,2.3311064924782263,1.2475534114403861,1.2459610027855152,1.229197080291971,2.381298449612403,2.2064741907261594,2.2074484456755927,83.30525173336991,263.3004317388305,123.99110755846442,"diagnostic grid, not an unbiased selected estimate",2.2906161247319305,True
pub_logit_published_next,0.22,120,0,2.417586541600597,2.284399162715195,2.4043491484184916,1.0960716747070984,1.1270194986072424,1.2,2.3821730816562225,2.153692614770459,2.295567391893112,82.2180837973176,239.69048499759398,122.49638319912556,"diagnostic grid, not an unbiased selected estimate",2.284399162715195,True
pub_hist_7y,0.25,500,0,2.5269177017780855,2.280715762750036,2.377960809646856,1.1636113025499655,1.1757660167130919,1.1299270072992702,2.4330087857330187,2.222835813263793,2.2766877286331892,81.8832655818957,216.2827032307299,119.73050862642947,"diagnostic grid, not an unbiased selected estimate",2.280715762750036,True
pub_extra_7y,0.25,120,0,2.506298731601936,2.2786596119929454,2.356925418569254,1.2186078566505858,1.2420612813370475,1.278832116788321,2.3845424752602495,2.218562874251497,2.3050505050505055,85.24039127986718,248.40033966116238,125.66056603533369,"diagnostic grid, not an unbiased selected estimate",2.2786596119929454,True
pub_consensus_with_margin,0.25,120,0,2.5620253232933248,2.278388058506913,2.39864417989418,1.182908339076499,1.2030640668523678,1.2875912408759125,2.51030433156037,2.142863878542128,2.31742993848257,86.67395693962625,246.4020022031426,126.28967962234152,"diagnostic grid, not an unbiased selected estimate",2.278388058506913,True
pub_hist_7y,0.25,0,0,2.539118906537868,2.2779149519890263,2.3816722972972975,1.1549276361130256,1.1406685236768803,1.0802919708029197,2.4204620571126387,2.2372062597494087,2.2872279495990835,83.8468365914826,208.2810485769253,121.17442689841624,"diagnostic grid, not an unbiased selected estimate",2.2779149519890263,True
pub_blend_logit_margin,0.25,120,0,2.518724377168086,2.2772003185981684,2.3891039823008846,1.195451412818746,1.2089136490250696,1.3197080291970804,2.4514509651509266,2.2127398745815454,2.281777170198223,85.13878782692201,230.52869395989026,123.7459513223999,"diagnostic grid, not an unbiased selected estimate",2.2772003185981684,True
pub_logit_known_summary,0.25,0,0,2.475104928847519,2.2762997739523563,2.358560606060606,1.2514128187456925,1.2459610027855152,1.2043795620437956,2.387408145472662,2.1903368834849384,2.2439351968437844,84.28358944555023,259.3330563293528,125.80670680172663,"diagnostic grid, not an unbiased selected estimate",2.2762997739523563,True
pub_logit_expand,0.25,120,0,2.510825776464921,2.2749363119733492,2.377083333333333,1.2070296347346658,1.2284122562674096,1.313868613138686,2.4539213646765132,2.1725067385444747,2.2433202515993766,83.65393946941089,218.08824366930926,122.87016976456546,"diagnostic grid, not an unbiased selected estimate",2.2749363119733492,True
pub_logit_next_and_known,0.25,0,0,2.465307864496297,2.270343336036767,2.4469975490196076,1.238869745003446,1.3356545961002786,1.1912408759124087,2.2986569132989567,2.1281178649894454,2.274301589751505,85.03376763335929,208.95690054627005,131.34486085040118,"diagnostic grid, not an unbiased selected estimate",2.270343336036767,True
pub_logit_expand,0.25,500,0,2.477840386561789,2.2699440845928143,2.4058749516066587,1.2436940041350795,1.304456824512535,1.256934306569343,2.3085342077277566,2.1968122578372666,2.26217857242788,84.75525429722559,207.39884605798215,127.61327781347941,"diagnostic grid, not an unbiased selected estimate",2.2699440845928143,True
pub_hist_7y,0.25,120,0,2.5509355879469107,2.2718910963944077,2.2678329461866045,1.1665058580289456,1.177715877437326,1.256934306569343,2.4277721774193552,2.1540697674418605,2.1196110590440487,80.87878768880819,227.83964515043377,110.72660247816059,"diagnostic grid, not an unbiased selected estimate",2.2678329461866045,True
pub_logit_known_summary,0.25,120,0,2.4677461596774024,2.265795206971678,2.3466223698781836,1.2137835975189524,1.2596100278551532,1.3182481751824817,2.4196139396294862,2.205357142857143,2.2502157031924073,81.04283587809452,258.0952054278707,120.31141048054349,"diagnostic grid, not an unbiased selected estimate",2.265795206971678,True
pub_logit_next_and_known,0.25,500,0,2.4770221305462927,2.259315375982043,2.431336291913215,1.2282563749138526,1.286908077994429,1.2335766423357664,2.35109775542745,2.1533110250088057,2.2775119617224884,83.85969625531368,215.34636239593084,128.81994953733243,"diagnostic grid, not an unbiased selected estimate",2.259315375982043,True
pub_logit_expand,0.25,0,0,2.465790953392478,2.256633295038022,2.4186732065001983,1.2784286698828395,1.3200557103064068,1.2277372262773723,2.312163978494624,2.155175363558597,2.329840712252438,84.59397074464006,202.97159479603826,127.89364375333601,"diagnostic grid, not an unbiased selected estimate",2.256633295038022,True
pub_consensus_with_margin,0.25,500,0,2.5576608781755077,2.255575151871448,2.412828947368421,1.200275671950379,1.2284122562674096,1.2204379562043794,2.430868825604839,2.1654278635410713,2.3121868843231073,89.1399594483286,244.31203101414704,130.5478138146259,"diagnostic grid, not an unbiased selected estimate",2.255575151871448,True
pub_logit_published_next,0.25,0,0,2.350385925730622,2.2548899300907332,2.4319860279441117,1.235975189524466,1.294707520891365,1.218978102189781,2.2145993571346576,2.0867103003295733,2.3397129186602874,80.11133002301244,215.50205431183295,127.06410854201688,"diagnostic grid, not an unbiased selected estimate",2.2548899300907332,True
pub_xgb_7y,0.25,120,0,2.516829530918571,2.2541118083753746,2.2885811327975505,1.1838731909028257,1.173816155988858,1.2715328467153284,2.4077079445481204,2.066633064516129,2.2103835722588143,80.63281600626593,218.5038905902898,111.5019234651148,"diagnostic grid, not an unbiased selected estimate",2.2541118083753746,True
pub_xgb_7y,0.25,250,0,2.5425179947661647,2.2520908004778972,2.3166666666666664,1.1549276361130256,1.1484679665738162,1.1897810218978102,2.4814821089726213,2.1336998134877785,2.21209221400609,82.08557663520374,211.77292637514483,114.96926418445749,"diagnostic grid, not an unbiased selected estimate",2.2520908004778972,True
pub_consensus_with_margin,0.25,250,0,2.557286635964374,2.249224691358025,2.4454915560916763,1.197381116471399,1.2186629526462396,1.21021897810219,2.483287990672367,2.184551886792453,2.330084470435348,87.83520404366799,244.41798805425353,131.68141990881273,"diagnostic grid, not an unbiased selected estimate",2.249224691358025,True
pub_logit_published_next,0.25,250,0,2.3793807947019867,2.2466635898619285,2.376299076212471,1.206064782908339,1.2518105849582173,1.2642335766423356,2.3030249904373328,2.1289239702413356,2.246843507471331,78.36317259275702,223.34770873484302,123.3768106131565,"diagnostic grid, not an unbiased selected estimate",2.2466635898619285,True
pub_consensus_models,0.3,0,0,2.4367540572010773,2.244511631813219,2.4009459459459457,1.4048242591316333,1.4331476323119778,1.3503649635036497,2.3208563242784384,2.144114455652453,2.2422248803827753,81.34308898166861,218.97013038247087,124.77245727082196,"diagnostic grid, not an unbiased selected estimate",2.244511631813219,True
pub_xgb_7y,0.25,500,0,2.539144293918826,2.2409893114591104,2.3425351530190235,1.162646450723639,1.1621169916434542,1.1766423357664233,2.4231585477340998,2.142863878542128,2.2255805811646634,82.23288460425299,212.84919877845277,118.94000477084232,"diagnostic grid, not an unbiased selected estimate",2.2409893114591104,True
pub_logit_published_next,0.25,120,0,2.373947306669448,2.2377777777777776,2.3489974937343354,1.2253618194348725,1.267409470752089,1.3591240875912407,2.3135460251046025,2.1451752982584447,2.2510874293170944,78.53609451044765,223.27801830039024,116.03515850692312,"diagnostic grid, not an unbiased selected estimate",2.2377777777777776,True
pub_logit_published_next,0.25,500,0,2.3600968367979838,2.2371422665689535,2.431728927203065,1.2774638180565128,1.281058495821727,1.27007299270073,2.3085342077277566,2.1254380128631625,2.334928229665072,78.46233023260632,219.3646741950408,126.67526154870826,"diagnostic grid, not an unbiased selected estimate",2.2371422665689535,True
pub_extra_7y,0.3,120,0,2.4122020758870875,2.236213991769547,2.320704633204633,1.4337698139214334,1.4623955431754876,1.5124087591240876,2.327681857544923,2.1572871572871573,2.2715659404468806,79.0658217755373,232.13595127113345,115.81600243623201,"diagnostic grid, not an unbiased selected estimate",2.236213991769547,True
pub_hist_7y,0.3,250,0,2.367762371228845,2.2277434842249657,2.2399577167019027,1.3893866299104067,1.403899721448468,1.381021897810219,2.24154616240267,2.166090884932235,2.1122408293460926,73.9020680470541,213.57064101195866,107.48906829034556,"diagnostic grid, not an unbiased selected estimate",2.2277434842249657,True
pub_logit_published_next,0.3,250,0,2.293568228708764,2.225855154517575,2.2805842346771548,1.4463128876636804,1.5306406685236769,1.4846715328467153,2.217915946706271,2.1261227544910177,2.1918422232182877,73.14606940380838,203.46811601079358,112.60621393764855,"diagnostic grid, not an unbiased selected estimate",2.225855154517575,True
pub_extra_7y,0.3,250,0,2.3802768989462963,2.2216931216931215,2.36231884057971,1.4299104066161268,1.501392757660167,1.3766423357664233,2.3032367044463817,2.0661040787623066,2.2943216627427154,79.44567169228812,231.31464948599705,122.2029150000942,"diagnostic grid, not an unbiased selected estimate",2.2216931216931215,True
pub_logit_published_next,0.3,500,0,2.2678470941976343,2.2163239054386876,2.3112828627069133,1.5215713301171605,1.534540389972145,1.4992700729927009,2.195347710853099,2.0998743254232277,2.2169868603210845,71.82779967913454,202.16870957797423,114.54840273195555,"diagnostic grid, not an unbiased selected estimate",2.2163239054386876,True
pub_logit_known_summary,0.3,250,0,2.381150273345482,2.215535658952656,2.288351342501637,1.4376292212267403,1.4760445682451255,1.4861313868613137,2.323480361903011,2.1147421931735657,2.2479594708696875,76.1153989662256,233.06953306150658,115.45850276806003,"diagnostic grid, not an unbiased selected estimate",2.215535658952656,True
pub_blend_logit_extra,0.3,120,0,2.4323801468471062,2.2117309009505672,2.326001261431725,1.42026188835286,1.4409470752089137,1.543065693430657,2.3755566416856744,2.1513336962438756,2.2197276407802726,79.56971121438386,212.67308749712578,114.67146036406083,"diagnostic grid, not an unbiased selected estimate",2.2117309009505672,True
pub_logit_next_and_known,0.3,120,0,2.377068978597312,2.210504289600335,2.304429783223374,1.4318401102687803,1.4955431754874653,1.548905109489051,2.3384783308377997,2.14336917562724,2.2261346216379434,77.03117132349512,201.69950018071813,112.58286758456332,"diagnostic grid, not an unbiased selected estimate",2.210504289600335,True
known_margin,0.22,120,0,2.5570576935618705,2.210254019007017,2.3422542735042735,1.077739490006892,1.0841225626740947,1.1386861313868613,2.4790570175438593,2.140873015873016,2.1837320574162677,91.36845030220192,273.1613331766846,127.445253924399,"diagnostic grid, not an unbiased selected estimate",2.210254019007017,True
pub_consensus_models,0.3,500,0,2.424895900241423,2.2084552200571834,2.362625475943233,1.4424534803583735,1.4565459610027855,1.405839416058394,2.3312252964426876,2.156773211567732,2.2574114592099255,79.24193239384469,214.50192374054876,120.89931117773887,"diagnostic grid, not an unbiased selected estimate",2.2084552200571834,True
pub_logit_known_summary,0.3,120,0,2.381351192717447,2.2052489575668384,2.2812699936020473,1.4424534803583735,1.4721448467966574,1.5211678832116788,2.3285159161077402,2.1133482475764356,2.2518788682581783,75.62092959622835,231.9945790939188,112.92490755005026,"diagnostic grid, not an unbiased selected estimate",2.2052489575668384,True
pub_logit_expand,0.3,500,0,2.379160118980806,2.2025477707006367,2.3022598870056497,1.480082701585114,1.5306406685236769,1.4642335766423358,2.3205262351980402,2.1257861635220126,2.158523029336427,77.19257344796698,190.9918953901484,117.09430479018528,"diagnostic grid, not an unbiased selected estimate",2.2025477707006367,True
pub_hist_7y,0.3,500,0,2.3604083507212197,2.2016290149070232,2.255441542288557,1.4086836664369402,1.40974930362117,1.3693430656934307,2.276189715745768,2.167910753834796,2.129262550315182,74.03018571072238,210.11719060312092,109.66712079119878,"diagnostic grid, not an unbiased selected estimate",2.2016290149070232,True
pub_logit_expand,0.3,120,0,2.37867185720729,2.2014473132836927,2.2799220963172804,1.4308752584424536,1.4935933147632312,1.5459854014598542,2.3312252964426876,2.1344656758669496,2.2047294810452707,77.49173048754004,193.53128134859176,111.51235683193757,"diagnostic grid, not an unbiased selected estimate",2.2014473132836927,True
pub_logit_expand,0.3,250,0,2.4151898620046075,2.2005854651902763,2.3075544015825913,1.4173673328738803,1.513091922005571,1.475912408759124,2.3385887096774196,2.122085048010974,2.1728677188221575,78.17309228210577,190.56984713158457,116.05570437675001,"diagnostic grid, not an unbiased selected estimate",2.2005854651902763,True
pub_logit_published_next,0.3,0,0,2.2896355045706502,2.199036044258699,2.3450734289617485,1.4916609235010339,1.503342618384401,1.424817518248175,2.2115645791892447,2.0562290054038264,2.2559943773146274,73.14017886636725,201.99134819878338,118.00070186700181,"diagnostic grid, not an unbiased selected estimate",2.199036044258699,True
pub_logit_known_summary,0.3,500,0,2.38538546046565,2.1983921906402526,2.3043154761904763,1.4482425913163335,1.5091922005571032,1.4715328467153284,2.318640628294329,2.1060931899641577,2.2209715639810423,77.58317209552601,228.02614529014983,116.43971001290232,"diagnostic grid, not an unbiased selected estimate",2.1983921906402526,True
pub_blend_logit_margin,0.3,120,0,2.4109847637372472,2.197530864197531,2.3119885111740635,1.4279807029634735,1.4448467966573815,1.5459854014598542,2.3863652591143416,2.1471471471471473,2.241278394574256,78.5210820782574,208.33832249812707,113.35019250255499,"diagnostic grid, not an unbiased selected estimate",2.197530864197531,True
pub_hist_7y,0.3,0,0,2.409066000831904,2.197097378277154,2.2889042357274403,1.3671950379048932,1.3883008356545963,1.3211678832116789,2.2968516342661824,2.1334171907756816,2.158437863701022,76.64085545332364,206.8725770845715,111.73855533706298,"diagnostic grid, not an unbiased selected estimate",2.197097378277154,True
pub_blend_logit_margin,0.3,500,0,2.4080666852468733,2.1958659252976473,2.3216758425091757,1.4443831840110268,1.5325905292479107,1.4583941605839417,2.303584520318392,2.0894479385045424,2.1929982471931404,78.80339259511597,200.62604910559236,119.13207934013622,"diagnostic grid, not an unbiased selected estimate",2.1958659252976473,True
pub_logit_next_and_known,0.3,250,0,2.3662970178498566,2.1958659252976473,2.3280887230514096,1.4250861474844934,1.5325905292479107,1.467153284671533,2.327681857544923,2.1257861635220126,2.2215455995360305,77.02855687671038,196.52773060642812,117.65761735162219,"diagnostic grid, not an unbiased selected estimate",2.1958659252976473,True
pub_logit_next_and_known,0.3,0,0,2.3623888739964056,2.1940212749437067,2.374235674353599,1.4540317022742935,1.5501392757660168,1.3927007299270073,2.266786045552922,2.086991660850079,2.2373012420859313,78.53998220894998,190.2900854151018,121.83779738513411,"diagnostic grid, not an unbiased selected estimate",2.1940212749437067,True
pub_extra_7y,0.3,500,0,2.389688189845475,2.1937462802728565,2.369186046511628,1.447277739490007,1.5774373259052927,1.381021897810219,2.294779286926995,2.0883534136546187,2.3316726680806985,80.18083395876994,223.47037863375948,122.88928656232613,"diagnostic grid, not an unbiased selected estimate",2.1937462802728565,True
pub_consensus_models,0.3,250,0,2.425094946879541,2.192907516290601,2.3479962160302716,1.4115782219159203,1.4370473537604458,1.4145985401459855,2.3285177177011747,2.151724137931035,2.239725187093608,78.25864304639717,214.4218686308159,120.62130059725162,"diagnostic grid, not an unbiased selected estimate",2.192907516290601,True
pub_logit_next_and_known,0.3,500,0,2.3381864410424016,2.189103461143764,2.360224586288416,1.4858718125430739,1.548189415041783,1.4408759124087591,2.283499972830517,2.117322291235335,2.2373012420859313,76.00238415439527,192.8256778930477,120.08908967880059,"diagnostic grid, not an unbiased selected estimate",2.189103461143764,True
pub_blend_logit_margin,0.3,250,0,2.4434439568972133,2.1876861808044605,2.2939405113077678,1.4154376292212267,1.511142061281337,1.4846715328467153,2.3701912598081956,2.097664543524416,2.1775545975650195,79.09919842720636,201.6889100747361,116.25480040297798,"diagnostic grid, not an unbiased selected estimate",2.1876861808044605,True
pub_logit_expand,0.3,0,0,2.386687730986083,2.184806773567949,2.3378872999659515,1.4540317022742935,1.526740947075209,1.429197080291971,2.288722684703434,2.099378881987578,2.1790291168762477,78.55601664437137,186.85413167004302,119.61343037553289,"diagnostic grid, not an unbiased selected estimate",2.184806773567949,True
pub_logit_known_summary,0.3,0,0,2.3740794832095133,2.1814223963678203,2.3102522477522474,1.473328738800827,1.548189415041783,1.4613138686131386,2.310060098623382,2.1076170510132775,2.241278394574256,77.56774725950736,223.0425403899551,118.06881475409931,"diagnostic grid, not an unbiased selected estimate",2.1814223963678203,True
pub_consensus_with_margin,0.3,120,0,2.4301913795038725,2.1799134286628603,2.3426328502415457,1.4231564438318403,1.4292479108635097,1.510948905109489,2.346410076599418,2.072030651340996,2.2479594708696875,79.4074361511379,223.1886411551124,115.47465598105991,"diagnostic grid, not an unbiased selected estimate",2.1799134286628603,True
pub_blend_logit_extra,0.3,0,0,2.39255378569394,2.178130511463845,2.3792932031814895,1.435699517574087,1.5832869080779945,1.345985401459854,2.2631081656552756,2.1026722925457104,2.2854949722385696,80.58790768319172,197.04430750374354,124.72460935377991,"diagnostic grid, not an unbiased selected estimate",2.178130511463845,True
pub_logit_next_and_known,0.35,250,3,2.3050040843714443,2.1773755268844814,2.1922468354430378,1.0951068228807719,1.1250696378830085,1.037956204379562,2.2735346045197735,2.1168582375478926,2.079744816586922,67.24090077410781,182.24833210932934,103.01522122740401,"diagnostic grid, not an unbiased selected estimate",2.1773755268844814,True
pub_blend_logit_extra,0.3,500,0,2.395897377342913,2.1765110835742805,2.3469137396694215,1.4549965541006205,1.5735376044568246,1.4131386861313868,2.266786045552922,2.099378881987578,2.239725187093608,79.46944746438062,201.88113501573454,120.66003268092054,"diagnostic grid, not an unbiased selected estimate",2.1765110835742805,True
pub_logit_published_next,0.3,120,0,2.2657755615123163,2.176422173807795,2.278494623655914,1.4588559614059269,1.4916434540389973,1.583941605839416,2.179874476987448,2.1026722925457104,2.2154315565623413,72.8265294675962,205.89489569588355,108.0729145384741,"diagnostic grid, not an unbiased selected estimate",2.176422173807795,True
known_margin,0.25,120,0,2.5063245033112582,2.1753864100320794,2.307326937547028,1.206064782908339,1.2381615598885793,1.2934306569343066,2.4293704474505726,2.0934131736526944,2.1801870378425403,85.58518554731589,248.0849147709274,120.33113012148334,"diagnostic grid, not an unbiased selected estimate",2.1753864100320794,True
pub_hist_7y,0.3,120,0,2.3511799750298557,2.1751137102014293,2.2076292246520874,1.4125430737422469,1.407799442896936,1.4686131386861314,2.2846382168458783,2.0861486486486487,2.13569651109644,72.25619381389646,204.11642247238873,103.79793703137679,"diagnostic grid, not an unbiased selected estimate",2.1751137102014293,True
pub_blend_logit_extra,0.3,250,0,2.4178001125691644,2.174813561446387,2.3472222222222223,1.4077188146106134,1.536490250696379,1.4277372262773722,2.337916894477857,2.12265625,2.27029735213808,80.07970780706654,204.29056494645238,119.60169908525609,"diagnostic grid, not an unbiased selected estimate",2.174813561446387,True
pub_xgb_7y,0.3,250,0,2.381199680165171,2.1719250114311843,2.2545820486467965,1.3864920744314266,1.3688022284122563,1.4204379562043796,2.2883272364482874,2.1099618943930323,2.177232854864434,73.14024540789725,200.11920178854103,108.39454651443634,"diagnostic grid, not an unbiased selected estimate",2.1719250114311843,True
pub_consensus_models,0.35,250,3,2.3068124704351938,2.191037951531779,2.1718092566619913,1.0806340454858718,1.052924791086351,1.040875912408759,2.247271386430678,2.099269080401156,2.0512551615651833,68.00916129513254,197.98790608191385,101.67745721794925,"diagnostic grid, not an unbiased selected estimate",2.1718092566619913,True
pub_blend_logit_margin,0.3,0,0,2.3914265800291266,2.1716447630426123,2.382731288981289,1.4347346657477602,1.5715877437325905,1.4043795620437958,2.2989516129032257,2.099378881987578,2.2373012420859313,79.67016892938128,194.53636628241355,123.39261303669491,"diagnostic grid, not an unbiased selected estimate",2.1716447630426123,True
pub_extra_7y,0.3,0,0,2.3967109419524717,2.171364514654041,2.4021131279794643,1.4463128876636804,1.632033426183844,1.327007299270073,2.2954816987075053,2.0835016835016833,2.3438393964709756,81.94228103993744,215.9830989215855,126.93414018737018,"diagnostic grid, not an unbiased selected estimate",2.171364514654041,True
pub_logit_known_summary,0.35,250,3,2.299244188051876,2.170843085960806,2.2700659390632105,1.1115093039283253,1.049025069637883,1.07007299270073,2.266250562303194,2.1059190031152646,2.2469970221166395,67.58799779729117,207.14059244191873,104.79234231355251,"diagnostic grid, not an unbiased selected estimate",2.170843085960806,True
pub_consensus_models,0.3,120,0,2.3972391265437625,2.1703939823247653,2.318869047619047,1.4279807029634735,1.4272980501392758,1.532846715328467,2.316627615518745,2.090379241516966,2.273021564818965,76.38206153896513,212.68430434866488,112.99587751901757,"diagnostic grid, not an unbiased selected estimate",2.1703939823247653,True
pub_logit_published_next,0.35,250,3,2.237606624900901,2.168332692554146,2.1826945616502575,1.0719503790489318,1.1270194986072424,1.037956204379562,2.1949026392018025,2.091059260788767,2.031002002521694,64.58016998892471,188.17624714094882,102.36398300831968,"diagnostic grid, not an unbiased selected estimate",2.168332692554146,True
pub_consensus_with_margin,0.3,500,0,2.43682953168389,2.1665652167127094,2.3592840013703325,1.4289455547898002,1.5423398328690807,1.4204379562043796,2.3338948429541597,2.0712788259958073,2.276047261009667,81.01027556886136,213.14388664807714,120.93521919958451,"diagnostic grid, not an unbiased selected estimate",2.1665652167127094,True
pub_consensus_with_margin,0.3,250,0,2.4401058509523854,2.1636866751809283,2.3393518518518515,1.4028945554789802,1.4701949860724235,1.4452554744525548,2.378225806451613,2.066225165562914,2.264493721613679,80.75398203393586,219.19470471744836,119.31585810225918,"diagnostic grid, not an unbiased selected estimate",2.1636866751809283,True
pub_logit_expand,0.35,250,3,2.252131136202514,2.181155692729767,2.162709497206704,1.1086147484493454,1.1231197771587744,1.0452554744525546,2.1935843793584375,2.1420607061738592,2.037301044819842,65.72001341211782,177.16943195186585,103.10875484788995,"diagnostic grid, not an unbiased selected estimate",2.162709497206704,True
pub_blend_logit_margin,0.35,250,3,2.298000922049153,2.158432635534085,2.181706621004566,1.1018607856650586,1.1211699164345403,1.0656934306569343,2.2134929078014185,2.0944444444444446,2.079744816586922,67.109638215728,185.67527135050148,102.46263305192724,"diagnostic grid, not an unbiased selected estimate",2.158432635534085,True
pub_logit_published_next,0.35,250,0,2.1984897087597832,2.156635802469136,2.2201281500572736,1.6981392143349414,1.7782729805013928,1.6992700729927008,2.1532611370908197,2.0899505337151782,2.142709224328096,67.37107057245825,187.75220025563283,105.06572760367371,"diagnostic grid, not an unbiased selected estimate",2.156635802469136,True
pub_consensus_with_margin,0.3,0,0,2.456841867558747,2.1565976623010847,2.3836137820512815,1.4077188146106134,1.538440111420613,1.3664233576642335,2.3703247240381526,2.047819971870605,2.2866304266138933,83.42479083211552,211.3354163653206,123.90963044559719,"diagnostic grid, not an unbiased selected estimate",2.1565976623010847,True
pub_xgb_7y,0.3,0,0,2.4197804050866965,2.1553692056836713,2.3053609913793105,1.3546519641626467,1.3434540389972147,1.3547445255474453,2.319896968389255,2.0623260521211098,2.2117921065289488,75.88375378551089,193.26366500458082,114.27205475506264,"diagnostic grid, not an unbiased selected estimate",2.1553692056836713,True
pub_logit_next_and_known,0.35,250,0,2.290115111100927,2.152702996682439,2.245056187974314,1.6730530668504482,1.770473537604457,1.667153284671533,2.241270996301013,2.0899505337151782,2.1906645401382243,71.63246534668939,183.00617906607278,106.70332311651127,"diagnostic grid, not an unbiased selected estimate",2.152702996682439,True
pub_consensus_with_margin,0.35,250,3,2.304880143018177,2.151240011322316,2.183709490740741,1.0883528600964851,1.1055710306406685,1.051094890510949,2.2501408649105508,2.0861486486486487,2.093989644097791,67.47897747822725,190.7859658066645,101.92474574606943,"diagnostic grid, not an unbiased selected estimate",2.151240011322316,True
pub_logit_expand,0.35,250,0,2.2596155672833245,2.1511149392286346,2.2341008771929824,1.6817367332873883,1.760724233983287,1.6642335766423357,2.2156691736136285,2.1106327884771,2.162934609250399,70.40840004860726,178.77610624919103,107.22608369740743,"diagnostic grid, not an unbiased selected estimate",2.1511149392286346,True
pub_extra_7y,0.35,250,3,2.2993934217890124,2.149924504840572,2.198173681664248,1.0960716747070984,1.0841225626740947,1.0058394160583943,2.214914163090129,2.037698412698413,2.0851832342538943,68.63872105387216,196.20721388837725,105.23482638352746,"diagnostic grid, not an unbiased selected estimate",2.149924504840572,True
pub_blend_logit_extra,0.35,250,3,2.308588849665957,2.1468508788999157,2.1714201877934274,1.0951068228807719,1.1133704735376044,1.0364963503649636,2.2494279176201375,2.049382716049383,2.1018697614442297,68.54777225369145,187.5382314539678,104.13986578406502,"diagnostic grid, not an unbiased selected estimate",2.1468508788999157,True
pub_xgb_7y,0.3,500,0,2.387974173539728,2.143499147683248,2.2721340617412418,1.4154376292212267,1.398050139275766,1.402919708029197,2.2797807294960997,2.0721476510067114,2.2049650542348256,73.40112894835785,193.09313372456708,110.54901149598706,"diagnostic grid, not an unbiased selected estimate",2.143499147683248,True
pub_hist_7y,0.35,250,3,2.246682095574552,2.1494708994708995,2.143232819074334,1.0815988973121984,1.0373259052924793,1.040875912408759,2.1284024745269283,2.0432885715904585,2.0021934634788328,64.36881981995899,196.7725096430264,96.88571305831516,"diagnostic grid, not an unbiased selected estimate",2.143232819074334,True
pub_logit_published_next,0.35,500,0,2.1742716858497935,2.142352119044683,2.214799461451247,1.7676085458304618,1.756824512534819,1.7167883211678832,2.136459786145979,2.0428755748172165,2.1729470316388197,65.89940188399795,185.8387997797834,105.26010291117312,"diagnostic grid, not an unbiased selected estimate",2.142352119044683,True
pub_hist_7y,0.35,0,0,2.251710286763712,2.140746626642535,2.1950615840349235,1.6074431426602342,1.635933147632312,1.5605839416058396,2.1722024785857483,2.04530367835757,2.1412151067323477,68.46138004850833,199.0366612952514,103.92679325085903,"diagnostic grid, not an unbiased selected estimate",2.140746626642535,True
pub_logit_expand,0.35,120,0,2.270686182407225,2.13843678357327,2.1912208504801094,1.652791178497588,1.6905292479108636,1.7737226277372262,2.2258429731725324,2.1059248554913292,2.147562582345191,70.82216286000894,183.23776315477403,102.46540203046922,"diagnostic grid, not an unbiased selected estimate",2.13843678357327,True
pub_logit_known_summary,0.35,250,0,2.294507908108768,2.1362526430666393,2.211439904521202,1.6749827705031013,1.7646239554317549,1.7328467153284672,2.2607886646788247,2.047619047619048,2.169951590594744,71.11959631500252,206.54530838219551,105.16105991140813,"diagnostic grid, not an unbiased selected estimate",2.1362526430666393,True
pub_consensus_models,0.35,250,0,2.317070603624173,2.135989524878414,2.23657655644921,1.6315644383184011,1.6729805013927577,1.6335766423357665,2.2537525524521453,2.0594429469901168,2.171363530974011,73.01308863731512,196.42169890066265,107.65225375289725,"diagnostic grid, not an unbiased selected estimate",2.135989524878414,True
pub_logit_known_summary,0.35,500,0,2.296851634266183,2.1329015718815354,2.2176870748299318,1.6749827705031013,1.7841225626740946,1.7167883211678832,2.2767669531996177,2.0410628019323673,2.185023907103825,71.3044542493023,204.52070547787713,106.42359813109543,"diagnostic grid, not an unbiased selected estimate",2.1329015718815354,True
pub_logit_expand,0.35,500,0,2.260647648634571,2.130573076715726,2.2599448315911728,1.717436250861475,1.7860724233983287,1.675912408759124,2.2417702273929137,2.096774193548387,2.1988491452901378,69.37224392377297,176.1514278943634,108.03104294070405,"diagnostic grid, not an unbiased selected estimate",2.130573076715726,True
pub_extra_7y,0.35,120,0,2.298985758897324,2.1296721032959565,2.2217569616763164,1.6614748449345278,1.7002785515320336,1.7649635036496352,2.229823304680038,2.072818581293158,2.125868189535422,72.77916434067907,206.372092479597,104.31570368311029,"diagnostic grid, not an unbiased selected estimate",2.1296721032959565,True
pub_xgb_7y,0.35,250,3,2.2431906757311144,2.129360226766931,2.1873850574712645,1.0902825637491387,1.0275766016713093,1.0583941605839415,2.196341293115487,2.035978835978836,2.03185595567867,64.48123130453313,190.8740526280035,96.66501407705235,"diagnostic grid, not an unbiased selected estimate",2.129360226766931,True
pub_hist_7y,0.35,500,0,2.24505103484087,2.128476302389346,2.178166818734793,1.6489317711922813,1.6593314763231197,1.5999999999999999,2.193401141718014,2.053422974047568,2.135851238076886,67.72441625872199,196.70605338852087,101.57258044300865,"diagnostic grid, not an unbiased selected estimate",2.128476302389346,True
pub_logit_next_and_known,0.35,120,0,2.2930583202541825,2.128215020576132,2.236624446290144,1.6691936595451413,1.6846796657381617,1.7576642335766424,2.2390136416528437,2.053422974047568,2.185023907103825,71.18005963502199,186.91238200226218,104.80397010992539,"diagnostic grid, not an unbiased selected estimate",2.128215020576132,True
pub_logit_published_next,0.35,120,0,2.207115762048504,2.128215020576132,2.183824525745257,1.6701585113714679,1.6846796657381617,1.7956204379562044,2.1790384818381208,2.0723299164383095,2.124041237113402,68.05808489545264,192.0055372213683,100.86618951177918,"diagnostic grid, not an unbiased selected estimate",2.128215020576132,True
pub_logit_next_and_known,0.35,0,0,2.2764573831908357,2.1264542443404233,2.2919536271809,1.7106822880771884,1.758774373259053,1.5897810218978103,2.23816029143898,2.0417209060140586,2.2139219015280136,70.64059373933051,176.09534106707017,112.4014692751847,"diagnostic grid, not an unbiased selected estimate",2.1264542443404233,True
pub_hist_7y,0.35,250,0,2.2440567033363674,2.126208449212025,2.1445758258258256,1.6286698828394213,1.635933147632312,1.6204379562043796,2.2123030757689426,2.052785265049416,2.08276462901118,66.85689582307474,198.26261606579342,100.1098493749307,"diagnostic grid, not an unbiased selected estimate",2.126208449212025,True
pub_logit_next_and_known,0.35,500,0,2.2596389493895273,2.125628342783609,2.2560349812084417,1.7338387319090283,1.7958217270194985,1.6832116788321168,2.220952607454813,2.0626638614662567,2.1988491452901378,69.9326776337433,178.34482686950187,107.18774376016,"diagnostic grid, not an unbiased selected estimate",2.125628342783609,True
known_margin,0.25,500,0,2.5056076672104406,2.121880369130489,2.3019264194669753,1.182908339076499,1.3590529247910865,1.2598540145985402,2.3947412634408605,2.0575539568345325,2.197912135711179,90.8974466787707,230.1448157052302,121.2277243843198,"diagnostic grid, not an unbiased selected estimate",2.121880369130489,True
pub_consensus_models,0.35,0,0,2.321856970228293,2.1211602432947796,2.283074387947269,1.6180565127498276,1.7295264623955433,1.5503649635036496,2.2521077712609974,2.037791084497671,2.2200066763102257,74.02693729245627,190.70681445440934,111.77364905876317,"diagnostic grid, not an unbiased selected estimate",2.1211602432947796,True
pub_logit_published_next,0.35,0,0,2.1847977245150068,2.1184824929680897,2.2648941681468324,1.7483115093039283,1.737325905292479,1.643795620437956,2.1322199438168954,2.030684576792361,2.202082746974388,66.9869934575944,182.28483193420027,109.88823528125778,"diagnostic grid, not an unbiased selected estimate",2.1184824929680897,True
known_margin,0.3,120,0,2.3938441309796574,2.117964356565508,2.2831287378029583,1.4250861474844934,1.4682451253481894,1.5459854014598542,2.356800348735833,2.074571215510813,2.236706689536878,77.40900971967903,219.33358100058385,111.10788421811796,"diagnostic grid, not an unbiased selected estimate",2.117964356565508,True
pub_logit_known_summary,0.35,0,0,2.2795979349305435,2.1158322870893493,2.2472426470588234,1.6807718814610613,1.8406685236768803,1.6875912408759124,2.2662824207492798,2.0637499999999998,2.1778170743687983,71.19490258915873,197.85513833359653,108.81191178171596,"diagnostic grid, not an unbiased selected estimate",2.1158322870893493,True
pub_logit_expand,0.35,0,0,2.286470172200559,2.113927974553884,2.2722350230414747,1.6894555478980013,1.7860724233983287,1.583941605839416,2.258983286908078,2.059218579415754,2.1574922863658723,70.6616795155684,171.0533010950814,112.42717888904666,"diagnostic grid, not an unbiased selected estimate",2.113927974553884,True
pub_extra_7y,0.35,250,0,2.287911507822248,2.112905619645146,2.2282290729072907,1.664369400413508,1.7841225626740946,1.621897810218978,2.212691570881226,2.0253623188405796,2.18796683192968,72.77462963050313,199.71121529542302,108.38483050013717,"diagnostic grid, not an unbiased selected estimate",2.112905619645146,True
pub_consensus_models,0.35,500,0,2.305049909378115,2.1126889221059626,2.249739583333333,1.6605099931082012,1.739275766016713,1.635036496350365,2.2536520737327193,2.0528778508556655,2.200444292549556,72.68262459968291,189.61172924065926,108.1966649450704,"diagnostic grid, not an unbiased selected estimate",2.1126889221059626,True
pub_consensus_models,0.35,120,0,2.3101590017880027,2.111952861952862,2.201262730525736,1.6653342522398347,1.63008356545961,1.7678832116788321,2.2607886646788247,2.0412508316699935,2.163445886723152,72.2423728456258,195.38063061926127,102.72630683086012,"diagnostic grid, not an unbiased selected estimate",2.111952861952862,True
pub_consensus_with_margin,0.35,250,0,2.3202120523597562,2.1105915808758184,2.235194493006993,1.6479669193659547,1.760724233983287,1.67007299270073,2.263486842105263,2.0124843945068664,2.1607738354149837,72.7338184767835,196.33996604651372,106.92705320005872,"diagnostic grid, not an unbiased selected estimate",2.1105915808758184,True
pub_xgb_7y,0.3,120,0,2.3933580054538375,2.1098205036765334,2.2274813190383362,1.4106133700895933,1.417548746518106,1.4978102189781022,2.3323869870528857,1.9965833333333332,2.1674554879423034,73.51397539260526,194.36788704818943,104.67051561610396,"diagnostic grid, not an unbiased selected estimate",2.1098205036765334,True
pub_blend_logit_margin,0.35,120,0,2.289389975479312,2.1097676523411537,2.2018772144998633,1.6547208821502413,1.7022284122562674,1.7854014598540147,2.241270996301013,2.0353535353535355,2.1733333333333333,71.79398121563938,190.42282210391926,102.81074973756306,"diagnostic grid, not an unbiased selected estimate",2.1097676523411537,True
known_margin,0.25,250,0,2.5092508930996305,2.1086640540192456,2.3061551925320884,1.2234321157822192,1.3083565459610027,1.251094890510949,2.4036954268687656,2.0604575163398695,2.1781942753602674,88.908462898522,234.1640420908615,122.20748308273743,"diagnostic grid, not an unbiased selected estimate",2.1086640540192456,True
known_margin,0.25,0,0,2.512427566225166,2.1081081081081083,2.30315490430622,1.1578221915920055,1.3707520891364902,1.2204379562043794,2.4283596837944663,2.024330900243309,2.1819288104654704,93.06221276609585,228.37458294190537,122.90882288843794,"diagnostic grid, not an unbiased selected estimate",2.1081081081081083,True
pub_blend_logit_margin,0.35,250,0,2.300631046080233,2.1067242526721808,2.2388202725724016,1.658580289455548,1.772423398328691,1.7138686131386862,2.240847232404692,2.0083184789067143,2.1837320574162677,72.27464792919754,188.07658777903345,106.9417524623104,"diagnostic grid, not an unbiased selected estimate",2.1067242526721808,True
known_margin,0.22,250,0,2.5982242477685,2.105898491083676,2.3492339065255727,1.0651964162646452,1.1406685236768803,1.1036496350364962,2.4589680406212664,2.0712788259958073,2.1960463359355327,94.90414322327398,254.07912037756262,128.4769711037279,"diagnostic grid, not an unbiased selected estimate",2.105898491083676,True
pub_logit_next_and_known,0.4,250,3,2.1667487911279304,2.106224279835391,2.10567556120288,1.215713301171606,1.2167130919220055,1.1489051094890512,2.127913411458333,2.075204918032787,1.988755980861244,60.41649861591605,168.66500385095546,93.95022616474526,"diagnostic grid, not an unbiased selected estimate",2.10567556120288,True
pub_blend_logit_extra,0.35,250,0,2.3004214764226147,2.1039409132567797,2.247903795233892,1.6672639558924882,1.7860724233983287,1.654014598540146,2.2411296328120525,2.0144144144144143,2.194774950247703,72.68245341550451,186.7850235784725,108.79613577594938,"diagnostic grid, not an unbiased selected estimate",2.1039409132567797,True
known_margin,0.35,250,3,2.301096564858982,2.0998418347172794,2.2187356717102245,1.103790489317712,1.0958217270194988,1.0613138686131387,2.24211566091954,2.022222222222222,2.1510435343900167,68.17696291164712,185.39035899368034,102.46447471121276,"diagnostic grid, not an unbiased selected estimate",2.0998418347172794,True
known_margin,0.22,500,0,2.55812462933676,2.0995749848208867,2.332946507515473,1.0343211578221916,1.1894150417827298,1.1007299270072994,2.434850230414747,2.0532598714416896,2.187783508357671,96.7902140225246,246.03085573129528,128.15016209432395,"diagnostic grid, not an unbiased selected estimate",2.0995749848208867,True
pub_blend_logit_extra,0.4,250,3,2.2014268803787953,2.0992487865788574,2.101144629867351,1.1983459682977258,1.1952646239554316,1.1372262773722628,2.129183201058201,2.033777777777778,1.9925297113752123,62.52683866655863,177.67470202591878,94.19844531612708,"diagnostic grid, not an unbiased selected estimate",2.0992487865788574,True
pub_blend_logit_extra,0.35,500,0,2.2989952371012734,2.0980795610425242,2.2638888888888884,1.6836664369400414,1.8250696378830082,1.6554744525547447,2.244139293989369,2.0329218106995888,2.2165701334676404,72.57621475748759,185.18829095156838,110.44315501026271,"diagnostic grid, not an unbiased selected estimate",2.0980795610425242,True
pub_extra_7y,0.35,0,0,2.2984634599744393,2.0980257116620753,2.2469150265542015,1.6498966230186078,1.8874651810584957,1.5576642335766424,2.237394860892874,1.9943598420755781,2.2243216291397676,75.25369679441252,191.44986273768797,111.0057619679298,"diagnostic grid, not an unbiased selected estimate",2.0980257116620753,True
pub_xgb_7y,0.35,0,0,2.261467493039279,2.0975945933929125,2.2288058340929804,1.6248104755341146,1.6242339832869082,1.6014598540145986,2.200800117448433,2.0081300813008127,2.171363530974011,67.99984650835133,187.8117532946935,105.36835248833106,"diagnostic grid, not an unbiased selected estimate",2.0975945933929125,True
pub_extra_7y,0.35,500,0,2.292329749172665,2.0944611974535428,2.235386690647482,1.6662991040661612,1.867966573816156,1.6233576642335767,2.212691570881226,2.005757052389177,2.200444292549556,73.77110971006479,191.85726085833076,108.50902479525605,"diagnostic grid, not an unbiased selected estimate",2.0944611974535428,True
pub_hist_7y,0.35,120,0,2.2400488076760814,2.0925704147261035,2.1280555555555556,1.6508614748449346,1.628133704735376,1.7518248175182483,2.1848198430429053,2.0461538461538464,2.0929077584640545,66.70972991599979,191.41172203866222,95.44943461875188,"diagnostic grid, not an unbiased selected estimate",2.0925704147261035,True
pub_logit_known_summary,0.4,250,3,2.1747102320769285,2.092314351078959,2.149155335805521,1.2166781529979325,1.167966573816156,1.1810218978102192,2.1234158986175116,2.0237394957983192,2.0824742268041234,60.29388835209217,185.63369453799325,94.27157395417787,"diagnostic grid, not an unbiased selected estimate",2.092314351078959,True
known_margin,0.3,500,0,2.4277377337089754,2.090241034685479,2.267218137254902,1.3971054445210203,1.5559888579387187,1.489051094890511,2.314473832618994,2.012903225806452,2.2261346216379434,81.67924643429195,212.44080472322554,114.20866469770772,"diagnostic grid, not an unbiased selected estimate",2.090241034685479,True
pub_blend_logit_extra,0.35,0,0,2.324976348155156,2.0887949260042284,2.2913171792482134,1.6412129565816678,1.844568245125348,1.5664233576642335,2.233075874602454,2.033910393568048,2.234725800515274,74.57230025103333,181.14260484780647,114.06613230303766,"diagnostic grid, not an unbiased selected estimate",2.0887949260042284,True
pub_consensus_with_margin,0.35,500,0,2.314548936871474,2.0876290714826777,2.258875848833776,1.6672639558924882,1.8114206128133705,1.6481751824817519,2.2491570327552983,2.004857316332726,2.189205070091497,73.07033013344619,191.488424414495,109.0293897584378,"diagnostic grid, not an unbiased selected estimate",2.0876290714826777,True
known_margin,0.3,250,0,2.403743070230506,2.086010851615947,2.2649975514201763,1.4453480358373536,1.5306406685236769,1.4905109489051094,2.340347352196411,2.012903225806452,2.2109908487016305,79.27789826975886,212.71895764230803,113.55746210897654,"diagnostic grid, not an unbiased selected estimate",2.086010851615947,True
pub_consensus_models,0.4,250,3,2.1778975524081146,2.0832416574990833,2.0933808016877635,1.1896623018607857,1.181615598885794,1.1532846715328466,2.096292650918635,2.020759830239812,1.9744412815698629,61.92865638207811,178.32337708536923,91.8430101580937,"diagnostic grid, not an unbiased selected estimate",2.0832416574990833,True
known_margin,0.22,0,0,2.559103639289472,2.082748325667716,2.3372701149425286,1.0323914541695383,1.1933147632311978,1.0583941605839415,2.449273432744979,2.0019493177387915,2.1774509489097973,97.90515111516487,245.01014734031762,130.69032062366867,"diagnostic grid, not an unbiased selected estimate",2.082748325667716,True
pub_consensus_with_margin,0.35,120,0,2.328691446910198,2.082678638234194,2.218425546448087,1.6605099931082012,1.6729805013927577,1.781021897810219,2.2809395095098806,2.0221929023309313,2.177167338709677,73.00869175351453,196.92702479919285,103.3407503711158,"diagnostic grid, not an unbiased selected estimate",2.082678638234194,True
pub_extra_7y,0.4,250,3,2.215075265683274,2.081644730129579,2.1229407359863073,1.1838731909028257,1.1796657381615598,1.1372262773722628,2.172284075573549,1.965391621129326,2.0397497239602504,63.728585728931954,177.2999751497579,95.4092148673986,"diagnostic grid, not an unbiased selected estimate",2.081644730129579,True
known_next_trend,0.22,120,0,2.1151781865612738,2.0814135236153586,2.134265423879272,1.1414197105444521,1.0626740947075208,1.0963503649635036,1.9331207033315707,1.7748502994011974,2.053418932832657,65.41733362740526,167.6592386822058,88.18847447915128,"diagnostic grid, not an unbiased selected estimate",2.0814135236153586,True
pub_logit_next_and_known,0.4,250,0,2.1759543288442598,2.080614991009256,2.159574130489972,1.9268090971743626,1.994707520891365,1.9167883211678833,2.14098186955498,2.0339454976303317,2.124252974140339,64.70945445897937,169.5785824195265,97.0938497273318,"diagnostic grid, not an unbiased selected estimate",2.080614991009256,True
pub_logit_known_summary,0.35,120,0,2.2914365854870207,2.0805502645502645,2.2014174903898955,1.6720882150241214,1.7061281337047354,1.7722627737226277,2.2366850025216687,1.9861111111111112,2.1830357142857144,70.75992069685063,204.20775729727103,103.8669186946427,"diagnostic grid, not an unbiased selected estimate",2.0805502645502645,True
known_next_trend,0.25,120,0,2.108302218261346,2.0797856680209623,2.1050909272581935,1.2475534114403861,1.2264623955431755,1.2175182481751825,1.9595868068140632,1.9109745111546816,2.0090015233347183,64.11447137279477,158.90366014842365,88.1935834533581,"diagnostic grid, not an unbiased selected estimate",2.0797856680209623,True
pub_consensus_with_margin,0.35,0,0,2.3332404820940966,2.079124579124579,2.2776930894308944,1.6286698828394213,1.844568245125348,1.5562043795620437,2.261713302965511,1.9939613526570048,2.201225238116532,74.89165212573249,189.37754477305958,112.69704816967473,"diagnostic grid, not an unbiased selected estimate",2.079124579124579,True
pub_blend_logit_margin,0.4,250,3,2.1678079470198677,2.078241723676968,2.126200384122919,1.206064782908339,1.2245125348189414,1.1401459854014597,2.121347941567065,2.041322314049587,1.9941856943855611,60.83281506275367,172.21746556736588,94.98819409848288,"diagnostic grid, not an unbiased selected estimate",2.078241723676968,True
pub_logit_expand,0.4,250,3,2.145319084888621,2.077812828601472,2.1013606522659884,1.2205375603032391,1.2362116991643455,1.1489051094890512,2.0796673126614986,2.0501,1.9620234118744546,59.84722510615204,166.63598120876264,92.69194554465919,"diagnostic grid, not an unbiased selected estimate",2.077812828601472,True
pub_consensus_with_margin,0.4,250,3,2.192107142475045,2.0759641291671693,2.0943845177664975,1.1944865609924191,1.1972144846796657,1.1503649635036497,2.1124179790026245,1.996386630532972,1.954696868754164,62.07101953391437,175.36050483445655,92.52895314733524,"diagnostic grid, not an unbiased selected estimate",2.0759641291671693,True
pub_blend_logit_margin,0.35,500,0,2.287776726584674,2.075139036800379,2.253228453196347,1.6884906960716748,1.8309192200557105,1.705109489051095,2.218087392550143,1.9861111111111112,2.179645222623848,71.50470929476978,182.4690721488708,108.17055606035618,"diagnostic grid, not an unbiased selected estimate",2.075139036800379,True
pub_blend_logit_margin,0.35,0,0,2.313765912811918,2.0750045870357265,2.261856672651107,1.6508614748449346,1.8367688022284123,1.626277372262774,2.2244612068965517,1.9943598420755781,2.1500064657959395,73.61234952099193,179.77644620749774,111.21469652817221,"diagnostic grid, not an unbiased selected estimate",2.0750045870357265,True
pub_logit_published_next,0.4,250,3,2.1573463132493615,2.0745406824146984,2.160984848484848,1.1809786354238456,1.2381615598885793,1.1401459854014597,2.0804232804232803,2.0114970059880237,2.0405043483494327,60.400136624642734,172.52630080451954,97.47073666275848,"diagnostic grid, not an unbiased selected estimate",2.0745406824146984,True
pub_blend_logit_extra,0.35,120,0,2.297041629438179,2.07386097259515,2.226592531576057,1.6662991040661612,1.6944289693593315,1.7722627737226277,2.244630417395941,2.0490956072351425,2.1869166666666664,72.5341892560309,186.37548740008677,104.39610062680015,"diagnostic grid, not an unbiased selected estimate",2.07386097259515,True
pub_xgb_7y,0.35,250,0,2.2617303919072924,2.0712788259958073,2.1845238095238093,1.6315644383184011,1.653481894150418,1.6656934306569342,2.1829125759700796,1.965811965811966,2.1330716067558173,66.33083740419605,185.37119955859933,101.15623130447337,"diagnostic grid, not an unbiased selected estimate",2.0712788259958073,True
known_margin,0.3,0,0,2.385794725239973,2.069358604587282,2.2593791500664007,1.37394900068918,1.5774373259052927,1.4656934306569345,2.305136124456646,1.9972565157750342,2.1985873775347464,82.38695325820531,208.40359690047578,113.16075586472434,"diagnostic grid, not an unbiased selected estimate",2.069358604587282,True
known_next_trend,0.25,500,0,2.0698454823160786,2.0620467650076058,2.113490675990676,1.38263266712612,1.3610027855153204,1.0437956204379562,1.909524370143631,1.9399837793998378,1.946559187938498,64.91388816610518,164.33496035292168,89.9372560678458,"diagnostic grid, not an unbiased selected estimate",2.0620467650076058,True
pub_xgb_7y,0.35,500,0,2.2435819117946982,2.0612552157267605,2.185823754789272,1.6605099931082012,1.6788300835654595,1.6510948905109488,2.1945963185711683,1.9819121447028425,2.120259326000953,66.08379454422261,183.58102018993088,101.96856718145463,"diagnostic grid, not an unbiased selected estimate",2.0612552157267605,True
pub_xgb_7y,0.4,250,3,2.144009765947585,2.058984910836763,2.115437158469945,1.1993108201240523,1.1406685236768803,1.1576642335766423,2.064041994750656,2.007532956685499,1.9622206569763718,58.70474103297064,174.7211849098247,91.00927528062225,"diagnostic grid, not an unbiased selected estimate",2.058984910836763,True
known_margin,0.4,250,3,2.1978876088669326,2.0578350681836524,2.1347697507393324,1.200275671950379,1.1933147632311978,1.1518248175182482,2.1626,2.019873532068654,2.0397497239602504,61.455861820943774,172.12970806667866,94.83279933860207,"diagnostic grid, not an unbiased selected estimate",2.0578350681836524,True
known_margin,0.35,120,0,2.2977620296290624,2.055248697637908,2.1715606307775963,1.6691936595451413,1.6866295264623956,1.78978102189781,2.2626598465473147,1.97489014438167,2.135147854733705,71.60319595317952,197.8041094107904,100.86710636141412,"diagnostic grid, not an unbiased selected estimate",2.055248697637908,True
pub_consensus_models,0.4,250,0,2.1791444983604777,2.0550844865347675,2.1253367975365665,1.8843556168159892,1.9674094707520893,1.8963503649635038,2.151159020911007,2.0077777777777777,2.0676532769556024,65.82348109661775,175.8899391355648,95.87389040813069,"diagnostic grid, not an unbiased selected estimate",2.0550844865347675,True
known_margin,0.35,250,0,2.28746582858463,2.0545728837956045,2.1952569029319666,1.6595451412818747,1.739275766016713,1.7094890510948904,2.1836575408261285,1.9757343550447,2.1596931659693164,71.87458600749287,194.21492899179023,104.35348760955556,"diagnostic grid, not an unbiased selected estimate",2.0545728837956045,True
known_next_trend,0.3,120,0,2.053291113322531,2.0725952511506573,2.052731056744818,1.4511371467953136,1.4487465181058496,1.4321167883211678,1.9495770726069142,1.980952380952381,1.9782938499241454,61.20940237945423,160.50646252521693,86.04765106245908,"diagnostic grid, not an unbiased selected estimate",2.052731056744818,True
pub_xgb_7y,0.35,120,0,2.268119236517891,2.0524691358024696,2.167432470064049,1.6373535492763611,1.6222841225626743,1.7474452554744526,2.2055219716345036,2.001338688085676,2.1109312430774474,67.13288023549738,184.13548478703504,97.64500855723978,"diagnostic grid, not an unbiased selected estimate",2.0524691358024696,True
known_next_blend,0.25,120,0,2.078612575329263,2.0520745060897596,2.077691407556001,1.2861474844934528,1.4487465181058496,1.4554744525547445,1.9731751824817518,1.913171449595291,1.9866219143516866,70.45436280161486,178.05172409149793,85.87030546816672,"diagnostic grid, not an unbiased selected estimate",2.0520745060897596,True
pub_logit_known_summary,0.4,250,0,2.182959530918979,2.049780186690756,2.1356805762543467,1.9152308752584426,1.998607242339833,1.9591240875912408,2.140536013400335,1.9671957671957674,2.0955700123915735,63.98995927119067,184.52440550811463,96.60116463745712,"diagnostic grid, not an unbiased selected estimate",2.049780186690756,True
known_next_range,0.2,250,0,2.1056101471799216,2.046065701717043,2.109458151910982,1.1018607856650586,1.3571030640668522,1.0058394160583943,2.009003535130358,1.8989898989898988,2.033501541911971,73.94717945981245,175.83720655900106,88.32114099782987,"diagnostic grid, not an unbiased selected estimate",2.046065701717043,True
known_next_range,0.25,120,0,2.0824587923883997,2.045168327631514,2.0782499999999997,1.264920744314266,1.4565459610027855,1.4598540145985401,1.9872376543209875,1.907044299201162,1.996555023923445,71.03776282014958,175.83283785546942,85.86142143448552,"diagnostic grid, not an unbiased selected estimate",2.045168327631514,True
known_next_trend,0.25,250,0,2.044786890813381,2.0943296237413884,2.092382154882155,1.3170227429359063,1.2264623955431755,1.1562043795620438,1.9140347111492704,1.9816345270890727,1.9878048780487805,62.97933508701699,170.0858234259835,89.27358881219698,"diagnostic grid, not an unbiased selected estimate",2.044786890813381,True
known_next_blend,0.2,250,0,2.0911600094772487,2.0430864197530867,2.1033526290400384,1.1057201929703653,1.3649025069637883,1.008759124087591,1.990822507663115,1.8995433789954337,2.022988505747126,73.20227386590406,174.6425321564045,87.09280287626441,"diagnostic grid, not an unbiased selected estimate",2.0430864197530867,True
pub_hist_7y,0.4,0,0,2.143154282582982,2.0401234567901234,2.0929085891222403,1.9123363197794625,1.9264623955431754,1.8072992700729926,2.091362829716867,1.9555555555555557,2.049283379431732,61.750958222355074,174.97549611238009,94.06137064464623,"diagnostic grid, not an unbiased selected estimate",2.0401234567901234,True
known_margin,0.35,500,0,2.289998827873176,2.039479622992168,2.1993739205526768,1.6354238456237078,1.8133704735376044,1.6905109489051096,2.205448717948718,1.963162623539982,2.150694444444444,72.77300421822048,188.88677507779894,105.49454537244783,"diagnostic grid, not an unbiased selected estimate",2.039479622992168,True
known_next_blend,0.3,120,0,2.0637989064133846,2.031674619404681,2.054647580402765,1.4665747760165404,1.5891364902506964,1.618978102189781,1.98099128540305,1.9537572254335263,1.9813785076942971,66.54862991211488,175.38883702582186,84.63580559149946,"diagnostic grid, not an unbiased selected estimate",2.031674619404681,True
known_next_trend,0.3,250,0,2.068748522685333,2.053009970884367,2.0311854338842976,1.540868366643694,1.4799442896935935,1.4131386861313868,1.9854801829268292,1.9576023391812867,1.9110344827586205,61.269140028207325,158.65692705426824,85.48643332520172,"diagnostic grid, not an unbiased selected estimate",2.0311854338842976,True
known_next_range,0.22,250,0,2.0879781413312677,2.0301596886741815,2.0866502192982455,1.171330117160579,1.4350974930362117,1.1094890510948905,1.9818548387096777,1.8824372759856631,2.000365243434749,72.38040591544967,170.1588793286877,86.7907744823958,"diagnostic grid, not an unbiased selected estimate",2.0301596886741815,True
known_margin,0.35,0,0,2.2736186616585945,2.0297153094208826,2.1883596722270995,1.6161268090971743,1.854317548746518,1.6627737226277373,2.1755316518298713,1.9649158592554818,2.1576207238159477,73.70217603203231,185.56938377087928,105.92890254490983,"diagnostic grid, not an unbiased selected estimate",2.0297153094208826,True
pub_xgb_7y,0.4,0,0,2.1638980071724254,2.02884781909498,2.131455862977602,1.8940041350792558,1.9459610027855152,1.8467153284671534,2.1185344827586206,1.9400871459694988,2.0963827751196176,62.276580044137695,173.8585548613582,95.13497929587466,"diagnostic grid, not an unbiased selected estimate",2.02884781909498,True
known_next_blend,0.4,250,3,2.09766053615092,2.027486190884884,2.0749646393210748,1.1472088215024123,1.0938718662952647,1.032116788321168,2.0126077586206894,1.9091787439613526,1.9127580064960013,58.87273265115799,169.484846840556,89.61260598637764,"diagnostic grid, not an unbiased selected estimate",2.027486190884884,True
known_next_trend,0.3,0,0,2.0863222339130614,2.0233551198257085,2.0515631343889567,1.5485871812543075,1.6573816155988859,1.1985401459854015,1.9753569539925968,1.9431216931216932,1.834530651340996,64.37416942763171,155.2159092601905,87.24280356256901,"diagnostic grid, not an unbiased selected estimate",2.0233551198257085,True
known_next_range,0.3,120,0,2.0876794502356506,2.022895069339788,2.0545706163973665,1.4723638869745004,1.5813370473537605,1.626277372262774,2.0346185064935063,1.9487179487179487,1.9776144907723856,66.76017096838711,172.20857704257395,85.48917212956898,"diagnostic grid, not an unbiased selected estimate",2.022895069339788,True
known_next_blend,0.22,120,0,2.0686026936026938,2.022771701801659,2.0925284292821607,1.1462439696760856,1.3668523676880222,1.3693430656934307,1.9807718579234972,1.8787878787878787,2.0253012350008768,73.90308647384968,180.4331383843284,86.00944927886903,"diagnostic grid, not an unbiased selected estimate",2.022771701801659,True
known_next_range,0.4,250,3,2.109574127664311,2.02199212354529,2.0930594734367656,1.1481736733287389,1.0880222841225626,1.035036496350365,2.0215486409155936,1.9259259259259258,1.9204712812960234,59.48777140975203,164.69129847967304,91.22317332354586,"diagnostic grid, not an unbiased selected estimate",2.02199212354529,True
known_next_blend,0.35,120,0,2.0518817684896025,2.0203020929130786,2.0451866073834544,1.6798070296347347,1.7275766016713092,1.8058394160583942,1.981465093411996,1.9647727272727271,1.9649983372131694,63.01068882139065,178.43961756230362,85.06011923436701,"diagnostic grid, not an unbiased selected estimate",2.0203020929130786,True
pub_logit_current_gate,0.22,120,0,2.1397047954115425,2.0197210197210196,2.1692171717171718,1.0806340454858718,1.050974930362117,1.2043795620437956,2.098470734358019,1.969564240790656,2.02459321823376,64.06670951297446,128.6522297563983,92.0444114319074,"diagnostic grid, not an unbiased selected estimate",2.0197210197210196,True
pub_hist_7y,0.4,250,3,2.141596624209212,2.019255109451188,2.0570504797663745,1.2079944865609924,1.16016713091922,1.1664233576642336,2.0479166666666666,1.9500000000000002,1.94240317775571,57.63407807711511,174.29144004200873,88.11042688452527,"diagnostic grid, not an unbiased selected estimate",2.019255109451188,True
pub_xgb_7y,0.4,500,0,2.1635522090632344,2.018733921691715,2.1277018229166664,1.9142660234321158,1.9557103064066852,1.8686131386861313,2.126481244671782,1.969043670536208,2.0785823707199933,62.16863040950842,171.02963783837566,94.56766013701613,"diagnostic grid, not an unbiased selected estimate",2.018733921691715,True
known_next_trend,0.3,500,0,2.079229767238021,2.0227825497983436,2.0177610333692138,1.5746381805651275,1.5637883008356548,1.356204379562044,1.969311453654553,1.937888198757764,1.9125957854406128,62.95337323448914,156.99861971733083,83.87457741636332,"diagnostic grid, not an unbiased selected estimate",2.0177610333692138,True
known_next_range,0.22,120,0,2.0741080421095277,2.0171516132964182,2.0925284292821607,1.1356305995864922,1.3824512534818942,1.3693430656934307,1.9639856557377047,1.8571428571428574,2.0195416771594057,74.20566962485647,174.2618130506575,86.51557129037471,"diagnostic grid, not an unbiased selected estimate",2.0171516132964182,True
pub_hist_7y,0.4,500,0,2.128621843415595,2.0168194597237505,2.0733018620508785,1.9364576154376292,1.9693593314763231,1.8554744525547444,2.065023247478619,1.9307649357900616,2.029938144329897,60.63571237970475,172.19700321065088,92.94418147200243,"diagnostic grid, not an unbiased selected estimate",2.0168194597237505,True
known_next_blend,0.22,250,0,2.086004577726432,2.0137433030514793,2.091473509933775,1.1780840799448655,1.4467966573816158,1.102189781021898,1.939687714481812,1.8824372759856631,2.0071955787990063,72.11345133588567,168.3451416719946,86.51716854514154,"diagnostic grid, not an unbiased selected estimate",2.0137433030514793,True
known_next_range,0.25,250,0,2.1055491313802746,2.011131349929164,2.1031473747016705,1.2957960027567197,1.5462395543175487,1.2233576642335766,2.002742034313725,1.8964306134117455,2.016079158936302,71.18942013107271,163.00899010104055,88.0892058668597,"diagnostic grid, not an unbiased selected estimate",2.011131349929164,True
known_next_range,0.3,500,0,2.117957906196135,2.009233103159657,2.107622776488786,1.549552033080634,1.8406685236768803,1.2583941605839417,2.056485355648536,1.8962962962962964,2.0164948453608247,69.10107624938499,148.32341811614359,90.01368675028948,"diagnostic grid, not an unbiased selected estimate",2.009233103159657,True
known_next_range,0.3,250,0,2.079792977681232,2.007452403048455,2.127175025588536,1.5119228118538939,1.7119777158774374,1.4262773722627737,2.0282880724174652,1.902551056462441,2.060919540229885,66.9801824486838,154.43320922948718,90.75807324992293,"diagnostic grid, not an unbiased selected estimate",2.007452403048455,True
known_next_range,0.35,120,0,2.0707029982632594,2.007452403048455,2.049067315490673,1.6740179186767747,1.7119777158774374,1.8,1.9876838235294116,1.9259259259259258,1.9649983372131694,63.892380783295025,173.8451317633767,85.22238215680768,"diagnostic grid, not an unbiased selected estimate",2.007452403048455,True
known_margin,0.4,250,0,2.202764539097737,2.0071132330246915,2.124968434343434,1.8997932460372158,1.996657381615599,1.927007299270073,2.1414763113367172,1.9588075880758808,2.079744816586922,65.88177126145636,175.03131119928238,97.3548089335445,"diagnostic grid, not an unbiased selected estimate",2.0071132330246915,True
pub_xgb_7y,0.4,250,0,2.177116010224236,2.006912063889205,2.1006782945736435,1.8698828394210891,1.9050139275766018,1.8832116788321167,2.1411343448510345,1.9405162738496071,2.026956556620803,62.02138349895902,172.58811024176686,93.42899246491332,"diagnostic grid, not an unbiased selected estimate",2.006912063889205,True
known_next_range,0.25,500,0,2.0949520924334224,2.005514306803873,2.1094646799117,1.3604410751206066,1.6632311977715877,1.102189781021898,2.010132226322263,1.8819047619047622,2.007389162561576,70.372989228229,155.01913916436996,92.21586594930744,"diagnostic grid, not an unbiased selected estimate",2.005514306803873,True
known_next_trend,0.35,250,0,2.0578405280537666,2.005263010554016,2.0393455615942027,1.755065472088215,1.7197771587743733,1.6116788321167883,1.9708445340501795,1.937058445728966,1.9293714844705305,60.12029878808494,150.64975231465579,86.84457876396105,"diagnostic grid, not an unbiased selected estimate",2.005263010554016,True
known_next_blend,0.3,500,0,2.1011991763937874,2.0045993706124423,2.104626937984496,1.556305995864921,1.88941504178273,1.2554744525547445,1.982696390658174,1.9115533443891652,1.9894537267448749,68.34070942941484,156.5553132647885,89.22260829723592,"diagnostic grid, not an unbiased selected estimate",2.0045993706124423,True
pub_logit_current_gate,0.25,120,0,2.1279444542437025,2.0011574074074074,2.121450445434298,1.195451412818746,1.1855153203342619,1.310948905109489,2.0901982303312985,1.9251021765991825,1.974721882462578,62.465213290702444,129.95607121232823,89.48608296444121,"diagnostic grid, not an unbiased selected estimate",2.0011574074074074,True
known_next_blend,0.25,250,0,2.0929942291596304,2.0009173741331594,2.0959928229665072,1.3054445210199863,1.548189415041783,1.2204379562043794,1.9804029304029303,1.884195577196186,1.994857273052762,70.3153800376466,165.22129054998464,87.35603969865674,"diagnostic grid, not an unbiased selected estimate",2.0009173741331594,True
pub_hist_7y,0.4,250,0,2.1432819956030005,2.000099662393642,2.05721606824548,1.8920744314266023,1.9323119777158773,1.9109489051094892,2.0875153682798704,1.9111111111111112,2.0035685963521015,60.6724767594879,173.40581724203966,90.76941327230296,"diagnostic grid, not an unbiased selected estimate",2.000099662393642,True
pub_logit_current_gate,0.2,500,0,2.1221681595121256,1.997668831323295,2.3591135232926272,1.0729152308752585,1.0119777158774372,1.075912408759124,2.0190947128185623,1.845679012345679,2.2349496536456472,62.499613585570984,115.14569506191387,110.65436006443483,"diagnostic grid, not an unbiased selected estimate",1.997668831323295,True
known_next_blend,0.2,120,0,2.0601522758902004,1.9961268458000485,2.092075892857143,1.0651964162646452,1.292757660167131,1.308029197080292,1.9495451237263464,1.8164983164983166,2.000624089868941,75.47996046006516,176.8910378201036,85.22854471024064,"diagnostic grid, not an unbiased selected estimate",1.9961268458000485,True
known_next_blend,0.3,250,0,2.070589623038943,1.9951479257034814,2.1267539356605063,1.516747070985527,1.7314763231197772,1.421897810218978,2.014991961414791,1.8778077268643305,2.0524461387396755,66.7047054813042,158.6019026160879,90.39842955032154,"diagnostic grid, not an unbiased selected estimate",1.9951479257034814,True
known_next_range,0.2,120,0,2.0600128273969336,1.9941711016979835,2.113303269447576,1.0709855272226052,1.3298050139275768,1.294890510948905,1.9149350649350647,1.8164983164983166,2.0165481508895295,74.782233601972,175.20696017722696,87.89100918512943,"diagnostic grid, not an unbiased selected estimate",1.9941711016979835,True
known_next_blend,0.35,250,0,2.0742883487536816,1.9938271604938274,2.0826129814983316,1.720330806340455,1.875766016713092,1.6043795620437957,2.0276139873431394,1.916247906197655,1.971833528933827,64.9003267786225,159.34462743480378,90.3788701940203,"diagnostic grid, not an unbiased selected estimate",1.9938271604938274,True
known_next_blend,0.25,500,0,2.0891808745479308,1.990715821550116,2.1127614597240765,1.3604410751206066,1.6905292479108636,1.0934306569343066,2.021150555723303,1.8641509433962264,2.007389162561576,70.00355389942672,158.08409884422267,92.09756013728361,"diagnostic grid, not an unbiased selected estimate",1.990715821550116,True
known_next_range,0.35,250,0,2.079002485772956,1.9867678308368208,2.078829851650015,1.7145416953824948,1.8465181058495823,1.6072992700729927,2.0389085577370096,1.9063733784545966,1.966393795777682,64.8040123557364,150.3023497614905,89.52235501713051,"diagnostic grid, not an unbiased selected estimate",1.9867678308368208,True
known_next_trend,0.35,0,0,2.1008664521379457,1.9796881862099256,2.0449115410052907,1.711647139903515,1.973259052924791,1.4715328467153284,2.010086389118648,1.925835828343313,1.8818901660280971,63.84299147701349,145.72585185085023,89.01255235199928,"diagnostic grid, not an unbiased selected estimate",1.9796881862099256,True
pub_logit_current_gate,0.35,120,0,2.0677826617541895,1.968041327379389,2.067635579293344,1.6441075120606479,1.6495821727019497,1.7766423357664234,2.023633069828722,1.9303338171262698,1.972054187611826,58.78608708580843,143.16869764842494,85.76517448598803,"diagnostic grid, not an unbiased selected estimate",1.968041327379389,True
pub_logit_current_gate,0.22,250,0,2.112668749666503,1.9661206499572397,2.336779250841751,1.077739490006892,1.0977715877437326,1.1562043795620438,1.999884841272888,1.869416906513165,2.2625160029647597,63.38973484088771,111.20897458995091,105.13238964090377,"diagnostic grid, not an unbiased selected estimate",1.9661206499572397,True
pub_logit_current_gate,0.3,500,0,2.024308110538795,1.96168049568133,2.225536463375282,1.5630599586492075,1.5579387186629527,1.508029197080292,1.9783909750542874,1.8873663715513755,2.169852867580823,56.55174945218377,117.72612766282518,98.68200545825205,"diagnostic grid, not an unbiased selected estimate",1.96168049568133,True
known_next_trend,0.35,500,0,2.096949821701477,1.9612345679012348,2.036258379037172,1.7560303239145418,1.8523676880222841,1.597080291970803,2.022387757170366,1.86126623158178,1.8901434238632895,62.27188725334155,147.2204339888783,86.54723184122928,"diagnostic grid, not an unbiased selected estimate",1.9612345679012348,True
pub_logit_current_gate,0.22,500,0,2.084215929749383,1.95392225847033,2.3285714285714283,1.1809786354238456,1.1289693593314762,1.1751824817518248,1.9700784079322107,1.851851851851852,2.2097288676236047,60.961422246795586,108.41868060620693,107.50864241667796,"diagnostic grid, not an unbiased selected estimate",1.95392225847033,True
pub_logit_current_gate,0.25,500,0,2.0624653822998193,1.9528736264744189,2.309011958997722,1.3266712611991731,1.3122562674094707,1.2817518248175181,2.0552568697729985,1.9077497179553933,2.2146475180263394,59.880290144706514,107.4603096487049,104.15283106680528,"diagnostic grid, not an unbiased selected estimate",1.9528736264744189,True
pub_logit_current_gate,0.22,0,0,2.08380041620677,1.9509772780213035,2.3569058154235143,1.1115093039283253,1.1367688022284121,1.154744525547445,2.0471799920483162,1.846994535519126,2.286382232612507,59.778779773637226,108.46459458325623,108.63164613394606,"diagnostic grid, not an unbiased selected estimate",1.9509772780213035,True
pub_logit_current_gate,0.35,0,0,2.0113238785455456,1.94949737354345,2.2013505217925107,1.7898001378359754,1.8055710306406685,1.5854014598540145,1.9614233455271037,1.8943533697632058,2.161657228594937,54.49083672804145,117.52024791244628,97.78624299663899,"diagnostic grid, not an unbiased selected estimate",1.94949737354345,True
pub_logit_current_gate,0.3,0,0,2.0226251638659205,1.9442624442624443,2.2557033402203857,1.506133700895934,1.5871866295264625,1.4131386861313868,1.9944927536231882,1.8664100370687196,2.1387066541705715,56.432233865256684,109.85036356729087,101.0165305139075,"diagnostic grid, not an unbiased selected estimate",1.9442624442624443,True
pub_logit_current_gate,0.35,250,0,2.023039764565485,1.9414291715791898,2.138327078120656,1.734803583735355,1.7763231197771587,1.7503649635036498,2.0037537872037072,1.8867777957598317,2.0499636394746976,55.15842261600004,124.44147566661694,93.5466726722205,"diagnostic grid, not an unbiased selected estimate",1.9414291715791898,True
pub_logit_current_gate,0.25,250,0,2.0922032422083428,1.940094330758968,2.29228430254656,1.221502412129566,1.281058495821727,1.2802919708029197,2.0396289183071543,1.8905228758169936,2.1779646374474457,61.21786677068849,106.30681908066423,103.09629872715155,"diagnostic grid, not an unbiased selected estimate",1.940094330758968,True
pub_logit_current_gate,0.2,0,0,2.1416308978811758,1.9394541412421362,2.3633164414414414,1.006340454858718,1.0178272980501393,1.0802919708029197,2.0880256336405534,1.7757390417940877,2.277815751499962,62.86760829315813,106.46335352679544,112.4938028982355,"diagnostic grid, not an unbiased selected estimate",1.9394541412421362,True
pub_logit_current_gate,0.25,0,0,2.06217981944081,1.9393196553868017,2.291691033138401,1.2697450034458995,1.3551532033426184,1.2481751824817517,2.0308859528811265,1.8881386163842526,2.1944208611279565,59.866612588402575,106.63098466918034,103.25983875501612,"diagnostic grid, not an unbiased selected estimate",1.9393196553868017,True
pub_logit_current_gate,0.3,250,0,2.062222171822553,1.9369803476946335,2.211544637122672,1.4791178497587871,1.528690807799443,1.5153284671532847,2.0220959684303326,1.8911676237353023,2.148988897700238,57.623430523821554,115.72553211172242,98.11366302381825,"diagnostic grid, not an unbiased selected estimate",1.9369803476946335,True
pub_logit_current_gate,0.4,250,3,2.015162282893915,1.9319379096794949,2.0870225694444446,1.2272915230875259,1.1972144846796657,1.1211678832116787,1.9767535392535391,1.8335910918651408,1.9341626794258375,52.38245550661032,140.98992610851556,90.2760495695647,"diagnostic grid, not an unbiased selected estimate",1.9319379096794949,True
known_next_trend,0.4,250,3,2.0751093157469955,1.9312757201646091,2.0795809317963494,1.1558924879393522,1.1114206128133706,1.013138686131387,1.9894047619047617,1.8641509433962264,1.9582998637935252,57.23944754390174,131.7490791396366,90.89549978258451,"diagnostic grid, not an unbiased selected estimate",1.9312757201646091,True
pub_logit_current_gate,0.3,120,0,2.083771818108695,1.9294581146942449,2.0922195892575037,1.4299104066161268,1.417548746518106,1.5401459854014599,1.9798028508616412,1.8915638111532038,1.9657654152888542,60.798359130132305,131.62452436046001,87.7654881641917,"diagnostic grid, not an unbiased selected estimate",1.9294581146942449,True
pub_logit_current_gate,0.35,500,0,2.022419426048565,1.9217116460004864,2.1277871860005644,1.8090971743625086,1.7821727019498608,1.7240875912408757,1.9714240237691003,1.872404127914384,2.013597582651973,54.59437979497806,120.71094960918896,93.10346242189696,"diagnostic grid, not an unbiased selected estimate",1.9217116460004864,True
pub_logit_current_gate,0.35,250,3,2.0202268441869022,1.920826122072228,2.126086956521739,1.1115093039283253,1.043175487465181,1.0072992700729928,1.9732004507677139,1.829307000529007,1.9788616724987504,52.55390548731521,127.54633289746572,93.33461636857328,"diagnostic grid, not an unbiased selected estimate",1.920826122072228,True
known_next_trend,0.35,120,0,2.036692642916952,1.9183753410595135,2.0279845300642148,1.6788421778084082,1.7821727019498608,1.667153284671533,1.9154044117647058,1.8124675504482364,1.9864229337913548,59.736702897957485,139.7488256894624,85.19878670685243,"diagnostic grid, not an unbiased selected estimate",1.9183753410595135,True
known_next_gate,0.18,250,3,2.0003065338468784,1.9106621773288441,1.9585776474769012,1.3835975189524468,1.394150417827298,1.3693430656934307,1.922534013605442,1.8473167044595618,1.8010161298278498,52.170223384106784,143.12426200677197,77.84396546317521,"diagnostic grid, not an unbiased selected estimate",1.9106621773288441,True
known_next_gate,0.2,250,3,2.0003065338468784,1.9106621773288441,1.9585776474769012,1.3835975189524468,1.394150417827298,1.3693430656934307,1.922534013605442,1.8473167044595618,1.8010161298278498,52.170223384106784,143.12426200677197,77.84396546317521,"diagnostic grid, not an unbiased selected estimate",1.9106621773288441,True
known_next_gate,0.22,250,3,2.0003065338468784,1.9106621773288441,1.9585776474769012,1.3835975189524468,1.394150417827298,1.3693430656934307,1.922534013605442,1.8473167044595618,1.8010161298278498,52.170223384106784,143.12426200677197,77.84396546317521,"diagnostic grid, not an unbiased selected estimate",1.9106621773288441,True
known_next_gate,0.25,250,3,2.0003065338468784,1.9106621773288441,1.9585776474769012,1.3835975189524468,1.394150417827298,1.3693430656934307,1.922534013605442,1.8473167044595618,1.8010161298278498,52.170223384106784,143.12426200677197,77.84396546317521,"diagnostic grid, not an unbiased selected estimate",1.9106621773288441,True
known_next_gate,0.3,250,3,2.0003065338468784,1.9106621773288441,1.9585776474769012,1.3835975189524468,1.394150417827298,1.3693430656934307,1.922534013605442,1.8473167044595618,1.8010161298278498,52.170223384106784,143.12426200677197,77.84396546317521,"diagnostic grid, not an unbiased selected estimate",1.9106621773288441,True
known_next_gate,0.35,250,3,2.0003065338468784,1.9106621773288441,1.9585776474769012,1.3835975189524468,1.394150417827298,1.3693430656934307,1.922534013605442,1.8473167044595618,1.8010161298278498,52.170223384106784,143.12426200677197,77.84396546317521,"diagnostic grid, not an unbiased selected estimate",1.9106621773288441,True
known_next_gate,0.4,250,3,2.0003065338468784,1.9106621773288441,1.9585776474769012,1.3835975189524468,1.394150417827298,1.3693430656934307,1.922534013605442,1.8473167044595618,1.8010161298278498,52.170223384106784,143.12426200677197,77.84396546317521,"diagnostic grid, not an unbiased selected estimate",1.9106621773288441,True
pub_blend_logit_extra,0.18,0,0,2.6910129725878114,2.6009440813362383,2.5794727323316637,0.9146795313576843,0.8618384401114206,0.8744525547445255,2.524153426416306,2.459880239520958,2.361579394535617,101.27567254052164,295.15100305756505,154.8330458161282,"diagnostic grid, not an unbiased selected estimate",2.5794727323316637,False
pub_blend_logit_extra,0.18,500,0,2.7829067725293624,2.5760860638909424,2.5848880597014925,0.8731909028256375,0.8793871866295265,0.8802919708029197,2.593278140013727,2.465069860279441,2.379369069824021,102.872985414418,295.34019833036587,152.97247534859156,"diagnostic grid, not an unbiased selected estimate",2.5760860638909424,False
pub_consensus_with_margin,0.18,0,0,2.7506762428877902,2.568624179735291,2.577350427350427,0.8905582356995175,0.8657381615598886,0.8540145985401459,2.6139058413251965,2.487479586281981,2.4294364229156966,103.6285994649637,301.9830579713928,156.146273050692,"diagnostic grid, not an unbiased selected estimate",2.568624179735291,False
pub_blend_logit_extra,0.18,250,0,2.8034949701468213,2.566110008818342,2.563741721854304,0.8625775327360442,0.8735376044568245,0.8817518248175182,2.599153886832364,2.4322022621423818,2.380760513724503,102.63855957889461,302.1838514494726,152.1531206127383,"diagnostic grid, not an unbiased selected estimate",2.563741721854304,False
pub_consensus_models,0.18,500,0,2.812597226543402,2.577040974155629,2.5601169844020792,0.8625775327360442,0.8559888579387187,0.8423357664233577,2.726312014345487,2.4820703420744716,2.380760513724503,100.90774480012067,275.36677648811025,148.1766551007267,"diagnostic grid, not an unbiased selected estimate",2.5601169844020792,False
pub_consensus_models,0.18,0,0,2.7562219611194188,2.5587642097543086,2.5759384384384383,0.8674017918676775,0.7877437325905292,0.8102189781021898,2.7025293255131966,2.44681008353663,2.390734695702723,100.84921125271244,262.5380671323524,151.33103720562576,"diagnostic grid, not an unbiased selected estimate",2.5587642097543086,False
pub_blend_logit_extra,0.18,250,3,2.829389320240542,2.545730916101286,2.5601696495152866,0.6715368711233631,0.6493036211699164,0.6525547445255475,2.624249165739711,2.45748502994012,2.385589642555587,98.69500041226154,284.95925068343485,144.36538754270686,"diagnostic grid, not an unbiased selected estimate",2.545730916101286,False
pub_consensus_models,0.18,250,0,2.8434193499276854,2.570094772068956,2.539594053744997,0.8394210889042041,0.8559888579387187,0.8510948905109489,2.7496826665413003,2.5355004277159963,2.3934994225375354,99.42244494983028,274.5744154338554,146.68630320833168,"diagnostic grid, not an unbiased selected estimate",2.539594053744997,False
pub_consensus_with_margin,0.18,500,0,2.7800589279297117,2.5355177794202186,2.5720915841584158,0.8712611991729842,0.8793871866295265,0.8846715328467154,2.6134349521446296,2.4444444444444446,2.4437001594896333,102.95923259409017,300.294975502756,153.3525791446021,"diagnostic grid, not an unbiased selected estimate",2.5355177794202186,False
pub_consensus_models,0.18,250,3,2.8926439309711416,2.535029004908523,2.5237215909090907,0.6609235010337698,0.6473537604456825,0.6423357664233577,2.8148083216456294,2.482638888888889,2.3578502281072664,98.81242624328272,247.03396935780424,139.2804391551021,"diagnostic grid, not an unbiased selected estimate",2.5237215909090907,False
pub_consensus_with_margin,0.18,250,0,2.8367309186429392,2.514884172562075,2.557972494553377,0.8635423845623708,0.8676880222841226,0.8934306569343066,2.678770825948246,2.405474764756202,2.384097716575252,102.90030550788555,302.0010924984608,151.68520495153567,"diagnostic grid, not an unbiased selected estimate",2.514884172562075,False
pub_blend_logit_extra,0.2,0,0,2.6692300924592893,2.509137746670555,2.5545694864048336,0.9986216402481048,0.9905292479108635,0.9664233576642336,2.528882644869362,2.4228115198175075,2.4290149384564814,99.44282316697428,269.63151676146674,148.71261855181396,"diagnostic grid, not an unbiased selected estimate",2.509137746670555,False
pub_extra_7y,0.18,0,0,2.706707321364478,2.508031627132751,2.502791736460078,0.9079255685733977,0.8676880222841226,0.8715328467153285,2.5585850827786314,2.4530451292536872,2.3058040357811525,102.38403271485697,306.63638346669006,147.56856605818572,"diagnostic grid, not an unbiased selected estimate",2.502791736460078,False
pub_consensus_models,0.2,250,0,2.766721854304636,2.502380043273514,2.5218669250645993,0.9407305306685045,0.9456824512534819,0.9416058394160584,2.6627998345740282,2.4091610593246493,2.3826997701842294,97.33521687852557,268.2782064120449,142.2147207825155,"diagnostic grid, not an unbiased selected estimate",2.502380043273514,False
pub_consensus_models,0.2,0,0,2.703016576079787,2.5013963928692613,2.5401902887139105,0.9687112336319781,0.922284122562674,0.927007299270073,2.6469613488545507,2.397163120567376,2.3900293255131966,96.72671826378053,280.27258707261564,146.30579116297864,"diagnostic grid, not an unbiased selected estimate",2.5013963928692613,False
pub_blend_logit_extra,0.2,500,0,2.7111335747860594,2.5003744775434273,2.5670882936507935,0.977394900068918,0.9963788300835655,0.981021897810219,2.5690710872162486,2.3892215568862274,2.4137184367687636,99.32948261591525,274.4140316351421,148.05825693171383,"diagnostic grid, not an unbiased selected estimate",2.5003744775434273,False
pub_extra_7y,0.18,250,3,2.906220435193945,2.4975005680527156,2.5013950892857144,0.6551343900758099,0.6356545961002786,0.654014598540146,2.8562025616698294,2.300731869594145,2.3679022309333027,104.0804384469897,282.41992658621416,142.38456054770353,"diagnostic grid, not an unbiased selected estimate",2.4975005680527156,False
pub_xgb_7y,0.18,500,0,2.8406815233296627,2.5187303316388285,2.497464726631393,0.8471399035148174,0.7955431754874651,0.8277372262773723,2.7419804741980474,2.3973529411764707,2.353395450348359,93.95400245109221,242.27385489516982,134.2045982275751,"diagnostic grid, not an unbiased selected estimate",2.497464726631393,False
pub_xgb_7y,0.18,0,0,2.837639065111097,2.522228789072761,2.4945093457943925,0.8259131633356306,0.7331476323119778,0.781021897810219,2.749555005894727,2.401388888888889,2.3182476625257893,95.2692977760581,236.73977137165824,133.5723062742134,"diagnostic grid, not an unbiased selected estimate",2.4945093457943925,False
pub_consensus_with_margin,0.18,120,0,2.8070935366291905,2.50652557319224,2.491360978203083,0.8712611991729842,0.8871866295264624,0.9153284671532848,2.6927375525946706,2.3977393617021274,2.345952153110048,100.27506013741832,300.7957660339948,144.9642989115715,"diagnostic grid, not an unbiased selected estimate",2.491360978203083,False
pub_consensus_models,0.2,500,0,2.737056748230995,2.4904327273641598,2.516788649203903,0.9580978635423846,0.9573816155988858,0.9474452554744527,2.662193066923448,2.3903707736043063,2.381387194565178,96.60984860920072,272.4417566757411,143.53427900830854,"diagnostic grid, not an unbiased selected estimate",2.4904327273641598,False
pub_xgb_7y,0.18,250,0,2.8514116213986695,2.490329218106996,2.488727168949772,0.8288077188146107,0.818941504178273,0.8525547445255475,2.726831410804688,2.350710227272727,2.3326867537393854,93.19459457792821,234.3138010895775,132.58388018504317,"diagnostic grid, not an unbiased selected estimate",2.488727168949772,False
pub_blend_logit_extra,0.18,120,0,2.794118732788471,2.48641975308642,2.516413156526261,0.8654720882150242,0.8871866295264624,0.9357664233576641,2.678182214472537,2.3993346640053224,2.4072636853407676,100.14482615989161,289.97915454688354,144.53990076511354,"diagnostic grid, not an unbiased selected estimate",2.48641975308642,False
pub_logit_next_and_known,0.18,500,0,2.6949159504775784,2.4825102880658436,2.5522143605870022,0.8944176430048243,0.9125348189415041,0.9284671532846716,2.5659804753820037,2.3041916167664667,2.3145547152338324,94.02671349247734,267.54749638263047,146.6642117920944,"diagnostic grid, not an unbiased selected estimate",2.4825102880658436,False
pub_logit_next_and_known,0.2,250,3,2.7031447844266103,2.480164609053498,2.5433523513139695,0.7014472777394901,0.7311977715877438,0.7036496350364964,2.477318548387097,2.350258387334919,2.3311425416688576,88.3029151947913,250.99931281692318,136.66303828510695,"diagnostic grid, not an unbiased selected estimate",2.480164609053498,False
pub_consensus_with_margin,0.2,0,0,2.6818305273292657,2.4799196787148596,2.5546162613981758,0.9822191592005514,0.9710306406685236,0.9605839416058394,2.552242328874902,2.4147623121104727,2.4052010665108297,100.52010783386683,288.1530477108674,149.27446102521122,"diagnostic grid, not an unbiased selected estimate",2.4799196787148596,False
pub_logit_next_and_known,0.18,250,3,2.7325350719072063,2.478737997256516,2.56359409190372,0.6522398345968298,0.6668523676880224,0.6671532846715329,2.4914746543778805,2.4074074074074074,2.3397129186602874,90.86555503898686,261.4076793222199,139.60286351382618,"diagnostic grid, not an unbiased selected estimate",2.478737997256516,False
pub_consensus_with_margin,0.2,250,3,2.7844212763714933,2.4781484882494986,2.5692613252197427,0.7274982770503102,0.7077994428969359,0.7197080291970802,2.7201929158760283,2.367283950617284,2.404704944178629,94.474333356466,271.88911333017995,141.5711992949047,"diagnostic grid, not an unbiased selected estimate",2.4781484882494986,False
pub_consensus_models,0.2,250,3,2.7904378563586785,2.476570493145079,2.513059049615653,0.7217091660923501,0.705849582172702,0.6963503649635037,2.6512230292672507,2.391725352112676,2.3397129186602874,93.95406834487031,246.38975719836512,136.1553038957361,"diagnostic grid, not an unbiased selected estimate",2.476570493145079,False
pub_logit_expand,0.18,250,3,2.7302396926843846,2.4741997486508467,2.5300824175824173,0.6628532046864232,0.6512534818941504,0.6642335766423357,2.411487705842545,2.339976762892126,2.294890832095914,91.6065332078053,258.22734390055524,136.16009338914932,"diagnostic grid, not an unbiased selected estimate",2.4741997486508467,False
pub_hist_7y,0.18,0,0,2.7542742069612025,2.496308399903171,2.4728279242731577,0.8452101998621641,0.7955431754874651,0.7197080291970802,2.659632034632035,2.401268052131032,2.283431164603167,93.4183394178277,237.15525003692792,137.74484396445666,"diagnostic grid, not an unbiased selected estimate",2.4728279242731577,False
pub_extra_7y,0.2,250,3,2.765194725067912,2.4689604377104377,2.47860824742268,0.7197794624396967,0.6863509749303622,0.708029197080292,2.7238216631106433,2.400763690011282,2.3816432577043782,93.94369647744239,275.24715627070015,136.9774540282469,"diagnostic grid, not an unbiased selected estimate",2.4689604377104377,False
pub_consensus_with_margin,0.18,250,3,2.884444720117564,2.4685479129923578,2.604716117216117,0.6696071674707099,0.6551532033426184,0.6642335766423357,2.7549187828872115,2.3754309562692795,2.441439567297691,101.1642146520772,279.75311758481587,146.55403685118864,"diagnostic grid, not an unbiased selected estimate",2.4685479129923578,False
pub_xgb_7y,0.2,0,0,2.760010582371817,2.464369245344465,2.4737858719646795,0.9359062715368711,0.8130919220055711,0.8817518248175182,2.675427550067027,2.3389500069628184,2.313716108452951,92.47984151416482,232.3580321511015,132.67655700822553,"diagnostic grid, not an unbiased selected estimate",2.464369245344465,False
pub_logit_next_and_known,0.18,250,0,2.704766518663456,2.4642133249098426,2.5482246952835186,0.8490696071674707,0.9144846796657381,0.9182481751824817,2.5045418291386037,2.3353293413173652,2.3080094915781695,93.81957274104543,267.265963332041,144.39761414738075,"diagnostic grid, not an unbiased selected estimate",2.4642133249098426,False
pub_blend_logit_extra,0.2,250,0,2.7151740719242237,2.463659699303264,2.5456320156173744,0.9687112336319781,0.9846796657381616,0.9970802919708028,2.5467313386317594,2.3137487401434753,2.385589642555587,96.01027781009101,274.740425493298,145.52875581001626,"diagnostic grid, not an unbiased selected estimate",2.463659699303264,False
pub_extra_7y,0.18,500,0,2.793040893493323,2.462193046438123,2.4737858719646795,0.8770503101309443,0.8910863509749304,0.8817518248175182,2.64247311827957,2.3471752147878155,2.3264942016057093,104.33235018900736,294.85117652737415,145.8942795793931,"diagnostic grid, not an unbiased selected estimate",2.462193046438123,False
pub_xgb_7y,0.18,250,3,2.9105972731987553,2.4958024691358025,2.4600925925925923,0.6406616126809098,0.6337047353760445,0.656934306569343,2.844188623491751,2.3754309562692795,2.303486621105062,93.76731595845206,226.00537638478468,128.17452242092025,"diagnostic grid, not an unbiased selected estimate",2.4600925925925923,False
pub_consensus_with_margin,0.2,500,0,2.7179300971391265,2.4589832680318375,2.551928323412698,0.9590627153687113,0.9768802228412257,0.981021897810219,2.609769243053338,2.354393254307711,2.4032606769448877,100.0886740033862,286.53227337468843,148.36136487910244,"diagnostic grid, not an unbiased selected estimate",2.4589832680318375,False
pub_consensus_models,0.2,120,0,2.7578176895670206,2.4581758629377677,2.469255952380952,0.9523087525844246,0.9554317548746518,1.0218978102189782,2.662502779293756,2.3604911389342527,2.371763780559743,94.30961563382203,265.53476748655777,134.098703157881,"diagnostic grid, not an unbiased selected estimate",2.4581758629377677,False
pub_blend_logit_extra,0.2,250,3,2.7408010997181544,2.4559893226559892,2.5485695276114435,0.7390764989662302,0.7214484679665738,0.7313868613138687,2.535789420957724,2.341816367265469,2.3874621618982523,92.40831216516297,259.8906479275313,137.66303549802907,"diagnostic grid, not an unbiased selected estimate",2.4559893226559892,False
pub_consensus_with_margin,0.2,250,0,2.7290118720723635,2.453031660692951,2.5406600780868716,0.9494141971054446,0.9671309192200558,0.9970802919708028,2.6291943588912305,2.372629740518962,2.408528004503237,96.83085572181044,286.8227505786153,147.39183450387742,"diagnostic grid, not an unbiased selected estimate",2.453031660692951,False
pub_extra_7y,0.22,250,3,2.6972906576389577,2.452080946926308,2.4690951916829107,0.7757408683666438,0.7565459610027855,0.7489051094890511,2.6348991507430997,2.368493150684931,2.370909090909091,90.38392286619775,268.8907669699979,134.43280373265225,"diagnostic grid, not an unbiased selected estimate",2.452080946926308,False
pub_extra_7y,0.2,0,0,2.663515587142627,2.451582936071385,2.4926861702127656,0.9889731219848381,0.9846796657381616,0.9605839416058394,2.5135719905586154,2.326260101156909,2.2986653235960715,99.47366500776602,291.5031883261224,144.37611808856025,"diagnostic grid, not an unbiased selected estimate",2.451582936071385,False
pub_blend_logit_margin,0.18,0,0,2.6853476821192057,2.4472753007784855,2.53033685064935,0.9166092350103378,0.9183844011142062,0.8992700729927008,2.5096855243961746,2.2777245508982036,2.3466147266799338,99.83577681661426,267.9973189541153,149.91303810315247,"diagnostic grid, not an unbiased selected estimate",2.4472753007784855,False
pub_consensus_models,0.18,120,0,2.8031905468559657,2.531054969612733,2.446919152276295,0.8654720882150242,0.8832869080779944,0.9299270072992701,2.6927375525946706,2.453864997278171,2.303717335296283,97.50251918668974,279.127416719669,136.098520374949,"diagnostic grid, not an unbiased selected estimate",2.446919152276295,False
pub_xgb_7y,0.2,500,0,2.7290624514787587,2.4461352657004833,2.4711463223787162,0.9465196416264645,0.8969359331476323,0.9328467153284671,2.6493189035600873,2.3353293413173652,2.320995215311005,89.92351902320772,232.9118870209995,130.1538511822813,"diagnostic grid, not an unbiased selected estimate",2.4461352657004833,False
pub_logit_next_and_known,0.18,0,0,2.6555474868487803,2.4433338498889405,2.5495701058201057,0.9195037904893177,0.932033426183844,0.9197080291970803,2.5495218025611934,2.2777245508982036,2.285926414783039,96.15513799088264,260.5146660239892,147.00381689399188,"diagnostic grid, not an unbiased selected estimate",2.4433338498889405,False
pub_consensus_with_margin,0.2,120,0,2.732959357889331,2.4432173891267874,2.47701650395165,0.9580978635423846,0.9612813370473537,1.0467153284671533,2.64911249797374,2.3073053892215567,2.366606170598911,95.64815315162966,287.0963689496106,139.0671342487049,"diagnostic grid, not an unbiased selected estimate",2.4432173891267874,False
pub_blend_logit_extra,0.2,120,0,2.7275569342234784,2.4431436074908577,2.47701650395165,0.9542384562370779,0.9807799442896935,1.0467153284671533,2.552242328874902,2.326260101156909,2.334259042393014,95.01213002666428,273.69777465350313,139.27783435668482,"diagnostic grid, not an unbiased selected estimate",2.4431436074908577,False
pub_hist_7y,0.18,500,0,2.7571158226278087,2.4498681529425865,2.440755208333333,0.8500344589937974,0.8033426183844011,0.7941605839416058,2.6584148117328894,2.307142857142857,2.3045820940557786,91.51732322825043,247.21152360776537,135.07919047823148,"diagnostic grid, not an unbiased selected estimate",2.440755208333333,False
pub_logit_known_summary,0.18,250,3,2.7810681678980207,2.4507308944936756,2.440755208333333,0.6676774638180566,0.6356545961002786,0.654014598540146,2.6705845344314803,2.347685581218515,2.287719298245614,94.75932519192372,298.24469063356685,137.70176442239907,"diagnostic grid, not an unbiased selected estimate",2.440755208333333,False
pub_consensus_models,0.22,0,0,2.6480077968933498,2.440654716235382,2.5307162030258663,1.0555478980013784,1.0353760445682452,0.9970802919708028,2.5239765658903517,2.399954807366399,2.38697984630999,92.37200824037826,270.2827687667759,143.99861153576927,"diagnostic grid, not an unbiased selected estimate",2.440654716235382,False
pub_consensus_models,0.22,250,3,2.7158377565608927,2.4395061728395064,2.482833655705996,0.777670572019297,0.7604456824512535,0.7547445255474453,2.6096473652574637,2.3354166666666667,2.324420677361854,88.94904197169753,260.342437683505,132.20961078138157,"diagnostic grid, not an unbiased selected estimate",2.4395061728395064,False
pub_extra_7y,0.18,250,0,2.8227232333810233,2.4368717169293124,2.4522323904603436,0.8664369400413507,0.9027855153203342,0.8773722627737226,2.65699220134704,2.282869044519656,2.2914002625227594,105.06609214214377,294.29783789971884,144.8281290808854,"diagnostic grid, not an unbiased selected estimate",2.4368717169293124,False
pub_hist_7y,0.18,250,0,2.760909413434248,2.436622595803053,2.4396058965102285,0.8374913852515506,0.8247910863509749,0.8087591240875912,2.6129718234981394,2.275,2.236706689536878,91.3485975089716,243.94469914022244,135.18005739380823,"diagnostic grid, not an unbiased selected estimate",2.436622595803053,False
pub_extra_7y,0.2,500,0,2.707036589735763,2.435932677469136,2.48039031124498,0.9629221226740179,0.9983286908077995,0.9693430656934308,2.545323371283998,2.349066572736879,2.3690326294204413,99.76555223963959,286.0240554382239,143.1494969664732,"diagnostic grid, not an unbiased selected estimate",2.435932677469136,False
pub_logit_expand,0.18,250,0,2.741360845484513,2.434271181052297,2.527888711395101,0.8606478290833909,0.9086350974930363,0.9138686131386862,2.5282040104620753,2.270852234924091,2.2688125271857333,96.1801902281094,258.5387305494735,143.2529069881022,"diagnostic grid, not an unbiased selected estimate",2.434271181052297,False
pub_blend_logit_margin,0.18,500,0,2.716875770476764,2.432877079978529,2.530548878205128,0.8915230875258443,0.8969359331476323,0.910948905109489,2.5480990783410142,2.280189620758483,2.2945944877219344,99.97006649341017,274.02847108737166,148.0398921672568,"diagnostic grid, not an unbiased selected estimate",2.432877079978529,False
pub_hist_7y,0.2,0,0,2.67733675325121,2.432804232804233,2.448574561403509,0.9310820124052378,0.8871866295264624,0.8321167883211679,2.5759395540803176,2.341816367265469,2.3264942016057093,89.46988113874527,226.8672054235496,134.0574565095032,"diagnostic grid, not an unbiased selected estimate",2.432804232804233,False
pub_blend_logit_margin,0.18,250,3,2.7450834605693304,2.432352195793056,2.5852150537634406,0.6821502412129566,0.6649025069637884,0.6788321167883211,2.4907094594594597,2.315022129653736,2.3751631143975644,93.66856610234778,257.563336266898,142.85009597187442,"diagnostic grid, not an unbiased selected estimate",2.432352195793056,False
pub_blend_logit_margin,0.18,250,0,2.7139776627882193,2.43144613041823,2.545520999468368,0.8693314955203307,0.8852367688022285,0.9153284671532848,2.487860329444063,2.265766339661103,2.313716108452951,96.83182934926738,274.69149395131154,147.9979765319395,"diagnostic grid, not an unbiased selected estimate",2.43144613041823,False
pub_logit_next_and_known,0.2,250,0,2.6649831879471564,2.430159405893761,2.553145002461841,0.9368711233631978,1.0178272980501393,0.9883211678832117,2.5044334777724284,2.2470059880239517,2.327714390872286,91.49719766904403,252.9040373608173,142.7789073057929,"diagnostic grid, not an unbiased selected estimate",2.430159405893761,False
pub_blend_logit_margin,0.2,500,0,2.659390754396651,2.4192958390489254,2.4951992753623187,0.9860785665058581,1.0002785515320334,1.0072992700729928,2.5308193245494475,2.281950384944397,2.3160794548354358,97.88565149487059,257.85432414618026,142.2984172507186,"diagnostic grid, not an unbiased selected estimate",2.4192958390489254,False
pub_extra_7y,0.2,250,0,2.7016225165562915,2.4188940431485166,2.451700298953662,0.9648518263266713,0.9807799442896935,0.9766423357664235,2.5885450954575377,2.326260101156909,2.357573322619526,96.54738186117055,285.43358248312495,140.8546830953745,"diagnostic grid, not an unbiased selected estimate",2.4188940431485166,False
pub_extra_7y,0.18,120,0,2.78971696539318,2.4180127263827704,2.422505307855626,0.8809097174362509,0.8852367688022285,0.9167883211678832,2.6927375525946706,2.2857920522591177,2.364084928229665,101.26820279302882,280.9941187621714,139.23694173494997,"diagnostic grid, not an unbiased selected estimate",2.4180127263827704,False
pub_xgb_7y,0.2,250,0,2.7280776344592534,2.415744749078083,2.4338557791537663,0.9223983459682977,0.9008356545961004,0.9430656934306568,2.607703735144313,2.2683673469387755,2.3000567674965535,88.78829556210572,229.6392403876201,127.91544472825606,"diagnostic grid, not an unbiased selected estimate",2.415744749078083,False
pub_hist_7y,0.18,250,3,2.8167982679572083,2.4148838279273064,2.4221465244865716,0.6522398345968298,0.6278551532033427,0.6160583941605839,2.7752682100508186,2.2857920522591177,2.2065585249153927,90.77211051898436,227.633795707088,130.33243024830125,"diagnostic grid, not an unbiased selected estimate",2.4148838279273064,False
pub_blend_logit_extra,0.22,250,3,2.674431634630916,2.4137793707686184,2.5420238095238092,0.7911784975878705,0.7857938718662952,0.7664233576642335,2.5118857839459867,2.29251497005988,2.376851218956482,87.52892317358959,241.822246719547,134.61629574620525,"diagnostic grid, not an unbiased selected estimate",2.4137793707686184,False
pub_blend_logit_margin,0.2,250,3,2.7124724061810155,2.4130616614808122,2.499333333333333,0.7294279807029634,0.7194986072423398,0.7299270072992701,2.477318548387097,2.309736691001558,2.3397129186602874,91.22488416426853,246.3903363256065,135.77709708770098,"diagnostic grid, not an unbiased selected estimate",2.4130616614808122,False
pub_blend_logit_margin,0.18,120,0,2.6945090127625986,2.4129898013955984,2.474929378531073,0.8741557546519642,0.8969359331476323,0.9474452554744527,2.490855808214349,2.265766339661103,2.273209450688031,96.03935429036595,274.85775606142676,143.41337272063836,"diagnostic grid, not an unbiased selected estimate",2.4129898013955984,False
pub_logit_next_and_known,0.2,120,0,2.641163728162101,2.41237433436015,2.460198135198135,0.9542384562370779,1.0080779944289695,1.0437956204379562,2.5423794395568593,2.310122611919019,2.295146958304853,90.56646625871073,259.17398582509264,136.03866900067857,"diagnostic grid, not an unbiased selected estimate",2.41237433436015,False
pub_blend_logit_margin,0.2,250,0,2.6851013425464947,2.4118391896169675,2.4985401459854013,0.9561681598897313,0.9885793871866296,1.0,2.5084346267726354,2.2620641070799574,2.315340909090909,95.58879331663894,260.58689190619094,143.0116485152081,"diagnostic grid, not an unbiased selected estimate",2.4118391896169675,False
pub_blend_logit_margin,0.2,0,0,2.6671782581770387,2.4086563866071,2.482540861812778,1.0111647139903515,1.0022284122562675,0.9824817518248175,2.4904724521838424,2.2754491017964074,2.3025746183640923,97.27809286988817,256.0708472089256,143.1151684804106,"diagnostic grid, not an unbiased selected estimate",2.4086563866071,False
pub_logit_next_and_known,0.18,120,0,2.7034308314937454,2.407741769547325,2.4631385938290338,0.8683666436940042,0.935933147632312,0.9620437956204381,2.5480990783410142,2.270852234924091,2.26461102250576,94.13714766001154,265.0904436466265,138.64440174560474,"diagnostic grid, not an unbiased selected estimate",2.407741769547325,False
pub_logit_known_summary,0.2,250,3,2.725063458464349,2.4064929126657524,2.4463860544217684,0.7274982770503102,0.6844011142061281,0.7153284671532847,2.6512230292672507,2.315022129653736,2.3072169059011167,90.38149159551831,284.57961194204745,135.47292728434556,"diagnostic grid, not an unbiased selected estimate",2.4064929126657524,False
pub_hist_7y,0.2,500,0,2.682026287336127,2.4060530291191333,2.409767536704731,0.9455547898001379,0.9242339832869081,0.894890510948905,2.5970667776159764,2.311002994011976,2.326927602164876,88.74961133621447,235.77433752824592,129.9968731536938,"diagnostic grid, not an unbiased selected estimate",2.4060530291191333,False
pub_logit_known_summary,0.22,250,3,2.649391652548899,2.4052617680068664,2.4959703417150223,0.7882839421088905,0.7292479108635097,0.7547445255474453,2.6312793991527847,2.341816367265469,2.378322042730589,85.72400641522283,272.5147528842777,133.34329122702616,"diagnostic grid, not an unbiased selected estimate",2.4052617680068664,False
pub_extra_7y,0.25,250,3,2.5300459268237474,2.405146930968527,2.43347623345367,0.8751206064782909,0.8306406685236769,0.8087591240875912,2.453725038402458,2.306325301204819,2.3544280942493456,82.95966035190192,252.59626557831461,128.78758158279223,"diagnostic grid, not an unbiased selected estimate",2.405146930968527,False
pub_logit_expand,0.18,500,0,2.702415569929285,2.4039410180518894,2.512277951933124,0.9108201240523778,0.9027855153203342,0.9313868613138686,2.5367741935483874,2.218562874251497,2.2807285593663305,95.16528644394435,256.69561353136356,143.68516174737277,"diagnostic grid, not an unbiased selected estimate",2.4039410180518894,False
pub_logit_next_and_known,0.2,500,0,2.628283155940674,2.40045569737974,2.5358812949640286,0.9947622329427981,1.0353760445682452,1.0145985401459854,2.4659023338784007,2.22534747019722,2.2815111047632652,91.42941079273415,249.32909332894448,142.9474364176071,"diagnostic grid, not an unbiased selected estimate",2.40045569737974,False
pub_consensus_with_margin,0.22,250,3,2.682773803193632,2.399260512627687,2.5180424528301883,0.7931082012405238,0.7682451253481895,0.7737226277372263,2.5564754724184007,2.3058544303797466,2.423003669810006,89.05889100811328,257.11631242336443,134.61328150532347,"diagnostic grid, not an unbiased selected estimate",2.399260512627687,False
pub_xgb_7y,0.22,0,0,2.6855017998695567,2.3986776176455398,2.460823247604639,1.0188835286009648,0.932033426183844,0.9649635036496349,2.5909126671911884,2.294588393306844,2.3333722332438636,89.68857345872121,229.14858480268126,130.4263826373365,"diagnostic grid, not an unbiased selected estimate",2.3986776176455398,False
pub_logit_next_and_known,0.22,250,3,2.634825295317055,2.3959435626102294,2.480550130208333,0.7583735354927635,0.7916434540389973,0.7474452554744526,2.4168961447678994,2.3301886792452833,2.2601308465970122,84.70312171229558,234.99276371487417,131.25752251862122,"diagnostic grid, not an unbiased selected estimate",2.3959435626102294,False
pub_logit_expand,0.18,0,0,2.6513306101400502,2.3940898345153663,2.5252454883227173,0.9416953824948311,0.9164345403899722,0.9167883211678832,2.525893421884883,2.2409726002540373,2.2840054682159945,95.90223186421967,250.19845031445024,145.27278974797514,"diagnostic grid, not an unbiased selected estimate",2.3940898345153663,False
pub_hist_7y,0.2,250,3,2.7328808852972886,2.4101353478124015,2.390200286123033,0.7053066850447967,0.6883008356545961,0.6802919708029197,2.6609519512745323,2.294763513513513,2.215928401495412,87.02443712813022,226.6803841470643,124.4077548525089,"diagnostic grid, not an unbiased selected estimate",2.390200286123033,False
pub_xgb_7y,0.18,120,0,2.816084522038557,2.387659844781396,2.421708066239316,0.8461750516884907,0.8715877437325906,0.910948905109489,2.658660625534571,2.2104362703165097,2.305359120729318,91.30323355466592,234.20572170722022,125.67380131765528,"diagnostic grid, not an unbiased selected estimate",2.387659844781396,False
pub_xgb_7y,0.2,250,3,2.77208718433884,2.4377332759115706,2.3855027548209367,0.7024121295658167,0.6707520891364902,0.7065693430656934,2.6605722492266906,2.3047535211267607,2.205541237113402,88.18027629256898,219.55940900611,124.09508998799618,"diagnostic grid, not an unbiased selected estimate",2.3855027548209367,False
pub_hist_7y,0.2,250,0,2.6912812155077264,2.3845277842482595,2.417833333333333,0.9262577532736045,0.9300835654596101,0.9124087591240876,2.590250329380764,2.2562499999999996,2.301356969174053,88.79970837909894,233.9553636923114,129.05390582388912,"diagnostic grid, not an unbiased selected estimate",2.3845277842482595,False
pub_blend_logit_margin,0.22,250,3,2.6283263643834296,2.383781412546218,2.480827008222644,0.7931082012405238,0.7682451253481895,0.7693430656934307,2.3966616654163544,2.3133732534930136,2.347753169239876,87.13806684736653,234.90963458713833,132.57179453141404,"diagnostic grid, not an unbiased selected estimate",2.383781412546218,False
pub_logit_expand,0.18,120,0,2.727230145061217,2.378385647811937,2.443343495934959,0.886698828394211,0.8949860724233983,0.9576642335766422,2.50339558573854,2.2342973627213656,2.2797202797202796,94.41269966429364,262.74118184736164,134.92539052486785,"diagnostic grid, not an unbiased selected estimate",2.378385647811937,False
pub_blend_logit_margin,0.2,120,0,2.650825306040538,2.373770976565388,2.4769059065934065,0.9552033080634046,0.9768802228412257,1.0627737226277372,2.4527906419674226,2.294024196504949,2.345091569048012,93.38286843490943,260.4294697288928,137.7376237216549,"diagnostic grid, not an unbiased selected estimate",2.373770976565388,False
pub_logit_published_next,0.2,250,3,2.4953977731084556,2.3726267607903813,2.3813105117565696,0.6811853893866299,0.7467966573816156,0.7036496350364964,2.3226833778508325,2.2247068871806817,2.223556958159422,80.38205830293712,247.0362753178929,126.64652427681462,"diagnostic grid, not an unbiased selected estimate",2.3726267607903813,False
pub_logit_expand,0.2,250,3,2.677076131649807,2.3717421124828535,2.4324279007377596,0.7024121295658167,0.7194986072423398,0.7255474452554745,2.3990874363327674,2.2784067085953876,2.289931792731345,88.44199935078501,236.7620847938277,129.34004004161832,"diagnostic grid, not an unbiased selected estimate",2.3717421124828535,False
pub_logit_known_summary,0.25,250,3,2.551262214101555,2.3667958307049957,2.436659356725146,0.8847691247415576,0.8013927576601672,0.8321167883211679,2.4931159420289855,2.315625,2.311859193438141,80.30355418864197,254.82976640661286,125.76588508484274,"diagnostic grid, not an unbiased selected estimate",2.3667958307049957,False
pub_hist_7y,0.22,0,0,2.6013683104476124,2.365188528309096,2.413390985324947,1.024672639558925,1.0080779944289695,0.9284671532846716,2.532259650364777,2.310122611919019,2.3287604513353357,86.60847202717063,220.11272313813055,129.07118200096963,"diagnostic grid, not an unbiased selected estimate",2.365188528309096,False
pub_logit_expand,0.2,250,0,2.672050155523642,2.3644627700617287,2.47673314339981,0.9388008270158511,0.9983286908077995,1.0248175182481751,2.4649935804846734,2.23251609987572,2.2986653235960715,92.69683545492283,242.41581544256815,137.38036379920527,"diagnostic grid, not an unbiased selected estimate",2.3644627700617287,False
pub_logit_next_and_known,0.2,0,0,2.5773586491062095,2.36425437100698,2.50088457784285,1.0266023432115783,1.0587743732590529,0.9970802919708028,2.459623415898618,2.2315369261477045,2.2807285593663305,92.15762452073673,240.38955267537335,142.00285422849578,"diagnostic grid, not an unbiased selected estimate",2.36425437100698,False
pub_logit_published_next,0.18,250,3,2.560156647987774,2.3630544124371284,2.459314275037369,0.6271536871123363,0.6844011142061281,0.6510948905109489,2.361358956760467,2.2672106068332485,2.294890832095914,85.81946422806477,259.8186131533608,132.40815734663428,"diagnostic grid, not an unbiased selected estimate",2.3630544124371284,False
pub_extra_7y,0.2,120,0,2.707069074694599,2.3557976276930526,2.4194110009442866,0.9687112336319781,0.9944289693593314,1.0306569343065692,2.6271254208754207,2.19743370402053,2.3397129186602874,95.79993650722042,276.002099789148,136.55664122428504,"diagnostic grid, not an unbiased selected estimate",2.3557976276930526,False
pub_logit_known_summary,0.2,0,0,2.56629886976545,2.3632716049382716,2.3528993570722054,1.0294968986905584,1.0139275766016713,0.9839416058394161,2.463427042508291,2.297540840648799,2.202082746974388,89.986908414201,291.40010735530007,134.19049712276,"diagnostic grid, not an unbiased selected estimate",2.3528993570722054,False
pub_logit_expand,0.2,120,0,2.6265326863812213,2.3516935739157963,2.432277318640955,0.9745003445899381,0.9885793871866296,1.05985401459854,2.462887566551832,2.2754491017964074,2.2408518094211205,90.84954487008252,247.61016503366596,131.5082574849801,"diagnostic grid, not an unbiased selected estimate",2.3516935739157963,False
pub_logit_known_summary,0.2,500,0,2.599233266893847,2.36458851685979,2.3509615384615383,0.9937973811164714,1.0158774373259054,1.0058394160583943,2.5085191296672935,2.260422551124167,2.206015037593985,91.74309318216791,294.4532761044651,133.38387066420174,"diagnostic grid, not an unbiased selected estimate",2.3509615384615383,False
pub_logit_published_next,0.18,250,0,2.5711351522004082,2.3505658436213994,2.512706398348813,0.8702963473466575,0.935933147632312,0.9430656934306568,2.4499311071486467,2.226186801654423,2.3397129186602874,91.33580514873287,265.10849365054327,137.30274750753054,"diagnostic grid, not an unbiased selected estimate",2.3505658436213994,False
pub_logit_known_summary,0.18,250,0,2.6613212562799724,2.386473429951691,2.350132275132275,0.895382494831151,0.9417827298050139,0.9197080291970803,2.522360703812317,2.2409726002540373,2.1712535885167465,94.74459144787157,307.6123649120743,136.97021665790913,"diagnostic grid, not an unbiased selected estimate",2.350132275132275,False
pub_xgb_7y,0.2,120,0,2.7318472090823085,2.349016360533976,2.3751204238921,0.9455547898001379,0.9593314763231199,1.0102189781021897,2.6541830698518045,2.1569361277445105,2.2797202797202796,89.18405138492217,230.4740220561635,121.37195630258034,"diagnostic grid, not an unbiased selected estimate",2.349016360533976,False
pub_hist_7y,0.22,250,3,2.677472762230293,2.357438353040816,2.34522621423819,0.7477601654031703,0.7389972144846797,0.7313868613138687,2.564753320683112,2.19984375,2.160530191458027,83.90448368098163,219.5856421696334,120.585016219064,"diagnostic grid, not an unbiased selected estimate",2.34522621423819,False
pub_xgb_7y,0.22,250,3,2.6885287657733645,2.344417894597106,2.35948496481126,0.7651274982770503,0.7253481894150419,0.7605839416058394,2.575148962399836,2.1531249999999997,2.202082746974388,85.66303513959652,210.61720920956952,119.95540525344218,"diagnostic grid, not an unbiased selected estimate",2.344417894597106,False
pub_hist_7y,0.18,120,0,2.7732692014919693,2.341008412542336,2.4241025641025638,0.8394210889042041,0.8813370473537605,0.948905109489051,2.695506228872657,2.242942686056458,2.3660206185567008,90.16890338603038,255.4341550767246,126.94961559461873,"diagnostic grid, not an unbiased selected estimate",2.341008412542336,False
pub_blend_logit_margin,0.25,250,3,2.551944448514329,2.340870103208752,2.360801940639269,0.8722260509993109,0.8559888579387187,0.8525547445255475,2.3739865447645334,2.2452925474352496,2.2483727746885642,81.24149778621664,223.51637539674815,121.22666452971181,"diagnostic grid, not an unbiased selected estimate",2.340870103208752,False
pub_logit_known_summary,0.18,0,0,2.604142336017147,2.4104041801137237,2.340220668859649,0.9301171605789111,0.93983286908078,0.8875912408759123,2.5110412092551933,2.317673930489536,2.1384472912486494,93.37255364061127,303.56833236427104,139.1488830498803,"diagnostic grid, not an unbiased selected estimate",2.340220668859649,False
pub_logit_known_summary,0.2,120,0,2.6004528967812095,2.33654000320667,2.3631278538812786,0.9812543073742247,1.050974930362117,1.0656934306569343,2.518607190860215,2.22534747019722,2.225181517047546,90.42853268666681,286.1845283347852,128.96407304282667,"diagnostic grid, not an unbiased selected estimate",2.33654000320667,False
pub_consensus_models,0.25,250,3,2.5733320516362173,2.335697399527187,2.37943339100346,0.8558235699517575,0.8247910863509749,0.8437956204379562,2.4883288530465952,2.2275769745649265,2.2914002625227594,81.95584256215349,238.78384783227156,122.76993967761982,"diagnostic grid, not an unbiased selected estimate",2.335697399527187,False
pub_blend_logit_extra,0.25,250,3,2.569952669585064,2.335112890668446,2.412049156486329,0.8538938662991041,0.8657381615598886,0.8364963503649635,2.434234747545582,2.218562874251497,2.2986653235960715,82.11362952108578,223.82889179801944,125.9749471511688,"diagnostic grid, not an unbiased selected estimate",2.335112890668446,False
pub_logit_known_summary,0.2,250,0,2.6090643672356983,2.3349559082892415,2.3406308851224105,0.9870434183321847,1.0236768802228413,1.0335766423357664,2.4897673853136655,2.2116514634282836,2.212494485730768,91.61269538951723,292.0297717398036,132.7592639385509,"diagnostic grid, not an unbiased selected estimate",2.3349559082892415,False
pub_logit_known_summary,0.18,500,0,2.673475199063397,2.399100273496409,2.33396164021164,0.9059958649207444,0.9417827298050139,0.9197080291970803,2.5317936159432533,2.3041916167664667,2.161624533775383,95.96566481339819,304.7767805335403,137.12451211284048,"diagnostic grid, not an unbiased selected estimate",2.33396164021164,False
pub_logit_published_next,0.18,500,0,2.522345835654309,2.3333850971866346,2.5226190476190475,0.9291523087525845,0.9300835654596101,0.9708029197080292,2.451969242310578,2.2034706098008066,2.345758688475947,89.40543427659512,261.6512528401534,139.33855742651045,"diagnostic grid, not an unbiased selected estimate",2.3333850971866346,False
pub_hist_7y,0.2,120,0,2.68899377537395,2.3333333333333335,2.3737400375058604,0.9474844934527913,0.9632311977715877,1.037956204379562,2.602435646790486,2.2258848639354953,2.2469970221166395,88.13977066586568,245.65174791518263,121.93108791248046,"diagnostic grid, not an unbiased selected estimate",2.3333333333333335,False
pub_logit_published_next,0.22,250,3,2.429630400096078,2.3310185185185186,2.353482947232947,0.7448656099241903,0.8111420612813371,0.7562043795620438,2.2895962732919255,2.1931187569367374,2.196465188946392,76.14404218238505,236.11892572287869,124.00042629210856,"diagnostic grid, not an unbiased selected estimate",2.3310185185185186,False
pub_hist_7y,0.22,500,0,2.6112607492339626,2.3288291442040654,2.398525452765541,1.0343211578221916,1.0314763231197772,0.9941605839416058,2.4659023338784007,2.2572478991596636,2.305967341410189,85.65788296288731,226.09573659517173,125.51879222531396,"diagnostic grid, not an unbiased selected estimate",2.3288291442040654,False
pub_logit_expand,0.22,250,3,2.6181702681658727,2.3269603768356886,2.387296365914787,0.763197794624397,0.7818941504178274,0.7766423357664234,2.4022482893450636,2.235465562202792,2.30278732340588,85.2342229766927,222.60730196435125,125.79025967770073,"diagnostic grid, not an unbiased selected estimate",2.3269603768356886,False
pub_logit_published_next,0.2,250,0,2.5063245033112582,2.3244351269508505,2.459217350306459,0.9648518263266713,1.033426183844011,1.032116788321168,2.400044391831903,2.1616766467065864,2.2815111047632652,86.28675886106132,248.8028956629515,133.15609237703683,"diagnostic grid, not an unbiased selected estimate",2.3244351269508505,False
pub_logit_next_and_known,0.25,250,3,2.478213425647201,2.320769146727849,2.3723504645760745,0.8490696071674707,0.8813370473537605,0.837956204379562,2.3085342077277566,2.2583220655463263,2.228298017771702,78.16932819286352,219.33859379651642,122.42116884433473,"diagnostic grid, not an unbiased selected estimate",2.320769146727849,False
pub_logit_expand,0.25,250,3,2.4950488893178515,2.3178043514366387,2.3203886976477337,0.8606478290833909,0.8696378830083565,0.8481751824817518,2.2993895918731067,2.2357610360674,2.1809713342084094,78.16575883065114,211.61445411922827,117.93636868322227,"diagnostic grid, not an unbiased selected estimate",2.3178043514366387,False
pub_logit_published_next,0.18,120,0,2.5310650159587182,2.3145917001338687,2.4631385938290338,0.9088904203997243,0.9710306406685236,0.9620437956204381,2.459532671629446,2.1539445381082496,2.3337594506738744,89.12668912605592,259.7277710184062,131.4240904538197,"diagnostic grid, not an unbiased selected estimate",2.3145917001338687,False
pub_logit_known_summary,0.18,120,0,2.646635697293127,2.3513312509296447,2.3097785285285286,0.8944176430048243,0.9710306406685236,0.9722627737226277,2.5045418291386037,2.218562874251497,2.1764771336374764,94.49080241758219,296.03173422587014,130.6495580398456,"diagnostic grid, not an unbiased selected estimate",2.3097785285285286,False
pub_logit_published_next,0.18,0,0,2.4974945399464565,2.308997612152619,2.5338141025641026,0.906960716747071,0.9476323119777159,0.948905109489051,2.3629807692307696,2.201058201058201,2.358734974909558,90.0055395840282,254.2916598512818,140.09144743057053,"diagnostic grid, not an unbiased selected estimate",2.308997612152619,False
pub_hist_7y,0.25,250,3,2.617297935788699,2.321606411502991,2.3023628503279663,0.8249483115093039,0.816991643454039,0.8160583941605839,2.5513533555802748,2.2454545454545456,2.0966613071029983,82.86710842359605,214.97814462724202,114.08069335259066,"diagnostic grid, not an unbiased selected estimate",2.3023628503279663,False
pub_consensus_with_margin,0.25,250,3,2.5814638596695287,2.2974801285303568,2.4247544771808203,0.8789800137835975,0.8540389972144846,0.8423357664233577,2.4746970472776924,2.1994949494949494,2.2971726837755546,82.40135284331427,235.6261391295235,125.35657641961016,"diagnostic grid, not an unbiased selected estimate",2.2974801285303568,False
pub_logit_published_next,0.2,0,0,2.4704283117400325,2.2926425199709515,2.4902777777777776,0.9947622329427981,1.060724233983287,1.051094890510949,2.4081030150753766,2.178225367446924,2.328072555880883,88.6896514493342,239.02184532587432,135.2144669505229,"diagnostic grid, not an unbiased selected estimate",2.2926425199709515,False
pub_logit_published_next,0.25,250,3,2.3706309247455417,2.285331565719336,2.296115065243179,0.8230186078566506,0.8715877437325906,0.8204379562043796,2.22524052065648,2.17478152309613,2.074943971313312,73.8467831257713,224.1553512856738,117.43622259629667,"diagnostic grid, not an unbiased selected estimate",2.285331565719336,False
known_margin,0.2,250,3,2.7339999649602302,2.2741159238334383,2.553833674863388,0.7294279807029634,0.6902506963788301,0.7124087591240875,2.5987235633411667,2.146031746031746,2.37991417155823,97.58378460230401,263.91415806230395,139.59088208339094,"diagnostic grid, not an unbiased selected estimate",2.2741159238334383,False
pub_xgb_7y,0.25,250,3,2.55828313947235,2.324776922136658,2.273680795847751,0.8317022742935907,0.7877437325905292,0.8437956204379562,2.437453652206155,2.1947289156626506,2.1496522053797595,81.55425134754543,212.47791955244693,109.38454317940345,"diagnostic grid, not an unbiased selected estimate",2.273680795847751,False
pub_extra_7y,0.3,250,3,2.4300889152149567,2.2713509119544786,2.3535478547854782,0.9870434183321847,0.9476323119777159,0.8846715328467154,2.329383886255924,2.1166116611661168,2.254513288569016,75.78872527357622,227.3312191346351,120.28320957193853,"diagnostic grid, not an unbiased selected estimate",2.2713509119544786,False
pub_consensus_models,0.3,250,3,2.4131651061886275,2.256047375288568,2.2797572689511942,0.9793246037215714,0.9593314763231199,0.9372262773722628,2.3312252964426876,2.1678191489361702,2.1447368421052633,73.97043481076497,212.15108457204764,112.921051568164,"diagnostic grid, not an unbiased selected estimate",2.256047375288568,False
known_margin,0.18,250,3,2.812791442540484,2.253474648652846,2.560051736881005,0.6782908339076499,0.6200557103064067,0.6583941605839416,2.7128104691533874,2.1708984375,2.3570441254651784,102.71244192276036,280.6686115165516,146.1696461190322,"diagnostic grid, not an unbiased selected estimate",2.253474648652846,False
pub_logit_known_summary,0.3,250,3,2.4293745579630937,2.2458736634402583,2.3650487930148945,0.9937973811164714,0.9027855153203342,0.9474452554744527,2.3723206141684403,2.1587301587301586,2.2909688995215314,73.59371025857189,231.24524066676,115.84147160677283,"diagnostic grid, not an unbiased selected estimate",2.2458736634402583,False
known_margin,0.18,120,0,2.6003024946472144,2.243623273995332,2.3894611727416795,0.8982770503101309,0.8559888579387187,0.9211678832116789,2.480086502072446,2.1411764705882352,2.2006602129001154,96.79720441372716,314.3404381536645,138.65306978078112,"diagnostic grid, not an unbiased selected estimate",2.243623273995332,False
pub_logit_next_and_known,0.3,250,3,2.3895590244927996,2.2385641903946336,2.2498710010319916,0.9725706409372846,1.0119777158774372,0.9430656934306568,2.2978027115474524,2.1539445381082496,2.1194346031630085,73.16902518208668,197.9974032600245,111.77300190949109,"diagnostic grid, not an unbiased selected estimate",2.2385641903946336,False
pub_xgb_7y,0.3,250,3,2.4141278125647387,2.243759771416249,2.2341008771929824,0.9561681598897313,0.8930362116991644,0.9430656934306568,2.3235539488320356,2.16125,2.103378280411773,73.29569478876132,203.17731938408832,103.44072404518133,"diagnostic grid, not an unbiased selected estimate",2.2341008771929824,False
pub_blend_logit_margin,0.3,250,3,2.440425026210058,2.23699890366557,2.2273745519713257,0.9812543073742247,1.0100278551532034,0.9503649635036495,2.382037065756824,2.1802935010482183,2.1117408906882593,74.16472237917763,199.39326045024464,111.1418259266472,"diagnostic grid, not an unbiased selected estimate",2.2273745519713257,False
known_margin,0.22,250,3,2.689232128527078,2.224163166603029,2.50219298245614,0.7882839421088905,0.7565459610027855,0.7766423357664234,2.5330215690017184,2.1647355912061794,2.3685982633351057,92.62948917537611,247.36431706612984,131.19144437072686,"diagnostic grid, not an unbiased selected estimate",2.224163166603029,False
pub_blend_logit_extra,0.3,250,3,2.3980600840500137,2.2198571496144934,2.2674540682414697,0.9822191592005514,1.0178272980501393,0.927007299270073,2.3137444050007723,2.1465980560320186,2.2065585249153927,74.45747013861967,199.81165175828443,114.40239301618723,"diagnostic grid, not an unbiased selected estimate",2.2198571496144934,False
pub_logit_expand,0.3,250,3,2.4154176976745716,2.24254215304799,2.2155741869918697,0.9735354927636114,1.0022284122562675,0.9576642335766422,2.3516746411483256,2.1599169262720666,2.025423123616368,72.70154965625646,190.8644164896492,109.08467843187148,"diagnostic grid, not an unbiased selected estimate",2.2155741869918697,False
known_margin,0.25,250,3,2.5652493972929014,2.2127040116458105,2.3980884879725086,0.8799448656099242,0.8598885793871867,0.8496350364963504,2.4639276373147343,2.158365261813538,2.2914002625227594,85.37041377196267,228.90993026345487,122.32166767356313,"diagnostic grid, not an unbiased selected estimate",2.2127040116458105,False
pub_consensus_with_margin,0.3,250,3,2.45331043865976,2.2104963062125047,2.291924664602683,0.9745003445899381,0.9710306406685236,0.9430656934306568,2.378225806451613,2.137777777777778,2.2422248803827753,75.91231516784353,212.76610576464856,114.02270127589864,"diagnostic grid, not an unbiased selected estimate",2.2104963062125047,False
known_margin,0.2,120,0,2.5749799564582574,2.202331961591221,2.371228448275862,0.980289455547898,0.9827298050139276,1.0160583941605839,2.4566742271505375,2.084765177548683,2.1880648591174907,93.90114062793157,288.1084204396236,134.36671671828762,"diagnostic grid, not an unbiased selected estimate",2.202331961591221,False
pub_logit_published_next,0.3,250,3,2.312046752690188,2.2590204646942236,2.201985677083333,0.9542384562370779,1.0080779944289695,0.9343065693430657,2.267691959742169,2.15940119760479,2.0112022079714262,69.41388271342855,205.14245917715533,107.53331461115859,"diagnostic grid, not an unbiased selected estimate",2.201985677083333,False
pub_hist_7y,0.3,250,3,2.420004217951869,2.2710883826643937,2.201399842271293,0.9619572708476913,0.932033426183844,0.9255474452554744,2.3474397118697152,2.178045775789405,1.9527374995434459,73.51106430621691,205.42425396373113,102.22482476003124,"diagnostic grid, not an unbiased selected estimate",2.201399842271293,False
known_margin,0.3,250,3,2.4310141207906106,2.158962962962963,2.298242286292362,0.9995864920744314,0.9749303621169917,0.9620437956204381,2.3487954186413904,2.0634920634920637,2.207729112992271,74.95246708573943,205.79392288611845,111.15239620219211,"diagnostic grid, not an unbiased selected estimate",2.158962962962963,False
known_margin,0.2,250,0,2.627454614345491,2.154204077815189,2.3854620222544747,0.9696760854583046,1.0295264623955431,1.0058394160583943,2.487430052666228,2.035978835978836,2.208780078929906,97.91794679749808,275.28671946967967,135.56189805747448,"diagnostic grid, not an unbiased selected estimate",2.154204077815189,False
known_margin,0.18,250,0,2.662513542795233,2.1358545606084283,2.3798,0.8905582356995175,0.9242339832869081,0.9124087591240876,2.5674028592375366,2.0634920634920637,2.186188448931922,101.15884636861828,292.23588604758737,139.80267281742852,"diagnostic grid, not an unbiased selected estimate",2.1358545606084283,False
known_margin,0.18,500,0,2.6782554377544203,2.1245699251163734,2.371606182795699,0.8413507925568574,0.9515320334261838,0.9051094890510949,2.5961139407658935,2.0634920634920637,2.188763698101559,105.53155783669443,286.04494987610707,141.15019020387982,"diagnostic grid, not an unbiased selected estimate",2.1245699251163734,False
known_margin,0.2,500,0,2.6120104652113483,2.1205799071242497,2.352475845410628,0.9378359751895246,1.0626740947075208,1.0072992700729928,2.50339558573854,2.0108932461873636,2.161449077238551,99.83854592697267,268.066407234831,133.3507753365011,"diagnostic grid, not an unbiased selected estimate",2.1205799071242497,False
known_next_trend,0.18,120,0,2.1125216128927025,2.126175104768377,2.177522997835498,0.9793246037215714,0.8501392757660168,0.8992700729927008,1.8956872370266482,1.7588606570642498,2.0850945494994435,68.85073622576563,184.9669434253671,85.97792883015684,"diagnostic grid, not an unbiased selected estimate",2.1125216128927025,False
known_next_trend,0.22,250,3,2.1003333631644887,2.1139892448685904,2.1451939471440746,0.7139903514817367,0.6356545961002786,0.5708029197080292,1.9681868743047832,2.0758483033932134,1.913365231259968,63.56258562912003,173.16419673193263,93.78280104552127,"diagnostic grid, not an unbiased selected estimate",2.1003333631644887,False
pub_logit_published_next,0.4,250,0,2.121831539735099,2.0960862073035433,2.158631859756097,1.9297036526533426,2.0395543175487463,1.9153284671532844,2.088719560404807,2.0247078658217545,2.1198943304206463,62.343757704635735,174.24557807529868,97.81797834035306,"diagnostic grid, not an unbiased selected estimate",2.0960862073035433,False
known_next_range,0.2,250,3,2.102861111380451,2.0954314385686934,2.2050865800865798,0.6589937973811165,0.7292479108635097,0.5620437956204379,1.9855720675227242,1.9259259259259258,2.032477888937219,69.54733991946797,182.0344755896328,94.61451114882782,"diagnostic grid, not an unbiased selected estimate",2.0954314385686934,False
known_next_range,0.18,250,3,2.130013597957192,2.0887390280453864,2.1864909781576447,0.6155754651964163,0.6746518105849583,0.5124087591240876,2.0148857526881723,1.9123630672926448,1.9563701240775282,72.9614891200737,183.68506856206477,96.70024876426045,"diagnostic grid, not an unbiased selected estimate",2.0887390280453864,False
known_next_blend,0.18,250,3,2.0848972687260914,2.10088285960379,2.1780855199222544,0.6213645761543763,0.6707520891364902,0.5007299270072992,1.9960004922471082,1.9396825396825397,2.0250146898346344,70.77330882111174,184.81145602014695,95.94051573272576,"diagnostic grid, not an unbiased selected estimate",2.0848972687260914,False
known_next_blend,0.2,250,3,2.084548823037515,2.086845466155811,2.196789089347079,0.6647829083390766,0.7350974930362117,0.5664233576642336,1.9855720675227242,1.9134199134199135,2.100684655658478,68.99550906911905,178.53001683637055,92.7633014967333,"diagnostic grid, not an unbiased selected estimate",2.084548823037515,False
pub_logit_next_and_known,0.4,500,0,2.1515680780473927,2.082360570687419,2.1746843917368017,1.976016540317023,2.004456824512535,1.9080291970802918,2.113978494623656,2.041260292285723,2.11601943548088,63.559015897093616,167.13875395877997,99.24758010622645,"diagnostic grid, not an unbiased selected estimate",2.082360570687419,False
pub_logit_published_next,0.4,500,0,2.0999786370433666,2.081561053240741,2.1518151815181517,2.003997243280496,1.996657381615599,1.9167883211678833,2.07844183056336,2.006225173415545,2.1117825966741712,61.07801095280623,173.21732289561368,97.85409120839203,"diagnostic grid, not an unbiased selected estimate",2.081561053240741,False
known_margin,0.2,0,0,2.6111994707332884,2.0813247109543407,2.366327300150829,0.9561681598897313,1.1055710306406685,0.9678832116788321,2.5130736614566014,2.000228115198175,2.2006602129001154,100.56283174157745,255.66686752795968,135.88183933833332,"diagnostic grid, not an unbiased selected estimate",2.0813247109543407,False
pub_logit_expand,0.4,500,0,2.1594375747191212,2.081137284428669,2.157474096537781,1.9615437629221228,2.0142061281337047,1.9255474452554746,2.1435196560196563,2.0632812499999997,2.103378280411773,63.191971495126175,165.89256062011276,97.43177193089856,"diagnostic grid, not an unbiased selected estimate",2.081137284428669,False
known_next_trend,0.2,120,0,2.1050174340472414,2.076307337147446,2.1403141678796698,1.0555478980013784,0.9593314763231199,1.0029197080291972,1.9110743087557607,1.7164190138242035,2.0725085910652923,66.84761556048194,171.04566584823243,86.47122155067163,"diagnostic grid, not an unbiased selected estimate",2.076307337147446,False
known_next_trend,0.18,250,3,2.088476406637026,2.1637164124909223,2.075822884012539,0.6165403170227429,0.5303621169916435,0.4656934306569343,1.8800204003570062,2.0841045182362548,1.8035287081339715,64.39881699371028,186.68704165564998,90.96693770575156,"diagnostic grid, not an unbiased selected estimate",2.075822884012539,False
known_margin,0.18,0,0,2.619202498189447,2.072578396329252,2.365257048092869,0.8558235699517575,0.9495821727019499,0.8802919708029197,2.5513533555802748,1.9712418300653596,2.1863983969247127,104.59807241917864,280.37154841934614,141.50566269793063,"diagnostic grid, not an unbiased selected estimate",2.072578396329252,False
known_next_trend,0.2,250,3,2.1197324158288686,2.14083375613056,2.0720338983050848,0.6667126119917298,0.5693593314763231,0.5167883211678832,2.029673765559554,2.0300575319948337,1.8434101783384083,64.2515467615421,180.3194029196452,91.04981625880934,"diagnostic grid, not an unbiased selected estimate",2.0720338983050848,False
known_next_trend,0.25,250,3,2.0718885168984142,2.1157234013039257,2.1233370288248334,0.7844245348035838,0.6941504178272981,0.6583941605839416,1.9444613511868536,2.0712788259958073,1.8788603740756853,61.86652561798847,169.453480515649,90.50179230033865,"diagnostic grid, not an unbiased selected estimate",2.0718885168984142,False
pub_logit_expand,0.4,250,0,2.1672518220240273,2.0711125383572395,2.148645676219205,1.9200551343900758,2.0239554317548745,1.9357664233576641,2.149961962723469,2.0148474178403757,2.09951425400695,64.12171968978221,166.3768000358103,96.39607963237643,"diagnostic grid, not an unbiased selected estimate",2.0711125383572395,False
pub_logit_published_next,0.4,0,0,2.099601666249259,2.069542115955618,2.171940720294427,2.0155754651964166,2.002506963788301,1.8510948905109488,2.060025447197066,2.004253056884636,2.141641983747247,61.09571653999333,169.2630529040733,99.72152880628806,"diagnostic grid, not an unbiased selected estimate",2.069542115955618,False
known_next_range,0.22,250,3,2.0765608254788273,2.065956790123457,2.1342971183800623,0.6975878704341834,0.7799442896935933,0.6248175182481751,1.9801048565121413,1.9143239625167336,1.9549601275917068,68.63838399079933,172.80737713685394,92.75360606279284,"diagnostic grid, not an unbiased selected estimate",2.065956790123457,False
known_next_trend,0.18,250,0,2.0821091005192303,2.0655006858710565,2.1122706422018345,1.0275671950379048,0.9125348189415041,0.7956204379562044,1.8354123629429526,1.9560185185185186,1.9192598822539948,66.44007296532801,172.0703380589853,89.60123583776561,"diagnostic grid, not an unbiased selected estimate",2.0655006858710565,False
known_next_trend,0.2,250,0,2.086966915962549,2.0649363274035193,2.1195847130242824,1.1192281185389388,0.9905292479108635,0.8817518248175182,1.9104366463237434,1.9722222222222223,1.8735632183908044,65.34535233219869,168.32504345671126,90.01462429007813,"diagnostic grid, not an unbiased selected estimate",2.0649363274035193,False
known_next_blend,0.35,250,3,2.121624031717372,2.0641975308641975,2.084185761047463,1.0121295658166782,1.0139275766016713,0.8919708029197081,2.0479166666666666,1.9526748971193417,1.8874994974066182,63.414935323674165,169.53658505267705,92.09956316527332,"diagnostic grid, not an unbiased selected estimate",2.0641975308641975,False
pub_blend_logit_extra,0.4,500,0,2.1790150035730633,2.0631511313047866,2.1501654984423677,1.9403170227429358,2.098050139275766,1.8744525547445257,2.1316274531063644,2.0090909090909093,2.0961854870737753,65.04508846322182,173.59443504969659,98.89663655494982,"diagnostic grid, not an unbiased selected estimate",2.0631511313047866,False
known_next_trend,0.25,0,0,2.0607024517305668,2.0696783942031973,2.1784591194968552,1.4154376292212267,1.4019498607242342,0.9284671532846716,1.9160367813355554,1.9536370903277378,2.0264180264180265,65.71452678955073,168.7421482797391,95.12786239845003,"diagnostic grid, not an unbiased selected estimate",2.0607024517305668,False
known_next_trend,0.22,250,0,2.0803655490055526,2.0583333333333336,2.116752831117676,1.1944865609924191,1.0919220055710306,0.9883211678832117,1.9157930107526884,1.9861111111111112,1.9128687404549474,65.13897749551376,165.75924415454963,89.15915768253186,"diagnostic grid, not an unbiased selected estimate",2.0583333333333336,False
pub_logit_known_summary,0.4,0,0,2.19242219712512,2.056626589275843,2.1739680685358254,1.9123363197794625,2.0902506963788303,1.8744525547445257,2.1524022108843535,2.0020671834625325,2.140913781780655,65.51088387434248,180.02097778717902,100.55526704295606,"diagnostic grid, not an unbiased selected estimate",2.056626589275843,False
pub_logit_next_and_known,0.4,0,0,2.1539049983459924,2.0565604364053978,2.193768436578171,1.9702274293590627,2.012256267409471,1.8145985401459854,2.098985739342637,2.0308030803080306,2.1384472912486494,64.12046906186022,164.3220125810624,101.89025899783493,"diagnostic grid, not an unbiased selected estimate",2.0565604364053978,False
pub_blend_logit_extra,0.4,250,0,2.1895779024124167,2.0562217741460023,2.149993550051599,1.9094417643004826,2.0415041782729806,1.8861313868613137,2.1513468013468016,2.0126382306477093,2.1002147458840374,66.37435409049797,176.47787933864217,98.07271484839826,"diagnostic grid, not an unbiased selected estimate",2.0562217741460023,False
known_next_range,0.18,500,0,2.081412322358653,2.050912269201355,2.138117283950617,1.0844934527911787,1.3220055710306406,0.8277372262773723,1.928291194420227,1.9062736205593347,1.9587251828631138,74.64741127634694,177.63506435498846,97.21514810198433,"diagnostic grid, not an unbiased selected estimate",2.050912269201355,False
known_next_trend,0.22,500,0,2.073446431934681,2.049263625898138,2.1834275713516424,1.2552722260509992,1.2128133704735378,0.9036496350364963,1.8859586368366288,1.9409722222222223,2.019727724790087,65.7113183710517,166.09651197222814,94.00149730757097,"diagnostic grid, not an unbiased selected estimate",2.049263625898138,False
pub_logit_known_summary,0.4,500,0,2.1770979938555346,2.049116595508348,2.144196878147029,1.9113714679531357,2.08050139275766,1.9328467153284672,2.1563337141008665,1.9751937984496124,2.097426470588235,64.10383186868853,180.3076656141778,97.98695607847944,"diagnostic grid, not an unbiased selected estimate",2.049116595508348,False
known_next_blend,0.22,250,3,2.098538322477493,2.0479804907788446,2.148548578199052,0.7033769813921434,0.7896935933147633,0.6160583941605839,2.015628030701876,1.9143239625167336,1.9392215181688865,68.93853231974676,169.75328340427646,92.72959893788763,"diagnostic grid, not an unbiased selected estimate",2.0479804907788446,False
pub_consensus_models,0.4,500,0,2.1697065420127286,2.047695951765719,2.133313847752663,1.9287388008270159,2.012256267409471,1.8729927007299272,2.140536013400335,1.9913700107874865,2.0676532769556024,64.81298877177137,173.61034177412756,96.9755028267267,"diagnostic grid, not an unbiased selected estimate",2.047695951765719,False
known_next_range,0.18,250,0,2.101211018872618,2.047039323273891,2.1169537927350426,1.0275671950379048,1.2635097493036211,0.910948905109489,1.9330406801207694,1.8540630182421227,2.006525769373378,76.15070913195973,179.27376304529298,90.35540300549195,"diagnostic grid, not an unbiased selected estimate",2.047039323273891,False
known_next_blend,0.18,250,0,2.0950812988039935,2.0469742656122585,2.1140727124183005,1.0343211578221916,1.269359331476323,0.8934306569343066,1.9525663435563327,1.8480392156862744,1.9984674329501915,75.73105487899402,178.41480653073808,90.24489476795223,"diagnostic grid, not an unbiased selected estimate",2.0469742656122585,False
pub_logit_expand,0.4,0,0,2.1540222049084536,2.045639800853147,2.199388041733547,1.9682977257064094,2.0259052924791088,1.8189781021897808,2.1367384426982348,2.0137190407916563,2.1286799887419083,63.051962477880814,161.2229769684202,103.17993492958716,"diagnostic grid, not an unbiased selected estimate",2.045639800853147,False
pub_extra_7y,0.4,250,0,2.2035399567454292,2.0455667789001124,2.1465478046245776,1.9026878015161957,2.0376044568245124,1.8729927007299272,2.1474317988064793,1.9705916608432335,2.095573074590661,66.92340951241155,179.27529536083435,98.2903311356058,"diagnostic grid, not an unbiased selected estimate",2.0455667789001124,False
pub_blend_logit_extra,0.4,0,0,2.2024051220017737,2.044153422913398,2.184615906623235,1.8804962095106825,2.1175487465181058,1.7927007299270072,2.172032828282828,1.9869281045751634,2.135147854733705,67.0248766482921,169.9847047696923,102.78651446387364,"diagnostic grid, not an unbiased selected estimate",2.044153422913398,False
known_next_trend,0.2,500,0,2.0629597828647177,2.0435653803891154,2.208522041062802,1.1665058580289456,1.1172701949860724,0.8058394160583942,1.913515016685206,1.9261941233811446,2.0106532099803758,65.73306315858615,169.24016118215573,95.16430297666201,"diagnostic grid, not an unbiased selected estimate",2.0435653803891154,False
pub_extra_7y,0.4,500,0,2.1990793495455403,2.0432555167613704,2.1587988460529766,1.9065472088215025,2.10974930362117,1.8554744525547444,2.1474317988064793,1.9822419533851277,2.0988549773847844,66.92517558159432,175.53674934218043,100.39087881201503,"diagnostic grid, not an unbiased selected estimate",2.0432555167613704,False
known_next_blend,0.25,250,3,2.1004708195364237,2.0422471401064675,2.1550480769230766,0.771881461061337,0.8501392757660168,0.6832116788321168,1.9711197916666665,1.8927203065134102,1.9451730931607094,67.67194204224712,169.51777027319903,93.49763123200175,"diagnostic grid, not an unbiased selected estimate",2.0422471401064675,False
known_next_range,0.25,250,3,2.1187992002998874,2.042183413481819,2.1531028368794325,0.7670572019297037,0.8559888579387187,0.6861313868613139,2.0063271762424737,1.8927203065134102,1.981874472276949,68.70869425347475,163.71261904058684,93.76404795675712,"diagnostic grid, not an unbiased selected estimate",2.042183413481819,False
pub_logit_current_gate,0.18,500,0,2.119968413648489,2.0414814814814815,2.3791167664670656,0.9629221226740179,0.9261838440111421,0.9751824817518248,2.056485355648536,1.8762886597938147,2.301356969174053,63.73942536234687,118.40806888405439,113.01708550108211,"diagnostic grid, not an unbiased selected estimate",2.0414814814814815,False
known_next_trend,0.22,0,0,2.0608509598336227,2.040813587915037,2.2339432686654908,1.3334252239834596,1.2557103064066855,0.8277372262773723,1.9357651912978247,1.9351232394366198,2.0246570263255466,65.81098860370672,166.95560208550683,96.6939684005611,"diagnostic grid, not an unbiased selected estimate",2.040813587915037,False
known_next_range,0.3,250,3,2.1243311401158764,2.039274691358025,2.167285095856524,0.8944176430048243,0.935933147632312,0.7868613138686131,2.0122598641292124,1.9143637634203672,2.0261431460563313,65.70994120184119,153.4733328565746,95.5121496092943,"diagnostic grid, not an unbiased selected estimate",2.039274691358025,False
pub_logit_current_gate,0.18,120,0,2.2020917631575263,2.0351171906247503,2.2280575539568344,0.912749827705031,0.9027855153203342,1.0145985401459854,2.1214842662211084,1.9259259259259258,2.091702112320669,67.47170483226249,123.76235240710828,97.44671442087082,"diagnostic grid, not an unbiased selected estimate",2.0351171906247503,False
known_next_trend,0.2,0,0,2.055898147498773,2.034621578099839,2.2768997445721584,1.2755341144038594,1.166016713091922,0.762043795620438,1.901291633884081,1.9259259259259258,2.09046515069304,66.5184793095701,169.6158871368455,99.37236227082565,"diagnostic grid, not an unbiased selected estimate",2.034621578099839,False
known_next_blend,0.3,250,3,2.104203379473041,2.0329218106995883,2.1713135068153653,0.8992419021364577,0.9534818941504178,0.7854014598540145,1.9901471183695507,1.8820754716981132,2.0261431460563313,64.81663029993828,160.77085742620767,95.22664643866298,"diagnostic grid, not an unbiased selected estimate",2.0329218106995883,False
known_next_range,0.35,250,3,2.119929437909159,2.0329218106995883,2.0905944625407167,1.0092350103376981,1.0061281337047354,0.8963503649635036,2.046354885916277,1.9259259259259258,1.8874994974066182,63.05593539861451,153.2315653692491,91.7653670055643,"diagnostic grid, not an unbiased selected estimate",2.0329218106995883,False
pub_consensus_with_margin,0.4,250,0,2.206476024599848,2.0309481002037635,2.1327489837398375,1.893039283252929,2.0083565459610027,1.9153284671532844,2.181036229534771,1.9492988133764835,2.073152427222815,66.61773207492975,177.62071914521894,96.65064880880567,"diagnostic grid, not an unbiased selected estimate",2.0309481002037635,False
known_next_trend,0.18,500,0,2.030668880170842,2.0523570096546515,2.2661437583001325,1.0651964162646452,1.0197771587743731,0.7328467153284672,1.8363976028410773,1.9296875,2.0282610988083936,65.58966665418619,166.3364756721089,97.47101149049419,"diagnostic grid, not an unbiased selected estimate",2.030668880170842,False
known_next_blend,0.2,500,0,2.0780677029171915,2.030204000792236,2.126516990291262,1.1674707098552723,1.4584958217270194,0.9021897810218977,1.9738955823293174,1.9015471167369902,1.9874980706899215,72.4769785887919,167.63203262558952,95.07209342796853,"diagnostic grid, not an unbiased selected estimate",2.030204000792236,False
pub_logit_current_gate,0.2,120,0,2.177563431191606,2.02884781909498,2.196242806551571,1.000551343900758,0.9729805013927576,1.0992700729927007,2.1250519664089134,1.9358533791523482,2.059860325906219,66.88608433282558,126.8174389508105,94.08408417251964,"diagnostic grid, not an unbiased selected estimate",2.02884781909498,False
known_next_trend,0.3,250,3,2.106554770562292,2.0280930178000647,2.0621969696969695,0.924328049620951,0.820891364902507,0.8029197080291971,1.961367436910915,1.9845372546047146,1.8867788026767949,59.35351647330757,153.0945723144407,88.01107105461203,"diagnostic grid, not an unbiased selected estimate",2.0280930178000647,False
pub_consensus_models,0.4,0,0,2.2029240643096464,2.028086126088029,2.1625068474390576,1.8747070985527226,2.0493036211699165,1.7766423357664234,2.1620234604105573,1.9537111822865896,2.1181668543706142,66.30397113983325,170.60555336613484,100.69960583138955,"diagnostic grid, not an unbiased selected estimate",2.028086126088029,False
known_next_blend,0.18,500,0,2.065041104262033,2.025566811384467,2.1383422778771615,1.0873880082701586,1.3473537604456824,0.8160583941605839,1.9382016484297289,1.8866213151927436,1.9450732648942701,74.357133554084,174.103629792465,96.49672722125104,"diagnostic grid, not an unbiased selected estimate",2.025566811384467,False
pub_extra_7y,0.4,0,0,2.211254678951915,2.025522641233894,2.149579228243021,1.864093728463129,2.142896935933148,1.7781021897810219,2.135171261487051,1.9709084864101074,2.105107558252616,68.24245322041735,171.61692791302835,101.75651716388322,"diagnostic grid, not an unbiased selected estimate",2.025522641233894,False
known_next_range,0.22,0,0,2.108277062798398,2.022923834581394,2.1300029868578254,1.3276361130254997,1.7841225626740946,0.8145985401459853,2.025412087912088,1.8962962962962964,1.9497607655502394,73.06975716763395,148.67246373620068,97.61669182539846,"diagnostic grid, not an unbiased selected estimate",2.022923834581394,False
known_next_range,0.22,500,0,2.0846629118601387,2.02119341563786,2.1394254581475978,1.2485182632667127,1.520891364902507,0.9824817518248175,1.9818548387096777,1.8679631130146237,1.9952231676369605,71.32971125082766,163.2212315197234,95.48556909052976,"diagnostic grid, not an unbiased selected estimate",2.02119341563786,False
known_next_range,0.2,500,0,2.079786534764104,2.020576131687243,2.1149010165864097,1.1665058580289456,1.4448467966573815,0.9094890510948904,1.9736990574804196,1.888888888888889,1.9689387402933565,73.1906457519694,167.45333401779544,94.35056438196222,"diagnostic grid, not an unbiased selected estimate",2.020576131687243,False
pub_blend_logit_margin,0.4,250,0,2.1944990061180083,2.0202889313787975,2.163099315068493,1.8997932460372158,2.0395543175487463,1.9182481751824818,2.168266927499202,1.944181147972617,2.129363362599143,66.23745951490757,171.90460878437838,98.60752150724048,"diagnostic grid, not an unbiased selected estimate",2.0202889313787975,False
known_next_trend,0.18,0,0,2.0310356189838275,2.018217132141183,2.2983993902439024,1.182908339076499,1.0782729805013926,0.7182481751824817,1.8890871654083736,1.8943533697632058,2.0687987912364645,65.89303065261292,168.84301706958436,100.99491485174272,"diagnostic grid, not an unbiased selected estimate",2.018217132141183,False
known_next_range,0.18,0,0,2.0779130407381925,2.018190493230751,2.168335137085137,1.2166781529979325,1.6144846796657382,0.6744525547445256,1.9157930107526884,1.8319783197831978,2.079744816586922,72.85642438956836,156.66310913689395,103.1370607461367,"diagnostic grid, not an unbiased selected estimate",2.018190493230751,False
known_next_blend,0.22,0,0,2.1062240673806443,2.017587271179225,2.1362878787878787,1.338249483115093,1.8094707520891364,0.8029197080291971,2.0213917488968542,1.9069512862616311,1.9601134775797096,72.77791819069998,149.37464953850204,97.67337054184878,"diagnostic grid, not an unbiased selected estimate",2.017587271179225,False
known_next_range,0.25,0,0,2.1337618446420517,2.016224300960783,2.106674382716049,1.4019297036526535,1.8991643454038998,0.945985401459854,2.0361241145035005,1.9259259259259258,2.001889466225791,72.73384441510673,142.29402449922924,94.46289420010159,"diagnostic grid, not an unbiased selected estimate",2.016224300960783,False
pub_consensus_with_margin,0.4,0,0,2.2177624129293485,2.016120803999592,2.1736614331723025,1.8621640248104756,2.123398328690808,1.813138686131387,2.180494522823322,1.961264016309888,2.1213397129186604,67.33661284235058,170.66763650455994,101.59026472539763,"diagnostic grid, not an unbiased selected estimate",2.016120803999592,False
known_next_blend,0.18,0,0,2.0616934533937123,2.015940363593506,2.1824906367041197,1.2205375603032391,1.633983286908078,0.6496350364963503,1.9238088810905656,1.825494205862304,2.0381499202551834,72.72395308907622,157.85724736424774,104.33392744378779,"diagnostic grid, not an unbiased selected estimate",2.015940363593506,False
pub_consensus_with_margin,0.4,500,0,2.2033685427108707,2.0148725049036575,2.1605069659442724,1.9046175051688492,2.086350974930362,1.8861313868613137,2.1817877774399514,1.9569892473118278,2.1208464928040547,66.18564980557655,172.3215301928245,98.35268987409661,"diagnostic grid, not an unbiased selected estimate",2.0148725049036575,False
known_next_blend,0.2,0,0,2.0865960314919674,2.014335097001764,2.1666666666666665,1.2774638180565128,1.7061281337047354,0.7138686131386861,1.9818548387096777,1.8414554905782976,2.0561113527620707,72.63288491338544,153.8179508478555,102.31293170704414,"diagnostic grid, not an unbiased selected estimate",2.014335097001764,False
known_next_range,0.2,0,0,2.0929190497692156,2.0116717569292097,2.180125,1.2736044107512061,1.6788300835654595,0.7299270072992701,1.9579770695685972,1.8273092369477912,2.0676532769556024,72.54598059739594,153.07502456962595,102.77347830703063,"diagnostic grid, not an unbiased selected estimate",2.0116717569292097,False
known_next_blend,0.25,0,0,2.1121711359606268,2.010242155610648,2.099145800730308,1.4125430737422469,1.9225626740947075,0.9328467153284671,2.015628030701876,1.9351408825093037,1.989853349187475,71.66458605307501,145.32139426301188,94.16546078614091,"diagnostic grid, not an unbiased selected estimate",2.010242155610648,False
pub_logit_next_and_known,0.4,120,0,2.171340976405205,2.009402091561716,2.0572068884170793,1.9200551343900758,1.9381615598885795,2.062773722627737,2.046550643785499,1.9342089036872614,1.9395525940028562,64.96290676516196,164.12496386676736,89.86318977535235,"diagnostic grid, not an unbiased selected estimate",2.009402091561716,False
known_next_blend,0.22,500,0,2.062565689445811,2.008598438909102,2.1388681592039798,1.2523776705720195,1.548189415041783,0.9781021897810219,1.959418746195983,1.8493560946391137,1.9952231676369605,71.02839140262891,162.73436752675224,93.90666774825372,"diagnostic grid, not an unbiased selected estimate",2.008598438909102,False
pub_blend_logit_margin,0.4,0,0,2.2242273730684325,2.0069063579118422,2.1797395416999734,1.881461061337009,2.133147632311978,1.8262773722627736,2.202282244556114,1.9745158002038736,2.1596034044046677,67.02211951511818,166.47995159247483,101.60644380275191,"diagnostic grid, not an unbiased selected estimate",2.0069063579118422,False
known_next_range,0.18,120,0,2.0879421741237283,2.006172839506173,2.1259458383114294,0.9889731219848381,1.2596100278551532,1.2218978102189781,1.9818548387096777,1.872,2.0080294780839245,77.60821108374867,179.92215854679574,89.22616295411851,"diagnostic grid, not an unbiased selected estimate",2.006172839506173,False
pub_blend_logit_margin,0.4,500,0,2.1881613337160863,2.003718578015767,2.1633486472690144,1.9142660234321158,2.1038997214484683,1.9065693430656934,2.152978688724991,1.9617571059431524,2.123939393939394,65.68368853832727,167.82030193289708,99.12469615976602,"diagnostic grid, not an unbiased selected estimate",2.003718578015767,False
known_margin,0.4,500,0,2.2042291040045323,2.003138929729982,2.133246191582752,1.8949689869055826,2.0629526462395544,1.8846715328467152,2.136054852320675,1.948637316561845,2.090718283582089,65.95178409205043,171.17471809221914,98.19457007330894,"diagnostic grid, not an unbiased selected estimate",2.003138929729982,False
known_next_blend,0.18,120,0,2.0542210458919703,1.9962207105064247,2.128001200480192,0.9880082701585114,1.2420612813370475,1.2160583941605838,1.9414088215931535,1.848888888888889,2.0250146898346344,75.65722346312702,179.44297532716016,88.57406725409442,"diagnostic grid, not an unbiased selected estimate",1.9962207105064247,False
known_margin,0.4,0,0,2.1954809869140157,1.9953446977476552,2.1450212145319543,1.8882150241212956,2.10974930362117,1.835036496350365,2.121431623931624,1.9393004115226338,2.104212402664415,66.66646642413275,168.8217915503798,99.73918964567548,"diagnostic grid, not an unbiased selected estimate",1.9953446977476552,False
pub_logit_published_next,0.4,120,0,2.1168838910307217,1.993711152629715,2.0518485915492954,1.9026878015161957,1.971309192200557,2.072992700729927,2.005582252785948,1.9184466019417474,1.950635751682872,62.807363223573915,164.46335350049347,90.0572807073258,"diagnostic grid, not an unbiased selected estimate",1.993711152629715,False
known_next_blend,0.3,0,0,2.129513734814678,1.9932691968848013,2.0960804132973943,1.526395589248794,2.0493036211699165,1.0832116788321169,2.0414968652037615,1.9303030303030304,2.021195299545815,69.61561448803887,147.39444573543247,92.18506551869285,"diagnostic grid, not an unbiased selected estimate",1.9932691968848013,False
known_next_blend,0.35,500,0,2.099027029323011,1.9917268823960623,2.073871438379677,1.7299793246037218,2.068802228412256,1.4175182481751825,2.0278434983275253,1.9171717171717173,1.9828865979381443,66.58260900391127,154.77444030330312,87.4170505279368,"diagnostic grid, not an unbiased selected estimate",1.9917268823960623,False
known_next_range,0.3,0,0,2.1387454516821522,1.9914336104812294,2.0935696848646246,1.5418332184700207,2.006406685236769,1.0963503649635036,2.056485355648536,1.9214470284237726,1.9933167436900106,69.91394715825548,139.4861829035295,92.69060568268085,"diagnostic grid, not an unbiased selected estimate",1.9914336104812294,False
pub_logit_expand,0.4,120,0,2.15990652714966,1.9913715643193874,2.039423984891407,1.922949689869056,1.9557103064066852,2.0613138686131385,2.026824509172836,1.904520948164212,1.9236318365537122,63.97419199025623,159.7384987721055,89.0114508881439,"diagnostic grid, not an unbiased selected estimate",1.9913715643193874,False
known_next_range,0.35,500,0,2.10246884608562,1.9900002369612095,2.0841231215846996,1.7290144727773948,2.031754874651811,1.424817518248175,2.0222105997210598,1.9127346524606799,1.9897420115915267,66.5152959286697,146.78005356209263,88.06983127218427,"diagnostic grid, not an unbiased selected estimate",1.9900002369612095,False
known_next_trend,0.35,250,3,2.0568333577256595,1.9873777375474593,2.0788595085470085,1.047829083390765,0.9573816155988858,0.910948905109489,1.945153823178017,1.9277400255668438,1.953151653838153,57.52056588377699,145.14759658787537,90.69582440248001,"diagnostic grid, not an unbiased selected estimate",1.9873777375474593,False
pub_logit_current_gate,0.2,250,0,2.1606245718200503,1.980589170028114,2.36454058367533,0.9793246037215714,0.9846796657381616,1.0671532846715328,2.0968085979161537,1.8611111111111114,2.2688125271857333,65.5606742164386,111.49841288923241,109.42247941771473,"diagnostic grid, not an unbiased selected estimate",1.980589170028114,False
known_next_blend,0.4,250,0,2.083775901525773,1.9782943532143789,2.055725466982373,1.9461061337008958,2.031754874651811,1.8496350364963503,2.0427581863979847,1.880503144654088,1.9784477728068468,62.12256237746779,161.80460605294746,87.95290923634408,"diagnostic grid, not an unbiased selected estimate",1.9782943532143789,False
pub_extra_7y,0.4,120,0,2.1388622813826363,1.9771707718165439,2.0641815476190475,1.9345279117849759,1.9908077994428968,2.0437956204379564,2.0465984068233025,1.898390220285645,1.942615045467071,64.16925153459005,174.59720884226968,90.69346221487388,"diagnostic grid, not an unbiased selected estimate",1.9771707718165439,False
known_next_range,0.4,250,0,2.0818528899899005,1.976780074648292,2.061564960629921,1.9422467263955894,2.012256267409471,1.854014598540146,2.027125634517766,1.870899470899471,1.9732114964073728,61.89321109917773,156.89928930441718,88.887215747955,"diagnostic grid, not an unbiased selected estimate",1.976780074648292,False
known_next_trend,0.4,500,0,2.0871946761847426,1.9746472663139332,2.0353659334904424,1.9316333563059958,2.0746518105849585,1.8583941605839416,2.0077614379084965,1.921182266009852,1.9513337670787247,61.383559978759976,145.10747129612537,86.97446810296358,"diagnostic grid, not an unbiased selected estimate",1.9746472663139332,False
pub_logit_current_gate,0.18,250,0,2.1744987122884476,1.9675617968300896,2.3207445459157787,0.8683666436940042,0.8793871866295265,0.9591240875912409,2.056485355648536,1.821256038647343,2.2315876288659795,65.85744215980641,112.87009716577428,106.80236370550722,"diagnostic grid, not an unbiased selected estimate",1.9675617968300896,False
pub_logit_known_summary,0.4,120,0,2.1470918622066897,1.9664799759108704,2.050901456424712,1.9325982081323227,1.998607242339833,2.0715328467153284,2.081262287644301,1.9079025549613786,1.924233834661687,62.87970634200175,174.8591854530456,90.54570672218289,"diagnostic grid, not an unbiased selected estimate",1.9664799759108704,False
known_next_range,0.35,0,0,2.1320322528725706,1.9650958087886792,2.098139880952381,1.6277050310130943,2.133147632311978,1.2262773722627738,2.0623778638309096,1.9175157690441533,2.005468215994532,68.93852578517269,140.62306493489393,90.02250031884593,"diagnostic grid, not an unbiased selected estimate",1.9650958087886792,False
known_next_range,0.4,500,0,2.0924787133396405,1.9645061728395063,2.0829799107142857,1.9248793935217092,2.230640668523677,1.635036496350365,2.05035477879899,1.9015471167369902,1.9673261778524938,63.40686138777563,148.24134336767855,87.50600596564766,"diagnostic grid, not an unbiased selected estimate",1.9645061728395063,False
pub_blend_logit_margin,0.4,120,0,2.174619296953376,1.9622374578300144,2.056767139479905,1.9171605789110957,1.9908077994428968,2.0583941605839415,2.0663249984985286,1.7921741383778182,1.9458703548953735,64.95695474768746,161.56018617498793,90.53936525149041,"diagnostic grid, not an unbiased selected estimate",1.9622374578300144,False
pub_logit_current_gate,0.18,0,0,2.1197577684471662,1.962211486849168,2.358074886535552,0.8963473466574777,0.8969359331476323,0.9649635036496349,2.0301927616050355,1.75599128540305,2.247181899278242,62.19410350292621,106.03637756568548,113.97610476789792,"diagnostic grid, not an unbiased selected estimate",1.962211486849168,False
known_next_blend,0.4,500,0,2.082185546415592,1.958631890704118,2.067955904334828,1.9287388008270159,2.2676880222841227,1.6277372262773722,2.060283857630947,1.8902606310013719,1.9710308829926055,63.17355812976458,152.4736835925897,86.77963458015444,"diagnostic grid, not an unbiased selected estimate",1.958631890704118,False
known_next_blend,0.35,0,0,2.127318863363924,1.949426807760141,2.0894265776699026,1.6257753273604412,2.183844011142061,1.2029197080291971,2.044598157060972,1.8969957081545064,1.9834603343375277,69.0729367685787,144.63655843962633,89.41737792365728,"diagnostic grid, not an unbiased selected estimate",1.949426807760141,False
known_next_trend,0.4,0,0,2.1035642964429577,1.948072433592025,2.0351232137649458,1.8718125430737422,2.2891364902506965,1.6686131386861314,2.026694732297064,1.893144208037825,1.902387267904509,63.32805265937894,136.97059600817406,87.97621356524206,"diagnostic grid, not an unbiased selected estimate",1.948072433592025,False
pub_logit_current_gate,0.4,0,0,2.0295404042461835,1.9459679279410516,2.139685508451094,2.0387319090282565,1.983008356545961,1.7562043795620437,1.9635043309438471,1.9069512862616311,2.092582747553508,54.99491653349027,126.72929734788458,92.67901173909812,"diagnostic grid, not an unbiased selected estimate",1.9459679279410516,False
pub_logit_current_gate,0.4,500,0,2.0285639223645027,1.9448818897637796,2.08875786163522,2.0339076498966233,1.981058495821727,1.9343065693430657,1.9818548387096777,1.9047438450112197,2.037670945549123,54.60638852634976,129.4643479744343,89.81643752866613,"diagnostic grid, not an unbiased selected estimate",1.9448818897637796,False
pub_logit_current_gate,0.4,250,0,2.02937058512416,1.9394652156105554,2.100619578686493,1.9692625775327361,2.0571030640668524,1.9635036496350364,1.9963916712674503,1.8668763102725368,2.0566240960147715,54.399361175975905,137.0850902699955,89.8723456743519,"diagnostic grid, not an unbiased selected estimate",1.9394652156105554,False
known_next_range,0.4,0,0,2.1063374455183554,1.936033622274757,2.0667034178610804,1.772432804962095,2.2910863509749304,1.324087591240876,2.0511159421873124,1.875448028673835,1.9701386420191966,66.85521691548394,139.16310975401885,88.3370900560082,"diagnostic grid, not an unbiased selected estimate",1.936033622274757,False
pub_consensus_with_margin,0.4,120,0,2.1671397624869253,1.933826683826684,2.044210185838626,1.9364576154376292,2.0200557103064067,2.068613138686131,2.0416904969748053,1.803072744249215,1.9208430834497738,65.04848967183231,164.5374085226067,89.73800758567204,"diagnostic grid, not an unbiased selected estimate",1.933826683826684,False
known_next_trend,0.4,250,0,2.0504999737201723,1.9324576514498997,2.0468036529680362,1.9451412818745693,2.012256267409471,1.8116788321167883,1.9728096984515076,1.8810379241516963,1.9445315221177288,59.0867644086568,140.48396690453498,87.0745475883049,"diagnostic grid, not an unbiased selected estimate",1.9324576514498997,False
known_next_blend,0.4,0,0,2.107991116310854,1.9298272846750075,2.0563657407407403,1.7859407305306685,2.326183844011142,1.313868613138686,2.056485355648536,1.849802371541502,1.960931451372759,66.57234720883604,145.02606756724126,87.82653680908943,"diagnostic grid, not an unbiased selected estimate",1.9298272846750075,False
known_margin,0.4,120,0,2.1710661786684557,1.9284166157751677,2.0360711781206167,1.9239145416953827,2.0103064066852365,2.081751824817518,2.110217752114412,1.8594187675070029,1.9303815465935135,64.83865265843436,166.0414096292559,89.3620711999694,"diagnostic grid, not an unbiased selected estimate",1.9284166157751677,False
pub_hist_7y,0.4,120,0,2.116716827090651,1.9269105506324322,1.9744345238095236,1.9065472088215025,1.9069637883008357,2.0437956204379564,2.026242923947822,1.8708692199621282,1.8690927817354734,60.935351533604745,162.68549689834163,83.887233939759,"diagnostic grid, not an unbiased selected estimate",1.9269105506324322,False
pub_consensus_models,0.4,120,0,2.151858445787501,1.9235494131841615,2.0442339471199245,1.9210199862164026,1.975208913649025,2.0613138686131385,2.026242923947822,1.8161764705882355,1.9236318365537122,64.73377570416851,156.77819814096244,89.17208627524887,"diagnostic grid, not an unbiased selected estimate",1.9235494131841615,False
pub_logit_current_gate,0.2,250,3,2.123580370628558,1.9096134385751873,2.2513396156688836,0.6599586492074432,0.5947075208913649,0.6583941605839416,1.9918093607305936,1.782658005979998,2.0919786096256683,60.13556707138532,105.35688702912165,97.96017086385969,"diagnostic grid, not an unbiased selected estimate",1.9096134385751873,False
pub_xgb_7y,0.4,120,0,2.1386007707789436,1.901998347231613,1.9986767819336626,1.901722949689869,1.9225626740947075,2.068613138686131,2.0315884385099334,1.8385984023238926,1.9052721295507125,62.065228945728116,158.90068026189053,84.82683304221928,"diagnostic grid, not an unbiased selected estimate",1.901998347231613,False
pub_logit_current_gate,0.18,250,3,2.130596188541858,1.8973936899862827,2.172334558823529,0.5914541695382495,0.5264623955431755,0.5956204379562043,2.0002906976744184,1.6413907677702624,1.9820248480042295,59.145851893721364,106.5454829332392,93.37052153533004,"diagnostic grid, not an unbiased selected estimate",1.8973936899862827,False
pub_logit_current_gate,0.22,250,3,2.0644726052427513,1.8945868945868944,2.219544673539519,0.7168849069607167,0.6590529247910863,0.708029197080292,1.9554301075268816,1.7260656883298395,2.091171985908828,57.41031599042616,109.11175094490262,94.26219772041311,"diagnostic grid, not an unbiased selected estimate",1.8945868945868944,False
known_next_blend,0.4,120,0,2.037407362621708,1.894406096142903,1.937093212459321,1.9287388008270159,1.9459610027855152,2.0934306569343066,1.9691817320596827,1.8171150630794954,1.863194067643335,60.26894579329296,162.3625813703875,77.03299090644295,"diagnostic grid, not an unbiased selected estimate",1.894406096142903,False
pub_logit_current_gate,0.3,250,3,2.0647178017198775,1.8929430843272652,2.144736842105263,0.9696760854583046,0.9203342618384401,0.8875912408759123,2.05007249687171,1.7436786035168783,1.978550049883605,53.663830764361236,112.73887592226542,94.19217410283812,"diagnostic grid, not an unbiased selected estimate",1.8929430843272652,False
known_next_range,0.4,120,0,2.0424835925663745,1.8878590483280602,1.9428426248548198,1.9316333563059958,1.9401114206128134,2.0948905109489053,1.9691817320596827,1.8279228855721392,1.8839225198872758,60.26183751241768,158.2189147192139,77.68401781784326,"diagnostic grid, not an unbiased selected estimate",1.8878590483280602,False
pub_logit_current_gate,0.4,120,0,2.0293112845449444,1.885403627617014,1.9897460937499998,1.9461061337008958,1.961559888579387,2.0554744525547446,1.977389765046669,1.811610918877355,1.8701639797487604,57.416670892944666,129.2663874166655,80.73042609285916,"diagnostic grid, not an unbiased selected estimate",1.885403627617014,False
known_next_gate,0.18,0,0,2.0309917355371905,1.8826219512195124,1.942789034564958,2.3349414197105447,2.558217270194986,2.4496350364963506,1.9818548387096773,1.8161764705882353,1.906432748538012,56.502042031026356,141.53707765962622,77.81469084753766,"diagnostic grid, not an unbiased selected estimate",1.8826219512195124,False
known_next_gate,0.18,120,0,2.0309917355371905,1.8826219512195124,1.942789034564958,2.3349414197105447,2.558217270194986,2.4496350364963506,1.9818548387096773,1.8161764705882353,1.906432748538012,56.502042031026356,141.53707765962622,77.81469084753766,"diagnostic grid, not an unbiased selected estimate",1.8826219512195124,False
known_next_gate,0.18,250,0,2.0309917355371905,1.8826219512195124,1.942789034564958,2.3349414197105447,2.558217270194986,2.4496350364963506,1.9818548387096773,1.8161764705882353,1.906432748538012,56.502042031026356,141.53707765962622,77.81469084753766,"diagnostic grid, not an unbiased selected estimate",1.8826219512195124,False
known_next_gate,0.18,500,0,2.0309917355371905,1.8826219512195124,1.942789034564958,2.3349414197105447,2.558217270194986,2.4496350364963506,1.9818548387096773,1.8161764705882353,1.906432748538012,56.502042031026356,141.53707765962622,77.81469084753766,"diagnostic grid, not an unbiased selected estimate",1.8826219512195124,False
known_next_gate,0.2,0,0,2.0309917355371905,1.8826219512195124,1.942789034564958,2.3349414197105447,2.558217270194986,2.4496350364963506,1.9818548387096773,1.8161764705882353,1.906432748538012,56.502042031026356,141.53707765962622,77.81469084753766,"diagnostic grid, not an unbiased selected estimate",1.8826219512195124,False
known_next_gate,0.2,120,0,2.0309917355371905,1.8826219512195124,1.942789034564958,2.3349414197105447,2.558217270194986,2.4496350364963506,1.9818548387096773,1.8161764705882353,1.906432748538012,56.502042031026356,141.53707765962622,77.81469084753766,"diagnostic grid, not an unbiased selected estimate",1.8826219512195124,False
known_next_gate,0.2,250,0,2.0309917355371905,1.8826219512195124,1.942789034564958,2.3349414197105447,2.558217270194986,2.4496350364963506,1.9818548387096773,1.8161764705882353,1.906432748538012,56.502042031026356,141.53707765962622,77.81469084753766,"diagnostic grid, not an unbiased selected estimate",1.8826219512195124,False
known_next_gate,0.2,500,0,2.0309917355371905,1.8826219512195124,1.942789034564958,2.3349414197105447,2.558217270194986,2.4496350364963506,1.9818548387096773,1.8161764705882353,1.906432748538012,56.502042031026356,141.53707765962622,77.81469084753766,"diagnostic grid, not an unbiased selected estimate",1.8826219512195124,False
known_next_gate,0.22,0,0,2.0309917355371905,1.8826219512195124,1.942789034564958,2.3349414197105447,2.558217270194986,2.4496350364963506,1.9818548387096773,1.8161764705882353,1.906432748538012,56.502042031026356,141.53707765962622,77.81469084753766,"diagnostic grid, not an unbiased selected estimate",1.8826219512195124,False
known_next_gate,0.22,120,0,2.0309917355371905,1.8826219512195124,1.942789034564958,2.3349414197105447,2.558217270194986,2.4496350364963506,1.9818548387096773,1.8161764705882353,1.906432748538012,56.502042031026356,141.53707765962622,77.81469084753766,"diagnostic grid, not an unbiased selected estimate",1.8826219512195124,False
known_next_gate,0.22,250,0,2.0309917355371905,1.8826219512195124,1.942789034564958,2.3349414197105447,2.558217270194986,2.4496350364963506,1.9818548387096773,1.8161764705882353,1.906432748538012,56.502042031026356,141.53707765962622,77.81469084753766,"diagnostic grid, not an unbiased selected estimate",1.8826219512195124,False
known_next_gate,0.22,500,0,2.0309917355371905,1.8826219512195124,1.942789034564958,2.3349414197105447,2.558217270194986,2.4496350364963506,1.9818548387096773,1.8161764705882353,1.906432748538012,56.502042031026356,141.53707765962622,77.81469084753766,"diagnostic grid, not an unbiased selected estimate",1.8826219512195124,False
known_next_gate,0.25,0,0,2.0309917355371905,1.8826219512195124,1.942789034564958,2.3349414197105447,2.558217270194986,2.4496350364963506,1.9818548387096773,1.8161764705882353,1.906432748538012,56.502042031026356,141.53707765962622,77.81469084753766,"diagnostic grid, not an unbiased selected estimate",1.8826219512195124,False
known_next_gate,0.25,120,0,2.0309917355371905,1.8826219512195124,1.942789034564958,2.3349414197105447,2.558217270194986,2.4496350364963506,1.9818548387096773,1.8161764705882353,1.906432748538012,56.502042031026356,141.53707765962622,77.81469084753766,"diagnostic grid, not an unbiased selected estimate",1.8826219512195124,False
known_next_gate,0.25,250,0,2.0309917355371905,1.8826219512195124,1.942789034564958,2.3349414197105447,2.558217270194986,2.4496350364963506,1.9818548387096773,1.8161764705882353,1.906432748538012,56.502042031026356,141.53707765962622,77.81469084753766,"diagnostic grid, not an unbiased selected estimate",1.8826219512195124,False
known_next_gate,0.25,500,0,2.0309917355371905,1.8826219512195124,1.942789034564958,2.3349414197105447,2.558217270194986,2.4496350364963506,1.9818548387096773,1.8161764705882353,1.906432748538012,56.502042031026356,141.53707765962622,77.81469084753766,"diagnostic grid, not an unbiased selected estimate",1.8826219512195124,False
known_next_gate,0.3,0,0,2.0309917355371905,1.8826219512195124,1.942789034564958,2.3349414197105447,2.558217270194986,2.4496350364963506,1.9818548387096773,1.8161764705882353,1.906432748538012,56.502042031026356,141.53707765962622,77.81469084753766,"diagnostic grid, not an unbiased selected estimate",1.8826219512195124,False
known_next_gate,0.3,120,0,2.0309917355371905,1.8826219512195124,1.942789034564958,2.3349414197105447,2.558217270194986,2.4496350364963506,1.9818548387096773,1.8161764705882353,1.906432748538012,56.502042031026356,141.53707765962622,77.81469084753766,"diagnostic grid, not an unbiased selected estimate",1.8826219512195124,False
known_next_gate,0.3,250,0,2.0309917355371905,1.8826219512195124,1.942789034564958,2.3349414197105447,2.558217270194986,2.4496350364963506,1.9818548387096773,1.8161764705882353,1.906432748538012,56.502042031026356,141.53707765962622,77.81469084753766,"diagnostic grid, not an unbiased selected estimate",1.8826219512195124,False
known_next_gate,0.3,500,0,2.0309917355371905,1.8826219512195124,1.942789034564958,2.3349414197105447,2.558217270194986,2.4496350364963506,1.9818548387096773,1.8161764705882353,1.906432748538012,56.502042031026356,141.53707765962622,77.81469084753766,"diagnostic grid, not an unbiased selected estimate",1.8826219512195124,False
known_next_gate,0.35,0,0,2.0309917355371905,1.8826219512195124,1.942789034564958,2.3349414197105447,2.558217270194986,2.4496350364963506,1.9818548387096773,1.8161764705882353,1.906432748538012,56.502042031026356,141.53707765962622,77.81469084753766,"diagnostic grid, not an unbiased selected estimate",1.8826219512195124,False
known_next_gate,0.35,120,0,2.0309917355371905,1.8826219512195124,1.9393218322427126,2.3349414197105447,2.558217270194986,2.454014598540146,1.9818548387096773,1.8161764705882353,1.906432748538012,56.502042031026356,141.53707765962622,77.60070238233524,"diagnostic grid, not an unbiased selected estimate",1.8826219512195124,False
known_next_gate,0.35,250,0,2.0309917355371905,1.8826219512195124,1.942789034564958,2.3349414197105447,2.558217270194986,2.4496350364963506,1.9818548387096773,1.8161764705882353,1.906432748538012,56.502042031026356,141.53707765962622,77.81469084753766,"diagnostic grid, not an unbiased selected estimate",1.8826219512195124,False
known_next_gate,0.35,500,0,2.0309917355371905,1.8826219512195124,1.942789034564958,2.3349414197105447,2.558217270194986,2.4496350364963506,1.9818548387096773,1.8161764705882353,1.906432748538012,56.502042031026356,141.53707765962622,77.81469084753766,"diagnostic grid, not an unbiased selected estimate",1.8826219512195124,False
known_next_gate,0.4,0,0,2.0309917355371905,1.8826219512195124,1.942789034564958,2.3349414197105447,2.558217270194986,2.4496350364963506,1.9818548387096773,1.8161764705882353,1.906432748538012,56.502042031026356,141.53707765962622,77.81469084753766,"diagnostic grid, not an unbiased selected estimate",1.8826219512195124,False
known_next_gate,0.4,250,0,2.0309917355371905,1.8826219512195124,1.942789034564958,2.3349414197105447,2.558217270194986,2.4496350364963506,1.9818548387096773,1.8161764705882353,1.906432748538012,56.502042031026356,141.53707765962622,77.81469084753766,"diagnostic grid, not an unbiased selected estimate",1.8826219512195124,False
known_next_gate,0.4,500,0,2.0309917355371905,1.8826219512195124,1.942789034564958,2.3349414197105447,2.558217270194986,2.4496350364963506,1.9818548387096773,1.8161764705882353,1.906432748538012,56.502042031026356,141.53707765962622,77.81469084753766,"diagnostic grid, not an unbiased selected estimate",1.8826219512195124,False
pub_blend_logit_extra,0.4,120,0,2.158823324277468,1.8808750270738575,2.0470995288574794,1.9239145416953827,2.1116991643454037,2.065693430656934,2.0167465081963902,1.7527292576419213,1.9458703548953735,64.80824357979668,149.64838804514912,90.12843233345265,"diagnostic grid, not an unbiased selected estimate",1.8808750270738575,False
pub_logit_current_gate,0.25,250,3,2.039175049433477,1.8753703703703704,2.193937265917603,0.8143349414197106,0.7799442896935933,0.7795620437956204,2.007032667876588,1.7967719936349171,1.9915998472699503,55.48863915268029,103.70034600561289,94.91220085237208,"diagnostic grid, not an unbiased selected estimate",1.8753703703703704,False
known_next_gate,0.4,120,0,2.009403107113655,1.8337045285820341,1.8843930635838146,2.360027567195038,2.626462395543175,2.5255474452554743,1.9818548387096773,1.7769784172661873,1.8161559888579388,55.7571712221905,133.93389838756127,73.92593093858359,"diagnostic grid, not an unbiased selected estimate",1.8337045285820341,False
known_next_trend,0.4,120,0,2.000770666790349,1.6460797338604283,1.8753477261731977,1.9287388008270159,2.2286908077994427,2.0116788321167887,1.9127749576988156,1.4855006144915406,1.7972331056482094,57.005607962716134,91.35227363589341,73.7713067863864,"diagnostic grid, not an unbiased selected estimate",1.6460797338604283,False
