currency,signal_date,weekday,next_effective_date,inferred_publication_date,announcement_after_signal_date,signal,outcome,current_rate,next_rate
TJS,2024-01-10,Wednesday,2024-01-11,2024-01-10,False,False,0.0,8.24914,8.16174
TJS,2024-01-11,Thursday,2024-01-12,2024-01-11,False,False,0.0,8.16174,8.10497
TJS,2024-01-12,Friday,2024-01-13,2024-01-12,False,False,0.0,8.10497,8.04759
TJS,2024-01-13,Saturday,2024-01-16,2024-01-15,True,False,0.0,8.04759,8.006029999999999
TJS,2024-01-16,Tuesday,2024-01-17,2024-01-16,False,False,0.0,8.006029999999999,8.00352
TJS,2024-01-17,Wednesday,2024-01-18,2024-01-17,False,True,1.0,8.00352,8.06849
TJS,2024-01-18,Thursday,2024-01-19,2024-01-18,False,False,0.0,8.06849,8.09689
TJS,2024-01-19,Friday,2024-01-20,2024-01-19,False,False,0.0,8.09689,8.08653
TJS,2024-01-20,Saturday,2024-01-23,2024-01-22,True,False,0.0,8.08653,8.0302
TJS,2024-01-23,Tuesday,2024-01-24,2024-01-23,False,False,0.0,8.0302,8.02716
TJS,2024-01-24,Wednesday,2024-01-25,2024-01-24,False,True,1.0,8.02716,8.05972
TJS,2024-01-25,Thursday,2024-01-26,2024-01-25,False,True,1.0,8.05972,8.095569999999999
TJS,2024-01-26,Friday,2024-01-27,2024-01-26,False,True,1.0,8.095569999999999,8.17407
TJS,2024-01-27,Saturday,2024-01-30,2024-01-29,True,False,0.0,8.17407,8.178619999999999
TJS,2024-01-30,Tuesday,2024-01-31,2024-01-30,False,False,0.0,8.178619999999999,8.15117
TJS,2024-01-31,Wednesday,2024-02-01,2024-01-31,False,False,1.0,8.15117,8.18197
TJS,2024-02-01,Thursday,2024-02-02,2024-02-01,False,True,1.0,8.18197,8.23408
TJS,2024-02-02,Friday,2024-02-03,2024-02-02,False,False,1.0,8.23408,8.27478
TJS,2024-02-03,Saturday,2024-02-06,2024-02-05,True,True,1.0,8.27478,8.32596
TJS,2024-02-06,Tuesday,2024-02-07,2024-02-06,False,False,0.0,8.32596,8.27894
TJS,2024-02-07,Wednesday,2024-02-08,2024-02-07,False,False,1.0,8.27894,8.31962
TJS,2024-02-08,Thursday,2024-02-09,2024-02-08,False,False,0.0,8.31962,8.327960000000001
TJS,2024-02-09,Friday,2024-02-10,2024-02-09,False,False,0.0,8.327960000000001,8.2932
TJS,2024-02-10,Saturday,2024-02-13,2024-02-12,True,False,1.0,8.2932,8.31378
TJS,2024-02-13,Tuesday,2024-02-14,2024-02-13,False,False,1.0,8.31378,8.32351
TJS,2024-02-14,Wednesday,2024-02-15,2024-02-14,False,False,1.0,8.32351,8.344809999999999
TJS,2024-02-15,Thursday,2024-02-16,2024-02-15,False,True,1.0,8.344809999999999,8.382819999999999
TJS,2024-02-16,Friday,2024-02-17,2024-02-16,False,True,1.0,8.382819999999999,8.44905
TJS,2024-02-17,Saturday,2024-02-20,2024-02-19,True,False,0.0,8.44905,8.43513
TJS,2024-02-20,Tuesday,2024-02-21,2024-02-20,False,False,0.0,8.43513,8.42931
TJS,2024-02-21,Wednesday,2024-02-22,2024-02-21,False,False,0.0,8.42931,8.43596
TJS,2024-02-22,Thursday,2024-02-23,2024-02-22,False,False,0.0,8.43596,8.46323
TJS,2024-02-23,Friday,2024-02-27,2024-02-26,True,False,0.0,8.46323,8.45407
TJS,2024-02-27,Tuesday,2024-02-28,2024-02-27,False,False,0.0,8.45407,8.39819
TJS,2024-02-28,Wednesday,2024-02-29,2024-02-28,False,False,0.0,8.39819,8.38391
TJS,2024-02-29,Thursday,2024-03-01,2024-02-29,False,False,0.0,8.38391,8.29247
TJS,2024-03-01,Friday,2024-03-02,2024-03-01,False,True,0.0,8.29247,8.33541
TJS,2024-03-02,Saturday,2024-03-05,2024-03-04,True,False,0.0,8.33541,8.33524
TJS,2024-03-05,Tuesday,2024-03-06,2024-03-05,False,False,0.0,8.33524,8.31786
TJS,2024-03-06,Wednesday,2024-03-07,2024-03-06,False,False,0.0,8.31786,8.24409
TJS,2024-03-07,Thursday,2024-03-08,2024-03-07,False,True,1.0,8.24409,8.2811
TJS,2024-03-08,Friday,2024-03-12,2024-03-11,True,False,0.0,8.2811,8.27235
TJS,2024-03-12,Tuesday,2024-03-13,2024-03-12,False,False,1.0,8.27235,8.295770000000001
TJS,2024-03-13,Wednesday,2024-03-14,2024-03-13,False,True,1.0,8.295770000000001,8.35584
TJS,2024-03-14,Thursday,2024-03-15,2024-03-14,False,False,1.0,8.35584,8.364149999999999
TJS,2024-03-15,Friday,2024-03-16,2024-03-15,False,False,1.0,8.364149999999999,8.38819
TJS,2024-03-16,Saturday,2024-03-19,2024-03-18,True,False,1.0,8.38819,8.39704
TJS,2024-03-19,Tuesday,2024-03-20,2024-03-19,False,False,0.0,8.39704,8.4167
TJS,2024-03-20,Wednesday,2024-03-21,2024-03-20,False,True,0.0,8.4167,8.46132
TJS,2024-03-21,Thursday,2024-03-22,2024-03-21,False,False,0.0,8.46132,8.3915
TJS,2024-03-22,Friday,2024-03-23,2024-03-22,False,True,1.0,8.3915,8.45191
TJS,2024-03-23,Saturday,2024-03-26,2024-03-25,True,False,0.0,8.45191,8.46551
TJS,2024-03-26,Tuesday,2024-03-27,2024-03-26,False,False,0.0,8.46551,8.4482
TJS,2024-03-27,Wednesday,2024-03-28,2024-03-27,False,False,0.0,8.4482,8.44979
TJS,2024-03-28,Thursday,2024-03-29,2024-03-28,False,False,0.0,8.44979,8.42229
TJS,2024-03-29,Friday,2024-03-30,2024-03-29,False,False,1.0,8.42229,8.4344
TJS,2024-03-30,Saturday,2024-04-02,2024-04-01,True,False,0.0,8.4344,8.427589999999999
TJS,2024-04-02,Tuesday,2024-04-03,2024-04-02,False,False,0.0,8.427589999999999,8.44426
TJS,2024-04-03,Wednesday,2024-04-04,2024-04-03,False,False,0.0,8.44426,8.43252
TJS,2024-04-04,Thursday,2024-04-05,2024-04-04,False,False,0.0,8.43252,8.42675
TJS,2024-04-05,Friday,2024-04-06,2024-04-05,False,False,1.0,8.42675,8.436150000000001
TJS,2024-04-06,Saturday,2024-04-09,2024-04-08,True,False,1.0,8.436150000000001,8.45427
TJS,2024-04-09,Tuesday,2024-04-10,2024-04-09,False,False,1.0,8.45427,8.474779999999999
TJS,2024-04-10,Wednesday,2024-04-11,2024-04-10,False,True,1.0,8.474779999999999,8.518049999999999
TJS,2024-04-11,Thursday,2024-04-12,2024-04-11,False,True,1.0,8.518049999999999,8.56372
TJS,2024-04-12,Friday,2024-04-13,2024-04-12,False,False,0.0,8.56372,8.54412
TJS,2024-04-13,Saturday,2024-04-16,2024-04-15,True,False,1.0,8.54412,8.56659
TJS,2024-04-16,Tuesday,2024-04-17,2024-04-16,False,True,0.0,8.56659,8.61257
TJS,2024-04-17,Wednesday,2024-04-18,2024-04-17,False,False,0.0,8.61257,8.63458
TJS,2024-04-18,Thursday,2024-04-19,2024-04-18,False,False,0.0,8.63458,8.61358
TJS,2024-04-19,Friday,2024-04-20,2024-04-19,False,False,0.0,8.61358,8.5531
TJS,2024-04-20,Saturday,2024-04-23,2024-04-22,True,False,0.0,8.5531,8.5358
TJS,2024-04-23,Tuesday,2024-04-24,2024-04-23,False,False,0.0,8.5358,8.53406
TJS,2024-04-24,Wednesday,2024-04-25,2024-04-24,False,False,0.0,8.53406,8.46216
TJS,2024-04-25,Thursday,2024-04-26,2024-04-25,False,False,0.0,8.46216,8.42444
TJS,2024-04-26,Friday,2024-04-27,2024-04-26,False,False,0.0,8.42444,8.41365
TJS,2024-04-27,Saturday,2024-04-28,2024-04-27,False,False,0.0,8.41365,8.39753
TJS,2024-04-28,Sunday,2024-05-03,2024-05-02,True,True,0.0,8.39753,8.43092
TJS,2024-05-03,Friday,2024-05-04,2024-05-03,False,False,0.0,8.43092,8.39776
TJS,2024-05-04,Saturday,2024-05-07,2024-05-06,True,False,0.0,8.39776,8.369679999999999
TJS,2024-05-07,Tuesday,2024-05-08,2024-05-07,False,False,0.0,8.369679999999999,8.34453
TJS,2024-05-08,Wednesday,2024-05-09,2024-05-08,False,True,0.0,8.34453,8.41487
TJS,2024-05-09,Thursday,2024-05-14,2024-05-13,True,False,0.0,8.41487,8.40138
TJS,2024-05-14,Tuesday,2024-05-15,2024-05-14,False,False,0.0,8.40138,8.38257
TJS,2024-05-15,Wednesday,2024-05-16,2024-05-15,False,False,0.0,8.38257,8.37361
TJS,2024-05-16,Thursday,2024-05-17,2024-05-16,False,False,0.0,8.37361,8.34241
TJS,2024-05-17,Friday,2024-05-18,2024-05-17,False,False,0.0,8.34241,8.36388
TJS,2024-05-18,Saturday,2024-05-21,2024-05-20,True,False,0.0,8.36388,8.34318
TJS,2024-05-21,Tuesday,2024-05-22,2024-05-21,False,False,0.0,8.34318,8.33155
TJS,2024-05-22,Wednesday,2024-05-23,2024-05-22,False,False,0.0,8.33155,8.31807
TJS,2024-05-23,Thursday,2024-05-24,2024-05-23,False,False,0.0,8.31807,8.33967
TJS,2024-05-24,Friday,2024-05-25,2024-05-24,False,False,0.0,8.33967,8.295350000000001
TJS,2024-05-25,Saturday,2024-05-28,2024-05-27,True,False,0.0,8.295350000000001,8.20127
TJS,2024-05-28,Tuesday,2024-05-29,2024-05-28,False,False,0.0,8.20127,8.18934
TJS,2024-05-29,Wednesday,2024-05-30,2024-05-29,False,True,1.0,8.18934,8.27544
TJS,2024-05-30,Thursday,2024-05-31,2024-05-30,False,True,0.0,8.27544,8.33459
TJS,2024-05-31,Friday,2024-06-01,2024-05-31,False,True,0.0,8.33459,8.38102
TJS,2024-06-01,Saturday,2024-06-04,2024-06-03,True,False,0.0,8.38102,8.30357
TJS,2024-06-04,Tuesday,2024-06-05,2024-06-04,False,False,0.0,8.30357,8.24576
TJS,2024-06-05,Wednesday,2024-06-06,2024-06-05,False,False,1.0,8.24576,8.24732
TJS,2024-06-06,Thursday,2024-06-07,2024-06-06,False,False,0.0,8.24732,8.26424
TJS,2024-06-07,Friday,2024-06-08,2024-06-07,False,False,0.0,8.26424,8.26687
TJS,2024-06-08,Saturday,2024-06-11,2024-06-10,True,False,0.0,8.26687,8.28865
TJS,2024-06-11,Tuesday,2024-06-12,2024-06-11,False,False,0.0,8.28865,8.29518
TJS,2024-06-12,Wednesday,2024-06-14,2024-06-13,True,False,0.0,8.29518,8.221689999999999
TJS,2024-06-14,Friday,2024-06-15,2024-06-14,False,True,0.0,8.221689999999999,8.27988
TJS,2024-06-15,Saturday,2024-06-18,2024-06-17,True,False,0.0,8.27988,8.28086
TJS,2024-06-18,Tuesday,2024-06-19,2024-06-18,False,False,0.0,8.28086,8.09353
TJS,2024-06-19,Wednesday,2024-06-20,2024-06-19,False,False,0.0,8.09353,7.70613
TJS,2024-06-20,Thursday,2024-06-21,2024-06-20,False,True,1.0,7.70613,8.01832
TJS,2024-06-21,Friday,2024-06-22,2024-06-21,False,True,0.0,8.01832,8.26858
TJS,2024-06-22,Saturday,2024-06-25,2024-06-24,True,False,0.0,8.26858,8.20103
TJS,2024-06-25,Tuesday,2024-06-26,2024-06-25,False,False,0.0,8.20103,8.18296
TJS,2024-06-26,Wednesday,2024-06-27,2024-06-26,False,False,0.0,8.18296,8.2326
TJS,2024-06-27,Thursday,2024-06-28,2024-06-27,False,False,0.0,8.2326,7.9567
TJS,2024-06-28,Friday,2024-06-29,2024-06-28,False,True,1.0,7.9567,8.041039999999999
TJS,2024-06-29,Saturday,2024-07-02,2024-07-01,True,True,1.0,8.041039999999999,8.18631
TJS,2024-07-02,Tuesday,2024-07-03,2024-07-02,False,False,1.0,8.18631,8.248000000000001
TJS,2024-07-03,Wednesday,2024-07-04,2024-07-03,False,False,0.0,8.248000000000001,8.244110000000001
TJS,2024-07-04,Thursday,2024-07-05,2024-07-04,False,False,0.0,8.244110000000001,8.26801
TJS,2024-07-05,Friday,2024-07-06,2024-07-05,False,False,0.0,8.26801,8.26936
TJS,2024-07-06,Saturday,2024-07-09,2024-07-08,True,False,0.0,8.26936,8.2579
TJS,2024-07-09,Tuesday,2024-07-10,2024-07-09,False,False,0.0,8.2579,8.25646
TJS,2024-07-10,Wednesday,2024-07-11,2024-07-10,False,False,0.0,8.25646,8.24257
TJS,2024-07-11,Thursday,2024-07-12,2024-07-11,False,False,0.0,8.24257,8.2497
TJS,2024-07-12,Friday,2024-07-13,2024-07-12,False,False,0.0,8.2497,8.23141
TJS,2024-07-13,Saturday,2024-07-16,2024-07-15,True,False,1.0,8.23141,8.23751
TJS,2024-07-16,Tuesday,2024-07-17,2024-07-16,False,False,0.0,8.23751,8.27125
TJS,2024-07-17,Wednesday,2024-07-18,2024-07-17,False,False,0.0,8.27125,8.26194
TJS,2024-07-18,Thursday,2024-07-19,2024-07-18,False,False,0.0,8.26194,8.24455
TJS,2024-07-19,Friday,2024-07-20,2024-07-19,False,False,0.0,8.24455,8.25818
TJS,2024-07-20,Saturday,2024-07-23,2024-07-22,True,False,0.0,8.25818,8.23364
TJS,2024-07-23,Tuesday,2024-07-24,2024-07-23,False,False,0.0,8.23364,8.1864
TJS,2024-07-24,Wednesday,2024-07-25,2024-07-24,False,False,0.0,8.1864,8.1203
TJS,2024-07-25,Thursday,2024-07-26,2024-07-25,False,False,0.0,8.1203,8.01332
TJS,2024-07-26,Friday,2024-07-27,2024-07-26,False,True,1.0,8.01332,8.05393
TJS,2024-07-27,Saturday,2024-07-30,2024-07-29,True,True,1.0,8.05393,8.13162
TJS,2024-07-30,Tuesday,2024-07-31,2024-07-30,False,False,0.0,8.13162,8.12602
TJS,2024-07-31,Wednesday,2024-08-01,2024-07-31,False,False,0.0,8.12602,8.11722
TJS,2024-08-01,Thursday,2024-08-02,2024-08-01,False,False,0.0,8.11722,8.08651
TJS,2024-08-02,Friday,2024-08-03,2024-08-02,False,False,0.0,8.08651,8.08025
TJS,2024-08-03,Saturday,2024-08-06,2024-08-05,True,False,0.0,8.08025,8.01206
TJS,2024-08-06,Tuesday,2024-08-07,2024-08-06,False,True,1.0,8.01206,8.0344
TJS,2024-08-07,Wednesday,2024-08-08,2024-08-07,False,True,1.0,8.0344,8.114709999999999
TJS,2024-08-08,Thursday,2024-08-09,2024-08-08,False,True,1.0,8.114709999999999,8.17588
TJS,2024-08-09,Friday,2024-08-10,2024-08-09,False,True,1.0,8.17588,8.31046
TJS,2024-08-10,Saturday,2024-08-13,2024-08-12,True,True,1.0,8.31046,8.492180000000001
TJS,2024-08-13,Tuesday,2024-08-14,2024-08-13,False,True,0.0,8.492180000000001,8.74589
TJS,2024-08-14,Wednesday,2024-08-15,2024-08-14,False,False,0.0,8.74589,8.459959999999999
TJS,2024-08-15,Thursday,2024-08-16,2024-08-15,False,False,0.0,8.459959999999999,8.3328
TJS,2024-08-16,Friday,2024-08-17,2024-08-16,False,True,1.0,8.3328,8.34017
TJS,2024-08-17,Saturday,2024-08-20,2024-08-19,True,True,1.0,8.34017,8.399890000000001
TJS,2024-08-20,Tuesday,2024-08-21,2024-08-20,False,True,1.0,8.399890000000001,8.501059999999999
TJS,2024-08-21,Wednesday,2024-08-22,2024-08-21,False,True,1.0,8.501059999999999,8.59402
TJS,2024-08-22,Thursday,2024-08-23,2024-08-22,False,False,0.0,8.59402,8.55775
TJS,2024-08-23,Friday,2024-08-24,2024-08-23,False,True,1.0,8.55775,8.583400000000001
TJS,2024-08-24,Saturday,2024-08-27,2024-08-26,True,False,0.0,8.583400000000001,8.60117
TJS,2024-08-27,Tuesday,2024-08-28,2024-08-27,False,False,0.0,8.60117,8.573640000000001
TJS,2024-08-28,Wednesday,2024-08-29,2024-08-28,False,False,0.0,8.573640000000001,8.57494
TJS,2024-08-29,Thursday,2024-08-30,2024-08-29,False,False,0.0,8.57494,8.56655
TJS,2024-08-30,Friday,2024-08-31,2024-08-30,False,False,0.0,8.56655,8.55307
TJS,2024-08-31,Saturday,2024-09-03,2024-09-02,True,False,0.0,8.55307,8.43017
TJS,2024-09-03,Tuesday,2024-09-04,2024-09-03,False,False,0.0,8.43017,8.29807
TJS,2024-09-04,Wednesday,2024-09-05,2024-09-04,False,False,1.0,8.29807,8.34088
TJS,2024-09-05,Thursday,2024-09-06,2024-09-05,False,True,1.0,8.34088,8.413630000000001
TJS,2024-09-06,Friday,2024-09-07,2024-09-06,False,False,1.0,8.413630000000001,8.42723
TJS,2024-09-07,Saturday,2024-09-10,2024-09-09,True,True,1.0,8.42723,8.48163
TJS,2024-09-10,Tuesday,2024-09-11,2024-09-10,False,True,1.0,8.48163,8.54988
TJS,2024-09-11,Wednesday,2024-09-12,2024-09-11,False,False,0.0,8.54988,8.55939
TJS,2024-09-12,Thursday,2024-09-13,2024-09-12,False,False,0.0,8.55939,8.5447
TJS,2024-09-13,Friday,2024-09-14,2024-09-13,False,False,0.0,8.5447,8.528279999999999
TJS,2024-09-14,Saturday,2024-09-17,2024-09-16,True,False,1.0,8.528279999999999,8.55066
TJS,2024-09-17,Tuesday,2024-09-18,2024-09-17,False,True,1.0,8.55066,8.57604
TJS,2024-09-18,Wednesday,2024-09-19,2024-09-18,False,True,1.0,8.57604,8.60488
TJS,2024-09-19,Thursday,2024-09-20,2024-09-19,False,True,1.0,8.60488,8.70109
TJS,2024-09-20,Friday,2024-09-21,2024-09-20,False,False,0.0,8.70109,8.69227
TJS,2024-09-21,Saturday,2024-09-24,2024-09-23,True,True,0.0,8.69227,8.72062
TJS,2024-09-24,Tuesday,2024-09-25,2024-09-24,False,False,0.0,8.72062,8.7152
TJS,2024-09-25,Wednesday,2024-09-26,2024-09-25,False,False,0.0,8.7152,8.67346
TJS,2024-09-26,Thursday,2024-09-27,2024-09-26,False,False,1.0,8.67346,8.68001
TJS,2024-09-27,Friday,2024-09-28,2024-09-27,False,True,1.0,8.68001,8.70492
TJS,2024-09-28,Saturday,2024-10-01,2024-09-30,True,True,1.0,8.70492,8.75276
TJS,2024-10-01,Tuesday,2024-10-02,2024-10-01,False,True,1.0,8.75276,8.773520000000001
TJS,2024-10-02,Wednesday,2024-10-03,2024-10-02,False,True,1.0,8.773520000000001,8.87083
TJS,2024-10-03,Thursday,2024-10-04,2024-10-03,False,False,1.0,8.87083,8.91972
TJS,2024-10-04,Friday,2024-10-05,2024-10-04,False,False,0.0,8.91972,8.91317
TJS,2024-10-05,Saturday,2024-10-08,2024-10-07,True,True,1.0,8.91317,9.02543
TJS,2024-10-08,Tuesday,2024-10-09,2024-10-08,False,False,0.0,9.02543,9.02117
TJS,2024-10-09,Wednesday,2024-10-10,2024-10-09,False,True,0.0,9.02117,9.09937
TJS,2024-10-10,Thursday,2024-10-11,2024-10-10,False,False,0.0,9.09937,9.12995
TJS,2024-10-11,Friday,2024-10-12,2024-10-11,False,False,0.0,9.12995,9.01004
TJS,2024-10-12,Saturday,2024-10-15,2024-10-14,True,False,1.0,9.01004,9.01681
TJS,2024-10-15,Tuesday,2024-10-16,2024-10-15,False,True,0.0,9.01681,9.10168
TJS,2024-10-16,Wednesday,2024-10-17,2024-10-16,False,False,0.0,9.10168,9.12464
TJS,2024-10-17,Thursday,2024-10-18,2024-10-17,False,False,0.0,9.12464,9.12129
TJS,2024-10-18,Friday,2024-10-19,2024-10-18,False,False,0.0,9.12129,9.04655
TJS,2024-10-19,Saturday,2024-10-22,2024-10-21,True,False,0.0,9.04655,9.011759999999999
TJS,2024-10-22,Tuesday,2024-10-23,2024-10-22,False,True,1.0,9.011759999999999,9.05817
TJS,2024-10-23,Wednesday,2024-10-24,2024-10-23,False,False,0.0,9.05817,9.05689
TJS,2024-10-24,Thursday,2024-10-25,2024-10-24,False,False,1.0,9.05689,9.06648
TJS,2024-10-25,Friday,2024-10-26,2024-10-25,False,False,1.0,9.06648,9.07106
TJS,2024-10-26,Saturday,2024-10-29,2024-10-28,True,True,1.0,9.07106,9.12392
TJS,2024-10-29,Tuesday,2024-10-30,2024-10-29,False,False,0.0,9.12392,9.132259999999999
TJS,2024-10-30,Wednesday,2024-10-31,2024-10-30,False,False,0.0,9.132259999999999,9.10877
TJS,2024-10-31,Thursday,2024-11-01,2024-10-31,False,False,0.0,9.10877,9.10591
TJS,2024-11-01,Friday,2024-11-02,2024-11-01,False,False,1.0,9.10591,9.15095
TJS,2024-11-02,Saturday,2024-11-03,2024-11-02,False,False,1.0,9.15095,9.161249999999999
TJS,2024-11-03,Sunday,2024-11-06,2024-11-05,True,False,1.0,9.161249999999999,9.20681
TJS,2024-11-06,Wednesday,2024-11-07,2024-11-06,False,False,0.0,9.20681,9.22253
TJS,2024-11-07,Thursday,2024-11-08,2024-11-07,False,False,0.0,9.22253,9.20835
TJS,2024-11-08,Friday,2024-11-09,2024-11-08,False,False,0.0,9.20835,9.17995
TJS,2024-11-09,Saturday,2024-11-12,2024-11-11,True,False,1.0,9.17995,9.19377
TJS,2024-11-12,Tuesday,2024-11-13,2024-11-12,False,False,1.0,9.19377,9.193850000000001
TJS,2024-11-13,Wednesday,2024-11-14,2024-11-13,False,True,1.0,9.193850000000001,9.231100000000001
TJS,2024-11-14,Thursday,2024-11-15,2024-11-14,False,True,1.0,9.231100000000001,9.29406
TJS,2024-11-15,Friday,2024-11-16,2024-11-15,False,True,1.0,9.29406,9.38358
TJS,2024-11-16,Saturday,2024-11-19,2024-11-18,True,False,0.0,9.38358,9.3727
TJS,2024-11-19,Tuesday,2024-11-20,2024-11-19,False,False,1.0,9.3727,9.3829
TJS,2024-11-20,Wednesday,2024-11-21,2024-11-20,False,False,1.0,9.3829,9.400020000000001
TJS,2024-11-21,Thursday,2024-11-22,2024-11-21,False,True,1.0,9.400020000000001,9.44322
TJS,2024-11-22,Friday,2024-11-23,2024-11-22,False,True,1.0,9.44322,9.616119999999999
TJS,2024-11-23,Saturday,2024-11-26,2024-11-25,True,True,1.0,9.616119999999999,9.72771
TJS,2024-11-26,Tuesday,2024-11-27,2024-11-26,False,False,1.0,9.72771,9.840250000000001
TJS,2024-11-27,Wednesday,2024-11-28,2024-11-27,False,True,0.0,9.840250000000001,10.109829999999999
TJS,2024-11-28,Thursday,2024-11-29,2024-11-28,False,False,0.0,10.109829999999999,10.24622
TJS,2024-11-29,Friday,2024-11-30,2024-11-29,False,False,0.0,10.24622,9.916970000000001
TJS,2024-11-30,Saturday,2024-12-03,2024-12-02,True,False,0.0,9.916970000000001,9.83463
TJS,2024-12-03,Tuesday,2024-12-04,2024-12-03,False,False,0.0,9.83463,9.729949999999999
TJS,2024-12-04,Wednesday,2024-12-05,2024-12-04,False,False,0.0,9.729949999999999,9.55164
TJS,2024-12-05,Thursday,2024-12-06,2024-12-05,False,False,0.0,9.55164,9.46494
TJS,2024-12-06,Friday,2024-12-07,2024-12-06,False,False,0.0,9.46494,9.10537
TJS,2024-12-07,Saturday,2024-12-10,2024-12-09,True,False,1.0,9.10537,9.122910000000001
TJS,2024-12-10,Tuesday,2024-12-11,2024-12-10,False,False,1.0,9.122910000000001,9.18318
TJS,2024-12-11,Wednesday,2024-12-12,2024-12-11,False,True,1.0,9.18318,9.446819999999999
TJS,2024-12-12,Thursday,2024-12-13,2024-12-12,False,False,0.0,9.446819999999999,9.50652
TJS,2024-12-13,Friday,2024-12-14,2024-12-13,False,False,0.0,9.50652,9.45841
TJS,2024-12-14,Saturday,2024-12-17,2024-12-16,True,False,0.0,9.45841,9.42094
TJS,2024-12-17,Tuesday,2024-12-18,2024-12-17,False,False,0.0,9.42094,9.43101
TJS,2024-12-18,Wednesday,2024-12-19,2024-12-18,False,False,0.0,9.43101,9.42366
TJS,2024-12-19,Thursday,2024-12-20,2024-12-19,False,False,0.0,9.42366,9.48274
TJS,2024-12-20,Friday,2024-12-21,2024-12-20,False,False,0.0,9.48274,9.36871
TJS,2024-12-21,Saturday,2024-12-24,2024-12-23,True,False,0.0,9.36871,9.30014
TJS,2024-12-24,Tuesday,2024-12-25,2024-12-24,False,False,0.0,9.30014,9.13825
TJS,2024-12-25,Wednesday,2024-12-26,2024-12-25,False,False,0.0,9.13825,9.11443
TJS,2024-12-26,Thursday,2024-12-27,2024-12-26,False,False,0.0,9.11443,9.079139999999999
TJS,2024-12-27,Friday,2024-12-28,2024-12-27,False,True,1.0,9.079139999999999,9.19854
TJS,2024-12-28,Saturday,2024-12-29,2024-12-28,False,True,1.0,9.19854,9.30026
TJS,2024-12-29,Sunday,2025-01-10,2025-01-09,True,False,1.0,9.30026,9.35036
TJS,2025-01-10,Friday,2025-01-11,2025-01-10,False,False,0.0,9.35036,9.30854
TJS,2025-01-11,Saturday,2025-01-14,2025-01-13,True,False,1.0,9.30854,9.38419
TJS,2025-01-14,Tuesday,2025-01-15,2025-01-14,False,False,0.0,9.38419,9.45088
TJS,2025-01-15,Wednesday,2025-01-16,2025-01-15,False,False,0.0,9.45088,9.391670000000001
TJS,2025-01-16,Thursday,2025-01-17,2025-01-16,False,False,0.0,9.391670000000001,9.35224
TJS,2025-01-17,Friday,2025-01-18,2025-01-17,False,False,0.0,9.35224,9.352419999999999
TJS,2025-01-18,Saturday,2025-01-21,2025-01-20,True,False,0.0,9.352419999999999,9.3188
TJS,2025-01-21,Tuesday,2025-01-22,2025-01-21,False,False,0.0,9.3188,9.12895
TJS,2025-01-22,Wednesday,2025-01-23,2025-01-22,False,False,0.0,9.12895,8.97841
TJS,2025-01-23,Thursday,2025-01-24,2025-01-23,False,True,0.0,8.97841,9.05251
TJS,2025-01-24,Friday,2025-01-25,2025-01-24,False,False,0.0,9.05251,8.9763
TJS,2025-01-25,Saturday,2025-01-28,2025-01-27,True,False,0.0,8.9763,8.871469999999999
TJS,2025-01-28,Tuesday,2025-01-29,2025-01-28,False,True,1.0,8.871469999999999,8.94763
TJS,2025-01-29,Wednesday,2025-01-30,2025-01-29,False,False,1.0,8.94763,8.972719999999999
TJS,2025-01-30,Thursday,2025-01-31,2025-01-30,False,False,0.0,8.972719999999999,8.98678
TJS,2025-01-31,Friday,2025-02-01,2025-01-31,False,False,0.0,8.98678,8.953579999999999
TJS,2025-02-01,Saturday,2025-02-04,2025-02-03,True,True,0.0,8.953579999999999,9.147960000000001
TJS,2025-02-04,Tuesday,2025-02-05,2025-02-04,False,False,0.0,9.147960000000001,9.00566
TJS,2025-02-05,Wednesday,2025-02-06,2025-02-05,False,False,0.0,9.00566,8.96238
TJS,2025-02-06,Thursday,2025-02-07,2025-02-06,False,False,0.0,8.96238,8.85455
TJS,2025-02-07,Friday,2025-02-08,2025-02-07,False,False,0.0,8.85455,8.88992
TJS,2025-02-08,Saturday,2025-02-11,2025-02-10,True,False,0.0,8.88992,8.84598
TJS,2025-02-11,Tuesday,2025-02-12,2025-02-11,False,False,0.0,8.84598,8.75315
TJS,2025-02-12,Wednesday,2025-02-13,2025-02-12,False,False,0.0,8.75315,8.59196
TJS,2025-02-13,Thursday,2025-02-14,2025-02-13,False,False,0.0,8.59196,8.31959
TJS,2025-02-14,Friday,2025-02-15,2025-02-14,False,False,0.0,8.31959,8.25366
TJS,2025-02-15,Saturday,2025-02-18,2025-02-17,True,False,0.0,8.25366,8.35615
TJS,2025-02-18,Tuesday,2025-02-19,2025-02-18,False,False,0.0,8.35615,8.345189999999999
TJS,2025-02-19,Wednesday,2025-02-20,2025-02-19,False,False,0.0,8.345189999999999,8.25717
TJS,2025-02-20,Thursday,2025-02-21,2025-02-20,False,False,0.0,8.25717,8.082170000000001
TJS,2025-02-21,Friday,2025-02-22,2025-02-21,False,False,0.0,8.082170000000001,8.04992
TJS,2025-02-22,Saturday,2025-02-25,2025-02-24,True,False,0.0,8.04992,8.06349
TJS,2025-02-25,Tuesday,2025-02-26,2025-02-25,False,False,0.0,8.06349,7.9195400000000005
TJS,2025-02-26,Wednesday,2025-02-27,2025-02-26,False,False,0.0,7.9195400000000005,7.851380000000001
TJS,2025-02-27,Thursday,2025-02-28,2025-02-27,False,True,1.0,7.851380000000001,8.015049999999999
TJS,2025-02-28,Friday,2025-03-01,2025-02-28,False,False,1.0,8.015049999999999,8.08442
TJS,2025-03-01,Saturday,2025-03-04,2025-03-03,True,False,1.0,8.08442,8.17238
TJS,2025-03-04,Tuesday,2025-03-05,2025-03-04,False,False,0.0,8.17238,8.15527
TJS,2025-03-05,Wednesday,2025-03-06,2025-03-05,False,False,0.0,8.15527,8.2091
TJS,2025-03-06,Thursday,2025-03-07,2025-03-06,False,False,0.0,8.2091,8.189400000000001
TJS,2025-03-07,Friday,2025-03-08,2025-03-07,False,False,0.0,8.189400000000001,8.15452
TJS,2025-03-08,Saturday,2025-03-11,2025-03-10,True,False,0.0,8.15452,8.07255
TJS,2025-03-11,Tuesday,2025-03-12,2025-03-11,False,False,0.0,8.07255,7.9063
TJS,2025-03-12,Wednesday,2025-03-13,2025-03-12,False,False,0.0,7.9063,7.91654
TJS,2025-03-13,Thursday,2025-03-14,2025-03-13,False,False,0.0,7.91654,7.916410000000001
TJS,2025-03-14,Friday,2025-03-15,2025-03-14,False,False,0.0,7.916410000000001,7.828069999999999
TJS,2025-03-15,Saturday,2025-03-18,2025-03-17,True,False,0.0,7.828069999999999,7.707120000000001
TJS,2025-03-18,Tuesday,2025-03-19,2025-03-18,False,False,0.0,7.707120000000001,7.45725
TJS,2025-03-19,Wednesday,2025-03-20,2025-03-19,False,True,1.0,7.45725,7.58049
TJS,2025-03-20,Thursday,2025-03-21,2025-03-20,False,True,1.0,7.58049,7.72251
TJS,2025-03-21,Friday,2025-03-22,2025-03-21,False,False,0.0,7.72251,7.74489
TJS,2025-03-22,Saturday,2025-03-25,2025-03-24,True,False,0.0,7.74489,7.67477
TJS,2025-03-25,Tuesday,2025-03-26,2025-03-25,False,False,0.0,7.67477,7.70398
TJS,2025-03-26,Wednesday,2025-03-27,2025-03-26,False,False,0.0,7.70398,7.70522
TJS,2025-03-27,Thursday,2025-03-28,2025-03-27,False,False,0.0,7.70522,7.671200000000001
TJS,2025-03-28,Friday,2025-03-29,2025-03-28,False,False,1.0,7.671200000000001,7.67423
TJS,2025-03-29,Saturday,2025-04-01,2025-03-31,True,True,1.0,7.67423,7.840680000000001
TJS,2025-04-01,Tuesday,2025-04-02,2025-04-01,False,False,0.0,7.840680000000001,7.7833
TJS,2025-04-02,Wednesday,2025-04-03,2025-04-02,False,False,0.0,7.7833,7.750109999999999
TJS,2025-04-03,Thursday,2025-04-04,2025-04-03,False,False,0.0,7.750109999999999,7.75843
TJS,2025-04-04,Friday,2025-04-05,2025-04-04,False,False,0.0,7.75843,7.7487200000000005
TJS,2025-04-05,Saturday,2025-04-08,2025-04-07,True,True,0.0,7.7487200000000005,7.91016
TJS,2025-04-08,Tuesday,2025-04-09,2025-04-08,False,False,0.0,7.91016,7.84643
TJS,2025-04-09,Wednesday,2025-04-10,2025-04-09,False,False,0.0,7.84643,7.90846
TJS,2025-04-10,Thursday,2025-04-11,2025-04-10,False,False,0.0,7.90846,7.81303
TJS,2025-04-11,Friday,2025-04-12,2025-04-11,False,False,0.0,7.81303,7.708270000000001
TJS,2025-04-12,Saturday,2025-04-15,2025-04-14,True,False,0.0,7.708270000000001,7.601049999999999
TJS,2025-04-15,Tuesday,2025-04-16,2025-04-15,False,False,0.0,7.601049999999999,7.56631
TJS,2025-04-16,Wednesday,2025-04-17,2025-04-16,False,False,0.0,7.56631,7.5928700000000005
TJS,2025-04-17,Thursday,2025-04-18,2025-04-17,False,False,0.0,7.5928700000000005,7.55242
TJS,2025-04-18,Friday,2025-04-19,2025-04-18,False,False,0.0,7.55242,7.502339999999999
TJS,2025-04-19,Saturday,2025-04-22,2025-04-21,True,False,1.0,7.502339999999999,7.53904
TJS,2025-04-22,Tuesday,2025-04-23,2025-04-22,False,True,1.0,7.53904,7.62453
TJS,2025-04-23,Wednesday,2025-04-24,2025-04-23,False,True,1.0,7.62453,7.730849999999999
TJS,2025-04-24,Thursday,2025-04-25,2025-04-24,False,True,0.0,7.730849999999999,7.7894000000000005
TJS,2025-04-25,Friday,2025-04-26,2025-04-25,False,False,0.0,7.7894000000000005,7.77051
TJS,2025-04-26,Saturday,2025-04-29,2025-04-28,True,False,0.0,7.77051,7.77539
TJS,2025-04-29,Tuesday,2025-04-30,2025-04-29,False,False,0.0,7.77539,7.695
TJS,2025-04-30,Wednesday,2025-05-01,2025-04-30,False,False,1.0,7.695,7.7012
TJS,2025-05-01,Thursday,2025-05-06,2025-05-05,True,True,1.0,7.7012,7.885339999999999
TJS,2025-05-06,Tuesday,2025-05-07,2025-05-06,False,False,0.0,7.885339999999999,7.77495
TJS,2025-05-07,Wednesday,2025-05-08,2025-05-07,False,False,0.0,7.77495,7.75915
TJS,2025-05-08,Thursday,2025-05-13,2025-05-12,True,False,0.0,7.75915,7.766
TJS,2025-05-13,Tuesday,2025-05-14,2025-05-13,False,False,0.0,7.766,7.73352
TJS,2025-05-14,Wednesday,2025-05-15,2025-05-14,False,False,0.0,7.73352,7.71552
TJS,2025-05-15,Thursday,2025-05-16,2025-05-15,False,False,1.0,7.71552,7.72415
TJS,2025-05-16,Friday,2025-05-17,2025-05-16,False,False,1.0,7.72415,7.77761
TJS,2025-05-17,Saturday,2025-05-20,2025-05-19,True,False,0.0,7.77761,7.7501999999999995
TJS,2025-05-20,Tuesday,2025-05-21,2025-05-20,False,False,0.0,7.7501999999999995,7.77736
TJS,2025-05-21,Wednesday,2025-05-22,2025-05-21,False,False,0.0,7.77736,7.73287
TJS,2025-05-22,Thursday,2025-05-23,2025-05-22,False,False,1.0,7.73287,7.74088
TJS,2025-05-23,Friday,2025-05-24,2025-05-23,False,False,1.0,7.74088,7.7575199999999995
TJS,2025-05-24,Saturday,2025-05-27,2025-05-26,True,False,1.0,7.7575199999999995,7.79021
TJS,2025-05-27,Tuesday,2025-05-28,2025-05-27,False,True,1.0,7.79021,7.825749999999999
TJS,2025-05-28,Wednesday,2025-05-29,2025-05-28,False,False,1.0,7.825749999999999,7.86404
TJS,2025-05-29,Thursday,2025-05-30,2025-05-29,False,False,0.0,7.86404,7.84029
TJS,2025-05-30,Friday,2025-05-31,2025-05-30,False,False,1.0,7.84029,7.873600000000001
TJS,2025-05-31,Saturday,2025-06-03,2025-06-02,True,True,1.0,7.873600000000001,7.96125
TJS,2025-06-03,Tuesday,2025-06-04,2025-06-03,False,False,0.0,7.96125,7.97231
TJS,2025-06-04,Wednesday,2025-06-05,2025-06-04,False,False,0.0,7.97231,7.93668
TJS,2025-06-05,Thursday,2025-06-06,2025-06-05,False,True,0.0,7.93668,8.00445
TJS,2025-06-06,Friday,2025-06-07,2025-06-06,False,False,0.0,8.00445,8.00881
TJS,2025-06-07,Saturday,2025-06-10,2025-06-09,True,False,0.0,8.00881,7.98965
TJS,2025-06-10,Tuesday,2025-06-11,2025-06-10,False,False,0.0,7.98965,7.91528
TJS,2025-06-11,Wednesday,2025-06-12,2025-06-11,False,False,0.0,7.91528,7.95581
TJS,2025-06-12,Thursday,2025-06-17,2025-06-16,True,False,0.0,7.95581,7.74274
TJS,2025-06-17,Tuesday,2025-06-18,2025-06-17,False,False,1.0,7.74274,7.775320000000001
TJS,2025-06-18,Wednesday,2025-06-19,2025-06-18,False,False,1.0,7.775320000000001,7.804309999999999
TJS,2025-06-19,Thursday,2025-06-20,2025-06-19,False,True,1.0,7.804309999999999,7.918550000000001
TJS,2025-06-20,Friday,2025-06-21,2025-06-20,False,False,0.0,7.918550000000001,7.920170000000001
TJS,2025-06-21,Saturday,2025-06-24,2025-06-23,True,False,0.0,7.920170000000001,7.90831
TJS,2025-06-24,Tuesday,2025-06-25,2025-06-24,False,False,0.0,7.90831,7.91418
TJS,2025-06-25,Wednesday,2025-06-26,2025-06-25,False,False,0.0,7.91418,7.8946700000000005
TJS,2025-06-26,Thursday,2025-06-27,2025-06-26,False,False,1.0,7.8946700000000005,7.90001
TJS,2025-06-27,Friday,2025-06-28,2025-06-27,False,False,1.0,7.90001,7.92595
TJS,2025-06-28,Saturday,2025-07-01,2025-06-30,True,False,1.0,7.92595,7.9319999999999995
TJS,2025-07-01,Tuesday,2025-07-02,2025-07-01,False,False,1.0,7.9319999999999995,7.95848
TJS,2025-07-02,Wednesday,2025-07-03,2025-07-02,False,False,1.0,7.95848,7.97684
TJS,2025-07-03,Thursday,2025-07-04,2025-07-03,False,True,1.0,7.97684,8.06039
TJS,2025-07-04,Friday,2025-07-05,2025-07-04,False,False,0.0,8.06039,8.06575
TJS,2025-07-05,Saturday,2025-07-08,2025-07-07,True,False,0.0,8.06575,8.08779
TJS,2025-07-08,Tuesday,2025-07-09,2025-07-08,False,False,0.0,8.08779,8.09773
TJS,2025-07-09,Wednesday,2025-07-10,2025-07-09,False,False,0.0,8.09773,8.0982
TJS,2025-07-10,Thursday,2025-07-11,2025-07-10,False,False,0.0,8.0982,8.05948
TJS,2025-07-11,Friday,2025-07-12,2025-07-11,False,False,0.0,8.05948,8.040040000000001
TJS,2025-07-12,Saturday,2025-07-15,2025-07-14,True,True,1.0,8.040040000000001,8.09028
TJS,2025-07-15,Tuesday,2025-07-16,2025-07-15,False,False,1.0,8.09028,8.12439
TJS,2025-07-16,Wednesday,2025-07-17,2025-07-16,False,False,1.0,8.12439,8.1244
TJS,2025-07-17,Thursday,2025-07-18,2025-07-17,False,False,1.0,8.1244,8.15759
TJS,2025-07-18,Friday,2025-07-19,2025-07-18,False,False,0.0,8.15759,8.156740000000001
TJS,2025-07-19,Saturday,2025-07-22,2025-07-21,True,False,0.0,8.156740000000001,8.17511
TJS,2025-07-22,Tuesday,2025-07-23,2025-07-22,False,False,0.0,8.17511,8.15015
TJS,2025-07-23,Wednesday,2025-07-24,2025-07-23,False,True,1.0,8.15015,8.1857
TJS,2025-07-24,Thursday,2025-07-25,2025-07-24,False,True,1.0,8.1857,8.22897
TJS,2025-07-25,Friday,2025-07-26,2025-07-25,False,True,1.0,8.22897,8.34026
TJS,2025-07-26,Saturday,2025-07-29,2025-07-28,True,False,0.0,8.34026,8.33917
TJS,2025-07-29,Tuesday,2025-07-30,2025-07-29,False,True,1.0,8.33917,8.61598
TJS,2025-07-30,Wednesday,2025-07-31,2025-07-30,False,False,0.0,8.61598,8.58959
TJS,2025-07-31,Thursday,2025-08-01,2025-07-31,False,False,0.0,8.58959,8.430209999999999
TJS,2025-08-01,Friday,2025-08-02,2025-08-01,False,False,0.0,8.430209999999999,8.45425
TJS,2025-08-02,Saturday,2025-08-05,2025-08-04,True,False,0.0,8.45425,8.39712
TJS,2025-08-05,Tuesday,2025-08-06,2025-08-05,False,True,1.0,8.39712,8.46828
TJS,2025-08-06,Wednesday,2025-08-07,2025-08-06,False,True,0.0,8.46828,8.542539999999999
TJS,2025-08-07,Thursday,2025-08-08,2025-08-07,False,False,0.0,8.542539999999999,8.456610000000001
TJS,2025-08-08,Friday,2025-08-09,2025-08-08,False,False,1.0,8.456610000000001,8.50629
TJS,2025-08-09,Saturday,2025-08-12,2025-08-11,True,False,0.0,8.50629,8.50015
TJS,2025-08-12,Tuesday,2025-08-13,2025-08-12,False,False,1.0,8.50015,8.53136
TJS,2025-08-13,Wednesday,2025-08-14,2025-08-13,False,False,0.0,8.53136,8.510250000000001
TJS,2025-08-14,Thursday,2025-08-15,2025-08-14,False,False,1.0,8.510250000000001,8.52795
TJS,2025-08-15,Friday,2025-08-16,2025-08-15,False,False,1.0,8.52795,8.56111
TJS,2025-08-16,Saturday,2025-08-19,2025-08-18,True,False,0.0,8.56111,8.59661
TJS,2025-08-19,Tuesday,2025-08-20,2025-08-19,False,False,0.0,8.59661,8.58817
TJS,2025-08-20,Wednesday,2025-08-21,2025-08-20,False,False,0.0,8.58817,8.55077
TJS,2025-08-21,Thursday,2025-08-22,2025-08-21,False,False,0.0,8.55077,8.53067
TJS,2025-08-22,Friday,2025-08-23,2025-08-22,False,False,0.0,8.53067,8.58328
TJS,2025-08-23,Saturday,2025-08-26,2025-08-25,True,False,0.0,8.58328,8.44427
TJS,2025-08-26,Tuesday,2025-08-27,2025-08-26,False,False,0.0,8.44427,8.38524
TJS,2025-08-27,Wednesday,2025-08-28,2025-08-27,False,False,0.0,8.38524,8.37529
TJS,2025-08-28,Thursday,2025-08-29,2025-08-28,False,False,0.0,8.37529,8.36678
TJS,2025-08-29,Friday,2025-08-30,2025-08-29,False,True,1.0,8.36678,8.40465
TJS,2025-08-30,Saturday,2025-09-02,2025-09-01,True,True,1.0,8.40465,8.50161
TJS,2025-09-02,Tuesday,2025-09-03,2025-09-02,False,True,1.0,8.50161,8.558240000000001
TJS,2025-09-03,Wednesday,2025-09-04,2025-09-03,False,False,1.0,8.558240000000001,8.59536
TJS,2025-09-04,Thursday,2025-09-05,2025-09-04,False,False,0.0,8.59536,8.590300000000001
TJS,2025-09-05,Friday,2025-09-06,2025-09-05,False,False,1.0,8.590300000000001,8.61755
TJS,2025-09-06,Saturday,2025-09-09,2025-09-08,True,True,1.0,8.61755,8.6981
TJS,2025-09-09,Tuesday,2025-09-10,2025-09-09,False,True,1.0,8.6981,8.793470000000001
TJS,2025-09-10,Wednesday,2025-09-11,2025-09-10,False,True,0.0,8.793470000000001,8.97079
TJS,2025-09-11,Thursday,2025-09-12,2025-09-11,False,False,0.0,8.97079,9.00407
TJS,2025-09-12,Friday,2025-09-13,2025-09-12,False,False,0.0,9.00407,8.86901
TJS,2025-09-13,Saturday,2025-09-16,2025-09-15,True,False,0.0,8.86901,8.730889999999999
TJS,2025-09-16,Tuesday,2025-09-17,2025-09-16,False,False,1.0,8.730889999999999,8.74895
TJS,2025-09-17,Wednesday,2025-09-18,2025-09-17,False,False,1.0,8.74895,8.76614
TJS,2025-09-18,Thursday,2025-09-19,2025-09-18,False,False,1.0,8.76614,8.81307
TJS,2025-09-19,Friday,2025-09-20,2025-09-19,False,False,1.0,8.81307,8.86177
TJS,2025-09-20,Saturday,2025-09-23,2025-09-22,True,False,0.0,8.86177,8.91198
TJS,2025-09-23,Tuesday,2025-09-24,2025-09-23,False,False,0.0,8.91198,8.84403
TJS,2025-09-24,Wednesday,2025-09-25,2025-09-24,False,True,0.0,8.84403,8.920359999999999
TJS,2025-09-25,Thursday,2025-09-26,2025-09-25,False,False,0.0,8.920359999999999,8.89085
TJS,2025-09-26,Friday,2025-09-27,2025-09-26,False,False,0.0,8.89085,8.89137
TJS,2025-09-27,Saturday,2025-09-30,2025-09-29,True,False,0.0,8.89137,8.8173
TJS,2025-09-30,Tuesday,2025-10-01,2025-09-30,False,False,0.0,8.8173,8.789719999999999
TJS,2025-10-01,Wednesday,2025-10-02,2025-10-01,False,False,0.0,8.789719999999999,8.683629999999999
TJS,2025-10-02,Thursday,2025-10-03,2025-10-02,False,False,0.0,8.683629999999999,8.64128
TJS,2025-10-03,Friday,2025-10-04,2025-10-03,False,True,1.0,8.64128,8.79043
TJS,2025-10-04,Saturday,2025-10-07,2025-10-06,True,True,0.0,8.79043,8.91036
TJS,2025-10-07,Tuesday,2025-10-08,2025-10-07,False,False,0.0,8.91036,8.79602
TJS,2025-10-08,Wednesday,2025-10-09,2025-10-08,False,False,0.0,8.79602,8.75239
TJS,2025-10-09,Thursday,2025-10-10,2025-10-09,False,False,0.0,8.75239,8.74017
TJS,2025-10-10,Friday,2025-10-11,2025-10-10,False,False,0.0,8.74017,8.73798
TJS,2025-10-11,Saturday,2025-10-14,2025-10-13,True,False,0.0,8.73798,8.72653
TJS,2025-10-14,Tuesday,2025-10-15,2025-10-14,False,False,0.0,8.72653,8.64383
TJS,2025-10-15,Wednesday,2025-10-16,2025-10-15,False,False,0.0,8.64383,8.524519999999999
TJS,2025-10-16,Thursday,2025-10-17,2025-10-16,False,False,1.0,8.524519999999999,8.566930000000001
TJS,2025-10-17,Friday,2025-10-18,2025-10-17,False,True,1.0,8.566930000000001,8.77945
TJS,2025-10-18,Saturday,2025-10-21,2025-10-20,True,False,0.0,8.77945,8.82831
TJS,2025-10-21,Tuesday,2025-10-22,2025-10-21,False,False,0.0,8.82831,8.83127
TJS,2025-10-22,Wednesday,2025-10-23,2025-10-22,False,False,0.0,8.83127,8.86464
TJS,2025-10-23,Thursday,2025-10-24,2025-10-23,False,False,0.0,8.86464,8.78669
TJS,2025-10-24,Friday,2025-10-25,2025-10-24,False,False,0.0,8.78669,8.75451
TJS,2025-10-25,Saturday,2025-10-28,2025-10-27,True,False,0.0,8.75451,8.47804
TJS,2025-10-28,Tuesday,2025-10-29,2025-10-28,False,True,1.0,8.47804,8.58676
TJS,2025-10-29,Wednesday,2025-10-30,2025-10-29,False,False,0.0,8.58676,8.54762
TJS,2025-10-30,Thursday,2025-10-31,2025-10-30,False,True,1.0,8.54762,8.669830000000001
TJS,2025-10-31,Friday,2025-11-01,2025-10-31,False,False,1.0,8.669830000000001,8.723749999999999
TJS,2025-11-01,Saturday,2025-11-02,2025-11-01,False,False,1.0,8.723749999999999,8.72774
TJS,2025-11-02,Sunday,2025-11-06,2025-11-05,True,False,1.0,8.72774,8.75461
TJS,2025-11-06,Thursday,2025-11-07,2025-11-06,False,False,0.0,8.75461,8.77318
TJS,2025-11-07,Friday,2025-11-08,2025-11-07,False,False,0.0,8.77318,8.75692
TJS,2025-11-08,Saturday,2025-11-11,2025-11-10,True,False,0.0,8.75692,8.734010000000001
TJS,2025-11-11,Tuesday,2025-11-12,2025-11-11,False,False,0.0,8.734010000000001,8.76693
TJS,2025-11-12,Wednesday,2025-11-13,2025-11-12,False,False,0.0,8.76693,8.75928
TJS,2025-11-13,Thursday,2025-11-14,2025-11-13,False,False,0.0,8.75928,8.68601
TJS,2025-11-14,Friday,2025-11-15,2025-11-14,False,True,1.0,8.68601,8.74276
TJS,2025-11-15,Saturday,2025-11-18,2025-11-17,True,False,0.0,8.74276,8.74389
TJS,2025-11-18,Tuesday,2025-11-19,2025-11-18,False,False,0.0,8.74389,8.73208
TJS,2025-11-19,Wednesday,2025-11-20,2025-11-19,False,False,0.0,8.73208,8.72043
TJS,2025-11-20,Thursday,2025-11-21,2025-11-20,False,False,0.0,8.72043,8.69686
TJS,2025-11-21,Friday,2025-11-22,2025-11-21,False,False,0.0,8.69686,8.50559
TJS,2025-11-22,Saturday,2025-11-25,2025-11-24,True,False,0.0,8.50559,8.49381
TJS,2025-11-25,Tuesday,2025-11-26,2025-11-25,False,False,0.0,8.49381,8.49798
TJS,2025-11-26,Wednesday,2025-11-27,2025-11-26,False,False,0.0,8.49798,8.45844
TJS,2025-11-27,Thursday,2025-11-28,2025-11-27,False,False,0.0,8.45844,8.42661
TJS,2025-11-28,Friday,2025-11-29,2025-11-28,False,False,0.0,8.42661,8.42425
TJS,2025-11-29,Saturday,2025-12-02,2025-12-01,True,False,0.0,8.42425,8.382439999999999
TJS,2025-12-02,Tuesday,2025-12-03,2025-12-02,False,False,0.0,8.382439999999999,8.35659
TJS,2025-12-03,Wednesday,2025-12-04,2025-12-03,False,True,0.0,8.35659,8.42262
TJS,2025-12-04,Thursday,2025-12-05,2025-12-04,False,False,0.0,8.42262,8.32072
TJS,2025-12-05,Friday,2025-12-06,2025-12-05,False,False,0.0,8.32072,8.22937
TJS,2025-12-06,Saturday,2025-12-09,2025-12-08,True,True,1.0,8.22937,8.35694
TJS,2025-12-09,Tuesday,2025-12-10,2025-12-09,False,False,0.0,8.35694,8.32251
TJS,2025-12-10,Wednesday,2025-12-11,2025-12-10,False,True,1.0,8.32251,8.43967
TJS,2025-12-11,Thursday,2025-12-12,2025-12-11,False,True,1.0,8.43967,8.59968
TJS,2025-12-12,Friday,2025-12-13,2025-12-12,False,False,1.0,8.59968,8.631359999999999
TJS,2025-12-13,Saturday,2025-12-16,2025-12-15,True,False,0.0,8.631359999999999,8.601040000000001
TJS,2025-12-16,Tuesday,2025-12-17,2025-12-16,False,False,0.0,8.601040000000001,8.615359999999999
TJS,2025-12-17,Wednesday,2025-12-18,2025-12-17,False,True,0.0,8.615359999999999,8.69996
TJS,2025-12-18,Thursday,2025-12-19,2025-12-18,False,False,0.0,8.69996,8.66286
TJS,2025-12-19,Friday,2025-12-20,2025-12-19,False,True,0.0,8.66286,8.73643
TJS,2025-12-20,Saturday,2025-12-23,2025-12-22,True,False,0.0,8.73643,8.584109999999999
TJS,2025-12-23,Tuesday,2025-12-24,2025-12-23,False,False,0.0,8.584109999999999,8.50515
TJS,2025-12-24,Wednesday,2025-12-25,2025-12-24,False,False,0.0,8.50515,8.48507
TJS,2025-12-25,Thursday,2025-12-26,2025-12-25,False,False,0.0,8.48507,8.42066
TJS,2025-12-26,Friday,2025-12-27,2025-12-26,False,False,0.0,8.42066,8.40162
TJS,2025-12-27,Saturday,2025-12-30,2025-12-29,True,False,0.0,8.40162,8.37505
TJS,2025-12-30,Tuesday,2025-12-31,2025-12-30,False,True,1.0,8.37505,8.455929999999999
TJS,2025-12-31,Wednesday,2026-01-13,2026-01-12,True,False,0.0,8.455929999999999,8.43554
TJS,2026-01-13,Tuesday,2026-01-14,2026-01-13,False,False,0.0,8.43554,8.43868
TJS,2026-01-14,Wednesday,2026-01-15,2026-01-14,False,False,0.0,8.43868,8.408
TJS,2026-01-15,Thursday,2026-01-16,2026-01-15,False,False,0.0,8.408,8.40492
TJS,2026-01-16,Friday,2026-01-17,2026-01-16,False,False,0.0,8.40492,8.34315
TJS,2026-01-17,Saturday,2026-01-20,2026-01-19,True,False,0.0,8.34315,8.33515
TJS,2026-01-20,Tuesday,2026-01-21,2026-01-20,False,False,0.0,8.33515,8.34465
TJS,2026-01-21,Wednesday,2026-01-22,2026-01-21,False,False,0.0,8.34465,8.30068
TJS,2026-01-22,Thursday,2026-01-23,2026-01-22,False,False,0.0,8.30068,8.13556
TJS,2026-01-23,Friday,2026-01-24,2026-01-23,False,False,0.0,8.13556,8.1155
TJS,2026-01-24,Saturday,2026-01-27,2026-01-26,True,False,0.0,8.1155,8.124559999999999
TJS,2026-01-27,Tuesday,2026-01-28,2026-01-27,False,True,0.0,8.124559999999999,8.18151
TJS,2026-01-28,Wednesday,2026-01-29,2026-01-28,False,False,0.0,8.18151,8.155240000000001
TJS,2026-01-29,Thursday,2026-01-30,2026-01-29,False,False,0.0,8.155240000000001,8.107009999999999
TJS,2026-01-30,Friday,2026-01-31,2026-01-30,False,False,0.0,8.107009999999999,8.081520000000001
TJS,2026-01-31,Saturday,2026-02-03,2026-02-02,True,True,1.0,8.081520000000001,8.21913
TJS,2026-02-03,Tuesday,2026-02-04,2026-02-03,False,False,0.0,8.21913,8.22419
TJS,2026-02-04,Wednesday,2026-02-05,2026-02-04,False,False,0.0,8.22419,8.21655
TJS,2026-02-05,Thursday,2026-02-06,2026-02-05,False,False,0.0,8.21655,8.16358
TJS,2026-02-06,Friday,2026-02-07,2026-02-06,False,True,1.0,8.16358,8.21471
TJS,2026-02-07,Saturday,2026-02-10,2026-02-09,True,True,0.0,8.21471,8.282779999999999
TJS,2026-02-10,Tuesday,2026-02-11,2026-02-10,False,False,0.0,8.282779999999999,8.21951
TJS,2026-02-11,Wednesday,2026-02-12,2026-02-11,False,False,0.0,8.21951,8.2355
TJS,2026-02-12,Thursday,2026-02-13,2026-02-12,False,False,0.0,8.2355,8.19066
TJS,2026-02-13,Friday,2026-02-14,2026-02-13,False,False,0.0,8.19066,8.17201
TJS,2026-02-14,Saturday,2026-02-17,2026-02-16,True,False,0.0,8.17201,8.11121
TJS,2026-02-17,Tuesday,2026-02-18,2026-02-17,False,False,0.0,8.11121,8.11554
TJS,2026-02-18,Wednesday,2026-02-19,2026-02-18,False,False,0.0,8.11554,8.057599999999999
TJS,2026-02-19,Thursday,2026-02-20,2026-02-19,False,True,1.0,8.057599999999999,8.103159999999999
TJS,2026-02-20,Friday,2026-02-21,2026-02-20,False,False,0.0,8.103159999999999,8.11537
TJS,2026-02-21,Saturday,2026-02-25,2026-02-24,True,False,0.0,8.11537,8.09736
TJS,2026-02-25,Wednesday,2026-02-26,2026-02-25,False,False,0.0,8.09736,8.06827
TJS,2026-02-26,Thursday,2026-02-27,2026-02-26,False,True,1.0,8.06827,8.12167
TJS,2026-02-27,Friday,2026-02-28,2026-02-27,False,False,0.0,8.12167,8.12474
TJS,2026-02-28,Saturday,2026-03-03,2026-03-02,True,False,0.0,8.12474,8.099979999999999
TJS,2026-03-03,Tuesday,2026-03-04,2026-03-03,False,True,1.0,8.099979999999999,8.132850000000001
TJS,2026-03-04,Wednesday,2026-03-05,2026-03-04,False,False,1.0,8.132850000000001,8.14047
TJS,2026-03-05,Thursday,2026-03-06,2026-03-05,False,False,1.0,8.14047,8.16614
TJS,2026-03-06,Friday,2026-03-07,2026-03-06,False,True,1.0,8.16614,8.2664
TJS,2026-03-07,Saturday,2026-03-11,2026-03-10,True,False,0.0,8.2664,8.20119
TJS,2026-03-11,Wednesday,2026-03-12,2026-03-11,False,True,1.0,8.20119,8.236509999999999
TJS,2026-03-12,Thursday,2026-03-13,2026-03-12,False,False,0.0,8.236509999999999,8.22673
TJS,2026-03-13,Friday,2026-03-14,2026-03-13,False,True,1.0,8.22673,8.34542
TJS,2026-03-14,Saturday,2026-03-17,2026-03-16,True,True,1.0,8.34542,8.436910000000001
TJS,2026-03-17,Tuesday,2026-03-18,2026-03-17,False,True,1.0,8.436910000000001,8.52327
TJS,2026-03-18,Wednesday,2026-03-19,2026-03-18,False,True,0.0,8.52327,8.65174
TJS,2026-03-19,Thursday,2026-03-20,2026-03-19,False,True,0.0,8.65174,8.82992
TJS,2026-03-20,Friday,2026-03-21,2026-03-20,False,False,0.0,8.82992,8.80604
TJS,2026-03-21,Saturday,2026-03-24,2026-03-23,True,False,0.0,8.80604,8.80604
TJS,2026-03-24,Tuesday,2026-03-25,2026-03-24,False,False,0.0,8.80604,8.48757
TJS,2026-03-25,Wednesday,2026-03-26,2026-03-25,False,False,0.0,8.48757,8.46229
TJS,2026-03-26,Thursday,2026-03-27,2026-03-26,False,True,0.0,8.46229,8.610330000000001
TJS,2026-03-27,Friday,2026-03-28,2026-03-27,False,False,0.0,8.610330000000001,8.50685
TJS,2026-03-28,Saturday,2026-03-31,2026-03-30,True,False,0.0,8.50685,8.46996
TJS,2026-03-31,Tuesday,2026-04-01,2026-03-31,False,False,0.0,8.46996,8.46526
TJS,2026-04-01,Wednesday,2026-04-02,2026-04-01,False,False,0.0,8.46526,8.42187
TJS,2026-04-02,Thursday,2026-04-03,2026-04-02,False,False,0.0,8.42187,8.379999999999999
TJS,2026-04-03,Friday,2026-04-04,2026-04-03,False,False,0.0,8.379999999999999,8.32786
TJS,2026-04-04,Saturday,2026-04-07,2026-04-06,True,False,0.0,8.32786,8.22213
TJS,2026-04-07,Tuesday,2026-04-08,2026-04-07,False,False,0.0,8.22213,8.244299999999999
TJS,2026-04-08,Wednesday,2026-04-09,2026-04-08,False,False,0.0,8.244299999999999,8.19769
TJS,2026-04-09,Thursday,2026-04-10,2026-04-09,False,False,0.0,8.19769,8.15906
TJS,2026-04-10,Friday,2026-04-11,2026-04-10,False,False,0.0,8.15906,8.08169
TJS,2026-04-11,Saturday,2026-04-14,2026-04-13,True,False,0.0,8.08169,8.019029999999999
TJS,2026-04-14,Tuesday,2026-04-15,2026-04-14,False,False,0.0,8.019029999999999,7.9843
TJS,2026-04-15,Wednesday,2026-04-16,2026-04-15,False,False,0.0,7.9843,7.934050000000001
TJS,2026-04-16,Thursday,2026-04-17,2026-04-16,False,False,0.0,7.934050000000001,8.02384
TJS,2026-04-17,Friday,2026-04-18,2026-04-17,False,False,0.0,8.02384,8.03473
TJS,2026-04-18,Saturday,2026-04-21,2026-04-20,True,False,0.0,8.03473,7.95519
TJS,2026-04-21,Tuesday,2026-04-22,2026-04-21,False,False,0.0,7.95519,7.891500000000001
TJS,2026-04-22,Wednesday,2026-04-23,2026-04-22,False,False,1.0,7.891500000000001,7.94091
TJS,2026-04-23,Thursday,2026-04-24,2026-04-23,False,False,0.0,7.94091,7.93053
TJS,2026-04-24,Friday,2026-04-25,2026-04-24,False,True,0.0,7.93053,8.00866
TJS,2026-04-25,Saturday,2026-04-28,2026-04-27,True,False,0.0,8.00866,7.93939
TJS,2026-04-28,Tuesday,2026-04-29,2026-04-28,False,False,0.0,7.93939,7.92735
TJS,2026-04-29,Wednesday,2026-04-30,2026-04-29,False,False,1.0,7.92735,7.95384
TJS,2026-04-30,Thursday,2026-05-01,2026-04-30,False,False,1.0,7.95384,7.956829999999999
TJS,2026-05-01,Friday,2026-05-05,2026-05-04,True,False,0.0,7.956829999999999,8.03327
TJS,2026-05-05,Tuesday,2026-05-06,2026-05-05,False,False,0.0,8.03327,8.03438
TJS,2026-05-06,Wednesday,2026-05-07,2026-05-06,False,False,0.0,8.03438,8.01985
TJS,2026-05-07,Thursday,2026-05-08,2026-05-07,False,False,0.0,8.01985,7.96058
TJS,2026-05-08,Friday,2026-05-09,2026-05-08,False,False,0.0,7.96058,7.93162
TJS,2026-05-09,Saturday,2026-05-13,2026-05-12,True,False,0.0,7.93162,7.8855
TJS,2026-05-13,Wednesday,2026-05-14,2026-05-13,False,False,0.0,7.8855,7.83845
TJS,2026-05-14,Thursday,2026-05-15,2026-05-14,False,False,0.0,7.83845,7.8206299999999995
TJS,2026-05-15,Friday,2026-05-16,2026-05-15,False,False,0.0,7.8206299999999995,7.82531
TJS,2026-05-16,Saturday,2026-05-19,2026-05-18,True,False,0.0,7.82531,7.74208
TJS,2026-05-19,Tuesday,2026-05-20,2026-05-19,False,False,0.0,7.74208,7.6422
TJS,2026-05-20,Wednesday,2026-05-21,2026-05-20,False,False,0.0,7.6422,7.6145499999999995
TJS,2026-05-21,Thursday,2026-05-22,2026-05-21,False,False,1.0,7.6145499999999995,7.62119
TJS,2026-05-22,Friday,2026-05-23,2026-05-22,False,False,1.0,7.62119,7.673959999999999
TJS,2026-05-23,Saturday,2026-05-26,2026-05-25,True,False,0.0,7.673959999999999,7.71028
TJS,2026-05-26,Tuesday,2026-05-27,2026-05-26,False,False,0.0,7.71028,7.746219999999999
TJS,2026-05-27,Wednesday,2026-05-28,2026-05-27,False,False,0.0,7.746219999999999,7.66334
TJS,2026-05-28,Thursday,2026-05-29,2026-05-28,False,True,1.0,7.66334,7.713089999999999
TJS,2026-05-29,Friday,2026-05-30,2026-05-29,False,False,0.0,7.713089999999999,7.67536
TJS,2026-05-30,Saturday,2026-06-02,2026-06-01,True,True,1.0,7.67536,7.7384900000000005
TJS,2026-06-02,Tuesday,2026-06-03,2026-06-02,False,True,1.0,7.7384900000000005,7.844289999999999
TJS,2026-06-03,Wednesday,2026-06-04,2026-06-03,False,False,0.0,7.844289999999999,7.911669999999999
TJS,2026-06-04,Thursday,2026-06-05,2026-06-04,False,False,0.0,7.911669999999999,8.00591
TJS,2026-06-05,Friday,2026-06-06,2026-06-05,False,False,0.0,8.00591,7.9168199999999995
TJS,2026-06-06,Saturday,2026-06-09,2026-06-08,True,False,0.0,7.9168199999999995,7.83535
TJS,2026-06-09,Tuesday,2026-06-10,2026-06-09,False,False,0.0,7.83535,7.668819999999999
TJS,2026-06-10,Wednesday,2026-06-11,2026-06-10,False,False,1.0,7.668819999999999,7.681279999999999
TJS,2026-06-11,Thursday,2026-06-12,2026-06-11,False,False,1.0,7.681279999999999,7.71269
TJS,2026-06-12,Friday,2026-06-16,2026-06-15,True,False,1.0,7.71269,7.775329999999999
TJS,2026-06-16,Tuesday,2026-06-17,2026-06-16,False,False,0.0,7.775329999999999,7.7587
TJS,2026-06-17,Wednesday,2026-06-18,2026-06-17,False,True,1.0,7.7587,7.83373
TJS,2026-06-18,Thursday,2026-06-19,2026-06-18,False,False,1.0,7.83373,7.8785
TJS,2026-06-19,Friday,2026-06-20,2026-06-19,False,False,1.0,7.8785,7.88649
TJS,2026-06-20,Saturday,2026-06-23,2026-06-22,True,False,1.0,7.88649,7.939830000000001
TJS,2026-06-23,Tuesday,2026-06-24,2026-06-23,False,True,1.0,7.939830000000001,8.03065
TJS,2026-06-24,Wednesday,2026-06-25,2026-06-24,False,False,1.0,8.03065,8.04287
TJS,2026-06-25,Thursday,2026-06-26,2026-06-25,False,True,1.0,8.04287,8.14555
TJS,2026-06-26,Friday,2026-06-27,2026-06-26,False,True,1.0,8.14555,8.315290000000001
TJS,2026-06-27,Saturday,2026-06-30,2026-06-29,True,True,1.0,8.315290000000001,8.39004
TJS,2026-06-30,Tuesday,2026-07-01,2026-06-30,False,True,0.0,8.39004,8.44105
TJS,2026-07-01,Wednesday,2026-07-02,2026-07-01,False,False,0.0,8.44105,8.43411
TJS,2026-07-02,Thursday,2026-07-03,2026-07-02,False,False,0.0,8.43411,8.3962
TJS,2026-07-03,Friday,2026-07-04,2026-07-03,False,False,0.0,8.3962,8.32002
TJS,2026-07-04,Saturday,2026-07-07,2026-07-06,True,True,0.0,8.32002,8.4037
TJS,2026-07-07,Tuesday,2026-07-08,2026-07-07,False,False,0.0,8.4037,8.20498
TJS,2026-07-08,Wednesday,2026-07-09,2026-07-08,False,False,1.0,8.20498,8.23828
TJS,2026-07-09,Thursday,2026-07-10,2026-07-09,False,False,0.0,8.23828,8.21415
TJS,2026-07-10,Friday,2026-07-11,2026-07-10,False,True,1.0,8.21415,8.28387
TJS,2026-07-11,Saturday,2026-07-14,2026-07-13,True,False,0.0,8.28387,8.27918
TJS,2026-07-14,Tuesday,2026-07-15,2026-07-14,False,True,1.0,8.27918,8.373439999999999
TJS,2026-07-15,Wednesday,2026-07-16,2026-07-15,False,False,1.0,8.373439999999999,8.42376
TJS,2026-07-16,Thursday,2026-07-17,2026-07-16,False,False,1.0,8.42376,8.462340000000001
TJS,2026-07-17,Friday,2026-07-18,2026-07-17,False,False,0.0,8.462340000000001,8.475539999999999
TJS,2026-07-18,Saturday,2026-07-21,2026-07-20,True,False,0.0,8.475539999999999,8.46228
TJS,2026-07-21,Tuesday,2026-07-22,2026-07-21,False,False,0.0,8.46228,8.48801
TJS,2026-07-22,Wednesday,2026-07-23,2026-07-22,False,False,0.0,8.48801,8.482380000000001
TJS,2026-07-23,Thursday,2026-07-24,2026-07-23,False,False,0.0,8.482380000000001,8.476479999999999
TJS,2026-07-24,Friday,2026-07-25,2026-07-24,False,False,0.0,8.476479999999999,8.42301
TJS,2026-07-25,Saturday,2026-07-28,2026-07-27,True,False,1.0,8.42301,8.43101
TJS,2026-07-28,Tuesday,2026-07-29,2026-07-28,False,True,1.0,8.43101,8.51268
TJS,2026-07-29,Wednesday,2026-07-30,2026-07-29,False,True,1.0,8.51268,8.58517
TJS,2026-07-30,Thursday,2026-07-31,2026-07-30,False,True,1.0,8.58517,8.630889999999999
TJS,2026-07-31,Friday,2026-08-01,2026-07-31,False,False,0.0,8.630889999999999,8.59216
TJS,2026-08-01,Saturday,2026-08-04,2026-08-03,True,True,1.0,8.59216,8.65757
TJS,2026-08-04,Tuesday,2026-08-05,2026-08-04,False,True,1.0,8.65757,8.770430000000001
TJS,2026-08-05,Wednesday,2026-08-06,2026-08-05,False,False,0.0,8.770430000000001,8.761140000000001
TJS,2026-08-06,Thursday,2026-08-07,2026-08-06,False,True,1.0,8.761140000000001,8.80312
TJS,2026-08-07,Friday,2026-08-08,2026-08-07,False,True,1.0,8.80312,8.885169999999999
TJS,2026-08-08,Saturday,2026-08-11,2026-08-10,True,False,1.0,8.885169999999999,8.9271
TJS,2026-08-11,Tuesday,2026-08-12,2026-08-11,False,False,0.0,8.9271,8.90205
TJS,2026-08-12,Wednesday,2026-08-13,2026-08-12,False,True,1.0,8.90205,8.96991
TJS,2026-08-13,Thursday,2026-08-14,2026-08-13,False,True,1.0,8.96991,9.04757
TJS,2026-08-14,Friday,2026-08-15,2026-08-14,False,True,0.0,9.04757,9.12736
TJS,2026-08-15,Saturday,2026-08-18,2026-08-17,True,True,0.0,9.12736,9.18143
TJS,2026-08-18,Tuesday,2026-08-19,2026-08-18,False,False,0.0,9.18143,9.19991
TJS,2026-08-19,Wednesday,2026-08-20,2026-08-19,False,False,0.0,9.19991,9.196110000000001
TJS,2026-08-20,Thursday,2026-08-21,2026-08-20,False,False,0.0,9.196110000000001,9.009310000000001
TJS,2026-08-21,Friday,2026-08-22,2026-08-21,False,False,0.0,9.009310000000001,8.97026
TJS,2026-08-22,Saturday,2026-08-25,2026-08-24,True,True,1.0,8.97026,9.00214
TJS,2026-08-25,Tuesday,2026-08-26,2026-08-25,False,True,1.0,9.00214,9.12922
TJS,2026-08-26,Wednesday,2026-08-27,2026-08-26,False,False,0.0,9.12922,9.112649999999999
UZS,2024-01-10,Wednesday,2024-01-11,2024-01-10,False,False,0.0,0.007296479999999999,0.00721091
UZS,2024-01-11,Thursday,2024-01-12,2024-01-11,False,False,0.0,0.00721091,0.007149429999999999
UZS,2024-01-12,Friday,2024-01-13,2024-01-12,False,False,0.0,0.007149429999999999,0.00709829
UZS,2024-01-13,Saturday,2024-01-16,2024-01-15,True,False,0.0,0.00709829,0.007069670000000001
UZS,2024-01-16,Tuesday,2024-01-17,2024-01-16,False,False,0.0,0.007069670000000001,0.00706307
UZS,2024-01-17,Wednesday,2024-01-18,2024-01-17,False,True,1.0,0.00706307,0.007116679999999999
UZS,2024-01-18,Thursday,2024-01-19,2024-01-18,False,False,0.0,0.007116679999999999,0.00713455
UZS,2024-01-19,Friday,2024-01-20,2024-01-19,False,False,0.0,0.00713455,0.0071327299999999995
UZS,2024-01-20,Saturday,2024-01-23,2024-01-22,True,False,0.0,0.0071327299999999995,0.00709055
UZS,2024-01-23,Tuesday,2024-01-24,2024-01-23,False,False,0.0,0.00709055,0.007080029999999999
UZS,2024-01-24,Wednesday,2024-01-25,2024-01-24,False,False,1.0,0.007080029999999999,0.0070995500000000005
UZS,2024-01-25,Thursday,2024-01-26,2024-01-25,False,True,1.0,0.0070995500000000005,0.007137170000000001
UZS,2024-01-26,Friday,2024-01-27,2024-01-26,False,True,1.0,0.007137170000000001,0.00721204
UZS,2024-01-27,Saturday,2024-01-30,2024-01-29,True,False,0.0,0.00721204,0.007226529999999999
UZS,2024-01-30,Tuesday,2024-01-31,2024-01-30,False,False,0.0,0.007226529999999999,0.00718679
UZS,2024-01-31,Wednesday,2024-02-01,2024-01-31,False,False,1.0,0.00718679,0.00721379
UZS,2024-02-01,Thursday,2024-02-02,2024-02-01,False,True,1.0,0.00721379,0.0072647499999999995
UZS,2024-02-02,Friday,2024-02-03,2024-02-02,False,False,1.0,0.0072647499999999995,0.00729209
UZS,2024-02-03,Saturday,2024-02-06,2024-02-05,True,False,0.0,0.00729209,0.00732996
UZS,2024-02-06,Tuesday,2024-02-07,2024-02-06,False,False,0.0,0.00732996,0.00727225
UZS,2024-02-07,Wednesday,2024-02-08,2024-02-07,False,False,1.0,0.00727225,0.00730146
UZS,2024-02-08,Thursday,2024-02-09,2024-02-08,False,False,0.0,0.00730146,0.00732509
UZS,2024-02-09,Friday,2024-02-10,2024-02-09,False,False,0.0,0.00732509,0.007291679999999999
UZS,2024-02-10,Saturday,2024-02-13,2024-02-12,True,False,1.0,0.007291679999999999,0.0073094499999999995
UZS,2024-02-13,Tuesday,2024-02-14,2024-02-13,False,False,1.0,0.0073094499999999995,0.00731421
UZS,2024-02-14,Wednesday,2024-02-15,2024-02-14,False,False,1.0,0.00731421,0.0073262299999999995
UZS,2024-02-15,Thursday,2024-02-16,2024-02-15,False,False,1.0,0.0073262299999999995,0.0073541
UZS,2024-02-16,Friday,2024-02-17,2024-02-16,False,True,1.0,0.0073541,0.00740571
UZS,2024-02-17,Saturday,2024-02-20,2024-02-19,True,False,0.0,0.00740571,0.007398779999999999
UZS,2024-02-20,Tuesday,2024-02-21,2024-02-20,False,False,0.0,0.007398779999999999,0.00739968
UZS,2024-02-21,Wednesday,2024-02-22,2024-02-21,False,False,0.0,0.00739968,0.0074096100000000005
UZS,2024-02-22,Thursday,2024-02-23,2024-02-22,False,False,0.0,0.0074096100000000005,0.007423099999999999
UZS,2024-02-23,Friday,2024-02-27,2024-02-26,True,False,0.0,0.007423099999999999,0.0074165
UZS,2024-02-27,Tuesday,2024-02-28,2024-02-27,False,False,0.0,0.0074165,0.007374670000000001
UZS,2024-02-28,Wednesday,2024-02-29,2024-02-28,False,False,0.0,0.007374670000000001,0.00734953
UZS,2024-02-29,Thursday,2024-03-01,2024-02-29,False,False,0.0,0.00734953,0.0072761499999999995
UZS,2024-03-01,Friday,2024-03-02,2024-03-01,False,True,0.0,0.0072761499999999995,0.0073085599999999995
UZS,2024-03-02,Saturday,2024-03-05,2024-03-04,True,False,0.0,0.0073085599999999995,0.00729983
UZS,2024-03-05,Tuesday,2024-03-06,2024-03-05,False,False,0.0,0.00729983,0.007278270000000001
UZS,2024-03-06,Wednesday,2024-03-07,2024-03-06,False,False,0.0,0.007278270000000001,0.00721207
UZS,2024-03-07,Thursday,2024-03-08,2024-03-07,False,True,1.0,0.00721207,0.0072536400000000004
UZS,2024-03-08,Friday,2024-03-12,2024-03-11,True,False,0.0,0.0072536400000000004,0.007248210000000001
UZS,2024-03-12,Tuesday,2024-03-13,2024-03-12,False,False,1.0,0.007248210000000001,0.0072629800000000005
UZS,2024-03-13,Wednesday,2024-03-14,2024-03-13,False,True,1.0,0.0072629800000000005,0.00730372
UZS,2024-03-14,Thursday,2024-03-15,2024-03-14,False,False,1.0,0.00730372,0.00730398
UZS,2024-03-15,Friday,2024-03-16,2024-03-15,False,False,1.0,0.00730398,0.00731041
UZS,2024-03-16,Saturday,2024-03-19,2024-03-18,True,False,1.0,0.00731041,0.00731765
UZS,2024-03-19,Tuesday,2024-03-20,2024-03-19,False,False,1.0,0.00731765,0.00734278
UZS,2024-03-20,Wednesday,2024-03-21,2024-03-20,False,False,0.0,0.00734278,0.0073783699999999995
UZS,2024-03-21,Thursday,2024-03-22,2024-03-21,False,False,0.0,0.0073783699999999995,0.00731976
UZS,2024-03-22,Friday,2024-03-23,2024-03-22,False,True,1.0,0.00731976,0.007372450000000001
UZS,2024-03-23,Saturday,2024-03-26,2024-03-25,True,False,0.0,0.007372450000000001,0.00737782
UZS,2024-03-26,Tuesday,2024-03-27,2024-03-26,False,False,0.0,0.00737782,0.00734889
UZS,2024-03-27,Wednesday,2024-03-28,2024-03-27,False,False,0.0,0.00734889,0.0073544
UZS,2024-03-28,Thursday,2024-03-29,2024-03-28,False,False,0.0,0.0073544,0.007322360000000001
UZS,2024-03-29,Friday,2024-03-30,2024-03-29,False,False,0.0,0.007322360000000001,0.00731897
UZS,2024-03-30,Saturday,2024-04-02,2024-04-01,True,False,0.0,0.00731897,0.00730844
UZS,2024-04-02,Tuesday,2024-04-03,2024-04-02,False,False,0.0,0.00730844,0.00731715
UZS,2024-04-03,Wednesday,2024-04-04,2024-04-03,False,False,0.0,0.00731715,0.00731302
UZS,2024-04-04,Thursday,2024-04-05,2024-04-04,False,False,0.0,0.00731302,0.00728653
UZS,2024-04-05,Friday,2024-04-06,2024-04-05,False,False,1.0,0.00728653,0.00728825
UZS,2024-04-06,Saturday,2024-04-09,2024-04-08,True,False,1.0,0.00728825,0.00729842
UZS,2024-04-09,Tuesday,2024-04-10,2024-04-09,False,False,1.0,0.00729842,0.00731675
UZS,2024-04-10,Wednesday,2024-04-11,2024-04-10,False,True,1.0,0.00731675,0.00735411
UZS,2024-04-11,Thursday,2024-04-12,2024-04-11,False,True,1.0,0.00735411,0.0073935400000000005
UZS,2024-04-12,Friday,2024-04-13,2024-04-12,False,False,0.0,0.0073935400000000005,0.0073716300000000005
UZS,2024-04-13,Saturday,2024-04-16,2024-04-15,True,False,0.0,0.0073716300000000005,0.007388420000000001
UZS,2024-04-16,Tuesday,2024-04-17,2024-04-16,False,True,0.0,0.007388420000000001,0.0074340100000000004
UZS,2024-04-17,Wednesday,2024-04-18,2024-04-17,False,False,0.0,0.0074340100000000004,0.00744361
UZS,2024-04-18,Thursday,2024-04-19,2024-04-18,False,False,0.0,0.00744361,0.007411780000000001
UZS,2024-04-19,Friday,2024-04-20,2024-04-19,False,False,0.0,0.007411780000000001,0.00735929
UZS,2024-04-20,Saturday,2024-04-23,2024-04-22,True,False,0.0,0.00735929,0.00734846
UZS,2024-04-23,Tuesday,2024-04-24,2024-04-23,False,False,0.0,0.00734846,0.007339449999999999
UZS,2024-04-24,Wednesday,2024-04-25,2024-04-24,False,False,0.0,0.007339449999999999,0.007281050000000001
UZS,2024-04-25,Thursday,2024-04-26,2024-04-25,False,False,0.0,0.007281050000000001,0.00726017
UZS,2024-04-26,Friday,2024-04-27,2024-04-26,False,False,0.0,0.00726017,0.00727942
UZS,2024-04-27,Saturday,2024-04-28,2024-04-27,False,False,0.0,0.00727942,0.00726088
UZS,2024-04-28,Sunday,2024-05-03,2024-05-02,True,True,0.0,0.00726088,0.0072872200000000005
UZS,2024-05-03,Friday,2024-05-04,2024-05-03,False,False,0.0,0.0072872200000000005,0.007236889999999999
UZS,2024-05-04,Saturday,2024-05-07,2024-05-06,True,False,0.0,0.007236889999999999,0.00720413
UZS,2024-05-07,Tuesday,2024-05-08,2024-05-07,False,False,0.0,0.00720413,0.007204479999999999
UZS,2024-05-08,Wednesday,2024-05-09,2024-05-08,False,True,0.0,0.007204479999999999,0.00723935
UZS,2024-05-09,Thursday,2024-05-14,2024-05-13,True,False,0.0,0.00723935,0.007204940000000001
UZS,2024-05-14,Tuesday,2024-05-15,2024-05-14,False,False,0.0,0.007204940000000001,0.00719371
UZS,2024-05-15,Wednesday,2024-05-16,2024-05-15,False,False,0.0,0.00719371,0.007179420000000001
UZS,2024-05-16,Thursday,2024-05-17,2024-05-16,False,False,0.0,0.007179420000000001,0.007143630000000001
UZS,2024-05-17,Friday,2024-05-18,2024-05-17,False,False,0.0,0.007143630000000001,0.00715309
UZS,2024-05-18,Saturday,2024-05-21,2024-05-20,True,False,0.0,0.00715309,0.00714097
UZS,2024-05-21,Tuesday,2024-05-22,2024-05-21,False,False,0.0,0.00714097,0.007125660000000001
UZS,2024-05-22,Wednesday,2024-05-23,2024-05-22,False,False,0.0,0.007125660000000001,0.007096519999999999
UZS,2024-05-23,Thursday,2024-05-24,2024-05-23,False,False,0.0,0.007096519999999999,0.00709238
UZS,2024-05-24,Friday,2024-05-25,2024-05-24,False,False,0.0,0.00709238,0.00705604
UZS,2024-05-25,Saturday,2024-05-28,2024-05-27,True,False,0.0,0.00705604,0.00698051
UZS,2024-05-28,Tuesday,2024-05-29,2024-05-28,False,False,0.0,0.00698051,0.00697457
UZS,2024-05-29,Wednesday,2024-05-30,2024-05-29,False,True,1.0,0.00697457,0.00705599
UZS,2024-05-30,Thursday,2024-05-31,2024-05-30,False,True,0.0,0.00705599,0.00710291
UZS,2024-05-31,Friday,2024-06-01,2024-05-31,False,True,0.0,0.00710291,0.007146810000000001
UZS,2024-06-01,Saturday,2024-06-04,2024-06-03,True,False,0.0,0.007146810000000001,0.007093380000000001
UZS,2024-06-04,Tuesday,2024-06-05,2024-06-04,False,False,0.0,0.007093380000000001,0.00703589
UZS,2024-06-05,Wednesday,2024-06-06,2024-06-05,False,False,0.0,0.00703589,0.00700698
UZS,2024-06-06,Thursday,2024-06-07,2024-06-06,False,False,0.0,0.00700698,0.00700222
UZS,2024-06-07,Friday,2024-06-08,2024-06-07,False,False,0.0,0.00700222,0.00701112
UZS,2024-06-08,Saturday,2024-06-11,2024-06-10,True,True,0.0,0.00701112,0.007036870000000001
UZS,2024-06-11,Tuesday,2024-06-12,2024-06-11,False,False,0.0,0.007036870000000001,0.00704566
UZS,2024-06-12,Wednesday,2024-06-14,2024-06-13,True,False,0.0,0.00704566,0.00698898
UZS,2024-06-14,Friday,2024-06-15,2024-06-14,False,True,0.0,0.00698898,0.00706042
UZS,2024-06-15,Saturday,2024-06-18,2024-06-17,True,False,0.0,0.00706042,0.00705916
UZS,2024-06-18,Tuesday,2024-06-19,2024-06-18,False,False,0.0,0.00705916,0.0068994699999999996
UZS,2024-06-19,Wednesday,2024-06-20,2024-06-19,False,False,0.0,0.0068994699999999996,0.00654376
UZS,2024-06-20,Thursday,2024-06-21,2024-06-20,False,True,1.0,0.00654376,0.0067556299999999994
UZS,2024-06-21,Friday,2024-06-22,2024-06-21,False,True,0.0,0.0067556299999999994,0.0069589299999999995
UZS,2024-06-22,Saturday,2024-06-25,2024-06-24,True,False,0.0,0.0069589299999999995,0.006920529999999999
UZS,2024-06-25,Tuesday,2024-06-26,2024-06-25,False,False,0.0,0.006920529999999999,0.0069267899999999995
UZS,2024-06-26,Wednesday,2024-06-27,2024-06-26,False,True,0.0,0.0069267899999999995,0.0069762900000000004
UZS,2024-06-27,Thursday,2024-06-28,2024-06-27,False,False,0.0,0.0069762900000000004,0.006753749999999999
UZS,2024-06-28,Friday,2024-06-29,2024-06-28,False,True,1.0,0.006753749999999999,0.006829699999999999
UZS,2024-06-29,Saturday,2024-07-02,2024-07-01,True,True,1.0,0.006829699999999999,0.0069517
UZS,2024-07-02,Tuesday,2024-07-03,2024-07-02,False,False,1.0,0.0069517,0.00699182
UZS,2024-07-03,Wednesday,2024-07-04,2024-07-03,False,False,0.0,0.00699182,0.00699581
UZS,2024-07-04,Thursday,2024-07-05,2024-07-04,False,False,0.0,0.00699581,0.00700255
UZS,2024-07-05,Friday,2024-07-06,2024-07-05,False,False,0.0,0.00700255,0.006994799999999999
UZS,2024-07-06,Saturday,2024-07-09,2024-07-08,True,False,0.0,0.006994799999999999,0.00699546
UZS,2024-07-09,Tuesday,2024-07-10,2024-07-09,False,False,0.0,0.00699546,0.00697427
UZS,2024-07-10,Wednesday,2024-07-11,2024-07-10,False,False,0.0,0.00697427,0.00695605
UZS,2024-07-11,Thursday,2024-07-12,2024-07-11,False,False,0.0,0.00695605,0.006965000000000001
UZS,2024-07-12,Friday,2024-07-13,2024-07-12,False,False,0.0,0.006965000000000001,0.00693343
UZS,2024-07-13,Saturday,2024-07-16,2024-07-15,True,False,1.0,0.00693343,0.0069494100000000005
UZS,2024-07-16,Tuesday,2024-07-17,2024-07-16,False,True,1.0,0.0069494100000000005,0.0070022999999999995
UZS,2024-07-17,Wednesday,2024-07-18,2024-07-17,False,False,0.0,0.0070022999999999995,0.00699881
UZS,2024-07-18,Thursday,2024-07-19,2024-07-18,False,False,0.0,0.00699881,0.006980920000000001
UZS,2024-07-19,Friday,2024-07-20,2024-07-19,False,False,0.0,0.006980920000000001,0.006985160000000001
UZS,2024-07-20,Saturday,2024-07-23,2024-07-22,True,False,0.0,0.006985160000000001,0.006961159999999999
UZS,2024-07-23,Tuesday,2024-07-24,2024-07-23,False,False,0.0,0.006961159999999999,0.00693232
UZS,2024-07-24,Wednesday,2024-07-25,2024-07-24,False,False,0.0,0.00693232,0.006877639999999999
UZS,2024-07-25,Thursday,2024-07-26,2024-07-25,False,False,0.0,0.006877639999999999,0.00676513
UZS,2024-07-26,Friday,2024-07-27,2024-07-26,False,False,1.0,0.00676513,0.0067726
UZS,2024-07-27,Saturday,2024-07-30,2024-07-29,True,True,1.0,0.0067726,0.00686957
UZS,2024-07-30,Tuesday,2024-07-31,2024-07-30,False,False,0.0,0.00686957,0.006865550000000001
UZS,2024-07-31,Wednesday,2024-08-01,2024-07-31,False,False,0.0,0.006865550000000001,0.00686618
UZS,2024-08-01,Thursday,2024-08-02,2024-08-01,False,False,0.0,0.00686618,0.00683853
UZS,2024-08-02,Friday,2024-08-03,2024-08-02,False,False,0.0,0.00683853,0.00681537
UZS,2024-08-03,Saturday,2024-08-06,2024-08-05,True,False,0.0,0.00681537,0.00675155
UZS,2024-08-06,Tuesday,2024-08-07,2024-08-06,False,False,1.0,0.00675155,0.00676186
UZS,2024-08-07,Wednesday,2024-08-08,2024-08-07,False,True,1.0,0.00676186,0.00681313
UZS,2024-08-08,Thursday,2024-08-09,2024-08-08,False,True,1.0,0.00681313,0.00684826
UZS,2024-08-09,Friday,2024-08-10,2024-08-09,False,True,1.0,0.00684826,0.0069548000000000006
UZS,2024-08-10,Saturday,2024-08-13,2024-08-12,True,True,1.0,0.0069548000000000006,0.00711441
UZS,2024-08-13,Tuesday,2024-08-14,2024-08-13,False,True,0.0,0.00711441,0.00733588
UZS,2024-08-14,Wednesday,2024-08-15,2024-08-14,False,False,0.0,0.00733588,0.0071319999999999995
UZS,2024-08-15,Thursday,2024-08-16,2024-08-15,False,False,0.0,0.0071319999999999995,0.00703459
UZS,2024-08-16,Friday,2024-08-17,2024-08-16,False,False,0.0,0.00703459,0.0070281300000000005
UZS,2024-08-17,Saturday,2024-08-20,2024-08-19,True,True,1.0,0.0070281300000000005,0.0070740099999999995
UZS,2024-08-20,Tuesday,2024-08-21,2024-08-20,False,True,1.0,0.0070740099999999995,0.00717466
UZS,2024-08-21,Wednesday,2024-08-22,2024-08-21,False,True,1.0,0.00717466,0.007262149999999999
UZS,2024-08-22,Thursday,2024-08-23,2024-08-22,False,False,0.0,0.007262149999999999,0.0072193
UZS,2024-08-23,Friday,2024-08-24,2024-08-23,False,True,0.0,0.0072193,0.0072257599999999995
UZS,2024-08-24,Saturday,2024-08-27,2024-08-26,True,False,0.0,0.0072257599999999995,0.00723313
UZS,2024-08-27,Tuesday,2024-08-28,2024-08-27,False,False,0.0,0.00723313,0.00722046
UZS,2024-08-28,Wednesday,2024-08-29,2024-08-28,False,False,0.0,0.00722046,0.007227589999999999
UZS,2024-08-29,Thursday,2024-08-30,2024-08-29,False,False,0.0,0.007227589999999999,0.00721597
UZS,2024-08-30,Friday,2024-08-31,2024-08-30,False,False,0.0,0.00721597,0.007222709999999999
UZS,2024-08-31,Saturday,2024-09-03,2024-09-02,True,False,0.0,0.007222709999999999,0.00712881
UZS,2024-09-03,Tuesday,2024-09-04,2024-09-03,False,False,0.0,0.00712881,0.00701875
UZS,2024-09-04,Wednesday,2024-09-05,2024-09-04,False,False,1.0,0.00701875,0.007035479999999999
UZS,2024-09-05,Thursday,2024-09-06,2024-09-05,False,True,1.0,0.007035479999999999,0.00709111
UZS,2024-09-06,Friday,2024-09-07,2024-09-06,False,False,0.0,0.00709111,0.00706821
UZS,2024-09-07,Saturday,2024-09-10,2024-09-09,True,True,1.0,0.00706821,0.0071169
UZS,2024-09-10,Tuesday,2024-09-11,2024-09-10,False,True,1.0,0.0071169,0.00718453
UZS,2024-09-11,Wednesday,2024-09-12,2024-09-11,False,False,0.0,0.00718453,0.00719377
UZS,2024-09-12,Thursday,2024-09-13,2024-09-12,False,False,0.0,0.00719377,0.007165479999999999
UZS,2024-09-13,Friday,2024-09-14,2024-09-13,False,False,0.0,0.007165479999999999,0.00713673
UZS,2024-09-14,Saturday,2024-09-17,2024-09-16,True,False,1.0,0.00713673,0.007148560000000001
UZS,2024-09-17,Tuesday,2024-09-18,2024-09-17,False,True,1.0,0.007148560000000001,0.00718248
UZS,2024-09-18,Wednesday,2024-09-19,2024-09-18,False,False,1.0,0.00718248,0.00719975
UZS,2024-09-19,Thursday,2024-09-20,2024-09-19,False,True,1.0,0.00719975,0.00727603
UZS,2024-09-20,Friday,2024-09-21,2024-09-20,False,False,0.0,0.00727603,0.00727591
UZS,2024-09-21,Saturday,2024-09-24,2024-09-23,True,True,0.0,0.00727591,0.007299389999999999
UZS,2024-09-24,Tuesday,2024-09-25,2024-09-24,False,False,0.0,0.007299389999999999,0.007284860000000001
UZS,2024-09-25,Wednesday,2024-09-26,2024-09-25,False,False,0.0,0.007284860000000001,0.00724337
UZS,2024-09-26,Thursday,2024-09-27,2024-09-26,False,False,0.0,0.00724337,0.00724329
UZS,2024-09-27,Friday,2024-09-28,2024-09-27,False,True,1.0,0.00724329,0.007279300000000001
UZS,2024-09-28,Saturday,2024-10-01,2024-09-30,True,True,1.0,0.007279300000000001,0.00733142
UZS,2024-10-01,Tuesday,2024-10-02,2024-10-01,False,False,1.0,0.00733142,0.00734212
UZS,2024-10-02,Wednesday,2024-10-03,2024-10-02,False,True,1.0,0.00734212,0.007418009999999999
UZS,2024-10-03,Thursday,2024-10-04,2024-10-03,False,False,1.0,0.007418009999999999,0.007448399999999999
UZS,2024-10-04,Friday,2024-10-05,2024-10-04,False,False,0.0,0.007448399999999999,0.00744603
UZS,2024-10-05,Saturday,2024-10-08,2024-10-07,True,True,1.0,0.00744603,0.00751975
UZS,2024-10-08,Tuesday,2024-10-09,2024-10-08,False,False,0.0,0.00751975,0.00751143
UZS,2024-10-09,Wednesday,2024-10-10,2024-10-09,False,True,1.0,0.00751143,0.00758177
UZS,2024-10-10,Thursday,2024-10-11,2024-10-10,False,False,0.0,0.00758177,0.007609910000000001
UZS,2024-10-11,Friday,2024-10-12,2024-10-11,False,False,0.0,0.007609910000000001,0.00752399
UZS,2024-10-12,Saturday,2024-10-15,2024-10-14,True,False,0.0,0.00752399,0.007519639999999999
UZS,2024-10-15,Tuesday,2024-10-16,2024-10-15,False,True,0.0,0.007519639999999999,0.00757726
UZS,2024-10-16,Wednesday,2024-10-17,2024-10-16,False,False,0.0,0.00757726,0.007602330000000001
UZS,2024-10-17,Thursday,2024-10-18,2024-10-17,False,False,0.0,0.007602330000000001,0.007603390000000001
UZS,2024-10-18,Friday,2024-10-19,2024-10-18,False,False,0.0,0.007603390000000001,0.007530790000000001
UZS,2024-10-19,Saturday,2024-10-22,2024-10-21,True,False,0.0,0.007530790000000001,0.00749836
UZS,2024-10-22,Tuesday,2024-10-23,2024-10-22,False,True,1.0,0.00749836,0.00754323
UZS,2024-10-23,Wednesday,2024-10-24,2024-10-23,False,False,0.0,0.00754323,0.0075393199999999995
UZS,2024-10-24,Thursday,2024-10-25,2024-10-24,False,False,1.0,0.0075393199999999995,0.00754139
UZS,2024-10-25,Friday,2024-10-26,2024-10-25,False,False,1.0,0.00754139,0.00754251
UZS,2024-10-26,Saturday,2024-10-29,2024-10-28,True,True,1.0,0.00754251,0.00759112
UZS,2024-10-29,Tuesday,2024-10-30,2024-10-29,False,False,1.0,0.00759112,0.00760662
UZS,2024-10-30,Wednesday,2024-10-31,2024-10-30,False,False,0.0,0.00760662,0.00759118
UZS,2024-10-31,Thursday,2024-11-01,2024-10-31,False,False,1.0,0.00759118,0.00759512
UZS,2024-11-01,Friday,2024-11-02,2024-11-01,False,True,1.0,0.00759512,0.007624379999999999
UZS,2024-11-02,Saturday,2024-11-03,2024-11-02,False,False,1.0,0.007624379999999999,0.00763296
UZS,2024-11-03,Sunday,2024-11-06,2024-11-05,True,False,1.0,0.00763296,0.007666559999999999
UZS,2024-11-06,Wednesday,2024-11-07,2024-11-06,False,False,0.0,0.007666559999999999,0.00768875
UZS,2024-11-07,Thursday,2024-11-08,2024-11-07,False,False,0.0,0.00768875,0.00766972
UZS,2024-11-08,Friday,2024-11-09,2024-11-08,False,False,0.0,0.00766972,0.00763784
UZS,2024-11-09,Saturday,2024-11-12,2024-11-11,True,False,1.0,0.00763784,0.007639019999999999
UZS,2024-11-12,Tuesday,2024-11-13,2024-11-12,False,False,1.0,0.007639019999999999,0.007650530000000001
UZS,2024-11-13,Wednesday,2024-11-14,2024-11-13,False,True,1.0,0.007650530000000001,0.007688800000000001
UZS,2024-11-14,Thursday,2024-11-15,2024-11-14,False,True,1.0,0.007688800000000001,0.00773093
UZS,2024-11-15,Friday,2024-11-16,2024-11-15,False,True,1.0,0.00773093,0.007812189999999999
UZS,2024-11-16,Saturday,2024-11-19,2024-11-18,True,False,0.0,0.007812189999999999,0.00780055
UZS,2024-11-19,Tuesday,2024-11-20,2024-11-19,False,False,0.0,0.00780055,0.00779998
UZS,2024-11-20,Wednesday,2024-11-21,2024-11-20,False,False,1.0,0.00779998,0.0078028
UZS,2024-11-21,Thursday,2024-11-22,2024-11-21,False,False,1.0,0.0078028,0.00783139
UZS,2024-11-22,Friday,2024-11-23,2024-11-22,False,True,1.0,0.00783139,0.00798617
UZS,2024-11-23,Saturday,2024-11-26,2024-11-25,True,True,1.0,0.00798617,0.00809028
UZS,2024-11-26,Tuesday,2024-11-27,2024-11-26,False,False,1.0,0.00809028,0.00819838
UZS,2024-11-27,Wednesday,2024-11-28,2024-11-27,False,True,1.0,0.00819838,0.008424840000000001
UZS,2024-11-28,Thursday,2024-11-29,2024-11-28,False,False,0.0,0.008424840000000001,0.008528560000000001
UZS,2024-11-29,Friday,2024-11-30,2024-11-29,False,False,0.0,0.008528560000000001,0.0083747
UZS,2024-11-30,Saturday,2024-12-03,2024-12-02,True,False,0.0,0.0083747,0.008339230000000001
UZS,2024-12-03,Tuesday,2024-12-04,2024-12-03,False,False,0.0,0.008339230000000001,0.00827115
UZS,2024-12-04,Wednesday,2024-12-05,2024-12-04,False,False,0.0,0.00827115,0.008127299999999999
UZS,2024-12-05,Thursday,2024-12-06,2024-12-05,False,False,0.0,0.008127299999999999,0.00806863
UZS,2024-12-06,Friday,2024-12-07,2024-12-06,False,False,0.0,0.00806863,0.00774486
UZS,2024-12-07,Saturday,2024-12-10,2024-12-09,True,False,0.0,0.00774486,0.0077413
UZS,2024-12-10,Tuesday,2024-12-11,2024-12-10,False,False,1.0,0.0077413,0.00777781
UZS,2024-12-11,Wednesday,2024-12-12,2024-12-11,False,True,1.0,0.00777781,0.00802164
UZS,2024-12-12,Thursday,2024-12-13,2024-12-12,False,False,0.0,0.00802164,0.008079649999999999
UZS,2024-12-13,Friday,2024-12-14,2024-12-13,False,False,0.0,0.008079649999999999,0.00804275
UZS,2024-12-14,Saturday,2024-12-17,2024-12-16,True,False,0.0,0.00804275,0.00798206
UZS,2024-12-17,Tuesday,2024-12-18,2024-12-17,False,False,0.0,0.00798206,0.00799992
UZS,2024-12-18,Wednesday,2024-12-19,2024-12-18,False,False,0.0,0.00799992,0.00798579
UZS,2024-12-19,Thursday,2024-12-20,2024-12-19,False,False,0.0,0.00798579,0.0080409
UZS,2024-12-20,Friday,2024-12-21,2024-12-20,False,False,0.0,0.0080409,0.007949
UZS,2024-12-21,Saturday,2024-12-24,2024-12-23,True,False,0.0,0.007949,0.00788131
UZS,2024-12-24,Tuesday,2024-12-25,2024-12-24,False,False,0.0,0.00788131,0.00774089
UZS,2024-12-25,Wednesday,2024-12-26,2024-12-25,False,False,0.0,0.00774089,0.0077160399999999995
UZS,2024-12-26,Thursday,2024-12-27,2024-12-26,False,False,0.0,0.0077160399999999995,0.00767539
UZS,2024-12-27,Friday,2024-12-28,2024-12-27,False,True,1.0,0.00767539,0.00778052
UZS,2024-12-28,Saturday,2024-12-29,2024-12-28,False,True,1.0,0.00778052,0.00786965
UZS,2024-12-29,Sunday,2025-01-10,2025-01-09,True,False,1.0,0.00786965,0.00789102
UZS,2025-01-10,Friday,2025-01-11,2025-01-10,False,False,0.0,0.00789102,0.00787567
UZS,2025-01-11,Saturday,2025-01-14,2025-01-13,True,False,1.0,0.00787567,0.00792684
UZS,2025-01-14,Tuesday,2025-01-15,2025-01-14,False,False,0.0,0.00792684,0.00797389
UZS,2025-01-15,Wednesday,2025-01-16,2025-01-15,False,False,0.0,0.00797389,0.00792597
UZS,2025-01-16,Thursday,2025-01-17,2025-01-16,False,False,0.0,0.00792597,0.00789817
UZS,2025-01-17,Friday,2025-01-18,2025-01-17,False,False,0.0,0.00789817,0.00790518
UZS,2025-01-18,Saturday,2025-01-21,2025-01-20,True,False,0.0,0.00790518,0.00786287
UZS,2025-01-21,Tuesday,2025-01-22,2025-01-21,False,False,0.0,0.00786287,0.00770154
UZS,2025-01-22,Wednesday,2025-01-23,2025-01-22,False,False,0.0,0.00770154,0.00756909
UZS,2025-01-23,Thursday,2025-01-24,2025-01-23,False,True,0.0,0.00756909,0.007628780000000001
UZS,2025-01-24,Friday,2025-01-25,2025-01-24,False,False,0.0,0.007628780000000001,0.00757089
UZS,2025-01-25,Saturday,2025-01-28,2025-01-27,True,False,0.0,0.00757089,0.00748952
UZS,2025-01-28,Tuesday,2025-01-29,2025-01-28,False,True,1.0,0.00748952,0.007557179999999999
UZS,2025-01-29,Wednesday,2025-01-30,2025-01-29,False,False,0.0,0.007557179999999999,0.007553969999999999
UZS,2025-01-30,Thursday,2025-01-31,2025-01-30,False,False,0.0,0.007553969999999999,0.007557340000000001
UZS,2025-01-31,Friday,2025-02-01,2025-01-31,False,False,0.0,0.007557340000000001,0.00754886
UZS,2025-02-01,Saturday,2025-02-04,2025-02-03,True,True,0.0,0.00754886,0.00770273
UZS,2025-02-04,Tuesday,2025-02-05,2025-02-04,False,False,0.0,0.00770273,0.0075882599999999995
UZS,2025-02-05,Wednesday,2025-02-06,2025-02-05,False,False,0.0,0.0075882599999999995,0.00754337
UZS,2025-02-06,Thursday,2025-02-07,2025-02-06,False,False,0.0,0.00754337,0.0074630700000000005
UZS,2025-02-07,Friday,2025-02-08,2025-02-07,False,False,0.0,0.0074630700000000005,0.00750019
UZS,2025-02-08,Saturday,2025-02-11,2025-02-10,True,False,0.0,0.00750019,0.00746948
UZS,2025-02-11,Tuesday,2025-02-12,2025-02-11,False,False,0.0,0.00746948,0.00738536
UZS,2025-02-12,Wednesday,2025-02-13,2025-02-12,False,False,0.0,0.00738536,0.00724565
UZS,2025-02-13,Thursday,2025-02-14,2025-02-13,False,False,0.0,0.00724565,0.007008299999999999
UZS,2025-02-14,Friday,2025-02-15,2025-02-14,False,False,0.0,0.007008299999999999,0.00694481
UZS,2025-02-15,Saturday,2025-02-18,2025-02-17,True,False,0.0,0.00694481,0.00703715
UZS,2025-02-18,Tuesday,2025-02-19,2025-02-18,False,False,0.0,0.00703715,0.00703629
UZS,2025-02-19,Wednesday,2025-02-20,2025-02-19,False,False,0.0,0.00703629,0.0069718900000000006
UZS,2025-02-20,Thursday,2025-02-21,2025-02-20,False,False,0.0,0.0069718900000000006,0.00683476
UZS,2025-02-21,Friday,2025-02-22,2025-02-21,False,False,0.0,0.00683476,0.00681888
UZS,2025-02-22,Saturday,2025-02-25,2025-02-24,True,False,0.0,0.00681888,0.00682915
UZS,2025-02-25,Tuesday,2025-02-26,2025-02-25,False,False,0.0,0.00682915,0.006715689999999999
UZS,2025-02-26,Wednesday,2025-02-27,2025-02-26,False,False,0.0,0.006715689999999999,0.006669029999999999
UZS,2025-02-27,Thursday,2025-02-28,2025-02-27,False,True,1.0,0.006669029999999999,0.00680878
UZS,2025-02-28,Friday,2025-03-01,2025-02-28,False,False,1.0,0.00680878,0.00685364
UZS,2025-03-01,Saturday,2025-03-04,2025-03-03,True,True,1.0,0.00685364,0.006923909999999999
UZS,2025-03-04,Tuesday,2025-03-05,2025-03-04,False,False,0.0,0.006923909999999999,0.0069197
UZS,2025-03-05,Wednesday,2025-03-06,2025-03-05,False,False,0.0,0.0069197,0.006958499999999999
UZS,2025-03-06,Thursday,2025-03-07,2025-03-06,False,False,0.0,0.006958499999999999,0.0069434
UZS,2025-03-07,Friday,2025-03-08,2025-03-07,False,False,0.0,0.0069434,0.00689996
UZS,2025-03-08,Saturday,2025-03-11,2025-03-10,True,False,0.0,0.00689996,0.006841979999999999
UZS,2025-03-11,Tuesday,2025-03-12,2025-03-11,False,False,0.0,0.006841979999999999,0.00668981
UZS,2025-03-12,Wednesday,2025-03-13,2025-03-12,False,False,0.0,0.00668981,0.006698180000000001
UZS,2025-03-13,Thursday,2025-03-14,2025-03-13,False,False,0.0,0.006698180000000001,0.006704259999999999
UZS,2025-03-14,Friday,2025-03-15,2025-03-14,False,False,0.0,0.006704259999999999,0.006613750000000001
UZS,2025-03-15,Saturday,2025-03-18,2025-03-17,True,False,0.0,0.006613750000000001,0.0065084999999999995
UZS,2025-03-18,Tuesday,2025-03-19,2025-03-18,False,False,0.0,0.0065084999999999995,0.00629679
UZS,2025-03-19,Wednesday,2025-03-20,2025-03-19,False,True,1.0,0.00629679,0.00640467
UZS,2025-03-20,Thursday,2025-03-21,2025-03-20,False,True,1.0,0.00640467,0.006528870000000001
UZS,2025-03-21,Friday,2025-03-22,2025-03-21,False,False,0.0,0.006528870000000001,0.0065477800000000004
UZS,2025-03-22,Saturday,2025-03-25,2025-03-24,True,False,0.0,0.0065477800000000004,0.00648145
UZS,2025-03-25,Tuesday,2025-03-26,2025-03-25,False,False,0.0,0.00648145,0.00650286
UZS,2025-03-26,Wednesday,2025-03-27,2025-03-26,False,False,0.0,0.00650286,0.00651281
UZS,2025-03-27,Thursday,2025-03-28,2025-03-27,False,False,0.0,0.00651281,0.00649419
UZS,2025-03-28,Friday,2025-03-29,2025-03-28,False,False,0.0,0.00649419,0.0064803
UZS,2025-03-29,Saturday,2025-04-01,2025-03-31,True,True,1.0,0.0064803,0.00662085
UZS,2025-04-01,Tuesday,2025-04-02,2025-04-01,False,False,0.0,0.00662085,0.00656023
UZS,2025-04-02,Wednesday,2025-04-03,2025-04-02,False,False,0.0,0.00656023,0.00654166
UZS,2025-04-03,Thursday,2025-04-04,2025-04-03,False,False,0.0,0.00654166,0.00653372
UZS,2025-04-04,Friday,2025-04-05,2025-04-04,False,False,0.0,0.00653372,0.0065228
UZS,2025-04-05,Saturday,2025-04-08,2025-04-07,True,True,0.0,0.0065228,0.00665697
UZS,2025-04-08,Tuesday,2025-04-09,2025-04-08,False,False,0.0,0.00665697,0.006591209999999999
UZS,2025-04-09,Wednesday,2025-04-10,2025-04-09,False,False,0.0,0.006591209999999999,0.00664273
UZS,2025-04-10,Thursday,2025-04-11,2025-04-10,False,False,0.0,0.00664273,0.006553140000000001
UZS,2025-04-11,Friday,2025-04-12,2025-04-11,False,False,0.0,0.006553140000000001,0.0064776
UZS,2025-04-12,Saturday,2025-04-15,2025-04-14,True,False,0.0,0.0064776,0.00637635
UZS,2025-04-15,Tuesday,2025-04-16,2025-04-15,False,False,0.0,0.00637635,0.0063456499999999996
UZS,2025-04-16,Wednesday,2025-04-17,2025-04-16,False,False,0.0,0.0063456499999999996,0.00636237
UZS,2025-04-17,Thursday,2025-04-18,2025-04-17,False,False,0.0,0.00636237,0.00631186
UZS,2025-04-18,Friday,2025-04-19,2025-04-18,False,False,0.0,0.00631186,0.0062584400000000005
UZS,2025-04-19,Saturday,2025-04-22,2025-04-21,True,False,0.0,0.0062584400000000005,0.00624196
UZS,2025-04-22,Tuesday,2025-04-23,2025-04-22,False,True,1.0,0.00624196,0.00631017
UZS,2025-04-23,Wednesday,2025-04-24,2025-04-23,False,True,0.0,0.00631017,0.00639521
UZS,2025-04-24,Thursday,2025-04-25,2025-04-24,False,False,0.0,0.00639521,0.0064277100000000005
UZS,2025-04-25,Friday,2025-04-26,2025-04-25,False,False,0.0,0.0064277100000000005,0.006393889999999999
UZS,2025-04-26,Saturday,2025-04-29,2025-04-28,True,False,0.0,0.006393889999999999,0.0063707500000000005
UZS,2025-04-29,Tuesday,2025-04-30,2025-04-29,False,False,0.0,0.0063707500000000005,0.00629912
UZS,2025-04-30,Wednesday,2025-05-01,2025-04-30,False,False,0.0,0.00629912,0.0063011099999999995
UZS,2025-05-01,Thursday,2025-05-06,2025-05-05,True,False,0.0,0.0063011099999999995,0.00634249
UZS,2025-05-06,Tuesday,2025-05-07,2025-05-06,False,False,0.0,0.00634249,0.00625787
UZS,2025-05-07,Wednesday,2025-05-08,2025-05-07,False,False,0.0,0.00625787,0.00625622
UZS,2025-05-08,Thursday,2025-05-13,2025-05-12,True,False,0.0,0.00625622,0.00627998
UZS,2025-05-13,Tuesday,2025-05-14,2025-05-13,False,False,0.0,0.00627998,0.00624634
UZS,2025-05-14,Wednesday,2025-05-15,2025-05-14,False,False,0.0,0.00624634,0.0062019300000000005
UZS,2025-05-15,Thursday,2025-05-16,2025-05-15,False,False,0.0,0.0062019300000000005,0.0061874
UZS,2025-05-16,Friday,2025-05-17,2025-05-16,False,False,0.0,0.0061874,0.0062296
UZS,2025-05-17,Saturday,2025-05-20,2025-05-19,True,False,0.0,0.0062296,0.00622537
UZS,2025-05-20,Tuesday,2025-05-21,2025-05-20,False,False,0.0,0.00622537,0.00624565
UZS,2025-05-21,Wednesday,2025-05-22,2025-05-21,False,False,0.0,0.00624565,0.0061858
UZS,2025-05-22,Thursday,2025-05-23,2025-05-22,False,False,0.0,0.0061858,0.0061629399999999996
UZS,2025-05-23,Friday,2025-05-24,2025-05-23,False,False,0.0,0.0061629399999999996,0.00617697
UZS,2025-05-24,Saturday,2025-05-27,2025-05-26,True,False,0.0,0.00617697,0.006167499999999999
UZS,2025-05-27,Tuesday,2025-05-28,2025-05-27,False,False,0.0,0.006167499999999999,0.00615286
UZS,2025-05-28,Wednesday,2025-05-29,2025-05-28,False,True,0.0,0.00615286,0.0061771000000000005
UZS,2025-05-29,Thursday,2025-05-30,2025-05-29,False,False,0.0,0.0061771000000000005,0.0061177
UZS,2025-05-30,Friday,2025-05-31,2025-05-30,False,True,0.0,0.0061177,0.00615723
UZS,2025-05-31,Saturday,2025-06-03,2025-06-02,True,False,0.0,0.00615723,0.00618654
UZS,2025-06-03,Tuesday,2025-06-04,2025-06-03,False,False,0.0,0.00618654,0.006143930000000001
UZS,2025-06-04,Wednesday,2025-06-05,2025-06-04,False,False,0.0,0.006143930000000001,0.00610565
UZS,2025-06-05,Thursday,2025-06-06,2025-06-05,False,True,1.0,0.00610565,0.00616649
UZS,2025-06-06,Friday,2025-06-07,2025-06-06,False,False,0.0,0.00616649,0.00616985
UZS,2025-06-07,Saturday,2025-06-10,2025-06-09,True,False,0.0,0.00616985,0.006194809999999999
UZS,2025-06-10,Tuesday,2025-06-11,2025-06-10,False,False,0.0,0.006194809999999999,0.00618313
UZS,2025-06-11,Wednesday,2025-06-12,2025-06-11,False,True,0.0,0.00618313,0.00623327
UZS,2025-06-12,Thursday,2025-06-17,2025-06-16,True,False,0.0,0.00623327,0.00615246
UZS,2025-06-17,Tuesday,2025-06-18,2025-06-17,False,True,1.0,0.00615246,0.0061905400000000005
UZS,2025-06-18,Wednesday,2025-06-19,2025-06-18,False,False,1.0,0.0061905400000000005,0.00621381
UZS,2025-06-19,Thursday,2025-06-20,2025-06-19,False,False,1.0,0.00621381,0.00621968
UZS,2025-06-20,Friday,2025-06-21,2025-06-20,False,False,1.0,0.00621968,0.0062505
UZS,2025-06-21,Saturday,2025-06-24,2025-06-23,True,False,0.0,0.0062505,0.00626492
UZS,2025-06-24,Tuesday,2025-06-25,2025-06-24,False,True,0.0,0.00626492,0.00631611
UZS,2025-06-25,Wednesday,2025-06-26,2025-06-25,False,False,0.0,0.00631611,0.00627764
UZS,2025-06-26,Thursday,2025-06-27,2025-06-26,False,False,0.0,0.00627764,0.00624107
UZS,2025-06-27,Friday,2025-06-28,2025-06-27,False,False,0.0,0.00624107,0.00623438
UZS,2025-06-28,Saturday,2025-07-01,2025-06-30,True,False,0.0,0.00623438,0.0062057499999999995
UZS,2025-07-01,Tuesday,2025-07-02,2025-07-01,False,False,0.0,0.0062057499999999995,0.0061771000000000005
UZS,2025-07-02,Wednesday,2025-07-03,2025-07-02,False,True,0.0,0.0061771000000000005,0.0062049
UZS,2025-07-03,Thursday,2025-07-04,2025-07-03,False,True,0.0,0.0062049,0.00625674
UZS,2025-07-04,Friday,2025-07-05,2025-07-04,False,False,0.0,0.00625674,0.00627792
UZS,2025-07-05,Saturday,2025-07-08,2025-07-07,True,False,0.0,0.00627792,0.00624416
UZS,2025-07-08,Tuesday,2025-07-09,2025-07-08,False,False,0.0,0.00624416,0.00616627
UZS,2025-07-09,Wednesday,2025-07-10,2025-07-09,False,False,0.0,0.00616627,0.00614948
UZS,2025-07-10,Thursday,2025-07-11,2025-07-10,False,False,0.0,0.00614948,0.00615672
UZS,2025-07-11,Friday,2025-07-12,2025-07-11,False,False,0.0,0.00615672,0.00616459
UZS,2025-07-12,Saturday,2025-07-15,2025-07-14,True,True,0.0,0.00616459,0.0062125900000000005
UZS,2025-07-15,Tuesday,2025-07-16,2025-07-15,False,False,0.0,0.0062125900000000005,0.00613887
UZS,2025-07-16,Wednesday,2025-07-17,2025-07-16,False,False,0.0,0.00613887,0.00610094
UZS,2025-07-17,Thursday,2025-07-18,2025-07-17,False,False,1.0,0.00610094,0.00612819
UZS,2025-07-18,Friday,2025-07-19,2025-07-18,False,True,1.0,0.00612819,0.0061867400000000005
UZS,2025-07-19,Saturday,2025-07-22,2025-07-21,True,False,0.0,0.0061867400000000005,0.00622723
UZS,2025-07-22,Tuesday,2025-07-23,2025-07-22,False,False,0.0,0.00622723,0.006195750000000001
UZS,2025-07-23,Wednesday,2025-07-24,2025-07-23,False,False,0.0,0.006195750000000001,0.006175030000000001
UZS,2025-07-24,Thursday,2025-07-25,2025-07-24,False,False,1.0,0.006175030000000001,0.00617921
UZS,2025-07-25,Friday,2025-07-26,2025-07-25,False,True,1.0,0.00617921,0.00628702
UZS,2025-07-26,Saturday,2025-07-29,2025-07-28,True,False,1.0,0.00628702,0.0063249000000000005
UZS,2025-07-29,Tuesday,2025-07-30,2025-07-29,False,True,0.0,0.0063249000000000005,0.00657004
UZS,2025-07-30,Wednesday,2025-07-31,2025-07-30,False,False,0.0,0.00657004,0.0065467699999999995
UZS,2025-07-31,Thursday,2025-08-01,2025-07-31,False,False,0.0,0.0065467699999999995,0.00637858
UZS,2025-08-01,Friday,2025-08-02,2025-08-01,False,False,0.0,0.00637858,0.00632889
UZS,2025-08-02,Saturday,2025-08-05,2025-08-04,True,False,0.0,0.00632889,0.00626111
UZS,2025-08-05,Tuesday,2025-08-06,2025-08-05,False,True,1.0,0.00626111,0.00634238
UZS,2025-08-06,Wednesday,2025-08-07,2025-08-06,False,True,0.0,0.00634238,0.00640256
UZS,2025-08-07,Thursday,2025-08-08,2025-08-07,False,False,0.0,0.00640256,0.006349260000000001
UZS,2025-08-08,Friday,2025-08-09,2025-08-08,False,False,0.0,0.006349260000000001,0.00633485
UZS,2025-08-09,Saturday,2025-08-12,2025-08-11,True,False,0.0,0.00633485,0.0062865099999999995
UZS,2025-08-12,Tuesday,2025-08-13,2025-08-12,False,False,1.0,0.0062865099999999995,0.00634436
UZS,2025-08-13,Wednesday,2025-08-14,2025-08-13,False,False,1.0,0.00634436,0.00636325
UZS,2025-08-14,Thursday,2025-08-15,2025-08-14,False,False,0.0,0.00636325,0.00638237
UZS,2025-08-15,Friday,2025-08-16,2025-08-15,False,False,0.0,0.00638237,0.0063600900000000005
UZS,2025-08-16,Saturday,2025-08-19,2025-08-18,True,False,1.0,0.0063600900000000005,0.00640975
UZS,2025-08-19,Tuesday,2025-08-20,2025-08-19,False,False,0.0,0.00640975,0.0064291700000000005
UZS,2025-08-20,Wednesday,2025-08-21,2025-08-20,False,False,0.0,0.0064291700000000005,0.00639561
UZS,2025-08-21,Thursday,2025-08-22,2025-08-21,False,False,1.0,0.00639561,0.00643767
UZS,2025-08-22,Friday,2025-08-23,2025-08-22,False,True,1.0,0.00643767,0.00650485
UZS,2025-08-23,Saturday,2025-08-26,2025-08-25,True,False,0.0,0.00650485,0.0065293899999999995
UZS,2025-08-26,Tuesday,2025-08-27,2025-08-26,False,False,0.0,0.0065293899999999995,0.006543810000000001
UZS,2025-08-27,Wednesday,2025-08-28,2025-08-27,False,False,0.0,0.006543810000000001,0.00651108
UZS,2025-08-28,Thursday,2025-08-29,2025-08-28,False,False,0.0,0.00651108,0.00646837
UZS,2025-08-29,Friday,2025-08-30,2025-08-29,False,False,0.0,0.00646837,0.0064356
UZS,2025-08-30,Saturday,2025-09-02,2025-09-01,True,False,1.0,0.0064356,0.006443170000000001
UZS,2025-09-02,Tuesday,2025-09-03,2025-09-02,False,False,1.0,0.006443170000000001,0.00646791
UZS,2025-09-03,Wednesday,2025-09-04,2025-09-03,False,True,1.0,0.00646791,0.0065080500000000005
UZS,2025-09-04,Thursday,2025-09-05,2025-09-04,False,True,1.0,0.0065080500000000005,0.006569750000000001
UZS,2025-09-05,Friday,2025-09-06,2025-09-05,False,False,0.0,0.006569750000000001,0.0065574200000000004
UZS,2025-09-06,Saturday,2025-09-09,2025-09-08,True,False,1.0,0.0065574200000000004,0.00657624
UZS,2025-09-09,Tuesday,2025-09-10,2025-09-09,False,True,1.0,0.00657624,0.00669184
UZS,2025-09-10,Wednesday,2025-09-11,2025-09-10,False,True,0.0,0.00669184,0.00687334
UZS,2025-09-11,Thursday,2025-09-12,2025-09-11,False,False,0.0,0.00687334,0.00693032
UZS,2025-09-12,Friday,2025-09-13,2025-09-12,False,False,0.0,0.00693032,0.00677894
UZS,2025-09-13,Saturday,2025-09-16,2025-09-15,True,False,0.0,0.00677894,0.006684869999999999
UZS,2025-09-16,Tuesday,2025-09-17,2025-09-16,False,False,1.0,0.006684869999999999,0.006710290000000001
UZS,2025-09-17,Wednesday,2025-09-18,2025-09-17,False,False,1.0,0.006710290000000001,0.006756010000000001
UZS,2025-09-18,Thursday,2025-09-19,2025-09-18,False,False,1.0,0.006756010000000001,0.006787229999999999
UZS,2025-09-19,Friday,2025-09-20,2025-09-19,False,False,1.0,0.006787229999999999,0.006787850000000001
UZS,2025-09-20,Saturday,2025-09-23,2025-09-22,True,False,1.0,0.006787850000000001,0.0068032
UZS,2025-09-23,Tuesday,2025-09-24,2025-09-23,False,False,0.0,0.0068032,0.00680017
UZS,2025-09-24,Wednesday,2025-09-25,2025-09-24,False,True,1.0,0.00680017,0.0069009299999999996
UZS,2025-09-25,Thursday,2025-09-26,2025-09-25,False,False,0.0,0.0069009299999999996,0.00684232
UZS,2025-09-26,Friday,2025-09-27,2025-09-26,False,False,0.0,0.00684232,0.00685359
UZS,2025-09-27,Saturday,2025-09-30,2025-09-29,True,False,0.0,0.00685359,0.0068267399999999995
UZS,2025-09-30,Tuesday,2025-10-01,2025-09-30,False,False,0.0,0.0068267399999999995,0.00684538
UZS,2025-10-01,Wednesday,2025-10-02,2025-10-01,False,False,0.0,0.00684538,0.0067532600000000005
UZS,2025-10-02,Thursday,2025-10-03,2025-10-02,False,False,0.0,0.0067532600000000005,0.00670373
UZS,2025-10-03,Friday,2025-10-04,2025-10-03,False,True,1.0,0.00670373,0.0067685
UZS,2025-10-04,Saturday,2025-10-07,2025-10-06,True,True,0.0,0.0067685,0.00688198
UZS,2025-10-07,Tuesday,2025-10-08,2025-10-07,False,False,0.0,0.00688198,0.0068149000000000005
UZS,2025-10-08,Wednesday,2025-10-09,2025-10-08,False,False,0.0,0.0068149000000000005,0.006773820000000001
UZS,2025-10-09,Thursday,2025-10-10,2025-10-09,False,False,0.0,0.006773820000000001,0.00674371
UZS,2025-10-10,Friday,2025-10-11,2025-10-10,False,False,0.0,0.00674371,0.00669696
UZS,2025-10-11,Saturday,2025-10-14,2025-10-13,True,False,0.0,0.00669696,0.006659699999999999
UZS,2025-10-14,Tuesday,2025-10-15,2025-10-14,False,False,0.0,0.006659699999999999,0.0065812200000000005
UZS,2025-10-15,Wednesday,2025-10-16,2025-10-15,False,False,0.0,0.0065812200000000005,0.006470109999999999
UZS,2025-10-16,Thursday,2025-10-17,2025-10-16,False,False,0.0,0.006470109999999999,0.006464449999999999
UZS,2025-10-17,Friday,2025-10-18,2025-10-17,False,True,1.0,0.006464449999999999,0.00665928
UZS,2025-10-18,Saturday,2025-10-21,2025-10-20,True,False,1.0,0.00665928,0.0067192400000000005
UZS,2025-10-21,Tuesday,2025-10-22,2025-10-21,False,False,0.0,0.0067192400000000005,0.006745149999999999
UZS,2025-10-22,Wednesday,2025-10-23,2025-10-22,False,False,0.0,0.006745149999999999,0.00679833
UZS,2025-10-23,Thursday,2025-10-24,2025-10-23,False,False,0.0,0.00679833,0.0067157300000000005
UZS,2025-10-24,Friday,2025-10-25,2025-10-24,False,False,0.0,0.0067157300000000005,0.006675660000000001
UZS,2025-10-25,Saturday,2025-10-28,2025-10-27,True,False,0.0,0.006675660000000001,0.00651832
UZS,2025-10-28,Tuesday,2025-10-29,2025-10-28,False,True,1.0,0.00651832,0.00662195
UZS,2025-10-29,Wednesday,2025-10-30,2025-10-29,False,False,0.0,0.00662195,0.00662016
UZS,2025-10-30,Thursday,2025-10-31,2025-10-30,False,True,1.0,0.00662016,0.00671394
UZS,2025-10-31,Friday,2025-11-01,2025-10-31,False,False,1.0,0.00671394,0.0067533
UZS,2025-11-01,Saturday,2025-11-02,2025-11-01,False,False,0.0,0.0067533,0.00672637
UZS,2025-11-02,Sunday,2025-11-06,2025-11-05,True,True,0.0,0.00672637,0.00679366
UZS,2025-11-06,Thursday,2025-11-07,2025-11-06,False,False,0.0,0.00679366,0.00679799
UZS,2025-11-07,Friday,2025-11-08,2025-11-07,False,False,0.0,0.00679799,0.0067559
UZS,2025-11-08,Saturday,2025-11-11,2025-11-10,True,False,0.0,0.0067559,0.0067173599999999995
UZS,2025-11-11,Tuesday,2025-11-12,2025-11-11,False,True,1.0,0.0067173599999999995,0.00677125
UZS,2025-11-12,Wednesday,2025-11-13,2025-11-12,False,False,0.0,0.00677125,0.00677942
UZS,2025-11-13,Thursday,2025-11-14,2025-11-13,False,False,0.0,0.00677942,0.0067322599999999995
UZS,2025-11-14,Friday,2025-11-15,2025-11-14,False,False,1.0,0.0067322599999999995,0.00676904
UZS,2025-11-15,Saturday,2025-11-18,2025-11-17,True,False,0.0,0.00676904,0.00673861
UZS,2025-11-18,Tuesday,2025-11-19,2025-11-18,False,False,0.0,0.00673861,0.00674898
UZS,2025-11-19,Wednesday,2025-11-20,2025-11-19,False,False,0.0,0.00674898,0.0067789
UZS,2025-11-20,Thursday,2025-11-21,2025-11-20,False,False,0.0,0.0067789,0.006777979999999999
UZS,2025-11-21,Friday,2025-11-22,2025-11-21,False,False,0.0,0.006777979999999999,0.006632550000000001
UZS,2025-11-22,Saturday,2025-11-25,2025-11-24,True,False,0.0,0.006632550000000001,0.006592400000000001
UZS,2025-11-25,Tuesday,2025-11-26,2025-11-25,False,False,0.0,0.006592400000000001,0.006586539999999999
UZS,2025-11-26,Wednesday,2025-11-27,2025-11-26,False,False,0.0,0.006586539999999999,0.00658414
UZS,2025-11-27,Thursday,2025-11-28,2025-11-27,False,False,0.0,0.00658414,0.00658584
UZS,2025-11-28,Friday,2025-11-29,2025-11-28,False,False,0.0,0.00658584,0.006572539999999999
UZS,2025-11-29,Saturday,2025-12-02,2025-12-01,True,False,0.0,0.006572539999999999,0.006507250000000001
UZS,2025-12-02,Tuesday,2025-12-03,2025-12-02,False,False,0.0,0.006507250000000001,0.00651193
UZS,2025-12-03,Wednesday,2025-12-04,2025-12-03,False,True,0.0,0.00651193,0.006561409999999999
UZS,2025-12-04,Thursday,2025-12-05,2025-12-04,False,False,0.0,0.006561409999999999,0.006461409999999999
UZS,2025-12-05,Friday,2025-12-06,2025-12-05,False,False,0.0,0.006461409999999999,0.00636063
UZS,2025-12-06,Saturday,2025-12-09,2025-12-08,True,True,1.0,0.00636063,0.00645923
UZS,2025-12-09,Tuesday,2025-12-10,2025-12-09,False,False,0.0,0.00645923,0.00640599
UZS,2025-12-10,Wednesday,2025-12-11,2025-12-10,False,True,1.0,0.00640599,0.00648993
UZS,2025-12-11,Thursday,2025-12-12,2025-12-11,False,True,1.0,0.00648993,0.006600149999999999
UZS,2025-12-12,Friday,2025-12-13,2025-12-12,False,False,0.0,0.006600149999999999,0.006617959999999999
UZS,2025-12-13,Saturday,2025-12-16,2025-12-15,True,False,0.0,0.006617959999999999,0.0065672
UZS,2025-12-16,Tuesday,2025-12-17,2025-12-16,False,False,0.0,0.0065672,0.00656146
UZS,2025-12-17,Wednesday,2025-12-18,2025-12-17,False,True,0.0,0.00656146,0.00666519
UZS,2025-12-18,Thursday,2025-12-19,2025-12-18,False,False,0.0,0.00666519,0.00665719
UZS,2025-12-19,Friday,2025-12-20,2025-12-19,False,True,0.0,0.00665719,0.006729000000000001
UZS,2025-12-20,Saturday,2025-12-23,2025-12-22,True,False,0.0,0.006729000000000001,0.00661168
UZS,2025-12-23,Tuesday,2025-12-24,2025-12-23,False,False,0.0,0.00661168,0.00652032
UZS,2025-12-24,Wednesday,2025-12-25,2025-12-24,False,False,0.0,0.00652032,0.00649978
UZS,2025-12-25,Thursday,2025-12-26,2025-12-25,False,False,0.0,0.00649978,0.0064482
UZS,2025-12-26,Friday,2025-12-27,2025-12-26,False,False,0.0,0.0064482,0.00644358
UZS,2025-12-27,Saturday,2025-12-30,2025-12-29,True,False,0.0,0.00644358,0.00644029
UZS,2025-12-30,Tuesday,2025-12-31,2025-12-30,False,True,1.0,0.00644029,0.006516500000000001
UZS,2025-12-31,Wednesday,2026-01-13,2026-01-12,True,False,0.0,0.006516500000000001,0.006512120000000001
UZS,2026-01-13,Tuesday,2026-01-14,2026-01-13,False,False,0.0,0.006512120000000001,0.00654486
UZS,2026-01-14,Wednesday,2026-01-15,2026-01-14,False,False,0.0,0.00654486,0.00654666
UZS,2026-01-15,Thursday,2026-01-16,2026-01-15,False,False,0.0,0.00654666,0.006560590000000001
UZS,2026-01-16,Friday,2026-01-17,2026-01-16,False,False,0.0,0.006560590000000001,0.00650628
UZS,2026-01-17,Saturday,2026-01-20,2026-01-19,True,False,0.0,0.00650628,0.00645208
UZS,2026-01-20,Tuesday,2026-01-21,2026-01-20,False,False,0.0,0.00645208,0.00644602
UZS,2026-01-21,Wednesday,2026-01-22,2026-01-21,False,False,0.0,0.00644602,0.00639461
UZS,2026-01-22,Thursday,2026-01-23,2026-01-22,False,False,0.0,0.00639461,0.00626503
UZS,2026-01-23,Friday,2026-01-24,2026-01-23,False,False,0.0,0.00626503,0.0062825699999999995
UZS,2026-01-24,Saturday,2026-01-27,2026-01-26,True,False,0.0,0.0062825699999999995,0.006282800000000001
UZS,2026-01-27,Tuesday,2026-01-28,2026-01-27,False,True,0.0,0.006282800000000001,0.00631199
UZS,2026-01-28,Wednesday,2026-01-29,2026-01-28,False,False,0.0,0.00631199,0.00626726
UZS,2026-01-29,Thursday,2026-01-30,2026-01-29,False,False,0.0,0.00626726,0.00623203
UZS,2026-01-30,Friday,2026-01-31,2026-01-30,False,False,0.0,0.00623203,0.00619482
UZS,2026-01-31,Saturday,2026-02-03,2026-02-02,True,True,1.0,0.00619482,0.00629156
UZS,2026-02-03,Tuesday,2026-02-04,2026-02-03,False,False,0.0,0.00629156,0.00627992
UZS,2026-02-04,Wednesday,2026-02-05,2026-02-04,False,False,0.0,0.00627992,0.00627031
UZS,2026-02-05,Thursday,2026-02-06,2026-02-05,False,False,0.0,0.00627031,0.00623416
UZS,2026-02-06,Friday,2026-02-07,2026-02-06,False,True,1.0,0.00623416,0.00626294
UZS,2026-02-07,Saturday,2026-02-10,2026-02-09,True,True,1.0,0.00626294,0.0063026
UZS,2026-02-10,Tuesday,2026-02-11,2026-02-10,False,False,0.0,0.0063026,0.00627207
UZS,2026-02-11,Wednesday,2026-02-12,2026-02-11,False,True,1.0,0.00627207,0.0063044600000000004
UZS,2026-02-12,Thursday,2026-02-13,2026-02-12,False,False,0.0,0.0063044600000000004,0.00628793
UZS,2026-02-13,Friday,2026-02-14,2026-02-13,False,False,0.0,0.00628793,0.00631655
UZS,2026-02-14,Saturday,2026-02-17,2026-02-16,True,False,0.0,0.00631655,0.00628482
UZS,2026-02-17,Tuesday,2026-02-18,2026-02-17,False,True,0.0,0.00628482,0.00632228
UZS,2026-02-18,Wednesday,2026-02-19,2026-02-18,False,False,0.0,0.00632228,0.00627674
UZS,2026-02-19,Thursday,2026-02-20,2026-02-19,False,False,1.0,0.00627674,0.0062978
UZS,2026-02-20,Friday,2026-02-21,2026-02-20,False,False,0.0,0.0062978,0.00628455
UZS,2026-02-21,Saturday,2026-02-25,2026-02-24,True,False,1.0,0.00628455,0.00628784
UZS,2026-02-25,Wednesday,2026-02-26,2026-02-25,False,False,1.0,0.00628784,0.00630034
UZS,2026-02-26,Thursday,2026-02-27,2026-02-26,False,True,1.0,0.00630034,0.0063545
UZS,2026-02-27,Friday,2026-02-28,2026-02-27,False,False,0.0,0.0063545,0.00634838
UZS,2026-02-28,Saturday,2026-03-03,2026-03-02,True,False,0.0,0.00634838,0.00633058
UZS,2026-03-03,Tuesday,2026-03-04,2026-03-03,False,True,1.0,0.00633058,0.006356280000000001
UZS,2026-03-04,Wednesday,2026-03-05,2026-03-04,False,True,1.0,0.006356280000000001,0.00638769
UZS,2026-03-05,Thursday,2026-03-06,2026-03-05,False,True,1.0,0.00638769,0.0064218999999999995
UZS,2026-03-06,Friday,2026-03-07,2026-03-06,False,True,1.0,0.0064218999999999995,0.006492359999999999
UZS,2026-03-07,Saturday,2026-03-11,2026-03-10,True,False,0.0,0.006492359999999999,0.00647629
UZS,2026-03-11,Wednesday,2026-03-12,2026-03-11,False,True,1.0,0.00647629,0.00651529
UZS,2026-03-12,Thursday,2026-03-13,2026-03-12,False,False,1.0,0.00651529,0.00653318
UZS,2026-03-13,Friday,2026-03-14,2026-03-13,False,True,1.0,0.00653318,0.00664028
UZS,2026-03-14,Saturday,2026-03-17,2026-03-16,True,True,1.0,0.00664028,0.00670335
UZS,2026-03-17,Tuesday,2026-03-18,2026-03-17,False,True,1.0,0.00670335,0.0067532600000000005
UZS,2026-03-18,Wednesday,2026-03-19,2026-03-18,False,True,0.0,0.0067532600000000005,0.00682543
UZS,2026-03-19,Thursday,2026-03-20,2026-03-19,False,True,0.0,0.00682543,0.006958450000000001
UZS,2026-03-20,Friday,2026-03-21,2026-03-20,False,False,0.0,0.006958450000000001,0.006889579999999999
UZS,2026-03-21,Saturday,2026-03-24,2026-03-23,True,False,0.0,0.006889579999999999,0.00671554
UZS,2026-03-24,Tuesday,2026-03-25,2026-03-24,False,False,0.0,0.00671554,0.00663827
UZS,2026-03-25,Wednesday,2026-03-26,2026-03-25,False,False,0.0,0.00663827,0.0066317599999999996
UZS,2026-03-26,Thursday,2026-03-27,2026-03-26,False,True,1.0,0.0066317599999999996,0.00674321
UZS,2026-03-27,Friday,2026-03-28,2026-03-27,False,False,0.0,0.00674321,0.00665363
UZS,2026-03-28,Saturday,2026-03-31,2026-03-30,True,False,0.0,0.00665363,0.006657720000000001
UZS,2026-03-31,Tuesday,2026-04-01,2026-03-31,False,False,0.0,0.006657720000000001,0.00666303
UZS,2026-04-01,Wednesday,2026-04-02,2026-04-01,False,False,0.0,0.00666303,0.00666303
UZS,2026-04-02,Thursday,2026-04-03,2026-04-02,False,False,0.0,0.00666303,0.006611870000000001
UZS,2026-04-03,Friday,2026-04-04,2026-04-03,False,False,0.0,0.006611870000000001,0.00655094
UZS,2026-04-04,Saturday,2026-04-07,2026-04-06,True,False,0.0,0.00655094,0.00646616
UZS,2026-04-07,Tuesday,2026-04-08,2026-04-07,False,False,0.0,0.00646616,0.006450610000000001
UZS,2026-04-08,Wednesday,2026-04-09,2026-04-08,False,False,0.0,0.006450610000000001,0.00640338
UZS,2026-04-09,Thursday,2026-04-10,2026-04-09,False,False,0.0,0.00640338,0.00638095
UZS,2026-04-10,Friday,2026-04-11,2026-04-10,False,False,0.0,0.00638095,0.0063307
UZS,2026-04-11,Saturday,2026-04-14,2026-04-13,True,False,0.0,0.0063307,0.006288
UZS,2026-04-14,Tuesday,2026-04-15,2026-04-14,False,False,0.0,0.006288,0.00624749
UZS,2026-04-15,Wednesday,2026-04-16,2026-04-15,False,False,0.0,0.00624749,0.00617161
UZS,2026-04-16,Thursday,2026-04-17,2026-04-16,False,True,1.0,0.00617161,0.00625439
UZS,2026-04-17,Friday,2026-04-18,2026-04-17,False,False,0.0,0.00625439,0.00627066
UZS,2026-04-18,Saturday,2026-04-21,2026-04-20,True,False,0.0,0.00627066,0.0062193100000000005
UZS,2026-04-21,Tuesday,2026-04-22,2026-04-21,False,False,0.0,0.0062193100000000005,0.006184599999999999
UZS,2026-04-22,Wednesday,2026-04-23,2026-04-22,False,False,1.0,0.006184599999999999,0.00622791
UZS,2026-04-23,Thursday,2026-04-24,2026-04-23,False,False,0.0,0.00622791,0.00622796
UZS,2026-04-24,Friday,2026-04-25,2026-04-24,False,False,0.0,0.00622796,0.00628322
UZS,2026-04-25,Saturday,2026-04-28,2026-04-27,True,False,0.0,0.00628322,0.00619633
UZS,2026-04-28,Tuesday,2026-04-29,2026-04-28,False,False,1.0,0.00619633,0.00620945
UZS,2026-04-29,Wednesday,2026-04-30,2026-04-29,False,False,1.0,0.00620945,0.00625319
UZS,2026-04-30,Thursday,2026-05-01,2026-04-30,False,False,0.0,0.00625319,0.00626603
UZS,2026-05-01,Friday,2026-05-05,2026-05-04,True,False,0.0,0.00626603,0.00628996
UZS,2026-05-05,Tuesday,2026-05-06,2026-05-05,False,False,0.0,0.00628996,0.0062593200000000005
UZS,2026-05-06,Wednesday,2026-05-07,2026-05-06,False,False,0.0,0.0062593200000000005,0.006230149999999999
UZS,2026-05-07,Thursday,2026-05-08,2026-05-07,False,False,0.0,0.006230149999999999,0.0061594
UZS,2026-05-08,Friday,2026-05-09,2026-05-08,False,False,0.0,0.0061594,0.0061189799999999996
UZS,2026-05-09,Saturday,2026-05-13,2026-05-12,True,False,0.0,0.0061189799999999996,0.00607525
UZS,2026-05-13,Wednesday,2026-05-14,2026-05-13,False,False,0.0,0.00607525,0.00607467
UZS,2026-05-14,Thursday,2026-05-15,2026-05-14,False,False,0.0,0.00607467,0.00610742
UZS,2026-05-15,Friday,2026-05-16,2026-05-15,False,False,0.0,0.00610742,0.00610092
UZS,2026-05-16,Saturday,2026-05-19,2026-05-18,True,False,0.0,0.00610092,0.00601948
UZS,2026-05-19,Tuesday,2026-05-20,2026-05-19,False,False,0.0,0.00601948,0.00591355
UZS,2026-05-20,Wednesday,2026-05-21,2026-05-20,False,False,0.0,0.00591355,0.00587528
UZS,2026-05-21,Thursday,2026-05-22,2026-05-21,False,False,1.0,0.00587528,0.005888770000000001
UZS,2026-05-22,Friday,2026-05-23,2026-05-22,False,False,1.0,0.005888770000000001,0.0059441699999999995
UZS,2026-05-23,Saturday,2026-05-26,2026-05-25,True,False,0.0,0.0059441699999999995,0.00596325
UZS,2026-05-26,Tuesday,2026-05-27,2026-05-26,False,False,0.0,0.00596325,0.00597137
UZS,2026-05-27,Wednesday,2026-05-28,2026-05-27,False,False,0.0,0.00597137,0.0059074800000000005
UZS,2026-05-28,Thursday,2026-05-29,2026-05-28,False,False,1.0,0.0059074800000000005,0.00594666
UZS,2026-05-29,Friday,2026-05-30,2026-05-29,False,False,0.0,0.00594666,0.00591758
UZS,2026-05-30,Saturday,2026-06-02,2026-06-01,True,True,1.0,0.00591758,0.0059882
UZS,2026-06-02,Tuesday,2026-06-03,2026-06-02,False,True,1.0,0.0059882,0.00607976
UZS,2026-06-03,Wednesday,2026-06-04,2026-06-03,False,False,0.0,0.00607976,0.00612694
UZS,2026-06-04,Thursday,2026-06-05,2026-06-04,False,False,0.0,0.00612694,0.0061927399999999995
UZS,2026-06-05,Friday,2026-06-06,2026-06-05,False,False,0.0,0.0061927399999999995,0.0061927399999999995
UZS,2026-06-06,Saturday,2026-06-09,2026-06-08,True,False,0.0,0.0061927399999999995,0.006098559999999999
UZS,2026-06-09,Tuesday,2026-06-10,2026-06-09,False,False,0.0,0.006098559999999999,0.00596016
UZS,2026-06-10,Wednesday,2026-06-11,2026-06-10,False,False,0.0,0.00596016,0.00595562
UZS,2026-06-11,Thursday,2026-06-12,2026-06-11,False,False,1.0,0.00595562,0.00598509
UZS,2026-06-12,Friday,2026-06-16,2026-06-15,True,False,1.0,0.00598509,0.00604777
UZS,2026-06-16,Tuesday,2026-06-17,2026-06-16,False,False,0.0,0.00604777,0.0060054999999999996
UZS,2026-06-17,Wednesday,2026-06-18,2026-06-17,False,False,1.0,0.0060054999999999996,0.006036140000000001
UZS,2026-06-18,Thursday,2026-06-19,2026-06-18,False,False,1.0,0.006036140000000001,0.00606998
UZS,2026-06-19,Friday,2026-06-20,2026-06-19,False,False,1.0,0.00606998,0.00609025
UZS,2026-06-20,Saturday,2026-06-23,2026-06-22,True,True,1.0,0.00609025,0.00615208
UZS,2026-06-23,Tuesday,2026-06-24,2026-06-23,False,True,1.0,0.00615208,0.00620952
UZS,2026-06-24,Wednesday,2026-06-25,2026-06-24,False,False,1.0,0.00620952,0.00621851
UZS,2026-06-25,Thursday,2026-06-26,2026-06-25,False,True,1.0,0.00621851,0.0062958
UZS,2026-06-26,Friday,2026-06-27,2026-06-26,False,True,1.0,0.0062958,0.00641679
UZS,2026-06-27,Saturday,2026-06-30,2026-06-29,True,False,1.0,0.00641679,0.006446810000000001
UZS,2026-06-30,Tuesday,2026-07-01,2026-06-30,False,True,1.0,0.006446810000000001,0.00651743
UZS,2026-07-01,Wednesday,2026-07-02,2026-07-01,False,True,0.0,0.00651743,0.006558039999999999
UZS,2026-07-02,Thursday,2026-07-03,2026-07-02,False,False,0.0,0.006558039999999999,0.00654337
UZS,2026-07-03,Friday,2026-07-04,2026-07-03,False,False,0.0,0.00654337,0.00644956
UZS,2026-07-04,Saturday,2026-07-07,2026-07-06,True,False,0.0,0.00644956,0.0064747699999999995
UZS,2026-07-07,Tuesday,2026-07-08,2026-07-07,False,False,0.0,0.0064747699999999995,0.00633257
UZS,2026-07-08,Wednesday,2026-07-09,2026-07-08,False,False,0.0,0.00633257,0.00636436
UZS,2026-07-09,Thursday,2026-07-10,2026-07-09,False,False,0.0,0.00636436,0.006321070000000001
UZS,2026-07-10,Friday,2026-07-11,2026-07-10,False,False,1.0,0.006321070000000001,0.00634853
UZS,2026-07-11,Saturday,2026-07-14,2026-07-13,True,False,0.0,0.00634853,0.00633607
UZS,2026-07-14,Tuesday,2026-07-15,2026-07-14,False,True,1.0,0.00633607,0.00642255
UZS,2026-07-15,Wednesday,2026-07-16,2026-07-15,False,False,1.0,0.00642255,0.00644858
UZS,2026-07-16,Thursday,2026-07-17,2026-07-16,False,False,1.0,0.00644858,0.006476130000000001
UZS,2026-07-17,Friday,2026-07-18,2026-07-17,False,False,1.0,0.006476130000000001,0.006516259999999999
UZS,2026-07-18,Saturday,2026-07-21,2026-07-20,True,False,0.0,0.006516259999999999,0.006548099999999999
UZS,2026-07-21,Tuesday,2026-07-22,2026-07-21,False,False,0.0,0.006548099999999999,0.00655351
UZS,2026-07-22,Wednesday,2026-07-23,2026-07-22,False,False,0.0,0.00655351,0.006513120000000001
UZS,2026-07-23,Thursday,2026-07-24,2026-07-23,False,False,0.0,0.006513120000000001,0.00647876
UZS,2026-07-24,Friday,2026-07-25,2026-07-24,False,False,1.0,0.00647876,0.00649224
UZS,2026-07-25,Saturday,2026-07-28,2026-07-27,True,False,1.0,0.00649224,0.00650744
UZS,2026-07-28,Tuesday,2026-07-29,2026-07-28,False,True,1.0,0.00650744,0.00653077
UZS,2026-07-29,Wednesday,2026-07-30,2026-07-29,False,True,1.0,0.00653077,0.00659371
UZS,2026-07-30,Thursday,2026-07-31,2026-07-30,False,True,1.0,0.00659371,0.006651229999999999
UZS,2026-07-31,Friday,2026-08-01,2026-07-31,False,False,0.0,0.006651229999999999,0.0066440200000000005
UZS,2026-08-01,Saturday,2026-08-04,2026-08-03,True,True,1.0,0.0066440200000000005,0.00667826
UZS,2026-08-04,Tuesday,2026-08-05,2026-08-04,False,True,1.0,0.00667826,0.00679347
UZS,2026-08-05,Wednesday,2026-08-06,2026-08-05,False,False,1.0,0.00679347,0.006808379999999999
UZS,2026-08-06,Thursday,2026-08-07,2026-08-06,False,True,1.0,0.006808379999999999,0.0068319999999999995
UZS,2026-08-07,Friday,2026-08-08,2026-08-07,False,True,1.0,0.0068319999999999995,0.0068746499999999995
UZS,2026-08-08,Saturday,2026-08-11,2026-08-10,True,True,1.0,0.0068746499999999995,0.00692155
UZS,2026-08-11,Tuesday,2026-08-12,2026-08-11,False,False,0.0,0.00692155,0.006902129999999999
UZS,2026-08-12,Wednesday,2026-08-13,2026-08-12,False,True,1.0,0.006902129999999999,0.006980490000000001
UZS,2026-08-13,Thursday,2026-08-14,2026-08-13,False,False,1.0,0.006980490000000001,0.00701387
UZS,2026-08-14,Friday,2026-08-15,2026-08-14,False,True,1.0,0.00701387,0.00708206
UZS,2026-08-15,Saturday,2026-08-18,2026-08-17,True,True,0.0,0.00708206,0.0071493
UZS,2026-08-18,Tuesday,2026-08-19,2026-08-18,False,False,0.0,0.0071493,0.00718242
UZS,2026-08-19,Wednesday,2026-08-20,2026-08-19,False,False,0.0,0.00718242,0.007201900000000001
UZS,2026-08-20,Thursday,2026-08-21,2026-08-20,False,False,0.0,0.007201900000000001,0.00706705
UZS,2026-08-21,Friday,2026-08-22,2026-08-21,False,False,0.0,0.00706705,0.00699924
UZS,2026-08-22,Saturday,2026-08-25,2026-08-24,True,True,1.0,0.00699924,0.0070263999999999995
UZS,2026-08-25,Tuesday,2026-08-26,2026-08-25,False,True,1.0,0.0070263999999999995,0.00717098
UZS,2026-08-26,Wednesday,2026-08-27,2026-08-26,False,False,0.0,0.00717098,0.00715557
KGS,2024-01-10,Wednesday,2024-01-11,2024-01-10,False,False,0.0,1.01257,1.0008599999999999
KGS,2024-01-11,Thursday,2024-01-12,2024-01-11,False,False,0.0,1.0008599999999999,0.993974
KGS,2024-01-12,Friday,2024-01-13,2024-01-12,False,False,0.0,0.993974,0.986704
KGS,2024-01-13,Saturday,2024-01-16,2024-01-15,True,False,0.0,0.986704,0.9816079999999999
KGS,2024-01-16,Tuesday,2024-01-17,2024-01-16,False,False,0.0,0.9816079999999999,0.9812949999999999
KGS,2024-01-17,Wednesday,2024-01-18,2024-01-17,False,True,1.0,0.9812949999999999,0.989479
KGS,2024-01-18,Thursday,2024-01-19,2024-01-18,False,False,0.0,0.989479,0.992821
KGS,2024-01-19,Friday,2024-01-20,2024-01-19,False,False,0.0,0.992821,0.99185
KGS,2024-01-20,Saturday,2024-01-23,2024-01-22,True,False,0.0,0.99185,0.985052
KGS,2024-01-23,Tuesday,2024-01-24,2024-01-23,False,False,0.0,0.985052,0.984649
KGS,2024-01-24,Wednesday,2024-01-25,2024-01-24,False,True,1.0,0.984649,0.9884439999999999
KGS,2024-01-25,Thursday,2024-01-26,2024-01-25,False,True,1.0,0.9884439999999999,0.992568
KGS,2024-01-26,Friday,2024-01-27,2024-01-26,False,True,1.0,0.992568,1.0021900000000001
KGS,2024-01-27,Saturday,2024-01-30,2024-01-29,True,False,0.0,1.0021900000000001,1.0032400000000001
KGS,2024-01-30,Tuesday,2024-01-31,2024-01-30,False,False,0.0,1.0032400000000001,0.99965
KGS,2024-01-31,Wednesday,2024-02-01,2024-01-31,False,False,1.0,0.99965,1.00389
KGS,2024-02-01,Thursday,2024-02-02,2024-02-01,False,True,1.0,1.00389,1.0101900000000001
KGS,2024-02-02,Friday,2024-02-03,2024-02-02,False,False,1.0,1.0101900000000001,1.0150299999999999
KGS,2024-02-03,Saturday,2024-02-06,2024-02-05,True,False,0.0,1.0150299999999999,1.02028
KGS,2024-02-06,Tuesday,2024-02-07,2024-02-06,False,False,0.0,1.02028,1.01402
KGS,2024-02-07,Wednesday,2024-02-08,2024-02-07,False,False,1.0,1.01402,1.01925
KGS,2024-02-08,Thursday,2024-02-09,2024-02-08,False,False,0.0,1.01925,1.02042
KGS,2024-02-09,Friday,2024-02-10,2024-02-09,False,False,0.0,1.02042,1.01633
KGS,2024-02-10,Saturday,2024-02-13,2024-02-12,True,False,1.0,1.01633,1.0184
KGS,2024-02-13,Tuesday,2024-02-14,2024-02-13,False,False,1.0,1.0184,1.01986
KGS,2024-02-14,Wednesday,2024-02-15,2024-02-14,False,False,1.0,1.01986,1.02238
KGS,2024-02-15,Thursday,2024-02-16,2024-02-15,False,True,1.0,1.02238,1.02677
KGS,2024-02-16,Friday,2024-02-17,2024-02-16,False,True,1.0,1.02677,1.03488
KGS,2024-02-17,Saturday,2024-02-20,2024-02-19,True,False,0.0,1.03488,1.03332
KGS,2024-02-20,Tuesday,2024-02-21,2024-02-20,False,False,0.0,1.03332,1.03264
KGS,2024-02-21,Wednesday,2024-02-22,2024-02-21,False,False,0.0,1.03264,1.03364
KGS,2024-02-22,Thursday,2024-02-23,2024-02-22,False,False,0.0,1.03364,1.03715
KGS,2024-02-23,Friday,2024-02-27,2024-02-26,True,False,0.0,1.03715,1.0358100000000001
KGS,2024-02-27,Tuesday,2024-02-28,2024-02-27,False,False,0.0,1.0358100000000001,1.02921
KGS,2024-02-28,Wednesday,2024-02-29,2024-02-28,False,False,0.0,1.02921,1.0272700000000001
KGS,2024-02-29,Thursday,2024-03-01,2024-02-29,False,False,0.0,1.0272700000000001,1.0159
KGS,2024-03-01,Friday,2024-03-02,2024-03-01,False,True,0.0,1.0159,1.02163
KGS,2024-03-02,Saturday,2024-03-05,2024-03-04,True,False,0.0,1.02163,1.02151
KGS,2024-03-05,Tuesday,2024-03-06,2024-03-05,False,False,0.0,1.02151,1.01935
KGS,2024-03-06,Wednesday,2024-03-07,2024-03-06,False,False,0.0,1.01935,1.0101900000000001
KGS,2024-03-07,Thursday,2024-03-08,2024-03-07,False,True,1.0,1.0101900000000001,1.01475
KGS,2024-03-08,Friday,2024-03-12,2024-03-11,True,False,0.0,1.01475,1.01336
KGS,2024-03-12,Tuesday,2024-03-13,2024-03-12,False,False,1.0,1.01336,1.01623
KGS,2024-03-13,Wednesday,2024-03-14,2024-03-13,False,True,1.0,1.01623,1.0230000000000001
KGS,2024-03-14,Thursday,2024-03-15,2024-03-14,False,False,1.0,1.0230000000000001,1.0237500000000002
KGS,2024-03-15,Friday,2024-03-16,2024-03-15,False,False,1.0,1.0237500000000002,1.02637
KGS,2024-03-16,Saturday,2024-03-19,2024-03-18,True,False,1.0,1.02637,1.02763
KGS,2024-03-19,Tuesday,2024-03-20,2024-03-19,False,False,0.0,1.02763,1.0303200000000001
KGS,2024-03-20,Wednesday,2024-03-21,2024-03-20,False,False,0.0,1.0303200000000001,1.03548
KGS,2024-03-21,Thursday,2024-03-22,2024-03-21,False,False,0.0,1.03548,1.02726
KGS,2024-03-22,Friday,2024-03-23,2024-03-22,False,True,1.0,1.02726,1.03465
KGS,2024-03-23,Saturday,2024-03-26,2024-03-25,True,False,0.0,1.03465,1.0364900000000001
KGS,2024-03-26,Tuesday,2024-03-27,2024-03-26,False,False,0.0,1.0364900000000001,1.03424
KGS,2024-03-27,Wednesday,2024-03-28,2024-03-27,False,False,0.0,1.03424,1.03443
KGS,2024-03-28,Thursday,2024-03-29,2024-03-28,False,False,0.0,1.03443,1.0312
KGS,2024-03-29,Friday,2024-03-30,2024-03-29,False,False,1.0,1.0312,1.0323600000000002
KGS,2024-03-30,Saturday,2024-04-02,2024-04-01,True,False,0.0,1.0323600000000002,1.03226
KGS,2024-04-02,Tuesday,2024-04-03,2024-04-02,False,False,1.0,1.03226,1.03554
KGS,2024-04-03,Wednesday,2024-04-04,2024-04-03,False,False,0.0,1.03554,1.0340099999999999
KGS,2024-04-04,Thursday,2024-04-05,2024-04-04,False,False,0.0,1.0340099999999999,1.03308
KGS,2024-04-05,Friday,2024-04-06,2024-04-05,False,False,1.0,1.03308,1.0344799999999998
KGS,2024-04-06,Saturday,2024-04-09,2024-04-08,True,True,1.0,1.0344799999999998,1.0382799999999999
KGS,2024-04-09,Tuesday,2024-04-10,2024-04-09,False,False,1.0,1.0382799999999999,1.0406900000000001
KGS,2024-04-10,Wednesday,2024-04-11,2024-04-10,False,True,1.0,1.0406900000000001,1.046
KGS,2024-04-11,Thursday,2024-04-12,2024-04-11,False,True,1.0,1.046,1.05161
KGS,2024-04-12,Friday,2024-04-13,2024-04-12,False,False,0.0,1.05161,1.0485
KGS,2024-04-13,Saturday,2024-04-16,2024-04-15,True,False,1.0,1.0485,1.05015
KGS,2024-04-16,Tuesday,2024-04-17,2024-04-16,False,True,0.0,1.05015,1.05575
KGS,2024-04-17,Wednesday,2024-04-18,2024-04-17,False,False,0.0,1.05575,1.05976
KGS,2024-04-18,Thursday,2024-04-19,2024-04-18,False,False,0.0,1.05976,1.05714
KGS,2024-04-19,Friday,2024-04-20,2024-04-19,False,False,0.0,1.05714,1.0497
KGS,2024-04-20,Saturday,2024-04-23,2024-04-22,True,False,0.0,1.0497,1.04888
KGS,2024-04-23,Tuesday,2024-04-24,2024-04-23,False,False,0.0,1.04888,1.04999
KGS,2024-04-24,Wednesday,2024-04-25,2024-04-24,False,False,0.0,1.04999,1.04113
KGS,2024-04-25,Thursday,2024-04-26,2024-04-25,False,False,0.0,1.04113,1.03704
KGS,2024-04-26,Friday,2024-04-27,2024-04-26,False,False,0.0,1.03704,1.03611
KGS,2024-04-27,Saturday,2024-04-28,2024-04-27,False,False,0.0,1.03611,1.0334699999999999
KGS,2024-04-28,Sunday,2024-05-03,2024-05-02,True,True,0.0,1.0334699999999999,1.03802
KGS,2024-05-03,Friday,2024-05-04,2024-05-03,False,False,0.0,1.03802,1.0339399999999999
KGS,2024-05-04,Saturday,2024-05-07,2024-05-06,True,False,0.0,1.0339399999999999,1.02975
KGS,2024-05-07,Tuesday,2024-05-08,2024-05-07,False,False,0.0,1.02975,1.02888
KGS,2024-05-08,Wednesday,2024-05-09,2024-05-08,False,True,1.0,1.02888,1.03888
KGS,2024-05-09,Thursday,2024-05-14,2024-05-13,True,False,0.0,1.03888,1.03729
KGS,2024-05-14,Tuesday,2024-05-15,2024-05-14,False,False,0.0,1.03729,1.03424
KGS,2024-05-15,Wednesday,2024-05-16,2024-05-15,False,False,0.0,1.03424,1.0331899999999998
KGS,2024-05-16,Thursday,2024-05-17,2024-05-16,False,False,0.0,1.0331899999999998,1.03016
KGS,2024-05-17,Friday,2024-05-18,2024-05-17,False,False,0.0,1.03016,1.03149
KGS,2024-05-18,Saturday,2024-05-21,2024-05-20,True,False,0.0,1.03149,1.02787
KGS,2024-05-21,Tuesday,2024-05-22,2024-05-21,False,False,0.0,1.02787,1.02562
KGS,2024-05-22,Wednesday,2024-05-23,2024-05-22,False,False,0.0,1.02562,1.02463
KGS,2024-05-23,Thursday,2024-05-24,2024-05-23,False,False,0.0,1.02463,1.02561
KGS,2024-05-24,Friday,2024-05-25,2024-05-24,False,False,0.0,1.02561,1.01986
KGS,2024-05-25,Saturday,2024-05-28,2024-05-27,True,False,0.0,1.01986,1.00877
KGS,2024-05-28,Tuesday,2024-05-29,2024-05-28,False,False,0.0,1.00877,1.00611
KGS,2024-05-29,Wednesday,2024-05-30,2024-05-29,False,True,1.0,1.00611,1.01778
KGS,2024-05-30,Thursday,2024-05-31,2024-05-30,False,True,0.0,1.01778,1.0238
KGS,2024-05-31,Friday,2024-06-01,2024-05-31,False,False,0.0,1.0238,1.02841
KGS,2024-06-01,Saturday,2024-06-04,2024-06-03,True,False,0.0,1.02841,1.0191000000000001
KGS,2024-06-04,Tuesday,2024-06-05,2024-06-04,False,False,0.0,1.0191000000000001,1.0138099999999999
KGS,2024-06-05,Wednesday,2024-06-06,2024-06-05,False,False,1.0,1.0138099999999999,1.01633
KGS,2024-06-06,Thursday,2024-06-07,2024-06-06,False,False,0.0,1.01633,1.01671
KGS,2024-06-07,Friday,2024-06-08,2024-06-07,False,False,0.0,1.01671,1.0167199999999998
KGS,2024-06-08,Saturday,2024-06-11,2024-06-10,True,True,0.0,1.0167199999999998,1.0228
KGS,2024-06-11,Tuesday,2024-06-12,2024-06-11,False,False,0.0,1.0228,1.02335
KGS,2024-06-12,Wednesday,2024-06-14,2024-06-13,True,False,0.0,1.02335,1.01251
KGS,2024-06-14,Friday,2024-06-15,2024-06-14,False,False,0.0,1.01251,1.01373
KGS,2024-06-15,Saturday,2024-06-18,2024-06-17,True,False,0.0,1.01373,1.01354
KGS,2024-06-18,Tuesday,2024-06-19,2024-06-18,False,False,0.0,1.01354,0.993537
KGS,2024-06-19,Wednesday,2024-06-20,2024-06-19,False,False,0.0,0.993537,0.946486
KGS,2024-06-20,Thursday,2024-06-21,2024-06-20,False,True,1.0,0.946486,0.9829760000000001
KGS,2024-06-21,Friday,2024-06-22,2024-06-21,False,True,0.0,0.9829760000000001,1.01384
KGS,2024-06-22,Saturday,2024-06-25,2024-06-24,True,False,0.0,1.01384,1.00784
KGS,2024-06-25,Tuesday,2024-06-26,2024-06-25,False,False,0.0,1.00784,1.00797
KGS,2024-06-26,Wednesday,2024-06-27,2024-06-26,False,True,0.0,1.00797,1.0154400000000001
KGS,2024-06-27,Thursday,2024-06-28,2024-06-27,False,False,0.0,1.0154400000000001,0.982811
KGS,2024-06-28,Friday,2024-06-29,2024-06-28,False,True,1.0,0.982811,0.991932
KGS,2024-06-29,Saturday,2024-07-02,2024-07-01,True,True,1.0,0.991932,1.01097
KGS,2024-07-02,Tuesday,2024-07-03,2024-07-02,False,True,1.0,1.01097,1.02163
KGS,2024-07-03,Wednesday,2024-07-04,2024-07-03,False,False,1.0,1.02163,1.02196
KGS,2024-07-04,Thursday,2024-07-05,2024-07-04,False,False,1.0,1.02196,1.02439
KGS,2024-07-05,Friday,2024-07-06,2024-07-05,False,False,1.0,1.02439,1.02602
KGS,2024-07-06,Saturday,2024-07-09,2024-07-08,True,False,1.0,1.02602,1.0280099999999999
KGS,2024-07-09,Tuesday,2024-07-10,2024-07-09,False,False,0.0,1.0280099999999999,1.02757
KGS,2024-07-10,Wednesday,2024-07-11,2024-07-10,False,False,1.0,1.02757,1.02768
KGS,2024-07-11,Thursday,2024-07-12,2024-07-11,False,False,1.0,1.02768,1.03139
KGS,2024-07-12,Friday,2024-07-13,2024-07-12,False,False,0.0,1.03139,1.02864
KGS,2024-07-13,Saturday,2024-07-16,2024-07-15,True,False,1.0,1.02864,1.0294
KGS,2024-07-16,Tuesday,2024-07-17,2024-07-16,False,False,1.0,1.0294,1.03578
KGS,2024-07-17,Wednesday,2024-07-18,2024-07-17,False,False,0.0,1.03578,1.03683
KGS,2024-07-18,Thursday,2024-07-19,2024-07-18,False,False,0.0,1.03683,1.0362399999999998
KGS,2024-07-19,Friday,2024-07-20,2024-07-19,False,False,0.0,1.0362399999999998,1.0399100000000001
KGS,2024-07-20,Saturday,2024-07-23,2024-07-22,True,False,0.0,1.0399100000000001,1.03759
KGS,2024-07-23,Tuesday,2024-07-24,2024-07-23,False,False,0.0,1.03759,1.03476
KGS,2024-07-24,Wednesday,2024-07-25,2024-07-24,False,False,0.0,1.03476,1.02758
KGS,2024-07-25,Thursday,2024-07-26,2024-07-25,False,False,0.0,1.02758,1.01437
KGS,2024-07-26,Friday,2024-07-27,2024-07-26,False,False,1.0,1.01437,1.01814
KGS,2024-07-27,Saturday,2024-07-30,2024-07-29,True,True,1.0,1.01814,1.03005
KGS,2024-07-30,Tuesday,2024-07-31,2024-07-30,False,False,0.0,1.03005,1.02737
KGS,2024-07-31,Wednesday,2024-08-01,2024-07-31,False,False,0.0,1.02737,1.02474
KGS,2024-08-01,Thursday,2024-08-02,2024-08-01,False,False,0.0,1.02474,1.02087
KGS,2024-08-02,Friday,2024-08-03,2024-08-02,False,False,0.0,1.02087,1.0199
KGS,2024-08-03,Saturday,2024-08-06,2024-08-05,True,False,0.0,1.0199,1.00526
KGS,2024-08-06,Tuesday,2024-08-07,2024-08-06,False,False,1.0,1.00526,1.00685
KGS,2024-08-07,Wednesday,2024-08-08,2024-08-07,False,True,1.0,1.00685,1.01436
KGS,2024-08-08,Thursday,2024-08-09,2024-08-08,False,False,1.0,1.01436,1.01654
KGS,2024-08-09,Friday,2024-08-10,2024-08-09,False,True,1.0,1.01654,1.0303499999999999
KGS,2024-08-10,Saturday,2024-08-13,2024-08-12,True,True,1.0,1.0303499999999999,1.05325
KGS,2024-08-13,Tuesday,2024-08-14,2024-08-13,False,True,0.0,1.05325,1.08155
KGS,2024-08-14,Wednesday,2024-08-15,2024-08-14,False,False,0.0,1.08155,1.05024
KGS,2024-08-15,Thursday,2024-08-16,2024-08-15,False,False,0.0,1.05024,1.03613
KGS,2024-08-16,Friday,2024-08-17,2024-08-16,False,True,1.0,1.03613,1.03741
KGS,2024-08-17,Saturday,2024-08-20,2024-08-19,True,True,1.0,1.03741,1.04484
KGS,2024-08-20,Tuesday,2024-08-21,2024-08-20,False,True,1.0,1.04484,1.05862
KGS,2024-08-21,Wednesday,2024-08-22,2024-08-21,False,True,1.0,1.05862,1.0709899999999999
KGS,2024-08-22,Thursday,2024-08-23,2024-08-22,False,False,0.0,1.0709899999999999,1.0677400000000001
KGS,2024-08-23,Friday,2024-08-24,2024-08-23,False,True,1.0,1.0677400000000001,1.0733700000000002
KGS,2024-08-24,Saturday,2024-08-27,2024-08-26,True,False,1.0,1.0733700000000002,1.07704
KGS,2024-08-27,Tuesday,2024-08-28,2024-08-27,False,False,0.0,1.07704,1.0745200000000001
KGS,2024-08-28,Wednesday,2024-08-29,2024-08-28,False,False,0.0,1.0745200000000001,1.07456
KGS,2024-08-29,Thursday,2024-08-30,2024-08-29,False,False,0.0,1.07456,1.07522
KGS,2024-08-30,Friday,2024-08-31,2024-08-30,False,False,0.0,1.07522,1.07386
KGS,2024-08-31,Saturday,2024-09-03,2024-09-02,True,False,0.0,1.07386,1.0622099999999999
KGS,2024-09-03,Tuesday,2024-09-04,2024-09-03,False,False,0.0,1.0622099999999999,1.04733
KGS,2024-09-04,Wednesday,2024-09-05,2024-09-04,False,True,1.0,1.04733,1.05404
KGS,2024-09-05,Thursday,2024-09-06,2024-09-05,False,True,1.0,1.05404,1.06499
KGS,2024-09-06,Friday,2024-09-07,2024-09-06,False,False,1.0,1.06499,1.06678
KGS,2024-09-07,Saturday,2024-09-10,2024-09-09,True,True,1.0,1.06678,1.07346
KGS,2024-09-10,Tuesday,2024-09-11,2024-09-10,False,True,1.0,1.07346,1.0821
KGS,2024-09-11,Wednesday,2024-09-12,2024-09-11,False,False,0.0,1.0821,1.08391
KGS,2024-09-12,Thursday,2024-09-13,2024-09-12,False,False,0.0,1.08391,1.0800100000000001
KGS,2024-09-13,Friday,2024-09-14,2024-09-13,False,False,0.0,1.0800100000000001,1.07551
KGS,2024-09-14,Saturday,2024-09-17,2024-09-16,True,False,1.0,1.07551,1.07646
KGS,2024-09-17,Tuesday,2024-09-18,2024-09-17,False,True,1.0,1.07646,1.08129
KGS,2024-09-18,Wednesday,2024-09-19,2024-09-18,False,True,1.0,1.08129,1.08664
KGS,2024-09-19,Thursday,2024-09-20,2024-09-19,False,True,1.0,1.08664,1.09993
KGS,2024-09-20,Friday,2024-09-21,2024-09-20,False,False,0.0,1.09993,1.09908
KGS,2024-09-21,Saturday,2024-09-24,2024-09-23,True,True,0.0,1.09908,1.10291
KGS,2024-09-24,Tuesday,2024-09-25,2024-09-24,False,False,0.0,1.10291,1.10259
KGS,2024-09-25,Wednesday,2024-09-26,2024-09-25,False,False,0.0,1.10259,1.09724
KGS,2024-09-26,Thursday,2024-09-27,2024-09-26,False,False,1.0,1.09724,1.09748
KGS,2024-09-27,Friday,2024-09-28,2024-09-27,False,True,1.0,1.09748,1.1011
KGS,2024-09-28,Saturday,2024-10-01,2024-09-30,True,True,1.0,1.1011,1.1071
KGS,2024-10-01,Tuesday,2024-10-02,2024-10-01,False,False,1.0,1.1071,1.10822
KGS,2024-10-02,Wednesday,2024-10-03,2024-10-02,False,True,1.0,1.10822,1.1197300000000001
KGS,2024-10-03,Thursday,2024-10-04,2024-10-03,False,False,1.0,1.1197300000000001,1.1251
KGS,2024-10-04,Friday,2024-10-05,2024-10-04,False,False,0.0,1.1251,1.12007
KGS,2024-10-05,Saturday,2024-10-08,2024-10-07,True,True,1.0,1.12007,1.13418
KGS,2024-10-08,Tuesday,2024-10-09,2024-10-08,False,False,0.0,1.13418,1.12987
KGS,2024-10-09,Wednesday,2024-10-10,2024-10-09,False,True,0.0,1.12987,1.13789
KGS,2024-10-10,Thursday,2024-10-11,2024-10-10,False,False,0.0,1.13789,1.14131
KGS,2024-10-11,Friday,2024-10-12,2024-10-11,False,False,0.0,1.14131,1.12361
KGS,2024-10-12,Saturday,2024-10-15,2024-10-14,True,False,1.0,1.12361,1.124
KGS,2024-10-15,Tuesday,2024-10-16,2024-10-15,False,True,0.0,1.124,1.1346399999999999
KGS,2024-10-16,Wednesday,2024-10-17,2024-10-16,False,False,0.0,1.1346399999999999,1.13751
KGS,2024-10-17,Thursday,2024-10-18,2024-10-17,False,False,0.0,1.13751,1.13625
KGS,2024-10-18,Friday,2024-10-19,2024-10-18,False,False,0.0,1.13625,1.1276899999999999
KGS,2024-10-19,Saturday,2024-10-22,2024-10-21,True,False,0.0,1.1276899999999999,1.1238899999999998
KGS,2024-10-22,Tuesday,2024-10-23,2024-10-22,False,True,1.0,1.1238899999999998,1.12973
KGS,2024-10-23,Wednesday,2024-10-24,2024-10-23,False,False,0.0,1.12973,1.1302699999999999
KGS,2024-10-24,Thursday,2024-10-25,2024-10-24,False,False,0.0,1.1302699999999999,1.12751
KGS,2024-10-25,Friday,2024-10-26,2024-10-25,False,False,0.0,1.12751,1.12664
KGS,2024-10-26,Saturday,2024-10-29,2024-10-28,True,True,1.0,1.12664,1.1332200000000001
KGS,2024-10-29,Tuesday,2024-10-30,2024-10-29,False,False,0.0,1.1332200000000001,1.1343400000000001
KGS,2024-10-30,Wednesday,2024-10-31,2024-10-30,False,False,0.0,1.1343400000000001,1.13115
KGS,2024-10-31,Thursday,2024-11-01,2024-10-31,False,False,0.0,1.13115,1.1308
KGS,2024-11-01,Friday,2024-11-02,2024-11-01,False,False,1.0,1.1308,1.13567
KGS,2024-11-02,Saturday,2024-11-03,2024-11-02,False,False,0.0,1.13567,1.1369500000000001
KGS,2024-11-03,Sunday,2024-11-06,2024-11-05,True,False,0.0,1.1369500000000001,1.13791
KGS,2024-11-06,Wednesday,2024-11-07,2024-11-06,False,False,0.0,1.13791,1.13948
KGS,2024-11-07,Thursday,2024-11-08,2024-11-07,False,False,0.0,1.13948,1.13773
KGS,2024-11-08,Friday,2024-11-09,2024-11-08,False,False,0.0,1.13773,1.13496
KGS,2024-11-09,Saturday,2024-11-12,2024-11-11,True,False,1.0,1.13496,1.1363699999999999
KGS,2024-11-12,Tuesday,2024-11-13,2024-11-12,False,False,1.0,1.1363699999999999,1.13638
KGS,2024-11-13,Wednesday,2024-11-14,2024-11-13,False,True,1.0,1.13638,1.14113
KGS,2024-11-14,Thursday,2024-11-15,2024-11-14,False,True,1.0,1.14113,1.14635
KGS,2024-11-15,Friday,2024-11-16,2024-11-15,False,True,1.0,1.14635,1.15604
KGS,2024-11-16,Saturday,2024-11-19,2024-11-18,True,False,0.0,1.15604,1.15541
KGS,2024-11-19,Tuesday,2024-11-20,2024-11-19,False,False,1.0,1.15541,1.15647
KGS,2024-11-20,Wednesday,2024-11-21,2024-11-20,False,False,1.0,1.15647,1.1586
KGS,2024-11-21,Thursday,2024-11-22,2024-11-21,False,True,1.0,1.1586,1.1639300000000001
KGS,2024-11-22,Friday,2024-11-23,2024-11-22,False,True,1.0,1.1639300000000001,1.1858499999999998
KGS,2024-11-23,Saturday,2024-11-26,2024-11-25,True,False,1.0,1.1858499999999998,1.19589
KGS,2024-11-26,Tuesday,2024-11-27,2024-11-26,False,True,1.0,1.19589,1.21037
KGS,2024-11-27,Wednesday,2024-11-28,2024-11-27,False,True,1.0,1.21037,1.24436
KGS,2024-11-28,Thursday,2024-11-29,2024-11-28,False,False,0.0,1.24436,1.26242
KGS,2024-11-29,Friday,2024-11-30,2024-11-29,False,False,0.0,1.26242,1.24125
KGS,2024-11-30,Saturday,2024-12-03,2024-12-02,True,False,0.0,1.24125,1.23475
KGS,2024-12-03,Tuesday,2024-12-04,2024-12-03,False,False,0.0,1.23475,1.22336
KGS,2024-12-04,Wednesday,2024-12-05,2024-12-04,False,False,0.0,1.22336,1.2008800000000002
KGS,2024-12-05,Thursday,2024-12-06,2024-12-05,False,False,0.0,1.2008800000000002,1.19106
KGS,2024-12-06,Friday,2024-12-07,2024-12-06,False,False,0.0,1.19106,1.14541
KGS,2024-12-07,Saturday,2024-12-10,2024-12-09,True,False,0.0,1.14541,1.1448800000000001
KGS,2024-12-10,Tuesday,2024-12-11,2024-12-10,False,False,1.0,1.1448800000000001,1.15245
KGS,2024-12-11,Wednesday,2024-12-12,2024-12-11,False,True,1.0,1.15245,1.18975
KGS,2024-12-12,Thursday,2024-12-13,2024-12-12,False,False,0.0,1.18975,1.1975799999999999
KGS,2024-12-13,Friday,2024-12-14,2024-12-13,False,False,0.0,1.1975799999999999,1.18943
KGS,2024-12-14,Saturday,2024-12-17,2024-12-16,True,False,0.0,1.18943,1.18293
KGS,2024-12-17,Tuesday,2024-12-18,2024-12-17,False,False,0.0,1.18293,1.18388
KGS,2024-12-18,Wednesday,2024-12-19,2024-12-18,False,False,0.0,1.18388,1.18134
KGS,2024-12-19,Thursday,2024-12-20,2024-12-19,False,False,0.0,1.18134,1.18874
KGS,2024-12-20,Friday,2024-12-21,2024-12-20,False,False,0.0,1.18874,1.17637
KGS,2024-12-21,Saturday,2024-12-24,2024-12-23,True,False,0.0,1.17637,1.16798
KGS,2024-12-24,Tuesday,2024-12-25,2024-12-24,False,False,0.0,1.16798,1.1479599999999999
KGS,2024-12-25,Wednesday,2024-12-26,2024-12-25,False,False,0.0,1.1479599999999999,1.14497
KGS,2024-12-26,Thursday,2024-12-27,2024-12-26,False,False,0.0,1.14497,1.1405699999999999
KGS,2024-12-27,Friday,2024-12-28,2024-12-27,False,True,1.0,1.1405699999999999,1.1555
KGS,2024-12-28,Saturday,2024-12-29,2024-12-28,False,True,1.0,1.1555,1.1687400000000001
KGS,2024-12-29,Sunday,2025-01-10,2025-01-09,True,False,1.0,1.1687400000000001,1.17576
KGS,2025-01-10,Friday,2025-01-11,2025-01-10,False,False,0.0,1.17576,1.17143
KGS,2025-01-11,Saturday,2025-01-14,2025-01-13,True,False,0.0,1.17143,1.17467
KGS,2025-01-14,Tuesday,2025-01-15,2025-01-14,False,False,0.0,1.17467,1.18282
KGS,2025-01-15,Wednesday,2025-01-16,2025-01-15,False,False,0.0,1.18282,1.17563
KGS,2025-01-16,Thursday,2025-01-17,2025-01-16,False,False,0.0,1.17563,1.17069
KGS,2025-01-17,Friday,2025-01-18,2025-01-17,False,False,0.0,1.17069,1.17111
KGS,2025-01-18,Saturday,2025-01-21,2025-01-20,True,False,0.0,1.17111,1.16593
KGS,2025-01-21,Tuesday,2025-01-22,2025-01-21,False,False,0.0,1.16593,1.14269
KGS,2025-01-22,Wednesday,2025-01-23,2025-01-22,False,False,0.0,1.14269,1.12385
KGS,2025-01-23,Thursday,2025-01-24,2025-01-23,False,True,0.0,1.12385,1.1332200000000001
KGS,2025-01-24,Friday,2025-01-25,2025-01-24,False,False,0.0,1.1332200000000001,1.12365
KGS,2025-01-25,Saturday,2025-01-28,2025-01-27,True,False,0.0,1.12365,1.11071
KGS,2025-01-28,Tuesday,2025-01-29,2025-01-28,False,True,1.0,1.11071,1.12025
KGS,2025-01-29,Wednesday,2025-01-30,2025-01-29,False,False,0.0,1.12025,1.12078
KGS,2025-01-30,Thursday,2025-01-31,2025-01-30,False,False,0.0,1.12078,1.12071
KGS,2025-01-31,Friday,2025-02-01,2025-01-31,False,False,0.0,1.12071,1.11848
KGS,2025-02-01,Saturday,2025-02-04,2025-02-03,True,True,0.0,1.11848,1.14286
KGS,2025-02-04,Tuesday,2025-02-05,2025-02-04,False,False,0.0,1.14286,1.12674
KGS,2025-02-05,Wednesday,2025-02-06,2025-02-05,False,False,0.0,1.12674,1.12128
KGS,2025-02-06,Thursday,2025-02-07,2025-02-06,False,False,0.0,1.12128,1.10818
KGS,2025-02-07,Friday,2025-02-08,2025-02-07,False,False,0.0,1.10818,1.11236
KGS,2025-02-08,Saturday,2025-02-11,2025-02-10,True,False,0.0,1.11236,1.10671
KGS,2025-02-11,Tuesday,2025-02-12,2025-02-11,False,False,0.0,1.10671,1.09551
KGS,2025-02-12,Wednesday,2025-02-13,2025-02-12,False,False,0.0,1.09551,1.07545
KGS,2025-02-13,Thursday,2025-02-14,2025-02-13,False,False,0.0,1.07545,1.04095
KGS,2025-02-14,Friday,2025-02-15,2025-02-14,False,False,0.0,1.04095,1.0327
KGS,2025-02-15,Saturday,2025-02-18,2025-02-17,True,False,0.0,1.0327,1.04557
KGS,2025-02-18,Tuesday,2025-02-19,2025-02-18,False,False,0.0,1.04557,1.04448
KGS,2025-02-19,Wednesday,2025-02-20,2025-02-19,False,False,0.0,1.04448,1.03404
KGS,2025-02-20,Thursday,2025-02-21,2025-02-20,False,False,0.0,1.03404,1.01212
KGS,2025-02-21,Friday,2025-02-22,2025-02-21,False,False,0.0,1.01212,1.00821
KGS,2025-02-22,Saturday,2025-02-25,2025-02-24,True,False,0.0,1.00821,1.0086499999999998
KGS,2025-02-25,Tuesday,2025-02-26,2025-02-25,False,False,0.0,1.0086499999999998,0.9906499999999999
KGS,2025-02-26,Wednesday,2025-02-27,2025-02-26,False,False,0.0,0.9906499999999999,0.9825900000000001
KGS,2025-02-27,Thursday,2025-02-28,2025-02-27,False,True,1.0,0.9825900000000001,1.00282
KGS,2025-02-28,Friday,2025-03-01,2025-02-28,False,False,1.0,1.00282,1.00924
KGS,2025-03-01,Saturday,2025-03-04,2025-03-03,True,False,1.0,1.00924,1.02058
KGS,2025-03-04,Tuesday,2025-03-05,2025-03-04,False,False,0.0,1.02058,1.0205600000000001
KGS,2025-03-05,Wednesday,2025-03-06,2025-03-05,False,False,0.0,1.0205600000000001,1.0267300000000001
KGS,2025-03-06,Thursday,2025-03-07,2025-03-06,False,False,0.0,1.0267300000000001,1.0243600000000002
KGS,2025-03-07,Friday,2025-03-08,2025-03-07,False,False,0.0,1.0243600000000002,1.01928
KGS,2025-03-08,Saturday,2025-03-11,2025-03-10,True,False,0.0,1.01928,1.01072
KGS,2025-03-11,Tuesday,2025-03-12,2025-03-11,False,False,0.0,1.01072,0.9899100000000001
KGS,2025-03-12,Wednesday,2025-03-13,2025-03-12,False,False,0.0,0.9899100000000001,0.9905099999999999
KGS,2025-03-13,Thursday,2025-03-14,2025-03-13,False,False,0.0,0.9905099999999999,0.9904999999999999
KGS,2025-03-14,Friday,2025-03-15,2025-03-14,False,False,0.0,0.9904999999999999,0.9785
KGS,2025-03-15,Saturday,2025-03-18,2025-03-17,True,False,0.0,0.9785,0.9646399999999999
KGS,2025-03-18,Tuesday,2025-03-19,2025-03-18,False,False,0.0,0.9646399999999999,0.93664
KGS,2025-03-19,Wednesday,2025-03-20,2025-03-19,False,True,1.0,0.93664,0.96775
KGS,2025-03-20,Thursday,2025-03-21,2025-03-20,False,True,0.0,0.96775,0.9824299999999999
KGS,2025-03-21,Friday,2025-03-22,2025-03-21,False,False,0.0,0.9824299999999999,0.9852700000000001
KGS,2025-03-22,Saturday,2025-03-25,2025-03-24,True,False,0.0,0.9852700000000001,0.9675100000000001
KGS,2025-03-25,Tuesday,2025-03-26,2025-03-25,False,False,1.0,0.9675100000000001,0.97371
KGS,2025-03-26,Wednesday,2025-03-27,2025-03-26,False,False,0.0,0.97371,0.973974
KGS,2025-03-27,Thursday,2025-03-28,2025-03-27,False,False,0.0,0.973974,0.969187
KGS,2025-03-28,Friday,2025-03-29,2025-03-28,False,False,0.0,0.969187,0.9685339999999999
KGS,2025-03-29,Saturday,2025-04-01,2025-03-31,True,True,1.0,0.9685339999999999,0.9883379999999999
KGS,2025-04-01,Tuesday,2025-04-02,2025-04-01,False,False,0.0,0.9883379999999999,0.9793160000000001
KGS,2025-04-02,Wednesday,2025-04-03,2025-04-02,False,False,0.0,0.9793160000000001,0.974435
KGS,2025-04-03,Thursday,2025-04-04,2025-04-03,False,False,0.0,0.974435,0.9731449999999999
KGS,2025-04-04,Friday,2025-04-05,2025-04-04,False,False,0.0,0.9731449999999999,0.9712869999999999
KGS,2025-04-05,Saturday,2025-04-08,2025-04-07,True,True,0.0,0.9712869999999999,0.9925879999999999
KGS,2025-04-08,Tuesday,2025-04-09,2025-04-08,False,False,0.0,0.9925879999999999,0.981702
KGS,2025-04-09,Wednesday,2025-04-10,2025-04-09,False,False,0.0,0.981702,0.9851380000000001
KGS,2025-04-10,Thursday,2025-04-11,2025-04-10,False,False,0.0,0.9851380000000001,0.972166
KGS,2025-04-11,Friday,2025-04-12,2025-04-11,False,False,0.0,0.972166,0.960595
KGS,2025-04-12,Saturday,2025-04-15,2025-04-14,True,False,0.0,0.960595,0.946451
KGS,2025-04-15,Tuesday,2025-04-16,2025-04-15,False,False,0.0,0.946451,0.941121
KGS,2025-04-16,Wednesday,2025-04-17,2025-04-16,False,False,0.0,0.941121,0.944766
KGS,2025-04-17,Thursday,2025-04-18,2025-04-17,False,False,0.0,0.944766,0.9402349999999999
KGS,2025-04-18,Friday,2025-04-19,2025-04-18,False,False,0.0,0.9402349999999999,0.9315399999999999
KGS,2025-04-19,Saturday,2025-04-22,2025-04-21,True,False,0.0,0.9315399999999999,0.9296850000000001
KGS,2025-04-22,Tuesday,2025-04-23,2025-04-22,False,False,1.0,0.9296850000000001,0.937692
KGS,2025-04-23,Wednesday,2025-04-24,2025-04-23,False,True,0.0,0.937692,0.946791
KGS,2025-04-24,Thursday,2025-04-25,2025-04-24,False,False,0.0,0.946791,0.948905
KGS,2025-04-25,Friday,2025-04-26,2025-04-25,False,False,0.0,0.948905,0.945168
KGS,2025-04-26,Saturday,2025-04-29,2025-04-28,True,False,0.0,0.945168,0.94393
KGS,2025-04-29,Tuesday,2025-04-30,2025-04-29,False,False,0.0,0.94393,0.932666
KGS,2025-04-30,Wednesday,2025-05-01,2025-04-30,False,False,0.0,0.932666,0.9318850000000001
KGS,2025-05-01,Thursday,2025-05-06,2025-05-05,True,False,0.0,0.9318850000000001,0.9366920000000001
KGS,2025-05-06,Tuesday,2025-05-07,2025-05-06,False,False,0.0,0.9366920000000001,0.925836
KGS,2025-05-07,Wednesday,2025-05-08,2025-05-07,False,False,0.0,0.925836,0.9246559999999999
KGS,2025-05-08,Thursday,2025-05-13,2025-05-12,True,False,0.0,0.9246559999999999,0.924966
KGS,2025-05-13,Tuesday,2025-05-14,2025-05-13,False,False,0.0,0.924966,0.9210980000000001
KGS,2025-05-14,Wednesday,2025-05-15,2025-05-14,False,False,0.0,0.9210980000000001,0.9173659999999999
KGS,2025-05-15,Thursday,2025-05-16,2025-05-15,False,False,0.0,0.9173659999999999,0.9183920000000001
KGS,2025-05-16,Friday,2025-05-17,2025-05-16,False,False,0.0,0.9183920000000001,0.923601
KGS,2025-05-17,Saturday,2025-05-20,2025-05-19,True,False,0.0,0.923601,0.919539
KGS,2025-05-20,Tuesday,2025-05-21,2025-05-20,False,False,0.0,0.919539,0.918325
KGS,2025-05-21,Wednesday,2025-05-22,2025-05-21,False,False,0.0,0.918325,0.911984
KGS,2025-05-22,Thursday,2025-05-23,2025-05-22,False,False,0.0,0.911984,0.911786
KGS,2025-05-23,Friday,2025-05-24,2025-05-23,False,False,0.0,0.911786,0.9115009999999999
KGS,2025-05-24,Saturday,2025-05-27,2025-05-26,True,False,0.0,0.9115009999999999,0.910907
KGS,2025-05-27,Tuesday,2025-05-28,2025-05-27,False,False,0.0,0.910907,0.910436
KGS,2025-05-28,Wednesday,2025-05-29,2025-05-28,False,False,0.0,0.910436,0.910277
KGS,2025-05-29,Thursday,2025-05-30,2025-05-29,False,False,0.0,0.910277,0.897621
KGS,2025-05-30,Friday,2025-05-31,2025-05-30,False,False,1.0,0.897621,0.898995
KGS,2025-05-31,Saturday,2025-06-03,2025-06-02,True,True,0.0,0.898995,0.9048430000000001
KGS,2025-06-03,Tuesday,2025-06-04,2025-06-03,False,False,0.0,0.9048430000000001,0.901714
KGS,2025-06-04,Wednesday,2025-06-05,2025-06-04,False,False,0.0,0.901714,0.897684
KGS,2025-06-05,Thursday,2025-06-06,2025-06-05,False,True,1.0,0.897684,0.904828
KGS,2025-06-06,Friday,2025-06-07,2025-06-06,False,False,0.0,0.904828,0.905321
KGS,2025-06-07,Saturday,2025-06-10,2025-06-09,True,False,0.0,0.905321,0.905138
KGS,2025-06-10,Tuesday,2025-06-11,2025-06-10,False,False,0.0,0.905138,0.898803
KGS,2025-06-11,Wednesday,2025-06-12,2025-06-11,False,True,0.0,0.898803,0.903405
KGS,2025-06-12,Thursday,2025-06-17,2025-06-16,True,False,0.0,0.903405,0.897732
KGS,2025-06-17,Tuesday,2025-06-18,2025-06-17,False,False,0.0,0.897732,0.9000969999999999
KGS,2025-06-18,Wednesday,2025-06-19,2025-06-18,False,False,0.0,0.9000969999999999,0.900142
KGS,2025-06-19,Thursday,2025-06-20,2025-06-19,False,False,0.0,0.900142,0.897472
KGS,2025-06-20,Friday,2025-06-21,2025-06-20,False,False,0.0,0.897472,0.897674
KGS,2025-06-21,Saturday,2025-06-24,2025-06-23,True,False,0.0,0.897674,0.895654
KGS,2025-06-24,Tuesday,2025-06-25,2025-06-24,False,False,1.0,0.895654,0.8982720000000001
KGS,2025-06-25,Wednesday,2025-06-26,2025-06-25,False,False,0.0,0.8982720000000001,0.896414
KGS,2025-06-26,Thursday,2025-06-27,2025-06-26,False,False,0.0,0.896414,0.8959900000000001
KGS,2025-06-27,Friday,2025-06-28,2025-06-27,False,False,1.0,0.8959900000000001,0.897871
KGS,2025-06-28,Saturday,2025-07-01,2025-06-30,True,False,0.0,0.897871,0.898194
KGS,2025-07-01,Tuesday,2025-07-02,2025-07-01,False,False,0.0,0.898194,0.8967189999999999
KGS,2025-07-02,Wednesday,2025-07-03,2025-07-02,False,False,0.0,0.8967189999999999,0.899417
KGS,2025-07-03,Thursday,2025-07-04,2025-07-03,False,False,0.0,0.899417,0.9008929999999999
KGS,2025-07-04,Friday,2025-07-05,2025-07-04,False,False,0.0,0.9008929999999999,0.901491
KGS,2025-07-05,Saturday,2025-07-08,2025-07-07,True,False,0.0,0.901491,0.900154
KGS,2025-07-08,Tuesday,2025-07-09,2025-07-08,False,False,0.0,0.900154,0.893862
KGS,2025-07-09,Wednesday,2025-07-10,2025-07-09,False,False,0.0,0.893862,0.893913
KGS,2025-07-10,Thursday,2025-07-11,2025-07-10,False,False,0.0,0.893913,0.8908280000000001
KGS,2025-07-11,Friday,2025-07-12,2025-07-11,False,False,0.0,0.8908280000000001,0.890629
KGS,2025-07-12,Saturday,2025-07-15,2025-07-14,True,True,1.0,0.890629,0.8962640000000001
KGS,2025-07-15,Tuesday,2025-07-16,2025-07-15,False,False,0.0,0.8962640000000001,0.891463
KGS,2025-07-16,Wednesday,2025-07-17,2025-07-16,False,False,1.0,0.891463,0.891464
KGS,2025-07-17,Thursday,2025-07-18,2025-07-17,False,False,1.0,0.891464,0.894061
KGS,2025-07-18,Friday,2025-07-19,2025-07-18,False,False,0.0,0.894061,0.895516
KGS,2025-07-19,Saturday,2025-07-22,2025-07-21,True,False,0.0,0.895516,0.8956820000000001
KGS,2025-07-22,Tuesday,2025-07-23,2025-07-22,False,False,0.0,0.8956820000000001,0.892947
KGS,2025-07-23,Wednesday,2025-07-24,2025-07-23,False,True,1.0,0.892947,0.897866
KGS,2025-07-24,Thursday,2025-07-25,2025-07-24,False,True,1.0,0.897866,0.9033199999999999
KGS,2025-07-25,Friday,2025-07-26,2025-07-25,False,True,1.0,0.9033199999999999,0.911257
KGS,2025-07-26,Saturday,2025-07-29,2025-07-28,True,False,1.0,0.911257,0.9115489999999999
KGS,2025-07-29,Tuesday,2025-07-30,2025-07-29,False,True,0.0,0.9115489999999999,0.94163
KGS,2025-07-30,Wednesday,2025-07-31,2025-07-30,False,False,0.0,0.94163,0.9357880000000001
KGS,2025-07-31,Thursday,2025-08-01,2025-07-31,False,False,0.0,0.9357880000000001,0.918425
KGS,2025-08-01,Friday,2025-08-02,2025-08-01,False,False,0.0,0.918425,0.918569
KGS,2025-08-02,Saturday,2025-08-05,2025-08-04,True,False,0.0,0.918569,0.911076
KGS,2025-08-05,Tuesday,2025-08-06,2025-08-05,False,False,0.0,0.911076,0.915369
KGS,2025-08-06,Wednesday,2025-08-07,2025-08-06,False,False,0.0,0.915369,0.9169970000000001
KGS,2025-08-07,Thursday,2025-08-08,2025-08-07,False,False,0.0,0.9169970000000001,0.9077719999999999
KGS,2025-08-08,Friday,2025-08-09,2025-08-08,False,False,1.0,0.9077719999999999,0.9122880000000001
KGS,2025-08-09,Saturday,2025-08-12,2025-08-11,True,False,0.0,0.9122880000000001,0.911235
KGS,2025-08-12,Tuesday,2025-08-13,2025-08-12,False,False,1.0,0.911235,0.914384
KGS,2025-08-13,Wednesday,2025-08-14,2025-08-13,False,False,0.0,0.914384,0.9113129999999999
KGS,2025-08-14,Thursday,2025-08-15,2025-08-14,False,False,1.0,0.9113129999999999,0.912868
KGS,2025-08-15,Friday,2025-08-16,2025-08-15,False,False,1.0,0.912868,0.915211
KGS,2025-08-16,Saturday,2025-08-19,2025-08-18,True,False,1.0,0.915211,0.919675
KGS,2025-08-19,Tuesday,2025-08-20,2025-08-19,False,False,0.0,0.919675,0.918772
KGS,2025-08-20,Wednesday,2025-08-21,2025-08-20,False,False,0.0,0.918772,0.916084
KGS,2025-08-21,Thursday,2025-08-22,2025-08-21,False,False,1.0,0.916084,0.917743
KGS,2025-08-22,Friday,2025-08-23,2025-08-22,False,False,1.0,0.917743,0.923621
KGS,2025-08-23,Saturday,2025-08-26,2025-08-25,True,False,0.0,0.923621,0.9234709999999999
KGS,2025-08-26,Tuesday,2025-08-27,2025-08-26,False,False,0.0,0.9234709999999999,0.921887
KGS,2025-08-27,Wednesday,2025-08-28,2025-08-27,False,False,0.0,0.921887,0.920917
KGS,2025-08-28,Thursday,2025-08-29,2025-08-28,False,False,0.0,0.920917,0.91913
KGS,2025-08-29,Friday,2025-08-30,2025-08-29,False,False,1.0,0.91913,0.9192170000000001
KGS,2025-08-30,Saturday,2025-09-02,2025-09-01,True,False,1.0,0.9192170000000001,0.92033
KGS,2025-09-02,Tuesday,2025-09-03,2025-09-02,False,False,1.0,0.92033,0.9223250000000001
KGS,2025-09-03,Wednesday,2025-09-04,2025-09-03,False,False,1.0,0.9223250000000001,0.9246519999999999
KGS,2025-09-04,Thursday,2025-09-05,2025-09-04,False,True,1.0,0.9246519999999999,0.9296479999999999
KGS,2025-09-05,Friday,2025-09-06,2025-09-05,False,False,1.0,0.9296479999999999,0.9325969999999999
KGS,2025-09-06,Saturday,2025-09-09,2025-09-08,True,True,1.0,0.9325969999999999,0.941563
KGS,2025-09-09,Tuesday,2025-09-10,2025-09-09,False,True,1.0,0.941563,0.9518869999999999
KGS,2025-09-10,Wednesday,2025-09-11,2025-09-10,False,True,0.0,0.9518869999999999,0.971082
KGS,2025-09-11,Thursday,2025-09-12,2025-09-11,False,True,0.0,0.971082,0.979585
KGS,2025-09-12,Friday,2025-09-13,2025-09-12,False,False,0.0,0.979585,0.964892
KGS,2025-09-13,Saturday,2025-09-16,2025-09-15,True,False,0.0,0.964892,0.949935
KGS,2025-09-16,Tuesday,2025-09-17,2025-09-16,False,False,0.0,0.949935,0.947252
KGS,2025-09-17,Wednesday,2025-09-18,2025-09-17,False,False,1.0,0.947252,0.9490989999999999
KGS,2025-09-18,Thursday,2025-09-19,2025-09-18,False,False,1.0,0.9490989999999999,0.951086
KGS,2025-09-19,Friday,2025-09-20,2025-09-19,False,False,1.0,0.951086,0.955865
KGS,2025-09-20,Saturday,2025-09-23,2025-09-22,True,False,0.0,0.955865,0.960762
KGS,2025-09-23,Tuesday,2025-09-24,2025-09-23,False,False,0.0,0.960762,0.9531229999999999
KGS,2025-09-24,Wednesday,2025-09-25,2025-09-24,False,True,0.0,0.9531229999999999,0.960451
KGS,2025-09-25,Thursday,2025-09-26,2025-09-25,False,False,0.0,0.960451,0.9560540000000001
KGS,2025-09-26,Friday,2025-09-27,2025-09-26,False,False,0.0,0.9560540000000001,0.95611
KGS,2025-09-27,Saturday,2025-09-30,2025-09-29,True,False,0.0,0.95611,0.948121
KGS,2025-09-30,Tuesday,2025-10-01,2025-09-30,False,False,0.0,0.948121,0.945072
KGS,2025-10-01,Wednesday,2025-10-02,2025-10-01,False,False,0.0,0.945072,0.9319230000000001
KGS,2025-10-02,Thursday,2025-10-03,2025-10-02,False,False,0.0,0.9319230000000001,0.9263410000000001
KGS,2025-10-03,Friday,2025-10-04,2025-10-03,False,True,1.0,0.9263410000000001,0.9366110000000001
KGS,2025-10-04,Saturday,2025-10-07,2025-10-06,True,True,0.0,0.9366110000000001,0.949114
KGS,2025-10-07,Tuesday,2025-10-08,2025-10-07,False,False,0.0,0.949114,0.9369339999999999
KGS,2025-10-08,Wednesday,2025-10-09,2025-10-08,False,False,0.0,0.9369339999999999,0.932508
KGS,2025-10-09,Thursday,2025-10-10,2025-10-09,False,False,0.0,0.932508,0.930966
KGS,2025-10-10,Friday,2025-10-11,2025-10-10,False,False,0.0,0.930966,0.928414
KGS,2025-10-11,Saturday,2025-10-14,2025-10-13,True,False,0.0,0.928414,0.9245829999999999
KGS,2025-10-14,Tuesday,2025-10-15,2025-10-14,False,False,0.0,0.9245829999999999,0.9143380000000001
KGS,2025-10-15,Wednesday,2025-10-16,2025-10-15,False,False,0.0,0.9143380000000001,0.901532
KGS,2025-10-16,Thursday,2025-10-17,2025-10-16,False,False,1.0,0.901532,0.904333
KGS,2025-10-17,Friday,2025-10-18,2025-10-17,False,True,1.0,0.904333,0.926054
KGS,2025-10-18,Saturday,2025-10-21,2025-10-20,True,False,0.0,0.926054,0.9303400000000001
KGS,2025-10-21,Tuesday,2025-10-22,2025-10-21,False,False,0.0,0.9303400000000001,0.930217
KGS,2025-10-22,Wednesday,2025-10-23,2025-10-22,False,False,0.0,0.930217,0.933732
KGS,2025-10-23,Thursday,2025-10-24,2025-10-23,False,False,0.0,0.933732,0.92932
KGS,2025-10-24,Friday,2025-10-25,2025-10-24,False,False,0.0,0.92932,0.9259149999999999
KGS,2025-10-25,Saturday,2025-10-28,2025-10-27,True,False,0.0,0.9259149999999999,0.9031999999999999
KGS,2025-10-28,Tuesday,2025-10-29,2025-10-28,False,True,1.0,0.9031999999999999,0.9127200000000001
KGS,2025-10-29,Wednesday,2025-10-30,2025-10-29,False,False,0.0,0.9127200000000001,0.9087649999999999
KGS,2025-10-30,Thursday,2025-10-31,2025-10-30,False,True,1.0,0.9087649999999999,0.9205679999999999
KGS,2025-10-31,Friday,2025-11-01,2025-10-31,False,False,1.0,0.9205679999999999,0.925965
KGS,2025-11-01,Saturday,2025-11-02,2025-11-01,False,False,0.0,0.925965,0.924941
KGS,2025-11-02,Sunday,2025-11-06,2025-11-05,True,False,1.0,0.924941,0.928399
KGS,2025-11-06,Thursday,2025-11-07,2025-11-06,False,False,0.0,0.928399,0.9305490000000001
KGS,2025-11-07,Friday,2025-11-08,2025-11-07,False,False,0.0,0.9305490000000001,0.9288240000000001
KGS,2025-11-08,Saturday,2025-11-11,2025-11-10,True,False,0.0,0.9288240000000001,0.926395
KGS,2025-11-11,Tuesday,2025-11-12,2025-11-11,False,False,0.0,0.926395,0.9303170000000001
KGS,2025-11-12,Wednesday,2025-11-13,2025-11-12,False,False,0.0,0.9303170000000001,0.929505
KGS,2025-11-13,Thursday,2025-11-14,2025-11-13,False,False,0.0,0.929505,0.921681
KGS,2025-11-14,Friday,2025-11-15,2025-11-14,False,True,1.0,0.921681,0.927703
KGS,2025-11-15,Saturday,2025-11-18,2025-11-17,True,False,0.0,0.927703,0.927732
KGS,2025-11-18,Tuesday,2025-11-19,2025-11-18,False,False,0.0,0.927732,0.926882
KGS,2025-11-19,Wednesday,2025-11-20,2025-11-19,False,False,0.0,0.926882,0.925612
KGS,2025-11-20,Thursday,2025-11-21,2025-11-20,False,False,0.0,0.925612,0.92318
KGS,2025-11-21,Friday,2025-11-22,2025-11-21,False,False,0.0,0.92318,0.903655
KGS,2025-11-22,Saturday,2025-11-25,2025-11-24,True,False,0.0,0.903655,0.902461
KGS,2025-11-25,Tuesday,2025-11-26,2025-11-25,False,False,0.0,0.902461,0.902933
KGS,2025-11-26,Wednesday,2025-11-27,2025-11-26,False,False,0.0,0.902933,0.898732
KGS,2025-11-27,Thursday,2025-11-28,2025-11-27,False,False,0.0,0.898732,0.8948
KGS,2025-11-28,Friday,2025-11-29,2025-11-28,False,False,0.0,0.8948,0.89455
KGS,2025-11-29,Saturday,2025-12-02,2025-12-01,True,False,0.0,0.89455,0.888539
KGS,2025-12-02,Tuesday,2025-12-03,2025-12-02,False,False,0.0,0.888539,0.885799
KGS,2025-12-03,Wednesday,2025-12-04,2025-12-03,False,True,0.0,0.885799,0.8914310000000001
KGS,2025-12-04,Thursday,2025-12-05,2025-12-04,False,False,0.0,0.8914310000000001,0.8801690000000001
KGS,2025-12-05,Friday,2025-12-06,2025-12-05,False,False,0.0,0.8801690000000001,0.8701399999999999
KGS,2025-12-06,Saturday,2025-12-09,2025-12-08,True,True,1.0,0.8701399999999999,0.883628
KGS,2025-12-09,Tuesday,2025-12-10,2025-12-09,False,False,0.0,0.883628,0.878312
KGS,2025-12-10,Wednesday,2025-12-11,2025-12-10,False,True,1.0,0.878312,0.890792
KGS,2025-12-11,Thursday,2025-12-12,2025-12-11,False,True,1.0,0.890792,0.9072589999999999
KGS,2025-12-12,Friday,2025-12-13,2025-12-12,False,False,1.0,0.9072589999999999,0.911716
KGS,2025-12-13,Saturday,2025-12-16,2025-12-15,True,False,0.0,0.911716,0.9085129999999999
KGS,2025-12-16,Tuesday,2025-12-17,2025-12-16,False,False,0.0,0.9085129999999999,0.908293
KGS,2025-12-17,Wednesday,2025-12-18,2025-12-17,False,True,0.0,0.908293,0.919162
KGS,2025-12-18,Thursday,2025-12-19,2025-12-18,False,False,0.0,0.919162,0.915153
KGS,2025-12-19,Friday,2025-12-20,2025-12-19,False,True,0.0,0.915153,0.923065
KGS,2025-12-20,Saturday,2025-12-23,2025-12-22,True,False,0.0,0.923065,0.9069710000000001
KGS,2025-12-23,Tuesday,2025-12-24,2025-12-23,False,False,0.0,0.9069710000000001,0.898628
KGS,2025-12-24,Wednesday,2025-12-25,2025-12-24,False,False,0.0,0.898628,0.896933
KGS,2025-12-25,Thursday,2025-12-26,2025-12-25,False,False,0.0,0.896933,0.890616
KGS,2025-12-26,Friday,2025-12-27,2025-12-26,False,False,0.0,0.890616,0.8886740000000001
KGS,2025-12-27,Saturday,2025-12-30,2025-12-29,True,False,0.0,0.8886740000000001,0.8859999999999999
KGS,2025-12-30,Tuesday,2025-12-31,2025-12-30,False,True,1.0,0.8859999999999999,0.8948609999999999
KGS,2025-12-31,Wednesday,2026-01-13,2026-01-12,True,True,0.0,0.8948609999999999,0.900987
KGS,2026-01-13,Tuesday,2026-01-14,2026-01-13,False,False,0.0,0.900987,0.901699
KGS,2026-01-14,Wednesday,2026-01-15,2026-01-14,False,False,0.0,0.901699,0.898486
KGS,2026-01-15,Thursday,2026-01-16,2026-01-15,False,False,0.0,0.898486,0.897987
KGS,2026-01-16,Friday,2026-01-17,2026-01-16,False,False,0.0,0.897987,0.890031
KGS,2026-01-17,Saturday,2026-01-20,2026-01-19,True,False,0.0,0.890031,0.889178
KGS,2026-01-20,Tuesday,2026-01-21,2026-01-20,False,False,0.0,0.889178,0.8899339999999999
KGS,2026-01-21,Wednesday,2026-01-22,2026-01-21,False,False,0.0,0.8899339999999999,0.8864029999999999
KGS,2026-01-22,Thursday,2026-01-23,2026-01-22,False,False,0.0,0.8864029999999999,0.8695050000000001
KGS,2026-01-23,Friday,2026-01-24,2026-01-23,False,False,0.0,0.8695050000000001,0.8682099999999999
KGS,2026-01-24,Saturday,2026-01-27,2026-01-26,True,False,0.0,0.8682099999999999,0.8691840000000001
KGS,2026-01-27,Tuesday,2026-01-28,2026-01-27,False,True,0.0,0.8691840000000001,0.875389
KGS,2026-01-28,Wednesday,2026-01-29,2026-01-28,False,False,0.0,0.875389,0.872112
KGS,2026-01-29,Thursday,2026-01-30,2026-01-29,False,False,0.0,0.872112,0.8693550000000001
KGS,2026-01-30,Friday,2026-01-31,2026-01-30,False,False,0.0,0.8693550000000001,0.866011
KGS,2026-01-31,Saturday,2026-02-03,2026-02-02,True,True,1.0,0.866011,0.880758
KGS,2026-02-03,Tuesday,2026-02-04,2026-02-03,False,False,0.0,0.880758,0.8802939999999999
KGS,2026-02-04,Wednesday,2026-02-05,2026-02-04,False,False,0.0,0.8802939999999999,0.8794759999999999
KGS,2026-02-05,Thursday,2026-02-06,2026-02-05,False,False,0.0,0.8794759999999999,0.8753839999999999
KGS,2026-02-06,Friday,2026-02-07,2026-02-06,False,True,1.0,0.8753839999999999,0.8811209999999999
KGS,2026-02-07,Saturday,2026-02-10,2026-02-09,True,True,1.0,0.8811209999999999,0.887938
KGS,2026-02-10,Tuesday,2026-02-11,2026-02-10,False,False,0.0,0.887938,0.882894
KGS,2026-02-11,Wednesday,2026-02-12,2026-02-11,False,False,0.0,0.882894,0.885818
KGS,2026-02-12,Thursday,2026-02-13,2026-02-12,False,False,0.0,0.885818,0.8826529999999999
KGS,2026-02-13,Friday,2026-02-14,2026-02-13,False,False,0.0,0.8826529999999999,0.882726
KGS,2026-02-14,Saturday,2026-02-17,2026-02-16,True,False,0.0,0.882726,0.8761589999999999
KGS,2026-02-17,Tuesday,2026-02-18,2026-02-17,False,False,0.0,0.8761589999999999,0.877517
KGS,2026-02-18,Wednesday,2026-02-19,2026-02-18,False,False,0.0,0.877517,0.8708110000000001
KGS,2026-02-19,Thursday,2026-02-20,2026-02-19,False,True,1.0,0.8708110000000001,0.8763920000000001
KGS,2026-02-20,Friday,2026-02-21,2026-02-20,False,False,0.0,0.8763920000000001,0.877666
KGS,2026-02-21,Saturday,2026-02-25,2026-02-24,True,False,0.0,0.877666,0.8763200000000001
KGS,2026-02-25,Wednesday,2026-02-26,2026-02-25,False,False,0.0,0.8763200000000001,0.874417
KGS,2026-02-26,Thursday,2026-02-27,2026-02-26,False,True,1.0,0.874417,0.881896
KGS,2026-02-27,Friday,2026-02-28,2026-02-27,False,False,1.0,0.881896,0.8836320000000001
KGS,2026-02-28,Saturday,2026-03-03,2026-03-02,True,False,0.0,0.8836320000000001,0.882534
KGS,2026-03-03,Tuesday,2026-03-04,2026-03-03,False,True,1.0,0.882534,0.887476
KGS,2026-03-04,Wednesday,2026-03-05,2026-03-04,False,False,1.0,0.887476,0.889662
KGS,2026-03-05,Thursday,2026-03-06,2026-03-05,False,True,1.0,0.889662,0.894178
KGS,2026-03-06,Friday,2026-03-07,2026-03-06,False,True,1.0,0.894178,0.9050889999999999
KGS,2026-03-07,Saturday,2026-03-11,2026-03-10,True,False,0.0,0.9050889999999999,0.900396
KGS,2026-03-11,Wednesday,2026-03-12,2026-03-11,False,False,1.0,0.900396,0.9041509999999999
KGS,2026-03-12,Thursday,2026-03-13,2026-03-12,False,False,0.0,0.9041509999999999,0.9041410000000001
KGS,2026-03-13,Friday,2026-03-14,2026-03-13,False,True,1.0,0.9041410000000001,0.917389
KGS,2026-03-14,Saturday,2026-03-17,2026-03-16,True,True,1.0,0.917389,0.926835
KGS,2026-03-17,Tuesday,2026-03-18,2026-03-17,False,True,1.0,0.926835,0.9366530000000001
KGS,2026-03-18,Wednesday,2026-03-19,2026-03-18,False,True,0.0,0.9366530000000001,0.950553
KGS,2026-03-19,Thursday,2026-03-20,2026-03-19,False,True,0.0,0.950553,0.970154
KGS,2026-03-20,Friday,2026-03-21,2026-03-20,False,False,0.0,0.970154,0.9605509999999999
KGS,2026-03-21,Saturday,2026-03-24,2026-03-23,True,False,0.0,0.9605509999999999,0.936264
KGS,2026-03-24,Tuesday,2026-03-25,2026-03-24,False,False,0.0,0.936264,0.9258069999999999
KGS,2026-03-25,Wednesday,2026-03-26,2026-03-25,False,False,0.0,0.9258069999999999,0.923041
KGS,2026-03-26,Thursday,2026-03-27,2026-03-26,False,True,0.0,0.923041,0.9391809999999999
KGS,2026-03-27,Friday,2026-03-28,2026-03-27,False,False,0.0,0.9391809999999999,0.927894
KGS,2026-03-28,Saturday,2026-03-31,2026-03-30,True,False,0.0,0.927894,0.929623
KGS,2026-03-31,Tuesday,2026-04-01,2026-03-31,False,False,0.0,0.929623,0.929107
KGS,2026-04-01,Wednesday,2026-04-02,2026-04-01,False,False,0.0,0.929107,0.9219370000000001
KGS,2026-04-02,Thursday,2026-04-03,2026-04-02,False,False,0.0,0.9219370000000001,0.918631
KGS,2026-04-03,Friday,2026-04-04,2026-04-03,False,False,0.0,0.918631,0.911713
KGS,2026-04-04,Saturday,2026-04-07,2026-04-06,True,False,0.0,0.911713,0.90026
KGS,2026-04-07,Tuesday,2026-04-08,2026-04-07,False,False,0.0,0.90026,0.90051
KGS,2026-04-08,Wednesday,2026-04-09,2026-04-08,False,False,0.0,0.90051,0.8954179999999999
KGS,2026-04-09,Thursday,2026-04-10,2026-04-09,False,False,0.0,0.8954179999999999,0.890085
KGS,2026-04-10,Friday,2026-04-11,2026-04-10,False,False,0.0,0.890085,0.880188
KGS,2026-04-11,Saturday,2026-04-14,2026-04-13,True,False,0.0,0.880188,0.871914
KGS,2026-04-14,Tuesday,2026-04-15,2026-04-14,False,False,0.0,0.871914,0.867389
KGS,2026-04-15,Wednesday,2026-04-16,2026-04-15,False,False,0.0,0.867389,0.860316
KGS,2026-04-16,Thursday,2026-04-17,2026-04-16,False,False,0.0,0.860316,0.8700530000000001
KGS,2026-04-17,Friday,2026-04-18,2026-04-17,False,False,0.0,0.8700530000000001,0.86968
KGS,2026-04-18,Saturday,2026-04-21,2026-04-20,True,False,0.0,0.86968,0.860343
KGS,2026-04-21,Tuesday,2026-04-22,2026-04-21,False,False,0.0,0.860343,0.8529559999999999
KGS,2026-04-22,Wednesday,2026-04-23,2026-04-22,False,False,1.0,0.8529559999999999,0.857849
KGS,2026-04-23,Thursday,2026-04-24,2026-04-23,False,False,0.0,0.857849,0.8560850000000001
KGS,2026-04-24,Friday,2026-04-25,2026-04-24,False,True,0.0,0.8560850000000001,0.8641249999999999
KGS,2026-04-25,Saturday,2026-04-28,2026-04-27,True,False,0.0,0.8641249999999999,0.855627
KGS,2026-04-28,Tuesday,2026-04-29,2026-04-28,False,False,0.0,0.855627,0.854341
KGS,2026-04-29,Wednesday,2026-04-30,2026-04-29,False,False,1.0,0.854341,0.8564700000000001
KGS,2026-04-30,Thursday,2026-05-01,2026-04-30,False,False,0.0,0.8564700000000001,0.855651
KGS,2026-05-01,Friday,2026-05-05,2026-05-04,True,False,0.0,0.855651,0.862942
KGS,2026-05-05,Tuesday,2026-05-06,2026-05-05,False,False,0.0,0.862942,0.861866
KGS,2026-05-06,Wednesday,2026-05-07,2026-05-06,False,False,0.0,0.861866,0.860492
KGS,2026-05-07,Thursday,2026-05-08,2026-05-07,False,False,0.0,0.860492,0.853586
KGS,2026-05-08,Friday,2026-05-09,2026-05-08,False,False,0.0,0.853586,0.8498730000000001
KGS,2026-05-09,Saturday,2026-05-13,2026-05-12,True,False,0.0,0.8498730000000001,0.8437709999999999
KGS,2026-05-13,Wednesday,2026-05-14,2026-05-13,False,False,0.0,0.8437709999999999,0.838674
KGS,2026-05-14,Thursday,2026-05-15,2026-05-14,False,False,0.0,0.838674,0.836346
KGS,2026-05-15,Friday,2026-05-16,2026-05-15,False,False,0.0,0.836346,0.836221
KGS,2026-05-16,Saturday,2026-05-19,2026-05-18,True,False,0.0,0.836221,0.827326
KGS,2026-05-19,Tuesday,2026-05-20,2026-05-19,False,False,0.0,0.827326,0.8152379999999999
KGS,2026-05-20,Wednesday,2026-05-21,2026-05-20,False,False,0.0,0.8152379999999999,0.811331
KGS,2026-05-21,Thursday,2026-05-22,2026-05-21,False,False,0.0,0.811331,0.8094929999999999
KGS,2026-05-22,Friday,2026-05-23,2026-05-22,False,False,1.0,0.8094929999999999,0.8142820000000001
KGS,2026-05-23,Saturday,2026-05-26,2026-05-25,True,False,0.0,0.8142820000000001,0.818136
KGS,2026-05-26,Tuesday,2026-05-27,2026-05-26,False,False,0.0,0.818136,0.819531
KGS,2026-05-27,Wednesday,2026-05-28,2026-05-27,False,False,0.0,0.819531,0.810763
KGS,2026-05-28,Thursday,2026-05-29,2026-05-28,False,True,1.0,0.810763,0.8161409999999999
KGS,2026-05-29,Friday,2026-05-30,2026-05-29,False,False,0.0,0.8161409999999999,0.812149
KGS,2026-05-30,Saturday,2026-06-02,2026-06-01,True,True,1.0,0.812149,0.818218
KGS,2026-06-02,Tuesday,2026-06-03,2026-06-02,False,True,1.0,0.818218,0.829728
KGS,2026-06-03,Wednesday,2026-06-04,2026-06-03,False,True,0.0,0.829728,0.8386920000000001
KGS,2026-06-04,Thursday,2026-06-05,2026-06-04,False,False,0.0,0.8386920000000001,0.849578
KGS,2026-06-05,Friday,2026-06-06,2026-06-05,False,False,0.0,0.849578,0.840125
KGS,2026-06-06,Saturday,2026-06-09,2026-06-08,True,False,0.0,0.840125,0.8377889999999999
KGS,2026-06-09,Tuesday,2026-06-10,2026-06-09,False,False,0.0,0.8377889999999999,0.820264
KGS,2026-06-10,Wednesday,2026-06-11,2026-06-10,False,False,1.0,0.820264,0.820926
KGS,2026-06-11,Thursday,2026-06-12,2026-06-11,False,False,1.0,0.820926,0.822272
KGS,2026-06-12,Friday,2026-06-16,2026-06-15,True,False,1.0,0.822272,0.828488
KGS,2026-06-16,Tuesday,2026-06-17,2026-06-16,False,False,0.0,0.828488,0.8249150000000001
KGS,2026-06-17,Wednesday,2026-06-18,2026-06-17,False,True,1.0,0.8249150000000001,0.8318800000000001
KGS,2026-06-18,Thursday,2026-06-19,2026-06-18,False,True,1.0,0.8318800000000001,0.838869
KGS,2026-06-19,Friday,2026-06-20,2026-06-19,False,False,1.0,0.838869,0.8397830000000001
KGS,2026-06-20,Saturday,2026-06-23,2026-06-22,True,False,1.0,0.8397830000000001,0.843511
KGS,2026-06-23,Tuesday,2026-06-24,2026-06-23,False,True,1.0,0.843511,0.853288
KGS,2026-06-24,Wednesday,2026-06-25,2026-06-24,False,False,1.0,0.853288,0.855046
KGS,2026-06-25,Thursday,2026-06-26,2026-06-25,False,True,1.0,0.855046,0.864891
KGS,2026-06-26,Friday,2026-06-27,2026-06-26,False,True,1.0,0.864891,0.8812019999999999
KGS,2026-06-27,Saturday,2026-06-30,2026-06-29,True,True,1.0,0.8812019999999999,0.889124
KGS,2026-06-30,Tuesday,2026-07-01,2026-06-30,False,True,0.0,0.889124,0.895021
KGS,2026-07-01,Wednesday,2026-07-02,2026-07-01,False,False,0.0,0.895021,0.8949710000000001
KGS,2026-07-02,Thursday,2026-07-03,2026-07-02,False,False,0.0,0.8949710000000001,0.89113
KGS,2026-07-03,Friday,2026-07-04,2026-07-03,False,False,0.0,0.89113,0.883115
KGS,2026-07-04,Saturday,2026-07-07,2026-07-06,True,True,0.0,0.883115,0.8915890000000001
KGS,2026-07-07,Tuesday,2026-07-08,2026-07-07,False,False,0.0,0.8915890000000001,0.870507
KGS,2026-07-08,Wednesday,2026-07-09,2026-07-08,False,False,0.0,0.870507,0.873672
KGS,2026-07-09,Thursday,2026-07-10,2026-07-09,False,False,0.0,0.873672,0.868287
KGS,2026-07-10,Friday,2026-07-11,2026-07-10,False,True,1.0,0.868287,0.8766809999999999
KGS,2026-07-11,Saturday,2026-07-14,2026-07-13,True,False,0.0,0.8766809999999999,0.876173
KGS,2026-07-14,Tuesday,2026-07-15,2026-07-14,False,True,1.0,0.876173,0.886122
KGS,2026-07-15,Wednesday,2026-07-16,2026-07-15,False,True,1.0,0.886122,0.891444
KGS,2026-07-16,Thursday,2026-07-17,2026-07-16,False,False,1.0,0.891444,0.8955759999999999
KGS,2026-07-17,Friday,2026-07-18,2026-07-17,False,False,0.0,0.8955759999999999,0.896497
KGS,2026-07-18,Saturday,2026-07-21,2026-07-20,True,False,0.0,0.896497,0.895551
KGS,2026-07-21,Tuesday,2026-07-22,2026-07-21,False,False,0.0,0.895551,0.898273
KGS,2026-07-22,Wednesday,2026-07-23,2026-07-22,False,False,0.0,0.898273,0.8973770000000001
KGS,2026-07-23,Thursday,2026-07-24,2026-07-23,False,False,0.0,0.8973770000000001,0.896568
KGS,2026-07-24,Friday,2026-07-25,2026-07-24,False,False,0.0,0.896568,0.89229
KGS,2026-07-25,Saturday,2026-07-28,2026-07-27,True,False,0.0,0.89229,0.892135
KGS,2026-07-28,Tuesday,2026-07-29,2026-07-28,False,True,1.0,0.892135,0.89992
KGS,2026-07-29,Wednesday,2026-07-30,2026-07-29,False,True,1.0,0.89992,0.9074559999999999
KGS,2026-07-30,Thursday,2026-07-31,2026-07-30,False,True,1.0,0.9074559999999999,0.913177
KGS,2026-07-31,Friday,2026-08-01,2026-07-31,False,False,0.0,0.913177,0.9086759999999999
KGS,2026-08-01,Saturday,2026-08-04,2026-08-03,True,True,1.0,0.9086759999999999,0.915594
KGS,2026-08-04,Tuesday,2026-08-05,2026-08-04,False,True,1.0,0.915594,0.9277200000000001
KGS,2026-08-05,Wednesday,2026-08-06,2026-08-05,False,False,0.0,0.9277200000000001,0.9254349999999999
KGS,2026-08-06,Thursday,2026-08-07,2026-08-06,False,True,1.0,0.9254349999999999,0.9309059999999999
KGS,2026-08-07,Friday,2026-08-08,2026-08-07,False,True,1.0,0.9309059999999999,0.939583
KGS,2026-08-08,Saturday,2026-08-11,2026-08-10,True,False,1.0,0.939583,0.9446080000000001
KGS,2026-08-11,Tuesday,2026-08-12,2026-08-11,False,False,0.0,0.9446080000000001,0.9419580000000001
KGS,2026-08-12,Wednesday,2026-08-13,2026-08-12,False,True,1.0,0.9419580000000001,0.949087
KGS,2026-08-13,Thursday,2026-08-14,2026-08-13,False,True,1.0,0.949087,0.9583280000000001
KGS,2026-08-14,Friday,2026-08-15,2026-08-14,False,True,0.0,0.9583280000000001,0.96678
KGS,2026-08-15,Saturday,2026-08-18,2026-08-17,True,False,0.0,0.96678,0.97214
KGS,2026-08-18,Tuesday,2026-08-19,2026-08-18,False,False,0.0,0.97214,0.973865
KGS,2026-08-19,Wednesday,2026-08-20,2026-08-19,False,False,0.0,0.973865,0.973463
KGS,2026-08-20,Thursday,2026-08-21,2026-08-20,False,False,0.0,0.973463,0.9531829999999999
KGS,2026-08-21,Friday,2026-08-22,2026-08-21,False,False,0.0,0.9531829999999999,0.948212
KGS,2026-08-22,Saturday,2026-08-25,2026-08-24,True,True,1.0,0.948212,0.952405
KGS,2026-08-25,Tuesday,2026-08-26,2026-08-25,False,True,1.0,0.952405,0.9658490000000001
KGS,2026-08-26,Wednesday,2026-08-27,2026-08-26,False,False,0.0,0.9658490000000001,0.9637739999999999
AMD,2024-01-10,Wednesday,2024-01-11,2024-01-10,False,False,0.0,0.222884,0.220464
AMD,2024-01-11,Thursday,2024-01-12,2024-01-11,False,False,0.0,0.220464,0.219209
AMD,2024-01-12,Friday,2024-01-13,2024-01-12,False,False,0.0,0.219209,0.217423
AMD,2024-01-13,Saturday,2024-01-16,2024-01-15,True,False,0.0,0.217423,0.216225
AMD,2024-01-16,Tuesday,2024-01-17,2024-01-16,False,False,0.0,0.216225,0.216084
AMD,2024-01-17,Wednesday,2024-01-18,2024-01-17,False,True,1.0,0.216084,0.217894
AMD,2024-01-18,Thursday,2024-01-19,2024-01-18,False,False,0.0,0.217894,0.218781
AMD,2024-01-19,Friday,2024-01-20,2024-01-19,False,False,0.0,0.218781,0.21851299999999999
AMD,2024-01-20,Saturday,2024-01-23,2024-01-22,True,False,0.0,0.21851299999999999,0.217135
AMD,2024-01-23,Tuesday,2024-01-24,2024-01-23,False,False,0.0,0.217135,0.21702200000000002
AMD,2024-01-24,Wednesday,2024-01-25,2024-01-24,False,True,1.0,0.21702200000000002,0.218112
AMD,2024-01-25,Thursday,2024-01-26,2024-01-25,False,True,1.0,0.218112,0.219332
AMD,2024-01-26,Friday,2024-01-27,2024-01-26,False,True,1.0,0.219332,0.22178799999999999
AMD,2024-01-27,Saturday,2024-01-30,2024-01-29,True,False,0.0,0.22178799999999999,0.221909
AMD,2024-01-30,Tuesday,2024-01-31,2024-01-30,False,False,0.0,0.221909,0.221034
AMD,2024-01-31,Wednesday,2024-02-01,2024-01-31,False,False,1.0,0.221034,0.222115
AMD,2024-02-01,Thursday,2024-02-02,2024-02-01,False,True,1.0,0.222115,0.22340800000000002
AMD,2024-02-02,Friday,2024-02-03,2024-02-02,False,False,1.0,0.22340800000000002,0.22441199999999997
AMD,2024-02-03,Saturday,2024-02-06,2024-02-05,True,True,0.0,0.22441199999999997,0.225833
AMD,2024-02-06,Tuesday,2024-02-07,2024-02-06,False,False,0.0,0.225833,0.224333
AMD,2024-02-07,Wednesday,2024-02-08,2024-02-07,False,False,1.0,0.224333,0.22547699999999998
AMD,2024-02-08,Thursday,2024-02-09,2024-02-08,False,False,0.0,0.22547699999999998,0.22561900000000001
AMD,2024-02-09,Friday,2024-02-10,2024-02-09,False,False,0.0,0.22561900000000001,0.22466999999999998
AMD,2024-02-10,Saturday,2024-02-13,2024-02-12,True,False,1.0,0.22466999999999998,0.22514
AMD,2024-02-13,Tuesday,2024-02-14,2024-02-13,False,False,1.0,0.22514,0.225628
AMD,2024-02-14,Wednesday,2024-02-15,2024-02-14,False,False,1.0,0.225628,0.226557
AMD,2024-02-15,Thursday,2024-02-16,2024-02-15,False,False,1.0,0.226557,0.22714600000000001
AMD,2024-02-16,Friday,2024-02-17,2024-02-16,False,True,1.0,0.22714600000000001,0.228844
AMD,2024-02-17,Saturday,2024-02-20,2024-02-19,True,False,0.0,0.228844,0.228529
AMD,2024-02-20,Tuesday,2024-02-21,2024-02-20,False,False,0.0,0.228529,0.228321
AMD,2024-02-21,Wednesday,2024-02-22,2024-02-21,False,False,0.0,0.228321,0.22861599999999999
AMD,2024-02-22,Thursday,2024-02-23,2024-02-22,False,False,0.0,0.22861599999999999,0.22938
AMD,2024-02-23,Friday,2024-02-27,2024-02-26,True,False,0.0,0.22938,0.229049
AMD,2024-02-27,Tuesday,2024-02-28,2024-02-27,False,False,0.0,0.229049,0.227597
AMD,2024-02-28,Wednesday,2024-02-29,2024-02-28,False,False,0.0,0.227597,0.227219
AMD,2024-02-29,Thursday,2024-03-01,2024-02-29,False,False,0.0,0.227219,0.224768
AMD,2024-03-01,Friday,2024-03-02,2024-03-01,False,True,0.0,0.224768,0.226084
AMD,2024-03-02,Saturday,2024-03-05,2024-03-04,True,False,0.0,0.226084,0.226044
AMD,2024-03-05,Tuesday,2024-03-06,2024-03-05,False,False,0.0,0.226044,0.225628
AMD,2024-03-06,Wednesday,2024-03-07,2024-03-06,False,False,0.0,0.225628,0.22365
AMD,2024-03-07,Thursday,2024-03-08,2024-03-07,False,True,1.0,0.22365,0.224788
AMD,2024-03-08,Friday,2024-03-12,2024-03-11,True,False,0.0,0.224788,0.224553
AMD,2024-03-12,Tuesday,2024-03-13,2024-03-12,False,False,1.0,0.224553,0.225301
AMD,2024-03-13,Wednesday,2024-03-14,2024-03-13,False,True,1.0,0.225301,0.227215
AMD,2024-03-14,Thursday,2024-03-15,2024-03-14,False,False,1.0,0.227215,0.22758199999999998
AMD,2024-03-15,Friday,2024-03-16,2024-03-15,False,False,1.0,0.22758199999999998,0.228175
AMD,2024-03-16,Saturday,2024-03-19,2024-03-18,True,False,1.0,0.228175,0.228836
AMD,2024-03-19,Tuesday,2024-03-20,2024-03-19,False,False,1.0,0.228836,0.229831
AMD,2024-03-20,Wednesday,2024-03-21,2024-03-20,False,True,1.0,0.229831,0.231849
AMD,2024-03-21,Thursday,2024-03-22,2024-03-21,False,False,0.0,0.231849,0.23075199999999998
AMD,2024-03-22,Friday,2024-03-23,2024-03-22,False,True,1.0,0.23075199999999998,0.232833
AMD,2024-03-23,Saturday,2024-03-26,2024-03-25,True,True,1.0,0.232833,0.234254
AMD,2024-03-26,Tuesday,2024-03-27,2024-03-26,False,False,0.0,0.234254,0.233963
AMD,2024-03-27,Wednesday,2024-03-28,2024-03-27,False,False,0.0,0.233963,0.234582
AMD,2024-03-28,Thursday,2024-03-29,2024-03-28,False,False,0.0,0.234582,0.23389600000000002
AMD,2024-03-29,Friday,2024-03-30,2024-03-29,False,True,1.0,0.23389600000000002,0.23486100000000001
AMD,2024-03-30,Saturday,2024-04-02,2024-04-01,True,False,1.0,0.23486100000000001,0.235455
AMD,2024-04-02,Tuesday,2024-04-03,2024-04-02,False,True,1.0,0.235455,0.236644
AMD,2024-04-03,Wednesday,2024-04-04,2024-04-03,False,False,1.0,0.236644,0.23706600000000003
AMD,2024-04-04,Thursday,2024-04-05,2024-04-04,False,False,1.0,0.23706600000000003,0.23754
AMD,2024-04-05,Friday,2024-04-06,2024-04-05,False,False,1.0,0.23754,0.237896
AMD,2024-04-06,Saturday,2024-04-09,2024-04-08,True,False,0.0,0.237896,0.237973
AMD,2024-04-09,Tuesday,2024-04-10,2024-04-09,False,False,0.0,0.237973,0.238049
AMD,2024-04-10,Wednesday,2024-04-11,2024-04-10,False,False,0.0,0.238049,0.23879899999999998
AMD,2024-04-11,Thursday,2024-04-12,2024-04-11,False,False,0.0,0.23879899999999998,0.23940999999999998
AMD,2024-04-12,Friday,2024-04-13,2024-04-12,False,False,0.0,0.23940999999999998,0.237259
AMD,2024-04-13,Saturday,2024-04-16,2024-04-15,True,False,0.0,0.237259,0.236479
AMD,2024-04-16,Tuesday,2024-04-17,2024-04-16,False,True,1.0,0.236479,0.238018
AMD,2024-04-17,Wednesday,2024-04-18,2024-04-17,False,False,0.0,0.238018,0.238735
AMD,2024-04-18,Thursday,2024-04-19,2024-04-18,False,False,0.0,0.238735,0.23876999999999998
AMD,2024-04-19,Friday,2024-04-20,2024-04-19,False,False,0.0,0.23876999999999998,0.238005
AMD,2024-04-20,Saturday,2024-04-23,2024-04-22,True,False,0.0,0.238005,0.238228
AMD,2024-04-23,Tuesday,2024-04-24,2024-04-23,False,True,0.0,0.238228,0.239185
AMD,2024-04-24,Wednesday,2024-04-25,2024-04-24,False,False,0.0,0.239185,0.23717
AMD,2024-04-25,Thursday,2024-04-26,2024-04-25,False,False,0.0,0.23717,0.23708500000000002
AMD,2024-04-26,Friday,2024-04-27,2024-04-26,False,False,0.0,0.23708500000000002,0.237099
AMD,2024-04-27,Saturday,2024-04-28,2024-04-27,False,False,0.0,0.237099,0.236495
AMD,2024-04-28,Sunday,2024-05-03,2024-05-02,True,True,0.0,0.236495,0.23747900000000002
AMD,2024-05-03,Friday,2024-05-04,2024-05-03,False,False,0.0,0.23747900000000002,0.236734
AMD,2024-05-04,Saturday,2024-05-07,2024-05-06,True,False,0.0,0.236734,0.23539000000000002
AMD,2024-05-07,Tuesday,2024-05-08,2024-05-07,False,False,0.0,0.23539000000000002,0.235017
AMD,2024-05-08,Wednesday,2024-05-09,2024-05-08,False,True,0.0,0.235017,0.23665299999999997
AMD,2024-05-09,Thursday,2024-05-14,2024-05-13,True,False,0.0,0.23665299999999997,0.236387
AMD,2024-05-14,Tuesday,2024-05-15,2024-05-14,False,False,0.0,0.236387,0.23565000000000003
AMD,2024-05-15,Wednesday,2024-05-16,2024-05-15,False,False,0.0,0.23565000000000003,0.235491
AMD,2024-05-16,Thursday,2024-05-17,2024-05-16,False,False,0.0,0.235491,0.234286
AMD,2024-05-17,Friday,2024-05-18,2024-05-17,False,False,0.0,0.234286,0.23474499999999998
AMD,2024-05-18,Saturday,2024-05-21,2024-05-20,True,False,0.0,0.23474499999999998,0.23366199999999998
AMD,2024-05-21,Tuesday,2024-05-22,2024-05-21,False,False,0.0,0.23366199999999998,0.232867
AMD,2024-05-22,Wednesday,2024-05-23,2024-05-22,False,False,0.0,0.232867,0.232224
AMD,2024-05-23,Thursday,2024-05-24,2024-05-23,False,False,0.0,0.232224,0.232852
AMD,2024-05-24,Friday,2024-05-25,2024-05-24,False,False,0.0,0.232852,0.231329
AMD,2024-05-25,Saturday,2024-05-28,2024-05-27,True,False,0.0,0.231329,0.228552
AMD,2024-05-28,Tuesday,2024-05-29,2024-05-28,False,False,0.0,0.228552,0.227914
AMD,2024-05-29,Wednesday,2024-05-30,2024-05-29,False,True,1.0,0.227914,0.23034600000000002
AMD,2024-05-30,Thursday,2024-05-31,2024-05-30,False,True,0.0,0.23034600000000002,0.231219
AMD,2024-05-31,Friday,2024-06-01,2024-05-31,False,True,0.0,0.231219,0.232824
AMD,2024-06-01,Saturday,2024-06-04,2024-06-03,True,False,0.0,0.232824,0.230635
AMD,2024-06-04,Tuesday,2024-06-05,2024-06-04,False,False,0.0,0.230635,0.229146
AMD,2024-06-05,Wednesday,2024-06-06,2024-06-05,False,False,0.0,0.229146,0.22862
AMD,2024-06-06,Thursday,2024-06-07,2024-06-06,False,False,0.0,0.22862,0.22896999999999998
AMD,2024-06-07,Friday,2024-06-08,2024-06-07,False,False,0.0,0.22896999999999998,0.228936
AMD,2024-06-08,Saturday,2024-06-11,2024-06-10,True,False,0.0,0.228936,0.22963899999999998
AMD,2024-06-11,Tuesday,2024-06-12,2024-06-11,False,False,0.0,0.22963899999999998,0.229685
AMD,2024-06-12,Wednesday,2024-06-14,2024-06-13,True,False,0.0,0.229685,0.227317
AMD,2024-06-14,Friday,2024-06-15,2024-06-14,False,True,0.0,0.227317,0.22926100000000002
AMD,2024-06-15,Saturday,2024-06-18,2024-06-17,True,False,0.0,0.22926100000000002,0.22905
AMD,2024-06-18,Tuesday,2024-06-19,2024-06-18,False,False,0.0,0.22905,0.223897
AMD,2024-06-19,Wednesday,2024-06-20,2024-06-19,False,False,0.0,0.223897,0.212641
AMD,2024-06-20,Thursday,2024-06-21,2024-06-20,False,True,1.0,0.212641,0.220058
AMD,2024-06-21,Friday,2024-06-22,2024-06-21,False,True,0.0,0.220058,0.22639600000000001
AMD,2024-06-22,Saturday,2024-06-25,2024-06-24,True,False,0.0,0.22639600000000001,0.225159
AMD,2024-06-25,Tuesday,2024-06-26,2024-06-25,False,False,0.0,0.225159,0.22482500000000002
AMD,2024-06-26,Wednesday,2024-06-27,2024-06-26,False,False,0.0,0.22482500000000002,0.226113
AMD,2024-06-27,Thursday,2024-06-28,2024-06-27,False,False,0.0,0.226113,0.21891200000000002
AMD,2024-06-28,Friday,2024-06-29,2024-06-28,False,True,1.0,0.21891200000000002,0.22090900000000002
AMD,2024-06-29,Saturday,2024-07-02,2024-07-01,True,True,1.0,0.22090900000000002,0.224958
AMD,2024-07-02,Tuesday,2024-07-03,2024-07-02,False,False,1.0,0.224958,0.22669
AMD,2024-07-03,Wednesday,2024-07-04,2024-07-03,False,False,0.0,0.22669,0.22653700000000002
AMD,2024-07-04,Thursday,2024-07-05,2024-07-04,False,False,0.0,0.22653700000000002,0.227132
AMD,2024-07-05,Friday,2024-07-06,2024-07-05,False,False,0.0,0.227132,0.22716899999999998
AMD,2024-07-06,Saturday,2024-07-09,2024-07-08,True,False,0.0,0.22716899999999998,0.22730899999999998
AMD,2024-07-09,Tuesday,2024-07-10,2024-07-09,False,False,0.0,0.22730899999999998,0.22680599999999998
AMD,2024-07-10,Wednesday,2024-07-11,2024-07-10,False,False,0.0,0.22680599999999998,0.226495
AMD,2024-07-11,Thursday,2024-07-12,2024-07-11,False,False,0.0,0.226495,0.22651
AMD,2024-07-12,Friday,2024-07-13,2024-07-12,False,False,0.0,0.22651,0.226141
AMD,2024-07-13,Saturday,2024-07-16,2024-07-15,True,False,1.0,0.226141,0.226419
AMD,2024-07-16,Tuesday,2024-07-17,2024-07-16,False,False,0.0,0.226419,0.22755
AMD,2024-07-17,Wednesday,2024-07-18,2024-07-17,False,False,0.0,0.22755,0.22689399999999998
AMD,2024-07-18,Thursday,2024-07-19,2024-07-18,False,False,0.0,0.22689399999999998,0.22648900000000002
AMD,2024-07-19,Friday,2024-07-20,2024-07-19,False,False,0.0,0.22648900000000002,0.226641
AMD,2024-07-20,Saturday,2024-07-23,2024-07-22,True,False,0.0,0.226641,0.226384
AMD,2024-07-23,Tuesday,2024-07-24,2024-07-23,False,False,0.0,0.226384,0.22505
AMD,2024-07-24,Wednesday,2024-07-25,2024-07-24,False,False,0.0,0.22505,0.22284400000000001
AMD,2024-07-25,Thursday,2024-07-26,2024-07-25,False,False,0.0,0.22284400000000001,0.22019100000000003
AMD,2024-07-26,Friday,2024-07-27,2024-07-26,False,False,1.0,0.22019100000000003,0.220301
AMD,2024-07-27,Saturday,2024-07-30,2024-07-29,True,True,1.0,0.220301,0.22328199999999998
AMD,2024-07-30,Tuesday,2024-07-31,2024-07-30,False,False,0.0,0.22328199999999998,0.222282
AMD,2024-07-31,Wednesday,2024-08-01,2024-07-31,False,False,0.0,0.222282,0.22187300000000001
AMD,2024-08-01,Thursday,2024-08-02,2024-08-01,False,False,0.0,0.22187300000000001,0.221188
AMD,2024-08-02,Friday,2024-08-03,2024-08-02,False,False,0.0,0.221188,0.22096800000000003
AMD,2024-08-03,Saturday,2024-08-06,2024-08-05,True,False,0.0,0.22096800000000003,0.21905999999999998
AMD,2024-08-06,Tuesday,2024-08-07,2024-08-06,False,False,1.0,0.21905999999999998,0.219378
AMD,2024-08-07,Wednesday,2024-08-08,2024-08-07,False,True,1.0,0.219378,0.22168600000000002
AMD,2024-08-08,Thursday,2024-08-09,2024-08-08,False,True,1.0,0.22168600000000002,0.22281700000000002
AMD,2024-08-09,Friday,2024-08-10,2024-08-09,False,True,1.0,0.22281700000000002,0.22665500000000002
AMD,2024-08-10,Saturday,2024-08-13,2024-08-12,True,True,1.0,0.22665500000000002,0.23166799999999999
AMD,2024-08-13,Tuesday,2024-08-14,2024-08-13,False,True,0.0,0.23166799999999999,0.238431
AMD,2024-08-14,Wednesday,2024-08-15,2024-08-14,False,False,0.0,0.238431,0.231722
AMD,2024-08-15,Thursday,2024-08-16,2024-08-15,False,False,0.0,0.231722,0.22870200000000002
AMD,2024-08-16,Friday,2024-08-17,2024-08-16,False,False,1.0,0.22870200000000002,0.229069
AMD,2024-08-17,Saturday,2024-08-20,2024-08-19,True,True,1.0,0.229069,0.230685
AMD,2024-08-20,Tuesday,2024-08-21,2024-08-20,False,True,1.0,0.230685,0.233688
AMD,2024-08-21,Wednesday,2024-08-22,2024-08-21,False,True,1.0,0.233688,0.236086
AMD,2024-08-22,Thursday,2024-08-23,2024-08-22,False,False,0.0,0.236086,0.235279
AMD,2024-08-23,Friday,2024-08-24,2024-08-23,False,True,1.0,0.235279,0.23606100000000002
AMD,2024-08-24,Saturday,2024-08-27,2024-08-26,True,False,0.0,0.23606100000000002,0.236465
AMD,2024-08-27,Tuesday,2024-08-28,2024-08-27,False,False,0.0,0.236465,0.235884
AMD,2024-08-28,Wednesday,2024-08-29,2024-08-28,False,False,0.0,0.235884,0.23573699999999997
AMD,2024-08-29,Thursday,2024-08-30,2024-08-29,False,False,0.0,0.23573699999999997,0.23579899999999998
AMD,2024-08-30,Friday,2024-08-31,2024-08-30,False,False,0.0,0.23579899999999998,0.235303
AMD,2024-08-31,Saturday,2024-09-03,2024-09-02,True,False,0.0,0.235303,0.232178
AMD,2024-09-03,Tuesday,2024-09-04,2024-09-03,False,False,0.0,0.232178,0.228746
AMD,2024-09-04,Wednesday,2024-09-05,2024-09-04,False,False,1.0,0.228746,0.229417
AMD,2024-09-05,Thursday,2024-09-06,2024-09-05,False,True,1.0,0.229417,0.23161500000000002
AMD,2024-09-06,Friday,2024-09-07,2024-09-06,False,False,1.0,0.23161500000000002,0.232046
AMD,2024-09-07,Saturday,2024-09-10,2024-09-09,True,True,1.0,0.232046,0.233463
AMD,2024-09-10,Tuesday,2024-09-11,2024-09-10,False,True,1.0,0.233463,0.2353
AMD,2024-09-11,Wednesday,2024-09-12,2024-09-11,False,False,0.0,0.2353,0.23566299999999998
AMD,2024-09-12,Thursday,2024-09-13,2024-09-12,False,False,0.0,0.23566299999999998,0.235261
AMD,2024-09-13,Friday,2024-09-14,2024-09-13,False,False,0.0,0.235261,0.234833
AMD,2024-09-14,Saturday,2024-09-17,2024-09-16,True,False,1.0,0.234833,0.235394
AMD,2024-09-17,Tuesday,2024-09-18,2024-09-17,False,False,1.0,0.235394,0.235879
AMD,2024-09-18,Wednesday,2024-09-19,2024-09-18,False,True,1.0,0.235879,0.23682099999999998
AMD,2024-09-19,Thursday,2024-09-20,2024-09-19,False,True,1.0,0.23682099999999998,0.239062
AMD,2024-09-20,Friday,2024-09-21,2024-09-20,False,False,0.0,0.239062,0.23907
AMD,2024-09-21,Saturday,2024-09-24,2024-09-23,True,False,0.0,0.23907,0.23959
AMD,2024-09-24,Tuesday,2024-09-25,2024-09-24,False,False,0.0,0.23959,0.239731
AMD,2024-09-25,Wednesday,2024-09-26,2024-09-25,False,False,0.0,0.239731,0.238421
AMD,2024-09-26,Thursday,2024-09-27,2024-09-26,False,False,1.0,0.238421,0.23850100000000002
AMD,2024-09-27,Friday,2024-09-28,2024-09-27,False,True,1.0,0.23850100000000002,0.23937
AMD,2024-09-28,Saturday,2024-10-01,2024-09-30,True,True,1.0,0.23937,0.240704
AMD,2024-10-01,Tuesday,2024-10-02,2024-10-01,False,True,1.0,0.240704,0.24116700000000002
AMD,2024-10-02,Wednesday,2024-10-03,2024-10-02,False,True,1.0,0.24116700000000002,0.244086
AMD,2024-10-03,Thursday,2024-10-04,2024-10-03,False,False,1.0,0.244086,0.245514
AMD,2024-10-04,Friday,2024-10-05,2024-10-04,False,False,0.0,0.245514,0.245148
AMD,2024-10-05,Saturday,2024-10-08,2024-10-07,True,True,1.0,0.245148,0.248275
AMD,2024-10-08,Tuesday,2024-10-09,2024-10-08,False,False,0.0,0.248275,0.24807200000000001
AMD,2024-10-09,Wednesday,2024-10-10,2024-10-09,False,True,1.0,0.24807200000000001,0.250474
AMD,2024-10-10,Thursday,2024-10-11,2024-10-10,False,False,0.0,0.250474,0.25116700000000003
AMD,2024-10-11,Friday,2024-10-12,2024-10-11,False,False,0.0,0.25116700000000003,0.24813
AMD,2024-10-12,Saturday,2024-10-15,2024-10-14,True,False,1.0,0.24813,0.24824200000000002
AMD,2024-10-15,Tuesday,2024-10-16,2024-10-15,False,True,0.0,0.24824200000000002,0.250548
AMD,2024-10-16,Wednesday,2024-10-17,2024-10-16,False,False,0.0,0.250548,0.251128
AMD,2024-10-17,Thursday,2024-10-18,2024-10-17,False,False,0.0,0.251128,0.25072700000000003
AMD,2024-10-18,Friday,2024-10-19,2024-10-18,False,False,0.0,0.25072700000000003,0.248979
AMD,2024-10-19,Saturday,2024-10-22,2024-10-21,True,False,0.0,0.248979,0.248198
AMD,2024-10-22,Tuesday,2024-10-23,2024-10-22,False,True,1.0,0.248198,0.24945599999999998
AMD,2024-10-23,Wednesday,2024-10-24,2024-10-23,False,False,0.0,0.24945599999999998,0.249279
AMD,2024-10-24,Thursday,2024-10-25,2024-10-24,False,False,1.0,0.249279,0.249884
AMD,2024-10-25,Friday,2024-10-26,2024-10-25,False,False,0.0,0.249884,0.24962099999999998
AMD,2024-10-26,Saturday,2024-10-29,2024-10-28,True,True,1.0,0.24962099999999998,0.251156
AMD,2024-10-29,Tuesday,2024-10-30,2024-10-29,False,False,0.0,0.251156,0.25145
AMD,2024-10-30,Wednesday,2024-10-31,2024-10-30,False,False,0.0,0.25145,0.250751
AMD,2024-10-31,Thursday,2024-11-01,2024-10-31,False,False,0.0,0.250751,0.250303
AMD,2024-11-01,Friday,2024-11-02,2024-11-01,False,True,1.0,0.250303,0.25167300000000004
AMD,2024-11-02,Saturday,2024-11-03,2024-11-02,False,False,1.0,0.25167300000000004,0.251956
AMD,2024-11-03,Sunday,2024-11-06,2024-11-05,True,False,1.0,0.251956,0.253218
AMD,2024-11-06,Wednesday,2024-11-07,2024-11-06,False,False,0.0,0.253218,0.25357199999999996
AMD,2024-11-07,Thursday,2024-11-08,2024-11-07,False,False,0.0,0.25357199999999996,0.25326699999999996
AMD,2024-11-08,Friday,2024-11-09,2024-11-08,False,False,0.0,0.25326699999999996,0.252558
AMD,2024-11-09,Saturday,2024-11-12,2024-11-11,True,False,1.0,0.252558,0.252878
AMD,2024-11-12,Tuesday,2024-11-13,2024-11-12,False,False,0.0,0.252878,0.25278300000000004
AMD,2024-11-13,Wednesday,2024-11-14,2024-11-13,False,True,1.0,0.25278300000000004,0.253749
AMD,2024-11-14,Thursday,2024-11-15,2024-11-14,False,True,1.0,0.253749,0.255438
AMD,2024-11-15,Friday,2024-11-16,2024-11-15,False,True,1.0,0.255438,0.257559
AMD,2024-11-16,Saturday,2024-11-19,2024-11-18,True,False,0.0,0.257559,0.256996
AMD,2024-11-19,Tuesday,2024-11-20,2024-11-19,False,False,1.0,0.256996,0.257179
AMD,2024-11-20,Wednesday,2024-11-21,2024-11-20,False,False,1.0,0.257179,0.257507
AMD,2024-11-21,Thursday,2024-11-22,2024-11-21,False,False,1.0,0.257507,0.258518
AMD,2024-11-22,Friday,2024-11-23,2024-11-22,False,True,1.0,0.258518,0.26317799999999997
AMD,2024-11-23,Saturday,2024-11-26,2024-11-25,True,True,1.0,0.26317799999999997,0.266035
AMD,2024-11-26,Tuesday,2024-11-27,2024-11-26,False,False,1.0,0.266035,0.268779
AMD,2024-11-27,Wednesday,2024-11-28,2024-11-27,False,True,0.0,0.268779,0.275797
AMD,2024-11-28,Thursday,2024-11-29,2024-11-28,False,False,0.0,0.275797,0.278846
AMD,2024-11-29,Friday,2024-11-30,2024-11-29,False,False,0.0,0.278846,0.273011
AMD,2024-11-30,Saturday,2024-12-03,2024-12-02,True,False,0.0,0.273011,0.26936699999999997
AMD,2024-12-03,Tuesday,2024-12-04,2024-12-03,False,False,0.0,0.26936699999999997,0.26574200000000003
AMD,2024-12-04,Wednesday,2024-12-05,2024-12-04,False,False,0.0,0.26574200000000003,0.25883
AMD,2024-12-05,Thursday,2024-12-06,2024-12-05,False,False,0.0,0.25883,0.25651599999999997
AMD,2024-12-06,Friday,2024-12-07,2024-12-06,False,False,0.0,0.25651599999999997,0.24774200000000002
AMD,2024-12-07,Saturday,2024-12-10,2024-12-09,True,False,1.0,0.24774200000000002,0.251089
AMD,2024-12-10,Tuesday,2024-12-11,2024-12-10,False,False,1.0,0.251089,0.25333
AMD,2024-12-11,Wednesday,2024-12-12,2024-12-11,False,True,1.0,0.25333,0.261876
AMD,2024-12-12,Thursday,2024-12-13,2024-12-12,False,False,0.0,0.261876,0.263625
AMD,2024-12-13,Friday,2024-12-14,2024-12-13,False,False,0.0,0.263625,0.262507
AMD,2024-12-14,Saturday,2024-12-17,2024-12-16,True,False,0.0,0.262507,0.261319
AMD,2024-12-17,Tuesday,2024-12-18,2024-12-17,False,False,0.0,0.261319,0.261025
AMD,2024-12-18,Wednesday,2024-12-19,2024-12-18,False,False,0.0,0.261025,0.260444
AMD,2024-12-19,Thursday,2024-12-20,2024-12-19,False,False,0.0,0.260444,0.261884
AMD,2024-12-20,Friday,2024-12-21,2024-12-20,False,False,0.0,0.261884,0.259065
AMD,2024-12-21,Saturday,2024-12-24,2024-12-23,True,False,0.0,0.259065,0.256874
AMD,2024-12-24,Tuesday,2024-12-25,2024-12-24,False,False,0.0,0.256874,0.252364
AMD,2024-12-25,Wednesday,2024-12-26,2024-12-25,False,False,0.0,0.252364,0.251509
AMD,2024-12-26,Thursday,2024-12-27,2024-12-26,False,False,0.0,0.251509,0.250466
AMD,2024-12-27,Friday,2024-12-28,2024-12-27,False,True,1.0,0.250466,0.253552
AMD,2024-12-28,Saturday,2024-12-29,2024-12-28,False,True,1.0,0.253552,0.256456
AMD,2024-12-29,Sunday,2025-01-10,2025-01-09,True,False,1.0,0.256456,0.257758
AMD,2025-01-10,Friday,2025-01-11,2025-01-10,False,False,0.0,0.257758,0.256815
AMD,2025-01-11,Saturday,2025-01-14,2025-01-13,True,False,0.0,0.256815,0.258567
AMD,2025-01-14,Tuesday,2025-01-15,2025-01-14,False,False,0.0,0.258567,0.260038
AMD,2025-01-15,Wednesday,2025-01-16,2025-01-15,False,False,0.0,0.260038,0.258253
AMD,2025-01-16,Thursday,2025-01-17,2025-01-16,False,False,0.0,0.258253,0.257162
AMD,2025-01-17,Friday,2025-01-18,2025-01-17,False,False,0.0,0.257162,0.256715
AMD,2025-01-18,Saturday,2025-01-21,2025-01-20,True,False,0.0,0.256715,0.255764
AMD,2025-01-21,Tuesday,2025-01-22,2025-01-21,False,False,0.0,0.255764,0.250547
AMD,2025-01-22,Wednesday,2025-01-23,2025-01-22,False,False,0.0,0.250547,0.246477
AMD,2025-01-23,Thursday,2025-01-24,2025-01-23,False,True,0.0,0.246477,0.24844000000000002
AMD,2025-01-24,Friday,2025-01-25,2025-01-24,False,False,0.0,0.24844000000000002,0.246293
AMD,2025-01-25,Saturday,2025-01-28,2025-01-27,True,False,0.0,0.246293,0.24383
AMD,2025-01-28,Tuesday,2025-01-29,2025-01-28,False,True,1.0,0.24383,0.245923
AMD,2025-01-29,Wednesday,2025-01-30,2025-01-29,False,False,1.0,0.245923,0.246096
AMD,2025-01-30,Thursday,2025-01-31,2025-01-30,False,False,1.0,0.246096,0.246296
AMD,2025-01-31,Friday,2025-02-01,2025-01-31,False,False,0.0,0.246296,0.246158
AMD,2025-02-01,Saturday,2025-02-04,2025-02-03,True,True,0.0,0.246158,0.251753
AMD,2025-02-04,Tuesday,2025-02-05,2025-02-04,False,False,0.0,0.251753,0.24837700000000001
AMD,2025-02-05,Wednesday,2025-02-06,2025-02-05,False,False,0.0,0.24837700000000001,0.247253
AMD,2025-02-06,Thursday,2025-02-07,2025-02-06,False,False,0.0,0.247253,0.24421099999999998
AMD,2025-02-07,Friday,2025-02-08,2025-02-07,False,False,0.0,0.24421099999999998,0.245176
AMD,2025-02-08,Saturday,2025-02-11,2025-02-10,True,False,0.0,0.245176,0.244146
AMD,2025-02-11,Tuesday,2025-02-12,2025-02-11,False,False,0.0,0.244146,0.241596
AMD,2025-02-12,Wednesday,2025-02-13,2025-02-12,False,False,0.0,0.241596,0.237161
AMD,2025-02-13,Thursday,2025-02-14,2025-02-13,False,False,0.0,0.237161,0.229633
AMD,2025-02-14,Friday,2025-02-15,2025-02-14,False,False,0.0,0.229633,0.227762
AMD,2025-02-15,Saturday,2025-02-18,2025-02-17,True,False,0.0,0.227762,0.230669
AMD,2025-02-18,Tuesday,2025-02-19,2025-02-18,False,False,0.0,0.230669,0.230522
AMD,2025-02-19,Wednesday,2025-02-20,2025-02-19,False,False,0.0,0.230522,0.228512
AMD,2025-02-20,Thursday,2025-02-21,2025-02-20,False,False,0.0,0.228512,0.22390100000000002
AMD,2025-02-21,Friday,2025-02-22,2025-02-21,False,False,0.0,0.22390100000000002,0.223543
AMD,2025-02-22,Saturday,2025-02-25,2025-02-24,True,False,0.0,0.223543,0.223931
AMD,2025-02-25,Tuesday,2025-02-26,2025-02-25,False,False,0.0,0.223931,0.220129
AMD,2025-02-26,Wednesday,2025-02-27,2025-02-26,False,False,0.0,0.220129,0.218363
AMD,2025-02-27,Thursday,2025-02-28,2025-02-27,False,True,1.0,0.218363,0.222999
AMD,2025-02-28,Friday,2025-03-01,2025-02-28,False,False,1.0,0.222999,0.22437200000000002
AMD,2025-03-01,Saturday,2025-03-04,2025-03-03,True,False,1.0,0.22437200000000002,0.2267
AMD,2025-03-04,Tuesday,2025-03-05,2025-03-04,False,False,0.0,0.2267,0.22658999999999999
AMD,2025-03-05,Wednesday,2025-03-06,2025-03-05,False,False,0.0,0.22658999999999999,0.227714
AMD,2025-03-06,Thursday,2025-03-07,2025-03-06,False,False,0.0,0.227714,0.22700700000000001
AMD,2025-03-07,Friday,2025-03-08,2025-03-07,False,False,0.0,0.22700700000000001,0.225901
AMD,2025-03-08,Saturday,2025-03-11,2025-03-10,True,False,0.0,0.225901,0.223918
AMD,2025-03-11,Tuesday,2025-03-12,2025-03-11,False,False,0.0,0.223918,0.219691
AMD,2025-03-12,Wednesday,2025-03-13,2025-03-12,False,False,0.0,0.219691,0.22017299999999998
AMD,2025-03-13,Thursday,2025-03-14,2025-03-13,False,False,0.0,0.22017299999999998,0.22055
AMD,2025-03-14,Friday,2025-03-15,2025-03-14,False,False,0.0,0.22055,0.218434
AMD,2025-03-15,Saturday,2025-03-18,2025-03-17,True,False,0.0,0.218434,0.21488
AMD,2025-03-18,Tuesday,2025-03-19,2025-03-18,False,False,0.0,0.21488,0.208146
AMD,2025-03-19,Wednesday,2025-03-20,2025-03-19,False,True,1.0,0.208146,0.21158100000000002
AMD,2025-03-20,Thursday,2025-03-21,2025-03-20,False,True,1.0,0.21158100000000002,0.215152
AMD,2025-03-21,Friday,2025-03-22,2025-03-21,False,False,0.0,0.215152,0.215621
AMD,2025-03-22,Saturday,2025-03-25,2025-03-24,True,False,0.0,0.215621,0.214056
AMD,2025-03-25,Tuesday,2025-03-26,2025-03-25,False,False,0.0,0.214056,0.21488800000000002
AMD,2025-03-26,Wednesday,2025-03-27,2025-03-26,False,False,0.0,0.21488800000000002,0.214922
AMD,2025-03-27,Thursday,2025-03-28,2025-03-27,False,False,0.0,0.214922,0.213968
AMD,2025-03-28,Friday,2025-03-29,2025-03-28,False,False,0.0,0.213968,0.213696
AMD,2025-03-29,Saturday,2025-04-01,2025-03-31,True,True,1.0,0.213696,0.21834199999999998
AMD,2025-04-01,Tuesday,2025-04-02,2025-04-01,False,False,0.0,0.21834199999999998,0.217005
AMD,2025-04-02,Wednesday,2025-04-03,2025-04-02,False,False,0.0,0.217005,0.216158
AMD,2025-04-03,Thursday,2025-04-04,2025-04-03,False,False,0.0,0.216158,0.215637
AMD,2025-04-04,Friday,2025-04-05,2025-04-04,False,False,0.0,0.215637,0.215422
AMD,2025-04-05,Saturday,2025-04-08,2025-04-07,True,True,0.0,0.215422,0.220354
AMD,2025-04-08,Tuesday,2025-04-09,2025-04-08,False,False,0.0,0.220354,0.218573
AMD,2025-04-09,Wednesday,2025-04-10,2025-04-09,False,False,0.0,0.218573,0.219747
AMD,2025-04-10,Thursday,2025-04-11,2025-04-10,False,False,0.0,0.219747,0.21738700000000002
AMD,2025-04-11,Friday,2025-04-12,2025-04-11,False,False,0.0,0.21738700000000002,0.214806
AMD,2025-04-12,Saturday,2025-04-15,2025-04-14,True,False,0.0,0.214806,0.211724
AMD,2025-04-15,Tuesday,2025-04-16,2025-04-15,False,False,0.0,0.211724,0.21065899999999999
AMD,2025-04-16,Wednesday,2025-04-17,2025-04-16,False,False,0.0,0.21065899999999999,0.21108000000000002
AMD,2025-04-17,Thursday,2025-04-18,2025-04-17,False,False,0.0,0.21108000000000002,0.209802
AMD,2025-04-18,Friday,2025-04-19,2025-04-18,False,False,0.0,0.209802,0.207565
AMD,2025-04-19,Saturday,2025-04-22,2025-04-21,True,False,0.0,0.207565,0.206806
AMD,2025-04-22,Tuesday,2025-04-23,2025-04-22,False,False,1.0,0.206806,0.20880700000000002
AMD,2025-04-23,Wednesday,2025-04-24,2025-04-23,False,True,1.0,0.20880700000000002,0.211428
AMD,2025-04-24,Thursday,2025-04-25,2025-04-24,False,False,0.0,0.211428,0.21269100000000002
AMD,2025-04-25,Friday,2025-04-26,2025-04-25,False,False,0.0,0.21269100000000002,0.211756
AMD,2025-04-26,Saturday,2025-04-29,2025-04-28,True,False,0.0,0.211756,0.211952
AMD,2025-04-29,Tuesday,2025-04-30,2025-04-29,False,False,0.0,0.211952,0.20942799999999998
AMD,2025-04-30,Wednesday,2025-05-01,2025-04-30,False,False,0.0,0.20942799999999998,0.208989
AMD,2025-05-01,Thursday,2025-05-06,2025-05-05,True,False,0.0,0.208989,0.21032599999999999
AMD,2025-05-06,Tuesday,2025-05-07,2025-05-06,False,False,0.0,0.21032599999999999,0.20788900000000002
AMD,2025-05-07,Wednesday,2025-05-08,2025-05-07,False,False,0.0,0.20788900000000002,0.20772
AMD,2025-05-08,Thursday,2025-05-13,2025-05-12,True,False,0.0,0.20772,0.208014
AMD,2025-05-13,Tuesday,2025-05-14,2025-05-13,False,False,0.0,0.208014,0.20756
AMD,2025-05-14,Wednesday,2025-05-15,2025-05-14,False,False,0.0,0.20756,0.206767
AMD,2025-05-15,Thursday,2025-05-16,2025-05-15,False,False,1.0,0.206767,0.20756
AMD,2025-05-16,Friday,2025-05-17,2025-05-16,False,True,0.0,0.20756,0.209067
AMD,2025-05-17,Saturday,2025-05-20,2025-05-19,True,False,0.0,0.209067,0.208218
AMD,2025-05-20,Tuesday,2025-05-21,2025-05-20,False,False,0.0,0.208218,0.208634
AMD,2025-05-21,Wednesday,2025-05-22,2025-05-21,False,False,0.0,0.208634,0.207118
AMD,2025-05-22,Thursday,2025-05-23,2025-05-22,False,False,0.0,0.207118,0.207407
AMD,2025-05-23,Friday,2025-05-24,2025-05-23,False,False,0.0,0.207407,0.20770499999999997
AMD,2025-05-24,Saturday,2025-05-27,2025-05-26,True,False,0.0,0.20770499999999997,0.207369
AMD,2025-05-27,Tuesday,2025-05-28,2025-05-27,False,False,0.0,0.207369,0.20714300000000002
AMD,2025-05-28,Wednesday,2025-05-29,2025-05-28,False,False,0.0,0.20714300000000002,0.20710699999999999
AMD,2025-05-29,Thursday,2025-05-30,2025-05-29,False,False,0.0,0.20710699999999999,0.20433900000000002
AMD,2025-05-30,Friday,2025-05-31,2025-05-30,False,False,1.0,0.20433900000000002,0.20476400000000003
AMD,2025-05-31,Saturday,2025-06-03,2025-06-02,True,True,0.0,0.20476400000000003,0.20609100000000002
AMD,2025-06-03,Tuesday,2025-06-04,2025-06-03,False,False,0.0,0.20609100000000002,0.205426
AMD,2025-06-04,Wednesday,2025-06-05,2025-06-04,False,False,0.0,0.205426,0.204561
AMD,2025-06-05,Thursday,2025-06-06,2025-06-05,False,True,1.0,0.204561,0.206383
AMD,2025-06-06,Friday,2025-06-07,2025-06-06,False,False,0.0,0.206383,0.206463
AMD,2025-06-07,Saturday,2025-06-10,2025-06-09,True,False,0.0,0.206463,0.206615
AMD,2025-06-10,Tuesday,2025-06-11,2025-06-10,False,False,0.0,0.206615,0.204934
AMD,2025-06-11,Wednesday,2025-06-12,2025-06-11,False,True,0.0,0.204934,0.20613900000000002
AMD,2025-06-12,Thursday,2025-06-17,2025-06-16,True,False,0.0,0.20613900000000002,0.204572
AMD,2025-06-17,Tuesday,2025-06-18,2025-06-17,False,False,0.0,0.204572,0.204834
AMD,2025-06-18,Wednesday,2025-06-19,2025-06-18,False,False,0.0,0.204834,0.204759
AMD,2025-06-19,Thursday,2025-06-20,2025-06-19,False,False,0.0,0.204759,0.203955
AMD,2025-06-20,Friday,2025-06-21,2025-06-20,False,False,0.0,0.203955,0.203541
AMD,2025-06-21,Saturday,2025-06-24,2025-06-23,True,False,0.0,0.203541,0.202788
AMD,2025-06-24,Tuesday,2025-06-25,2025-06-24,False,False,1.0,0.202788,0.203281
AMD,2025-06-25,Wednesday,2025-06-26,2025-06-25,False,False,0.0,0.203281,0.20295300000000002
AMD,2025-06-26,Thursday,2025-06-27,2025-06-26,False,False,1.0,0.20295300000000002,0.20319500000000001
AMD,2025-06-27,Friday,2025-06-28,2025-06-27,False,True,1.0,0.20319500000000001,0.204175
AMD,2025-06-28,Saturday,2025-07-01,2025-06-30,True,False,0.0,0.204175,0.20425100000000002
AMD,2025-07-01,Tuesday,2025-07-02,2025-07-01,False,False,0.0,0.20425100000000002,0.20351400000000003
AMD,2025-07-02,Wednesday,2025-07-03,2025-07-02,False,True,0.0,0.20351400000000003,0.20455600000000002
AMD,2025-07-03,Thursday,2025-07-04,2025-07-03,False,False,0.0,0.20455600000000002,0.20491900000000002
AMD,2025-07-04,Friday,2025-07-05,2025-07-04,False,False,0.0,0.20491900000000002,0.205162
AMD,2025-07-05,Saturday,2025-07-08,2025-07-07,True,False,0.0,0.205162,0.204937
AMD,2025-07-08,Tuesday,2025-07-09,2025-07-08,False,False,0.0,0.204937,0.203462
AMD,2025-07-09,Wednesday,2025-07-10,2025-07-09,False,False,0.0,0.203462,0.20367000000000002
AMD,2025-07-10,Thursday,2025-07-11,2025-07-10,False,False,0.0,0.20367000000000002,0.20301
AMD,2025-07-11,Friday,2025-07-12,2025-07-11,False,False,0.0,0.20301,0.20287400000000003
AMD,2025-07-12,Saturday,2025-07-15,2025-07-14,True,True,1.0,0.20287400000000003,0.20402
AMD,2025-07-15,Tuesday,2025-07-16,2025-07-15,False,False,0.0,0.20402,0.20295300000000002
AMD,2025-07-16,Wednesday,2025-07-17,2025-07-16,False,False,1.0,0.20295300000000002,0.203038
AMD,2025-07-17,Thursday,2025-07-18,2025-07-17,False,False,1.0,0.203038,0.203545
AMD,2025-07-18,Friday,2025-07-19,2025-07-18,False,False,0.0,0.203545,0.20381799999999997
AMD,2025-07-19,Saturday,2025-07-22,2025-07-21,True,False,0.0,0.20381799999999997,0.204068
AMD,2025-07-22,Tuesday,2025-07-23,2025-07-22,False,False,0.0,0.204068,0.203371
AMD,2025-07-23,Wednesday,2025-07-24,2025-07-23,False,True,1.0,0.203371,0.204344
AMD,2025-07-24,Thursday,2025-07-25,2025-07-24,False,True,1.0,0.204344,0.20550999999999997
AMD,2025-07-25,Friday,2025-07-26,2025-07-25,False,True,1.0,0.20550999999999997,0.207201
AMD,2025-07-26,Saturday,2025-07-29,2025-07-28,True,False,1.0,0.207201,0.20735900000000002
AMD,2025-07-29,Tuesday,2025-07-30,2025-07-29,False,True,1.0,0.20735900000000002,0.214203
AMD,2025-07-30,Wednesday,2025-07-31,2025-07-30,False,False,0.0,0.214203,0.2132
AMD,2025-07-31,Thursday,2025-08-01,2025-07-31,False,False,0.0,0.2132,0.209255
AMD,2025-08-01,Friday,2025-08-02,2025-08-01,False,False,0.0,0.209255,0.209435
AMD,2025-08-02,Saturday,2025-08-05,2025-08-04,True,False,0.0,0.209435,0.207721
AMD,2025-08-05,Tuesday,2025-08-06,2025-08-05,False,False,0.0,0.207721,0.208445
AMD,2025-08-06,Wednesday,2025-08-07,2025-08-06,False,False,0.0,0.208445,0.209006
AMD,2025-08-07,Thursday,2025-08-08,2025-08-07,False,False,0.0,0.209006,0.20692
AMD,2025-08-08,Friday,2025-08-09,2025-08-08,False,False,1.0,0.20692,0.20798100000000003
AMD,2025-08-09,Saturday,2025-08-12,2025-08-11,True,False,0.0,0.20798100000000003,0.20769500000000002
AMD,2025-08-12,Tuesday,2025-08-13,2025-08-12,False,False,0.0,0.20769500000000002,0.20810099999999998
AMD,2025-08-13,Wednesday,2025-08-14,2025-08-13,False,False,0.0,0.20810099999999998,0.20753799999999997
AMD,2025-08-14,Thursday,2025-08-15,2025-08-14,False,False,1.0,0.20753799999999997,0.20799299999999998
AMD,2025-08-15,Friday,2025-08-16,2025-08-15,False,False,1.0,0.20799299999999998,0.208881
AMD,2025-08-16,Saturday,2025-08-19,2025-08-18,True,False,1.0,0.208881,0.20984100000000003
AMD,2025-08-19,Tuesday,2025-08-20,2025-08-19,False,False,0.0,0.20984100000000003,0.209799
AMD,2025-08-20,Wednesday,2025-08-21,2025-08-20,False,False,0.0,0.209799,0.20927600000000002
AMD,2025-08-21,Thursday,2025-08-22,2025-08-21,False,False,1.0,0.20927600000000002,0.209707
AMD,2025-08-22,Friday,2025-08-23,2025-08-22,False,False,0.0,0.209707,0.21104399999999998
AMD,2025-08-23,Saturday,2025-08-26,2025-08-25,True,False,0.0,0.21104399999999998,0.210763
AMD,2025-08-26,Tuesday,2025-08-27,2025-08-26,False,False,0.0,0.210763,0.210522
AMD,2025-08-27,Wednesday,2025-08-28,2025-08-27,False,False,0.0,0.210522,0.210444
AMD,2025-08-28,Thursday,2025-08-29,2025-08-28,False,False,0.0,0.210444,0.20965599999999998
AMD,2025-08-29,Friday,2025-08-30,2025-08-29,False,False,1.0,0.20965599999999998,0.210006
AMD,2025-08-30,Saturday,2025-09-02,2025-09-01,True,False,1.0,0.210006,0.21020399999999997
AMD,2025-09-02,Tuesday,2025-09-03,2025-09-02,False,False,1.0,0.21020399999999997,0.21060600000000002
AMD,2025-09-03,Wednesday,2025-09-04,2025-09-03,False,False,1.0,0.21060600000000002,0.21128699999999997
AMD,2025-09-04,Thursday,2025-09-05,2025-09-04,False,True,1.0,0.21128699999999997,0.212682
AMD,2025-09-05,Friday,2025-09-06,2025-09-05,False,False,1.0,0.212682,0.213067
AMD,2025-09-06,Saturday,2025-09-09,2025-09-08,True,True,1.0,0.213067,0.21526700000000001
AMD,2025-09-09,Tuesday,2025-09-10,2025-09-09,False,True,1.0,0.21526700000000001,0.217372
AMD,2025-09-10,Wednesday,2025-09-11,2025-09-10,False,True,0.0,0.217372,0.22202200000000002
AMD,2025-09-11,Thursday,2025-09-12,2025-09-11,False,False,0.0,0.22202200000000002,0.22381399999999999
AMD,2025-09-12,Friday,2025-09-13,2025-09-12,False,False,0.0,0.22381399999999999,0.22004300000000002
AMD,2025-09-13,Saturday,2025-09-16,2025-09-15,True,False,0.0,0.22004300000000002,0.21683
AMD,2025-09-16,Tuesday,2025-09-17,2025-09-16,False,False,0.0,0.21683,0.21621400000000002
AMD,2025-09-17,Wednesday,2025-09-18,2025-09-17,False,False,1.0,0.21621400000000002,0.216741
AMD,2025-09-18,Thursday,2025-09-19,2025-09-18,False,False,1.0,0.216741,0.217393
AMD,2025-09-19,Friday,2025-09-20,2025-09-19,False,False,1.0,0.217393,0.218337
AMD,2025-09-20,Saturday,2025-09-23,2025-09-22,True,False,0.0,0.218337,0.219112
AMD,2025-09-23,Tuesday,2025-09-24,2025-09-23,False,False,0.0,0.219112,0.21771100000000002
AMD,2025-09-24,Wednesday,2025-09-25,2025-09-24,False,True,0.0,0.21771100000000002,0.21945900000000002
AMD,2025-09-25,Thursday,2025-09-26,2025-09-25,False,False,0.0,0.21945900000000002,0.21802700000000003
AMD,2025-09-26,Friday,2025-09-27,2025-09-26,False,True,0.0,0.21802700000000003,0.218473
AMD,2025-09-27,Saturday,2025-09-30,2025-09-29,True,False,0.0,0.218473,0.216506
AMD,2025-09-30,Tuesday,2025-10-01,2025-09-30,False,False,0.0,0.216506,0.215958
AMD,2025-10-01,Wednesday,2025-10-02,2025-10-01,False,False,0.0,0.215958,0.21292999999999998
AMD,2025-10-02,Thursday,2025-10-03,2025-10-02,False,False,0.0,0.21292999999999998,0.211323
AMD,2025-10-03,Friday,2025-10-04,2025-10-03,False,True,1.0,0.211323,0.213964
AMD,2025-10-04,Saturday,2025-10-07,2025-10-06,True,True,0.0,0.213964,0.216948
AMD,2025-10-07,Tuesday,2025-10-08,2025-10-07,False,False,0.0,0.216948,0.214136
AMD,2025-10-08,Wednesday,2025-10-09,2025-10-08,False,False,0.0,0.214136,0.21305800000000003
AMD,2025-10-09,Thursday,2025-10-10,2025-10-09,False,False,0.0,0.21305800000000003,0.21281
AMD,2025-10-10,Friday,2025-10-11,2025-10-10,False,False,0.0,0.21281,0.21216100000000002
AMD,2025-10-11,Saturday,2025-10-14,2025-10-13,True,False,0.0,0.21216100000000002,0.21134599999999998
AMD,2025-10-14,Tuesday,2025-10-15,2025-10-14,False,False,0.0,0.21134599999999998,0.20889500000000003
AMD,2025-10-15,Wednesday,2025-10-16,2025-10-15,False,False,0.0,0.20889500000000003,0.20602299999999998
AMD,2025-10-16,Thursday,2025-10-17,2025-10-16,False,False,1.0,0.20602299999999998,0.206766
AMD,2025-10-17,Friday,2025-10-18,2025-10-17,False,True,1.0,0.206766,0.211672
AMD,2025-10-18,Saturday,2025-10-21,2025-10-20,True,False,0.0,0.211672,0.21241800000000002
AMD,2025-10-21,Tuesday,2025-10-22,2025-10-21,False,False,0.0,0.21241800000000002,0.21265699999999998
AMD,2025-10-22,Wednesday,2025-10-23,2025-10-22,False,False,0.0,0.21265699999999998,0.21347100000000002
AMD,2025-10-23,Thursday,2025-10-24,2025-10-23,False,False,0.0,0.21347100000000002,0.212446
AMD,2025-10-24,Friday,2025-10-25,2025-10-24,False,False,0.0,0.212446,0.211386
AMD,2025-10-25,Saturday,2025-10-28,2025-10-27,True,False,0.0,0.211386,0.206388
AMD,2025-10-28,Tuesday,2025-10-29,2025-10-28,False,True,1.0,0.206388,0.20852
AMD,2025-10-29,Wednesday,2025-10-30,2025-10-29,False,False,0.0,0.20852,0.207703
AMD,2025-10-30,Thursday,2025-10-31,2025-10-30,False,True,1.0,0.207703,0.210346
AMD,2025-10-31,Friday,2025-11-01,2025-10-31,False,False,1.0,0.210346,0.211618
AMD,2025-11-01,Saturday,2025-11-02,2025-11-01,False,False,0.0,0.211618,0.21138400000000002
AMD,2025-11-02,Sunday,2025-11-06,2025-11-05,True,False,1.0,0.21138400000000002,0.21221900000000002
AMD,2025-11-06,Thursday,2025-11-07,2025-11-06,False,False,0.0,0.21221900000000002,0.21276
AMD,2025-11-07,Friday,2025-11-08,2025-11-07,False,False,0.0,0.21276,0.212333
AMD,2025-11-08,Saturday,2025-11-11,2025-11-10,True,False,0.0,0.212333,0.211738
AMD,2025-11-11,Tuesday,2025-11-12,2025-11-11,False,False,0.0,0.211738,0.21268499999999999
AMD,2025-11-12,Wednesday,2025-11-13,2025-11-12,False,False,0.0,0.21268499999999999,0.212738
AMD,2025-11-13,Thursday,2025-11-14,2025-11-13,False,False,0.0,0.212738,0.210843
AMD,2025-11-14,Friday,2025-11-15,2025-11-14,False,True,1.0,0.210843,0.21230899999999997
AMD,2025-11-15,Saturday,2025-11-18,2025-11-17,True,False,0.0,0.21230899999999997,0.212539
AMD,2025-11-18,Tuesday,2025-11-19,2025-11-18,False,False,0.0,0.212539,0.21218
AMD,2025-11-19,Wednesday,2025-11-20,2025-11-19,False,False,0.0,0.21218,0.21219200000000002
AMD,2025-11-20,Thursday,2025-11-21,2025-11-20,False,False,0.0,0.21219200000000002,0.211313
AMD,2025-11-21,Friday,2025-11-22,2025-11-21,False,False,0.0,0.211313,0.20708200000000002
AMD,2025-11-22,Saturday,2025-11-25,2025-11-24,True,False,0.0,0.20708200000000002,0.206814
AMD,2025-11-25,Tuesday,2025-11-26,2025-11-25,False,False,0.0,0.206814,0.20708
AMD,2025-11-26,Wednesday,2025-11-27,2025-11-26,False,False,0.0,0.20708,0.206219
AMD,2025-11-27,Thursday,2025-11-28,2025-11-27,False,False,0.0,0.206219,0.20534400000000003
AMD,2025-11-28,Friday,2025-11-29,2025-11-28,False,False,0.0,0.20534400000000003,0.205092
AMD,2025-11-29,Saturday,2025-12-02,2025-12-01,True,False,0.0,0.205092,0.203842
AMD,2025-12-02,Tuesday,2025-12-03,2025-12-02,False,False,0.0,0.203842,0.203187
AMD,2025-12-03,Wednesday,2025-12-04,2025-12-03,False,True,0.0,0.203187,0.204501
AMD,2025-12-04,Thursday,2025-12-05,2025-12-04,False,False,0.0,0.204501,0.20194900000000002
AMD,2025-12-05,Friday,2025-12-06,2025-12-05,False,False,0.0,0.20194900000000002,0.19945900000000003
AMD,2025-12-06,Saturday,2025-12-09,2025-12-08,True,True,1.0,0.19945900000000003,0.202525
AMD,2025-12-09,Tuesday,2025-12-10,2025-12-09,False,False,0.0,0.202525,0.201248
AMD,2025-12-10,Wednesday,2025-12-11,2025-12-10,False,True,1.0,0.201248,0.204022
AMD,2025-12-11,Thursday,2025-12-12,2025-12-11,False,True,1.0,0.204022,0.20778300000000002
AMD,2025-12-12,Friday,2025-12-13,2025-12-12,False,False,1.0,0.20778300000000002,0.208842
AMD,2025-12-13,Saturday,2025-12-16,2025-12-15,True,False,0.0,0.208842,0.208146
AMD,2025-12-16,Tuesday,2025-12-17,2025-12-16,False,False,0.0,0.208146,0.208063
AMD,2025-12-17,Wednesday,2025-12-18,2025-12-17,False,True,0.0,0.208063,0.21065799999999998
AMD,2025-12-18,Thursday,2025-12-19,2025-12-18,False,False,0.0,0.21065799999999998,0.209777
AMD,2025-12-19,Friday,2025-12-20,2025-12-19,False,True,0.0,0.209777,0.211608
AMD,2025-12-20,Saturday,2025-12-23,2025-12-22,True,False,0.0,0.211608,0.20790199999999998
AMD,2025-12-23,Tuesday,2025-12-24,2025-12-23,False,False,0.0,0.20790199999999998,0.205963
AMD,2025-12-24,Wednesday,2025-12-25,2025-12-24,False,False,0.0,0.205963,0.205623
AMD,2025-12-25,Thursday,2025-12-26,2025-12-25,False,False,0.0,0.205623,0.204148
AMD,2025-12-26,Friday,2025-12-27,2025-12-26,False,False,0.0,0.204148,0.20366599999999999
AMD,2025-12-27,Saturday,2025-12-30,2025-12-29,True,False,0.0,0.20366599999999999,0.203027
AMD,2025-12-30,Tuesday,2025-12-31,2025-12-30,False,True,1.0,0.203027,0.205126
AMD,2025-12-31,Wednesday,2026-01-13,2026-01-12,True,True,0.0,0.205126,0.20672000000000001
AMD,2026-01-13,Tuesday,2026-01-14,2026-01-13,False,False,0.0,0.20672000000000001,0.20705500000000002
AMD,2026-01-14,Wednesday,2026-01-15,2026-01-14,False,False,0.0,0.20705500000000002,0.206587
AMD,2026-01-15,Thursday,2026-01-16,2026-01-15,False,False,0.0,0.206587,0.206969
AMD,2026-01-16,Friday,2026-01-17,2026-01-16,False,False,0.0,0.206969,0.20483
AMD,2026-01-17,Saturday,2026-01-20,2026-01-19,True,False,0.0,0.20483,0.205227
AMD,2026-01-20,Tuesday,2026-01-21,2026-01-20,False,False,0.0,0.205227,0.205229
AMD,2026-01-21,Wednesday,2026-01-22,2026-01-21,False,False,0.0,0.205229,0.204452
AMD,2026-01-22,Thursday,2026-01-23,2026-01-22,False,False,0.0,0.204452,0.200586
AMD,2026-01-23,Friday,2026-01-24,2026-01-23,False,False,0.0,0.200586,0.200292
AMD,2026-01-24,Saturday,2026-01-27,2026-01-26,True,False,0.0,0.200292,0.200628
AMD,2026-01-27,Tuesday,2026-01-28,2026-01-27,False,True,0.0,0.200628,0.202059
AMD,2026-01-28,Wednesday,2026-01-29,2026-01-28,False,False,0.0,0.202059,0.201304
AMD,2026-01-29,Thursday,2026-01-30,2026-01-29,False,False,0.0,0.201304,0.20054099999999997
AMD,2026-01-30,Friday,2026-01-31,2026-01-30,False,False,0.0,0.20054099999999997,0.200012
AMD,2026-01-31,Saturday,2026-02-03,2026-02-02,True,True,1.0,0.200012,0.20320900000000003
AMD,2026-02-03,Tuesday,2026-02-04,2026-02-03,False,False,0.0,0.20320900000000003,0.203419
AMD,2026-02-04,Wednesday,2026-02-05,2026-02-04,False,False,0.0,0.203419,0.203326
AMD,2026-02-05,Thursday,2026-02-06,2026-02-05,False,False,0.0,0.203326,0.202514
AMD,2026-02-06,Friday,2026-02-07,2026-02-06,False,True,1.0,0.202514,0.204008
AMD,2026-02-07,Saturday,2026-02-10,2026-02-09,True,True,1.0,0.204008,0.20544
AMD,2026-02-10,Tuesday,2026-02-11,2026-02-10,False,False,0.0,0.20544,0.204322
AMD,2026-02-11,Wednesday,2026-02-12,2026-02-11,False,True,0.0,0.204322,0.205199
AMD,2026-02-12,Thursday,2026-02-13,2026-02-12,False,False,0.0,0.205199,0.204434
AMD,2026-02-13,Friday,2026-02-14,2026-02-13,False,False,0.0,0.204434,0.20479199999999997
AMD,2026-02-14,Saturday,2026-02-17,2026-02-16,True,False,0.0,0.20479199999999997,0.202876
AMD,2026-02-17,Tuesday,2026-02-18,2026-02-17,False,False,0.0,0.202876,0.203643
AMD,2026-02-18,Wednesday,2026-02-19,2026-02-18,False,False,0.0,0.203643,0.201627
AMD,2026-02-19,Thursday,2026-02-20,2026-02-19,False,True,1.0,0.201627,0.203323
AMD,2026-02-20,Friday,2026-02-21,2026-02-20,False,False,0.0,0.203323,0.203683
AMD,2026-02-21,Saturday,2026-02-25,2026-02-24,True,False,0.0,0.203683,0.202822
AMD,2026-02-25,Wednesday,2026-02-26,2026-02-25,False,False,1.0,0.202822,0.20287500000000003
AMD,2026-02-26,Thursday,2026-02-27,2026-02-26,False,True,1.0,0.20287500000000003,0.204545
AMD,2026-02-27,Friday,2026-02-28,2026-02-27,False,False,1.0,0.204545,0.20496999999999999
AMD,2026-02-28,Saturday,2026-03-03,2026-03-02,True,False,0.0,0.20496999999999999,0.204769
AMD,2026-03-03,Tuesday,2026-03-04,2026-03-03,False,True,1.0,0.204769,0.205866
AMD,2026-03-04,Wednesday,2026-03-05,2026-03-04,False,False,1.0,0.205866,0.205899
AMD,2026-03-05,Thursday,2026-03-06,2026-03-05,False,True,1.0,0.205899,0.20707599999999998
AMD,2026-03-06,Friday,2026-03-07,2026-03-06,False,True,1.0,0.20707599999999998,0.209774
AMD,2026-03-07,Saturday,2026-03-11,2026-03-10,True,False,0.0,0.209774,0.20863099999999998
AMD,2026-03-11,Wednesday,2026-03-12,2026-03-11,False,False,1.0,0.20863099999999998,0.209579
AMD,2026-03-12,Thursday,2026-03-13,2026-03-12,False,False,0.0,0.209579,0.209483
AMD,2026-03-13,Friday,2026-03-14,2026-03-13,False,True,1.0,0.209483,0.21249500000000002
AMD,2026-03-14,Saturday,2026-03-17,2026-03-16,True,True,1.0,0.21249500000000002,0.214758
AMD,2026-03-17,Tuesday,2026-03-18,2026-03-17,False,True,1.0,0.214758,0.21700399999999997
AMD,2026-03-18,Wednesday,2026-03-19,2026-03-18,False,True,0.0,0.21700399999999997,0.220265
AMD,2026-03-19,Thursday,2026-03-20,2026-03-19,False,True,0.0,0.220265,0.22473600000000002
AMD,2026-03-20,Friday,2026-03-21,2026-03-20,False,False,0.0,0.22473600000000002,0.22251200000000002
AMD,2026-03-21,Saturday,2026-03-24,2026-03-23,True,False,0.0,0.22251200000000002,0.21696000000000001
AMD,2026-03-24,Tuesday,2026-03-25,2026-03-24,False,False,0.0,0.21696000000000001,0.214567
AMD,2026-03-25,Wednesday,2026-03-26,2026-03-25,False,False,0.0,0.214567,0.213996
AMD,2026-03-26,Thursday,2026-03-27,2026-03-26,False,True,0.0,0.213996,0.217647
AMD,2026-03-27,Friday,2026-03-28,2026-03-27,False,False,0.0,0.217647,0.21513400000000002
AMD,2026-03-28,Saturday,2026-03-31,2026-03-30,True,False,0.0,0.21513400000000002,0.21533000000000002
AMD,2026-03-31,Tuesday,2026-04-01,2026-03-31,False,False,0.0,0.21533000000000002,0.215427
AMD,2026-04-01,Wednesday,2026-04-02,2026-04-01,False,False,0.0,0.215427,0.213725
AMD,2026-04-02,Thursday,2026-04-03,2026-04-02,False,False,0.0,0.213725,0.213108
AMD,2026-04-03,Friday,2026-04-04,2026-04-03,False,False,0.0,0.213108,0.211495
AMD,2026-04-04,Saturday,2026-04-07,2026-04-06,True,False,0.0,0.211495,0.209037
AMD,2026-04-07,Tuesday,2026-04-08,2026-04-07,False,False,0.0,0.209037,0.209179
AMD,2026-04-08,Wednesday,2026-04-09,2026-04-08,False,False,0.0,0.209179,0.20807900000000001
AMD,2026-04-09,Thursday,2026-04-10,2026-04-09,False,False,0.0,0.20807900000000001,0.206979
AMD,2026-04-10,Friday,2026-04-11,2026-04-10,False,False,0.0,0.206979,0.20486100000000002
AMD,2026-04-11,Saturday,2026-04-14,2026-04-13,True,False,0.0,0.20486100000000002,0.20322700000000002
AMD,2026-04-14,Tuesday,2026-04-15,2026-04-14,False,False,0.0,0.20322700000000002,0.20217300000000002
AMD,2026-04-15,Wednesday,2026-04-16,2026-04-15,False,False,0.0,0.20217300000000002,0.200904
AMD,2026-04-16,Thursday,2026-04-17,2026-04-16,False,True,0.0,0.200904,0.203352
AMD,2026-04-17,Friday,2026-04-18,2026-04-17,False,False,0.0,0.203352,0.20345500000000002
AMD,2026-04-18,Saturday,2026-04-21,2026-04-20,True,False,0.0,0.20345500000000002,0.201789
AMD,2026-04-21,Tuesday,2026-04-22,2026-04-21,False,False,0.0,0.201789,0.200192
AMD,2026-04-22,Wednesday,2026-04-23,2026-04-22,False,False,1.0,0.200192,0.201406
AMD,2026-04-23,Thursday,2026-04-24,2026-04-23,False,False,0.0,0.201406,0.20126100000000002
AMD,2026-04-24,Friday,2026-04-25,2026-04-24,False,True,0.0,0.20126100000000002,0.203123
AMD,2026-04-25,Saturday,2026-04-28,2026-04-27,True,False,0.0,0.203123,0.20133500000000001
AMD,2026-04-28,Tuesday,2026-04-29,2026-04-28,False,False,0.0,0.20133500000000001,0.201117
AMD,2026-04-29,Wednesday,2026-04-30,2026-04-29,False,False,1.0,0.201117,0.20173100000000002
AMD,2026-04-30,Thursday,2026-05-01,2026-04-30,False,False,1.0,0.20173100000000002,0.201741
AMD,2026-05-01,Friday,2026-05-05,2026-05-04,True,False,0.0,0.201741,0.20346
AMD,2026-05-05,Tuesday,2026-05-06,2026-05-05,False,False,0.0,0.20346,0.20339300000000002
AMD,2026-05-06,Wednesday,2026-05-07,2026-05-06,False,False,0.0,0.20339300000000002,0.20331
AMD,2026-05-07,Thursday,2026-05-08,2026-05-07,False,False,0.0,0.20331,0.202071
AMD,2026-05-08,Friday,2026-05-09,2026-05-08,False,False,0.0,0.202071,0.20134
AMD,2026-05-09,Saturday,2026-05-13,2026-05-12,True,False,0.0,0.20134,0.200173
AMD,2026-05-13,Wednesday,2026-05-14,2026-05-13,False,False,0.0,0.200173,0.19895800000000002
AMD,2026-05-14,Thursday,2026-05-15,2026-05-14,False,False,0.0,0.19895800000000002,0.198326
AMD,2026-05-15,Friday,2026-05-16,2026-05-15,False,False,0.0,0.198326,0.19859200000000002
AMD,2026-05-16,Saturday,2026-05-19,2026-05-18,True,False,0.0,0.19859200000000002,0.196581
AMD,2026-05-19,Tuesday,2026-05-20,2026-05-19,False,False,0.0,0.196581,0.19361899999999999
AMD,2026-05-20,Wednesday,2026-05-21,2026-05-20,False,False,0.0,0.19361899999999999,0.19286899999999998
AMD,2026-05-21,Thursday,2026-05-22,2026-05-21,False,False,0.0,0.19286899999999998,0.192438
AMD,2026-05-22,Friday,2026-05-23,2026-05-22,False,False,1.0,0.192438,0.193518
AMD,2026-05-23,Saturday,2026-05-26,2026-05-25,True,False,0.0,0.193518,0.19441299999999997
AMD,2026-05-26,Tuesday,2026-05-27,2026-05-26,False,False,0.0,0.19441299999999997,0.194888
AMD,2026-05-27,Wednesday,2026-05-28,2026-05-27,False,False,0.0,0.194888,0.19264
AMD,2026-05-28,Thursday,2026-05-29,2026-05-28,False,True,1.0,0.19264,0.193918
AMD,2026-05-29,Friday,2026-05-30,2026-05-29,False,False,0.0,0.193918,0.192901
AMD,2026-05-30,Saturday,2026-06-02,2026-06-01,True,False,1.0,0.192901,0.194253
AMD,2026-06-02,Tuesday,2026-06-03,2026-06-02,False,True,1.0,0.194253,0.19689
AMD,2026-06-03,Wednesday,2026-06-04,2026-06-03,False,False,0.0,0.19689,0.199022
AMD,2026-06-04,Thursday,2026-06-05,2026-06-04,False,False,0.0,0.199022,0.201567
AMD,2026-06-05,Friday,2026-06-06,2026-06-05,False,False,0.0,0.201567,0.19935099999999997
AMD,2026-06-06,Saturday,2026-06-09,2026-06-08,True,False,0.0,0.19935099999999997,0.19880199999999998
AMD,2026-06-09,Tuesday,2026-06-10,2026-06-09,False,False,0.0,0.19880199999999998,0.194685
AMD,2026-06-10,Wednesday,2026-06-11,2026-06-10,False,False,1.0,0.194685,0.194846
AMD,2026-06-11,Thursday,2026-06-12,2026-06-11,False,False,1.0,0.194846,0.19517900000000002
AMD,2026-06-12,Friday,2026-06-16,2026-06-15,True,False,1.0,0.19517900000000002,0.196846
AMD,2026-06-16,Tuesday,2026-06-17,2026-06-16,False,False,0.0,0.196846,0.19591799999999998
AMD,2026-06-17,Wednesday,2026-06-18,2026-06-17,False,True,1.0,0.19591799999999998,0.197652
AMD,2026-06-18,Thursday,2026-06-19,2026-06-18,False,False,1.0,0.197652,0.19924299999999998
AMD,2026-06-19,Friday,2026-06-20,2026-06-19,False,False,1.0,0.19924299999999998,0.199481
AMD,2026-06-20,Saturday,2026-06-23,2026-06-22,True,False,1.0,0.199481,0.20041
AMD,2026-06-23,Tuesday,2026-06-24,2026-06-23,False,True,1.0,0.20041,0.202728
AMD,2026-06-24,Wednesday,2026-06-25,2026-06-24,False,False,1.0,0.202728,0.20322800000000002
AMD,2026-06-25,Thursday,2026-06-26,2026-06-25,False,True,1.0,0.20322800000000002,0.20538399999999998
AMD,2026-06-26,Friday,2026-06-27,2026-06-26,False,True,1.0,0.20538399999999998,0.20933700000000002
AMD,2026-06-27,Saturday,2026-06-30,2026-06-29,True,True,1.0,0.20933700000000002,0.211253
AMD,2026-06-30,Tuesday,2026-07-01,2026-06-30,False,True,0.0,0.211253,0.21275300000000003
AMD,2026-07-01,Wednesday,2026-07-02,2026-07-01,False,False,0.0,0.21275300000000003,0.212648
AMD,2026-07-02,Thursday,2026-07-03,2026-07-02,False,False,0.0,0.212648,0.211649
AMD,2026-07-03,Friday,2026-07-04,2026-07-03,False,False,0.0,0.211649,0.209974
AMD,2026-07-04,Saturday,2026-07-07,2026-07-06,True,True,0.0,0.209974,0.212179
AMD,2026-07-07,Tuesday,2026-07-08,2026-07-07,False,False,0.0,0.212179,0.207162
AMD,2026-07-08,Wednesday,2026-07-09,2026-07-08,False,False,0.0,0.207162,0.208017
AMD,2026-07-09,Thursday,2026-07-10,2026-07-09,False,False,0.0,0.208017,0.206826
AMD,2026-07-10,Friday,2026-07-11,2026-07-10,False,True,1.0,0.206826,0.20867999999999998
AMD,2026-07-11,Saturday,2026-07-14,2026-07-13,True,False,1.0,0.20867999999999998,0.20895399999999997
AMD,2026-07-14,Tuesday,2026-07-15,2026-07-14,False,True,1.0,0.20895399999999997,0.21129699999999998
AMD,2026-07-15,Wednesday,2026-07-16,2026-07-15,False,False,1.0,0.21129699999999998,0.212272
AMD,2026-07-16,Thursday,2026-07-17,2026-07-16,False,False,1.0,0.212272,0.213651
AMD,2026-07-17,Friday,2026-07-18,2026-07-17,False,False,1.0,0.213651,0.21370799999999998
AMD,2026-07-18,Saturday,2026-07-21,2026-07-20,True,False,0.0,0.21370799999999998,0.21401900000000001
AMD,2026-07-21,Tuesday,2026-07-22,2026-07-21,False,False,0.0,0.21401900000000001,0.21422999999999998
AMD,2026-07-22,Wednesday,2026-07-23,2026-07-22,False,False,0.0,0.21422999999999998,0.21389399999999997
AMD,2026-07-23,Thursday,2026-07-24,2026-07-23,False,False,0.0,0.21389399999999997,0.21425
AMD,2026-07-24,Friday,2026-07-25,2026-07-24,False,False,0.0,0.21425,0.213275
AMD,2026-07-25,Saturday,2026-07-28,2026-07-27,True,False,0.0,0.213275,0.21274300000000002
AMD,2026-07-28,Tuesday,2026-07-29,2026-07-28,False,True,1.0,0.21274300000000002,0.214705
AMD,2026-07-29,Wednesday,2026-07-30,2026-07-29,False,True,1.0,0.214705,0.216704
AMD,2026-07-30,Thursday,2026-07-31,2026-07-30,False,True,1.0,0.216704,0.217814
AMD,2026-07-31,Friday,2026-08-01,2026-07-31,False,False,0.0,0.217814,0.216995
AMD,2026-08-01,Saturday,2026-08-04,2026-08-03,True,True,1.0,0.216995,0.218779
AMD,2026-08-04,Tuesday,2026-08-05,2026-08-04,False,True,1.0,0.218779,0.221054
AMD,2026-08-05,Wednesday,2026-08-06,2026-08-05,False,False,0.0,0.221054,0.221034
AMD,2026-08-06,Thursday,2026-08-07,2026-08-06,False,True,1.0,0.221034,0.222274
AMD,2026-08-07,Friday,2026-08-08,2026-08-07,False,True,1.0,0.222274,0.22439399999999998
AMD,2026-08-08,Saturday,2026-08-11,2026-08-10,True,True,1.0,0.22439399999999998,0.225773
AMD,2026-08-11,Tuesday,2026-08-12,2026-08-11,False,False,0.0,0.225773,0.22502300000000003
AMD,2026-08-12,Wednesday,2026-08-13,2026-08-12,False,True,1.0,0.22502300000000003,0.226825
AMD,2026-08-13,Thursday,2026-08-14,2026-08-13,False,True,1.0,0.226825,0.22906500000000002
AMD,2026-08-14,Friday,2026-08-15,2026-08-14,False,True,0.0,0.22906500000000002,0.231111
AMD,2026-08-15,Saturday,2026-08-18,2026-08-17,True,True,0.0,0.231111,0.232595
AMD,2026-08-18,Tuesday,2026-08-19,2026-08-18,False,False,0.0,0.232595,0.23316800000000001
AMD,2026-08-19,Wednesday,2026-08-20,2026-08-19,False,False,0.0,0.23316800000000001,0.23325700000000002
AMD,2026-08-20,Thursday,2026-08-21,2026-08-20,False,False,0.0,0.23325700000000002,0.228207
AMD,2026-08-21,Friday,2026-08-22,2026-08-21,False,False,0.0,0.228207,0.227082
AMD,2026-08-22,Saturday,2026-08-25,2026-08-24,True,True,1.0,0.227082,0.22794799999999998
AMD,2026-08-25,Tuesday,2026-08-26,2026-08-25,False,True,1.0,0.22794799999999998,0.231661
AMD,2026-08-26,Wednesday,2026-08-27,2026-08-26,False,False,0.0,0.231661,0.231188
KZT,2024-01-10,Wednesday,2024-01-11,2024-01-10,False,False,0.0,0.19939099999999998,0.197255
KZT,2024-01-11,Thursday,2024-01-12,2024-01-11,False,False,0.0,0.197255,0.19583899999999999
KZT,2024-01-12,Friday,2024-01-13,2024-01-12,False,False,0.0,0.19583899999999999,0.19450099999999998
KZT,2024-01-13,Saturday,2024-01-16,2024-01-15,True,False,0.0,0.19450099999999998,0.19426400000000002
KZT,2024-01-16,Tuesday,2024-01-17,2024-01-16,False,False,0.0,0.19426400000000002,0.194177
KZT,2024-01-17,Wednesday,2024-01-18,2024-01-17,False,True,1.0,0.194177,0.195798
KZT,2024-01-18,Thursday,2024-01-19,2024-01-18,False,False,0.0,0.195798,0.19574100000000003
KZT,2024-01-19,Friday,2024-01-20,2024-01-19,False,False,0.0,0.19574100000000003,0.196081
KZT,2024-01-20,Saturday,2024-01-23,2024-01-22,True,False,0.0,0.196081,0.19547699999999998
KZT,2024-01-23,Tuesday,2024-01-24,2024-01-23,False,False,1.0,0.19547699999999998,0.195983
KZT,2024-01-24,Wednesday,2024-01-25,2024-01-24,False,True,1.0,0.195983,0.19793
KZT,2024-01-25,Thursday,2024-01-26,2024-01-25,False,True,1.0,0.19793,0.19903500000000002
KZT,2024-01-26,Friday,2024-01-27,2024-01-26,False,True,0.0,0.19903500000000002,0.200695
KZT,2024-01-27,Saturday,2024-01-30,2024-01-29,True,False,0.0,0.200695,0.199246
KZT,2024-01-30,Tuesday,2024-01-31,2024-01-30,False,False,0.0,0.199246,0.198428
KZT,2024-01-31,Wednesday,2024-02-01,2024-01-31,False,True,1.0,0.198428,0.200075
KZT,2024-02-01,Thursday,2024-02-02,2024-02-01,False,True,1.0,0.200075,0.201523
KZT,2024-02-02,Friday,2024-02-03,2024-02-02,False,False,0.0,0.201523,0.20163399999999998
KZT,2024-02-03,Saturday,2024-02-06,2024-02-05,True,False,0.0,0.20163399999999998,0.202206
KZT,2024-02-06,Tuesday,2024-02-07,2024-02-06,False,False,0.0,0.202206,0.20011500000000002
KZT,2024-02-07,Wednesday,2024-02-08,2024-02-07,False,False,1.0,0.20011500000000002,0.20051300000000002
KZT,2024-02-08,Thursday,2024-02-09,2024-02-08,False,True,1.0,0.20051300000000002,0.20183199999999998
KZT,2024-02-09,Friday,2024-02-10,2024-02-09,False,False,0.0,0.20183199999999998,0.201826
KZT,2024-02-10,Saturday,2024-02-13,2024-02-12,True,True,1.0,0.201826,0.203703
KZT,2024-02-13,Tuesday,2024-02-14,2024-02-13,False,False,1.0,0.203703,0.204167
KZT,2024-02-14,Wednesday,2024-02-15,2024-02-14,False,False,0.0,0.204167,0.20409300000000002
KZT,2024-02-15,Thursday,2024-02-16,2024-02-15,False,True,0.0,0.20409300000000002,0.20534400000000003
KZT,2024-02-16,Friday,2024-02-17,2024-02-16,False,True,0.0,0.20534400000000003,0.206555
KZT,2024-02-17,Saturday,2024-02-20,2024-02-19,True,False,0.0,0.206555,0.20596
KZT,2024-02-20,Tuesday,2024-02-21,2024-02-20,False,False,0.0,0.20596,0.205156
KZT,2024-02-21,Wednesday,2024-02-22,2024-02-21,False,False,0.0,0.205156,0.204086
KZT,2024-02-22,Thursday,2024-02-23,2024-02-22,False,True,0.0,0.204086,0.20575
KZT,2024-02-23,Friday,2024-02-27,2024-02-26,True,False,0.0,0.20575,0.20590399999999998
KZT,2024-02-27,Tuesday,2024-02-28,2024-02-27,False,False,0.0,0.20590399999999998,0.204557
KZT,2024-02-28,Wednesday,2024-02-29,2024-02-28,False,False,0.0,0.204557,0.204659
KZT,2024-02-29,Thursday,2024-03-01,2024-02-29,False,False,0.0,0.204659,0.201286
KZT,2024-03-01,Friday,2024-03-02,2024-03-01,False,True,0.0,0.201286,0.20268899999999998
KZT,2024-03-02,Saturday,2024-03-05,2024-03-04,True,False,0.0,0.20268899999999998,0.202544
KZT,2024-03-05,Tuesday,2024-03-06,2024-03-05,False,False,0.0,0.202544,0.201082
KZT,2024-03-06,Wednesday,2024-03-07,2024-03-06,False,False,0.0,0.201082,0.20052199999999998
KZT,2024-03-07,Thursday,2024-03-08,2024-03-07,False,True,1.0,0.20052199999999998,0.20278300000000002
KZT,2024-03-08,Friday,2024-03-12,2024-03-11,True,False,0.0,0.20278300000000002,0.20260899999999998
KZT,2024-03-12,Tuesday,2024-03-13,2024-03-12,False,False,0.0,0.20260899999999998,0.20245000000000002
KZT,2024-03-13,Wednesday,2024-03-14,2024-03-13,False,True,1.0,0.20245000000000002,0.20375
KZT,2024-03-14,Thursday,2024-03-15,2024-03-14,False,False,0.0,0.20375,0.203685
KZT,2024-03-15,Friday,2024-03-16,2024-03-15,False,False,1.0,0.203685,0.20453700000000002
KZT,2024-03-16,Saturday,2024-03-19,2024-03-18,True,False,0.0,0.20453700000000002,0.20505400000000001
KZT,2024-03-19,Tuesday,2024-03-20,2024-03-19,False,False,0.0,0.20505400000000001,0.205262
KZT,2024-03-20,Wednesday,2024-03-21,2024-03-20,False,False,0.0,0.205262,0.205476
KZT,2024-03-21,Thursday,2024-03-22,2024-03-21,False,False,0.0,0.205476,0.20375800000000002
KZT,2024-03-22,Friday,2024-03-23,2024-03-22,False,True,1.0,0.20375800000000002,0.20522500000000002
KZT,2024-03-23,Saturday,2024-03-26,2024-03-25,True,False,0.0,0.20522500000000002,0.20558900000000002
KZT,2024-03-26,Tuesday,2024-03-27,2024-03-26,False,False,0.0,0.20558900000000002,0.205142
KZT,2024-03-27,Wednesday,2024-03-28,2024-03-27,False,False,1.0,0.205142,0.20572800000000002
KZT,2024-03-28,Thursday,2024-03-29,2024-03-28,False,False,0.0,0.20572800000000002,0.20521999999999999
KZT,2024-03-29,Friday,2024-03-30,2024-03-29,False,True,1.0,0.20521999999999999,0.20610499999999998
KZT,2024-03-30,Saturday,2024-04-02,2024-04-01,True,False,1.0,0.20610499999999998,0.20657
KZT,2024-04-02,Tuesday,2024-04-03,2024-04-02,False,False,0.0,0.20657,0.207196
KZT,2024-04-03,Wednesday,2024-04-04,2024-04-03,False,False,0.0,0.207196,0.20644200000000001
KZT,2024-04-04,Thursday,2024-04-05,2024-04-04,False,False,1.0,0.20644200000000001,0.206542
KZT,2024-04-05,Friday,2024-04-06,2024-04-05,False,False,1.0,0.206542,0.206982
KZT,2024-04-06,Saturday,2024-04-09,2024-04-08,True,False,1.0,0.206982,0.207218
KZT,2024-04-09,Tuesday,2024-04-10,2024-04-09,False,False,1.0,0.207218,0.207975
KZT,2024-04-10,Wednesday,2024-04-11,2024-04-10,False,True,1.0,0.207975,0.208947
KZT,2024-04-11,Thursday,2024-04-12,2024-04-11,False,False,0.0,0.208947,0.209593
KZT,2024-04-12,Friday,2024-04-13,2024-04-12,False,False,0.0,0.209593,0.208385
KZT,2024-04-13,Saturday,2024-04-16,2024-04-15,True,False,1.0,0.208385,0.20895600000000003
KZT,2024-04-16,Tuesday,2024-04-17,2024-04-16,False,False,0.0,0.20895600000000003,0.209725
KZT,2024-04-17,Wednesday,2024-04-18,2024-04-17,False,False,0.0,0.209725,0.21016500000000002
KZT,2024-04-18,Thursday,2024-04-19,2024-04-18,False,False,0.0,0.21016500000000002,0.209611
KZT,2024-04-19,Friday,2024-04-20,2024-04-19,False,False,0.0,0.209611,0.208853
KZT,2024-04-20,Saturday,2024-04-23,2024-04-22,True,False,0.0,0.208853,0.208856
KZT,2024-04-23,Tuesday,2024-04-24,2024-04-23,False,False,0.0,0.208856,0.209334
KZT,2024-04-24,Wednesday,2024-04-25,2024-04-24,False,False,0.0,0.209334,0.20819600000000002
KZT,2024-04-25,Thursday,2024-04-26,2024-04-25,False,False,0.0,0.20819600000000002,0.207573
KZT,2024-04-26,Friday,2024-04-27,2024-04-26,False,False,0.0,0.207573,0.20713499999999999
KZT,2024-04-27,Saturday,2024-04-28,2024-04-27,False,False,0.0,0.20713499999999999,0.207013
KZT,2024-04-28,Sunday,2024-05-03,2024-05-02,True,True,0.0,0.207013,0.208243
KZT,2024-05-03,Friday,2024-05-04,2024-05-03,False,False,0.0,0.208243,0.20680700000000002
KZT,2024-05-04,Saturday,2024-05-07,2024-05-06,True,False,0.0,0.20680700000000002,0.20674800000000002
KZT,2024-05-07,Tuesday,2024-05-08,2024-05-07,False,False,1.0,0.20674800000000002,0.207367
KZT,2024-05-08,Wednesday,2024-05-09,2024-05-08,False,True,0.0,0.207367,0.208961
KZT,2024-05-09,Thursday,2024-05-14,2024-05-13,True,False,0.0,0.208961,0.20854099999999998
KZT,2024-05-14,Tuesday,2024-05-15,2024-05-14,False,False,0.0,0.20854099999999998,0.207201
KZT,2024-05-15,Wednesday,2024-05-16,2024-05-15,False,False,0.0,0.207201,0.20698
KZT,2024-05-16,Thursday,2024-05-17,2024-05-16,False,False,0.0,0.20698,0.205985
KZT,2024-05-17,Friday,2024-05-18,2024-05-17,False,False,0.0,0.205985,0.206049
KZT,2024-05-18,Saturday,2024-05-21,2024-05-20,True,False,0.0,0.206049,0.204433
KZT,2024-05-21,Tuesday,2024-05-22,2024-05-21,False,False,0.0,0.204433,0.203751
KZT,2024-05-22,Wednesday,2024-05-23,2024-05-22,False,False,0.0,0.203751,0.20413900000000001
KZT,2024-05-23,Thursday,2024-05-24,2024-05-23,False,False,0.0,0.20413900000000001,0.20427900000000002
KZT,2024-05-24,Friday,2024-05-25,2024-05-24,False,False,0.0,0.20427900000000002,0.202475
KZT,2024-05-25,Saturday,2024-05-28,2024-05-27,True,False,0.0,0.202475,0.20012
KZT,2024-05-28,Tuesday,2024-05-29,2024-05-28,False,False,0.0,0.20012,0.19970500000000002
KZT,2024-05-29,Wednesday,2024-05-30,2024-05-29,False,True,0.0,0.19970500000000002,0.202131
KZT,2024-05-30,Thursday,2024-05-31,2024-05-30,False,False,0.0,0.202131,0.20274799999999998
KZT,2024-05-31,Friday,2024-06-01,2024-05-31,False,False,0.0,0.20274799999999998,0.202773
KZT,2024-06-01,Saturday,2024-06-04,2024-06-03,True,False,0.0,0.202773,0.199833
KZT,2024-06-04,Tuesday,2024-06-05,2024-06-04,False,False,0.0,0.199833,0.19852699999999998
KZT,2024-06-05,Wednesday,2024-06-06,2024-06-05,False,False,0.0,0.19852699999999998,0.19808399999999998
KZT,2024-06-06,Thursday,2024-06-07,2024-06-06,False,False,0.0,0.19808399999999998,0.19784300000000002
KZT,2024-06-07,Friday,2024-06-08,2024-06-07,False,False,0.0,0.19784300000000002,0.198618
KZT,2024-06-08,Saturday,2024-06-11,2024-06-10,True,False,0.0,0.198618,0.19892800000000002
KZT,2024-06-11,Tuesday,2024-06-12,2024-06-11,False,False,0.0,0.19892800000000002,0.198655
KZT,2024-06-12,Wednesday,2024-06-14,2024-06-13,True,False,0.0,0.198655,0.19524999999999998
KZT,2024-06-14,Friday,2024-06-15,2024-06-14,False,True,0.0,0.19524999999999998,0.197319
KZT,2024-06-15,Saturday,2024-06-18,2024-06-17,True,False,0.0,0.197319,0.197542
KZT,2024-06-18,Tuesday,2024-06-19,2024-06-18,False,False,0.0,0.197542,0.192165
KZT,2024-06-19,Wednesday,2024-06-20,2024-06-19,False,False,0.0,0.192165,0.180419
KZT,2024-06-20,Thursday,2024-06-21,2024-06-20,False,True,1.0,0.180419,0.185791
KZT,2024-06-21,Friday,2024-06-22,2024-06-21,False,True,0.0,0.185791,0.191383
KZT,2024-06-22,Saturday,2024-06-25,2024-06-24,True,False,0.0,0.191383,0.188012
KZT,2024-06-25,Tuesday,2024-06-26,2024-06-25,False,False,0.0,0.188012,0.18758
KZT,2024-06-26,Wednesday,2024-06-27,2024-06-26,False,False,0.0,0.18758,0.18790600000000002
KZT,2024-06-27,Thursday,2024-06-28,2024-06-27,False,False,0.0,0.18790600000000002,0.183203
KZT,2024-06-28,Friday,2024-06-29,2024-06-28,False,False,1.0,0.183203,0.18419799999999997
KZT,2024-06-29,Saturday,2024-07-02,2024-07-01,True,False,1.0,0.18419799999999997,0.185164
KZT,2024-07-02,Tuesday,2024-07-03,2024-07-02,False,False,0.0,0.185164,0.185176
KZT,2024-07-03,Wednesday,2024-07-04,2024-07-03,False,False,0.0,0.185176,0.18640299999999999
KZT,2024-07-04,Thursday,2024-07-05,2024-07-04,False,False,0.0,0.18640299999999999,0.18647099999999997
KZT,2024-07-05,Friday,2024-07-06,2024-07-05,False,False,0.0,0.18647099999999997,0.185395
KZT,2024-07-06,Saturday,2024-07-09,2024-07-08,True,False,0.0,0.185395,0.18512399999999998
KZT,2024-07-09,Tuesday,2024-07-10,2024-07-09,False,False,0.0,0.18512399999999998,0.184776
KZT,2024-07-10,Wednesday,2024-07-11,2024-07-10,False,False,0.0,0.184776,0.182738
KZT,2024-07-11,Thursday,2024-07-12,2024-07-11,False,False,1.0,0.182738,0.183891
KZT,2024-07-12,Friday,2024-07-13,2024-07-12,False,False,1.0,0.183891,0.18501
KZT,2024-07-13,Saturday,2024-07-16,2024-07-15,True,False,0.0,0.18501,0.184847
KZT,2024-07-16,Tuesday,2024-07-17,2024-07-16,False,True,0.0,0.184847,0.186845
KZT,2024-07-17,Wednesday,2024-07-18,2024-07-17,False,False,0.0,0.186845,0.185595
KZT,2024-07-18,Thursday,2024-07-19,2024-07-18,False,False,0.0,0.185595,0.18506699999999998
KZT,2024-07-19,Friday,2024-07-20,2024-07-19,False,False,0.0,0.18506699999999998,0.184518
KZT,2024-07-20,Saturday,2024-07-23,2024-07-22,True,False,0.0,0.184518,0.183419
KZT,2024-07-23,Tuesday,2024-07-24,2024-07-23,False,True,0.0,0.183419,0.184506
KZT,2024-07-24,Wednesday,2024-07-25,2024-07-24,False,False,0.0,0.184506,0.183129
KZT,2024-07-25,Thursday,2024-07-26,2024-07-25,False,False,0.0,0.183129,0.18015599999999998
KZT,2024-07-26,Friday,2024-07-27,2024-07-26,False,False,1.0,0.18015599999999998,0.18024300000000001
KZT,2024-07-27,Saturday,2024-07-30,2024-07-29,True,True,1.0,0.18024300000000001,0.182287
KZT,2024-07-30,Tuesday,2024-07-31,2024-07-30,False,False,0.0,0.182287,0.182404
KZT,2024-07-31,Wednesday,2024-08-01,2024-07-31,False,False,0.0,0.182404,0.181141
KZT,2024-08-01,Thursday,2024-08-02,2024-08-01,False,False,0.0,0.181141,0.180997
KZT,2024-08-02,Friday,2024-08-03,2024-08-02,False,False,0.0,0.180997,0.180536
KZT,2024-08-03,Saturday,2024-08-06,2024-08-05,True,False,0.0,0.180536,0.178998
KZT,2024-08-06,Tuesday,2024-08-07,2024-08-06,False,False,0.0,0.178998,0.178486
KZT,2024-08-07,Wednesday,2024-08-08,2024-08-07,False,True,1.0,0.178486,0.179296
KZT,2024-08-08,Thursday,2024-08-09,2024-08-08,False,True,1.0,0.179296,0.181998
KZT,2024-08-09,Friday,2024-08-10,2024-08-09,False,True,1.0,0.181998,0.18441500000000002
KZT,2024-08-10,Saturday,2024-08-13,2024-08-12,True,True,1.0,0.18441500000000002,0.188553
KZT,2024-08-13,Tuesday,2024-08-14,2024-08-13,False,True,0.0,0.188553,0.193431
KZT,2024-08-14,Wednesday,2024-08-15,2024-08-14,False,False,0.0,0.193431,0.18773
KZT,2024-08-15,Thursday,2024-08-16,2024-08-15,False,False,0.0,0.18773,0.185057
KZT,2024-08-16,Friday,2024-08-17,2024-08-16,False,False,1.0,0.185057,0.185775
KZT,2024-08-17,Saturday,2024-08-20,2024-08-19,True,True,1.0,0.185775,0.186972
KZT,2024-08-20,Tuesday,2024-08-21,2024-08-20,False,True,1.0,0.186972,0.18944400000000003
KZT,2024-08-21,Wednesday,2024-08-22,2024-08-21,False,True,0.0,0.18944400000000003,0.192291
KZT,2024-08-22,Thursday,2024-08-23,2024-08-22,False,False,0.0,0.192291,0.19190300000000002
KZT,2024-08-23,Friday,2024-08-24,2024-08-23,False,False,0.0,0.19190300000000002,0.191202
KZT,2024-08-24,Saturday,2024-08-27,2024-08-26,True,False,0.0,0.191202,0.190096
KZT,2024-08-27,Tuesday,2024-08-28,2024-08-27,False,False,0.0,0.190096,0.189146
KZT,2024-08-28,Wednesday,2024-08-29,2024-08-28,False,True,0.0,0.189146,0.190276
KZT,2024-08-29,Thursday,2024-08-30,2024-08-29,False,False,0.0,0.190276,0.190048
KZT,2024-08-30,Friday,2024-08-31,2024-08-30,False,False,0.0,0.190048,0.18933
KZT,2024-08-31,Saturday,2024-09-03,2024-09-02,True,False,0.0,0.18933,0.186868
KZT,2024-09-03,Tuesday,2024-09-04,2024-09-03,False,False,0.0,0.186868,0.18364
KZT,2024-09-04,Wednesday,2024-09-05,2024-09-04,False,False,1.0,0.18364,0.18421700000000002
KZT,2024-09-05,Thursday,2024-09-06,2024-09-05,False,True,1.0,0.18421700000000002,0.185504
KZT,2024-09-06,Friday,2024-09-07,2024-09-06,False,False,1.0,0.185504,0.185991
KZT,2024-09-07,Saturday,2024-09-10,2024-09-09,True,True,1.0,0.185991,0.188087
KZT,2024-09-10,Tuesday,2024-09-11,2024-09-10,False,True,1.0,0.188087,0.190258
KZT,2024-09-11,Wednesday,2024-09-12,2024-09-11,False,False,0.0,0.190258,0.19115200000000002
KZT,2024-09-12,Thursday,2024-09-13,2024-09-12,False,False,0.0,0.19115200000000002,0.190758
KZT,2024-09-13,Friday,2024-09-14,2024-09-13,False,False,0.0,0.190758,0.19058599999999998
KZT,2024-09-14,Saturday,2024-09-17,2024-09-16,True,False,0.0,0.19058599999999998,0.190125
KZT,2024-09-17,Tuesday,2024-09-18,2024-09-17,False,False,1.0,0.190125,0.190236
KZT,2024-09-18,Wednesday,2024-09-19,2024-09-18,False,False,1.0,0.190236,0.190731
KZT,2024-09-19,Thursday,2024-09-20,2024-09-19,False,True,1.0,0.190731,0.193536
KZT,2024-09-20,Friday,2024-09-21,2024-09-20,False,False,0.0,0.193536,0.19331600000000002
KZT,2024-09-21,Saturday,2024-09-24,2024-09-23,True,True,0.0,0.19331600000000002,0.193967
KZT,2024-09-24,Tuesday,2024-09-25,2024-09-24,False,False,0.0,0.193967,0.193262
KZT,2024-09-25,Wednesday,2024-09-26,2024-09-25,False,False,0.0,0.193262,0.192591
KZT,2024-09-26,Thursday,2024-09-27,2024-09-26,False,True,1.0,0.192591,0.193256
KZT,2024-09-27,Friday,2024-09-28,2024-09-27,False,True,1.0,0.193256,0.193741
KZT,2024-09-28,Saturday,2024-10-01,2024-09-30,True,True,1.0,0.193741,0.194525
KZT,2024-10-01,Tuesday,2024-10-02,2024-10-01,False,False,0.0,0.194525,0.194015
KZT,2024-10-02,Wednesday,2024-10-03,2024-10-02,False,True,1.0,0.194015,0.19684100000000002
KZT,2024-10-03,Thursday,2024-10-04,2024-10-03,False,False,0.0,0.19684100000000002,0.196648
KZT,2024-10-04,Friday,2024-10-05,2024-10-04,False,False,0.0,0.196648,0.196475
KZT,2024-10-05,Saturday,2024-10-08,2024-10-07,True,True,0.0,0.196475,0.19937100000000002
KZT,2024-10-08,Tuesday,2024-10-09,2024-10-08,False,False,0.0,0.19937100000000002,0.19841799999999998
KZT,2024-10-09,Wednesday,2024-10-10,2024-10-09,False,False,0.0,0.19841799999999998,0.19930199999999998
KZT,2024-10-10,Thursday,2024-10-11,2024-10-10,False,False,0.0,0.19930199999999998,0.198829
KZT,2024-10-11,Friday,2024-10-12,2024-10-11,False,False,0.0,0.198829,0.19572299999999998
KZT,2024-10-12,Saturday,2024-10-15,2024-10-14,True,True,1.0,0.19572299999999998,0.197185
KZT,2024-10-15,Tuesday,2024-10-16,2024-10-15,False,True,1.0,0.197185,0.20039300000000002
KZT,2024-10-16,Wednesday,2024-10-17,2024-10-16,False,False,0.0,0.20039300000000002,0.199534
KZT,2024-10-17,Thursday,2024-10-18,2024-10-17,False,False,0.0,0.199534,0.198697
KZT,2024-10-18,Friday,2024-10-19,2024-10-18,False,False,0.0,0.198697,0.197884
KZT,2024-10-19,Saturday,2024-10-22,2024-10-21,True,False,1.0,0.197884,0.19811199999999998
KZT,2024-10-22,Tuesday,2024-10-23,2024-10-22,False,True,1.0,0.19811199999999998,0.20053100000000001
KZT,2024-10-23,Wednesday,2024-10-24,2024-10-23,False,False,0.0,0.20053100000000001,0.19958700000000001
KZT,2024-10-24,Thursday,2024-10-25,2024-10-24,False,False,0.0,0.19958700000000001,0.198788
KZT,2024-10-25,Friday,2024-10-26,2024-10-25,False,False,0.0,0.198788,0.199266
KZT,2024-10-26,Saturday,2024-10-29,2024-10-28,True,True,0.0,0.199266,0.200429
KZT,2024-10-29,Tuesday,2024-10-30,2024-10-29,False,False,0.0,0.200429,0.199516
KZT,2024-10-30,Wednesday,2024-10-31,2024-10-30,False,False,0.0,0.199516,0.19738299999999998
KZT,2024-10-31,Thursday,2024-11-01,2024-10-31,False,False,1.0,0.19738299999999998,0.19863399999999998
KZT,2024-11-01,Friday,2024-11-02,2024-11-01,False,False,1.0,0.19863399999999998,0.19956600000000002
KZT,2024-11-02,Saturday,2024-11-03,2024-11-02,False,False,0.0,0.19956600000000002,0.199852
KZT,2024-11-03,Sunday,2024-11-06,2024-11-05,True,False,0.0,0.199852,0.200376
KZT,2024-11-06,Wednesday,2024-11-07,2024-11-06,False,False,0.0,0.200376,0.200903
KZT,2024-11-07,Thursday,2024-11-08,2024-11-07,False,False,0.0,0.200903,0.199278
KZT,2024-11-08,Friday,2024-11-09,2024-11-08,False,False,0.0,0.199278,0.19876000000000002
KZT,2024-11-09,Saturday,2024-11-12,2024-11-11,True,False,0.0,0.19876000000000002,0.19921299999999997
KZT,2024-11-12,Tuesday,2024-11-13,2024-11-12,False,False,0.0,0.19921299999999997,0.198835
KZT,2024-11-13,Wednesday,2024-11-14,2024-11-13,False,False,0.0,0.198835,0.198739
KZT,2024-11-14,Thursday,2024-11-15,2024-11-14,False,True,1.0,0.198739,0.201187
KZT,2024-11-15,Friday,2024-11-16,2024-11-15,False,True,0.0,0.201187,0.202485
KZT,2024-11-16,Saturday,2024-11-19,2024-11-18,True,False,0.0,0.202485,0.201518
KZT,2024-11-19,Tuesday,2024-11-20,2024-11-19,False,False,0.0,0.201518,0.20091699999999998
KZT,2024-11-20,Wednesday,2024-11-21,2024-11-20,False,False,1.0,0.20091699999999998,0.201543
KZT,2024-11-21,Thursday,2024-11-22,2024-11-21,False,True,1.0,0.201543,0.203311
KZT,2024-11-22,Friday,2024-11-23,2024-11-22,False,True,1.0,0.203311,0.20727900000000002
KZT,2024-11-23,Saturday,2024-11-26,2024-11-25,True,False,1.0,0.20727900000000002,0.208273
KZT,2024-11-26,Tuesday,2024-11-27,2024-11-26,False,False,1.0,0.208273,0.210749
KZT,2024-11-27,Wednesday,2024-11-28,2024-11-27,False,True,0.0,0.210749,0.21664899999999998
KZT,2024-11-28,Thursday,2024-11-29,2024-11-28,False,False,0.0,0.21664899999999998,0.219371
KZT,2024-11-29,Friday,2024-11-30,2024-11-29,False,False,0.0,0.219371,0.21002099999999999
KZT,2024-11-30,Saturday,2024-12-03,2024-12-02,True,False,0.0,0.21002099999999999,0.209647
KZT,2024-12-03,Tuesday,2024-12-04,2024-12-03,False,False,0.0,0.209647,0.202424
KZT,2024-12-04,Wednesday,2024-12-05,2024-12-04,False,False,0.0,0.202424,0.199239
KZT,2024-12-05,Thursday,2024-12-06,2024-12-05,False,False,0.0,0.199239,0.197455
KZT,2024-12-06,Friday,2024-12-07,2024-12-06,False,False,0.0,0.197455,0.189501
KZT,2024-12-07,Saturday,2024-12-10,2024-12-09,True,False,1.0,0.189501,0.193094
KZT,2024-12-10,Tuesday,2024-12-11,2024-12-10,False,True,1.0,0.193094,0.196111
KZT,2024-12-11,Wednesday,2024-12-12,2024-12-11,False,True,1.0,0.196111,0.20326899999999998
KZT,2024-12-12,Thursday,2024-12-13,2024-12-12,False,False,0.0,0.20326899999999998,0.20109100000000002
KZT,2024-12-13,Friday,2024-12-14,2024-12-13,False,False,0.0,0.20109100000000002,0.19779800000000003
KZT,2024-12-14,Saturday,2024-12-17,2024-12-16,True,False,0.0,0.19779800000000003,0.196965
KZT,2024-12-17,Tuesday,2024-12-18,2024-12-17,False,False,0.0,0.196965,0.197129
KZT,2024-12-18,Wednesday,2024-12-19,2024-12-18,False,False,0.0,0.197129,0.19589099999999998
KZT,2024-12-19,Thursday,2024-12-20,2024-12-19,False,False,0.0,0.19589099999999998,0.19788499999999998
KZT,2024-12-20,Friday,2024-12-21,2024-12-20,False,False,0.0,0.19788499999999998,0.195305
KZT,2024-12-21,Saturday,2024-12-24,2024-12-23,True,False,0.0,0.195305,0.193972
KZT,2024-12-24,Tuesday,2024-12-25,2024-12-24,False,False,0.0,0.193972,0.190699
KZT,2024-12-25,Wednesday,2024-12-26,2024-12-25,False,False,1.0,0.190699,0.193089
KZT,2024-12-26,Thursday,2024-12-27,2024-12-26,False,False,0.0,0.193089,0.192705
KZT,2024-12-27,Friday,2024-12-28,2024-12-27,False,True,1.0,0.192705,0.195105
KZT,2024-12-28,Saturday,2024-12-29,2024-12-28,False,False,0.0,0.195105,0.19486
KZT,2024-12-29,Sunday,2025-01-10,2025-01-09,True,False,0.0,0.19486,0.194016
KZT,2025-01-10,Friday,2025-01-11,2025-01-10,False,False,0.0,0.194016,0.19421600000000003
KZT,2025-01-11,Saturday,2025-01-14,2025-01-13,True,False,0.0,0.19421600000000003,0.19496200000000002
KZT,2025-01-14,Tuesday,2025-01-15,2025-01-14,False,False,0.0,0.19496200000000002,0.195713
KZT,2025-01-15,Wednesday,2025-01-16,2025-01-15,False,False,0.0,0.195713,0.193889
KZT,2025-01-16,Thursday,2025-01-17,2025-01-16,False,False,0.0,0.193889,0.193272
KZT,2025-01-17,Friday,2025-01-18,2025-01-17,False,False,0.0,0.193272,0.19336099999999998
KZT,2025-01-18,Saturday,2025-01-21,2025-01-20,True,False,0.0,0.19336099999999998,0.19233
KZT,2025-01-21,Tuesday,2025-01-22,2025-01-21,False,False,0.0,0.19233,0.18854700000000002
KZT,2025-01-22,Wednesday,2025-01-23,2025-01-22,False,False,0.0,0.18854700000000002,0.18628499999999998
KZT,2025-01-23,Thursday,2025-01-24,2025-01-23,False,True,1.0,0.18628499999999998,0.19024000000000002
KZT,2025-01-24,Friday,2025-01-25,2025-01-24,False,False,0.0,0.19024000000000002,0.188093
KZT,2025-01-25,Saturday,2025-01-28,2025-01-27,True,False,0.0,0.188093,0.18757100000000002
KZT,2025-01-28,Tuesday,2025-01-29,2025-01-28,False,True,1.0,0.18757100000000002,0.189573
KZT,2025-01-29,Wednesday,2025-01-30,2025-01-29,False,False,0.0,0.189573,0.18989899999999998
KZT,2025-01-30,Thursday,2025-01-31,2025-01-30,False,False,0.0,0.18989899999999998,0.18962199999999999
KZT,2025-01-31,Friday,2025-02-01,2025-01-31,False,False,0.0,0.18962199999999999,0.188358
KZT,2025-02-01,Saturday,2025-02-04,2025-02-03,True,True,0.0,0.188358,0.192889
KZT,2025-02-04,Tuesday,2025-02-05,2025-02-04,False,False,0.0,0.192889,0.188906
KZT,2025-02-05,Wednesday,2025-02-06,2025-02-05,False,False,0.0,0.188906,0.188471
KZT,2025-02-06,Thursday,2025-02-07,2025-02-06,False,False,0.0,0.188471,0.187822
KZT,2025-02-07,Friday,2025-02-08,2025-02-07,False,False,0.0,0.187822,0.188772
KZT,2025-02-08,Saturday,2025-02-11,2025-02-10,True,False,0.0,0.188772,0.189331
KZT,2025-02-11,Tuesday,2025-02-12,2025-02-11,False,False,0.0,0.189331,0.187668
KZT,2025-02-12,Wednesday,2025-02-13,2025-02-12,False,False,0.0,0.187668,0.185709
KZT,2025-02-13,Thursday,2025-02-14,2025-02-13,False,False,0.0,0.185709,0.181587
KZT,2025-02-14,Friday,2025-02-15,2025-02-14,False,False,0.0,0.181587,0.181389
KZT,2025-02-15,Saturday,2025-02-18,2025-02-17,True,True,0.0,0.181389,0.18461200000000003
KZT,2025-02-18,Tuesday,2025-02-19,2025-02-18,False,False,0.0,0.18461200000000003,0.183137
KZT,2025-02-19,Wednesday,2025-02-20,2025-02-19,False,False,0.0,0.183137,0.18162
KZT,2025-02-20,Thursday,2025-02-21,2025-02-20,False,False,0.0,0.18162,0.175752
KZT,2025-02-21,Friday,2025-02-22,2025-02-21,False,False,0.0,0.175752,0.17642
KZT,2025-02-22,Saturday,2025-02-25,2025-02-24,True,False,0.0,0.17642,0.175546
KZT,2025-02-25,Tuesday,2025-02-26,2025-02-25,False,False,0.0,0.175546,0.172268
KZT,2025-02-26,Wednesday,2025-02-27,2025-02-26,False,False,1.0,0.172268,0.172307
KZT,2025-02-27,Thursday,2025-02-28,2025-02-27,False,True,1.0,0.172307,0.174946
KZT,2025-02-28,Friday,2025-03-01,2025-02-28,False,False,1.0,0.174946,0.175989
KZT,2025-03-01,Saturday,2025-03-04,2025-03-03,True,True,1.0,0.175989,0.178778
KZT,2025-03-04,Tuesday,2025-03-05,2025-03-04,False,False,0.0,0.178778,0.178808
KZT,2025-03-05,Wednesday,2025-03-06,2025-03-05,False,False,0.0,0.178808,0.179669
KZT,2025-03-06,Thursday,2025-03-07,2025-03-06,False,False,0.0,0.179669,0.18033100000000002
KZT,2025-03-07,Friday,2025-03-08,2025-03-07,False,False,0.0,0.18033100000000002,0.179728
KZT,2025-03-08,Saturday,2025-03-11,2025-03-10,True,False,0.0,0.179728,0.178618
KZT,2025-03-11,Tuesday,2025-03-12,2025-03-11,False,False,0.0,0.178618,0.174939
KZT,2025-03-12,Wednesday,2025-03-13,2025-03-12,False,True,0.0,0.174939,0.177308
KZT,2025-03-13,Thursday,2025-03-14,2025-03-13,False,False,0.0,0.177308,0.17708100000000002
KZT,2025-03-14,Friday,2025-03-15,2025-03-14,False,False,0.0,0.17708100000000002,0.17277
KZT,2025-03-15,Saturday,2025-03-18,2025-03-17,True,False,0.0,0.17277,0.16689299999999999
KZT,2025-03-18,Tuesday,2025-03-19,2025-03-18,False,False,0.0,0.16689299999999999,0.16331700000000002
KZT,2025-03-19,Wednesday,2025-03-20,2025-03-19,False,True,1.0,0.16331700000000002,0.166896
KZT,2025-03-20,Thursday,2025-03-21,2025-03-20,False,False,0.0,0.166896,0.16868300000000003
KZT,2025-03-21,Friday,2025-03-22,2025-03-21,False,False,0.0,0.16868300000000003,0.168327
KZT,2025-03-22,Saturday,2025-03-25,2025-03-24,True,False,0.0,0.168327,0.16680299999999998
KZT,2025-03-25,Tuesday,2025-03-26,2025-03-25,False,False,1.0,0.16680299999999998,0.167438
KZT,2025-03-26,Wednesday,2025-03-27,2025-03-26,False,False,0.0,0.167438,0.167465
KZT,2025-03-27,Thursday,2025-03-28,2025-03-27,False,False,0.0,0.167465,0.167065
KZT,2025-03-28,Friday,2025-03-29,2025-03-28,False,False,1.0,0.167065,0.16795000000000002
KZT,2025-03-29,Saturday,2025-04-01,2025-03-31,True,True,0.0,0.16795000000000002,0.169831
KZT,2025-04-01,Tuesday,2025-04-02,2025-04-01,False,False,0.0,0.169831,0.168247
KZT,2025-04-02,Wednesday,2025-04-03,2025-04-02,False,False,0.0,0.168247,0.168046
KZT,2025-04-03,Thursday,2025-04-04,2025-04-03,False,False,0.0,0.168046,0.167743
KZT,2025-04-04,Friday,2025-04-05,2025-04-04,False,False,0.0,0.167743,0.168027
KZT,2025-04-05,Saturday,2025-04-08,2025-04-07,True,True,0.0,0.168027,0.17089500000000002
KZT,2025-04-08,Tuesday,2025-04-09,2025-04-08,False,False,0.0,0.17089500000000002,0.16489
KZT,2025-04-09,Wednesday,2025-04-10,2025-04-09,False,False,0.0,0.16489,0.166019
KZT,2025-04-10,Thursday,2025-04-11,2025-04-10,False,False,0.0,0.166019,0.163341
KZT,2025-04-11,Friday,2025-04-12,2025-04-11,False,False,0.0,0.163341,0.163058
KZT,2025-04-12,Saturday,2025-04-15,2025-04-14,True,False,0.0,0.163058,0.16073199999999999
KZT,2025-04-15,Tuesday,2025-04-16,2025-04-15,False,False,0.0,0.16073199999999999,0.158817
KZT,2025-04-16,Wednesday,2025-04-17,2025-04-16,False,False,0.0,0.158817,0.159775
KZT,2025-04-17,Thursday,2025-04-18,2025-04-17,False,False,0.0,0.159775,0.157226
KZT,2025-04-18,Friday,2025-04-19,2025-04-18,False,False,0.0,0.157226,0.155079
KZT,2025-04-19,Saturday,2025-04-22,2025-04-21,True,False,0.0,0.155079,0.154742
KZT,2025-04-22,Tuesday,2025-04-23,2025-04-22,False,False,1.0,0.154742,0.156198
KZT,2025-04-23,Wednesday,2025-04-24,2025-04-23,False,True,1.0,0.156198,0.15898199999999998
KZT,2025-04-24,Thursday,2025-04-25,2025-04-24,False,False,0.0,0.15898199999999998,0.159849
KZT,2025-04-25,Friday,2025-04-26,2025-04-25,False,False,0.0,0.159849,0.159825
KZT,2025-04-26,Saturday,2025-04-29,2025-04-28,True,False,0.0,0.159825,0.160276
KZT,2025-04-29,Tuesday,2025-04-30,2025-04-29,False,False,0.0,0.160276,0.158779
KZT,2025-04-30,Wednesday,2025-05-01,2025-04-30,False,False,0.0,0.158779,0.15906700000000001
KZT,2025-05-01,Thursday,2025-05-06,2025-05-05,True,False,0.0,0.15906700000000001,0.158698
KZT,2025-05-06,Tuesday,2025-05-07,2025-05-06,False,False,0.0,0.158698,0.156142
KZT,2025-05-07,Wednesday,2025-05-08,2025-05-07,False,False,1.0,0.156142,0.157165
KZT,2025-05-08,Thursday,2025-05-13,2025-05-12,True,False,0.0,0.157165,0.156757
KZT,2025-05-13,Tuesday,2025-05-14,2025-05-13,False,False,1.0,0.156757,0.156791
KZT,2025-05-14,Wednesday,2025-05-15,2025-05-14,False,False,1.0,0.156791,0.157283
KZT,2025-05-15,Thursday,2025-05-16,2025-05-15,False,True,0.0,0.157283,0.15865600000000002
KZT,2025-05-16,Friday,2025-05-17,2025-05-16,False,False,0.0,0.15865600000000002,0.15819
KZT,2025-05-17,Saturday,2025-05-20,2025-05-19,True,False,0.0,0.15819,0.157826
KZT,2025-05-20,Tuesday,2025-05-21,2025-05-20,False,False,0.0,0.157826,0.157225
KZT,2025-05-21,Wednesday,2025-05-22,2025-05-21,False,False,0.0,0.157225,0.155892
KZT,2025-05-22,Thursday,2025-05-23,2025-05-22,False,False,0.0,0.155892,0.156164
KZT,2025-05-23,Friday,2025-05-24,2025-05-23,False,True,0.0,0.156164,0.157199
KZT,2025-05-24,Saturday,2025-05-27,2025-05-26,True,False,0.0,0.157199,0.155937
KZT,2025-05-27,Tuesday,2025-05-28,2025-05-27,False,False,0.0,0.155937,0.155795
KZT,2025-05-28,Wednesday,2025-05-29,2025-05-28,False,False,0.0,0.155795,0.155427
KZT,2025-05-29,Thursday,2025-05-30,2025-05-29,False,False,0.0,0.155427,0.153117
KZT,2025-05-30,Friday,2025-05-31,2025-05-30,False,True,1.0,0.153117,0.154375
KZT,2025-05-31,Saturday,2025-06-03,2025-06-02,True,False,0.0,0.154375,0.154908
KZT,2025-06-03,Tuesday,2025-06-04,2025-06-03,False,False,0.0,0.154908,0.15420299999999998
KZT,2025-06-04,Wednesday,2025-06-05,2025-06-04,False,False,0.0,0.15420299999999998,0.153295
KZT,2025-06-05,Thursday,2025-06-06,2025-06-05,False,True,1.0,0.153295,0.154645
KZT,2025-06-06,Friday,2025-06-07,2025-06-06,False,False,0.0,0.154645,0.15517799999999998
KZT,2025-06-07,Saturday,2025-06-10,2025-06-09,True,False,0.0,0.15517799999999998,0.155147
KZT,2025-06-10,Tuesday,2025-06-11,2025-06-10,False,False,0.0,0.155147,0.154573
KZT,2025-06-11,Wednesday,2025-06-12,2025-06-11,False,True,0.0,0.154573,0.155389
KZT,2025-06-12,Thursday,2025-06-17,2025-06-16,True,False,0.0,0.155389,0.153357
KZT,2025-06-17,Tuesday,2025-06-18,2025-06-17,False,False,0.0,0.153357,0.153605
KZT,2025-06-18,Wednesday,2025-06-19,2025-06-18,False,False,0.0,0.153605,0.152126
KZT,2025-06-19,Thursday,2025-06-20,2025-06-19,False,False,0.0,0.152126,0.151277
KZT,2025-06-20,Friday,2025-06-21,2025-06-20,False,False,0.0,0.151277,0.151095
KZT,2025-06-21,Saturday,2025-06-24,2025-06-23,True,False,0.0,0.151095,0.150109
KZT,2025-06-24,Tuesday,2025-06-25,2025-06-24,False,False,0.0,0.150109,0.149752
KZT,2025-06-25,Wednesday,2025-06-26,2025-06-25,False,True,1.0,0.149752,0.150591
KZT,2025-06-26,Thursday,2025-06-27,2025-06-26,False,False,1.0,0.150591,0.150842
KZT,2025-06-27,Friday,2025-06-28,2025-06-27,False,True,1.0,0.150842,0.15138400000000002
KZT,2025-06-28,Saturday,2025-07-01,2025-06-30,True,False,0.0,0.15138400000000002,0.15090299999999998
KZT,2025-07-01,Tuesday,2025-07-02,2025-07-01,False,False,1.0,0.15090299999999998,0.150909
KZT,2025-07-02,Wednesday,2025-07-03,2025-07-02,False,True,0.0,0.150909,0.151464
KZT,2025-07-03,Thursday,2025-07-04,2025-07-03,False,True,0.0,0.151464,0.151982
KZT,2025-07-04,Friday,2025-07-05,2025-07-04,False,False,0.0,0.151982,0.151732
KZT,2025-07-05,Saturday,2025-07-08,2025-07-07,True,False,0.0,0.151732,0.151525
KZT,2025-07-08,Tuesday,2025-07-09,2025-07-08,False,False,0.0,0.151525,0.150465
KZT,2025-07-09,Wednesday,2025-07-10,2025-07-09,False,False,0.0,0.150465,0.150454
KZT,2025-07-10,Thursday,2025-07-11,2025-07-10,False,False,0.0,0.150454,0.150111
KZT,2025-07-11,Friday,2025-07-12,2025-07-11,False,False,0.0,0.150111,0.150259
KZT,2025-07-12,Saturday,2025-07-15,2025-07-14,True,False,0.0,0.150259,0.150447
KZT,2025-07-15,Tuesday,2025-07-16,2025-07-15,False,False,0.0,0.150447,0.148707
KZT,2025-07-16,Wednesday,2025-07-17,2025-07-16,False,False,0.0,0.148707,0.148247
KZT,2025-07-17,Thursday,2025-07-18,2025-07-17,False,False,0.0,0.148247,0.148501
KZT,2025-07-18,Friday,2025-07-19,2025-07-18,False,False,0.0,0.148501,0.147
KZT,2025-07-19,Saturday,2025-07-22,2025-07-21,True,False,0.0,0.147,0.146788
KZT,2025-07-22,Tuesday,2025-07-23,2025-07-22,False,True,0.0,0.146788,0.147492
KZT,2025-07-23,Wednesday,2025-07-24,2025-07-23,False,False,0.0,0.147492,0.147469
KZT,2025-07-24,Thursday,2025-07-25,2025-07-24,False,False,0.0,0.147469,0.14641
KZT,2025-07-25,Friday,2025-07-26,2025-07-25,False,False,0.0,0.14641,0.146795
KZT,2025-07-26,Saturday,2025-07-29,2025-07-28,True,False,0.0,0.146795,0.14605
KZT,2025-07-29,Tuesday,2025-07-30,2025-07-29,False,True,1.0,0.14605,0.151851
KZT,2025-07-30,Wednesday,2025-07-31,2025-07-30,False,False,0.0,0.151851,0.150978
KZT,2025-07-31,Thursday,2025-08-01,2025-07-31,False,False,0.0,0.150978,0.147003
KZT,2025-08-01,Friday,2025-08-02,2025-08-01,False,True,0.0,0.147003,0.148543
KZT,2025-08-02,Saturday,2025-08-05,2025-08-04,True,False,0.0,0.148543,0.146664
KZT,2025-08-05,Tuesday,2025-08-06,2025-08-05,False,True,1.0,0.146664,0.147741
KZT,2025-08-06,Wednesday,2025-08-07,2025-08-06,False,True,0.0,0.147741,0.149185
KZT,2025-08-07,Thursday,2025-08-08,2025-08-07,False,False,0.0,0.149185,0.14794600000000002
KZT,2025-08-08,Friday,2025-08-09,2025-08-08,False,False,0.0,0.14794600000000002,0.14791
KZT,2025-08-09,Saturday,2025-08-12,2025-08-11,True,False,0.0,0.14791,0.147672
KZT,2025-08-12,Tuesday,2025-08-13,2025-08-12,False,False,0.0,0.147672,0.147185
KZT,2025-08-13,Wednesday,2025-08-14,2025-08-13,False,False,0.0,0.147185,0.146791
KZT,2025-08-14,Thursday,2025-08-15,2025-08-14,False,True,1.0,0.146791,0.14827400000000002
KZT,2025-08-15,Friday,2025-08-16,2025-08-15,False,False,1.0,0.14827400000000002,0.148732
KZT,2025-08-16,Saturday,2025-08-19,2025-08-18,True,False,0.0,0.148732,0.148697
KZT,2025-08-19,Tuesday,2025-08-20,2025-08-19,False,False,1.0,0.148697,0.14879
KZT,2025-08-20,Wednesday,2025-08-21,2025-08-20,False,False,0.0,0.14879,0.148736
KZT,2025-08-21,Thursday,2025-08-22,2025-08-21,False,False,1.0,0.148736,0.149081
KZT,2025-08-22,Friday,2025-08-23,2025-08-22,False,True,1.0,0.149081,0.150162
KZT,2025-08-23,Saturday,2025-08-26,2025-08-25,True,False,0.0,0.150162,0.15015499999999998
KZT,2025-08-26,Tuesday,2025-08-27,2025-08-26,False,False,0.0,0.15015499999999998,0.15023899999999998
KZT,2025-08-27,Wednesday,2025-08-28,2025-08-27,False,True,0.0,0.15023899999999998,0.150677
KZT,2025-08-28,Thursday,2025-08-29,2025-08-28,False,False,0.0,0.150677,0.149344
KZT,2025-08-29,Friday,2025-08-30,2025-08-29,False,False,0.0,0.149344,0.14938200000000001
KZT,2025-08-30,Saturday,2025-09-02,2025-09-01,True,False,0.0,0.14938200000000001,0.149341
KZT,2025-09-02,Tuesday,2025-09-03,2025-09-02,False,False,1.0,0.149341,0.149654
KZT,2025-09-03,Wednesday,2025-09-04,2025-09-03,False,False,1.0,0.149654,0.149845
KZT,2025-09-04,Thursday,2025-09-05,2025-09-04,False,True,1.0,0.149845,0.150501
KZT,2025-09-05,Friday,2025-09-06,2025-09-05,False,False,1.0,0.150501,0.151015
KZT,2025-09-06,Saturday,2025-09-09,2025-09-08,True,True,1.0,0.151015,0.153073
KZT,2025-09-09,Tuesday,2025-09-10,2025-09-09,False,True,1.0,0.153073,0.155556
KZT,2025-09-10,Wednesday,2025-09-11,2025-09-10,False,True,0.0,0.155556,0.158211
KZT,2025-09-11,Thursday,2025-09-12,2025-09-11,False,False,0.0,0.158211,0.159169
KZT,2025-09-12,Friday,2025-09-13,2025-09-12,False,False,0.0,0.159169,0.156581
KZT,2025-09-13,Saturday,2025-09-16,2025-09-15,True,False,0.0,0.156581,0.153598
KZT,2025-09-16,Tuesday,2025-09-17,2025-09-16,False,False,0.0,0.153598,0.153065
KZT,2025-09-17,Wednesday,2025-09-18,2025-09-17,False,False,1.0,0.153065,0.153832
KZT,2025-09-18,Thursday,2025-09-19,2025-09-18,False,False,0.0,0.153832,0.15373599999999998
KZT,2025-09-19,Friday,2025-09-20,2025-09-19,False,False,0.0,0.15373599999999998,0.154414
KZT,2025-09-20,Saturday,2025-09-23,2025-09-22,True,False,0.0,0.154414,0.155248
KZT,2025-09-23,Tuesday,2025-09-24,2025-09-23,False,False,0.0,0.155248,0.153594
KZT,2025-09-24,Wednesday,2025-09-25,2025-09-24,False,True,0.0,0.153594,0.15411
KZT,2025-09-25,Thursday,2025-09-26,2025-09-25,False,False,0.0,0.15411,0.154029
KZT,2025-09-26,Friday,2025-09-27,2025-09-26,False,False,0.0,0.154029,0.15435600000000002
KZT,2025-09-27,Saturday,2025-09-30,2025-09-29,True,False,0.0,0.15435600000000002,0.152257
KZT,2025-09-30,Tuesday,2025-10-01,2025-09-30,False,False,0.0,0.152257,0.150528
KZT,2025-10-01,Wednesday,2025-10-02,2025-10-01,False,False,0.0,0.150528,0.148429
KZT,2025-10-02,Thursday,2025-10-03,2025-10-02,False,False,0.0,0.148429,0.147516
KZT,2025-10-03,Friday,2025-10-04,2025-10-03,False,True,1.0,0.147516,0.149731
KZT,2025-10-04,Saturday,2025-10-07,2025-10-06,True,True,1.0,0.149731,0.151579
KZT,2025-10-07,Tuesday,2025-10-08,2025-10-07,False,False,0.0,0.151579,0.15015499999999998
KZT,2025-10-08,Wednesday,2025-10-09,2025-10-08,False,False,0.0,0.15015499999999998,0.15056
KZT,2025-10-09,Thursday,2025-10-10,2025-10-09,False,False,0.0,0.15056,0.150743
KZT,2025-10-10,Friday,2025-10-11,2025-10-10,False,False,0.0,0.150743,0.149924
KZT,2025-10-11,Saturday,2025-10-14,2025-10-13,True,False,0.0,0.149924,0.14999200000000001
KZT,2025-10-14,Tuesday,2025-10-15,2025-10-14,False,False,0.0,0.14999200000000001,0.148686
KZT,2025-10-15,Wednesday,2025-10-16,2025-10-15,False,False,0.0,0.148686,0.146369
KZT,2025-10-16,Thursday,2025-10-17,2025-10-16,False,False,1.0,0.146369,0.146571
KZT,2025-10-17,Friday,2025-10-18,2025-10-17,False,True,1.0,0.146571,0.150572
KZT,2025-10-18,Saturday,2025-10-21,2025-10-20,True,False,0.0,0.150572,0.151697
KZT,2025-10-21,Tuesday,2025-10-22,2025-10-21,False,False,0.0,0.151697,0.15117
KZT,2025-10-22,Wednesday,2025-10-23,2025-10-22,False,False,0.0,0.15117,0.151617
KZT,2025-10-23,Thursday,2025-10-24,2025-10-23,False,False,0.0,0.151617,0.150909
KZT,2025-10-24,Friday,2025-10-25,2025-10-24,False,False,0.0,0.150909,0.150474
KZT,2025-10-25,Saturday,2025-10-28,2025-10-27,True,False,0.0,0.150474,0.146776
KZT,2025-10-28,Tuesday,2025-10-29,2025-10-28,False,True,1.0,0.146776,0.148324
KZT,2025-10-29,Wednesday,2025-10-30,2025-10-29,False,False,0.0,0.148324,0.148315
KZT,2025-10-30,Thursday,2025-10-31,2025-10-30,False,True,1.0,0.148315,0.151851
KZT,2025-10-31,Friday,2025-11-01,2025-10-31,False,False,1.0,0.151851,0.152764
KZT,2025-11-01,Saturday,2025-11-02,2025-11-01,False,False,0.0,0.152764,0.15248
KZT,2025-11-02,Sunday,2025-11-06,2025-11-05,True,True,1.0,0.15248,0.155388
KZT,2025-11-06,Thursday,2025-11-07,2025-11-06,False,False,0.0,0.155388,0.155021
KZT,2025-11-07,Friday,2025-11-08,2025-11-07,False,False,0.0,0.155021,0.15419
KZT,2025-11-08,Saturday,2025-11-11,2025-11-10,True,False,0.0,0.15419,0.15401199999999998
KZT,2025-11-11,Tuesday,2025-11-12,2025-11-11,False,True,0.0,0.15401199999999998,0.155384
KZT,2025-11-12,Wednesday,2025-11-13,2025-11-12,False,False,0.0,0.155384,0.154746
KZT,2025-11-13,Thursday,2025-11-14,2025-11-13,False,False,0.0,0.154746,0.153628
KZT,2025-11-14,Friday,2025-11-15,2025-11-14,False,True,1.0,0.153628,0.154729
KZT,2025-11-15,Saturday,2025-11-18,2025-11-17,True,False,0.0,0.154729,0.155365
KZT,2025-11-18,Tuesday,2025-11-19,2025-11-18,False,False,0.0,0.155365,0.154643
KZT,2025-11-19,Wednesday,2025-11-20,2025-11-19,False,False,0.0,0.154643,0.155361
KZT,2025-11-20,Thursday,2025-11-21,2025-11-20,False,False,0.0,0.155361,0.15542999999999998
KZT,2025-11-21,Friday,2025-11-22,2025-11-21,False,False,0.0,0.15542999999999998,0.152501
KZT,2025-11-22,Saturday,2025-11-25,2025-11-24,True,False,0.0,0.152501,0.15216200000000002
KZT,2025-11-25,Tuesday,2025-11-26,2025-11-25,False,False,0.0,0.15216200000000002,0.151855
KZT,2025-11-26,Wednesday,2025-11-27,2025-11-26,False,False,0.0,0.151855,0.151609
KZT,2025-11-27,Thursday,2025-11-28,2025-11-27,False,False,0.0,0.151609,0.150864
KZT,2025-11-28,Friday,2025-11-29,2025-11-28,False,False,1.0,0.150864,0.15135300000000002
KZT,2025-11-29,Saturday,2025-12-02,2025-12-01,True,False,0.0,0.15135300000000002,0.15160600000000002
KZT,2025-12-02,Tuesday,2025-12-03,2025-12-02,False,False,0.0,0.15160600000000002,0.150868
KZT,2025-12-03,Wednesday,2025-12-04,2025-12-03,False,True,1.0,0.150868,0.153396
KZT,2025-12-04,Thursday,2025-12-05,2025-12-04,False,False,0.0,0.153396,0.152753
KZT,2025-12-05,Friday,2025-12-06,2025-12-05,False,False,0.0,0.152753,0.152294
KZT,2025-12-06,Saturday,2025-12-09,2025-12-08,True,True,0.0,0.152294,0.153171
KZT,2025-12-09,Tuesday,2025-12-10,2025-12-09,False,False,0.0,0.153171,0.151108
KZT,2025-12-10,Wednesday,2025-12-11,2025-12-10,False,False,1.0,0.151108,0.151338
KZT,2025-12-11,Thursday,2025-12-12,2025-12-11,False,True,1.0,0.151338,0.15305
KZT,2025-12-12,Friday,2025-12-13,2025-12-12,False,False,0.0,0.15305,0.15332
KZT,2025-12-13,Saturday,2025-12-16,2025-12-15,True,False,0.0,0.15332,0.152091
KZT,2025-12-16,Tuesday,2025-12-17,2025-12-16,False,False,1.0,0.152091,0.152865
KZT,2025-12-17,Wednesday,2025-12-18,2025-12-17,False,True,0.0,0.152865,0.154694
KZT,2025-12-18,Thursday,2025-12-19,2025-12-18,False,True,0.0,0.154694,0.155607
KZT,2025-12-19,Friday,2025-12-20,2025-12-19,False,True,0.0,0.155607,0.15718400000000002
KZT,2025-12-20,Saturday,2025-12-23,2025-12-22,True,False,0.0,0.15718400000000002,0.153218
KZT,2025-12-23,Tuesday,2025-12-24,2025-12-23,False,False,0.0,0.153218,0.152586
KZT,2025-12-24,Wednesday,2025-12-25,2025-12-24,False,True,0.0,0.152586,0.153743
KZT,2025-12-25,Thursday,2025-12-26,2025-12-25,False,False,0.0,0.153743,0.152416
KZT,2025-12-26,Friday,2025-12-27,2025-12-26,False,False,0.0,0.152416,0.151503
KZT,2025-12-27,Saturday,2025-12-30,2025-12-29,True,True,1.0,0.151503,0.153481
KZT,2025-12-30,Tuesday,2025-12-31,2025-12-30,False,True,1.0,0.153481,0.154978
KZT,2025-12-31,Wednesday,2026-01-13,2026-01-12,True,False,0.0,0.154978,0.154511
KZT,2026-01-13,Tuesday,2026-01-14,2026-01-13,False,False,0.0,0.154511,0.154662
KZT,2026-01-14,Wednesday,2026-01-15,2026-01-14,False,False,0.0,0.154662,0.154137
KZT,2026-01-15,Thursday,2026-01-16,2026-01-15,False,False,0.0,0.154137,0.153847
KZT,2026-01-16,Friday,2026-01-17,2026-01-16,False,False,0.0,0.153847,0.15233
KZT,2026-01-17,Saturday,2026-01-20,2026-01-19,True,False,0.0,0.15233,0.151825
KZT,2026-01-20,Tuesday,2026-01-21,2026-01-20,False,True,0.0,0.151825,0.15270799999999998
KZT,2026-01-21,Wednesday,2026-01-22,2026-01-21,False,False,0.0,0.15270799999999998,0.15287599999999998
KZT,2026-01-22,Thursday,2026-01-23,2026-01-22,False,False,0.0,0.15287599999999998,0.150066
KZT,2026-01-23,Friday,2026-01-24,2026-01-23,False,False,1.0,0.150066,0.15013500000000002
KZT,2026-01-24,Saturday,2026-01-27,2026-01-26,True,False,1.0,0.15013500000000002,0.151008
KZT,2026-01-27,Tuesday,2026-01-28,2026-01-27,False,True,0.0,0.151008,0.152558
KZT,2026-01-28,Wednesday,2026-01-29,2026-01-28,False,False,0.0,0.152558,0.151843
KZT,2026-01-29,Thursday,2026-01-30,2026-01-29,False,False,0.0,0.151843,0.150873
KZT,2026-01-30,Friday,2026-01-31,2026-01-30,False,False,0.0,0.150873,0.150511
KZT,2026-01-31,Saturday,2026-02-03,2026-02-02,True,True,1.0,0.150511,0.153731
KZT,2026-02-03,Tuesday,2026-02-04,2026-02-03,False,False,0.0,0.153731,0.152388
KZT,2026-02-04,Wednesday,2026-02-05,2026-02-04,False,False,1.0,0.152388,0.152769
KZT,2026-02-05,Thursday,2026-02-06,2026-02-05,False,True,1.0,0.152769,0.15351900000000002
KZT,2026-02-06,Friday,2026-02-07,2026-02-06,False,True,1.0,0.15351900000000002,0.155633
KZT,2026-02-07,Saturday,2026-02-10,2026-02-09,True,True,1.0,0.155633,0.15698600000000001
KZT,2026-02-10,Tuesday,2026-02-11,2026-02-10,False,False,0.0,0.15698600000000001,0.156057
KZT,2026-02-11,Wednesday,2026-02-12,2026-02-11,False,True,0.0,0.156057,0.157487
KZT,2026-02-12,Thursday,2026-02-13,2026-02-12,False,False,0.0,0.157487,0.15734
KZT,2026-02-13,Friday,2026-02-14,2026-02-13,False,False,0.0,0.15734,0.156175
KZT,2026-02-14,Saturday,2026-02-17,2026-02-16,True,False,0.0,0.156175,0.154476
KZT,2026-02-17,Tuesday,2026-02-18,2026-02-17,False,True,0.0,0.154476,0.155983
KZT,2026-02-18,Wednesday,2026-02-19,2026-02-18,False,False,0.0,0.155983,0.155416
KZT,2026-02-19,Thursday,2026-02-20,2026-02-19,False,True,0.0,0.155416,0.156633
KZT,2026-02-20,Friday,2026-02-21,2026-02-20,False,True,0.0,0.156633,0.156902
KZT,2026-02-21,Saturday,2026-02-25,2026-02-24,True,False,0.0,0.156902,0.154091
KZT,2026-02-25,Wednesday,2026-02-26,2026-02-25,False,False,0.0,0.154091,0.153905
KZT,2026-02-26,Thursday,2026-02-27,2026-02-26,False,False,0.0,0.153905,0.153856
KZT,2026-02-27,Friday,2026-02-28,2026-02-27,False,False,1.0,0.153856,0.154008
KZT,2026-02-28,Saturday,2026-03-03,2026-03-02,True,True,1.0,0.154008,0.15510400000000002
KZT,2026-03-03,Tuesday,2026-03-04,2026-03-03,False,False,0.0,0.15510400000000002,0.154416
KZT,2026-03-04,Wednesday,2026-03-05,2026-03-04,False,True,1.0,0.154416,0.156198
KZT,2026-03-05,Thursday,2026-03-06,2026-03-05,False,True,1.0,0.156198,0.156433
KZT,2026-03-06,Friday,2026-03-07,2026-03-06,False,True,1.0,0.156433,0.160431
KZT,2026-03-07,Saturday,2026-03-11,2026-03-10,True,False,0.0,0.160431,0.15944
KZT,2026-03-11,Wednesday,2026-03-12,2026-03-11,False,True,1.0,0.15944,0.16084099999999998
KZT,2026-03-12,Thursday,2026-03-13,2026-03-12,False,False,1.0,0.16084099999999998,0.161563
KZT,2026-03-13,Friday,2026-03-14,2026-03-13,False,True,1.0,0.161563,0.163166
KZT,2026-03-14,Saturday,2026-03-17,2026-03-16,True,True,1.0,0.163166,0.16497699999999998
KZT,2026-03-17,Tuesday,2026-03-18,2026-03-17,False,True,1.0,0.16497699999999998,0.16847
KZT,2026-03-18,Wednesday,2026-03-19,2026-03-18,False,True,0.0,0.16847,0.17353300000000002
KZT,2026-03-19,Thursday,2026-03-20,2026-03-19,False,False,0.0,0.17353300000000002,0.17583300000000002
KZT,2026-03-20,Friday,2026-03-21,2026-03-20,False,False,0.0,0.17583300000000002,0.174155
KZT,2026-03-21,Saturday,2026-03-24,2026-03-23,True,False,0.0,0.174155,0.16975200000000001
KZT,2026-03-24,Tuesday,2026-03-25,2026-03-24,False,False,0.0,0.16975200000000001,0.167853
KZT,2026-03-25,Wednesday,2026-03-26,2026-03-25,False,False,0.0,0.167853,0.16735299999999997
KZT,2026-03-26,Thursday,2026-03-27,2026-03-26,False,True,1.0,0.16735299999999997,0.170281
KZT,2026-03-27,Friday,2026-03-28,2026-03-27,False,False,0.0,0.170281,0.168409
KZT,2026-03-28,Saturday,2026-03-31,2026-03-30,True,False,0.0,0.168409,0.168478
KZT,2026-03-31,Tuesday,2026-04-01,2026-03-31,False,False,0.0,0.168478,0.16873000000000002
KZT,2026-04-01,Wednesday,2026-04-02,2026-04-01,False,False,0.0,0.16873000000000002,0.16839700000000002
KZT,2026-04-02,Thursday,2026-04-03,2026-04-02,False,True,0.0,0.16839700000000002,0.16909
KZT,2026-04-03,Friday,2026-04-04,2026-04-03,False,False,0.0,0.16909,0.168807
KZT,2026-04-04,Saturday,2026-04-07,2026-04-06,True,False,0.0,0.168807,0.16734200000000002
KZT,2026-04-07,Tuesday,2026-04-08,2026-04-07,False,True,0.0,0.16734200000000002,0.168871
KZT,2026-04-08,Wednesday,2026-04-09,2026-04-08,False,False,0.0,0.168871,0.17009
KZT,2026-04-09,Thursday,2026-04-10,2026-04-09,False,False,0.0,0.17009,0.16376000000000002
KZT,2026-04-10,Friday,2026-04-11,2026-04-10,False,False,0.0,0.16376000000000002,0.16041899999999998
KZT,2026-04-11,Saturday,2026-04-14,2026-04-13,True,False,0.0,0.16041899999999998,0.161158
KZT,2026-04-14,Tuesday,2026-04-15,2026-04-14,False,False,0.0,0.161158,0.159725
KZT,2026-04-15,Wednesday,2026-04-16,2026-04-15,False,False,0.0,0.159725,0.157734
KZT,2026-04-16,Thursday,2026-04-17,2026-04-16,False,True,1.0,0.157734,0.160492
KZT,2026-04-17,Friday,2026-04-18,2026-04-17,False,False,0.0,0.160492,0.161315
KZT,2026-04-18,Saturday,2026-04-21,2026-04-20,True,False,0.0,0.161315,0.160242
KZT,2026-04-21,Tuesday,2026-04-22,2026-04-21,False,False,0.0,0.160242,0.158874
KZT,2026-04-22,Wednesday,2026-04-23,2026-04-22,False,False,1.0,0.158874,0.161383
KZT,2026-04-23,Thursday,2026-04-24,2026-04-23,False,False,0.0,0.161383,0.16220099999999998
KZT,2026-04-24,Friday,2026-04-25,2026-04-24,False,False,0.0,0.16220099999999998,0.16317199999999998
KZT,2026-04-25,Saturday,2026-04-28,2026-04-27,True,False,0.0,0.16317199999999998,0.160926
KZT,2026-04-28,Tuesday,2026-04-29,2026-04-28,False,False,1.0,0.160926,0.16209800000000002
KZT,2026-04-29,Wednesday,2026-04-30,2026-04-29,False,False,0.0,0.16209800000000002,0.163777
KZT,2026-04-30,Thursday,2026-05-01,2026-04-30,False,False,0.0,0.163777,0.16206600000000002
KZT,2026-05-01,Friday,2026-05-05,2026-05-04,True,False,0.0,0.16206600000000002,0.16296600000000003
KZT,2026-05-05,Tuesday,2026-05-06,2026-05-05,False,False,0.0,0.16296600000000003,0.162196
KZT,2026-05-06,Wednesday,2026-05-07,2026-05-06,False,False,0.0,0.162196,0.16177
KZT,2026-05-07,Thursday,2026-05-08,2026-05-07,False,False,0.0,0.16177,0.161026
KZT,2026-05-08,Friday,2026-05-09,2026-05-08,False,False,0.0,0.161026,0.160325
KZT,2026-05-09,Saturday,2026-05-13,2026-05-12,True,False,0.0,0.160325,0.15997
KZT,2026-05-13,Wednesday,2026-05-14,2026-05-13,False,False,0.0,0.15997,0.15809499999999999
KZT,2026-05-14,Thursday,2026-05-15,2026-05-14,False,False,0.0,0.15809499999999999,0.156402
KZT,2026-05-15,Friday,2026-05-16,2026-05-15,False,False,0.0,0.156402,0.15426399999999998
KZT,2026-05-16,Saturday,2026-05-19,2026-05-18,True,False,0.0,0.15426399999999998,0.15388
KZT,2026-05-19,Tuesday,2026-05-20,2026-05-19,False,False,0.0,0.15388,0.152471
KZT,2026-05-20,Wednesday,2026-05-21,2026-05-20,False,False,0.0,0.152471,0.150342
KZT,2026-05-21,Thursday,2026-05-22,2026-05-21,False,False,0.0,0.150342,0.150052
KZT,2026-05-22,Friday,2026-05-23,2026-05-22,False,False,0.0,0.150052,0.151043
KZT,2026-05-23,Saturday,2026-05-26,2026-05-25,True,False,0.0,0.151043,0.151967
KZT,2026-05-26,Tuesday,2026-05-27,2026-05-26,False,False,0.0,0.151967,0.151685
KZT,2026-05-27,Wednesday,2026-05-28,2026-05-27,False,False,0.0,0.151685,0.14849
KZT,2026-05-28,Thursday,2026-05-29,2026-05-28,False,False,0.0,0.14849,0.149475
KZT,2026-05-29,Friday,2026-05-30,2026-05-29,False,False,0.0,0.149475,0.146272
KZT,2026-05-30,Saturday,2026-06-02,2026-06-01,True,False,1.0,0.146272,0.14724399999999999
KZT,2026-06-02,Tuesday,2026-06-03,2026-06-02,False,False,1.0,0.14724399999999999,0.148396
KZT,2026-06-03,Wednesday,2026-06-04,2026-06-03,False,False,0.0,0.148396,0.148725
KZT,2026-06-04,Thursday,2026-06-05,2026-06-04,False,True,0.0,0.148725,0.151837
KZT,2026-06-05,Friday,2026-06-06,2026-06-05,False,False,0.0,0.151837,0.151376
KZT,2026-06-06,Saturday,2026-06-09,2026-06-08,True,False,0.0,0.151376,0.150304
KZT,2026-06-09,Tuesday,2026-06-10,2026-06-09,False,False,0.0,0.150304,0.147968
KZT,2026-06-10,Wednesday,2026-06-11,2026-06-10,False,False,0.0,0.147968,0.146446
KZT,2026-06-11,Thursday,2026-06-12,2026-06-11,False,False,1.0,0.146446,0.147174
KZT,2026-06-12,Friday,2026-06-16,2026-06-15,True,False,0.0,0.147174,0.148062
KZT,2026-06-16,Tuesday,2026-06-17,2026-06-16,False,False,0.0,0.148062,0.146812
KZT,2026-06-17,Wednesday,2026-06-18,2026-06-17,False,True,1.0,0.146812,0.14932800000000002
KZT,2026-06-18,Thursday,2026-06-19,2026-06-18,False,False,1.0,0.14932800000000002,0.149899
KZT,2026-06-19,Friday,2026-06-20,2026-06-19,False,False,1.0,0.149899,0.15057299999999998
KZT,2026-06-20,Saturday,2026-06-23,2026-06-22,True,False,1.0,0.15057299999999998,0.151043
KZT,2026-06-23,Tuesday,2026-06-24,2026-06-23,False,True,1.0,0.151043,0.153221
KZT,2026-06-24,Wednesday,2026-06-25,2026-06-24,False,False,1.0,0.153221,0.15379500000000002
KZT,2026-06-25,Thursday,2026-06-26,2026-06-25,False,True,1.0,0.15379500000000002,0.155301
KZT,2026-06-26,Friday,2026-06-27,2026-06-26,False,True,1.0,0.155301,0.158758
KZT,2026-06-27,Saturday,2026-06-30,2026-06-29,True,False,1.0,0.158758,0.159833
KZT,2026-06-30,Tuesday,2026-07-01,2026-06-30,False,True,1.0,0.159833,0.161108
KZT,2026-07-01,Wednesday,2026-07-02,2026-07-01,False,True,1.0,0.161108,0.16280799999999998
KZT,2026-07-02,Thursday,2026-07-03,2026-07-02,False,False,0.0,0.16280799999999998,0.162603
KZT,2026-07-03,Friday,2026-07-04,2026-07-03,False,False,0.0,0.162603,0.162764
KZT,2026-07-04,Saturday,2026-07-07,2026-07-06,True,True,0.0,0.162764,0.16517900000000002
KZT,2026-07-07,Tuesday,2026-07-08,2026-07-07,False,False,0.0,0.16517900000000002,0.16127300000000003
KZT,2026-07-08,Wednesday,2026-07-09,2026-07-08,False,False,1.0,0.16127300000000003,0.16219999999999998
KZT,2026-07-09,Thursday,2026-07-10,2026-07-09,False,False,1.0,0.16219999999999998,0.162251
KZT,2026-07-10,Friday,2026-07-11,2026-07-10,False,True,1.0,0.162251,0.16402
KZT,2026-07-11,Saturday,2026-07-14,2026-07-13,True,False,0.0,0.16402,0.16488
KZT,2026-07-14,Tuesday,2026-07-15,2026-07-14,False,False,0.0,0.16488,0.162418
KZT,2026-07-15,Wednesday,2026-07-16,2026-07-15,False,True,1.0,0.162418,0.16626200000000002
KZT,2026-07-16,Thursday,2026-07-17,2026-07-16,False,False,0.0,0.16626200000000002,0.166737
KZT,2026-07-17,Friday,2026-07-18,2026-07-17,False,False,0.0,0.166737,0.165979
KZT,2026-07-18,Saturday,2026-07-21,2026-07-20,True,False,1.0,0.165979,0.16669
KZT,2026-07-21,Tuesday,2026-07-22,2026-07-21,False,False,0.0,0.16669,0.16703700000000002
KZT,2026-07-22,Wednesday,2026-07-23,2026-07-22,False,False,0.0,0.16703700000000002,0.167115
KZT,2026-07-23,Thursday,2026-07-24,2026-07-23,False,False,0.0,0.167115,0.167657
KZT,2026-07-24,Friday,2026-07-25,2026-07-24,False,False,0.0,0.167657,0.167542
KZT,2026-07-25,Saturday,2026-07-28,2026-07-27,True,False,0.0,0.167542,0.163878
KZT,2026-07-28,Tuesday,2026-07-29,2026-07-28,False,True,1.0,0.163878,0.16624
KZT,2026-07-29,Wednesday,2026-07-30,2026-07-29,False,False,1.0,0.16624,0.166454
KZT,2026-07-30,Thursday,2026-07-31,2026-07-30,False,True,1.0,0.166454,0.167356
KZT,2026-07-31,Friday,2026-08-01,2026-07-31,False,False,1.0,0.167356,0.16742200000000002
KZT,2026-08-01,Saturday,2026-08-04,2026-08-03,True,True,1.0,0.16742200000000002,0.169068
KZT,2026-08-04,Tuesday,2026-08-05,2026-08-04,False,True,1.0,0.169068,0.17066199999999998
KZT,2026-08-05,Wednesday,2026-08-06,2026-08-05,False,False,1.0,0.17066199999999998,0.17146799999999998
KZT,2026-08-06,Thursday,2026-08-07,2026-08-06,False,True,1.0,0.17146799999999998,0.173263
KZT,2026-08-07,Friday,2026-08-08,2026-08-07,False,True,1.0,0.173263,0.175765
KZT,2026-08-08,Saturday,2026-08-11,2026-08-10,True,False,1.0,0.175765,0.175784
KZT,2026-08-11,Tuesday,2026-08-12,2026-08-11,False,False,1.0,0.175784,0.176738
KZT,2026-08-12,Wednesday,2026-08-13,2026-08-12,False,True,1.0,0.176738,0.17820599999999998
KZT,2026-08-13,Thursday,2026-08-14,2026-08-13,False,True,1.0,0.17820599999999998,0.180154
KZT,2026-08-14,Friday,2026-08-15,2026-08-14,False,True,1.0,0.180154,0.181743
KZT,2026-08-15,Saturday,2026-08-18,2026-08-17,True,False,0.0,0.181743,0.183211
KZT,2026-08-18,Tuesday,2026-08-19,2026-08-18,False,False,0.0,0.183211,0.18458200000000002
KZT,2026-08-19,Wednesday,2026-08-20,2026-08-19,False,False,0.0,0.18458200000000002,0.185011
KZT,2026-08-20,Thursday,2026-08-21,2026-08-20,False,False,0.0,0.185011,0.180336
KZT,2026-08-21,Friday,2026-08-22,2026-08-21,False,False,1.0,0.180336,0.18096
KZT,2026-08-22,Saturday,2026-08-25,2026-08-24,True,True,1.0,0.18096,0.18229700000000001
KZT,2026-08-25,Tuesday,2026-08-26,2026-08-25,False,True,1.0,0.18229700000000001,0.184422
KZT,2026-08-26,Wednesday,2026-08-27,2026-08-26,False,False,0.0,0.184422,0.183829
