candidate,control,h,metric,block_dates,draws,estimate,ci_lo,ci_hi,difference,delta_lo,delta_hi
extra_ap12_pace365_p55_r70_cap2,extra_h5_r30_nogap_cap2,1,lift,20,1000,1.934691246180871,1.7725801727682227,2.1129246306495877,0.005129715254146294,-0.005545898771417834,0.01711198601280559
extra_ap12_pace365_p55_r70_cap2,extra_h5_r30_nogap_cap2,1,sym,20,1000,29.73420406629041,24.418184513635655,36.17317962480308,0.3735355433081047,-0.8586777792894627,1.4707748895205413
extra_ap12_pace365_p55_r70_cap2,extra_h5_r30_nogap_cap2,1,forward,20,1000,94.06240612181446,82.39211889687807,107.99010521406073,-2.3053032011669785,-4.73654256963552,-0.1746262254852138
extra_ap12_pace365_p55_r70_cap2,extra_h5_r30_nogap_cap2,3,lift,20,1000,2.3836187913050253,2.101963498194636,2.6978198511257685,-0.002010918740722456,-0.048552265098796066,0.040209095231670544
extra_ap12_pace365_p55_r70_cap2,extra_h5_r30_nogap_cap2,3,sym,20,1000,57.20911150572054,46.72232181315141,71.02069998241079,1.8740465589645865,-1.9572345928969543,5.834836660136708
extra_ap12_pace365_p55_r70_cap2,extra_h5_r30_nogap_cap2,3,forward,20,1000,120.934707490179,103.35815290197993,138.95100353066084,-3.316122501121839,-7.0730162281490045,-0.2942537950065647
extra_ap12_pace365_p55_r70_cap2,extra_h5_r30_nogap_cap2,5,lift,20,1000,2.4466168471986873,2.1425799081031425,2.7777491381787445,-0.02861103121090469,-0.0989877769578914,0.027911489335439032
extra_ap12_pace365_p55_r70_cap2,extra_h5_r30_nogap_cap2,5,sym,20,1000,68.7693350918824,55.54123262553665,84.25831692676877,2.1878374340581956,-2.4917905192295753,7.314983301283106
extra_ap12_pace365_p55_r70_cap2,extra_h5_r30_nogap_cap2,5,forward,20,1000,130.57007043441754,106.65064859924415,153.24009120551042,-4.104071900779047,-9.507879932925901,0.539065022607455
extra_ap12_pace365_p55_r70_cap2,extra_h5_r30_nogap_cap2,10,lift,20,1000,2.4033402471195777,2.084991101986494,2.7653469344315926,0.05285146853635325,-0.040415282246487404,0.14391419196225586
extra_ap12_pace365_p55_r70_cap2,extra_h5_r30_nogap_cap2,10,sym,20,1000,75.21208528333759,56.485564435071915,94.75468878059306,2.1268604732483993,-3.850834398527053,7.798288452137381
extra_ap12_pace365_p55_r70_cap2,extra_h5_r30_nogap_cap2,10,forward,20,1000,133.53083734270365,99.34328927042505,165.1463448827852,-4.111823341643486,-12.763093823225667,3.0416002377305316
extra_ap12_pace365_p55_r70_cap2,extra_h5_r30_nogap_cap2,20,lift,20,1000,2.480249010525178,2.0701783843129666,2.9346535023526568,0.061434958777356385,-0.0358620789701663,0.1583345568521342
extra_ap12_pace365_p55_r70_cap2,extra_h5_r30_nogap_cap2,20,sym,20,1000,85.17718996922545,53.758072859353234,115.6701037039478,3.168794323119357,-3.9158301330448264,9.652143329634393
extra_ap12_pace365_p55_r70_cap2,extra_h5_r30_nogap_cap2,20,forward,20,1000,132.13121784344892,73.03492135319873,185.20285804290603,-1.4234155668510766,-10.790555549061708,7.491048333353159
extra_ap12_pace365_p55_r70_cap2,extra_h5_r30_nogap_cap2,1,lift,50,1000,1.934691246180871,1.7378553793034954,2.13757618264173,0.005129715254146294,-0.009250325656954661,0.017583129957867708
extra_ap12_pace365_p55_r70_cap2,extra_h5_r30_nogap_cap2,1,sym,50,1000,29.73420406629041,23.88030275908599,36.579596771377645,0.3735355433081047,-0.9061299886752636,1.7348349586596319
extra_ap12_pace365_p55_r70_cap2,extra_h5_r30_nogap_cap2,1,forward,50,1000,94.06240612181446,80.09334720414978,109.67970032667601,-2.3053032011669785,-5.4830366856895925,-0.2515179921330247
extra_ap12_pace365_p55_r70_cap2,extra_h5_r30_nogap_cap2,3,lift,50,1000,2.3836187913050253,2.047788328442022,2.772427871898321,-0.002010918740722456,-0.05533194806519929,0.041600554955278354
extra_ap12_pace365_p55_r70_cap2,extra_h5_r30_nogap_cap2,3,sym,50,1000,57.20911150572054,44.92182765405399,71.34973086982882,1.8740465589645865,-1.7947298631804522,6.104568034488448
extra_ap12_pace365_p55_r70_cap2,extra_h5_r30_nogap_cap2,3,forward,50,1000,120.934707490179,102.48987634345126,138.69719331583582,-3.316122501121839,-7.96755651671941,-0.0070852349940976455
extra_ap12_pace365_p55_r70_cap2,extra_h5_r30_nogap_cap2,5,lift,50,1000,2.4466168471986873,2.0908844783266685,2.8187691551019585,-0.02861103121090469,-0.11805345386238737,0.02896107764179021
extra_ap12_pace365_p55_r70_cap2,extra_h5_r30_nogap_cap2,5,sym,50,1000,68.7693350918824,54.979495578118275,85.00632361770805,2.1878374340581956,-2.3513686259494015,7.3414438127701205
extra_ap12_pace365_p55_r70_cap2,extra_h5_r30_nogap_cap2,5,forward,50,1000,130.57007043441754,106.29204714730741,153.29595799983218,-4.104071900779047,-10.768834237428445,0.8144834726046135
extra_ap12_pace365_p55_r70_cap2,extra_h5_r30_nogap_cap2,10,lift,50,1000,2.4033402471195777,2.029035060518405,2.7973024529568264,0.05285146853635325,-0.05176741232159765,0.14977275067640677
extra_ap12_pace365_p55_r70_cap2,extra_h5_r30_nogap_cap2,10,sym,50,1000,75.21208528333759,57.4475361443955,94.81584687320888,2.1268604732483993,-3.717171418500671,8.166381885266063
extra_ap12_pace365_p55_r70_cap2,extra_h5_r30_nogap_cap2,10,forward,50,1000,133.53083734270365,95.60690930258747,170.9387878227687,-4.111823341643486,-14.215034808112842,4.020256327985758
extra_ap12_pace365_p55_r70_cap2,extra_h5_r30_nogap_cap2,20,lift,50,1000,2.480249010525178,2.069378626148079,2.970356450877163,0.061434958777356385,-0.05160567447323981,0.18018332443778134
extra_ap12_pace365_p55_r70_cap2,extra_h5_r30_nogap_cap2,20,sym,50,1000,85.17718996922545,58.7104007728499,115.94613714434688,3.168794323119357,-3.7821905766873622,10.393850353414033
extra_ap12_pace365_p55_r70_cap2,extra_h5_r30_nogap_cap2,20,forward,50,1000,132.13121784344892,58.15106150412172,204.02663584596556,-1.4234155668510766,-12.882099538979515,9.725237519189436
extra_ap12_pace365_p55_r70_cap2,extra_ap12_silence14_r80_cap2,1,lift,20,1000,1.934691246180871,1.7725801727682227,2.1129246306495877,0.0034405827081289697,-0.005092060313728991,0.013256731422405058
extra_ap12_pace365_p55_r70_cap2,extra_ap12_silence14_r80_cap2,1,sym,20,1000,29.73420406629041,24.418184513635655,36.17317962480308,0.34660165359842665,-0.8363619631286078,1.4985392290812745
extra_ap12_pace365_p55_r70_cap2,extra_ap12_silence14_r80_cap2,1,forward,20,1000,94.06240612181446,82.39211889687807,107.99010521406073,-1.5486715054716456,-3.647938926682957,0.37430336967568933
extra_ap12_pace365_p55_r70_cap2,extra_ap12_silence14_r80_cap2,3,lift,20,1000,2.3836187913050253,2.101963498194636,2.6978198511257685,-0.011758294629625077,-0.05202803916228278,0.021484799206880366
extra_ap12_pace365_p55_r70_cap2,extra_ap12_silence14_r80_cap2,3,sym,20,1000,57.20911150572054,46.72232181315141,71.02069998241079,1.5708365025640134,-1.5417650360493842,5.1152541504366225
extra_ap12_pace365_p55_r70_cap2,extra_ap12_silence14_r80_cap2,3,forward,20,1000,120.934707490179,103.35815290197993,138.95100353066084,-1.7746151383030337,-4.821641996648203,1.030765282241093
extra_ap12_pace365_p55_r70_cap2,extra_ap12_silence14_r80_cap2,5,lift,20,1000,2.4466168471986873,2.1425799081031425,2.7777491381787445,-0.033834141394689876,-0.08875617069962687,0.010644412694240317
extra_ap12_pace365_p55_r70_cap2,extra_ap12_silence14_r80_cap2,5,sym,20,1000,68.7693350918824,55.54123262553665,84.25831692676877,1.5143037662410705,-2.5421117298872447,5.810126292642872
extra_ap12_pace365_p55_r70_cap2,extra_ap12_silence14_r80_cap2,5,forward,20,1000,130.57007043441754,106.65064859924415,153.24009120551042,-2.525869928741031,-7.530111325295585,2.032710764680227
extra_ap12_pace365_p55_r70_cap2,extra_ap12_silence14_r80_cap2,10,lift,20,1000,2.4033402471195777,2.084991101986494,2.7653469344315926,0.04256497380230062,-0.03321257577781859,0.12370090131507604
extra_ap12_pace365_p55_r70_cap2,extra_ap12_silence14_r80_cap2,10,sym,20,1000,75.21208528333759,56.485564435071915,94.75468878059306,0.26511531993890003,-5.15954889780357,5.162733626781545
extra_ap12_pace365_p55_r70_cap2,extra_ap12_silence14_r80_cap2,10,forward,20,1000,133.53083734270365,99.34328927042505,165.1463448827852,-3.4341715497708947,-12.234036064627432,3.6462669981159563
extra_ap12_pace365_p55_r70_cap2,extra_ap12_silence14_r80_cap2,20,lift,20,1000,2.480249010525178,2.0701783843129666,2.9346535023526568,0.06276888659807556,-0.015961120150144593,0.15327631821471518
extra_ap12_pace365_p55_r70_cap2,extra_ap12_silence14_r80_cap2,20,sym,20,1000,85.17718996922545,53.758072859353234,115.6701037039478,0.29280693324842844,-5.917465422166544,5.942734028327081
extra_ap12_pace365_p55_r70_cap2,extra_ap12_silence14_r80_cap2,20,forward,20,1000,132.13121784344892,73.03492135319873,185.20285804290603,-3.503579766550473,-13.549190260028915,4.134128428642485
extra_ap12_pace365_p55_r70_cap2,extra_ap12_silence14_r80_cap2,1,lift,50,1000,1.934691246180871,1.7378553793034954,2.13757618264173,0.0034405827081289697,-0.006220978709654201,0.01403755973665659
extra_ap12_pace365_p55_r70_cap2,extra_ap12_silence14_r80_cap2,1,sym,50,1000,29.73420406629041,23.88030275908599,36.579596771377645,0.34660165359842665,-0.8430668264359411,1.8110438931944646
extra_ap12_pace365_p55_r70_cap2,extra_ap12_silence14_r80_cap2,1,forward,50,1000,94.06240612181446,80.09334720414978,109.67970032667601,-1.5486715054716456,-4.000218914626047,0.3277527776490918
extra_ap12_pace365_p55_r70_cap2,extra_ap12_silence14_r80_cap2,3,lift,50,1000,2.3836187913050253,2.047788328442022,2.772427871898321,-0.011758294629625077,-0.06459858090738602,0.02420219676395587
extra_ap12_pace365_p55_r70_cap2,extra_ap12_silence14_r80_cap2,3,sym,50,1000,57.20911150572054,44.92182765405399,71.34973086982882,1.5708365025640134,-1.4462190586470383,4.992751474747215
extra_ap12_pace365_p55_r70_cap2,extra_ap12_silence14_r80_cap2,3,forward,50,1000,120.934707490179,102.48987634345126,138.69719331583582,-1.7746151383030337,-5.162316043090497,0.9722838019051596
extra_ap12_pace365_p55_r70_cap2,extra_ap12_silence14_r80_cap2,5,lift,50,1000,2.4466168471986873,2.0908844783266685,2.8187691551019585,-0.033834141394689876,-0.114769441671126,0.012452221326297395
extra_ap12_pace365_p55_r70_cap2,extra_ap12_silence14_r80_cap2,5,sym,50,1000,68.7693350918824,54.979495578118275,85.00632361770805,1.5143037662410705,-2.095627789309713,5.452450933878913
extra_ap12_pace365_p55_r70_cap2,extra_ap12_silence14_r80_cap2,5,forward,50,1000,130.57007043441754,106.29204714730741,153.29595799983218,-2.525869928741031,-8.707152695665592,2.190668738996211
extra_ap12_pace365_p55_r70_cap2,extra_ap12_silence14_r80_cap2,10,lift,50,1000,2.4033402471195777,2.029035060518405,2.7973024529568264,0.04256497380230062,-0.05664939785251172,0.14701370240198688
extra_ap12_pace365_p55_r70_cap2,extra_ap12_silence14_r80_cap2,10,sym,50,1000,75.21208528333759,57.4475361443955,94.81584687320888,0.26511531993890003,-4.418578548350687,4.837751656538113
extra_ap12_pace365_p55_r70_cap2,extra_ap12_silence14_r80_cap2,10,forward,50,1000,133.53083734270365,95.60690930258747,170.9387878227687,-3.4341715497708947,-13.67373629540605,4.243618667606133
extra_ap12_pace365_p55_r70_cap2,extra_ap12_silence14_r80_cap2,20,lift,50,1000,2.480249010525178,2.069378626148079,2.970356450877163,0.06276888659807556,-0.033266652588705266,0.15782972924375963
extra_ap12_pace365_p55_r70_cap2,extra_ap12_silence14_r80_cap2,20,sym,50,1000,85.17718996922545,58.7104007728499,115.94613714434688,0.29280693324842844,-5.0684585199744046,5.4712848197504576
extra_ap12_pace365_p55_r70_cap2,extra_ap12_silence14_r80_cap2,20,forward,50,1000,132.13121784344892,58.15106150412172,204.02663584596556,-3.503579766550473,-14.585082750794383,5.623311069920582
extra_ap12_pace365_p55_r70_cap2,extra_ap12_adaptive105_cap2,1,lift,20,1000,1.934691246180871,1.7725801727682227,2.1129246306495877,0.003824436322206193,-0.0028904601542940776,0.011781317021394545
extra_ap12_pace365_p55_r70_cap2,extra_ap12_adaptive105_cap2,1,sym,20,1000,29.73420406629041,24.418184513635655,36.17317962480308,0.24012444102383412,-1.4053784629569488,1.6205452614676283
extra_ap12_pace365_p55_r70_cap2,extra_ap12_adaptive105_cap2,1,forward,20,1000,94.06240612181446,82.39211889687807,107.99010521406073,-0.4279231218513928,-2.1216199175300425,1.090309117201852
extra_ap12_pace365_p55_r70_cap2,extra_ap12_adaptive105_cap2,3,lift,20,1000,2.3836187913050253,2.101963498194636,2.6978198511257685,0.019406635841477726,-0.013673239671191172,0.05407044327942407
extra_ap12_pace365_p55_r70_cap2,extra_ap12_adaptive105_cap2,3,sym,20,1000,57.20911150572054,46.72232181315141,71.02069998241079,1.9403490418497498,-1.5557437930342606,5.741205591431309
extra_ap12_pace365_p55_r70_cap2,extra_ap12_adaptive105_cap2,3,forward,20,1000,120.934707490179,103.35815290197993,138.95100353066084,-0.6818198918123812,-3.743149426325609,2.0072084314184777
extra_ap12_pace365_p55_r70_cap2,extra_ap12_adaptive105_cap2,5,lift,20,1000,2.4466168471986873,2.1425799081031425,2.7777491381787445,0.013252733074985201,-0.03357302210596649,0.05890745878020605
extra_ap12_pace365_p55_r70_cap2,extra_ap12_adaptive105_cap2,5,sym,20,1000,68.7693350918824,55.54123262553665,84.25831692676877,2.6048543808770717,-1.6582787514300668,7.329926703611284
extra_ap12_pace365_p55_r70_cap2,extra_ap12_adaptive105_cap2,5,forward,20,1000,130.57007043441754,106.65064859924415,153.24009120551042,-1.0020738963996791,-5.874321646926494,3.162612606288794
extra_ap12_pace365_p55_r70_cap2,extra_ap12_adaptive105_cap2,10,lift,20,1000,2.4033402471195777,2.084991101986494,2.7653469344315926,0.050014169110028206,-0.00988073965856222,0.11713180760383157
extra_ap12_pace365_p55_r70_cap2,extra_ap12_adaptive105_cap2,10,sym,20,1000,75.21208528333759,56.485564435071915,94.75468878059306,3.0037204615525184,-2.1992489631963306,8.732182046090118
extra_ap12_pace365_p55_r70_cap2,extra_ap12_adaptive105_cap2,10,forward,20,1000,133.53083734270365,99.34328927042505,165.1463448827852,-0.9722931779614328,-8.154447888075284,4.893238390594703
extra_ap12_pace365_p55_r70_cap2,extra_ap12_adaptive105_cap2,20,lift,20,1000,2.480249010525178,2.0701783843129666,2.9346535023526568,0.03115106012395996,-0.03583396136850925,0.10285030541599283
extra_ap12_pace365_p55_r70_cap2,extra_ap12_adaptive105_cap2,20,sym,20,1000,85.17718996922545,53.758072859353234,115.6701037039478,4.012587713103301,-1.7027025391618007,9.920235088317888
extra_ap12_pace365_p55_r70_cap2,extra_ap12_adaptive105_cap2,20,forward,20,1000,132.13121784344892,73.03492135319873,185.20285804290603,1.4746562720789598,-6.085435912025402,8.762064760880518
extra_ap12_pace365_p55_r70_cap2,extra_ap12_adaptive105_cap2,1,lift,50,1000,1.934691246180871,1.7378553793034954,2.13757618264173,0.003824436322206193,-0.004102154818736603,0.012218590766935721
extra_ap12_pace365_p55_r70_cap2,extra_ap12_adaptive105_cap2,1,sym,50,1000,29.73420406629041,23.88030275908599,36.579596771377645,0.24012444102383412,-1.3273485906470375,1.7061015808685405
extra_ap12_pace365_p55_r70_cap2,extra_ap12_adaptive105_cap2,1,forward,50,1000,94.06240612181446,80.09334720414978,109.67970032667601,-0.4279231218513928,-2.4640831974283377,1.0347964611695342
extra_ap12_pace365_p55_r70_cap2,extra_ap12_adaptive105_cap2,3,lift,50,1000,2.3836187913050253,2.047788328442022,2.772427871898321,0.019406635841477726,-0.017757228497876885,0.05773176187744251
extra_ap12_pace365_p55_r70_cap2,extra_ap12_adaptive105_cap2,3,sym,50,1000,57.20911150572054,44.92182765405399,71.34973086982882,1.9403490418497498,-1.4467706012771722,6.116205063651098
extra_ap12_pace365_p55_r70_cap2,extra_ap12_adaptive105_cap2,3,forward,50,1000,120.934707490179,102.48987634345126,138.69719331583582,-0.6818198918123812,-3.9100243458615553,2.423183918400413
extra_ap12_pace365_p55_r70_cap2,extra_ap12_adaptive105_cap2,5,lift,50,1000,2.4466168471986873,2.0908844783266685,2.8187691551019585,0.013252733074985201,-0.04363645888716896,0.05468023469471006
extra_ap12_pace365_p55_r70_cap2,extra_ap12_adaptive105_cap2,5,sym,50,1000,68.7693350918824,54.979495578118275,85.00632361770805,2.6048543808770717,-1.4652795588957381,8.075578254473225
extra_ap12_pace365_p55_r70_cap2,extra_ap12_adaptive105_cap2,5,forward,50,1000,130.57007043441754,106.29204714730741,153.29595799983218,-1.0020738963996791,-6.258353579413891,3.521627072705099
extra_ap12_pace365_p55_r70_cap2,extra_ap12_adaptive105_cap2,10,lift,50,1000,2.4033402471195777,2.029035060518405,2.7973024529568264,0.050014169110028206,-0.014933520057322224,0.12414122907575502
extra_ap12_pace365_p55_r70_cap2,extra_ap12_adaptive105_cap2,10,sym,50,1000,75.21208528333759,57.4475361443955,94.81584687320888,3.0037204615525184,-2.119544762473856,9.687182521092318
extra_ap12_pace365_p55_r70_cap2,extra_ap12_adaptive105_cap2,10,forward,50,1000,133.53083734270365,95.60690930258747,170.9387878227687,-0.9722931779614328,-8.660225212111376,5.6582054133456126
extra_ap12_pace365_p55_r70_cap2,extra_ap12_adaptive105_cap2,20,lift,50,1000,2.480249010525178,2.069378626148079,2.970356450877163,0.03115106012395996,-0.04165203177078244,0.10610996681787344
extra_ap12_pace365_p55_r70_cap2,extra_ap12_adaptive105_cap2,20,sym,50,1000,85.17718996922545,58.7104007728499,115.94613714434688,4.012587713103301,-1.5601099104735316,10.718950880696202
extra_ap12_pace365_p55_r70_cap2,extra_ap12_adaptive105_cap2,20,forward,50,1000,132.13121784344892,58.15106150412172,204.02663584596556,1.4746562720789598,-6.571542863098788,9.204341762170479
extra_ap12_pace365_p55_r70_cap2,extra_ap12_top35_cap2,1,lift,20,1000,1.934691246180871,1.7725801727682227,2.1129246306495877,0.006861710675791333,-0.00139514357955533,0.016684435136151164
extra_ap12_pace365_p55_r70_cap2,extra_ap12_top35_cap2,1,sym,20,1000,29.73420406629041,24.418184513635655,36.17317962480308,0.46510815414134044,-1.0945695020944703,1.7422449991275508
extra_ap12_pace365_p55_r70_cap2,extra_ap12_top35_cap2,1,forward,20,1000,94.06240612181446,82.39211889687807,107.99010521406073,1.254198887285412,-0.2078272339838321,2.7605644705098027
extra_ap12_pace365_p55_r70_cap2,extra_ap12_top35_cap2,3,lift,20,1000,2.3836187913050253,2.101963498194636,2.6978198511257685,0.05736248779902242,0.012707000442850535,0.1059179638004547
extra_ap12_pace365_p55_r70_cap2,extra_ap12_top35_cap2,3,sym,20,1000,57.20911150572054,46.72232181315141,71.02069998241079,3.059462380191661,-0.46786314605839097,6.805789561425527
extra_ap12_pace365_p55_r70_cap2,extra_ap12_top35_cap2,3,forward,20,1000,120.934707490179,103.35815290197993,138.95100353066084,2.668571778459679,-0.9896437043466904,6.3949217924228074
extra_ap12_pace365_p55_r70_cap2,extra_ap12_top35_cap2,5,lift,20,1000,2.4466168471986873,2.1425799081031425,2.7777491381787445,0.07178787854785762,0.02014269275756249,0.12132096099365594
extra_ap12_pace365_p55_r70_cap2,extra_ap12_top35_cap2,5,sym,20,1000,68.7693350918824,55.54123262553665,84.25831692676877,4.196716098530146,-0.1688344483113291,9.273617412611134
extra_ap12_pace365_p55_r70_cap2,extra_ap12_top35_cap2,5,forward,20,1000,130.57007043441754,106.65064859924415,153.24009120551042,3.0534603251855827,-2.6230370686109445,8.174756653323628
extra_ap12_pace365_p55_r70_cap2,extra_ap12_top35_cap2,10,lift,20,1000,2.4033402471195777,2.084991101986494,2.7653469344315926,0.09746809638901555,0.02683577386687914,0.17707499459502685
extra_ap12_pace365_p55_r70_cap2,extra_ap12_top35_cap2,10,sym,20,1000,75.21208528333759,56.485564435071915,94.75468878059306,4.883841590278024,-0.49219423680105995,10.97339321921426
extra_ap12_pace365_p55_r70_cap2,extra_ap12_top35_cap2,10,forward,20,1000,133.53083734270365,99.34328927042505,165.1463448827852,3.241972383397865,-5.052437537923057,10.817331782002174
extra_ap12_pace365_p55_r70_cap2,extra_ap12_top35_cap2,20,lift,20,1000,2.480249010525178,2.0701783843129666,2.9346535023526568,0.11086515793643414,0.027734440692825386,0.19952396197875225
extra_ap12_pace365_p55_r70_cap2,extra_ap12_top35_cap2,20,sym,20,1000,85.17718996922545,53.758072859353234,115.6701037039478,6.986210531284726,0.8149329106793102,13.634860297565636
extra_ap12_pace365_p55_r70_cap2,extra_ap12_top35_cap2,20,forward,20,1000,132.13121784344892,73.03492135319873,185.20285804290603,6.421996249769563,-2.8154120228562967,15.193159944360316
extra_ap12_pace365_p55_r70_cap2,extra_ap12_top35_cap2,1,lift,50,1000,1.934691246180871,1.7378553793034954,2.13757618264173,0.006861710675791333,-0.0033445604873793,0.016586754536720167
extra_ap12_pace365_p55_r70_cap2,extra_ap12_top35_cap2,1,sym,50,1000,29.73420406629041,23.88030275908599,36.579596771377645,0.46510815414134044,-0.9253335348474618,1.918539814449907
extra_ap12_pace365_p55_r70_cap2,extra_ap12_top35_cap2,1,forward,50,1000,94.06240612181446,80.09334720414978,109.67970032667601,1.254198887285412,-0.4163249233987571,2.746267979395561
extra_ap12_pace365_p55_r70_cap2,extra_ap12_top35_cap2,3,lift,50,1000,2.3836187913050253,2.047788328442022,2.772427871898321,0.05736248779902242,0.014138047234822393,0.10309633730446446
extra_ap12_pace365_p55_r70_cap2,extra_ap12_top35_cap2,3,sym,50,1000,57.20911150572054,44.92182765405399,71.34973086982882,3.059462380191661,-0.10249477502263489,7.153086174925214
extra_ap12_pace365_p55_r70_cap2,extra_ap12_top35_cap2,3,forward,50,1000,120.934707490179,102.48987634345126,138.69719331583582,2.668571778459679,-1.3390476826957467,6.760695557028416
extra_ap12_pace365_p55_r70_cap2,extra_ap12_top35_cap2,5,lift,50,1000,2.4466168471986873,2.0908844783266685,2.8187691551019585,0.07178787854785762,0.01974629873653714,0.11941315928295407
extra_ap12_pace365_p55_r70_cap2,extra_ap12_top35_cap2,5,sym,50,1000,68.7693350918824,54.979495578118275,85.00632361770805,4.196716098530146,-0.2377952508368604,9.769383825069927
extra_ap12_pace365_p55_r70_cap2,extra_ap12_top35_cap2,5,forward,50,1000,130.57007043441754,106.29204714730741,153.29595799983218,3.0534603251855827,-3.2704185039188802,8.631073805449548
extra_ap12_pace365_p55_r70_cap2,extra_ap12_top35_cap2,10,lift,50,1000,2.4033402471195777,2.029035060518405,2.7973024529568264,0.09746809638901555,0.028790297021099098,0.16718649171185002
extra_ap12_pace365_p55_r70_cap2,extra_ap12_top35_cap2,10,sym,50,1000,75.21208528333759,57.4475361443955,94.81584687320888,4.883841590278024,-0.16637940530892145,10.984447117278028
extra_ap12_pace365_p55_r70_cap2,extra_ap12_top35_cap2,10,forward,50,1000,133.53083734270365,95.60690930258747,170.9387878227687,3.241972383397865,-5.512206375622917,11.243459708152168
extra_ap12_pace365_p55_r70_cap2,extra_ap12_top35_cap2,20,lift,50,1000,2.480249010525178,2.069378626148079,2.970356450877163,0.11086515793643414,0.023874613105957777,0.18881962789987514
extra_ap12_pace365_p55_r70_cap2,extra_ap12_top35_cap2,20,sym,50,1000,85.17718996922545,58.7104007728499,115.94613714434688,6.986210531284726,1.270224731290547,13.101998310188582
extra_ap12_pace365_p55_r70_cap2,extra_ap12_top35_cap2,20,forward,50,1000,132.13121784344892,58.15106150412172,204.02663584596556,6.421996249769563,-3.434337214925439,15.773816115830774
extra_ap12_pace365_p55_r70_cap2,extra_roll2_silence21_r70_cap2,1,lift,20,1000,1.934691246180871,1.7725801727682227,2.1129246306495877,-0.0042630921165112134,-0.016973885406487192,0.007099471736537372
extra_ap12_pace365_p55_r70_cap2,extra_roll2_silence21_r70_cap2,1,sym,20,1000,29.73420406629041,24.418184513635655,36.17317962480308,-1.8889041885923028,-4.341177893396384,0.18478339930366247
extra_ap12_pace365_p55_r70_cap2,extra_roll2_silence21_r70_cap2,1,forward,20,1000,94.06240612181446,82.39211889687807,107.99010521406073,-2.0631502160936463,-5.837288318971458,1.3012636812760947
extra_ap12_pace365_p55_r70_cap2,extra_roll2_silence21_r70_cap2,3,lift,20,1000,2.3836187913050253,2.101963498194636,2.6978198511257685,-0.04176014183445176,-0.10875233476131203,0.015507556421650014
extra_ap12_pace365_p55_r70_cap2,extra_roll2_silence21_r70_cap2,3,sym,20,1000,57.20911150572054,46.72232181315141,71.02069998241079,-6.150701537198913,-10.35818481176706,-2.565983268793175
extra_ap12_pace365_p55_r70_cap2,extra_roll2_silence21_r70_cap2,3,forward,20,1000,120.934707490179,103.35815290197993,138.95100353066084,-6.698161220682536,-11.91038337433265,-2.118395735508245
extra_ap12_pace365_p55_r70_cap2,extra_roll2_silence21_r70_cap2,5,lift,20,1000,2.4466168471986873,2.1425799081031425,2.7777491381787445,-0.0384979530044296,-0.12628199513781702,0.03420032603832414
extra_ap12_pace365_p55_r70_cap2,extra_roll2_silence21_r70_cap2,5,sym,20,1000,68.7693350918824,55.54123262553665,84.25831692676877,-7.198922576148419,-12.130585151666539,-2.9847367591179084
extra_ap12_pace365_p55_r70_cap2,extra_roll2_silence21_r70_cap2,5,forward,20,1000,130.57007043441754,106.65064859924415,153.24009120551042,-6.435203370603915,-12.291692165909648,-1.5476886943799595
extra_ap12_pace365_p55_r70_cap2,extra_roll2_silence21_r70_cap2,10,lift,20,1000,2.4033402471195777,2.084991101986494,2.7653469344315926,-0.019914225382030804,-0.14492813891900017,0.08823068069441804
extra_ap12_pace365_p55_r70_cap2,extra_roll2_silence21_r70_cap2,10,sym,20,1000,75.21208528333759,56.485564435071915,94.75468878059306,-4.540449587343801,-11.740048480009872,1.7660680350952638
extra_ap12_pace365_p55_r70_cap2,extra_roll2_silence21_r70_cap2,10,forward,20,1000,133.53083734270365,99.34328927042505,165.1463448827852,-0.7712640420294008,-10.248122726673879,8.13187978320368
extra_ap12_pace365_p55_r70_cap2,extra_roll2_silence21_r70_cap2,20,lift,20,1000,2.480249010525178,2.0701783843129666,2.9346535023526568,0.0488293621204452,-0.11960709476003953,0.20112482804518228
extra_ap12_pace365_p55_r70_cap2,extra_roll2_silence21_r70_cap2,20,sym,20,1000,85.17718996922545,53.758072859353234,115.6701037039478,-3.7446663679840952,-11.570202270646408,3.3201673336797803
extra_ap12_pace365_p55_r70_cap2,extra_roll2_silence21_r70_cap2,20,forward,20,1000,132.13121784344892,73.03492135319873,185.20285804290603,1.9431099774307654,-11.353573741051923,12.778675575732098
extra_ap12_pace365_p55_r70_cap2,extra_roll2_silence21_r70_cap2,1,lift,50,1000,1.934691246180871,1.7378553793034954,2.13757618264173,-0.0042630921165112134,-0.017270527690181347,0.007250497978466286
extra_ap12_pace365_p55_r70_cap2,extra_roll2_silence21_r70_cap2,1,sym,50,1000,29.73420406629041,23.88030275908599,36.579596771377645,-1.8889041885923028,-4.296800596885656,0.3162370936862854
extra_ap12_pace365_p55_r70_cap2,extra_roll2_silence21_r70_cap2,1,forward,50,1000,94.06240612181446,80.09334720414978,109.67970032667601,-2.0631502160936463,-6.583729088037849,1.9600986595411263
extra_ap12_pace365_p55_r70_cap2,extra_roll2_silence21_r70_cap2,3,lift,50,1000,2.3836187913050253,2.047788328442022,2.772427871898321,-0.04176014183445176,-0.11932773443790683,0.02332732618653965
extra_ap12_pace365_p55_r70_cap2,extra_roll2_silence21_r70_cap2,3,sym,50,1000,57.20911150572054,44.92182765405399,71.34973086982882,-6.150701537198913,-10.588015030162824,-2.2590422909686474
extra_ap12_pace365_p55_r70_cap2,extra_roll2_silence21_r70_cap2,3,forward,50,1000,120.934707490179,102.48987634345126,138.69719331583582,-6.698161220682536,-13.139718276163435,-1.5669602265819742
extra_ap12_pace365_p55_r70_cap2,extra_roll2_silence21_r70_cap2,5,lift,50,1000,2.4466168471986873,2.0908844783266685,2.8187691551019585,-0.0384979530044296,-0.13079421228578395,0.026965600356489695
extra_ap12_pace365_p55_r70_cap2,extra_roll2_silence21_r70_cap2,5,sym,50,1000,68.7693350918824,54.979495578118275,85.00632361770805,-7.198922576148419,-12.298750373610622,-2.866583675647465
extra_ap12_pace365_p55_r70_cap2,extra_roll2_silence21_r70_cap2,5,forward,50,1000,130.57007043441754,106.29204714730741,153.29595799983218,-6.435203370603915,-12.390262789293002,-1.7235190389053356
extra_ap12_pace365_p55_r70_cap2,extra_roll2_silence21_r70_cap2,10,lift,50,1000,2.4033402471195777,2.029035060518405,2.7973024529568264,-0.019914225382030804,-0.1430977454642768,0.08030190688476592
extra_ap12_pace365_p55_r70_cap2,extra_roll2_silence21_r70_cap2,10,sym,50,1000,75.21208528333759,57.4475361443955,94.81584687320888,-4.540449587343801,-11.401367988096785,1.1779432084346286
extra_ap12_pace365_p55_r70_cap2,extra_roll2_silence21_r70_cap2,10,forward,50,1000,133.53083734270365,95.60690930258747,170.9387878227687,-0.7712640420294008,-9.042069537634589,6.231675207812143
extra_ap12_pace365_p55_r70_cap2,extra_roll2_silence21_r70_cap2,20,lift,50,1000,2.480249010525178,2.069378626148079,2.970356450877163,0.0488293621204452,-0.12872261629230078,0.19149270120790268
extra_ap12_pace365_p55_r70_cap2,extra_roll2_silence21_r70_cap2,20,sym,50,1000,85.17718996922545,58.7104007728499,115.94613714434688,-3.7446663679840952,-12.34264282874962,3.2787000223658813
extra_ap12_pace365_p55_r70_cap2,extra_roll2_silence21_r70_cap2,20,forward,50,1000,132.13121784344892,58.15106150412172,204.02663584596556,1.9431099774307654,-10.83978024724864,11.882766568529464
extra_ap12_pace365_p55_r70_cap2,extra_ap12_silence14_month24_cap2,1,lift,20,1000,1.934691246180871,1.7725801727682227,2.1129246306495877,0.0038054843575969777,-0.005146941414266831,0.013743155077195889
extra_ap12_pace365_p55_r70_cap2,extra_ap12_silence14_month24_cap2,1,sym,20,1000,29.73420406629041,24.418184513635655,36.17317962480308,0.3674112450118905,-0.8072178676045452,1.5101736953630112
extra_ap12_pace365_p55_r70_cap2,extra_ap12_silence14_month24_cap2,1,forward,20,1000,94.06240612181446,82.39211889687807,107.99010521406073,-1.4755370503408756,-3.561381466299009,0.4467091647905379
extra_ap12_pace365_p55_r70_cap2,extra_ap12_silence14_month24_cap2,3,lift,20,1000,2.3836187913050253,2.101963498194636,2.6978198511257685,-0.0074907972040496595,-0.04922090553292929,0.029031926983224054
extra_ap12_pace365_p55_r70_cap2,extra_ap12_silence14_month24_cap2,3,sym,20,1000,57.20911150572054,46.72232181315141,71.02069998241079,1.6343800416185204,-1.5382259263121814,5.162979339460899
extra_ap12_pace365_p55_r70_cap2,extra_ap12_silence14_month24_cap2,3,forward,20,1000,120.934707490179,103.35815290197993,138.95100353066084,-1.5629625918322034,-4.710444171335982,1.2214903487713116
extra_ap12_pace365_p55_r70_cap2,extra_ap12_silence14_month24_cap2,5,lift,20,1000,2.4466168471986873,2.1425799081031425,2.7777491381787445,-0.029083487682795894,-0.08337448969334507,0.014652850232062723
extra_ap12_pace365_p55_r70_cap2,extra_ap12_silence14_month24_cap2,5,sym,20,1000,68.7693350918824,55.54123262553665,84.25831692676877,1.5478908825818252,-2.490055281539251,5.8512861691070785
extra_ap12_pace365_p55_r70_cap2,extra_ap12_silence14_month24_cap2,5,forward,20,1000,130.57007043441754,106.65064859924415,153.24009120551042,-2.272871342652337,-7.2522494089595,2.375558350675275
extra_ap12_pace365_p55_r70_cap2,extra_ap12_silence14_month24_cap2,10,lift,20,1000,2.4033402471195777,2.084991101986494,2.7653469344315926,0.04754512075556727,-0.02970633449329565,0.12801854289448972
extra_ap12_pace365_p55_r70_cap2,extra_ap12_silence14_month24_cap2,10,sym,20,1000,75.21208528333759,56.485564435071915,94.75468878059306,0.20833902045134778,-5.192205642884507,5.083999599995997
extra_ap12_pace365_p55_r70_cap2,extra_ap12_silence14_month24_cap2,10,forward,20,1000,133.53083734270365,99.34328927042505,165.1463448827852,-3.18415253755839,-12.148071229190167,3.998019609863976
extra_ap12_pace365_p55_r70_cap2,extra_ap12_silence14_month24_cap2,20,lift,20,1000,2.480249010525178,2.0701783843129666,2.9346535023526568,0.0687008485345939,-0.010672540797678041,0.16181829252315186
extra_ap12_pace365_p55_r70_cap2,extra_ap12_silence14_month24_cap2,20,sym,20,1000,85.17718996922545,53.758072859353234,115.6701037039478,0.16985061891227815,-6.122603337695403,5.733927759020897
extra_ap12_pace365_p55_r70_cap2,extra_ap12_silence14_month24_cap2,20,forward,20,1000,132.13121784344892,73.03492135319873,185.20285804290603,-3.2855872147834475,-13.18014467809871,4.274355909253738
extra_ap12_pace365_p55_r70_cap2,extra_ap12_silence14_month24_cap2,1,lift,50,1000,1.934691246180871,1.7378553793034954,2.13757618264173,0.0038054843575969777,-0.0065348059207627875,0.014668893957822372
extra_ap12_pace365_p55_r70_cap2,extra_ap12_silence14_month24_cap2,1,sym,50,1000,29.73420406629041,23.88030275908599,36.579596771377645,0.3674112450118905,-0.8326729566797746,1.8429053988050645
extra_ap12_pace365_p55_r70_cap2,extra_ap12_silence14_month24_cap2,1,forward,50,1000,94.06240612181446,80.09334720414978,109.67970032667601,-1.4755370503408756,-3.918578884197209,0.3597483888220789
extra_ap12_pace365_p55_r70_cap2,extra_ap12_silence14_month24_cap2,3,lift,50,1000,2.3836187913050253,2.047788328442022,2.772427871898321,-0.0074907972040496595,-0.062226823658252946,0.03074423653785207
extra_ap12_pace365_p55_r70_cap2,extra_ap12_silence14_month24_cap2,3,sym,50,1000,57.20911150572054,44.92182765405399,71.34973086982882,1.6343800416185204,-1.3895182763801004,5.079329628207992
extra_ap12_pace365_p55_r70_cap2,extra_ap12_silence14_month24_cap2,3,forward,50,1000,120.934707490179,102.48987634345126,138.69719331583582,-1.5629625918322034,-5.063212487865329,1.3408534826596143
extra_ap12_pace365_p55_r70_cap2,extra_ap12_silence14_month24_cap2,5,lift,50,1000,2.4466168471986873,2.0908844783266685,2.8187691551019585,-0.029083487682795894,-0.10867140168276793,0.015387015798064934
extra_ap12_pace365_p55_r70_cap2,extra_ap12_silence14_month24_cap2,5,sym,50,1000,68.7693350918824,54.979495578118275,85.00632361770805,1.5478908825818252,-2.0709551413859946,5.479306089482048
extra_ap12_pace365_p55_r70_cap2,extra_ap12_silence14_month24_cap2,5,forward,50,1000,130.57007043441754,106.29204714730741,153.29595799983218,-2.272871342652337,-8.443134118789459,2.4768511201385293
extra_ap12_pace365_p55_r70_cap2,extra_ap12_silence14_month24_cap2,10,lift,50,1000,2.4033402471195777,2.029035060518405,2.7973024529568264,0.04754512075556727,-0.05273949167388804,0.15080555481074323
extra_ap12_pace365_p55_r70_cap2,extra_ap12_silence14_month24_cap2,10,sym,50,1000,75.21208528333759,57.4475361443955,94.81584687320888,0.20833902045134778,-4.420107735750718,4.795451534855916
extra_ap12_pace365_p55_r70_cap2,extra_ap12_silence14_month24_cap2,10,forward,50,1000,133.53083734270365,95.60690930258747,170.9387878227687,-3.18415253755839,-13.383080742674673,4.466174042632515
extra_ap12_pace365_p55_r70_cap2,extra_ap12_silence14_month24_cap2,20,lift,50,1000,2.480249010525178,2.069378626148079,2.970356450877163,0.0687008485345939,-0.025234004522441917,0.16380694307339375
extra_ap12_pace365_p55_r70_cap2,extra_ap12_silence14_month24_cap2,20,sym,50,1000,85.17718996922545,58.7104007728499,115.94613714434688,0.16985061891227815,-5.166960031616208,5.361185104372746
extra_ap12_pace365_p55_r70_cap2,extra_ap12_silence14_month24_cap2,20,forward,50,1000,132.13121784344892,58.15106150412172,204.02663584596556,-3.2855872147834475,-14.271741914139696,5.808494250235418
extra_ap12_pace365_p55_r70_cap2,extra_roll2_primary_cap2,1,lift,20,1000,1.934691246180871,1.7725801727682227,2.1129246306495877,-0.005770838805421619,-0.020568438282394567,0.008994654601316552
extra_ap12_pace365_p55_r70_cap2,extra_roll2_primary_cap2,1,sym,20,1000,29.73420406629041,24.418184513635655,36.17317962480308,-2.1610301019910203,-4.787129224879138,-0.046932035545837386
extra_ap12_pace365_p55_r70_cap2,extra_roll2_primary_cap2,1,forward,20,1000,94.06240612181446,82.39211889687807,107.99010521406073,-3.7652091594580384,-7.885963563582791,-0.07925433584312074
extra_ap12_pace365_p55_r70_cap2,extra_roll2_primary_cap2,3,lift,20,1000,2.3836187913050253,2.101963498194636,2.6978198511257685,-0.05210253089242345,-0.11851892766027226,-0.0005101740620431121
extra_ap12_pace365_p55_r70_cap2,extra_roll2_primary_cap2,3,sym,20,1000,57.20911150572054,46.72232181315141,71.02069998241079,-6.442993550394306,-11.20050741413772,-2.5764748947876517
extra_ap12_pace365_p55_r70_cap2,extra_roll2_primary_cap2,3,forward,20,1000,120.934707490179,103.35815290197993,138.95100353066084,-9.146554862079967,-15.2403190218279,-4.197487810146554
extra_ap12_pace365_p55_r70_cap2,extra_roll2_primary_cap2,5,lift,20,1000,2.4466168471986873,2.1425799081031425,2.7777491381787445,-0.0709691738220557,-0.1597417528799652,-0.001964431930756096
extra_ap12_pace365_p55_r70_cap2,extra_roll2_primary_cap2,5,sym,20,1000,68.7693350918824,55.54123262553665,84.25831692676877,-7.550713386842389,-13.100079039360521,-2.846011737075977
extra_ap12_pace365_p55_r70_cap2,extra_roll2_primary_cap2,5,forward,20,1000,130.57007043441754,106.65064859924415,153.24009120551042,-9.920952589846678,-16.69446331760227,-4.631322727130492
extra_ap12_pace365_p55_r70_cap2,extra_roll2_primary_cap2,10,lift,20,1000,2.4033402471195777,2.084991101986494,2.7653469344315926,-0.06706927417203401,-0.19536209252500306,0.03641135133777213
extra_ap12_pace365_p55_r70_cap2,extra_roll2_primary_cap2,10,sym,20,1000,75.21208528333759,56.485564435071915,94.75468878059306,-3.900515740019003,-12.150869138592535,3.366587703271645
extra_ap12_pace365_p55_r70_cap2,extra_roll2_primary_cap2,10,forward,20,1000,133.53083734270365,99.34328927042505,165.1463448827852,-3.9420464001949824,-14.03691186237815,4.728607762394812
extra_ap12_pace365_p55_r70_cap2,extra_roll2_primary_cap2,20,lift,20,1000,2.480249010525178,2.0701783843129666,2.9346535023526568,0.011575052304652278,-0.15541759413539313,0.17097201985280472
extra_ap12_pace365_p55_r70_cap2,extra_roll2_primary_cap2,20,sym,20,1000,85.17718996922545,53.758072859353234,115.6701037039478,-1.0782795223701953,-10.385329307610592,7.332274341132851
extra_ap12_pace365_p55_r70_cap2,extra_roll2_primary_cap2,20,forward,20,1000,132.13121784344892,73.03492135319873,185.20285804290603,2.113410779189792,-11.578082100530178,13.954498797200928
extra_ap12_pace365_p55_r70_cap2,extra_roll2_primary_cap2,1,lift,50,1000,1.934691246180871,1.7378553793034954,2.13757618264173,-0.005770838805421619,-0.021122493671911925,0.009792445715328463
extra_ap12_pace365_p55_r70_cap2,extra_roll2_primary_cap2,1,sym,50,1000,29.73420406629041,23.88030275908599,36.579596771377645,-2.1610301019910203,-4.689089513397498,0.17231686832353052
extra_ap12_pace365_p55_r70_cap2,extra_roll2_primary_cap2,1,forward,50,1000,94.06240612181446,80.09334720414978,109.67970032667601,-3.7652091594580384,-8.792618699850586,0.7494052580773396
extra_ap12_pace365_p55_r70_cap2,extra_roll2_primary_cap2,3,lift,50,1000,2.3836187913050253,2.047788328442022,2.772427871898321,-0.05210253089242345,-0.1191532432256232,0.0009317688315568191
extra_ap12_pace365_p55_r70_cap2,extra_roll2_primary_cap2,3,sym,50,1000,57.20911150572054,44.92182765405399,71.34973086982882,-6.442993550394306,-11.207852027072928,-2.2868995083074006
extra_ap12_pace365_p55_r70_cap2,extra_roll2_primary_cap2,3,forward,50,1000,120.934707490179,102.48987634345126,138.69719331583582,-9.146554862079967,-16.514948382135177,-3.532361812288104
extra_ap12_pace365_p55_r70_cap2,extra_roll2_primary_cap2,5,lift,50,1000,2.4466168471986873,2.0908844783266685,2.8187691551019585,-0.0709691738220557,-0.1579605302921943,-0.0039106229566931
extra_ap12_pace365_p55_r70_cap2,extra_roll2_primary_cap2,5,sym,50,1000,68.7693350918824,54.979495578118275,85.00632361770805,-7.550713386842389,-13.371171228026238,-2.8469395637747796
extra_ap12_pace365_p55_r70_cap2,extra_roll2_primary_cap2,5,forward,50,1000,130.57007043441754,106.29204714730741,153.29595799983218,-9.920952589846678,-17.86532140450942,-4.258411086542414
extra_ap12_pace365_p55_r70_cap2,extra_roll2_primary_cap2,10,lift,50,1000,2.4033402471195777,2.029035060518405,2.7973024529568264,-0.06706927417203401,-0.19293079076142572,0.035470449908917866
extra_ap12_pace365_p55_r70_cap2,extra_roll2_primary_cap2,10,sym,50,1000,75.21208528333759,57.4475361443955,94.81584687320888,-3.900515740019003,-11.719594469927268,3.218395718737998
extra_ap12_pace365_p55_r70_cap2,extra_roll2_primary_cap2,10,forward,50,1000,133.53083734270365,95.60690930258747,170.9387878227687,-3.9420464001949824,-13.718817902204353,4.037965497364753
extra_ap12_pace365_p55_r70_cap2,extra_roll2_primary_cap2,20,lift,50,1000,2.480249010525178,2.069378626148079,2.970356450877163,0.011575052304652278,-0.18693320833106966,0.1808818637252381
extra_ap12_pace365_p55_r70_cap2,extra_roll2_primary_cap2,20,sym,50,1000,85.17718996922545,58.7104007728499,115.94613714434688,-1.0782795223701953,-10.432210782245594,7.561210874497825
extra_ap12_pace365_p55_r70_cap2,extra_roll2_primary_cap2,20,forward,50,1000,132.13121784344892,58.15106150412172,204.02663584596556,2.113410779189792,-12.027439761674053,14.454077352785152
extra_ap12_pace365_p55_r70_cap2,local_extra_primary_cap2,1,lift,20,1000,1.934691246180871,1.7725801727682227,2.1129246306495877,0.001701939354111115,-0.02063285079770254,0.02276315556215235
extra_ap12_pace365_p55_r70_cap2,local_extra_primary_cap2,1,sym,20,1000,29.73420406629041,24.418184513635655,36.17317962480308,-1.972887724378289,-4.049095522385634,-0.2083870530282201
extra_ap12_pace365_p55_r70_cap2,local_extra_primary_cap2,1,forward,20,1000,94.06240612181446,82.39211889687807,107.99010521406073,-6.535219050031515,-10.154211937481078,-3.4973057119178677
extra_ap12_pace365_p55_r70_cap2,local_extra_primary_cap2,3,lift,20,1000,2.3836187913050253,2.101963498194636,2.6978198511257685,-0.058173851077103045,-0.14061243137053084,0.007643453753111428
extra_ap12_pace365_p55_r70_cap2,local_extra_primary_cap2,3,sym,20,1000,57.20911150572054,46.72232181315141,71.02069998241079,-2.006029874540104,-6.746938459010287,2.0753531278269275
extra_ap12_pace365_p55_r70_cap2,local_extra_primary_cap2,3,forward,20,1000,120.934707490179,103.35815290197993,138.95100353066084,-9.491021049738805,-13.740810529796093,-5.632772214285853
extra_ap12_pace365_p55_r70_cap2,local_extra_primary_cap2,5,lift,20,1000,2.4466168471986873,2.1425799081031425,2.7777491381787445,-0.08445751295739701,-0.18160053710561053,-0.004211207089318162
extra_ap12_pace365_p55_r70_cap2,local_extra_primary_cap2,5,sym,20,1000,68.7693350918824,55.54123262553665,84.25831692676877,-1.8234682397499,-7.520374544091089,3.044280768001457
extra_ap12_pace365_p55_r70_cap2,local_extra_primary_cap2,5,forward,20,1000,130.57007043441754,106.65064859924415,153.24009120551042,-10.137642286461869,-15.200241392177144,-5.024159810814253
extra_ap12_pace365_p55_r70_cap2,local_extra_primary_cap2,10,lift,20,1000,2.4033402471195777,2.084991101986494,2.7653469344315926,-0.0005141574612967936,-0.12729901806701985,0.10410764237863884
extra_ap12_pace365_p55_r70_cap2,local_extra_primary_cap2,10,sym,20,1000,75.21208528333759,56.485564435071915,94.75468878059306,0.3653142931911191,-6.6316135576305175,6.717865904472036
extra_ap12_pace365_p55_r70_cap2,local_extra_primary_cap2,10,forward,20,1000,133.53083734270365,99.34328927042505,165.1463448827852,-6.600395019490463,-14.808289589502795,1.0053480307697102
extra_ap12_pace365_p55_r70_cap2,local_extra_primary_cap2,20,lift,20,1000,2.480249010525178,2.0701783843129666,2.9346535023526568,0.06526482593779992,-0.09860374214768722,0.20611860947851368
extra_ap12_pace365_p55_r70_cap2,local_extra_primary_cap2,20,sym,20,1000,85.17718996922545,53.758072859353234,115.6701037039478,1.9430738653070847,-5.804807233943522,9.894918235122386
extra_ap12_pace365_p55_r70_cap2,local_extra_primary_cap2,20,forward,20,1000,132.13121784344892,73.03492135319873,185.20285804290603,0.5896723947966791,-11.166495919080576,12.883976008087277
extra_ap12_pace365_p55_r70_cap2,local_extra_primary_cap2,1,lift,50,1000,1.934691246180871,1.7378553793034954,2.13757618264173,0.001701939354111115,-0.02818149678923983,0.022782057116396533
extra_ap12_pace365_p55_r70_cap2,local_extra_primary_cap2,1,sym,50,1000,29.73420406629041,23.88030275908599,36.579596771377645,-1.972887724378289,-3.9470591162063657,-0.2855573483297588
extra_ap12_pace365_p55_r70_cap2,local_extra_primary_cap2,1,forward,50,1000,94.06240612181446,80.09334720414978,109.67970032667601,-6.535219050031515,-11.26168023272375,-3.207781889703244
extra_ap12_pace365_p55_r70_cap2,local_extra_primary_cap2,3,lift,50,1000,2.3836187913050253,2.047788328442022,2.772427871898321,-0.058173851077103045,-0.1512007968517411,0.01667604762892924
extra_ap12_pace365_p55_r70_cap2,local_extra_primary_cap2,3,sym,50,1000,57.20911150572054,44.92182765405399,71.34973086982882,-2.006029874540104,-5.9456635887776645,1.426849057224452
extra_ap12_pace365_p55_r70_cap2,local_extra_primary_cap2,3,forward,50,1000,120.934707490179,102.48987634345126,138.69719331583582,-9.491021049738805,-14.422521981059404,-5.513502498299089
extra_ap12_pace365_p55_r70_cap2,local_extra_primary_cap2,5,lift,50,1000,2.4466168471986873,2.0908844783266685,2.8187691551019585,-0.08445751295739701,-0.21120373941633733,0.008821325480484869
extra_ap12_pace365_p55_r70_cap2,local_extra_primary_cap2,5,sym,50,1000,68.7693350918824,54.979495578118275,85.00632361770805,-1.8234682397499,-6.3595495730452285,2.2517967465478246
extra_ap12_pace365_p55_r70_cap2,local_extra_primary_cap2,5,forward,50,1000,130.57007043441754,106.29204714730741,153.29595799983218,-10.137642286461869,-15.298222769524882,-5.431401224467765
extra_ap12_pace365_p55_r70_cap2,local_extra_primary_cap2,10,lift,50,1000,2.4033402471195777,2.029035060518405,2.7973024529568264,-0.0005141574612967936,-0.1489459778782576,0.09117650225298973
extra_ap12_pace365_p55_r70_cap2,local_extra_primary_cap2,10,sym,50,1000,75.21208528333759,57.4475361443955,94.81584687320888,0.3653142931911191,-5.373916439616327,5.5453582923437486
extra_ap12_pace365_p55_r70_cap2,local_extra_primary_cap2,10,forward,50,1000,133.53083734270365,95.60690930258747,170.9387878227687,-6.600395019490463,-14.336943909334169,0.8038752039582554
extra_ap12_pace365_p55_r70_cap2,local_extra_primary_cap2,20,lift,50,1000,2.480249010525178,2.069378626148079,2.970356450877163,0.06526482593779992,-0.102514377825321,0.20257355724151008
extra_ap12_pace365_p55_r70_cap2,local_extra_primary_cap2,20,sym,50,1000,85.17718996922545,58.7104007728499,115.94613714434688,1.9430738653070847,-4.23456195413106,7.797541062811839
extra_ap12_pace365_p55_r70_cap2,local_extra_primary_cap2,20,forward,50,1000,132.13121784344892,58.15106150412172,204.02663584596556,0.5896723947966791,-12.209070489031587,13.275608931149478
extra_ap12_pace365_p55_r70_cap2,extra_roll2_reserve7_cap2,1,lift,20,1000,1.934691246180871,1.7725801727682227,2.1129246306495877,-0.0018582253164967089,-0.02254391455718872,0.012713536468168116
extra_ap12_pace365_p55_r70_cap2,extra_roll2_reserve7_cap2,1,sym,20,1000,29.73420406629041,24.418184513635655,36.17317962480308,-1.7192117485415395,-4.045775262985635,0.4881895418784073
extra_ap12_pace365_p55_r70_cap2,extra_roll2_reserve7_cap2,1,forward,20,1000,94.06240612181446,82.39211889687807,107.99010521406073,5.155250806265897,1.2550184664112674,9.172866472813537
extra_ap12_pace365_p55_r70_cap2,extra_roll2_reserve7_cap2,3,lift,20,1000,2.3836187913050253,2.101963498194636,2.6978198511257685,0.07020707257536296,-0.01522392185414322,0.15378516134010162
extra_ap12_pace365_p55_r70_cap2,extra_roll2_reserve7_cap2,3,sym,20,1000,57.20911150572054,46.72232181315141,71.02069998241079,-4.562334814049031,-8.337919016393592,-1.0135446400013026
extra_ap12_pace365_p55_r70_cap2,extra_roll2_reserve7_cap2,3,forward,20,1000,120.934707490179,103.35815290197993,138.95100353066084,6.865249214049584,0.7659085089575123,12.811322988966484
extra_ap12_pace365_p55_r70_cap2,extra_roll2_reserve7_cap2,5,lift,20,1000,2.4466168471986873,2.1425799081031425,2.7777491381787445,0.10637882579473201,0.008863215215899369,0.20050396031578566
extra_ap12_pace365_p55_r70_cap2,extra_roll2_reserve7_cap2,5,sym,20,1000,68.7693350918824,55.54123262553665,84.25831692676877,-5.187441928869987,-9.749375259541852,-0.817032044585656
extra_ap12_pace365_p55_r70_cap2,extra_roll2_reserve7_cap2,5,forward,20,1000,130.57007043441754,106.65064859924415,153.24009120551042,8.574110960149213,1.1850805355048393,15.977942164486786
extra_ap12_pace365_p55_r70_cap2,extra_roll2_reserve7_cap2,10,lift,20,1000,2.4033402471195777,2.084991101986494,2.7653469344315926,0.0764779547991008,-0.048622194560174505,0.19043770734448467
extra_ap12_pace365_p55_r70_cap2,extra_roll2_reserve7_cap2,10,sym,20,1000,75.21208528333759,56.485564435071915,94.75468878059306,-2.517737302014396,-7.744562590093584,2.9321205429983244
extra_ap12_pace365_p55_r70_cap2,extra_roll2_reserve7_cap2,10,forward,20,1000,133.53083734270365,99.34328927042505,165.1463448827852,12.393384698630996,4.57226267268033,21.4236777490945
extra_ap12_pace365_p55_r70_cap2,extra_roll2_reserve7_cap2,20,lift,20,1000,2.480249010525178,2.0701783843129666,2.9346535023526568,0.1419553434700913,-0.024733020387346826,0.313596570415609
extra_ap12_pace365_p55_r70_cap2,extra_roll2_reserve7_cap2,20,sym,20,1000,85.17718996922545,53.758072859353234,115.6701037039478,-0.5848415004354024,-6.589813991464446,5.745702786255897
extra_ap12_pace365_p55_r70_cap2,extra_roll2_reserve7_cap2,20,forward,20,1000,132.13121784344892,73.03492135319873,185.20285804290603,13.032555011667043,2.87474693214156,23.92640181348564
extra_ap12_pace365_p55_r70_cap2,extra_roll2_reserve7_cap2,1,lift,50,1000,1.934691246180871,1.7378553793034954,2.13757618264173,-0.0018582253164967089,-0.026422293790877776,0.01196869039855437
extra_ap12_pace365_p55_r70_cap2,extra_roll2_reserve7_cap2,1,sym,50,1000,29.73420406629041,23.88030275908599,36.579596771377645,-1.7192117485415395,-4.100827029233526,0.7121737749323562
extra_ap12_pace365_p55_r70_cap2,extra_roll2_reserve7_cap2,1,forward,50,1000,94.06240612181446,80.09334720414978,109.67970032667601,5.155250806265897,0.470635174980983,9.721298052137415
extra_ap12_pace365_p55_r70_cap2,extra_roll2_reserve7_cap2,3,lift,50,1000,2.3836187913050253,2.047788328442022,2.772427871898321,0.07020707257536296,-0.025103570640380435,0.15409976711962223
extra_ap12_pace365_p55_r70_cap2,extra_roll2_reserve7_cap2,3,sym,50,1000,57.20911150572054,44.92182765405399,71.34973086982882,-4.562334814049031,-8.647619830640904,-0.3333461993363464
extra_ap12_pace365_p55_r70_cap2,extra_roll2_reserve7_cap2,3,forward,50,1000,120.934707490179,102.48987634345126,138.69719331583582,6.865249214049584,0.5141747331923033,12.595107494270568
extra_ap12_pace365_p55_r70_cap2,extra_roll2_reserve7_cap2,5,lift,50,1000,2.4466168471986873,2.0908844783266685,2.8187691551019585,0.10637882579473201,0.0034679915359057457,0.19720697166650136
extra_ap12_pace365_p55_r70_cap2,extra_roll2_reserve7_cap2,5,sym,50,1000,68.7693350918824,54.979495578118275,85.00632361770805,-5.187441928869987,-10.178253120469881,-0.29829906844225873
extra_ap12_pace365_p55_r70_cap2,extra_roll2_reserve7_cap2,5,forward,50,1000,130.57007043441754,106.29204714730741,153.29595799983218,8.574110960149213,2.2698758102085,14.23171652025246
extra_ap12_pace365_p55_r70_cap2,extra_roll2_reserve7_cap2,10,lift,50,1000,2.4033402471195777,2.029035060518405,2.7973024529568264,0.0764779547991008,-0.052236849296744534,0.1960706459908761
extra_ap12_pace365_p55_r70_cap2,extra_roll2_reserve7_cap2,10,sym,50,1000,75.21208528333759,57.4475361443955,94.81584687320888,-2.517737302014396,-8.28959807911126,2.817531950145982
extra_ap12_pace365_p55_r70_cap2,extra_roll2_reserve7_cap2,10,forward,50,1000,133.53083734270365,95.60690930258747,170.9387878227687,12.393384698630996,4.9742230878843205,19.656840859611425
extra_ap12_pace365_p55_r70_cap2,extra_roll2_reserve7_cap2,20,lift,50,1000,2.480249010525178,2.069378626148079,2.970356450877163,0.1419553434700913,-0.028312451071317402,0.29259420641271466
extra_ap12_pace365_p55_r70_cap2,extra_roll2_reserve7_cap2,20,sym,50,1000,85.17718996922545,58.7104007728499,115.94613714434688,-0.5848415004354024,-7.25324962518266,6.608541913693291
extra_ap12_pace365_p55_r70_cap2,extra_roll2_reserve7_cap2,20,forward,50,1000,132.13121784344892,58.15106150412172,204.02663584596556,13.032555011667043,2.881379990661596,22.368362341394974
extra_ap12_pace365_p55_r70_cap2,known_change_z_urgent_cap2,1,lift,20,1000,1.934691246180871,1.7725801727682227,2.1129246306495877,-0.0010360719699709087,-0.030112734728118134,0.01539299035688502
extra_ap12_pace365_p55_r70_cap2,known_change_z_urgent_cap2,1,sym,20,1000,29.73420406629041,24.418184513635655,36.17317962480308,-2.452113307480694,-4.808402528664047,-0.051015681117862234
extra_ap12_pace365_p55_r70_cap2,known_change_z_urgent_cap2,1,forward,20,1000,94.06240612181446,82.39211889687807,107.99010521406073,18.66172090031378,10.578472622999987,28.451441609370804
extra_ap12_pace365_p55_r70_cap2,known_change_z_urgent_cap2,3,lift,20,1000,2.3836187913050253,2.101963498194636,2.6978198511257685,0.31246542462860827,0.1630296600810562,0.4724721700583868
extra_ap12_pace365_p55_r70_cap2,known_change_z_urgent_cap2,3,sym,20,1000,57.20911150572054,46.72232181315141,71.02069998241079,7.689644359279775,1.1264406331739707,14.47226953089873
extra_ap12_pace365_p55_r70_cap2,known_change_z_urgent_cap2,3,forward,20,1000,120.934707490179,103.35815290197993,138.95100353066084,35.12950326225756,24.957289669811505,45.81712317211476
extra_ap12_pace365_p55_r70_cap2,known_change_z_urgent_cap2,5,lift,20,1000,2.4466168471986873,2.1425799081031425,2.7777491381787445,0.3925801028013529,0.21050165993634187,0.5750159467175144
extra_ap12_pace365_p55_r70_cap2,known_change_z_urgent_cap2,5,sym,20,1000,68.7693350918824,55.54123262553665,84.25831692676877,13.456226841517903,5.330391809128256,21.897887746581826
extra_ap12_pace365_p55_r70_cap2,known_change_z_urgent_cap2,5,forward,20,1000,130.57007043441754,106.65064859924415,153.24009120551042,43.00466100306984,30.644609783783608,55.31938915020747
extra_ap12_pace365_p55_r70_cap2,known_change_z_urgent_cap2,10,lift,20,1000,2.4033402471195777,2.084991101986494,2.7653469344315926,0.3258041513604102,0.12029858497805183,0.5223752625832687
extra_ap12_pace365_p55_r70_cap2,known_change_z_urgent_cap2,10,sym,20,1000,75.21208528333759,56.485564435071915,94.75468878059306,16.499811979302272,5.93939462630013,27.40848714493673
extra_ap12_pace365_p55_r70_cap2,known_change_z_urgent_cap2,10,forward,20,1000,133.53083734270365,99.34328927042505,165.1463448827852,45.2370014210361,30.139988027845497,58.70786737464694
extra_ap12_pace365_p55_r70_cap2,known_change_z_urgent_cap2,20,lift,20,1000,2.480249010525178,2.0701783843129666,2.9346535023526568,0.40515401073058754,0.14180495464495999,0.7065726600540913
extra_ap12_pace365_p55_r70_cap2,known_change_z_urgent_cap2,20,sym,20,1000,85.17718996922545,53.758072859353234,115.6701037039478,14.283293395814013,1.8198678686362482,27.308459763828687
extra_ap12_pace365_p55_r70_cap2,known_change_z_urgent_cap2,20,forward,20,1000,132.13121784344892,73.03492135319873,185.20285804290603,45.391629215780725,27.46753982649631,66.84490994996959
extra_ap12_pace365_p55_r70_cap2,known_change_z_urgent_cap2,1,lift,50,1000,1.934691246180871,1.7378553793034954,2.13757618264173,-0.0010360719699709087,-0.03646611073164684,0.011333542288167464
extra_ap12_pace365_p55_r70_cap2,known_change_z_urgent_cap2,1,sym,50,1000,29.73420406629041,23.88030275908599,36.579596771377645,-2.452113307480694,-4.957995546233368,0.3913614281537534
extra_ap12_pace365_p55_r70_cap2,known_change_z_urgent_cap2,1,forward,50,1000,94.06240612181446,80.09334720414978,109.67970032667601,18.66172090031378,9.581595146100458,29.80890853253231
extra_ap12_pace365_p55_r70_cap2,known_change_z_urgent_cap2,3,lift,50,1000,2.3836187913050253,2.047788328442022,2.772427871898321,0.31246542462860827,0.14306018940335027,0.515010171570863
extra_ap12_pace365_p55_r70_cap2,known_change_z_urgent_cap2,3,sym,50,1000,57.20911150572054,44.92182765405399,71.34973086982882,7.689644359279775,0.8027353919521831,15.813085982168369
extra_ap12_pace365_p55_r70_cap2,known_change_z_urgent_cap2,3,forward,50,1000,120.934707490179,102.48987634345126,138.69719331583582,35.12950326225756,23.698934508584063,47.48777134240624
extra_ap12_pace365_p55_r70_cap2,known_change_z_urgent_cap2,5,lift,50,1000,2.4466168471986873,2.0908844783266685,2.8187691551019585,0.3925801028013529,0.20078317731935455,0.5817005576159047
extra_ap12_pace365_p55_r70_cap2,known_change_z_urgent_cap2,5,sym,50,1000,68.7693350918824,54.979495578118275,85.00632361770805,13.456226841517903,5.43032797862299,23.27615360649661
extra_ap12_pace365_p55_r70_cap2,known_change_z_urgent_cap2,5,forward,50,1000,130.57007043441754,106.29204714730741,153.29595799983218,43.00466100306984,30.259371777881288,55.44349150814136
extra_ap12_pace365_p55_r70_cap2,known_change_z_urgent_cap2,10,lift,50,1000,2.4033402471195777,2.029035060518405,2.7973024529568264,0.3258041513604102,0.116169590382859,0.5250966554904383
extra_ap12_pace365_p55_r70_cap2,known_change_z_urgent_cap2,10,sym,50,1000,75.21208528333759,57.4475361443955,94.81584687320888,16.499811979302272,7.037050382196405,28.390005781023504
extra_ap12_pace365_p55_r70_cap2,known_change_z_urgent_cap2,10,forward,50,1000,133.53083734270365,95.60690930258747,170.9387878227687,45.2370014210361,30.501459539007563,59.22478520857909
extra_ap12_pace365_p55_r70_cap2,known_change_z_urgent_cap2,20,lift,50,1000,2.480249010525178,2.069378626148079,2.970356450877163,0.40515401073058754,0.14400290374595717,0.6566528063485894
extra_ap12_pace365_p55_r70_cap2,known_change_z_urgent_cap2,20,sym,50,1000,85.17718996922545,58.7104007728499,115.94613714434688,14.283293395814013,2.997812816817582,28.853957255270327
extra_ap12_pace365_p55_r70_cap2,known_change_z_urgent_cap2,20,forward,50,1000,132.13121784344892,58.15106150412172,204.02663584596556,45.391629215780725,26.406810157544935,65.82269800170528
extra_ap12_pace365_p55_r70_cap2,hazard_hist_h5_urgent_cap2,1,lift,20,1000,1.934691246180871,1.7725801727682227,2.1129246306495877,-0.003892620252001988,-0.03563169257811099,0.012623072018302471
extra_ap12_pace365_p55_r70_cap2,hazard_hist_h5_urgent_cap2,1,sym,20,1000,29.73420406629041,24.418184513635655,36.17317962480308,-2.745729530429678,-5.218645088359338,-0.15206630522887343
extra_ap12_pace365_p55_r70_cap2,hazard_hist_h5_urgent_cap2,1,forward,20,1000,94.06240612181446,82.39211889687807,107.99010521406073,23.635212671619385,15.668533714436641,33.16040464267696
extra_ap12_pace365_p55_r70_cap2,hazard_hist_h5_urgent_cap2,3,lift,20,1000,2.3836187913050253,2.101963498194636,2.6978198511257685,0.2744872932502207,0.1324569162496945,0.42517592865456
extra_ap12_pace365_p55_r70_cap2,hazard_hist_h5_urgent_cap2,3,sym,20,1000,57.20911150572054,46.72232181315141,71.02069998241079,4.564378938854276,-1.9963791115608007,10.959754427364988
extra_ap12_pace365_p55_r70_cap2,hazard_hist_h5_urgent_cap2,3,forward,20,1000,120.934707490179,103.35815290197993,138.95100353066084,35.838457822885246,25.944774534345246,46.591265721286064
extra_ap12_pace365_p55_r70_cap2,hazard_hist_h5_urgent_cap2,5,lift,20,1000,2.4466168471986873,2.1425799081031425,2.7777491381787445,0.31159789366343693,0.13840609524959546,0.4776207513304005
extra_ap12_pace365_p55_r70_cap2,hazard_hist_h5_urgent_cap2,5,sym,20,1000,68.7693350918824,55.54123262553665,84.25831692676877,8.622539850518763,0.3203824536473686,16.840055383442415
extra_ap12_pace365_p55_r70_cap2,hazard_hist_h5_urgent_cap2,5,forward,20,1000,130.57007043441754,106.65064859924415,153.24009120551042,40.190414127984866,27.485279666397155,52.412103545031805
extra_ap12_pace365_p55_r70_cap2,hazard_hist_h5_urgent_cap2,10,lift,20,1000,2.4033402471195777,2.084991101986494,2.7653469344315926,0.22386283280798036,0.024616960908748643,0.4222734205320417
extra_ap12_pace365_p55_r70_cap2,hazard_hist_h5_urgent_cap2,10,sym,20,1000,75.21208528333759,56.485564435071915,94.75468878059306,8.112654651495433,-2.6762847300390065,20.299556287534926
extra_ap12_pace365_p55_r70_cap2,hazard_hist_h5_urgent_cap2,10,forward,20,1000,133.53083734270365,99.34328927042505,165.1463448827852,39.94279606804771,24.931416687780057,54.33923983479318
extra_ap12_pace365_p55_r70_cap2,hazard_hist_h5_urgent_cap2,20,lift,20,1000,2.480249010525178,2.0701783843129666,2.9346535023526568,0.28749500814969453,0.04812176764523746,0.551617760568296
extra_ap12_pace365_p55_r70_cap2,hazard_hist_h5_urgent_cap2,20,sym,20,1000,85.17718996922545,53.758072859353234,115.6701037039478,6.557449768307194,-7.061855413206372,21.796687950573613
extra_ap12_pace365_p55_r70_cap2,hazard_hist_h5_urgent_cap2,20,forward,20,1000,132.13121784344892,73.03492135319873,185.20285804290603,39.609895455695806,20.527970315943307,59.09182180553616
extra_ap12_pace365_p55_r70_cap2,hazard_hist_h5_urgent_cap2,1,lift,50,1000,1.934691246180871,1.7378553793034954,2.13757618264173,-0.003892620252001988,-0.039897296692126855,0.011313498887500632
extra_ap12_pace365_p55_r70_cap2,hazard_hist_h5_urgent_cap2,1,sym,50,1000,29.73420406629041,23.88030275908599,36.579596771377645,-2.745729530429678,-5.190458816373142,-0.169175260936625
extra_ap12_pace365_p55_r70_cap2,hazard_hist_h5_urgent_cap2,1,forward,50,1000,94.06240612181446,80.09334720414978,109.67970032667601,23.635212671619385,14.484393599844962,34.38863894690493
extra_ap12_pace365_p55_r70_cap2,hazard_hist_h5_urgent_cap2,3,lift,50,1000,2.3836187913050253,2.047788328442022,2.772427871898321,0.2744872932502207,0.11424852876298314,0.4649747590548033
extra_ap12_pace365_p55_r70_cap2,hazard_hist_h5_urgent_cap2,3,sym,50,1000,57.20911150572054,44.92182765405399,71.34973086982882,4.564378938854276,-2.2630732869218306,12.296470357065012
extra_ap12_pace365_p55_r70_cap2,hazard_hist_h5_urgent_cap2,3,forward,50,1000,120.934707490179,102.48987634345126,138.69719331583582,35.838457822885246,24.55934974851587,47.299679923303565
extra_ap12_pace365_p55_r70_cap2,hazard_hist_h5_urgent_cap2,5,lift,50,1000,2.4466168471986873,2.0908844783266685,2.8187691551019585,0.31159789366343693,0.12417823052670009,0.48146311944190895
extra_ap12_pace365_p55_r70_cap2,hazard_hist_h5_urgent_cap2,5,sym,50,1000,68.7693350918824,54.979495578118275,85.00632361770805,8.622539850518763,0.37574543591520637,18.36831691724322
extra_ap12_pace365_p55_r70_cap2,hazard_hist_h5_urgent_cap2,5,forward,50,1000,130.57007043441754,106.29204714730741,153.29595799983218,40.190414127984866,26.359687091482787,53.07322914761435
extra_ap12_pace365_p55_r70_cap2,hazard_hist_h5_urgent_cap2,10,lift,50,1000,2.4033402471195777,2.029035060518405,2.7973024529568264,0.22386283280798036,0.020728110515998054,0.418916975255824
extra_ap12_pace365_p55_r70_cap2,hazard_hist_h5_urgent_cap2,10,sym,50,1000,75.21208528333759,57.4475361443955,94.81584687320888,8.112654651495433,-1.9917814451356102,21.252802592365263
extra_ap12_pace365_p55_r70_cap2,hazard_hist_h5_urgent_cap2,10,forward,50,1000,133.53083734270365,95.60690930258747,170.9387878227687,39.94279606804771,24.36656879100792,54.93604436170794
extra_ap12_pace365_p55_r70_cap2,hazard_hist_h5_urgent_cap2,20,lift,50,1000,2.480249010525178,2.069378626148079,2.970356450877163,0.28749500814969453,0.04331582443459985,0.5253876452105674
extra_ap12_pace365_p55_r70_cap2,hazard_hist_h5_urgent_cap2,20,sym,50,1000,85.17718996922545,58.7104007728499,115.94613714434688,6.557449768307194,-6.7135802697999125,22.77625306226718
extra_ap12_pace365_p55_r70_cap2,hazard_hist_h5_urgent_cap2,20,forward,50,1000,132.13121784344892,58.15106150412172,204.02663584596556,39.609895455695806,19.48834970471837,59.554038465483615
extra_ap12_pace365_p55_r70_cap2,ap1_change_z_r25_exact_cap2,1,lift,20,1000,1.934691246180871,1.7725801727682227,2.1129246306495877,0.01003235364165267,-0.01601478267732193,0.030199684415778038
extra_ap12_pace365_p55_r70_cap2,ap1_change_z_r25_exact_cap2,1,sym,20,1000,29.73420406629041,24.418184513635655,36.17317962480308,-6.723260216471438,-9.703414404826617,-4.328256355796724
extra_ap12_pace365_p55_r70_cap2,ap1_change_z_r25_exact_cap2,1,forward,20,1000,94.06240612181446,82.39211889687807,107.99010521406073,-5.279492982879148,-12.39284866496906,3.0896366147607743
extra_ap12_pace365_p55_r70_cap2,ap1_change_z_r25_exact_cap2,3,lift,20,1000,2.3836187913050253,2.101963498194636,2.6978198511257685,0.08059131475467751,-0.04331515710702586,0.19237837843508407
extra_ap12_pace365_p55_r70_cap2,ap1_change_z_r25_exact_cap2,3,sym,20,1000,57.20911150572054,46.72232181315141,71.02069998241079,-0.9673248453146712,-7.615978338163737,5.01109701604522
extra_ap12_pace365_p55_r70_cap2,ap1_change_z_r25_exact_cap2,3,forward,20,1000,120.934707490179,103.35815290197993,138.95100353066084,4.893466230830597,-3.6067960810115114,13.362260702400187
extra_ap12_pace365_p55_r70_cap2,ap1_change_z_r25_exact_cap2,5,lift,20,1000,2.4466168471986873,2.1425799081031425,2.7777491381787445,0.14591290068522733,-0.026749562443069537,0.2841325197123256
extra_ap12_pace365_p55_r70_cap2,ap1_change_z_r25_exact_cap2,5,sym,20,1000,68.7693350918824,55.54123262553665,84.25831692676877,1.3781021900764898,-7.847996582716849,9.79636854330873
extra_ap12_pace365_p55_r70_cap2,ap1_change_z_r25_exact_cap2,5,forward,20,1000,130.57007043441754,106.65064859924415,153.24009120551042,10.71440091406788,-0.010552562176968901,21.480350838764153
extra_ap12_pace365_p55_r70_cap2,ap1_change_z_r25_exact_cap2,10,lift,20,1000,2.4033402471195777,2.084991101986494,2.7653469344315926,0.11197197575921525,-0.10430990421356898,0.27075656642845247
extra_ap12_pace365_p55_r70_cap2,ap1_change_z_r25_exact_cap2,10,sym,20,1000,75.21208528333759,56.485564435071915,94.75468878059306,2.682371307587445,-9.713133922084962,12.54669177751982
extra_ap12_pace365_p55_r70_cap2,ap1_change_z_r25_exact_cap2,10,forward,20,1000,133.53083734270365,99.34328927042505,165.1463448827852,10.434476129721887,-3.2803518871175172,22.528591672357116
extra_ap12_pace365_p55_r70_cap2,ap1_change_z_r25_exact_cap2,20,lift,20,1000,2.480249010525178,2.0701783843129666,2.9346535023526568,0.1564358576471978,-0.12211562809636518,0.3875371038973602
extra_ap12_pace365_p55_r70_cap2,ap1_change_z_r25_exact_cap2,20,sym,20,1000,85.17718996922545,53.758072859353234,115.6701037039478,1.8016656950631074,-12.423171177127953,14.385681585694591
extra_ap12_pace365_p55_r70_cap2,ap1_change_z_r25_exact_cap2,20,forward,20,1000,132.13121784344892,73.03492135319873,185.20285804290603,12.63838812291192,-7.004380698871711,32.59066917125025
extra_ap12_pace365_p55_r70_cap2,ap1_change_z_r25_exact_cap2,1,lift,50,1000,1.934691246180871,1.7378553793034954,2.13757618264173,0.01003235364165267,-0.01994359518978721,0.03036042055816254
extra_ap12_pace365_p55_r70_cap2,ap1_change_z_r25_exact_cap2,1,sym,50,1000,29.73420406629041,23.88030275908599,36.579596771377645,-6.723260216471438,-9.907845117043934,-3.898964512712282
extra_ap12_pace365_p55_r70_cap2,ap1_change_z_r25_exact_cap2,1,forward,50,1000,94.06240612181446,80.09334720414978,109.67970032667601,-5.279492982879148,-12.647220588065265,2.7158569057886237
extra_ap12_pace365_p55_r70_cap2,ap1_change_z_r25_exact_cap2,3,lift,50,1000,2.3836187913050253,2.047788328442022,2.772427871898321,0.08059131475467751,-0.06315731460085212,0.2169475320477994
extra_ap12_pace365_p55_r70_cap2,ap1_change_z_r25_exact_cap2,3,sym,50,1000,57.20911150572054,44.92182765405399,71.34973086982882,-0.9673248453146712,-7.720905828924606,5.639619822286891
extra_ap12_pace365_p55_r70_cap2,ap1_change_z_r25_exact_cap2,3,forward,50,1000,120.934707490179,102.48987634345126,138.69719331583582,4.893466230830597,-3.8440838660596466,13.89430136239984
extra_ap12_pace365_p55_r70_cap2,ap1_change_z_r25_exact_cap2,5,lift,50,1000,2.4466168471986873,2.0908844783266685,2.8187691551019585,0.14591290068522733,-0.026277636860180628,0.2795637467964788
extra_ap12_pace365_p55_r70_cap2,ap1_change_z_r25_exact_cap2,5,sym,50,1000,68.7693350918824,54.979495578118275,85.00632361770805,1.3781021900764898,-7.824118668751036,10.11193792663037
extra_ap12_pace365_p55_r70_cap2,ap1_change_z_r25_exact_cap2,5,forward,50,1000,130.57007043441754,106.29204714730741,153.29595799983218,10.71440091406788,-0.4276224440246195,22.29123591507042
extra_ap12_pace365_p55_r70_cap2,ap1_change_z_r25_exact_cap2,10,lift,50,1000,2.4033402471195777,2.029035060518405,2.7973024529568264,0.11197197575921525,-0.07669041809450179,0.2520279703566536
extra_ap12_pace365_p55_r70_cap2,ap1_change_z_r25_exact_cap2,10,sym,50,1000,75.21208528333759,57.4475361443955,94.81584687320888,2.682371307587445,-9.747733801308863,13.446623815613558
extra_ap12_pace365_p55_r70_cap2,ap1_change_z_r25_exact_cap2,10,forward,50,1000,133.53083734270365,95.60690930258747,170.9387878227687,10.434476129721887,-5.911082745456562,25.025852643762764
extra_ap12_pace365_p55_r70_cap2,ap1_change_z_r25_exact_cap2,20,lift,50,1000,2.480249010525178,2.069378626148079,2.970356450877163,0.1564358576471978,-0.10078281237494445,0.37574646879548107
extra_ap12_pace365_p55_r70_cap2,ap1_change_z_r25_exact_cap2,20,sym,50,1000,85.17718996922545,58.7104007728499,115.94613714434688,1.8016656950631074,-11.55863471884282,16.33957940379041
extra_ap12_pace365_p55_r70_cap2,ap1_change_z_r25_exact_cap2,20,forward,50,1000,132.13121784344892,58.15106150412172,204.02663584596556,12.63838812291192,-11.565996114408003,34.71565976848264
extra_ap12_pace365_p60_cap2,extra_h5_r30_nogap_cap2,1,lift,20,1000,1.9344627768526699,1.772242820095843,2.1081461210412002,0.004901245925945208,-0.007178139817356127,0.016728380306358554
extra_ap12_pace365_p60_cap2,extra_h5_r30_nogap_cap2,1,sym,20,1000,29.272037152221372,23.57366101850461,36.17201792922805,-0.08863137076093253,-1.1418685783927431,0.9263078955575499
extra_ap12_pace365_p60_cap2,extra_h5_r30_nogap_cap2,1,forward,20,1000,93.14006789367967,81.08168470777738,107.75331624511001,-3.2276414293017694,-5.639460570053678,-1.503169219889648
extra_ap12_pace365_p60_cap2,extra_h5_r30_nogap_cap2,3,lift,20,1000,2.3647843261806765,2.0820769493765066,2.6799524654651887,-0.020845383865071287,-0.058850700152491116,0.010518718451735666
extra_ap12_pace365_p60_cap2,extra_h5_r30_nogap_cap2,3,sym,20,1000,55.258299316110254,44.555791632234886,69.36399533405798,-0.07676563064570274,-2.4499020479135485,2.500192895719594
extra_ap12_pace365_p60_cap2,extra_h5_r30_nogap_cap2,3,forward,20,1000,120.28427665758915,102.64491373008,139.12219052902202,-3.966553333711687,-7.226116120510051,-1.2338411459524512
extra_ap12_pace365_p60_cap2,extra_h5_r30_nogap_cap2,5,lift,20,1000,2.4297729400122035,2.1259811560567234,2.757453728362249,-0.04545493839738857,-0.1027173935503928,5.611876489210747e-05
extra_ap12_pace365_p60_cap2,extra_h5_r30_nogap_cap2,5,sym,20,1000,66.13246266359336,53.2462940382468,81.94670133907603,-0.4490349942308427,-3.485775070569107,2.7409286440607734
extra_ap12_pace365_p60_cap2,extra_h5_r30_nogap_cap2,5,forward,20,1000,130.06674161405053,107.31740840522279,153.34796189693353,-4.607400721146064,-8.423461044422165,-1.011334476501043
extra_ap12_pace365_p60_cap2,extra_h5_r30_nogap_cap2,10,lift,20,1000,2.338961612489592,2.033746199756477,2.696952391334691,-0.01152716609363269,-0.09848308794416494,0.05481417122150463
extra_ap12_pace365_p60_cap2,extra_h5_r30_nogap_cap2,10,sym,20,1000,72.12683846123268,53.54602886079586,92.26045804085508,-0.9583863488565072,-5.17148109414044,2.660222794987468
extra_ap12_pace365_p60_cap2,extra_h5_r30_nogap_cap2,10,forward,20,1000,132.0199289537346,99.51081568137526,163.16556990850438,-5.622731730612543,-11.387954144796439,-0.4698328325696163
extra_ap12_pace365_p60_cap2,extra_h5_r30_nogap_cap2,20,lift,20,1000,2.4035226181535143,2.01459733851777,2.851599857835981,-0.015291433594307513,-0.1116639120733002,0.0490981456508795
extra_ap12_pace365_p60_cap2,extra_h5_r30_nogap_cap2,20,sym,20,1000,80.95120012681365,48.309803413416894,112.30066061946565,-1.0571955192924491,-6.447636611603772,3.586542826072863
extra_ap12_pace365_p60_cap2,extra_h5_r30_nogap_cap2,20,forward,20,1000,129.034887677522,70.61476297063827,182.96125083902402,-4.519745732778006,-12.352327192107875,2.2419356993075934
extra_ap12_pace365_p60_cap2,extra_h5_r30_nogap_cap2,1,lift,50,1000,1.9344627768526699,1.7362287275212513,2.1333629319624587,0.004901245925945208,-0.007717101064038645,0.01574290176418166
extra_ap12_pace365_p60_cap2,extra_h5_r30_nogap_cap2,1,sym,50,1000,29.272037152221372,23.292882829337916,36.345310675042334,-0.08863137076093253,-1.1320993548497045,0.9467161724020019
extra_ap12_pace365_p60_cap2,extra_h5_r30_nogap_cap2,1,forward,50,1000,93.14006789367967,79.39973903737584,109.5171189576321,-3.2276414293017694,-6.291712209641964,-1.2431869069876238
extra_ap12_pace365_p60_cap2,extra_h5_r30_nogap_cap2,3,lift,50,1000,2.3647843261806765,2.0306823568703485,2.771108880086466,-0.020845383865071287,-0.06763757060122662,0.01173702342289302
extra_ap12_pace365_p60_cap2,extra_h5_r30_nogap_cap2,3,sym,50,1000,55.258299316110254,43.531942454803186,70.05660295056671,-0.07676563064570274,-2.268133973880252,2.2345099636527026
extra_ap12_pace365_p60_cap2,extra_h5_r30_nogap_cap2,3,forward,50,1000,120.28427665758915,101.28792792288615,137.65013445611834,-3.966553333711687,-7.9506028481877555,-1.3104261655142317
extra_ap12_pace365_p60_cap2,extra_h5_r30_nogap_cap2,5,lift,50,1000,2.4297729400122035,2.065828911084124,2.845578029060688,-0.04545493839738857,-0.11256942401885901,0.0038279330022098746
extra_ap12_pace365_p60_cap2,extra_h5_r30_nogap_cap2,5,sym,50,1000,66.13246266359336,52.43956156243533,82.57887460499717,-0.4490349942308427,-3.303757137622601,2.4078810972443554
extra_ap12_pace365_p60_cap2,extra_h5_r30_nogap_cap2,5,forward,50,1000,130.06674161405053,106.45381442569297,152.38798094225504,-4.607400721146064,-8.947355241919768,-1.146903001102703
extra_ap12_pace365_p60_cap2,extra_h5_r30_nogap_cap2,10,lift,50,1000,2.338961612489592,1.9722357520926472,2.7535248674561905,-0.01152716609363269,-0.08269780290633069,0.05314715683881281
extra_ap12_pace365_p60_cap2,extra_h5_r30_nogap_cap2,10,sym,50,1000,72.12683846123268,55.413655088137055,92.70656966206377,-0.9583863488565072,-4.449060473970928,2.109705631350516
extra_ap12_pace365_p60_cap2,extra_h5_r30_nogap_cap2,10,forward,50,1000,132.0199289537346,95.4560425240595,166.67072831745793,-5.622731730612543,-10.672292950660447,-1.1659030759089095
extra_ap12_pace365_p60_cap2,extra_h5_r30_nogap_cap2,20,lift,50,1000,2.4035226181535143,1.9988545482764073,2.909402301656165,-0.015291433594307513,-0.09251992272522622,0.04972036178877128
extra_ap12_pace365_p60_cap2,extra_h5_r30_nogap_cap2,20,sym,50,1000,80.95120012681365,53.31073801247346,112.71030488004136,-1.0571955192924491,-5.500497417250195,2.8894446345572895
extra_ap12_pace365_p60_cap2,extra_h5_r30_nogap_cap2,20,forward,50,1000,129.034887677522,57.81865727094096,200.03596334451365,-4.519745732778006,-11.51828672139173,2.5103788002975747
extra_ap12_pace365_p60_cap2,extra_ap12_silence14_r80_cap2,1,lift,20,1000,1.9344627768526699,1.772242820095843,2.1081461210412002,0.0032121133799278834,-0.005481533257418497,0.012185195729195202
extra_ap12_pace365_p60_cap2,extra_ap12_silence14_r80_cap2,1,sym,20,1000,29.272037152221372,23.57366101850461,36.17201792922805,-0.11556526047061055,-1.147642300990623,0.9425086731622381
extra_ap12_pace365_p60_cap2,extra_ap12_silence14_r80_cap2,1,forward,20,1000,93.14006789367967,81.08168470777738,107.75331624511001,-2.4710097336064365,-4.859009726929839,-0.8436719977823112
extra_ap12_pace365_p60_cap2,extra_ap12_silence14_r80_cap2,3,lift,20,1000,2.3647843261806765,2.0820769493765066,2.6799524654651887,-0.030592759753973908,-0.07079768420952384,0.0066104634063831325
extra_ap12_pace365_p60_cap2,extra_ap12_silence14_r80_cap2,3,sym,20,1000,55.258299316110254,44.555791632234886,69.36399533405798,-0.3799756870462758,-2.606650645189716,2.130968359160452
extra_ap12_pace365_p60_cap2,extra_ap12_silence14_r80_cap2,3,forward,20,1000,120.28427665758915,102.64491373008,139.12219052902202,-2.4250459708928815,-5.137880463463099,0.23477916686256023
extra_ap12_pace365_p60_cap2,extra_ap12_silence14_r80_cap2,5,lift,20,1000,2.4297729400122035,2.1259811560567234,2.757453728362249,-0.05067804858117375,-0.10521187625536323,-0.006481637665429082
extra_ap12_pace365_p60_cap2,extra_ap12_silence14_r80_cap2,5,sym,20,1000,66.13246266359336,53.2462940382468,81.94670133907603,-1.1225686620479678,-3.8274321286742756,1.808803617343699
extra_ap12_pace365_p60_cap2,extra_ap12_silence14_r80_cap2,5,forward,20,1000,130.06674161405053,107.31740840522279,153.34796189693353,-3.0291987491080477,-6.596628894959097,0.436994097514946
extra_ap12_pace365_p60_cap2,extra_ap12_silence14_r80_cap2,10,lift,20,1000,2.338961612489592,2.033746199756477,2.696952391334691,-0.02181366082768532,-0.09820727975050318,0.0445426192028126
extra_ap12_pace365_p60_cap2,extra_ap12_silence14_r80_cap2,10,sym,20,1000,72.12683846123268,53.54602886079586,92.26045804085508,-2.8201315021660065,-6.866511570652669,0.6414640858044424
extra_ap12_pace365_p60_cap2,extra_ap12_silence14_r80_cap2,10,forward,20,1000,132.0199289537346,99.51081568137526,163.16556990850438,-4.945079938739951,-11.081393604837245,0.4857518640474405
extra_ap12_pace365_p60_cap2,extra_ap12_silence14_r80_cap2,20,lift,20,1000,2.4035226181535143,2.01459733851777,2.851599857835981,-0.013957505773588341,-0.09927522342670166,0.06024803733988049
extra_ap12_pace365_p60_cap2,extra_ap12_silence14_r80_cap2,20,sym,20,1000,80.95120012681365,48.309803413416894,112.30066061946565,-3.933182909163378,-10.138229177451386,0.7695623178601618
extra_ap12_pace365_p60_cap2,extra_ap12_silence14_r80_cap2,20,forward,20,1000,129.034887677522,70.61476297063827,182.96125083902402,-6.599909932477402,-15.289580425400448,0.7743559588345585
extra_ap12_pace365_p60_cap2,extra_ap12_silence14_r80_cap2,1,lift,50,1000,1.9344627768526699,1.7362287275212513,2.1333629319624587,0.0032121133799278834,-0.005189601935430404,0.010293201315309858
extra_ap12_pace365_p60_cap2,extra_ap12_silence14_r80_cap2,1,sym,50,1000,29.272037152221372,23.292882829337916,36.345310675042334,-0.11556526047061055,-1.0481113813235186,0.9369930385476428
extra_ap12_pace365_p60_cap2,extra_ap12_silence14_r80_cap2,1,forward,50,1000,93.14006789367967,79.39973903737584,109.5171189576321,-2.4710097336064365,-5.055011138731436,-0.6560080502586465
extra_ap12_pace365_p60_cap2,extra_ap12_silence14_r80_cap2,3,lift,50,1000,2.3647843261806765,2.0306823568703485,2.771108880086466,-0.030592759753973908,-0.08643907421753669,0.011801661252387444
extra_ap12_pace365_p60_cap2,extra_ap12_silence14_r80_cap2,3,sym,50,1000,55.258299316110254,43.531942454803186,70.05660295056671,-0.3799756870462758,-2.253438798194616,1.779772343433555
extra_ap12_pace365_p60_cap2,extra_ap12_silence14_r80_cap2,3,forward,50,1000,120.28427665758915,101.28792792288615,137.65013445611834,-2.4250459708928815,-5.486143639393194,-0.1353302209548297
extra_ap12_pace365_p60_cap2,extra_ap12_silence14_r80_cap2,5,lift,50,1000,2.4297729400122035,2.065828911084124,2.845578029060688,-0.05067804858117375,-0.12145969485259342,-0.0008446667580441886
extra_ap12_pace365_p60_cap2,extra_ap12_silence14_r80_cap2,5,sym,50,1000,66.13246266359336,52.43956156243533,82.57887460499717,-1.1225686620479678,-3.647905758748114,1.449180616569614
extra_ap12_pace365_p60_cap2,extra_ap12_silence14_r80_cap2,5,forward,50,1000,130.06674161405053,106.45381442569297,152.38798094225504,-3.0291987491080477,-6.903003602503964,0.3073938157302549
extra_ap12_pace365_p60_cap2,extra_ap12_silence14_r80_cap2,10,lift,50,1000,2.338961612489592,1.9722357520926472,2.7535248674561905,-0.02181366082768532,-0.09947535491967402,0.05082739543121348
extra_ap12_pace365_p60_cap2,extra_ap12_silence14_r80_cap2,10,sym,50,1000,72.12683846123268,55.413655088137055,92.70656966206377,-2.8201315021660065,-6.124313786134772,-0.24085880384936292
extra_ap12_pace365_p60_cap2,extra_ap12_silence14_r80_cap2,10,forward,50,1000,132.0199289537346,95.4560425240595,166.67072831745793,-4.945079938739951,-10.442669697815639,0.30975066210488256
extra_ap12_pace365_p60_cap2,extra_ap12_silence14_r80_cap2,20,lift,50,1000,2.4035226181535143,1.9988545482764073,2.909402301656165,-0.013957505773588341,-0.10574306918679018,0.06523168146068915
extra_ap12_pace365_p60_cap2,extra_ap12_silence14_r80_cap2,20,sym,50,1000,80.95120012681365,53.31073801247346,112.71030488004136,-3.933182909163378,-8.294484790141325,-0.579928817908864
extra_ap12_pace365_p60_cap2,extra_ap12_silence14_r80_cap2,20,forward,50,1000,129.034887677522,57.81865727094096,200.03596334451365,-6.599909932477402,-13.365515702576678,-0.3715396951312361
extra_ap12_pace365_p60_cap2,extra_ap12_adaptive105_cap2,1,lift,20,1000,1.9344627768526699,1.772242820095843,2.1081461210412002,0.0035959669940051064,-0.0030789161901648653,0.009784264883647968
extra_ap12_pace365_p60_cap2,extra_ap12_adaptive105_cap2,1,sym,20,1000,29.272037152221372,23.57366101850461,36.17201792922805,-0.22204247304520308,-1.051114591429398,0.4207633728116832
extra_ap12_pace365_p60_cap2,extra_ap12_adaptive105_cap2,1,forward,20,1000,93.14006789367967,81.08168470777738,107.75331624511001,-1.3502613499861837,-2.8599230969686675,-0.13153496230589687
extra_ap12_pace365_p60_cap2,extra_ap12_adaptive105_cap2,3,lift,20,1000,2.3647843261806765,2.0820769493765066,2.6799524654651887,0.0005721707171288948,-0.025275564799005744,0.029785335739722075
extra_ap12_pace365_p60_cap2,extra_ap12_adaptive105_cap2,3,sym,20,1000,55.258299316110254,44.555791632234886,69.36399533405798,-0.01046314776053947,-1.6076039494516907,1.4782623922739273
extra_ap12_pace365_p60_cap2,extra_ap12_adaptive105_cap2,3,forward,20,1000,120.28427665758915,102.64491373008,139.12219052902202,-1.332250724402229,-3.4941247166459997,0.8810180674422231
extra_ap12_pace365_p60_cap2,extra_ap12_adaptive105_cap2,5,lift,20,1000,2.4297729400122035,2.1259811560567234,2.757453728362249,-0.003591174111498674,-0.040421208837653544,0.031748881794734965
extra_ap12_pace365_p60_cap2,extra_ap12_adaptive105_cap2,5,sym,20,1000,66.13246266359336,53.2462940382468,81.94670133907603,-0.03201804741196668,-1.8413631149678436,1.919611685940728
extra_ap12_pace365_p60_cap2,extra_ap12_adaptive105_cap2,5,forward,20,1000,130.06674161405053,107.31740840522279,153.34796189693353,-1.505402716766696,-4.007277179251686,1.1734612917488052
extra_ap12_pace365_p60_cap2,extra_ap12_adaptive105_cap2,10,lift,20,1000,2.338961612489592,2.033746199756477,2.696952391334691,-0.014364465519957736,-0.07393265030130926,0.03658014645233086
extra_ap12_pace365_p60_cap2,extra_ap12_adaptive105_cap2,10,sym,20,1000,72.12683846123268,53.54602886079586,92.26045804085508,-0.08152636055238816,-2.704718800516522,2.637392677755121
extra_ap12_pace365_p60_cap2,extra_ap12_adaptive105_cap2,10,forward,20,1000,132.0199289537346,99.51081568137526,163.16556990850438,-2.4832015669304894,-6.468968401114338,1.4205747306520466
extra_ap12_pace365_p60_cap2,extra_ap12_adaptive105_cap2,20,lift,20,1000,2.4035226181535143,2.01459733851777,2.851599857835981,-0.04557533224770394,-0.11975087703857731,0.007778787018463488
extra_ap12_pace365_p60_cap2,extra_ap12_adaptive105_cap2,20,sym,20,1000,80.95120012681365,48.309803413416894,112.30066061946565,-0.21340212930850555,-3.939204140695122,3.169798202243375
extra_ap12_pace365_p60_cap2,extra_ap12_adaptive105_cap2,20,forward,20,1000,129.034887677522,70.61476297063827,182.96125083902402,-1.6216738938479693,-7.085574197332762,4.077040567209822
extra_ap12_pace365_p60_cap2,extra_ap12_adaptive105_cap2,1,lift,50,1000,1.9344627768526699,1.7362287275212513,2.1333629319624587,0.0035959669940051064,-0.003501820349385493,0.009285331520407246
extra_ap12_pace365_p60_cap2,extra_ap12_adaptive105_cap2,1,sym,50,1000,29.272037152221372,23.292882829337916,36.345310675042334,-0.22204247304520308,-0.9719061055949434,0.47514776382708374
extra_ap12_pace365_p60_cap2,extra_ap12_adaptive105_cap2,1,forward,50,1000,93.14006789367967,79.39973903737584,109.5171189576321,-1.3502613499861837,-3.0186856916363416,-0.06746596061946791
extra_ap12_pace365_p60_cap2,extra_ap12_adaptive105_cap2,3,lift,50,1000,2.3647843261806765,2.0306823568703485,2.771108880086466,0.0005721707171288948,-0.03291851817151692,0.03204659476853297
extra_ap12_pace365_p60_cap2,extra_ap12_adaptive105_cap2,3,sym,50,1000,55.258299316110254,43.531942454803186,70.05660295056671,-0.01046314776053947,-1.6187807933580811,1.4177231462249114
extra_ap12_pace365_p60_cap2,extra_ap12_adaptive105_cap2,3,forward,50,1000,120.28427665758915,101.28792792288615,137.65013445611834,-1.332250724402229,-3.7751284858794563,0.8519709619546207
extra_ap12_pace365_p60_cap2,extra_ap12_adaptive105_cap2,5,lift,50,1000,2.4297729400122035,2.065828911084124,2.845578029060688,-0.003591174111498674,-0.04404085831149215,0.03214623657173064
extra_ap12_pace365_p60_cap2,extra_ap12_adaptive105_cap2,5,sym,50,1000,66.13246266359336,52.43956156243533,82.57887460499717,-0.03201804741196668,-1.9023641872595927,1.7095606984193148
extra_ap12_pace365_p60_cap2,extra_ap12_adaptive105_cap2,5,forward,50,1000,130.06674161405053,106.45381442569297,152.38798094225504,-1.505402716766696,-4.082362738439804,1.1113175633200028
extra_ap12_pace365_p60_cap2,extra_ap12_adaptive105_cap2,10,lift,50,1000,2.338961612489592,1.9722357520926472,2.7535248674561905,-0.014364465519957736,-0.0682081041492379,0.03609600495918222
extra_ap12_pace365_p60_cap2,extra_ap12_adaptive105_cap2,10,sym,50,1000,72.12683846123268,55.413655088137055,92.70656966206377,-0.08152636055238816,-2.2803019161344533,2.2888400271609775
extra_ap12_pace365_p60_cap2,extra_ap12_adaptive105_cap2,10,forward,50,1000,132.0199289537346,95.4560425240595,166.67072831745793,-2.4832015669304894,-6.079563736285949,1.1996646167614653
extra_ap12_pace365_p60_cap2,extra_ap12_adaptive105_cap2,20,lift,50,1000,2.4035226181535143,1.9988545482764073,2.909402301656165,-0.04557533224770394,-0.11447070088945913,0.0057662095410017395
extra_ap12_pace365_p60_cap2,extra_ap12_adaptive105_cap2,20,sym,50,1000,80.95120012681365,53.31073801247346,112.71030488004136,-0.21340212930850555,-3.6102446503625996,2.6998673117279846
extra_ap12_pace365_p60_cap2,extra_ap12_adaptive105_cap2,20,forward,50,1000,129.034887677522,57.81865727094096,200.03596334451365,-1.6216738938479693,-6.365311076327542,3.9109993365294318
extra_ap12_pace365_p60_cap2,extra_ap12_top35_cap2,1,lift,20,1000,1.9344627768526699,1.772242820095843,2.1081461210412002,0.006633241347590246,-0.0018976858431384858,0.014282909206754167
extra_ap12_pace365_p60_cap2,extra_ap12_top35_cap2,1,sym,20,1000,29.272037152221372,23.57366101850461,36.17201792922805,0.0029412400723032306,-0.7385218595639809,0.6825600250070256
extra_ap12_pace365_p60_cap2,extra_ap12_top35_cap2,1,forward,20,1000,93.14006789367967,81.08168470777738,107.75331624511001,0.331860659150621,-1.0368195923361028,1.7313832843301644
extra_ap12_pace365_p60_cap2,extra_ap12_top35_cap2,3,lift,20,1000,2.3647843261806765,2.0820769493765066,2.6799524654651887,0.03852802267467359,-0.0006777118407051296,0.08613025453517813
extra_ap12_pace365_p60_cap2,extra_ap12_top35_cap2,3,sym,20,1000,55.258299316110254,44.555791632234886,69.36399533405798,1.108650190581372,-0.5707632046028399,3.011382510625829
extra_ap12_pace365_p60_cap2,extra_ap12_top35_cap2,3,forward,20,1000,120.28427665758915,102.64491373008,139.12219052902202,2.018140945869831,-0.7709695974252891,5.3351026374786175
extra_ap12_pace365_p60_cap2,extra_ap12_top35_cap2,5,lift,20,1000,2.4297729400122035,2.1259811560567234,2.757453728362249,0.054943971361373745,0.010593572681021447,0.10824058818260225
extra_ap12_pace365_p60_cap2,extra_ap12_top35_cap2,5,sym,20,1000,66.13246266359336,53.2462940382468,81.94670133907603,1.5598436702411078,-0.5958906081274996,3.9668651983754453
extra_ap12_pace365_p60_cap2,extra_ap12_top35_cap2,5,forward,20,1000,130.06674161405053,107.31740840522279,153.34796189693353,2.550131504818566,-0.6599904977748938,6.4810780588318435
extra_ap12_pace365_p60_cap2,extra_ap12_top35_cap2,10,lift,20,1000,2.338961612489592,2.033746199756477,2.696952391334691,0.033089461759029604,-0.03143572821707492,0.09666219595444009
extra_ap12_pace365_p60_cap2,extra_ap12_top35_cap2,10,sym,20,1000,72.12683846123268,53.54602886079586,92.26045804085508,1.7985947681731176,-1.182665064861636,5.336496277965752
extra_ap12_pace365_p60_cap2,extra_ap12_top35_cap2,10,forward,20,1000,132.0199289537346,99.51081568137526,163.16556990850438,1.7310639944288084,-3.210463994623404,7.598149011759851
extra_ap12_pace365_p60_cap2,extra_ap12_top35_cap2,20,lift,20,1000,2.4035226181535143,2.01459733851777,2.851599857835981,0.034138765564770246,-0.04166918368422215,0.10144082550768413
extra_ap12_pace365_p60_cap2,extra_ap12_top35_cap2,20,sym,20,1000,80.95120012681365,48.309803413416894,112.30066061946565,2.76022068887292,-1.4214869362341527,7.35420355728903
extra_ap12_pace365_p60_cap2,extra_ap12_top35_cap2,20,forward,20,1000,129.034887677522,70.61476297063827,182.96125083902402,3.325666083842634,-3.2602768239392437,11.148123096677194
extra_ap12_pace365_p60_cap2,extra_ap12_top35_cap2,1,lift,50,1000,1.9344627768526699,1.7362287275212513,2.1333629319624587,0.006633241347590246,-0.0031321675803091696,0.01357774906520716
extra_ap12_pace365_p60_cap2,extra_ap12_top35_cap2,1,sym,50,1000,29.272037152221372,23.292882829337916,36.345310675042334,0.0029412400723032306,-0.6569727729071709,0.8186210083813538
extra_ap12_pace365_p60_cap2,extra_ap12_top35_cap2,1,forward,50,1000,93.14006789367967,79.39973903737584,109.5171189576321,0.331860659150621,-1.2810038260514163,1.758661912438751
extra_ap12_pace365_p60_cap2,extra_ap12_top35_cap2,3,lift,50,1000,2.3647843261806765,2.0306823568703485,2.771108880086466,0.03852802267467359,-0.006156352940348219,0.09305904106211625
extra_ap12_pace365_p60_cap2,extra_ap12_top35_cap2,3,sym,50,1000,55.258299316110254,43.531942454803186,70.05660295056671,1.108650190581372,-0.5205042002784361,2.754874699857734
extra_ap12_pace365_p60_cap2,extra_ap12_top35_cap2,3,forward,50,1000,120.28427665758915,101.28792792288615,137.65013445611834,2.018140945869831,-1.2983943280209271,5.35522744681286
extra_ap12_pace365_p60_cap2,extra_ap12_top35_cap2,5,lift,50,1000,2.4297729400122035,2.065828911084124,2.845578029060688,0.054943971361373745,0.0009704753343698477,0.11773412581845563
extra_ap12_pace365_p60_cap2,extra_ap12_top35_cap2,5,sym,50,1000,66.13246266359336,52.43956156243533,82.57887460499717,1.5598436702411078,-0.5683249130225765,3.8753216418746304
extra_ap12_pace365_p60_cap2,extra_ap12_top35_cap2,5,forward,50,1000,130.06674161405053,106.45381442569297,152.38798094225504,2.550131504818566,-1.3256344755567497,6.676068792681376
extra_ap12_pace365_p60_cap2,extra_ap12_top35_cap2,10,lift,50,1000,2.338961612489592,1.9722357520926472,2.7535248674561905,0.033089461759029604,-0.0437997354361109,0.1062559822444422
extra_ap12_pace365_p60_cap2,extra_ap12_top35_cap2,10,sym,50,1000,72.12683846123268,55.413655088137055,92.70656966206377,1.7985947681731176,-0.8683734441589841,4.628070417183234
extra_ap12_pace365_p60_cap2,extra_ap12_top35_cap2,10,forward,50,1000,132.0199289537346,95.4560425240595,166.67072831745793,1.7310639944288084,-3.7785365042509356,7.891648919568224
extra_ap12_pace365_p60_cap2,extra_ap12_top35_cap2,20,lift,50,1000,2.4035226181535143,1.9988545482764073,2.909402301656165,0.034138765564770246,-0.05305687605140079,0.1102252129242202
extra_ap12_pace365_p60_cap2,extra_ap12_top35_cap2,20,sym,50,1000,80.95120012681365,53.31073801247346,112.71030488004136,2.76022068887292,-1.4404312617518875,6.541641861550043
extra_ap12_pace365_p60_cap2,extra_ap12_top35_cap2,20,forward,50,1000,129.034887677522,57.81865727094096,200.03596334451365,3.325666083842634,-4.061137029354363,11.041436127921294
extra_ap12_pace365_p60_cap2,extra_roll2_silence21_r70_cap2,1,lift,20,1000,1.9344627768526699,1.772242820095843,2.1081461210412002,-0.0044915614447123,-0.01786823084671526,0.006594606016706903
extra_ap12_pace365_p60_cap2,extra_roll2_silence21_r70_cap2,1,sym,20,1000,29.272037152221372,23.57366101850461,36.17201792922805,-2.35107110266134,-4.477727997278139,-0.37517651025675175
extra_ap12_pace365_p60_cap2,extra_roll2_silence21_r70_cap2,1,forward,20,1000,93.14006789367967,81.08168470777738,107.75331624511001,-2.9854884442284373,-7.104273919815369,0.7718027959813735
extra_ap12_pace365_p60_cap2,extra_roll2_silence21_r70_cap2,3,lift,20,1000,2.3647843261806765,2.0820769493765066,2.6799524654651887,-0.06059460695880059,-0.13345337732892074,-0.00017983708221009994
extra_ap12_pace365_p60_cap2,extra_roll2_silence21_r70_cap2,3,sym,20,1000,55.258299316110254,44.555791632234886,69.36399533405798,-8.101513726809202,-12.968790056253528,-3.892087787379928
extra_ap12_pace365_p60_cap2,extra_roll2_silence21_r70_cap2,3,forward,20,1000,120.28427665758915,102.64491373008,139.12219052902202,-7.348592053272384,-12.386004861903864,-2.879048039222331
extra_ap12_pace365_p60_cap2,extra_roll2_silence21_r70_cap2,5,lift,20,1000,2.4297729400122035,2.1259811560567234,2.757453728362249,-0.05534186019091347,-0.14317185952673872,0.029572970540903853
extra_ap12_pace365_p60_cap2,extra_roll2_silence21_r70_cap2,5,sym,20,1000,66.13246266359336,53.2462940382468,81.94670133907603,-9.835795004437458,-16.47225566219597,-4.773053475035114
extra_ap12_pace365_p60_cap2,extra_roll2_silence21_r70_cap2,5,forward,20,1000,130.06674161405053,107.31740840522279,153.34796189693353,-6.938532190970932,-12.868067518802784,-1.138074416375166
extra_ap12_pace365_p60_cap2,extra_roll2_silence21_r70_cap2,10,lift,20,1000,2.338961612489592,2.033746199756477,2.696952391334691,-0.08429286001201675,-0.21784461766681293,0.02578005955415198
extra_ap12_pace365_p60_cap2,extra_roll2_silence21_r70_cap2,10,sym,20,1000,72.12683846123268,53.54602886079586,92.26045804085508,-7.625696409448707,-16.102092626765117,-0.9775971806102636
extra_ap12_pace365_p60_cap2,extra_roll2_silence21_r70_cap2,10,forward,20,1000,132.0199289537346,99.51081568137526,163.16556990850438,-2.2821724309984575,-11.978161948521576,7.39160740817648
extra_ap12_pace365_p60_cap2,extra_roll2_silence21_r70_cap2,20,lift,20,1000,2.4035226181535143,2.01459733851777,2.851599857835981,-0.027897030251218702,-0.18887806105467475,0.11306881244133893
extra_ap12_pace365_p60_cap2,extra_roll2_silence21_r70_cap2,20,sym,20,1000,80.95120012681365,48.309803413416894,112.30066061946565,-7.9706562103959016,-16.537859358947173,-0.4367788175836954
extra_ap12_pace365_p60_cap2,extra_roll2_silence21_r70_cap2,20,forward,20,1000,129.034887677522,70.61476297063827,182.96125083902402,-1.1532201884961637,-14.301201326942106,11.7459808480825
extra_ap12_pace365_p60_cap2,extra_roll2_silence21_r70_cap2,1,lift,50,1000,1.9344627768526699,1.7362287275212513,2.1333629319624587,-0.0044915614447123,-0.018508226079947582,0.005733826656484316
extra_ap12_pace365_p60_cap2,extra_roll2_silence21_r70_cap2,1,sym,50,1000,29.272037152221372,23.292882829337916,36.345310675042334,-2.35107110266134,-4.365899708994553,-0.29102438690628
extra_ap12_pace365_p60_cap2,extra_roll2_silence21_r70_cap2,1,forward,50,1000,93.14006789367967,79.39973903737584,109.5171189576321,-2.9854884442284373,-7.522537898516443,1.1022229587186623
extra_ap12_pace365_p60_cap2,extra_roll2_silence21_r70_cap2,3,lift,50,1000,2.3647843261806765,2.0306823568703485,2.771108880086466,-0.06059460695880059,-0.13534180944345492,0.005697673087965866
extra_ap12_pace365_p60_cap2,extra_roll2_silence21_r70_cap2,3,sym,50,1000,55.258299316110254,43.531942454803186,70.05660295056671,-8.101513726809202,-13.308664341901547,-3.600760630190773
extra_ap12_pace365_p60_cap2,extra_roll2_silence21_r70_cap2,3,forward,50,1000,120.28427665758915,101.28792792288615,137.65013445611834,-7.348592053272384,-13.45596981980632,-2.352365241540272
extra_ap12_pace365_p60_cap2,extra_roll2_silence21_r70_cap2,5,lift,50,1000,2.4297729400122035,2.065828911084124,2.845578029060688,-0.05534186019091347,-0.1310227249289615,0.016054202293869696
extra_ap12_pace365_p60_cap2,extra_roll2_silence21_r70_cap2,5,sym,50,1000,66.13246266359336,52.43956156243533,82.57887460499717,-9.835795004437458,-16.763803259343117,-4.430216848942588
extra_ap12_pace365_p60_cap2,extra_roll2_silence21_r70_cap2,5,forward,50,1000,130.06674161405053,106.45381442569297,152.38798094225504,-6.938532190970932,-13.193080613626499,-1.2962460803780393
extra_ap12_pace365_p60_cap2,extra_roll2_silence21_r70_cap2,10,lift,50,1000,2.338961612489592,1.9722357520926472,2.7535248674561905,-0.08429286001201675,-0.2031159187981334,0.010246836898176404
extra_ap12_pace365_p60_cap2,extra_roll2_silence21_r70_cap2,10,sym,50,1000,72.12683846123268,55.413655088137055,92.70656966206377,-7.625696409448707,-15.735813598407491,-1.312706303924563
extra_ap12_pace365_p60_cap2,extra_roll2_silence21_r70_cap2,10,forward,50,1000,132.0199289537346,95.4560425240595,166.67072831745793,-2.2821724309984575,-9.70332982822366,4.782873003000113
extra_ap12_pace365_p60_cap2,extra_roll2_silence21_r70_cap2,20,lift,50,1000,2.4035226181535143,1.9988545482764073,2.909402301656165,-0.027897030251218702,-0.1887831852780213,0.09572851971247212
extra_ap12_pace365_p60_cap2,extra_roll2_silence21_r70_cap2,20,sym,50,1000,80.95120012681365,53.31073801247346,112.71030488004136,-7.9706562103959016,-17.235277248568277,-0.015116803996359073
extra_ap12_pace365_p60_cap2,extra_roll2_silence21_r70_cap2,20,forward,50,1000,129.034887677522,57.81865727094096,200.03596334451365,-1.1532201884961637,-13.832604331970172,8.919278077257106
extra_ap12_pace365_p60_cap2,extra_ap12_silence14_month24_cap2,1,lift,20,1000,1.9344627768526699,1.772242820095843,2.1081461210412002,0.0035770150293958913,-0.005490853106261328,0.01262018844868089
extra_ap12_pace365_p60_cap2,extra_ap12_silence14_month24_cap2,1,sym,20,1000,29.272037152221372,23.57366101850461,36.17201792922805,-0.09475566905714672,-1.1283661221068577,0.969544211301547
extra_ap12_pace365_p60_cap2,extra_ap12_silence14_month24_cap2,1,forward,20,1000,93.14006789367967,81.08168470777738,107.75331624511001,-2.3978752784756665,-4.798731005056518,-0.7659455574454942
extra_ap12_pace365_p60_cap2,extra_ap12_silence14_month24_cap2,3,lift,20,1000,2.3647843261806765,2.0820769493765066,2.6799524654651887,-0.02632526232839849,-0.06613648629995601,0.012550994782822738
extra_ap12_pace365_p60_cap2,extra_ap12_silence14_month24_cap2,3,sym,20,1000,55.258299316110254,44.555791632234886,69.36399533405798,-0.3164321479917689,-2.5607851087197635,2.1975524703546596
extra_ap12_pace365_p60_cap2,extra_ap12_silence14_month24_cap2,3,forward,20,1000,120.28427665758915,102.64491373008,139.12219052902202,-2.2133934244220512,-5.07666800090511,0.573907234941908
extra_ap12_pace365_p60_cap2,extra_ap12_silence14_month24_cap2,5,lift,20,1000,2.4297729400122035,2.1259811560567234,2.757453728362249,-0.04592739486927977,-0.10190566685793716,0.0016787374141945192
extra_ap12_pace365_p60_cap2,extra_ap12_silence14_month24_cap2,5,sym,20,1000,66.13246266359336,53.2462940382468,81.94670133907603,-1.0889815457072132,-3.799062060521187,1.8489154049941707
extra_ap12_pace365_p60_cap2,extra_ap12_silence14_month24_cap2,5,forward,20,1000,130.06674161405053,107.31740840522279,153.34796189693353,-2.776200163019354,-6.522275830600316,0.8118310260915677
extra_ap12_pace365_p60_cap2,extra_ap12_silence14_month24_cap2,10,lift,20,1000,2.338961612489592,2.033746199756477,2.696952391334691,-0.01683351387441867,-0.09586464644158332,0.05061780909996264
extra_ap12_pace365_p60_cap2,extra_ap12_silence14_month24_cap2,10,sym,20,1000,72.12683846123268,53.54602886079586,92.26045804085508,-2.8769078016535587,-6.913298206169794,0.6414640858044427
extra_ap12_pace365_p60_cap2,extra_ap12_silence14_month24_cap2,10,forward,20,1000,132.0199289537346,99.51081568137526,163.16556990850438,-4.6950609265274466,-10.796766128887196,0.8985438790643998
extra_ap12_pace365_p60_cap2,extra_ap12_silence14_month24_cap2,20,lift,20,1000,2.4035226181535143,2.01459733851777,2.851599857835981,-0.008025543837069993,-0.09285434905383445,0.06827209526353034
extra_ap12_pace365_p60_cap2,extra_ap12_silence14_month24_cap2,20,sym,20,1000,80.95120012681365,48.309803413416894,112.30066061946565,-4.056139223499528,-10.278943731161204,0.5839237209380487
extra_ap12_pace365_p60_cap2,extra_ap12_silence14_month24_cap2,20,forward,20,1000,129.034887677522,70.61476297063827,182.96125083902402,-6.381917380710377,-15.12829514214613,0.917320739538986
extra_ap12_pace365_p60_cap2,extra_ap12_silence14_month24_cap2,1,lift,50,1000,1.9344627768526699,1.7362287275212513,2.1333629319624587,0.0035770150293958913,-0.005517385890256582,0.011228326460703982
extra_ap12_pace365_p60_cap2,extra_ap12_silence14_month24_cap2,1,sym,50,1000,29.272037152221372,23.292882829337916,36.345310675042334,-0.09475566905714672,-1.0230482150349434,0.950867448579307
extra_ap12_pace365_p60_cap2,extra_ap12_silence14_month24_cap2,1,forward,50,1000,93.14006789367967,79.39973903737584,109.5171189576321,-2.3978752784756665,-4.993384544846148,-0.5289254977426576
extra_ap12_pace365_p60_cap2,extra_ap12_silence14_month24_cap2,3,lift,50,1000,2.3647843261806765,2.0306823568703485,2.771108880086466,-0.02632526232839849,-0.0835613801787671,0.01895465893261621
extra_ap12_pace365_p60_cap2,extra_ap12_silence14_month24_cap2,3,sym,50,1000,55.258299316110254,43.531942454803186,70.05660295056671,-0.3164321479917689,-2.207070940807381,1.820769586325117
extra_ap12_pace365_p60_cap2,extra_ap12_silence14_month24_cap2,3,forward,50,1000,120.28427665758915,101.28792792288615,137.65013445611834,-2.2133934244220512,-5.4399691647855155,0.24614700408199272
extra_ap12_pace365_p60_cap2,extra_ap12_silence14_month24_cap2,5,lift,50,1000,2.4297729400122035,2.065828911084124,2.845578029060688,-0.04592739486927977,-0.11761956309372992,0.004366066059174051
extra_ap12_pace365_p60_cap2,extra_ap12_silence14_month24_cap2,5,sym,50,1000,66.13246266359336,52.43956156243533,82.57887460499717,-1.0889815457072132,-3.60182282101403,1.4746694960646887
extra_ap12_pace365_p60_cap2,extra_ap12_silence14_month24_cap2,5,forward,50,1000,130.06674161405053,106.45381442569297,152.38798094225504,-2.776200163019354,-6.762551300115473,0.6693977093875896
extra_ap12_pace365_p60_cap2,extra_ap12_silence14_month24_cap2,10,lift,50,1000,2.338961612489592,1.9722357520926472,2.7535248674561905,-0.01683351387441867,-0.09795049002889675,0.05827593460807112
extra_ap12_pace365_p60_cap2,extra_ap12_silence14_month24_cap2,10,sym,50,1000,72.12683846123268,55.413655088137055,92.70656966206377,-2.8769078016535587,-6.1479721658854425,-0.3384609884068472
extra_ap12_pace365_p60_cap2,extra_ap12_silence14_month24_cap2,10,forward,50,1000,132.0199289537346,95.4560425240595,166.67072831745793,-4.6950609265274466,-10.261767258397477,0.46251088340096896
extra_ap12_pace365_p60_cap2,extra_ap12_silence14_month24_cap2,20,lift,50,1000,2.4035226181535143,1.9988545482764073,2.909402301656165,-0.008025543837069993,-0.1018538345108044,0.07374963547069421
extra_ap12_pace365_p60_cap2,extra_ap12_silence14_month24_cap2,20,sym,50,1000,80.95120012681365,53.31073801247346,112.71030488004136,-4.056139223499528,-8.343763883457155,-0.734869642438091
extra_ap12_pace365_p60_cap2,extra_ap12_silence14_month24_cap2,20,forward,50,1000,129.034887677522,57.81865727094096,200.03596334451365,-6.381917380710377,-13.256084425847806,-0.14412013073732927
extra_ap12_pace365_p60_cap2,extra_roll2_primary_cap2,1,lift,20,1000,1.9344627768526699,1.772242820095843,2.1081461210412002,-0.005999308133622705,-0.020329020082226902,0.008481202695139184
extra_ap12_pace365_p60_cap2,extra_roll2_primary_cap2,1,sym,20,1000,29.272037152221372,23.57366101850461,36.17201792922805,-2.6231970160600575,-4.807545074967204,-0.6746535151710159
extra_ap12_pace365_p60_cap2,extra_roll2_primary_cap2,1,forward,20,1000,93.14006789367967,81.08168470777738,107.75331624511001,-4.687547387592829,-9.073841438651792,-0.9577337978556593
extra_ap12_pace365_p60_cap2,extra_roll2_primary_cap2,3,lift,20,1000,2.3647843261806765,2.0820769493765066,2.6799524654651887,-0.07093699601677228,-0.1341126077734852,-0.020361859717519085
extra_ap12_pace365_p60_cap2,extra_roll2_primary_cap2,3,sym,20,1000,55.258299316110254,44.555791632234886,69.36399533405798,-8.393805740004595,-13.567119612970597,-3.93712577630925
extra_ap12_pace365_p60_cap2,extra_roll2_primary_cap2,3,forward,20,1000,120.28427665758915,102.64491373008,139.12219052902202,-9.796985694669814,-15.302635111001685,-4.820392448726116
extra_ap12_pace365_p60_cap2,extra_roll2_primary_cap2,5,lift,20,1000,2.4297729400122035,2.1259811560567234,2.757453728362249,-0.08781308100853957,-0.17353130871335012,-0.00892816663284373
extra_ap12_pace365_p60_cap2,extra_roll2_primary_cap2,5,sym,20,1000,66.13246266359336,53.2462940382468,81.94670133907603,-10.187585815131428,-17.23755458714401,-4.800081898487267
extra_ap12_pace365_p60_cap2,extra_roll2_primary_cap2,5,forward,20,1000,130.06674161405053,107.31740840522279,153.34796189693353,-10.424281410213695,-17.29478071029246,-3.9868921842712295
extra_ap12_pace365_p60_cap2,extra_roll2_primary_cap2,10,lift,20,1000,2.338961612489592,2.033746199756477,2.696952391334691,-0.13144790880201995,-0.2694583904996256,-0.01902721689877639
extra_ap12_pace365_p60_cap2,extra_roll2_primary_cap2,10,sym,20,1000,72.12683846123268,53.54602886079586,92.26045804085508,-6.9857625621239094,-16.39458849767493,0.4093409004227471
extra_ap12_pace365_p60_cap2,extra_roll2_primary_cap2,10,forward,20,1000,132.0199289537346,99.51081568137526,163.16556990850438,-5.452954789164039,-15.581884152620638,4.159788137399841
extra_ap12_pace365_p60_cap2,extra_roll2_primary_cap2,20,lift,20,1000,2.4035226181535143,2.01459733851777,2.851599857835981,-0.06515134006701162,-0.2334241526899568,0.0824062633943515
extra_ap12_pace365_p60_cap2,extra_roll2_primary_cap2,20,sym,20,1000,80.95120012681365,48.309803413416894,112.30066061946565,-5.304269364782002,-14.305279195439631,3.2323054899276014
extra_ap12_pace365_p60_cap2,extra_roll2_primary_cap2,20,forward,20,1000,129.034887677522,70.61476297063827,182.96125083902402,-0.9829193867371373,-14.609053990305531,12.148018375118335
extra_ap12_pace365_p60_cap2,extra_roll2_primary_cap2,1,lift,50,1000,1.9344627768526699,1.7362287275212513,2.1333629319624587,-0.005999308133622705,-0.022553807914615726,0.008951528702550829
extra_ap12_pace365_p60_cap2,extra_roll2_primary_cap2,1,sym,50,1000,29.272037152221372,23.292882829337916,36.345310675042334,-2.6231970160600575,-4.755839900395962,-0.40861084725283753
extra_ap12_pace365_p60_cap2,extra_roll2_primary_cap2,1,forward,50,1000,93.14006789367967,79.39973903737584,109.5171189576321,-4.687547387592829,-9.643745857667396,-0.3334958488811911
extra_ap12_pace365_p60_cap2,extra_roll2_primary_cap2,3,lift,50,1000,2.3647843261806765,2.0306823568703485,2.771108880086466,-0.07093699601677228,-0.1309733173806004,-0.021087521920351144
extra_ap12_pace365_p60_cap2,extra_roll2_primary_cap2,3,sym,50,1000,55.258299316110254,43.531942454803186,70.05660295056671,-8.393805740004595,-14.009684800843733,-3.5146430767733357
extra_ap12_pace365_p60_cap2,extra_roll2_primary_cap2,3,forward,50,1000,120.28427665758915,101.28792792288615,137.65013445611834,-9.796985694669814,-16.796075311548037,-4.582760088940369
extra_ap12_pace365_p60_cap2,extra_roll2_primary_cap2,5,lift,50,1000,2.4297729400122035,2.065828911084124,2.845578029060688,-0.08781308100853957,-0.16084897418140856,-0.021699108538920698
extra_ap12_pace365_p60_cap2,extra_roll2_primary_cap2,5,sym,50,1000,66.13246266359336,52.43956156243533,82.57887460499717,-10.187585815131428,-17.448247883841148,-4.202061500678901
extra_ap12_pace365_p60_cap2,extra_roll2_primary_cap2,5,forward,50,1000,130.06674161405053,106.45381442569297,152.38798094225504,-10.424281410213695,-18.0814845072799,-3.9240329221624703
extra_ap12_pace365_p60_cap2,extra_roll2_primary_cap2,10,lift,50,1000,2.338961612489592,1.9722357520926472,2.7535248674561905,-0.13144790880201995,-0.24092600976793316,-0.03137382434757527
extra_ap12_pace365_p60_cap2,extra_roll2_primary_cap2,10,sym,50,1000,72.12683846123268,55.413655088137055,92.70656966206377,-6.9857625621239094,-15.991013686917249,0.7228652237705858
extra_ap12_pace365_p60_cap2,extra_roll2_primary_cap2,10,forward,50,1000,132.0199289537346,95.4560425240595,166.67072831745793,-5.452954789164039,-13.57884116509374,2.254209013522808
extra_ap12_pace365_p60_cap2,extra_roll2_primary_cap2,20,lift,50,1000,2.4035226181535143,1.9988545482764073,2.909402301656165,-0.06515134006701162,-0.21887823506730325,0.05871077189094316
extra_ap12_pace365_p60_cap2,extra_roll2_primary_cap2,20,sym,50,1000,80.95120012681365,53.31073801247346,112.71030488004136,-5.304269364782002,-15.01601387105565,3.319941906872035
extra_ap12_pace365_p60_cap2,extra_roll2_primary_cap2,20,forward,50,1000,129.034887677522,57.81865727094096,200.03596334451365,-0.9829193867371373,-13.699440710193462,9.515110265001226
extra_ap12_pace365_p60_cap2,local_extra_primary_cap2,1,lift,20,1000,1.9344627768526699,1.772242820095843,2.1081461210412002,0.0014734700259100286,-0.021357308587034402,0.0220360889777046
extra_ap12_pace365_p60_cap2,local_extra_primary_cap2,1,sym,20,1000,29.272037152221372,23.57366101850461,36.17201792922805,-2.435054638447326,-4.210249799855843,-0.9964203155557602
extra_ap12_pace365_p60_cap2,local_extra_primary_cap2,1,forward,20,1000,93.14006789367967,81.08168470777738,107.75331624511001,-7.4575572781663055,-10.93814456297775,-4.230382958064705
extra_ap12_pace365_p60_cap2,local_extra_primary_cap2,3,lift,20,1000,2.3647843261806765,2.0820769493765066,2.6799524654651887,-0.07700831620145188,-0.16666444040766917,0.0019297798071208825
extra_ap12_pace365_p60_cap2,local_extra_primary_cap2,3,sym,20,1000,55.258299316110254,44.555791632234886,69.36399533405798,-3.9568420641503934,-7.279724153223999,-0.790333170443808
extra_ap12_pace365_p60_cap2,local_extra_primary_cap2,3,forward,20,1000,120.28427665758915,102.64491373008,139.12219052902202,-10.141451882328653,-15.169022443259367,-5.4567851261040285
extra_ap12_pace365_p60_cap2,local_extra_primary_cap2,5,lift,20,1000,2.4297729400122035,2.1259811560567234,2.757453728362249,-0.10130142014388088,-0.21053635601535248,-0.006046379299457217
extra_ap12_pace365_p60_cap2,local_extra_primary_cap2,5,sym,20,1000,66.13246266359336,53.2462940382468,81.94670133907603,-4.460340668038938,-8.676023200420893,-0.6424122189911107
extra_ap12_pace365_p60_cap2,local_extra_primary_cap2,5,forward,20,1000,130.06674161405053,107.31740840522279,153.34796189693353,-10.640971106828886,-15.764107865175363,-5.533912468951604
extra_ap12_pace365_p60_cap2,local_extra_primary_cap2,10,lift,20,1000,2.338961612489592,2.033746199756477,2.696952391334691,-0.06489279209128274,-0.19697491346501134,0.03492910681779759
extra_ap12_pace365_p60_cap2,local_extra_primary_cap2,10,sym,20,1000,72.12683846123268,53.54602886079586,92.26045804085508,-2.7199325289137875,-8.623003214214386,2.9794749703885404
extra_ap12_pace365_p60_cap2,local_extra_primary_cap2,10,forward,20,1000,132.0199289537346,99.51081568137526,163.16556990850438,-8.11130340845952,-15.787097382592009,-1.1443208984058837
extra_ap12_pace365_p60_cap2,local_extra_primary_cap2,20,lift,20,1000,2.4035226181535143,2.01459733851777,2.851599857835981,-0.011461566433863979,-0.1751276468145258,0.11419908153740244
extra_ap12_pace365_p60_cap2,local_extra_primary_cap2,20,sym,20,1000,80.95120012681365,48.309803413416894,112.30066061946565,-2.2829159771047216,-9.919104208293062,5.145224836801091
extra_ap12_pace365_p60_cap2,local_extra_primary_cap2,20,forward,20,1000,129.034887677522,70.61476297063827,182.96125083902402,-2.50665777113025,-14.635974601741152,9.303550866066056
extra_ap12_pace365_p60_cap2,local_extra_primary_cap2,1,lift,50,1000,1.9344627768526699,1.7362287275212513,2.1333629319624587,0.0014734700259100286,-0.02548318602076639,0.021641763482012043
extra_ap12_pace365_p60_cap2,local_extra_primary_cap2,1,sym,50,1000,29.272037152221372,23.292882829337916,36.345310675042334,-2.435054638447326,-4.089951212541237,-1.0134170740999902
extra_ap12_pace365_p60_cap2,local_extra_primary_cap2,1,forward,50,1000,93.14006789367967,79.39973903737584,109.5171189576321,-7.4575572781663055,-12.042580493473892,-4.215035629158893
extra_ap12_pace365_p60_cap2,local_extra_primary_cap2,3,lift,50,1000,2.3647843261806765,2.0306823568703485,2.771108880086466,-0.07700831620145188,-0.1829483341450145,0.01236629545078524
extra_ap12_pace365_p60_cap2,local_extra_primary_cap2,3,sym,50,1000,55.258299316110254,43.531942454803186,70.05660295056671,-3.9568420641503934,-7.362623088260051,-1.0003725882182768
extra_ap12_pace365_p60_cap2,local_extra_primary_cap2,3,forward,50,1000,120.28427665758915,101.28792792288615,137.65013445611834,-10.141451882328653,-16.11348486744031,-5.453228994694968
extra_ap12_pace365_p60_cap2,local_extra_primary_cap2,5,lift,50,1000,2.4297729400122035,2.065828911084124,2.845578029060688,-0.10130142014388088,-0.21853407035016392,0.002018065504139551
extra_ap12_pace365_p60_cap2,local_extra_primary_cap2,5,sym,50,1000,66.13246266359336,52.43956156243533,82.57887460499717,-4.460340668038938,-8.765612002042351,-0.5555126852309482
extra_ap12_pace365_p60_cap2,local_extra_primary_cap2,5,forward,50,1000,130.06674161405053,106.45381442569297,152.38798094225504,-10.640971106828886,-16.30598530974344,-5.471554850830242
extra_ap12_pace365_p60_cap2,local_extra_primary_cap2,10,lift,50,1000,2.338961612489592,1.9722357520926472,2.7535248674561905,-0.06489279209128274,-0.19922359347097332,0.02658503575393997
extra_ap12_pace365_p60_cap2,local_extra_primary_cap2,10,sym,50,1000,72.12683846123268,55.413655088137055,92.70656966206377,-2.7199325289137875,-7.991156089298312,2.338248230547985
extra_ap12_pace365_p60_cap2,local_extra_primary_cap2,10,forward,50,1000,132.0199289537346,95.4560425240595,166.67072831745793,-8.11130340845952,-14.453620839429043,-1.7746783467604095
extra_ap12_pace365_p60_cap2,local_extra_primary_cap2,20,lift,50,1000,2.4035226181535143,1.9988545482764073,2.909402301656165,-0.011461566433863979,-0.1680235949307145,0.08150881709962035
extra_ap12_pace365_p60_cap2,local_extra_primary_cap2,20,sym,50,1000,80.95120012681365,53.31073801247346,112.71030488004136,-2.2829159771047216,-9.011472672268878,3.5900236063574043
extra_ap12_pace365_p60_cap2,local_extra_primary_cap2,20,forward,50,1000,129.034887677522,57.81865727094096,200.03596334451365,-2.50665777113025,-14.362100273238427,8.511563066873004
extra_ap12_pace365_p60_cap2,extra_roll2_reserve7_cap2,1,lift,20,1000,1.9344627768526699,1.772242820095843,2.1081461210412002,-0.002086694644697795,-0.023722563850537077,0.01275441668163871
extra_ap12_pace365_p60_cap2,extra_roll2_reserve7_cap2,1,sym,20,1000,29.272037152221372,23.57366101850461,36.17201792922805,-2.1813786626105767,-4.425698726869778,-0.049722378547497746
extra_ap12_pace365_p60_cap2,extra_roll2_reserve7_cap2,1,forward,20,1000,93.14006789367967,81.08168470777738,107.75331624511001,4.232912578131106,0.1478999450434146,8.344347816081061
extra_ap12_pace365_p60_cap2,extra_roll2_reserve7_cap2,3,lift,20,1000,2.3647843261806765,2.0820769493765066,2.6799524654651887,0.05137260745101413,-0.030167758774933735,0.13768456904250295
extra_ap12_pace365_p60_cap2,extra_roll2_reserve7_cap2,3,sym,20,1000,55.258299316110254,44.555791632234886,69.36399533405798,-6.51314700365932,-11.169015210402197,-1.773732165601624
extra_ap12_pace365_p60_cap2,extra_roll2_reserve7_cap2,3,forward,20,1000,120.28427665758915,102.64491373008,139.12219052902202,6.214818381459736,0.02575547495743822,12.470257222653675
extra_ap12_pace365_p60_cap2,extra_roll2_reserve7_cap2,5,lift,20,1000,2.4297729400122035,2.1259811560567234,2.757453728362249,0.08953491860824814,-0.017360951728520223,0.19389377849626308
extra_ap12_pace365_p60_cap2,extra_roll2_reserve7_cap2,5,sym,20,1000,66.13246266359336,53.2462940382468,81.94670133907603,-7.824314357159025,-14.035155152952626,-2.0942581503053113
extra_ap12_pace365_p60_cap2,extra_roll2_reserve7_cap2,5,forward,20,1000,130.06674161405053,107.31740840522279,153.34796189693353,8.070782139782196,0.0511557795911877,15.5020894989676
extra_ap12_pace365_p60_cap2,extra_roll2_reserve7_cap2,10,lift,20,1000,2.338961612489592,2.033746199756477,2.696952391334691,0.012099320169114858,-0.11477785525537915,0.1283374082789428
extra_ap12_pace365_p60_cap2,extra_roll2_reserve7_cap2,10,sym,20,1000,72.12683846123268,53.54602886079586,92.26045804085508,-5.602984124119303,-12.602237495899828,0.7936215481817981
extra_ap12_pace365_p60_cap2,extra_roll2_reserve7_cap2,10,forward,20,1000,132.0199289537346,99.51081568137526,163.16556990850438,10.88247630966194,1.2662441241797446,20.891965321141512
extra_ap12_pace365_p60_cap2,extra_roll2_reserve7_cap2,20,lift,20,1000,2.4035226181535143,2.01459733851777,2.851599857835981,0.06522895109842741,-0.09903186876093534,0.2228337811721244
extra_ap12_pace365_p60_cap2,extra_roll2_reserve7_cap2,20,sym,20,1000,80.95120012681365,48.309803413416894,112.30066061946565,-4.810831342847209,-12.647363884623633,3.2295596815065526
extra_ap12_pace365_p60_cap2,extra_roll2_reserve7_cap2,20,forward,20,1000,129.034887677522,70.61476297063827,182.96125083902402,9.936224845740114,-1.4293168618272176,21.927772331007414
extra_ap12_pace365_p60_cap2,extra_roll2_reserve7_cap2,1,lift,50,1000,1.9344627768526699,1.7362287275212513,2.1333629319624587,-0.002086694644697795,-0.027342290428795317,0.012234486767169981
extra_ap12_pace365_p60_cap2,extra_roll2_reserve7_cap2,1,sym,50,1000,29.272037152221372,23.292882829337916,36.345310675042334,-2.1813786626105767,-4.688460490013024,0.25982172725745795
extra_ap12_pace365_p60_cap2,extra_roll2_reserve7_cap2,1,forward,50,1000,93.14006789367967,79.39973903737584,109.5171189576321,4.232912578131106,-0.5794318703625351,8.631820691931589
extra_ap12_pace365_p60_cap2,extra_roll2_reserve7_cap2,3,lift,50,1000,2.3647843261806765,2.0306823568703485,2.771108880086466,0.05137260745101413,-0.04544404099575434,0.1389749284498538
extra_ap12_pace365_p60_cap2,extra_roll2_reserve7_cap2,3,sym,50,1000,55.258299316110254,43.531942454803186,70.05660295056671,-6.51314700365932,-12.317757520794105,-0.8760244655858853
extra_ap12_pace365_p60_cap2,extra_roll2_reserve7_cap2,3,forward,50,1000,120.28427665758915,101.28792792288615,137.65013445611834,6.214818381459736,-0.1372203665400281,12.529528885674898
extra_ap12_pace365_p60_cap2,extra_roll2_reserve7_cap2,5,lift,50,1000,2.4297729400122035,2.065828911084124,2.845578029060688,0.08953491860824814,-0.022882630529349766,0.21030138382060115
extra_ap12_pace365_p60_cap2,extra_roll2_reserve7_cap2,5,sym,50,1000,66.13246266359336,52.43956156243533,82.57887460499717,-7.824314357159025,-15.080361564167717,-1.0025989559537147
extra_ap12_pace365_p60_cap2,extra_roll2_reserve7_cap2,5,forward,50,1000,130.06674161405053,106.45381442569297,152.38798094225504,8.070782139782196,0.284938549809716,15.58658694145416
extra_ap12_pace365_p60_cap2,extra_roll2_reserve7_cap2,10,lift,50,1000,2.338961612489592,1.9722357520926472,2.7535248674561905,0.012099320169114858,-0.12544445498835305,0.15528589617369046
extra_ap12_pace365_p60_cap2,extra_roll2_reserve7_cap2,10,sym,50,1000,72.12683846123268,55.413655088137055,92.70656966206377,-5.602984124119303,-14.104579031822748,2.178640673219767
extra_ap12_pace365_p60_cap2,extra_roll2_reserve7_cap2,10,forward,50,1000,132.0199289537346,95.4560425240595,166.67072831745793,10.88247630966194,1.1529397543760567,19.762501605637183
extra_ap12_pace365_p60_cap2,extra_roll2_reserve7_cap2,20,lift,50,1000,2.4035226181535143,1.9988545482764073,2.909402301656165,0.06522895109842741,-0.10894613505934003,0.2294760254425539
extra_ap12_pace365_p60_cap2,extra_roll2_reserve7_cap2,20,sym,50,1000,80.95120012681365,53.31073801247346,112.71030488004136,-4.810831342847209,-13.773896977847812,4.403719529341372
extra_ap12_pace365_p60_cap2,extra_roll2_reserve7_cap2,20,forward,50,1000,129.034887677522,57.81865727094096,200.03596334451365,9.936224845740114,-2.606664621104367,21.340863967094386
extra_ap12_pace365_p60_cap2,known_change_z_urgent_cap2,1,lift,20,1000,1.9344627768526699,1.772242820095843,2.1081461210412002,-0.001264541298171995,-0.03032529584723711,0.014491974641089402
extra_ap12_pace365_p60_cap2,known_change_z_urgent_cap2,1,sym,20,1000,29.272037152221372,23.57366101850461,36.17201792922805,-2.914280221549731,-5.574809789756844,-0.000518339834642944
extra_ap12_pace365_p60_cap2,known_change_z_urgent_cap2,1,forward,20,1000,93.14006789367967,81.08168470777738,107.75331624511001,17.73938267217899,9.796278093658755,27.2775726154727
extra_ap12_pace365_p60_cap2,known_change_z_urgent_cap2,3,lift,20,1000,2.3647843261806765,2.0820769493765066,2.6799524654651887,0.29363095950425944,0.13712854122627116,0.4617970693170917
extra_ap12_pace365_p60_cap2,known_change_z_urgent_cap2,3,sym,20,1000,55.258299316110254,44.555791632234886,69.36399533405798,5.738832169669486,-1.5208915746751002,14.05549208810128
extra_ap12_pace365_p60_cap2,known_change_z_urgent_cap2,3,forward,20,1000,120.28427665758915,102.64491373008,139.12219052902202,34.47907242966771,23.69978652997694,46.28741761896318
extra_ap12_pace365_p60_cap2,known_change_z_urgent_cap2,5,lift,20,1000,2.4297729400122035,2.1259811560567234,2.757453728362249,0.37573619561486904,0.17324031741345572,0.5737124266089346
extra_ap12_pace365_p60_cap2,known_change_z_urgent_cap2,5,sym,20,1000,66.13246266359336,53.2462940382468,81.94670133907603,10.819354413228865,1.6478871627704759,20.61786918646206
extra_ap12_pace365_p60_cap2,known_change_z_urgent_cap2,5,forward,20,1000,130.06674161405053,107.31740840522279,153.34796189693353,42.501332182702825,29.092839374417128,55.778058424424344
extra_ap12_pace365_p60_cap2,known_change_z_urgent_cap2,10,lift,20,1000,2.338961612489592,2.033746199756477,2.696952391334691,0.26142551673042425,0.05613912437621145,0.4621699805286537
extra_ap12_pace365_p60_cap2,known_change_z_urgent_cap2,10,sym,20,1000,72.12683846123268,53.54602886079586,92.26045804085508,13.414565157197366,1.408398153033633,26.263584601275227
extra_ap12_pace365_p60_cap2,known_change_z_urgent_cap2,10,forward,20,1000,132.0199289537346,99.51081568137526,163.16556990850438,43.72609303206704,28.488503797910308,59.364325925466765
extra_ap12_pace365_p60_cap2,known_change_z_urgent_cap2,20,lift,20,1000,2.4035226181535143,2.01459733851777,2.851599857835981,0.32842761835892365,0.0687861291414725,0.6185494458725759
extra_ap12_pace365_p60_cap2,known_change_z_urgent_cap2,20,sym,20,1000,80.95120012681365,48.309803413416894,112.30066061946565,10.057303553402207,-3.9920624466471026,25.743395787808694
extra_ap12_pace365_p60_cap2,known_change_z_urgent_cap2,20,forward,20,1000,129.034887677522,70.61476297063827,182.96125083902402,42.295299049853796,21.39686168742221,66.91400960377288
extra_ap12_pace365_p60_cap2,known_change_z_urgent_cap2,1,lift,50,1000,1.9344627768526699,1.7362287275212513,2.1333629319624587,-0.001264541298171995,-0.03865543151871664,0.01275088969289303
extra_ap12_pace365_p60_cap2,known_change_z_urgent_cap2,1,sym,50,1000,29.272037152221372,23.292882829337916,36.345310675042334,-2.914280221549731,-6.139951745370166,0.5441890966669076
extra_ap12_pace365_p60_cap2,known_change_z_urgent_cap2,1,forward,50,1000,93.14006789367967,79.39973903737584,109.5171189576321,17.73938267217899,8.408348638714399,28.97083797389736
extra_ap12_pace365_p60_cap2,known_change_z_urgent_cap2,3,lift,50,1000,2.3647843261806765,2.0306823568703485,2.771108880086466,0.29363095950425944,0.11269914100116926,0.5121091342323157
extra_ap12_pace365_p60_cap2,known_change_z_urgent_cap2,3,sym,50,1000,55.258299316110254,43.531942454803186,70.05660295056671,5.738832169669486,-1.9569141616437984,15.11483127989004
extra_ap12_pace365_p60_cap2,known_change_z_urgent_cap2,3,forward,50,1000,120.28427665758915,101.28792792288615,137.65013445611834,34.47907242966771,22.43075306037579,48.18147081963186
extra_ap12_pace365_p60_cap2,known_change_z_urgent_cap2,5,lift,50,1000,2.4297729400122035,2.065828911084124,2.845578029060688,0.37573619561486904,0.15787786345989013,0.6118962302977258
extra_ap12_pace365_p60_cap2,known_change_z_urgent_cap2,5,sym,50,1000,66.13246266359336,52.43956156243533,82.57887460499717,10.819354413228865,1.9041847817366524,21.7091686039137
extra_ap12_pace365_p60_cap2,known_change_z_urgent_cap2,5,forward,50,1000,130.06674161405053,106.45381442569297,152.38798094225504,42.501332182702825,28.050588600588267,57.07077271555023
extra_ap12_pace365_p60_cap2,known_change_z_urgent_cap2,10,lift,50,1000,2.338961612489592,1.9722357520926472,2.7535248674561905,0.26142551673042425,0.028101181225498525,0.47688623890320003
extra_ap12_pace365_p60_cap2,known_change_z_urgent_cap2,10,sym,50,1000,72.12683846123268,55.413655088137055,92.70656966206377,13.414565157197366,2.7353509404804046,26.78629366506477
extra_ap12_pace365_p60_cap2,known_change_z_urgent_cap2,10,forward,50,1000,132.0199289537346,95.4560425240595,166.67072831745793,43.72609303206704,26.14539826490341,60.731120810581906
extra_ap12_pace365_p60_cap2,known_change_z_urgent_cap2,20,lift,50,1000,2.4035226181535143,1.9988545482764073,2.909402301656165,0.32842761835892365,0.03584257039416071,0.620016608513911
extra_ap12_pace365_p60_cap2,known_change_z_urgent_cap2,20,sym,50,1000,80.95120012681365,53.31073801247346,112.71030488004136,10.057303553402207,-3.1419958540205912,27.305370246355263
extra_ap12_pace365_p60_cap2,known_change_z_urgent_cap2,20,forward,50,1000,129.034887677522,57.81865727094096,200.03596334451365,42.295299049853796,19.722195361622667,64.81572028004632
extra_ap12_pace365_p60_cap2,hazard_hist_h5_urgent_cap2,1,lift,20,1000,1.9344627768526699,1.772242820095843,2.1081461210412002,-0.0041210895802030745,-0.03585095202977345,0.013119131951120487
extra_ap12_pace365_p60_cap2,hazard_hist_h5_urgent_cap2,1,sym,20,1000,29.272037152221372,23.57366101850461,36.17201792922805,-3.207896444498715,-5.961659607323457,-0.1319275371506916
extra_ap12_pace365_p60_cap2,hazard_hist_h5_urgent_cap2,1,forward,20,1000,93.14006789367967,81.08168470777738,107.75331624511001,22.712874443484594,14.740914458795661,32.4208329417081
extra_ap12_pace365_p60_cap2,hazard_hist_h5_urgent_cap2,3,lift,20,1000,2.3647843261806765,2.0820769493765066,2.6799524654651887,0.25565282812587187,0.10725074196092498,0.41456500231210824
extra_ap12_pace365_p60_cap2,hazard_hist_h5_urgent_cap2,3,sym,20,1000,55.258299316110254,44.555791632234886,69.36399533405798,2.6135667492439865,-4.586457410047344,10.458546120424142
extra_ap12_pace365_p60_cap2,hazard_hist_h5_urgent_cap2,3,forward,20,1000,120.28427665758915,102.64491373008,139.12219052902202,35.1880269902954,24.752681801592068,46.15155362563803
extra_ap12_pace365_p60_cap2,hazard_hist_h5_urgent_cap2,5,lift,20,1000,2.4297729400122035,2.1259811560567234,2.757453728362249,0.29475398647695306,0.1074778851670776,0.47919599006556174
extra_ap12_pace365_p60_cap2,hazard_hist_h5_urgent_cap2,5,sym,20,1000,66.13246266359336,53.2462940382468,81.94670133907603,5.985667422229724,-2.99307083829478,15.4040782073105
extra_ap12_pace365_p60_cap2,hazard_hist_h5_urgent_cap2,5,forward,20,1000,130.06674161405053,107.31740840522279,153.34796189693353,39.68708530761785,26.37301533710787,52.731849390872206
extra_ap12_pace365_p60_cap2,hazard_hist_h5_urgent_cap2,10,lift,20,1000,2.338961612489592,2.033746199756477,2.696952391334691,0.15948419817799442,-0.03934241936069682,0.3555665923842751
extra_ap12_pace365_p60_cap2,hazard_hist_h5_urgent_cap2,10,sym,20,1000,72.12683846123268,53.54602886079586,92.26045804085508,5.027407829390526,-7.437650275564873,18.674877754369092
extra_ap12_pace365_p60_cap2,hazard_hist_h5_urgent_cap2,10,forward,20,1000,132.0199289537346,99.51081568137526,163.16556990850438,38.431887679078656,22.228194406723524,55.487034128149375
extra_ap12_pace365_p60_cap2,hazard_hist_h5_urgent_cap2,20,lift,20,1000,2.4035226181535143,2.01459733851777,2.851599857835981,0.21076861577803063,-0.02579054056656473,0.4639275799221599
extra_ap12_pace365_p60_cap2,hazard_hist_h5_urgent_cap2,20,sym,20,1000,80.95120012681365,48.309803413416894,112.30066061946565,2.3314599258953876,-12.679286262963192,19.229654689279442
extra_ap12_pace365_p60_cap2,hazard_hist_h5_urgent_cap2,20,forward,20,1000,129.034887677522,70.61476297063827,182.96125083902402,36.51356528976888,14.757188470901307,59.57289537057258
extra_ap12_pace365_p60_cap2,hazard_hist_h5_urgent_cap2,1,lift,50,1000,1.9344627768526699,1.7362287275212513,2.1333629319624587,-0.0041210895802030745,-0.041795847018501975,0.011593183558379192
extra_ap12_pace365_p60_cap2,hazard_hist_h5_urgent_cap2,1,sym,50,1000,29.272037152221372,23.292882829337916,36.345310675042334,-3.207896444498715,-6.296629788123435,0.04333275864668581
extra_ap12_pace365_p60_cap2,hazard_hist_h5_urgent_cap2,1,forward,50,1000,93.14006789367967,79.39973903737584,109.5171189576321,22.712874443484594,13.542623526485146,33.280449375889276
extra_ap12_pace365_p60_cap2,hazard_hist_h5_urgent_cap2,3,lift,50,1000,2.3647843261806765,2.0306823568703485,2.771108880086466,0.25565282812587187,0.08959074299901945,0.4629685905920572
extra_ap12_pace365_p60_cap2,hazard_hist_h5_urgent_cap2,3,sym,50,1000,55.258299316110254,43.531942454803186,70.05660295056671,2.6135667492439865,-5.425462941234052,11.72377095590505
extra_ap12_pace365_p60_cap2,hazard_hist_h5_urgent_cap2,3,forward,50,1000,120.28427665758915,101.28792792288615,137.65013445611834,35.1880269902954,22.92319224347419,48.101355125792466
extra_ap12_pace365_p60_cap2,hazard_hist_h5_urgent_cap2,5,lift,50,1000,2.4297729400122035,2.065828911084124,2.845578029060688,0.29475398647695306,0.09051465922782878,0.51377638068385
extra_ap12_pace365_p60_cap2,hazard_hist_h5_urgent_cap2,5,sym,50,1000,66.13246266359336,52.43956156243533,82.57887460499717,5.985667422229724,-3.4729394306948533,17.226428458229808
extra_ap12_pace365_p60_cap2,hazard_hist_h5_urgent_cap2,5,forward,50,1000,130.06674161405053,106.45381442569297,152.38798094225504,39.68708530761785,24.123885913210877,55.033130175015984
extra_ap12_pace365_p60_cap2,hazard_hist_h5_urgent_cap2,10,lift,50,1000,2.338961612489592,1.9722357520926472,2.7535248674561905,0.15948419817799442,-0.060913510633277754,0.3766478980477899
extra_ap12_pace365_p60_cap2,hazard_hist_h5_urgent_cap2,10,sym,50,1000,72.12683846123268,55.413655088137055,92.70656966206377,5.027407829390526,-7.711391694208838,20.05224181073519
extra_ap12_pace365_p60_cap2,hazard_hist_h5_urgent_cap2,10,forward,50,1000,132.0199289537346,95.4560425240595,166.67072831745793,38.431887679078656,19.657274878914702,56.94097742357603
extra_ap12_pace365_p60_cap2,hazard_hist_h5_urgent_cap2,20,lift,50,1000,2.4035226181535143,1.9988545482764073,2.909402301656165,0.21076861577803063,-0.05021964909119672,0.48210671885206935
extra_ap12_pace365_p60_cap2,hazard_hist_h5_urgent_cap2,20,sym,50,1000,80.95120012681365,53.31073801247346,112.71030488004136,2.3314599258953876,-13.32981253650376,21.386663749895323
extra_ap12_pace365_p60_cap2,hazard_hist_h5_urgent_cap2,20,forward,50,1000,129.034887677522,57.81865727094096,200.03596334451365,36.51356528976888,13.015098463388497,60.103407070025064
extra_ap12_pace365_p60_cap2,ap1_change_z_r25_exact_cap2,1,lift,20,1000,1.9344627768526699,1.772242820095843,2.1081461210412002,0.009803884313451583,-0.017915826060024214,0.02974871031407041
extra_ap12_pace365_p60_cap2,ap1_change_z_r25_exact_cap2,1,sym,20,1000,29.272037152221372,23.57366101850461,36.17201792922805,-7.185427130540475,-10.282296899852868,-4.448559063047616
extra_ap12_pace365_p60_cap2,ap1_change_z_r25_exact_cap2,1,forward,20,1000,93.14006789367967,81.08168470777738,107.75331624511001,-6.201831211013939,-13.467936512002552,1.510183626588235
extra_ap12_pace365_p60_cap2,ap1_change_z_r25_exact_cap2,3,lift,20,1000,2.3647843261806765,2.0820769493765066,2.6799524654651887,0.06175684963032868,-0.0708314354605514,0.17798682182491177
extra_ap12_pace365_p60_cap2,ap1_change_z_r25_exact_cap2,3,sym,20,1000,55.258299316110254,44.555791632234886,69.36399533405798,-2.9181370349249605,-10.564912408736577,3.654073163328266
extra_ap12_pace365_p60_cap2,ap1_change_z_r25_exact_cap2,3,forward,20,1000,120.28427665758915,102.64491373008,139.12219052902202,4.24303539824075,-4.664137778894471,13.313109067872894
extra_ap12_pace365_p60_cap2,ap1_change_z_r25_exact_cap2,5,lift,20,1000,2.4297729400122035,2.1259811560567234,2.757453728362249,0.12906899349874346,-0.0481364926181565,0.2777323671064883
extra_ap12_pace365_p60_cap2,ap1_change_z_r25_exact_cap2,5,sym,20,1000,66.13246266359336,53.2462940382468,81.94670133907603,-1.2587702382125485,-11.80324964137314,7.634532115646015
extra_ap12_pace365_p60_cap2,ap1_change_z_r25_exact_cap2,5,forward,20,1000,130.06674161405053,107.31740840522279,153.34796189693353,10.211072093700864,-0.961101189961282,20.912187250457304
extra_ap12_pace365_p60_cap2,ap1_change_z_r25_exact_cap2,10,lift,20,1000,2.338961612489592,2.033746199756477,2.696952391334691,0.047593341129229305,-0.1689634080888504,0.21385109024320423
extra_ap12_pace365_p60_cap2,ap1_change_z_r25_exact_cap2,10,sym,20,1000,72.12683846123268,53.54602886079586,92.26045804085508,-0.4028755145174614,-14.584242440023553,11.433466246796865
extra_ap12_pace365_p60_cap2,ap1_change_z_r25_exact_cap2,10,forward,20,1000,132.0199289537346,99.51081568137526,163.16556990850438,8.92356774075283,-6.073715507275201,22.10697499093264
extra_ap12_pace365_p60_cap2,ap1_change_z_r25_exact_cap2,20,lift,20,1000,2.4035226181535143,2.01459733851777,2.851599857835981,0.07970946527553391,-0.22398430593636168,0.32405353746316934
extra_ap12_pace365_p60_cap2,ap1_change_z_r25_exact_cap2,20,sym,20,1000,80.95120012681365,48.309803413416894,112.30066061946565,-2.424324147348699,-18.446275653789666,12.77001241415828
extra_ap12_pace365_p60_cap2,ap1_change_z_r25_exact_cap2,20,forward,20,1000,129.034887677522,70.61476297063827,182.96125083902402,9.54205795698499,-13.148204063399772,31.99085130734253
extra_ap12_pace365_p60_cap2,ap1_change_z_r25_exact_cap2,1,lift,50,1000,1.9344627768526699,1.7362287275212513,2.1333629319624587,0.009803884313451583,-0.021597424071826094,0.03042641205359026
extra_ap12_pace365_p60_cap2,ap1_change_z_r25_exact_cap2,1,sym,50,1000,29.272037152221372,23.292882829337916,36.345310675042334,-7.185427130540475,-11.264583725898435,-3.7303295903291214
extra_ap12_pace365_p60_cap2,ap1_change_z_r25_exact_cap2,1,forward,50,1000,93.14006789367967,79.39973903737584,109.5171189576321,-6.201831211013939,-13.736265365874328,1.5700354853544343
extra_ap12_pace365_p60_cap2,ap1_change_z_r25_exact_cap2,3,lift,50,1000,2.3647843261806765,2.0306823568703485,2.771108880086466,0.06175684963032868,-0.10196906470241832,0.20474590863833858
extra_ap12_pace365_p60_cap2,ap1_change_z_r25_exact_cap2,3,sym,50,1000,55.258299316110254,43.531942454803186,70.05660295056671,-2.9181370349249605,-11.223221294966034,5.40836655236306
extra_ap12_pace365_p60_cap2,ap1_change_z_r25_exact_cap2,3,forward,50,1000,120.28427665758915,101.28792792288615,137.65013445611834,4.24303539824075,-5.231941034202461,14.010875751259457
extra_ap12_pace365_p60_cap2,ap1_change_z_r25_exact_cap2,5,lift,50,1000,2.4297729400122035,2.065828911084124,2.845578029060688,0.12906899349874346,-0.061710841241286486,0.2833557095812752
extra_ap12_pace365_p60_cap2,ap1_change_z_r25_exact_cap2,5,sym,50,1000,66.13246266359336,52.43956156243533,82.57887460499717,-1.2587702382125485,-12.608910568965564,8.91496605050107
extra_ap12_pace365_p60_cap2,ap1_change_z_r25_exact_cap2,5,forward,50,1000,130.06674161405053,106.45381442569297,152.38798094225504,10.211072093700864,-0.8808375809816601,21.869242823862592
extra_ap12_pace365_p60_cap2,ap1_change_z_r25_exact_cap2,10,lift,50,1000,2.338961612489592,1.9722357520926472,2.7535248674561905,0.047593341129229305,-0.15770021432936784,0.20358150865636251
extra_ap12_pace365_p60_cap2,ap1_change_z_r25_exact_cap2,10,sym,50,1000,72.12683846123268,55.413655088137055,92.70656966206377,-0.4028755145174614,-16.08044714657483,13.085733109683
extra_ap12_pace365_p60_cap2,ap1_change_z_r25_exact_cap2,10,forward,50,1000,132.0199289537346,95.4560425240595,166.67072831745793,8.92356774075283,-7.043708778518023,24.169468827508975
extra_ap12_pace365_p60_cap2,ap1_change_z_r25_exact_cap2,20,lift,50,1000,2.4035226181535143,1.9988545482764073,2.909402301656165,0.07970946527553391,-0.22751379639781152,0.31816719443417574
extra_ap12_pace365_p60_cap2,ap1_change_z_r25_exact_cap2,20,sym,50,1000,80.95120012681365,53.31073801247346,112.71030488004136,-2.424324147348699,-18.95119822657749,14.650151655086683
extra_ap12_pace365_p60_cap2,ap1_change_z_r25_exact_cap2,20,forward,50,1000,129.034887677522,57.81865727094096,200.03596334451365,9.54205795698499,-13.954598451025115,32.82052439631361
extra_ap12_paceall_p60_cap2,extra_h5_r30_nogap_cap2,1,lift,20,1000,1.927914975974154,1.7727603341012774,2.1000465696174486,-0.0016465549525706002,-0.01769457279951862,0.01458984682738948
extra_ap12_paceall_p60_cap2,extra_h5_r30_nogap_cap2,1,sym,20,1000,28.840803242834333,23.3681568471705,35.45043115604238,-0.5198652801479717,-1.918891274510493,0.6187853095637104
extra_ap12_paceall_p60_cap2,extra_h5_r30_nogap_cap2,1,forward,20,1000,91.39470893262333,79.42397193367377,105.30096161822512,-4.973000390358109,-8.163381562699582,-2.685855558413899
extra_ap12_paceall_p60_cap2,extra_h5_r30_nogap_cap2,3,lift,20,1000,2.32015422724918,2.0506310313286518,2.6187453269877774,-0.06547548279656779,-0.12420611411757998,-0.017571229647861637
extra_ap12_paceall_p60_cap2,extra_h5_r30_nogap_cap2,3,sym,20,1000,53.84006800444713,43.31217044240771,67.57205235780495,-1.4949969423088234,-4.761651522533334,1.5759921222771818
extra_ap12_paceall_p60_cap2,extra_h5_r30_nogap_cap2,3,forward,20,1000,116.37387621379014,99.03479067456895,134.183613662476,-7.876953777510693,-12.190904282443968,-4.5903396535373675
extra_ap12_paceall_p60_cap2,extra_h5_r30_nogap_cap2,5,lift,20,1000,2.379863802349065,2.0912194619544717,2.6890875030899832,-0.09536407606052721,-0.17155649960833236,-0.027866941750927684
extra_ap12_paceall_p60_cap2,extra_h5_r30_nogap_cap2,5,sym,20,1000,64.52856695284088,51.805563549490756,80.1542756399756,-2.052930704983325,-6.064994359637006,1.775867395044704
extra_ap12_paceall_p60_cap2,extra_h5_r30_nogap_cap2,5,forward,20,1000,125.77426842622445,103.83050732610705,147.86015927921363,-8.89987390897214,-13.71107657779283,-4.82128380032192
extra_ap12_paceall_p60_cap2,extra_h5_r30_nogap_cap2,10,lift,20,1000,2.3210511214193486,2.0338085171909808,2.656133996683162,-0.02943765716387592,-0.13433075267260774,0.06098773532979881
extra_ap12_paceall_p60_cap2,extra_h5_r30_nogap_cap2,10,sym,20,1000,70.74026030093887,52.69306828741094,89.95941404599026,-2.3449645091503157,-7.481953794197332,2.041002630809199
extra_ap12_paceall_p60_cap2,extra_h5_r30_nogap_cap2,10,forward,20,1000,128.25154549044126,96.39106987664037,159.05508104696975,-9.391115193905875,-16.668394006418293,-2.3180908388425743
extra_ap12_paceall_p60_cap2,extra_h5_r30_nogap_cap2,20,lift,20,1000,2.366222025727436,2.0065595970479,2.7742459028856135,-0.05259202602038604,-0.16890974872892764,0.04983409424009157
extra_ap12_paceall_p60_cap2,extra_h5_r30_nogap_cap2,20,sym,20,1000,79.56693860314527,46.362911871444894,111.73052688068972,-2.4414570429608204,-9.29451533335231,3.218548705082035
extra_ap12_paceall_p60_cap2,extra_h5_r30_nogap_cap2,20,forward,20,1000,125.85607281880135,65.70923162901734,177.5914139167165,-7.698560591498648,-17.337679611325903,1.558557604108416
extra_ap12_paceall_p60_cap2,extra_h5_r30_nogap_cap2,1,lift,50,1000,1.927914975974154,1.7335339903332307,2.1238091556557026,-0.0016465549525706002,-0.017913810389986885,0.014679915132929803
extra_ap12_paceall_p60_cap2,extra_h5_r30_nogap_cap2,1,sym,50,1000,28.840803242834333,23.229317791043137,35.43349936628484,-0.5198652801479717,-1.8858098109827643,0.6039081011037142
extra_ap12_paceall_p60_cap2,extra_h5_r30_nogap_cap2,1,forward,50,1000,91.39470893262333,78.36479308060672,107.01513418062002,-4.973000390358109,-8.726344726652478,-2.467266685849205
extra_ap12_paceall_p60_cap2,extra_h5_r30_nogap_cap2,3,lift,50,1000,2.32015422724918,2.0161910842189688,2.695884675382554,-0.06547548279656779,-0.12681854458883207,-0.014110670908806265
extra_ap12_paceall_p60_cap2,extra_h5_r30_nogap_cap2,3,sym,50,1000,53.84006800444713,42.82121404798535,67.89755772759332,-1.4949969423088234,-4.449631453952825,1.4909673576114821
extra_ap12_paceall_p60_cap2,extra_h5_r30_nogap_cap2,3,forward,50,1000,116.37387621379014,98.41168448159264,133.62748594208816,-7.876953777510693,-11.978770407707529,-4.640090020587463
extra_ap12_paceall_p60_cap2,extra_h5_r30_nogap_cap2,5,lift,50,1000,2.379863802349065,2.0452462251224772,2.7609228632063387,-0.09536407606052721,-0.17166326367524626,-0.020650557464047408
extra_ap12_paceall_p60_cap2,extra_h5_r30_nogap_cap2,5,sym,50,1000,64.52856695284088,51.705899687972014,80.57583977230833,-2.052930704983325,-5.708580835908489,1.62922456687334
extra_ap12_paceall_p60_cap2,extra_h5_r30_nogap_cap2,5,forward,50,1000,125.77426842622445,102.06850085529385,147.46034856772098,-8.89987390897214,-13.289786898998099,-5.221806518831194
extra_ap12_paceall_p60_cap2,extra_h5_r30_nogap_cap2,10,lift,50,1000,2.3210511214193486,1.9883335273887097,2.6889807022141285,-0.02943765716387592,-0.13569876696090133,0.07998990748870463
extra_ap12_paceall_p60_cap2,extra_h5_r30_nogap_cap2,10,sym,50,1000,70.74026030093887,54.16561055841214,90.32437417109503,-2.3449645091503157,-7.184369835589091,1.6963104219816123
extra_ap12_paceall_p60_cap2,extra_h5_r30_nogap_cap2,10,forward,50,1000,128.25154549044126,92.77579103805436,163.97449996144283,-9.391115193905875,-15.922057172246422,-3.1174542782902193
extra_ap12_paceall_p60_cap2,extra_h5_r30_nogap_cap2,20,lift,50,1000,2.366222025727436,2.0030664542554635,2.8116717699727642,-0.05259202602038604,-0.18341915129281897,0.06654603804112197
extra_ap12_paceall_p60_cap2,extra_h5_r30_nogap_cap2,20,sym,50,1000,79.56693860314527,52.511607526962145,110.58545099954382,-2.4414570429608204,-9.007920386275284,3.171447492340306
extra_ap12_paceall_p60_cap2,extra_h5_r30_nogap_cap2,20,forward,50,1000,125.85607281880135,56.30302245900236,196.69393379035802,-7.698560591498648,-17.750247178105617,2.640789981945627
extra_ap12_paceall_p60_cap2,extra_ap12_silence14_r80_cap2,1,lift,20,1000,1.927914975974154,1.7727603341012774,2.1000465696174486,-0.003335687498587925,-0.015775613315153904,0.009607367187954395
extra_ap12_paceall_p60_cap2,extra_ap12_silence14_r80_cap2,1,sym,20,1000,28.840803242834333,23.3681568471705,35.45043115604238,-0.5467991698576498,-1.8065713121898344,0.5021803670332018
extra_ap12_paceall_p60_cap2,extra_ap12_silence14_r80_cap2,1,forward,20,1000,91.39470893262333,79.42397193367377,105.30096161822512,-4.216368694662776,-7.272010115154811,-2.1098376584101537
extra_ap12_paceall_p60_cap2,extra_ap12_silence14_r80_cap2,3,lift,20,1000,2.32015422724918,2.0506310313286518,2.6187453269877774,-0.0752228586854704,-0.1282059257630347,-0.02807316193583244
extra_ap12_paceall_p60_cap2,extra_ap12_silence14_r80_cap2,3,sym,20,1000,53.84006800444713,43.31217044240771,67.57205235780495,-1.7982069987093965,-4.681025843970039,1.1641820479787268
extra_ap12_paceall_p60_cap2,extra_ap12_silence14_r80_cap2,3,forward,20,1000,116.37387621379014,99.03479067456895,134.183613662476,-6.335446414691887,-10.076547239680007,-2.938144830459614
extra_ap12_paceall_p60_cap2,extra_ap12_silence14_r80_cap2,5,lift,20,1000,2.379863802349065,2.0912194619544717,2.6890875030899832,-0.1005871862443124,-0.16813130850388405,-0.03997815856362831
extra_ap12_paceall_p60_cap2,extra_ap12_silence14_r80_cap2,5,sym,20,1000,64.52856695284088,51.805563549490756,80.1542756399756,-2.72646437280045,-6.341591845756944,0.8208009151817636
extra_ap12_paceall_p60_cap2,extra_ap12_silence14_r80_cap2,5,forward,20,1000,125.77426842622445,103.83050732610705,147.86015927921363,-7.321671936934123,-11.743461702690169,-3.0529924271140008
extra_ap12_paceall_p60_cap2,extra_ap12_silence14_r80_cap2,10,lift,20,1000,2.3210511214193486,2.0338085171909808,2.656133996683162,-0.03972415189792855,-0.1331805568124736,0.05423624065726411
extra_ap12_paceall_p60_cap2,extra_ap12_silence14_r80_cap2,10,sym,20,1000,70.74026030093887,52.69306828741094,89.95941404599026,-4.206709662459815,-9.014527841560225,0.03793910716356158
extra_ap12_paceall_p60_cap2,extra_ap12_silence14_r80_cap2,10,forward,20,1000,128.25154549044126,96.39106987664037,159.05508104696975,-8.713463402033284,-15.925110213446109,-2.0379288308184518
extra_ap12_paceall_p60_cap2,extra_ap12_silence14_r80_cap2,20,lift,20,1000,2.366222025727436,2.0065595970479,2.7742459028856135,-0.05125809819966687,-0.16777897248120544,0.05877865887642641
extra_ap12_paceall_p60_cap2,extra_ap12_silence14_r80_cap2,20,sym,20,1000,79.56693860314527,46.362911871444894,111.73052688068972,-5.317444432831749,-12.668273750104175,0.391910591298763
extra_ap12_paceall_p60_cap2,extra_ap12_silence14_r80_cap2,20,forward,20,1000,125.85607281880135,65.70923162901734,177.5914139167165,-9.778724791198044,-20.181965565773044,-1.0253511508079176
extra_ap12_paceall_p60_cap2,extra_ap12_silence14_r80_cap2,1,lift,50,1000,1.927914975974154,1.7335339903332307,2.1238091556557026,-0.003335687498587925,-0.014596714596106801,0.008598038911462645
extra_ap12_paceall_p60_cap2,extra_ap12_silence14_r80_cap2,1,sym,50,1000,28.840803242834333,23.229317791043137,35.43349936628484,-0.5467991698576498,-1.6317063858591656,0.5357057944285222
extra_ap12_paceall_p60_cap2,extra_ap12_silence14_r80_cap2,1,forward,50,1000,91.39470893262333,78.36479308060672,107.01513418062002,-4.216368694662776,-7.547775456084956,-1.9331126663519203
extra_ap12_paceall_p60_cap2,extra_ap12_silence14_r80_cap2,3,lift,50,1000,2.32015422724918,2.0161910842189688,2.695884675382554,-0.0752228586854704,-0.13310630948049956,-0.019249970577370212
extra_ap12_paceall_p60_cap2,extra_ap12_silence14_r80_cap2,3,sym,50,1000,53.84006800444713,42.82121404798535,67.89755772759332,-1.7982069987093965,-4.327248771150869,0.7656979809573415
extra_ap12_paceall_p60_cap2,extra_ap12_silence14_r80_cap2,3,forward,50,1000,116.37387621379014,98.41168448159264,133.62748594208816,-6.335446414691887,-10.0154859635317,-3.2842941287204765
extra_ap12_paceall_p60_cap2,extra_ap12_silence14_r80_cap2,5,lift,50,1000,2.379863802349065,2.0452462251224772,2.7609228632063387,-0.1005871862443124,-0.17784353270122247,-0.02771732199251297
extra_ap12_paceall_p60_cap2,extra_ap12_silence14_r80_cap2,5,sym,50,1000,64.52856695284088,51.705899687972014,80.57583977230833,-2.72646437280045,-5.909181389617154,0.2755757629079611
extra_ap12_paceall_p60_cap2,extra_ap12_silence14_r80_cap2,5,forward,50,1000,125.77426842622445,102.06850085529385,147.46034856772098,-7.321671936934123,-11.63678268238282,-3.227168904233252
extra_ap12_paceall_p60_cap2,extra_ap12_silence14_r80_cap2,10,lift,50,1000,2.3210511214193486,1.9883335273887097,2.6889807022141285,-0.03972415189792855,-0.1460228717293258,0.07286395771980314
extra_ap12_paceall_p60_cap2,extra_ap12_silence14_r80_cap2,10,sym,50,1000,70.74026030093887,54.16561055841214,90.32437417109503,-4.206709662459815,-8.127637362939565,-1.0607388446180854
extra_ap12_paceall_p60_cap2,extra_ap12_silence14_r80_cap2,10,forward,50,1000,128.25154549044126,92.77579103805436,163.97449996144283,-8.713463402033284,-15.292970737517741,-2.5124127990877096
extra_ap12_paceall_p60_cap2,extra_ap12_silence14_r80_cap2,20,lift,50,1000,2.366222025727436,2.0030664542554635,2.8116717699727642,-0.05125809819966687,-0.17515130273452925,0.06985143430803764
extra_ap12_paceall_p60_cap2,extra_ap12_silence14_r80_cap2,20,sym,50,1000,79.56693860314527,52.511607526962145,110.58545099954382,-5.317444432831749,-10.881206881081667,-0.5845916870589607
extra_ap12_paceall_p60_cap2,extra_ap12_silence14_r80_cap2,20,forward,50,1000,125.85607281880135,56.30302245900236,196.69393379035802,-9.778724791198044,-18.85798897894388,-1.4137579709575456
extra_ap12_paceall_p60_cap2,extra_ap12_adaptive105_cap2,1,lift,20,1000,1.927914975974154,1.7727603341012774,2.1000465696174486,-0.0029518338845107017,-0.013264352065148899,0.0068708597659882156
extra_ap12_paceall_p60_cap2,extra_ap12_adaptive105_cap2,1,sym,20,1000,28.840803242834333,23.3681568471705,35.45043115604238,-0.6532763824322423,-1.8303919386945324,0.15111501732654786
extra_ap12_paceall_p60_cap2,extra_ap12_adaptive105_cap2,1,forward,20,1000,91.39470893262333,79.42397193367377,105.30096161822512,-3.0956203110425236,-5.091086142574084,-1.5912842626367762
extra_ap12_paceall_p60_cap2,extra_ap12_adaptive105_cap2,3,lift,20,1000,2.32015422724918,2.0506310313286518,2.6187453269877774,-0.0440579282143676,-0.08207700443294727,-0.008414031169982994
extra_ap12_paceall_p60_cap2,extra_ap12_adaptive105_cap2,3,sym,20,1000,53.84006800444713,43.31217044240771,67.57205235780495,-1.4286944594236601,-3.8420072690039118,0.34818743339870745
extra_ap12_paceall_p60_cap2,extra_ap12_adaptive105_cap2,3,forward,20,1000,116.37387621379014,99.03479067456895,134.183613662476,-5.242651168201235,-8.305655480308664,-2.9554860127938483
extra_ap12_paceall_p60_cap2,extra_ap12_adaptive105_cap2,5,lift,20,1000,2.379863802349065,2.0912194619544717,2.6890875030899832,-0.05350031177463732,-0.10219918180000105,-0.007156533011767152
extra_ap12_paceall_p60_cap2,extra_ap12_adaptive105_cap2,5,sym,20,1000,64.52856695284088,51.805563549490756,80.1542756399756,-1.635913758164449,-4.605339211561365,0.7219376356766479
extra_ap12_paceall_p60_cap2,extra_ap12_adaptive105_cap2,5,forward,20,1000,125.77426842622445,103.83050732610705,147.86015927921363,-5.797875904592772,-9.109016112600326,-3.0262302899970686
extra_ap12_paceall_p60_cap2,extra_ap12_adaptive105_cap2,10,lift,20,1000,2.3210511214193486,2.0338085171909808,2.656133996683162,-0.032274956590200965,-0.10645170826443734,0.03364321250048909
extra_ap12_paceall_p60_cap2,extra_ap12_adaptive105_cap2,10,sym,20,1000,70.74026030093887,52.69306828741094,89.95941404599026,-1.4681045208461967,-5.0712638581228475,1.7615654979003732
extra_ap12_paceall_p60_cap2,extra_ap12_adaptive105_cap2,10,forward,20,1000,128.25154549044126,96.39106987664037,159.05508104696975,-6.251585030223822,-11.15091053122574,-1.7343621271705614
extra_ap12_paceall_p60_cap2,extra_ap12_adaptive105_cap2,20,lift,20,1000,2.366222025727436,2.0065595970479,2.7742459028856135,-0.08287592467378246,-0.17384130153079128,-0.005330345474510017
extra_ap12_paceall_p60_cap2,extra_ap12_adaptive105_cap2,20,sym,20,1000,79.56693860314527,46.362911871444894,111.73052688068972,-1.5976636529768768,-6.397920288802226,2.1124508223935607
extra_ap12_paceall_p60_cap2,extra_ap12_adaptive105_cap2,20,forward,20,1000,125.85607281880135,65.70923162901734,177.5914139167165,-4.8004887525686115,-11.042745470972774,0.5126781772925221
extra_ap12_paceall_p60_cap2,extra_ap12_adaptive105_cap2,1,lift,50,1000,1.927914975974154,1.7335339903332307,2.1238091556557026,-0.0029518338845107017,-0.011664888017904296,0.006970533977348106
extra_ap12_paceall_p60_cap2,extra_ap12_adaptive105_cap2,1,sym,50,1000,28.840803242834333,23.229317791043137,35.43349936628484,-0.6532763824322423,-1.769644700368247,0.2570833321324047
extra_ap12_paceall_p60_cap2,extra_ap12_adaptive105_cap2,1,forward,50,1000,91.39470893262333,78.36479308060672,107.01513418062002,-3.0956203110425236,-5.256714317620911,-1.521577364767002
extra_ap12_paceall_p60_cap2,extra_ap12_adaptive105_cap2,3,lift,50,1000,2.32015422724918,2.0161910842189688,2.695884675382554,-0.0440579282143676,-0.08273224303648613,-0.007618619655264064
extra_ap12_paceall_p60_cap2,extra_ap12_adaptive105_cap2,3,sym,50,1000,53.84006800444713,42.82121404798535,67.89755772759332,-1.4286944594236601,-3.513627221976408,0.39007738144467774
extra_ap12_paceall_p60_cap2,extra_ap12_adaptive105_cap2,3,forward,50,1000,116.37387621379014,98.41168448159264,133.62748594208816,-5.242651168201235,-7.851240726448391,-3.211572810250004
extra_ap12_paceall_p60_cap2,extra_ap12_adaptive105_cap2,5,lift,50,1000,2.379863802349065,2.0452462251224772,2.7609228632063387,-0.05350031177463732,-0.10411476082094061,-0.003011072482280729
extra_ap12_paceall_p60_cap2,extra_ap12_adaptive105_cap2,5,sym,50,1000,64.52856695284088,51.705899687972014,80.57583977230833,-1.635913758164449,-4.09159229261424,0.5411496208941875
extra_ap12_paceall_p60_cap2,extra_ap12_adaptive105_cap2,5,forward,50,1000,125.77426842622445,102.06850085529385,147.46034856772098,-5.797875904592772,-8.489211105720074,-3.4852081796253955
extra_ap12_paceall_p60_cap2,extra_ap12_adaptive105_cap2,10,lift,50,1000,2.3210511214193486,1.9883335273887097,2.6889807022141285,-0.032274956590200965,-0.10116728542507582,0.04040954104651553
extra_ap12_paceall_p60_cap2,extra_ap12_adaptive105_cap2,10,sym,50,1000,70.74026030093887,54.16561055841214,90.32437417109503,-1.4681045208461967,-5.29676746034449,1.846642599485909
extra_ap12_paceall_p60_cap2,extra_ap12_adaptive105_cap2,10,forward,50,1000,128.25154549044126,92.77579103805436,163.97449996144283,-6.251585030223822,-10.621903246142061,-2.1015212676625112
extra_ap12_paceall_p60_cap2,extra_ap12_adaptive105_cap2,20,lift,50,1000,2.366222025727436,2.0030664542554635,2.8116717699727642,-0.08287592467378246,-0.18257139531351702,-0.007220536121619653
extra_ap12_paceall_p60_cap2,extra_ap12_adaptive105_cap2,20,sym,50,1000,79.56693860314527,52.511607526962145,110.58545099954382,-1.5976636529768768,-6.878354344050452,2.7166823726648164
extra_ap12_paceall_p60_cap2,extra_ap12_adaptive105_cap2,20,forward,50,1000,125.85607281880135,56.30302245900236,196.69393379035802,-4.8004887525686115,-10.795872743769067,0.8812884506722019
extra_ap12_paceall_p60_cap2,extra_ap12_top35_cap2,1,lift,20,1000,1.927914975974154,1.7727603341012774,2.1000465696174486,8.544046907443814e-05,-0.00920000190239733,0.0103165624603687
extra_ap12_paceall_p60_cap2,extra_ap12_top35_cap2,1,sym,20,1000,28.840803242834333,23.3681568471705,35.45043115604238,-0.428292669314736,-1.1801619518463584,0.22686769674252402
extra_ap12_paceall_p60_cap2,extra_ap12_top35_cap2,1,forward,20,1000,91.39470893262333,79.42397193367377,105.30096161822512,-1.4134983019057188,-2.9680961648464166,-0.2532088798860843
extra_ap12_paceall_p60_cap2,extra_ap12_top35_cap2,3,lift,20,1000,2.32015422724918,2.0506310313286518,2.6187453269877774,-0.006102076256822908,-0.03154610933740003,0.021310253713533307
extra_ap12_paceall_p60_cap2,extra_ap12_top35_cap2,3,sym,20,1000,53.84006800444713,43.31217044240771,67.57205235780495,-0.30958112108174873,-1.8000816680279377,1.101645899589382
extra_ap12_paceall_p60_cap2,extra_ap12_top35_cap2,3,forward,20,1000,116.37387621379014,99.03479067456895,134.183613662476,-1.8922594979291745,-4.402568385943794,0.2256609822546554
extra_ap12_paceall_p60_cap2,extra_ap12_top35_cap2,5,lift,20,1000,2.379863802349065,2.0912194619544717,2.6890875030899832,0.005034833698235097,-0.027878402220657315,0.040959038752066794
extra_ap12_paceall_p60_cap2,extra_ap12_top35_cap2,5,sym,20,1000,64.52856695284088,51.805563549490756,80.1542756399756,-0.04405204051137446,-2.148618546860257,1.8021622589097088
extra_ap12_paceall_p60_cap2,extra_ap12_top35_cap2,5,forward,20,1000,125.77426842622445,103.83050732610705,147.86015927921363,-1.7423416830075098,-4.549579103976948,0.6953271814073625
extra_ap12_paceall_p60_cap2,extra_ap12_top35_cap2,10,lift,20,1000,2.3210511214193486,2.0338085171909808,2.656133996683162,0.015178970688786375,-0.04303137103412128,0.06381176375331137
extra_ap12_paceall_p60_cap2,extra_ap12_top35_cap2,10,sym,20,1000,70.74026030093887,52.69306828741094,89.95941404599026,0.41201660787930905,-2.914176158873729,3.1185094797279094
extra_ap12_paceall_p60_cap2,extra_ap12_top35_cap2,10,forward,20,1000,128.25154549044126,96.39106987664037,159.05508104696975,-2.037319468864524,-6.464597371956656,1.7059879521445889
extra_ap12_paceall_p60_cap2,extra_ap12_top35_cap2,20,lift,20,1000,2.366222025727436,2.0065595970479,2.7742459028856135,-0.003161826861308281,-0.06722724465897446,0.05185533545404083
extra_ap12_paceall_p60_cap2,extra_ap12_top35_cap2,20,sym,20,1000,79.56693860314527,46.362911871444894,111.73052688068972,1.3759591652045486,-3.0643782934164254,4.951989286070167
extra_ap12_paceall_p60_cap2,extra_ap12_top35_cap2,20,forward,20,1000,125.85607281880135,65.70923162901734,177.5914139167165,0.146851225121992,-5.8979020611615,5.248454777748347
extra_ap12_paceall_p60_cap2,extra_ap12_top35_cap2,1,lift,50,1000,1.927914975974154,1.7335339903332307,2.1238091556557026,8.544046907443814e-05,-0.010172542259758737,0.009705362230840231
extra_ap12_paceall_p60_cap2,extra_ap12_top35_cap2,1,sym,50,1000,28.840803242834333,23.229317791043137,35.43349936628484,-0.428292669314736,-1.2065338512943355,0.3100271659184427
extra_ap12_paceall_p60_cap2,extra_ap12_top35_cap2,1,forward,50,1000,91.39470893262333,78.36479308060672,107.01513418062002,-1.4134983019057188,-3.2837527977737047,-0.2538359650914225
extra_ap12_paceall_p60_cap2,extra_ap12_top35_cap2,3,lift,50,1000,2.32015422724918,2.0161910842189688,2.695884675382554,-0.006102076256822908,-0.030384283780404597,0.01872944278346056
extra_ap12_paceall_p60_cap2,extra_ap12_top35_cap2,3,sym,50,1000,53.84006800444713,42.82121404798535,67.89755772759332,-0.30958112108174873,-1.8640216388363575,1.0195699128749054
extra_ap12_paceall_p60_cap2,extra_ap12_top35_cap2,3,forward,50,1000,116.37387621379014,98.41168448159264,133.62748594208816,-1.8922594979291745,-4.249606598263581,0.1116979760544004
extra_ap12_paceall_p60_cap2,extra_ap12_top35_cap2,5,lift,50,1000,2.379863802349065,2.0452462251224772,2.7609228632063387,0.005034833698235097,-0.028584136757142563,0.03495771515403308
extra_ap12_paceall_p60_cap2,extra_ap12_top35_cap2,5,sym,50,1000,64.52856695284088,51.705899687972014,80.57583977230833,-0.04405204051137446,-1.9326419874290646,1.6386699281647172
extra_ap12_paceall_p60_cap2,extra_ap12_top35_cap2,5,forward,50,1000,125.77426842622445,102.06850085529385,147.46034856772098,-1.7423416830075098,-4.407825104820086,0.713483210017575
extra_ap12_paceall_p60_cap2,extra_ap12_top35_cap2,10,lift,50,1000,2.3210511214193486,1.9883335273887097,2.6889807022141285,0.015178970688786375,-0.04588109827431854,0.06383007218433011
extra_ap12_paceall_p60_cap2,extra_ap12_top35_cap2,10,sym,50,1000,70.74026030093887,54.16561055841214,90.32437417109503,0.41201660787930905,-2.9486399933745964,3.0256002423536783
extra_ap12_paceall_p60_cap2,extra_ap12_top35_cap2,10,forward,50,1000,128.25154549044126,92.77579103805436,163.97449996144283,-2.037319468864524,-6.811343779703857,1.6287907766223972
extra_ap12_paceall_p60_cap2,extra_ap12_top35_cap2,20,lift,50,1000,2.366222025727436,2.0030664542554635,2.8116717699727642,-0.003161826861308281,-0.07981349372082383,0.04673331550343919
extra_ap12_paceall_p60_cap2,extra_ap12_top35_cap2,20,sym,50,1000,79.56693860314527,52.511607526962145,110.58545099954382,1.3759591652045486,-3.560607167964484,5.131700416086888
extra_ap12_paceall_p60_cap2,extra_ap12_top35_cap2,20,forward,50,1000,125.85607281880135,56.30302245900236,196.69393379035802,0.146851225121992,-5.952047167004867,5.14412301827003
extra_ap12_paceall_p60_cap2,extra_roll2_silence21_r70_cap2,1,lift,20,1000,1.927914975974154,1.7727603341012774,2.1000465696174486,-0.011039362323228108,-0.027786338680546873,0.00307429901539255
extra_ap12_paceall_p60_cap2,extra_roll2_silence21_r70_cap2,1,sym,20,1000,28.840803242834333,23.3681568471705,35.45043115604238,-2.782305012048379,-4.989993041417553,-0.7588547138281931
extra_ap12_paceall_p60_cap2,extra_roll2_silence21_r70_cap2,1,forward,20,1000,91.39470893262333,79.42397193367377,105.30096161822512,-4.730847405284777,-9.114047275877212,-0.7616493075286738
extra_ap12_paceall_p60_cap2,extra_roll2_silence21_r70_cap2,3,lift,20,1000,2.32015422724918,2.0506310313286518,2.6187453269877774,-0.10522470589029709,-0.18620823919661184,-0.0387410436623143
extra_ap12_paceall_p60_cap2,extra_roll2_silence21_r70_cap2,3,sym,20,1000,53.84006800444713,43.31217044240771,67.57205235780495,-9.519745038472323,-14.913557642256722,-5.02343025045847
extra_ap12_paceall_p60_cap2,extra_roll2_silence21_r70_cap2,3,forward,20,1000,116.37387621379014,99.03479067456895,134.183613662476,-11.25899249707139,-17.711762591995946,-5.962988087619242
extra_ap12_paceall_p60_cap2,extra_roll2_silence21_r70_cap2,5,lift,20,1000,2.379863802349065,2.0912194619544717,2.6890875030899832,-0.10525099785405212,-0.19983084616347482,-0.014238325152407413
extra_ap12_paceall_p60_cap2,extra_roll2_silence21_r70_cap2,5,sym,20,1000,64.52856695284088,51.805563549490756,80.1542756399756,-11.43969071518994,-18.846736158658356,-5.878763233954365
extra_ap12_paceall_p60_cap2,extra_roll2_silence21_r70_cap2,5,forward,20,1000,125.77426842622445,103.83050732610705,147.86015927921363,-11.231005378797008,-18.30501966356604,-4.544510440513753
extra_ap12_paceall_p60_cap2,extra_roll2_silence21_r70_cap2,10,lift,20,1000,2.3210511214193486,2.0338085171909808,2.656133996683162,-0.10220335108225997,-0.25492183406501157,0.020190301499388823
extra_ap12_paceall_p60_cap2,extra_roll2_silence21_r70_cap2,10,sym,20,1000,70.74026030093887,52.69306828741094,89.95941404599026,-9.012274569742516,-18.474858153131176,-1.5719011686301085
extra_ap12_paceall_p60_cap2,extra_roll2_silence21_r70_cap2,10,forward,20,1000,128.25154549044126,96.39106987664037,159.05508104696975,-6.05055589429179,-17.184695845754362,4.868258257970614
extra_ap12_paceall_p60_cap2,extra_roll2_silence21_r70_cap2,20,lift,20,1000,2.366222025727436,2.0065595970479,2.7742459028856135,-0.06519762267729723,-0.25271319283012245,0.08801614872916573
extra_ap12_paceall_p60_cap2,extra_roll2_silence21_r70_cap2,20,sym,20,1000,79.56693860314527,46.362911871444894,111.73052688068972,-9.354917734064273,-19.57723840392238,-0.39302393960463733
extra_ap12_paceall_p60_cap2,extra_roll2_silence21_r70_cap2,20,forward,20,1000,125.85607281880135,65.70923162901734,177.5914139167165,-4.332035047216806,-19.67544405188353,10.079534171354698
extra_ap12_paceall_p60_cap2,extra_roll2_silence21_r70_cap2,1,lift,50,1000,1.927914975974154,1.7335339903332307,2.1238091556557026,-0.011039362323228108,-0.026436659262920374,0.002501611861547802
extra_ap12_paceall_p60_cap2,extra_roll2_silence21_r70_cap2,1,sym,50,1000,28.840803242834333,23.229317791043137,35.43349936628484,-2.782305012048379,-4.798024059052447,-0.5794132485096153
extra_ap12_paceall_p60_cap2,extra_roll2_silence21_r70_cap2,1,forward,50,1000,91.39470893262333,78.36479308060672,107.01513418062002,-4.730847405284777,-9.815175369650493,-0.18475738416920298
extra_ap12_paceall_p60_cap2,extra_roll2_silence21_r70_cap2,3,lift,50,1000,2.32015422724918,2.0161910842189688,2.695884675382554,-0.10522470589029709,-0.18937940387925498,-0.03110452911885039
extra_ap12_paceall_p60_cap2,extra_roll2_silence21_r70_cap2,3,sym,50,1000,53.84006800444713,42.82121404798535,67.89755772759332,-9.519745038472323,-15.40876382361697,-4.871054037682402
extra_ap12_paceall_p60_cap2,extra_roll2_silence21_r70_cap2,3,forward,50,1000,116.37387621379014,98.41168448159264,133.62748594208816,-11.25899249707139,-19.34876517513482,-5.200461952577214
extra_ap12_paceall_p60_cap2,extra_roll2_silence21_r70_cap2,5,lift,50,1000,2.379863802349065,2.0452462251224772,2.7609228632063387,-0.10525099785405212,-0.21116470326010373,-0.01957364668449931
extra_ap12_paceall_p60_cap2,extra_roll2_silence21_r70_cap2,5,sym,50,1000,64.52856695284088,51.705899687972014,80.57583977230833,-11.43969071518994,-18.86446142920317,-5.825094287430309
extra_ap12_paceall_p60_cap2,extra_roll2_silence21_r70_cap2,5,forward,50,1000,125.77426842622445,102.06850085529385,147.46034856772098,-11.231005378797008,-19.64688307729546,-4.507616942714323
extra_ap12_paceall_p60_cap2,extra_roll2_silence21_r70_cap2,10,lift,50,1000,2.3210511214193486,1.9883335273887097,2.6889807022141285,-0.10220335108225997,-0.24810836988115362,0.017694164630865834
extra_ap12_paceall_p60_cap2,extra_roll2_silence21_r70_cap2,10,sym,50,1000,70.74026030093887,54.16561055841214,90.32437417109503,-9.012274569742516,-17.28223567846203,-1.5934383598092352
extra_ap12_paceall_p60_cap2,extra_roll2_silence21_r70_cap2,10,forward,50,1000,128.25154549044126,92.77579103805436,163.97449996144283,-6.05055589429179,-16.358624425301493,2.7744341225956455
extra_ap12_paceall_p60_cap2,extra_roll2_silence21_r70_cap2,20,lift,50,1000,2.366222025727436,2.0030664542554635,2.8116717699727642,-0.06519762267729723,-0.25517004385703546,0.08317907175584517
extra_ap12_paceall_p60_cap2,extra_roll2_silence21_r70_cap2,20,sym,50,1000,79.56693860314527,52.511607526962145,110.58545099954382,-9.354917734064273,-19.96981633306832,0.4190380717229557
extra_ap12_paceall_p60_cap2,extra_roll2_silence21_r70_cap2,20,forward,50,1000,125.85607281880135,56.30302245900236,196.69393379035802,-4.332035047216806,-20.97309981101258,9.02508672743252
extra_ap12_paceall_p60_cap2,extra_ap12_silence14_month24_cap2,1,lift,20,1000,1.927914975974154,1.7727603341012774,2.1000465696174486,-0.002970785849119917,-0.01574428836237528,0.010270076136156835
extra_ap12_paceall_p60_cap2,extra_ap12_silence14_month24_cap2,1,sym,20,1000,28.840803242834333,23.3681568471705,35.45043115604238,-0.5259895784441859,-1.774456367447516,0.5236458170507309
extra_ap12_paceall_p60_cap2,extra_ap12_silence14_month24_cap2,1,forward,20,1000,91.39470893262333,79.42397193367377,105.30096161822512,-4.143234239532006,-7.202424258281656,-2.0487766046298703
extra_ap12_paceall_p60_cap2,extra_ap12_silence14_month24_cap2,3,lift,20,1000,2.32015422724918,2.0506310313286518,2.6187453269877774,-0.07095536125989499,-0.12424156120075451,-0.023412467194588202
extra_ap12_paceall_p60_cap2,extra_ap12_silence14_month24_cap2,3,sym,20,1000,53.84006800444713,43.31217044240771,67.57205235780495,-1.7346634596548896,-4.607143645375097,1.2370356665241848
extra_ap12_paceall_p60_cap2,extra_ap12_silence14_month24_cap2,3,forward,20,1000,116.37387621379014,99.03479067456895,134.183613662476,-6.123793868221057,-9.956047806021537,-2.684525462861154
extra_ap12_paceall_p60_cap2,extra_ap12_silence14_month24_cap2,5,lift,20,1000,2.379863802349065,2.0912194619544717,2.6890875030899832,-0.09583653253241842,-0.16323109053549706,-0.03469126292688818
extra_ap12_paceall_p60_cap2,extra_ap12_silence14_month24_cap2,5,sym,20,1000,64.52856695284088,51.805563549490756,80.1542756399756,-2.6928772564596954,-6.31587484846962,0.8711200966109711
extra_ap12_paceall_p60_cap2,extra_ap12_silence14_month24_cap2,5,forward,20,1000,125.77426842622445,103.83050732610705,147.86015927921363,-7.06867335084543,-11.548591648688353,-2.7857834918860496
extra_ap12_paceall_p60_cap2,extra_ap12_silence14_month24_cap2,10,lift,20,1000,2.3210511214193486,2.0338085171909808,2.656133996683162,-0.0347440049446619,-0.1263962156945256,0.05811463210302359
extra_ap12_paceall_p60_cap2,extra_ap12_silence14_month24_cap2,10,sym,20,1000,70.74026030093887,52.69306828741094,89.95941404599026,-4.263485961947367,-9.015901633832966,0.013289222787336121
extra_ap12_paceall_p60_cap2,extra_ap12_silence14_month24_cap2,10,forward,20,1000,128.25154549044126,96.39106987664037,159.05508104696975,-8.46344438982078,-15.8198757274223,-1.6505940483621204
extra_ap12_paceall_p60_cap2,extra_ap12_silence14_month24_cap2,20,lift,20,1000,2.366222025727436,2.0065595970479,2.7742459028856135,-0.04532613626314852,-0.15988302192881304,0.0626241874872758
extra_ap12_paceall_p60_cap2,extra_ap12_silence14_month24_cap2,20,sym,20,1000,79.56693860314527,46.362911871444894,111.73052688068972,-5.4404007471678995,-12.745084776325193,0.28585654914636627
extra_ap12_paceall_p60_cap2,extra_ap12_silence14_month24_cap2,20,forward,20,1000,125.85607281880135,65.70923162901734,177.5914139167165,-9.560732239431019,-20.072874989476787,-0.710817348949298
extra_ap12_paceall_p60_cap2,extra_ap12_silence14_month24_cap2,1,lift,50,1000,1.927914975974154,1.7335339903332307,2.1238091556557026,-0.002970785849119917,-0.014826568770053145,0.009018953095676041
extra_ap12_paceall_p60_cap2,extra_ap12_silence14_month24_cap2,1,sym,50,1000,28.840803242834333,23.229317791043137,35.43349936628484,-0.5259895784441859,-1.6100756780461345,0.559702589664341
extra_ap12_paceall_p60_cap2,extra_ap12_silence14_month24_cap2,1,forward,50,1000,91.39470893262333,78.36479308060672,107.01513418062002,-4.143234239532006,-7.4466213178550325,-1.87015782640183
extra_ap12_paceall_p60_cap2,extra_ap12_silence14_month24_cap2,3,lift,50,1000,2.32015422724918,2.0161910842189688,2.695884675382554,-0.07095536125989499,-0.1306708472930103,-0.018120674760735297
extra_ap12_paceall_p60_cap2,extra_ap12_silence14_month24_cap2,3,sym,50,1000,53.84006800444713,42.82121404798535,67.89755772759332,-1.7346634596548896,-4.301541935694635,0.8261157059048824
extra_ap12_paceall_p60_cap2,extra_ap12_silence14_month24_cap2,3,forward,50,1000,116.37387621379014,98.41168448159264,133.62748594208816,-6.123793868221057,-9.908102438229562,-2.9672207283737357
extra_ap12_paceall_p60_cap2,extra_ap12_silence14_month24_cap2,5,lift,50,1000,2.379863802349065,2.0452462251224772,2.7609228632063387,-0.09583653253241842,-0.1735864153358611,-0.023380761798554157
extra_ap12_paceall_p60_cap2,extra_ap12_silence14_month24_cap2,5,sym,50,1000,64.52856695284088,51.705899687972014,80.57583977230833,-2.6928772564596954,-5.866920788081658,0.29554429296457957
extra_ap12_paceall_p60_cap2,extra_ap12_silence14_month24_cap2,5,forward,50,1000,125.77426842622445,102.06850085529385,147.46034856772098,-7.06867335084543,-11.548859700656015,-2.887876870980618
extra_ap12_paceall_p60_cap2,extra_ap12_silence14_month24_cap2,10,lift,50,1000,2.3210511214193486,1.9883335273887097,2.6889807022141285,-0.0347440049446619,-0.13925813626405947,0.07893360193916345
extra_ap12_paceall_p60_cap2,extra_ap12_silence14_month24_cap2,10,sym,50,1000,70.74026030093887,54.16561055841214,90.32437417109503,-4.263485961947367,-8.150301218268341,-1.1252105143296052
extra_ap12_paceall_p60_cap2,extra_ap12_silence14_month24_cap2,10,forward,50,1000,128.25154549044126,92.77579103805436,163.97449996144283,-8.46344438982078,-14.92541812041667,-2.420972409637909
extra_ap12_paceall_p60_cap2,extra_ap12_silence14_month24_cap2,20,lift,50,1000,2.366222025727436,2.0030664542554635,2.8116717699727642,-0.04532613626314852,-0.16793636072069057,0.07484220075737102
extra_ap12_paceall_p60_cap2,extra_ap12_silence14_month24_cap2,20,sym,50,1000,79.56693860314527,52.511607526962145,110.58545099954382,-5.4404007471678995,-10.930605126703128,-0.6984108751543483
extra_ap12_paceall_p60_cap2,extra_ap12_silence14_month24_cap2,20,forward,50,1000,125.85607281880135,56.30302245900236,196.69393379035802,-9.560732239431019,-18.826181500892584,-1.099667724338527
extra_ap12_paceall_p60_cap2,extra_roll2_primary_cap2,1,lift,20,1000,1.927914975974154,1.7727603341012774,2.1000465696174486,-0.012547109012138513,-0.03122559600137125,0.005371073986986662
extra_ap12_paceall_p60_cap2,extra_roll2_primary_cap2,1,sym,20,1000,28.840803242834333,23.3681568471705,35.45043115604238,-3.0544309254470967,-5.382998072181373,-0.97693755708067
extra_ap12_paceall_p60_cap2,extra_roll2_primary_cap2,1,forward,20,1000,91.39470893262333,79.42397193367377,105.30096161822512,-6.432906348649169,-11.197137759339753,-2.3612311589178727
extra_ap12_paceall_p60_cap2,extra_roll2_primary_cap2,3,lift,20,1000,2.32015422724918,2.0506310313286518,2.6187453269877774,-0.11556709494826878,-0.1968406381096045,-0.04882616040882963
extra_ap12_paceall_p60_cap2,extra_roll2_primary_cap2,3,sym,20,1000,53.84006800444713,43.31217044240771,67.57205235780495,-9.812037051667716,-15.524445614974846,-4.98516046405337
extra_ap12_paceall_p60_cap2,extra_roll2_primary_cap2,3,forward,20,1000,116.37387621379014,99.03479067456895,134.183613662476,-13.70738613846882,-20.913645002648856,-7.889577954917128
extra_ap12_paceall_p60_cap2,extra_roll2_primary_cap2,5,lift,20,1000,2.379863802349065,2.0912194619544717,2.6890875030899832,-0.13772221867167822,-0.2403173040427617,-0.0447155486450886
extra_ap12_paceall_p60_cap2,extra_roll2_primary_cap2,5,sym,20,1000,64.52856695284088,51.805563549490756,80.1542756399756,-11.79148152588391,-19.627861029413037,-5.692647769543392
extra_ap12_paceall_p60_cap2,extra_roll2_primary_cap2,5,forward,20,1000,125.77426842622445,103.83050732610705,147.86015927921363,-14.71675459803977,-23.089029939203208,-7.105536781123813
extra_ap12_paceall_p60_cap2,extra_roll2_primary_cap2,10,lift,20,1000,2.3210511214193486,2.0338085171909808,2.656133996683162,-0.14935839987226318,-0.31257350118616256,-0.014538493322990597
extra_ap12_paceall_p60_cap2,extra_roll2_primary_cap2,10,sym,20,1000,70.74026030093887,52.69306828741094,89.95941404599026,-8.372340722417718,-18.742765282386543,0.052956146167606424
extra_ap12_paceall_p60_cap2,extra_roll2_primary_cap2,10,forward,20,1000,128.25154549044126,96.39106987664037,159.05508104696975,-9.221338252457372,-21.378902670117,1.7999203336484777
extra_ap12_paceall_p60_cap2,extra_roll2_primary_cap2,20,lift,20,1000,2.366222025727436,2.0065595970479,2.7742459028856135,-0.10245193249309015,-0.2993758747145249,0.06067712059981884
extra_ap12_paceall_p60_cap2,extra_roll2_primary_cap2,20,sym,20,1000,79.56693860314527,46.362911871444894,111.73052688068972,-6.688530888450373,-17.725493694207252,3.7472138621567406
extra_ap12_paceall_p60_cap2,extra_roll2_primary_cap2,20,forward,20,1000,125.85607281880135,65.70923162901734,177.5914139167165,-4.1617342454577795,-20.451573948708333,10.98439480241076
extra_ap12_paceall_p60_cap2,extra_roll2_primary_cap2,1,lift,50,1000,1.927914975974154,1.7335339903332307,2.1238091556557026,-0.012547109012138513,-0.03162881077565789,0.005540801030716326
extra_ap12_paceall_p60_cap2,extra_roll2_primary_cap2,1,sym,50,1000,28.840803242834333,23.229317791043137,35.43349936628484,-3.0544309254470967,-5.346153591048631,-0.6949816314037268
extra_ap12_paceall_p60_cap2,extra_roll2_primary_cap2,1,forward,50,1000,91.39470893262333,78.36479308060672,107.01513418062002,-6.432906348649169,-12.201683151080255,-1.6705212917350336
extra_ap12_paceall_p60_cap2,extra_roll2_primary_cap2,3,lift,50,1000,2.32015422724918,2.0161910842189688,2.695884675382554,-0.11556709494826878,-0.19418242085148826,-0.046134847553122874
extra_ap12_paceall_p60_cap2,extra_roll2_primary_cap2,3,sym,50,1000,53.84006800444713,42.82121404798535,67.89755772759332,-9.812037051667716,-15.992781150010346,-4.624465615626124
extra_ap12_paceall_p60_cap2,extra_roll2_primary_cap2,3,forward,50,1000,116.37387621379014,98.41168448159264,133.62748594208816,-13.70738613846882,-22.694517259148288,-6.974048294427218
extra_ap12_paceall_p60_cap2,extra_roll2_primary_cap2,5,lift,50,1000,2.379863802349065,2.0452462251224772,2.7609228632063387,-0.13772221867167822,-0.24016882832284744,-0.04477979927472628
extra_ap12_paceall_p60_cap2,extra_roll2_primary_cap2,5,sym,50,1000,64.52856695284088,51.705899687972014,80.57583977230833,-11.79148152588391,-20.061531732490927,-5.562601427569167
extra_ap12_paceall_p60_cap2,extra_roll2_primary_cap2,5,forward,50,1000,125.77426842622445,102.06850085529385,147.46034856772098,-14.71675459803977,-24.875986366569208,-7.2826350916060045
extra_ap12_paceall_p60_cap2,extra_roll2_primary_cap2,10,lift,50,1000,2.3210511214193486,1.9883335273887097,2.6889807022141285,-0.14935839987226318,-0.3039851882793964,-0.013160720424672964
extra_ap12_paceall_p60_cap2,extra_roll2_primary_cap2,10,sym,50,1000,70.74026030093887,54.16561055841214,90.32437417109503,-8.372340722417718,-17.64179003505996,0.5239813381957223
extra_ap12_paceall_p60_cap2,extra_roll2_primary_cap2,10,forward,50,1000,128.25154549044126,92.77579103805436,163.97449996144283,-9.221338252457372,-21.169570572435966,0.5092771541843957
extra_ap12_paceall_p60_cap2,extra_roll2_primary_cap2,20,lift,50,1000,2.366222025727436,2.0030664542554635,2.8116717699727642,-0.10245193249309015,-0.31323857357008017,0.062413116966314505
extra_ap12_paceall_p60_cap2,extra_roll2_primary_cap2,20,sym,50,1000,79.56693860314527,52.511607526962145,110.58545099954382,-6.688530888450373,-18.26060026230628,4.6058024249229845
extra_ap12_paceall_p60_cap2,extra_roll2_primary_cap2,20,forward,50,1000,125.85607281880135,56.30302245900236,196.69393379035802,-4.1617342454577795,-22.981722325047134,10.720150099198221
extra_ap12_paceall_p60_cap2,local_extra_primary_cap2,1,lift,20,1000,1.927914975974154,1.7727603341012774,2.1000465696174486,-0.0050743308526057795,-0.031901559471517314,0.020453317015298542
extra_ap12_paceall_p60_cap2,local_extra_primary_cap2,1,sym,20,1000,28.840803242834333,23.3681568471705,35.45043115604238,-2.8662885478343654,-4.896953637560551,-1.260237287126287
extra_ap12_paceall_p60_cap2,local_extra_primary_cap2,1,forward,20,1000,91.39470893262333,79.42397193367377,105.30096161822512,-9.202916239222645,-13.122948397985994,-6.043713530884767
extra_ap12_paceall_p60_cap2,local_extra_primary_cap2,3,lift,20,1000,2.32015422724918,2.0506310313286518,2.6187453269877774,-0.12163841513294837,-0.2275188289430972,-0.029028606610914286
extra_ap12_paceall_p60_cap2,local_extra_primary_cap2,3,sym,20,1000,53.84006800444713,43.31217044240771,67.57205235780495,-5.375073375813514,-9.423232646456134,-1.9654036160697093
extra_ap12_paceall_p60_cap2,local_extra_primary_cap2,3,forward,20,1000,116.37387621379014,99.03479067456895,134.183613662476,-14.051852326127658,-19.637585368562473,-9.025585434240902
extra_ap12_paceall_p60_cap2,local_extra_primary_cap2,5,lift,20,1000,2.379863802349065,2.0912194619544717,2.6890875030899832,-0.15121055780701953,-0.27343730074102424,-0.041828956783959946
extra_ap12_paceall_p60_cap2,local_extra_primary_cap2,5,sym,20,1000,64.52856695284088,51.805563549490756,80.1542756399756,-6.064236378791421,-11.03225962064348,-1.7867337331570086
extra_ap12_paceall_p60_cap2,local_extra_primary_cap2,5,forward,20,1000,125.77426842622445,103.83050732610705,147.86015927921363,-14.933444294654961,-21.11083849823912,-9.455219888085471
extra_ap12_paceall_p60_cap2,local_extra_primary_cap2,10,lift,20,1000,2.3210511214193486,2.0338085171909808,2.656133996683162,-0.08280328316152596,-0.23984071296280832,0.033739955540616914
extra_ap12_paceall_p60_cap2,local_extra_primary_cap2,10,sym,20,1000,70.74026030093887,52.69306828741094,89.95941404599026,-4.106510689207596,-10.829946442525074,1.9744039428127398
extra_ap12_paceall_p60_cap2,local_extra_primary_cap2,10,forward,20,1000,128.25154549044126,96.39106987664037,159.05508104696975,-11.879686871752853,-20.861211043490705,-3.226592862580253
extra_ap12_paceall_p60_cap2,local_extra_primary_cap2,20,lift,20,1000,2.366222025727436,2.0065595970479,2.7742459028856135,-0.048762158859942506,-0.23654796944114445,0.09275976181651413
extra_ap12_paceall_p60_cap2,local_extra_primary_cap2,20,sym,20,1000,79.56693860314527,46.362911871444894,111.73052688068972,-3.667177500773093,-12.429681666782741,4.659409148803763
extra_ap12_paceall_p60_cap2,local_extra_primary_cap2,20,forward,20,1000,125.85607281880135,65.70923162901734,177.5914139167165,-5.685472629850892,-19.87895433750175,8.372656376689301
extra_ap12_paceall_p60_cap2,local_extra_primary_cap2,1,lift,50,1000,1.927914975974154,1.7335339903332307,2.1238091556557026,-0.0050743308526057795,-0.03639860659992383,0.022261102323564687
extra_ap12_paceall_p60_cap2,local_extra_primary_cap2,1,sym,50,1000,28.840803242834333,23.229317791043137,35.43349936628484,-2.8662885478343654,-4.861849192928451,-1.3162946764506438
extra_ap12_paceall_p60_cap2,local_extra_primary_cap2,1,forward,50,1000,91.39470893262333,78.36479308060672,107.01513418062002,-9.202916239222645,-14.138837746202338,-5.786255133021045
extra_ap12_paceall_p60_cap2,local_extra_primary_cap2,3,lift,50,1000,2.32015422724918,2.0161910842189688,2.695884675382554,-0.12163841513294837,-0.23684723748126443,-0.011760160280639182
extra_ap12_paceall_p60_cap2,local_extra_primary_cap2,3,sym,50,1000,53.84006800444713,42.82121404798535,67.89755772759332,-5.375073375813514,-9.263839894784786,-1.9547549610318862
extra_ap12_paceall_p60_cap2,local_extra_primary_cap2,3,forward,50,1000,116.37387621379014,98.41168448159264,133.62748594208816,-14.051852326127658,-20.159091377476507,-9.065074591949786
extra_ap12_paceall_p60_cap2,local_extra_primary_cap2,5,lift,50,1000,2.379863802349065,2.0452462251224772,2.7609228632063387,-0.15121055780701953,-0.2886580218805159,-0.026328917657867112
extra_ap12_paceall_p60_cap2,local_extra_primary_cap2,5,sym,50,1000,64.52856695284088,51.705899687972014,80.57583977230833,-6.064236378791421,-10.966051161080383,-1.794738102003771
extra_ap12_paceall_p60_cap2,local_extra_primary_cap2,5,forward,50,1000,125.77426842622445,102.06850085529385,147.46034856772098,-14.933444294654961,-21.005154068516713,-9.462503716641471
extra_ap12_paceall_p60_cap2,local_extra_primary_cap2,10,lift,50,1000,2.3210511214193486,1.9883335273887097,2.6889807022141285,-0.08280328316152596,-0.24605905950019946,0.035178065356519905
extra_ap12_paceall_p60_cap2,local_extra_primary_cap2,10,sym,50,1000,70.74026030093887,54.16561055841214,90.32437417109503,-4.106510689207596,-9.956702662476497,1.0394829574490245
extra_ap12_paceall_p60_cap2,local_extra_primary_cap2,10,forward,50,1000,128.25154549044126,92.77579103805436,163.97449996144283,-11.879686871752853,-20.350634435232912,-4.191355320749137
extra_ap12_paceall_p60_cap2,local_extra_primary_cap2,20,lift,50,1000,2.366222025727436,2.0030664542554635,2.8116717699727642,-0.048762158859942506,-0.24216244409503476,0.0646350245053024
extra_ap12_paceall_p60_cap2,local_extra_primary_cap2,20,sym,50,1000,79.56693860314527,52.511607526962145,110.58545099954382,-3.667177500773093,-11.089314010667444,2.4671432015390087
extra_ap12_paceall_p60_cap2,local_extra_primary_cap2,20,forward,50,1000,125.85607281880135,56.30302245900236,196.69393379035802,-5.685472629850892,-20.44791426986536,8.085394735821625
extra_ap12_paceall_p60_cap2,extra_roll2_reserve7_cap2,1,lift,20,1000,1.927914975974154,1.7727603341012774,2.1000465696174486,-0.008634495523213603,-0.027276846689431915,0.004037910237530173
extra_ap12_paceall_p60_cap2,extra_roll2_reserve7_cap2,1,sym,20,1000,28.840803242834333,23.3681568471705,35.45043115604238,-2.612612571997616,-4.737796299607493,-0.6193370881932363
extra_ap12_paceall_p60_cap2,extra_roll2_reserve7_cap2,1,forward,20,1000,91.39470893262333,79.42397193367377,105.30096161822512,2.4875536170747665,-1.5882918113769862,6.384121210697807
extra_ap12_paceall_p60_cap2,extra_roll2_reserve7_cap2,3,lift,20,1000,2.32015422724918,2.0506310313286518,2.6187453269877774,0.0067425085195176315,-0.06925489054786876,0.08379909924916856
extra_ap12_paceall_p60_cap2,extra_roll2_reserve7_cap2,3,sym,20,1000,53.84006800444713,43.31217044240771,67.57205235780495,-7.931378315322441,-12.529707581964567,-3.608094588192807
extra_ap12_paceall_p60_cap2,extra_roll2_reserve7_cap2,3,forward,20,1000,116.37387621379014,99.03479067456895,134.183613662476,2.3044179376607303,-4.542591951952405,8.207257323132406
extra_ap12_paceall_p60_cap2,extra_roll2_reserve7_cap2,5,lift,20,1000,2.379863802349065,2.0912194619544717,2.6890875030899832,0.03962578094510949,-0.051078780375020186,0.1276580716029995
extra_ap12_paceall_p60_cap2,extra_roll2_reserve7_cap2,5,sym,20,1000,64.52856695284088,51.805563549490756,80.1542756399756,-9.428210067911508,-15.42026340717489,-4.004339552777618
extra_ap12_paceall_p60_cap2,extra_roll2_reserve7_cap2,5,forward,20,1000,125.77426842622445,103.83050732610705,147.86015927921363,3.77830895195612,-4.125210274902748,11.138549219178469
extra_ap12_paceall_p60_cap2,extra_roll2_reserve7_cap2,10,lift,20,1000,2.3210511214193486,2.0338085171909808,2.656133996683162,-0.005811170901128371,-0.13035240994161781,0.1039712475550991
extra_ap12_paceall_p60_cap2,extra_roll2_reserve7_cap2,10,sym,20,1000,70.74026030093887,52.69306828741094,89.95941404599026,-6.989562284413111,-14.055095153079565,-0.5429501361363689
extra_ap12_paceall_p60_cap2,extra_roll2_reserve7_cap2,10,forward,20,1000,128.25154549044126,96.39106987664037,159.05508104696975,7.114092846368607,-2.1273142408265273,16.236525198880933
extra_ap12_paceall_p60_cap2,extra_roll2_reserve7_cap2,20,lift,20,1000,2.366222025727436,2.0065595970479,2.7742459028856135,0.027928358672348885,-0.12298492895605459,0.16143777710800652
extra_ap12_paceall_p60_cap2,extra_roll2_reserve7_cap2,20,sym,20,1000,79.56693860314527,46.362911871444894,111.73052688068972,-6.19509286651558,-14.272250798805008,1.6682127666823217
extra_ap12_paceall_p60_cap2,extra_roll2_reserve7_cap2,20,forward,20,1000,125.85607281880135,65.70923162901734,177.5914139167165,6.7574099870194715,-4.309506828360722,17.955940147128434
extra_ap12_paceall_p60_cap2,extra_roll2_reserve7_cap2,1,lift,50,1000,1.927914975974154,1.7335339903332307,2.1238091556557026,-0.008634495523213603,-0.031520017371338215,0.004889592469630614
extra_ap12_paceall_p60_cap2,extra_roll2_reserve7_cap2,1,sym,50,1000,28.840803242834333,23.229317791043137,35.43349936628484,-2.612612571997616,-5.04257260803569,-0.3714537137257783
extra_ap12_paceall_p60_cap2,extra_roll2_reserve7_cap2,1,forward,50,1000,91.39470893262333,78.36479308060672,107.01513418062002,2.4875536170747665,-1.9281759678564117,6.432269817147837
extra_ap12_paceall_p60_cap2,extra_roll2_reserve7_cap2,3,lift,50,1000,2.32015422724918,2.0161910842189688,2.695884675382554,0.0067425085195176315,-0.07317271706377844,0.07700079909097254
extra_ap12_paceall_p60_cap2,extra_roll2_reserve7_cap2,3,sym,50,1000,53.84006800444713,42.82121404798535,67.89755772759332,-7.931378315322441,-13.658876275674357,-2.955370643913266
extra_ap12_paceall_p60_cap2,extra_roll2_reserve7_cap2,3,forward,50,1000,116.37387621379014,98.41168448159264,133.62748594208816,2.3044179376607303,-5.266266769736348,8.767587524193718
extra_ap12_paceall_p60_cap2,extra_roll2_reserve7_cap2,5,lift,50,1000,2.379863802349065,2.0452462251224772,2.7609228632063387,0.03962578094510949,-0.05386131838080673,0.12791464431858254
extra_ap12_paceall_p60_cap2,extra_roll2_reserve7_cap2,5,sym,50,1000,64.52856695284088,51.705899687972014,80.57583977230833,-9.428210067911508,-16.772933392294764,-3.1283052748708564
extra_ap12_paceall_p60_cap2,extra_roll2_reserve7_cap2,5,forward,50,1000,125.77426842622445,102.06850085529385,147.46034856772098,3.77830895195612,-4.438390175606636,11.341618581846232
extra_ap12_paceall_p60_cap2,extra_roll2_reserve7_cap2,10,lift,50,1000,2.3210511214193486,1.9883335273887097,2.6889807022141285,-0.005811170901128371,-0.13339771712848675,0.11328095740081921
extra_ap12_paceall_p60_cap2,extra_roll2_reserve7_cap2,10,sym,50,1000,70.74026030093887,54.16561055841214,90.32437417109503,-6.989562284413111,-14.55580704095726,-0.2121183529336471
extra_ap12_paceall_p60_cap2,extra_roll2_reserve7_cap2,10,forward,50,1000,128.25154549044126,92.77579103805436,163.97449996144283,7.114092846368607,-0.9903762433065054,15.188390226354656
extra_ap12_paceall_p60_cap2,extra_roll2_reserve7_cap2,20,lift,50,1000,2.366222025727436,2.0030664542554635,2.8116717699727642,0.027928358672348885,-0.12456796136666753,0.15154711459204415
extra_ap12_paceall_p60_cap2,extra_roll2_reserve7_cap2,20,sym,50,1000,79.56693860314527,52.511607526962145,110.58545099954382,-6.19509286651558,-14.481374958536025,2.1310111921845607
extra_ap12_paceall_p60_cap2,extra_roll2_reserve7_cap2,20,forward,50,1000,125.85607281880135,56.30302245900236,196.69393379035802,6.7574099870194715,-4.611759923678449,16.564593492599535
extra_ap12_paceall_p60_cap2,known_change_z_urgent_cap2,1,lift,20,1000,1.927914975974154,1.7727603341012774,2.1000465696174486,-0.007812342176687803,-0.03655275566205955,0.0069552056869252735
extra_ap12_paceall_p60_cap2,known_change_z_urgent_cap2,1,sym,20,1000,28.840803242834333,23.3681568471705,35.45043115604238,-3.3455141309367704,-5.973567309363194,-0.710700753342495
extra_ap12_paceall_p60_cap2,known_change_z_urgent_cap2,1,forward,20,1000,91.39470893262333,79.42397193367377,105.30096161822512,15.99402371112265,8.448087349048203,24.930359574140674
extra_ap12_paceall_p60_cap2,known_change_z_urgent_cap2,3,lift,20,1000,2.32015422724918,2.0506310313286518,2.6187453269877774,0.24900086057276294,0.09556028622330118,0.38878282057906094
extra_ap12_paceall_p60_cap2,known_change_z_urgent_cap2,3,sym,20,1000,53.84006800444713,43.31217044240771,67.57205235780495,4.320600858006365,-2.633819981251747,11.896001174573453
extra_ap12_paceall_p60_cap2,known_change_z_urgent_cap2,3,forward,20,1000,116.37387621379014,99.03479067456895,134.183613662476,30.568671985868704,20.290371599559993,41.417803563458975
extra_ap12_paceall_p60_cap2,known_change_z_urgent_cap2,5,lift,20,1000,2.379863802349065,2.0912194619544717,2.6890875030899832,0.3258270579517304,0.14172000890837994,0.5096253948257577
extra_ap12_paceall_p60_cap2,known_change_z_urgent_cap2,5,sym,20,1000,64.52856695284088,51.805563549490756,80.1542756399756,9.215458702476383,0.7797359191900609,18.61989563292476
extra_ap12_paceall_p60_cap2,known_change_z_urgent_cap2,5,forward,20,1000,125.77426842622445,103.83050732610705,147.86015927921363,38.20885899487675,25.59228668457076,50.57952046436989
extra_ap12_paceall_p60_cap2,known_change_z_urgent_cap2,10,lift,20,1000,2.3210511214193486,2.0338085171909808,2.656133996683162,0.24351502566018102,0.043971059377486875,0.4429910307285437
extra_ap12_paceall_p60_cap2,known_change_z_urgent_cap2,10,sym,20,1000,70.74026030093887,52.69306828741094,89.95941404599026,12.027986996903557,0.5354459336581582,24.03756872010054
extra_ap12_paceall_p60_cap2,known_change_z_urgent_cap2,10,forward,20,1000,128.25154549044126,96.39106987664037,159.05508104696975,39.95770956877371,24.512605675609294,54.01021615525306
extra_ap12_paceall_p60_cap2,known_change_z_urgent_cap2,20,lift,20,1000,2.366222025727436,2.0065595970479,2.7742459028856135,0.2911270259328451,0.04567959422406006,0.5609821690655697
extra_ap12_paceall_p60_cap2,known_change_z_urgent_cap2,20,sym,20,1000,79.56693860314527,46.362911871444894,111.73052688068972,8.673042029733836,-5.080317822567668,22.558885620195543
extra_ap12_paceall_p60_cap2,known_change_z_urgent_cap2,20,forward,20,1000,125.85607281880135,65.70923162901734,177.5914139167165,39.116484191133154,20.21405341991777,59.568525625316404
extra_ap12_paceall_p60_cap2,known_change_z_urgent_cap2,1,lift,50,1000,1.927914975974154,1.7335339903332307,2.1238091556557026,-0.007812342176687803,-0.04366525690468635,0.0057310364573058435
extra_ap12_paceall_p60_cap2,known_change_z_urgent_cap2,1,sym,50,1000,28.840803242834333,23.229317791043137,35.43349936628484,-3.3455141309367704,-6.4613349674418785,-0.3431493572987078
extra_ap12_paceall_p60_cap2,known_change_z_urgent_cap2,1,forward,50,1000,91.39470893262333,78.36479308060672,107.01513418062002,15.99402371112265,7.643585582577084,26.13191173295234
extra_ap12_paceall_p60_cap2,known_change_z_urgent_cap2,3,lift,50,1000,2.32015422724918,2.0161910842189688,2.695884675382554,0.24900086057276294,0.08561076332555587,0.4460990649540354
extra_ap12_paceall_p60_cap2,known_change_z_urgent_cap2,3,sym,50,1000,53.84006800444713,42.82121404798535,67.89755772759332,4.320600858006365,-2.756032924739095,12.85574862478919
extra_ap12_paceall_p60_cap2,known_change_z_urgent_cap2,3,forward,50,1000,116.37387621379014,98.41168448159264,133.62748594208816,30.568671985868704,19.548811725365574,43.53544167165074
extra_ap12_paceall_p60_cap2,known_change_z_urgent_cap2,5,lift,50,1000,2.379863802349065,2.0452462251224772,2.7609228632063387,0.3258270579517304,0.13353501186519773,0.5239519653288957
extra_ap12_paceall_p60_cap2,known_change_z_urgent_cap2,5,sym,50,1000,64.52856695284088,51.705899687972014,80.57583977230833,9.215458702476383,0.9334667772119186,19.565011339046052
extra_ap12_paceall_p60_cap2,known_change_z_urgent_cap2,5,forward,50,1000,125.77426842622445,102.06850085529385,147.46034856772098,38.20885899487675,24.44188187891952,52.85485546558554
extra_ap12_paceall_p60_cap2,known_change_z_urgent_cap2,10,lift,50,1000,2.3210511214193486,1.9883335273887097,2.6889807022141285,0.24351502566018102,0.048227421587428564,0.44008278492226427
extra_ap12_paceall_p60_cap2,known_change_z_urgent_cap2,10,sym,50,1000,70.74026030093887,54.16561055841214,90.32437417109503,12.027986996903557,1.9197807288911413,24.312690568648545
extra_ap12_paceall_p60_cap2,known_change_z_urgent_cap2,10,forward,50,1000,128.25154549044126,92.77579103805436,163.97449996144283,39.95770956877371,24.452585203670953,55.95116156843715
extra_ap12_paceall_p60_cap2,known_change_z_urgent_cap2,20,lift,50,1000,2.366222025727436,2.0030664542554635,2.8116717699727642,0.2911270259328451,0.037758293661310956,0.5128745373891199
extra_ap12_paceall_p60_cap2,known_change_z_urgent_cap2,20,sym,50,1000,79.56693860314527,52.511607526962145,110.58545099954382,8.673042029733836,-2.738578457578398,23.449690046131117
extra_ap12_paceall_p60_cap2,known_change_z_urgent_cap2,20,forward,50,1000,125.85607281880135,56.30302245900236,196.69393379035802,39.116484191133154,19.536620898511952,59.6591509292083
extra_ap12_paceall_p60_cap2,hazard_hist_h5_urgent_cap2,1,lift,20,1000,1.927914975974154,1.7727603341012774,2.1000465696174486,-0.010668890458718883,-0.041065432535502835,0.003918627111159061
extra_ap12_paceall_p60_cap2,hazard_hist_h5_urgent_cap2,1,sym,20,1000,28.840803242834333,23.3681568471705,35.45043115604238,-3.6391303538857542,-6.319799084779628,-0.9168131790971471
extra_ap12_paceall_p60_cap2,hazard_hist_h5_urgent_cap2,1,forward,20,1000,91.39470893262333,79.42397193367377,105.30096161822512,20.967515482428254,13.347944292985618,29.893879571844156
extra_ap12_paceall_p60_cap2,hazard_hist_h5_urgent_cap2,3,lift,20,1000,2.32015422724918,2.0506310313286518,2.6187453269877774,0.21102272919437537,0.07176443947679403,0.34740309628381844
extra_ap12_paceall_p60_cap2,hazard_hist_h5_urgent_cap2,3,sym,20,1000,53.84006800444713,43.31217044240771,67.57205235780495,1.1953354375808658,-5.537092893755103,8.666010287146769
extra_ap12_paceall_p60_cap2,hazard_hist_h5_urgent_cap2,3,forward,20,1000,116.37387621379014,99.03479067456895,134.183613662476,31.277626546496393,21.246325514061787,41.728666213969326
extra_ap12_paceall_p60_cap2,hazard_hist_h5_urgent_cap2,5,lift,20,1000,2.379863802349065,2.0912194619544717,2.6890875030899832,0.2448448488138144,0.07337322319172764,0.4095425441719151
extra_ap12_paceall_p60_cap2,hazard_hist_h5_urgent_cap2,5,sym,20,1000,64.52856695284088,51.805563549490756,80.1542756399756,4.381771711477242,-4.1740660524986515,13.409127957456962
extra_ap12_paceall_p60_cap2,hazard_hist_h5_urgent_cap2,5,forward,20,1000,125.77426842622445,103.83050732610705,147.86015927921363,35.39461211979177,22.331635042710218,47.949279283540626
extra_ap12_paceall_p60_cap2,hazard_hist_h5_urgent_cap2,10,lift,20,1000,2.3210511214193486,2.0338085171909808,2.656133996683162,0.1415737071077512,-0.03962660725391844,0.31131781282187304
extra_ap12_paceall_p60_cap2,hazard_hist_h5_urgent_cap2,10,sym,20,1000,70.74026030093887,52.69306828741094,89.95941404599026,3.6408296690967177,-8.16916021035842,16.202976855162714
extra_ap12_paceall_p60_cap2,hazard_hist_h5_urgent_cap2,10,forward,20,1000,128.25154549044126,96.39106987664037,159.05508104696975,34.66350421578532,19.535003041099312,49.0860950945524
extra_ap12_paceall_p60_cap2,hazard_hist_h5_urgent_cap2,20,lift,20,1000,2.366222025727436,2.0065595970479,2.7742459028856135,0.1734680233519521,-0.042068744510546076,0.4015092379210361
extra_ap12_paceall_p60_cap2,hazard_hist_h5_urgent_cap2,20,sym,20,1000,79.56693860314527,46.362911871444894,111.73052688068972,0.9471984022270163,-13.761703344662314,16.207682184803225
extra_ap12_paceall_p60_cap2,hazard_hist_h5_urgent_cap2,20,forward,20,1000,125.85607281880135,65.70923162901734,177.5914139167165,33.334750431048235,14.247865809392819,52.18435718258841
extra_ap12_paceall_p60_cap2,hazard_hist_h5_urgent_cap2,1,lift,50,1000,1.927914975974154,1.7335339903332307,2.1238091556557026,-0.010668890458718883,-0.04683745080352492,0.004667412653064291
extra_ap12_paceall_p60_cap2,hazard_hist_h5_urgent_cap2,1,sym,50,1000,28.840803242834333,23.229317791043137,35.43349936628484,-3.6391303538857542,-6.5539580715657415,-0.8173197389485236
extra_ap12_paceall_p60_cap2,hazard_hist_h5_urgent_cap2,1,forward,50,1000,91.39470893262333,78.36479308060672,107.01513418062002,20.967515482428254,12.510701734217122,30.66240695542005
extra_ap12_paceall_p60_cap2,hazard_hist_h5_urgent_cap2,3,lift,50,1000,2.32015422724918,2.0161910842189688,2.695884675382554,0.21102272919437537,0.05676847491921497,0.3901154881456109
extra_ap12_paceall_p60_cap2,hazard_hist_h5_urgent_cap2,3,sym,50,1000,53.84006800444713,42.82121404798535,67.89755772759332,1.1953354375808658,-6.067106120085456,9.340889482372752
extra_ap12_paceall_p60_cap2,hazard_hist_h5_urgent_cap2,3,forward,50,1000,116.37387621379014,98.41168448159264,133.62748594208816,31.277626546496393,19.790016029138062,43.72751736829309
extra_ap12_paceall_p60_cap2,hazard_hist_h5_urgent_cap2,5,lift,50,1000,2.379863802349065,2.0452462251224772,2.7609228632063387,0.2448448488138144,0.06646082896497235,0.4314649737568314
extra_ap12_paceall_p60_cap2,hazard_hist_h5_urgent_cap2,5,sym,50,1000,64.52856695284088,51.705899687972014,80.57583977230833,4.381771711477242,-4.196380514047426,14.421215927429252
extra_ap12_paceall_p60_cap2,hazard_hist_h5_urgent_cap2,5,forward,50,1000,125.77426842622445,102.06850085529385,147.46034856772098,35.39461211979177,20.970752346212038,50.440053668710135
extra_ap12_paceall_p60_cap2,hazard_hist_h5_urgent_cap2,10,lift,50,1000,2.3210511214193486,1.9883335273887097,2.6889807022141285,0.1415737071077512,-0.04262171867887617,0.31987402867911124
extra_ap12_paceall_p60_cap2,hazard_hist_h5_urgent_cap2,10,sym,50,1000,70.74026030093887,54.16561055841214,90.32437417109503,3.6408296690967177,-8.12200492197206,17.0326189853952
extra_ap12_paceall_p60_cap2,hazard_hist_h5_urgent_cap2,10,forward,50,1000,128.25154549044126,92.77579103805436,163.97449996144283,34.66350421578532,17.687130846500736,51.76216349324964
extra_ap12_paceall_p60_cap2,hazard_hist_h5_urgent_cap2,20,lift,50,1000,2.366222025727436,2.0030664542554635,2.8116717699727642,0.1734680233519521,-0.04910770047465005,0.3886011794761305
extra_ap12_paceall_p60_cap2,hazard_hist_h5_urgent_cap2,20,sym,50,1000,79.56693860314527,52.511607526962145,110.58545099954382,0.9471984022270163,-12.847911883839219,17.27235302407326
extra_ap12_paceall_p60_cap2,hazard_hist_h5_urgent_cap2,20,forward,50,1000,125.85607281880135,56.30302245900236,196.69393379035802,33.334750431048235,12.323863708185696,54.49230368463963
extra_ap12_paceall_p60_cap2,ap1_change_z_r25_exact_cap2,1,lift,20,1000,1.927914975974154,1.7727603341012774,2.1000465696174486,0.003256083434935775,-0.02341249290452627,0.022911497729735733
extra_ap12_paceall_p60_cap2,ap1_change_z_r25_exact_cap2,1,sym,20,1000,28.840803242834333,23.3681568471705,35.45043115604238,-7.616661039927514,-10.913636533721244,-4.8966532897354655
extra_ap12_paceall_p60_cap2,ap1_change_z_r25_exact_cap2,1,forward,20,1000,91.39470893262333,79.42397193367377,105.30096161822512,-7.947190172070279,-14.666275376840458,-1.228195129007836
extra_ap12_paceall_p60_cap2,ap1_change_z_r25_exact_cap2,3,lift,20,1000,2.32015422724918,2.0506310313286518,2.6187453269877774,0.017126750698832183,-0.10932297791764453,0.1285572016019013
extra_ap12_paceall_p60_cap2,ap1_change_z_r25_exact_cap2,3,sym,20,1000,53.84006800444713,43.31217044240771,67.57205235780495,-4.336368346588081,-12.050482126860478,1.8978218857677605
extra_ap12_paceall_p60_cap2,ap1_change_z_r25_exact_cap2,3,forward,20,1000,116.37387621379014,99.03479067456895,134.183613662476,0.33263495444174396,-8.321391934628217,8.324672761091874
extra_ap12_paceall_p60_cap2,ap1_change_z_r25_exact_cap2,5,lift,20,1000,2.379863802349065,2.0912194619544717,2.6890875030899832,0.07915985583560481,-0.09203123404684285,0.22562112672929935
extra_ap12_paceall_p60_cap2,ap1_change_z_r25_exact_cap2,5,sym,20,1000,64.52856695284088,51.805563549490756,80.1542756399756,-2.862665948965031,-13.252591862898841,5.780950433586296
extra_ap12_paceall_p60_cap2,ap1_change_z_r25_exact_cap2,5,forward,20,1000,125.77426842622445,103.83050732610705,147.86015927921363,5.918598905874788,-4.731391707160927,15.588679338534066
extra_ap12_paceall_p60_cap2,ap1_change_z_r25_exact_cap2,10,lift,20,1000,2.3210511214193486,2.0338085171909808,2.656133996683162,0.029682850058986077,-0.20027589233304055,0.19405181248078945
extra_ap12_paceall_p60_cap2,ap1_change_z_r25_exact_cap2,10,sym,20,1000,70.74026030093887,52.69306828741094,89.95941404599026,-1.78945367481127,-15.830964500045303,9.0209360284321
extra_ap12_paceall_p60_cap2,ap1_change_z_r25_exact_cap2,10,forward,20,1000,128.25154549044126,96.39106987664037,159.05508104696975,5.155184277459497,-9.543342098324027,17.335344133099696
extra_ap12_paceall_p60_cap2,ap1_change_z_r25_exact_cap2,20,lift,20,1000,2.366222025727436,2.0065595970479,2.7742459028856135,0.04240887284945538,-0.22461835001475067,0.24928285450825782
extra_ap12_paceall_p60_cap2,ap1_change_z_r25_exact_cap2,20,sym,20,1000,79.56693860314527,46.362911871444894,111.73052688068972,-3.8085856710170702,-19.8512086634614,10.015516757836822
extra_ap12_paceall_p60_cap2,ap1_change_z_r25_exact_cap2,20,forward,20,1000,125.85607281880135,65.70923162901734,177.5914139167165,6.363243098264348,-15.193317427049186,25.026705153886002
extra_ap12_paceall_p60_cap2,ap1_change_z_r25_exact_cap2,1,lift,50,1000,1.927914975974154,1.7335339903332307,2.1238091556557026,0.003256083434935775,-0.02455515758021746,0.02130755386040294
extra_ap12_paceall_p60_cap2,ap1_change_z_r25_exact_cap2,1,sym,50,1000,28.840803242834333,23.229317791043137,35.43349936628484,-7.616661039927514,-11.773145400054569,-4.452986424815362
extra_ap12_paceall_p60_cap2,ap1_change_z_r25_exact_cap2,1,forward,50,1000,91.39470893262333,78.36479308060672,107.01513418062002,-7.947190172070279,-14.635590009909173,-1.3473700705325242
extra_ap12_paceall_p60_cap2,ap1_change_z_r25_exact_cap2,3,lift,50,1000,2.32015422724918,2.0161910842189688,2.695884675382554,0.017126750698832183,-0.12667106219453356,0.147191966091732
extra_ap12_paceall_p60_cap2,ap1_change_z_r25_exact_cap2,3,sym,50,1000,53.84006800444713,42.82121404798535,67.89755772759332,-4.336368346588081,-12.248109350575255,2.9139668398086465
extra_ap12_paceall_p60_cap2,ap1_change_z_r25_exact_cap2,3,forward,50,1000,116.37387621379014,98.41168448159264,133.62748594208816,0.33263495444174396,-8.158638287706319,8.828523093174246
extra_ap12_paceall_p60_cap2,ap1_change_z_r25_exact_cap2,5,lift,50,1000,2.379863802349065,2.0452462251224772,2.7609228632063387,0.07915985583560481,-0.09261249771710545,0.21416144462491216
extra_ap12_paceall_p60_cap2,ap1_change_z_r25_exact_cap2,5,sym,50,1000,64.52856695284088,51.705899687972014,80.57583977230833,-2.862665948965031,-13.80965410323795,6.632191823593922
extra_ap12_paceall_p60_cap2,ap1_change_z_r25_exact_cap2,5,forward,50,1000,125.77426842622445,102.06850085529385,147.46034856772098,5.918598905874788,-3.811642796176167,16.149332114281727
extra_ap12_paceall_p60_cap2,ap1_change_z_r25_exact_cap2,10,lift,50,1000,2.3210511214193486,1.9883335273887097,2.6889807022141285,0.029682850058986077,-0.15653531340575316,0.1788473203585704
extra_ap12_paceall_p60_cap2,ap1_change_z_r25_exact_cap2,10,sym,50,1000,70.74026030093887,54.16561055841214,90.32437417109503,-1.78945367481127,-17.105506863747564,10.56474240858801
extra_ap12_paceall_p60_cap2,ap1_change_z_r25_exact_cap2,10,forward,50,1000,128.25154549044126,92.77579103805436,163.97449996144283,5.155184277459497,-8.809578285213869,18.81012040803554
extra_ap12_paceall_p60_cap2,ap1_change_z_r25_exact_cap2,20,lift,50,1000,2.366222025727436,2.0030664542554635,2.8116717699727642,0.04240887284945538,-0.2155288119077528,0.2320252288594689
extra_ap12_paceall_p60_cap2,ap1_change_z_r25_exact_cap2,20,sym,50,1000,79.56693860314527,52.511607526962145,110.58545099954382,-3.8085856710170702,-19.31553566122224,11.247803535116715
extra_ap12_paceall_p60_cap2,ap1_change_z_r25_exact_cap2,20,forward,50,1000,125.85607281880135,56.30302245900236,196.69393379035802,6.363243098264348,-13.802708665623992,25.48796050074012
extra_ap12_pace365_p60_month24_cap2,extra_h5_r30_nogap_cap2,1,lift,20,1000,1.9341106710677065,1.7719433775364792,2.108334935846011,0.004549140140981844,-0.006325560190977392,0.01661641486178689
extra_ap12_pace365_p60_month24_cap2,extra_h5_r30_nogap_cap2,1,sym,20,1000,29.222602279230838,23.519575890931534,36.116250349188235,-0.13806624375146725,-1.1778457681098,0.8796930184319129
extra_ap12_pace365_p60_month24_cap2,extra_h5_r30_nogap_cap2,1,forward,20,1000,93.05759187964296,80.91073514210441,107.46465353798553,-3.310117443338484,-5.775308735254852,-1.6115773738026478
extra_ap12_pace365_p60_month24_cap2,extra_h5_r30_nogap_cap2,3,lift,20,1000,2.357053095526839,2.078574729883503,2.6704963770279533,-0.028576614518908805,-0.06958169513727076,0.006407514955600154
extra_ap12_pace365_p60_month24_cap2,extra_h5_r30_nogap_cap2,3,sym,20,1000,55.18185179242306,44.50649986739533,69.31452397869049,-0.15321315433289584,-2.5662899431120683,2.3879781273155203
extra_ap12_pace365_p60_month24_cap2,extra_h5_r30_nogap_cap2,3,forward,20,1000,119.95757496394255,102.21710311285877,138.66101094670057,-4.293255027358285,-7.523819170870912,-1.394261204722955
extra_ap12_pace365_p60_month24_cap2,extra_h5_r30_nogap_cap2,5,lift,20,1000,2.42164162777545,2.116819063523211,2.746804887525339,-0.05358625063414202,-0.11328548895286572,-0.005274971382551169
extra_ap12_pace365_p60_month24_cap2,extra_h5_r30_nogap_cap2,5,sym,20,1000,66.12321788401823,53.29784811934287,81.89610383272397,-0.4582797738059696,-3.550139695971135,2.7413191650790396
extra_ap12_pace365_p60_month24_cap2,extra_h5_r30_nogap_cap2,5,forward,20,1000,129.68950811311572,106.72067453453226,152.94351804955983,-4.984634222080871,-8.754697246275034,-1.3230025802366217
extra_ap12_pace365_p60_month24_cap2,extra_h5_r30_nogap_cap2,10,lift,20,1000,2.330309408056122,2.026780942191619,2.685740415770622,-0.020179370527102503,-0.10665991155289865,0.0490858447783798
extra_ap12_pace365_p60_month24_cap2,extra_h5_r30_nogap_cap2,10,sym,20,1000,72.29764801103268,53.580655816350266,92.42891275158222,-0.7875767990565095,-5.078466603032281,2.8421912159376395
extra_ap12_pace365_p60_month24_cap2,extra_h5_r30_nogap_cap2,10,forward,20,1000,131.70597546178954,99.28969044872728,162.4274151166086,-5.9366852225576,-11.835192362345303,-0.9199931333155952
extra_ap12_pace365_p60_month24_cap2,extra_h5_r30_nogap_cap2,20,lift,20,1000,2.3932840186933935,2.006235111587941,2.8442163515707337,-0.025530033054428358,-0.12052746277788141,0.04440778990099402
extra_ap12_pace365_p60_month24_cap2,extra_h5_r30_nogap_cap2,20,sym,20,1000,81.25027306642664,48.86983203309654,112.41427198270412,-0.7581225796794513,-6.26750358273701,3.9811035374870425
extra_ap12_pace365_p60_month24_cap2,extra_h5_r30_nogap_cap2,20,forward,20,1000,128.7187282166533,70.57534046011038,182.867063065812,-4.83590519364671,-12.751056345038855,2.0530880539604417
extra_ap12_pace365_p60_month24_cap2,extra_h5_r30_nogap_cap2,1,lift,50,1000,1.9341106710677065,1.7364229040984422,2.1338834268141555,0.004549140140981844,-0.0075332883504363015,0.015337946540771296
extra_ap12_pace365_p60_month24_cap2,extra_h5_r30_nogap_cap2,1,sym,50,1000,29.222602279230838,23.244813458118305,36.289152974418094,-0.13806624375146725,-1.1941847823506555,0.897950994262082
extra_ap12_pace365_p60_month24_cap2,extra_h5_r30_nogap_cap2,1,forward,50,1000,93.05759187964296,79.35131661426136,109.08778725016582,-3.310117443338484,-6.3299765386402616,-1.3258581406600871
extra_ap12_pace365_p60_month24_cap2,extra_h5_r30_nogap_cap2,3,lift,50,1000,2.357053095526839,2.024632200030638,2.7570430821137064,-0.028576614518908805,-0.07778546004031923,0.007942446777936993
extra_ap12_pace365_p60_month24_cap2,extra_h5_r30_nogap_cap2,3,sym,50,1000,55.18185179242306,43.48964406183857,69.93786399075488,-0.15321315433289584,-2.2983118294035316,2.1321191592292763
extra_ap12_pace365_p60_month24_cap2,extra_h5_r30_nogap_cap2,3,forward,50,1000,119.95757496394255,100.99383116915101,137.6246907291806,-4.293255027358285,-8.00752446523546,-1.5686813928487469
extra_ap12_pace365_p60_month24_cap2,extra_h5_r30_nogap_cap2,5,lift,50,1000,2.42164162777545,2.0636642138569385,2.8336995247569585,-0.05358625063414202,-0.11914138243611928,-0.0020364868681167596
extra_ap12_pace365_p60_month24_cap2,extra_h5_r30_nogap_cap2,5,sym,50,1000,66.12321788401823,52.49466060239836,82.57887460499717,-0.4582797738059696,-3.3278698459419624,2.3998484981786756
extra_ap12_pace365_p60_month24_cap2,extra_h5_r30_nogap_cap2,5,forward,50,1000,129.68950811311572,105.87184991568164,151.955035782065,-4.984634222080871,-9.218384965118677,-1.4763593050486883
extra_ap12_pace365_p60_month24_cap2,extra_h5_r30_nogap_cap2,10,lift,50,1000,2.330309408056122,1.966135819221691,2.7424747613890497,-0.020179370527102503,-0.08827836232998,0.04454072647605458
extra_ap12_pace365_p60_month24_cap2,extra_h5_r30_nogap_cap2,10,sym,50,1000,72.29764801103268,55.61362141655169,92.70964122258859,-0.7875767990565095,-4.28842485764509,2.3871311195498697
extra_ap12_pace365_p60_month24_cap2,extra_h5_r30_nogap_cap2,10,forward,50,1000,131.70597546178954,95.45020890701181,166.23222524809478,-5.9366852225576,-10.96379562750633,-1.432650955697943
extra_ap12_pace365_p60_month24_cap2,extra_h5_r30_nogap_cap2,20,lift,50,1000,2.3932840186933935,1.9889857014157561,2.894243167294527,-0.025530033054428358,-0.10829669530295083,0.042807249541476404
extra_ap12_pace365_p60_month24_cap2,extra_h5_r30_nogap_cap2,20,sym,50,1000,81.25027306642664,53.52698133133077,112.82287152549897,-0.7581225796794513,-5.260607636888684,3.3444216111523732
extra_ap12_pace365_p60_month24_cap2,extra_h5_r30_nogap_cap2,20,forward,50,1000,128.7187282166533,57.815584855646165,199.11068432189896,-4.83590519364671,-11.751631664548047,2.1665562685063304
extra_ap12_pace365_p60_month24_cap2,extra_ap12_silence14_r80_cap2,1,lift,20,1000,1.9341106710677065,1.7719433775364792,2.108334935846011,0.00286000759496452,-0.0046941640374342005,0.012477839067878303
extra_ap12_pace365_p60_month24_cap2,extra_ap12_silence14_r80_cap2,1,sym,20,1000,29.222602279230838,23.519575890931534,36.116250349188235,-0.16500013346114528,-1.1883941766765167,0.8995535689933656
extra_ap12_pace365_p60_month24_cap2,extra_ap12_silence14_r80_cap2,1,forward,20,1000,93.05759187964296,80.91073514210441,107.46465353798553,-2.553485747643151,-5.045879597276815,-0.9016622069559882
extra_ap12_pace365_p60_month24_cap2,extra_ap12_silence14_r80_cap2,3,lift,20,1000,2.357053095526839,2.078574729883503,2.6704963770279533,-0.038323990407811426,-0.07650916208589482,-0.0017794489345339675
extra_ap12_pace365_p60_month24_cap2,extra_ap12_silence14_r80_cap2,3,sym,20,1000,55.18185179242306,44.50649986739533,69.31452397869049,-0.4564232107334689,-2.6781490524902263,2.0442346866637826
extra_ap12_pace365_p60_month24_cap2,extra_ap12_silence14_r80_cap2,3,forward,20,1000,119.95757496394255,102.21710311285877,138.66101094670057,-2.7517476645394794,-5.353688344820812,-0.2958489553517197
extra_ap12_pace365_p60_month24_cap2,extra_ap12_silence14_r80_cap2,5,lift,20,1000,2.42164162777545,2.116819063523211,2.746804887525339,-0.0588093608179272,-0.1127546530398149,-0.013335835511593485
extra_ap12_pace365_p60_month24_cap2,extra_ap12_silence14_r80_cap2,5,sym,20,1000,66.12321788401823,53.29784811934287,81.89610383272397,-1.1318134416230947,-3.8274321286742756,1.747198080385024
extra_ap12_pace365_p60_month24_cap2,extra_ap12_silence14_r80_cap2,5,forward,20,1000,129.68950811311572,106.72067453453226,152.94351804955983,-3.4064322500428545,-6.929764435806972,0.07447340997807476
extra_ap12_pace365_p60_month24_cap2,extra_ap12_silence14_r80_cap2,10,lift,20,1000,2.330309408056122,2.026780942191619,2.685740415770622,-0.030465865261155134,-0.10600114490998083,0.03768991912293619
extra_ap12_pace365_p60_month24_cap2,extra_ap12_silence14_r80_cap2,10,sym,20,1000,72.29764801103268,53.580655816350266,92.42891275158222,-2.6493219523660088,-6.653944082311833,0.8379014013147512
extra_ap12_pace365_p60_month24_cap2,extra_ap12_silence14_r80_cap2,10,forward,20,1000,131.70597546178954,99.28969044872728,162.4274151166086,-5.259033430685008,-11.208575379539445,0.0582961793109588
extra_ap12_pace365_p60_month24_cap2,extra_ap12_silence14_r80_cap2,20,lift,20,1000,2.3932840186933935,2.006235111587941,2.8442163515707337,-0.024196105233709186,-0.10739598590871093,0.05349486836119498
extra_ap12_pace365_p60_month24_cap2,extra_ap12_silence14_r80_cap2,20,sym,20,1000,81.25027306642664,48.86983203309654,112.41427198270412,-3.63410996955038,-9.87722478531214,1.0826351052473224
extra_ap12_pace365_p60_month24_cap2,extra_ap12_silence14_r80_cap2,20,forward,20,1000,128.7187282166533,70.57534046011038,182.867063065812,-6.916069393346106,-15.603552873171028,0.3090451943654431
extra_ap12_pace365_p60_month24_cap2,extra_ap12_silence14_r80_cap2,1,lift,50,1000,1.9341106710677065,1.7364229040984422,2.1338834268141555,0.00286000759496452,-0.004497287473883965,0.010130066369688622
extra_ap12_pace365_p60_month24_cap2,extra_ap12_silence14_r80_cap2,1,sym,50,1000,29.222602279230838,23.244813458118305,36.289152974418094,-0.16500013346114528,-1.078275446841028,0.887533547624975
extra_ap12_pace365_p60_month24_cap2,extra_ap12_silence14_r80_cap2,1,forward,50,1000,93.05759187964296,79.35131661426136,109.08778725016582,-2.553485747643151,-5.1280094210827585,-0.7712387472490108
extra_ap12_pace365_p60_month24_cap2,extra_ap12_silence14_r80_cap2,3,lift,50,1000,2.357053095526839,2.024632200030638,2.7570430821137064,-0.038323990407811426,-0.0934766559466172,0.004053429106812967
extra_ap12_pace365_p60_month24_cap2,extra_ap12_silence14_r80_cap2,3,sym,50,1000,55.18185179242306,43.48964406183857,69.93786399075488,-0.4564232107334689,-2.329115130210127,1.7020881479279806
extra_ap12_pace365_p60_month24_cap2,extra_ap12_silence14_r80_cap2,3,forward,50,1000,119.95757496394255,100.99383116915101,137.6246907291806,-2.7517476645394794,-5.5987131938049775,-0.49394767611924983
extra_ap12_pace365_p60_month24_cap2,extra_ap12_silence14_r80_cap2,5,lift,50,1000,2.42164162777545,2.0636642138569385,2.8336995247569585,-0.0588093608179272,-0.12699543345247782,-0.008142847483633439
extra_ap12_pace365_p60_month24_cap2,extra_ap12_silence14_r80_cap2,5,sym,50,1000,66.12321788401823,52.49466060239836,82.57887460499717,-1.1318134416230947,-3.6522372794644813,1.3990271102261038
extra_ap12_pace365_p60_month24_cap2,extra_ap12_silence14_r80_cap2,5,forward,50,1000,129.68950811311572,105.87184991568164,151.955035782065,-3.4064322500428545,-7.090038526111555,-0.05105791233276039
extra_ap12_pace365_p60_month24_cap2,extra_ap12_silence14_r80_cap2,10,lift,50,1000,2.330309408056122,1.966135819221691,2.7424747613890497,-0.030465865261155134,-0.10449833735635479,0.044934796591851726
extra_ap12_pace365_p60_month24_cap2,extra_ap12_silence14_r80_cap2,10,sym,50,1000,72.29764801103268,55.61362141655169,92.70964122258859,-2.6493219523660088,-5.930433771535506,-0.06096510743450171
extra_ap12_pace365_p60_month24_cap2,extra_ap12_silence14_r80_cap2,10,forward,50,1000,131.70597546178954,95.45020890701181,166.23222524809478,-5.259033430685008,-10.758919288278998,-0.14125030038025166
extra_ap12_pace365_p60_month24_cap2,extra_ap12_silence14_r80_cap2,20,lift,50,1000,2.3932840186933935,1.9889857014157561,2.894243167294527,-0.024196105233709186,-0.11677362484550716,0.05969778355203091
extra_ap12_pace365_p60_month24_cap2,extra_ap12_silence14_r80_cap2,20,sym,50,1000,81.25027306642664,53.52698133133077,112.82287152549897,-3.63410996955038,-8.113486515311537,-0.3513031838658102
extra_ap12_pace365_p60_month24_cap2,extra_ap12_silence14_r80_cap2,20,forward,50,1000,128.7187282166533,57.815584855646165,199.11068432189896,-6.916069393346106,-13.481847316585048,-0.7025740823940773
extra_ap12_pace365_p60_month24_cap2,extra_ap12_adaptive105_cap2,1,lift,20,1000,1.9341106710677065,1.7719433775364792,2.108334935846011,0.003243861209041743,-0.002926872097908878,0.009658440857239202
extra_ap12_pace365_p60_month24_cap2,extra_ap12_adaptive105_cap2,1,sym,20,1000,29.222602279230838,23.519575890931534,36.116250349188235,-0.2714773460357378,-1.0938874308250934,0.375145201911127
extra_ap12_pace365_p60_month24_cap2,extra_ap12_adaptive105_cap2,1,forward,20,1000,93.05759187964296,80.91073514210441,107.46465353798553,-1.4327373640228984,-3.0113021131893154,-0.16441063769790026
extra_ap12_pace365_p60_month24_cap2,extra_ap12_adaptive105_cap2,3,lift,20,1000,2.357053095526839,2.078574729883503,2.6704963770279533,-0.007159059936708623,-0.037854898254719695,0.024164230840889422
extra_ap12_pace365_p60_month24_cap2,extra_ap12_adaptive105_cap2,3,sym,20,1000,55.18185179242306,44.50649986739533,69.31452397869049,-0.08691067144773257,-1.6463041204687792,1.3804875328919999
extra_ap12_pace365_p60_month24_cap2,extra_ap12_adaptive105_cap2,3,forward,20,1000,119.95757496394255,102.21710311285877,138.66101094670057,-1.6589524180488269,-3.90967002969074,0.7000565441306043
extra_ap12_pace365_p60_month24_cap2,extra_ap12_adaptive105_cap2,5,lift,20,1000,2.42164162777545,2.116819063523211,2.746804887525339,-0.011722486348252126,-0.05177178518510569,0.026313506528484926
extra_ap12_pace365_p60_month24_cap2,extra_ap12_adaptive105_cap2,5,sym,20,1000,66.12321788401823,53.29784811934287,81.89610383272397,-0.041262826987093604,-1.8786111850568574,1.9081447462599428
extra_ap12_pace365_p60_month24_cap2,extra_ap12_adaptive105_cap2,5,forward,20,1000,129.68950811311572,106.72067453453226,152.94351804955983,-1.8826362177015028,-4.484724894180827,1.0259234638684533
extra_ap12_pace365_p60_month24_cap2,extra_ap12_adaptive105_cap2,10,lift,20,1000,2.330309408056122,2.026780942191619,2.685740415770622,-0.02301666995342755,-0.08503927636461776,0.032182218962029004
extra_ap12_pace365_p60_month24_cap2,extra_ap12_adaptive105_cap2,10,sym,20,1000,72.29764801103268,53.580655816350266,92.42891275158222,0.08928318924760958,-2.564206482930301,2.8176143834115557
extra_ap12_pace365_p60_month24_cap2,extra_ap12_adaptive105_cap2,10,forward,20,1000,131.70597546178954,99.28969044872728,162.4274151166086,-2.7971550588755463,-6.875724734641397,1.2574560247694198
extra_ap12_pace365_p60_month24_cap2,extra_ap12_adaptive105_cap2,20,lift,20,1000,2.3932840186933935,2.006235111587941,2.8442163515707337,-0.05581393170782478,-0.13058470589165494,0.0034816229536267836
extra_ap12_pace365_p60_month24_cap2,extra_ap12_adaptive105_cap2,20,sym,20,1000,81.25027306642664,48.86983203309654,112.41427198270412,0.0856708103044923,-3.5875407512994717,3.653081851409852
extra_ap12_pace365_p60_month24_cap2,extra_ap12_adaptive105_cap2,20,forward,20,1000,128.7187282166533,70.57534046011038,182.867063065812,-1.9378333547166733,-7.657039432617592,3.823046589270045
extra_ap12_pace365_p60_month24_cap2,extra_ap12_adaptive105_cap2,1,lift,50,1000,1.9341106710677065,1.7364229040984422,2.1338834268141555,0.003243861209041743,-0.003342342967309764,0.008798442441313855
extra_ap12_pace365_p60_month24_cap2,extra_ap12_adaptive105_cap2,1,sym,50,1000,29.222602279230838,23.244813458118305,36.289152974418094,-0.2714773460357378,-1.0191156664928793,0.4153583862429869
extra_ap12_pace365_p60_month24_cap2,extra_ap12_adaptive105_cap2,1,forward,50,1000,93.05759187964296,79.35131661426136,109.08778725016582,-1.4327373640228984,-3.0752328419934543,-0.14832284543317026
extra_ap12_pace365_p60_month24_cap2,extra_ap12_adaptive105_cap2,3,lift,50,1000,2.357053095526839,2.024632200030638,2.7570430821137064,-0.007159059936708623,-0.041712698202245976,0.026767239839446417
extra_ap12_pace365_p60_month24_cap2,extra_ap12_adaptive105_cap2,3,sym,50,1000,55.18185179242306,43.48964406183857,69.93786399075488,-0.08691067144773257,-1.6668532843195347,1.3317602177127537
extra_ap12_pace365_p60_month24_cap2,extra_ap12_adaptive105_cap2,3,forward,50,1000,119.95757496394255,100.99383116915101,137.6246907291806,-1.6589524180488269,-3.9573937278277747,0.6000306145115976
extra_ap12_pace365_p60_month24_cap2,extra_ap12_adaptive105_cap2,5,lift,50,1000,2.42164162777545,2.0636642138569385,2.8336995247569585,-0.011722486348252126,-0.051985821847927924,0.0284498800665522
extra_ap12_pace365_p60_month24_cap2,extra_ap12_adaptive105_cap2,5,sym,50,1000,66.12321788401823,52.49466060239836,82.57887460499717,-0.041262826987093604,-1.9168685442734499,1.694569004860718
extra_ap12_pace365_p60_month24_cap2,extra_ap12_adaptive105_cap2,5,forward,50,1000,129.68950811311572,105.87184991568164,151.955035782065,-1.8826362177015028,-4.4329877145055585,0.7975278218757069
extra_ap12_pace365_p60_month24_cap2,extra_ap12_adaptive105_cap2,10,lift,50,1000,2.330309408056122,1.966135819221691,2.7424747613890497,-0.02301666995342755,-0.07573659488112887,0.027954343346142038
extra_ap12_pace365_p60_month24_cap2,extra_ap12_adaptive105_cap2,10,sym,50,1000,72.29764801103268,55.61362141655169,92.70964122258859,0.08928318924760958,-2.233508085796552,2.5250929667403237
extra_ap12_pace365_p60_month24_cap2,extra_ap12_adaptive105_cap2,10,forward,50,1000,131.70597546178954,95.45020890701181,166.23222524809478,-2.7971550588755463,-6.335711917054256,0.9352590847946827
extra_ap12_pace365_p60_month24_cap2,extra_ap12_adaptive105_cap2,20,lift,50,1000,2.3932840186933935,1.9889857014157561,2.894243167294527,-0.05581393170782478,-0.12681617123339145,-0.0036122095105456066
extra_ap12_pace365_p60_month24_cap2,extra_ap12_adaptive105_cap2,20,sym,50,1000,81.25027306642664,53.52698133133077,112.82287152549897,0.0856708103044923,-3.4660126856727573,3.157540868838073
extra_ap12_pace365_p60_month24_cap2,extra_ap12_adaptive105_cap2,20,forward,50,1000,128.7187282166533,57.815584855646165,199.11068432189896,-1.9378333547166733,-6.709214699674672,3.620622885158073
extra_ap12_pace365_p60_month24_cap2,extra_ap12_top35_cap2,1,lift,20,1000,1.9341106710677065,1.7719433775364792,2.108334935846011,0.006281135562626883,-0.0014897185255018652,0.014032371415432487
extra_ap12_pace365_p60_month24_cap2,extra_ap12_top35_cap2,1,sym,20,1000,29.222602279230838,23.519575890931534,36.116250349188235,-0.0464936329182315,-0.7813981593914522,0.6392410394673445
extra_ap12_pace365_p60_month24_cap2,extra_ap12_top35_cap2,1,forward,20,1000,93.05759187964296,80.91073514210441,107.46465353798553,0.24938464511390634,-1.1418323026814026,1.6128821281860402
extra_ap12_pace365_p60_month24_cap2,extra_ap12_top35_cap2,3,lift,20,1000,2.357053095526839,2.078574729883503,2.6704963770279533,0.030796792020836072,-0.006565733388214056,0.07478153865698413
extra_ap12_pace365_p60_month24_cap2,extra_ap12_top35_cap2,3,sym,20,1000,55.18185179242306,44.50649986739533,69.31452397869049,1.0322026668941788,-0.6396374412957886,2.894012577738151
extra_ap12_pace365_p60_month24_cap2,extra_ap12_top35_cap2,3,forward,20,1000,119.95757496394255,102.21710311285877,138.66101094670057,1.6914392522232333,-0.9549608874785348,4.858153983700542
extra_ap12_pace365_p60_month24_cap2,extra_ap12_top35_cap2,5,lift,20,1000,2.42164162777545,2.116819063523211,2.746804887525339,0.04681265912462029,0.007085087532945212,0.09636803017217593
extra_ap12_pace365_p60_month24_cap2,extra_ap12_top35_cap2,5,sym,20,1000,66.12321788401823,53.29784811934287,81.89610383272397,1.550598890665981,-0.623183970854204,3.9495679963420334
extra_ap12_pace365_p60_month24_cap2,extra_ap12_top35_cap2,5,forward,20,1000,129.68950811311572,106.72067453453226,152.94351804955983,2.172898003883759,-0.9382680474586471,6.0326766472629645
extra_ap12_pace365_p60_month24_cap2,extra_ap12_top35_cap2,10,lift,20,1000,2.330309408056122,2.026780942191619,2.685740415770622,0.02443725732555979,-0.036865615300310045,0.08846835346225292
extra_ap12_pace365_p60_month24_cap2,extra_ap12_top35_cap2,10,sym,20,1000,72.29764801103268,53.580655816350266,92.42891275158222,1.9694043179731153,-1.0630708110694,5.486392546854374
extra_ap12_pace365_p60_month24_cap2,extra_ap12_top35_cap2,10,forward,20,1000,131.70597546178954,99.28969044872728,162.4274151166086,1.4171105024837516,-3.396394020818875,7.319460064073172
extra_ap12_pace365_p60_month24_cap2,extra_ap12_top35_cap2,20,lift,20,1000,2.3932840186933935,2.006235111587941,2.8442163515707337,0.0239001661046494,-0.04578848133019973,0.08979014877596926
extra_ap12_pace365_p60_month24_cap2,extra_ap12_top35_cap2,20,sym,20,1000,81.25027306642664,48.86983203309654,112.41427198270412,3.059293628485918,-1.2047830006137676,7.712864752713235
extra_ap12_pace365_p60_month24_cap2,extra_ap12_top35_cap2,20,forward,20,1000,128.7187282166533,70.57534046011038,182.867063065812,3.0095066229739302,-3.7477419304703994,10.865022002348956
extra_ap12_pace365_p60_month24_cap2,extra_ap12_top35_cap2,1,lift,50,1000,1.9341106710677065,1.7364229040984422,2.1338834268141555,0.006281135562626883,-0.0030769087563800035,0.013353302073554096
extra_ap12_pace365_p60_month24_cap2,extra_ap12_top35_cap2,1,sym,50,1000,29.222602279230838,23.244813458118305,36.289152974418094,-0.0464936329182315,-0.7068071734268986,0.7790564780557231
extra_ap12_pace365_p60_month24_cap2,extra_ap12_top35_cap2,1,forward,50,1000,93.05759187964296,79.35131661426136,109.08778725016582,0.24938464511390634,-1.308287658927199,1.605824760766316
extra_ap12_pace365_p60_month24_cap2,extra_ap12_top35_cap2,3,lift,50,1000,2.357053095526839,2.024632200030638,2.7570430821137064,0.030796792020836072,-0.011990660447283563,0.082230802216367
extra_ap12_pace365_p60_month24_cap2,extra_ap12_top35_cap2,3,sym,50,1000,55.18185179242306,43.48964406183857,69.93786399075488,1.0322026668941788,-0.6226966707779906,2.7544012224105505
extra_ap12_pace365_p60_month24_cap2,extra_ap12_top35_cap2,3,forward,50,1000,119.95757496394255,100.99383116915101,137.6246907291806,1.6914392522232333,-1.4098672993425256,5.106953292458009
extra_ap12_pace365_p60_month24_cap2,extra_ap12_top35_cap2,5,lift,50,1000,2.42164162777545,2.0636642138569385,2.8336995247569585,0.04681265912462029,-0.0034148015966105837,0.10368978860524285
extra_ap12_pace365_p60_month24_cap2,extra_ap12_top35_cap2,5,sym,50,1000,66.12321788401823,52.49466060239836,82.57887460499717,1.550598890665981,-0.5701510048456431,3.8568416263754517
extra_ap12_pace365_p60_month24_cap2,extra_ap12_top35_cap2,5,forward,50,1000,129.68950811311572,105.87184991568164,151.955035782065,2.172898003883759,-1.3964869847874624,6.621447437548109
extra_ap12_pace365_p60_month24_cap2,extra_ap12_top35_cap2,10,lift,50,1000,2.330309408056122,1.966135819221691,2.7424747613890497,0.02443725732555979,-0.04952713856514518,0.09251892249282635
extra_ap12_pace365_p60_month24_cap2,extra_ap12_top35_cap2,10,sym,50,1000,72.29764801103268,55.61362141655169,92.70964122258859,1.9694043179731153,-0.7764445365111105,4.833523256891582
extra_ap12_pace365_p60_month24_cap2,extra_ap12_top35_cap2,10,forward,50,1000,131.70597546178954,95.45020890701181,166.23222524809478,1.4171105024837516,-3.9742008079617,7.376368146445138
extra_ap12_pace365_p60_month24_cap2,extra_ap12_top35_cap2,20,lift,50,1000,2.3932840186933935,1.9889857014157561,2.894243167294527,0.0239001661046494,-0.060591611205279505,0.09277223684614327
extra_ap12_pace365_p60_month24_cap2,extra_ap12_top35_cap2,20,sym,50,1000,81.25027306642664,53.52698133133077,112.82287152549897,3.059293628485918,-1.1592051282173688,6.912080381845655
extra_ap12_pace365_p60_month24_cap2,extra_ap12_top35_cap2,20,forward,50,1000,128.7187282166533,57.815584855646165,199.11068432189896,3.0095066229739302,-4.151728414051415,10.720440910377432
extra_ap12_pace365_p60_month24_cap2,extra_roll2_silence21_r70_cap2,1,lift,20,1000,1.9341106710677065,1.7719433775364792,2.108334935846011,-0.004843667229675663,-0.018384414532285,0.006568726042379824
extra_ap12_pace365_p60_month24_cap2,extra_roll2_silence21_r70_cap2,1,sym,20,1000,29.222602279230838,23.519575890931534,36.116250349188235,-2.4005059756518747,-4.54075222418992,-0.46739947443362845
extra_ap12_pace365_p60_month24_cap2,extra_roll2_silence21_r70_cap2,1,forward,20,1000,93.05759187964296,80.91073514210441,107.46465353798553,-3.067964458265152,-7.1211492643956635,0.5577286708428241
extra_ap12_pace365_p60_month24_cap2,extra_roll2_silence21_r70_cap2,3,lift,20,1000,2.357053095526839,2.078574729883503,2.6704963770279533,-0.06832583761263811,-0.13657289801728462,-0.015692671463026883
extra_ap12_pace365_p60_month24_cap2,extra_roll2_silence21_r70_cap2,3,sym,20,1000,55.18185179242306,44.50649986739533,69.31452397869049,-8.177961250496395,-12.969234008866755,-4.008003899934717
extra_ap12_pace365_p60_month24_cap2,extra_roll2_silence21_r70_cap2,3,forward,20,1000,119.95757496394255,102.21710311285877,138.66101094670057,-7.675293746918982,-12.596834312534357,-3.339079778929051
extra_ap12_pace365_p60_month24_cap2,extra_roll2_silence21_r70_cap2,5,lift,20,1000,2.42164162777545,2.116819063523211,2.746804887525339,-0.06347317242766692,-0.1501559048109566,0.016369326812775566
extra_ap12_pace365_p60_month24_cap2,extra_roll2_silence21_r70_cap2,5,sym,20,1000,66.12321788401823,53.29784811934287,81.89610383272397,-9.845039784012585,-16.463039147582624,-4.772350379538262
extra_ap12_pace365_p60_month24_cap2,extra_roll2_silence21_r70_cap2,5,forward,20,1000,129.68950811311572,106.72067453453226,152.94351804955983,-7.315765691905739,-13.331654103368502,-1.7175873299217028
extra_ap12_pace365_p60_month24_cap2,extra_roll2_silence21_r70_cap2,10,lift,20,1000,2.330309408056122,2.026780942191619,2.685740415770622,-0.09294506444548656,-0.22001757851207207,0.012134159571032163
extra_ap12_pace365_p60_month24_cap2,extra_roll2_silence21_r70_cap2,10,sym,20,1000,72.29764801103268,53.580655816350266,92.42891275158222,-7.45488685964871,-15.948263914872486,-0.7802249754558
extra_ap12_pace365_p60_month24_cap2,extra_roll2_silence21_r70_cap2,10,forward,20,1000,131.70597546178954,99.28969044872728,162.4274151166086,-2.5961259229435143,-12.150068203757357,6.9802298646013385
extra_ap12_pace365_p60_month24_cap2,extra_roll2_silence21_r70_cap2,20,lift,20,1000,2.3932840186933935,2.006235111587941,2.8442163515707337,-0.03813562971133955,-0.2027393065696359,0.0978267391625671
extra_ap12_pace365_p60_month24_cap2,extra_roll2_silence21_r70_cap2,20,sym,20,1000,81.25027306642664,48.86983203309654,112.41427198270412,-7.671583270782904,-16.15217175210354,-0.08370911997710996
extra_ap12_pace365_p60_month24_cap2,extra_roll2_silence21_r70_cap2,20,forward,20,1000,128.7187282166533,70.57534046011038,182.867063065812,-1.4693796493648676,-14.53623852627913,11.233649401614457
extra_ap12_pace365_p60_month24_cap2,extra_roll2_silence21_r70_cap2,1,lift,50,1000,1.9341106710677065,1.7364229040984422,2.1338834268141555,-0.004843667229675663,-0.018489935793802426,0.005971025908054599
extra_ap12_pace365_p60_month24_cap2,extra_roll2_silence21_r70_cap2,1,sym,50,1000,29.222602279230838,23.244813458118305,36.289152974418094,-2.4005059756518747,-4.421101735089666,-0.37226564481086366
extra_ap12_pace365_p60_month24_cap2,extra_roll2_silence21_r70_cap2,1,forward,50,1000,93.05759187964296,79.35131661426136,109.08778725016582,-3.067964458265152,-7.517254437112071,0.9937107716715747
extra_ap12_pace365_p60_month24_cap2,extra_roll2_silence21_r70_cap2,3,lift,50,1000,2.357053095526839,2.024632200030638,2.7570430821137064,-0.06832583761263811,-0.13802270503526035,-0.009461166739043759
extra_ap12_pace365_p60_month24_cap2,extra_roll2_silence21_r70_cap2,3,sym,50,1000,55.18185179242306,43.48964406183857,69.93786399075488,-8.177961250496395,-13.309281210679524,-3.741885257078873
extra_ap12_pace365_p60_month24_cap2,extra_roll2_silence21_r70_cap2,3,forward,50,1000,119.95757496394255,100.99383116915101,137.6246907291806,-7.675293746918982,-13.833284332939375,-2.9180648855751157
extra_ap12_pace365_p60_month24_cap2,extra_roll2_silence21_r70_cap2,5,lift,50,1000,2.42164162777545,2.0636642138569385,2.8336995247569585,-0.06347317242766692,-0.13795254659031553,0.0027490111215409895
extra_ap12_pace365_p60_month24_cap2,extra_roll2_silence21_r70_cap2,5,sym,50,1000,66.12321788401823,52.49466060239836,82.57887460499717,-9.845039784012585,-16.78969333500998,-4.42214200530942
extra_ap12_pace365_p60_month24_cap2,extra_roll2_silence21_r70_cap2,5,forward,50,1000,129.68950811311572,105.87184991568164,151.955035782065,-7.315765691905739,-13.347654264425467,-1.6536432639254401
extra_ap12_pace365_p60_month24_cap2,extra_roll2_silence21_r70_cap2,10,lift,50,1000,2.330309408056122,1.966135819221691,2.7424747613890497,-0.09294506444548656,-0.2051037913704244,-0.0012586848923133002
extra_ap12_pace365_p60_month24_cap2,extra_roll2_silence21_r70_cap2,10,sym,50,1000,72.29764801103268,55.61362141655169,92.70964122258859,-7.45488685964871,-15.62397733084522,-1.0811407970894142
extra_ap12_pace365_p60_month24_cap2,extra_roll2_silence21_r70_cap2,10,forward,50,1000,131.70597546178954,95.45020890701181,166.23222524809478,-2.5961259229435143,-10.266646133396755,4.117714395590078
extra_ap12_pace365_p60_month24_cap2,extra_roll2_silence21_r70_cap2,20,lift,50,1000,2.3932840186933935,1.9889857014157561,2.894243167294527,-0.03813562971133955,-0.1948768841119633,0.07892966370981627
extra_ap12_pace365_p60_month24_cap2,extra_roll2_silence21_r70_cap2,20,sym,50,1000,81.25027306642664,53.52698133133077,112.82287152549897,-7.671583270782904,-17.125542210078958,0.33615089647337615
extra_ap12_pace365_p60_month24_cap2,extra_roll2_silence21_r70_cap2,20,forward,50,1000,128.7187282166533,57.815584855646165,199.11068432189896,-1.4693796493648676,-14.174528616496087,8.743906485218918
extra_ap12_pace365_p60_month24_cap2,extra_ap12_silence14_month24_cap2,1,lift,20,1000,1.9341106710677065,1.7719433775364792,2.108334935846011,0.003224909244432528,-0.004798373670328843,0.012655998217239721
extra_ap12_pace365_p60_month24_cap2,extra_ap12_silence14_month24_cap2,1,sym,20,1000,29.222602279230838,23.519575890931534,36.116250349188235,-0.14419054204768145,-1.169864561406748,0.9232553162609464
extra_ap12_pace365_p60_month24_cap2,extra_ap12_silence14_month24_cap2,1,forward,20,1000,93.05759187964296,80.91073514210441,107.46465353798553,-2.480351292512381,-4.89698650807957,-0.8864092401343441
extra_ap12_pace365_p60_month24_cap2,extra_ap12_silence14_month24_cap2,3,lift,20,1000,2.357053095526839,2.078574729883503,2.6704963770279533,-0.03405649298223601,-0.07403572891165708,0.002594725483274906
extra_ap12_pace365_p60_month24_cap2,extra_ap12_silence14_month24_cap2,3,sym,20,1000,55.18185179242306,44.50649986739533,69.31452397869049,-0.392879671678962,-2.6067933347660537,2.091416137960121
extra_ap12_pace365_p60_month24_cap2,extra_ap12_silence14_month24_cap2,3,forward,20,1000,119.95757496394255,102.21710311285877,138.66101094670057,-2.540095118068649,-5.239867779075503,0.07221786661822013
extra_ap12_pace365_p60_month24_cap2,extra_ap12_silence14_month24_cap2,5,lift,20,1000,2.42164162777545,2.116819063523211,2.746804887525339,-0.05405870710603322,-0.10748615271604793,-0.010083811736168914
extra_ap12_pace365_p60_month24_cap2,extra_ap12_silence14_month24_cap2,5,sym,20,1000,66.12321788401823,53.29784811934287,81.89610383272397,-1.09822632528234,-3.7968708057208205,1.8115175674167634
extra_ap12_pace365_p60_month24_cap2,extra_ap12_silence14_month24_cap2,5,forward,20,1000,129.68950811311572,106.72067453453226,152.94351804955983,-3.1534336639541607,-6.676162207670364,0.2656398492075553
extra_ap12_pace365_p60_month24_cap2,extra_ap12_silence14_month24_cap2,10,lift,20,1000,2.330309408056122,2.026780942191619,2.685740415770622,-0.025485718307888483,-0.1008100458977322,0.041514185373237276
extra_ap12_pace365_p60_month24_cap2,extra_ap12_silence14_month24_cap2,10,sym,20,1000,72.29764801103268,53.580655816350266,92.42891275158222,-2.706098251853561,-6.705380160094787,0.6965823900587532
extra_ap12_pace365_p60_month24_cap2,extra_ap12_silence14_month24_cap2,10,forward,20,1000,131.70597546178954,99.28969044872728,162.4274151166086,-5.009014418472503,-11.119560002356415,0.35587590544905584
extra_ap12_pace365_p60_month24_cap2,extra_ap12_silence14_month24_cap2,20,lift,20,1000,2.3932840186933935,2.006235111587941,2.8442163515707337,-0.018264143297190838,-0.10199037359810312,0.056938551638010274
extra_ap12_pace365_p60_month24_cap2,extra_ap12_silence14_month24_cap2,20,sym,20,1000,81.25027306642664,48.86983203309654,112.41427198270412,-3.7570662838865303,-9.893715037500698,1.0615607069908208
extra_ap12_pace365_p60_month24_cap2,extra_ap12_silence14_month24_cap2,20,forward,20,1000,128.7187282166533,70.57534046011038,182.867063065812,-6.698076841579081,-15.51259691080487,0.6008222106992732
extra_ap12_pace365_p60_month24_cap2,extra_ap12_silence14_month24_cap2,1,lift,50,1000,1.9341106710677065,1.7364229040984422,2.1338834268141555,0.003224909244432528,-0.004569929011891555,0.010673780170994688
extra_ap12_pace365_p60_month24_cap2,extra_ap12_silence14_month24_cap2,1,sym,50,1000,29.222602279230838,23.244813458118305,36.289152974418094,-0.14419054204768145,-1.066617376099868,0.9156209407698307
extra_ap12_pace365_p60_month24_cap2,extra_ap12_silence14_month24_cap2,1,forward,50,1000,93.05759187964296,79.35131661426136,109.08778725016582,-2.480351292512381,-5.082695613125972,-0.6774518874316406
extra_ap12_pace365_p60_month24_cap2,extra_ap12_silence14_month24_cap2,3,lift,50,1000,2.357053095526839,2.024632200030638,2.7570430821137064,-0.03405649298223601,-0.08941063065090277,0.007728381458013051
extra_ap12_pace365_p60_month24_cap2,extra_ap12_silence14_month24_cap2,3,sym,50,1000,55.18185179242306,43.48964406183857,69.93786399075488,-0.392879671678962,-2.2605617068584274,1.7710827214876523
extra_ap12_pace365_p60_month24_cap2,extra_ap12_silence14_month24_cap2,3,forward,50,1000,119.95757496394255,100.99383116915101,137.6246907291806,-2.540095118068649,-5.518659754549427,-0.30741064332992424
extra_ap12_pace365_p60_month24_cap2,extra_ap12_silence14_month24_cap2,5,lift,50,1000,2.42164162777545,2.0636642138569385,2.8336995247569585,-0.05405870710603322,-0.12411372438635099,-0.004256184333900649
extra_ap12_pace365_p60_month24_cap2,extra_ap12_silence14_month24_cap2,5,sym,50,1000,66.12321788401823,52.49466060239836,82.57887460499717,-1.09822632528234,-3.6277623377996706,1.4721048621399093
extra_ap12_pace365_p60_month24_cap2,extra_ap12_silence14_month24_cap2,5,forward,50,1000,129.68950811311572,105.87184991568164,151.955035782065,-3.1534336639541607,-7.014600300078847,0.1567513069212411
extra_ap12_pace365_p60_month24_cap2,extra_ap12_silence14_month24_cap2,10,lift,50,1000,2.330309408056122,1.966135819221691,2.7424747613890497,-0.025485718307888483,-0.1018105213993701,0.048268304773057415
extra_ap12_pace365_p60_month24_cap2,extra_ap12_silence14_month24_cap2,10,sym,50,1000,72.29764801103268,55.61362141655169,92.70964122258859,-2.706098251853561,-5.981489228636711,-0.12523028893950705
extra_ap12_pace365_p60_month24_cap2,extra_ap12_silence14_month24_cap2,10,forward,50,1000,131.70597546178954,95.45020890701181,166.23222524809478,-5.009014418472503,-10.49987024071903,0.15456161035143365
extra_ap12_pace365_p60_month24_cap2,extra_ap12_silence14_month24_cap2,20,lift,50,1000,2.3932840186933935,1.9889857014157561,2.894243167294527,-0.018264143297190838,-0.10873212770215102,0.0626537909183165
extra_ap12_pace365_p60_month24_cap2,extra_ap12_silence14_month24_cap2,20,sym,50,1000,81.25027306642664,53.52698133133077,112.82287152549897,-3.7570662838865303,-8.19890510372852,-0.4743641162909266
extra_ap12_pace365_p60_month24_cap2,extra_ap12_silence14_month24_cap2,20,forward,50,1000,128.7187282166533,57.815584855646165,199.11068432189896,-6.698076841579081,-13.470728196668555,-0.48120600857179674
extra_ap12_pace365_p60_month24_cap2,extra_roll2_primary_cap2,1,lift,20,1000,1.9341106710677065,1.7719433775364792,2.108334935846011,-0.0063514139185860685,-0.02087428800736184,0.009014203544059924
extra_ap12_pace365_p60_month24_cap2,extra_roll2_primary_cap2,1,sym,20,1000,29.222602279230838,23.519575890931534,36.116250349188235,-2.6726318890505922,-4.853892102434487,-0.7351896888846559
extra_ap12_pace365_p60_month24_cap2,extra_roll2_primary_cap2,1,forward,20,1000,93.05759187964296,80.91073514210441,107.46465353798553,-4.770023401629544,-9.165160861815435,-0.9592507449020723
extra_ap12_pace365_p60_month24_cap2,extra_roll2_primary_cap2,3,lift,20,1000,2.357053095526839,2.078574729883503,2.6704963770279533,-0.0786682266706098,-0.1447985375832303,-0.02587261086459071
extra_ap12_pace365_p60_month24_cap2,extra_roll2_primary_cap2,3,sym,20,1000,55.18185179242306,44.50649986739533,69.31452397869049,-8.470253263691788,-13.67102057105596,-4.054014571313894
extra_ap12_pace365_p60_month24_cap2,extra_roll2_primary_cap2,3,forward,20,1000,119.95757496394255,102.21710311285877,138.66101094670057,-10.123687388316412,-15.717353392596394,-5.070395779378574
extra_ap12_pace365_p60_month24_cap2,extra_roll2_primary_cap2,5,lift,20,1000,2.42164162777545,2.116819063523211,2.746804887525339,-0.09594439324529302,-0.18200045759371575,-0.01575433604873008
extra_ap12_pace365_p60_month24_cap2,extra_roll2_primary_cap2,5,sym,20,1000,66.12321788401823,53.29784811934287,81.89610383272397,-10.196830594706555,-17.251969804350907,-4.790033469643846
extra_ap12_pace365_p60_month24_cap2,extra_roll2_primary_cap2,5,forward,20,1000,129.68950811311572,106.72067453453226,152.94351804955983,-10.801514911148502,-17.859506624898547,-4.246359091999628
extra_ap12_pace365_p60_month24_cap2,extra_roll2_primary_cap2,10,lift,20,1000,2.330309408056122,2.026780942191619,2.685740415770622,-0.14010011323548976,-0.27819181397880977,-0.0282635788487818
extra_ap12_pace365_p60_month24_cap2,extra_roll2_primary_cap2,10,sym,20,1000,72.29764801103268,53.580655816350266,92.42891275158222,-6.814953012323912,-16.31522678357538,0.5973212449168622
extra_ap12_pace365_p60_month24_cap2,extra_roll2_primary_cap2,10,forward,20,1000,131.70597546178954,99.28969044872728,162.4274151166086,-5.766908281109096,-15.766594473139671,3.9653718148274617
extra_ap12_pace365_p60_month24_cap2,extra_roll2_primary_cap2,20,lift,20,1000,2.3932840186933935,2.006235111587941,2.8442163515707337,-0.07538993952713247,-0.24185096013931157,0.07343233030862224
extra_ap12_pace365_p60_month24_cap2,extra_roll2_primary_cap2,20,sym,20,1000,81.25027306642664,48.86983203309654,112.41427198270412,-5.005196425169004,-14.061866016534422,3.510117811265125
extra_ap12_pace365_p60_month24_cap2,extra_roll2_primary_cap2,20,forward,20,1000,128.7187282166533,70.57534046011038,182.867063065812,-1.2990788476058412,-15.106371374021851,11.834765819553331
extra_ap12_pace365_p60_month24_cap2,extra_roll2_primary_cap2,1,lift,50,1000,1.9341106710677065,1.7364229040984422,2.1338834268141555,-0.0063514139185860685,-0.022453126517929092,0.008866379560507426
extra_ap12_pace365_p60_month24_cap2,extra_roll2_primary_cap2,1,sym,50,1000,29.222602279230838,23.244813458118305,36.289152974418094,-2.6726318890505922,-4.758936988397417,-0.47876364781019937
extra_ap12_pace365_p60_month24_cap2,extra_roll2_primary_cap2,1,forward,50,1000,93.05759187964296,79.35131661426136,109.08778725016582,-4.770023401629544,-9.658673983042213,-0.39514012316454245
extra_ap12_pace365_p60_month24_cap2,extra_roll2_primary_cap2,3,lift,50,1000,2.357053095526839,2.024632200030638,2.7570430821137064,-0.0786682266706098,-0.13742788318626387,-0.03029807061045423
extra_ap12_pace365_p60_month24_cap2,extra_roll2_primary_cap2,3,sym,50,1000,55.18185179242306,43.48964406183857,69.93786399075488,-8.470253263691788,-14.063964702250136,-3.6614213809773375
extra_ap12_pace365_p60_month24_cap2,extra_roll2_primary_cap2,3,forward,50,1000,119.95757496394255,100.99383116915101,137.6246907291806,-10.123687388316412,-17.146507596927204,-4.779315255166728
extra_ap12_pace365_p60_month24_cap2,extra_roll2_primary_cap2,5,lift,50,1000,2.42164162777545,2.0636642138569385,2.8336995247569585,-0.09594439324529302,-0.16985284370219686,-0.02924072086648144
extra_ap12_pace365_p60_month24_cap2,extra_roll2_primary_cap2,5,sym,50,1000,66.12321788401823,52.49466060239836,82.57887460499717,-10.196830594706555,-17.450107258313125,-4.204500391752684
extra_ap12_pace365_p60_month24_cap2,extra_roll2_primary_cap2,5,forward,50,1000,129.68950811311572,105.87184991568164,151.955035782065,-10.801514911148502,-18.543726575343076,-4.383582728112618
extra_ap12_pace365_p60_month24_cap2,extra_roll2_primary_cap2,10,lift,50,1000,2.330309408056122,1.966135819221691,2.7424747613890497,-0.14010011323548976,-0.251493643216577,-0.039980152699861854
extra_ap12_pace365_p60_month24_cap2,extra_roll2_primary_cap2,10,sym,50,1000,72.29764801103268,55.61362141655169,92.70964122258859,-6.814953012323912,-15.931888021252092,0.9107524971577172
extra_ap12_pace365_p60_month24_cap2,extra_roll2_primary_cap2,10,forward,50,1000,131.70597546178954,95.45020890701181,166.23222524809478,-5.766908281109096,-14.191443318953441,2.1696520756984223
extra_ap12_pace365_p60_month24_cap2,extra_roll2_primary_cap2,20,lift,50,1000,2.3932840186933935,1.9889857014157561,2.894243167294527,-0.07538993952713247,-0.22766630501807747,0.045191055830822634
extra_ap12_pace365_p60_month24_cap2,extra_roll2_primary_cap2,20,sym,50,1000,81.25027306642664,53.52698133133077,112.82287152549897,-5.005196425169004,-15.016013871055648,3.984106223430692
extra_ap12_pace365_p60_month24_cap2,extra_roll2_primary_cap2,20,forward,50,1000,128.7187282166533,57.815584855646165,199.11068432189896,-1.2990788476058412,-14.110432334467866,9.21407583764259
extra_ap12_pace365_p60_month24_cap2,local_extra_primary_cap2,1,lift,20,1000,1.9341106710677065,1.7719433775364792,2.108334935846011,0.001121364240946665,-0.021144077893293263,0.02248108318063548
extra_ap12_pace365_p60_month24_cap2,local_extra_primary_cap2,1,sym,20,1000,29.222602279230838,23.519575890931534,36.116250349188235,-2.484489511437861,-4.2295812153134955,-1.0712546474975722
extra_ap12_pace365_p60_month24_cap2,local_extra_primary_cap2,1,forward,20,1000,93.05759187964296,80.91073514210441,107.46465353798553,-7.54003329220302,-11.124434448202846,-4.370567458181583
extra_ap12_pace365_p60_month24_cap2,local_extra_primary_cap2,3,lift,20,1000,2.357053095526839,2.078574729883503,2.6704963770279533,-0.0847395468552894,-0.1705704929850581,-0.0017020190923583112
extra_ap12_pace365_p60_month24_cap2,local_extra_primary_cap2,3,sym,20,1000,55.18185179242306,44.50649986739533,69.31452397869049,-4.0332895878375865,-7.297084977941488,-0.888061561255365
extra_ap12_pace365_p60_month24_cap2,local_extra_primary_cap2,3,forward,20,1000,119.95757496394255,102.21710311285877,138.66101094670057,-10.46815357597525,-15.565284998096095,-5.899178333933452
extra_ap12_pace365_p60_month24_cap2,local_extra_primary_cap2,5,lift,20,1000,2.42164162777545,2.116819063523211,2.746804887525339,-0.10943273238063433,-0.2193689612804738,-0.010393062166477021
extra_ap12_pace365_p60_month24_cap2,local_extra_primary_cap2,5,sym,20,1000,66.12321788401823,53.29784811934287,81.89610383272397,-4.469585447614065,-8.700460099683214,-0.6637826753987465
extra_ap12_pace365_p60_month24_cap2,local_extra_primary_cap2,5,forward,20,1000,129.68950811311572,106.72067453453226,152.94351804955983,-11.018204607763693,-16.352291530408145,-5.776272762086839
extra_ap12_pace365_p60_month24_cap2,local_extra_primary_cap2,10,lift,20,1000,2.330309408056122,2.026780942191619,2.685740415770622,-0.07354499652475255,-0.20976817982810939,0.029300040989798146
extra_ap12_pace365_p60_month24_cap2,local_extra_primary_cap2,10,sym,20,1000,72.29764801103268,53.580655816350266,92.42891275158222,-2.5491229791137897,-8.54061557610802,3.060028263512529
extra_ap12_pace365_p60_month24_cap2,local_extra_primary_cap2,10,forward,20,1000,131.70597546178954,99.28969044872728,162.4274151166086,-8.425256900404577,-16.01414622348563,-1.4827273370582266
extra_ap12_pace365_p60_month24_cap2,local_extra_primary_cap2,20,lift,20,1000,2.3932840186933935,2.006235111587941,2.8442163515707337,-0.021700165893984824,-0.1848871254060194,0.10774687791219323
extra_ap12_pace365_p60_month24_cap2,local_extra_primary_cap2,20,sym,20,1000,81.25027306642664,48.86983203309654,112.41427198270412,-1.9838430374917237,-9.81091915500639,5.584559505072364
extra_ap12_pace365_p60_month24_cap2,local_extra_primary_cap2,20,forward,20,1000,128.7187282166533,70.57534046011038,182.867063065812,-2.822817231998954,-15.329345886044148,9.156727966736373
extra_ap12_pace365_p60_month24_cap2,local_extra_primary_cap2,1,lift,50,1000,1.9341106710677065,1.7364229040984422,2.1338834268141555,0.001121364240946665,-0.02497845963209015,0.02174390132118069
extra_ap12_pace365_p60_month24_cap2,local_extra_primary_cap2,1,sym,50,1000,29.222602279230838,23.244813458118305,36.289152974418094,-2.484489511437861,-4.1244692737681765,-1.0864829661539477
extra_ap12_pace365_p60_month24_cap2,local_extra_primary_cap2,1,forward,50,1000,93.05759187964296,79.35131661426136,109.08778725016582,-7.54003329220302,-12.114484350555196,-4.32699392396153
extra_ap12_pace365_p60_month24_cap2,local_extra_primary_cap2,3,lift,50,1000,2.357053095526839,2.024632200030638,2.7570430821137064,-0.0847395468552894,-0.18722050605744822,0.011002703278235038
extra_ap12_pace365_p60_month24_cap2,local_extra_primary_cap2,3,sym,50,1000,55.18185179242306,43.48964406183857,69.93786399075488,-4.0332895878375865,-7.428632886394737,-1.0668600822766963
extra_ap12_pace365_p60_month24_cap2,local_extra_primary_cap2,3,forward,50,1000,119.95757496394255,100.99383116915101,137.6246907291806,-10.46815357597525,-16.51261269572617,-5.470613582221413
extra_ap12_pace365_p60_month24_cap2,local_extra_primary_cap2,5,lift,50,1000,2.42164162777545,2.0636642138569385,2.8336995247569585,-0.10943273238063433,-0.225142961386528,-0.00033080264852543463
extra_ap12_pace365_p60_month24_cap2,local_extra_primary_cap2,5,sym,50,1000,66.12321788401823,52.49466060239836,82.57887460499717,-4.469585447614065,-8.756729777002695,-0.5574193098904172
extra_ap12_pace365_p60_month24_cap2,local_extra_primary_cap2,5,forward,50,1000,129.68950811311572,105.87184991568164,151.955035782065,-11.018204607763693,-16.567826371240916,-5.785931511958464
extra_ap12_pace365_p60_month24_cap2,local_extra_primary_cap2,10,lift,50,1000,2.330309408056122,1.966135819221691,2.7424747613890497,-0.07354499652475255,-0.20718248575209325,0.0195579999009917
extra_ap12_pace365_p60_month24_cap2,local_extra_primary_cap2,10,sym,50,1000,72.29764801103268,55.61362141655169,92.70964122258859,-2.5491229791137897,-7.9173235876497525,2.608210691921379
extra_ap12_pace365_p60_month24_cap2,local_extra_primary_cap2,10,forward,50,1000,131.70597546178954,95.45020890701181,166.23222524809478,-8.425256900404577,-14.899669874304921,-2.093837205294784
extra_ap12_pace365_p60_month24_cap2,local_extra_primary_cap2,20,lift,50,1000,2.3932840186933935,1.9889857014157561,2.894243167294527,-0.021700165893984824,-0.1843419750889884,0.06880638429630226
extra_ap12_pace365_p60_month24_cap2,local_extra_primary_cap2,20,sym,50,1000,81.25027306642664,53.52698133133077,112.82287152549897,-1.9838430374917237,-9.011472672268878,4.121062109341537
extra_ap12_pace365_p60_month24_cap2,local_extra_primary_cap2,20,forward,50,1000,128.7187282166533,57.815584855646165,199.11068432189896,-2.822817231998954,-14.718470189443462,8.289849723851823
extra_ap12_pace365_p60_month24_cap2,extra_roll2_reserve7_cap2,1,lift,20,1000,1.9341106710677065,1.7719433775364792,2.108334935846011,-0.0024388004296611587,-0.02414312927913036,0.01231562716778658
extra_ap12_pace365_p60_month24_cap2,extra_roll2_reserve7_cap2,1,sym,20,1000,29.222602279230838,23.519575890931534,36.116250349188235,-2.2308135356011114,-4.473741943168792,-0.13085291844234628
extra_ap12_pace365_p60_month24_cap2,extra_roll2_reserve7_cap2,1,forward,20,1000,93.05759187964296,80.91073514210441,107.46465353798553,4.150436564094392,0.09442673245433861,8.215852947056137
extra_ap12_pace365_p60_month24_cap2,extra_roll2_reserve7_cap2,3,lift,20,1000,2.357053095526839,2.078574729883503,2.6704963770279533,0.04364137679717661,-0.039047144292060555,0.12746457215278612
extra_ap12_pace365_p60_month24_cap2,extra_roll2_reserve7_cap2,3,sym,20,1000,55.18185179242306,44.50649986739533,69.31452397869049,-6.589594527346513,-11.21834864745671,-1.9139195832819635
extra_ap12_pace365_p60_month24_cap2,extra_roll2_reserve7_cap2,3,forward,20,1000,119.95757496394255,102.21710311285877,138.66101094670057,5.888116687813138,-0.17070292657681987,12.044648653515909
extra_ap12_pace365_p60_month24_cap2,extra_roll2_reserve7_cap2,5,lift,20,1000,2.42164162777545,2.116819063523211,2.746804887525339,0.08140360637149469,-0.019118358988582794,0.1791419640657191
extra_ap12_pace365_p60_month24_cap2,extra_roll2_reserve7_cap2,5,sym,20,1000,66.12321788401823,53.29784811934287,81.89610383272397,-7.833559136734152,-14.03533406242318,-2.121088395978238
extra_ap12_pace365_p60_month24_cap2,extra_roll2_reserve7_cap2,5,forward,20,1000,129.68950811311572,106.72067453453226,152.94351804955983,7.693548638847389,-0.3140495018790311,14.987010139898958
extra_ap12_pace365_p60_month24_cap2,extra_roll2_reserve7_cap2,10,lift,20,1000,2.330309408056122,2.026780942191619,2.685740415770622,0.0034471157356450455,-0.11871958997405747,0.11462736323490105
extra_ap12_pace365_p60_month24_cap2,extra_roll2_reserve7_cap2,10,sym,20,1000,72.29764801103268,53.580655816350266,92.42891275158222,-5.432174574319305,-12.347911016717239,1.0810578792862289
extra_ap12_pace365_p60_month24_cap2,extra_roll2_reserve7_cap2,10,forward,20,1000,131.70597546178954,99.28969044872728,162.4274151166086,10.568522817716882,0.9239010060289055,20.506011088659566
extra_ap12_pace365_p60_month24_cap2,extra_roll2_reserve7_cap2,20,lift,20,1000,2.3932840186933935,2.006235111587941,2.8442163515707337,0.05499035163830657,-0.10256764552162898,0.20708477092696667
extra_ap12_pace365_p60_month24_cap2,extra_roll2_reserve7_cap2,20,sym,20,1000,81.25027306642664,48.86983203309654,112.41427198270412,-4.511758403234211,-12.488685441119065,3.56026254728828
extra_ap12_pace365_p60_month24_cap2,extra_roll2_reserve7_cap2,20,forward,20,1000,128.7187282166533,70.57534046011038,182.867063065812,9.62006538487141,-1.5503096419227407,21.617086959762887
extra_ap12_pace365_p60_month24_cap2,extra_roll2_reserve7_cap2,1,lift,50,1000,1.9341106710677065,1.7364229040984422,2.1338834268141555,-0.0024388004296611587,-0.027568369503904205,0.012156095088906322
extra_ap12_pace365_p60_month24_cap2,extra_roll2_reserve7_cap2,1,sym,50,1000,29.222602279230838,23.244813458118305,36.289152974418094,-2.2308135356011114,-4.738787512786901,0.17352862992506662
extra_ap12_pace365_p60_month24_cap2,extra_roll2_reserve7_cap2,1,forward,50,1000,93.05759187964296,79.35131661426136,109.08778725016582,4.150436564094392,-0.5411939504171055,8.464101891884585
extra_ap12_pace365_p60_month24_cap2,extra_roll2_reserve7_cap2,3,lift,50,1000,2.357053095526839,2.024632200030638,2.7570430821137064,0.04364137679717661,-0.050172004680714276,0.13002251505596493
extra_ap12_pace365_p60_month24_cap2,extra_roll2_reserve7_cap2,3,sym,50,1000,55.18185179242306,43.48964406183857,69.93786399075488,-6.589594527346513,-12.407266428197136,-1.030912167544472
extra_ap12_pace365_p60_month24_cap2,extra_roll2_reserve7_cap2,3,forward,50,1000,119.95757496394255,100.99383116915101,137.6246907291806,5.888116687813138,-0.46429753596509143,12.177475259746068
extra_ap12_pace365_p60_month24_cap2,extra_roll2_reserve7_cap2,5,lift,50,1000,2.42164162777545,2.0636642138569385,2.8336995247569585,0.08140360637149469,-0.023529708698050544,0.19028902087430974
extra_ap12_pace365_p60_month24_cap2,extra_roll2_reserve7_cap2,5,sym,50,1000,66.12321788401823,52.49466060239836,82.57887460499717,-7.833559136734152,-15.080361564167717,-1.0334260690948922
extra_ap12_pace365_p60_month24_cap2,extra_roll2_reserve7_cap2,5,forward,50,1000,129.68950811311572,105.87184991568164,151.955035782065,7.693548638847389,-0.09136043627069688,15.160400109639578
extra_ap12_pace365_p60_month24_cap2,extra_roll2_reserve7_cap2,10,lift,50,1000,2.330309408056122,1.966135819221691,2.7424747613890497,0.0034471157356450455,-0.12719461726161024,0.13895738302381366
extra_ap12_pace365_p60_month24_cap2,extra_roll2_reserve7_cap2,10,sym,50,1000,72.29764801103268,55.61362141655169,92.70964122258859,-5.432174574319305,-13.96482135926234,2.4566221257721725
extra_ap12_pace365_p60_month24_cap2,extra_roll2_reserve7_cap2,10,forward,50,1000,131.70597546178954,95.45020890701181,166.23222524809478,10.568522817716882,1.0998510149592275,19.639411841462557
extra_ap12_pace365_p60_month24_cap2,extra_roll2_reserve7_cap2,20,lift,50,1000,2.3932840186933935,1.9889857014157561,2.894243167294527,0.05499035163830657,-0.11100109672685388,0.20901806596759348
extra_ap12_pace365_p60_month24_cap2,extra_roll2_reserve7_cap2,20,sym,50,1000,81.25027306642664,53.52698133133077,112.82287152549897,-4.511758403234211,-13.665572324277742,4.782889591439954
extra_ap12_pace365_p60_month24_cap2,extra_roll2_reserve7_cap2,20,forward,50,1000,128.7187282166533,57.815584855646165,199.11068432189896,9.62006538487141,-2.733246308392988,20.88705942420321
extra_ap12_pace365_p60_month24_cap2,known_change_z_urgent_cap2,1,lift,20,1000,1.9341106710677065,1.7719433775364792,2.108334935846011,-0.0016166470831353585,-0.03068748802728825,0.014684426870313272
extra_ap12_pace365_p60_month24_cap2,known_change_z_urgent_cap2,1,sym,20,1000,29.222602279230838,23.519575890931534,36.116250349188235,-2.963715094540266,-5.616727432459564,-0.0867821224194227
extra_ap12_pace365_p60_month24_cap2,known_change_z_urgent_cap2,1,forward,20,1000,93.05759187964296,80.91073514210441,107.46465353798553,17.656906658142276,9.705922839258482,27.112005239241892
extra_ap12_pace365_p60_month24_cap2,known_change_z_urgent_cap2,3,lift,20,1000,2.357053095526839,2.078574729883503,2.6704963770279533,0.2858997288504219,0.12944089270784903,0.4532494075427598
extra_ap12_pace365_p60_month24_cap2,known_change_z_urgent_cap2,3,sym,20,1000,55.18185179242306,44.50649986739533,69.31452397869049,5.662384645982293,-1.6283959966079213,13.94927788545613
extra_ap12_pace365_p60_month24_cap2,known_change_z_urgent_cap2,3,forward,20,1000,119.95757496394255,102.21710311285877,138.66101094670057,34.15237073602111,23.385602589278545,45.63399107740588
extra_ap12_pace365_p60_month24_cap2,known_change_z_urgent_cap2,5,lift,20,1000,2.42164162777545,2.116819063523211,2.746804887525339,0.3676048833781156,0.1685546999616964,0.5611642443547145
extra_ap12_pace365_p60_month24_cap2,known_change_z_urgent_cap2,5,sym,20,1000,66.12321788401823,53.29784811934287,81.89610383272397,10.810109633653738,1.6732750887201744,20.581210388594222
extra_ap12_pace365_p60_month24_cap2,known_change_z_urgent_cap2,5,forward,20,1000,129.68950811311572,106.72067453453226,152.94351804955983,42.12409868176802,28.843371927410484,55.06892930185642
extra_ap12_pace365_p60_month24_cap2,known_change_z_urgent_cap2,10,lift,20,1000,2.330309408056122,2.026780942191619,2.685740415770622,0.25277331229695443,0.049701187499888166,0.44720642200348537
extra_ap12_pace365_p60_month24_cap2,known_change_z_urgent_cap2,10,sym,20,1000,72.29764801103268,53.580655816350266,92.42891275158222,13.585374706997364,1.4934814594510841,26.41858731409774
extra_ap12_pace365_p60_month24_cap2,known_change_z_urgent_cap2,10,forward,20,1000,131.70597546178954,99.28969044872728,162.4274151166086,43.412139540121984,28.389156811749103,59.21359720733031
extra_ap12_pace365_p60_month24_cap2,known_change_z_urgent_cap2,20,lift,20,1000,2.3932840186933935,2.006235111587941,2.8442163515707337,0.3181890188988028,0.06310472431627981,0.6059657956375765
extra_ap12_pace365_p60_month24_cap2,known_change_z_urgent_cap2,20,sym,20,1000,81.25027306642664,48.86983203309654,112.41427198270412,10.356376493015205,-3.6061249508943742,25.762574559159145
extra_ap12_pace365_p60_month24_cap2,known_change_z_urgent_cap2,20,forward,20,1000,128.7187282166533,70.57534046011038,182.867063065812,41.97913958898509,20.916552271264283,66.50067378798354
extra_ap12_pace365_p60_month24_cap2,known_change_z_urgent_cap2,1,lift,50,1000,1.9341106710677065,1.7364229040984422,2.1338834268141555,-0.0016166470831353585,-0.03882182006269332,0.012603568084008997
extra_ap12_pace365_p60_month24_cap2,known_change_z_urgent_cap2,1,sym,50,1000,29.222602279230838,23.244813458118305,36.289152974418094,-2.963715094540266,-6.200084499926564,0.4839452675585337
extra_ap12_pace365_p60_month24_cap2,known_change_z_urgent_cap2,1,forward,50,1000,93.05759187964296,79.35131661426136,109.08778725016582,17.656906658142276,8.362420211147917,28.782049674376005
extra_ap12_pace365_p60_month24_cap2,known_change_z_urgent_cap2,3,lift,50,1000,2.357053095526839,2.024632200030638,2.7570430821137064,0.2858997288504219,0.10842836338870718,0.5012104055306815
extra_ap12_pace365_p60_month24_cap2,known_change_z_urgent_cap2,3,sym,50,1000,55.18185179242306,43.48964406183857,69.93786399075488,5.662384645982293,-1.9909218225772451,15.02684992382131
extra_ap12_pace365_p60_month24_cap2,known_change_z_urgent_cap2,3,forward,50,1000,119.95757496394255,100.99383116915101,137.6246907291806,34.15237073602111,22.203494816411418,48.017341473297705
extra_ap12_pace365_p60_month24_cap2,known_change_z_urgent_cap2,5,lift,50,1000,2.42164162777545,2.0636642138569385,2.8336995247569585,0.3676048833781156,0.1565547671215723,0.5971556469145495
extra_ap12_pace365_p60_month24_cap2,known_change_z_urgent_cap2,5,sym,50,1000,66.12321788401823,52.49466060239836,82.57887460499717,10.810109633653738,1.9042974799051775,21.67907309259262
extra_ap12_pace365_p60_month24_cap2,known_change_z_urgent_cap2,5,forward,50,1000,129.68950811311572,105.87184991568164,151.955035782065,42.12409868176802,27.711704974658183,56.65696723200589
extra_ap12_pace365_p60_month24_cap2,known_change_z_urgent_cap2,10,lift,50,1000,2.330309408056122,1.966135819221691,2.7424747613890497,0.25277331229695443,0.026278051321430667,0.461102575660335
extra_ap12_pace365_p60_month24_cap2,known_change_z_urgent_cap2,10,sym,50,1000,72.29764801103268,55.61362141655169,92.70964122258859,13.585374706997364,2.9705658607878576,26.78962206927936
extra_ap12_pace365_p60_month24_cap2,known_change_z_urgent_cap2,10,forward,50,1000,131.70597546178954,95.45020890701181,166.23222524809478,43.412139540121984,25.86932886320122,60.65569594958379
extra_ap12_pace365_p60_month24_cap2,known_change_z_urgent_cap2,20,lift,50,1000,2.3932840186933935,1.9889857014157561,2.894243167294527,0.3181890188988028,0.032821048276747596,0.5995801245026624
extra_ap12_pace365_p60_month24_cap2,known_change_z_urgent_cap2,20,sym,50,1000,81.25027306642664,53.52698133133077,112.82287152549897,10.356376493015205,-2.765260022902628,27.41112452555397
extra_ap12_pace365_p60_month24_cap2,known_change_z_urgent_cap2,20,forward,50,1000,128.7187282166533,57.815584855646165,199.11068432189896,41.97913958898509,19.391080394525773,64.60048092436124
extra_ap12_pace365_p60_month24_cap2,hazard_hist_h5_urgent_cap2,1,lift,20,1000,1.9341106710677065,1.7719433775364792,2.108334935846011,-0.004473195365166438,-0.035974812350456055,0.012958516870240052
extra_ap12_pace365_p60_month24_cap2,hazard_hist_h5_urgent_cap2,1,sym,20,1000,29.222602279230838,23.519575890931534,36.116250349188235,-3.2573313174892498,-6.047341331741787,-0.23810831212059608
extra_ap12_pace365_p60_month24_cap2,hazard_hist_h5_urgent_cap2,1,forward,20,1000,93.05759187964296,80.91073514210441,107.46465353798553,22.63039842944788,14.684235925670116,32.301791972178606
extra_ap12_pace365_p60_month24_cap2,hazard_hist_h5_urgent_cap2,3,lift,20,1000,2.357053095526839,2.078574729883503,2.6704963770279533,0.24792159747203435,0.10225479698773447,0.39878857542855795
extra_ap12_pace365_p60_month24_cap2,hazard_hist_h5_urgent_cap2,3,sym,20,1000,55.18185179242306,44.50649986739533,69.31452397869049,2.5371192255567934,-4.648999196117391,10.268159314359396
extra_ap12_pace365_p60_month24_cap2,hazard_hist_h5_urgent_cap2,3,forward,20,1000,119.95757496394255,102.21710311285877,138.66101094670057,34.8613252966488,24.512416300377748,46.013786652908976
extra_ap12_pace365_p60_month24_cap2,hazard_hist_h5_urgent_cap2,5,lift,20,1000,2.42164162777545,2.116819063523211,2.746804887525339,0.2866226742401996,0.103037582258686,0.47025253554034474
extra_ap12_pace365_p60_month24_cap2,hazard_hist_h5_urgent_cap2,5,sym,20,1000,66.12321788401823,53.29784811934287,81.89610383272397,5.976422642654597,-2.9553788498718574,15.391590628780058
extra_ap12_pace365_p60_month24_cap2,hazard_hist_h5_urgent_cap2,5,forward,20,1000,129.68950811311572,106.72067453453226,152.94351804955983,39.30985180668304,25.92200343368063,52.140020133417366
extra_ap12_pace365_p60_month24_cap2,hazard_hist_h5_urgent_cap2,10,lift,20,1000,2.330309408056122,2.026780942191619,2.685740415770622,0.1508319937445246,-0.044621875793664334,0.3405236430719231
extra_ap12_pace365_p60_month24_cap2,hazard_hist_h5_urgent_cap2,10,sym,20,1000,72.29764801103268,53.580655816350266,92.42891275158222,5.198217379190524,-7.304115951312433,18.717883967365694
extra_ap12_pace365_p60_month24_cap2,hazard_hist_h5_urgent_cap2,10,forward,20,1000,131.70597546178954,99.28969044872728,162.4274151166086,38.1179341871336,22.02573146304464,55.08543957590453
extra_ap12_pace365_p60_month24_cap2,hazard_hist_h5_urgent_cap2,20,lift,20,1000,2.3932840186933935,2.006235111587941,2.8442163515707337,0.2005300163179098,-0.03445924561199409,0.45754129921216763
extra_ap12_pace365_p60_month24_cap2,hazard_hist_h5_urgent_cap2,20,sym,20,1000,81.25027306642664,48.86983203309654,112.41427198270412,2.6305328655083855,-12.413052257206344,19.58778490378202
extra_ap12_pace365_p60_month24_cap2,hazard_hist_h5_urgent_cap2,20,forward,20,1000,128.7187282166533,70.57534046011038,182.867063065812,36.19740582890017,14.422952647473917,58.70792436016807
extra_ap12_pace365_p60_month24_cap2,hazard_hist_h5_urgent_cap2,1,lift,50,1000,1.9341106710677065,1.7364229040984422,2.1338834268141555,-0.004473195365166438,-0.04215343397058195,0.011425938697879234
extra_ap12_pace365_p60_month24_cap2,hazard_hist_h5_urgent_cap2,1,sym,50,1000,29.222602279230838,23.244813458118305,36.289152974418094,-3.2573313174892498,-6.339503970477949,0.012517838070285912
extra_ap12_pace365_p60_month24_cap2,hazard_hist_h5_urgent_cap2,1,forward,50,1000,93.05759187964296,79.35131661426136,109.08778725016582,22.63039842944788,13.46987391988483,33.26830547520073
extra_ap12_pace365_p60_month24_cap2,hazard_hist_h5_urgent_cap2,3,lift,50,1000,2.357053095526839,2.024632200030638,2.7570430821137064,0.24792159747203435,0.0869035645781895,0.4527194510470433
extra_ap12_pace365_p60_month24_cap2,hazard_hist_h5_urgent_cap2,3,sym,50,1000,55.18185179242306,43.48964406183857,69.93786399075488,2.5371192255567934,-5.425531414382299,11.609425430482823
extra_ap12_pace365_p60_month24_cap2,hazard_hist_h5_urgent_cap2,3,forward,50,1000,119.95757496394255,100.99383116915101,137.6246907291806,34.8613252966488,22.60876105843162,48.071253788817415
extra_ap12_pace365_p60_month24_cap2,hazard_hist_h5_urgent_cap2,5,lift,50,1000,2.42164162777545,2.0636642138569385,2.8336995247569585,0.2866226742401996,0.08587033550793285,0.5004966421513218
extra_ap12_pace365_p60_month24_cap2,hazard_hist_h5_urgent_cap2,5,sym,50,1000,66.12321788401823,52.49466060239836,82.57887460499717,5.976422642654597,-3.4485719870384854,17.225682921920907
extra_ap12_pace365_p60_month24_cap2,hazard_hist_h5_urgent_cap2,5,forward,50,1000,129.68950811311572,105.87184991568164,151.955035782065,39.30985180668304,23.665578766073878,54.90375664149895
extra_ap12_pace365_p60_month24_cap2,hazard_hist_h5_urgent_cap2,10,lift,50,1000,2.330309408056122,1.966135819221691,2.7424747613890497,0.1508319937445246,-0.06246062944829396,0.3642545918007119
extra_ap12_pace365_p60_month24_cap2,hazard_hist_h5_urgent_cap2,10,sym,50,1000,72.29764801103268,55.61362141655169,92.70964122258859,5.198217379190524,-7.509530228615022,20.255315345059977
extra_ap12_pace365_p60_month24_cap2,hazard_hist_h5_urgent_cap2,10,forward,50,1000,131.70597546178954,95.45020890701181,166.23222524809478,38.1179341871336,19.274501102851037,56.7690588049599
extra_ap12_pace365_p60_month24_cap2,hazard_hist_h5_urgent_cap2,20,lift,50,1000,2.3932840186933935,1.9889857014157561,2.894243167294527,0.2005300163179098,-0.062375558999901944,0.4718735868052827
extra_ap12_pace365_p60_month24_cap2,hazard_hist_h5_urgent_cap2,20,sym,50,1000,81.25027306642664,53.52698133133077,112.82287152549897,2.6305328655083855,-13.141485055144706,21.607881985746236
extra_ap12_pace365_p60_month24_cap2,hazard_hist_h5_urgent_cap2,20,forward,50,1000,128.7187282166533,57.815584855646165,199.11068432189896,36.19740582890017,13.000315919369829,59.680220348150115
extra_ap12_pace365_p60_month24_cap2,ap1_change_z_r25_exact_cap2,1,lift,20,1000,1.9341106710677065,1.7719433775364792,2.108334935846011,0.00945177852848822,-0.01788092392208947,0.03018740963172791
extra_ap12_pace365_p60_month24_cap2,ap1_change_z_r25_exact_cap2,1,sym,20,1000,29.222602279230838,23.519575890931534,36.116250349188235,-7.23486200353101,-10.302604097501213,-4.521835841217808
extra_ap12_pace365_p60_month24_cap2,ap1_change_z_r25_exact_cap2,1,forward,20,1000,93.05759187964296,80.91073514210441,107.46465353798553,-6.284307225050654,-13.559665632360833,1.482233315531075
extra_ap12_pace365_p60_month24_cap2,ap1_change_z_r25_exact_cap2,3,lift,20,1000,2.357053095526839,2.078574729883503,2.6704963770279533,0.05402561897649116,-0.08085110478639099,0.17393126809810996
extra_ap12_pace365_p60_month24_cap2,ap1_change_z_r25_exact_cap2,3,sym,20,1000,55.18185179242306,44.50649986739533,69.31452397869049,-2.9945845586121536,-10.677736232515636,3.6036484329122938
extra_ap12_pace365_p60_month24_cap2,ap1_change_z_r25_exact_cap2,3,forward,20,1000,119.95757496394255,102.21710311285877,138.66101094670057,3.9163337045941518,-4.7622095400104,12.901546432876044
extra_ap12_pace365_p60_month24_cap2,ap1_change_z_r25_exact_cap2,5,lift,20,1000,2.42164162777545,2.116819063523211,2.746804887525339,0.12093768126199,-0.052404924867231306,0.27504160547874607
extra_ap12_pace365_p60_month24_cap2,ap1_change_z_r25_exact_cap2,5,sym,20,1000,66.12321788401823,53.29784811934287,81.89610383272397,-1.2680150177876754,-11.796503895231275,7.603742204025253
extra_ap12_pace365_p60_month24_cap2,ap1_change_z_r25_exact_cap2,5,forward,20,1000,129.68950811311572,106.72067453453226,152.94351804955983,9.833838592766057,-1.2229847008063317,20.161789561291503
extra_ap12_pace365_p60_month24_cap2,ap1_change_z_r25_exact_cap2,10,lift,20,1000,2.330309408056122,2.026780942191619,2.685740415770622,0.03894113669575949,-0.178551771858272,0.20965041283787456
extra_ap12_pace365_p60_month24_cap2,ap1_change_z_r25_exact_cap2,10,sym,20,1000,72.29764801103268,53.580655816350266,92.42891275158222,-0.23206596471746366,-14.250279082241564,11.470883206381748
extra_ap12_pace365_p60_month24_cap2,ap1_change_z_r25_exact_cap2,10,forward,20,1000,131.70597546178954,99.28969044872728,162.4274151166086,8.609614248807773,-6.342135291271596,21.382175736823292
extra_ap12_pace365_p60_month24_cap2,ap1_change_z_r25_exact_cap2,20,lift,20,1000,2.3932840186933935,2.006235111587941,2.8442163515707337,0.06947086581541306,-0.23554673130887366,0.3085835694040211
extra_ap12_pace365_p60_month24_cap2,ap1_change_z_r25_exact_cap2,20,sym,20,1000,81.25027306642664,48.86983203309654,112.41427198270412,-2.125251207735701,-18.027245381824795,12.88364485673062
extra_ap12_pace365_p60_month24_cap2,ap1_change_z_r25_exact_cap2,20,forward,20,1000,128.7187282166533,70.57534046011038,182.867063065812,9.225898496116287,-13.519314161052971,31.611208203252065
extra_ap12_pace365_p60_month24_cap2,ap1_change_z_r25_exact_cap2,1,lift,50,1000,1.9341106710677065,1.7364229040984422,2.1338834268141555,0.00945177852848822,-0.021883065140381353,0.030880264070957508
extra_ap12_pace365_p60_month24_cap2,ap1_change_z_r25_exact_cap2,1,sym,50,1000,29.222602279230838,23.244813458118305,36.289152974418094,-7.23486200353101,-11.312537886683115,-3.8209432650746824
extra_ap12_pace365_p60_month24_cap2,ap1_change_z_r25_exact_cap2,1,forward,50,1000,93.05759187964296,79.35131661426136,109.08778725016582,-6.284307225050654,-13.747541990105157,1.3781065182181749
extra_ap12_pace365_p60_month24_cap2,ap1_change_z_r25_exact_cap2,3,lift,50,1000,2.357053095526839,2.024632200030638,2.7570430821137064,0.05402561897649116,-0.10788123029281495,0.2004018305929617
extra_ap12_pace365_p60_month24_cap2,ap1_change_z_r25_exact_cap2,3,sym,50,1000,55.18185179242306,43.48964406183857,69.93786399075488,-2.9945845586121536,-11.282843381889599,5.383836578478509
extra_ap12_pace365_p60_month24_cap2,ap1_change_z_r25_exact_cap2,3,forward,50,1000,119.95757496394255,100.99383116915101,137.6246907291806,3.9163337045941518,-5.538028447698898,13.750089144869142
extra_ap12_pace365_p60_month24_cap2,ap1_change_z_r25_exact_cap2,5,lift,50,1000,2.42164162777545,2.0636642138569385,2.8336995247569585,0.12093768126199,-0.06801437169137504,0.27442231923691607
extra_ap12_pace365_p60_month24_cap2,ap1_change_z_r25_exact_cap2,5,sym,50,1000,66.12321788401823,52.49466060239836,82.57887460499717,-1.2680150177876754,-12.615612908835836,8.873424103353559
extra_ap12_pace365_p60_month24_cap2,ap1_change_z_r25_exact_cap2,5,forward,50,1000,129.68950811311572,105.87184991568164,151.955035782065,9.833838592766057,-1.2822024155365304,21.74883829273327
extra_ap12_pace365_p60_month24_cap2,ap1_change_z_r25_exact_cap2,10,lift,50,1000,2.330309408056122,1.966135819221691,2.7424747613890497,0.03894113669575949,-0.1625659104411424,0.19873163789500856
extra_ap12_pace365_p60_month24_cap2,ap1_change_z_r25_exact_cap2,10,sym,50,1000,72.29764801103268,55.61362141655169,92.70964122258859,-0.23206596471746366,-15.933191082126486,13.218441812930717
extra_ap12_pace365_p60_month24_cap2,ap1_change_z_r25_exact_cap2,10,forward,50,1000,131.70597546178954,95.45020890701181,166.23222524809478,8.609614248807773,-7.3186207036129405,23.772985798717507
extra_ap12_pace365_p60_month24_cap2,ap1_change_z_r25_exact_cap2,20,lift,50,1000,2.3932840186933935,1.9889857014157561,2.894243167294527,0.06947086581541306,-0.23459501397392976,0.3084986476951
extra_ap12_pace365_p60_month24_cap2,ap1_change_z_r25_exact_cap2,20,sym,50,1000,81.25027306642664,53.52698133133077,112.82287152549897,-2.125251207735701,-18.52320586216605,14.90950732629379
extra_ap12_pace365_p60_month24_cap2,ap1_change_z_r25_exact_cap2,20,forward,50,1000,128.7187282166533,57.815584855646165,199.11068432189896,9.225898496116287,-13.96477923767773,32.82052439631361
extra_ap12_adaptive105_month24_cap2,extra_h5_r30_nogap_cap2,1,lift,20,1000,1.930773094500836,1.7699881558703998,2.108574513597996,0.0012115635741112296,-0.006131396477768558,0.009045182406061253
extra_ap12_adaptive105_month24_cap2,extra_h5_r30_nogap_cap2,1,sym,20,1000,29.481306155734757,23.76343148484017,36.88378818612565,0.12063763275245165,-0.7467904838761974,1.2150875867886466
extra_ap12_adaptive105_month24_cap2,extra_h5_r30_nogap_cap2,1,forward,20,1000,94.4011037274652,81.62214006858616,109.52115900473187,-1.966605595516242,-3.6431040734563194,-0.7390891151207128
extra_ap12_adaptive105_month24_cap2,extra_h5_r30_nogap_cap2,3,lift,20,1000,2.357823764583262,2.076534070649356,2.6672637137144695,-0.027805945462485937,-0.06877869403363969,0.0029465186427427435
extra_ap12_adaptive105_month24_cap2,extra_h5_r30_nogap_cap2,3,sym,20,1000,55.2012599967363,44.02695209417975,69.90280806980083,-0.13380495001965897,-1.9195600546528395,1.7949351269260239
extra_ap12_adaptive105_month24_cap2,extra_h5_r30_nogap_cap2,3,forward,20,1000,121.26474247501882,103.4700282243934,140.48186830529906,-2.986087516282012,-5.141013502807683,-1.0183381202344728
extra_ap12_adaptive105_month24_cap2,extra_h5_r30_nogap_cap2,5,lift,20,1000,2.4275385634034676,2.118755059614874,2.7535236321076866,-0.04768931500612439,-0.09818996762138206,-0.010073813376132165
extra_ap12_adaptive105_month24_cap2,extra_h5_r30_nogap_cap2,5,sym,20,1000,66.19885057918779,53.068018173844536,82.65850147313952,-0.3826470786364098,-2.5243508678748,1.9843740936954593
extra_ap12_adaptive105_month24_cap2,extra_h5_r30_nogap_cap2,5,forward,20,1000,131.181585769387,108.4174312880301,154.0623462239818,-3.4925565658095934,-6.102512933818527,-0.6302320268770341
extra_ap12_adaptive105_month24_cap2,extra_h5_r30_nogap_cap2,10,lift,20,1000,2.348893011550188,2.0337412464384244,2.7174472951377147,-0.0015957670330366547,-0.05444298060070638,0.05046855435732547
extra_ap12_adaptive105_month24_cap2,extra_h5_r30_nogap_cap2,10,sym,20,1000,72.49297551455105,53.946472360278726,92.95760125872357,-0.5922492955381387,-3.4259009397712323,2.0159901229286397
extra_ap12_adaptive105_month24_cap2,extra_h5_r30_nogap_cap2,10,forward,20,1000,134.11627552185547,101.96860523786181,165.06366144332722,-3.526385162491664,-7.598784876232765,0.17486302531064404
extra_ap12_adaptive105_month24_cap2,extra_h5_r30_nogap_cap2,20,lift,20,1000,2.4369263799679883,2.0285035523811357,2.8998599009187145,0.018112328220166507,-0.04925626023652141,0.08360770178509011
extra_ap12_adaptive105_month24_cap2,extra_h5_r30_nogap_cap2,20,sym,20,1000,81.46991709040171,47.555880388363285,114.43479418808423,-0.538478555704387,-4.212968294458544,2.9828598320858575
extra_ap12_adaptive105_month24_cap2,extra_h5_r30_nogap_cap2,20,forward,20,1000,129.9539159583491,66.54126422824912,184.26495928187657,-3.600717451950885,-9.132638703122371,1.5258707861191854
extra_ap12_adaptive105_month24_cap2,extra_h5_r30_nogap_cap2,1,lift,50,1000,1.930773094500836,1.732880918144432,2.132721450505037,0.0012115635741112296,-0.007025815636236759,0.009365722091461724
extra_ap12_adaptive105_month24_cap2,extra_h5_r30_nogap_cap2,1,sym,50,1000,29.481306155734757,23.48351728616704,36.76365327571109,0.12063763275245165,-0.634079716562162,1.0945159553840567
extra_ap12_adaptive105_month24_cap2,extra_h5_r30_nogap_cap2,1,forward,50,1000,94.4011037274652,80.22113675686212,111.06641176183933,-1.966605595516242,-4.021975200988163,-0.586214608672986
extra_ap12_adaptive105_month24_cap2,extra_h5_r30_nogap_cap2,3,lift,50,1000,2.357823764583262,2.0258833984797464,2.7425403971632396,-0.027805945462485937,-0.06577193051619899,0.0033917632558681183
extra_ap12_adaptive105_month24_cap2,extra_h5_r30_nogap_cap2,3,sym,50,1000,55.2012599967363,43.169724184794575,70.71422842774004,-0.13380495001965897,-1.832972600369636,1.9293418966475908
extra_ap12_adaptive105_month24_cap2,extra_h5_r30_nogap_cap2,3,forward,50,1000,121.26474247501882,102.24364201024919,139.37242655259107,-2.986087516282012,-5.237348964253168,-1.3778700225616451
extra_ap12_adaptive105_month24_cap2,extra_h5_r30_nogap_cap2,5,lift,50,1000,2.4275385634034676,2.0679331694539163,2.84366788102047,-0.04768931500612439,-0.09905577496779362,-0.009107393847833455
extra_ap12_adaptive105_month24_cap2,extra_h5_r30_nogap_cap2,5,sym,50,1000,66.19885057918779,52.17823064922379,83.78224923114037,-0.3826470786364098,-2.7521786359228018,2.140350695880355
extra_ap12_adaptive105_month24_cap2,extra_h5_r30_nogap_cap2,5,forward,50,1000,131.181585769387,107.21436055893084,153.62316598798535,-3.4925565658095934,-6.505464366834538,-0.9486366206265704
extra_ap12_adaptive105_month24_cap2,extra_h5_r30_nogap_cap2,10,lift,50,1000,2.348893011550188,1.9807479560494676,2.754531769125551,-0.0015957670330366547,-0.05570322037718356,0.05435624073516355
extra_ap12_adaptive105_month24_cap2,extra_h5_r30_nogap_cap2,10,sym,50,1000,72.49297551455105,54.54681891101024,93.82840072148913,-0.5922492955381387,-3.5079238983647816,1.9614845215579855
extra_ap12_adaptive105_month24_cap2,extra_h5_r30_nogap_cap2,10,forward,50,1000,134.11627552185547,97.93167768744193,169.99722999753246,-3.526385162491664,-7.370789925944401,0.24973184612293262
extra_ap12_adaptive105_month24_cap2,extra_h5_r30_nogap_cap2,20,lift,50,1000,2.4369263799679883,2.023115654776045,2.946977364172047,0.018112328220166507,-0.04947176938972642,0.09570322389173536
extra_ap12_adaptive105_month24_cap2,extra_h5_r30_nogap_cap2,20,sym,50,1000,81.46991709040171,52.30204937267135,115.1538830710298,-0.538478555704387,-3.9164506036748463,2.654956361211808
extra_ap12_adaptive105_month24_cap2,extra_h5_r30_nogap_cap2,20,forward,50,1000,129.9539159583491,56.60411721176111,201.67574513826625,-3.600717451950885,-9.219238326013166,2.429217333239475
extra_ap12_adaptive105_month24_cap2,extra_ap12_silence14_r80_cap2,1,lift,20,1000,1.930773094500836,1.7699881558703998,2.108574513597996,-0.00047756897190609493,-0.006887400207130595,0.006298168650922561
extra_ap12_adaptive105_month24_cap2,extra_ap12_silence14_r80_cap2,1,sym,20,1000,29.481306155734757,23.76343148484017,36.88378818612565,0.09370374304277362,-0.8369903724488795,1.2444946827228398
extra_ap12_adaptive105_month24_cap2,extra_ap12_silence14_r80_cap2,1,forward,20,1000,94.4011037274652,81.62214006858616,109.52115900473187,-1.209973899820909,-3.0518745842426815,0.4850852887809345
extra_ap12_adaptive105_month24_cap2,extra_ap12_silence14_r80_cap2,3,lift,20,1000,2.357823764583262,2.076534070649356,2.6672637137144695,-0.03755332135138856,-0.07287336432552144,-0.007559823619325384
extra_ap12_adaptive105_month24_cap2,extra_ap12_silence14_r80_cap2,3,sym,20,1000,55.2012599967363,44.02695209417975,69.90280806980083,-0.43701500642023206,-2.3522961123560524,1.7010392740497562
extra_ap12_adaptive105_month24_cap2,extra_ap12_silence14_r80_cap2,3,forward,20,1000,121.26474247501882,103.4700282243934,140.48186830529906,-1.4445801534632068,-3.6964216819051847,1.0342705693587526
extra_ap12_adaptive105_month24_cap2,extra_ap12_silence14_r80_cap2,5,lift,20,1000,2.4275385634034676,2.118755059614874,2.7535236321076866,-0.05291242518990957,-0.09438561624010167,-0.017034495607734276
extra_ap12_adaptive105_month24_cap2,extra_ap12_silence14_r80_cap2,5,sym,20,1000,66.19885057918779,53.068018173844536,82.65850147313952,-1.0561807464535349,-3.370330436608859,1.4904351604366286
extra_ap12_adaptive105_month24_cap2,extra_ap12_silence14_r80_cap2,5,forward,20,1000,131.181585769387,108.4174312880301,154.0623462239818,-1.9143545937715771,-5.029232819424786,1.5574636669637176
extra_ap12_adaptive105_month24_cap2,extra_ap12_silence14_r80_cap2,10,lift,20,1000,2.348893011550188,2.0337412464384244,2.7174472951377147,-0.011882261767089286,-0.07169340322416616,0.05104791451640841
extra_ap12_adaptive105_month24_cap2,extra_ap12_silence14_r80_cap2,10,sym,20,1000,72.49297551455105,53.946472360278726,92.95760125872357,-2.453994448847638,-5.724079071049686,0.5797787440736418
extra_ap12_adaptive105_month24_cap2,extra_ap12_silence14_r80_cap2,10,forward,20,1000,134.11627552185547,101.96860523786181,165.06366144332722,-2.8487333706190725,-7.97770531406879,2.0865308201510184
extra_ap12_adaptive105_month24_cap2,extra_ap12_silence14_r80_cap2,20,lift,20,1000,2.4369263799679883,2.0285035523811357,2.8998599009187145,0.01944625604088568,-0.06082188275139697,0.09814246297282801
extra_ap12_adaptive105_month24_cap2,extra_ap12_silence14_r80_cap2,20,sym,20,1000,81.46991709040171,47.555880388363285,114.43479418808423,-3.4144659455753157,-8.168116640955715,0.8183022954068174
extra_ap12_adaptive105_month24_cap2,extra_ap12_silence14_r80_cap2,20,forward,20,1000,129.9539159583491,66.54126422824912,184.26495928187657,-5.680881651650282,-12.420287939626734,0.3342206150543283
extra_ap12_adaptive105_month24_cap2,extra_ap12_silence14_r80_cap2,1,lift,50,1000,1.930773094500836,1.732880918144432,2.132721450505037,-0.00047756897190609493,-0.006163425391393734,0.005554412579547289
extra_ap12_adaptive105_month24_cap2,extra_ap12_silence14_r80_cap2,1,sym,50,1000,29.481306155734757,23.48351728616704,36.76365327571109,0.09370374304277362,-0.6666117616638184,1.080796859472155
extra_ap12_adaptive105_month24_cap2,extra_ap12_silence14_r80_cap2,1,forward,50,1000,94.4011037274652,80.22113675686212,111.06641176183933,-1.209973899820909,-3.187124578409112,0.51294601639967
extra_ap12_adaptive105_month24_cap2,extra_ap12_silence14_r80_cap2,3,lift,50,1000,2.357823764583262,2.0258833984797464,2.7425403971632396,-0.03755332135138856,-0.07427151685838221,-0.004875857077826863
extra_ap12_adaptive105_month24_cap2,extra_ap12_silence14_r80_cap2,3,sym,50,1000,55.2012599967363,43.169724184794575,70.71422842774004,-0.43701500642023206,-2.2925008906183537,1.664081697777795
extra_ap12_adaptive105_month24_cap2,extra_ap12_silence14_r80_cap2,3,forward,50,1000,121.26474247501882,102.24364201024919,139.37242655259107,-1.4445801534632068,-4.156854905613737,0.724168343258686
extra_ap12_adaptive105_month24_cap2,extra_ap12_silence14_r80_cap2,5,lift,50,1000,2.4275385634034676,2.0679331694539163,2.84366788102047,-0.05291242518990957,-0.09607291700445962,-0.01633845653285575
extra_ap12_adaptive105_month24_cap2,extra_ap12_silence14_r80_cap2,5,sym,50,1000,66.19885057918779,52.17823064922379,83.78224923114037,-1.0561807464535349,-3.5142848943829295,1.408692421065227
extra_ap12_adaptive105_month24_cap2,extra_ap12_silence14_r80_cap2,5,forward,50,1000,131.181585769387,107.21436055893084,153.62316598798535,-1.9143545937715771,-5.599725416821813,1.319203265030536
extra_ap12_adaptive105_month24_cap2,extra_ap12_silence14_r80_cap2,10,lift,50,1000,2.348893011550188,1.9807479560494676,2.754531769125551,-0.011882261767089286,-0.08700046390458174,0.07494829730146421
extra_ap12_adaptive105_month24_cap2,extra_ap12_silence14_r80_cap2,10,sym,50,1000,72.49297551455105,54.54681891101024,93.82840072148913,-2.453994448847638,-5.660111151378507,0.21538955733255802
extra_ap12_adaptive105_month24_cap2,extra_ap12_silence14_r80_cap2,10,forward,50,1000,134.11627552185547,97.93167768744193,169.99722999753246,-2.8487333706190725,-8.199273303876723,2.1118098850606404
extra_ap12_adaptive105_month24_cap2,extra_ap12_silence14_r80_cap2,20,lift,50,1000,2.4369263799679883,2.023115654776045,2.946977364172047,0.01944625604088568,-0.06199622824554849,0.116240358484361
extra_ap12_adaptive105_month24_cap2,extra_ap12_silence14_r80_cap2,20,sym,50,1000,81.46991709040171,52.30204937267135,115.1538830710298,-3.4144659455753157,-6.640326566399974,-0.7084399004468463
extra_ap12_adaptive105_month24_cap2,extra_ap12_silence14_r80_cap2,20,forward,50,1000,129.9539159583491,56.60411721176111,201.67574513826625,-5.680881651650282,-11.323440006171387,-0.18916268567119177
extra_ap12_adaptive105_month24_cap2,extra_ap12_adaptive105_cap2,1,lift,20,1000,1.930773094500836,1.7699881558703998,2.108574513597996,-9.371535782887186e-05,-0.0011771186812171597,0.0017698555580180678
extra_ap12_adaptive105_month24_cap2,extra_ap12_adaptive105_cap2,1,sym,20,1000,29.481306155734757,23.76343148484017,36.88378818612565,-0.012773469531818904,-0.12235748450386837,0.05815558810260394
extra_ap12_adaptive105_month24_cap2,extra_ap12_adaptive105_cap2,1,forward,20,1000,94.4011037274652,81.62214006858616,109.52115900473187,-0.08922551620065633,-0.36318800367574156,0.053703541774220626
extra_ap12_adaptive105_month24_cap2,extra_ap12_adaptive105_cap2,3,lift,20,1000,2.357823764583262,2.076534070649356,2.6672637137144695,-0.006388390880285755,-0.02427671982764127,0.004622951820646077
extra_ap12_adaptive105_month24_cap2,extra_ap12_adaptive105_cap2,3,sym,20,1000,55.2012599967363,44.02695209417975,69.90280806980083,-0.0675024671344957,-0.2923482274568716,0.03885705368985768
extra_ap12_adaptive105_month24_cap2,extra_ap12_adaptive105_cap2,3,forward,20,1000,121.26474247501882,103.4700282243934,140.48186830529906,-0.35178490697255427,-1.174626558220678,0.002829871179301679
extra_ap12_adaptive105_month24_cap2,extra_ap12_adaptive105_cap2,5,lift,20,1000,2.4275385634034676,2.118755059614874,2.7535236321076866,-0.005825550720234496,-0.02413194913952609,0.0076525622673886615
extra_ap12_adaptive105_month24_cap2,extra_ap12_adaptive105_cap2,5,sym,20,1000,66.19885057918779,53.068018173844536,82.65850147313952,0.034369868182466234,-0.07624778621951264,0.17267297820322808
extra_ap12_adaptive105_month24_cap2,extra_ap12_adaptive105_cap2,5,forward,20,1000,131.181585769387,108.4174312880301,154.0623462239818,-0.3905585614302254,-1.3134959533912487,0.04062674780475958
extra_ap12_adaptive105_month24_cap2,extra_ap12_adaptive105_cap2,10,lift,20,1000,2.348893011550188,2.0337412464384244,2.7174472951377147,-0.004433066459361701,-0.025179030979213157,0.013887345119683243
extra_ap12_adaptive105_month24_cap2,extra_ap12_adaptive105_cap2,10,sym,20,1000,72.49297551455105,53.946472360278726,92.95760125872357,0.2846106927659804,0.0,0.7890290960202011
extra_ap12_adaptive105_month24_cap2,extra_ap12_adaptive105_cap2,10,forward,20,1000,134.11627552185547,101.96860523786181,165.06366144332722,-0.3868549988096106,-1.1137868996684723,1.4210854715202004e-14
extra_ap12_adaptive105_month24_cap2,extra_ap12_adaptive105_cap2,20,lift,20,1000,2.4369263799679883,2.0285035523811357,2.8998599009187145,-0.012171570433229917,-0.03539901260559434,0.0
extra_ap12_adaptive105_month24_cap2,extra_ap12_adaptive105_cap2,20,sym,20,1000,81.46991709040171,47.555880388363285,114.43479418808423,0.30531483427955664,-0.03687622600432476,1.051189435068769
extra_ap12_adaptive105_month24_cap2,extra_ap12_adaptive105_cap2,20,forward,20,1000,129.9539159583491,66.54126422824912,184.26495928187657,-0.7026456130208487,-1.6206606645737618,0.0
extra_ap12_adaptive105_month24_cap2,extra_ap12_adaptive105_cap2,1,lift,50,1000,1.930773094500836,1.732880918144432,2.132721450505037,-9.371535782887186e-05,-0.000961346707412286,0.0015085917632332187
extra_ap12_adaptive105_month24_cap2,extra_ap12_adaptive105_cap2,1,sym,50,1000,29.481306155734757,23.48351728616704,36.76365327571109,-0.012773469531818904,-0.11347982138361114,0.06218293546426085
extra_ap12_adaptive105_month24_cap2,extra_ap12_adaptive105_cap2,1,forward,50,1000,94.4011037274652,80.22113675686212,111.06641176183933,-0.08922551620065633,-0.3469209158532429,0.04170246074477393
extra_ap12_adaptive105_month24_cap2,extra_ap12_adaptive105_cap2,3,lift,50,1000,2.357823764583262,2.0258833984797464,2.7425403971632396,-0.006388390880285755,-0.02182683322228186,0.0041850312266939905
extra_ap12_adaptive105_month24_cap2,extra_ap12_adaptive105_cap2,3,sym,50,1000,55.2012599967363,43.169724184794575,70.71422842774004,-0.0675024671344957,-0.26600473297395266,0.03276137456199934
extra_ap12_adaptive105_month24_cap2,extra_ap12_adaptive105_cap2,3,forward,50,1000,121.26474247501882,102.24364201024919,139.37242655259107,-0.35178490697255427,-1.0837629912653448,0.0009887257802279887
extra_ap12_adaptive105_month24_cap2,extra_ap12_adaptive105_cap2,5,lift,50,1000,2.4275385634034676,2.0679331694539163,2.84366788102047,-0.005825550720234496,-0.02147015827152642,0.007051812666594623
extra_ap12_adaptive105_month24_cap2,extra_ap12_adaptive105_cap2,5,sym,50,1000,66.19885057918779,52.17823064922379,83.78224923114037,0.034369868182466234,-0.06104853133084944,0.14378666486545605
extra_ap12_adaptive105_month24_cap2,extra_ap12_adaptive105_cap2,5,forward,50,1000,131.181585769387,107.21436055893084,153.62316598798535,-0.3905585614302254,-1.1978034243497504,0.02458275572289707
extra_ap12_adaptive105_month24_cap2,extra_ap12_adaptive105_cap2,10,lift,50,1000,2.348893011550188,1.9807479560494676,2.754531769125551,-0.004433066459361701,-0.02234410966192325,0.013179267213751364
extra_ap12_adaptive105_month24_cap2,extra_ap12_adaptive105_cap2,10,sym,50,1000,72.49297551455105,54.54681891101024,93.82840072148913,0.2846106927659804,-1.4210854715202004e-14,0.712422871889378
extra_ap12_adaptive105_month24_cap2,extra_ap12_adaptive105_cap2,10,forward,50,1000,134.11627552185547,97.93167768744193,169.99722999753246,-0.3868549988096106,-1.0811177126948404,1.4210854715202004e-14
extra_ap12_adaptive105_month24_cap2,extra_ap12_adaptive105_cap2,20,lift,50,1000,2.4369263799679883,2.023115654776045,2.946977364172047,-0.012171570433229917,-0.034856483385672356,0.0
extra_ap12_adaptive105_month24_cap2,extra_ap12_adaptive105_cap2,20,sym,50,1000,81.46991709040171,52.30204937267135,115.1538830710298,0.30531483427955664,-0.04606668311173862,0.9780514717751932
extra_ap12_adaptive105_month24_cap2,extra_ap12_adaptive105_cap2,20,forward,50,1000,129.9539159583491,56.60411721176111,201.67574513826625,-0.7026456130208487,-1.4893604108859488,2.842170943040401e-14
extra_ap12_adaptive105_month24_cap2,extra_ap12_top35_cap2,1,lift,20,1000,1.930773094500836,1.7699881558703998,2.108574513597996,0.002943558995756268,-0.002075801881006367,0.008447200918777575
extra_ap12_adaptive105_month24_cap2,extra_ap12_top35_cap2,1,sym,20,1000,29.481306155734757,23.76343148484017,36.88378818612565,0.2122102435856874,-0.37440406302452667,0.8991892516748724
extra_ap12_adaptive105_month24_cap2,extra_ap12_top35_cap2,1,forward,20,1000,94.4011037274652,81.62214006858616,109.52115900473187,1.5928964929361484,0.6205533773925236,2.763382268332182
extra_ap12_adaptive105_month24_cap2,extra_ap12_top35_cap2,3,lift,20,1000,2.357823764583262,2.076534070649356,2.6672637137144695,0.03156746107725894,0.0019707875885965455,0.06631545339883482
extra_ap12_adaptive105_month24_cap2,extra_ap12_top35_cap2,3,sym,20,1000,55.2012599967363,44.02695209417975,69.90280806980083,1.0516108712074157,-0.2277560845300945,2.540312022612553
extra_ap12_adaptive105_month24_cap2,extra_ap12_top35_cap2,3,forward,20,1000,121.26474247501882,103.4700282243934,140.48186830529906,2.998606763299506,1.1683779575816746,5.250016949836687
extra_ap12_adaptive105_month24_cap2,extra_ap12_top35_cap2,5,lift,20,1000,2.4275385634034676,2.118755059614874,2.7535236321076866,0.05270959475263792,0.018920924146445382,0.09372240531020061
extra_ap12_adaptive105_month24_cap2,extra_ap12_top35_cap2,5,sym,20,1000,66.19885057918779,53.068018173844536,82.65850147313952,1.6262315858355407,-0.03227668333440689,3.5551182241821313
extra_ap12_adaptive105_month24_cap2,extra_ap12_top35_cap2,5,forward,20,1000,131.181585769387,108.4174312880301,154.0623462239818,3.6649756601550365,1.5327296424887902,6.3869578247999454
extra_ap12_adaptive105_month24_cap2,extra_ap12_top35_cap2,10,lift,20,1000,2.348893011550188,2.0337412464384244,2.7174472951377147,0.04302086081962564,0.004012605458268071,0.09091266764705976
extra_ap12_adaptive105_month24_cap2,extra_ap12_top35_cap2,10,sym,20,1000,72.49297551455105,53.946472360278726,92.95760125872357,2.164731821491486,0.05510338070291874,4.618448338609871
extra_ap12_adaptive105_month24_cap2,extra_ap12_top35_cap2,10,forward,20,1000,134.11627552185547,101.96860523786181,165.06366144332722,3.8274105625496873,0.6203987914032997,7.790760236908818
extra_ap12_adaptive105_month24_cap2,extra_ap12_top35_cap2,20,lift,20,1000,2.4369263799679883,2.0285035523811357,2.8998599009187145,0.06754252737924427,0.0183880347346764,0.11762341538670892
extra_ap12_adaptive105_month24_cap2,extra_ap12_top35_cap2,20,sym,20,1000,81.46991709040171,47.555880388363285,114.43479418808423,3.278937652460982,0.6365284811522642,6.577286222829857
extra_ap12_adaptive105_month24_cap2,extra_ap12_top35_cap2,20,forward,20,1000,129.9539159583491,66.54126422824912,184.26495928187657,4.244694364669755,-0.17464349237030063,9.35794179829818
extra_ap12_adaptive105_month24_cap2,extra_ap12_top35_cap2,1,lift,50,1000,1.930773094500836,1.732880918144432,2.132721450505037,0.002943558995756268,-0.0015663154646976818,0.007149583848079555
extra_ap12_adaptive105_month24_cap2,extra_ap12_top35_cap2,1,sym,50,1000,29.481306155734757,23.48351728616704,36.76365327571109,0.2122102435856874,-0.32789098140990897,0.8831512874132634
extra_ap12_adaptive105_month24_cap2,extra_ap12_top35_cap2,1,forward,50,1000,94.4011037274652,80.22113675686212,111.06641176183933,1.5928964929361484,0.6608104850047404,2.7890099059567017
extra_ap12_adaptive105_month24_cap2,extra_ap12_top35_cap2,3,lift,50,1000,2.357823764583262,2.0258833984797464,2.7425403971632396,0.03156746107725894,0.005714970388411744,0.06544917163484573
extra_ap12_adaptive105_month24_cap2,extra_ap12_top35_cap2,3,sym,50,1000,55.2012599967363,43.169724184794575,70.71422842774004,1.0516108712074157,-0.05826405725132096,2.4573499527541736
extra_ap12_adaptive105_month24_cap2,extra_ap12_top35_cap2,3,forward,50,1000,121.26474247501882,102.24364201024919,139.37242655259107,2.998606763299506,1.3453771906468366,5.101272382475085
extra_ap12_adaptive105_month24_cap2,extra_ap12_top35_cap2,5,lift,50,1000,2.4275385634034676,2.0679331694539163,2.84366788102047,0.05270959475263792,0.018918005253476967,0.09442631183397594
extra_ap12_adaptive105_month24_cap2,extra_ap12_top35_cap2,5,sym,50,1000,66.19885057918779,52.17823064922379,83.78224923114037,1.6262315858355407,0.1564219739615661,3.514567669390167
extra_ap12_adaptive105_month24_cap2,extra_ap12_top35_cap2,5,forward,50,1000,131.181585769387,107.21436055893084,153.62316598798535,3.6649756601550365,1.6544494970731536,6.303694900827267
extra_ap12_adaptive105_month24_cap2,extra_ap12_top35_cap2,10,lift,50,1000,2.348893011550188,1.9807479560494676,2.754531769125551,0.04302086081962564,0.005573382939074878,0.08569099496723588
extra_ap12_adaptive105_month24_cap2,extra_ap12_top35_cap2,10,sym,50,1000,72.49297551455105,54.54681891101024,93.82840072148913,2.164731821491486,0.358779437562137,4.4534915171757286
extra_ap12_adaptive105_month24_cap2,extra_ap12_top35_cap2,10,forward,50,1000,134.11627552185547,97.93167768744193,169.99722999753246,3.8274105625496873,0.5271159706025046,7.7750379695057275
extra_ap12_adaptive105_month24_cap2,extra_ap12_top35_cap2,20,lift,50,1000,2.4369263799679883,2.023115654776045,2.946977364172047,0.06754252737924427,0.02414558757104133,0.11805137377876747
extra_ap12_adaptive105_month24_cap2,extra_ap12_top35_cap2,20,sym,50,1000,81.46991709040171,52.30204937267135,115.1538830710298,3.278937652460982,0.8206812607686327,6.236000022897959
extra_ap12_adaptive105_month24_cap2,extra_ap12_top35_cap2,20,forward,50,1000,129.9539159583491,56.60411721176111,201.67574513826625,4.244694364669755,-0.7217877116982983,9.465826971846381
extra_ap12_adaptive105_month24_cap2,extra_roll2_silence21_r70_cap2,1,lift,20,1000,1.930773094500836,1.7699881558703998,2.108574513597996,-0.008181243796546278,-0.02390716954858695,0.006304144248755116
extra_ap12_adaptive105_month24_cap2,extra_roll2_silence21_r70_cap2,1,sym,20,1000,29.481306155734757,23.76343148484017,36.88378818612565,-2.141802099147956,-3.9775325431920465,-0.3315175656643934
extra_ap12_adaptive105_month24_cap2,extra_roll2_silence21_r70_cap2,1,forward,20,1000,94.4011037274652,81.62214006858616,109.52115900473187,-1.7244526104429099,-5.702474060697072,1.8088052930708802
extra_ap12_adaptive105_month24_cap2,extra_roll2_silence21_r70_cap2,3,lift,20,1000,2.357823764583262,2.076534070649356,2.6672637137144695,-0.06755516855621524,-0.14019696677151824,-0.010913326440094847
extra_ap12_adaptive105_month24_cap2,extra_roll2_silence21_r70_cap2,3,sym,20,1000,55.2012599967363,44.02695209417975,69.90280806980083,-8.158553046183158,-13.670058900454949,-3.78028343262461
extra_ap12_adaptive105_month24_cap2,extra_roll2_silence21_r70_cap2,3,forward,20,1000,121.26474247501882,103.4700282243934,140.48186830529906,-6.368126235842709,-11.874513889440298,-1.5175080569677517
extra_ap12_adaptive105_month24_cap2,extra_roll2_silence21_r70_cap2,5,lift,20,1000,2.4275385634034676,2.118755059614874,2.7535236321076866,-0.057576236799649294,-0.14716991959329254,0.018751553400865057
extra_ap12_adaptive105_month24_cap2,extra_roll2_silence21_r70_cap2,5,sym,20,1000,66.19885057918779,53.068018173844536,82.65850147313952,-9.769407088843025,-17.079917345322794,-4.287471734705546
extra_ap12_adaptive105_month24_cap2,extra_roll2_silence21_r70_cap2,5,forward,20,1000,131.181585769387,108.4174312880301,154.0623462239818,-5.823688035634461,-12.387586133239727,0.14848776263021465
extra_ap12_adaptive105_month24_cap2,extra_roll2_silence21_r70_cap2,10,lift,20,1000,2.348893011550188,2.0337412464384244,2.7174472951377147,-0.07436146095142071,-0.2122366167154811,0.035881283970359897
extra_ap12_adaptive105_month24_cap2,extra_roll2_silence21_r70_cap2,10,sym,20,1000,72.49297551455105,53.946472360278726,92.95760125872357,-7.259559356130339,-16.969943591645322,-0.06012643087466528
extra_ap12_adaptive105_month24_cap2,extra_roll2_silence21_r70_cap2,10,forward,20,1000,134.11627552185547,101.96860523786181,165.06366144332722,-0.18582586287757863,-9.873978524629957,9.368475042602098
extra_ap12_adaptive105_month24_cap2,extra_roll2_silence21_r70_cap2,20,lift,20,1000,2.4369263799679883,2.0285035523811357,2.8998599009187145,0.005506731563255318,-0.15811722997581268,0.14642521293238472
extra_ap12_adaptive105_month24_cap2,extra_roll2_silence21_r70_cap2,20,sym,20,1000,81.46991709040171,47.555880388363285,114.43479418808423,-7.451939246807839,-16.56171656859453,0.4386653212275923
extra_ap12_adaptive105_month24_cap2,extra_roll2_silence21_r70_cap2,20,forward,20,1000,129.9539159583491,66.54126422824912,184.26495928187657,-0.23419190766904308,-13.23044803583687,12.17483881660037
extra_ap12_adaptive105_month24_cap2,extra_roll2_silence21_r70_cap2,1,lift,50,1000,1.930773094500836,1.732880918144432,2.132721450505037,-0.008181243796546278,-0.025139919612080446,0.008006050050733484
extra_ap12_adaptive105_month24_cap2,extra_roll2_silence21_r70_cap2,1,sym,50,1000,29.481306155734757,23.48351728616704,36.76365327571109,-2.141802099147956,-4.077478323957389,-0.12487053523196734
extra_ap12_adaptive105_month24_cap2,extra_roll2_silence21_r70_cap2,1,forward,50,1000,94.4011037274652,80.22113675686212,111.06641176183933,-1.7244526104429099,-6.312640510691381,2.561801463216713
extra_ap12_adaptive105_month24_cap2,extra_roll2_silence21_r70_cap2,3,lift,50,1000,2.357823764583262,2.0258833984797464,2.7425403971632396,-0.06755516855621524,-0.13952938350142896,-0.00830684661808236
extra_ap12_adaptive105_month24_cap2,extra_roll2_silence21_r70_cap2,3,sym,50,1000,55.2012599967363,43.169724184794575,70.71422842774004,-8.158553046183158,-14.18992038353626,-3.2911815862709504
extra_ap12_adaptive105_month24_cap2,extra_roll2_silence21_r70_cap2,3,forward,50,1000,121.26474247501882,102.24364201024919,139.37242655259107,-6.368126235842709,-12.865660099937543,-0.7801782180665752
extra_ap12_adaptive105_month24_cap2,extra_roll2_silence21_r70_cap2,5,lift,50,1000,2.4275385634034676,2.0679331694539163,2.84366788102047,-0.057576236799649294,-0.1428242443733884,0.012436595941698486
extra_ap12_adaptive105_month24_cap2,extra_roll2_silence21_r70_cap2,5,sym,50,1000,66.19885057918779,52.17823064922379,83.78224923114037,-9.769407088843025,-17.23651085078633,-3.9245822792570126
extra_ap12_adaptive105_month24_cap2,extra_roll2_silence21_r70_cap2,5,forward,50,1000,131.181585769387,107.21436055893084,153.62316598798535,-5.823688035634461,-12.769296931183126,0.4127729931867704
extra_ap12_adaptive105_month24_cap2,extra_roll2_silence21_r70_cap2,10,lift,50,1000,2.348893011550188,1.9807479560494676,2.754531769125551,-0.07436146095142071,-0.2040747744217645,0.028206410112593984
extra_ap12_adaptive105_month24_cap2,extra_roll2_silence21_r70_cap2,10,sym,50,1000,72.49297551455105,54.54681891101024,93.82840072148913,-7.259559356130339,-16.831472197717623,-0.5593283405794937
extra_ap12_adaptive105_month24_cap2,extra_roll2_silence21_r70_cap2,10,forward,50,1000,134.11627552185547,97.93167768744193,169.99722999753246,-0.18582586287757863,-8.018758407684118,6.886206597571875
extra_ap12_adaptive105_month24_cap2,extra_roll2_silence21_r70_cap2,20,lift,50,1000,2.4369263799679883,2.023115654776045,2.946977364172047,0.005506731563255318,-0.1681048549917481,0.14552532760641446
extra_ap12_adaptive105_month24_cap2,extra_roll2_silence21_r70_cap2,20,sym,50,1000,81.46991709040171,52.30204937267135,115.1538830710298,-7.451939246807839,-16.498123704849235,0.357969060140707
extra_ap12_adaptive105_month24_cap2,extra_roll2_silence21_r70_cap2,20,forward,50,1000,129.9539159583491,56.60411721176111,201.67574513826625,-0.23419190766904308,-13.803014611901448,10.284942350083098
extra_ap12_adaptive105_month24_cap2,extra_ap12_silence14_month24_cap2,1,lift,20,1000,1.930773094500836,1.7699881558703998,2.108574513597996,-0.00011266732243808697,-0.006599687951915845,0.0065631843448538275
extra_ap12_adaptive105_month24_cap2,extra_ap12_silence14_month24_cap2,1,sym,20,1000,29.481306155734757,23.76343148484017,36.88378818612565,0.11451333445623746,-0.8186691024661489,1.2665701690153275
extra_ap12_adaptive105_month24_cap2,extra_ap12_silence14_month24_cap2,1,forward,20,1000,94.4011037274652,81.62214006858616,109.52115900473187,-1.136839444690139,-2.956866347493682,0.5522884760376782
extra_ap12_adaptive105_month24_cap2,extra_ap12_silence14_month24_cap2,3,lift,20,1000,2.357823764583262,2.076534070649356,2.6672637137144695,-0.03328582392581314,-0.06670508277961326,-0.005197938743099798
extra_ap12_adaptive105_month24_cap2,extra_ap12_silence14_month24_cap2,3,sym,20,1000,55.2012599967363,44.02695209417975,69.90280806980083,-0.3734714673657251,-2.296474630459813,1.854818604067406
extra_ap12_adaptive105_month24_cap2,extra_ap12_silence14_month24_cap2,3,forward,20,1000,121.26474247501882,103.4700282243934,140.48186830529906,-1.2329276069923765,-3.5134856561043035,1.2266525979180223
extra_ap12_adaptive105_month24_cap2,extra_ap12_silence14_month24_cap2,5,lift,20,1000,2.4275385634034676,2.118755059614874,2.7535236321076866,-0.04816177147801559,-0.09014203655083719,-0.014347187858932622
extra_ap12_adaptive105_month24_cap2,extra_ap12_silence14_month24_cap2,5,sym,20,1000,66.19885057918779,53.068018173844536,82.65850147313952,-1.0225936301127803,-3.3404044112514844,1.490435160436615
extra_ap12_adaptive105_month24_cap2,extra_ap12_silence14_month24_cap2,5,forward,20,1000,131.181585769387,108.4174312880301,154.0623462239818,-1.6613560076828833,-4.938165253733476,1.7394184769233754
extra_ap12_adaptive105_month24_cap2,extra_ap12_silence14_month24_cap2,10,lift,20,1000,2.348893011550188,2.0337412464384244,2.7174472951377147,-0.006902114813822635,-0.06680070214920543,0.053071733627810265
extra_ap12_adaptive105_month24_cap2,extra_ap12_silence14_month24_cap2,10,sym,20,1000,72.49297551455105,53.946472360278726,92.95760125872357,-2.51077074833519,-5.7288403614843135,0.5313746357914504
extra_ap12_adaptive105_month24_cap2,extra_ap12_silence14_month24_cap2,10,forward,20,1000,134.11627552185547,101.96860523786181,165.06366144332722,-2.5987143584065677,-7.812501685778301,2.342379552486801
extra_ap12_adaptive105_month24_cap2,extra_ap12_silence14_month24_cap2,20,lift,20,1000,2.4369263799679883,2.0285035523811357,2.8998599009187145,0.025378217977404027,-0.05109872996276969,0.10314223768208239
extra_ap12_adaptive105_month24_cap2,extra_ap12_silence14_month24_cap2,20,sym,20,1000,81.46991709040171,47.555880388363285,114.43479418808423,-3.537422259911466,-8.23093237693917,0.6417738589786348
extra_ap12_adaptive105_month24_cap2,extra_ap12_silence14_month24_cap2,20,forward,20,1000,129.9539159583491,66.54126422824912,184.26495928187657,-5.462889099883256,-12.217848204231425,0.5114778354346393
extra_ap12_adaptive105_month24_cap2,extra_ap12_silence14_month24_cap2,1,lift,50,1000,1.930773094500836,1.732880918144432,2.132721450505037,-0.00011266732243808697,-0.0061373089177820805,0.005706021270523076
extra_ap12_adaptive105_month24_cap2,extra_ap12_silence14_month24_cap2,1,sym,50,1000,29.481306155734757,23.48351728616704,36.76365327571109,0.11451333445623746,-0.6552674883761639,1.09161128088939
extra_ap12_adaptive105_month24_cap2,extra_ap12_silence14_month24_cap2,1,forward,50,1000,94.4011037274652,80.22113675686212,111.06641176183933,-1.136839444690139,-3.1749181962918707,0.608974864179596
extra_ap12_adaptive105_month24_cap2,extra_ap12_silence14_month24_cap2,3,lift,50,1000,2.357823764583262,2.0258833984797464,2.7425403971632396,-0.03328582392581314,-0.07158989187807152,-0.002483123548593127
extra_ap12_adaptive105_month24_cap2,extra_ap12_silence14_month24_cap2,3,sym,50,1000,55.2012599967363,43.169724184794575,70.71422842774004,-0.3734714673657251,-2.2501727405699903,1.716188816709991
extra_ap12_adaptive105_month24_cap2,extra_ap12_silence14_month24_cap2,3,forward,50,1000,121.26474247501882,102.24364201024919,139.37242655259107,-1.2329276069923765,-3.9058142122775945,0.9755038315059894
extra_ap12_adaptive105_month24_cap2,extra_ap12_silence14_month24_cap2,5,lift,50,1000,2.4275385634034676,2.0679331694539163,2.84366788102047,-0.04816177147801559,-0.09244268025061968,-0.01212507117920908
extra_ap12_adaptive105_month24_cap2,extra_ap12_silence14_month24_cap2,5,sym,50,1000,66.19885057918779,52.17823064922379,83.78224923114037,-1.0225936301127803,-3.457149299148909,1.4372681430413379
extra_ap12_adaptive105_month24_cap2,extra_ap12_silence14_month24_cap2,5,forward,50,1000,131.181585769387,107.21436055893084,153.62316598798535,-1.6613560076828833,-5.449491131617904,1.5544570353624934
extra_ap12_adaptive105_month24_cap2,extra_ap12_silence14_month24_cap2,10,lift,50,1000,2.348893011550188,1.9807479560494676,2.754531769125551,-0.006902114813822635,-0.08094081928054672,0.07989103369411035
extra_ap12_adaptive105_month24_cap2,extra_ap12_silence14_month24_cap2,10,sym,50,1000,72.49297551455105,54.54681891101024,93.82840072148913,-2.51077074833519,-5.692861806376648,0.18600622917016368
extra_ap12_adaptive105_month24_cap2,extra_ap12_silence14_month24_cap2,10,forward,50,1000,134.11627552185547,97.93167768744193,169.99722999753246,-2.5987143584065677,-7.932156252001592,2.404614376751172
extra_ap12_adaptive105_month24_cap2,extra_ap12_silence14_month24_cap2,20,lift,50,1000,2.4369263799679883,2.023115654776045,2.946977364172047,0.025378217977404027,-0.0554197610374467,0.12343631652582467
extra_ap12_adaptive105_month24_cap2,extra_ap12_silence14_month24_cap2,20,sym,50,1000,81.46991709040171,52.30204937267135,115.1538830710298,-3.537422259911466,-6.786073006198822,-0.8301874374912598
extra_ap12_adaptive105_month24_cap2,extra_ap12_silence14_month24_cap2,20,forward,50,1000,129.9539159583491,56.60411721176111,201.67574513826625,-5.462889099883256,-11.21638451759887,0.11920963283851115
extra_ap12_adaptive105_month24_cap2,extra_roll2_primary_cap2,1,lift,20,1000,1.930773094500836,1.7699881558703998,2.108574513597996,-0.009688990485456683,-0.025698410419629558,0.008941621676762301
extra_ap12_adaptive105_month24_cap2,extra_roll2_primary_cap2,1,sym,20,1000,29.481306155734757,23.76343148484017,36.88378818612565,-2.4139280125466733,-4.388043342584504,-0.5124358591951536
extra_ap12_adaptive105_month24_cap2,extra_roll2_primary_cap2,1,forward,20,1000,94.4011037274652,81.62214006858616,109.52115900473187,-3.426511553807302,-7.722321905004422,0.17198756100130247
extra_ap12_adaptive105_month24_cap2,extra_roll2_primary_cap2,3,lift,20,1000,2.357823764583262,2.076534070649356,2.6672637137144695,-0.07789755761418693,-0.1555055421573472,-0.01959346247715379
extra_ap12_adaptive105_month24_cap2,extra_roll2_primary_cap2,3,sym,20,1000,55.2012599967363,44.02695209417975,69.90280806980083,-8.450845059378551,-14.13683346957918,-3.8391184927144018
extra_ap12_adaptive105_month24_cap2,extra_roll2_primary_cap2,3,forward,20,1000,121.26474247501882,103.4700282243934,140.48186830529906,-8.81651987724014,-14.863856192619451,-3.466778819581779
extra_ap12_adaptive105_month24_cap2,extra_roll2_primary_cap2,5,lift,20,1000,2.4275385634034676,2.118755059614874,2.7535236321076866,-0.0900474576172754,-0.17935339573525552,-0.012468384270252616
extra_ap12_adaptive105_month24_cap2,extra_roll2_primary_cap2,5,sym,20,1000,66.19885057918779,53.068018173844536,82.65850147313952,-10.121197899536995,-18.093509411635296,-4.288784379557602
extra_ap12_adaptive105_month24_cap2,extra_roll2_primary_cap2,5,forward,20,1000,131.181585769387,108.4174312880301,154.0623462239818,-9.309437254877224,-16.387545771136473,-2.5062978406229965
extra_ap12_adaptive105_month24_cap2,extra_roll2_primary_cap2,10,lift,20,1000,2.348893011550188,2.0337412464384244,2.7174472951377147,-0.12151650974142392,-0.2517389684682378,-0.01714297556084901
extra_ap12_adaptive105_month24_cap2,extra_roll2_primary_cap2,10,sym,20,1000,72.49297551455105,53.946472360278726,92.95760125872357,-6.619625508805541,-17.15559352795147,1.428013712769359
extra_ap12_adaptive105_month24_cap2,extra_roll2_primary_cap2,10,forward,20,1000,134.11627552185547,101.96860523786181,165.06366144332722,-3.3566082210431603,-13.317992848265986,6.324209615414199
extra_ap12_adaptive105_month24_cap2,extra_roll2_primary_cap2,20,lift,20,1000,2.4369263799679883,2.0285035523811357,2.8998599009187145,-0.0317475782525376,-0.1946423209572588,0.10781576660253257
extra_ap12_adaptive105_month24_cap2,extra_roll2_primary_cap2,20,sym,20,1000,81.46991709040171,47.555880388363285,114.43479418808423,-4.785552401193939,-14.577245331335183,4.205472271711797
extra_ap12_adaptive105_month24_cap2,extra_roll2_primary_cap2,20,forward,20,1000,129.9539159583491,66.54126422824912,184.26495928187657,-0.06389110591001668,-14.321256669951154,13.320013206388678
extra_ap12_adaptive105_month24_cap2,extra_roll2_primary_cap2,1,lift,50,1000,1.930773094500836,1.732880918144432,2.132721450505037,-0.009688990485456683,-0.027610188353746686,0.009889616523954037
extra_ap12_adaptive105_month24_cap2,extra_roll2_primary_cap2,1,sym,50,1000,29.481306155734757,23.48351728616704,36.76365327571109,-2.4139280125466733,-4.46279368428997,-0.28105645012880265
extra_ap12_adaptive105_month24_cap2,extra_roll2_primary_cap2,1,forward,50,1000,94.4011037274652,80.22113675686212,111.06641176183933,-3.426511553807302,-8.203087206208336,0.9473936763662852
extra_ap12_adaptive105_month24_cap2,extra_roll2_primary_cap2,3,lift,50,1000,2.357823764583262,2.0258833984797464,2.7425403971632396,-0.07789755761418693,-0.1439316320675866,-0.02045570202351819
extra_ap12_adaptive105_month24_cap2,extra_roll2_primary_cap2,3,sym,50,1000,55.2012599967363,43.169724184794575,70.71422842774004,-8.450845059378551,-14.905311229339238,-3.30562151293923
extra_ap12_adaptive105_month24_cap2,extra_roll2_primary_cap2,3,forward,50,1000,121.26474247501882,102.24364201024919,139.37242655259107,-8.81651987724014,-16.5638824424839,-2.5971725871594566
extra_ap12_adaptive105_month24_cap2,extra_roll2_primary_cap2,5,lift,50,1000,2.4275385634034676,2.0679331694539163,2.84366788102047,-0.0900474576172754,-0.1702647761067975,-0.015890594747191195
extra_ap12_adaptive105_month24_cap2,extra_roll2_primary_cap2,5,sym,50,1000,66.19885057918779,52.17823064922379,83.78224923114037,-10.121197899536995,-18.312634465533932,-3.8707680129854007
extra_ap12_adaptive105_month24_cap2,extra_roll2_primary_cap2,5,forward,50,1000,131.181585769387,107.21436055893084,153.62316598798535,-9.309437254877224,-18.302996337771432,-2.087954171410686
extra_ap12_adaptive105_month24_cap2,extra_roll2_primary_cap2,10,lift,50,1000,2.348893011550188,1.9807479560494676,2.754531769125551,-0.12151650974142392,-0.24145115936272912,-0.022871894846507174
extra_ap12_adaptive105_month24_cap2,extra_roll2_primary_cap2,10,sym,50,1000,72.49297551455105,54.54681891101024,93.82840072148913,-6.619625508805541,-16.364703189935828,1.0852677343050583
extra_ap12_adaptive105_month24_cap2,extra_roll2_primary_cap2,10,forward,50,1000,134.11627552185547,97.93167768744193,169.99722999753246,-3.3566082210431603,-12.213016595263715,4.628137008355632
extra_ap12_adaptive105_month24_cap2,extra_roll2_primary_cap2,20,lift,50,1000,2.4369263799679883,2.023115654776045,2.946977364172047,-0.0317475782525376,-0.19970464820095823,0.10851442134048005
extra_ap12_adaptive105_month24_cap2,extra_roll2_primary_cap2,20,sym,50,1000,81.46991709040171,52.30204937267135,115.1538830710298,-4.785552401193939,-14.1721176363661,3.716193001998565
extra_ap12_adaptive105_month24_cap2,extra_roll2_primary_cap2,20,forward,50,1000,129.9539159583491,56.60411721176111,201.67574513826625,-0.06389110591001668,-14.82569831584704,11.561310837268266
extra_ap12_adaptive105_month24_cap2,local_extra_primary_cap2,1,lift,20,1000,1.930773094500836,1.7699881558703998,2.108574513597996,-0.0022162123259239497,-0.022248076381982663,0.015333736101933672
extra_ap12_adaptive105_month24_cap2,local_extra_primary_cap2,1,sym,20,1000,29.481306155734757,23.76343148484017,36.88378818612565,-2.225785634933942,-4.1383141267045325,-0.6800616196138018
extra_ap12_adaptive105_month24_cap2,local_extra_primary_cap2,1,forward,20,1000,94.4011037274652,81.62214006858616,109.52115900473187,-6.196521444380778,-9.271364618189972,-3.4270711913437895
extra_ap12_adaptive105_month24_cap2,local_extra_primary_cap2,3,lift,20,1000,2.357823764583262,2.076534070649356,2.6672637137144695,-0.08396887779886653,-0.1686597798081832,-0.010741004782768244
extra_ap12_adaptive105_month24_cap2,local_extra_primary_cap2,3,sym,20,1000,55.2012599967363,44.02695209417975,69.90280806980083,-4.01388138352435,-7.32357291148591,-0.8030659148808785
extra_ap12_adaptive105_month24_cap2,local_extra_primary_cap2,3,forward,20,1000,121.26474247501882,103.4700282243934,140.48186830529906,-9.160986064898978,-13.739141945898224,-4.843502679985575
extra_ap12_adaptive105_month24_cap2,local_extra_primary_cap2,5,lift,20,1000,2.4275385634034676,2.118755059614874,2.7535236321076866,-0.1035357967526167,-0.20142186538125872,-0.01467799102539723
extra_ap12_adaptive105_month24_cap2,local_extra_primary_cap2,5,sym,20,1000,66.19885057918779,53.068018173844536,82.65850147313952,-4.3939527524445054,-8.409123151979498,-0.3673893070281302
extra_ap12_adaptive105_month24_cap2,local_extra_primary_cap2,5,forward,20,1000,131.181585769387,108.4174312880301,154.0623462239818,-9.526126951492415,-14.48035363613895,-4.409480924213345
extra_ap12_adaptive105_month24_cap2,local_extra_primary_cap2,10,lift,20,1000,2.348893011550188,2.0337412464384244,2.7174472951377147,-0.0549613930306867,-0.16238981030970473,0.03273302630576474
extra_ap12_adaptive105_month24_cap2,local_extra_primary_cap2,10,sym,20,1000,72.49297551455105,53.946472360278726,92.95760125872357,-2.353795475595419,-8.211739272187216,3.0544799199960457
extra_ap12_adaptive105_month24_cap2,local_extra_primary_cap2,10,forward,20,1000,134.11627552185547,101.96860523786181,165.06366144332722,-6.014956840338641,-12.620304467735755,0.46436097996043224
extra_ap12_adaptive105_month24_cap2,local_extra_primary_cap2,20,lift,20,1000,2.4369263799679883,2.0285035523811357,2.8998599009187145,0.02194219538061004,-0.11318386024878999,0.14046167108314436
extra_ap12_adaptive105_month24_cap2,local_extra_primary_cap2,20,sym,20,1000,81.46991709040171,47.555880388363285,114.43479418808423,-1.7641990135166594,-9.051815917450355,5.263896886531764
extra_ap12_adaptive105_month24_cap2,local_extra_primary_cap2,20,forward,20,1000,129.9539159583491,66.54126422824912,184.26495928187657,-1.5876294903031294,-13.20572726129745,9.105102002446799
extra_ap12_adaptive105_month24_cap2,local_extra_primary_cap2,1,lift,50,1000,1.930773094500836,1.732880918144432,2.132721450505037,-0.0022162123259239497,-0.02634927642269181,0.016627609765707745
extra_ap12_adaptive105_month24_cap2,local_extra_primary_cap2,1,sym,50,1000,29.481306155734757,23.48351728616704,36.76365327571109,-2.225785634933942,-3.92833278784547,-0.7608246489415675
extra_ap12_adaptive105_month24_cap2,local_extra_primary_cap2,1,forward,50,1000,94.4011037274652,80.22113675686212,111.06641176183933,-6.196521444380778,-10.297638968106252,-3.338011138978949
extra_ap12_adaptive105_month24_cap2,local_extra_primary_cap2,3,lift,50,1000,2.357823764583262,2.0258833984797464,2.7425403971632396,-0.08396887779886653,-0.17831946960948425,0.0023993944052132605
extra_ap12_adaptive105_month24_cap2,local_extra_primary_cap2,3,sym,50,1000,55.2012599967363,43.169724184794575,70.71422842774004,-4.01388138352435,-7.718215651202129,-0.8579633805723181
extra_ap12_adaptive105_month24_cap2,local_extra_primary_cap2,3,forward,50,1000,121.26474247501882,102.24364201024919,139.37242655259107,-9.160986064898978,-14.873837831558932,-4.173945150221807
extra_ap12_adaptive105_month24_cap2,local_extra_primary_cap2,5,lift,50,1000,2.4275385634034676,2.0679331694539163,2.84366788102047,-0.1035357967526167,-0.21620397751397838,-0.003477187218277405
extra_ap12_adaptive105_month24_cap2,local_extra_primary_cap2,5,sym,50,1000,66.19885057918779,52.17823064922379,83.78224923114037,-4.3939527524445054,-9.364780610808703,-0.16064546641434124
extra_ap12_adaptive105_month24_cap2,local_extra_primary_cap2,5,forward,50,1000,131.181585769387,107.21436055893084,153.62316598798535,-9.526126951492415,-15.160506865238178,-3.998767595565572
extra_ap12_adaptive105_month24_cap2,local_extra_primary_cap2,10,lift,50,1000,2.348893011550188,1.9807479560494676,2.754531769125551,-0.0549613930306867,-0.17137474706638833,0.02724468766846123
extra_ap12_adaptive105_month24_cap2,local_extra_primary_cap2,10,sym,50,1000,72.49297551455105,54.54681891101024,93.82840072148913,-2.353795475595419,-8.141773427801114,2.96484749593458
extra_ap12_adaptive105_month24_cap2,local_extra_primary_cap2,10,forward,50,1000,134.11627552185547,97.93167768744193,169.99722999753246,-6.014956840338641,-12.32388565919625,0.44587169854208275
extra_ap12_adaptive105_month24_cap2,local_extra_primary_cap2,20,lift,50,1000,2.4369263799679883,2.023115654776045,2.946977364172047,0.02194219538061004,-0.11418812733997276,0.11678038399237656
extra_ap12_adaptive105_month24_cap2,local_extra_primary_cap2,20,sym,50,1000,81.46991709040171,52.30204937267135,115.1538830710298,-1.7641990135166594,-8.245136691317304,4.158287764254986
extra_ap12_adaptive105_month24_cap2,local_extra_primary_cap2,20,forward,50,1000,129.9539159583491,56.60411721176111,201.67574513826625,-1.5876294903031294,-13.712765869898925,9.454307534983158
extra_ap12_adaptive105_month24_cap2,extra_roll2_reserve7_cap2,1,lift,20,1000,1.930773094500836,1.7699881558703998,2.108574513597996,-0.0057763769965317735,-0.029949415188838452,0.01239516587392722
extra_ap12_adaptive105_month24_cap2,extra_roll2_reserve7_cap2,1,sym,20,1000,29.481306155734757,23.76343148484017,36.88378818612565,-1.9721096590971925,-4.352007699611113,0.352945343262268
extra_ap12_adaptive105_month24_cap2,extra_roll2_reserve7_cap2,1,forward,20,1000,94.4011037274652,81.62214006858616,109.52115900473187,5.493948411916634,1.0286848894591447,10.044259145400678
extra_ap12_adaptive105_month24_cap2,extra_roll2_reserve7_cap2,3,lift,20,1000,2.357823764583262,2.076534070649356,2.6672637137144695,0.04441204585359948,-0.029751103479496322,0.1218858708547091
extra_ap12_adaptive105_month24_cap2,extra_roll2_reserve7_cap2,3,sym,20,1000,55.2012599967363,44.02695209417975,69.90280806980083,-6.570186323033276,-11.919825958400821,-1.5092920391978815
extra_ap12_adaptive105_month24_cap2,extra_roll2_reserve7_cap2,3,forward,20,1000,121.26474247501882,103.4700282243934,140.48186830529906,7.195284198889411,0.7628108460287994,13.752661286783466
extra_ap12_adaptive105_month24_cap2,extra_roll2_reserve7_cap2,5,lift,20,1000,2.4275385634034676,2.118755059614874,2.7535236321076866,0.08730054199951232,-0.00572553333994964,0.1840922527622127
extra_ap12_adaptive105_month24_cap2,extra_roll2_reserve7_cap2,5,sym,20,1000,66.19885057918779,53.068018173844536,82.65850147313952,-7.757926441564592,-14.753700020053609,-1.4105860681316635
extra_ap12_adaptive105_month24_cap2,extra_roll2_reserve7_cap2,5,forward,20,1000,131.181585769387,108.4174312880301,154.0623462239818,9.185626295118666,0.9630743805901486,16.534952316117284
extra_ap12_adaptive105_month24_cap2,extra_roll2_reserve7_cap2,10,lift,20,1000,2.348893011550188,2.0337412464384244,2.7174472951377147,0.022030719229710893,-0.10401037663230694,0.1458029855211124
extra_ap12_adaptive105_month24_cap2,extra_roll2_reserve7_cap2,10,sym,20,1000,72.49297551455105,53.946472360278726,92.95760125872357,-5.236847070800934,-13.933229123604175,2.1654160569549123
extra_ap12_adaptive105_month24_cap2,extra_roll2_reserve7_cap2,10,forward,20,1000,134.11627552185547,101.96860523786181,165.06366144332722,12.978822877782818,3.839630668963953,22.15196511007936
extra_ap12_adaptive105_month24_cap2,extra_roll2_reserve7_cap2,20,lift,20,1000,2.4369263799679883,2.0285035523811357,2.8998599009187145,0.09863271291290143,-0.06352739430791762,0.26143891157806753
extra_ap12_adaptive105_month24_cap2,extra_roll2_reserve7_cap2,20,sym,20,1000,81.46991709040171,47.555880388363285,114.43479418808423,-4.2921143792591465,-13.279510104186956,4.551982751892786
extra_ap12_adaptive105_month24_cap2,extra_roll2_reserve7_cap2,20,forward,20,1000,129.9539159583491,66.54126422824912,184.26495928187657,10.855253126567234,-0.6034009862726085,21.83666639714491
extra_ap12_adaptive105_month24_cap2,extra_roll2_reserve7_cap2,1,lift,50,1000,1.930773094500836,1.732880918144432,2.132721450505037,-0.0057763769965317735,-0.03467975759824662,0.012080802922657357
extra_ap12_adaptive105_month24_cap2,extra_roll2_reserve7_cap2,1,sym,50,1000,29.481306155734757,23.48351728616704,36.76365327571109,-1.9721096590971925,-4.639972252585695,0.41748583720454907
extra_ap12_adaptive105_month24_cap2,extra_roll2_reserve7_cap2,1,forward,50,1000,94.4011037274652,80.22113675686212,111.06641176183933,5.493948411916634,0.485674758676364,10.643842678241972
extra_ap12_adaptive105_month24_cap2,extra_roll2_reserve7_cap2,3,lift,50,1000,2.357823764583262,2.0258833984797464,2.7425403971632396,0.04441204585359948,-0.033495006007079296,0.1178536061538405
extra_ap12_adaptive105_month24_cap2,extra_roll2_reserve7_cap2,3,sym,50,1000,55.2012599967363,43.169724184794575,70.71422842774004,-6.570186323033276,-12.981366291094254,-0.7746824540180323
extra_ap12_adaptive105_month24_cap2,extra_roll2_reserve7_cap2,3,forward,50,1000,121.26474247501882,102.24364201024919,139.37242655259107,7.195284198889411,0.19218255549203858,14.268501882746529
extra_ap12_adaptive105_month24_cap2,extra_roll2_reserve7_cap2,5,lift,50,1000,2.4275385634034676,2.0679331694539163,2.84366788102047,0.08730054199951232,-0.011119637400313886,0.19149366286114675
extra_ap12_adaptive105_month24_cap2,extra_roll2_reserve7_cap2,5,sym,50,1000,66.19885057918779,52.17823064922379,83.78224923114037,-7.757926441564592,-15.955061872637229,-0.5953792505230139
extra_ap12_adaptive105_month24_cap2,extra_roll2_reserve7_cap2,5,forward,50,1000,131.181585769387,107.21436055893084,153.62316598798535,9.185626295118666,1.2001220517302194,17.166923399779247
extra_ap12_adaptive105_month24_cap2,extra_roll2_reserve7_cap2,10,lift,50,1000,2.348893011550188,1.9807479560494676,2.754531769125551,0.022030719229710893,-0.1193146857885906,0.1625348482132576
extra_ap12_adaptive105_month24_cap2,extra_roll2_reserve7_cap2,10,sym,50,1000,72.49297551455105,54.54681891101024,93.82840072148913,-5.236847070800934,-15.200108222113654,3.212716255719919
extra_ap12_adaptive105_month24_cap2,extra_roll2_reserve7_cap2,10,forward,50,1000,134.11627552185547,97.93167768744193,169.99722999753246,12.978822877782818,3.451324456441755,21.59872449843756
extra_ap12_adaptive105_month24_cap2,extra_roll2_reserve7_cap2,20,lift,50,1000,2.4369263799679883,2.023115654776045,2.946977364172047,0.09863271291290143,-0.06902761906283715,0.2629087906211418
extra_ap12_adaptive105_month24_cap2,extra_roll2_reserve7_cap2,20,sym,50,1000,81.46991709040171,52.30204937267135,115.1538830710298,-4.2921143792591465,-14.189959712909511,4.941290937090241
extra_ap12_adaptive105_month24_cap2,extra_roll2_reserve7_cap2,20,forward,50,1000,129.9539159583491,56.60411721176111,201.67574513826625,10.855253126567234,-2.159785437178806,21.741271758347526
extra_ap12_adaptive105_month24_cap2,known_change_z_urgent_cap2,1,lift,20,1000,1.930773094500836,1.7699881558703998,2.108574513597996,-0.004954223650005973,-0.03848429805306506,0.013180079087283213
extra_ap12_adaptive105_month24_cap2,known_change_z_urgent_cap2,1,sym,20,1000,29.481306155734757,23.76343148484017,36.88378818612565,-2.705011218036347,-5.618767403906773,0.43117952471690224
extra_ap12_adaptive105_month24_cap2,known_change_z_urgent_cap2,1,forward,20,1000,94.4011037274652,81.62214006858616,109.52115900473187,19.000418505964518,10.49405232629503,29.2256886162125
extra_ap12_adaptive105_month24_cap2,known_change_z_urgent_cap2,3,lift,20,1000,2.357823764583262,2.076534070649356,2.6672637137144695,0.2866703979068448,0.1410843526519487,0.4399221168488866
extra_ap12_adaptive105_month24_cap2,known_change_z_urgent_cap2,3,sym,20,1000,55.2012599967363,44.02695209417975,69.90280806980083,5.68179285029553,-2.2189447573851178,14.866665439235046
extra_ap12_adaptive105_month24_cap2,known_change_z_urgent_cap2,3,forward,20,1000,121.26474247501882,103.4700282243934,140.48186830529906,35.459538247097385,24.776900274037175,47.406450404634356
extra_ap12_adaptive105_month24_cap2,known_change_z_urgent_cap2,5,lift,20,1000,2.4275385634034676,2.118755059614874,2.7535236321076866,0.3735018190061332,0.17667169812677708,0.5630886955764589
extra_ap12_adaptive105_month24_cap2,known_change_z_urgent_cap2,5,sym,20,1000,66.19885057918779,53.068018173844536,82.65850147313952,10.885742328823298,1.434389196823467,21.69895165415951
extra_ap12_adaptive105_month24_cap2,known_change_z_urgent_cap2,5,forward,20,1000,131.181585769387,108.4174312880301,154.0623462239818,43.616176338039296,30.110149435960555,56.92030441317456
extra_ap12_adaptive105_month24_cap2,known_change_z_urgent_cap2,10,lift,20,1000,2.348893011550188,2.0337412464384244,2.7174472951377147,0.2713569157910203,0.06912699499010835,0.48369300158653344
extra_ap12_adaptive105_month24_cap2,known_change_z_urgent_cap2,10,sym,20,1000,72.49297551455105,53.946472360278726,92.95760125872357,13.780702210515734,1.6967735495619933,27.18373444149234
extra_ap12_adaptive105_month24_cap2,known_change_z_urgent_cap2,10,forward,20,1000,134.11627552185547,101.96860523786181,165.06366144332722,45.82243960018792,29.425210628092888,61.16731757361354
extra_ap12_adaptive105_month24_cap2,known_change_z_urgent_cap2,20,lift,20,1000,2.4369263799679883,2.0285035523811357,2.8998599009187145,0.36183138017339767,0.09734061551993388,0.6647816864117299
extra_ap12_adaptive105_month24_cap2,known_change_z_urgent_cap2,20,sym,20,1000,81.46991709040171,47.555880388363285,114.43479418808423,10.576020516990269,-4.168883254168409,27.075087128396785
extra_ap12_adaptive105_month24_cap2,known_change_z_urgent_cap2,20,forward,20,1000,129.9539159583491,66.54126422824912,184.26495928187657,43.214327330680916,22.79049092375543,66.62853226902772
extra_ap12_adaptive105_month24_cap2,known_change_z_urgent_cap2,1,lift,50,1000,1.930773094500836,1.732880918144432,2.132721450505037,-0.004954223650005973,-0.045736360587970246,0.010305172971388575
extra_ap12_adaptive105_month24_cap2,known_change_z_urgent_cap2,1,sym,50,1000,29.481306155734757,23.48351728616704,36.76365327571109,-2.705011218036347,-6.202065090445004,0.9278109784103908
extra_ap12_adaptive105_month24_cap2,known_change_z_urgent_cap2,1,forward,50,1000,94.4011037274652,80.22113675686212,111.06641176183933,19.000418505964518,9.323004366919257,30.542382536093612
extra_ap12_adaptive105_month24_cap2,known_change_z_urgent_cap2,3,lift,50,1000,2.357823764583262,2.0258833984797464,2.7425403971632396,0.2866703979068448,0.11672925171223233,0.48898474285085813
extra_ap12_adaptive105_month24_cap2,known_change_z_urgent_cap2,3,sym,50,1000,55.2012599967363,43.169724184794575,70.71422842774004,5.68179285029553,-2.411475715742507,15.712396162647186
extra_ap12_adaptive105_month24_cap2,known_change_z_urgent_cap2,3,forward,50,1000,121.26474247501882,102.24364201024919,139.37242655259107,35.459538247097385,23.17622631296764,50.059646975077655
extra_ap12_adaptive105_month24_cap2,known_change_z_urgent_cap2,5,lift,50,1000,2.4275385634034676,2.0679331694539163,2.84366788102047,0.3735018190061332,0.16416555979291905,0.6062964777708938
extra_ap12_adaptive105_month24_cap2,known_change_z_urgent_cap2,5,sym,50,1000,66.19885057918779,52.17823064922379,83.78224923114037,10.885742328823298,1.3386002064572378,22.503720389290052
extra_ap12_adaptive105_month24_cap2,known_change_z_urgent_cap2,5,forward,50,1000,131.181585769387,107.21436055893084,153.62316598798535,43.616176338039296,28.47204732017125,59.392386345118304
extra_ap12_adaptive105_month24_cap2,known_change_z_urgent_cap2,10,lift,50,1000,2.348893011550188,1.9807479560494676,2.754531769125551,0.2713569157910203,0.04202379647502166,0.49533858016948906
extra_ap12_adaptive105_month24_cap2,known_change_z_urgent_cap2,10,sym,50,1000,72.49297551455105,54.54681891101024,93.82840072148913,13.780702210515734,2.266520531247346,28.018196631135662
extra_ap12_adaptive105_month24_cap2,known_change_z_urgent_cap2,10,forward,50,1000,134.11627552185547,97.93167768744193,169.99722999753246,45.82243960018792,28.34637941614327,63.72765789278863
extra_ap12_adaptive105_month24_cap2,known_change_z_urgent_cap2,20,lift,50,1000,2.4369263799679883,2.023115654776045,2.946977364172047,0.36183138017339767,0.07490216248721522,0.6451899234542162
extra_ap12_adaptive105_month24_cap2,known_change_z_urgent_cap2,20,sym,50,1000,81.46991709040171,52.30204937267135,115.1538830710298,10.576020516990269,-3.56739737838488,28.456615780165716
extra_ap12_adaptive105_month24_cap2,known_change_z_urgent_cap2,20,forward,50,1000,129.9539159583491,56.60411721176111,201.67574513826625,43.214327330680916,20.510987072969503,67.44506716988937
extra_ap12_adaptive105_month24_cap2,hazard_hist_h5_urgent_cap2,1,lift,20,1000,1.930773094500836,1.7699881558703998,2.108574513597996,-0.007810771932037053,-0.043513922582073546,0.01078040478597408
extra_ap12_adaptive105_month24_cap2,hazard_hist_h5_urgent_cap2,1,sym,20,1000,29.481306155734757,23.76343148484017,36.88378818612565,-2.998627440985331,-5.988506136972029,0.05615260976922498
extra_ap12_adaptive105_month24_cap2,hazard_hist_h5_urgent_cap2,1,forward,20,1000,94.4011037274652,81.62214006858616,109.52115900473187,23.97391027727012,15.364620585116016,33.98657938551971
extra_ap12_adaptive105_month24_cap2,hazard_hist_h5_urgent_cap2,3,lift,20,1000,2.357823764583262,2.076534070649356,2.6672637137144695,0.24869226652845722,0.11173067368785362,0.38938896368744647
extra_ap12_adaptive105_month24_cap2,hazard_hist_h5_urgent_cap2,3,sym,20,1000,55.2012599967363,44.02695209417975,69.90280806980083,2.5565274298700302,-4.7694433270481005,11.2793668963569
extra_ap12_adaptive105_month24_cap2,hazard_hist_h5_urgent_cap2,3,forward,20,1000,121.26474247501882,103.4700282243934,140.48186830529906,36.16849280772507,25.493082427802936,47.861029950742974
extra_ap12_adaptive105_month24_cap2,hazard_hist_h5_urgent_cap2,5,lift,20,1000,2.4275385634034676,2.118755059614874,2.7535236321076866,0.29251960986821723,0.10880768707769832,0.46979558433804725
extra_ap12_adaptive105_month24_cap2,hazard_hist_h5_urgent_cap2,5,sym,20,1000,66.19885057918779,53.068018173844536,82.65850147313952,6.052055337824157,-3.0348439768150666,16.282884052937614
extra_ap12_adaptive105_month24_cap2,hazard_hist_h5_urgent_cap2,5,forward,20,1000,131.181585769387,108.4174312880301,154.0623462239818,40.80192946295432,26.88389231771237,54.21174438300617
extra_ap12_adaptive105_month24_cap2,hazard_hist_h5_urgent_cap2,10,lift,20,1000,2.348893011550188,2.0337412464384244,2.7174472951377147,0.16941559723859045,-0.028675038428964548,0.3693384187224796
extra_ap12_adaptive105_month24_cap2,hazard_hist_h5_urgent_cap2,10,sym,20,1000,72.49297551455105,53.946472360278726,92.95760125872357,5.393544882708895,-7.899054642995603,20.321199781625392
extra_ap12_adaptive105_month24_cap2,hazard_hist_h5_urgent_cap2,10,forward,20,1000,134.11627552185547,101.96860523786181,165.06366144332722,40.528234247199535,23.93887803296762,57.03935261203618
extra_ap12_adaptive105_month24_cap2,hazard_hist_h5_urgent_cap2,20,lift,20,1000,2.4369263799679883,2.0285035523811357,2.8998599009187145,0.24417237759250465,0.001067871911600804,0.5161228832268419
extra_ap12_adaptive105_month24_cap2,hazard_hist_h5_urgent_cap2,20,sym,20,1000,81.46991709040171,47.555880388363285,114.43479418808423,2.85017688948345,-13.132058940254817,21.62602472975278
extra_ap12_adaptive105_month24_cap2,hazard_hist_h5_urgent_cap2,20,forward,20,1000,129.9539159583491,66.54126422824912,184.26495928187657,37.432593570596,16.335329534163694,58.44381327659739
extra_ap12_adaptive105_month24_cap2,hazard_hist_h5_urgent_cap2,1,lift,50,1000,1.930773094500836,1.732880918144432,2.132721450505037,-0.007810771932037053,-0.04769544680954415,0.009228109195514738
extra_ap12_adaptive105_month24_cap2,hazard_hist_h5_urgent_cap2,1,sym,50,1000,29.481306155734757,23.48351728616704,36.76365327571109,-2.998627440985331,-6.321836431838519,0.43167755752892406
extra_ap12_adaptive105_month24_cap2,hazard_hist_h5_urgent_cap2,1,forward,50,1000,94.4011037274652,80.22113675686212,111.06641176183933,23.97391027727012,14.19839387597223,35.75303313917096
extra_ap12_adaptive105_month24_cap2,hazard_hist_h5_urgent_cap2,3,lift,50,1000,2.357823764583262,2.0258833984797464,2.7425403971632396,0.24869226652845722,0.09354742900283933,0.43487778958342416
extra_ap12_adaptive105_month24_cap2,hazard_hist_h5_urgent_cap2,3,sym,50,1000,55.2012599967363,43.169724184794575,70.71422842774004,2.5565274298700302,-5.866801074541835,12.27184852883166
extra_ap12_adaptive105_month24_cap2,hazard_hist_h5_urgent_cap2,3,forward,50,1000,121.26474247501882,102.24364201024919,139.37242655259107,36.16849280772507,23.852864000907044,50.287855332592706
extra_ap12_adaptive105_month24_cap2,hazard_hist_h5_urgent_cap2,5,lift,50,1000,2.4275385634034676,2.0679331694539163,2.84366788102047,0.29251960986821723,0.09114641519811995,0.5065462434136425
extra_ap12_adaptive105_month24_cap2,hazard_hist_h5_urgent_cap2,5,sym,50,1000,66.19885057918779,52.17823064922379,83.78224923114037,6.052055337824157,-3.71387116660235,17.742944689254642
extra_ap12_adaptive105_month24_cap2,hazard_hist_h5_urgent_cap2,5,forward,50,1000,131.181585769387,107.21436055893084,153.62316598798535,40.80192946295432,25.407231984108773,56.997336410262584
extra_ap12_adaptive105_month24_cap2,hazard_hist_h5_urgent_cap2,10,lift,50,1000,2.348893011550188,1.9807479560494676,2.754531769125551,0.16941559723859045,-0.05186256884493836,0.3866849651621347
extra_ap12_adaptive105_month24_cap2,hazard_hist_h5_urgent_cap2,10,sym,50,1000,72.49297551455105,54.54681891101024,93.82840072148913,5.393544882708895,-8.478950502600865,21.728594345079568
extra_ap12_adaptive105_month24_cap2,hazard_hist_h5_urgent_cap2,10,forward,50,1000,134.11627552185547,97.93167768744193,169.99722999753246,40.528234247199535,21.90719793108248,59.48974718018408
extra_ap12_adaptive105_month24_cap2,hazard_hist_h5_urgent_cap2,20,lift,50,1000,2.4369263799679883,2.023115654776045,2.946977364172047,0.24417237759250465,-0.003732203942924088,0.5157789452139901
extra_ap12_adaptive105_month24_cap2,hazard_hist_h5_urgent_cap2,20,sym,50,1000,81.46991709040171,52.30204937267135,115.1538830710298,2.85017688948345,-14.086818969623282,23.042427617233322
extra_ap12_adaptive105_month24_cap2,hazard_hist_h5_urgent_cap2,20,forward,50,1000,129.9539159583491,56.60411721176111,201.67574513826625,37.432593570596,14.229352058487258,60.13328221371248
extra_ap12_adaptive105_month24_cap2,ap1_change_z_r25_exact_cap2,1,lift,20,1000,1.930773094500836,1.7699881558703998,2.108574513597996,0.006114201961617605,-0.020662055090259708,0.02538782526068182
extra_ap12_adaptive105_month24_cap2,ap1_change_z_r25_exact_cap2,1,sym,20,1000,29.481306155734757,23.76343148484017,36.88378818612565,-6.976158127027091,-10.21189145332476,-4.229123935353116
extra_ap12_adaptive105_month24_cap2,ap1_change_z_r25_exact_cap2,1,forward,20,1000,94.4011037274652,81.62214006858616,109.52115900473187,-4.940795377228412,-12.380650212557157,3.16041569501861
extra_ap12_adaptive105_month24_cap2,ap1_change_z_r25_exact_cap2,3,lift,20,1000,2.357823764583262,2.076534070649356,2.6672637137144695,0.05479628803291403,-0.06661823027531527,0.16364975427651648
extra_ap12_adaptive105_month24_cap2,ap1_change_z_r25_exact_cap2,3,sym,20,1000,55.2012599967363,44.02695209417975,69.90280806980083,-2.9751763542989167,-10.878966816416275,3.9168284734347765
extra_ap12_adaptive105_month24_cap2,ap1_change_z_r25_exact_cap2,3,forward,20,1000,121.26474247501882,103.4700282243934,140.48186830529906,5.223501215670424,-3.721405685456798,14.366338281033144
extra_ap12_adaptive105_month24_cap2,ap1_change_z_r25_exact_cap2,5,lift,20,1000,2.4275385634034676,2.118755059614874,2.7535236321076866,0.12683461689000763,-0.044932203206085285,0.2738538796079711
extra_ap12_adaptive105_month24_cap2,ap1_change_z_r25_exact_cap2,5,sym,20,1000,66.19885057918779,53.068018173844536,82.65850147313952,-1.1923823226181156,-12.168042449709684,7.938969435660629
extra_ap12_adaptive105_month24_cap2,ap1_change_z_r25_exact_cap2,5,forward,20,1000,131.181585769387,108.4174312880301,154.0623462239818,11.325916249037334,0.5056789618297611,21.4848414472512
extra_ap12_adaptive105_month24_cap2,ap1_change_z_r25_exact_cap2,10,lift,20,1000,2.348893011550188,2.0337412464384244,2.7174472951377147,0.05752474018982534,-0.15937530831650867,0.2290554406490349
extra_ap12_adaptive105_month24_cap2,ap1_change_z_r25_exact_cap2,10,sym,20,1000,72.49297551455105,53.946472360278726,92.95760125872357,-0.03673846119909285,-14.30348583459531,11.88270200568391
extra_ap12_adaptive105_month24_cap2,ap1_change_z_r25_exact_cap2,10,forward,20,1000,134.11627552185547,101.96860523786181,165.06366144332722,11.019914308873709,-3.2550412379653353,23.488950495233972
extra_ap12_adaptive105_month24_cap2,ap1_change_z_r25_exact_cap2,20,lift,20,1000,2.4369263799679883,2.0285035523811357,2.8998599009187145,0.11311322709000793,-0.16831318070379891,0.35225333520990704
extra_ap12_adaptive105_month24_cap2,ap1_change_z_r25_exact_cap2,20,sym,20,1000,81.46991709040171,47.555880388363285,114.43479418808423,-1.9056071837606368,-18.101831394824604,12.824894426355877
extra_ap12_adaptive105_month24_cap2,ap1_change_z_r25_exact_cap2,20,forward,20,1000,129.9539159583491,66.54126422824912,184.26495928187657,10.461086237812111,-10.716708322178903,30.79860167030731
extra_ap12_adaptive105_month24_cap2,ap1_change_z_r25_exact_cap2,1,lift,50,1000,1.930773094500836,1.732880918144432,2.132721450505037,0.006114201961617605,-0.02556160233810396,0.026020011919771168
extra_ap12_adaptive105_month24_cap2,ap1_change_z_r25_exact_cap2,1,sym,50,1000,29.481306155734757,23.48351728616704,36.76365327571109,-6.976158127027091,-11.078127528846109,-3.5595532421716336
extra_ap12_adaptive105_month24_cap2,ap1_change_z_r25_exact_cap2,1,forward,50,1000,94.4011037274652,80.22113675686212,111.06641176183933,-4.940795377228412,-12.502706677549329,3.165519587132767
extra_ap12_adaptive105_month24_cap2,ap1_change_z_r25_exact_cap2,3,lift,50,1000,2.357823764583262,2.0258833984797464,2.7425403971632396,0.05479628803291403,-0.09060392236941803,0.18092344894124873
extra_ap12_adaptive105_month24_cap2,ap1_change_z_r25_exact_cap2,3,sym,50,1000,55.2012599967363,43.169724184794575,70.71422842774004,-2.9751763542989167,-11.402663608293125,5.398801873329093
extra_ap12_adaptive105_month24_cap2,ap1_change_z_r25_exact_cap2,3,forward,50,1000,121.26474247501882,102.24364201024919,139.37242655259107,5.223501215670424,-3.945187172972797,15.034177957782811
extra_ap12_adaptive105_month24_cap2,ap1_change_z_r25_exact_cap2,5,lift,50,1000,2.4275385634034676,2.0679331694539163,2.84366788102047,0.12683461689000763,-0.05380967881511503,0.2680636342440829
extra_ap12_adaptive105_month24_cap2,ap1_change_z_r25_exact_cap2,5,sym,50,1000,66.19885057918779,52.17823064922379,83.78224923114037,-1.1923823226181156,-12.707859894145383,9.35961855960945
extra_ap12_adaptive105_month24_cap2,ap1_change_z_r25_exact_cap2,5,forward,50,1000,131.181585769387,107.21436055893084,153.62316598798535,11.325916249037334,0.2536173406793268,22.722428213773625
extra_ap12_adaptive105_month24_cap2,ap1_change_z_r25_exact_cap2,10,lift,50,1000,2.348893011550188,1.9807479560494676,2.754531769125551,0.05752474018982534,-0.14899078327519674,0.211466176258
extra_ap12_adaptive105_month24_cap2,ap1_change_z_r25_exact_cap2,10,sym,50,1000,72.49297551455105,54.54681891101024,93.82840072148913,-0.03673846119909285,-16.373360534905444,13.708430355078905
extra_ap12_adaptive105_month24_cap2,ap1_change_z_r25_exact_cap2,10,forward,50,1000,134.11627552185547,97.93167768744193,169.99722999753246,11.019914308873709,-4.4912334536826295,25.17402507435939
extra_ap12_adaptive105_month24_cap2,ap1_change_z_r25_exact_cap2,20,lift,50,1000,2.4369263799679883,2.023115654776045,2.946977364172047,0.11311322709000793,-0.1533877771914489,0.3447555876306386
extra_ap12_adaptive105_month24_cap2,ap1_change_z_r25_exact_cap2,20,sym,50,1000,81.46991709040171,52.30204937267135,115.1538830710298,-1.9056071837606368,-18.748329517090887,14.802018511243011
extra_ap12_adaptive105_month24_cap2,ap1_change_z_r25_exact_cap2,20,forward,50,1000,129.9539159583491,56.60411721176111,201.67574513826625,10.461086237812111,-12.594893178140815,31.927826620915937
