model,slice,group,n,positive_rate,mean_prediction,brier,logloss,ece,baseline_brier,baseline_logloss,baseline_ece,brier_delta,logloss_delta,auc,average_precision,auc_delta_identity,ece_delta_identity,brier_delta_t25,logloss_delta_t25,auc_delta_t25,ece_delta_t25
identity_early,ALL,ALL,1945,0.15115681233933162,0.16695530723430602,0.13380589918486416,0.44375764911883003,0.04835525084205696,0.13380589918486416,0.44375764911883003,0.04835525084205696,0.0,0.0,0.3764302813796627,0.11280972250000651,0.0,0.0,0.004484994774131945,0.007257619203224708,-0.18410610761566892,0.0015803101847138984
identity_early,currency,AMD,389,0.14652956298200515,0.18655117471246854,0.13334871070052037,0.4433611389830059,0.06650367780997837,0.13334871070052037,0.4433611389830059,0.06650367780997837,0.0,0.0,0.34295075036990064,0.1057931312494992,0.0,0.0,0.009010445065839853,0.028089537006726006,-0.22785880363559508,0.04475028199506775
identity_early,currency,KGS,389,0.13881748071979436,0.1776964747471435,0.12768465825870248,0.4299260889477453,0.06281016541247524,0.12768465825870248,0.4299260889477453,0.06281016541247524,0.0,0.0,0.3144278606965174,0.09606975577905773,0.0,0.0,0.006439272754008102,0.017624982452622118,-0.2288004422332781,0.017517345081369984
identity_early,currency,KZT,389,0.14395886889460155,0.13835894495585377,0.12811299587337005,0.4318605832074684,0.005599923938747781,0.12811299587337005,0.4318605832074684,0.005599923938747781,0.0,0.0,0.2937580437580437,0.09710841049758866,-5.551115123125783e-17,0.0,0.00025635070978183294,-0.022209192847973902,-0.20093307593307597,-0.06955591057296837
identity_early,currency,TJS,389,0.17223650385604114,0.17524223301260974,0.14506852978783885,0.4678994638843087,0.0525073634575704,0.14506852978783885,0.4678994638843087,0.0525073634575704,0.0,0.0,0.4472976731250579,0.14870855350945245,0.0,0.0,0.004736703242300022,0.013047787092151986,-0.13340131639936964,0.012883726086541099
identity_early,currency,UZS,389,0.15424164524421594,0.15692770874345446,0.13481460130388906,0.4457409705716222,0.05435512359151312,0.13481460130388906,0.4457409705716222,0.05435512359151312,0.0,0.0,0.3681357649442756,0.11622900728556843,0.0,0.0,0.0019822020987299294,-0.0002650176874020582,-0.2047619047619048,-0.008775490593871518
identity_early,year,2025,1235,0.09635627530364373,0.17974789889179998,0.09793663911833511,0.3559948285879327,0.08339162358815624,0.09793663911833511,0.3559948285879327,0.08339162358815624,0.0,0.0,0.3686937140447577,0.07030676838928362,0.0,0.0,0.00941388963081205,0.026274960505757783,-0.12234571247853981,0.035595611303582006
identity_early,year,2026,710,0.24647887323943662,0.1447034048441581,0.19619820366678442,0.5964155130000387,0.10177546839527851,0.19619820366678442,0.5964155130000387,0.10177546839527851,0.0,0.0,0.49289185580774364,0.31173831985219813,0.0,0.0,-0.004088505434318657,-0.025821840668082685,-0.19357009345794396,-0.05073973100699755
identity_early,currency_year,AMD:2025,247,0.08906882591093117,0.20391663354657547,0.09870614166282886,0.36134957477721197,0.11484780763564431,0.09870614166282886,0.36134957477721197,0.11484780763564431,0.0,0.0,0.30787878787878786,0.06262234021090848,0.0,0.0,0.012996037294588342,0.04009781584672589,-0.14707070707070707,0.04684733827438828
identity_early,currency_year,AMD:2026,142,0.24647887323943662,0.15634505969821222,0.19360726388580077,0.5860150570029432,0.0901338135412244,0.19360726388580077,0.5860150570029432,0.0901338135412244,0.0,0.0,0.5100133511348465,0.3583668311521379,0.0,0.0,0.0020777599918900547,0.007201897052641737,-0.24913217623497996,-0.049574264684989794
identity_early,currency_year,KGS:2025,247,0.08906882591093117,0.19397182421602985,0.09743733616392722,0.35814007545179977,0.10490299830509867,0.09743733616392722,0.35814007545179977,0.10490299830509867,0.0,0.0,0.23070707070707072,0.05680812125735329,2.7755575615628914e-17,0.0,0.012499698535899287,0.03785823308063174,-0.16727272727272727,0.04329708913111311
identity_early,currency_year,KGS:2026,142,0.22535211267605634,0.14938653588224973,0.18029795795876932,0.5547933096061858,0.07596557679380661,0.18029795795876932,0.5547933096061858,0.07596557679380661,0.0,0.0,0.5025568181818182,0.33235767765423374,0.0,0.0,-0.00410245378209842,-0.017569474625676373,-0.24176136363636358,-0.06045670770346498
identity_early,currency_year,KZT:2025,247,0.0728744939271255,0.14797748169847494,0.07699115629927353,0.30166605086040144,0.07510298777134944,0.07699115629927353,0.30166605086040144,0.07510298777134944,0.0,0.0,0.2096069868995633,0.045919077706216734,0.0,0.0,0.005144298315876775,0.0030148664668003256,0.0026686074721009034,0.036205117875382005
identity_early,currency_year,KZT:2026,142,0.2676056338028169,0.12162810991763251,0.2170361956959182,0.6583257204590567,0.14597752388518437,0.2170361956959182,0.6583257204590567,0.14597752388518437,0.0,0.0,0.49544534412955465,0.34492166333357577,0.0,0.0,-0.008245924351524214,-0.06608484531803915,-0.1961032388663968,-0.05265704857870954
identity_early,currency_year,TJS:2025,247,0.145748987854251,0.18589892429998625,0.12866306908179023,0.4287856420709515,0.04727756568746346,0.12866306908179023,0.4287856420709515,0.04727756568746346,0.0,0.0,0.38704581358609796,0.1134891268696753,0.0,0.0,0.007958606555819814,0.02331015826249916,-0.2016850974196946,-0.021110492825166728
identity_early,currency_year,TJS:2026,142,0.21830985915492956,0.156705593942314,0.17360478890328965,0.5359354778835991,0.061604265212615555,0.17360478890328965,0.5359354778835991,0.061604265212615555,0.0,0.0,0.5312409183376925,0.36619986283916683,0.0,0.0,-0.0008675933664280266,-0.004802957126691432,-0.16129032258064524,-0.04650775335273548
identity_early,currency_year,UZS:2025,247,0.08502024291497975,0.16697463069793336,0.08788549238385575,0.33003279977929917,0.08195438778295364,0.08788549238385575,0.33003279977929917,0.08195438778295364,0.0,0.0,0.3453434471133586,0.06286085053539421,0.0,0.0,0.008470807451876006,0.027093728872132017,-0.08765276021913188,0.04838820621570146
identity_early,currency_year,UZS:2026,142,0.2746478873239437,0.13945172478038198,0.21644481189014417,0.6470080000484095,0.1351961625435617,0.21644481189014417,0.6470080000484095,0.1351961625435617,0.0,0.0,0.521782424695046,0.40203937382652144,-1.1102230246251565e-16,0.0,-0.00930431566343265,-0.04785382332264776,-0.2026387851630571,-0.05331857311096405
t25_base,ALL,ALL,1945,0.15115681233933162,0.10438187168198856,0.1293209044107322,0.4365000299156053,0.04677494065734306,0.13380589918486416,0.44375764911883003,0.04835525084205696,-0.004484994774131945,-0.007257619203224708,0.5605363889953316,0.21742223914710818,0.18410610761566892,-0.0015803101847138984,0.0,0.0,0.0,0.0
t25_base,currency,AMD,389,0.14652956298200515,0.1265114080185956,0.12433826563468052,0.4152716019762799,0.02175339581491062,0.13334871070052037,0.4433611389830059,0.06650367780997837,-0.009010445065839853,-0.028089537006726006,0.5708095540054956,0.2236033020260426,0.22785880363559496,-0.04475028199506775,0.0,0.0,-1.1102230246251565e-16,0.0
t25_base,currency,KGS,389,0.13881748071979436,0.10287101846461864,0.12124538550469438,0.4123011064951232,0.04529282033110525,0.12768465825870248,0.4299260889477453,0.06281016541247524,-0.006439272754008102,-0.017624982452622118,0.5432283029297955,0.16184903751907148,0.2288004422332781,-0.017517345081369984,0.0,0.0,0.0,0.0
t25_base,currency,KZT,389,0.14395886889460155,0.0688030343828854,0.12785664516358822,0.4540697760554423,0.07515583451171615,0.12811299587337005,0.4318605832074684,0.005599923938747781,-0.00025635070978183294,0.022209192847973902,0.49469111969111973,0.23785400434256954,0.20093307593307597,0.06955591057296837,0.0,0.0,5.551115123125783e-17,0.0
t25_base,currency,TJS,389,0.17223650385604114,0.13261286648501183,0.14033182654553883,0.4548516767921567,0.0396236373710293,0.14506852978783885,0.4678994638843087,0.0525073634575704,-0.004736703242300022,-0.013047787092151986,0.5806989895244276,0.3196970521597807,0.13340131639936964,-0.012883726086541099,0.0,0.0,0.0,0.0
t25_base,currency,UZS,389,0.15424164524421594,0.09111103105883132,0.13283239920515913,0.44600598825902427,0.06313061418538464,0.13481460130388906,0.4457409705716222,0.05435512359151312,-0.0019822020987299294,0.0002650176874020582,0.5728976697061804,0.23409025279676232,0.2047619047619048,0.008775490593871518,0.0,0.0,0.0,0.0
t25_base,year,2025,1235,0.09635627530364373,0.11037128096929857,0.08852274948752306,0.3297198680821749,0.04779601228457424,0.09793663911833511,0.3559948285879327,0.08339162358815624,-0.00941388963081205,-0.026274960505757783,0.49103942652329746,0.1574598080542205,0.12234571247853976,-0.035595611303582006,0.0,0.0,-5.551115123125783e-17,0.0
t25_base,year,2026,710,0.24647887323943662,0.09396367383716056,0.20028670910110308,0.6222373536681214,0.15251519940227606,0.19619820366678442,0.5964155130000387,0.10177546839527851,0.004088505434318657,0.025821840668082685,0.6864619492656876,0.42171936329180193,0.19357009345794396,0.05073973100699755,0.0,0.0,0.0,0.0
t25_base,currency_year,AMD:2025,247,0.08906882591093117,0.13520750884572802,0.08571010436824052,0.3212517589304861,0.06800046936125603,0.09870614166282886,0.36134957477721197,0.11484780763564431,-0.012996037294588342,-0.04009781584672589,0.45494949494949494,0.15017615658345798,0.14707070707070707,-0.04684733827438828,0.0,0.0,0.0,0.0
t25_base,currency_year,AMD:2026,142,0.24647887323943662,0.11138509179111883,0.1915295038939107,0.5788131599503015,0.1397080782262142,0.19360726388580077,0.5860150570029432,0.0901338135412244,-0.0020777599918900547,-0.007201897052641737,0.7591455273698264,0.4916106878124353,0.24913217623497996,0.049574264684989794,0.0,0.0,0.0,0.0
t25_base,currency_year,KGS:2025,247,0.08906882591093117,0.10910884434943686,0.08493763762802793,0.320281842371168,0.061605909173985555,0.09743733616392722,0.35814007545179977,0.10490299830509867,-0.012499698535899287,-0.03785823308063174,0.397979797979798,0.09792610302136628,0.1672727272727273,-0.04329708913111311,0.0,0.0,0.0,0.0
t25_base,currency_year,KGS:2026,142,0.22535211267605634,0.09202071569313904,0.18440041174086774,0.5723627842318622,0.1364222844972716,0.18029795795876932,0.5547933096061858,0.07596557679380661,0.00410245378209842,0.017569474625676373,0.7443181818181819,0.42865215304173354,0.2417613636363637,0.06045670770346498,0.0,0.0,1.1102230246251565e-16,0.0
t25_base,currency_year,KZT:2025,247,0.0728744939271255,0.0687064358899407,0.07184685798339675,0.2986511843936011,0.038897869895967434,0.07699115629927353,0.30166605086040144,0.07510298777134944,-0.005144298315876775,-0.0030148664668003256,0.20693837942746238,0.04579416499606763,-0.002668607472100931,-0.036205117875382005,0.0,0.0,-2.7755575615628914e-17,0.0
t25_base,currency_year,KZT:2026,142,0.2676056338028169,0.06897106133892297,0.2252821200474424,0.7244105657770958,0.1986345724638939,0.2170361956959182,0.6583257204590567,0.14597752388518437,0.008245924351524214,0.06608484531803915,0.6915485829959515,0.5047905636053097,0.1961032388663968,0.05265704857870954,0.0,0.0,0.0,0.0
t25_base,currency_year,TJS:2025,247,0.145748987854251,0.14486080788758962,0.12070446252597042,0.40547548380845233,0.06838805851263019,0.12866306908179023,0.4287856420709515,0.04727756568746346,-0.007958606555819814,-0.02331015826249916,0.5887309110057926,0.34821133864810605,0.2016850974196946,0.021110492825166728,0.0,0.0,0.0,0.0
t25_base,currency_year,TJS:2026,142,0.21830985915492956,0.11130834869320398,0.17447238226971767,0.5407384350102905,0.10811201856535103,0.17360478890328965,0.5359354778835991,0.061604265212615555,0.0008675933664280266,0.004802957126691432,0.6925312409183377,0.38356460515175833,0.16129032258064524,0.04650775335273548,0.0,0.0,0.0,0.0
t25_base,currency_year,UZS:2025,247,0.08502024291497975,0.09397280787379768,0.07941468493197974,0.30293907090716715,0.033566181567252176,0.08788549238385575,0.33003279977929917,0.08195438778295364,-0.008470807451876006,-0.027093728872132017,0.43299620733249056,0.1322588376320562,0.08765276021913193,-0.04838820621570146,0.0,0.0,5.551115123125783e-17,0.0
t25_base,currency_year,UZS:2026,142,0.2746478873239437,0.08613315166941793,0.22574912755357682,0.6948618233710573,0.18851473565452576,0.21644481189014417,0.6470080000484095,0.1351961625435617,0.00930431566343265,0.04785382332264776,0.724421209858103,0.4898929763787946,0.2026387851630569,0.05331857311096405,0.0,0.0,-1.1102230246251565e-16,0.0
t31_candidate,ALL,ALL,1945,0.15115681233933162,0.16695530723430602,0.13380589918486416,0.44375764911883003,0.04835525084205696,0.13380589918486416,0.44375764911883003,0.04835525084205696,0.0,0.0,0.3764302813796627,0.11280972250000651,0.0,0.0,0.004484994774131945,0.007257619203224708,-0.18410610761566892,0.0015803101847138984
t31_candidate,currency,AMD,389,0.14652956298200515,0.18655117471246854,0.13334871070052037,0.4433611389830059,0.06650367780997837,0.13334871070052037,0.4433611389830059,0.06650367780997837,0.0,0.0,0.34295075036990064,0.1057931312494992,0.0,0.0,0.009010445065839853,0.028089537006726006,-0.22785880363559508,0.04475028199506775
t31_candidate,currency,KGS,389,0.13881748071979436,0.1776964747471435,0.12768465825870248,0.4299260889477453,0.06281016541247524,0.12768465825870248,0.4299260889477453,0.06281016541247524,0.0,0.0,0.3144278606965174,0.09606975577905773,0.0,0.0,0.006439272754008102,0.017624982452622118,-0.2288004422332781,0.017517345081369984
t31_candidate,currency,KZT,389,0.14395886889460155,0.13835894495585377,0.12811299587337005,0.4318605832074684,0.005599923938747781,0.12811299587337005,0.4318605832074684,0.005599923938747781,0.0,0.0,0.2937580437580437,0.09710841049758866,-5.551115123125783e-17,0.0,0.00025635070978183294,-0.022209192847973902,-0.20093307593307597,-0.06955591057296837
t31_candidate,currency,TJS,389,0.17223650385604114,0.17524223301260974,0.14506852978783885,0.4678994638843087,0.0525073634575704,0.14506852978783885,0.4678994638843087,0.0525073634575704,0.0,0.0,0.4472976731250579,0.14870855350945245,0.0,0.0,0.004736703242300022,0.013047787092151986,-0.13340131639936964,0.012883726086541099
t31_candidate,currency,UZS,389,0.15424164524421594,0.15692770874345446,0.13481460130388906,0.4457409705716222,0.05435512359151312,0.13481460130388906,0.4457409705716222,0.05435512359151312,0.0,0.0,0.3681357649442756,0.11622900728556843,0.0,0.0,0.0019822020987299294,-0.0002650176874020582,-0.2047619047619048,-0.008775490593871518
t31_candidate,year,2025,1235,0.09635627530364373,0.17974789889179998,0.09793663911833511,0.3559948285879327,0.08339162358815624,0.09793663911833511,0.3559948285879327,0.08339162358815624,0.0,0.0,0.3686937140447577,0.07030676838928362,0.0,0.0,0.00941388963081205,0.026274960505757783,-0.12234571247853981,0.035595611303582006
t31_candidate,year,2026,710,0.24647887323943662,0.1447034048441581,0.19619820366678442,0.5964155130000387,0.10177546839527851,0.19619820366678442,0.5964155130000387,0.10177546839527851,0.0,0.0,0.49289185580774364,0.31173831985219813,0.0,0.0,-0.004088505434318657,-0.025821840668082685,-0.19357009345794396,-0.05073973100699755
t31_candidate,currency_year,AMD:2025,247,0.08906882591093117,0.20391663354657547,0.09870614166282886,0.36134957477721197,0.11484780763564431,0.09870614166282886,0.36134957477721197,0.11484780763564431,0.0,0.0,0.30787878787878786,0.06262234021090848,0.0,0.0,0.012996037294588342,0.04009781584672589,-0.14707070707070707,0.04684733827438828
t31_candidate,currency_year,AMD:2026,142,0.24647887323943662,0.15634505969821222,0.19360726388580077,0.5860150570029432,0.0901338135412244,0.19360726388580077,0.5860150570029432,0.0901338135412244,0.0,0.0,0.5100133511348465,0.3583668311521379,0.0,0.0,0.0020777599918900547,0.007201897052641737,-0.24913217623497996,-0.049574264684989794
t31_candidate,currency_year,KGS:2025,247,0.08906882591093117,0.19397182421602985,0.09743733616392722,0.35814007545179977,0.10490299830509867,0.09743733616392722,0.35814007545179977,0.10490299830509867,0.0,0.0,0.23070707070707072,0.05680812125735329,2.7755575615628914e-17,0.0,0.012499698535899287,0.03785823308063174,-0.16727272727272727,0.04329708913111311
t31_candidate,currency_year,KGS:2026,142,0.22535211267605634,0.14938653588224973,0.18029795795876932,0.5547933096061858,0.07596557679380661,0.18029795795876932,0.5547933096061858,0.07596557679380661,0.0,0.0,0.5025568181818182,0.33235767765423374,0.0,0.0,-0.00410245378209842,-0.017569474625676373,-0.24176136363636358,-0.06045670770346498
t31_candidate,currency_year,KZT:2025,247,0.0728744939271255,0.14797748169847494,0.07699115629927353,0.30166605086040144,0.07510298777134944,0.07699115629927353,0.30166605086040144,0.07510298777134944,0.0,0.0,0.2096069868995633,0.045919077706216734,0.0,0.0,0.005144298315876775,0.0030148664668003256,0.0026686074721009034,0.036205117875382005
t31_candidate,currency_year,KZT:2026,142,0.2676056338028169,0.12162810991763251,0.2170361956959182,0.6583257204590567,0.14597752388518437,0.2170361956959182,0.6583257204590567,0.14597752388518437,0.0,0.0,0.49544534412955465,0.34492166333357577,0.0,0.0,-0.008245924351524214,-0.06608484531803915,-0.1961032388663968,-0.05265704857870954
t31_candidate,currency_year,TJS:2025,247,0.145748987854251,0.18589892429998625,0.12866306908179023,0.4287856420709515,0.04727756568746346,0.12866306908179023,0.4287856420709515,0.04727756568746346,0.0,0.0,0.38704581358609796,0.1134891268696753,0.0,0.0,0.007958606555819814,0.02331015826249916,-0.2016850974196946,-0.021110492825166728
t31_candidate,currency_year,TJS:2026,142,0.21830985915492956,0.156705593942314,0.17360478890328965,0.5359354778835991,0.061604265212615555,0.17360478890328965,0.5359354778835991,0.061604265212615555,0.0,0.0,0.5312409183376925,0.36619986283916683,0.0,0.0,-0.0008675933664280266,-0.004802957126691432,-0.16129032258064524,-0.04650775335273548
t31_candidate,currency_year,UZS:2025,247,0.08502024291497975,0.16697463069793336,0.08788549238385575,0.33003279977929917,0.08195438778295364,0.08788549238385575,0.33003279977929917,0.08195438778295364,0.0,0.0,0.3453434471133586,0.06286085053539421,0.0,0.0,0.008470807451876006,0.027093728872132017,-0.08765276021913188,0.04838820621570146
t31_candidate,currency_year,UZS:2026,142,0.2746478873239437,0.13945172478038198,0.21644481189014417,0.6470080000484095,0.1351961625435617,0.21644481189014417,0.6470080000484095,0.1351961625435617,0.0,0.0,0.521782424695046,0.40203937382652144,-1.1102230246251565e-16,0.0,-0.00930431566343265,-0.04785382332264776,-0.2026387851630571,-0.05331857311096405
t31_selected,ALL,ALL,1945,0.15115681233933162,0.16695530723430602,0.13380589918486416,0.44375764911883003,0.04835525084205696,0.13380589918486416,0.44375764911883003,0.04835525084205696,0.0,0.0,0.3764302813796627,0.11280972250000651,0.0,0.0,0.004484994774131945,0.007257619203224708,-0.18410610761566892,0.0015803101847138984
t31_selected,currency,AMD,389,0.14652956298200515,0.18655117471246854,0.13334871070052037,0.4433611389830059,0.06650367780997837,0.13334871070052037,0.4433611389830059,0.06650367780997837,0.0,0.0,0.34295075036990064,0.1057931312494992,0.0,0.0,0.009010445065839853,0.028089537006726006,-0.22785880363559508,0.04475028199506775
t31_selected,currency,KGS,389,0.13881748071979436,0.1776964747471435,0.12768465825870248,0.4299260889477453,0.06281016541247524,0.12768465825870248,0.4299260889477453,0.06281016541247524,0.0,0.0,0.3144278606965174,0.09606975577905773,0.0,0.0,0.006439272754008102,0.017624982452622118,-0.2288004422332781,0.017517345081369984
t31_selected,currency,KZT,389,0.14395886889460155,0.13835894495585377,0.12811299587337005,0.4318605832074684,0.005599923938747781,0.12811299587337005,0.4318605832074684,0.005599923938747781,0.0,0.0,0.2937580437580437,0.09710841049758866,-5.551115123125783e-17,0.0,0.00025635070978183294,-0.022209192847973902,-0.20093307593307597,-0.06955591057296837
t31_selected,currency,TJS,389,0.17223650385604114,0.17524223301260974,0.14506852978783885,0.4678994638843087,0.0525073634575704,0.14506852978783885,0.4678994638843087,0.0525073634575704,0.0,0.0,0.4472976731250579,0.14870855350945245,0.0,0.0,0.004736703242300022,0.013047787092151986,-0.13340131639936964,0.012883726086541099
t31_selected,currency,UZS,389,0.15424164524421594,0.15692770874345446,0.13481460130388906,0.4457409705716222,0.05435512359151312,0.13481460130388906,0.4457409705716222,0.05435512359151312,0.0,0.0,0.3681357649442756,0.11622900728556843,0.0,0.0,0.0019822020987299294,-0.0002650176874020582,-0.2047619047619048,-0.008775490593871518
t31_selected,year,2025,1235,0.09635627530364373,0.17974789889179998,0.09793663911833511,0.3559948285879327,0.08339162358815624,0.09793663911833511,0.3559948285879327,0.08339162358815624,0.0,0.0,0.3686937140447577,0.07030676838928362,0.0,0.0,0.00941388963081205,0.026274960505757783,-0.12234571247853981,0.035595611303582006
t31_selected,year,2026,710,0.24647887323943662,0.1447034048441581,0.19619820366678442,0.5964155130000387,0.10177546839527851,0.19619820366678442,0.5964155130000387,0.10177546839527851,0.0,0.0,0.49289185580774364,0.31173831985219813,0.0,0.0,-0.004088505434318657,-0.025821840668082685,-0.19357009345794396,-0.05073973100699755
t31_selected,currency_year,AMD:2025,247,0.08906882591093117,0.20391663354657547,0.09870614166282886,0.36134957477721197,0.11484780763564431,0.09870614166282886,0.36134957477721197,0.11484780763564431,0.0,0.0,0.30787878787878786,0.06262234021090848,0.0,0.0,0.012996037294588342,0.04009781584672589,-0.14707070707070707,0.04684733827438828
t31_selected,currency_year,AMD:2026,142,0.24647887323943662,0.15634505969821222,0.19360726388580077,0.5860150570029432,0.0901338135412244,0.19360726388580077,0.5860150570029432,0.0901338135412244,0.0,0.0,0.5100133511348465,0.3583668311521379,0.0,0.0,0.0020777599918900547,0.007201897052641737,-0.24913217623497996,-0.049574264684989794
t31_selected,currency_year,KGS:2025,247,0.08906882591093117,0.19397182421602985,0.09743733616392722,0.35814007545179977,0.10490299830509867,0.09743733616392722,0.35814007545179977,0.10490299830509867,0.0,0.0,0.23070707070707072,0.05680812125735329,2.7755575615628914e-17,0.0,0.012499698535899287,0.03785823308063174,-0.16727272727272727,0.04329708913111311
t31_selected,currency_year,KGS:2026,142,0.22535211267605634,0.14938653588224973,0.18029795795876932,0.5547933096061858,0.07596557679380661,0.18029795795876932,0.5547933096061858,0.07596557679380661,0.0,0.0,0.5025568181818182,0.33235767765423374,0.0,0.0,-0.00410245378209842,-0.017569474625676373,-0.24176136363636358,-0.06045670770346498
t31_selected,currency_year,KZT:2025,247,0.0728744939271255,0.14797748169847494,0.07699115629927353,0.30166605086040144,0.07510298777134944,0.07699115629927353,0.30166605086040144,0.07510298777134944,0.0,0.0,0.2096069868995633,0.045919077706216734,0.0,0.0,0.005144298315876775,0.0030148664668003256,0.0026686074721009034,0.036205117875382005
t31_selected,currency_year,KZT:2026,142,0.2676056338028169,0.12162810991763251,0.2170361956959182,0.6583257204590567,0.14597752388518437,0.2170361956959182,0.6583257204590567,0.14597752388518437,0.0,0.0,0.49544534412955465,0.34492166333357577,0.0,0.0,-0.008245924351524214,-0.06608484531803915,-0.1961032388663968,-0.05265704857870954
t31_selected,currency_year,TJS:2025,247,0.145748987854251,0.18589892429998625,0.12866306908179023,0.4287856420709515,0.04727756568746346,0.12866306908179023,0.4287856420709515,0.04727756568746346,0.0,0.0,0.38704581358609796,0.1134891268696753,0.0,0.0,0.007958606555819814,0.02331015826249916,-0.2016850974196946,-0.021110492825166728
t31_selected,currency_year,TJS:2026,142,0.21830985915492956,0.156705593942314,0.17360478890328965,0.5359354778835991,0.061604265212615555,0.17360478890328965,0.5359354778835991,0.061604265212615555,0.0,0.0,0.5312409183376925,0.36619986283916683,0.0,0.0,-0.0008675933664280266,-0.004802957126691432,-0.16129032258064524,-0.04650775335273548
t31_selected,currency_year,UZS:2025,247,0.08502024291497975,0.16697463069793336,0.08788549238385575,0.33003279977929917,0.08195438778295364,0.08788549238385575,0.33003279977929917,0.08195438778295364,0.0,0.0,0.3453434471133586,0.06286085053539421,0.0,0.0,0.008470807451876006,0.027093728872132017,-0.08765276021913188,0.04838820621570146
t31_selected,currency_year,UZS:2026,142,0.2746478873239437,0.13945172478038198,0.21644481189014417,0.6470080000484095,0.1351961625435617,0.21644481189014417,0.6470080000484095,0.1351961625435617,0.0,0.0,0.521782424695046,0.40203937382652144,-1.1102230246251565e-16,0.0,-0.00930431566343265,-0.04785382332264776,-0.2026387851630571,-0.05331857311096405
hedge_e025_g000,ALL,ALL,1945,0.15115681233933162,0.14063506553695312,0.11965529239778404,0.39281792880388444,0.039527788451365786,0.13380589918486416,0.44375764911883003,0.04835525084205696,-0.01415060678708012,-0.05093972031494559,0.7323905940328888,0.37262966241873124,0.35596031265322603,-0.008827462390691175,-0.009665612012948174,-0.043682101111720884,0.1718542050375571,-0.007247152205977277
hedge_e025_g000,currency,AMD,389,0.14652956298200515,0.15250714284297132,0.11465419919761616,0.37936151395299306,0.07151599049381788,0.13334871070052037,0.4433611389830059,0.06650367780997837,-0.018694511502904215,-0.06399962503001283,0.7781124497991967,0.45444670932225456,0.43516169942929606,0.005012312683839504,-0.009684066437064362,-0.035910088023286824,0.20730289579370098,0.04976259467890726
hedge_e025_g000,currency,KGS,389,0.13881748071979436,0.1307158791910253,0.11070992293291519,0.36761950065291255,0.026416066620307217,0.12768465825870248,0.4299260889477453,0.06281016541247524,-0.01697473532578729,-0.062306588294832765,0.7817578772802652,0.4348540523869116,0.46733001658374784,-0.03639409879216802,-0.010535462571779189,-0.04468160584221065,0.23852957435046973,-0.018876753710798035
hedge_e025_g000,currency,KZT,389,0.14395886889460155,0.12537502887000385,0.11814720357025091,0.39323279657608395,0.03124599179139993,0.12811299587337005,0.4318605832074684,0.005599923938747781,-0.009965792303119142,-0.03862778663138444,0.6552445302445303,0.301812137789917,0.36148648648648657,0.02564606785265215,-0.009709441593337309,-0.060836979479358344,0.16055341055341066,-0.043909842720316214
hedge_e025_g000,currency,TJS,389,0.17223650385604114,0.1589246683435023,0.1325867787549377,0.424407926996697,0.05693323849053485,0.14506852978783885,0.4678994638843087,0.0525073634575704,-0.01248175103290114,-0.043491536887611704,0.7420506164828032,0.40100540652822925,0.2947529433577453,0.004425875032964453,-0.007745047790601117,-0.030443749795459718,0.16135162695837568,0.017309601119505552
hedge_e025_g000,currency,UZS,389,0.15424164524421594,0.13565260843726276,0.12217835753320022,0.39946790584073555,0.04301329091839974,0.13481460130388906,0.4457409705716222,0.05435512359151312,-0.012636243770688838,-0.04627306473088666,0.7252786220871327,0.44982457052495894,0.3571428571428571,-0.01134183267311338,-0.010654041671958908,-0.04653808241828872,0.15238095238095228,-0.0201173232669849
hedge_e025_g000,year,2025,1235,0.09635627530364373,0.13805058190146266,0.0851003500833989,0.3102095532026847,0.06290768068068486,0.09793663911833511,0.3559948285879327,0.08339162358815624,-0.012836289034936207,-0.045785275385248014,0.6828182886057649,0.25914666219732657,0.3141245745610072,-0.02048394290747138,-0.0034223994041241573,-0.01951031487949023,0.19177886208246736,0.015111668396110625
hedge_e025_g000,year,2026,710,0.24647887323943662,0.14513061101558794,0.1797614244516793,0.5365099624200559,0.1013482622238487,0.19619820366678442,0.5964155130000387,0.10177546839527851,-0.016436779215105113,-0.059905550579982814,0.7611428571428572,0.48619773233869257,0.2682510013351136,-0.0004272061714298142,-0.02052528464942377,-0.0857273912480655,0.07468090787716963,-0.051166937178427366
hedge_e025_g000,currency_year,AMD:2025,247,0.08906882591093117,0.14917170034966096,0.08132609666008783,0.3032913997438252,0.0952304903054875,0.09870614166282886,0.36134957477721197,0.11484780763564431,-0.017380045002741026,-0.05805817503338678,0.6806060606060607,0.32821114697598613,0.3727272727272728,-0.019617317330156814,-0.004384007708152685,-0.01796035918666089,0.22565656565656572,0.027230020944231464
hedge_e025_g000,currency_year,AMD:2026,142,0.24647887323943662,0.1583089336587999,0.17262632121711963,0.5116806562745737,0.11051525778525535,0.19360726388580077,0.5860150570029432,0.0901338135412244,-0.02098094266868114,-0.0743344007283695,0.8205607476635514,0.5779244135937799,0.3105473965287049,0.020381444244030947,-0.018903182676791086,-0.06713250367572776,0.061415220293724926,-0.029192820440958847
hedge_e025_g000,currency_year,KGS:2025,247,0.08906882591093117,0.1265789059477252,0.07904977450746224,0.29207658702671313,0.03751008003679399,0.09743733616392722,0.35814007545179977,0.10490299830509867,-0.018387561656464976,-0.06606348842508664,0.7195959595959597,0.3049038904667381,0.488888888888889,-0.06739291826830468,-0.0058878631205656895,-0.028205255344454894,0.3216161616161617,-0.024095829137191563
hedge_e025_g000,currency_year,KGS:2026,142,0.22535211267605634,0.13791188194521634,0.16578074448986507,0.4990216109745412,0.10369997903887224,0.18029795795876932,0.5547933096061858,0.07596557679380661,-0.01451721346890425,-0.055771698631644606,0.8,0.5490555118049947,0.29744318181818186,0.027734402245065626,-0.01861966725100267,-0.07334117325732098,0.05568181818181828,-0.03272230545839935
hedge_e025_g000,currency_year,KZT:2025,247,0.0728744939271255,0.12219038302992279,0.07126305840062955,0.278532700117069,0.05787927822916236,0.07699115629927353,0.30166605086040144,0.07510298777134944,-0.00572809789864398,-0.023133350743332448,0.4793789422610383,0.07416588078661242,0.26977195536147497,-0.017223709542187077,-0.0005837995827672054,-0.020118484276532123,0.27244056283357587,0.018981408333194928
hedge_e025_g000,currency_year,KZT:2026,142,0.2676056338028169,0.13091451846507443,0.1996992025624796,0.592746344642117,0.13669111533774247,0.2170361956959182,0.6583257204590567,0.14597752388518437,-0.01733699313343859,-0.06557937581693973,0.7295040485829959,0.4660600600838972,0.23405870445344124,-0.009286408547441893,-0.025582917484962803,-0.1316642211349789,0.037955465587044435,-0.06194345712615143
hedge_e025_g000,currency_year,TJS:2025,247,0.145748987854251,0.1595822040255566,0.1166552912666797,0.38725075043789525,0.06643956049438901,0.12866306908179023,0.4287856420709515,0.04727756568746346,-0.012007777815110532,-0.04153489163305624,0.7418378093733544,0.37418764014486017,0.35479199578725645,0.01916199480692555,-0.004049171259290718,-0.018224733370557078,0.15310689836756186,-0.0019484980182411793
hedge_e025_g000,currency_year,TJS:2026,142,0.21830985915492956,0.15778092669936564,0.16029859149859774,0.48904048058841554,0.08774029485867105,0.17360478890328965,0.5359354778835991,0.061604265212615555,-0.01330619740469191,-0.04689499729518354,0.7529787852368497,0.46811098438041926,0.2217378668991572,0.026136029646055492,-0.014173790771119937,-0.05169795442187497,0.06044754431851196,-0.020371723706679987
hedge_e025_g000,currency_year,UZS:2025,247,0.08502024291497975,0.1327297161544477,0.0772075295821352,0.2898963286879205,0.072630681804008,0.08788549238385575,0.33003279977929917,0.08195438778295364,-0.01067796280172055,-0.04013647109137869,0.6761483354403708,0.2921805807161735,0.33080488832701216,-0.009323705978945634,-0.0022071553498445445,-0.013042742219246672,0.24315212810788028,0.039064500236755825
hedge_e025_g000,currency_year,UZS:2026,142,0.2746478873239437,0.14073679430948335,0.20040226249033438,0.5900607196206323,0.1339110930144603,0.21644481189014417,0.6470080000484095,0.1351961625435617,-0.016042549399809786,-0.05694728042777719,0.7575304953945731,0.6057466045214631,0.23574807069952697,-0.0012850695291014014,-0.025346865063242435,-0.10480110375042495,0.03310928553646997,-0.05460364264006545
hedge_e025_g001,ALL,ALL,1945,0.15115681233933162,0.1580558163428348,0.12368343363117275,0.40780105250246373,0.04082721040957049,0.13380589918486416,0.44375764911883003,0.04835525084205696,-0.01012246555369141,-0.0359565966163663,0.6880513562178353,0.3328782487244565,0.3116210748381726,-0.00752804043248647,-0.005637470779559464,-0.02869897741314159,0.12751496722250366,-0.005947730247772572
hedge_e025_g001,currency,AMD,389,0.14652956298200515,0.17593109749329267,0.12016404009634904,0.400064987870661,0.08842047475526234,0.13334871070052037,0.4433611389830059,0.06650367780997837,-0.013184670604171334,-0.04329615111234486,0.7537518495032763,0.3959081426096789,0.4108010991333757,0.021916796945283964,-0.00417422553833148,-0.015206614105618854,0.18294229549778063,0.06666707894035172
hedge_e025_g001,currency,KGS,389,0.13881748071979436,0.15423900620581726,0.11491584667671301,0.38556461469512154,0.04849715947205552,0.12768465825870248,0.4299260889477453,0.06281016541247524,-0.012768811581989475,-0.04436147425262377,0.7428966279712549,0.38791828987267263,0.4284687672747375,-0.014313005940419718,-0.006329538827981374,-0.02673649180000165,0.19966832504145937,0.003204339140950266
hedge_e025_g001,currency,KZT,389,0.14395886889460155,0.13626294815305287,0.12110210191076778,0.4029387342976929,0.011300700293667995,0.12811299587337005,0.4318605832074684,0.005599923938747781,-0.007010893962602266,-0.028921848909775505,0.61990561990562,0.2164795807662281,0.3261475761475762,0.005700776354920214,-0.006754543252820433,-0.05113104175774941,0.1252145002145003,-0.06385513421804816
hedge_e025_g001,currency,TJS,389,0.17223650385604114,0.17057082445595292,0.13620255227006592,0.4371867594889264,0.05352558022002272,0.14506852978783885,0.4678994638843087,0.0525073634575704,-0.008865977517772933,-0.030712704395382318,0.7278205247056642,0.4439440876066299,0.28052285158060625,0.001018216762452319,-0.004129274275472911,-0.017664917303230332,0.1471215351812366,0.013901942848993418
hedge_e025_g001,currency,UZS,389,0.15424164524421594,0.1532752054060584,0.126032627201968,0.4132501661599167,0.020613061384247088,0.13481460130388906,0.4457409705716222,0.05435512359151312,-0.008781974101921053,-0.03249080441170549,0.6923505572441743,0.3448870472854628,0.3242147922998987,-0.033742062207266034,-0.0067997720031911235,-0.032755822099107545,0.11945288753799388,-0.04251755280113755
hedge_e025_g001,year,2025,1235,0.09635627530364373,0.15682641097382907,0.08884638926598724,0.32508509721908474,0.06047013567018534,0.09793663911833511,0.3559948285879327,0.08339162358815624,-0.009090249852347868,-0.030909731368847948,0.6252823710129213,0.21831189400567114,0.2565886569681636,-0.022921487917970905,0.00032363977846418257,-0.004634770863090165,0.13424294448962376,0.012674123385611101
hedge_e025_g001,year,2026,710,0.24647887323943662,0.16019428906216174,0.18428026432272782,0.5516802141573552,0.08761689885674745,0.19619820366678442,0.5964155130000387,0.10177546839527851,-0.011917939344056605,-0.04473529884268346,0.7267610146862483,0.500738432160387,0.23386915887850468,-0.014158569538531063,-0.01600644477837526,-0.07055713951076614,0.04029906542056072,-0.06489830054552861
hedge_e025_g001,currency_year,AMD:2025,247,0.08906882591093117,0.1740447384077101,0.08694740719415614,0.32446510512938337,0.08497591249677892,0.09870614166282886,0.36134957477721197,0.11484780763564431,-0.011758734468672719,-0.0368844696478286,0.6222222222222222,0.2115283005450795,0.31434343434343437,-0.029871895138865387,0.0012373028259156232,0.0032133461988972933,0.1672727272727273,0.01697544313552289
hedge_e025_g001,currency_year,AMD:2026,142,0.24647887323943662,0.17921229956469326,0.17794226775016347,0.5315661923572498,0.12491868071090032,0.19360726388580077,0.5860150570029432,0.0901338135412244,-0.015664996135637294,-0.05444886464569343,0.8277703604806408,0.6260147152277311,0.3177570093457943,0.03478486716967591,-0.013587236143747239,-0.04724696759305169,0.06862483311081435,-0.014789397515313885
hedge_e025_g001,currency_year,KGS:2025,247,0.08906882591093117,0.1503209255602795,0.08344459203055192,0.3109989009325801,0.06723187016057679,0.09743733616392722,0.35814007545179977,0.10490299830509867,-0.013992744133375298,-0.047141174519219675,0.6282828282828283,0.1895106790491781,0.39757575757575764,-0.03767112814452188,-0.0014930455974760115,-0.009282941438587933,0.23030303030303034,0.005625960986591232
hedge_e025_g001,currency_year,KGS:2026,142,0.22535211267605634,0.16105425915967525,0.16965809947672558,0.5152669477891197,0.06429785351638105,0.18029795795876932,0.5547933096061858,0.07596557679380661,-0.01063985848204374,-0.039526361817066036,0.7928977272727273,0.5693505299405044,0.29034090909090915,-0.01166772327742556,-0.01474231226414216,-0.05709583644274241,0.04857954545454557,-0.07212443098089054
hedge_e025_g001,currency_year,KZT:2025,247,0.0728744939271255,0.13856050600182115,0.07340924995182457,0.28749042258226876,0.06568601207469565,0.07699115629927353,0.30166605086040144,0.07510298777134944,-0.0035819063474489543,-0.01417562827813268,0.4112081513828239,0.07688029944454636,0.2016011644832606,-0.009416975696653784,0.0015623919684278204,-0.011160761811332354,0.2042697719553615,0.02678814217872822
hedge_e025_g001,currency_year,KZT:2026,142,0.2676056338028169,0.13226649189498413,0.2040607951069578,0.603753755380156,0.13662654379106506,0.2170361956959182,0.6583257204590567,0.14597752388518437,-0.012975400588960406,-0.05457196507890072,0.7586032388663968,0.49269048108433117,0.26315789473684215,-0.009350980094119304,-0.02122132494048462,-0.12065681039693987,0.06705465587044535,-0.06200802867282884
hedge_e025_g001,currency_year,TJS:2025,247,0.145748987854251,0.17102714635818578,0.11936766727212958,0.39711154254175307,0.05099730139098518,0.12866306908179023,0.4287856420709515,0.04727756568746346,-0.009295401809660653,-0.03167409952919842,0.7368351764086362,0.4203058060743643,0.3497893628225382,0.003719735703521715,-0.001336795253840839,-0.00836394126669926,0.1481042654028436,-0.017390757121645013
hedge_e025_g001,currency_year,TJS:2026,142,0.21830985915492956,0.1697770814288296,0.16548576772422272,0.5068950593899951,0.057923361000109086,0.17360478890328965,0.5359354778835991,0.061604265212615555,-0.008119021179066932,-0.029040418493603948,0.7244986922406278,0.5413274460815314,0.1932577739029353,-0.0036809042125064695,-0.008986614545494959,-0.03384337562029538,0.031967451322290064,-0.05018865756524195
hedge_e025_g001,currency_year,UZS:2025,247,0.08502024291497975,0.15017873854114885,0.081063029881274,0.3053595149094385,0.06515849562616913,0.08788549238385575,0.33003279977929917,0.08195438778295364,-0.0068224625025817415,-0.024673284869860646,0.5935524652338812,0.16252886777276093,0.24820901812052254,-0.01679589215678451,0.0016483449492942642,0.0024204440022713714,0.16055625790139066,0.03159231405891695
hedge_e025_g001,currency_year,UZS:2026,142,0.2746478873239437,0.1586613132626264,0.20425439155556951,0.6009191158702556,0.12136074557544765,0.21644481189014417,0.6470080000484095,0.1351961625435617,-0.012190420334574653,-0.04608888417815393,0.723176499875529,0.5814873673511943,0.2013940751804829,-0.01383541696811405,-0.021494735998007303,-0.09394270750080169,-0.0012447099825740882,-0.0671539900790781
hedge_e025_g005,ALL,ALL,1945,0.15115681233933162,0.16423105419393882,0.1251438200426739,0.4130449868167555,0.042566316520482705,0.13380589918486416,0.44375764911883003,0.04835525084205696,-0.008662079142190249,-0.030712662302074534,0.6492457673560036,0.27415511376062174,0.27281548597634087,-0.005788934321574256,-0.004177084368058304,-0.023455043098849826,0.08870937836067194,-0.0042086241368603575
hedge_e025_g005,currency,AMD,389,0.14652956298200515,0.18489756062008258,0.12224293728585998,0.40726157804414403,0.08539116012636666,0.13334871070052037,0.4433611389830059,0.06650367780997837,-0.011105773414660389,-0.03609956093886185,0.7144366941450009,0.32105194501840867,0.37148594377510025,0.018887482316388288,-0.0020953283488205354,-0.008010023932135846,0.14362714013950517,0.06363776431145604
hedge_e025_g005,currency,KGS,389,0.13881748071979436,0.16387892685761007,0.11685250063250506,0.3930439199779691,0.0567387182716796,0.12768465825870248,0.4299260889477453,0.06281016541247524,-0.010832157626197422,-0.0368821689697762,0.681813156440022,0.3215944316135094,0.36738529574350465,-0.006071447140795633,-0.0043928848721893204,-0.01925718651715408,0.13858485351022654,0.011445897940574351
hedge_e025_g005,currency,KZT,389,0.14395886889460155,0.14084291170339475,0.12180821084197105,0.40533337168488975,0.015192844619709293,0.12811299587337005,0.4318605832074684,0.005599923938747781,-0.006304785031399002,-0.026527211522578642,0.5956134706134706,0.17802131409169836,0.3018554268554268,0.009592920680961512,-0.006048434321617169,-0.048736404370552544,0.10092235092235091,-0.05996298989200685
hedge_e025_g005,currency,TJS,389,0.17223650385604114,0.17270793479778732,0.13748792430958218,0.44150670087084487,0.04797397390730718,0.14506852978783885,0.4678994638843087,0.0525073634575704,-0.0075806054782566745,-0.026392763013463827,0.7162788541763234,0.4003908186251739,0.2689811810512655,-0.004533389550263223,-0.0028439022359566524,-0.013344975921311841,0.13557986465189587,0.008350336536277876
hedge_e025_g005,currency,UZS,389,0.15424164524421594,0.15882793699081937,0.12732752714345127,0.41807936350593006,0.024960960270389833,0.13481460130388906,0.4457409705716222,0.05435512359151312,-0.007487074160437784,-0.02766160706569215,0.6482776089159068,0.28824129734988324,0.2801418439716312,-0.02939416332112329,-0.005504872061707855,-0.02792662475309421,0.07537993920972641,-0.03816965391499481
hedge_e025_g005,year,2025,1235,0.09635627530364373,0.1634805424645783,0.09071018257115307,0.33183409582109413,0.06712426716093457,0.09793663911833511,0.3559948285879327,0.08339162358815624,-0.007226456547182042,-0.024160732766838555,0.5831375560977079,0.1590093716064701,0.2144438420529502,-0.01626735642722167,0.002187433083630008,0.0021142277389192277,0.09209812957441038,0.019328254876360335
hedge_e025_g005,year,2026,710,0.24647887323943662,0.16553652177951667,0.18503895001074186,0.5543061845345608,0.08626762237451466,0.19619820366678442,0.5964155130000387,0.10177546839527851,-0.011159253656042561,-0.04210932846547788,0.690146862483311,0.424633799290044,0.1972550066755674,-0.015507846020763855,-0.015247759090361218,-0.06793116913356056,0.003684913217623431,-0.0662475770277614
hedge_e025_g005,currency_year,AMD:2025,247,0.08906882591093117,0.1840469703250541,0.08967825274142723,0.33373034467736606,0.09497814441412292,0.09870614166282886,0.36134957477721197,0.11484780763564431,-0.009027888921401633,-0.027619230099845904,0.5533333333333332,0.15409598353358916,0.24545454545454537,-0.019869663221521394,0.003968148373186708,0.012478585746879989,0.0983838383838383,0.026977675052866884
hedge_e025_g005,currency_year,AMD:2026,142,0.24647887323943662,0.18637710852763212,0.17888714209202117,0.5351644980553705,0.1469368013024843,0.19360726388580077,0.5860150570029432,0.0901338135412244,-0.0147201217937796,-0.05085055894757273,0.7997329773030708,0.4989194122775657,0.28971962616822433,0.05680298776125989,-0.012642361801889546,-0.043648661894930996,0.04058744993324437,0.007228723076270094
hedge_e025_g005,currency_year,KGS:2025,247,0.08906882591093117,0.16134950167164508,0.08602016638873708,0.3208411102935483,0.07817592898773246,0.09743733616392722,0.35814007545179977,0.10490299830509867,-0.011417169775190139,-0.037298965158251485,0.5315151515151515,0.1616856828621539,0.3008080808080808,-0.02672706931736621,0.0010825287607091477,0.0005592679223802577,0.1335353535353535,0.0165700198137469
hedge_e025_g005,currency_year,KGS:2026,142,0.22535211267605634,0.16827870165291536,0.17048339188750994,0.5186361311896024,0.057073411023140945,0.18029795795876932,0.5547933096061858,0.07596557679380661,-0.009814566071259384,-0.03615717841658339,0.7678977272727272,0.4873732084301231,0.265340909090909,-0.018892165770665666,-0.013917019853357804,-0.053726653042259764,0.023579545454545436,-0.07934887347413064
hedge_e025_g005,currency_year,KZT:2025,247,0.0728744939271255,0.14511092141140805,0.07419955713192572,0.2904868111756121,0.07362663350757886,0.07699115629927353,0.30166605086040144,0.07510298777134944,-0.002791599167347808,-0.011179239684789344,0.4163027656477438,0.07261692204371024,0.20669577874818051,-0.001476354263770574,0.0023526991485289667,-0.008164373217989018,0.20936438622028142,0.03472876361161143
hedge_e025_g005,currency_year,KZT:2026,142,0.2676056338028169,0.13341897932396318,0.20462044652071187,0.605101684683422,0.16081300905182716,0.2170361956959182,0.6583257204590567,0.14597752388518437,-0.012415749175206325,-0.053224035775634726,0.7598684210526315,0.49678286375745356,0.26442307692307687,0.014835485166642792,-0.02066167352673054,-0.11930888109367388,0.06831983805668007,-0.037821563412066744
hedge_e025_g005,currency_year,TJS:2025,247,0.145748987854251,0.17167624323706787,0.12078547770257787,0.4019360756788379,0.05588433575411382,0.12866306908179023,0.4287856420709515,0.04727756568746346,-0.00787759137921236,-0.02684956639211361,0.7277514481305951,0.3516361195694341,0.34070563454449715,0.008606770066650359,8.101517660745461e-05,-0.003539408129614452,0.13902053712480256,-0.01250372275851637
hedge_e025_g005,currency_year,TJS:2026,142,0.21830985915492956,0.17450249687875716,0.1665407715766953,0.5103372953949695,0.04380736227617244,0.17360478890328965,0.5359354778835991,0.061604265212615555,-0.007064017326594341,-0.02559818248862955,0.6925312409183377,0.470886770602066,0.16129032258064524,-0.017796902936443114,-0.007931610693022367,-0.030401139615320982,0.0,-0.06430465628917859
hedge_e025_g005,currency_year,UZS:2025,247,0.08502024291497975,0.15521907567771634,0.08286745889109741,0.3121761372801065,0.0701988327627366,0.08788549238385575,0.33003279977929917,0.08195438778295364,-0.005018033492758339,-0.017856662499192655,0.5130636325326591,0.12858749712489936,0.16772018541930045,-0.011755555020217037,0.0034527739591176665,0.009237066372939362,0.08006742520016857,0.03663265119548442
hedge_e025_g005,currency_year,UZS:2026,142,0.2746478873239437,0.16510532251431548,0.2046629979767711,0.6022913133494401,0.1095425648096282,0.21644481189014417,0.6470080000484095,0.1351961625435617,-0.011781813913373074,-0.04471668669896944,0.6738859845655962,0.5026122864360196,0.15210355987055013,-0.025653597733933498,-0.021086129576805723,-0.0925705100216172,-0.05053522529250687,-0.07897217084489755
hedge_e025_g010,ALL,ALL,1945,0.15115681233933162,0.1655393473384606,0.1254255538560608,0.4140307020460631,0.03662009698530518,0.13380589918486416,0.44375764911883003,0.04835525084205696,-0.008380345328803357,-0.029726947072766907,0.6407289748122144,0.2594605506725548,0.26429869343255163,-0.011735153856751779,-0.0038953505546714118,-0.0224693278695422,0.08019258581688271,-0.01015484367203788
hedge_e025_g010,currency,AMD,389,0.14652956298200515,0.186697982349405,0.1226292301614476,0.4085430036072983,0.06755991418022142,0.13334871070052037,0.4433611389830059,0.06650367780997837,-0.010719480539072776,-0.034818135375707604,0.6994821390826464,0.30179619114309936,0.3565313887127458,0.0010562363702430466,-0.0017090354732329227,-0.006728598368981598,0.12867258507715074,0.0458065183653108
hedge_e025_g010,currency,KGS,389,0.13881748071979436,0.16569025667019524,0.11723170418015386,0.39442184467584984,0.054324210603597926,0.12768465825870248,0.4299260889477453,0.06281016541247524,-0.010452954078548626,-0.03550424427189547,0.6682144831398562,0.3074419251116843,0.3537866224433388,-0.00848595480887731,-0.0040136813245405245,-0.01787926181927335,0.1249861802100607,0.009031390272492675
hedge_e025_g010,currency,KZT,389,0.14395886889460155,0.14228116572666213,0.12208793408180199,0.40634676894647803,0.015636441731361583,0.12811299587337005,0.4318605832074684,0.005599923938747781,-0.006025061791568059,-0.025513814260990364,0.5836014586014586,0.16804894979800467,0.28984341484341486,0.010036517792613803,-0.005768711081786226,-0.047723007108964266,0.08891033891033895,-0.05951939278035456
hedge_e025_g010,currency,TJS,389,0.17223650385604114,0.17298169618092754,0.1376073865618262,0.44186966024781715,0.0401767531229699,0.14506852978783885,0.4678994638843087,0.0525073634575704,-0.0074611432260126564,-0.026029803636491544,0.7160470937239269,0.38459932937812547,0.268749420598869,-0.012330610334600499,-0.0027244399837126343,-0.012982016544339559,0.13534810419949939,0.0005531157519405999
hedge_e025_g010,currency,UZS,389,0.15424164524421594,0.16004563576511305,0.12757151429507438,0.41897223275287226,0.025043460831520217,0.13481460130388906,0.4457409705716222,0.05435512359151312,-0.00724308700881468,-0.026768737818749944,0.6354609929078014,0.2598737619717555,0.26732522796352587,-0.029311662759992904,-0.005260884910084751,-0.027033755506152002,0.06256332320162106,-0.03808715335386442
hedge_e025_g010,year,2025,1235,0.09635627530364373,0.16518948872669556,0.09122888674823255,0.33368086874201214,0.06883321342305182,0.09793663911833511,0.3559948285879327,0.08339162358815624,-0.006707752370102557,-0.02231395984592055,0.56802505948616,0.145605008941597,0.1993313454414023,-0.014558410165104424,0.002706137260709493,0.003961000659837233,0.07698563296286248,0.021037201138477582
hedge_e025_g010,year,2026,710,0.24647887323943662,0.16614790421948852,0.18490848889573386,0.5537941444833913,0.08595898919069372,0.19619820366678442,0.5964155130000387,0.10177546839527851,-0.011289714771050563,-0.04262136851664744,0.6898157543391188,0.42048121986489134,0.19692389853137515,-0.015816479204584788,-0.01537822020536922,-0.06844320918473012,0.003353805073431193,-0.06655621021158234
hedge_e025_g010,currency_year,AMD:2025,247,0.08906882591093117,0.1864097398318133,0.09039504264964356,0.3360791563833616,0.09734091392088216,0.09870614166282886,0.36134957477721197,0.11484780763564431,-0.008311099013185302,-0.025270418393850358,0.5282828282828282,0.14525794851120838,0.22040404040404038,-0.017506893714762148,0.004684938281403039,0.014827397452875535,0.0733333333333333,0.02934044455962613
hedge_e025_g010,currency_year,AMD:2026,142,0.24647887323943662,0.18719936193986378,0.17869855632634618,0.5345892730742866,0.14415391681199735,0.19360726388580077,0.5860150570029432,0.0901338135412244,-0.014908707559454587,-0.0514257839286566,0.8018691588785046,0.5008074443875427,0.29185580774365816,0.054020103270772946,-0.012830947567564532,-0.04422388687601486,0.042723631508678195,0.004445838585783152
hedge_e025_g010,currency_year,KGS:2025,247,0.08906882591093117,0.16382380675588384,0.08669122041427127,0.32328011708326543,0.07731312719640959,0.09743733616392722,0.35814007545179977,0.10490299830509867,-0.010746115749655949,-0.03485995836853434,0.5060606060606061,0.15651719072788128,0.2753535353535354,-0.027589871108689074,0.0017535827862433379,0.002998274712097404,0.10808080808080811,0.015707218022424037
hedge_e025_g010,currency_year,KGS:2026,142,0.22535211267605634,0.16893682800001864,0.17035494002644253,0.5181683708404159,0.056415284676037694,0.18029795795876932,0.5547933096061858,0.07596557679380661,-0.009943017932326798,-0.03662493876576989,0.7670454545454546,0.48624314306050137,0.2644886363636364,-0.019550292117768917,-0.014045471714425217,-0.05419441339144626,0.022727272727272818,-0.0800069998212339
hedge_e025_g010,currency_year,KZT:2025,247,0.0728744939271255,0.1472561845481608,0.07467359010141304,0.29227854314890284,0.0743816906210353,0.07699115629927353,0.30166605086040144,0.07510298777134944,-0.002317566197860485,-0.0093875077114986,0.4080543425521592,0.06902760250095508,0.1984473556525959,-0.0007212971503141319,0.0028267321180162897,-0.006372641244698274,0.20111596312469682,0.03548382072506787
hedge_e025_g010,currency_year,KZT:2026,142,0.2676056338028169,0.13362743580475947,0.20456218030121098,0.6047612180450771,0.16071923923487122,0.2170361956959182,0.6583257204590567,0.14597752388518437,-0.012474015394707216,-0.05356450241397959,0.7598684210526315,0.494894494456241,0.26442307692307687,0.014741715349686851,-0.02071993974623143,-0.11964934773201874,0.06831983805668007,-0.037915333229022685
hedge_e025_g010,currency_year,TJS:2025,247,0.145748987854251,0.17177212934838357,0.12100213417777197,0.40267971266959984,0.046530330509532924,0.12866306908179023,0.4287856420709515,0.04727756568746346,-0.007660934904018257,-0.026105929401351646,0.7205107951553449,0.3091016892135441,0.3334649815692469,-0.0007472351779305372,0.0002976716518015565,-0.0027957711388524875,0.13177988414955233,-0.021857728003097265
hedge_e025_g010,currency_year,TJS:2026,142,0.21830985915492956,0.17508566102345124,0.16649117063831484,0.5100380901902095,0.04322419813147836,0.17360478890328965,0.5359354778835991,0.061604265212615555,-0.007113618264974808,-0.025897387693389562,0.6977622784074398,0.47071044447549903,0.16652136006974727,-0.018380067081137194,-0.007981211631402835,-0.030700344820080994,0.005231037489102031,-0.06488782043387267
hedge_e025_g010,currency_year,UZS:2025,247,0.08502024291497975,0.15668558314923625,0.08338244639806291,0.31408681442493097,0.07166534023425648,0.08788549238385575,0.33003279977929917,0.08195438778295364,-0.0045030459857928334,-0.015945985354368197,0.48756847871892117,0.12428999844723589,0.14222503160556255,-0.010289047548697153,0.003967761466083172,0.01114774351776382,0.05457227138643067,0.03809915866700431
hedge_e025_g010,currency_year,UZS:2026,142,0.2746478873239437,0.16589023432934955,0.20443559718635487,0.6014137702669674,0.11015671261150844,0.21644481189014417,0.6470080000484095,0.1351961625435617,-0.012009214703789295,-0.04559422978144212,0.671396564600448,0.5031369362076928,0.14961413990540195,-0.02503944993205326,-0.021313530367221944,-0.09344805310408988,-0.053024645257655045,-0.07835802304301731
hedge_e050_g000,ALL,ALL,1945,0.15115681233933162,0.13699221509083265,0.1190829223195516,0.3901182470896623,0.03509342667709456,0.13380589918486416,0.44375764911883003,0.04835525084205696,-0.014722976865312556,-0.053639402029167726,0.7436021046819696,0.37598985043649,0.3671718233023069,-0.013261824164962403,-0.010237982091180611,-0.04638178282594302,0.183065715686638,-0.011681513980248505
hedge_e050_g000,currency,AMD,389,0.14652956298200515,0.14802599044510356,0.1138258395320378,0.37569012224478127,0.06392077056922728,0.13334871070052037,0.4433611389830059,0.06650367780997837,-0.019522871168482572,-0.06767101673822462,0.7888395688015218,0.4525780943211228,0.4458888184316212,-0.002582907240751095,-0.010512426102642719,-0.039581479731498614,0.21803001479602613,0.04216737475431666
hedge_e050_g000,currency,KGS,389,0.13881748071979436,0.12715456327431213,0.11018133815074016,0.3649069055588169,0.03559119100595158,0.12768465825870248,0.4299260889477453,0.06281016541247524,-0.017503320107962322,-0.06501918338892843,0.792758430071863,0.43848260351844387,0.47833056937534557,-0.027218974406523655,-0.01106404735395422,-0.04739420093630631,0.24953012714206746,-0.009701629325153671
hedge_e050_g000,currency,KZT,389,0.14395886889460155,0.12156674879555471,0.11752736056380511,0.3902299163548365,0.02239212009904685,0.12811299587337005,0.4318605832074684,0.005599923938747781,-0.01058563530956494,-0.04163066685263189,0.6738524238524238,0.31194297423806944,0.38009438009438007,0.016792196160299068,-0.010329284599783106,-0.0638398597006058,0.17916130416130416,-0.0527637144126693
hedge_e050_g000,currency,TJS,389,0.17223650385604114,0.1564925059110796,0.1323262180404636,0.42322445508703976,0.05399322856593426,0.14506852978783885,0.4678994638843087,0.0525073634575704,-0.012742311747375251,-0.044675008797268934,0.7430703624733476,0.39975266696682377,0.29577268934828965,0.0014858651083638624,-0.008005608505075229,-0.03162722170511695,0.16237137294892,0.014369591194904961
hedge_e050_g000,currency,UZS,389,0.15424164524421594,0.1317212670281132,0.12155385531071142,0.396539836202837,0.03896576148956596,0.13481460130388906,0.4457409705716222,0.05435512359151312,-0.013260745993177642,-0.049201134368785204,0.7411347517730495,0.4556031919130979,0.37299898682877397,-0.015389362101947163,-0.011278543894447712,-0.04946615205618726,0.16823708206686916,-0.02416485269581868
hedge_e050_g000,year,2025,1235,0.09635627530364373,0.1328338441788223,0.08418835097719625,0.30590872086888493,0.05623130395517149,0.09793663911833511,0.3559948285879327,0.08339162358815624,-0.013748288141138862,-0.05008610771904776,0.6992560465046233,0.26017466543211487,0.33056233245986555,-0.027160319632984757,-0.004334398510326812,-0.023811147213289974,0.20821661998132573,0.008435291670597249
hedge_e050_g000,year,2026,710,0.24647887323943662,0.14422543773355487,0.17977981754181763,0.5365953807272116,0.10225343550588178,0.19619820366678442,0.5964155130000387,0.10177546839527851,-0.016418386124966794,-0.05982013227282712,0.7615487316421895,0.48485599111411337,0.26865687583444586,0.00047796711060327235,-0.02050689155928545,-0.0856419729409098,0.0750867823765019,-0.05026176389639428
hedge_e050_g000,currency_year,AMD:2025,247,0.08906882591093117,0.14280186594438973,0.08001904428610031,0.2976141888468741,0.08237899062135869,0.09870614166282886,0.36134957477721197,0.11484780763564431,-0.01868709737672855,-0.0637353859303379,0.6997979797979799,0.31482518174127466,0.391919191919192,-0.032468817014285625,-0.005691060082140209,-0.023637570083612003,0.24484848484848493,0.014378521260102653
hedge_e050_g000,currency_year,AMD:2026,142,0.24647887323943662,0.1571130239076128,0.17263061717814027,0.5114982599157889,0.11825304135702983,0.19360726388580077,0.5860150570029432,0.0901338135412244,-0.0209766467076605,-0.07451679708715431,0.8192256341789053,0.569045415950221,0.3092122830440588,0.02811922781580542,-0.018898886715770447,-0.06731490003451257,0.060080106809078826,-0.021455036869184374
hedge_e050_g000,currency_year,KGS:2025,247,0.08906882591093117,0.1216127859861017,0.07821255709013016,0.2878849926779574,0.03254396007517053,0.09743733616392722,0.35814007545179977,0.10490299830509867,-0.019224779073797063,-0.07025508277384235,0.7373737373737373,0.2903147904493135,0.5066666666666666,-0.07235903822992813,-0.006725080537897776,-0.032396849693210605,0.33939393939393936,-0.029061949098815022
hedge_e050_g000,currency_year,KGS:2026,142,0.22535211267605634,0.1367941336277486,0.1657890066153224,0.4988816413445373,0.107807833478901,0.18029795795876932,0.5547933096061858,0.07596557679380661,-0.01450895134344693,-0.055911668261648506,0.7988636363636363,0.5479583396543729,0.29630681818181814,0.03184225668509438,-0.01861140512554535,-0.07348114288732488,0.054545454545454564,-0.028614451018370596
hedge_e050_g000,currency_year,KZT:2025,247,0.0728744939271255,0.11637384139898237,0.0702427508314009,0.2734158892846775,0.04349934747185686,0.07699115629927353,0.30166605086040144,0.07510298777134944,-0.0067484054678726285,-0.02825016157572391,0.5235322658903445,0.08262639254101792,0.3139252789907812,-0.03160364029949258,-0.0016041071519958539,-0.025235295108923583,0.3165938864628821,0.004601477575889426
hedge_e050_g000,currency_year,KZT:2026,142,0.2676056338028169,0.13059948208395866,0.19977594228143772,0.5934205127374369,0.13700615171885827,0.2170361956959182,0.6583257204590567,0.14597752388518437,-0.01726025341448048,-0.06490520772161978,0.7279858299595141,0.4653095040294701,0.23254048582995945,-0.008971372166326097,-0.025506177766004695,-0.13099005303965894,0.03643724696356265,-0.061628420745035634
hedge_e050_g000,currency_year,TJS:2025,247,0.145748987854251,0.1562130578587431,0.11629144257086867,0.3856299960984564,0.062392655970203686,0.12866306908179023,0.4287856420709515,0.04727756568746346,-0.012371626510921566,-0.043155645972495105,0.7389415481832543,0.37158919607289526,0.35189573459715634,0.015115090282740225,-0.004413019955101752,-0.019845487709995946,0.15021063717746175,-0.005995402542426503
hedge_e050_g000,currency_year,TJS:2026,142,0.21830985915492956,0.15697858808662268,0.16021769368123787,0.48861763375028006,0.09221147505573647,0.17360478890328965,0.5359354778835991,0.061604265212615555,-0.013387095222051781,-0.04731784413331902,0.7535600116245277,0.46855234136308965,0.2223190932868352,0.030607209843120917,-0.014254688588479808,-0.05212080126001045,0.06102877070618995,-0.015900543509614562
hedge_e050_g000,currency_year,UZS:2025,247,0.08502024291497975,0.1271676697058946,0.07617596010748122,0.28499853743645953,0.06698050428466558,0.08788549238385575,0.33003279977929917,0.08195438778295364,-0.011709532276374529,-0.04503426234283964,0.6989043404972608,0.2850601649479043,0.3535608933839022,-0.014973883498288057,-0.0032387248244985234,-0.01794053347070762,0.2659081331647703,0.0334143227174134
hedge_e050_g000,currency_year,UZS:2026,142,0.2746478873239437,0.1396419609618315,0.20048582795294984,0.5905588558880146,0.13500592636211214,0.21644481189014417,0.6470080000484095,0.1351961625435617,-0.015958983937194332,-0.056449144160394926,0.7575304953945731,0.6049108498189264,0.23574807069952697,-0.00019023618144956012,-0.02526329960062698,-0.10430296748304269,0.03310928553646997,-0.05350880929241361
hedge_e050_g001,ALL,ALL,1945,0.15115681233933162,0.15385501768450333,0.12295790312980256,0.4050921712573263,0.04042589948743496,0.13380589918486416,0.44375764911883003,0.04835525084205696,-0.010847996055061593,-0.03866547786150376,0.6967721067833553,0.3307749441509845,0.3203418254036926,-0.007929351354622,-0.006363001280929648,-0.03140785865827905,0.13623571778802368,-0.006349041169908101
hedge_e050_g001,currency,AMD,389,0.14652956298200515,0.17022182884689005,0.11908584221114579,0.3961218741709304,0.08313956904742972,0.13334871070052037,0.4433611389830059,0.06650367780997837,-0.01426286848937458,-0.047239264812075465,0.7533291058972733,0.3821187119207124,0.4103783555273727,0.01663589123745135,-0.005252423423534727,-0.01914972780534946,0.1825195518917776,0.0613861732325191
hedge_e050_g001,currency,KGS,389,0.13881748071979436,0.14856750450186618,0.11402977157393039,0.3819158660867569,0.03949097395548909,0.12768465825870248,0.4299260889477453,0.06281016541247524,-0.013654886684772091,-0.04801022286098838,0.7555002763957989,0.3850758794722741,0.44107241569928146,-0.023319191456986146,-0.007215613930763989,-0.030385240408366265,0.21227197346600335,-0.0058018463756161626
hedge_e050_g001,currency,KZT,389,0.14395886889460155,0.1319190065905397,0.12029441645301757,0.3998139416427339,0.012039862304061849,0.12811299587337005,0.4318605832074684,0.005599923938747781,-0.007818579420352481,-0.03204664156473447,0.6481123981123982,0.25452624027639414,0.3543543543543544,0.006439938365314068,-0.007562228710570648,-0.05425583441270837,0.1534212784212785,-0.0631159722076543
hedge_e050_g001,currency,TJS,389,0.17223650385604114,0.16920535348735685,0.1358797794205305,0.4362672852395114,0.060073865160333556,0.14506852978783885,0.4678994638843087,0.0525073634575704,-0.009188750367308346,-0.03163217864479728,0.7129415036618151,0.40831464218246183,0.26564383053675716,0.0075665017027631565,-0.004452047125008324,-0.018584391552645296,0.13224251413738752,0.020450227789304255
hedge_e050_g001,currency,UZS,389,0.15424164524421594,0.14936139499586373,0.12549970599038857,0.4113418891466988,0.02971073784782298,0.13481460130388906,0.4457409705716222,0.05435512359151312,-0.009314895313500493,-0.03439908142492343,0.6926545086119553,0.35123956157610636,0.32451874366767974,-0.024644385743690142,-0.007332693214770564,-0.034664099112325486,0.11975683890577493,-0.03341987633756166
hedge_e050_g001,year,2025,1235,0.09635627530364373,0.15160941903693825,0.08774282458977248,0.3206603319744173,0.06359611206817602,0.09793663911833511,0.3559948285879327,0.08339162358815624,-0.010193814528562634,-0.0353344966135154,0.643308936477817,0.20906985771710046,0.27461522243305925,-0.019795511519980227,-0.0007799248977505835,-0.009059536107757615,0.15226950995451943,0.01580009978360178
hedge_e050_g001,year,2026,710,0.24647887323943662,0.15776109420526788,0.1842123003085873,0.551956004376189,0.08871777903416875,0.19619820366678442,0.5964155130000387,0.10177546839527851,-0.01198590335819713,-0.04445950862384973,0.7243150867823764,0.5111712905910438,0.2314232309746328,-0.013057689361109764,-0.016074408792515787,-0.07028134929193242,0.03785313751668884,-0.06379742036810732
hedge_e050_g001,currency_year,AMD:2025,247,0.08906882591093117,0.1668227738375919,0.08531699649405418,0.31840683798330477,0.08718500767805096,0.09870614166282886,0.36134957477721197,0.11484780763564431,-0.01338914516877468,-0.0429427367939072,0.6353535353535353,0.1906975179657644,0.3274747474747475,-0.027662799957593354,-0.0003931078741863381,-0.0028449209471813064,0.1804040404040404,0.019184538316794925
hedge_e050_g001,currency_year,AMD:2026,142,0.24647887323943662,0.17613426960250025,0.17782460905707267,0.5313022540184201,0.07610278495050413,0.19360726388580077,0.5860150570029432,0.0901338135412244,-0.015782654828728093,-0.05471280298452308,0.8146862483311081,0.6226365770593867,0.30467289719626167,-0.01403102859072028,-0.013704894836838039,-0.04751090593188134,0.05554072096128171,-0.06360529327571007
hedge_e050_g001,currency_year,KGS:2025,247,0.08906882591093117,0.1432094139152573,0.08203857150093773,0.30509955927003657,0.055169266019194446,0.09743733616392722,0.35814007545179977,0.10490299830509867,-0.015398764662989492,-0.0530405161817632,0.6733333333333333,0.1948690971866397,0.44262626262626265,-0.04973373228590422,-0.002899066127090205,-0.015182283101131455,0.27535353535353535,-0.006436643154791109
hedge_e050_g001,currency_year,KGS:2026,142,0.22535211267605634,0.1578875634799816,0.16967643648962896,0.5155329631552775,0.06746454919607472,0.18029795795876932,0.5547933096061858,0.07596557679380661,-0.01062152146914036,-0.03926034645090826,0.7752840909090909,0.579456701405036,0.2727272727272727,-0.008501027597731886,-0.01472397525123878,-0.05682982107658463,0.030965909090909127,-0.06895773530119687
hedge_e050_g001,currency_year,KZT:2025,247,0.0728744939271255,0.13224923687173332,0.07234646102191021,0.2829993576629755,0.05942262936889327,0.07699115629927353,0.30166605086040144,0.07510298777134944,-0.004644695277363317,-0.01866669319742592,0.4483260553129549,0.06733287975514221,0.23871906841339158,-0.01568035840245617,0.0004996030385134576,-0.015651826730625595,0.24138767588549248,0.020524759472925834
hedge_e050_g001,currency_year,KZT:2026,142,0.2676056338028169,0.13134459194649167,0.20369684597050716,0.6030055067342857,0.13626104185632523,0.2170361956959182,0.6583257204590567,0.14597752388518437,-0.013339349725411037,-0.05532021372477103,0.757085020242915,0.4947141045286053,0.26163967611336036,-0.009716482028859136,-0.02158527407693525,-0.12140505904281018,0.06553643724696356,-0.06237353060756867
hedge_e050_g001,currency_year,TJS:2025,247,0.145748987854251,0.17013927888388308,0.11907811615946265,0.39606375289033363,0.060157424030712316,0.12866306908179023,0.4287856420709515,0.04727756568746346,-0.009584952922327583,-0.03272188918061786,0.7194576092680358,0.3770033486136918,0.33241179568193785,0.012879858343248854,-0.0016263463665077693,-0.0094117309181187,0.13072669826224326,-0.008230634481917874
hedge_e050_g001,currency_year,TJS:2026,142,0.21830985915492956,0.16758084945255416,0.16510520776900772,0.5061987816497007,0.05992851980129441,0.17360478890328965,0.5359354778835991,0.061604265212615555,-0.008499581134281925,-0.029736696233898408,0.7175239755884917,0.5415558293852892,0.1862830572507992,-0.0016757454113211431,-0.009367174500709952,-0.03453965336058984,0.02499273467015395,-0.04818349876405662
hedge_e050_g001,currency_year,UZS:2025,247,0.08502024291497975,0.14562639167622562,0.07993397777249771,0.30073215206543624,0.06060614876124593,0.08788549238385575,0.33003279977929917,0.08195438778295364,-0.00795151461135804,-0.029300647713862926,0.6243152128107881,0.19242703207002454,0.27897176569742943,-0.021348239021707703,0.0005192928405179653,-0.0022069188417309094,0.19131900547829755,0.027039967193993757
hedge_e050_g001,currency_year,UZS:2026,142,0.2746478873239437,0.15585819654481164,0.2047584022567198,0.6037405163232609,0.1240888110566568,0.21644481189014417,0.6470080000484095,0.1351961625435617,-0.011686409633424377,-0.04326748372514866,0.7064973861090366,0.5764985927249718,0.18471496141399046,-0.011107351486904907,-0.020990725296857027,-0.09112130704779642,-0.017923823749066536,-0.06442592459786896
hedge_e050_g005,ALL,ALL,1945,0.15115681233933162,0.16158151370215426,0.12475478452005968,0.4115940587226646,0.04125627175042898,0.13380589918486416,0.44375764911883003,0.04835525084205696,-0.009051114664804474,-0.03216359039616545,0.6590213311248183,0.29085188213925883,0.2825910497451556,-0.007098979091627981,-0.004566119890672529,-0.024905971192940746,0.09848494212948666,-0.005518668906914083
hedge_e050_g005,currency,AMD,389,0.14652956298200515,0.18149765322946695,0.1216841028040972,0.4053068873993601,0.08753756002071424,0.13334871070052037,0.4433611389830059,0.06650367780997837,-0.01166460789642318,-0.03805425158364578,0.7293912492073558,0.32917809112725777,0.3864404988374551,0.021033882210735863,-0.002654162830583326,-0.009964714576919775,0.15858169520186005,0.06578416420580362
hedge_e050_g005,currency,KGS,389,0.13881748071979436,0.16053073062433457,0.11636045442656552,0.3911395707450078,0.05257355936101986,0.12768465825870248,0.4299260889477453,0.06281016541247524,-0.011324203832136961,-0.038786518202737486,0.6982863460475401,0.33355089478610195,0.38385848535102274,-0.010236606051455377,-0.00488493107812886,-0.021161535750115368,0.15505804311774463,0.007280739029914607
hedge_e050_g005,currency,KZT,389,0.14395886889460155,0.13772374100032586,0.12122423704788932,0.40305502429621903,0.010433526083939625,0.12811299587337005,0.4318605832074684,0.005599923938747781,-0.006888758825480734,-0.028805558911249363,0.6221578721578722,0.20272576913275153,0.32839982839982845,0.004833602145191844,-0.006632408115698901,-0.051014751759223265,0.12746675246675254,-0.06472230842777651
hedge_e050_g005,currency,TJS,389,0.17223650385604114,0.17179022452374795,0.13733417016668312,0.441025100233163,0.052815611695141915,0.14506852978783885,0.4678994638843087,0.0525073634575704,-0.007734359621155734,-0.026874363651145705,0.7094650968758691,0.4239813669383222,0.2621674237508112,0.0003082482375715151,-0.002997656378855712,-0.01382657655899372,0.12876610735144156,0.013191974324112614
hedge_e050_g005,currency,UZS,389,0.15424164524421594,0.15636521913289614,0.12717095815506335,0.4174437109395728,0.02064274200034552,0.13481460130388906,0.4457409705716222,0.05435512359151312,-0.007643643148825707,-0.028297259632049432,0.6515197568389057,0.30728210244079385,0.28338399189463015,-0.0337123815911676,-0.005661441050095778,-0.02856227731945149,0.07862208713272534,-0.04248787218503912
hedge_e050_g005,year,2025,1235,0.09635627530364373,0.1600119663378333,0.08979612383702537,0.32842808658309586,0.06455923105266773,0.09793663911833511,0.3559948285879327,0.08339162358815624,-0.00814051528130974,-0.02756674200483683,0.6098385590795458,0.174187547695814,0.24114484503478806,-0.018832392535488518,0.0012733743495023098,-0.0012917814990790477,0.11879913255624824,0.016763218768093488
hedge_e050_g005,year,2026,710,0.24647887323943662,0.16431164186403657,0.18556315908843632,0.5562559961767031,0.08236992599435558,0.19619820366678442,0.5964155130000387,0.10177546839527851,-0.010635044578348102,-0.04015951682333563,0.6796368491321763,0.42524953781088204,0.18674499332443262,-0.01940554240092293,-0.014723550012666758,-0.06598135749141831,-0.0068251001335113415,-0.07014527340792048
hedge_e050_g005,currency_year,AMD:2025,247,0.08906882591093117,0.17944499542744854,0.08843779958899116,0.329488683690443,0.09037616951651738,0.09870614166282886,0.36134957477721197,0.11484780763564431,-0.0102683420738377,-0.03186089108676898,0.6006060606060606,0.15452106273336563,0.2927272727272727,-0.024471638119126934,0.002727695220750642,0.00823692475995691,0.14565656565656565,0.022375700155261344
hedge_e050_g005,currency_year,AMD:2026,142,0.24647887323943662,0.18506812137804823,0.1795139400867112,0.5371878473719129,0.11815599856386436,0.19360726388580077,0.5860150570029432,0.0901338135412244,-0.014093323799089563,-0.048827209631030266,0.7885180240320426,0.5021603301744777,0.27850467289719616,0.02802218502263995,-0.012015563807199509,-0.04162531257838853,0.029372496662216196,-0.021552079662349843
hedge_e050_g005,currency_year,KGS:2025,247,0.08906882591093117,0.15675841526695547,0.084929465703556,0.3166976655543182,0.07536260371860062,0.09743733616392722,0.35814007545179977,0.10490299830509867,-0.012507870460371218,-0.04144240989748155,0.5802020202020202,0.14774249503342102,0.34949494949494947,-0.029540394586498042,-8.171924471930825e-06,-0.0035841768168498045,0.18222222222222217,0.013756694544615068
hedge_e050_g005,currency_year,KGS:2026,142,0.22535211267605634,0.16709243409808555,0.17103266720532148,0.5206265466752917,0.05825967857797079,0.18029795795876932,0.5547933096061858,0.07596557679380661,-0.009265290753447841,-0.034166762930894046,0.7485795454545454,0.5009175621863025,0.24602272727272723,-0.01770589821583582,-0.013367744535546261,-0.05173623755657042,0.0042613636363636465,-0.0781626059193008
hedge_e050_g005,currency_year,KZT:2025,247,0.0728744939271255,0.14087989930984707,0.07319720765505926,0.2865519196093705,0.06800540538272154,0.07699115629927353,0.30166605086040144,0.07510298777134944,-0.0037939486442142706,-0.015114131251030949,0.4461426491994177,0.07652429583697355,0.2365356622998544,-0.007097582388627899,0.001350349671662504,-0.012099264784230623,0.2392042697719553,0.029107535486754106
hedge_e050_g005,currency_year,KZT:2026,142,0.2676056338028169,0.1322338036591164,0.20476421071006554,0.6057047908993995,0.13638530323847817,0.2170361956959182,0.6583257204590567,0.14597752388518437,-0.012271984985852663,-0.05262092955965714,0.7672064777327935,0.5105643537909074,0.27176113360323884,-0.009592220646706201,-0.020517909337376877,-0.11870577487769629,0.07565789473684204,-0.06224926922541574
hedge_e050_g005,currency_year,TJS:2025,247,0.145748987854251,0.17091665080603935,0.1204202747728944,0.40060579558541587,0.054531076754546305,0.12866306908179023,0.4287856420709515,0.04727756568746346,-0.008242794308895837,-0.02817984648553562,0.7286729857819906,0.36755295102164415,0.3416271721958926,0.007253511067082843,-0.0002841877530760234,-0.004869688223036461,0.13994207477619802,-0.013856981758083885
hedge_e050_g005,currency_year,TJS:2026,142,0.21830985915492956,0.17330975063835372,0.16675481919672408,0.5113319188810048,0.04983166895096665,0.17360478890328965,0.5359354778835991,0.061604265212615555,-0.006849969706565567,-0.024603559002594255,0.6806160999709386,0.49657699365231617,0.14937518163324615,-0.011772596261648907,-0.007717563072993594,-0.029406516129285687,-0.011915140947399094,-0.058280349614384386
hedge_e050_g005,currency_year,UZS:2025,247,0.08502024291497975,0.15205987087887604,0.08199587146462602,0.30879636847593184,0.0670396279638963,0.08788549238385575,0.33003279977929917,0.08195438778295364,-0.005889620919229732,-0.02123643130336733,0.5541508638853772,0.13764270791230573,0.20880741677201853,-0.014914759819057335,0.0025811865326462735,0.0058572975687646855,0.12115465655288665,0.033473446396644124
hedge_e050_g005,currency_year,UZS:2026,142,0.2746478873239437,0.1638540995465789,0.20575015824335927,0.6064288770559061,0.11079378777736475,0.21644481189014417,0.6470080000484095,0.1351961625435617,-0.010694653646784902,-0.040579122992503436,0.6512322628827484,0.49028569992274995,0.12944983818770228,-0.024402374766196958,-0.01999896931021755,-0.0884329463151512,-0.07318894697535472,-0.07772094787716101
hedge_e050_g010,ALL,ALL,1945,0.15115681233933162,0.16383461498937213,0.1252315976533109,0.41328987405280515,0.04006074586974519,0.13380589918486416,0.44375764911883003,0.04835525084205696,-0.008574301531553252,-0.030467775066024883,0.6452448938388198,0.271223985237264,0.26881461245915705,-0.008294504972311774,-0.004089306757421307,-0.023210155862800175,0.08470850484348813,-0.0067141947875978755
hedge_e050_g010,currency,AMD,389,0.14652956298200515,0.18461084929883056,0.12234734015540838,0.40754994254281846,0.0770898330735317,0.13334871070052037,0.4433611389830059,0.06650367780997837,-0.011001370545111994,-0.03581119644018743,0.7098922003804692,0.3221946704708576,0.36694145001056855,0.010586155263553332,-0.0019909254792721404,-0.007721659433461425,0.13908264637497347,0.055336437258621085
hedge_e050_g010,currency,KGS,389,0.13881748071979436,0.1636326735615079,0.11698366900436459,0.39345627638844705,0.05871553524000075,0.12768465825870248,0.4299260889477453,0.06281016541247524,-0.010700989254337892,-0.036469812559298265,0.6734107241569929,0.3207907888251028,0.3589828634604755,-0.004094630172474488,-0.00426171650032979,-0.018844830106676147,0.13018242122719736,0.013422714908895496
hedge_e050_g010,currency,KZT,389,0.14395886889460155,0.14033598604679526,0.12171260338431081,0.4048945368768915,0.015693533179471975,0.12811299587337005,0.4318605832074684,0.005599923938747781,-0.006400392489059242,-0.02696604633057692,0.6001716001716001,0.17934794674989935,0.30641355641355633,0.010093609240724194,-0.006144041779277409,-0.04917523917855082,0.10548048048048042,-0.05946230133224417
hedge_e050_g010,currency,TJS,389,0.17223650385604114,0.1721541442615462,0.1375219182436758,0.4415632344980636,0.045584828044200665,0.14506852978783885,0.4678994638843087,0.0525073634575704,-0.007546611544163057,-0.02633622938624508,0.7141003059237971,0.39471682502711924,0.2668026327987392,-0.006922535413369735,-0.0028099083018630344,-0.013288442294093095,0.13340131639936958,0.005961190673171364
hedge_e050_g010,currency,UZS,389,0.15424164524421594,0.15843942177818074,0.1275924574787949,0.418985379957805,0.0205566027514281,0.13481460130388906,0.4457409705716222,0.05435512359151312,-0.007222143825094146,-0.026755590613817215,0.6355116514690983,0.2734074107496598,0.2673758865248227,-0.03379852084008502,-0.005239941726364217,-0.027020608301219273,0.06261398176291788,-0.04257401143395654
hedge_e050_g010,year,2025,1235,0.09635627530364373,0.16301824817396457,0.09065412989647091,0.33158175292110764,0.06666197287032083,0.09793663911833511,0.3559948285879327,0.08339162358815624,-0.0072825092218642,-0.024413075666825046,0.5841842113189362,0.15298298412374456,0.21549049727417846,-0.016729650717835415,0.00213138040894785,0.001861884838932737,0.09314478479563865,0.01886596058574659
hedge_e050_g010,year,2026,710,0.24647887323943662,0.16525463332321488,0.18537691128668748,0.5554159720776592,0.08684268970896136,0.19619820366678442,0.5964155130000387,0.10177546839527851,-0.010821292380096936,-0.04099954092237945,0.680437917222964,0.4150203236550838,0.18754606141522034,-0.01493277868631715,-0.014909797814415593,-0.06682138159046214,-0.006024032042723615,-0.0656725096933147
hedge_e050_g010,currency_year,AMD:2025,247,0.08906882591093117,0.18362511851545457,0.08963562281600711,0.33354518836166325,0.0945562926045234,0.09870614166282886,0.36134957477721197,0.11484780763564431,-0.009070518846821751,-0.02780438641554872,0.5525252525252525,0.15382410631737814,0.24464646464646467,-0.020291515031120907,0.0039255184477665905,0.012293429431177172,0.0975757575757576,0.02655582324326737
hedge_e050_g010,currency_year,AMD:2026,142,0.24647887323943662,0.18632546552061838,0.17924729918943735,0.5362765219987714,0.11865907970993483,0.19360726388580077,0.5860150570029432,0.0901338135412244,-0.014359964696363414,-0.0497385350041718,0.7906542056074766,0.49595985275840404,0.2806408544726301,0.028525266168710428,-0.01228220470447336,-0.042536637951530065,0.031508678237650134,-0.021048998516279366
hedge_e050_g010,currency_year,KGS:2025,247,0.08906882591093117,0.16107062957990734,0.08602908844798604,0.32082528147614453,0.0780081698257425,0.09743733616392722,0.35814007545179977,0.10490299830509867,-0.011408247715941178,-0.037314793975655236,0.5288888888888889,0.16122802192200386,0.29818181818181816,-0.02689482847935616,0.0010914508199581091,0.0005434391049765064,0.13090909090909086,0.01640226065175695
hedge_e050_g010,currency_year,KGS:2026,142,0.22535211267605634,0.1680891866844329,0.17082719997214973,0.51979328866548,0.05726292599162345,0.18029795795876932,0.5547933096061858,0.07596557679380661,-0.009470757986619588,-0.035000020940705756,0.7480113636363637,0.477428482423606,0.24545454545454548,-0.01870265080218316,-0.013573211768718008,-0.05256949556638213,0.003693181818181901,-0.07915935850564815
hedge_e050_g010,currency_year,KZT:2025,247,0.0728744939271255,0.14476431951726568,0.07402343996328273,0.2897907620137258,0.07500783081680962,0.07699115629927353,0.30166605086040144,0.07510298777134944,-0.0029677163359908,-0.011875288846675658,0.42843279961183894,0.07859285599813129,0.21882581271227564,-9.51569545398212e-05,0.002176581979885975,-0.008860422379875332,0.22149442018437654,0.036109960920842184
hedge_e050_g010,currency_year,KZT:2026,142,0.2676056338028169,0.1326331806439347,0.20466488060257798,0.6051102579416937,0.16166485134570902,0.2170361956959182,0.6583257204590567,0.14597752388518437,-0.012371315093340218,-0.05321546251736298,0.7697368421052632,0.5163504900004106,0.2742914979757085,0.015687327460524647,-0.020617239444864432,-0.11930030783540213,0.07818825910931171,-0.03696972111818489
hedge_e050_g010,currency_year,TJS:2025,247,0.145748987854251,0.17098145300927425,0.12072610198524333,0.40165875393529094,0.05394618294176749,0.12866306908179023,0.4287856420709515,0.04727756568746346,-0.007936967096546899,-0.027126888135660554,0.7315692469720906,0.3468874664072302,0.3445234333859926,0.006668617254304031,2.1639459272915218e-05,-0.0038167298731613952,0.14283833596629802,-0.014441875570862697
hedge_e050_g010,currency_year,TJS:2026,142,0.21830985915492956,0.17419396636937146,0.16673717610165337,0.5109745492797879,0.044115892785558115,0.17360478890328965,0.5359354778835991,0.061604265212615555,-0.00686761280163628,-0.02496092860381116,0.6817785527462946,0.46363327957917577,0.15053763440860213,-0.01748837242705744,-0.007735206168064307,-0.029763885730502593,-0.010752688172043112,-0.06399612577979291
hedge_e050_g010,currency_year,UZS:2025,247,0.08502024291497975,0.15464972024792098,0.08285639626983536,0.31208877881871333,0.06962947733294123,0.08788549238385575,0.33003279977929917,0.08195438778295364,-0.005029096114020387,-0.017944020960585838,0.5099030762747576,0.12787550746703258,0.164559629161399,-0.01232491045001241,0.0034417113378556186,0.009149707911546179,0.07690686894226711,0.03606329576568905
hedge_e050_g010,currency_year,UZS:2026,142,0.2746478873239437,0.1650313673977171,0.2054080005676189,0.6049252425025627,0.11101637070309792,0.21644481189014417,0.6470080000484095,0.1351961625435617,-0.011036811322525264,-0.04208275754584678,0.6504854368932039,0.4684428640049036,0.12870301219815783,-0.024179791840463788,-0.020341126985957914,-0.08993658086849454,-0.07393577296489917,-0.07749836495142784
hedge_e100_g000,ALL,ALL,1945,0.15115681233933162,0.13569343132858017,0.11884780549151239,0.3888535852671775,0.033789374820615385,0.13380589918486416,0.44375764911883003,0.04835525084205696,-0.01495809369335177,-0.05490406385165253,0.7486598515844861,0.3772834445128505,0.3722295702048234,-0.014565876021441576,-0.010473098919219825,-0.04764644464842782,0.18812346258915447,-0.012985565836727678
hedge_e100_g000,currency,AMD,389,0.14652956298200515,0.1465332158720567,0.11351429346607397,0.37416782747023364,0.06242540771517103,0.13334871070052037,0.4433611389830059,0.06650367780997837,-0.0198344172344464,-0.06919331151277225,0.7940181779750581,0.4542703061336412,0.4510674276051575,-0.004078270094807344,-0.010823972168606547,-0.04110377450604624,0.22320862396956243,0.04067201190026041
hedge_e100_g000,currency,KGS,389,0.13881748071979436,0.12600263624257335,0.10998652779602637,0.36378885668482447,0.03782698243888103,0.12768465825870248,0.4299260889477453,0.06281016541247524,-0.017698130462676112,-0.06613723226292084,0.796849087893864,0.43895193509855573,0.4824212271973466,-0.024983182973594205,-0.01125885770866801,-0.048512249810298724,0.2536207849640685,-0.007465837892224221
hedge_e100_g000,currency,KZT,389,0.14395886889460155,0.12032780204876657,0.11729641089039823,0.38893845134714417,0.02363106684583495,0.12811299587337005,0.4318605832074684,0.005599923938747781,-0.01081658498297182,-0.04292213186032423,0.6825933075933076,0.3154848315468989,0.38883526383526384,0.01803114290708717,-0.010560234273189986,-0.06513132470829813,0.18790218790218793,-0.051524767665881196
hedge_e100_g000,currency,TJS,389,0.17223650385604114,0.15533701973763595,0.13213810384976518,0.42225368089830834,0.052819477572419844,0.14506852978783885,0.4678994638843087,0.0525073634575704,-0.01293042593807367,-0.04564578298600036,0.7454343190877909,0.3999484031448962,0.298136645962733,0.0003121141148494447,-0.008193722695773648,-0.032597995893848375,0.16473532956336334,0.013195840201390543
hedge_e100_g000,currency,UZS,389,0.15424164524421594,0.13026648274186817,0.1213036914552981,0.39511910993537674,0.039174638923942004,0.13481460130388906,0.4457409705716222,0.05435512359151312,-0.013510909848590963,-0.050621860636245464,0.7484295845997974,0.45691327303536977,0.3802938196555218,-0.015180484667571117,-0.011528707749861034,-0.05088687832364752,0.17553191489361697,-0.023955975261442636
hedge_e100_g000,year,2025,1235,0.09635627530364373,0.13079661856378333,0.08381828705521649,0.3039179983791983,0.05418700146788873,0.09793663911833511,0.3559948285879327,0.08339162358815624,-0.014118352063118622,-0.05207683020873438,0.7081865004066142,0.26091261379320624,0.33949278636185654,-0.02920462212026751,-0.004704462432306572,-0.0258018697029766,0.21714707388331672,0.006390989183314495
hedge_e100_g000,year,2026,710,0.24647887323943662,0.14421112677157177,0.17977943263070306,0.5365936554173947,0.10226774646786486,0.19619820366678442,0.5964155130000387,0.10177546839527851,-0.01641877103608136,-0.05982185758264402,0.7616234979973298,0.48493918992272206,0.2687316421895861,0.0004922780725863524,-0.020507276470400015,-0.08564369825072671,0.07516154873164216,-0.0502474529344112
hedge_e100_g000,currency_year,AMD:2025,247,0.08906882591093117,0.14046131902905531,0.07952907139989646,0.2952211092881189,0.08003497707802873,0.09870614166282886,0.36134957477721197,0.11484780763564431,-0.019177070262932402,-0.06612846548909307,0.7105050505050505,0.31486081830785595,0.40262626262626267,-0.03481283055761558,-0.006181032968344061,-0.026030649642367176,0.2555555555555556,0.012034507716772697
hedge_e100_g000,currency_year,AMD:2026,142,0.24647887323943662,0.15709489559192522,0.17262943325724195,0.5114906400827854,0.11826079654495425,0.19360726388580077,0.5860150570029432,0.0901338135412244,-0.02097783062855882,-0.07452441692015777,0.8192256341789053,0.569045415950221,0.3092122830440588,0.028126983003729844,-0.018900070636668764,-0.06732251986751603,0.060080106809078826,-0.02144728168125995
hedge_e100_g000,currency_year,KGS:2025,247,0.08906882591093117,0.1198083966973933,0.07790621523520629,0.2861278495560386,0.03073957078646213,0.09743733616392722,0.35814007545179977,0.10490299830509867,-0.019531120928720933,-0.07201222589576117,0.7456565656565656,0.288072763676259,0.5149494949494948,-0.07416342751863654,-0.007031422392821646,-0.03415399281512943,0.3476767676767676,-0.030866338387523427
hedge_e100_g000,currency_year,KGS:2026,142,0.22535211267605634,0.13677712333876677,0.16578819823632607,0.49887525640883945,0.1078026459232969,0.18029795795876932,0.5547933096061858,0.07596557679380661,-0.014509759722443255,-0.05591805319734633,0.7988636363636363,0.5479583396543729,0.29630681818181814,0.03183706912949029,-0.018612213504541675,-0.0734875278230227,0.054545454545454564,-0.02861963857397469
hedge_e100_g000,currency_year,KZT:2025,247,0.0728744939271255,0.11442598873544192,0.06987803818095123,0.271374356041076,0.04155149480831641,0.07699115629927353,0.30166605086040144,0.07510298777134944,-0.007113118118322298,-0.03029169481932542,0.5451237263464338,0.08683319592297246,0.3355167394468705,-0.03355149296303303,-0.0019688198024455233,-0.027276828352525095,0.3381853469189714,0.0026536249123489744
hedge_e100_g000,currency_year,KZT:2026,142,0.2676056338028169,0.13059363224870454,0.19977766482866163,0.5934337438865727,0.13701200155411233,0.2170361956959182,0.6583257204590567,0.14597752388518437,-0.017258530867256566,-0.06489197657248402,0.7279858299595141,0.4653095040294701,0.23254048582995945,-0.008965522331072034,-0.02550445521878078,-0.13097682189052318,0.03643724696356265,-0.06162257090978157
hedge_e100_g000,currency_year,TJS:2025,247,0.145748987854251,0.15440086814072923,0.11599635180078625,0.3841072523724776,0.060552951596550456,0.12866306908179023,0.4287856420709515,0.04727756568746346,-0.012666717281003978,-0.044678389698473875,0.7423644023170088,0.3715600729500523,0.3553185887309109,0.013275385909086994,-0.004708110725184164,-0.021368231435974716,0.15363349131121629,-0.007835106916079734
hedge_e100_g000,currency_year,TJS:2026,142,0.21830985915492956,0.15696539610690322,0.16021565847017216,0.4886069755876054,0.09221470963305697,0.17360478890328965,0.5359354778835991,0.061604265212615555,-0.013389130433117485,-0.04732850229599367,0.7535600116245277,0.46855234136308965,0.2223190932868352,0.03061044442044142,-0.014256723799545512,-0.0521314594226851,0.06102877070618995,-0.01589730893229406
hedge_e100_g000,currency_year,UZS:2025,247,0.08502024291497975,0.12488652021629691,0.07578175865924222,0.2827594246382806,0.06469627955294693,0.08788549238385575,0.33003279977929917,0.08195438778295364,-0.012103733724613527,-0.04727337514101859,0.7109144542772861,0.28588348127831165,0.36557100716392743,-0.017258108230006702,-0.0036329262727375217,-0.020179646268886575,0.27791824694479556,0.031130097985694757
hedge_e100_g000,currency_year,UZS:2026,142,0.2746478873239437,0.13962458657155902,0.2004862083611136,0.5905616611211706,0.1350233007523846,0.21644481189014417,0.6470080000484095,0.1351961625435617,-0.015958603529030557,-0.05644633892723894,0.7580283793876027,0.6057971079515614,0.2362459546925566,-0.00017286179117709244,-0.025262919192463207,-0.1043001622498867,0.0336071695294996,-0.053491434902141144
hedge_e100_g001,ALL,ALL,1945,0.15115681233933162,0.1515917599004423,0.12270387320248179,0.4040352006006387,0.041591143549130884,0.13380589918486416,0.44375764911883003,0.04835525084205696,-0.011102025982382371,-0.039722448518191344,0.6921449379267153,0.31663745071242644,0.31571465654705255,-0.006764107292926078,-0.006617031208250426,-0.03246482931496664,0.13160854893138363,-0.005183797108212179
hedge_e100_g001,currency,AMD,389,0.14652956298200515,0.16745395840525365,0.11855732029273518,0.3939943130039627,0.08295871333457984,0.13334871070052037,0.4433611389830059,0.06650367780997837,-0.014791390407785196,-0.04936682597904318,0.746565208201226,0.365492676523564,0.4036144578313253,0.016455035524601466,-0.005780945341945343,-0.021277288972317177,0.17575565419573025,0.06120531751966922
hedge_e100_g001,currency,KGS,389,0.13881748071979436,0.14591711456415926,0.1137494929141846,0.38052679558981933,0.028887921298698258,0.12768465825870248,0.4299260889477453,0.06281016541247524,-0.013935165344517886,-0.04939929335792598,0.7432835820895524,0.35011488694463166,0.42885572139303496,-0.03392224411377698,-0.007495892590509784,-0.03177431090530386,0.20005527915975685,-0.016404899032406994
hedge_e100_g001,currency,KZT,389,0.14395886889460155,0.12862156278788567,0.11980720014130827,0.39763857596972707,0.01533730610671586,0.12811299587337005,0.4318605832074684,0.005599923938747781,-0.008305795732061777,-0.034222007237741325,0.6631274131274132,0.27190727785522995,0.3693693693693694,0.00973738216796808,-0.008049445022279944,-0.05643120008571523,0.16843629343629352,-0.059818528405000286
hedge_e100_g001,currency,TJS,389,0.17223650385604114,0.16842736337544248,0.13587070296300144,0.43645544720800356,0.0684789436248958,0.14506852978783885,0.4678994638843087,0.0525073634575704,-0.009197826824837413,-0.03144401667630514,0.6975062575322146,0.38329793854749183,0.2502085844071567,0.015971580167325403,-0.004461123582537391,-0.018396229584153156,0.11680726800778707,0.0288553062538665
hedge_e100_g001,currency,UZS,389,0.15424164524421594,0.1475388003694704,0.12553464970117947,0.41156087123168067,0.035141781501166786,0.13481460130388906,0.4457409705716222,0.05435512359151312,-0.009279951602709585,-0.03418009933994154,0.6822188449848023,0.32960741069181826,0.31408308004052676,-0.019213342090346336,-0.007297749503979656,-0.0344451170273436,0.10932117527862195,-0.027988832684217854
hedge_e100_g001,year,2025,1235,0.09635627530364373,0.14798256459140025,0.0872049234535372,0.3179226830057564,0.06204134250088096,0.09793663911833511,0.3559948285879327,0.08339162358815624,-0.010731715664797914,-0.03807214558217631,0.6544230595463991,0.18416906253983864,0.2857293455016414,-0.021350281087275283,-0.0013178260339858638,-0.011797185076418526,0.1633836330231016,0.014245330216306723
hedge_e100_g001,year,2026,710,0.24647887323943662,0.15786972638870558,0.18445204635733614,0.5538224671213142,0.08860914685073107,0.19619820366678442,0.5964155130000387,0.10177546839527851,-0.01174615730944828,-0.04259304587872448,0.6998985313751669,0.5018118639558369,0.20700667556742325,-0.013166321544547444,-0.015834662743766936,-0.06841488654680716,0.01343658210947929,-0.063906052551545
hedge_e100_g001,currency_year,AMD:2025,247,0.08906882591093117,0.16204795147251214,0.08444067363763567,0.31445309751207623,0.08462614168362902,0.09870614166282886,0.36134957477721197,0.11484780763564431,-0.014265468025193184,-0.04689647726513574,0.6545454545454545,0.1847093086199088,0.3466666666666667,-0.030221665952015295,-0.0012694307306048425,-0.006798661418409846,0.1995959595959596,0.016625672322372984
hedge_e100_g001,currency_year,AMD:2026,142,0.24647887323943662,0.17685736483051526,0.17790106482660545,0.5323512160074555,0.08005832740348723,0.19360726388580077,0.5860150570029432,0.0901338135412244,-0.01570619905919532,-0.05366384099548771,0.7855807743658211,0.6157150147568529,0.2755674232309746,-0.010075486137737177,-0.013628439067305265,-0.046461943942845974,0.026435246995994643,-0.05964975082272697
hedge_e100_g001,currency_year,KGS:2025,247,0.08906882591093117,0.1387106275958208,0.08132346471407273,0.3014747586050736,0.049641801684889617,0.09743733616392722,0.35814007545179977,0.10490299830509867,-0.01611387144985449,-0.056665316846726155,0.6943434343434344,0.18356394469608356,0.4636363636363637,-0.05526119662020905,-0.003614172913955202,-0.018807083766094412,0.2963636363636364,-0.011964107489095939
hedge_e100_g001,currency_year,KGS:2026,142,0.22535211267605634,0.15845234189640992,0.1701525137974778,0.5180328035844122,0.06963380423545928,0.18029795795876932,0.5547933096061858,0.07596557679380661,-0.010145444161291511,-0.03676050602177361,0.7318181818181818,0.5423604896642239,0.22926136363636362,-0.006331772558347326,-0.014247897943389931,-0.05432998064744998,-0.012499999999999956,-0.0667884802618123
hedge_e100_g001,currency_year,KZT:2025,247,0.0728744939271255,0.12779541107732953,0.07165302222184772,0.27961966289507306,0.06427166843798758,0.07699115629927353,0.30166605086040144,0.07510298777134944,-0.00533813407742581,-0.022046387965328373,0.4798641436196021,0.07012294242843463,0.2702571567200388,-0.010831319333361858,-0.00019383576154903548,-0.019031521498528048,0.2729257641921397,0.025373798542020147
hedge_e100_g001,currency_year,KZT:2026,142,0.2676056338028169,0.13005860132666994,0.2035683406068489,0.6029249951911321,0.13754703247614697,0.2170361956959182,0.6583257204590567,0.14597752388518437,-0.013467855089069308,-0.05540072526792461,0.7548076923076922,0.504237106887474,0.2593623481781375,-0.0084304914090374,-0.021713779440593522,-0.12148557058596376,0.06325910931174072,-0.061087539987746936
hedge_e100_g001,currency_year,TJS:2025,247,0.145748987854251,0.16897417174077756,0.11919851735638386,0.39618568845477653,0.06494288268574927,0.12866306908179023,0.4287856420709515,0.04727756568746346,-0.009464551725406375,-0.03259995361617496,0.7018167456556083,0.3058072379396599,0.3147709320695103,0.01766531699828581,-0.0015059451695865617,-0.0092897953536758,0.1130858346498157,-0.0034451758268809196
hedge_e100_g001,currency_year,TJS:2026,142,0.21830985915492956,0.1674762248808103,0.16487091313789265,0.5065021402505887,0.07462969751200288,0.17360478890328965,0.5359354778835991,0.061604265212615555,-0.008733875765396998,-0.02943333763301037,0.7027027027027027,0.5426894214318952,0.17146178436501025,0.013025432299387324,-0.009601469131825024,-0.0342362947597018,0.01017146178436501,-0.033482321053348155
hedge_e100_g001,currency_year,UZS:2025,247,0.08502024291497975,0.14238466107056116,0.07940893933774602,0.2978802075617823,0.06683924545582888,0.08788549238385575,0.33003279977929917,0.08195438778295364,-0.008476553046109725,-0.03215259221751687,0.6517067003792667,0.1712368875765843,0.3063632532659081,-0.015115142327124756,-5.745594233719231e-06,-0.005058863345384856,0.2187104930467762,0.033273063888576704
hedge_e100_g001,currency_year,UZS:2026,142,0.2746478873239437,0.15650409900912246,0.20576739941785596,0.6093011805729829,0.12083339684994389,0.21644481189014417,0.6470080000484095,0.1351961625435617,-0.010677412472288206,-0.037706819475426645,0.6671645506596964,0.5471218119209557,0.14538212596465028,-0.014362765693617816,-0.019981728135720855,-0.0855606427980744,-0.05725665919840672,-0.06768133880458187
hedge_e100_g005,ALL,ALL,1945,0.15115681233933162,0.15811127375115444,0.12433483130275087,0.40988575626739854,0.03669756457954543,0.13380589918486416,0.44375764911883003,0.04835525084205696,-0.009471067882113285,-0.033871892851431495,0.6656818996526533,0.288999412792744,0.2892516182729906,-0.011657686262511534,-0.00498607310798134,-0.026614273648206788,0.1051455106573217,-0.010077376077797635
hedge_e100_g005,currency,AMD,389,0.14652956298200515,0.17713804124560315,0.12104332253326269,0.4028601830103961,0.08138698748171894,0.13334871070052037,0.4433611389830059,0.06650367780997837,-0.01230538816725768,-0.040500955972609776,0.734147114774889,0.3273637414318143,0.3911963644049884,0.014883309671740563,-0.003294943101417827,-0.01241141896588377,0.16333756076939332,0.05963359166680832
hedge_e100_g005,currency,KGS,389,0.13881748071979436,0.15614636325040976,0.11584977673678759,0.38894932034516916,0.03373835636099384,0.12768465825870248,0.4299260889477453,0.06281016541247524,-0.011834881521914892,-0.04097676860257615,0.7070757324488668,0.3197140823921528,0.3926478717523494,-0.029071809051481393,-0.00539560876790679,-0.023351786149954035,0.16384742951907127,-0.011554463970111409
hedge_e100_g005,currency,KZT,389,0.14395886889460155,0.13343216711009526,0.12050523210168876,0.40003962040729424,0.01695951971319944,0.12811299587337005,0.4318605832074684,0.005599923938747781,-0.007607763771681292,-0.03182096280017416,0.6554054054054055,0.2473377529507268,0.3616473616473617,0.01135959577445166,-0.007351413061899459,-0.05403015564814806,0.1607142857142858,-0.05819631479851671
hedge_e100_g005,currency,TJS,389,0.17223650385604114,0.17059049493383616,0.13714087926049587,0.4404126118802026,0.05549233429908182,0.14506852978783885,0.4678994638843087,0.0525073634575704,-0.007927650527342983,-0.02748685200410611,0.6969500324464633,0.3936455239201936,0.24965235932140534,0.0029849708415114196,-0.003190947285042961,-0.014439064911954125,0.1162510429220357,0.01586869692805252
hedge_e100_g005,currency,UZS,389,0.15424164524421594,0.15324930221582794,0.12713494588151947,0.41716704569393054,0.023396846540438915,0.13481460130388906,0.4457409705716222,0.05435512359151312,-0.007679655422369591,-0.02857392487769167,0.6519250253292808,0.27022628941729926,0.2837892603850052,-0.030958277051074207,-0.005697453323639662,-0.028838942565093728,0.07902735562310037,-0.039733767644945725
hedge_e100_g005,year,2025,1235,0.09635627530364373,0.1555912762348001,0.08878182798431616,0.3243388507243576,0.06250198219987071,0.09793663911833511,0.3559948285879327,0.08339162358815624,-0.009154811134018948,-0.0316559778635751,0.6356435047137134,0.17332522026328123,0.26694979066895574,-0.02088964138828553,0.0002590784967931026,-0.005381017357817319,0.14460407819041593,0.014705969915296477
hedge_e100_g005,year,2026,710,0.24647887323943662,0.16249464971270042,0.1861770272158028,0.5586891764725472,0.08405766970384819,0.19619820366678442,0.5964155130000387,0.10177546839527851,-0.010021176450981634,-0.037726336527491466,0.6654846461949265,0.42546343217082555,0.1725927903871829,-0.017717798691430323,-0.01410968188530029,-0.06354817719557415,-0.020977303070761066,-0.06845752969842787
hedge_e100_g005,currency_year,AMD:2025,247,0.08906882591093117,0.17356703349894795,0.08705817376888172,0.3243791723315014,0.08449820758801677,0.09870614166282886,0.36134957477721197,0.11484780763564431,-0.011647967893947134,-0.03697040244571059,0.6406060606060606,0.16403525535945515,0.33272727272727276,-0.030349600047627545,0.001348069400641208,0.0031274134010153,0.1856565656565657,0.016497738226760733
hedge_e100_g005,currency_year,AMD:2026,142,0.24647887323943662,0.18334958288943312,0.18015833482060137,0.5393729269377694,0.08263222524334932,0.19360726388580077,0.5860150570029432,0.0901338135412244,-0.0134489290651994,-0.046642130065173815,0.7660881174899867,0.5087197360671193,0.25607476635514026,-0.007501588297875089,-0.011371169073309345,-0.03944023301253208,0.006942590120160297,-0.05707585298286488
hedge_e100_g005,currency_year,KGS:2025,247,0.08906882591093117,0.15089582482969985,0.08371405791704417,0.31171708521461544,0.06182699891876869,0.09743733616392722,0.35814007545179977,0.10490299830509867,-0.013723278246883047,-0.046422990237184325,0.6371717171717172,0.15539129201495164,0.4064646464646465,-0.04307599938632998,-0.0012235797109837604,-0.008564757156552583,0.23919191919191918,0.0002210897447831317
hedge_e100_g005,currency_year,KGS:2026,142,0.22535211267605634,0.16527934205263053,0.1717478228528201,0.5232898983539492,0.06007277062342578,0.18029795795876932,0.5547933096061858,0.07596557679380661,-0.008550135105949236,-0.031503411252236546,0.7107954545454546,0.48664926290050664,0.20823863636363638,-0.01589280617038083,-0.012652588888047656,-0.04907288587791292,-0.033522727272727204,-0.07634951387384581
hedge_e100_g005,currency_year,KZT:2025,247,0.0728744939271255,0.1354385368115634,0.07199293611702663,0.2815059041510921,0.06256404288443784,0.07699115629927353,0.30166605086040144,0.07510298777134944,-0.004998220182246896,-0.020160146709309323,0.48762736535662304,0.07486442899107541,0.27802037845705974,-0.012538944886911596,0.00014607813362987887,-0.017145280242508998,0.28068898592916064,0.02366617298847041
hedge_e100_g005,currency_year,KZT:2026,142,0.2676056338028169,0.12994221417866836,0.2048892962440236,0.606221507134632,0.13803065050970842,0.2170361956959182,0.6583257204590567,0.14597752388518437,-0.012146899451894594,-0.05210421332442472,0.7785931174089068,0.5452938064134061,0.28314777327935214,-0.007946873375475949,-0.020392823803418808,-0.11818905864246387,0.08704453441295534,-0.060603921954185486
hedge_e100_g005,currency_year,TJS:2025,247,0.145748987854251,0.16999773349072103,0.12007938966103908,0.39924532990555023,0.05362471490396688,0.12866306908179023,0.4287856420709515,0.04727756568746346,-0.008583679420751153,-0.02954031216540126,0.7202474986835176,0.33921615714778386,0.3332016850974196,0.006347149216503416,-0.0006250728649313392,-0.0062301539029021025,0.131516587677725,-0.014763343608663312
hedge_e100_g005,currency_year,TJS:2026,142,0.21830985915492956,0.17162156589474764,0.16681825905673411,0.5120204896811825,0.05874093986664083,0.17360478890328965,0.5359354778835991,0.061604265212615555,-0.0067865298465555335,-0.023914988202416554,0.6663760534728277,0.49049266032935146,0.1351351351351352,-0.002863325345974728,-0.00765412321298356,-0.028717945329107986,-0.026155187445510042,-0.04937107869871021
hedge_e100_g005,currency_year,UZS:2025,247,0.08502024291497975,0.14805725254306845,0.08106458245758923,0.3048467620190287,0.06303700962808867,0.08788549238385575,0.33003279977929917,0.08195438778295364,-0.006820909926266522,-0.025186037760270452,0.6106194690265486,0.11679719534722263,0.26527602191319,-0.018917378154864967,0.0016498975256094839,0.0019076911118615647,0.17762326169405812,0.029470828060836493
hedge_e100_g005,currency_year,UZS:2026,142,0.2746478873239437,0.16228054354802232,0.20727142310483476,0.6125410602552032,0.11236734377592125,0.21644481189014417,0.6470080000484095,0.1351961625435617,-0.009173388785309405,-0.034466939793206364,0.6196166293253672,0.4485191786910657,0.09783420463032111,-0.022828818767640452,-0.018477704448742055,-0.08232076311585412,-0.10480458053273589,-0.0761473918786045
hedge_e100_g010,ALL,ALL,1945,0.15115681233933162,0.16092133240408124,0.1248920300292358,0.41193156181202,0.040662636892425844,0.13380589918486416,0.44375764911883003,0.04835525084205696,-0.008913869155628362,-0.031826087306810025,0.6536463161884984,0.27489580686071413,0.2772160348088357,-0.007692613949631118,-0.004428874381496417,-0.024568468103585317,0.0931099271931668,-0.006112303764917219
hedge_e100_g010,currency,AMD,389,0.14652956298200515,0.18106618391425547,0.12183578233379613,0.40566321212370454,0.08204260769087982,0.13334871070052037,0.4433611389830059,0.06650367780997837,-0.01151292836672424,-0.037697926859301345,0.7207250052842951,0.31484590103749,0.3777742549143944,0.015538929880901442,-0.0025024833008843866,-0.009608389852575339,0.14991545127879935,0.060289211875969195
hedge_e100_g010,currency,KGS,389,0.13881748071979436,0.16009720266063032,0.11656224383695739,0.39172423977865733,0.05224140583478844,0.12768465825870248,0.4299260889477453,0.06281016541247524,-0.011122414421745094,-0.038201849169087976,0.684964068546158,0.3110540146463189,0.3705362078496406,-0.010568759577686798,-0.0046831416677369925,-0.020576866716465858,0.14173576561636247,0.006948585503683186
hedge_e100_g010,currency,KZT,389,0.14395886889460155,0.13692003432876457,0.12109032680103028,0.402391265882232,0.019952949050890133,0.12811299587337005,0.4318605832074684,0.005599923938747781,-0.007022669072339768,-0.029469317325236388,0.6307915057915058,0.20445368217777002,0.337033462033462,0.014353025112142353,-0.006766318362557935,-0.05167851017321029,0.1361003861003861,-0.05520288546082601
hedge_e100_g010,currency,TJS,389,0.17223650385604114,0.17079641939169363,0.13735207021810447,0.44093063503173674,0.05827665243988518,0.14506852978783885,0.4678994638843087,0.0525073634575704,-0.00771645956973438,-0.026968828852571958,0.7105311949568924,0.3919722718597224,0.2632335218318345,0.0057692889823147825,-0.0029797563274343575,-0.013921041760419972,0.12983220543246488,0.01865301506885588
hedge_e100_g010,currency,UZS,389,0.15424164524421594,0.15572682172506216,0.1276197269562907,0.41894845624376925,0.017791353062412796,0.13481460130388906,0.4457409705716222,0.05435512359151312,-0.007194874347598357,-0.026792514327852957,0.6322188449848024,0.2540144830591079,0.26408308004052683,-0.03656377052910033,-0.005212672248868427,-0.027057532015255015,0.05932117527862202,-0.04533926112297185
hedge_e100_g010,year,2025,1235,0.09635627530364373,0.1593417267907851,0.08974477090009518,0.32812508558426134,0.06640094543359398,0.09793663911833511,0.3559948285879327,0.08339162358815624,-0.008191868218239931,-0.027869743003671343,0.6102527032318303,0.16367380263167738,0.24155898918707264,-0.01699067815456226,0.001222021412572119,-0.0015947824979135605,0.11921327670853282,0.018604933149019745
hedge_e100_g010,year,2026,710,0.24647887323943662,0.1636689562525612,0.1860284596411917,0.5577076155321353,0.08840391198935992,0.19619820366678442,0.5964155130000387,0.10177546839527851,-0.01016974402559273,-0.038707897467903374,0.6691375166889185,0.3985753381728017,0.17624566088117488,-0.013371556405918597,-0.014258249459911387,-0.06452973813598606,-0.017324432576769078,-0.06411128741291615
hedge_e100_g010,currency_year,AMD:2025,247,0.08906882591093117,0.178879600090903,0.08842731421339665,0.3293420005053219,0.08981077417997187,0.09870614166282886,0.36134957477721197,0.11484780763564431,-0.010278827449432204,-0.03200757427189005,0.5955555555555556,0.1444117644476003,0.28767676767676775,-0.025037033455672444,0.0027172098451561377,0.008090241574835844,0.14060606060606068,0.021810304818715834
hedge_e100_g010,currency_year,AMD:2026,142,0.24647887323943662,0.18486960788867843,0.1799476951911107,0.5384191224739898,0.11202502928417568,0.19360726388580077,0.5860150570029432,0.0901338135412244,-0.013659568694690066,-0.04759593452895339,0.7714285714285715,0.4726296747977528,0.261415220293725,0.021891215742951275,-0.011581808702800012,-0.04039403747631165,0.01228304405874503,-0.02768304894203852
hedge_e100_g010,currency_year,KGS:2025,247,0.08906882591093117,0.1564145531802858,0.0849849439507912,0.31679785681578176,0.07512116872504479,0.09743733616392722,0.35814007545179977,0.10490299830509867,-0.012452392213136015,-0.041342218636018,0.5717171717171717,0.13705778884556866,0.34101010101010104,-0.029781829580053876,4.73063227632714e-05,-0.0034839855553862598,0.17373737373737375,0.013515259551059235
hedge_e100_g010,currency_year,KGS:2026,142,0.22535211267605634,0.16650293802432825,0.17148895561078165,0.5220539340873211,0.05884917465172809,0.18029795795876932,0.5547933096061858,0.07596557679380661,-0.008809002347987677,-0.03273937551886463,0.725,0.4626167122095902,0.2224431818181818,-0.01711640214207852,-0.012911456130086096,-0.050308850144541006,-0.01931818181818179,-0.0775731098455435
hedge_e100_g010,currency_year,KZT:2025,247,0.0728744939271255,0.14050431023718568,0.07294602628271728,0.28552366067650436,0.06762981631006018,0.07699115629927353,0.30166605086040144,0.07510298777134944,-0.00404513001655625,-0.01614239018389707,0.45948568655992234,0.09222493605638107,0.24987869966035903,-0.0074731714612892575,0.0010991682993205243,-0.013127523717096745,0.25254730713245993,0.028731946414092747
hedge_e100_g010,currency_year,KZT:2026,142,0.2676056338028169,0.13068541355848284,0.20483428615330715,0.6056750580358572,0.16209018940503683,0.2170361956959182,0.6583257204590567,0.14597752388518437,-0.01220190954261105,-0.05265066242319949,0.7831477732793523,0.5310361008783214,0.2877024291497976,0.016112665519852465,-0.020447833894135264,-0.11873550774123864,0.0915991902834008,-0.03654438305885707
hedge_e100_g010,currency_year,TJS:2025,247,0.145748987854251,0.16971760996393934,0.12032758255738164,0.4001276072169321,0.06695193661353502,0.12866306908179023,0.4287856420709515,0.04727756568746346,-0.008335486524408589,-0.02865803485401941,0.7370984728804634,0.34871405921916,0.3500526592943654,0.019674370926071556,-0.00037687996858877526,-0.005347876591520251,0.14836756187467082,-0.0014361218990951718
hedge_e100_g010,currency_year,TJS:2026,142,0.21830985915492956,0.17267294001602687,0.1669650874871083,0.5119049158081926,0.04563691913890269,0.17360478890328965,0.5359354778835991,0.061604265212615555,-0.006639701416181337,-0.024030562075406436,0.6727695437372856,0.4506844764700758,0.1415286253995931,-0.015967346073712863,-0.007507294782609364,-0.028833519202097868,-0.01976169718105214,-0.06247509942644834
hedge_e100_g010,currency_year,UZS:2025,247,0.08502024291497975,0.15119256048161156,0.08203798749618905,0.30883430270676665,0.0661723175666318,0.08788549238385575,0.33003279977929917,0.08195438778295364,-0.0058475048876666935,-0.02119849707253252,0.5484618626211546,0.11188290692239815,0.20311841550779597,-0.01578207021632183,0.002623302564209312,0.0058952317995994985,0.11546565528866409,0.03260613599937963
hedge_e100_g010,currency_year,UZS:2026,142,0.2746478873239437,0.1636138817752896,0.20690627376365056,0.610485047255316,0.11383401140037366,0.21644481189014417,0.6470080000484095,0.1351961625435617,-0.009538538126493606,-0.03652295279309348,0.6226039332835449,0.39606537670990816,0.10082150858849881,-0.02136215114318804,-0.018842853789926256,-0.08437677611574124,-0.10181727657455819,-0.07468072425415209
hedge_e200_g000,ALL,ALL,1945,0.15115681233933162,0.13547683442195324,0.1188071644815513,0.38862175923738357,0.03357276997467612,0.13380589918486416,0.44375764911883003,0.04835525084205696,-0.014998734703312852,-0.055135889881446465,0.7495127669480875,0.37743698585734364,0.3730824855684248,-0.014782480867380841,-0.010513739929180907,-0.04787827067822176,0.1889763779527559,-0.013202170682666943
hedge_e200_g000,currency,AMD,389,0.14652956298200515,0.1462860576639347,0.11346278207180581,0.3738994740929997,0.06217824839741492,0.13334871070052037,0.4433611389830059,0.06650367780997837,-0.019885928628714564,-0.06946166489000621,0.7944937645318114,0.4540899195237204,0.4515430141619108,-0.004325429412563454,-0.01087548356287471,-0.04137212788328021,0.2236842105263157,0.0404248525825043
hedge_e200_g000,currency,KGS,389,0.13881748071979436,0.12580620893084513,0.10995266735647126,0.36358174213118816,0.03934764447163635,0.12768465825870248,0.4299260889477453,0.06281016541247524,-0.017731990902231223,-0.06634434681655715,0.7972360420121615,0.4386597092378931,0.48280818131564407,-0.023462520940838887,-0.011292718148223121,-0.048719364363935036,0.25400773908236596,-0.005945175859468903
hedge_e200_g000,currency,KZT,389,0.14395886889460155,0.12014269576071482,0.11726245574920696,0.38873565726410514,0.0238161731338867,0.12811299587337005,0.4318605832074684,0.005599923938747781,-0.010850540124163088,-0.04312492594336326,0.6841484341484342,0.3159487509445058,0.3903903903903904,0.01821624919513892,-0.010594189414381255,-0.06533411879133716,0.1894573144573145,-0.05133966137782944
hedge_e200_g000,currency,TJS,389,0.17223650385604114,0.15512890250756523,0.13209637172195746,0.42203305334750363,0.05261132369367828,0.14506852978783885,0.4678994638843087,0.0525073634575704,-0.012972158065881395,-0.04586641053680507,0.7460832483545008,0.4000552870395155,0.2987855752294429,0.00010396023610788341,-0.008235454823581373,-0.03281862344465308,0.16538425883007324,0.012987686322648982
hedge_e200_g000,currency,UZS,389,0.15424164524421594,0.13002030724670635,0.12126154550831507,0.3948588693511216,0.040089871311038944,0.13481460130388906,0.4457409705716222,0.05435512359151312,-0.01355305579557399,-0.05088210122050063,0.7494427558257346,0.4570845086400884,0.38130699088145903,-0.014265252280474178,-0.01157085369684406,-0.05114711890790269,0.17654508611955422,-0.023040742874345696
hedge_e200_g000,year,2025,1235,0.09635627530364373,0.13045550286187726,0.08375428175099954,0.3035528966585208,0.05384587340818657,0.09793663911833511,0.3559948285879327,0.08339162358815624,-0.014182357367335571,-0.05244193192941188,0.709730128610584,0.26109375900620163,0.34103641456582634,-0.029545750179969674,-0.004768467736523521,-0.026166971423654095,0.21869070208728653,0.006049861123612332
hedge_e200_g000,year,2026,710,0.24647887323943662,0.1442111224172967,0.17977943232976457,0.5365936540048422,0.10226775082213992,0.19619820366678442,0.5964155130000387,0.10177546839527851,-0.016418771337019855,-0.05982185899519654,0.7616234979973298,0.48493918992272206,0.2687316421895861,0.000492282426861404,-0.020507276771338512,-0.08564369966327923,0.07516154873164216,-0.05024744858013615
hedge_e200_g000,currency_year,AMD:2025,247,0.08906882591093117,0.14007207286626291,0.0794479465781811,0.2947984819910882,0.07964572925400705,0.09870614166282886,0.36134957477721197,0.11484780763564431,-0.019258195084647753,-0.06655109278612376,0.7123232323232324,0.314918219705543,0.4044444444444445,-0.03520207838163726,-0.006262157790059411,-0.026453276939397863,0.2573737373737374,0.011645259892751017
hedge_e200_g000,currency_year,AMD:2026,142,0.24647887323943662,0.157094890375378,0.17262943254311075,0.5114906364111133,0.1182607985832172,0.19360726388580077,0.5860150570029432,0.0901338135412244,-0.020977831342690018,-0.07452442059182995,0.8192256341789053,0.569045415950221,0.3092122830440588,0.02812698504199279,-0.018900071350799963,-0.06732252353918822,0.060080106809078826,-0.021447279642997003
hedge_e200_g000,currency_year,KGS:2025,247,0.08906882591093117,0.11949904635051017,0.07785288875872393,0.2858016668609466,0.03043022043957902,0.09743733616392722,0.35814007545179977,0.10490299830509867,-0.019584447405203292,-0.07233840859085316,0.7468686868686868,0.2876282567633465,0.516161616161616,-0.07447277786551965,-0.007084748869304006,-0.03448017551022142,0.3488888888888888,-0.031175688734406536
hedge_e200_g000,currency_year,KGS:2026,142,0.22535211267605634,0.13677711848959667,0.165788197734243,0.4988752533406929,0.10780264350041058,0.18029795795876932,0.5547933096061858,0.07596557679380661,-0.014509760224526325,-0.0559180562654929,0.7988636363636363,0.5479583396543729,0.29630681818181814,0.03183706670660397,-0.018612214006624744,-0.07348753089116927,0.054545454545454564,-0.028619640996861012
hedge_e200_g000,currency_year,KZT:2025,247,0.0728744939271255,0.11413446635221261,0.06982456180104046,0.2710549727481114,0.041259972425087096,0.07699115629927353,0.30166605086040144,0.07510298777134944,-0.007166594498233064,-0.030611078112290024,0.5475497331392528,0.08723088617180061,0.3379427462396895,-0.03384301534626234,-0.0020222961823562896,-0.0275962116454897,0.3406113537117904,0.0023621025291196626
hedge_e200_g000,currency_year,KZT:2026,142,0.2676056338028169,0.13059363001353208,0.19977766564496138,0.5934337493447421,0.13701200378928483,0.2170361956959182,0.6583257204590567,0.14597752388518437,-0.017258530050956816,-0.06489197111431455,0.7279858299595141,0.4653095040294701,0.23254048582995945,-0.008965520095899543,-0.02550445440248103,-0.1309768164323537,0.03643724696356265,-0.06162256867460908
hedge_e200_g000,currency_year,TJS:2025,247,0.145748987854251,0.1540731069774907,0.11593062840730005,0.3837597888281838,0.06022513285332046,0.12866306908179023,0.4287856420709515,0.04727756568746346,-0.012732440674490184,-0.0450258532427677,0.7434175882043179,0.37170914402380567,0.35637177461821995,0.012947567165856995,-0.00477383411867037,-0.02171569498026854,0.15468667719852536,-0.008162925659309733
hedge_e200_g000,currency_year,TJS:2026,142,0.21830985915492956,0.15696539191551173,0.16021565762843892,0.4886069712085739,0.09221471073987775,0.17360478890328965,0.5359354778835991,0.061604265212615555,-0.013389131274850724,-0.047328506675025195,0.7535600116245277,0.46855234136308965,0.2223190932868352,0.030610445527262192,-0.01425672464127875,-0.052131463801716627,0.06102877070618995,-0.015897307825473286
hedge_e200_g000,currency_year,UZS:2025,247,0.08502024291497975,0.12449882176290983,0.07571538320975216,0.28234957286427403,0.06430857939104397,0.08788549238385575,0.33003279977929917,0.08195438778295364,-0.012170109174103591,-0.047683226915025134,0.712810788032027,0.28592576037680295,0.3674673409186684,-0.01764580839190967,-0.0036993017222275854,-0.020589498042893117,0.2798145806995365,0.03074239782379179
hedge_e200_g000,currency_year,UZS:2026,142,0.2746478873239437,0.13962458129246508,0.20048620809806886,0.5905616597190888,0.13502330603147855,0.21644481189014417,0.6470080000484095,0.1351961625435617,-0.01595860379207531,-0.05644634032932072,0.7580283793876027,0.6057971079515614,0.2362459546925566,-0.00017285651208315267,-0.02526291945550796,-0.10430016365196848,0.0336071695294996,-0.053491429623047204
hedge_e200_g001,ALL,ALL,1945,0.15115681233933162,0.15172770974319547,0.12330060821685623,0.4058832103961925,0.028053147953167098,0.13380589918486416,0.44375764911883003,0.04835525084205696,-0.010505290968007924,-0.037874438722637516,0.6732510084591073,0.27610391651492394,0.2968207270794446,-0.020302102888889863,-0.006020296193875979,-0.030616819519412808,0.1127146194637757,-0.018721792704175965
hedge_e200_g001,currency,AMD,389,0.14652956298200515,0.16803498522365684,0.11921386786019068,0.39569990058370363,0.05908956248445873,0.13334871070052037,0.4433611389830059,0.06650367780997837,-0.01413484284032969,-0.04766123839930225,0.7241069541323186,0.3126232133046491,0.381156203762418,-0.007414115325519645,-0.005124397774489836,-0.019571701392576246,0.1532974001268229,0.03733616666954811
hedge_e200_g001,currency,KGS,389,0.13881748071979436,0.14618073904056086,0.11443910206040815,0.38259552076950754,0.02364318670476849,0.12768465825870248,0.4299260889477453,0.06281016541247524,-0.013245556198294331,-0.047330568178237775,0.7144831398562743,0.28290259346181695,0.4000552791597569,-0.039166978707706745,-0.006806283444286229,-0.029705585725615657,0.1712548369264788,-0.02164963362633676
hedge_e200_g001,currency,KZT,389,0.14395886889460155,0.12704474789858025,0.11993088426594167,0.3978695416212307,0.01691412099602129,0.12811299587337005,0.4318605832074684,0.005599923938747781,-0.008182111607428377,-0.03399104158623767,0.657925782925783,0.25433116579322623,0.3641677391677392,0.01131419705727351,-0.007925760897646544,-0.05620023443421157,0.1632346632346633,-0.058241713515694855
hedge_e200_g001,currency,TJS,389,0.17223650385604114,0.1690027869887639,0.13634731731376634,0.43801029012151366,0.043176656479590375,0.14506852978783885,0.4678994638843087,0.0525073634575704,-0.00872121247407251,-0.02988917376279504,0.6782701399833132,0.3373468784697165,0.2309724668582553,-0.009330706977980024,-0.003984509231772487,-0.016841386670643055,0.09757115045888565,0.0035530191085610743
hedge_e200_g001,currency,UZS,389,0.15424164524421594,0.14837528956441545,0.12657186958397432,0.41524079888500687,0.024578525592588468,0.13481460130388906,0.4457409705716222,0.05435512359151312,-0.008242731719914742,-0.03050017168661534,0.6496960486322189,0.26258173396439843,0.2815602836879433,-0.029776597998924653,-0.006260529621184813,-0.0307651893740174,0.07679837892603847,-0.03855208859279617
hedge_e200_g001,year,2025,1235,0.09635627530364373,0.14760261540279035,0.08748580972125405,0.31809553368457005,0.05124634009914661,0.09793663911833511,0.3559948285879327,0.08339162358815624,-0.010450829397081057,-0.037899294903362635,0.6561323454112828,0.16295740144020515,0.28743863136652514,-0.032145283489009635,-0.0010369397662690072,-0.011624334397604852,0.16509291888798533,0.003450327814572371
hedge_e200_g001,year,2026,710,0.24647887323943662,0.15890304989868886,0.1855981802479389,0.5585843100283807,0.08757582334074776,0.19619820366678442,0.5964155130000387,0.10177546839527851,-0.010600023418845528,-0.037831202971657985,0.6600373831775701,0.45895566151089284,0.16714552736982646,-0.014199645054530752,-0.014688528853164184,-0.06365304363974067,-0.026424566088117496,-0.0649393760615283
hedge_e200_g001,currency_year,AMD:2025,247,0.08906882591093117,0.1615174349064903,0.08479820470793586,0.31464962252170264,0.0729590330762841,0.09870614166282886,0.36134957477721197,0.11484780763564431,-0.013907936954892994,-0.046699952255509325,0.6555555555555556,0.16158580321675342,0.3476767676767677,-0.041888774559360215,-0.000911899660304652,-0.006602136408783432,0.20060606060606062,0.004958563715028064
hedge_e200_g001,currency_year,AMD:2026,142,0.24647887323943662,0.17937185091619312,0.17907773263911284,0.5366817222830996,0.06838978367781282,0.19360726388580077,0.5860150570029432,0.0901338135412244,-0.014529531246687932,-0.04933333471984358,0.7380507343124166,0.5672301213727122,0.22803738317757016,-0.02174402986341159,-0.012451771254797878,-0.04213143766720184,-0.0210947930574098,-0.07131829454840138
hedge_e200_g001,currency_year,KGS:2025,247,0.08906882591093117,0.13785771611264397,0.08148701453883093,0.30123092874780727,0.048788890201712815,0.09743733616392722,0.35814007545179977,0.10490299830509867,-0.015950321625096284,-0.0569091467039925,0.6953535353535354,0.16611359377378915,0.4646464646464647,-0.05611410810338585,-0.003450623089196997,-0.019050913623360755,0.2973737373737374,-0.012817018972272741
hedge_e200_g001,currency_year,KGS:2026,142,0.22535211267605634,0.1606581099081346,0.17175716979160224,0.5241240716804931,0.06469400276792173,0.18029795795876932,0.5547933096061858,0.07596557679380661,-0.00854078816716708,-0.03066923792569265,0.6701704545454544,0.47336326607388535,0.16761363636363624,-0.011271574025884884,-0.012643241949265499,-0.04823871255136902,-0.07414772727272734,-0.07172828172934986
hedge_e200_g001,currency_year,KZT:2025,247,0.0728744939271255,0.12681201117337154,0.07160209154287167,0.27892666355732376,0.05574885864586707,0.07699115629927353,0.30166605086040144,0.07510298777134944,-0.005389064756401857,-0.022739387303077674,0.49272197962154296,0.07132066945535875,0.28311499272197965,-0.019354129125482365,-0.0002447664405250821,-0.01972452083627735,0.28578360019408056,0.01685098874989964
hedge_e200_g001,currency_year,KZT:2026,142,0.2676056338028169,0.12744957868116155,0.2039957561152254,0.6047631393802801,0.14015605512165533,0.2170361956959182,0.6583257204590567,0.14597752388518437,-0.013040439580692786,-0.05356258107877654,0.7469635627530364,0.5130290154447137,0.2515182186234818,-0.005821468763529042,-0.021286363932217,-0.11964742639681569,0.05541497975708498,-0.05847851734223858
hedge_e200_g001,currency_year,TJS:2025,247,0.145748987854251,0.16944568139250718,0.11971652821865343,0.39729746196940807,0.045200209936731656,0.12866306908179023,0.4287856420709515,0.04727756568746346,-0.008946540863136801,-0.03148818010154342,0.691679831490258,0.2720515830294245,0.30463401790416006,-0.002077355750731806,-0.0009879343073169872,-0.008178021839044258,0.10294892048446547,-0.023187848575898534
hedge_e200_g001,currency_year,TJS:2026,142,0.21830985915492956,0.16823240024422464,0.1652755208806177,0.5088276743015846,0.05417764051364172,0.17360478890328965,0.5359354778835991,0.061604265212615555,-0.008329268022671948,-0.027107803582014478,0.6701540249927347,0.5179729748882126,0.1389131066550422,-0.007426624698973837,-0.009196861389099975,-0.03191076070870591,-0.022377215925603045,-0.053934378051709315
hedge_e200_g001,currency_year,UZS:2025,247,0.08502024291497975,0.1423802334289388,0.07982520959797834,0.2983729916266086,0.05735999051395903,0.08788549238385575,0.33003279977929917,0.08195438778295364,-0.008060282785877407,-0.031659808152690594,0.6580278128950695,0.14195214050170932,0.3126843657817109,-0.02459439726899461,0.00041052466599859894,-0.004566079280558577,0.225031605562579,0.02379380894670685
hedge_e200_g001,currency_year,UZS:2026,142,0.2746478873239437,0.15880330974373047,0.20788472181313633,0.6185249424964462,0.11584457758021316,0.21644481189014417,0.6470080000484095,0.1351961625435617,-0.008560090077007837,-0.028483057551963342,0.6046801095344785,0.46343956516263407,0.08289768483943238,-0.019351584963348545,-0.017864405740440487,-0.0763368808746111,-0.11974110032362462,-0.0726701580743126
hedge_e200_g005,ALL,ALL,1945,0.15115681233933162,0.15483020007621678,0.12422725351380641,0.40908785446745666,0.019961268690894717,0.13380589918486416,0.44375764911883003,0.04835525084205696,-0.009578645671057748,-0.034669794651373376,0.6628264873484222,0.25967092871212694,0.2863962059687595,-0.028393982151162244,-0.005093650896925803,-0.027412175448148668,0.10229009835309055,-0.026813671966448346
hedge_e200_g005,currency,AMD,389,0.14652956298200515,0.1732821395883831,0.12075522779990584,0.4012133173561665,0.05625705571342542,0.13334871070052037,0.4433611389830059,0.06650367780997837,-0.01259348290061453,-0.04214782162683939,0.7185056013527796,0.2841836145718421,0.375554850982879,-0.01024662209655295,-0.003583037834774677,-0.014058284620113382,0.14769604734728392,0.0345036598985148
hedge_e200_g005,currency,KGS,389,0.13881748071979436,0.15180493087113592,0.11564470508198371,0.38758434289437793,0.024387417699217605,0.12768465825870248,0.4299260889477453,0.06281016541247524,-0.01203995317671877,-0.04234174605336738,0.6993919292426756,0.27546357073816685,0.38496406854615817,-0.03842274771325763,-0.005600680422710669,-0.024716763600745262,0.15616362631288006,-0.020905402631887646
hedge_e200_g005,currency,KZT,389,0.14395886889460155,0.12942231900858156,0.1200276880374689,0.3978451251145066,0.024968972807940634,0.12811299587337005,0.4318605832074684,0.005599923938747781,-0.008085307835901154,-0.0340154580929618,0.6755148005148006,0.26582925713544037,0.38175675675675685,0.019369048869192853,-0.00782895712611932,-0.056224650940935705,0.18082368082368094,-0.05018686170377551
hedge_e200_g005,currency,TJS,389,0.17223650385604114,0.1692289689758696,0.1371219462299546,0.440243774438667,0.028117828125480263,0.14506852978783885,0.4678994638843087,0.0525073634575704,-0.007946583557884246,-0.027655689445641674,0.679382590154816,0.3478186846061585,0.23208491702975803,-0.024389535332090137,-0.0032098803155842237,-0.014607902353489688,0.09868360063038839,-0.011505809245549038
hedge_e200_g005,currency,UZS,389,0.15424164524421594,0.15041264193711362,0.12758670041971898,0.41855271253356546,0.009561233401891217,0.13481460130388906,0.4457409705716222,0.05435512359151312,-0.00722790088417008,-0.027188258038056745,0.6320668693009118,0.22814087511952674,0.26393110435663625,-0.044793890189621904,-0.0052456987854401504,-0.027453275725458803,0.059169199594731436,-0.05356938078349342
hedge_e200_g005,year,2025,1235,0.09635627530364373,0.1521437009653307,0.08819637413728028,0.3214705146473149,0.05578742566168696,0.09793663911833511,0.3559948285879327,0.08339162358815624,-0.009740264981054833,-0.03452431394061778,0.6506204632390591,0.16235131507978565,0.2819267491943014,-0.027604197926469287,-0.00032637535024278297,-0.008249353434859996,0.15958103671576157,0.007991413377112719
hedge_e200_g005,year,2026,710,0.24647887323943662,0.1595031950085327,0.1869006845419892,0.5614926638729145,0.08807266797788726,0.19619820366678442,0.5964155130000387,0.10177546839527851,-0.009297519124795234,-0.03492284912712418,0.6515246995994659,0.38356162389464565,0.15863284379172227,-0.013702800417391248,-0.01338602455911389,-0.06074468979520686,-0.03493724966622169,-0.0644425314243888
hedge_e200_g005,currency_year,AMD:2025,247,0.08906882591093117,0.16899225131108664,0.08628137327490389,0.32085809861813497,0.07992342540015551,0.09870614166282886,0.36134957477721197,0.11484780763564431,-0.012424768387924973,-0.040491476159077,0.6464646464646465,0.14492858415819757,0.33858585858585866,-0.0349243822354888,0.0005712689066633692,-0.0003936603123511073,0.19151515151515158,0.01192295603889948
hedge_e200_g005,currency_year,AMD:2026,142,0.24647887323943662,0.18074412835241283,0.18072031278353595,0.5409861274145735,0.06573474488702379,0.19360726388580077,0.5860150570029432,0.0901338135412244,-0.012886951102264815,-0.04502892958836968,0.7337783711615488,0.4428244093249037,0.2237650200267023,-0.02439906865420062,-0.01080919111037476,-0.037827032535727945,-0.025367156208277675,-0.07397333333919041
hedge_e200_g005,currency_year,KGS:2025,247,0.08906882591093117,0.14607272483892078,0.08292826467690365,0.30797459145295264,0.057003898927989606,0.09743733616392722,0.35814007545179977,0.10490299830509867,-0.014509071487023573,-0.05016548399884713,0.6632323232323233,0.15339364974088537,0.4325252525252526,-0.04789909937710906,-0.002009372951124286,-0.012307250918215384,0.2652525252525253,-0.004602010245995949
hedge_e200_g005,currency_year,KGS:2026,142,0.22535211267605634,0.16177573995534109,0.17255287958941165,0.5260604598382655,0.06357637272071526,0.18029795795876932,0.5547933096061858,0.07596557679380661,-0.007745078369357672,-0.028732849767920232,0.6704545454545454,0.40840277589618035,0.16789772727272723,-0.012389204073091353,-0.011847532151456092,-0.046302324393596606,-0.07386363636363635,-0.07284591177655633
hedge_e200_g005,currency_year,KZT:2025,247,0.0728744939271255,0.1312188218070044,0.07114106489393841,0.27756506664226754,0.0583443278798789,0.07699115629927353,0.30166605086040144,0.07510298777134944,-0.005850091405335114,-0.024100984218133892,0.5363901018922852,0.08402612668814001,0.3267831149927219,-0.01675865989147054,-0.0007057930894583397,-0.021086117751333566,0.3294517224648228,0.019446457983911467
hedge_e200_g005,currency_year,KZT:2026,142,0.2676056338028169,0.1262974162535785,0.20506287054769448,0.6070646634429788,0.14402601746628796,0.2170361956959182,0.6583257204590567,0.14597752388518437,-0.011973325148223718,-0.05126105701607786,0.7894736842105263,0.5821035127003351,0.2940283400809717,-0.0019515064188964093,-0.020219249499747932,-0.11734590233411701,0.09792510121457487,-0.054608554997605946
hedge_e200_g005,currency_year,TJS:2025,247,0.145748987854251,0.1693894992608281,0.12000016741341894,0.39856300607206985,0.03763006292970017,0.12866306908179023,0.4287856420709515,0.04727756568746346,-0.00866290166837129,-0.030222635998881642,0.7068193786203265,0.3054855259997042,0.31977356503422855,-0.009647502757763292,-0.0007042951125514757,-0.006912477736382483,0.11808846761453395,-0.03075799558293002
hedge_e200_g005,currency_year,TJS:2026,142,0.21830985915492956,0.1689497367196391,0.166904195298154,0.5127448292735227,0.04936012243529052,0.17360478890328965,0.5359354778835991,0.061604265212615555,-0.006700593605135641,-0.02319064861007636,0.6492298750363266,0.4359873051937212,0.11798895669863407,-0.012244142777325037,-0.007568186971563667,-0.02799360573676779,-0.04330136588201117,-0.058751896130060516
hedge_e200_g005,currency_year,UZS:2025,247,0.08502024291497975,0.1450452076088136,0.0806310004272365,0.30239181045114977,0.06002496469383379,0.08788549238385575,0.33003279977929917,0.08195438778295364,-0.007254491956619244,-0.0276409893281494,0.6304256215760641,0.11650707196468657,0.28508217446270545,-0.021929423089119847,0.0012163154952567617,-0.0005472604560173844,0.19742941424357358,0.026458783126581613
hedge_e200_g005,currency_year,UZS:2026,142,0.2746478873239437,0.1597489537616919,0.20926316449114984,0.6206072393952323,0.11766608238011884,0.21644481189014417,0.6470080000484095,0.1351961625435617,-0.007181647398994323,-0.026400760653177202,0.5787901418969381,0.3562225974701602,0.057007717201892016,-0.01753008016344286,-0.016485963062426973,-0.07425458397582496,-0.14563106796116498,-0.07084865327440691
hedge_e200_g010,ALL,ALL,1945,0.15115681233933162,0.15728416396584824,0.12454200467226323,0.4103239344080825,0.03037921129178832,0.13380589918486416,0.44375764911883003,0.04835525084205696,-0.009263894512600929,-0.03343371471074752,0.6612133648129148,0.25825514421882245,0.2847830834332521,-0.017976039550268642,-0.0047788997384689835,-0.026176095507522812,0.10067697581758317,-0.016395729365554744
hedge_e200_g010,currency,AMD,389,0.14652956298200515,0.17669808347844934,0.12127540493623934,0.40327309153473334,0.06703089149560236,0.13334871070052037,0.4433611389830059,0.06650367780997837,-0.012073305764281034,-0.040088047448272546,0.7276474318325934,0.2952068547467845,0.38469668146269276,0.0005272136856239867,-0.0030628606984411805,-0.01199851044154654,0.15683787782709768,0.04527749568069174
hedge_e200_g010,currency,KGS,389,0.13881748071979436,0.15547514166325546,0.11610778511607023,0.3895753543656377,0.03879136510808696,0.12768465825870248,0.4299260889477453,0.06281016541247524,-0.011576873142632255,-0.040350734582107584,0.6948590381426203,0.2776202079612745,0.3804311774461029,-0.02401880030438828,-0.005137600388624153,-0.022725752129485466,0.15163073521282477,-0.0065014552230182945
hedge_e200_g010,currency,KZT,389,0.14395886889460155,0.1326914068711341,0.1203508737350089,0.39925377351861135,0.028231836995006643,0.12811299587337005,0.4318605832074684,0.005599923938747781,-0.007762122138361152,-0.03260680968885704,0.6679000429000429,0.23660176875216943,0.37414199914199914,0.022631913056258862,-0.007505771428579319,-0.05481600253683094,0.17320892320892323,-0.046923997516709504
hedge_e200_g010,currency,TJS,389,0.17223650385604114,0.1691698190833329,0.13717754665312093,0.4401862268718795,0.04996633448129252,0.14506852978783885,0.4678994638843087,0.0525073634575704,-0.007890983134717922,-0.02771323701242917,0.698201538889404,0.34148949124468586,0.25090386576434603,-0.0025410289762778787,-0.0031542798924178994,-0.014665449920277185,0.1175025493649764,0.01034269711026322
hedge_e200_g010,currency,UZS,389,0.15424164524421594,0.15238636873306943,0.12779841292087682,0.4193312257495507,0.007374927397427291,0.13481460130388906,0.4457409705716222,0.05435512359151312,-0.00701618838301224,-0.026409744822071535,0.6271023302938197,0.22529130894315064,0.2589665653495441,-0.04698019619408583,-0.00503398628428231,-0.026674762509473593,0.054204660587639286,-0.05575568678795735
hedge_e200_g010,year,2025,1235,0.09635627530364373,0.15494302479952182,0.08878856731347154,0.32418070773203406,0.060714983778930046,0.09793663911833511,0.3559948285879327,0.08339162358815624,-0.009148071804863572,-0.03181412085589863,0.6352218306677511,0.1613081073634871,0.26652811662299336,-0.0226766398092262,0.0002658178259484778,-0.005539160350140848,0.14418240414445355,0.012918971494355808
hedge_e200_g010,year,2026,710,0.24647887323943662,0.16135642716361323,0.1867328428949502,0.5601646174290963,0.09098606852530886,0.19619820366678442,0.5964155130000387,0.10177546839527851,-0.009465360771834214,-0.03625089557094241,0.658894526034713,0.36454176925062676,0.16600267022696935,-0.010789399869969657,-0.01355386620615287,-0.062072736239025095,-0.027567423230974608,-0.06152913087696721
hedge_e200_g010,currency_year,AMD:2025,247,0.08906882591093117,0.17313341681582925,0.08716504441016303,0.32454988796067546,0.08406459090489805,0.09870614166282886,0.36134957477721197,0.11484780763564431,-0.011541097252665833,-0.0367996868165365,0.6337373737373737,0.14285098024346052,0.32585858585858585,-0.030783216730746257,0.001454940041922509,0.0032981290301893895,0.17878787878787877,0.01606412154364202
hedge_e200_g010,currency_year,AMD:2026,142,0.24647887323943662,0.18289859520849988,0.18060821514709036,0.540207114652989,0.06971580153718215,0.19360726388580077,0.5860150570029432,0.0901338135412244,-0.012999048738710411,-0.04580794234995422,0.7473965287049399,0.4379809814267768,0.23738317757009342,-0.020418012004042252,-0.010921288746820357,-0.038606045297312486,-0.011748998664886545,-0.06999227668903205
hedge_e200_g010,currency_year,KGS:2025,247,0.08906882591093117,0.15065925199622227,0.08384677418121325,0.3120690100559021,0.06159042608529108,0.09743733616392722,0.35814007545179977,0.10490299830509867,-0.013590561982713967,-0.04607106539589767,0.622020202020202,0.14057179846597576,0.39131313131313133,-0.04331257221980758,-0.00109086344681468,-0.008212832315265928,0.22404040404040404,-1.548308869447207e-05
hedge_e200_g010,currency_year,KGS:2026,142,0.22535211267605634,0.16385207650661604,0.17222376892529326,0.5243927279184878,0.06150003616944034,0.18029795795876932,0.5547933096061858,0.07596557679380661,-0.008074189033476065,-0.030400581687697992,0.6934659090909091,0.3924157687476061,0.19090909090909092,-0.014465540624366273,-0.012176642815574484,-0.047970056313374365,-0.05085227272727266,-0.07492224832783126
hedge_e200_g010,currency_year,KZT:2025,247,0.0728744939271255,0.13540412647211622,0.07172147930748848,0.2803664178894574,0.06252963254499071,0.07699115629927353,0.30166605086040144,0.07510298777134944,-0.005269676991785044,-0.02129963297094406,0.509704027171276,0.08739488586098604,0.30009704027171274,-0.012573355226358732,-0.00012537867590826923,-0.018284766504143735,0.30276564774381365,0.023631762649023273
hedge_e200_g010,currency_year,KZT:2026,142,0.2676056338028169,0.12797280305815814,0.2049386231969634,0.6060507935214356,0.16482364184258927,0.2170361956959182,0.6583257204590567,0.14597752388518437,-0.012097572498954795,-0.052274926937621036,0.8008603238866396,0.5556556424432686,0.305414979757085,0.0188461179574049,-0.02034349685047901,-0.11835977225566019,0.10931174089068818,-0.033810930621304636
hedge_e200_g010,currency_year,TJS:2025,247,0.145748987854251,0.16841792291222002,0.11996971935237098,0.39860992361840575,0.06103105958814608,0.12866306908179023,0.4287856420709515,0.04727756568746346,-0.00869334972941925,-0.03017571845254574,0.7253817798841495,0.3219797214822898,0.33833596629805157,0.013753493900682617,-0.0007347431735994364,-0.006865560190046582,0.13665086887835698,-0.007356998924484111
hedge_e200_g010,currency_year,TJS:2026,142,0.21830985915492956,0.1704776948175926,0.1671094716058339,0.5125055712634853,0.047832164337337,0.17360478890328965,0.5359354778835991,0.061604265212615555,-0.006495317297455755,-0.023429906620113794,0.6655042138913106,0.38627203385762854,0.13426329555361816,-0.013772100875278553,-0.007362910663883782,-0.028232863746805226,-0.027027027027027084,-0.06027985422801403
hedge_e200_g010,currency_year,UZS:2025,247,0.08502024291497975,0.14710040580122138,0.08123981931612201,0.3053082991357298,0.062080162886241616,0.08788549238385575,0.33003279977929917,0.08195438778295364,-0.00664567306773374,-0.024724500643569347,0.5920775389801938,0.10208815301908625,0.24673409186683515,-0.01987422489671202,0.0018251343841422657,0.00236922822856267,0.15908133164770327,0.02851398131898944
hedge_e200_g010,currency_year,UZS:2026,142,0.2746478873239437,0.16158096622719942,0.20878413559957015,0.6176668797890841,0.11719422224624114,0.21644481189014417,0.6470080000484095,0.1351961625435617,-0.0076606762905740144,-0.02934112025932545,0.5887478217575305,0.34664774992857206,0.06696539706248439,-0.018001940297320565,-0.016964991954006664,-0.07719494358197321,-0.1356733881005726,-0.07132051340828462
