rate_target,n,frequency,rolling_window,cooldown_days,hit_rate,base_rate,lift,auc,forward_benefit_bps,year_lift_min,year_lift_median,year_lift_positive,years,corridor_freq_min,corridor_freq_max,corridor_lift_min,cluster_share_7d,macro_year_lift,year_frequency_min,year_frequency_max,quarter_frequency_min,quarter_frequency_max,quarters,candidate,policy_type,rate,rolling,cooldown,history,strong,late,late_weekday,weekly_cap
0.15,250,0.9887005649717514,20.0,0.0,0.484,0.3379032258064516,1.43236276849642,0.5709754970217936,52.52208723159095,1.43236276849642,1.43236276849642,1.0,1.0,0.9491525423728814,1.0282485875706215,1.3744578313253013,0.7673469387755102,1.43236276849642,0.9887005649717514,0.9887005649717514,0.5075,1.4795454545454547,4.0,broad_full_extra,rolling,0.15,20,0,0,0.0,0.0,0,0
0.15,213,0.8423728813559322,40.0,0.0,0.49295774647887325,0.3379032258064516,1.4588725671451142,0.5709754970217936,61.12946521005654,1.4588725671451142,1.4588725671451142,1.0,1.0,0.8305084745762712,0.8700564971751413,1.3581599123767798,0.8076923076923077,1.4588725671451142,0.8423728813559322,0.8423728813559322,0.0875,1.5113636363636365,4.0,broad_full_extra,rolling,0.15,40,0,0,0.0,0.0,0,0
0.15,187,0.7395480225988701,60.0,0.0,0.48663101604278075,0.3379032258064516,1.4401490689571554,0.5709754970217936,53.84412610671342,1.4401490689571554,1.4401490689571554,1.0,1.0,0.711864406779661,0.7514124293785311,1.4005647438483262,0.8516483516483516,1.4401490689571554,0.7395480225988701,0.7395480225988701,0.0,1.5113636363636365,4.0,broad_full_extra,rolling,0.15,60,0,0,0.0,0.0,0,0
0.15,140,0.5536723163841808,120.0,0.0,0.6142857142857143,0.3379032258064516,1.8179338561200138,0.5709754970217936,104.76958209728639,1.8179338561200138,1.8179338561200138,1.0,1.0,0.5141242937853108,0.5932203389830508,1.545492314083922,0.7481481481481481,1.8179338561200138,0.5536723163841808,0.5536723163841808,0.0175,1.4954545454545456,4.0,broad_full_extra,rolling,0.15,120,0,0,0.0,0.0,0,0
0.15,104,0.4112994350282486,250.0,0.0,0.5,0.3379032258064516,1.4797136038186158,0.5709754970217936,66.13638184710568,1.4797136038186158,1.4797136038186158,1.0,1.0,0.3954802259887006,0.43502824858757067,1.2121212121212122,0.6666666666666666,1.4797136038186158,0.4112994350282486,0.4112994350282486,0.2625,0.6522727272727272,4.0,broad_full_extra,rolling,0.15,250,0,0,0.0,0.0,0,0
0.15,114,0.4508474576271187,40.0,3.0,0.5087719298245614,0.3379032258064516,1.5056734916049075,0.5709754970217936,71.71324103956624,1.5056734916049075,1.5056734916049075,1.0,1.0,0.43502824858757067,0.4548022598870057,1.2874756651524983,0.6330275229357798,1.5056734916049075,0.4508474576271187,0.4508474576271187,0.0875,0.7954545454545455,4.0,broad_full_extra,rolling,0.15,40,3,0,0.0,0.0,0,0
0.15,94,0.37175141242937854,60.0,3.0,0.5106382978723404,0.3379032258064516,1.511196871984969,0.5709754970217936,59.28316615261881,1.511196871984969,1.511196871984969,1.0,1.0,0.3361581920903955,0.3954802259887006,1.168892380204242,0.6966292134831461,1.511196871984969,0.37175141242937854,0.37175141242937854,0.0,0.7795454545454547,4.0,broad_full_extra,rolling,0.15,60,3,0,0.0,0.0,0,0
0.15,83,0.32824858757062153,120.0,3.0,0.5060240963855421,0.3379032258064516,1.4975414785634182,0.5709754970217936,88.94539105251258,1.4975414785634182,1.4975414785634182,1.0,1.0,0.2966101694915254,0.37570621468926557,1.2303330970942594,0.5641025641025641,1.4975414785634182,0.32824858757062153,0.32824858757062153,0.0175,0.7477272727272728,4.0,broad_full_extra,rolling,0.15,120,3,0,0.0,0.0,0,0
0.18,280,1.1073446327683616,20.0,0.0,0.4714285714285714,0.3379032258064516,1.3951585407432663,0.5709754970217936,51.48949930307499,1.3951585407432663,1.3951585407432663,1.0,1.0,1.0677966101694916,1.1468926553672316,1.3279785809906293,0.8145454545454546,1.3951585407432663,1.1073446327683616,1.1073446327683616,0.525,1.7340909090909091,4.0,broad_full_extra,rolling,0.18,20,0,0,0.0,0.0,0,0
0.18,239,0.9451977401129943,40.0,0.0,0.46443514644351463,0.3379032258064516,1.3744620085679193,0.5709754970217936,56.896204611886425,1.3744620085679193,1.3744620085679193,1.0,1.0,0.9293785310734464,0.9689265536723164,1.2805507745266782,0.8290598290598291,1.3744620085679193,0.9451977401129943,0.9451977401129943,0.0875,1.638636363636364,4.0,broad_full_extra,rolling,0.18,40,0,0,0.0,0.0,0,0
0.18,209,0.8265536723163841,60.0,0.0,0.46411483253588515,0.3379032258064516,1.373514062874696,0.5709754970217936,53.554097922116156,1.373514062874696,1.373514062874696,1.0,1.0,0.7909604519774012,0.8502824858757062,1.3202577752871953,0.8235294117647058,1.373514062874696,0.8265536723163841,0.8265536723163841,0.0175,1.638636363636364,4.0,broad_full_extra,rolling,0.18,60,0,0,0.0,0.0,0,0
0.18,164,0.6485875706214689,120.0,0.0,0.5914634146341463,0.3379032258064516,1.7503929215903138,0.5709754970217936,96.72249934875526,1.7503929215903138,1.7503929215903138,1.0,1.0,0.612994350282486,0.672316384180791,1.5686274509803921,0.7421383647798742,1.7503929215903138,0.6485875706214689,0.6485875706214689,0.1590909090909091,1.5750000000000002,4.0,broad_full_extra,rolling,0.18,120,0,0,0.0,0.0,0,0
0.18,146,0.5774011299435028,250.0,0.0,0.4863013698630137,0.3379032258064516,1.4391735050838592,0.5709754970217936,69.73487020474849,1.4391735050838592,1.4391735050838592,1.0,1.0,0.5536723163841808,0.632768361581921,1.2873563218390804,0.6879432624113475,1.4391735050838592,0.5774011299435028,0.5774011299435028,0.39772727272727276,1.0022727272727272,4.0,broad_full_extra,rolling,0.18,250,0,0,0.0,0.0,0,0
0.18,127,0.5022598870056497,40.0,3.0,0.44881889763779526,0.3379032258064516,1.3282468569710408,0.5709754970217936,61.88161823005126,1.3282468569710408,1.3282468569710408,1.0,1.0,0.4745762711864407,0.5338983050847458,1.1733333333333333,0.6639344262295082,1.3282468569710408,0.5022598870056497,0.5022598870056497,0.0875,0.8590909090909091,4.0,broad_full_extra,rolling,0.18,40,3,0,0.0,0.0,0,0
0.18,108,0.42711864406779665,60.0,3.0,0.4722222222222222,0.3379032258064516,1.3975072924953593,0.5709754970217936,61.04267037256146,1.3975072924953593,1.3975072924953593,1.0,1.0,0.3954802259887006,0.4548022598870057,1.2874756651524983,0.6504854368932039,1.3975072924953593,0.42711864406779665,0.42711864406779665,0.0175,0.8272727272727273,4.0,broad_full_extra,rolling,0.18,60,3,0,0.0,0.0,0,0
0.18,100,0.3954802259887006,120.0,3.0,0.51,0.3379032258064516,1.509307875894988,0.5709754970217936,84.0713017933294,1.509307875894988,1.509307875894988,1.0,1.0,0.37570621468926557,0.4152542372881356,1.2698412698412698,0.5684210526315789,1.509307875894988,0.3954802259887006,0.3954802259887006,0.1575,0.7795454545454547,4.0,broad_full_extra,rolling,0.18,120,3,0,0.0,0.0,0,0
0.2,286,1.1310734463276837,20.0,0.0,0.46853146853146854,0.3379032258064516,1.3865847756062555,0.5709754970217936,52.64348474915651,1.3865847756062555,1.3865847756062555,1.0,1.0,1.0875706214689267,1.1666666666666667,1.3038335158817087,0.8113879003558719,1.3865847756062555,1.1310734463276837,1.1310734463276837,0.525,1.7977272727272728,4.0,broad_full_extra,rolling,0.2,20,0,0,0.0,0.0,0,0
0.2,265,1.0480225988700564,40.0,0.0,0.4226415094339623,0.3379032258064516,1.2507767820957356,0.5709754970217936,46.01949527327479,1.2507767820957356,1.2507767820957356,1.0,1.0,1.0084745762711864,1.0875706214689267,1.1794871794871795,0.8307692307692308,1.2507767820957356,1.0480225988700564,1.0480225988700564,0.0875,1.7340909090909091,4.0,broad_full_extra,rolling,0.2,40,0,0,0.0,0.0,0,0
0.2,230,0.9096045197740114,60.0,0.0,0.4652173913043478,0.3379032258064516,1.3767770052921033,0.5709754970217936,55.034159048883296,1.3767770052921033,1.3767770052921033,1.0,1.0,0.8898305084745763,0.9491525423728814,1.3160862354892207,0.8,1.3767770052921033,0.9096045197740114,0.9096045197740114,0.0875,1.7340909090909091,4.0,broad_full_extra,rolling,0.2,60,0,0,0.0,0.0,0,0
0.2,181,0.7158192090395481,120.0,0.0,0.569060773480663,0.3379032258064516,1.6840939358377616,0.5709754970217936,89.31483603852465,1.6840939358377616,1.6840939358377616,1.0,1.0,0.652542372881356,0.7711864406779662,1.493975903614458,0.75,1.6840939358377616,0.7158192090395481,0.7158192090395481,0.2545454545454546,1.638636363636364,4.0,broad_full_extra,rolling,0.2,120,0,0,0.0,0.0,0,0
0.2,158,0.624858757062147,250.0,0.0,0.5063291139240507,0.3379032258064516,1.498444155765687,0.5709754970217936,74.10283279113267,1.498444155765687,1.498444155765687,1.0,1.0,0.612994350282486,0.672316384180791,1.2903225806451613,0.7058823529411765,1.498444155765687,0.624858757062147,0.624858757062147,0.39772727272727276,1.1295454545454544,4.0,broad_full_extra,rolling,0.2,250,0,0,0.0,0.0,0,0
0.2,141,0.5576271186440678,40.0,3.0,0.3900709219858156,0.3379032258064516,1.1543864994329627,0.5709754970217936,47.55473682088767,1.1543864994329627,1.1543864994329627,1.0,1.0,0.5338983050847458,0.5734463276836158,1.011494252873563,0.625,1.1543864994329627,0.5576271186440678,0.5576271186440678,0.0875,0.875,4.0,broad_full_extra,rolling,0.2,40,3,0,0.0,0.0,0,0
0.2,121,0.47853107344632767,60.0,3.0,0.4462809917355372,0.3379032258064516,1.3207361091934753,0.5709754970217936,61.94800520229395,1.3207361091934753,1.3207361091934753,1.0,1.0,0.4548022598870057,0.4943502824858757,1.1844776119402987,0.6120689655172413,1.3207361091934753,0.47853107344632767,0.47853107344632767,0.0875,0.9068181818181819,4.0,broad_full_extra,rolling,0.2,60,3,0,0.0,0.0,0,0
0.2,106,0.4192090395480226,120.0,3.0,0.5188679245283019,0.3379032258064516,1.5355518530193182,0.5709754970217936,83.34612094435177,1.5355518530193182,1.5355518530193182,1.0,1.0,0.3954802259887006,0.43502824858757067,1.4228341939185312,0.5643564356435643,1.5355518530193182,0.4192090395480226,0.4192090395480226,0.175,0.7954545454545455,4.0,broad_full_extra,rolling,0.2,120,3,0,0.0,0.0,0,0
0.22,304,1.2022598870056498,20.0,0.0,0.4769736842105263,0.3379032258064516,1.4115688983796006,0.5709754970217936,52.85438220975152,1.4115688983796006,1.4115688983796006,1.0,1.0,1.1666666666666667,1.225988700564972,1.3397913561847987,0.8193979933110368,1.4115688983796006,1.2022598870056498,1.2022598870056498,0.5774999999999999,1.8136363636363637,4.0,broad_full_extra,rolling,0.22,20,0,0,0.0,0.0,0,0
0.22,287,1.1350282485875707,40.0,0.0,0.40069686411149824,0.3379032258064516,1.1858332016664865,0.5709754970217936,43.86515966515246,1.1858332016664865,1.1858332016664865,1.0,1.0,1.0875706214689267,1.1864406779661016,1.1228070175438596,0.8687943262411347,1.1858332016664865,1.1350282485875707,1.1350282485875707,0.0875,1.8613636363636363,4.0,broad_full_extra,rolling,0.22,40,0,0,0.0,0.0,0,0
0.22,249,0.9847457627118644,60.0,0.0,0.4578313253012048,0.3379032258064516,1.3549184806049974,0.5709754970217936,54.289337588754954,1.3549184806049974,1.3549184806049974,1.0,1.0,0.9491525423728814,1.0282485875706215,1.2889203874320814,0.7991803278688525,1.3549184806049974,0.9847457627118644,0.9847457627118644,0.0875,1.7977272727272728,4.0,broad_full_extra,rolling,0.22,60,0,0,0.0,0.0,0,0
0.22,203,0.8028248587570622,120.0,0.0,0.541871921182266,0.3379032258064516,1.6036305066014556,0.5709754970217936,84.6128283502307,1.6036305066014556,1.6036305066014556,1.0,1.0,0.7711864406779662,0.8305084745762712,1.4575374669409344,0.7727272727272727,1.6036305066014556,0.8028248587570622,0.8028248587570622,0.3340909090909091,1.6704545454545454,4.0,broad_full_extra,rolling,0.22,120,0,0,0.0,0.0,0,0
0.22,171,0.6762711864406781,250.0,0.0,0.52046783625731,0.3379032258064516,1.5402866753199627,0.5709754970217936,80.49034412764482,1.5402866753199627,1.5402866753199627,1.0,1.0,0.632768361581921,0.711864406779661,1.3737373737373737,0.7289156626506024,1.5402866753199627,0.6762711864406781,0.6762711864406781,0.41363636363636364,1.1772727272727272,4.0,broad_full_extra,rolling,0.22,250,0,0,0.0,0.0,0,0
0.22,156,0.6169491525423729,40.0,3.0,0.3525641025641026,0.3379032258064516,1.0433877975644086,0.5709754970217936,42.199841608401115,1.0433877975644086,1.0433877975644086,1.0,1.0,0.5932203389830508,0.652542372881356,0.9166666666666666,0.6754966887417219,1.0433877975644086,0.6169491525423729,0.6169491525423729,0.0875,0.9545454545454546,4.0,broad_full_extra,rolling,0.22,40,3,0,0.0,0.0,0,0
0.22,130,0.5141242937853108,60.0,3.0,0.43846153846153846,0.3379032258064516,1.2975950064255555,0.5709754970217936,62.664115086754734,1.2975950064255555,1.2975950064255555,1.0,1.0,0.4943502824858757,0.5338983050847458,1.2307692307692308,0.608,1.2975950064255555,0.5141242937853108,0.5141242937853108,0.0875,0.9227272727272727,4.0,broad_full_extra,rolling,0.22,60,3,0,0.0,0.0,0,0
0.22,122,0.4824858757062147,120.0,3.0,0.5081967213114754,0.3379032258064516,1.503971203881216,0.5709754970217936,82.92268011394468,1.503971203881216,1.503971203881216,1.0,1.0,0.4548022598870057,0.5141242937853108,1.3333333333333333,0.5726495726495726,1.503971203881216,0.4824858757062147,0.4824858757062147,0.23863636363636365,0.8113636363636363,4.0,broad_full_extra,rolling,0.22,120,3,0,0.0,0.0,0,0
0.25,353,1.396045197740113,20.0,0.0,0.44192634560906513,0.3379032258064516,1.3078488509671617,0.5709754970217936,42.55509271821446,1.3078488509671617,1.3078488509671617,1.0,1.0,1.344632768361582,1.4435028248587571,1.2480519480519479,0.853448275862069,1.3078488509671617,1.396045197740113,1.396045197740113,0.7,2.084090909090909,4.0,broad_full_extra,rolling,0.25,20,0,0,0.0,0.0,0,0
0.25,308,1.2180790960451977,40.0,0.0,0.38961038961038963,0.3379032258064516,1.1530235873911292,0.5709754970217936,44.55603968162133,1.1530235873911292,1.1530235873911292,1.0,1.0,1.1864406779661016,1.265536723163842,1.0833333333333333,0.8745874587458746,1.1530235873911292,1.2180790960451977,1.2180790960451977,0.0875,2.0045454545454544,4.0,broad_full_extra,rolling,0.25,40,0,0,0.0,0.0,0,0
0.25,271,1.0717514124293785,60.0,0.0,0.44649446494464945,0.3379032258064516,1.3213678676166236,0.5709754970217936,51.03285084552029,1.3213678676166236,1.3213678676166236,1.0,1.0,1.0480225988700564,1.0875706214689267,1.2495071193866374,0.8120300751879699,1.3213678676166236,1.0717514124293785,1.0717514124293785,0.0875,1.9090909090909092,4.0,broad_full_extra,rolling,0.25,60,0,0,0.0,0.0,0,0
0.25,244,0.9649717514124294,120.0,0.0,0.5491803278688525,0.3379032258064516,1.6252592041942175,0.5709754970217936,80.59724639956283,1.6252592041942175,1.6252592041942175,1.0,1.0,0.9293785310734464,0.9887005649717514,1.4933333333333334,0.8075313807531381,1.6252592041942175,0.9649717514124294,0.9649717514124294,0.46136363636363636,1.8295454545454546,4.0,broad_full_extra,rolling,0.25,120,0,0,0.0,0.0,0,0
0.25,201,0.7949152542372883,250.0,0.0,0.5572139303482587,0.3379032258064516,1.649034065947114,0.5709754970217936,81.61907036363074,1.649034065947114,1.649034065947114,1.0,1.0,0.7711864406779662,0.8305084745762712,1.5726495726495726,0.7755102040816326,1.649034065947114,0.7949152542372883,0.7949152542372883,0.4772727272727273,1.3363636363636364,4.0,broad_full_extra,rolling,0.25,250,0,0,0.0,0.0,0,0
0.25,170,0.672316384180791,40.0,3.0,0.34705882352941175,0.3379032258064516,1.0270953250035098,0.5709754970217936,44.28324588132436,1.0270953250035098,1.0270953250035098,1.0,1.0,0.652542372881356,0.692090395480226,0.9142857142857143,0.7393939393939394,1.0270953250035098,0.672316384180791,0.672316384180791,0.0875,1.0181818181818183,4.0,broad_full_extra,rolling,0.25,40,3,0,0.0,0.0,0,0
0.25,144,0.5694915254237288,60.0,3.0,0.4166666666666667,0.3379032258064516,1.2330946698488465,0.5709754970217936,56.120636381429506,1.2330946698488465,1.2330946698488465,1.0,1.0,0.5536723163841808,0.5932203389830508,1.1428571428571428,0.6402877697841727,1.2330946698488465,0.5694915254237288,0.5694915254237288,0.0875,0.9704545454545455,4.0,broad_full_extra,rolling,0.25,60,3,0,0.0,0.0,0,0
0.25,142,0.5615819209039548,120.0,3.0,0.5352112676056338,0.3379032258064516,1.5839187871861238,0.5709754970217936,85.36608908380018,1.5839187871861238,1.5839187871861238,1.0,1.0,0.5338983050847458,0.5734463276836158,1.471264367816092,0.6277372262773723,1.5839187871861238,0.5615819209039548,0.5615819209039548,0.3181818181818182,0.875,4.0,broad_full_extra,rolling,0.25,120,3,0,0.0,0.0,0,0
0.3,407,1.6096045197740114,20.0,0.0,0.4250614250614251,0.3379032258064516,1.2579383462438356,0.5709754970217936,38.71565468690133,1.2579383462438356,1.2579383462438356,1.0,1.0,1.5819209039548023,1.6214689265536724,1.218784128139789,0.8905472636815921,1.2579383462438356,1.6096045197740114,1.6096045197740114,0.7875,2.418181818181818,4.0,broad_full_extra,rolling,0.3,20,0,0,0.0,0.0,0,0
0.3,352,1.3920903954802262,40.0,0.0,0.375,0.3379032258064516,1.1097852028639619,0.5709754970217936,40.647177144026095,1.1097852028639619,1.1097852028639619,1.0,1.0,1.364406779661017,1.4435028248587571,1.0392875851231012,0.8731988472622478,1.1097852028639619,1.3920903954802262,1.3920903954802262,0.0875,2.1795454545454547,4.0,broad_full_extra,rolling,0.3,40,0,0,0.0,0.0,0,0
0.3,299,1.1824858757062147,60.0,0.0,0.431438127090301,0.3379032258064516,1.2768097317230864,0.5709754970217936,54.56695628575907,1.2768097317230864,1.2768097317230864,1.0,1.0,1.1468926553672316,1.225988700564972,1.2363938512671375,0.8367346938775511,1.2768097317230864,1.1824858757062147,1.1824858757062147,0.105,2.0045454545454544,4.0,broad_full_extra,rolling,0.3,60,0,0,0.0,0.0,0,0
0.3,308,1.2180790960451977,120.0,0.0,0.4935064935064935,0.3379032258064516,1.4604965440287636,0.5709754970217936,68.07637525743446,1.4604965440287636,1.4604965440287636,1.0,1.0,1.1666666666666667,1.265536723163842,1.3333333333333333,0.8382838283828383,1.4604965440287636,1.2180790960451977,1.2180790960451977,0.46136363636363636,2.2272727272727275,4.0,broad_full_extra,rolling,0.3,120,0,0,0.0,0.0,0,0
0.3,281,1.1112994350282488,250.0,0.0,0.501779359430605,0.3379032258064516,1.4849794885297143,0.5709754970217936,67.49574100158019,1.4849794885297143,1.4849794885297143,1.0,1.0,1.0282485875706215,1.1666666666666667,1.3673677761895038,0.8333333333333334,1.4849794885297143,1.1112994350282488,1.1112994350282488,0.7000000000000001,1.5431818181818182,4.0,broad_full_extra,rolling,0.3,250,0,0,0.0,0.0,0,0
0.3,182,0.7197740112994351,40.0,3.0,0.3516483516483517,0.3379032258064516,1.0406776993889166,0.5709754970217936,40.0241783050481,1.0406776993889166,1.0406776993889166,1.0,1.0,0.692090395480226,0.7514124293785311,0.9629629629629629,0.7401129943502824,1.0406776993889166,0.7197740112994351,0.7197740112994351,0.0875,1.0977272727272729,4.0,broad_full_extra,rolling,0.3,40,3,0,0.0,0.0,0,0
0.3,160,0.632768361581921,60.0,3.0,0.425,0.3379032258064516,1.2577565632458234,0.5709754970217936,60.350489740323084,1.2577565632458234,1.2577565632458234,1.0,1.0,0.612994350282486,0.672316384180791,1.2329545454545454,0.6838709677419355,1.2577565632458234,0.632768361581921,0.632768361581921,0.105,1.0181818181818183,4.0,broad_full_extra,rolling,0.3,60,3,0,0.0,0.0,0,0
0.3,171,0.6762711864406781,120.0,3.0,0.4619883040935672,0.3379032258064516,1.367220756744686,0.5709754970217936,68.15938809366156,1.367220756744686,1.367220756744686,1.0,1.0,0.672316384180791,0.692090395480226,1.3064091308165058,0.7048192771084337,1.367220756744686,0.6762711864406781,0.6762711864406781,0.3181818181818182,1.1136363636363638,4.0,broad_full_extra,rolling,0.3,120,3,0,0.0,0.0,0,0
0.35,460,1.8192090395480227,20.0,0.0,0.40217391304347827,0.3379032258064516,1.1902044204627997,0.5709754970217936,38.87315957688034,1.1902044204627997,1.1902044204627997,1.0,1.0,1.7796610169491527,1.8587570621468927,1.1347517730496455,0.8923076923076924,1.1902044204627997,1.8192090395480227,1.8192090395480227,0.9799999999999999,2.5931818181818183,4.0,broad_full_extra,rolling,0.35,20,0,0,0.0,0.0,0,0
0.35,405,1.6016949152542375,40.0,0.0,0.362962962962963,0.3379032258064516,1.0741624679572175,0.5709754970217936,33.505546008641275,1.0741624679572175,1.0741624679572175,1.0,1.0,1.5225988700564972,1.6412429378531075,0.9719843228335027,0.875,1.0741624679572175,1.6016949152542375,1.6016949152542375,0.33249999999999996,2.3386363636363634,4.0,broad_full_extra,rolling,0.35,40,0,0,0.0,0.0,0,0
0.35,363,1.435593220338983,60.0,0.0,0.41046831955922863,0.3379032258064516,1.2147511127767148,0.5709754970217936,43.67756737377209,1.2147511127767148,1.2147511127767148,1.0,1.0,1.384180790960452,1.463276836158192,1.1460637068823238,0.888268156424581,1.2147511127767148,1.435593220338983,1.435593220338983,0.2625,2.2272727272727275,4.0,broad_full_extra,rolling,0.35,60,0,0,0.0,0.0,0,0
0.35,361,1.4276836158192092,120.0,0.0,0.4598337950138504,0.3379032258064516,1.3608446439550705,0.5709754970217936,60.18476316939552,1.3608446439550705,1.3608446439550705,1.0,1.0,1.384180790960452,1.463276836158192,1.2952380952380953,0.8595505617977528,1.3608446439550705,1.4276836158192092,1.4276836158192092,0.5568181818181819,2.5613636363636365,4.0,broad_full_extra,rolling,0.35,120,0,0,0.0,0.0,0,0
0.35,364,1.4395480225988702,250.0,0.0,0.4807692307692308,0.3379032258064516,1.4228015421332845,0.5709754970217936,56.78669488218878,1.4228015421332845,1.4228015421332845,1.0,1.0,1.4039548022598871,1.4830508474576272,1.3333333333333333,0.8635097493036211,1.4228015421332845,1.4395480225988702,1.4395480225988702,1.1295454545454544,1.855,4.0,broad_full_extra,rolling,0.35,250,0,0,0.0,0.0,0,0
0.35,213,0.8423728813559322,40.0,3.0,0.3192488262910798,0.3379032258064516,0.944793662532074,0.5709754970217936,24.222905991253963,0.944793662532074,0.944793662532074,0.0,1.0,0.8107344632768362,0.8502824858757062,0.9033342673017652,0.7403846153846154,0.944793662532074,0.8423728813559322,0.8423728813559322,0.24499999999999997,1.1613636363636364,4.0,broad_full_extra,rolling,0.35,40,3,0,0.0,0.0,0,0
0.35,195,0.7711864406779662,60.0,3.0,0.441025641025641,0.3379032258064516,1.3051832813169328,0.5709754970217936,54.193231396682826,1.3051832813169328,1.3051832813169328,1.0,1.0,0.7514124293785311,0.7909604519774012,1.1623931623931625,0.7368421052631579,1.3051832813169328,0.7711864406779662,0.7711864406779662,0.175,1.1454545454545455,4.0,broad_full_extra,rolling,0.35,60,3,0,0.0,0.0,0,0
0.35,190,0.7514124293785311,120.0,3.0,0.4,0.3379032258064516,1.1837708830548928,0.5709754970217936,54.34759561206091,1.1837708830548928,1.1837708830548928,1.0,1.0,0.731638418079096,0.7711864406779662,1.0714846818538886,0.7297297297297297,1.1837708830548928,0.7514124293785311,0.7514124293785311,0.41363636363636364,1.1772727272727272,4.0,broad_full_extra,rolling,0.35,120,3,0,0.0,0.0,0,0
,255,1.0084745762711864,,,0.34509803921568627,0.3379032258064516,1.0212925265571622,0.5709754970217936,23.81654193083656,1.0212925265571622,,,,1.0084745762711864,1.0084745762711864,0.8841354723707664,0.712,1.0212925265571622,1.0084745762711864,1.0084745762711864,1.0224719101123596,1.05,,broad_full_extra,weekly,0.0,0,0,10,0.75,0.0,3,1
,391,1.5463276836158193,,,0.38107416879795397,0.3379032258064516,1.127761263268408,0.5709754970217936,42.534291377908936,1.127761263268408,,,,1.5225988700564972,1.5621468926553672,1.0345224395857306,0.8782383419689119,1.127761263268408,1.5463276836158193,1.5463276836158193,1.4795454545454547,1.7340909090909091,,broad_full_extra,weekly,0.0,0,0,10,0.75,0.0,3,2
,255,1.0084745762711864,,,0.3764705882352941,0.3379032258064516,1.1141373016987224,0.5709754970217936,23.826275809735606,1.1141373016987224,,,,1.0084745762711864,1.0084745762711864,1.049910873440285,0.68,1.1141373016987224,1.0084745762711864,1.0084745762711864,1.0224719101123596,1.05,,broad_full_extra,weekly,0.0,0,0,10,0.75,0.0,4,1
,381,1.5067796610169493,,,0.4120734908136483,0.3379032258064516,1.2195015002599616,0.5709754970217936,37.58058685251073,1.2195015002599616,,,,1.4830508474576272,1.5225988700564972,1.1641370677515257,0.8324468085106383,1.2195015002599616,1.5067796610169493,1.5067796610169493,1.4,1.7340909090909091,,broad_full_extra,weekly,0.0,0,0,10,0.75,0.0,4,2
,244,0.9649717514124294,,,0.4016393442622951,0.3379032258064516,1.1886224030674126,0.5709754970217936,33.60086992045163,1.1886224030674126,,,,0.9491525423728814,0.9689265536723164,1.0568181818181817,0.6150627615062761,1.1886224030674126,0.9649717514124294,0.9649717514124294,0.875,1.0340909090909092,,broad_full_extra,weekly,0.0,0,0,10,0.75,0.3,3,1
,371,1.4672316384180792,,,0.42318059299191374,0.3379032258064516,1.252372160644327,0.5709754970217936,49.62236148760269,1.252372160644327,,,,1.4435028248587571,1.4830508474576272,1.1733333333333333,0.8060109289617486,1.252372160644327,1.4672316384180792,1.4672316384180792,1.3125,1.7340909090909091,,broad_full_extra,weekly,0.0,0,0,10,0.75,0.3,3,2
,238,0.9412429378531074,,,0.37815126050420167,0.3379032258064516,1.119111128938449,0.5709754970217936,29.731339156149257,1.119111128938449,,,,0.9293785310734464,0.9491525423728814,1.0193423597678917,0.592274678111588,1.119111128938449,0.9412429378531074,0.9412429378531074,0.7875,1.0340909090909092,,broad_full_extra,weekly,0.0,0,0,10,0.75,0.3,4,1
,357,1.4118644067796613,,,0.4173669467787115,0.3379032258064516,1.2351670978653992,0.5709754970217936,42.41010534585935,1.2351670978653992,,,,1.4039548022598871,1.423728813559322,1.1742424242424243,0.7784090909090909,1.2351670978653992,1.4118644067796613,1.4118644067796613,1.1375,1.7340909090909091,,broad_full_extra,weekly,0.0,0,0,10,0.75,0.3,4,2
,229,0.9056497175141243,,,0.4017467248908297,0.3379032258064516,1.1889401882210713,0.5709754970217936,32.0225059721572,1.1889401882210713,,,,0.8898305084745763,0.9293785310734464,1.0646464646464646,0.5848214285714286,1.1889401882210713,0.9056497175141243,0.9056497175141243,0.7875,1.0340909090909092,,broad_full_extra,weekly,0.0,0,0,10,0.75,0.5,3,1
,344,1.3604519774011299,,,0.4331395348837209,0.3379032258064516,1.2818449242382195,0.5709754970217936,50.22110384300691,1.2818449242382195,,,,1.344632768361582,1.384180790960452,1.1844532279314888,0.7905604719764012,1.2818449242382195,1.3604519774011299,1.3604519774011299,1.1549999999999998,1.7340909090909091,,broad_full_extra,weekly,0.0,0,0,10,0.75,0.5,3,2
,225,0.8898305084745763,,,0.3688888888888889,0.3379032258064516,1.0916998143728454,0.5709754970217936,28.22455720561879,1.0916998143728454,,,,0.8502824858757062,0.9293785310734464,0.9536016406049732,0.5772727272727273,1.0916998143728454,0.8898305084745763,0.8898305084745763,0.735,1.0340909090909092,,broad_full_extra,weekly,0.0,0,0,10,0.75,0.5,4,1
,336,1.328813559322034,,,0.4166666666666667,0.3379032258064516,1.2330946698488465,0.5709754970217936,42.56059174077744,1.2330946698488465,,,,1.305084745762712,1.364406779661017,1.160427807486631,0.770392749244713,1.2330946698488465,1.328813559322034,1.328813559322034,1.085,1.7340909090909091,,broad_full_extra,weekly,0.0,0,0,10,0.75,0.5,4,2
,177,0.7,,,0.4576271186440678,0.3379032258064516,1.3543141458678856,0.5709754970217936,65.56043484816435,1.3543141458678856,,,,0.692090395480226,0.711864406779661,1.2077922077922076,0.48255813953488375,1.3543141458678856,0.7,0.7,0.6124999999999999,0.7954545454545455,,broad_full_extra,weekly,0.0,0,0,10,0.75,0.65,3,1
,282,1.1152542372881356,,,0.46808510638297873,0.3379032258064516,1.3852637993195553,0.5709754970217936,71.11566132132828,1.3852637993195553,,,,1.0677966101694916,1.1468926553672316,1.311912225705329,0.7256317689530686,1.3852637993195553,1.1152542372881356,1.1152542372881356,0.9625,1.4000000000000001,,broad_full_extra,weekly,0.0,0,0,10,0.75,0.65,3,2
,174,0.6881355932203389,,,0.40804597701149425,0.3379032258064516,1.2075823663347325,0.5709754970217936,55.84300747154152,1.2075823663347325,,,,0.672316384180791,0.711864406779661,1.0775401069518715,0.46153846153846156,1.2075823663347325,0.6881355932203389,0.6881355932203389,0.56,0.7954545454545455,,broad_full_extra,weekly,0.0,0,0,10,0.75,0.65,4,1
,277,1.0954802259887007,,,0.4404332129963899,0.3379032258064516,1.3034300336886002,0.5709754970217936,58.7726989818779,1.3034300336886002,,,,1.0677966101694916,1.1271186440677967,1.2077922077922076,0.7205882352941176,1.3034300336886002,1.0954802259887007,1.0954802259887007,0.91,1.4000000000000001,,broad_full_extra,weekly,0.0,0,0,10,0.75,0.65,4,2
,255,1.0084745762711864,,,0.34509803921568627,0.3379032258064516,1.0212925265571622,0.5709754970217936,23.81654193083656,1.0212925265571622,,,,1.0084745762711864,1.0084745762711864,0.8841354723707664,0.712,1.0212925265571622,1.0084745762711864,1.0084745762711864,1.0224719101123596,1.05,,broad_full_extra,weekly,0.0,0,0,10,0.8,0.0,3,1
,391,1.5463276836158193,,,0.3887468030690537,0.3379032258064516,1.1504678658845504,0.5709754970217936,42.813894881545856,1.1504678658845504,,,,1.5225988700564972,1.5621468926553672,1.0701956271576525,0.8782383419689119,1.1504678658845504,1.5463276836158193,1.5463276836158193,1.4795454545454547,1.7340909090909091,,broad_full_extra,weekly,0.0,0,0,10,0.8,0.0,3,2
,255,1.0084745762711864,,,0.3764705882352941,0.3379032258064516,1.1141373016987224,0.5709754970217936,23.826275809735606,1.1141373016987224,,,,1.0084745762711864,1.0084745762711864,1.049910873440285,0.68,1.1141373016987224,1.0084745762711864,1.0084745762711864,1.0224719101123596,1.05,,broad_full_extra,weekly,0.0,0,0,10,0.8,0.0,4,1
,381,1.5067796610169493,,,0.4199475065616798,0.3379032258064516,1.24280407669805,0.5709754970217936,37.8675290307838,1.24280407669805,,,,1.4830508474576272,1.5225988700564972,1.2029416366765766,0.8324468085106383,1.24280407669805,1.5067796610169493,1.5067796610169493,1.4,1.7340909090909091,,broad_full_extra,weekly,0.0,0,0,10,0.8,0.0,4,2
,244,0.9649717514124294,,,0.4016393442622951,0.3379032258064516,1.1886224030674126,0.5709754970217936,33.60086992045163,1.1886224030674126,,,,0.9491525423728814,0.9689265536723164,1.0568181818181817,0.6150627615062761,1.1886224030674126,0.9649717514124294,0.9649717514124294,0.875,1.0340909090909092,,broad_full_extra,weekly,0.0,0,0,10,0.8,0.3,3,1
,371,1.4672316384180792,,,0.431266846361186,0.3379032258064516,1.2763028388731996,0.5709754970217936,49.91703795639525,1.2763028388731996,,,,1.4435028248587571,1.4830508474576272,1.1733333333333333,0.8060109289617486,1.2763028388731996,1.4672316384180792,1.4672316384180792,1.3125,1.7340909090909091,,broad_full_extra,weekly,0.0,0,0,10,0.8,0.3,3,2
,238,0.9412429378531074,,,0.37815126050420167,0.3379032258064516,1.119111128938449,0.5709754970217936,29.731339156149257,1.119111128938449,,,,0.9293785310734464,0.9491525423728814,1.0193423597678917,0.592274678111588,1.119111128938449,0.9412429378531074,0.9412429378531074,0.7875,1.0340909090909092,,broad_full_extra,weekly,0.0,0,0,10,0.8,0.3,4,1
,357,1.4118644067796613,,,0.4257703081232493,0.3379032258064516,1.2600362340640314,0.5709754970217936,42.71633775460456,1.2600362340640314,,,,1.4039548022598871,1.423728813559322,1.2018779342723005,0.7784090909090909,1.2600362340640314,1.4118644067796613,1.4118644067796613,1.1375,1.7340909090909091,,broad_full_extra,weekly,0.0,0,0,10,0.8,0.3,4,2
,229,0.9056497175141243,,,0.4017467248908297,0.3379032258064516,1.1889401882210713,0.5709754970217936,32.0225059721572,1.1889401882210713,,,,0.8898305084745763,0.9293785310734464,1.0646464646464646,0.5848214285714286,1.1889401882210713,0.9056497175141243,0.9056497175141243,0.7875,1.0340909090909092,,broad_full_extra,weekly,0.0,0,0,10,0.8,0.5,3,1
,344,1.3604519774011299,,,0.4418604651162791,0.3379032258064516,1.3076538824443582,0.5709754970217936,50.53890898812911,1.3076538824443582,,,,1.344632768361582,1.384180790960452,1.2252964426877468,0.7905604719764012,1.3076538824443582,1.3604519774011299,1.3604519774011299,1.1549999999999998,1.7340909090909091,,broad_full_extra,weekly,0.0,0,0,10,0.8,0.5,3,2
,225,0.8898305084745763,,,0.3688888888888889,0.3379032258064516,1.0916998143728454,0.5709754970217936,28.22455720561879,1.0916998143728454,,,,0.8502824858757062,0.9293785310734464,0.9536016406049732,0.5772727272727273,1.0916998143728454,0.8898305084745763,0.8898305084745763,0.735,1.0340909090909092,,broad_full_extra,weekly,0.0,0,0,10,0.8,0.5,4,1
,336,1.328813559322034,,,0.4255952380952381,0.3379032258064516,1.2595181270598932,0.5709754970217936,42.88596367506922,1.2595181270598932,,,,1.305084745762712,1.364406779661017,1.2018716577540105,0.770392749244713,1.2595181270598932,1.328813559322034,1.328813559322034,1.085,1.7340909090909091,,broad_full_extra,weekly,0.0,0,0,10,0.8,0.5,4,2
,177,0.7,,,0.4576271186440678,0.3379032258064516,1.3543141458678856,0.5709754970217936,65.56043484816435,1.3543141458678856,,,,0.692090395480226,0.711864406779661,1.2077922077922076,0.48255813953488375,1.3543141458678856,0.7,0.7,0.6124999999999999,0.7954545454545455,,broad_full_extra,weekly,0.0,0,0,10,0.8,0.65,3,1
,282,1.1152542372881356,,,0.4787234042553192,0.3379032258064516,1.4167470674859088,0.5709754970217936,71.50333851963337,1.4167470674859088,,,,1.0677966101694916,1.1468926553672316,1.3333333333333333,0.7256317689530686,1.4167470674859088,1.1152542372881356,1.1152542372881356,0.9625,1.4000000000000001,,broad_full_extra,weekly,0.0,0,0,10,0.8,0.65,3,2
,174,0.6881355932203389,,,0.40804597701149425,0.3379032258064516,1.2075823663347325,0.5709754970217936,55.84300747154152,1.2075823663347325,,,,0.672316384180791,0.711864406779661,1.0775401069518715,0.46153846153846156,1.2075823663347325,0.6881355932203389,0.6881355932203389,0.56,0.7954545454545455,,broad_full_extra,weekly,0.0,0,0,10,0.8,0.65,4,1
,277,1.0954802259887007,,,0.45126353790613716,0.3379032258064516,1.3354815918940575,0.5709754970217936,59.16737396354591,1.3354815918940575,,,,1.0677966101694916,1.1271186440677967,1.2380952380952381,0.7205882352941176,1.3354815918940575,1.0954802259887007,1.0954802259887007,0.91,1.4000000000000001,,broad_full_extra,weekly,0.0,0,0,10,0.8,0.65,4,2
,255,1.0084745762711864,,,0.30196078431372547,0.3379032258064516,0.8936309607375169,0.5709754970217936,15.14146459819448,0.8936309607375169,,,,1.0084745762711864,1.0084745762711864,0.7736185383244207,0.792,0.8936309607375169,1.0084745762711864,1.0084745762711864,1.0224719101123596,1.05,,broad_full_extra,weekly,0.0,0,0,10,0.85,0.0,3,1
,369,1.459322033898305,,,0.35772357723577236,0.3379032258064516,1.0586568872848634,0.5709754970217936,36.482294184797865,1.0586568872848634,,,,1.423728813559322,1.4830508474576272,0.952088452088452,0.9010989010989011,1.0586568872848634,1.459322033898305,1.459322033898305,1.4318181818181819,1.6227272727272726,,broad_full_extra,weekly,0.0,0,0,10,0.85,0.0,3,2
,255,1.0084745762711864,,,0.3764705882352941,0.3379032258064516,1.1141373016987224,0.5709754970217936,20.353145027127304,1.1141373016987224,,,,1.0084745762711864,1.0084745762711864,1.049910873440285,0.784,1.1141373016987224,1.0084745762711864,1.0084745762711864,1.0224719101123596,1.05,,broad_full_extra,weekly,0.0,0,0,10,0.85,0.0,4,1
,364,1.4395480225988702,,,0.41483516483516486,0.3379032258064516,1.2276744734978626,0.5709754970217936,33.28381214266939,1.2276744734978626,,,,1.4039548022598871,1.463276836158192,1.158156911581569,0.883008356545961,1.2276744734978626,1.4395480225988702,1.4395480225988702,1.3825,1.6227272727272726,,broad_full_extra,weekly,0.0,0,0,10,0.85,0.0,4,2
,242,0.9570621468926553,,,0.359504132231405,0.3379032258064516,1.063926310183633,0.5709754970217936,21.494296894885693,1.063926310183633,,,,0.9491525423728814,0.9689265536723164,0.9981060606060607,0.6582278481012658,1.063926310183633,0.9570621468926553,0.9570621468926553,0.875,1.0340909090909092,,broad_full_extra,weekly,0.0,0,0,10,0.85,0.3,3,1
,352,1.3920903954802262,,,0.3977272727272727,0.3379032258064516,1.1770449121284443,0.5709754970217936,41.37131213156608,1.1770449121284443,,,,1.344632768361582,1.423728813559322,1.0666666666666667,0.8242074927953891,1.1770449121284443,1.3920903954802262,1.3920903954802262,1.295,1.6227272727272726,,broad_full_extra,weekly,0.0,0,0,10,0.85,0.3,3,2
,235,0.9293785310734464,,,0.37872340425531914,0.3379032258064516,1.1208043467221855,0.5709754970217936,27.648115485055133,1.1208043467221855,,,,0.9293785310734464,0.9293785310734464,1.0793036750483558,0.6391304347826087,1.1208043467221855,0.9293785310734464,0.9293785310734464,0.7875,1.0340909090909092,,broad_full_extra,weekly,0.0,0,0,10,0.85,0.3,4,1
,337,1.332768361581921,,,0.42136498516320475,0.3379032258064516,1.2469990014376466,0.5709754970217936,39.30091515426235,1.2469990014376466,,,,1.305084745762712,1.364406779661017,1.1717171717171717,0.8012048192771084,1.2469990014376466,1.332768361581921,1.332768361581921,1.12,1.6227272727272726,,broad_full_extra,weekly,0.0,0,0,10,0.85,0.3,4,2
,219,0.8661016949152542,,,0.3744292237442922,0.3379032258064516,1.1080960320833468,0.5709754970217936,24.807154751400265,1.1080960320833468,,,,0.8502824858757062,0.8898305084745763,1.0486257928118392,0.616822429906542,1.1080960320833468,0.8661016949152542,0.8661016949152542,0.7707865168539327,1.0340909090909092,,broad_full_extra,weekly,0.0,0,0,10,0.85,0.5,3,1
,315,1.2457627118644068,,,0.4222222222222222,0.3379032258064516,1.2495359321134978,0.5709754970217936,46.624121741949345,1.2495359321134978,,,,1.225988700564972,1.2853107344632768,1.1612903225806452,0.7870967741935484,1.2495359321134978,1.2457627118644068,1.2457627118644068,1.1325842696629214,1.6227272727272726,,broad_full_extra,weekly,0.0,0,0,10,0.85,0.5,3,2
,212,0.8384180790960452,,,0.38207547169811323,0.3379032258064516,1.1307245463142253,0.5709754970217936,27.777281225244746,1.1307245463142253,,,,0.8107344632768362,0.8700564971751413,1.0064935064935066,0.5700483091787439,1.1307245463142253,0.8384180790960452,0.8384180790960452,0.7,1.0340909090909092,,broad_full_extra,weekly,0.0,0,0,10,0.85,0.5,4,1
,305,1.2062146892655368,,,0.43278688524590164,0.3379032258064516,1.2808012833052937,0.5709754970217936,41.651210412786746,1.2808012833052937,,,,1.1666666666666667,1.2457627118644068,1.201192250372578,0.7666666666666667,1.2808012833052937,1.2062146892655368,1.2062146892655368,1.0325,1.6227272727272726,,broad_full_extra,weekly,0.0,0,0,10,0.85,0.5,4,2
,164,0.6485875706214689,,,0.4451219512195122,0.3379032258064516,1.317306013155597,0.5709754970217936,70.54367368852826,1.317306013155597,,,,0.632768361581921,0.652542372881356,1.1448863636363635,0.4779874213836478,1.317306013155597,0.6485875706214689,0.6485875706214689,0.550561797752809,0.7954545454545455,,broad_full_extra,weekly,0.0,0,0,10,0.85,0.65,3,1
,251,0.9926553672316385,,,0.4701195219123506,0.3379032258064516,1.3912845039888182,0.5709754970217936,77.82571172365958,1.3912845039888182,,,,0.9689265536723164,1.0084745762711864,1.28,0.7073170731707317,1.3912845039888182,0.9926553672316385,0.9926553672316385,0.8808988764044944,1.2886363636363636,,broad_full_extra,weekly,0.0,0,0,10,0.85,0.65,3,2
,145,0.5734463276836158,,,0.46206896551724136,0.3379032258064516,1.3674594683565138,0.5709754970217936,73.3382017356962,1.3674594683565138,,,,0.5536723163841808,0.5932203389830508,1.2077922077922076,0.42142857142857143,1.3674594683565138,0.5734463276836158,0.5734463276836158,0.4772727272727273,0.7954545454545455,,broad_full_extra,weekly,0.0,0,0,10,0.85,0.65,4,1
,231,0.9135593220338984,,,0.48484848484848486,0.3379032258064516,1.434873797642294,0.5709754970217936,70.26652326458972,1.434873797642294,,,,0.9096045197740114,0.9293785310734464,1.2753623188405798,0.6814159292035398,1.434873797642294,0.9135593220338984,0.9135593220338984,0.7318181818181818,1.2886363636363636,,broad_full_extra,weekly,0.0,0,0,10,0.85,0.65,4,2
,255,1.0084745762711864,,,0.30196078431372547,0.3379032258064516,0.8936309607375169,0.5709754970217936,15.14146459819448,0.8936309607375169,,,,1.0084745762711864,1.0084745762711864,0.7736185383244207,0.792,0.8936309607375169,1.0084745762711864,1.0084745762711864,1.0224719101123596,1.05,,broad_full_extra,weekly,0.0,0,0,10,0.9,0.0,3,1
,365,1.4435028248587571,,,0.3561643835616438,0.3379032258064516,1.0540425671036715,0.5709754970217936,36.41960732477186,1.0540425671036715,,,,1.4039548022598871,1.463276836158192,0.952088452088452,0.9,1.0540425671036715,1.4435028248587571,1.4435028248587571,1.3681818181818182,1.6227272727272726,,broad_full_extra,weekly,0.0,0,0,10,0.9,0.0,3,2
,255,1.0084745762711864,,,0.3764705882352941,0.3379032258064516,1.1141373016987224,0.5709754970217936,20.353145027127304,1.1141373016987224,,,,1.0084745762711864,1.0084745762711864,1.049910873440285,0.784,1.1141373016987224,1.0084745762711864,1.0084745762711864,1.0224719101123596,1.05,,broad_full_extra,weekly,0.0,0,0,10,0.9,0.0,4,1
,360,1.423728813559322,,,0.41388888888888886,0.3379032258064516,1.2248740387165207,0.5709754970217936,33.18471594245271,1.2248740387165207,,,,1.384180790960452,1.4435028248587571,1.158156911581569,0.8816901408450705,1.2248740387165207,1.423728813559322,1.423728813559322,1.3681818181818182,1.6227272727272726,,broad_full_extra,weekly,0.0,0,0,10,0.9,0.0,4,2
,242,0.9570621468926553,,,0.359504132231405,0.3379032258064516,1.063926310183633,0.5709754970217936,21.494296894885693,1.063926310183633,,,,0.9491525423728814,0.9689265536723164,0.9981060606060607,0.6582278481012658,1.063926310183633,0.9570621468926553,0.9570621468926553,0.875,1.0340909090909092,,broad_full_extra,weekly,0.0,0,0,10,0.9,0.3,3,1
,351,1.3881355932203392,,,0.39886039886039887,0.3379032258064516,1.1803983164365026,0.5709754970217936,41.45449441485382,1.1803983164365026,,,,1.344632768361582,1.423728813559322,1.1047619047619048,0.8236994219653179,1.1803983164365026,1.3881355932203392,1.3881355932203392,1.295,1.6227272727272726,,broad_full_extra,weekly,0.0,0,0,10,0.9,0.3,3,2
,235,0.9293785310734464,,,0.37872340425531914,0.3379032258064516,1.1208043467221855,0.5709754970217936,27.648115485055133,1.1208043467221855,,,,0.9293785310734464,0.9293785310734464,1.0793036750483558,0.6391304347826087,1.1208043467221855,0.9293785310734464,0.9293785310734464,0.7875,1.0340909090909092,,broad_full_extra,weekly,0.0,0,0,10,0.9,0.3,4,1
,336,1.328813559322034,,,0.4226190476190476,0.3379032258064516,1.2507103079895443,0.5709754970217936,39.38164903657394,1.2507103079895443,,,,1.305084745762712,1.344632768361582,1.2018716577540105,0.8006042296072508,1.2507103079895443,1.328813559322034,1.328813559322034,1.12,1.6227272727272726,,broad_full_extra,weekly,0.0,0,0,10,0.9,0.3,4,2
,219,0.8661016949152542,,,0.3744292237442922,0.3379032258064516,1.1080960320833468,0.5709754970217936,24.807154751400265,1.1080960320833468,,,,0.8502824858757062,0.8898305084745763,1.0486257928118392,0.616822429906542,1.1080960320833468,0.8661016949152542,0.8661016949152542,0.7707865168539327,1.0340909090909092,,broad_full_extra,weekly,0.0,0,0,10,0.9,0.5,3,1
,315,1.2457627118644068,,,0.4253968253968254,0.3379032258064516,1.25893093912187,0.5709754970217936,46.777380317535645,1.25893093912187,,,,1.225988700564972,1.2853107344632768,1.2043010752688172,0.7870967741935484,1.25893093912187,1.2457627118644068,1.2457627118644068,1.1325842696629214,1.6227272727272726,,broad_full_extra,weekly,0.0,0,0,10,0.9,0.5,3,2
,212,0.8384180790960452,,,0.38207547169811323,0.3379032258064516,1.1307245463142253,0.5709754970217936,27.777281225244746,1.1307245463142253,,,,0.8107344632768362,0.8700564971751413,1.0064935064935066,0.5700483091787439,1.1307245463142253,0.8384180790960452,0.8384180790960452,0.7,1.0340909090909092,,broad_full_extra,weekly,0.0,0,0,10,0.9,0.5,4,1
,305,1.2062146892655368,,,0.4360655737704918,0.3379032258064516,1.290504323330334,0.5709754970217936,41.809493859703736,1.290504323330334,,,,1.1666666666666667,1.2457627118644068,1.201192250372578,0.7666666666666667,1.290504323330334,1.2062146892655368,1.2062146892655368,1.0325,1.6227272727272726,,broad_full_extra,weekly,0.0,0,0,10,0.9,0.5,4,2
,164,0.6485875706214689,,,0.4451219512195122,0.3379032258064516,1.317306013155597,0.5709754970217936,70.54367368852826,1.317306013155597,,,,0.632768361581921,0.652542372881356,1.1448863636363635,0.4779874213836478,1.317306013155597,0.6485875706214689,0.6485875706214689,0.550561797752809,0.7954545454545455,,broad_full_extra,weekly,0.0,0,0,10,0.9,0.65,3,1
,251,0.9926553672316385,,,0.47410358565737054,0.3379032258064516,1.4030750506327911,0.5709754970217936,78.01804818306071,1.4030750506327911,,,,0.9689265536723164,1.0084745762711864,1.2963636363636364,0.7073170731707317,1.4030750506327911,0.9926553672316385,0.9926553672316385,0.8808988764044944,1.2886363636363636,,broad_full_extra,weekly,0.0,0,0,10,0.9,0.65,3,2
,145,0.5734463276836158,,,0.46206896551724136,0.3379032258064516,1.3674594683565138,0.5709754970217936,73.3382017356962,1.3674594683565138,,,,0.5536723163841808,0.5932203389830508,1.2077922077922076,0.42142857142857143,1.3674594683565138,0.5734463276836158,0.5734463276836158,0.4772727272727273,0.7954545454545455,,broad_full_extra,weekly,0.0,0,0,10,0.9,0.65,4,1
,231,0.9135593220338984,,,0.48917748917748916,0.3379032258064516,1.4476851708355287,0.5709754970217936,70.47551223129831,1.4476851708355287,,,,0.9096045197740114,0.9293785310734464,1.3333333333333333,0.6814159292035398,1.4476851708355287,0.9135593220338984,0.9135593220338984,0.7318181818181818,1.2886363636363636,,broad_full_extra,weekly,0.0,0,0,10,0.9,0.65,4,2
,255,1.0084745762711864,,,0.33725490196078434,0.3379032258064516,0.9980813327717722,0.5709754970217936,20.71935811221351,0.9980813327717722,,,,1.0084745762711864,1.0084745762711864,0.8841354723707664,0.74,0.9980813327717722,1.0084745762711864,1.0084745762711864,1.0224719101123596,1.05,,broad_full_extra,weekly,0.0,0,0,20,0.75,0.0,3,1
,397,1.5700564971751414,,,0.35768261964735515,0.3379032258064516,1.0585356762833422,0.5709754970217936,30.23574778128542,1.0585356762833422,,,,1.5621468926553672,1.5819209039548023,0.9988492520138089,0.8954081632653061,1.0585356762833422,1.5700564971751414,1.5700564971751414,1.4157303370786518,1.8136363636363637,,broad_full_extra,weekly,0.0,0,0,20,0.75,0.0,3,2
,255,1.0084745762711864,,,0.38823529411764707,0.3379032258064516,1.1489540923768076,0.5709754970217936,28.28917172660538,1.1489540923768076,,,,1.0084745762711864,1.0084745762711864,1.0545712260807938,0.736,1.1489540923768076,1.0084745762711864,1.0084745762711864,1.0224719101123596,1.05,,broad_full_extra,weekly,0.0,0,0,20,0.75,0.0,4,1
,387,1.5305084745762714,,,0.4005167958656331,0.3379032258064516,1.1853003028004416,0.5709754970217936,35.692152440243234,1.1853003028004416,,,,1.5225988700564972,1.5423728813559323,1.1109051590979302,0.8638743455497382,1.1853003028004416,1.5305084745762714,1.5305084745762714,1.3370786516853934,1.8136363636363637,,broad_full_extra,weekly,0.0,0,0,20,0.75,0.0,4,2
,227,0.8977401129943503,,,0.3920704845814978,0.3379032258064516,1.1603040593819982,0.5709754970217936,35.04108880012369,1.1603040593819982,,,,0.8898305084745763,0.9096045197740114,1.002020202020202,0.6261261261261262,1.1603040593819982,0.8977401129943503,0.8977401129943503,0.8651685393258427,0.9863636363636364,,broad_full_extra,weekly,0.0,0,0,20,0.75,0.3,3,1
,363,1.435593220338983,,,0.3939393939393939,0.3379032258064516,1.1658349605843639,0.5709754970217936,40.11447395497547,1.1658349605843639,,,,1.423728813559322,1.4435028248587571,1.0809464508094644,0.8296089385474861,1.1658349605843639,1.435593220338983,1.435593220338983,1.2584269662921348,1.7340909090909091,,broad_full_extra,weekly,0.0,0,0,20,0.75,0.3,3,2
,226,0.8937853107344633,,,0.39823008849557523,0.3379032258064516,1.1785329587935878,0.5709754970217936,38.823336438070136,1.1785329587935878,,,,0.8700564971751413,0.9096045197740114,0.9743321110529074,0.6289592760180995,1.1785329587935878,0.8937853107344633,0.8937853107344633,0.8651685393258427,0.9704545454545455,,broad_full_extra,weekly,0.0,0,0,20,0.75,0.3,4,1
,352,1.3920903954802262,,,0.4090909090909091,0.3379032258064516,1.2106747667606856,0.5709754970217936,43.56949337310229,1.2106747667606856,,,,1.384180790960452,1.4039548022598871,1.0941795350415748,0.8097982708933718,1.2106747667606856,1.3920903954802262,1.3920903954802262,1.1797752808988764,1.7340909090909091,,broad_full_extra,weekly,0.0,0,0,20,0.75,0.3,4,2
,214,0.8463276836158192,,,0.35514018691588783,0.3379032258064516,1.0510115316842503,0.5709754970217936,33.351054076205145,1.0510115316842503,,,,0.8107344632768362,0.8700564971751413,0.9507119386637459,0.6028708133971292,1.0510115316842503,0.8463276836158192,0.8463276836158192,0.7865168539325843,0.9545454545454546,,broad_full_extra,weekly,0.0,0,0,20,0.75,0.5,3,1
,346,1.368361581920904,,,0.37283236994219654,0.3379032258064516,1.103370259494806,0.5709754970217936,35.171378945470444,1.103370259494806,,,,1.344632768361582,1.4039548022598871,1.036096256684492,0.8123167155425219,1.103370259494806,1.368361581920904,1.368361581920904,1.1797752808988764,1.7340909090909091,,broad_full_extra,weekly,0.0,0,0,20,0.75,0.5,3,2
,212,0.8384180790960452,,,0.3915094339622642,0.3379032258064516,1.1586436709145767,0.5709754970217936,43.2858078327299,1.1586436709145767,,,,0.8107344632768362,0.8700564971751413,1.0186199342825848,0.5748792270531401,1.1586436709145767,0.8384180790960452,0.8384180790960452,0.7865168539325843,0.9386363636363637,,broad_full_extra,weekly,0.0,0,0,20,0.75,0.5,4,1
,337,1.332768361581921,,,0.4035608308605341,0.3379032258064516,1.1943089027853517,0.5709754970217936,46.523822287417346,1.1943089027853517,,,,1.305084745762712,1.364406779661017,1.1258948838833596,0.7921686746987951,1.1943089027853517,1.332768361581921,1.332768361581921,1.101123595505618,1.7181818181818183,,broad_full_extra,weekly,0.0,0,0,20,0.75,0.5,4,2
,172,0.6802259887005649,,,0.4011627906976744,0.3379032258064516,1.1872120774823778,0.5709754970217936,45.90309589573088,1.1872120774823778,,,,0.672316384180791,0.692090395480226,1.1272727272727272,0.5329341317365269,1.1872120774823778,0.6802259887005649,0.6802259887005649,0.5662921348314607,0.8113636363636363,,broad_full_extra,weekly,0.0,0,0,20,0.75,0.65,3,1
,293,1.1587570621468928,,,0.40273037542662116,0.3379032258064516,1.1918512303794995,0.5709754970217936,45.4105372351471,1.1918512303794995,,,,1.1468926553672316,1.1666666666666667,1.1463790446841295,0.7777777777777778,1.1918512303794995,1.1587570621468928,1.1587570621468928,0.8651685393258427,1.5272727272727273,,broad_full_extra,weekly,0.0,0,0,20,0.75,0.65,3,2
,169,0.6683615819209039,,,0.41420118343195267,0.3379032258064516,1.2257982516840604,0.5709754970217936,51.451604129603425,1.2257982516840604,,,,0.652542372881356,0.672316384180791,1.1424521615875265,0.524390243902439,1.2257982516840604,0.6683615819209039,0.6683615819209039,0.5662921348314607,0.7954545454545455,,broad_full_extra,weekly,0.0,0,0,20,0.75,0.65,4,1
,290,1.1468926553672316,,,0.4103448275862069,0.3379032258064516,1.2143856472718295,0.5709754970217936,48.63888280598404,1.2143856472718295,,,,1.1271186440677967,1.1666666666666667,1.1661442006269591,0.775438596491228,1.2143856472718295,1.1468926553672316,1.1468926553672316,0.8651685393258427,1.5272727272727273,,broad_full_extra,weekly,0.0,0,0,20,0.75,0.65,4,2
,255,1.0084745762711864,,,0.3215686274509804,0.3379032258064516,0.9516589452009921,0.5709754970217936,16.137149200401375,0.9516589452009921,,,,1.0084745762711864,1.0084745762711864,0.8841354723707664,0.764,0.9516589452009921,1.0084745762711864,1.0084745762711864,1.0224719101123596,1.05,,broad_full_extra,weekly,0.0,0,0,20,0.8,0.0,3,1
,379,1.498870056497175,,,0.38522427440633245,0.3379032258064516,1.1400431987204112,0.5709754970217936,33.02478470563524,1.1400431987204112,,,,1.4830508474576272,1.5225988700564972,1.0896969696969696,0.9090909090909091,1.1400431987204112,1.498870056497175,1.498870056497175,1.3213483146067417,1.75,,broad_full_extra,weekly,0.0,0,0,20,0.8,0.0,3,2
,255,1.0084745762711864,,,0.3686274509803922,0.3379032258064516,1.0909261079133326,0.5709754970217936,20.273263907558096,1.0909261079133326,,,,1.0084745762711864,1.0084745762711864,0.9959839357429718,0.74,1.0909261079133326,1.0084745762711864,1.0084745762711864,1.0224719101123596,1.05,,broad_full_extra,weekly,0.0,0,0,20,0.8,0.0,4,1
,373,1.475141242937853,,,0.42359249329758714,0.3379032258064516,1.253591149615771,0.5709754970217936,32.98332302896152,1.253591149615771,,,,1.463276836158192,1.5028248587570623,1.2113318137414524,0.8777173913043478,1.253591149615771,1.475141242937853,1.475141242937853,1.30561797752809,1.75,,broad_full_extra,weekly,0.0,0,0,20,0.8,0.0,4,2
,226,0.8937853107344633,,,0.37610619469026546,0.3379032258064516,1.1130589055272773,0.5709754970217936,27.3318647856092,1.1130589055272773,,,,0.8898305084745763,0.9096045197740114,0.9743321110529074,0.6018099547511312,1.1130589055272773,0.8937853107344633,0.8937853107344633,0.8494382022471911,0.9863636363636364,,broad_full_extra,weekly,0.0,0,0,20,0.8,0.3,3,1
,344,1.3604519774011299,,,0.4273255813953488,0.3379032258064516,1.2646389521007937,0.5709754970217936,42.05085214056173,1.2646389521007937,,,,1.344632768361582,1.384180790960452,1.2077922077922076,0.8230088495575221,1.2646389521007937,1.3604519774011299,1.3604519774011299,1.148314606741573,1.6704545454545454,,broad_full_extra,weekly,0.0,0,0,20,0.8,0.3,3,2
,221,0.8740112994350283,,,0.38009049773755654,0.3379032258064516,1.1248501603689025,0.5709754970217936,31.104247262627595,1.1248501603689025,,,,0.8502824858757062,0.9096045197740114,0.9093766369827135,0.5925925925925926,1.1248501603689025,0.8740112994350283,0.8740112994350283,0.802247191011236,0.9545454545454546,,broad_full_extra,weekly,0.0,0,0,20,0.8,0.3,4,1
,333,1.3169491525423729,,,0.43843843843843844,0.3379032258064516,1.297526643588696,0.5709754970217936,41.95315095091419,1.297526643588696,,,,1.2853107344632768,1.344632768361582,1.2040999820176228,0.801829268292683,1.297526643588696,1.3169491525423729,1.3169491525423729,1.0853932584269663,1.6704545454545454,,broad_full_extra,weekly,0.0,0,0,20,0.8,0.3,4,2
,209,0.8265536723163841,,,0.3349282296650718,0.3379032258064516,0.9911957154765848,0.5709754970217936,27.62009163438402,0.9911957154765848,,,,0.7909604519774012,0.8700564971751413,0.882803943044907,0.5637254901960784,0.9911957154765848,0.8265536723163841,0.8265536723163841,0.7078651685393259,0.9545454545454546,,broad_full_extra,weekly,0.0,0,0,20,0.8,0.5,3,1
,323,1.2774011299435029,,,0.4055727554179567,0.3379032258064516,1.2002630470603015,0.5709754970217936,38.65645666002685,1.2002630470603015,,,,1.2457627118644068,1.3248587570621468,1.1448863636363635,0.7987421383647799,1.2002630470603015,1.2774011299435029,1.2774011299435029,1.006741573033708,1.6704545454545454,,broad_full_extra,weekly,0.0,0,0,20,0.8,0.5,3,2
,206,0.8146892655367233,,,0.3737864077669903,0.3379032258064516,1.1061936649906157,0.5709754970217936,37.82311870282293,1.1061936649906157,,,,0.7909604519774012,0.8700564971751413,0.9507119386637459,0.5323383084577115,1.1061936649906157,0.8146892655367233,0.8146892655367233,0.7078651685393259,0.9386363636363637,,broad_full_extra,weekly,0.0,0,0,20,0.8,0.5,4,1
,317,1.2536723163841808,,,0.4353312302839117,0.3379032258064516,1.2883310872363973,0.5709754970217936,46.77436054381073,1.2883310872363973,,,,1.225988700564972,1.2853107344632768,1.2411492122335497,0.7788461538461539,1.2883310872363973,1.2536723163841808,1.2536723163841808,0.9910112359550562,1.6545454545454545,,broad_full_extra,weekly,0.0,0,0,20,0.8,0.5,4,2
,164,0.6485875706214689,,,0.38414634146341464,0.3379032258064516,1.1368531346411317,0.5709754970217936,45.0071758141626,1.1368531346411317,,,,0.612994350282486,0.672316384180791,1.024793388429752,0.4968553459119497,1.1368531346411317,0.6485875706214689,0.6485875706214689,0.45617977528089887,0.7954545454545455,,broad_full_extra,weekly,0.0,0,0,20,0.8,0.65,3,1
,272,1.0757062146892655,,,0.44485294117647056,0.3379032258064516,1.316509897515092,0.5709754970217936,50.47870718951772,1.316509897515092,,,,1.0282485875706215,1.1073446327683616,1.2525252525252524,0.7565543071161048,1.316509897515092,1.0757062146892655,1.0757062146892655,0.7393258426966293,1.4636363636363636,,broad_full_extra,weekly,0.0,0,0,20,0.8,0.65,3,2
,161,0.6367231638418079,,,0.39751552795031053,0.3379032258064516,1.1764182688744274,0.5709754970217936,50.81469215751511,1.1764182688744274,,,,0.612994350282486,0.672316384180791,1.0545712260807938,0.48717948717948717,1.1764182688744274,0.6367231638418079,0.6367231638418079,0.45617977528089887,0.7954545454545455,,broad_full_extra,weekly,0.0,0,0,20,0.8,0.65,4,1
,269,1.0638418079096046,,,0.45353159851301117,0.3379032258064516,1.3421937521626106,0.5709754970217936,54.01560207950219,1.3421937521626106,,,,1.0282485875706215,1.0875706214689267,1.2761578044596913,0.7537878787878788,1.3421937521626106,1.0638418079096046,1.0638418079096046,0.7393258426966293,1.4636363636363636,,broad_full_extra,weekly,0.0,0,0,20,0.8,0.65,4,2
,255,1.0084745762711864,,,0.3058823529411765,0.3379032258064516,0.905236557630212,0.5709754970217936,16.238360657099317,0.905236557630212,,,,1.0084745762711864,1.0084745762711864,0.8288770053475936,0.784,0.905236557630212,1.0084745762711864,1.0084745762711864,1.0224719101123596,1.05,,broad_full_extra,weekly,0.0,0,0,20,0.85,0.0,3,1
,373,1.475141242937853,,,0.3699731903485255,0.3379032258064516,1.0949087256137748,0.5709754970217936,31.75195576319666,1.0949087256137748,,,,1.463276836158192,1.4830508474576272,1.0282555282555281,0.9239130434782609,1.0949087256137748,1.475141242937853,1.475141242937853,1.2741573033707865,1.7340909090909091,,broad_full_extra,weekly,0.0,0,0,20,0.85,0.0,3,2
,255,1.0084745762711864,,,0.3686274509803922,0.3379032258064516,1.0909261079133326,0.5709754970217936,22.514442154840857,1.0909261079133326,,,,1.0084745762711864,1.0084745762711864,1.049910873440285,0.76,1.0909261079133326,1.0084745762711864,1.0084745762711864,1.0224719101123596,1.05,,broad_full_extra,weekly,0.0,0,0,20,0.85,0.0,4,1
,368,1.455367231638418,,,0.41847826086956524,0.3379032258064516,1.2384559510221025,0.5709754970217936,32.21962907696611,1.2384559510221025,,,,1.4435028248587571,1.463276836158192,1.1967621419676213,0.8870523415977961,1.2384559510221025,1.455367231638418,1.455367231638418,1.2741573033707865,1.7340909090909091,,broad_full_extra,weekly,0.0,0,0,20,0.85,0.0,4,2
,226,0.8937853107344633,,,0.3584070796460177,0.3379032258064516,1.060679662914229,0.5709754970217936,27.66270447249196,1.060679662914229,,,,0.8898305084745763,0.9096045197740114,0.9393939393939393,0.6153846153846154,1.060679662914229,0.8937853107344633,0.8937853107344633,0.8494382022471911,0.9863636363636364,,broad_full_extra,weekly,0.0,0,0,20,0.85,0.3,3,1
,336,1.328813559322034,,,0.41369047619047616,0.3379032258064516,1.2242868507784974,0.5709754970217936,41.6746056955829,1.2242868507784974,,,,1.305084745762712,1.344632768361582,1.1542288557213929,0.8277945619335347,1.2242868507784974,1.328813559322034,1.328813559322034,1.101123595505618,1.6545454545454545,,broad_full_extra,weekly,0.0,0,0,20,0.85,0.3,3,2
,217,0.8581920903954803,,,0.3824884792626728,0.3379032258064516,1.131946812137743,0.5709754970217936,34.275199095983005,1.131946812137743,,,,0.8502824858757062,0.8700564971751413,0.9507119386637459,0.5990566037735849,1.131946812137743,0.8581920903954803,0.8581920903954803,0.7865168539325843,0.9545454545454546,,broad_full_extra,weekly,0.0,0,0,20,0.85,0.3,4,1
,322,1.2734463276836159,,,0.43788819875776397,0.3379032258064516,1.2958982493069864,0.5709754970217936,42.4774839014109,1.2958982493069864,,,,1.265536723163842,1.2853107344632768,1.1951807228915663,0.7981072555205048,1.2958982493069864,1.2734463276836159,1.2734463276836159,1.0382022471910113,1.6545454545454545,,broad_full_extra,weekly,0.0,0,0,20,0.85,0.3,4,2
,206,0.8146892655367233,,,0.32038834951456313,0.3379032258064516,0.9481659985633849,0.5709754970217936,28.310054875380487,0.9481659985633849,,,,0.7909604519774012,0.8502824858757062,0.8454545454545453,0.5771144278606966,0.9481659985633849,0.8146892655367233,0.8146892655367233,0.7078651685393259,0.9545454545454546,,broad_full_extra,weekly,0.0,0,0,20,0.85,0.5,3,1
,312,1.2338983050847459,,,0.3942307692307692,0.3379032258064516,1.1666972645492932,0.5709754970217936,38.48625725018559,1.1666972645492932,,,,1.2062146892655368,1.2853107344632768,1.0909090909090908,0.8078175895765473,1.1666972645492932,1.2338983050847459,1.2338983050847459,0.9595505617977528,1.6545454545454545,,broad_full_extra,weekly,0.0,0,0,20,0.85,0.5,3,2
,202,0.7988700564971751,,,0.37623762376237624,0.3379032258064516,1.1134478602991564,0.5709754970217936,41.362584215688806,1.1134478602991564,,,,0.7909604519774012,0.8305084745762712,0.9959839357429718,0.5431472081218274,1.1134478602991564,0.7988700564971751,0.7988700564971751,0.6921348314606742,0.9386363636363637,,broad_full_extra,weekly,0.0,0,0,20,0.85,0.5,4,1
,306,1.2101694915254237,,,0.434640522875817,0.3379032258064516,1.2862869889403654,0.5709754970217936,47.49942105224798,1.2862869889403654,,,,1.1864406779661016,1.2457627118644068,1.2240437158469946,0.7807308970099668,1.2862869889403654,1.2101694915254237,1.2101694915254237,0.9438202247191012,1.638636363636364,,broad_full_extra,weekly,0.0,0,0,20,0.85,0.5,4,2
,160,0.632768361581921,,,0.3625,0.3379032258064516,1.0727923627684963,0.5709754970217936,46.21199734664407,1.0727923627684963,,,,0.612994350282486,0.652542372881356,0.96875,0.5161290322580645,1.0727923627684963,0.632768361581921,0.632768361581921,0.4404494382022472,0.7954545454545455,,broad_full_extra,weekly,0.0,0,0,20,0.85,0.65,3,1
,261,1.0322033898305085,,,0.42911877394636017,0.3379032258064516,1.269945774924789,0.5709754970217936,49.37403098966082,1.269945774924789,,,,1.0084745762711864,1.0480225988700564,1.1923076923076923,0.76171875,1.269945774924789,1.0322033898305085,1.0322033898305085,0.6921348314606742,1.4477272727272728,,broad_full_extra,weekly,0.0,0,0,20,0.85,0.65,3,2
,157,0.6209039548022599,,,0.4012738853503185,0.3379032258064516,1.1875408540200356,0.5709754970217936,53.70913434183138,1.1875408540200356,,,,0.612994350282486,0.632768361581921,1.0909090909090908,0.48026315789473684,1.1875408540200356,0.6209039548022599,0.6209039548022599,0.4404494382022472,0.7954545454545455,,broad_full_extra,weekly,0.0,0,0,20,0.85,0.65,4,1
,258,1.0203389830508476,,,0.45348837209302323,0.3379032258064516,1.3420658267192096,0.5709754970217936,52.470364193936796,1.3420658267192096,,,,1.0084745762711864,1.0480225988700564,1.2709447415329769,0.7430830039525692,1.3420658267192096,1.0203389830508476,1.0203389830508476,0.6921348314606742,1.4477272727272728,,broad_full_extra,weekly,0.0,0,0,20,0.85,0.65,4,2
,255,1.0084745762711864,,,0.3215686274509804,0.3379032258064516,0.9516589452009921,0.5709754970217936,17.109179732439497,0.9516589452009921,,,,1.0084745762711864,1.0084745762711864,0.8841354723707664,0.804,0.9516589452009921,1.0084745762711864,1.0084745762711864,1.0224719101123596,1.05,,broad_full_extra,weekly,0.0,0,0,20,0.9,0.0,3,1
,353,1.396045197740113,,,0.3626062322946176,0.3379032258064516,1.0731067495115174,0.5709754970217936,31.378813624746652,1.0731067495115174,,,,1.344632768361582,1.423728813559322,1.0140845070422535,0.9195402298850575,1.0731067495115174,1.396045197740113,1.396045197740113,1.2584269662921348,1.6704545454545454,,broad_full_extra,weekly,0.0,0,0,20,0.9,0.0,3,2
,255,1.0084745762711864,,,0.38823529411764707,0.3379032258064516,1.1489540923768076,0.5709754970217936,23.829987544526144,1.1489540923768076,,,,1.0084745762711864,1.0084745762711864,1.105169340463458,0.796,1.1489540923768076,1.0084745762711864,1.0084745762711864,1.0224719101123596,1.05,,broad_full_extra,weekly,0.0,0,0,20,0.9,0.0,4,1
,348,1.3762711864406778,,,0.4166666666666667,0.3379032258064516,1.2330946698488465,0.5709754970217936,32.19388051823203,1.2330946698488465,,,,1.3248587570621468,1.4039548022598871,1.1951807228915663,0.8979591836734694,1.2330946698488465,1.3762711864406778,1.3762711864406778,1.2584269662921348,1.6704545454545454,,broad_full_extra,weekly,0.0,0,0,20,0.9,0.0,4,2
,226,0.8937853107344633,,,0.37610619469026546,0.3379032258064516,1.1130589055272773,0.5709754970217936,28.64526581856164,1.1130589055272773,,,,0.8898305084745763,0.9096045197740114,1.002020202020202,0.6380090497737556,1.1130589055272773,0.8937853107344633,0.8937853107344633,0.8494382022471911,0.9863636363636364,,broad_full_extra,weekly,0.0,0,0,20,0.9,0.3,3,1
,319,1.2615819209039547,,,0.4106583072100313,0.3379032258064516,1.2153133673996155,0.5709754970217936,41.98289897658364,1.2153133673996155,,,,1.2062146892655368,1.2853107344632768,1.1492122335495831,0.8121019108280255,1.2153133673996155,1.2615819209039547,1.2615819209039547,1.0853932584269663,1.590909090909091,,broad_full_extra,weekly,0.0,0,0,20,0.9,0.3,3,2
,217,0.8581920903954803,,,0.391705069124424,0.3379032258064516,1.1592226389362428,0.5709754970217936,34.778222085688505,1.1592226389362428,,,,0.8502824858757062,0.8700564971751413,1.0186199342825848,0.589622641509434,1.1592226389362428,0.8581920903954803,0.8581920903954803,0.7865168539325843,0.9545454545454546,,broad_full_extra,weekly,0.0,0,0,20,0.9,0.3,4,1
,305,1.2062146892655368,,,0.42950819672131146,0.3379032258064516,1.2710982432802536,0.5709754970217936,42.474505575813055,1.2710982432802536,,,,1.1666666666666667,1.225988700564972,1.1566265060240963,0.78,1.2710982432802536,1.2062146892655368,1.2062146892655368,1.0224719101123596,1.590909090909091,,broad_full_extra,weekly,0.0,0,0,20,0.9,0.3,4,2
,206,0.8146892655367233,,,0.33980582524271846,0.3379032258064516,1.0056306045369234,0.5709754970217936,29.38801052689382,1.0056306045369234,,,,0.7909604519774012,0.8502824858757062,0.9159090909090909,0.5920398009950248,1.0056306045369234,0.8146892655367233,0.8146892655367233,0.7078651685393259,0.9545454545454546,,broad_full_extra,weekly,0.0,0,0,20,0.9,0.5,3,1
,296,1.1706214689265537,,,0.3918918918918919,0.3379032258064516,1.1597755273172934,0.5709754970217936,38.70959562121446,1.1597755273172934,,,,1.1073446327683616,1.225988700564972,1.108433734939759,0.8006872852233677,1.1597755273172934,1.1706214689265537,1.1706214689265537,0.9438202247191012,1.590909090909091,,broad_full_extra,weekly,0.0,0,0,20,0.9,0.5,3,2
,199,0.7870056497175141,,,0.39195979899497485,0.3379032258064516,1.159976493445749,0.5709754970217936,42.5996085523456,1.159976493445749,,,,0.7711864406779662,0.8305084745762712,1.0671256454388984,0.5412371134020618,1.159976493445749,0.7870056497175141,0.7870056497175141,0.6921348314606742,0.9386363636363637,,broad_full_extra,weekly,0.0,0,0,20,0.9,0.5,4,1
,287,1.1350282485875707,,,0.43205574912891986,0.3379032258064516,1.2786375391882117,0.5709754970217936,48.38039062698729,1.2786375391882117,,,,1.0875706214689267,1.1864406779661016,1.1951807228915663,0.7730496453900709,1.2786375391882117,1.1350282485875707,1.1350282485875707,0.9280898876404495,1.5750000000000002,,broad_full_extra,weekly,0.0,0,0,20,0.9,0.5,4,2
,160,0.632768361581921,,,0.3875,0.3379032258064516,1.1467780429594272,0.5709754970217936,47.599865247967486,1.1467780429594272,,,,0.612994350282486,0.652542372881356,1.0568181818181817,0.5161290322580645,1.1467780429594272,0.632768361581921,0.632768361581921,0.4404494382022472,0.7954545454545455,,broad_full_extra,weekly,0.0,0,0,20,0.9,0.65,3,1
,246,0.9728813559322035,,,0.43089430894308944,0.3379032258064516,1.2752003415022217,0.5709754970217936,51.13297582002763,1.2752003415022217,,,,0.9293785310734464,1.0084745762711864,1.2077922077922076,0.7593360995850622,1.2752003415022217,0.9728813559322035,0.9728813559322035,0.6764044943820224,1.4000000000000001,,broad_full_extra,weekly,0.0,0,0,20,0.9,0.65,3,2
,154,0.6090395480225989,,,0.42207792207792205,0.3379032258064516,1.2491088863403899,0.5709754970217936,55.5481440390595,1.2491088863403899,,,,0.5932203389830508,0.632768361581921,1.1272727272727272,0.4697986577181208,1.2491088863403899,0.6090395480225989,0.6090395480225989,0.4404494382022472,0.7954545454545455,,broad_full_extra,weekly,0.0,0,0,20,0.9,0.65,4,1
,240,0.9491525423728814,,,0.45416666666666666,0.3379032258064516,1.3440731901352427,0.5709754970217936,54.70610479832045,1.3440731901352427,,,,0.9096045197740114,0.9887005649717514,1.2591876208897483,0.7361702127659574,1.3440731901352427,0.9491525423728814,0.9491525423728814,0.6764044943820224,1.4000000000000001,,broad_full_extra,weekly,0.0,0,0,20,0.9,0.65,4,2
,255,1.0084745762711864,,,0.3137254901960784,0.3379032258064516,0.9284477514156021,0.5709754970217936,16.995779367267748,0.9284477514156021,,,,1.0084745762711864,1.0084745762711864,0.8288770053475936,0.772,0.9284477514156021,1.0084745762711864,1.0084745762711864,1.0224719101123596,1.05,,broad_full_extra,weekly,0.0,0,0,40,0.75,0.0,3,1
,392,1.5502824858757065,,,0.32908163265306123,0.3379032258064516,0.9738931372071502,0.5709754970217936,28.54024863899094,0.9738931372071502,,,,1.5423728813559323,1.5621468926553672,0.9032634032634033,0.9095607235142119,0.9738931372071502,1.5502824858757065,1.5502824858757065,1.3370786516853934,1.8295454545454546,,broad_full_extra,weekly,0.0,0,0,40,0.75,0.0,3,2
,255,1.0084745762711864,,,0.36470588235294116,0.3379032258064516,1.0793205110206374,0.5709754970217936,23.216879663103043,1.0793205110206374,,,,1.0084745762711864,1.0084745762711864,0.9959839357429718,0.768,1.0793205110206374,1.0084745762711864,1.0084745762711864,1.0224719101123596,1.05,,broad_full_extra,weekly,0.0,0,0,40,0.75,0.0,4,1
,382,1.5107344632768362,,,0.3717277486910995,0.3379032258064516,1.100101213310175,0.5709754970217936,33.123368312712934,1.100101213310175,,,,1.5028248587570623,1.5225988700564972,1.0089187920513223,0.870026525198939,1.100101213310175,1.5107344632768362,1.5107344632768362,1.2584269662921348,1.8295454545454546,,broad_full_extra,weekly,0.0,0,0,40,0.75,0.0,4,2
,226,0.8937853107344633,,,0.36283185840707965,0.3379032258064516,1.0737744735674912,0.5709754970217936,31.8901275262353,1.0737744735674912,,,,0.8898305084745763,0.9096045197740114,0.9295850066934405,0.6515837104072398,1.0737744735674912,0.8937853107344633,0.8937853107344633,0.7525,1.0340909090909092,,broad_full_extra,weekly,0.0,0,0,40,0.75,0.3,3,1
,357,1.4118644067796613,,,0.36134453781512604,0.3379032258064516,1.0693728565411844,0.5709754970217936,39.070290997850144,1.0693728565411844,,,,1.4039548022598871,1.423728813559322,0.9679280502290855,0.84375,1.0693728565411844,1.4118644067796613,1.4118644067796613,1.148314606741573,1.8295454545454546,,broad_full_extra,weekly,0.0,0,0,40,0.75,0.3,3,2
,226,0.8937853107344633,,,0.37168141592920356,0.3379032258064516,1.0999640948740153,0.5709754970217936,36.85424482620614,1.0999640948740153,,,,0.8898305084745763,0.9096045197740114,0.9295850066934405,0.6742081447963801,1.0999640948740153,0.8937853107344633,0.8937853107344633,0.7525,1.0340909090909092,,broad_full_extra,weekly,0.0,0,0,40,0.75,0.3,4,1
,347,1.372316384180791,,,0.37752161383285304,0.3379032258064516,1.1172477354480614,0.5709754970217936,43.30013008739495,1.1172477354480614,,,,1.364406779661017,1.384180790960452,0.9959839357429718,0.8157894736842105,1.1172477354480614,1.372316384180791,1.372316384180791,1.0696629213483146,1.8295454545454546,,broad_full_extra,weekly,0.0,0,0,40,0.75,0.3,4,2
,196,0.7751412429378532,,,0.3469387755102041,0.3379032258064516,1.0267400516292435,0.5709754970217936,25.807333835815054,1.0267400516292435,,,,0.7711864406779662,0.7909604519774012,0.9393939393939393,0.6178010471204188,1.0267400516292435,0.7751412429378532,0.7751412429378532,0.5662921348314607,1.0340909090909092,,broad_full_extra,weekly,0.0,0,0,40,0.75,0.5,3,1
,323,1.2774011299435029,,,0.35294117647058826,0.3379032258064516,1.0445037203425525,0.5709754970217936,36.00116723603664,1.0445037203425525,,,,1.2457627118644068,1.305084745762712,0.9959839357429718,0.8207547169811321,1.0445037203425525,1.2774011299435029,1.2774011299435029,0.8808988764044944,1.75,,broad_full_extra,weekly,0.0,0,0,40,0.75,0.5,3,2
,192,0.7593220338983051,,,0.359375,0.3379032258064516,1.06354415274463,0.5709754970217936,31.441263319446747,1.06354415274463,,,,0.731638418079096,0.7909604519774012,0.9393939393939393,0.5828877005347594,1.06354415274463,0.7593220338983051,0.7593220338983051,0.5662921348314607,1.0022727272727272,,broad_full_extra,weekly,0.0,0,0,40,0.75,0.5,4,1
,312,1.2338983050847459,,,0.3685897435897436,0.3379032258064516,1.0908145156355182,0.5709754970217936,40.61653072092944,1.0908145156355182,,,,1.1864406779661016,1.265536723163842,1.0271084337349399,0.7850162866449512,1.0908145156355182,1.2338983050847459,1.2338983050847459,0.802247191011236,1.7181818181818183,,broad_full_extra,weekly,0.0,0,0,40,0.75,0.5,4,2
,160,0.632768361581921,,,0.35625,0.3379032258064516,1.0542959427207639,0.5709754970217936,28.74151337294353,1.0542959427207639,,,,0.612994350282486,0.652542372881356,0.9090909090909091,0.5612903225806452,1.0542959427207639,0.632768361581921,0.632768361581921,0.39325842696629215,0.875,,broad_full_extra,weekly,0.0,0,0,40,0.75,0.65,3,1
,283,1.1192090395480228,,,0.36042402826855124,0.3379032258064516,1.0666486755441613,0.5709754970217936,34.83048781400967,1.0666486755441613,,,,1.0875706214689267,1.1468926553672316,1.024793388429752,0.802158273381295,1.0666486755441613,1.1192090395480228,1.1192090395480228,0.6921348314606742,1.5750000000000002,,broad_full_extra,weekly,0.0,0,0,40,0.75,0.65,3,2
,156,0.6169491525423729,,,0.391025641025641,0.3379032258064516,1.1572119209350713,0.5709754970217936,45.44987152608507,1.1572119209350713,,,,0.5932203389830508,0.632768361581921,1.0271084337349399,0.5496688741721855,1.1572119209350713,0.6169491525423729,0.6169491525423729,0.39325842696629215,0.8113636363636363,,broad_full_extra,weekly,0.0,0,0,40,0.75,0.65,4,1
,271,1.0717514124293785,,,0.3800738007380074,0.3379032258064516,1.1248007468141508,0.5709754970217936,45.55962775579884,1.1248007468141508,,,,1.0480225988700564,1.1073446327683616,1.0634648370497428,0.7781954887218046,1.1248007468141508,1.0717514124293785,1.0717514124293785,0.5820224719101125,1.5590909090909093,,broad_full_extra,weekly,0.0,0,0,40,0.75,0.65,4,2
,255,1.0084745762711864,,,0.30196078431372547,0.3379032258064516,0.8936309607375169,0.5709754970217936,10.008311743367555,0.8936309607375169,,,,1.0084745762711864,1.0084745762711864,0.8288770053475936,0.804,0.8936309607375169,1.0084745762711864,1.0084745762711864,1.0224719101123596,1.05,,broad_full_extra,weekly,0.0,0,0,40,0.8,0.0,3,1
,383,1.514689265536723,,,0.3368146214099217,0.3379032258064516,0.9967783545305559,0.5709754970217936,24.200779833061436,0.9967783545305559,,,,1.5028248587570623,1.5225988700564972,0.9641148325358851,0.917989417989418,0.9967783545305559,1.514689265536723,1.514689265536723,1.3370786516853934,1.75,,broad_full_extra,weekly,0.0,0,0,40,0.8,0.0,3,2
,255,1.0084745762711864,,,0.34901960784313724,0.3379032258064516,1.0328981234498573,0.5709754970217936,16.4101201879978,1.0328981234498573,,,,1.0084745762711864,1.0084745762711864,0.9373966454051501,0.776,1.0328981234498573,1.0084745762711864,1.0084745762711864,1.0224719101123596,1.05,,broad_full_extra,weekly,0.0,0,0,40,0.8,0.0,4,1
,373,1.475141242937853,,,0.3780160857908847,0.3379032258064516,1.1187110892140741,0.5709754970217936,28.90168494095746,1.1187110892140741,,,,1.463276836158192,1.4830508474576272,1.035823293172691,0.8913043478260869,1.1187110892140741,1.475141242937853,1.475141242937853,1.2584269662921348,1.75,,broad_full_extra,weekly,0.0,0,0,40,0.8,0.0,4,2
,225,0.8898305084745763,,,0.3511111111111111,0.3379032258064516,1.0390877751259613,0.5709754970217936,24.226724539339592,1.0390877751259613,,,,0.8898305084745763,0.8898305084745763,0.863186077643909,0.6636363636363637,1.0390877751259613,0.8898305084745763,0.8898305084745763,0.7525,1.0340909090909092,,broad_full_extra,weekly,0.0,0,0,40,0.8,0.3,3,1
,347,1.372316384180791,,,0.37175792507204614,0.3379032258064516,1.1001905181129767,0.5709754970217936,34.74024075022295,1.1001905181129767,,,,1.344632768361582,1.4039548022598871,0.9959839357429718,0.8391812865497076,1.1001905181129767,1.372316384180791,1.372316384180791,1.1325842696629214,1.75,,broad_full_extra,weekly,0.0,0,0,40,0.8,0.3,3,2
,222,0.8779661016949153,,,0.35585585585585583,0.3379032258064516,1.0531295018168527,0.5709754970217936,29.147280379719117,1.0531295018168527,,,,0.8700564971751413,0.8898305084745763,0.863186077643909,0.6589861751152074,1.0531295018168527,0.8779661016949153,0.8779661016949153,0.7525,1.0340909090909092,,broad_full_extra,weekly,0.0,0,0,40,0.8,0.3,4,1
,334,1.3209039548022599,,,0.38622754491017963,0.3379032258064516,1.1430123047461165,0.5709754970217936,39.01110032207705,1.1430123047461165,,,,1.305084745762712,1.344632768361582,1.0257147994964935,0.8237082066869301,1.1430123047461165,1.3209039548022599,1.3209039548022599,1.006741573033708,1.75,,broad_full_extra,weekly,0.0,0,0,40,0.8,0.3,4,2
,192,0.7593220338983051,,,0.328125,0.3379032258064516,0.9710620525059667,0.5709754970217936,16.666012215597952,0.9710620525059667,,,,0.7514124293785311,0.7909604519774012,0.8899521531100477,0.6256684491978609,0.9710620525059667,0.7593220338983051,0.7593220338983051,0.503370786516854,1.0340909090909092,,broad_full_extra,weekly,0.0,0,0,40,0.8,0.5,3,1
,310,1.225988700564972,,,0.36129032258064514,0.3379032258064516,1.0692124105011933,0.5709754970217936,31.07399801447587,1.0692124105011933,,,,1.1864406779661016,1.265536723163842,1.0271084337349399,0.8131147540983606,1.0692124105011933,1.225988700564972,1.225988700564972,0.8179775280898877,1.6704545454545454,,broad_full_extra,weekly,0.0,0,0,40,0.8,0.5,3,2
,188,0.7435028248587571,,,0.3404255319148936,0.3379032258064516,1.007464581323313,0.5709754970217936,22.225316334621446,1.007464581323313,,,,0.711864406779661,0.7909604519774012,0.8899521531100477,0.5628415300546448,1.007464581323313,0.7435028248587571,0.7435028248587571,0.503370786516854,1.0022727272727272,,broad_full_extra,weekly,0.0,0,0,40,0.8,0.5,4,1
,299,1.1824858757062147,,,0.3779264214046823,0.3379032258064516,1.1184457339899907,0.5709754970217936,35.70876238186512,1.1184457339899907,,,,1.1271186440677967,1.225988700564972,1.0602409638554218,0.7925170068027211,1.1184457339899907,1.1824858757062147,1.1824858757062147,0.7393258426966293,1.638636363636364,,broad_full_extra,weekly,0.0,0,0,40,0.8,0.5,4,2
,156,0.6169491525423729,,,0.3333333333333333,0.3379032258064516,0.9864757358790771,0.5709754970217936,17.565891366961676,0.9864757358790771,,,,0.5932203389830508,0.652542372881356,0.8454545454545453,0.5894039735099338,0.9864757358790771,0.6169491525423729,0.6169491525423729,0.33033707865168543,0.875,,broad_full_extra,weekly,0.0,0,0,40,0.8,0.65,3,1
,270,1.0677966101694916,,,0.37037037037037035,0.3379032258064516,1.0960841509767525,0.5709754970217936,29.117001550416376,1.0960841509767525,,,,1.0282485875706215,1.1073446327683616,1.0671256454388984,0.8113207547169812,1.0960841509767525,1.0677966101694916,1.0677966101694916,0.6292134831460674,1.4954545454545456,,broad_full_extra,weekly,0.0,0,0,40,0.8,0.65,3,2
,152,0.6011299435028249,,,0.3684210526315789,0.3379032258064516,1.0903152870242432,0.5709754970217936,34.41984783976531,1.0903152870242432,,,,0.5734463276836158,0.632768361581921,0.9337349397590362,0.5510204081632653,1.0903152870242432,0.6011299435028249,0.6011299435028249,0.33033707865168543,0.8113636363636363,,broad_full_extra,weekly,0.0,0,0,40,0.8,0.65,4,1
,258,1.0203389830508476,,,0.39147286821705424,0.3379032258064516,1.1585354572533348,0.5709754970217936,40.12101352352392,1.1585354572533348,,,,0.9887005649717514,1.0480225988700564,1.1272727272727272,0.8023715415019763,1.1585354572533348,1.0203389830508476,1.0203389830508476,0.5191011235955056,1.4795454545454547,,broad_full_extra,weekly,0.0,0,0,40,0.8,0.65,4,2
,255,1.0084745762711864,,,0.30196078431372547,0.3379032258064516,0.8936309607375169,0.5709754970217936,8.599162283756456,0.8936309607375169,,,,1.0084745762711864,1.0084745762711864,0.8288770053475936,0.824,0.8936309607375169,1.0084745762711864,1.0084745762711864,1.0224719101123596,1.05,,broad_full_extra,weekly,0.0,0,0,40,0.85,0.0,3,1
,366,1.4474576271186441,,,0.34153005464480873,0.3379032258064516,1.0107333359416775,0.5709754970217936,28.189913668926216,1.0107333359416775,,,,1.423728813559322,1.463276836158192,0.936936936936937,0.9224376731301939,1.0107333359416775,1.4474576271186441,1.4474576271186441,1.1797752808988764,1.7340909090909091,,broad_full_extra,weekly,0.0,0,0,40,0.85,0.0,3,2
,255,1.0084745762711864,,,0.34901960784313724,0.3379032258064516,1.0328981234498573,0.5709754970217936,14.792047167463874,1.0328981234498573,,,,1.0084745762711864,1.0084745762711864,0.9946524064171123,0.796,1.0328981234498573,1.0084745762711864,1.0084745762711864,1.0224719101123596,1.05,,broad_full_extra,weekly,0.0,0,0,40,0.85,0.0,4,1
,361,1.4276836158192092,,,0.37950138504155123,0.3379032258064516,1.1231067242279797,0.5709754970217936,28.55855198587111,1.1231067242279797,,,,1.4039548022598871,1.4435028248587571,1.0232711668592176,0.8932584269662921,1.1231067242279797,1.4276836158192092,1.4276836158192092,1.1797752808988764,1.7340909090909091,,broad_full_extra,weekly,0.0,0,0,40,0.85,0.0,4,2
,225,0.8898305084745763,,,0.3511111111111111,0.3379032258064516,1.0390877751259613,0.5709754970217936,22.847292253013816,1.0390877751259613,,,,0.8898305084745763,0.8898305084745763,0.9295850066934405,0.6590909090909091,1.0390877751259613,0.8898305084745763,0.8898305084745763,0.7525,1.0340909090909092,,broad_full_extra,weekly,0.0,0,0,40,0.85,0.3,3,1
,328,1.2971751412429378,,,0.38109756097560976,0.3379032258064516,1.1278304907154084,0.5709754970217936,40.59012667139588,1.1278304907154084,,,,1.265536723163842,1.3248587570621468,0.9959839357429718,0.8359133126934984,1.1278304907154084,1.2971751412429378,1.2971751412429378,0.9752808988764046,1.7340909090909091,,broad_full_extra,weekly,0.0,0,0,40,0.85,0.3,3,2
,221,0.8740112994350283,,,0.35294117647058826,0.3379032258064516,1.0445037203425525,0.5709754970217936,27.5258276575179,1.0445037203425525,,,,0.8700564971751413,0.8898305084745763,0.882803943044907,0.6712962962962963,1.0445037203425525,0.8740112994350283,0.8740112994350283,0.7525,1.0340909090909092,,broad_full_extra,weekly,0.0,0,0,40,0.85,0.3,4,1
,319,1.2615819209039547,,,0.3887147335423197,0.3379032258064516,1.1503729584545979,0.5709754970217936,39.953805683681885,1.1503729584545979,,,,1.2457627118644068,1.2853107344632768,0.980421686746988,0.8184713375796179,1.1503729584545979,1.2615819209039547,1.2615819209039547,0.9123595505617977,1.7340909090909091,,broad_full_extra,weekly,0.0,0,0,40,0.85,0.3,4,2
,192,0.7593220338983051,,,0.328125,0.3379032258064516,0.9710620525059667,0.5709754970217936,15.049490005059928,0.9710620525059667,,,,0.7514124293785311,0.7909604519774012,0.8899521531100477,0.6256684491978609,0.9710620525059667,0.7593220338983051,0.7593220338983051,0.503370786516854,1.0340909090909092,,broad_full_extra,weekly,0.0,0,0,40,0.85,0.5,3,1
,291,1.1508474576271188,,,0.3711340206185567,0.3379032258064516,1.098344118298354,0.5709754970217936,37.42830719030242,1.098344118298354,,,,1.1073446327683616,1.2062146892655368,1.0286391467509381,0.8076923076923077,1.098344118298354,1.1508474576271188,1.1508474576271188,0.6606741573033709,1.6545454545454545,,broad_full_extra,weekly,0.0,0,0,40,0.85,0.5,3,2
,187,0.7395480225988701,,,0.33689839572192515,0.3379032258064516,0.9970262785088,0.5709754970217936,20.272038176056924,0.9970262785088,,,,0.711864406779661,0.7711864406779662,0.8899521531100477,0.5824175824175825,0.9970262785088,0.7395480225988701,0.7395480225988701,0.4876404494382023,1.0022727272727272,,broad_full_extra,weekly,0.0,0,0,40,0.85,0.5,4,1
,284,1.1231638418079095,,,0.38028169014084506,0.3379032258064516,1.125415980369088,0.5709754970217936,36.59322696372697,1.125415980369088,,,,1.0677966101694916,1.1666666666666667,1.0128650193996325,0.7849462365591398,1.125415980369088,1.1231638418079095,1.1231638418079095,0.6449438202247191,1.6227272727272726,,broad_full_extra,weekly,0.0,0,0,40,0.85,0.5,4,2
,155,0.612994350282486,,,0.32903225806451614,0.3379032258064516,0.9737470167064439,0.5709754970217936,15.3766282452967,0.9737470167064439,,,,0.5932203389830508,0.632768361581921,0.8454545454545453,0.5933333333333334,0.9737470167064439,0.612994350282486,0.612994350282486,0.3146067415730337,0.875,,broad_full_extra,weekly,0.0,0,0,40,0.85,0.65,3,1
,251,0.9926553672316385,,,0.3784860557768924,0.3379032258064516,1.1201019311774383,0.5709754970217936,34.92279578411592,1.1201019311774383,,,,0.9689265536723164,1.0282485875706215,1.0342910101946248,0.8048780487804879,1.1201019311774383,0.9926553672316385,0.9926553672316385,0.4719101123595506,1.4795454545454547,,broad_full_extra,weekly,0.0,0,0,40,0.85,0.65,3,2
,151,0.5971751412429379,,,0.36423841059602646,0.3379032258064516,1.077937062384422,0.5709754970217936,32.08164595800093,1.077937062384422,,,,0.5734463276836158,0.612994350282486,0.963855421686747,0.5821917808219178,1.077937062384422,0.5971751412429379,0.5971751412429379,0.3146067415730337,0.8113636363636363,,broad_full_extra,weekly,0.0,0,0,40,0.85,0.65,4,1
,243,0.9610169491525424,,,0.3950617283950617,0.3379032258064516,1.1691564277085358,0.5709754970217936,41.427069936584196,1.1691564277085358,,,,0.9293785310734464,0.9887005649717514,1.0756626506024096,0.7983193277310925,1.1691564277085358,0.9610169491525424,0.9610169491525424,0.42471910112359557,1.4636363636363636,,broad_full_extra,weekly,0.0,0,0,40,0.85,0.65,4,2
,255,1.0084745762711864,,,0.30196078431372547,0.3379032258064516,0.8936309607375169,0.5709754970217936,9.043048216378509,0.8936309607375169,,,,1.0084745762711864,1.0084745762711864,0.8288770053475936,0.82,0.8936309607375169,1.0084745762711864,1.0084745762711864,1.0224719101123596,1.05,,broad_full_extra,weekly,0.0,0,0,40,0.9,0.0,3,1
,357,1.4118644067796613,,,0.3557422969187675,0.3379032258064516,1.052793432408763,0.5709754970217936,29.389361014152886,1.052793432408763,,,,1.384180790960452,1.423728813559322,1.0,0.9232954545454546,1.052793432408763,1.4118644067796613,1.4118644067796613,1.1797752808988764,1.7181818181818183,,broad_full_extra,weekly,0.0,0,0,40,0.9,0.0,3,2
,255,1.0084745762711864,,,0.36470588235294116,0.3379032258064516,1.0793205110206374,0.5709754970217936,16.769226214129738,1.0793205110206374,,,,1.0084745762711864,1.0084745762711864,1.049910873440285,0.812,1.0793205110206374,1.0084745762711864,1.0084745762711864,1.0224719101123596,1.05,,broad_full_extra,weekly,0.0,0,0,40,0.9,0.0,4,1
,352,1.3920903954802262,,,0.40625,0.3379032258064516,1.2022673031026254,0.5709754970217936,30.89522866535859,1.2022673031026254,,,,1.364406779661017,1.4039548022598871,1.1362633633124046,0.9164265129682997,1.2022673031026254,1.3920903954802262,1.3920903954802262,1.1797752808988764,1.7181818181818183,,broad_full_extra,weekly,0.0,0,0,40,0.9,0.0,4,2
,225,0.8898305084745763,,,0.3511111111111111,0.3379032258064516,1.0390877751259613,0.5709754970217936,23.350362976652146,1.0390877751259613,,,,0.8898305084745763,0.8898305084745763,0.9295850066934405,0.6545454545454545,1.0390877751259613,0.8898305084745763,0.8898305084745763,0.7525,1.0340909090909092,,broad_full_extra,weekly,0.0,0,0,40,0.9,0.3,3,1
,322,1.2734463276836159,,,0.40062111801242234,0.3379032258064516,1.185609036600009,0.5709754970217936,42.37481545774704,1.185609036600009,,,,1.2457627118644068,1.2853107344632768,1.0572752548656164,0.832807570977918,1.185609036600009,1.2734463276836159,1.2734463276836159,0.9752808988764046,1.7181818181818183,,broad_full_extra,weekly,0.0,0,0,40,0.9,0.3,3,2
,221,0.8740112994350283,,,0.3574660633484163,0.3379032258064516,1.0578947936802774,0.5709754970217936,28.78316960908414,1.0578947936802774,,,,0.8700564971751413,0.8898305084745763,0.9507119386637459,0.6388888888888888,1.0578947936802774,0.8740112994350283,0.8740112994350283,0.7525,1.0340909090909092,,broad_full_extra,weekly,0.0,0,0,40,0.9,0.3,4,1
,313,1.2378531073446328,,,0.41214057507987223,0.3379032258064516,1.2197000312626292,0.5709754970217936,42.3037530375359,1.2197000312626292,,,,1.225988700564972,1.2457627118644068,1.090839548670874,0.8214285714285714,1.2197000312626292,1.2378531073446328,1.2378531073446328,0.9123595505617977,1.7181818181818183,,broad_full_extra,weekly,0.0,0,0,40,0.9,0.3,4,2
,192,0.7593220338983051,,,0.328125,0.3379032258064516,0.9710620525059667,0.5709754970217936,15.639026009323592,0.9710620525059667,,,,0.7514124293785311,0.7909604519774012,0.8899521531100477,0.6096256684491979,0.9710620525059667,0.7593220338983051,0.7593220338983051,0.503370786516854,1.0340909090909092,,broad_full_extra,weekly,0.0,0,0,40,0.9,0.5,3,1
,286,1.1310734463276837,,,0.3951048951048951,0.3379032258064516,1.1692841764440811,0.5709754970217936,39.45180840406278,1.1692841764440811,,,,1.0875706214689267,1.1864406779661016,1.095582329317269,0.8149466192170819,1.1692841764440811,1.1310734463276837,1.1310734463276837,0.6606741573033709,1.638636363636364,,broad_full_extra,weekly,0.0,0,0,40,0.9,0.5,3,2
,182,0.7197740112994351,,,0.3516483516483517,0.3379032258064516,1.0406776993889166,0.5709754970217936,22.32543422580396,1.0406776993889166,,,,0.692090395480226,0.7711864406779662,0.914004914004914,0.5480225988700564,1.0406776993889166,0.7197740112994351,0.7197740112994351,0.4876404494382023,0.9704545454545455,,broad_full_extra,weekly,0.0,0,0,40,0.9,0.5,4,1
,274,1.0836158192090395,,,0.41605839416058393,0.3379032258064516,1.2312945316446875,0.5709754970217936,39.93877097166958,1.2312945316446875,,,,1.0480225988700564,1.1468926553672316,1.1333610303282093,0.7992565055762082,1.2312945316446875,1.0836158192090395,1.0836158192090395,0.6449438202247191,1.6068181818181817,,broad_full_extra,weekly,0.0,0,0,40,0.9,0.5,4,2
,155,0.612994350282486,,,0.32903225806451614,0.3379032258064516,0.9737470167064439,0.5709754970217936,16.106892198965237,0.9737470167064439,,,,0.5932203389830508,0.632768361581921,0.8454545454545453,0.56,0.9737470167064439,0.612994350282486,0.612994350282486,0.3146067415730337,0.875,,broad_full_extra,weekly,0.0,0,0,40,0.9,0.65,3,1
,246,0.9728813559322035,,,0.4065040650406504,0.3379032258064516,1.2030191900964355,0.5709754970217936,37.22439655689856,1.2030191900964355,,,,0.9491525423728814,1.0084745762711864,1.1131585164186157,0.8008298755186722,1.2030191900964355,0.9728813559322035,0.9728813559322035,0.4719101123595506,1.4636363636363636,,broad_full_extra,weekly,0.0,0,0,40,0.9,0.65,3,2
,146,0.5774011299435028,,,0.3835616438356164,0.3379032258064516,1.1351227645731847,0.5709754970217936,35.04579746460148,1.1351227645731847,,,,0.5536723163841808,0.612994350282486,1.0064935064935066,0.5390070921985816,1.1351227645731847,0.5774011299435028,0.5774011299435028,0.3146067415730337,0.7954545454545455,,broad_full_extra,weekly,0.0,0,0,40,0.9,0.65,4,1
,233,0.9214689265536724,,,0.43776824034334766,0.3379032258064516,1.295543241111578,0.5709754970217936,45.56877589325735,1.295543241111578,,,,0.8898305084745763,0.9689265536723164,1.219572166215884,0.793859649122807,1.295543241111578,0.9214689265536724,0.9214689265536724,0.42471910112359557,1.4477272727272728,,broad_full_extra,weekly,0.0,0,0,40,0.9,0.65,4,2
,255,1.0084745762711864,,,0.2901960784313726,0.3379032258064516,0.858814170059432,0.5709754970217936,10.286823603027736,0.858814170059432,,,,1.0084745762711864,1.0084745762711864,0.7736185383244207,0.792,0.858814170059432,1.0084745762711864,1.0084745762711864,1.0224719101123596,1.05,,broad_full_extra,weekly,0.0,0,0,60,0.75,0.0,3,1
,382,1.5107344632768362,,,0.3324607329842932,0.3379032258064516,0.983893338664734,0.5709754970217936,30.589227150317292,0.983893338664734,,,,1.5028248587570623,1.5225988700564972,0.9270334928229665,0.9071618037135278,0.983893338664734,1.5107344632768362,1.5107344632768362,1.1797752808988764,1.8295454545454546,,broad_full_extra,weekly,0.0,0,0,60,0.75,0.0,3,2
,255,1.0084745762711864,,,0.34509803921568627,0.3379032258064516,1.0212925265571622,0.5709754970217936,11.546711140968439,1.0212925265571622,,,,1.0084745762711864,1.0084745762711864,0.9373966454051501,0.772,1.0212925265571622,1.0084745762711864,1.0084745762711864,1.0224719101123596,1.05,,broad_full_extra,weekly,0.0,0,0,60,0.75,0.0,4,1
,377,1.4909604519774013,,,0.3740053050397878,0.3379032258064516,1.1068414755354101,0.5709754970217936,26.706230797713836,1.1068414755354101,,,,1.4830508474576272,1.5028248587570623,1.0221940393151554,0.8709677419354839,1.1068414755354101,1.4909604519774013,1.4909604519774013,1.1797752808988764,1.8295454545454546,,broad_full_extra,weekly,0.0,0,0,60,0.75,0.0,4,2
,220,0.8700564971751413,,,0.33636363636363636,0.3379032258064516,0.9954436971143416,0.5709754970217936,29.893319774267432,0.9954436971143416,,,,0.8700564971751413,0.8700564971751413,0.882803943044907,0.6651162790697674,0.9954436971143416,0.8700564971751413,0.8700564971751413,0.7,1.0340909090909092,,broad_full_extra,weekly,0.0,0,0,60,0.75,0.3,3,1
,341,1.348587570621469,,,0.36656891495601174,0.3379032258064516,1.0848340203948796,0.5709754970217936,45.529461702229085,1.0848340203948796,,,,1.3248587570621468,1.364406779661017,1.0106307583274274,0.8363095238095238,1.0848340203948796,1.348587570621469,1.348587570621469,0.9438202247191012,1.8295454545454546,,broad_full_extra,weekly,0.0,0,0,60,0.75,0.3,3,2
,220,0.8700564971751413,,,0.35,0.3379032258064516,1.035799522673031,0.5709754970217936,29.24232548576874,1.035799522673031,,,,0.8700564971751413,0.8700564971751413,0.882803943044907,0.6697674418604651,1.035799522673031,0.8700564971751413,0.8700564971751413,0.7,1.0340909090909092,,broad_full_extra,weekly,0.0,0,0,60,0.75,0.3,4,1
,336,1.328813559322034,,,0.38095238095238093,0.3379032258064516,1.1274008410046596,0.5709754970217936,40.23932352648418,1.1274008410046596,,,,1.305084745762712,1.344632768361582,1.0257147994964935,0.8126888217522659,1.1274008410046596,1.328813559322034,1.328813559322034,0.9438202247191012,1.8295454545454546,,broad_full_extra,weekly,0.0,0,0,60,0.75,0.3,4,2
,196,0.7751412429378532,,,0.3163265306122449,0.3379032258064516,0.9361453411913693,0.5709754970217936,13.13406508438153,0.9361453411913693,,,,0.7711864406779662,0.7909604519774012,0.8671328671328672,0.6178010471204188,0.9361453411913693,0.7751412429378532,0.7751412429378532,0.5662921348314607,1.0340909090909092,,broad_full_extra,weekly,0.0,0,0,60,0.75,0.5,3,1
,313,1.2378531073446328,,,0.35782747603833864,0.3379032258064516,1.058964368228019,0.5709754970217936,36.26999158714639,1.058964368228019,,,,1.2062146892655368,1.265536723163842,1.0271084337349399,0.7987012987012987,1.058964368228019,1.2378531073446328,1.2378531073446328,0.7235955056179775,1.75,,broad_full_extra,weekly,0.0,0,0,60,0.75,0.5,3,2
,195,0.7711864406779662,,,0.3435897435897436,0.3379032258064516,1.0168288354445874,0.5709754970217936,22.66429565099015,1.0168288354445874,,,,0.7514124293785311,0.7909604519774012,0.8671328671328672,0.6210526315789474,1.0168288354445874,0.7711864406779662,0.7711864406779662,0.5662921348314607,1.0340909090909092,,broad_full_extra,weekly,0.0,0,0,60,0.75,0.5,4,1
,308,1.2180790960451977,,,0.37662337662337664,0.3379032258064516,1.114589467811425,0.5709754970217936,34.95805549077774,1.114589467811425,,,,1.1666666666666667,1.2457627118644068,1.0454545454545454,0.7920792079207921,1.114589467811425,1.2180790960451977,1.2180790960451977,0.6921348314606742,1.7340909090909091,,broad_full_extra,weekly,0.0,0,0,60,0.75,0.5,4,2
,159,0.628813559322034,,,0.39622641509433965,0.3379032258064516,1.1726032332147522,0.5709754970217936,47.0586084971935,1.1726032332147522,,,,0.612994350282486,0.632768361581921,1.0909090909090908,0.5584415584415584,1.1726032332147522,0.628813559322034,0.628813559322034,0.3146067415730337,0.9386363636363637,,broad_full_extra,weekly,0.0,0,0,60,0.75,0.65,3,1
,268,1.0598870056497176,,,0.40671641791044777,0.3379032258064516,1.2036476329569337,0.5709754970217936,52.462129344910096,1.2036476329569337,,,,1.0480225988700564,1.0875706214689267,1.11743170937764,0.7756653992395437,1.2036476329569337,1.0598870056497176,1.0598870056497176,0.39325842696629215,1.5750000000000002,,broad_full_extra,weekly,0.0,0,0,60,0.75,0.65,3,2
,153,0.6050847457627119,,,0.39215686274509803,0.3379032258064516,1.1605596892695025,0.5709754970217936,44.41444592832986,1.1605596892695025,,,,0.5932203389830508,0.612994350282486,1.0602409638554218,0.5405405405405406,1.1605596892695025,0.6050847457627119,0.6050847457627119,0.2359550561797753,0.9227272727272727,,broad_full_extra,weekly,0.0,0,0,60,0.75,0.65,4,1
,261,1.0322033898305085,,,0.40229885057471265,0.3379032258064516,1.1905741639919898,0.5709754970217936,43.646998208884256,1.1905741639919898,,,,1.0084745762711864,1.0480225988700564,1.1389207807118256,0.76953125,1.1905741639919898,1.0322033898305085,1.0322033898305085,0.3146067415730337,1.5590909090909093,,broad_full_extra,weekly,0.0,0,0,60,0.75,0.65,4,2
,255,1.0084745762711864,,,0.2980392156862745,0.3379032258064516,0.882025363844822,0.5709754970217936,10.596490622721502,0.882025363844822,,,,1.0084745762711864,1.0084745762711864,0.8288770053475936,0.804,0.882025363844822,1.0084745762711864,1.0084745762711864,1.0224719101123596,1.05,,broad_full_extra,weekly,0.0,0,0,60,0.8,0.0,3,1
,373,1.475141242937853,,,0.3512064343163539,0.3379032258064516,1.039369877213076,0.5709754970217936,29.982600513392768,1.039369877213076,,,,1.463276836158192,1.4830508474576272,0.9955555555555556,0.9157608695652174,1.039369877213076,1.475141242937853,1.475141242937853,1.1797752808988764,1.75,,broad_full_extra,weekly,0.0,0,0,60,0.8,0.0,3,2
,255,1.0084745762711864,,,0.36470588235294116,0.3379032258064516,1.0793205110206374,0.5709754970217936,17.87476956983944,1.0793205110206374,,,,1.0084745762711864,1.0084745762711864,0.9959839357429718,0.796,1.0793205110206374,1.0084745762711864,1.0084745762711864,1.0224719101123596,1.05,,broad_full_extra,weekly,0.0,0,0,60,0.8,0.0,4,1
,368,1.455367231638418,,,0.40217391304347827,0.3379032258064516,1.1902044204627997,0.5709754970217936,31.120691146026253,1.1902044204627997,,,,1.4435028248587571,1.463276836158192,1.1305763594920222,0.8898071625344353,1.1902044204627997,1.455367231638418,1.455367231638418,1.1797752808988764,1.75,,broad_full_extra,weekly,0.0,0,0,60,0.8,0.0,4,2
,219,0.8661016949152542,,,0.3470319634703196,0.3379032258064516,1.0270158346138338,0.5709754970217936,30.507506323641667,1.0270158346138338,,,,0.8502824858757062,0.8700564971751413,0.882803943044907,0.6542056074766355,1.0270158346138338,0.8661016949152542,0.8661016949152542,0.7,1.0340909090909092,,broad_full_extra,weekly,0.0,0,0,60,0.8,0.3,3,1
,331,1.309039548022599,,,0.38972809667673713,0.3379032258064516,1.1533719328858092,0.5709754970217936,45.467130226740785,1.1533719328858092,,,,1.265536723163842,1.344632768361582,1.0865279299014239,0.8312883435582822,1.1533719328858092,1.309039548022599,1.309039548022599,0.9280898876404495,1.75,,broad_full_extra,weekly,0.0,0,0,60,0.8,0.3,3,2
,216,0.8542372881355933,,,0.375,0.3379032258064516,1.1097852028639619,0.5709754970217936,36.686699472028344,1.1097852028639619,,,,0.8502824858757062,0.8700564971751413,0.9507119386637459,0.6729857819905213,1.1097852028639619,0.8542372881355933,0.8542372881355933,0.7,1.0340909090909092,,broad_full_extra,weekly,0.0,0,0,60,0.8,0.3,4,1
,323,1.2774011299435029,,,0.4148606811145511,0.3379032258064516,1.227749987069316,0.5709754970217936,45.76451583784866,1.227749987069316,,,,1.2457627118644068,1.305084745762712,1.1492122335495831,0.8176100628930818,1.227749987069316,1.2774011299435029,1.2774011299435029,0.8808988764044944,1.75,,broad_full_extra,weekly,0.0,0,0,60,0.8,0.3,4,2
,192,0.7593220338983051,,,0.3229166666666667,0.3379032258064516,0.9556483691328561,0.5709754970217936,13.420223980366117,0.9556483691328561,,,,0.7514124293785311,0.7909604519774012,0.8899521531100477,0.5989304812834224,0.9556483691328561,0.7593220338983051,0.7593220338983051,0.503370786516854,1.0340909090909092,,broad_full_extra,weekly,0.0,0,0,60,0.8,0.5,3,1
,300,1.1864406779661016,,,0.38,0.3379032258064516,1.124582338902148,0.5709754970217936,35.91457914840242,1.124582338902148,,,,1.1468926553672316,1.225988700564972,1.108433734939759,0.7898305084745763,1.124582338902148,1.1864406779661016,1.1864406779661016,0.6606741573033709,1.6704545454545454,,broad_full_extra,weekly,0.0,0,0,60,0.8,0.5,3,2
,191,0.7553672316384181,,,0.3717277486910995,0.3379032258064516,1.100101213310175,0.5709754970217936,30.945304350953283,1.100101213310175,,,,0.731638418079096,0.7909604519774012,0.9641148325358851,0.6236559139784946,1.100101213310175,0.7553672316384181,0.7553672316384181,0.503370786516854,1.0340909090909092,,broad_full_extra,weekly,0.0,0,0,60,0.8,0.5,4,1
,295,1.1666666666666667,,,0.4135593220338983,0.3379032258064516,1.2238987095991263,0.5709754970217936,40.774938989443996,1.2238987095991263,,,,1.1073446327683616,1.1864406779661016,1.1941448382126347,0.7965517241379311,1.2238987095991263,1.1666666666666667,1.1666666666666667,0.6292134831460674,1.6545454545454545,,broad_full_extra,weekly,0.0,0,0,60,0.8,0.5,4,2
,155,0.612994350282486,,,0.4064516129032258,0.3379032258064516,1.2028639618138424,0.5709754970217936,48.28854837900182,1.2028639618138424,,,,0.5932203389830508,0.632768361581921,1.1204819277108435,0.56,1.2028639618138424,0.612994350282486,0.612994350282486,0.251685393258427,0.9386363636363637,,broad_full_extra,weekly,0.0,0,0,60,0.8,0.65,3,1
,255,1.0084745762711864,,,0.43529411764705883,0.3379032258064516,1.2882212550891479,0.5709754970217936,53.64210883941247,1.2882212550891479,,,,0.9887005649717514,1.0282485875706215,1.1844776119402987,0.78,1.2882212550891479,1.0084745762711864,1.0084745762711864,0.33033707865168543,1.4954545454545456,,broad_full_extra,weekly,0.0,0,0,60,0.8,0.65,3,2
,148,0.5853107344632769,,,0.42567567567567566,0.3379032258064516,1.2597561762239566,0.5709754970217936,54.173919789685726,1.2597561762239566,,,,0.5734463276836158,0.612994350282486,1.1566265060240963,0.5174825174825175,1.2597561762239566,0.5853107344632769,0.5853107344632769,0.17303370786516856,0.9068181818181819,,broad_full_extra,weekly,0.0,0,0,60,0.8,0.65,4,1
,247,0.9768361581920904,,,0.44534412955465585,0.3379032258064516,1.3179635337655686,0.5709754970217936,50.93816833143973,1.3179635337655686,,,,0.9491525423728814,1.0084745762711864,1.2338308457711442,0.7727272727272727,1.3179635337655686,0.9768361581920904,0.9768361581920904,0.251685393258427,1.4795454545454547,,broad_full_extra,weekly,0.0,0,0,60,0.8,0.65,4,2
,255,1.0084745762711864,,,0.2980392156862745,0.3379032258064516,0.882025363844822,0.5709754970217936,9.281130717359927,0.882025363844822,,,,1.0084745762711864,1.0084745762711864,0.8288770053475936,0.824,0.882025363844822,1.0084745762711864,1.0084745762711864,1.0224719101123596,1.05,,broad_full_extra,weekly,0.0,0,0,60,0.85,0.0,3,1
,364,1.4395480225988702,,,0.3434065934065934,0.3379032258064516,1.0162868158094889,0.5709754970217936,27.699617252248242,1.0162868158094889,,,,1.4039548022598871,1.463276836158192,0.9729729729729729,0.9220055710306406,1.0162868158094889,1.4395480225988702,1.4395480225988702,1.148314606741573,1.7340909090909091,,broad_full_extra,weekly,0.0,0,0,60,0.85,0.0,3,2
,255,1.0084745762711864,,,0.36470588235294116,0.3379032258064516,1.0793205110206374,0.5709754970217936,17.002565464771852,1.0793205110206374,,,,1.0084745762711864,1.0084745762711864,1.049910873440285,0.8,1.0793205110206374,1.0084745762711864,1.0084745762711864,1.0224719101123596,1.05,,broad_full_extra,weekly,0.0,0,0,60,0.85,0.0,4,1
,359,1.419774011299435,,,0.3955431754874652,0.3379032258064516,1.1705812353328326,0.5709754970217936,29.149219384778497,1.1705812353328326,,,,1.384180790960452,1.4435028248587571,1.105132860207955,0.8954802259887006,1.1705812353328326,1.419774011299435,1.419774011299435,1.148314606741573,1.7340909090909091,,broad_full_extra,weekly,0.0,0,0,60,0.85,0.0,4,2
,219,0.8661016949152542,,,0.3470319634703196,0.3379032258064516,1.0270158346138338,0.5709754970217936,29.199488387159146,1.0270158346138338,,,,0.8502824858757062,0.8700564971751413,0.9507119386637459,0.6495327102803738,1.0270158346138338,0.8661016949152542,0.8661016949152542,0.7,1.0340909090909092,,broad_full_extra,weekly,0.0,0,0,60,0.85,0.3,3,1
,320,1.265536723163842,,,0.384375,0.3379032258064516,1.137529832935561,0.5709754970217936,44.24643460781273,1.137529832935561,,,,1.2062146892655368,1.2853107344632768,1.0572752548656164,0.8317460317460318,1.137529832935561,1.265536723163842,1.265536723163842,0.8966292134831462,1.7340909090909091,,broad_full_extra,weekly,0.0,0,0,60,0.85,0.3,3,2
,215,0.8502824858757062,,,0.37209302325581395,0.3379032258064516,1.101182216795249,0.5709754970217936,35.93969919728303,1.101182216795249,,,,0.8502824858757062,0.8502824858757062,0.9728215186326703,0.6666666666666666,1.101182216795249,0.8502824858757062,0.8502824858757062,0.7,1.0340909090909092,,broad_full_extra,weekly,0.0,0,0,60,0.85,0.3,4,1
,311,1.2299435028248589,,,0.40836012861736337,0.3379032258064516,1.2085120751444645,0.5709754970217936,44.95286737820384,1.2085120751444645,,,,1.1864406779661016,1.2457627118644068,1.090839548670874,0.8169934640522876,1.2085120751444645,1.2299435028248589,1.2299435028248589,0.8337078651685393,1.7340909090909091,,broad_full_extra,weekly,0.0,0,0,60,0.85,0.3,4,2
,192,0.7593220338983051,,,0.3229166666666667,0.3379032258064516,0.9556483691328561,0.5709754970217936,11.928266021565745,0.9556483691328561,,,,0.7514124293785311,0.7909604519774012,0.8899521531100477,0.5989304812834224,0.9556483691328561,0.7593220338983051,0.7593220338983051,0.503370786516854,1.0340909090909092,,broad_full_extra,weekly,0.0,0,0,60,0.85,0.5,3,1
,289,1.1429378531073446,,,0.3737024221453287,0.3379032258064516,1.10594511565682,0.5709754970217936,34.1993519514519,1.10594511565682,,,,1.0875706214689267,1.2062146892655368,1.0689655172413792,0.7887323943661971,1.10594511565682,1.1429378531073446,1.1429378531073446,0.6292134831460674,1.6545454545454545,,broad_full_extra,weekly,0.0,0,0,60,0.85,0.5,3,2
,190,0.7514124293785311,,,0.3684210526315789,0.3379032258064516,1.0903152870242432,0.5709754970217936,30.069796697314775,1.0903152870242432,,,,0.731638418079096,0.7711864406779662,0.9641148325358851,0.6216216216216216,1.0903152870242432,0.7514124293785311,0.7514124293785311,0.4876404494382023,1.0340909090909092,,broad_full_extra,weekly,0.0,0,0,60,0.85,0.5,4,1
,283,1.1192090395480228,,,0.40636042402826855,0.3379032258064516,1.2025940949762601,0.5709754970217936,39.67141392537899,1.2025940949762601,,,,1.0480225988700564,1.1468926553672316,1.1333610303282093,0.7949640287769785,1.2025940949762601,1.1192090395480228,1.1192090395480228,0.5820224719101125,1.638636363636364,,broad_full_extra,weekly,0.0,0,0,60,0.85,0.5,4,2
,154,0.6090395480225989,,,0.4025974025974026,0.3379032258064516,1.1914577069708336,0.5709754970217936,46.43986792112907,1.1914577069708336,,,,0.5932203389830508,0.612994350282486,1.1272727272727272,0.5637583892617449,1.1914577069708336,0.6090395480225989,0.6090395480225989,0.2359550561797753,0.9386363636363637,,broad_full_extra,weekly,0.0,0,0,60,0.85,0.65,3,1
,243,0.9610169491525424,,,0.4279835390946502,0.3379032258064516,1.2665861300175807,0.5709754970217936,53.20788573289428,1.2665861300175807,,,,0.9293785310734464,0.9887005649717514,1.1813274055255638,0.7815126050420168,1.2665861300175807,0.9610169491525424,0.9610169491525424,0.28314606741573034,1.4795454545454547,,broad_full_extra,weekly,0.0,0,0,60,0.85,0.65,3,2
,147,0.5813559322033899,,,0.4217687074829932,0.3379032258064516,1.248193788255159,0.5709754970217936,53.20032904987223,1.248193788255159,,,,0.5734463276836158,0.5932203389830508,1.1951807228915663,0.5211267605633803,1.248193788255159,0.5813559322033899,0.5813559322033899,0.15730337078651685,0.9068181818181819,,broad_full_extra,weekly,0.0,0,0,60,0.85,0.65,4,1
,235,0.9293785310734464,,,0.43829787234042555,0.3379032258064516,1.2971106484537653,0.5709754970217936,50.92850909471439,1.2971106484537653,,,,0.8898305084745763,0.9689265536723164,1.2338308457711442,0.7739130434782608,1.2971106484537653,0.9293785310734464,0.9293785310734464,0.20449438202247192,1.4636363636363636,,broad_full_extra,weekly,0.0,0,0,60,0.85,0.65,4,2
,255,1.0084745762711864,,,0.2980392156862745,0.3379032258064516,0.882025363844822,0.5709754970217936,8.139329657062735,0.882025363844822,,,,1.0084745762711864,1.0084745762711864,0.8288770053475936,0.84,0.882025363844822,1.0084745762711864,1.0084745762711864,1.0224719101123596,1.05,,broad_full_extra,weekly,0.0,0,0,60,0.9,0.0,3,1
,348,1.3762711864406778,,,0.3275862068965517,0.3379032258064516,0.9694675335363344,0.5709754970217936,21.259751086982536,0.9694675335363344,,,,1.364406779661017,1.384180790960452,0.9393939393939393,0.9067055393586005,0.9694675335363344,1.3762711864406778,1.3762711864406778,1.0224719101123596,1.7340909090909091,,broad_full_extra,weekly,0.0,0,0,60,0.9,0.0,3,2
,255,1.0084745762711864,,,0.36470588235294116,0.3379032258064516,1.0793205110206374,0.5709754970217936,16.03331830865903,1.0793205110206374,,,,1.0084745762711864,1.0084745762711864,1.049910873440285,0.832,1.0793205110206374,1.0084745762711864,1.0084745762711864,1.0224719101123596,1.05,,broad_full_extra,weekly,0.0,0,0,60,0.9,0.0,4,1
,343,1.356497175141243,,,0.3819241982507289,0.3379032258064516,1.130276863558243,0.5709754970217936,22.811381058758194,1.130276863558243,,,,1.344632768361582,1.364406779661017,1.0825912345032305,0.8994082840236687,1.130276863558243,1.356497175141243,1.356497175141243,1.0224719101123596,1.7340909090909091,,broad_full_extra,weekly,0.0,0,0,60,0.9,0.0,4,2
,219,0.8661016949152542,,,0.3470319634703196,0.3379032258064516,1.0270158346138338,0.5709754970217936,27.869994001881594,1.0270158346138338,,,,0.8502824858757062,0.8700564971751413,0.9507119386637459,0.6682242990654206,1.0270158346138338,0.8661016949152542,0.8661016949152542,0.7,1.0340909090909092,,broad_full_extra,weekly,0.0,0,0,60,0.9,0.3,3,1
,307,1.2141242937853107,,,0.3713355048859935,0.3379032258064516,1.0989403963213173,0.5709754970217936,37.88673395082329,1.0989403963213173,,,,1.1864406779661016,1.225988700564972,1.0120481927710843,0.8079470198675497,1.0989403963213173,1.2141242937853107,1.2141242937853107,0.7707865168539327,1.7340909090909091,,broad_full_extra,weekly,0.0,0,0,60,0.9,0.3,3,2
,215,0.8502824858757062,,,0.3581395348837209,0.3379032258064516,1.059887883665427,0.5709754970217936,33.7375312418764,1.059887883665427,,,,0.8502824858757062,0.8502824858757062,0.9728215186326703,0.6523809523809524,1.059887883665427,0.8502824858757062,0.8502824858757062,0.7,1.0340909090909092,,broad_full_extra,weekly,0.0,0,0,60,0.9,0.3,4,1
,298,1.1785310734463277,,,0.3859060402684564,0.3379032258064516,1.142060835162019,0.5709754970217936,37.820144842239706,1.142060835162019,,,,1.1666666666666667,1.1864406779661016,1.0457831325301206,0.7952218430034129,1.142060835162019,1.1785310734463277,1.1785310734463277,0.7078651685393259,1.7340909090909091,,broad_full_extra,weekly,0.0,0,0,60,0.9,0.3,4,2
,192,0.7593220338983051,,,0.3229166666666667,0.3379032258064516,0.9556483691328561,0.5709754970217936,10.411811488358536,0.9556483691328561,,,,0.7514124293785311,0.7909604519774012,0.8899521531100477,0.6096256684491979,0.9556483691328561,0.7593220338983051,0.7593220338983051,0.503370786516854,1.0340909090909092,,broad_full_extra,weekly,0.0,0,0,60,0.9,0.5,3,1
,277,1.0954802259887007,,,0.36101083032490977,0.3379032258064516,1.0683852735152461,0.5709754970217936,26.77412182086473,1.0683852735152461,,,,1.0677966101694916,1.1468926553672316,1.0303282093892814,0.7720588235294118,1.0683852735152461,1.0954802259887007,1.0954802259887007,0.503370786516854,1.6545454545454545,,broad_full_extra,weekly,0.0,0,0,60,0.9,0.5,3,2
,187,0.7395480225988701,,,0.3582887700534759,0.3379032258064516,1.0603295342871364,0.5709754970217936,28.090480677278553,1.0603295342871364,,,,0.731638418079096,0.7711864406779662,0.914004914004914,0.6153846153846154,1.0603295342871364,0.7395480225988701,0.7395480225988701,0.4876404494382023,1.0340909090909092,,broad_full_extra,weekly,0.0,0,0,60,0.9,0.5,4,1
,270,1.0677966101694916,,,0.3888888888888889,0.3379032258064516,1.15088835852559,0.5709754970217936,34.33242160235221,1.15088835852559,,,,1.0480225988700564,1.1073446327683616,1.0634648370497428,0.7849056603773585,1.15088835852559,1.0677966101694916,1.0677966101694916,0.4876404494382023,1.638636363636364,,broad_full_extra,weekly,0.0,0,0,60,0.9,0.5,4,2
,154,0.6090395480225989,,,0.4025974025974026,0.3379032258064516,1.1914577069708336,0.5709754970217936,44.5492233082993,1.1914577069708336,,,,0.5932203389830508,0.612994350282486,1.1272727272727272,0.5637583892617449,1.1914577069708336,0.6090395480225989,0.6090395480225989,0.2359550561797753,0.9386363636363637,,broad_full_extra,weekly,0.0,0,0,60,0.9,0.65,3,1
,236,0.9333333333333335,,,0.4194915254237288,0.3379032258064516,1.2414546337122285,0.5709754970217936,51.111539177111425,1.2414546337122285,,,,0.9096045197740114,0.9491525423728814,1.1813274055255638,0.7748917748917749,1.2414546337122285,0.9333333333333335,0.9333333333333335,0.2359550561797753,1.4795454545454547,,broad_full_extra,weekly,0.0,0,0,60,0.9,0.65,3,2
,142,0.5615819209039548,,,0.4154929577464789,0.3379032258064516,1.2296211637365961,0.5709754970217936,51.70047590701641,1.2296211637365961,,,,0.5338983050847458,0.5932203389830508,1.1851851851851851,0.5036496350364964,1.2296211637365961,0.5615819209039548,0.5615819209039548,0.15730337078651685,0.875,,broad_full_extra,weekly,0.0,0,0,60,0.9,0.65,4,1
,223,0.8819209039548023,,,0.4260089686098655,0.3379032258064516,1.2607425324015114,0.5709754970217936,48.9380499049496,1.2607425324015114,,,,0.8502824858757062,0.9293785310734464,1.2078954114329659,0.7614678899082569,1.2607425324015114,0.8819209039548023,0.8819209039548023,0.15730337078651685,1.4636363636363636,,broad_full_extra,weekly,0.0,0,0,60,0.9,0.65,4,2
0.15,252,0.9966101694915255,20.0,0.0,0.3492063492063492,0.3379032258064516,1.033450770920938,0.5565030712298582,20.809752108036903,1.033450770920938,1.033450770920938,1.0,1.0,0.9491525423728814,1.0677966101694916,0.8350168350168349,0.8259109311740891,1.033450770920938,0.9966101694915255,0.9966101694915255,0.597752808988764,1.8613636363636363,4.0,packet_e_cbr_anchor50,rolling,0.15,20,0,0,0.0,0.0,0,0
0.15,251,0.9926553672316385,40.0,0.0,0.3466135458167331,0.3379032258064516,1.025777558025654,0.5565030712298582,20.155366185553245,1.025777558025654,1.025777558025654,1.0,1.0,0.9293785310734464,1.0282485875706215,0.8533333333333334,0.8414634146341463,1.025777558025654,0.9926553672316385,0.9926553672316385,0.5568181818181819,2.0204545454545455,4.0,packet_e_cbr_anchor50,rolling,0.15,40,0,0,0.0,0.0,0,0
0.15,264,1.0440677966101695,60.0,0.0,0.36363636363636365,0.3379032258064516,1.0761553482317205,0.5565030712298582,26.237921160272283,1.0761553482317205,1.0761553482317205,1.0,1.0,1.0084745762711864,1.0875706214689267,0.8205128205128206,0.861003861003861,1.0761553482317205,1.0440677966101695,1.0440677966101695,0.3659090909090909,2.0522727272727272,4.0,packet_e_cbr_anchor50,rolling,0.15,60,0,0,0.0,0.0,0,0
0.15,230,0.9096045197740114,120.0,0.0,0.39565217391304347,0.3379032258064516,1.1709038082390786,0.5565030712298582,29.704944517932002,1.1709038082390786,1.1709038082390786,1.0,1.0,0.7514124293785311,0.9689265536723164,1.092764378478664,0.9244444444444444,1.1709038082390786,0.9096045197740114,0.9096045197740114,0.20681818181818182,1.4954545454545456,4.0,packet_e_cbr_anchor50,rolling,0.15,120,0,0,0.0,0.0,0,0
0.15,217,0.8581920903954803,250.0,0.0,0.4470046082949309,0.3379032258064516,1.3228775997272417,0.5565030712298582,60.3347175380736,1.3228775997272417,1.3228775997272417,1.0,1.0,0.4548022598870057,0.9887005649717514,0.4828033744321869,0.9669811320754716,1.3228775997272417,0.8581920903954803,0.8581920903954803,0.0,2.3123595505617978,4.0,packet_e_cbr_anchor50,rolling,0.15,250,0,0,0.0,0.0,0,0
0.15,142,0.5615819209039548,40.0,3.0,0.33098591549295775,0.3379032258064516,0.9795287236545767,0.5565030712298582,9.671668114387641,0.9795287236545767,0.9795287236545767,0.0,1.0,0.5141242937853108,0.5932203389830508,0.8275862068965517,0.708029197080292,0.9795287236545767,0.5615819209039548,0.5615819209039548,0.28314606741573034,1.0977272727272729,4.0,packet_e_cbr_anchor50,rolling,0.15,40,3,0,0.0,0.0,0,0
0.15,145,0.5734463276836158,60.0,3.0,0.3310344827586207,0.3379032258064516,0.9796724549419801,0.5565030712298582,11.634363378140115,0.9796724549419801,0.9796724549419801,0.0,1.0,0.5338983050847458,0.652542372881356,0.6666666666666666,0.7214285714285714,0.9796724549419801,0.5734463276836158,0.5734463276836158,0.27045454545454545,1.05,4.0,packet_e_cbr_anchor50,rolling,0.15,60,3,0,0.0,0.0,0,0
0.15,123,0.48644067796610174,120.0,3.0,0.36585365853658536,0.3379032258064516,1.082717271086792,0.5565030712298582,19.385653032882946,1.082717271086792,1.082717271086792,1.0,1.0,0.3954802259887006,0.5536723163841808,0.7999999999999999,0.847457627118644,1.082717271086792,0.48644067796610174,0.48644067796610174,0.17500000000000002,0.8113636363636363,4.0,packet_e_cbr_anchor50,rolling,0.15,120,3,0,0.0,0.0,0,0
0.18,282,1.1152542372881356,20.0,0.0,0.3475177304964539,0.3379032258064516,1.0284534267675485,0.5565030712298582,20.784368461984435,1.0284534267675485,1.0284534267675485,1.0,1.0,1.0677966101694916,1.1864406779661016,0.8924242424242423,0.8339350180505415,1.0284534267675485,1.1152542372881356,1.1152542372881356,0.7078651685393259,2.0204545454545455,4.0,packet_e_cbr_anchor50,rolling,0.18,20,0,0,0.0,0.0,0,0
0.18,282,1.1152542372881356,40.0,0.0,0.3404255319148936,0.3379032258064516,1.007464581323313,0.5565030712298582,19.862014975838758,1.007464581323313,1.007464581323313,1.0,1.0,1.0677966101694916,1.1666666666666667,0.8405103668261562,0.8447653429602888,1.007464581323313,1.1152542372881356,1.1152542372881356,0.5886363636363636,2.290909090909091,4.0,packet_e_cbr_anchor50,rolling,0.18,40,0,0,0.0,0.0,0,0
0.18,299,1.1824858757062147,60.0,0.0,0.35451505016722407,0.3379032258064516,1.049161484981761,0.5565030712298582,22.586043016885032,1.049161484981761,1.049161484981761,1.0,1.0,1.1073446327683616,1.265536723163842,0.8571428571428572,0.8877551020408163,1.049161484981761,1.1824858757062147,1.1824858757062147,0.41363636363636364,2.2113636363636364,4.0,packet_e_cbr_anchor50,rolling,0.18,60,0,0,0.0,0.0,0,0
0.18,259,1.0242937853107343,120.0,0.0,0.38996138996138996,0.3379032258064516,1.1540623473797698,0.5565030712298582,30.553699171762744,1.1540623473797698,1.1540623473797698,1.0,1.0,0.8898305084745763,1.1073446327683616,0.9481481481481482,0.9173228346456693,1.1540623473797698,1.0242937853107343,1.0242937853107343,0.23863636363636365,1.746067415730337,4.0,packet_e_cbr_anchor50,rolling,0.18,120,0,0,0.0,0.0,0,0
0.18,249,0.9847457627118644,250.0,0.0,0.4497991967871486,0.3379032258064516,1.3311479809452607,0.5565030712298582,57.9241994963815,1.3311479809452607,1.3311479809452607,1.0,1.0,0.632768361581921,1.1073446327683616,0.8097014925373135,0.9549180327868853,1.3311479809452607,0.9847457627118644,0.9847457627118644,0.01590909090909091,2.5955056179775284,4.0,packet_e_cbr_anchor50,rolling,0.18,250,0,0,0.0,0.0,0,0
0.18,158,0.624858757062147,40.0,3.0,0.31645569620253167,0.3379032258064516,0.9365275973535544,0.5565030712298582,8.26737312151153,0.9365275973535544,0.9365275973535544,0.0,1.0,0.5932203389830508,0.672316384180791,0.7999999999999999,0.7058823529411765,0.9365275973535544,0.624858757062147,0.624858757062147,0.39325842696629215,1.1772727272727272,4.0,packet_e_cbr_anchor50,rolling,0.18,40,3,0,0.0,0.0,0,0
0.18,164,0.6485875706214689,60.0,3.0,0.3048780487804878,0.3379032258064516,0.9022643925723267,0.5565030712298582,6.2406434567839035,0.9022643925723267,0.9022643925723267,0.0,1.0,0.5932203389830508,0.711864406779661,0.6881720430107526,0.7484276729559748,0.9022643925723267,0.6485875706214689,0.6485875706214689,0.3181818181818182,1.1295454545454544,4.0,packet_e_cbr_anchor50,rolling,0.18,60,3,0,0.0,0.0,0,0
0.18,139,0.5497175141242938,120.0,3.0,0.3381294964028777,0.3379032258064516,1.0006696313593517,0.5565030712298582,18.5418850958504,1.0006696313593517,1.0006696313593517,1.0,1.0,0.4943502824858757,0.612994350282486,0.6153846153846154,0.8208955223880597,1.0006696313593517,0.5497175141242938,0.5497175141242938,0.20681818181818182,0.8431818181818181,4.0,packet_e_cbr_anchor50,rolling,0.18,120,3,0,0.0,0.0,0,0
0.2,308,1.2180790960451977,20.0,0.0,0.34415584415584416,0.3379032258064516,1.018504168862164,0.5565030712298582,19.65502304486969,1.018504168862164,1.018504168862164,1.0,1.0,1.1468926553672316,1.265536723163842,0.9247159090909091,0.8448844884488449,1.018504168862164,1.2180790960451977,1.2180790960451977,0.8337078651685393,2.1795454545454547,4.0,packet_e_cbr_anchor50,rolling,0.2,20,0,0,0.0,0.0,0,0
0.2,294,1.1627118644067798,40.0,0.0,0.3333333333333333,0.3379032258064516,0.9864757358790771,0.5565030712298582,18.331239698929053,0.9864757358790771,0.9864757358790771,0.0,1.0,1.1073446327683616,1.1864406779661016,0.8275862068965517,0.8477508650519031,0.9864757358790771,1.1627118644067798,1.1627118644067798,0.6363636363636364,2.290909090909091,4.0,packet_e_cbr_anchor50,rolling,0.2,40,0,0,0.0,0.0,0,0
0.2,319,1.2615819209039547,60.0,0.0,0.3542319749216301,0.3379032258064516,1.0483237443981417,0.5565030712298582,21.71413810152711,1.0483237443981417,1.0483237443981417,1.0,1.0,1.1666666666666667,1.423728813559322,0.8888888888888888,0.8949044585987261,1.0483237443981417,1.2615819209039547,1.2615819209039547,0.42954545454545456,2.3545454545454545,4.0,packet_e_cbr_anchor50,rolling,0.2,60,0,0,0.0,0.0,0,0
0.2,277,1.0954802259887007,120.0,0.0,0.4043321299638989,0.3379032258064516,1.1965915063370756,0.5565030712298582,31.18590705193844,1.1965915063370756,1.1965915063370756,1.0,1.0,0.9689265536723164,1.225988700564972,1.034013605442177,0.9227941176470589,1.1965915063370756,1.0954802259887007,1.0954802259887007,0.2863636363636364,1.856179775280899,4.0,packet_e_cbr_anchor50,rolling,0.2,120,0,0,0.0,0.0,0,0
0.2,264,1.0440677966101695,250.0,0.0,0.4393939393939394,0.3379032258064516,1.300354379113329,0.5565030712298582,54.76625035463202,1.300354379113329,1.300354379113329,1.0,1.0,0.692090395480226,1.1666666666666667,0.8460554371002132,0.9575289575289575,1.300354379113329,1.0440677966101695,1.0440677966101695,0.01590909090909091,2.737078651685393,4.0,packet_e_cbr_anchor50,rolling,0.2,250,0,0,0.0,0.0,0,0
0.2,167,0.6604519774011299,40.0,3.0,0.30538922155688625,0.3379032258064516,0.9037771711946038,0.5565030712298582,5.705986038165311,0.9037771711946038,0.9037771711946038,0.0,1.0,0.612994350282486,0.711864406779661,0.7272727272727272,0.7160493827160493,0.9037771711946038,0.6604519774011299,0.6604519774011299,0.42471910112359557,1.1772727272727272,4.0,packet_e_cbr_anchor50,rolling,0.2,40,3,0,0.0,0.0,0,0
0.2,172,0.6802259887005649,60.0,3.0,0.29651162790697677,0.3379032258064516,0.8775045790087141,0.5565030712298582,7.477684288080358,0.8775045790087141,0.8775045790087141,0.0,1.0,0.5932203389830508,0.7514124293785311,0.6464646464646465,0.7604790419161677,0.8775045790087141,0.6802259887005649,0.6802259887005649,0.3181818181818182,1.1772727272727272,4.0,packet_e_cbr_anchor50,rolling,0.2,60,3,0,0.0,0.0,0,0
0.2,145,0.5734463276836158,120.0,3.0,0.36551724137931035,0.3379032258064516,1.0817216689984364,0.5565030712298582,19.60559965142119,1.0817216689984364,1.0817216689984364,1.0,1.0,0.5141242937853108,0.652542372881356,0.7619047619047619,0.8214285714285714,1.0817216689984364,0.5734463276836158,0.5734463276836158,0.23863636363636365,0.875,4.0,packet_e_cbr_anchor50,rolling,0.2,120,3,0,0.0,0.0,0,0
0.22,331,1.309039548022599,20.0,0.0,0.34441087613293053,0.3379032258064516,1.019258917433971,0.5565030712298582,16.58413674703955,1.019258917433971,1.019258917433971,1.0,1.0,1.265536723163842,1.3248587570621468,0.9337349397590362,0.852760736196319,1.019258917433971,1.309039548022599,1.309039548022599,0.8966292134831462,2.290909090909091,4.0,packet_e_cbr_anchor50,rolling,0.22,20,0,0,0.0,0.0,0,0
0.22,313,1.2378531073446328,40.0,0.0,0.3450479233226837,0.3379032258064516,1.0211442122198755,0.5565030712298582,21.744707607003427,1.0211442122198755,1.0211442122198755,1.0,1.0,1.1666666666666667,1.305084745762712,0.8135593220338984,0.8701298701298701,1.0211442122198755,1.2378531073446328,1.2378531073446328,0.7000000000000001,2.3386363636363634,4.0,packet_e_cbr_anchor50,rolling,0.22,40,0,0,0.0,0.0,0,0
0.22,337,1.332768361581921,60.0,0.0,0.3590504451038576,0.3379032258064516,1.0625836561546145,0.5565030712298582,22.751327227246982,1.0625836561546145,1.0625836561546145,1.0,1.0,1.225988700564972,1.463276836158192,0.9032258064516129,0.891566265060241,1.0625836561546145,1.332768361581921,1.332768361581921,0.4931818181818182,2.45,4.0,packet_e_cbr_anchor50,rolling,0.22,60,0,0,0.0,0.0,0,0
0.22,295,1.1666666666666667,120.0,0.0,0.4067796610169492,0.3379032258064516,1.2038347963270095,0.5565030712298582,32.553691322371165,1.2038347963270095,1.2038347963270095,1.0,1.0,1.0677966101694916,1.305084745762712,1.037037037037037,0.9172413793103448,1.2038347963270095,1.1666666666666667,1.1666666666666667,0.35000000000000003,1.9505617977528091,4.0,packet_e_cbr_anchor50,rolling,0.22,120,0,0,0.0,0.0,0,0
0.22,274,1.0836158192090395,250.0,0.0,0.43795620437956206,0.3379032258064516,1.2960995069944081,0.5565030712298582,53.68892774851867,1.2960995069944081,1.2960995069944081,1.0,1.0,0.731638418079096,1.2062146892655368,0.900363049616781,0.9553903345724907,1.2960995069944081,1.0836158192090395,1.0836158192090395,0.03181818181818182,2.8000000000000003,4.0,packet_e_cbr_anchor50,rolling,0.22,250,0,0,0.0,0.0,0,0
0.22,175,0.692090395480226,40.0,3.0,0.3142857142857143,0.3379032258064516,0.9301056938288442,0.5565030712298582,8.057595556113114,0.9301056938288442,0.9301056938288442,0.0,1.0,0.652542372881356,0.7514124293785311,0.7272727272727272,0.7411764705882353,0.9301056938288442,0.692090395480226,0.692090395480226,0.4404494382022472,1.1931818181818181,4.0,packet_e_cbr_anchor50,rolling,0.22,40,3,0,0.0,0.0,0,0
0.22,181,0.7158192090395481,60.0,3.0,0.30939226519337015,0.3379032258064516,0.9156238874457733,0.5565030712298582,9.882589015907211,0.9156238874457733,0.9156238874457733,0.0,1.0,0.632768361581921,0.7909604519774012,0.7058823529411765,0.7556818181818182,0.9156238874457733,0.7158192090395481,0.7158192090395481,0.3659090909090909,1.1931818181818181,4.0,packet_e_cbr_anchor50,rolling,0.22,60,3,0,0.0,0.0,0,0
0.22,153,0.6050847457627119,120.0,3.0,0.3660130718954248,0.3379032258064516,1.0831890433182023,0.5565030712298582,20.433575697600528,1.0831890433182023,1.0831890433182023,1.0,1.0,0.5734463276836158,0.692090395480226,0.7741935483870969,0.8108108108108109,1.0831890433182023,0.6050847457627119,0.6050847457627119,0.2863636363636364,0.9068181818181819,4.0,packet_e_cbr_anchor50,rolling,0.22,120,3,0,0.0,0.0,0,0
0.25,366,1.4474576271186441,20.0,0.0,0.35792349726775957,0.3379032258064516,1.059248536066878,0.5565030712298582,16.57226359680884,1.059248536066878,1.059248536066878,1.0,1.0,1.384180790960452,1.4830508474576272,0.9163052208835342,0.8781163434903048,1.059248536066878,1.4474576271186441,1.4474576271186441,0.9595505617977528,2.418181818181818,4.0,packet_e_cbr_anchor50,rolling,0.25,20,0,0,0.0,0.0,0,0
0.25,335,1.3248587570621468,40.0,0.0,0.3492537313432836,0.3379032258064516,1.0335909949061377,0.5565030712298582,21.641198467896388,1.0335909949061377,1.0335909949061377,1.0,1.0,1.225988700564972,1.423728813559322,0.8602150537634409,0.8848484848484849,1.0335909949061377,1.3248587570621468,1.3248587570621468,0.7636363636363637,2.465909090909091,4.0,packet_e_cbr_anchor50,rolling,0.25,40,0,0,0.0,0.0,0,0
0.25,370,1.463276836158192,60.0,0.0,0.3675675675675676,0.3379032258064516,1.087789460104496,0.5565030712298582,22.24532691165745,1.087789460104496,1.087789460104496,1.0,1.0,1.344632768361582,1.6016949152542375,0.9576768612913192,0.9068493150684932,1.087789460104496,1.463276836158192,1.463276836158192,0.6204545454545455,2.577272727272727,4.0,packet_e_cbr_anchor50,rolling,0.25,60,0,0,0.0,0.0,0,0
0.25,346,1.368361581920904,120.0,0.0,0.40173410404624277,0.3379032258064516,1.1889028377502173,0.5565030712298582,34.83358311645078,1.1889028377502173,1.1889028377502173,1.0,1.0,1.305084745762712,1.4830508474576272,1.0434782608695652,0.9149560117302052,1.1889028377502173,1.368361581920904,1.368361581920904,0.42954545454545456,2.32808988764045,4.0,packet_e_cbr_anchor50,rolling,0.25,120,0,0,0.0,0.0,0,0
0.25,301,1.1903954802259888,250.0,0.0,0.4318936877076412,0.3379032258064516,1.278157930208771,0.5565030712298582,50.029639908951886,1.278157930208771,1.278157930208771,1.0,1.0,0.9491525423728814,1.305084745762712,1.0024875621890548,0.9324324324324325,1.278157930208771,1.1903954802259888,1.1903954802259888,0.11136363636363636,2.957303370786517,4.0,packet_e_cbr_anchor50,rolling,0.25,250,0,0,0.0,0.0,0,0
0.25,186,0.7355932203389831,40.0,3.0,0.3172043010752688,0.3379032258064516,0.9387430389817025,0.5565030712298582,9.709658574398702,0.9387430389817025,0.9387430389817025,0.0,1.0,0.672316384180791,0.8305084745762712,0.7843137254901961,0.7513812154696132,0.9387430389817025,0.7355932203389831,0.7355932203389831,0.4876404494382023,1.240909090909091,4.0,packet_e_cbr_anchor50,rolling,0.25,40,3,0,0.0,0.0,0,0
0.25,195,0.7711864406779662,60.0,3.0,0.3333333333333333,0.3379032258064516,0.9864757358790771,0.5565030712298582,11.439698393052463,0.9864757358790771,0.9864757358790771,0.0,1.0,0.711864406779661,0.8305084745762712,0.8148148148148149,0.7947368421052632,0.9864757358790771,0.7711864406779662,0.7711864406779662,0.42954545454545456,1.2568181818181818,4.0,packet_e_cbr_anchor50,rolling,0.25,60,3,0,0.0,0.0,0,0
0.25,176,0.6960451977401131,120.0,3.0,0.36363636363636365,0.3379032258064516,1.0761553482317205,0.5565030712298582,24.26725883750464,1.0761553482317205,1.0761553482317205,1.0,1.0,0.652542372881356,0.731638418079096,0.8648648648648649,0.8011695906432749,1.0761553482317205,0.6960451977401131,0.6960451977401131,0.3181818181818182,1.053932584269663,4.0,packet_e_cbr_anchor50,rolling,0.25,120,3,0,0.0,0.0,0,0
0.3,418,1.6531073446327682,20.0,0.0,0.3588516746411483,0.3379032258064516,1.061995409439198,0.5565030712298582,14.361296955706118,1.061995409439198,1.061995409439198,1.0,1.0,1.5621468926553672,1.7598870056497176,0.9248422260470454,0.9007263922518159,1.061995409439198,1.6531073446327682,1.6531073446327682,1.1168539325842697,2.6568181818181817,4.0,packet_e_cbr_anchor50,rolling,0.3,20,0,0,0.0,0.0,0,0
0.3,390,1.5423728813559323,40.0,0.0,0.3564102564102564,0.3379032258064516,1.0547702099014749,0.5565030712298582,19.916024464924522,1.0547702099014749,1.0547702099014749,1.0,1.0,1.423728813559322,1.6610169491525424,0.9248422260470454,0.9090909090909091,1.0547702099014749,1.5423728813559323,1.5423728813559323,0.8590909090909091,2.768181818181818,4.0,packet_e_cbr_anchor50,rolling,0.3,40,0,0,0.0,0.0,0,0
0.3,411,1.6254237288135593,60.0,0.0,0.36739659367396593,0.3379032258064516,1.0872834753119756,0.5565030712298582,20.479202782125807,1.0872834753119756,1.0872834753119756,1.0,1.0,1.5225988700564972,1.7796610169491527,0.9696969696969697,0.916256157635468,1.0872834753119756,1.6254237288135593,1.6254237288135593,0.7318181818181818,2.7522727272727274,4.0,packet_e_cbr_anchor50,rolling,0.3,60,0,0,0.0,0.0,0,0
0.3,423,1.6728813559322033,120.0,0.0,0.39243498817966904,0.3379032258064516,1.161382781247708,0.5565030712298582,34.076681613799686,1.161382781247708,1.161382781247708,1.0,1.0,1.5621468926553672,1.7994350282485876,0.9963369963369964,0.9066985645933014,1.161382781247708,1.6728813559322033,1.6728813559322033,0.6045454545454545,2.6898876404494385,4.0,packet_e_cbr_anchor50,rolling,0.3,120,0,0,0.0,0.0,0,0
0.3,323,1.2774011299435029,250.0,0.0,0.42724458204334365,0.3379032258064516,1.2643992404146687,0.5565030712298582,46.93337225464843,1.2643992404146687,1.2643992404146687,1.0,1.0,1.0677966101694916,1.344632768361582,1.0967385295743506,0.9276729559748428,1.2643992404146687,1.2774011299435029,1.2774011299435029,0.1590909090909091,3.051685393258427,4.0,packet_e_cbr_anchor50,rolling,0.3,250,0,0,0.0,0.0,0,0
0.3,214,0.8463276836158192,40.0,3.0,0.3177570093457944,0.3379032258064516,0.9403787388753819,0.5565030712298582,7.699822593435858,0.9403787388753819,0.9403787388753819,0.0,1.0,0.7711864406779662,0.9293785310734464,0.7967871485943775,0.8133971291866029,0.9403787388753819,0.8463276836158192,0.8463276836158192,0.5820224719101125,1.3681818181818182,4.0,packet_e_cbr_anchor50,rolling,0.3,40,3,0,0.0,0.0,0,0
0.3,210,0.8305084745762712,60.0,3.0,0.32857142857142857,0.3379032258064516,0.972383225366519,0.5565030712298582,9.786594064902411,0.972383225366519,0.972383225366519,0.0,1.0,0.7711864406779662,0.9293785310734464,0.8205128205128206,0.8097560975609757,0.972383225366519,0.8305084745762712,0.8305084745762712,0.4772727272727273,1.3045454545454545,4.0,packet_e_cbr_anchor50,rolling,0.3,60,3,0,0.0,0.0,0,0
0.3,205,0.8107344632768362,120.0,3.0,0.37073170731707317,0.3379032258064516,1.0971535013679492,0.5565030712298582,28.36703684018864,1.0971535013679492,1.0971535013679492,1.0,1.0,0.731638418079096,0.8898305084745763,0.9481481481481482,0.755,1.0971535013679492,0.8107344632768362,0.8107344632768362,0.42954545454545456,1.1325842696629214,4.0,packet_e_cbr_anchor50,rolling,0.3,120,3,0,0.0,0.0,0,0
0.35,474,1.8745762711864407,20.0,0.0,0.3438818565400844,0.3379032258064516,1.017693322457529,0.5565030712298582,9.440887503253348,1.017693322457529,1.017693322457529,1.0,1.0,1.7994350282485876,1.997175141242938,0.8865351515953926,0.906183368869936,1.017693322457529,1.8745762711864407,1.8745762711864407,1.4000000000000001,2.815909090909091,4.0,packet_e_cbr_anchor50,rolling,0.35,20,0,0,0.0,0.0,0,0
0.35,430,1.7005649717514124,40.0,0.0,0.3627906976744186,0.3379032258064516,1.0736526613753679,0.5565030712298582,19.11057790030401,1.0736526613753679,1.0736526613753679,1.0,1.0,1.5423728813559323,1.8983050847457628,0.9522044220839402,0.9176470588235294,1.0736526613753679,1.7005649717514124,1.7005649717514124,1.0818181818181818,2.8954545454545455,4.0,packet_e_cbr_anchor50,rolling,0.35,40,0,0,0.0,0.0,0,0
0.35,462,1.827118644067797,60.0,0.0,0.36363636363636365,0.3379032258064516,1.0761553482317205,0.5565030712298582,19.235880982809018,1.0761553482317205,1.0761553482317205,1.0,1.0,1.7005649717514124,1.997175141242938,0.9612403100775193,0.9299781181619255,1.0761553482317205,1.827118644067797,1.827118644067797,0.9386363636363637,2.9272727272727272,4.0,packet_e_cbr_anchor50,rolling,0.35,60,0,0,0.0,0.0,0,0
0.35,479,1.8943502824858758,120.0,0.0,0.37995824634655534,0.3379032258064516,1.1244587720041257,0.5565030712298582,31.487569012523725,1.1244587720041257,1.1244587720041257,1.0,1.0,1.8389830508474576,1.957627118644068,0.979591836734694,0.9219409282700421,1.1244587720041257,1.8943502824858758,1.8943502824858758,0.7795454545454547,3.0359550561797755,4.0,packet_e_cbr_anchor50,rolling,0.35,120,0,0,0.0,0.0,0,0
0.35,370,1.463276836158192,250.0,0.0,0.41081081081081083,0.3379032258064516,1.215764690705025,0.5565030712298582,37.72147029101571,1.215764690705025,1.215764690705025,1.0,1.0,1.4039548022598871,1.5423728813559323,1.0043290043290043,0.9342465753424658,1.215764690705025,1.463276836158192,1.463276836158192,0.2545454545454546,3.3977528089887645,4.0,packet_e_cbr_anchor50,rolling,0.35,250,0,0,0.0,0.0,0,0
0.35,227,0.8977401129943503,40.0,3.0,0.32599118942731276,0.3379032258064516,0.964747195441212,0.5565030712298582,9.402399547191388,0.964747195441212,0.964747195441212,0.0,1.0,0.8305084745762712,0.9887005649717514,0.8714859437751005,0.8153153153153153,0.964747195441212,0.8977401129943503,0.8977401129943503,0.6134831460674157,1.384090909090909,4.0,packet_e_cbr_anchor50,rolling,0.35,40,3,0,0.0,0.0,0,0
0.35,234,0.9254237288135593,60.0,3.0,0.3247863247863248,0.3379032258064516,0.9611814862411522,0.5565030712298582,8.659346801509468,0.9611814862411522,0.9611814862411522,0.0,1.0,0.8700564971751413,0.9689265536723164,0.8695652173913043,0.834061135371179,0.9611814862411522,0.9254237288135593,0.9254237288135593,0.6045454545454545,1.3681818181818182,4.0,packet_e_cbr_anchor50,rolling,0.35,60,3,0,0.0,0.0,0,0
0.35,227,0.8977401129943503,120.0,3.0,0.3524229074889868,0.3379032258064516,1.0429699410175266,0.5565030712298582,20.441727253307704,1.0429699410175266,1.0429699410175266,1.0,1.0,0.8305084745762712,0.9293785310734464,0.927536231884058,0.7972972972972973,1.0429699410175266,0.8977401129943503,0.8977401129943503,0.4931818181818182,1.2584269662921348,4.0,packet_e_cbr_anchor50,rolling,0.35,120,3,0,0.0,0.0,0,0
,255,1.0084745762711864,,,0.2901960784313726,0.3379032258064516,0.858814170059432,0.5565030712298582,4.048529752859962,0.858814170059432,,,,1.0084745762711864,1.0084745762711864,0.7736185383244207,0.684,0.858814170059432,1.0084745762711864,1.0084745762711864,1.0224719101123596,1.05,,packet_e_cbr_anchor50,weekly,0.0,0,0,10,0.75,0.0,3,1
,397,1.5700564971751414,,,0.3022670025188917,0.3379032258064516,0.8945371912253598,0.5565030712298582,8.620365439797864,0.8945371912253598,,,,1.5028248587570623,1.6610169491525424,0.8350168350168349,0.8724489795918368,0.8945371912253598,1.5700564971751414,1.5700564971751414,1.4314606741573035,1.8772727272727274,,packet_e_cbr_anchor50,weekly,0.0,0,0,10,0.75,0.0,3,2
,255,1.0084745762711864,,,0.28627450980392155,0.3379032258064516,0.8472085731667368,0.5565030712298582,2.8285044473039593,0.8472085731667368,,,,1.0084745762711864,1.0084745762711864,0.7183600713012477,0.684,0.8472085731667368,1.0084745762711864,1.0084745762711864,1.0224719101123596,1.05,,packet_e_cbr_anchor50,weekly,0.0,0,0,10,0.75,0.0,4,1
,394,1.5581920903954802,,,0.30456852791878175,0.3379032258064516,0.9013483881128624,0.5565030712298582,6.0159135715568075,0.9013483881128624,,,,1.463276836158192,1.6412429378531075,0.8279866453766875,0.8457583547557841,0.9013483881128624,1.5581920903954802,1.5581920903954802,1.415909090909091,1.8613636363636363,,packet_e_cbr_anchor50,weekly,0.0,0,0,10,0.75,0.0,4,2
,244,0.9649717514124294,,,0.2827868852459016,0.3379032258064516,0.8368872021597089,0.5565030712298582,-1.7935344940789488,0.8368872021597089,,,,0.9491525423728814,0.9887005649717514,0.7222222222222222,0.6317991631799164,0.8368872021597089,0.9649717514124294,0.9649717514124294,0.9595505617977528,1.0181818181818183,,packet_e_cbr_anchor50,weekly,0.0,0,0,10,0.75,0.3,3,1
,380,1.5028248587570623,,,0.30526315789473685,0.3379032258064516,0.9034040949629444,0.5565030712298582,6.878497329076289,0.9034040949629444,,,,1.4039548022598871,1.6016949152542375,0.8401826484018264,0.824,0.9034040949629444,1.5028248587570623,1.5028248587570623,1.3045454545454545,1.8454545454545455,,packet_e_cbr_anchor50,weekly,0.0,0,0,10,0.75,0.3,3,2
,237,0.9372881355932203,,,0.29957805907172996,0.3379032258064516,0.8865794588280315,0.5565030712298582,4.433012594754865,0.8865794588280315,,,,0.9096045197740114,0.9491525423728814,0.7943262411347517,0.6077586206896551,0.8865794588280315,0.9372881355932203,0.9372881355932203,0.9123595505617977,1.0181818181818183,,packet_e_cbr_anchor50,weekly,0.0,0,0,10,0.75,0.3,4,1
,368,1.455367231638418,,,0.3125,0.3379032258064516,0.9248210023866349,0.5565030712298582,10.251691986751297,0.9248210023866349,,,,1.3248587570621468,1.5621468926553672,0.8528708133971291,0.7988980716253443,0.9248210023866349,1.455367231638418,1.455367231638418,1.2568181818181818,1.8454545454545455,,packet_e_cbr_anchor50,weekly,0.0,0,0,10,0.75,0.3,4,2
,216,0.8542372881355933,,,0.2962962962962963,0.3379032258064516,0.876867320781402,0.5565030712298582,3.1740595757005234,0.876867320781402,,,,0.8305084745762712,0.8700564971751413,0.746987951807229,0.5924170616113744,0.876867320781402,0.8542372881355933,0.8542372881355933,0.7865168539325843,1.0022727272727272,,packet_e_cbr_anchor50,weekly,0.0,0,0,10,0.75,0.5,3,1
,348,1.3762711864406778,,,0.3160919540229885,0.3379032258064516,0.935451128850849,0.5565030712298582,10.373359391577026,0.935451128850849,,,,1.3248587570621468,1.4435028248587571,0.8186169334873742,0.8104956268221575,0.935451128850849,1.3762711864406778,1.3762711864406778,1.1454545454545455,1.8295454545454546,,packet_e_cbr_anchor50,weekly,0.0,0,0,10,0.75,0.5,3,2
,209,0.8265536723163841,,,0.3014354066985646,0.3379032258064516,0.8920761439289263,0.5565030712298582,5.801261642693971,0.8920761439289263,,,,0.7909604519774012,0.8502824858757062,0.6948725133090502,0.5686274509803921,0.8920761439289263,0.8265536723163841,0.8265536723163841,0.755056179775281,1.0022727272727272,,packet_e_cbr_anchor50,weekly,0.0,0,0,10,0.75,0.5,4,1
,336,1.328813559322034,,,0.31547619047619047,0.3379032258064516,0.9336288214569838,0.5565030712298582,12.467068385114064,0.9336288214569838,,,,1.2457627118644068,1.423728813559322,0.7884872824631861,0.7915407854984894,0.9336288214569838,1.328813559322034,1.328813559322034,1.1295454545454544,1.8136363636363637,,packet_e_cbr_anchor50,weekly,0.0,0,0,10,0.75,0.5,4,2
,181,0.7158192090395481,,,0.2596685082872928,0.3379032258064516,0.7684700483919883,0.5565030712298582,0.8921303213016735,0.7684700483919883,,,,0.692090395480226,0.731638418079096,0.5925925925925926,0.5170454545454546,0.7684700483919883,0.7158192090395481,0.7158192090395481,0.6134831460674157,0.9068181818181819,,packet_e_cbr_anchor50,weekly,0.0,0,0,10,0.75,0.65,3,1
,300,1.1864406779661016,,,0.2966666666666667,0.3379032258064516,0.8779634049323788,0.5565030712298582,9.546463935025697,0.8779634049323788,,,,1.1271186440677967,1.2853107344632768,0.7814643188137165,0.7661016949152543,0.8779634049323788,1.1864406779661016,1.1864406779661016,0.9280898876404495,1.6704545454545454,,packet_e_cbr_anchor50,weekly,0.0,0,0,10,0.75,0.65,3,2
,175,0.692090395480226,,,0.2742857142857143,0.3379032258064516,0.811728605523355,0.5565030712298582,1.2070203751436874,0.811728605523355,,,,0.672316384180791,0.711864406779661,0.6639892904953146,0.5058823529411764,0.811728605523355,0.692090395480226,0.692090395480226,0.5820224719101125,0.9068181818181819,,packet_e_cbr_anchor50,weekly,0.0,0,0,10,0.75,0.65,4,1
,293,1.1587570621468928,,,0.3037542662116041,0.3379032258064516,0.8989386398625039,0.5565030712298582,10.042701035736291,0.8989386398625039,,,,1.0875706214689267,1.2853107344632768,0.7814643188137165,0.7604166666666666,0.8989386398625039,1.1587570621468928,1.1587570621468928,0.8966292134831462,1.6704545454545454,,packet_e_cbr_anchor50,weekly,0.0,0,0,10,0.75,0.65,4,2
,255,1.0084745762711864,,,0.30196078431372547,0.3379032258064516,0.8936309607375169,0.5565030712298582,4.047877847862197,0.8936309607375169,,,,1.0084745762711864,1.0084745762711864,0.8288770053475936,0.684,0.8936309607375169,1.0084745762711864,1.0084745762711864,1.0224719101123596,1.05,,packet_e_cbr_anchor50,weekly,0.0,0,0,10,0.8,0.0,3,1
,397,1.5700564971751414,,,0.30730478589420657,0.3379032258064516,0.9094461444124491,0.5565030712298582,8.220658161091903,0.9094461444124491,,,,1.5028248587570623,1.6610169491525424,0.8537005163511188,0.8724489795918368,0.9094461444124491,1.5700564971751414,1.5700564971751414,1.4314606741573035,1.8772727272727274,,packet_e_cbr_anchor50,weekly,0.0,0,0,10,0.8,0.0,3,2
,255,1.0084745762711864,,,0.2980392156862745,0.3379032258064516,0.882025363844822,0.5565030712298582,2.827852542306194,0.882025363844822,,,,1.0084745762711864,1.0084745762711864,0.7616347743916844,0.684,0.882025363844822,1.0084745762711864,1.0084745762711864,1.0224719101123596,1.05,,packet_e_cbr_anchor50,weekly,0.0,0,0,10,0.8,0.0,4,1
,393,1.5542372881355933,,,0.30279898218829515,0.3379032258064516,0.8961115463329021,0.5565030712298582,5.320166941257101,0.8961115463329021,,,,1.463276836158192,1.6214689265536724,0.8016456068175141,0.845360824742268,0.8961115463329021,1.5542372881355933,1.5542372881355933,1.415909090909091,1.8454545454545455,,packet_e_cbr_anchor50,weekly,0.0,0,0,10,0.8,0.0,4,2
,244,0.9649717514124294,,,0.29508196721311475,0.3379032258064516,0.8732736022536093,0.5565030712298582,-1.7942157882364487,0.8732736022536093,,,,0.9491525423728814,0.9887005649717514,0.7777777777777778,0.6317991631799164,0.8732736022536093,0.9649717514124294,0.9649717514124294,0.9595505617977528,1.0181818181818183,,packet_e_cbr_anchor50,weekly,0.0,0,0,10,0.8,0.3,3,1
,379,1.498870056497175,,,0.30606860158311344,0.3379032258064516,0.9057877469285458,0.5565030712298582,6.2138789381762,0.9057877469285458,,,,1.4039548022598871,1.5819209039548023,0.8401826484018264,0.8235294117647058,0.9057877469285458,1.498870056497175,1.498870056497175,1.3045454545454545,1.8295454545454546,,packet_e_cbr_anchor50,weekly,0.0,0,0,10,0.8,0.3,3,2
,237,0.9372881355932203,,,0.31223628691983124,0.3379032258064516,0.9240405627221736,0.5565030712298582,4.432311177985116,0.9240405627221736,,,,0.9096045197740114,0.9491525423728814,0.851063829787234,0.6077586206896551,0.9240405627221736,0.9372881355932203,0.9372881355932203,0.9123595505617977,1.0181818181818183,,packet_e_cbr_anchor50,weekly,0.0,0,0,10,0.8,0.3,4,1
,367,1.4514124293785313,,,0.3106267029972752,0.3379032258064516,0.9192771162687858,0.5565030712298582,9.51819703500037,0.9192771162687858,,,,1.3248587570621468,1.5423728813559323,0.8528708133971291,0.7983425414364641,0.9192771162687858,1.4514124293785313,1.4514124293785313,1.2568181818181818,1.8295454545454546,,packet_e_cbr_anchor50,weekly,0.0,0,0,10,0.8,0.3,4,2
,216,0.8542372881355933,,,0.3101851851851852,0.3379032258064516,0.9179704764430301,0.5565030712298582,3.1732899656337157,0.9179704764430301,,,,0.8305084745762712,0.8700564971751413,0.746987951807229,0.5924170616113744,0.9179704764430301,0.8542372881355933,0.8542372881355933,0.7865168539325843,1.0022727272727272,,packet_e_cbr_anchor50,weekly,0.0,0,0,10,0.8,0.5,3,1
,347,1.372316384180791,,,0.31412103746397696,0.3379032258064516,0.9296183447621276,0.5565030712298582,9.597938700257819,0.9296183447621276,,,,1.3248587570621468,1.423728813559322,0.7884872824631861,0.8099415204678363,0.9296183447621276,1.372316384180791,1.372316384180791,1.1454545454545455,1.8136363636363637,,packet_e_cbr_anchor50,weekly,0.0,0,0,10,0.8,0.5,3,2
,209,0.8265536723163841,,,0.3157894736842105,0.3379032258064516,0.9345559603064941,0.5565030712298582,5.800466256213442,0.9345559603064941,,,,0.7909604519774012,0.8502824858757062,0.6948725133090502,0.5686274509803921,0.9345559603064941,0.8265536723163841,0.8265536723163841,0.755056179775281,1.0022727272727272,,packet_e_cbr_anchor50,weekly,0.0,0,0,10,0.8,0.5,4,1
,335,1.3248587570621468,,,0.31343283582089554,0.3379032258064516,0.9275816620952517,0.5565030712298582,11.670121307817862,0.9275816620952517,,,,1.2457627118644068,1.4039548022598871,0.7575089088749364,0.7909090909090909,0.9275816620952517,1.3248587570621468,1.3248587570621468,1.1295454545454544,1.7977272727272728,,packet_e_cbr_anchor50,weekly,0.0,0,0,10,0.8,0.5,4,2
,181,0.7158192090395481,,,0.27624309392265195,0.3379032258064516,0.8175213280765834,0.5565030712298582,0.8912118916086899,0.8175213280765834,,,,0.692090395480226,0.731638418079096,0.6639892904953146,0.5170454545454546,0.8175213280765834,0.7158192090395481,0.7158192090395481,0.6134831460674157,0.9068181818181819,,packet_e_cbr_anchor50,weekly,0.0,0,0,10,0.8,0.65,3,1
,299,1.1824858757062147,,,0.29431438127090304,0.3379032258064516,0.8710019875320281,0.5565030712298582,8.64379545561327,0.8710019875320281,,,,1.1271186440677967,1.265536723163842,0.746987951807229,0.7653061224489796,0.8710019875320281,1.1824858757062147,1.1824858757062147,0.9280898876404495,1.6545454545454545,,packet_e_cbr_anchor50,weekly,0.0,0,0,10,0.8,0.65,3,2
,175,0.692090395480226,,,0.2914285714285714,0.3379032258064516,0.8624616433685647,0.5565030712298582,1.2060704564326559,0.8624616433685647,,,,0.672316384180791,0.711864406779661,0.6639892904953146,0.5058823529411764,0.8624616433685647,0.692090395480226,0.692090395480226,0.5820224719101125,0.9068181818181819,,packet_e_cbr_anchor50,weekly,0.0,0,0,10,0.8,0.65,4,1
,292,1.1548022598870056,,,0.3013698630136986,0.3379032258064516,0.891882172164645,0.5565030712298582,9.12009268558696,0.891882172164645,,,,1.0875706214689267,1.265536723163842,0.746987951807229,0.759581881533101,0.891882172164645,1.1548022598870056,1.1548022598870056,0.8966292134831462,1.6545454545454545,,packet_e_cbr_anchor50,weekly,0.0,0,0,10,0.8,0.65,4,2
,255,1.0084745762711864,,,0.29411764705882354,0.3379032258064516,0.870419766952127,0.5565030712298582,4.041344944999927,0.870419766952127,,,,1.0084745762711864,1.0084745762711864,0.7736185383244207,0.704,0.870419766952127,1.0084745762711864,1.0084745762711864,1.0224719101123596,1.05,,packet_e_cbr_anchor50,weekly,0.0,0,0,10,0.85,0.0,3,1
,372,1.4711864406779662,,,0.2849462365591398,0.3379032258064516,0.8432776451869531,0.5565030712298582,8.717545485029538,0.8432776451869531,,,,1.4039548022598871,1.5423728813559323,0.8044485634847081,0.8746594005449592,0.8432776451869531,1.4711864406779662,1.4711864406779662,1.2727272727272727,1.8295454545454546,,packet_e_cbr_anchor50,weekly,0.0,0,0,10,0.85,0.0,3,2
,253,1.0005649717514125,,,0.2885375494071146,0.3379032258064516,0.853905874140387,0.5565030712298582,0.03767983918940781,0.853905874140387,,,,0.9887005649717514,1.0084745762711864,0.7030474840538625,0.7016129032258065,0.853905874140387,1.0005649717514125,1.0005649717514125,1.0022727272727272,1.05,,packet_e_cbr_anchor50,weekly,0.0,0,0,10,0.85,0.0,4,1
,364,1.4395480225988702,,,0.2802197802197802,0.3379032258064516,0.8292900417005429,0.5565030712298582,3.354714429492947,0.8292900417005429,,,,1.4039548022598871,1.4830508474576272,0.7541613316261202,0.83008356545961,0.8292900417005429,1.4395480225988702,1.4395480225988702,1.209090909090909,1.7659090909090909,,packet_e_cbr_anchor50,weekly,0.0,0,0,10,0.85,0.0,4,2
,243,0.9610169491525424,,,0.2839506172839506,0.3379032258064516,0.8403311824155102,0.5565030712298582,-2.0269160814354783,0.8403311824155102,,,,0.9293785310734464,0.9887005649717514,0.7768674698795182,0.634453781512605,0.8403311824155102,0.9610169491525424,0.9610169491525424,0.9438202247191012,1.0181818181818183,,packet_e_cbr_anchor50,weekly,0.0,0,0,10,0.85,0.3,3,1
,357,1.4118644067796613,,,0.2773109243697479,0.3379032258064516,0.8206814945548626,0.5565030712298582,1.4951884808267153,0.8206814945548626,,,,1.344632768361582,1.4830508474576272,0.7887323943661971,0.7954545454545454,0.8206814945548626,1.4118644067796613,1.4118644067796613,1.1931818181818181,1.7818181818181817,,packet_e_cbr_anchor50,weekly,0.0,0,0,10,0.85,0.3,3,2
,229,0.9056497175141243,,,0.3056768558951965,0.3379032258064516,0.9046284040812498,0.5565030712298582,2.1805010746885007,0.9046284040812498,,,,0.8502824858757062,0.9293785310734464,0.7864693446088794,0.59375,0.9046284040812498,0.9056497175141243,0.9056497175141243,0.8651685393258427,1.0022727272727272,,packet_e_cbr_anchor50,weekly,0.0,0,0,10,0.85,0.3,4,1
,340,1.344632768361582,,,0.2911764705882353,0.3379032258064516,0.8617155692826057,0.5565030712298582,5.032111173894644,0.8617155692826057,,,,1.265536723163842,1.4039548022598871,0.7926136363636364,0.7611940298507462,0.8617155692826057,1.344632768361582,1.344632768361582,1.0818181818181818,1.7340909090909091,,packet_e_cbr_anchor50,weekly,0.0,0,0,10,0.85,0.3,4,2
,211,0.8344632768361583,,,0.2985781990521327,0.3379032258064516,0.8836204458822066,0.5565030712298582,1.0513672261094684,0.8836204458822066,,,,0.8107344632768362,0.8700564971751413,0.6790799561883899,0.5922330097087378,0.8836204458822066,0.8344632768361583,0.8344632768361583,0.755056179775281,0.9863636363636364,,packet_e_cbr_anchor50,weekly,0.0,0,0,10,0.85,0.5,3,1
,321,1.269491525423729,,,0.2897196261682243,0.3379032258064516,0.8574041442687306,0.5565030712298582,4.9095684854705555,0.8574041442687306,,,,1.225988700564972,1.3248587570621468,0.7581370257147996,0.7753164556962026,0.8574041442687306,1.269491525423729,1.269491525423729,1.0022727272727272,1.7181818181818183,,packet_e_cbr_anchor50,weekly,0.0,0,0,10,0.85,0.5,3,2
,200,0.7909604519774012,,,0.31,0.3379032258064516,0.9174224343675418,0.5565030712298582,3.267302141321636,0.9174224343675418,,,,0.731638418079096,0.8305084745762712,0.6402753872633391,0.558974358974359,0.9174224343675418,0.7909604519774012,0.7909604519774012,0.7078651685393259,0.9863636363636364,,packet_e_cbr_anchor50,weekly,0.0,0,0,10,0.85,0.5,4,1
,308,1.2180790960451977,,,0.29545454545454547,0.3379032258064516,0.874376220438273,0.5565030712298582,7.039733389816331,0.874376220438273,,,,1.1666666666666667,1.2853107344632768,0.7354958294717332,0.7524752475247525,0.874376220438273,1.2180790960451977,1.2180790960451977,0.9386363636363637,1.7022727272727272,,packet_e_cbr_anchor50,weekly,0.0,0,0,10,0.85,0.5,4,2
,173,0.684180790960452,,,0.2658959537572254,0.3379032258064516,0.786899719949784,0.5565030712298582,-1.4241825489206517,0.786899719949784,,,,0.672316384180791,0.692090395480226,0.5975903614457831,0.5178571428571429,0.786899719949784,0.684180790960452,0.684180790960452,0.5662921348314607,0.875,,packet_e_cbr_anchor50,weekly,0.0,0,0,10,0.85,0.65,3,1
,273,1.0796610169491525,,,0.27106227106227104,0.3379032258064516,0.8021890599456232,0.5565030712298582,3.6801245694425635,0.8021890599456232,,,,1.0282485875706215,1.1468926553672316,0.7212297465724969,0.7313432835820896,0.8021890599456232,1.0796610169491525,1.0796610169491525,0.802247191011236,1.5431818181818182,,packet_e_cbr_anchor50,weekly,0.0,0,0,10,0.85,0.65,3,2
,164,0.6485875706214689,,,0.2804878048780488,0.3379032258064516,0.8300832411665406,0.5565030712298582,-2.121934989909615,0.8300832411665406,,,,0.612994350282486,0.692090395480226,0.5975903614457831,0.49056603773584906,0.8300832411665406,0.6485875706214689,0.6485875706214689,0.5191011235955056,0.875,,packet_e_cbr_anchor50,weekly,0.0,0,0,10,0.85,0.65,4,1
,263,1.0401129943502825,,,0.27756653992395436,0.3379032258064516,0.8214379701806764,0.5565030712298582,3.5041508030388946,0.8214379701806764,,,,0.9887005649717514,1.1468926553672316,0.7212297465724969,0.7170542635658915,0.8214379701806764,1.0401129943502825,1.0401129943502825,0.755056179775281,1.5431818181818182,,packet_e_cbr_anchor50,weekly,0.0,0,0,10,0.85,0.65,4,2
,255,1.0084745762711864,,,0.2980392156862745,0.3379032258064516,0.882025363844822,0.5565030712298582,4.231153724636225,0.882025363844822,,,,1.0084745762711864,1.0084745762711864,0.7736185383244207,0.704,0.882025363844822,1.0084745762711864,1.0084745762711864,1.0224719101123596,1.05,,packet_e_cbr_anchor50,weekly,0.0,0,0,10,0.9,0.0,3,1
,369,1.459322033898305,,,0.2845528455284553,0.3379032258064516,0.8421134330675049,0.5565030712298582,8.733605350391803,0.8421134330675049,,,,1.4039548022598871,1.5225988700564972,0.7828282828282829,0.8736263736263736,0.8421134330675049,1.459322033898305,1.459322033898305,1.2727272727272727,1.7818181818181817,,packet_e_cbr_anchor50,weekly,0.0,0,0,10,0.9,0.0,3,2
,253,1.0005649717514125,,,0.2924901185770751,0.3379032258064516,0.8656032148820361,0.5565030712298582,0.00583806225526518,0.8656032148820361,,,,0.9887005649717514,1.0084745762711864,0.7327272727272727,0.7056451612903226,0.8656032148820361,1.0005649717514125,1.0005649717514125,1.0022727272727272,1.05,,packet_e_cbr_anchor50,weekly,0.0,0,0,10,0.9,0.0,4,1
,360,1.423728813559322,,,0.2777777777777778,0.3379032258064516,0.8220631132325644,0.5565030712298582,2.96860009274004,0.8220631132325644,,,,1.384180790960452,1.4830508474576272,0.7246753246753246,0.8309859154929577,0.8220631132325644,1.423728813559322,1.423728813559322,1.209090909090909,1.7022727272727272,,packet_e_cbr_anchor50,weekly,0.0,0,0,10,0.9,0.0,4,2
,243,0.9610169491525424,,,0.2880658436213992,0.3379032258064516,0.8525098952041409,0.5565030712298582,-1.8277340287307207,0.8525098952041409,,,,0.9293785310734464,0.9887005649717514,0.7794970986460348,0.634453781512605,0.8525098952041409,0.9610169491525424,0.9610169491525424,0.9438202247191012,1.0181818181818183,,packet_e_cbr_anchor50,weekly,0.0,0,0,10,0.9,0.3,3,1
,354,1.4,,,0.2768361581920904,0.3379032258064516,0.819276458611437,0.5565030712298582,1.4274966285085327,0.819276458611437,,,,1.3248587570621468,1.4830508474576272,0.7721046077210459,0.7908309455587392,0.819276458611437,1.4,1.4,1.1931818181818181,1.7340909090909091,,packet_e_cbr_anchor50,weekly,0.0,0,0,10,0.9,0.3,3,2
,228,0.9016949152542374,,,0.31140350877192985,0.3379032258064516,0.9215760164133485,0.5565030712298582,2.5466449745524593,0.9215760164133485,,,,0.8502824858757062,0.9293785310734464,0.7864693446088794,0.5919282511210763,0.9215760164133485,0.9016949152542374,0.9016949152542374,0.8494382022471911,1.0022727272727272,,packet_e_cbr_anchor50,weekly,0.0,0,0,10,0.9,0.3,4,1
,335,1.3248587570621468,,,0.28955223880597014,0.3379032258064516,0.8569087735546611,0.5565030712298582,4.918967336817291,0.8569087735546611,,,,1.2457627118644068,1.4039548022598871,0.7604617604617604,0.7575757575757576,0.8569087735546611,1.3248587570621468,1.3248587570621468,1.0818181818181818,1.6704545454545454,,packet_e_cbr_anchor50,weekly,0.0,0,0,10,0.9,0.3,4,2
,211,0.8344632768361583,,,0.3033175355450237,0.3379032258064516,0.8976461672454162,0.5565030712298582,1.2807569834898287,0.8976461672454162,,,,0.8107344632768362,0.8700564971751413,0.7380952380952381,0.5922330097087378,0.8976461672454162,0.8344632768361583,0.8344632768361583,0.755056179775281,0.9863636363636364,,packet_e_cbr_anchor50,weekly,0.0,0,0,10,0.9,0.5,3,1
,318,1.257627118644068,,,0.2893081761006289,0.3379032258064516,0.8561864877441047,0.5565030712298582,4.866424536707331,0.8561864877441047,,,,1.2062146892655368,1.3248587570621468,0.7727272727272726,0.7731629392971247,0.8561864877441047,1.257627118644068,1.257627118644068,1.0022727272727272,1.6704545454545454,,packet_e_cbr_anchor50,weekly,0.0,0,0,10,0.9,0.5,3,2
,199,0.7870056497175141,,,0.3165829145728643,0.3379032258064516,0.936904090860028,0.5565030712298582,3.6922650068272413,0.936904090860028,,,,0.731638418079096,0.8305084745762712,0.7114170969592656,0.5567010309278351,0.936904090860028,0.7870056497175141,0.7870056497175141,0.6921348314606742,0.9863636363636364,,packet_e_cbr_anchor50,weekly,0.0,0,0,10,0.9,0.5,4,1
,303,1.1983050847457628,,,0.29372937293729373,0.3379032258064516,0.8692706979528502,0.5565030712298582,6.947769448095853,0.8692706979528502,,,,1.1468926553672316,1.2853107344632768,0.7642526964560863,0.7483221476510067,0.8692706979528502,1.1983050847457628,1.1983050847457628,0.9386363636363637,1.638636363636364,,packet_e_cbr_anchor50,weekly,0.0,0,0,10,0.9,0.5,4,2
,173,0.684180790960452,,,0.27167630057803466,0.3379032258064516,0.8040062356008664,0.5565030712298582,-1.1444066020578991,0.8040062356008664,,,,0.672316384180791,0.692090395480226,0.6441558441558441,0.5178571428571429,0.8040062356008664,0.684180790960452,0.684180790960452,0.5662921348314607,0.875,,packet_e_cbr_anchor50,weekly,0.0,0,0,10,0.9,0.65,3,1
,269,1.0638418079096046,,,0.26765799256505574,0.3379032258064516,0.7921143455385898,0.5565030712298582,3.3781085385888296,0.7921143455385898,,,,1.0084745762711864,1.1468926553672316,0.7173553719008263,0.7272727272727273,0.7921143455385898,1.0638418079096046,1.0638418079096046,0.802247191011236,1.4795454545454547,,packet_e_cbr_anchor50,weekly,0.0,0,0,10,0.9,0.65,3,2
,163,0.644632768361582,,,0.2822085889570552,0.3379032258064516,0.8351757763884211,0.5565030712298582,-2.136733735287284,0.8351757763884211,,,,0.612994350282486,0.692090395480226,0.5975903614457831,0.4873417721518987,0.8351757763884211,0.644632768361582,0.644632768361582,0.503370786516854,0.875,,packet_e_cbr_anchor50,weekly,0.0,0,0,10,0.9,0.65,4,1
,257,1.0163841807909604,,,0.2723735408560311,0.3379032258064516,0.8060696674498296,0.5565030712298582,2.890027646171695,0.8060696674498296,,,,0.9689265536723164,1.1271186440677967,0.7183600713012477,0.7103174603174603,0.8060696674498296,1.0163841807909604,1.0163841807909604,0.7393258426966293,1.4795454545454547,,packet_e_cbr_anchor50,weekly,0.0,0,0,10,0.9,0.65,4,2
,255,1.0084745762711864,,,0.27450980392156865,0.3379032258064516,0.8123917824886518,0.5565030712298582,2.47616068643669,0.8123917824886518,,,,1.0084745762711864,1.0084745762711864,0.7183600713012477,0.76,0.8123917824886518,1.0084745762711864,1.0084745762711864,1.0224719101123596,1.05,,packet_e_cbr_anchor50,weekly,0.0,0,0,20,0.75,0.0,3,1
,377,1.4909604519774013,,,0.2917771883289125,0.3379032258064516,0.8634933497084761,0.5565030712298582,4.51134309384392,0.8634933497084761,,,,1.4435028248587571,1.5621468926553672,0.7721046077210459,0.8870967741935484,0.8634933497084761,1.4909604519774013,1.4909604519774013,1.2584269662921348,1.8772727272727274,,packet_e_cbr_anchor50,weekly,0.0,0,0,20,0.75,0.0,3,2
,252,0.9966101694915255,,,0.2857142857142857,0.3379032258064516,0.8455506307534947,0.5565030712298582,-0.253195921679784,0.8455506307534947,,,,0.9887005649717514,1.0084745762711864,0.7327272727272727,0.7368421052631579,0.8455506307534947,0.9966101694915255,0.9966101694915255,0.9863636363636364,1.05,,packet_e_cbr_anchor50,weekly,0.0,0,0,20,0.75,0.0,4,1
,370,1.463276836158192,,,0.3027027027027027,0.3379032258064516,0.8958266142037026,0.5565030712298582,0.377022788641437,0.8958266142037026,,,,1.4039548022598871,1.5621468926553672,0.793854033290653,0.8684931506849315,0.8958266142037026,1.463276836158192,1.463276836158192,1.21123595505618,1.8613636363636363,,packet_e_cbr_anchor50,weekly,0.0,0,0,20,0.75,0.0,4,2
,227,0.8977401129943503,,,0.28193832599118945,0.3379032258064516,0.8343759528140213,0.5565030712298582,-1.0910861410273052,0.8343759528140213,,,,0.8898305084745763,0.9096045197740114,0.7515151515151515,0.6666666666666666,0.8343759528140213,0.8977401129943503,0.8977401129943503,0.8494382022471911,1.0181818181818183,,packet_e_cbr_anchor50,weekly,0.0,0,0,20,0.75,0.3,3,1
,344,1.3604519774011299,,,0.30523255813953487,0.3379032258064516,0.9033135372148526,0.5565030712298582,1.4470303538433689,0.9033135372148526,,,,1.2853107344632768,1.4435028248587571,0.8237762237762237,0.8289085545722714,0.9033135372148526,1.3604519774011299,1.3604519774011299,1.0696629213483146,1.8454545454545455,,packet_e_cbr_anchor50,weekly,0.0,0,0,20,0.75,0.3,3,2
,216,0.8542372881355933,,,0.3101851851851852,0.3379032258064516,0.9179704764430301,0.5565030712298582,4.260904639341648,0.9179704764430301,,,,0.8107344632768362,0.8898305084745763,0.7967871485943775,0.6540284360189573,0.9179704764430301,0.8542372881355933,0.8542372881355933,0.7477272727272728,1.0181818181818183,,packet_e_cbr_anchor50,weekly,0.0,0,0,20,0.75,0.3,4,1
,330,1.305084745762712,,,0.3242424242424242,0.3379032258064516,0.9595718521732841,0.5565030712298582,6.564585346350135,0.9595718521732841,,,,1.2062146892655368,1.423728813559322,0.8714859437751005,0.8123076923076923,0.9595718521732841,1.305084745762712,1.305084745762712,0.9910112359550562,1.8454545454545455,,packet_e_cbr_anchor50,weekly,0.0,0,0,20,0.75,0.3,4,2
,206,0.8146892655367233,,,0.2766990291262136,0.3379032258064516,0.8188706351229232,0.5565030712298582,-0.8042260571690208,0.8188706351229232,,,,0.7711864406779662,0.8502824858757062,0.6402753872633391,0.6368159203980099,0.8188706351229232,0.8146892655367233,0.8146892655367233,0.6764044943820224,1.0022727272727272,,packet_e_cbr_anchor50,weekly,0.0,0,0,20,0.75,0.5,3,1
,320,1.265536723163842,,,0.303125,0.3379032258064516,0.8970763723150358,0.5565030712298582,2.5338095120843294,0.8970763723150358,,,,1.1666666666666667,1.364406779661017,0.7794656888423258,0.8158730158730159,0.8970763723150358,1.265536723163842,1.265536723163842,0.8651685393258427,1.8136363636363637,,packet_e_cbr_anchor50,weekly,0.0,0,0,20,0.75,0.5,3,2
,196,0.7751412429378532,,,0.2857142857142857,0.3379032258064516,0.8455506307534947,0.5565030712298582,-0.0767443452813703,0.8455506307534947,,,,0.711864406779661,0.8305084745762712,0.6402753872633391,0.6178010471204188,0.8455506307534947,0.7751412429378532,0.7751412429378532,0.6606741573033709,1.0022727272727272,,packet_e_cbr_anchor50,weekly,0.0,0,0,20,0.75,0.5,4,1
,307,1.2141242937853107,,,0.30944625407166126,0.3379032258064516,0.9157836636010978,0.5565030712298582,4.571191504373213,0.9157836636010978,,,,1.0875706214689267,1.364406779661017,0.7794656888423258,0.7947019867549668,0.9157836636010978,1.2141242937853107,1.2141242937853107,0.802247191011236,1.8136363636363637,,packet_e_cbr_anchor50,weekly,0.0,0,0,20,0.75,0.5,4,2
,164,0.6485875706214689,,,0.2682926829268293,0.3379032258064516,0.7939926654636476,0.5565030712298582,-5.648118294176937,0.7939926654636476,,,,0.5932203389830508,0.711864406779661,0.5809906291834003,0.5974842767295597,0.7939926654636476,0.6485875706214689,0.6485875706214689,0.503370786516854,0.8909090909090909,,packet_e_cbr_anchor50,weekly,0.0,0,0,20,0.75,0.65,3,1
,276,1.0915254237288137,,,0.3007246376811594,0.3379032258064516,0.8899726747604718,0.5565030712298582,0.17551558368109946,0.8899726747604718,,,,0.9887005649717514,1.225988700564972,0.7710843373493976,0.7970479704797048,0.8899726747604718,1.0915254237288137,1.0915254237288137,0.6921348314606742,1.6704545454545454,,packet_e_cbr_anchor50,weekly,0.0,0,0,20,0.75,0.65,3,2
,159,0.628813559322034,,,0.27044025157232704,0.3379032258064516,0.8003482385434022,0.5565030712298582,-9.063013183810286,0.8003482385434022,,,,0.5932203389830508,0.692090395480226,0.5122203098106712,0.5909090909090909,0.8003482385434022,0.628813559322034,0.628813559322034,0.4719101123595506,0.8909090909090909,,packet_e_cbr_anchor50,weekly,0.0,0,0,20,0.75,0.65,4,1
,268,1.0598870056497176,,,0.30223880597014924,0.3379032258064516,0.8944537455918498,0.5565030712298582,-0.1331366632779917,0.8944537455918498,,,,0.9689265536723164,1.2062146892655368,0.7347422476792416,0.7908745247148289,0.8944537455918498,1.0598870056497176,1.0598870056497176,0.6134831460674157,1.6704545454545454,,packet_e_cbr_anchor50,weekly,0.0,0,0,20,0.75,0.65,4,2
,255,1.0084745762711864,,,0.2980392156862745,0.3379032258064516,0.882025363844822,0.5565030712298582,2.1822073629944905,0.882025363844822,,,,1.0084745762711864,1.0084745762711864,0.7736185383244207,0.76,0.882025363844822,1.0084745762711864,1.0084745762711864,1.0224719101123596,1.05,,packet_e_cbr_anchor50,weekly,0.0,0,0,20,0.8,0.0,3,1
,369,1.459322033898305,,,0.2981029810298103,0.3379032258064516,0.8822140727373862,0.5565030712298582,4.824491038799663,0.8822140727373862,,,,1.4039548022598871,1.5225988700564972,0.8107098381070983,0.8983516483516484,0.8822140727373862,1.459322033898305,1.459322033898305,1.2269662921348314,1.8613636363636363,,packet_e_cbr_anchor50,weekly,0.0,0,0,20,0.8,0.0,3,2
,252,0.9966101694915255,,,0.30952380952380953,0.3379032258064516,0.916013183316286,0.5565030712298582,-1.3607156410043304,0.916013183316286,,,,0.9887005649717514,1.0084745762711864,0.7890909090909092,0.7368421052631579,0.916013183316286,0.9966101694915255,0.9966101694915255,0.9863636363636364,1.05,,packet_e_cbr_anchor50,weekly,0.0,0,0,20,0.8,0.0,4,1
,360,1.423728813559322,,,0.3055555555555556,0.3379032258064516,0.9042694245558208,0.5565030712298582,-0.33688910975783415,0.9042694245558208,,,,1.384180790960452,1.4830508474576272,0.8051948051948051,0.8676056338028169,0.9042694245558208,1.423728813559322,1.423728813559322,1.21123595505618,1.8136363636363637,,packet_e_cbr_anchor50,weekly,0.0,0,0,20,0.8,0.0,4,2
,227,0.8977401129943503,,,0.30837004405286345,0.3379032258064516,0.9125986983903358,0.5565030712298582,-1.272476150701434,0.9125986983903358,,,,0.8898305084745763,0.9096045197740114,0.814141414141414,0.6531531531531531,0.9125986983903358,0.8977401129943503,0.8977401129943503,0.8494382022471911,1.0181818181818183,,packet_e_cbr_anchor50,weekly,0.0,0,0,20,0.8,0.3,3,1
,334,1.3209039548022599,,,0.3083832335329341,0.3379032258064516,0.9126377316965115,0.5565030712298582,2.216972985051635,0.9126377316965115,,,,1.2853107344632768,1.384180790960452,0.8537005163511188,0.8297872340425532,0.9126377316965115,1.3209039548022599,1.3209039548022599,1.0382022471910113,1.7977272727272728,,packet_e_cbr_anchor50,weekly,0.0,0,0,20,0.8,0.3,3,2
,216,0.8542372881355933,,,0.33796296296296297,0.3379032258064516,1.0001767877662866,0.5565030712298582,2.912802727738177,1.0001767877662866,,,,0.8107344632768362,0.8898305084745763,0.863186077643909,0.6350710900473934,1.0001767877662866,0.8542372881355933,0.8542372881355933,0.7477272727272728,1.0181818181818183,,packet_e_cbr_anchor50,weekly,0.0,0,0,20,0.8,0.3,4,1
,320,1.265536723163842,,,0.328125,0.3379032258064516,0.9710620525059667,0.5565030712298582,5.916998779215093,0.9710620525059667,,,,1.1864406779661016,1.344632768361582,0.8788093550673283,0.8063492063492064,0.9710620525059667,1.265536723163842,1.265536723163842,0.9863636363636364,1.7977272727272728,,packet_e_cbr_anchor50,weekly,0.0,0,0,20,0.8,0.3,4,2
,205,0.8107344632768362,,,0.3073170731707317,0.3379032258064516,0.9094825077129053,0.5565030712298582,-0.04712841387867751,0.9094825077129053,,,,0.7711864406779662,0.8502824858757062,0.7114170969592656,0.62,0.9094825077129053,0.8107344632768362,0.8107344632768362,0.6764044943820224,1.0022727272727272,,packet_e_cbr_anchor50,weekly,0.0,0,0,20,0.8,0.5,3,1
,309,1.2220338983050847,,,0.3042071197411003,0.3379032258064516,0.9002788269187695,0.5565030712298582,3.2846266497101277,0.9002788269187695,,,,1.1666666666666667,1.2853107344632768,0.7814643188137165,0.8092105263157895,0.9002788269187695,1.2220338983050847,1.2220338983050847,0.8337078651685393,1.7818181818181817,,packet_e_cbr_anchor50,weekly,0.0,0,0,20,0.8,0.5,3,2
,195,0.7711864406779662,,,0.31794871794871793,0.3379032258064516,0.940946086530812,0.5565030712298582,-0.3452250460639515,0.940946086530812,,,,0.711864406779661,0.8305084745762712,0.7114170969592656,0.5947368421052631,0.940946086530812,0.7711864406779662,0.7711864406779662,0.6606741573033709,1.0022727272727272,,packet_e_cbr_anchor50,weekly,0.0,0,0,20,0.8,0.5,4,1
,297,1.1745762711864407,,,0.31313131313131315,0.3379032258064516,0.9266893276439817,0.5565030712298582,3.868085224848649,0.9266893276439817,,,,1.0677966101694916,1.2853107344632768,0.7814643188137165,0.7876712328767124,0.9266893276439817,1.1745762711864407,1.1745762711864407,0.802247191011236,1.7818181818181817,,packet_e_cbr_anchor50,weekly,0.0,0,0,20,0.8,0.5,4,2
,162,0.6406779661016949,,,0.30246913580246915,0.3379032258064516,0.8951353899643478,0.5565030712298582,-4.1454293739541885,0.8951353899643478,,,,0.5932203389830508,0.692090395480226,0.5975903614457831,0.5605095541401274,0.8951353899643478,0.6406779661016949,0.6406779661016949,0.503370786516854,0.8909090909090909,,packet_e_cbr_anchor50,weekly,0.0,0,0,20,0.8,0.65,3,1
,262,1.0361581920903955,,,0.3015267175572519,0.3379032258064516,0.8923463717684782,0.5565030712298582,1.2413447030200517,0.8923463717684782,,,,0.9689265536723164,1.1073446327683616,0.746987951807229,0.7782101167315175,0.8923463717684782,1.0361581920903955,1.0361581920903955,0.6606741573033709,1.638636363636364,,packet_e_cbr_anchor50,weekly,0.0,0,0,20,0.8,0.65,3,2
,157,0.6209039548022599,,,0.3057324840764331,0.3379032258064516,0.9047930316343128,0.5565030712298582,-8.836488567091342,0.9047930316343128,,,,0.5932203389830508,0.672316384180791,0.5272856130403969,0.5526315789473685,0.9047930316343128,0.6209039548022599,0.6209039548022599,0.4719101123595506,0.8909090909090909,,packet_e_cbr_anchor50,weekly,0.0,0,0,20,0.8,0.65,4,1
,255,1.0084745762711864,,,0.3058823529411765,0.3379032258064516,0.905236557630212,0.5565030712298582,0.204773623617465,0.905236557630212,,,,0.9491525423728814,1.0875706214689267,0.7062431544359256,0.772,0.905236557630212,1.0084745762711864,1.0084745762711864,0.597752808988764,1.638636363636364,,packet_e_cbr_anchor50,weekly,0.0,0,0,20,0.8,0.65,4,2
,255,1.0084745762711864,,,0.30196078431372547,0.3379032258064516,0.8936309607375169,0.5565030712298582,0.8671569600852954,0.8936309607375169,,,,1.0084745762711864,1.0084745762711864,0.8288770053475936,0.796,0.8936309607375169,1.0084745762711864,1.0084745762711864,1.0224719101123596,1.05,,packet_e_cbr_anchor50,weekly,0.0,0,0,20,0.85,0.0,3,1
,356,1.407909604519774,,,0.300561797752809,0.3379032258064516,0.8894907618460219,0.5565030712298582,4.937225564960486,0.8894907618460219,,,,1.364406779661017,1.463276836158192,0.8168642951251647,0.8974358974358975,0.8894907618460219,1.407909604519774,1.407909604519774,1.0853932584269663,1.8613636363636363,,packet_e_cbr_anchor50,weekly,0.0,0,0,20,0.85,0.0,3,2
,251,0.9926553672316385,,,0.32270916334661354,0.3379032258064516,0.9550342781618157,0.5565030712298582,-2.962970633345393,0.9550342781618157,,,,0.9887005649717514,1.0084745762711864,0.8366265060240965,0.7682926829268293,0.9550342781618157,0.9926553672316385,0.9926553672316385,0.9704545454545455,1.05,,packet_e_cbr_anchor50,weekly,0.0,0,0,20,0.85,0.0,4,1
,345,1.364406779661017,,,0.3159420289855073,0.3379032258064516,0.9350074366158211,0.5565030712298582,-0.26996841508343083,0.9350074366158211,,,,1.305084745762712,1.4039548022598871,0.8112947658402204,0.861764705882353,0.9350074366158211,1.364406779661017,1.364406779661017,1.0853932584269663,1.7977272727272728,,packet_e_cbr_anchor50,weekly,0.0,0,0,20,0.85,0.0,4,2
,226,0.8937853107344633,,,0.3141592920353982,0.3379032258064516,0.9297315563816081,0.5565030712298582,-3.494371540286336,0.9297315563816081,,,,0.8700564971751413,0.9096045197740114,0.8444211629125197,0.6787330316742082,0.9297315563816081,0.8937853107344633,0.8937853107344633,0.8494382022471911,1.0022727272727272,,packet_e_cbr_anchor50,weekly,0.0,0,0,20,0.85,0.3,3,1
,320,1.265536723163842,,,0.3125,0.3379032258064516,0.9248210023866349,0.5565030712298582,2.664490144337664,0.9248210023866349,,,,1.2062146892655368,1.305084745762712,0.8734012974976831,0.8222222222222222,0.9248210023866349,1.265536723163842,1.265536723163842,0.9123595505617977,1.7659090909090909,,packet_e_cbr_anchor50,weekly,0.0,0,0,20,0.85,0.3,3,2
,211,0.8344632768361583,,,0.35545023696682465,0.3379032258064516,1.0519291022407222,0.5565030712298582,0.3855968582337012,1.0519291022407222,,,,0.8107344632768362,0.8700564971751413,0.9033342673017652,0.6504854368932039,1.0519291022407222,0.8344632768361583,0.8344632768361583,0.7159090909090909,1.0022727272727272,,packet_e_cbr_anchor50,weekly,0.0,0,0,20,0.85,0.3,4,1
,302,1.1943502824858758,,,0.34105960264900664,0.3379032258064516,1.0093410675054135,0.5565030712298582,5.340467647296628,1.0093410675054135,,,,1.1073446327683616,1.225988700564972,0.9306735137270394,0.7912457912457912,1.0093410675054135,1.1943502824858758,1.1943502824858758,0.8494382022471911,1.7659090909090909,,packet_e_cbr_anchor50,weekly,0.0,0,0,20,0.85,0.3,4,2
,203,0.8028248587570622,,,0.31527093596059114,0.3379032258064516,0.9330213856590287,0.5565030712298582,-2.3733895537383916,0.9330213856590287,,,,0.7711864406779662,0.8305084745762712,0.7114170969592656,0.6414141414141414,0.9330213856590287,0.8028248587570622,0.8028248587570622,0.6606741573033709,0.9863636363636364,,packet_e_cbr_anchor50,weekly,0.0,0,0,20,0.85,0.5,3,1
,296,1.1706214689265537,,,0.3108108108108108,0.3379032258064516,0.9198219699413017,0.5565030712298582,4.067535998877775,0.9198219699413017,,,,1.1073446327683616,1.1864406779661016,0.7967871485943775,0.8006872852233677,0.9198219699413017,1.1706214689265537,1.1706214689265537,0.7235955056179775,1.75,,packet_e_cbr_anchor50,weekly,0.0,0,0,20,0.85,0.5,3,2
,189,0.747457627118644,,,0.3333333333333333,0.3379032258064516,0.9864757358790771,0.5565030712298582,0.32152994620449266,0.9864757358790771,,,,0.711864406779661,0.7909604519774012,0.746987951807229,0.592391304347826,0.9864757358790771,0.747457627118644,0.747457627118644,0.6134831460674157,0.9863636363636364,,packet_e_cbr_anchor50,weekly,0.0,0,0,20,0.85,0.5,4,1
,278,1.0994350282485876,,,0.3273381294964029,0.3379032258064516,0.9687333665287341,0.5565030712298582,6.493131952267647,0.9687333665287341,,,,1.0084745762711864,1.1468926553672316,0.824262567511425,0.7655677655677655,0.9687333665287341,1.0994350282485876,1.0994350282485876,0.6764044943820224,1.7340909090909091,,packet_e_cbr_anchor50,weekly,0.0,0,0,20,0.85,0.5,4,2
,158,0.624858757062147,,,0.31645569620253167,0.3379032258064516,0.9365275973535544,0.5565030712298582,-4.5144193519614655,0.9365275973535544,,,,0.5536723163841808,0.692090395480226,0.5975903614457831,0.5816993464052288,0.9365275973535544,0.624858757062147,0.624858757062147,0.45617977528089887,0.875,,packet_e_cbr_anchor50,weekly,0.0,0,0,20,0.85,0.65,3,1
,246,0.9728813559322035,,,0.3130081300813008,0.3379032258064516,0.9263247763742554,0.5565030712298582,4.321903685767577,0.9263247763742554,,,,0.9096045197740114,1.0282485875706215,0.746987951807229,0.7634854771784232,0.9263247763742554,0.9728813559322035,0.9728813559322035,0.5191011235955056,1.590909090909091,,packet_e_cbr_anchor50,weekly,0.0,0,0,20,0.85,0.65,3,2
,151,0.5971751412429379,,,0.32450331125827814,0.3379032258064516,0.9603439283061215,0.5565030712298582,-8.339342127272982,0.9603439283061215,,,,0.5536723163841808,0.632768361581921,0.5602409638554218,0.5616438356164384,0.9603439283061215,0.5971751412429379,0.5971751412429379,0.42471910112359557,0.875,,packet_e_cbr_anchor50,weekly,0.0,0,0,20,0.85,0.65,4,1
,238,0.9412429378531074,,,0.31932773109243695,0.3379032258064516,0.9450271755480235,0.5565030712298582,1.9832842379375837,0.9450271755480235,,,,0.9096045197740114,0.9689265536723164,0.7317432997295303,0.7553648068669528,0.9450271755480235,0.9412429378531074,0.9412429378531074,0.4876404494382023,1.590909090909091,,packet_e_cbr_anchor50,weekly,0.0,0,0,20,0.85,0.65,4,2
,255,1.0084745762711864,,,0.3058823529411765,0.3379032258064516,0.905236557630212,0.5565030712298582,-0.4208481396225858,0.905236557630212,,,,1.0084745762711864,1.0084745762711864,0.8288770053475936,0.78,0.905236557630212,1.0084745762711864,1.0084745762711864,1.0224719101123596,1.05,,packet_e_cbr_anchor50,weekly,0.0,0,0,20,0.9,0.0,3,1
,347,1.372316384180791,,,0.3025936599423631,0.3379032258064516,0.8955039100919576,0.5565030712298582,4.27677384220291,0.8955039100919576,,,,1.305084745762712,1.4039548022598871,0.8112947658402204,0.9035087719298246,0.8955039100919576,1.372316384180791,1.372316384180791,1.0696629213483146,1.7818181818181817,,packet_e_cbr_anchor50,weekly,0.0,0,0,20,0.9,0.0,3,2
,251,0.9926553672316385,,,0.33067729083665337,0.3379032258064516,0.9786153714497619,0.5565030712298582,-5.359583648378769,0.9786153714497619,,,,0.9887005649717514,1.0084745762711864,0.8454545454545453,0.7804878048780488,0.9786153714497619,0.9926553672316385,0.9926553672316385,0.9704545454545455,1.05,,packet_e_cbr_anchor50,weekly,0.0,0,0,20,0.9,0.0,4,1
,336,1.328813559322034,,,0.31845238095238093,0.3379032258064516,0.9424366405273327,0.5565030712298582,0.7381551907330691,0.9424366405273327,,,,1.265536723163842,1.344632768361582,0.7926136363636364,0.8761329305135952,0.9424366405273327,1.328813559322034,1.328813559322034,1.0696629213483146,1.7022727272727272,,packet_e_cbr_anchor50,weekly,0.0,0,0,20,0.9,0.0,4,2
,225,0.8898305084745763,,,0.32,0.3379032258064516,0.9470167064439141,0.5565030712298582,-4.492410853451075,0.9470167064439141,,,,0.8502824858757062,0.9096045197740114,0.8767676767676768,0.6545454545454545,0.9470167064439141,0.8898305084745763,0.8898305084745763,0.8337078651685393,1.0022727272727272,,packet_e_cbr_anchor50,weekly,0.0,0,0,20,0.9,0.3,3,1
,311,1.2299435028248589,,,0.31511254019292606,0.3379032258064516,0.9325526249146261,0.5565030712298582,4.031227792139086,0.9325526249146261,,,,1.1666666666666667,1.265536723163842,0.8597842835130971,0.803921568627451,0.9325526249146261,1.2299435028248589,1.2299435028248589,0.8808988764044944,1.6863636363636363,,packet_e_cbr_anchor50,weekly,0.0,0,0,20,0.9,0.3,3,2
,206,0.8146892655367233,,,0.36893203883495146,0.3379032258064516,1.091827513497231,0.5565030712298582,-0.9313714142982292,1.091827513497231,,,,0.7711864406779662,0.8502824858757062,0.9728215186326703,0.6268656716417911,1.091827513497231,0.8146892655367233,0.8146892655367233,0.7078651685393259,1.0022727272727272,,packet_e_cbr_anchor50,weekly,0.0,0,0,20,0.9,0.3,4,1
,289,1.1429378531073446,,,0.3460207612456747,0.3379032258064516,1.0240232552377964,0.5565030712298582,6.831135047482943,1.0240232552377964,,,,1.0875706214689267,1.1864406779661016,0.9223140495867768,0.778169014084507,1.0240232552377964,1.1429378531073446,1.1429378531073446,0.755056179775281,1.6704545454545454,,packet_e_cbr_anchor50,weekly,0.0,0,0,20,0.9,0.3,4,2
,201,0.7949152542372883,,,0.32338308457711445,0.3379032258064516,0.9570286989871646,0.5565030712298582,-3.076559911423732,0.9570286989871646,,,,0.7711864406779662,0.8305084745762712,0.7825588066551923,0.6173469387755102,0.9570286989871646,0.7949152542372883,0.7949152542372883,0.6449438202247191,0.9863636363636364,,packet_e_cbr_anchor50,weekly,0.0,0,0,20,0.9,0.5,3,1
,286,1.1310734463276837,,,0.3146853146853147,0.3379032258064516,0.9312882821236044,0.5565030712298582,5.907481342550799,0.9312882821236044,,,,1.0677966101694916,1.1666666666666667,0.8609352664896877,0.7829181494661922,0.9312882821236044,1.1310734463276837,1.1310734463276837,0.6921348314606742,1.6704545454545454,,packet_e_cbr_anchor50,weekly,0.0,0,0,20,0.9,0.5,3,2
,182,0.7197740112994351,,,0.3516483516483517,0.3379032258064516,1.0406776993889166,0.5565030712298582,-1.0437223544899095,1.0406776993889166,,,,0.672316384180791,0.7711864406779662,0.8427556379363609,0.559322033898305,1.0406776993889166,0.7197740112994351,0.7197740112994351,0.5191011235955056,0.9863636363636364,,packet_e_cbr_anchor50,weekly,0.0,0,0,20,0.9,0.5,4,1
,262,1.0361581920903955,,,0.3320610687022901,0.3379032258064516,0.9827105613146533,0.5565030712298582,8.236415218524881,0.9827105613146533,,,,0.9887005649717514,1.1073446327683616,0.9018181818181817,0.7431906614785992,0.9827105613146533,1.0361581920903955,1.0361581920903955,0.5662921348314607,1.638636363636364,,packet_e_cbr_anchor50,weekly,0.0,0,0,20,0.9,0.5,4,2
,155,0.612994350282486,,,0.33548387096774196,0.3379032258064516,0.9928400954653939,0.5565030712298582,-5.479138632070632,0.9928400954653939,,,,0.5338983050847458,0.692090395480226,0.6829604130808951,0.54,0.9928400954653939,0.612994350282486,0.612994350282486,0.4404494382022472,0.875,,packet_e_cbr_anchor50,weekly,0.0,0,0,20,0.9,0.65,3,1
,234,0.9254237288135593,,,0.3162393162393162,0.3379032258064516,0.935887236603227,0.5565030712298582,6.289333176891574,0.935887236603227,,,,0.8502824858757062,1.0084745762711864,0.8202220647295064,0.7336244541484717,0.935887236603227,0.9254237288135593,0.9254237288135593,0.4876404494382023,1.4954545454545456,,packet_e_cbr_anchor50,weekly,0.0,0,0,20,0.9,0.65,3,2
,143,0.5655367231638418,,,0.34265734265734266,0.3379032258064516,1.0140694627568136,0.5565030712298582,-11.146388137139038,1.0140694627568136,,,,0.5141242937853108,0.612994350282486,0.5783132530120482,0.5072463768115942,1.0140694627568136,0.5655367231638418,0.5655367231638418,0.33033707865168543,0.875,,packet_e_cbr_anchor50,weekly,0.0,0,0,20,0.9,0.65,4,1
,220,0.8700564971751413,,,0.32272727272727275,0.3379032258064516,0.9550878715556521,0.5565030712298582,3.2122967857619855,0.9550878715556521,,,,0.8305084745762712,0.9096045197740114,0.7794656888423258,0.7209302325581395,0.9550878715556521,0.8700564971751413,0.8700564971751413,0.3775280898876405,1.4954545454545456,,packet_e_cbr_anchor50,weekly,0.0,0,0,20,0.9,0.65,4,2
,255,1.0084745762711864,,,0.25882352941176473,0.3379032258064516,0.7659693949178717,0.5565030712298582,-10.022588098725894,0.7659693949178717,,,,1.0084745762711864,1.0084745762711864,0.7183600713012477,0.792,0.7659693949178717,1.0084745762711864,1.0084745762711864,1.0224719101123596,1.05,,packet_e_cbr_anchor50,weekly,0.0,0,0,40,0.75,0.0,3,1
,359,1.419774011299435,,,0.2785515320334262,0.3379032258064516,0.8243529826287553,0.5565030712298582,-0.719270354056613,0.8243529826287553,,,,1.364406779661017,1.4830508474576272,0.7238095238095238,0.8898305084745762,0.8243529826287553,1.419774011299435,1.419774011299435,1.0696629213483146,1.8772727272727274,,packet_e_cbr_anchor50,weekly,0.0,0,0,40,0.75,0.0,3,2
,251,0.9926553672316385,,,0.2788844621513944,0.3379032258064516,0.8253382650781124,0.5565030712298582,-14.734678391209872,0.8253382650781124,,,,0.9887005649717514,1.0084745762711864,0.7327272727272727,0.7926829268292683,0.8253382650781124,0.9926553672316385,0.9926553672316385,0.9704545454545455,1.05,,packet_e_cbr_anchor50,weekly,0.0,0,0,40,0.75,0.0,4,1
,353,1.396045197740113,,,0.29745042492917845,0.3379032258064516,0.8802828804586665,0.5565030712298582,-5.635370724829382,0.8802828804586665,,,,1.364406779661017,1.4435028248587571,0.7729468599033816,0.8908045977011494,0.8802828804586665,1.396045197740113,1.396045197740113,1.0696629213483146,1.8613636363636363,,packet_e_cbr_anchor50,weekly,0.0,0,0,40,0.75,0.0,4,2
,221,0.8740112994350283,,,0.26244343891402716,0.3379032258064516,0.7766822535880518,0.5565030712298582,-8.435801501861977,0.7766822535880518,,,,0.8502824858757062,0.8898305084745763,0.7272727272727272,0.6712962962962963,0.7766822535880518,0.8740112994350283,0.8740112994350283,0.6921348314606742,1.05,,packet_e_cbr_anchor50,weekly,0.0,0,0,40,0.75,0.3,3,1
,321,1.269491525423729,,,0.2897196261682243,0.3379032258064516,0.8574041442687306,0.5565030712298582,1.2731433704216906,0.8574041442687306,,,,1.2062146892655368,1.344632768361582,0.7195767195767195,0.819620253164557,0.8574041442687306,1.269491525423729,1.269491525423729,0.7393258426966293,1.8613636363636363,,packet_e_cbr_anchor50,weekly,0.0,0,0,40,0.75,0.3,3,2
,206,0.8146892655367233,,,0.2815533980582524,0.3379032258064516,0.8332367866163078,0.5565030712298582,-9.241419581941274,0.8332367866163078,,,,0.7711864406779662,0.8700564971751413,0.6948725133090502,0.6467661691542289,0.8332367866163078,0.8146892655367233,0.8146892655367233,0.5820224719101125,1.05,,packet_e_cbr_anchor50,weekly,0.0,0,0,40,0.75,0.3,4,1
,306,1.2101694915254237,,,0.30392156862745096,0.3379032258064516,0.8994337591838645,0.5565030712298582,1.206345096591267,0.8994337591838645,,,,1.1271186440677967,1.305084745762712,0.768361581920904,0.8106312292358804,0.8994337591838645,1.2101694915254237,1.2101694915254237,0.6292134831460674,1.8454545454545455,,packet_e_cbr_anchor50,weekly,0.0,0,0,40,0.75,0.3,4,2
,183,0.7237288135593221,,,0.2677595628415301,0.3379032258064516,0.7924149353782752,0.5565030712298582,-12.126225600337108,0.7924149353782752,,,,0.692090395480226,0.7711864406779662,0.5362990423231387,0.6404494382022472,0.7924149353782752,0.7237288135593221,0.7237288135593221,0.4719101123595506,1.0181818181818183,,packet_e_cbr_anchor50,weekly,0.0,0,0,40,0.75,0.5,3,1
,283,1.1192090395480228,,,0.3003533568904594,0.3379032258064516,0.8888738962868011,0.5565030712298582,0.26348883658763333,0.8888738962868011,,,,1.0677966101694916,1.225988700564972,0.7710843373493976,0.8129496402877698,0.8888738962868011,1.1192090395480228,1.1192090395480228,0.5191011235955056,1.8454545454545455,,packet_e_cbr_anchor50,weekly,0.0,0,0,40,0.75,0.5,3,2
,171,0.6762711864406781,,,0.27485380116959063,0.3379032258064516,0.8134098173038005,0.5565030712298582,-14.426670849082624,0.8134098173038005,,,,0.632768361581921,0.731638418079096,0.5652881797460111,0.6204819277108434,0.8134098173038005,0.6762711864406781,0.6762711864406781,0.36179775280898874,1.0181818181818183,,packet_e_cbr_anchor50,weekly,0.0,0,0,40,0.75,0.5,4,1
,271,1.0717514124293785,,,0.3025830258302583,0.3379032258064516,0.8954724392112656,0.5565030712298582,-0.7161870175509212,0.8954724392112656,,,,1.0084745762711864,1.1864406779661016,0.7967871485943775,0.8082706766917294,0.8954724392112656,1.0717514124293785,1.0717514124293785,0.40898876404494383,1.8454545454545455,,packet_e_cbr_anchor50,weekly,0.0,0,0,40,0.75,0.5,4,2
,143,0.5655367231638418,,,0.2517482517482518,0.3379032258064516,0.7450306256988836,0.5565030712298582,-13.99564928981737,0.7450306256988836,,,,0.5338983050847458,0.632768361581921,0.5602409638554218,0.6159420289855072,0.7450306256988836,0.5655367231638418,0.5655367231638418,0.251685393258427,0.9227272727272727,,packet_e_cbr_anchor50,weekly,0.0,0,0,40,0.75,0.65,3,1
,239,0.9451977401129943,,,0.2928870292887029,0.3379032258064516,0.8667778432410301,0.5565030712298582,1.9695225586317648,0.8667778432410301,,,,0.8700564971751413,1.0480225988700564,0.7111111111111111,0.811965811965812,0.8667778432410301,0.9451977401129943,0.9451977401129943,0.28314606741573034,1.7181818181818183,,packet_e_cbr_anchor50,weekly,0.0,0,0,40,0.75,0.65,3,2
,132,0.5220338983050847,,,0.2803030303030303,0.3379032258064516,0.8295364142619512,0.5565030712298582,-13.767313200327386,0.8295364142619512,,,,0.4745762711864407,0.5932203389830508,0.5975903614457831,0.5984251968503937,0.8295364142619512,0.5220338983050847,0.5220338983050847,0.17303370786516856,0.9227272727272727,,packet_e_cbr_anchor50,weekly,0.0,0,0,40,0.75,0.65,4,1
,228,0.9016949152542374,,,0.30701754385964913,0.3379032258064516,0.9085960725202027,0.5565030712298582,2.709803723471782,0.9085960725202027,,,,0.8305084745762712,1.0084745762711864,0.7619047619047619,0.8026905829596412,0.9085960725202027,0.9016949152542374,0.9016949152542374,0.20449438202247192,1.7181818181818183,,packet_e_cbr_anchor50,weekly,0.0,0,0,40,0.75,0.65,4,2
,255,1.0084745762711864,,,0.2823529411764706,0.3379032258064516,0.8356029762740419,0.5565030712298582,-4.2531244520751645,0.8356029762740419,,,,1.0084745762711864,1.0084745762711864,0.7736185383244207,0.784,0.8356029762740419,1.0084745762711864,1.0084745762711864,1.0224719101123596,1.05,,packet_e_cbr_anchor50,weekly,0.0,0,0,40,0.8,0.0,3,1
,354,1.4,,,0.2824858757062147,0.3379032258064516,0.8359963863382011,0.5565030712298582,0.8089481762291073,0.8359963863382011,,,,1.3248587570621468,1.463276836158192,0.7238095238095238,0.8853868194842407,0.8359963863382011,1.4,1.4,1.0696629213483146,1.8613636363636363,,packet_e_cbr_anchor50,weekly,0.0,0,0,40,0.8,0.0,3,2
,251,0.9926553672316385,,,0.30278884462151395,0.3379032258064516,0.8960815449419506,0.5565030712298582,-9.512268031846,0.8960815449419506,,,,0.9887005649717514,1.0084745762711864,0.7890909090909092,0.7886178861788617,0.8960815449419506,0.9926553672316385,0.9926553672316385,0.9704545454545455,1.05,,packet_e_cbr_anchor50,weekly,0.0,0,0,40,0.8,0.0,4,1
,347,1.372316384180791,,,0.29394812680115273,0.3379032258064516,0.8699180840893304,0.5565030712298582,-4.533373618894047,0.8699180840893304,,,,1.3248587570621468,1.423728813559322,0.7459893048128342,0.8830409356725146,0.8699180840893304,1.372316384180791,1.372316384180791,1.0696629213483146,1.8136363636363637,,packet_e_cbr_anchor50,weekly,0.0,0,0,40,0.8,0.0,4,2
,221,0.8740112994350283,,,0.2850678733031674,0.3379032258064516,0.8436376202766769,0.5565030712298582,-3.364828437566511,0.8436376202766769,,,,0.8502824858757062,0.8898305084745763,0.787878787878788,0.6620370370370371,0.8436376202766769,0.8740112994350283,0.8740112994350283,0.6921348314606742,1.05,,packet_e_cbr_anchor50,weekly,0.0,0,0,40,0.8,0.3,3,1
,315,1.2457627118644068,,,0.2857142857142857,0.3379032258064516,0.8455506307534947,0.5565030712298582,2.1044161383702367,0.8455506307534947,,,,1.1864406779661016,1.3248587570621468,0.7195767195767195,0.8064516129032258,0.8455506307534947,1.2457627118644068,1.2457627118644068,0.7393258426966293,1.8136363636363637,,packet_e_cbr_anchor50,weekly,0.0,0,0,40,0.8,0.3,3,2
,206,0.8146892655367233,,,0.3106796116504854,0.3379032258064516,0.9194336955766156,0.5565030712298582,-2.940523146076069,0.9194336955766156,,,,0.7711864406779662,0.8700564971751413,0.7999999999999999,0.6417910447761194,0.9194336955766156,0.8146892655367233,0.8146892655367233,0.5820224719101125,1.05,,packet_e_cbr_anchor50,weekly,0.0,0,0,40,0.8,0.3,4,1
,299,1.1824858757062147,,,0.3010033444816054,0.3379032258064516,0.8907974872486651,0.5565030712298582,2.6129456324506783,0.8907974872486651,,,,1.1073446327683616,1.2853107344632768,0.7816091954022988,0.7993197278911565,0.8907974872486651,1.1824858757062147,1.1824858757062147,0.6292134831460674,1.7977272727272728,,packet_e_cbr_anchor50,weekly,0.0,0,0,40,0.8,0.3,4,2
,183,0.7237288135593221,,,0.3005464480874317,0.3379032258064516,0.8894453356286761,0.5565030712298582,-4.63048637939609,0.8894453356286761,,,,0.692090395480226,0.7711864406779662,0.6895273401297498,0.6235955056179775,0.8894453356286761,0.7237288135593221,0.7237288135593221,0.4719101123595506,1.0181818181818183,,packet_e_cbr_anchor50,weekly,0.0,0,0,40,0.8,0.5,3,1
,277,1.0954802259887007,,,0.296028880866426,0.3379032258064516,0.8760759242825017,0.5565030712298582,2.0185529272900298,0.8760759242825017,,,,1.0282485875706215,1.2062146892655368,0.783725064191191,0.7977941176470589,0.8760759242825017,1.0954802259887007,1.0954802259887007,0.5191011235955056,1.7977272727272728,,packet_e_cbr_anchor50,weekly,0.0,0,0,40,0.8,0.5,3,2
,171,0.6762711864406781,,,0.30994152046783624,0.3379032258064516,0.9172493684489664,0.5565030712298582,-7.074320678014452,0.9172493684489664,,,,0.632768361581921,0.731638418079096,0.7267990882448715,0.608433734939759,0.9172493684489664,0.6762711864406781,0.6762711864406781,0.36179775280898874,1.0181818181818183,,packet_e_cbr_anchor50,weekly,0.0,0,0,40,0.8,0.5,4,1
,264,1.0440677966101695,,,0.29924242424242425,0.3379032258064516,0.8855861719823535,0.5565030712298582,0.671627561567998,0.8855861719823535,,,,0.9887005649717514,1.1666666666666667,0.810292015519706,0.7953667953667953,0.8855861719823535,1.0440677966101695,1.0440677966101695,0.40898876404494383,1.7977272727272728,,packet_e_cbr_anchor50,weekly,0.0,0,0,40,0.8,0.5,4,2
,142,0.5615819209039548,,,0.2887323943661972,0.3379032258064516,0.8544825036135669,0.5565030712298582,-6.435770411763082,0.8544825036135669,,,,0.5338983050847458,0.612994350282486,0.674698795180723,0.5912408759124088,0.8544825036135669,0.5615819209039548,0.5615819209039548,0.251685393258427,0.9068181818181819,,packet_e_cbr_anchor50,weekly,0.0,0,0,40,0.8,0.65,3,1
,233,0.9214689265536724,,,0.2832618025751073,0.3379032258064516,0.8382926854251386,0.5565030712298582,1.9420464503879358,0.8382926854251386,,,,0.8502824858757062,1.0084745762711864,0.7111111111111111,0.7982456140350878,0.8382926854251386,0.9214689265536724,0.9214689265536724,0.28314606741573034,1.6545454545454545,,packet_e_cbr_anchor50,weekly,0.0,0,0,40,0.8,0.65,3,2
,129,0.5101694915254238,,,0.32558139534883723,0.3379032258064516,0.963534439695843,0.5565030712298582,-4.707593031891808,0.963534439695843,,,,0.4745762711864407,0.5536723163841808,0.746987951807229,0.5725806451612904,0.963534439695843,0.5101694915254238,0.5101694915254238,0.17303370786516856,0.9068181818181819,,packet_e_cbr_anchor50,weekly,0.0,0,0,40,0.8,0.65,4,1
,219,0.8661016949152542,,,0.3013698630136986,0.3379032258064516,0.891882172164645,0.5565030712298582,3.337387354264825,0.891882172164645,,,,0.8107344632768362,0.9491525423728814,0.7804878048780487,0.7850467289719626,0.891882172164645,0.8661016949152542,0.8661016949152542,0.20449438202247192,1.6545454545454545,,packet_e_cbr_anchor50,weekly,0.0,0,0,40,0.8,0.65,4,2
,255,1.0084745762711864,,,0.28627450980392155,0.3379032258064516,0.8472085731667368,0.5565030712298582,-4.4470594202857505,0.8472085731667368,,,,1.0084745762711864,1.0084745762711864,0.7736185383244207,0.796,0.8472085731667368,1.0084745762711864,1.0084745762711864,1.0224719101123596,1.05,,packet_e_cbr_anchor50,weekly,0.0,0,0,40,0.85,0.0,3,1
,353,1.396045197740113,,,0.28611898016997167,0.3379032258064516,0.8467482945364317,0.5565030712298582,0.5721772537653428,0.8467482945364317,,,,1.3248587570621468,1.463276836158192,0.7649350649350648,0.896551724137931,0.8467482945364317,1.396045197740113,1.396045197740113,1.0696629213483146,1.8613636363636363,,packet_e_cbr_anchor50,weekly,0.0,0,0,40,0.85,0.0,3,2
,251,0.9926553672316385,,,0.30677290836653387,0.3379032258064516,0.9078720915859236,0.5565030712298582,-9.85250992556528,0.9078720915859236,,,,0.9887005649717514,1.0084745762711864,0.7890909090909092,0.8048780487804879,0.9078720915859236,0.9926553672316385,0.9926553672316385,0.9704545454545455,1.05,,packet_e_cbr_anchor50,weekly,0.0,0,0,40,0.85,0.0,4,1
,345,1.364406779661017,,,0.2985507246376812,0.3379032258064516,0.8835391373525648,0.5565030712298582,-4.750862408294815,0.8835391373525648,,,,1.3248587570621468,1.4039548022598871,0.7459893048128342,0.8852941176470588,0.8835391373525648,1.364406779661017,1.364406779661017,1.0696629213483146,1.7977272727272728,,packet_e_cbr_anchor50,weekly,0.0,0,0,40,0.85,0.0,4,2
,221,0.8740112994350283,,,0.2895927601809955,0.3379032258064516,0.857028693614402,0.5565030712298582,-3.6196638661534117,0.857028693614402,,,,0.8502824858757062,0.8898305084745763,0.7967871485943775,0.6574074074074074,0.857028693614402,0.8740112994350283,0.8740112994350283,0.6921348314606742,1.05,,packet_e_cbr_anchor50,weekly,0.0,0,0,40,0.85,0.3,3,1
,313,1.2378531073446328,,,0.29073482428115016,0.3379032258064516,0.8604085491852654,0.5565030712298582,2.1809503750925767,0.8604085491852654,,,,1.1864406779661016,1.305084745762712,0.8042328042328042,0.8051948051948052,0.8604085491852654,1.2378531073446328,1.2378531073446328,0.7393258426966293,1.7977272727272728,,packet_e_cbr_anchor50,weekly,0.0,0,0,40,0.85,0.3,3,2
,201,0.7949152542372883,,,0.32338308457711445,0.3379032258064516,0.9570286989871646,0.5565030712298582,-2.2499625889373136,0.9570286989871646,,,,0.7711864406779662,0.8305084745762712,0.8537005163511188,0.6377551020408163,0.9570286989871646,0.7949152542372883,0.7949152542372883,0.5348314606741573,1.05,,packet_e_cbr_anchor50,weekly,0.0,0,0,40,0.85,0.3,4,1
,292,1.1548022598870056,,,0.3116438356164384,0.3379032258064516,0.9222872462157127,0.5565030712298582,3.2678419932742586,0.9222872462157127,,,,1.1073446327683616,1.2457627118644068,0.8537005163511188,0.7874564459930313,0.9222872462157127,1.1548022598870056,1.1548022598870056,0.5820224719101125,1.7818181818181817,,packet_e_cbr_anchor50,weekly,0.0,0,0,40,0.85,0.3,4,2
,181,0.7158192090395481,,,0.30939226519337015,0.3379032258064516,0.9156238874457733,0.5565030712298582,-4.816647306864421,0.9156238874457733,,,,0.692090395480226,0.7514124293785311,0.7076727964489538,0.625,0.9156238874457733,0.7158192090395481,0.7158192090395481,0.45617977528089887,1.0181818181818183,,packet_e_cbr_anchor50,weekly,0.0,0,0,40,0.85,0.5,3,1
,273,1.0796610169491525,,,0.304029304029304,0.3379032258064516,0.8997525942633341,0.5565030712298582,2.2372528178806603,0.8997525942633341,,,,1.0084745762711864,1.1666666666666667,0.7596487645497243,0.7985074626865671,0.8997525942633341,1.0796610169491525,1.0796610169491525,0.503370786516854,1.7818181818181817,,packet_e_cbr_anchor50,weekly,0.0,0,0,40,0.85,0.5,3,2
,165,0.652542372881356,,,0.32727272727272727,0.3379032258064516,0.9685398134085486,0.5565030712298582,-6.266023783492656,0.9685398134085486,,,,0.632768361581921,0.692090395480226,0.7683304647160069,0.6,0.9685398134085486,0.652542372881356,0.652542372881356,0.3146067415730337,1.0181818181818183,,packet_e_cbr_anchor50,weekly,0.0,0,0,40,0.85,0.5,4,1
,256,1.0124293785310736,,,0.3125,0.3379032258064516,0.9248210023866349,0.5565030712298582,1.4553063208445145,0.9248210023866349,,,,0.9491525423728814,1.1073446327683616,0.8003442340791739,0.7808764940239044,0.9248210023866349,1.0124293785310736,1.0124293785310736,0.36179775280898874,1.7818181818181817,,packet_e_cbr_anchor50,weekly,0.0,0,0,40,0.85,0.5,4,2
,138,0.5457627118644068,,,0.30434782608695654,0.3379032258064516,0.9006952371069836,0.5565030712298582,-6.5376185354549525,0.9006952371069836,,,,0.4943502824858757,0.5932203389830508,0.6971887550200804,0.5939849624060151,0.9006952371069836,0.5457627118644068,0.5457627118644068,0.2202247191011236,0.9068181818181819,,packet_e_cbr_anchor50,weekly,0.0,0,0,40,0.85,0.65,3,1
,227,0.8977401129943503,,,0.29515418502202645,0.3379032258064516,0.8734873256021786,0.5565030712298582,2.0346181308142834,0.8734873256021786,,,,0.8107344632768362,0.9689265536723164,0.7317432997295303,0.7837837837837838,0.8734873256021786,0.8977401129943503,0.8977401129943503,0.251685393258427,1.638636363636364,,packet_e_cbr_anchor50,weekly,0.0,0,0,40,0.85,0.65,3,2
,123,0.48644067796610174,,,0.34959349593495936,0.3379032258064516,1.0345965034829347,0.5565030712298582,-3.5078421906492676,1.0345965034829347,,,,0.4745762711864407,0.5141242937853108,0.8044485634847081,0.5508474576271186,1.0345965034829347,0.48644067796610174,0.48644067796610174,0.1258426966292135,0.9068181818181819,,packet_e_cbr_anchor50,weekly,0.0,0,0,40,0.85,0.65,4,1
,211,0.8344632768361583,,,0.3175355450236967,0.3379032258064516,0.9397233313350452,0.5565030712298582,4.389272855290237,0.9397233313350452,,,,0.7909604519774012,0.8898305084745763,0.7967871485943775,0.7718446601941747,0.9397233313350452,0.8344632768361583,0.8344632768361583,0.15730337078651685,1.638636363636364,,packet_e_cbr_anchor50,weekly,0.0,0,0,40,0.85,0.65,4,2
,255,1.0084745762711864,,,0.29411764705882354,0.3379032258064516,0.870419766952127,0.5565030712298582,-0.025029020449134947,0.870419766952127,,,,1.0084745762711864,1.0084745762711864,0.7736185383244207,0.792,0.870419766952127,1.0084745762711864,1.0084745762711864,1.0224719101123596,1.05,,packet_e_cbr_anchor50,weekly,0.0,0,0,40,0.9,0.0,3,1
,339,1.340677966101695,,,0.2890855457227139,0.3379032258064516,0.8555276293464564,0.5565030712298582,3.8249457752112814,0.8555276293464564,,,,1.305084745762712,1.384180790960452,0.7685950413223139,0.9011976047904192,0.8555276293464564,1.340677966101695,1.340677966101695,1.053932584269663,1.7818181818181817,,packet_e_cbr_anchor50,weekly,0.0,0,0,40,0.9,0.0,3,2
,251,0.9926553672316385,,,0.3147410358565737,0.3379032258064516,0.9314531848738697,0.5565030712298582,-5.233779856038216,0.9314531848738697,,,,0.9887005649717514,1.0084745762711864,0.7890909090909092,0.8048780487804879,0.9314531848738697,0.9926553672316385,0.9926553672316385,0.9704545454545455,1.05,,packet_e_cbr_anchor50,weekly,0.0,0,0,40,0.9,0.0,4,1
,329,1.301129943502825,,,0.3009118541033435,0.3379032258064516,0.8905267281339998,0.5565030712298582,-1.4975838227275864,0.8905267281339998,,,,1.265536723163842,1.344632768361582,0.7485795454545454,0.8858024691358025,0.8905267281339998,1.301129943502825,1.301129943502825,1.053932584269663,1.7022727272727272,,packet_e_cbr_anchor50,weekly,0.0,0,0,40,0.9,0.0,4,2
,221,0.8740112994350283,,,0.29411764705882354,0.3379032258064516,0.870419766952127,0.5565030712298582,0.6491384962649285,0.870419766952127,,,,0.8502824858757062,0.8898305084745763,0.8326446280991735,0.6388888888888888,0.870419766952127,0.8740112994350283,0.8740112994350283,0.6921348314606742,1.05,,packet_e_cbr_anchor50,weekly,0.0,0,0,40,0.9,0.3,3,1
,300,1.1864406779661016,,,0.29,0.3379032258064516,0.8582338902147971,0.5565030712298582,4.972938227405764,0.8582338902147971,,,,1.1073446327683616,1.2457627118644068,0.7999999999999999,0.7898305084745763,0.8582338902147971,1.1864406779661016,1.1864406779661016,0.7235955056179775,1.7181818181818183,,packet_e_cbr_anchor50,weekly,0.0,0,0,40,0.9,0.3,3,2
,199,0.7870056497175141,,,0.3316582914572864,0.3379032258064516,0.9815185713771722,0.5565030712298582,3.060279111839901,0.9815185713771722,,,,0.7514124293785311,0.8305084745762712,0.912280701754386,0.6288659793814433,0.9815185713771722,0.7870056497175141,0.7870056497175141,0.5191011235955056,1.05,,packet_e_cbr_anchor50,weekly,0.0,0,0,40,0.9,0.3,4,1
,276,1.0915254237288137,,,0.3115942028985507,0.3379032258064516,0.9221403618000069,0.5565030712298582,6.297384332739472,0.9221403618000069,,,,1.0282485875706215,1.1864406779661016,0.8553459119496855,0.7785977859778598,0.9221403618000069,1.0915254237288137,1.0915254237288137,0.550561797752809,1.6704545454545454,,packet_e_cbr_anchor50,weekly,0.0,0,0,40,0.9,0.3,4,2
,180,0.711864406779661,,,0.31666666666666665,0.3379032258064516,0.9371519490851233,0.5565030712298582,-0.18843339750921315,0.9371519490851233,,,,0.672316384180791,0.7514124293785311,0.7863031071655041,0.6,0.9371519490851233,0.711864406779661,0.711864406779661,0.45617977528089887,1.0022727272727272,,packet_e_cbr_anchor50,weekly,0.0,0,0,40,0.9,0.5,3,1
,259,1.0242937853107343,,,0.305019305019305,0.3379032258064516,0.9026824301287308,0.5565030712298582,5.075304436276144,0.9026824301287308,,,,0.9689265536723164,1.1073446327683616,0.8003442340791739,0.7795275590551181,0.9026824301287308,1.0242937853107343,1.0242937853107343,0.4876404494382023,1.6863636363636363,,packet_e_cbr_anchor50,weekly,0.0,0,0,40,0.9,0.5,3,2
,163,0.644632768361582,,,0.3374233128834356,0.3379032258064516,0.9985797326383297,0.5565030712298582,0.1677552107745553,0.9985797326383297,,,,0.5932203389830508,0.692090395480226,0.8537005163511188,0.569620253164557,0.9985797326383297,0.644632768361582,0.644632768361582,0.298876404494382,1.0022727272727272,,packet_e_cbr_anchor50,weekly,0.0,0,0,40,0.9,0.5,4,1
,240,0.9491525423728814,,,0.3125,0.3379032258064516,0.9248210023866349,0.5565030712298582,4.818444299734191,0.9248210023866349,,,,0.8898305084745763,1.0480225988700564,0.839458413926499,0.7574468085106383,0.9248210023866349,0.9491525423728814,0.9491525423728814,0.33033707865168543,1.6704545454545454,,packet_e_cbr_anchor50,weekly,0.0,0,0,40,0.9,0.5,4,2
,136,0.5378531073446328,,,0.3161764705882353,0.3379032258064516,0.9357012494735364,0.5565030712298582,-0.32236477278061626,0.9357012494735364,,,,0.4745762711864407,0.5932203389830508,0.7967871485943775,0.5419847328244275,0.9357012494735364,0.5378531073446328,0.5378531073446328,0.2202247191011236,0.8909090909090909,,packet_e_cbr_anchor50,weekly,0.0,0,0,40,0.9,0.65,3,1
,213,0.8423728813559322,,,0.3004694835680751,0.3379032258064516,0.8892175647360696,0.5565030712298582,5.48951507297391,0.8892175647360696,,,,0.7514124293785311,0.9293785310734464,0.8248337028824833,0.7596153846153846,0.8892175647360696,0.8423728813559322,0.8423728813559322,0.251685393258427,1.5431818181818182,,packet_e_cbr_anchor50,weekly,0.0,0,0,40,0.9,0.65,3,2
,120,0.4745762711864407,,,0.35833333333333334,0.3379032258064516,1.060461416070008,0.5565030712298582,5.236753053603167,1.060461416070008,,,,0.43502824858757067,0.5141242937853108,0.8044485634847081,0.4956521739130435,1.060461416070008,0.4745762711864407,0.4745762711864407,0.1101123595505618,0.8909090909090909,,packet_e_cbr_anchor50,weekly,0.0,0,0,40,0.9,0.65,4,1
,194,0.7672316384180791,,,0.3247422680412371,0.3379032258064516,0.9610511035110598,0.5565030712298582,9.947756273569698,0.9610511035110598,,,,0.731638418079096,0.8305084745762712,0.8537005163511188,0.7407407407407407,0.9610511035110598,0.7672316384180791,0.7672316384180791,0.14157303370786517,1.5272727272727273,,packet_e_cbr_anchor50,weekly,0.0,0,0,40,0.9,0.65,4,2
,255,1.0084745762711864,,,0.2627450980392157,0.3379032258064516,0.7775749918105668,0.5565030712298582,-6.660660292518447,0.7775749918105668,,,,1.0084745762711864,1.0084745762711864,0.7183600713012477,0.792,0.7775749918105668,1.0084745762711864,1.0084745762711864,1.0224719101123596,1.05,,packet_e_cbr_anchor50,weekly,0.0,0,0,60,0.75,0.0,3,1
,357,1.4118644067796613,,,0.2801120448179272,0.3379032258064516,0.8289712066210733,0.5565030712298582,-1.3194648064110857,0.8289712066210733,,,,1.364406779661017,1.4830508474576272,0.7238095238095238,0.8863636363636364,0.8289712066210733,1.4118644067796613,1.4118644067796613,1.0696629213483146,1.8931818181818183,,packet_e_cbr_anchor50,weekly,0.0,0,0,60,0.75,0.0,3,2
,251,0.9926553672316385,,,0.2788844621513944,0.3379032258064516,0.8253382650781124,0.5565030712298582,-12.898479988907225,0.8253382650781124,,,,0.9887005649717514,1.0084745762711864,0.7327272727272727,0.7926829268292683,0.8253382650781124,0.9926553672316385,0.9926553672316385,0.9704545454545455,1.05,,packet_e_cbr_anchor50,weekly,0.0,0,0,60,0.75,0.0,4,1
,351,1.3881355932203392,,,0.2962962962962963,0.3379032258064516,0.876867320781402,0.5565030712298582,-5.329587111766666,0.876867320781402,,,,1.364406779661017,1.4435028248587571,0.7729468599033816,0.8872832369942196,0.876867320781402,1.3881355932203392,1.3881355932203392,1.0696629213483146,1.8772727272727274,,packet_e_cbr_anchor50,weekly,0.0,0,0,60,0.75,0.0,4,2
,216,0.8542372881355933,,,0.26851851851851855,0.3379032258064516,0.7946610094581456,0.5565030712298582,-3.0270450142896475,0.7946610094581456,,,,0.8305084745762712,0.8898305084745763,0.7303882195448461,0.6729857819905213,0.7946610094581456,0.8542372881355933,0.8542372881355933,0.6134831460674157,1.05,,packet_e_cbr_anchor50,weekly,0.0,0,0,60,0.75,0.3,3,1
,315,1.2457627118644068,,,0.2920634920634921,0.3379032258064516,0.8643406447702391,0.5565030712298582,3.241960840224817,0.8643406447702391,,,,1.1864406779661016,1.344632768361582,0.7311827956989246,0.8193548387096774,0.8643406447702391,1.2457627118644068,1.2457627118644068,0.6606741573033709,1.8772727272727274,,packet_e_cbr_anchor50,weekly,0.0,0,0,60,0.75,0.3,3,2
,201,0.7949152542372883,,,0.2885572139303483,0.3379032258064516,0.8539640698654699,0.5565030712298582,-3.722381424219716,0.8539640698654699,,,,0.7514124293785311,0.8502824858757062,0.6948725133090502,0.6428571428571429,0.8539640698654699,0.7949152542372883,0.7949152542372883,0.5191011235955056,1.05,,packet_e_cbr_anchor50,weekly,0.0,0,0,60,0.75,0.3,4,1
,300,1.1864406779661016,,,0.30666666666666664,0.3379032258064516,0.907557677008751,0.5565030712298582,3.089145337030627,0.907557677008751,,,,1.1073446327683616,1.305084745762712,0.7953216374269005,0.8033898305084746,0.907557677008751,1.1864406779661016,1.1864406779661016,0.5662921348314607,1.8613636363636363,,packet_e_cbr_anchor50,weekly,0.0,0,0,60,0.75,0.3,4,2
,179,0.707909604519774,,,0.2737430167597765,0.3379032258064516,0.8101225316995774,0.5565030712298582,-6.782973267020556,0.8101225316995774,,,,0.672316384180791,0.731638418079096,0.5652881797460111,0.6494252873563219,0.8101225316995774,0.707909604519774,0.707909604519774,0.40898876404494383,1.0181818181818183,,packet_e_cbr_anchor50,weekly,0.0,0,0,60,0.75,0.5,3,1
,278,1.0994350282485876,,,0.302158273381295,0.3379032258064516,0.894215415257293,0.5565030712298582,1.7323116717979592,0.894215415257293,,,,1.0480225988700564,1.1864406779661016,0.7967871485943775,0.8168498168498168,0.894215415257293,1.0994350282485876,1.0994350282485876,0.45617977528089887,1.8613636363636363,,packet_e_cbr_anchor50,weekly,0.0,0,0,60,0.75,0.5,3,2
,168,0.664406779661017,,,0.27976190476190477,0.3379032258064516,0.8279349926127969,0.5565030712298582,-6.655991942041051,0.8279349926127969,,,,0.632768361581921,0.692090395480226,0.5975903614457831,0.6319018404907976,0.8279349926127969,0.664406779661017,0.664406779661017,0.298876404494382,1.0181818181818183,,packet_e_cbr_anchor50,weekly,0.0,0,0,60,0.75,0.5,4,1
,267,1.0559322033898306,,,0.30337078651685395,0.3379032258064516,0.8978037596202838,0.5565030712298582,2.085152139005449,0.8978037596202838,,,,1.0084745762711864,1.1468926553672316,0.824262567511425,0.8129770992366412,0.8978037596202838,1.0559322033898306,1.0559322033898306,0.3460674157303371,1.8613636363636363,,packet_e_cbr_anchor50,weekly,0.0,0,0,60,0.75,0.5,4,2
,143,0.5655367231638418,,,0.2517482517482518,0.3379032258064516,0.7450306256988836,0.5565030712298582,-13.407546908411966,0.7450306256988836,,,,0.5338983050847458,0.632768361581921,0.5602409638554218,0.6159420289855072,0.7450306256988836,0.5655367231638418,0.5655367231638418,0.251685393258427,0.9227272727272727,,packet_e_cbr_anchor50,weekly,0.0,0,0,60,0.75,0.65,3,1
,237,0.9372881355932203,,,0.2911392405063291,0.3379032258064516,0.86160538956527,0.5565030712298582,0.7487624966638236,0.86160538956527,,,,0.8502824858757062,1.0480225988700564,0.7111111111111111,0.8103448275862069,0.86160538956527,0.9372881355932203,0.9372881355932203,0.28314606741573034,1.7181818181818183,,packet_e_cbr_anchor50,weekly,0.0,0,0,60,0.75,0.65,3,2
,132,0.5220338983050847,,,0.2803030303030303,0.3379032258064516,0.8295364142619512,0.5565030712298582,-13.130202287138196,0.8295364142619512,,,,0.4745762711864407,0.5932203389830508,0.5975903614457831,0.5984251968503937,0.8295364142619512,0.5220338983050847,0.5220338983050847,0.17303370786516856,0.9227272727272727,,packet_e_cbr_anchor50,weekly,0.0,0,0,60,0.75,0.65,4,1
,226,0.8937853107344633,,,0.3053097345132743,0.3379032258064516,0.903541935075084,0.5565030712298582,1.4361772971146045,0.903541935075084,,,,0.8305084745762712,1.0084745762711864,0.7619047619047619,0.8009049773755657,0.903541935075084,0.8937853107344633,0.8937853107344633,0.20449438202247192,1.7181818181818183,,packet_e_cbr_anchor50,weekly,0.0,0,0,60,0.75,0.65,4,2
,255,1.0084745762711864,,,0.2823529411764706,0.3379032258064516,0.8356029762740419,0.5565030712298582,-4.4687737574884565,0.8356029762740419,,,,1.0084745762711864,1.0084745762711864,0.7736185383244207,0.792,0.8356029762740419,1.0084745762711864,1.0084745762711864,1.0224719101123596,1.05,,packet_e_cbr_anchor50,weekly,0.0,0,0,60,0.8,0.0,3,1
,352,1.3920903954802262,,,0.2869318181818182,0.3379032258064516,0.849153829464092,0.5565030712298582,1.090959557788421,0.849153829464092,,,,1.3248587570621468,1.463276836158192,0.7238095238095238,0.8933717579250721,0.849153829464092,1.3920903954802262,1.3920903954802262,1.0696629213483146,1.8613636363636363,,packet_e_cbr_anchor50,weekly,0.0,0,0,60,0.8,0.0,3,2
,251,0.9926553672316385,,,0.30677290836653387,0.3379032258064516,0.9078720915859236,0.5565030712298582,-6.8197319530561336,0.9078720915859236,,,,0.9887005649717514,1.0084745762711864,0.7890909090909092,0.7967479674796748,0.9078720915859236,0.9926553672316385,0.9926553672316385,0.9704545454545455,1.05,,packet_e_cbr_anchor50,weekly,0.0,0,0,60,0.8,0.0,4,1
,345,1.364406779661017,,,0.30144927536231886,0.3379032258064516,0.8921171872297742,0.5565030712298582,-0.0666758627328238,0.8921171872297742,,,,1.3248587570621468,1.423728813559322,0.757123473541384,0.8911764705882353,0.8921171872297742,1.364406779661017,1.364406779661017,1.0696629213483146,1.8136363636363637,,packet_e_cbr_anchor50,weekly,0.0,0,0,60,0.8,0.0,4,2
,216,0.8542372881355933,,,0.30092592592592593,0.3379032258064516,0.8905683726686113,0.5565030712298582,3.5597235470180943,0.8905683726686113,,,,0.8305084745762712,0.8898305084745763,0.7967871485943775,0.6729857819905213,0.8905683726686113,0.8542372881355933,0.8542372881355933,0.6134831460674157,1.05,,packet_e_cbr_anchor50,weekly,0.0,0,0,60,0.8,0.3,3,1
,310,1.225988700564972,,,0.3,0.3379032258064516,0.8878281622911695,0.5565030712298582,7.994975567449469,0.8878281622911695,,,,1.1666666666666667,1.3248587570621468,0.7741935483870969,0.819672131147541,0.8878281622911695,1.225988700564972,1.225988700564972,0.6606741573033709,1.8136363636363637,,packet_e_cbr_anchor50,weekly,0.0,0,0,60,0.8,0.3,3,2
,201,0.7949152542372883,,,0.3283582089552239,0.3379032258064516,0.9717522174331208,0.5565030712298582,4.1821653367183185,0.9717522174331208,,,,0.7514124293785311,0.8502824858757062,0.8338470159708602,0.6479591836734694,0.9717522174331208,0.7949152542372883,0.7949152542372883,0.5191011235955056,1.05,,packet_e_cbr_anchor50,weekly,0.0,0,0,60,0.8,0.3,4,1
,295,1.1666666666666667,,,0.3152542372881356,0.3379032258064516,0.9329719671534324,0.5565030712298582,8.574117899168296,0.9329719671534324,,,,1.0875706214689267,1.2853107344632768,0.8421052631578947,0.8068965517241379,0.9329719671534324,1.1666666666666667,1.1666666666666667,0.5662921348314607,1.7977272727272728,,packet_e_cbr_anchor50,weekly,0.0,0,0,60,0.8,0.3,4,2
,178,0.703954802259887,,,0.3146067415730337,0.3379032258064516,0.9310557507173313,0.5565030712298582,0.8446930068022745,0.9310557507173313,,,,0.652542372881356,0.731638418079096,0.7267990882448715,0.6358381502890174,0.9310557507173313,0.703954802259887,0.703954802259887,0.40898876404494383,1.0181818181818183,,packet_e_cbr_anchor50,weekly,0.0,0,0,60,0.8,0.5,3,1
,272,1.0757062146892655,,,0.3088235294117647,0.3379032258064516,0.9139407552997333,0.5565030712298582,6.8378584373684985,0.9139407552997333,,,,1.0282485875706215,1.1666666666666667,0.810292015519706,0.8127340823970037,0.9139407552997333,1.0757062146892655,1.0757062146892655,0.45617977528089887,1.7977272727272728,,packet_e_cbr_anchor50,weekly,0.0,0,0,60,0.8,0.5,3,2
,167,0.6604519774011299,,,0.32335329341317365,0.3379032258064516,0.956940534206051,0.5565030712298582,0.7221844113304103,0.956940534206051,,,,0.612994350282486,0.692090395480226,0.7683304647160069,0.6234567901234568,0.956940534206051,0.6604519774011299,0.6604519774011299,0.298876404494382,1.0181818181818183,,packet_e_cbr_anchor50,weekly,0.0,0,0,60,0.8,0.5,4,1
,261,1.0322033898305085,,,0.3103448275862069,0.3379032258064516,0.9184429265081064,0.5565030712298582,6.932392123626225,0.9184429265081064,,,,0.9887005649717514,1.1271186440677967,0.838723314309871,0.8125,0.9184429265081064,1.0322033898305085,1.0322033898305085,0.3460674157303371,1.7977272727272728,,packet_e_cbr_anchor50,weekly,0.0,0,0,60,0.8,0.5,4,2
,140,0.5536723163841808,,,0.29285714285714287,0.3379032258064516,0.8666893965223321,0.5565030712298582,-8.07667467841784,0.8666893965223321,,,,0.5141242937853108,0.612994350282486,0.674698795180723,0.5851851851851851,0.8666893965223321,0.5536723163841808,0.5536723163841808,0.251685393258427,0.9068181818181819,,packet_e_cbr_anchor50,weekly,0.0,0,0,60,0.8,0.65,3,1
,231,0.9135593220338984,,,0.29004329004329005,0.3379032258064516,0.8583620039467296,0.5565030712298582,2.3642296998332433,0.8583620039467296,,,,0.8502824858757062,1.0084745762711864,0.7272727272727272,0.7964601769911505,0.8583620039467296,0.9135593220338984,0.9135593220338984,0.28314606741573034,1.6545454545454545,,packet_e_cbr_anchor50,weekly,0.0,0,0,60,0.8,0.65,3,2
,127,0.5022598870056497,,,0.33070866141732286,0.3379032258064516,0.9787082103997145,0.5565030712298582,-6.577655799173575,0.9787082103997145,,,,0.4548022598870057,0.5536723163841808,0.746987951807229,0.5655737704918032,0.9787082103997145,0.5022598870056497,0.5022598870056497,0.17303370786516856,0.9068181818181819,,packet_e_cbr_anchor50,weekly,0.0,0,0,60,0.8,0.65,4,1
,218,0.8621468926553673,,,0.3073394495412844,0.3379032258064516,0.9095487289527271,0.5565030712298582,3.6905324797377923,0.9095487289527271,,,,0.8107344632768362,0.9491525423728814,0.7804878048780487,0.784037558685446,0.9095487289527271,0.8621468926553673,0.8621468926553673,0.20449438202247192,1.6545454545454545,,packet_e_cbr_anchor50,weekly,0.0,0,0,60,0.8,0.65,4,2
,255,1.0084745762711864,,,0.2901960784313726,0.3379032258064516,0.858814170059432,0.5565030712298582,-2.031212826884896,0.858814170059432,,,,1.0084745762711864,1.0084745762711864,0.8202220647295064,0.8,0.858814170059432,1.0084745762711864,1.0084745762711864,1.0224719101123596,1.05,,packet_e_cbr_anchor50,weekly,0.0,0,0,60,0.85,0.0,3,1
,350,1.384180790960452,,,0.2885714285714286,0.3379032258064516,0.8540061370610298,0.5565030712298582,1.0213191460436293,0.8540061370610298,,,,1.305084745762712,1.463276836158192,0.7619047619047619,0.8985507246376812,0.8540061370610298,1.384180790960452,1.384180790960452,1.0696629213483146,1.8613636363636363,,packet_e_cbr_anchor50,weekly,0.0,0,0,60,0.85,0.0,3,2
,251,0.9926553672316385,,,0.3187250996015936,0.3379032258064516,0.9432437315178427,0.5565030712298582,-4.063204586131453,0.9432437315178427,,,,0.9887005649717514,1.0084745762711864,0.8366265060240965,0.8089430894308943,0.9432437315178427,0.9926553672316385,0.9926553672316385,0.9704545454545455,1.05,,packet_e_cbr_anchor50,weekly,0.0,0,0,60,0.85,0.0,4,1
,342,1.3525423728813561,,,0.30701754385964913,0.3379032258064516,0.9085960725202027,0.5565030712298582,0.19780488389117393,0.9085960725202027,,,,1.305084745762712,1.4039548022598871,0.7991858887381275,0.887240356083086,0.9085960725202027,1.3525423728813561,1.3525423728813561,1.0696629213483146,1.7977272727272728,,packet_e_cbr_anchor50,weekly,0.0,0,0,60,0.85,0.0,4,2
,216,0.8542372881355933,,,0.3055555555555556,0.3379032258064516,0.9042694245558208,0.5565030712298582,4.689992000239427,0.9042694245558208,,,,0.8305084745762712,0.8898305084745763,0.7967871485943775,0.6682464454976303,0.9042694245558208,0.8542372881355933,0.8542372881355933,0.6134831460674157,1.05,,packet_e_cbr_anchor50,weekly,0.0,0,0,60,0.85,0.3,3,1
,307,1.2141242937853107,,,0.2996742671009772,0.3379032258064516,0.886864179487379,0.5565030712298582,7.118719842743573,0.886864179487379,,,,1.1468926553672316,1.305084745762712,0.8148959474260679,0.8145695364238411,0.886864179487379,1.2141242937853107,1.2141242937853107,0.6606741573033709,1.7977272727272728,,packet_e_cbr_anchor50,weekly,0.0,0,0,60,0.85,0.3,3,2
,196,0.7751412429378532,,,0.3520408163265306,0.3379032258064516,1.041839170035556,0.5565030712298582,9.057124530555042,1.041839170035556,,,,0.7514124293785311,0.8305084745762712,0.8537005163511188,0.6387434554973822,1.041839170035556,0.7751412429378532,0.7751412429378532,0.4719101123595506,1.05,,packet_e_cbr_anchor50,weekly,0.0,0,0,60,0.85,0.3,4,1
,287,1.1350282485875707,,,0.32752613240418116,0.3379032258064516,0.969289747449128,0.5565030712298582,9.974599405569913,0.969289747449128,,,,1.0875706214689267,1.2457627118644068,0.8537005163511188,0.7872340425531915,0.969289747449128,1.1350282485875707,1.1350282485875707,0.5191011235955056,1.7818181818181817,,packet_e_cbr_anchor50,weekly,0.0,0,0,60,0.85,0.3,4,2
,177,0.7,,,0.327683615819209,0.3379032258064516,0.9697558081523131,0.5565030712298582,4.311439613722636,0.9697558081523131,,,,0.652542372881356,0.731638418079096,0.7267990882448715,0.627906976744186,0.9697558081523131,0.7,0.7,0.39325842696629215,1.0181818181818183,,packet_e_cbr_anchor50,weekly,0.0,0,0,60,0.85,0.5,3,1
,268,1.0598870056497176,,,0.31343283582089554,0.3379032258064516,0.9275816620952517,0.5565030712298582,7.222140042162187,0.9275816620952517,,,,0.9887005649717514,1.1468926553672316,0.772746157041961,0.8060836501901141,0.9275816620952517,1.0598870056497176,1.0598870056497176,0.4404494382022472,1.7818181818181817,,packet_e_cbr_anchor50,weekly,0.0,0,0,60,0.85,0.5,3,2
,162,0.6406779661016949,,,0.345679012345679,0.3379032258064516,1.023011874244969,0.5565030712298582,5.83241388123642,1.023011874244969,,,,0.612994350282486,0.672316384180791,0.7909284195605953,0.6050955414012739,1.023011874244969,0.6406779661016949,0.6406779661016949,0.251685393258427,1.0181818181818183,,packet_e_cbr_anchor50,weekly,0.0,0,0,60,0.85,0.5,4,1
,252,0.9966101694915255,,,0.32142857142857145,0.3379032258064516,0.9512444595976817,0.5565030712298582,8.09971797229946,0.9512444595976817,,,,0.9293785310734464,1.0875706214689267,0.8148959474260679,0.7894736842105263,0.9512444595976817,0.9966101694915255,0.9966101694915255,0.298876404494382,1.7818181818181817,,packet_e_cbr_anchor50,weekly,0.0,0,0,60,0.85,0.5,4,2
,136,0.5378531073446328,,,0.3088235294117647,0.3379032258064516,0.9139407552997333,0.5565030712298582,-5.357099262224743,0.9139407552997333,,,,0.4943502824858757,0.612994350282486,0.674698795180723,0.5725190839694656,0.9139407552997333,0.5378531073446328,0.5378531073446328,0.2202247191011236,0.9068181818181819,,packet_e_cbr_anchor50,weekly,0.0,0,0,60,0.85,0.65,3,1
,224,0.8858757062146893,,,0.29464285714285715,0.3379032258064516,0.8719740879645415,0.5565030712298582,1.4522754989809814,0.8719740879645415,,,,0.7909604519774012,0.9887005649717514,0.7171084337349398,0.776255707762557,0.8719740879645415,0.8858757062146893,0.8858757062146893,0.251685393258427,1.638636363636364,,packet_e_cbr_anchor50,weekly,0.0,0,0,60,0.85,0.65,3,2
,121,0.47853107344632767,,,0.35537190082644626,0.3379032258064516,1.051697272135545,0.5565030712298582,-2.1308986051210086,1.051697272135545,,,,0.4548022598870057,0.5338983050847458,0.7746541722445337,0.5258620689655172,1.051697272135545,0.47853107344632767,0.47853107344632767,0.1258426966292135,0.9068181818181819,,packet_e_cbr_anchor50,weekly,0.0,0,0,60,0.85,0.65,4,1
,208,0.8225988700564972,,,0.3173076923076923,0.3379032258064516,0.9390490178079677,0.5565030712298582,3.796096002611244,0.9390490178079677,,,,0.7711864406779662,0.9096045197740114,0.7794656888423258,0.7635467980295566,0.9390490178079677,0.8225988700564972,0.8225988700564972,0.15730337078651685,1.638636363636364,,packet_e_cbr_anchor50,weekly,0.0,0,0,60,0.85,0.65,4,2
,255,1.0084745762711864,,,0.2980392156862745,0.3379032258064516,0.882025363844822,0.5565030712298582,3.059115379617406,0.882025363844822,,,,1.0084745762711864,1.0084745762711864,0.8288770053475936,0.804,0.882025363844822,1.0084745762711864,1.0084745762711864,1.0224719101123596,1.05,,packet_e_cbr_anchor50,weekly,0.0,0,0,60,0.9,0.0,3,1
,339,1.340677966101695,,,0.2920353982300885,0.3379032258064516,0.8642575031152978,0.5565030712298582,5.198163972326263,0.8642575031152978,,,,1.2853107344632768,1.384180790960452,0.7843137254901961,0.907185628742515,0.8642575031152978,1.340677966101695,1.340677966101695,1.053932584269663,1.7818181818181817,,packet_e_cbr_anchor50,weekly,0.0,0,0,60,0.9,0.0,3,2
,251,0.9926553672316385,,,0.32669322709163345,0.3379032258064516,0.9668248248057888,0.5565030712298582,1.3698573823727296,0.9668248248057888,,,,0.9887005649717514,1.0084745762711864,0.8454545454545453,0.8170731707317073,0.9668248248057888,0.9926553672316385,0.9926553672316385,0.9704545454545455,1.05,,packet_e_cbr_anchor50,weekly,0.0,0,0,60,0.9,0.0,4,1
,329,1.301129943502825,,,0.3100303951367781,0.3379032258064516,0.9175123865623027,0.5565030712298582,3.6685733316700584,0.9175123865623027,,,,1.2457627118644068,1.344632768361582,0.8051948051948051,0.8919753086419753,0.9175123865623027,1.301129943502825,1.301129943502825,1.053932584269663,1.7022727272727272,,packet_e_cbr_anchor50,weekly,0.0,0,0,60,0.9,0.0,4,2
,216,0.8542372881355933,,,0.3101851851851852,0.3379032258064516,0.9179704764430301,0.5565030712298582,9.986361563045943,0.9179704764430301,,,,0.8305084745762712,0.8898305084745763,0.863186077643909,0.6540284360189573,0.9179704764430301,0.8542372881355933,0.8542372881355933,0.6134831460674157,1.05,,packet_e_cbr_anchor50,weekly,0.0,0,0,60,0.9,0.3,3,1
,296,1.1706214689265537,,,0.30067567567567566,0.3379032258064516,0.8898277752693027,0.5565030712298582,10.944323813273796,0.8898277752693027,,,,1.0875706214689267,1.2457627118644068,0.8444444444444444,0.8006872852233677,0.8898277752693027,1.1706214689265537,1.1706214689265537,0.6449438202247191,1.7181818181818183,,packet_e_cbr_anchor50,weekly,0.0,0,0,60,0.9,0.3,3,2
,194,0.7672316384180791,,,0.36082474226804123,0.3379032258064516,1.0678345594567331,0.5565030712298582,15.65487079944888,1.0678345594567331,,,,0.711864406779661,0.8305084745762712,0.9248422260470454,0.6402116402116402,1.0678345594567331,0.7672316384180791,0.7672316384180791,0.45617977528089887,1.05,,packet_e_cbr_anchor50,weekly,0.0,0,0,60,0.9,0.3,4,1
,272,1.0757062146892655,,,0.33088235294117646,0.3379032258064516,0.9792222378211428,0.5565030712298582,14.338865287635944,0.9792222378211428,,,,1.0084745762711864,1.1864406779661016,0.8963855421686747,0.7827715355805244,0.9792222378211428,1.0757062146892655,1.0757062146892655,0.4876404494382023,1.6704545454545454,,packet_e_cbr_anchor50,weekly,0.0,0,0,60,0.9,0.3,4,2
,175,0.692090395480226,,,0.33714285714285713,0.3379032258064516,0.9977497442891238,0.5565030712298582,10.422514800230715,0.9977497442891238,,,,0.632768361581921,0.711864406779661,0.8299866131191433,0.611764705882353,0.9977497442891238,0.692090395480226,0.692090395480226,0.39325842696629215,1.0022727272727272,,packet_e_cbr_anchor50,weekly,0.0,0,0,60,0.9,0.5,3,1
,255,1.0084745762711864,,,0.3176470588235294,0.3379032258064516,0.940053348308297,0.5565030712298582,11.397669965299983,0.940053348308297,,,,0.9689265536723164,1.0677966101694916,0.8299866131191433,0.792,0.940053348308297,1.0084745762711864,1.0084745762711864,0.42471910112359557,1.6863636363636363,,packet_e_cbr_anchor50,weekly,0.0,0,0,60,0.9,0.5,3,2
,159,0.628813559322034,,,0.3584905660377358,0.3379032258064516,1.060926734813347,0.5565030712298582,14.018925784990614,1.060926734813347,,,,0.5734463276836158,0.652542372881356,0.90543994158452,0.5844155844155844,1.060926734813347,0.628813559322034,0.628813559322034,0.2359550561797753,1.0022727272727272,,packet_e_cbr_anchor50,weekly,0.0,0,0,60,0.9,0.5,4,1
,236,0.9333333333333335,,,0.326271186440678,0.3379032258064516,0.9655758262206222,0.5565030712298582,13.139406278842324,0.9655758262206222,,,,0.8700564971751413,1.0084745762711864,0.8788093550673283,0.7705627705627706,0.9655758262206222,0.9333333333333335,0.9333333333333335,0.26741573033707866,1.6704545454545454,,packet_e_cbr_anchor50,weekly,0.0,0,0,60,0.9,0.5,4,2
,133,0.5259887005649718,,,0.3233082706766917,0.3379032258064516,0.956807292694744,0.5565030712298582,3.2104563973048523,0.956807292694744,,,,0.4745762711864407,0.5932203389830508,0.7967871485943775,0.5390625,0.956807292694744,0.5259887005649718,0.5259887005649718,0.2202247191011236,0.8909090909090909,,packet_e_cbr_anchor50,weekly,0.0,0,0,60,0.9,0.65,3,1
,211,0.8344632768361583,,,0.3033175355450237,0.3379032258064516,0.8976461672454162,0.5565030712298582,6.515331220134339,0.8976461672454162,,,,0.7514124293785311,0.9293785310734464,0.8264547551909768,0.7572815533980582,0.8976461672454162,0.8344632768361583,0.8344632768361583,0.251685393258427,1.5431818181818182,,packet_e_cbr_anchor50,weekly,0.0,0,0,60,0.9,0.65,3,2
,117,0.46271186440677964,,,0.36752136752136755,0.3379032258064516,1.0876527344307776,0.5565030712298582,8.760310701566372,1.0876527344307776,,,,0.4152542372881356,0.5141242937853108,0.8044485634847081,0.48214285714285715,1.0876527344307776,0.46271186440677964,0.46271186440677964,0.1101123595505618,0.8909090909090909,,packet_e_cbr_anchor50,weekly,0.0,0,0,60,0.9,0.65,4,1
,191,0.7553672316384181,,,0.3298429319371728,0.3379032258064516,0.9761461470217047,0.5565030712298582,10.833606555689709,0.9761461470217047,,,,0.711864406779661,0.8305084745762712,0.8537005163511188,0.7365591397849462,0.9761461470217047,0.7553672316384181,0.7553672316384181,0.14157303370786517,1.5272727272727273,,packet_e_cbr_anchor50,weekly,0.0,0,0,60,0.9,0.65,4,2
0.15,237,0.9372881355932203,20.0,0.0,0.39662447257383965,0.3379032258064516,1.173781255349788,0.5745743446928625,34.2914507785408,1.173781255349788,1.173781255349788,1.0,1.0,0.9096045197740114,0.9887005649717514,1.0709090909090908,0.8577586206896551,1.173781255349788,0.9372881355932203,0.9372881355932203,0.36179775280898874,1.9886363636363638,4.0,broad25_baseload75,rolling,0.15,20,0,0,0.0,0.0,0,0
0.15,203,0.8028248587570622,40.0,0.0,0.3793103448275862,0.3379032258064516,1.1225413546210188,0.5745743446928625,36.75148270836662,1.1225413546210188,1.1225413546210188,1.0,1.0,0.652542372881356,0.9689265536723164,0.910569105691057,0.8636363636363636,1.1225413546210188,0.8028248587570622,0.8028248587570622,0.385,1.8772727272727274,4.0,broad25_baseload75,rolling,0.15,40,0,0,0.0,0.0,0,0
0.15,207,0.8186440677966101,60.0,0.0,0.38164251207729466,0.3379032258064516,1.1294432338325666,0.5745743446928625,42.058491115681484,1.1294432338325666,1.1294432338325666,1.0,1.0,0.7711864406779662,0.9096045197740114,0.9302325581395349,0.8366336633663366,1.1294432338325666,0.8186440677966101,0.8186440677966101,0.35000000000000003,1.9886363636363638,4.0,broad25_baseload75,rolling,0.15,60,0,0,0.0,0.0,0,0
0.15,201,0.7949152542372883,120.0,0.0,0.4228855721393035,0.3379032258064516,1.251499067906292,0.5745743446928625,47.065127602341235,1.251499067906292,1.251499067906292,1.0,1.0,0.7514124293785311,0.8305084745762712,1.1228070175438596,0.923469387755102,1.251499067906292,0.7949152542372883,0.7949152542372883,0.11136363636363636,1.6227272727272726,4.0,broad25_baseload75,rolling,0.15,120,0,0,0.0,0.0,0,0
0.15,191,0.7553672316384181,250.0,0.0,0.450261780104712,0.3379032258064516,1.3325169626010571,0.5745743446928625,51.772523571100464,1.3325169626010571,1.3325169626010571,1.0,1.0,0.37570621468926557,0.8898305084745763,0.974076983503535,0.9408602150537635,1.3325169626010571,0.7553672316384181,0.7553672316384181,0.04772727272727273,1.7932584269662923,4.0,broad25_baseload75,rolling,0.15,250,0,0,0.0,0.0,0,0
0.15,113,0.44689265536723166,40.0,3.0,0.3274336283185841,0.3379032258064516,0.9690159883413945,0.5745743446928625,23.05396552119983,0.9690159883413945,0.9690159883413945,0.0,1.0,0.37570621468926557,0.5536723163841808,0.7619047619047619,0.7314814814814815,0.9690159883413945,0.44689265536723166,0.44689265536723166,0.17303370786516856,0.9704545454545455,4.0,broad25_baseload75,rolling,0.15,40,3,0,0.0,0.0,0,0
0.15,118,0.46666666666666673,60.0,3.0,0.2966101694915254,0.3379032258064516,0.8777962056551111,0.5745743446928625,23.25176033732029,0.8777962056551111,0.8777962056551111,0.0,1.0,0.43502824858757067,0.4745762711864407,0.6666666666666666,0.6814159292035398,0.8777962056551111,0.46666666666666673,0.46666666666666673,0.2545454545454546,1.0181818181818183,4.0,broad25_baseload75,rolling,0.15,60,3,0,0.0,0.0,0,0
0.15,109,0.43107344632768363,120.0,3.0,0.3394495412844037,0.3379032258064516,1.004576208097042,0.5745743446928625,29.212824434273465,1.004576208097042,1.004576208097042,1.0,1.0,0.3954802259887006,0.4745762711864407,0.7999999999999999,0.8557692307692307,1.004576208097042,0.43107344632768363,0.43107344632768363,0.11136363636363636,0.8272727272727273,4.0,broad25_baseload75,rolling,0.15,120,3,0,0.0,0.0,0,0
0.18,259,1.0242937853107343,20.0,0.0,0.38996138996138996,0.3379032258064516,1.1540623473797698,0.5745743446928625,31.73366820738908,1.1540623473797698,1.1540623473797698,1.0,1.0,1.0084745762711864,1.0480225988700564,0.9959839357429718,0.8661417322834646,1.1540623473797698,1.0242937853107343,1.0242937853107343,0.42471910112359557,2.1,4.0,broad25_baseload75,rolling,0.18,20,0,0,0.0,0.0,0,0
0.18,235,0.9293785310734464,40.0,0.0,0.3574468085106383,0.3379032258064516,1.0578378103894786,0.5745743446928625,32.99641165346309,1.0578378103894786,1.0578378103894786,1.0,1.0,0.8700564971751413,1.0875706214689267,0.8888888888888888,0.8695652173913043,1.0578378103894786,0.9293785310734464,0.9293785310734464,0.47250000000000003,2.1,4.0,broad25_baseload75,rolling,0.18,40,0,0,0.0,0.0,0,0
0.18,240,0.9491525423728814,60.0,0.0,0.4083333333333333,0.3379032258064516,1.2084327764518696,0.5745743446928625,41.94693676497329,1.2084327764518696,1.2084327764518696,1.0,1.0,0.8700564971751413,1.0282485875706215,1.0,0.8680851063829788,1.2084327764518696,0.9491525423728814,0.9491525423728814,0.42954545454545456,2.1954545454545458,4.0,broad25_baseload75,rolling,0.18,60,0,0,0.0,0.0,0,0
0.18,230,0.9096045197740114,120.0,0.0,0.4043478260869565,0.3379032258064516,1.1966379578707067,0.5745743446928625,39.06661826191273,1.1966379578707067,1.1966379578707067,1.0,1.0,0.8502824858757062,0.9689265536723164,1.0303030303030303,0.9111111111111111,1.1966379578707067,0.9096045197740114,0.9096045197740114,0.1590909090909091,1.75,4.0,broad25_baseload75,rolling,0.18,120,0,0,0.0,0.0,0,0
0.18,212,0.8384180790960452,250.0,0.0,0.4528301886792453,0.3379032258064516,1.3401179808168597,0.5745743446928625,55.676689677196876,1.3401179808168597,1.3401179808168597,1.0,1.0,0.4548022598870057,0.9689265536723164,0.9656067488643738,0.9420289855072463,1.3401179808168597,0.8384180790960452,0.8384180790960452,0.06363636363636364,2.060674157303371,4.0,broad25_baseload75,rolling,0.18,250,0,0,0.0,0.0,0,0
0.18,129,0.5101694915254238,40.0,3.0,0.3023255813953488,0.3379032258064516,0.8947105511461397,0.5745743446928625,19.08602930798989,0.8947105511461397,0.8947105511461397,0.0,1.0,0.43502824858757067,0.5932203389830508,0.7272727272727272,0.7338709677419355,0.8947105511461397,0.5101694915254238,0.5101694915254238,0.251685393258427,1.0340909090909092,4.0,broad25_baseload75,rolling,0.18,40,3,0,0.0,0.0,0,0
0.18,129,0.5101694915254238,60.0,3.0,0.32558139534883723,0.3379032258064516,0.963534439695843,0.5745743446928625,22.849001353285853,0.963534439695843,0.963534439695843,0.0,1.0,0.4548022598870057,0.5734463276836158,0.7466666666666667,0.7258064516129032,0.963534439695843,0.5101694915254238,0.5101694915254238,0.2863636363636364,1.0818181818181818,4.0,broad25_baseload75,rolling,0.18,60,3,0,0.0,0.0,0,0
0.18,119,0.4706214689265537,120.0,3.0,0.3277310924369748,0.3379032258064516,0.9698963117466557,0.5745743446928625,21.68027038946547,0.9698963117466557,0.9698963117466557,0.0,1.0,0.43502824858757067,0.5141242937853108,0.7272727272727272,0.8157894736842105,0.9698963117466557,0.4706214689265537,0.4706214689265537,0.1272727272727273,0.8431818181818181,4.0,broad25_baseload75,rolling,0.18,120,3,0,0.0,0.0,0,0
0.2,271,1.0717514124293785,20.0,0.0,0.3763837638376384,0.3379032258064516,1.1138803512140134,0.5745743446928625,30.28836294756266,1.1138803512140134,1.1138803512140134,1.0,1.0,1.0084745762711864,1.1271186440677967,0.9824561403508771,0.868421052631579,1.1138803512140134,1.0717514124293785,1.0717514124293785,0.4404494382022472,2.147727272727273,4.0,broad25_baseload75,rolling,0.2,20,0,0,0.0,0.0,0,0
0.2,254,1.0045197740112994,40.0,0.0,0.3661417322834646,0.3379032258064516,1.0835698043711124,0.5745743446928625,31.781874179993952,1.0835698043711124,1.0835698043711124,1.0,1.0,0.9293785310734464,1.1666666666666667,0.8707482993197279,0.8714859437751004,1.0835698043711124,1.0045197740112994,1.0045197740112994,0.5348314606741573,2.259090909090909,4.0,broad25_baseload75,rolling,0.2,40,0,0,0.0,0.0,0,0
0.2,263,1.0401129943502825,60.0,0.0,0.4068441064638783,0.3379032258064516,1.20402551793606,0.5745743446928625,42.14080613098304,1.20402551793606,1.20402551793606,1.0,1.0,0.9491525423728814,1.1073446327683616,1.0457516339869282,0.875968992248062,1.20402551793606,1.0401129943502825,1.0401129943502825,0.4772727272727273,2.3068181818181817,4.0,broad25_baseload75,rolling,0.2,60,0,0,0.0,0.0,0,0
0.2,249,0.9847457627118644,120.0,0.0,0.40160642570281124,0.3379032258064516,1.18852498298684,0.5745743446928625,36.550636525334916,1.18852498298684,1.18852498298684,1.0,1.0,0.9096045197740114,1.0875706214689267,1.0434782608695652,0.9016393442622951,1.18852498298684,0.9847457627118644,0.9847457627118644,0.19090909090909092,1.7818181818181817,4.0,broad25_baseload75,rolling,0.2,120,0,0,0.0,0.0,0,0
0.2,223,0.8819209039548023,250.0,0.0,0.4484304932735426,0.3379032258064516,1.3270974025279065,0.5745743446928625,55.47832198430082,1.3270974025279065,1.3270974025279065,1.0,1.0,0.4943502824858757,1.0084745762711864,1.0364179104477613,0.9495412844036697,1.3270974025279065,0.8819209039548023,0.8819209039548023,0.06363636363636364,2.2179775280898877,4.0,broad25_baseload75,rolling,0.2,250,0,0,0.0,0.0,0,0
0.2,140,0.5536723163841808,40.0,3.0,0.32142857142857145,0.3379032258064516,0.9512444595976817,0.5745743446928625,16.996016266220497,0.9512444595976817,0.9512444595976817,0.0,1.0,0.5141242937853108,0.5932203389830508,0.717948717948718,0.7333333333333333,0.9512444595976817,0.5536723163841808,0.5536723163841808,0.26741573033707866,1.1136363636363638,4.0,broad25_baseload75,rolling,0.2,40,3,0,0.0,0.0,0,0
0.2,138,0.5457627118644068,60.0,3.0,0.32608695652173914,0.3379032258064516,0.9650306111860538,0.5745743446928625,23.78055499160166,0.9650306111860538,0.9650306111860538,0.0,1.0,0.4943502824858757,0.5932203389830508,0.8205128205128206,0.7218045112781954,0.9650306111860538,0.5457627118644068,0.5457627118644068,0.2863636363636364,1.1136363636363638,4.0,broad25_baseload75,rolling,0.2,60,3,0,0.0,0.0,0,0
0.2,128,0.5062146892655368,120.0,3.0,0.3359375,0.3379032258064516,0.9941825775656324,0.5745743446928625,21.17346865708188,0.9941825775656324,0.9941825775656324,0.0,1.0,0.4548022598870057,0.5536723163841808,0.6956521739130435,0.7967479674796748,0.9941825775656324,0.5062146892655368,0.5062146892655368,0.1590909090909091,0.8590909090909091,4.0,broad25_baseload75,rolling,0.2,120,3,0,0.0,0.0,0,0
0.22,296,1.1706214689265537,20.0,0.0,0.375,0.3379032258064516,1.1097852028639619,0.5745743446928625,27.25791261167025,1.1097852028639619,1.1097852028639619,1.0,1.0,1.1073446327683616,1.225988700564972,0.9796563302389887,0.8762886597938144,1.1097852028639619,1.1706214689265537,1.1706214689265537,0.550561797752809,2.3068181818181817,4.0,broad25_baseload75,rolling,0.22,20,0,0,0.0,0.0,0,0
0.22,264,1.0440677966101695,40.0,0.0,0.36742424242424243,0.3379032258064516,1.087365299775801,0.5745743446928625,31.96383720408146,1.087365299775801,1.087365299775801,1.0,1.0,0.9293785310734464,1.1864406779661016,0.8533333333333334,0.8841698841698842,1.087365299775801,1.0440677966101695,1.0440677966101695,0.550561797752809,2.3068181818181817,4.0,broad25_baseload75,rolling,0.22,40,0,0,0.0,0.0,0,0
0.22,279,1.1033898305084746,60.0,0.0,0.4050179211469534,0.3379032258064516,1.1986210554229648,0.5745743446928625,39.94734954562294,1.1986210554229648,1.1986210554229648,1.0,1.0,0.9689265536723164,1.225988700564972,0.9876543209876543,0.8868613138686131,1.1986210554229648,1.1033898305084746,1.1033898305084746,0.525,2.3704545454545456,4.0,broad25_baseload75,rolling,0.22,60,0,0,0.0,0.0,0,0
0.22,264,1.0440677966101695,120.0,0.0,0.39015151515151514,0.3379032258064516,1.1546250090402834,0.5745743446928625,35.834864560352,1.1546250090402834,1.1546250090402834,1.0,1.0,0.9491525423728814,1.1666666666666667,1.0,0.9111969111969112,1.1546250090402834,1.0440677966101695,1.0440677966101695,0.20681818181818182,1.8931818181818183,4.0,broad25_baseload75,rolling,0.22,120,0,0,0.0,0.0,0,0
0.22,237,0.9372881355932203,250.0,0.0,0.4388185654008439,0.3379032258064516,1.2986516016635954,0.5745743446928625,53.33773414348948,1.2986516016635954,1.2986516016635954,1.0,1.0,0.5536723163841808,1.0677966101694916,1.0575692963752665,0.9525862068965517,1.2986516016635954,0.9372881355932203,0.9372881355932203,0.06363636363636364,2.32808988764045,4.0,broad25_baseload75,rolling,0.22,250,0,0,0.0,0.0,0,0
0.22,144,0.5694915254237288,40.0,3.0,0.3125,0.3379032258064516,0.9248210023866349,0.5745743446928625,16.964454231296536,0.9248210023866349,0.9248210023866349,0.0,1.0,0.5141242937853108,0.632768361581921,0.691358024691358,0.7482014388489209,0.9248210023866349,0.5694915254237288,0.5694915254237288,0.28314606741573034,1.1136363636363638,4.0,broad25_baseload75,rolling,0.22,40,3,0,0.0,0.0,0,0
0.22,144,0.5694915254237288,60.0,3.0,0.3333333333333333,0.3379032258064516,0.9864757358790771,0.5745743446928625,22.248585468908683,0.9864757358790771,0.9864757358790771,0.0,1.0,0.5141242937853108,0.632768361581921,0.7901234567901234,0.7266187050359713,0.9864757358790771,0.5694915254237288,0.5694915254237288,0.3181818181818182,1.1454545454545455,4.0,broad25_baseload75,rolling,0.22,60,3,0,0.0,0.0,0,0
0.22,133,0.5259887005649718,120.0,3.0,0.3308270676691729,0.3379032258064516,0.9790586250829939,0.5745743446928625,23.450175903341325,0.9790586250829939,0.9790586250829939,0.0,1.0,0.4745762711864407,0.5734463276836158,0.6666666666666666,0.8125,0.9790586250829939,0.5259887005649718,0.5259887005649718,0.1590909090909091,0.9227272727272727,4.0,broad25_baseload75,rolling,0.22,120,3,0,0.0,0.0,0,0
0.25,327,1.293220338983051,20.0,0.0,0.3730886850152905,0.3379032258064516,1.1041288052958478,0.5745743446928625,25.571949405512786,1.1041288052958478,1.1041288052958478,1.0,1.0,1.1864406779661016,1.384180790960452,1.0106307583274274,0.8881987577639752,1.1041288052958478,1.293220338983051,1.293220338983051,0.6134831460674157,2.45,4.0,broad25_baseload75,rolling,0.25,20,0,0,0.0,0.0,0,0
0.25,291,1.1508474576271188,40.0,0.0,0.37800687285223367,0.3379032258064516,1.118683824192768,0.5745743446928625,34.247144865956,1.118683824192768,1.118683824192768,1.0,1.0,1.0084745762711864,1.265536723163842,0.980421686746988,0.8951048951048951,1.118683824192768,1.1508474576271188,1.1508474576271188,0.6134831460674157,2.45,4.0,broad25_baseload75,rolling,0.25,40,0,0,0.0,0.0,0,0
0.25,310,1.225988700564972,60.0,0.0,0.3967741935483871,0.3379032258064516,1.1742243436754178,0.5745743446928625,34.78674851495852,1.1742243436754178,1.1742243436754178,1.0,1.0,1.0875706214689267,1.344632768361582,0.9491525423728814,0.9081967213114754,1.1742243436754178,1.225988700564972,1.225988700564972,0.6363636363636364,2.5136363636363637,4.0,broad25_baseload75,rolling,0.25,60,0,0,0.0,0.0,0,0
0.25,302,1.1943502824858758,120.0,0.0,0.3973509933774834,0.3379032258064516,1.1759313407830059,0.5745743446928625,34.49841068599119,1.1759313407830059,1.1759313407830059,1.0,1.0,1.1271186440677967,1.2457627118644068,0.9655172413793104,0.898989898989899,1.1759313407830059,1.1943502824858758,1.1943502824858758,0.2545454545454546,1.9727272727272729,4.0,broad25_baseload75,rolling,0.25,120,0,0,0.0,0.0,0,0
0.25,269,1.0638418079096046,250.0,0.0,0.4423791821561338,0.3379032258064516,1.3091889877651692,0.5745743446928625,52.81270109723516,1.3091889877651692,1.3091889877651692,1.0,1.0,0.8107344632768362,1.1666666666666667,1.08336366945759,0.9507575757575758,1.3091889877651692,1.0638418079096046,1.0638418079096046,0.06363636363636364,2.5797752808988763,4.0,broad25_baseload75,rolling,0.25,250,0,0,0.0,0.0,0,0
0.25,154,0.6090395480225989,40.0,3.0,0.33116883116883117,0.3379032258064516,0.9800700492824598,0.5745743446928625,22.006100812147363,0.9800700492824598,0.9800700492824598,0.0,1.0,0.5338983050847458,0.672316384180791,0.8148959474260679,0.7583892617449665,0.9800700492824598,0.6090395480225989,0.6090395480225989,0.3146067415730337,1.1613636363636364,4.0,broad25_baseload75,rolling,0.25,40,3,0,0.0,0.0,0,0
0.25,160,0.632768361581921,60.0,3.0,0.3375,0.3379032258064516,0.9988066825775658,0.5745743446928625,16.931826021797686,0.9988066825775658,0.9988066825775658,0.0,1.0,0.5932203389830508,0.672316384180791,0.7111111111111111,0.7741935483870968,0.9988066825775658,0.632768361581921,0.632768361581921,0.39772727272727276,1.209090909090909,4.0,broad25_baseload75,rolling,0.25,60,3,0,0.0,0.0,0,0
0.25,156,0.6169491525423729,120.0,3.0,0.358974358974359,0.3379032258064516,1.0623584847928524,0.5745743446928625,25.67520962794648,1.0623584847928524,1.0623584847928524,1.0,1.0,0.5536723163841808,0.692090395480226,0.75,0.7748344370860927,1.0623584847928524,0.6169491525423729,0.6169491525423729,0.19090909090909092,0.9863636363636364,4.0,broad25_baseload75,rolling,0.25,120,3,0,0.0,0.0,0,0
0.3,389,1.538418079096045,20.0,0.0,0.38046272493573263,0.3379032258064516,1.1259517396666074,0.5745743446928625,21.878832563593242,1.1259517396666074,1.1259517396666074,1.0,1.0,1.4830508474576272,1.6016949152542375,0.9710843373493977,0.9010416666666666,1.1259517396666074,1.538418079096045,1.538418079096045,0.8179775280898877,2.7045454545454546,4.0,broad25_baseload75,rolling,0.3,20,0,0,0.0,0.0,0,0
0.3,329,1.301129943502825,40.0,0.0,0.3860182370820669,0.3379032258064516,1.142392873464828,0.5745743446928625,31.347222496731973,1.142392873464828,1.142392873464828,1.0,1.0,1.1864406779661016,1.423728813559322,0.9777777777777777,0.8981481481481481,1.142392873464828,1.301129943502825,1.301129943502825,0.7235955056179775,2.6886363636363635,4.0,broad25_baseload75,rolling,0.3,40,0,0,0.0,0.0,0,0
0.3,354,1.4,60.0,0.0,0.3813559322033898,0.3379032258064516,1.1285951215565713,0.5745743446928625,30.311358907119498,1.1285951215565713,1.1285951215565713,1.0,1.0,1.2457627118644068,1.5423728813559323,0.9583333333333334,0.8997134670487106,1.1285951215565713,1.4,1.4,0.8113636363636363,2.7204545454545457,4.0,broad25_baseload75,rolling,0.3,60,0,0,0.0,0.0,0,0
0.3,358,1.415819209039548,120.0,0.0,0.40502793296089384,0.3379032258064516,1.198650684657538,0.5745743446928625,38.804552415426954,1.198650684657538,1.198650684657538,1.0,1.0,1.3248587570621468,1.4830508474576272,0.9904761904761905,0.9036827195467422,1.198650684657538,1.415819209039548,1.415819209039548,0.30227272727272725,2.32808988764045,4.0,broad25_baseload75,rolling,0.3,120,0,0,0.0,0.0,0,0
0.3,299,1.1824858757062147,250.0,0.0,0.42474916387959866,0.3379032258064516,1.2570142320064495,0.5745743446928625,49.233234937395615,1.2570142320064495,1.2570142320064495,1.0,1.0,1.0282485875706215,1.2853107344632768,0.9253731343283582,0.9285714285714286,1.2570142320064495,1.1824858757062147,1.1824858757062147,0.09545454545454546,2.737078651685393,4.0,broad25_baseload75,rolling,0.3,250,0,0,0.0,0.0,0,0
0.3,173,0.684180790960452,40.0,3.0,0.3468208092485549,0.3379032258064516,1.0263909390649357,0.5745743446928625,19.218613192897013,1.0263909390649357,1.0263909390649357,1.0,1.0,0.652542372881356,0.711864406779661,0.8080808080808081,0.7678571428571429,1.0263909390649357,0.684180790960452,0.684180790960452,0.36179775280898874,1.2727272727272727,4.0,broad25_baseload75,rolling,0.3,40,3,0,0.0,0.0,0,0
0.3,185,0.731638418079096,60.0,3.0,0.32972972972972975,0.3379032258064516,0.9758111333290331,0.5745743446928625,19.08190981331873,0.9758111333290331,0.9758111333290331,0.0,1.0,0.652542372881356,0.8107344632768362,0.8080808080808081,0.7777777777777778,0.9758111333290331,0.731638418079096,0.731638418079096,0.525,1.2886363636363636,4.0,broad25_baseload75,rolling,0.3,60,3,0,0.0,0.0,0,0
0.3,176,0.6960451977401131,120.0,3.0,0.3693181818181818,0.3379032258064516,1.0929702755478412,0.5745743446928625,31.123136921935693,1.0929702755478412,1.0929702755478412,1.0,1.0,0.652542372881356,0.7514124293785311,0.8888888888888888,0.7602339181286549,1.0929702755478412,0.6960451977401131,0.6960451977401131,0.23863636363636365,1.05,4.0,broad25_baseload75,rolling,0.3,120,3,0,0.0,0.0,0,0
0.35,433,1.7124293785310734,20.0,0.0,0.3695150115473441,0.3379032258064516,1.093552778803596,0.5745743446928625,18.541010265662518,1.093552778803596,1.093552778803596,1.0,1.0,1.6214689265536724,1.7994350282485876,0.9193697868396664,0.8995327102803738,1.093552778803596,1.7124293785310734,1.7124293785310734,0.9910112359550562,2.8954545454545455,4.0,broad25_baseload75,rolling,0.35,20,0,0,0.0,0.0,0,0
0.35,372,1.4711864406779662,40.0,0.0,0.3817204301075269,0.3379032258064516,1.1296738265712012,0.5745743446928625,28.462208819547236,1.1296738265712012,1.1296738265712012,1.0,1.0,1.384180790960452,1.6016949152542375,0.9959839357429718,0.9019073569482289,1.1296738265712012,1.4711864406779662,1.4711864406779662,0.8808988764044944,2.8636363636363638,4.0,broad25_baseload75,rolling,0.35,40,0,0,0.0,0.0,0,0
0.35,399,1.5779661016949154,60.0,0.0,0.37593984962406013,0.3379032258064516,1.112566619412493,0.5745743446928625,24.93548387159637,1.112566619412493,1.112566619412493,1.0,1.0,1.423728813559322,1.7203389830508475,0.9955555555555556,0.9187817258883249,1.112566619412493,1.5779661016949154,1.5779661016949154,1.065909090909091,2.879545454545455,4.0,broad25_baseload75,rolling,0.35,60,0,0,0.0,0.0,0,0
0.35,420,1.6610169491525424,120.0,0.0,0.3976190476190476,0.3379032258064516,1.1767246277986134,0.5745743446928625,39.010659278314,1.1767246277986134,1.1767246277986134,1.0,1.0,1.6016949152542375,1.7203389830508475,0.9501915708812261,0.9204819277108434,1.1767246277986134,1.6610169491525424,1.6610169491525424,0.5090909090909091,2.5797752808988763,4.0,broad25_baseload75,rolling,0.35,120,0,0,0.0,0.0,0,0
0.35,344,1.3604519774011299,250.0,0.0,0.4127906976744186,0.3379032258064516,1.2216240217572294,0.5745743446928625,44.07430973719979,1.2216240217572294,1.2216240217572294,1.0,1.0,1.2853107344632768,1.4435028248587571,1.0593607305936072,0.9026548672566371,1.2216240217572294,1.3604519774011299,1.3604519774011299,0.22272727272727272,2.9258426966292137,4.0,broad25_baseload75,rolling,0.35,250,0,0,0.0,0.0,0,0
0.35,200,0.7909604519774012,40.0,3.0,0.345,0.3379032258064516,1.0210023866348448,0.5745743446928625,17.027935583996793,1.0210023866348448,1.0210023866348448,1.0,1.0,0.7711864406779662,0.8107344632768362,0.9333333333333332,0.7846153846153846,1.0210023866348448,0.7909604519774012,0.7909604519774012,0.42471910112359557,1.384090909090909,4.0,broad25_baseload75,rolling,0.35,40,3,0,0.0,0.0,0,0
0.35,207,0.8186440677966101,60.0,3.0,0.3285024154589372,0.3379032258064516,0.9721789860837283,0.5745743446928625,13.367691086389984,0.9721789860837283,0.9721789860837283,0.0,1.0,0.731638418079096,0.9096045197740114,0.7521367521367521,0.8267326732673267,0.9721789860837283,0.8186440677966101,0.8186440677966101,0.597752808988764,1.384090909090909,4.0,broad25_baseload75,rolling,0.35,60,3,0,0.0,0.0,0,0
0.35,206,0.8146892655367233,120.0,3.0,0.3737864077669903,0.3379032258064516,1.1061936649906157,0.5745743446928625,34.19304747187592,1.1061936649906157,1.1061936649906157,1.0,1.0,0.7711864406779662,0.8502824858757062,0.868217054263566,0.7810945273631841,1.1061936649906157,0.8146892655367233,0.8146892655367233,0.38181818181818183,1.1295454545454544,4.0,broad25_baseload75,rolling,0.35,120,3,0,0.0,0.0,0,0
,255,1.0084745762711864,,,0.30196078431372547,0.3379032258064516,0.8936309607375169,0.5745743446928625,17.21207444499579,0.8936309607375169,,,,1.0084745762711864,1.0084745762711864,0.8288770053475936,0.688,0.8936309607375169,1.0084745762711864,1.0084745762711864,1.0224719101123596,1.05,,broad25_baseload75,weekly,0.0,0,0,10,0.75,0.0,3,1
,382,1.5107344632768362,,,0.3010471204188482,0.3379032258064516,0.8909270389483813,0.5745743446928625,20.034586153701195,0.8909270389483813,,,,1.4039548022598871,1.5819209039548023,0.8177777777777777,0.8673740053050398,0.8909270389483813,1.5107344632768362,1.5107344632768362,1.3528089887640449,1.8613636363636363,,broad25_baseload75,weekly,0.0,0,0,10,0.75,0.0,3,2
,255,1.0084745762711864,,,0.3058823529411765,0.3379032258064516,0.905236557630212,0.5745743446928625,17.489395311035945,0.905236557630212,,,,1.0084745762711864,1.0084745762711864,0.8288770053475936,0.708,0.905236557630212,1.0084745762711864,1.0084745762711864,1.0224719101123596,1.05,,broad25_baseload75,weekly,0.0,0,0,10,0.75,0.0,4,1
,381,1.5067796610169493,,,0.3123359580052493,0.3379032258064516,0.9243355320441746,0.5745743446928625,15.966413366001591,0.9243355320441746,,,,1.4039548022598871,1.5819209039548023,0.8537005163511188,0.8563829787234043,0.9243355320441746,1.5067796610169493,1.5067796610169493,1.3528089887640449,1.8613636363636363,,broad25_baseload75,weekly,0.0,0,0,10,0.75,0.0,4,2
,234,0.9254237288135593,,,0.2905982905982906,0.3379032258064516,0.860004487689452,0.5745743446928625,8.995555615171108,0.860004487689452,,,,0.8898305084745763,0.9491525423728814,0.7628813124839785,0.5938864628820961,0.860004487689452,0.9254237288135593,0.9254237288135593,0.8337078651685393,1.0181818181818183,,broad25_baseload75,weekly,0.0,0,0,10,0.75,0.3,3,1
,355,1.4039548022598871,,,0.30704225352112674,0.3379032258064516,0.908669198964671,0.5745743446928625,12.99278663370131,0.908669198964671,,,,1.3248587570621468,1.4435028248587571,0.7776860868130054,0.7885714285714286,0.908669198964671,1.4039548022598871,1.4039548022598871,1.1325842696629214,1.8454545454545455,,broad25_baseload75,weekly,0.0,0,0,10,0.75,0.3,3,2
,231,0.9135593220338984,,,0.30735930735930733,0.3379032258064516,0.9096074967196686,0.5745743446928625,18.533198610416978,0.9096074967196686,,,,0.8898305084745763,0.9491525423728814,0.7967871485943775,0.6194690265486725,0.9096074967196686,0.9135593220338984,0.9135593220338984,0.8337078651685393,1.0181818181818183,,broad25_baseload75,weekly,0.0,0,0,10,0.75,0.3,4,1
,351,1.3881355932203392,,,0.3190883190883191,0.3379032258064516,0.944318653149202,0.5745743446928625,18.74003229705807,0.944318653149202,,,,1.3248587570621468,1.4435028248587571,0.8110154905335628,0.7976878612716763,0.944318653149202,1.3881355932203392,1.3881355932203392,1.1325842696629214,1.8454545454545455,,broad25_baseload75,weekly,0.0,0,0,10,0.75,0.3,4,2
,211,0.8344632768361583,,,0.3080568720379147,0.3379032258064516,0.9116718886086259,0.5745743446928625,15.409219424214454,0.9116718886086259,,,,0.8107344632768362,0.8700564971751413,0.7825588066551923,0.5679611650485437,0.9116718886086259,0.8344632768361583,0.8344632768361583,0.7393258426966293,1.0181818181818183,,broad25_baseload75,weekly,0.0,0,0,10,0.75,0.5,3,1
,329,1.301129943502825,,,0.3221884498480243,0.3379032258064516,0.9534932644667068,0.5745743446928625,17.820930143340874,0.9534932644667068,,,,1.2457627118644068,1.364406779661017,0.7909284195605953,0.7777777777777778,0.9534932644667068,1.301129943502825,1.301129943502825,1.0382022471910113,1.8295454545454546,,broad25_baseload75,weekly,0.0,0,0,10,0.75,0.5,3,2
,209,0.8265536723163841,,,0.3157894736842105,0.3379032258064516,0.9345559603064941,0.5745743446928625,20.265492178139095,0.9345559603064941,,,,0.8107344632768362,0.8700564971751413,0.8016456068175141,0.5882352941176471,0.9345559603064941,0.8265536723163841,0.8265536723163841,0.7393258426966293,1.0181818181818183,,broad25_baseload75,weekly,0.0,0,0,10,0.75,0.5,4,1
,326,1.289265536723164,,,0.32515337423312884,0.3379032258064516,0.9622677423605722,0.5745743446928625,20.521784563167458,0.9622677423605722,,,,1.2457627118644068,1.364406779661017,0.8148959474260679,0.7881619937694704,0.9622677423605722,1.289265536723164,1.289265536723164,1.0382022471910113,1.8295454545454546,,broad25_baseload75,weekly,0.0,0,0,10,0.75,0.5,4,2
,172,0.6802259887005649,,,0.313953488372093,0.3379032258064516,0.9291224954209913,0.5745743446928625,25.917361678428104,0.9291224954209913,,,,0.652542372881356,0.711864406779661,0.8080808080808081,0.5568862275449101,0.9291224954209913,0.6802259887005649,0.6802259887005649,0.550561797752809,0.9068181818181819,,broad25_baseload75,weekly,0.0,0,0,10,0.75,0.65,3,1
,285,1.1271186440677967,,,0.3192982456140351,0.3379032258064516,0.9449399154210107,0.5745743446928625,23.084073169038415,0.9449399154210107,,,,1.0677966101694916,1.1666666666666667,0.810292015519706,0.7857142857142857,0.9449399154210107,1.1271186440677967,1.1271186440677967,0.802247191011236,1.6863636363636363,,broad25_baseload75,weekly,0.0,0,0,10,0.75,0.65,3,2
,170,0.672316384180791,,,0.31176470588235294,0.3379032258064516,0.9226449529692545,0.5745743446928625,25.27226599434324,0.9226449529692545,,,,0.652542372881356,0.692090395480226,0.8080808080808081,0.5515151515151515,0.9226449529692545,0.672316384180791,0.672316384180791,0.5348314606741573,0.9068181818181819,,broad25_baseload75,weekly,0.0,0,0,10,0.75,0.65,4,1
,282,1.1152542372881356,,,0.3191489361702128,0.3379032258064516,0.9444980449906059,0.5745743446928625,22.8775854595297,0.9444980449906059,,,,1.0480225988700564,1.1468926553672316,0.824262567511425,0.7833935018050542,0.9444980449906059,1.1152542372881356,1.1152542372881356,0.7865168539325843,1.6863636363636363,,broad25_baseload75,weekly,0.0,0,0,10,0.75,0.65,4,2
,255,1.0084745762711864,,,0.30980392156862746,0.3379032258064516,0.9168421545229071,0.5745743446928625,17.103690501414487,0.9168421545229071,,,,1.0084745762711864,1.0084745762711864,0.8288770053475936,0.688,0.9168421545229071,1.0084745762711864,1.0084745762711864,1.0224719101123596,1.05,,broad25_baseload75,weekly,0.0,0,0,10,0.8,0.0,3,1
,382,1.5107344632768362,,,0.3089005235602094,0.3379032258064516,0.9141686138774694,0.5745743446928625,19.967487783893834,0.9141686138774694,,,,1.4039548022598871,1.5819209039548023,0.8427556379363609,0.8673740053050398,0.9141686138774694,1.5107344632768362,1.5107344632768362,1.3528089887640449,1.8613636363636363,,broad25_baseload75,weekly,0.0,0,0,10,0.8,0.0,3,2
,255,1.0084745762711864,,,0.3137254901960784,0.3379032258064516,0.9284477514156021,0.5745743446928625,17.38101136745464,0.9284477514156021,,,,1.0084745762711864,1.0084745762711864,0.8288770053475936,0.708,0.9284477514156021,1.0084745762711864,1.0084745762711864,1.0224719101123596,1.05,,broad25_baseload75,weekly,0.0,0,0,10,0.8,0.0,4,1
,381,1.5067796610169493,,,0.31496062992125984,0.3379032258064516,0.9321030575235375,0.5745743446928625,15.76969299054476,0.9321030575235375,,,,1.4039548022598871,1.5819209039548023,0.8537005163511188,0.8563829787234043,0.9321030575235375,1.5067796610169493,1.5067796610169493,1.3528089887640449,1.8613636363636363,,broad25_baseload75,weekly,0.0,0,0,10,0.8,0.0,4,2
,234,0.9254237288135593,,,0.29914529914529914,0.3379032258064516,0.885298737327377,0.5745743446928625,8.877444907422255,0.885298737327377,,,,0.8898305084745763,0.9491525423728814,0.7628813124839785,0.5938864628820961,0.885298737327377,0.9254237288135593,0.9254237288135593,0.8337078651685393,1.0181818181818183,,broad25_baseload75,weekly,0.0,0,0,10,0.8,0.3,3,1
,355,1.4039548022598871,,,0.30985915492957744,0.3379032258064516,0.9170056136340717,0.5745743446928625,12.781658568774404,0.9170056136340717,,,,1.3248587570621468,1.4435028248587571,0.7776860868130054,0.7885714285714286,0.9170056136340717,1.4039548022598871,1.4039548022598871,1.1325842696629214,1.8454545454545455,,broad25_baseload75,weekly,0.0,0,0,10,0.8,0.3,3,2
,231,0.9135593220338984,,,0.31601731601731603,0.3379032258064516,0.9352302431061381,0.5745743446928625,18.413553997372684,0.9352302431061381,,,,0.8898305084745763,0.9491525423728814,0.7967871485943775,0.6194690265486725,0.9352302431061381,0.9135593220338984,0.9135593220338984,0.8337078651685393,1.0181818181818183,,broad25_baseload75,weekly,0.0,0,0,10,0.8,0.3,4,1
,351,1.3881355932203392,,,0.32193732193732194,0.3379032258064516,0.9527500696951772,0.5745743446928625,18.526498214297234,0.9527500696951772,,,,1.3248587570621468,1.4435028248587571,0.8110154905335628,0.7976878612716763,0.9527500696951772,1.3881355932203392,1.3881355932203392,1.1325842696629214,1.8454545454545455,,broad25_baseload75,weekly,0.0,0,0,10,0.8,0.3,4,2
,211,0.8344632768361583,,,0.3175355450236967,0.3379032258064516,0.9397233313350452,0.5745743446928625,15.278234089554587,0.9397233313350452,,,,0.8107344632768362,0.8700564971751413,0.7825588066551923,0.5679611650485437,0.9397233313350452,0.8344632768361583,0.8344632768361583,0.7393258426966293,1.0181818181818183,,broad25_baseload75,weekly,0.0,0,0,10,0.8,0.5,3,1
,329,1.301129943502825,,,0.3252279635258359,0.3379032258064516,0.962488483942808,0.5745743446928625,17.593117185744966,0.962488483942808,,,,1.2457627118644068,1.364406779661017,0.7909284195605953,0.7777777777777778,0.962488483942808,1.301129943502825,1.301129943502825,1.0382022471910113,1.8295454545454546,,broad25_baseload75,weekly,0.0,0,0,10,0.8,0.5,3,2
,209,0.8265536723163841,,,0.3253588516746411,0.3379032258064516,0.9628758378915394,0.5745743446928625,20.133253395300667,0.9628758378915394,,,,0.8107344632768362,0.8700564971751413,0.8016456068175141,0.5882352941176471,0.9628758378915394,0.8265536723163841,0.8265536723163841,0.7393258426966293,1.0181818181818183,,broad25_baseload75,weekly,0.0,0,0,10,0.8,0.5,4,1
,326,1.289265536723164,,,0.3282208588957055,0.3379032258064516,0.9713457399300116,0.5745743446928625,20.291875167311467,0.9713457399300116,,,,1.2457627118644068,1.364406779661017,0.8148959474260679,0.7881619937694704,0.9713457399300116,1.289265536723164,1.289265536723164,1.0382022471910113,1.8295454545454546,,broad25_baseload75,weekly,0.0,0,0,10,0.8,0.5,4,2
,172,0.6802259887005649,,,0.32558139534883723,0.3379032258064516,0.963534439695843,0.5745743446928625,25.756676180676752,0.963534439695843,,,,0.652542372881356,0.711864406779661,0.8148959474260679,0.5568862275449101,0.963534439695843,0.6802259887005649,0.6802259887005649,0.550561797752809,0.9068181818181819,,broad25_baseload75,weekly,0.0,0,0,10,0.8,0.65,3,1
,285,1.1271186440677967,,,0.32280701754385965,0.3379032258064516,0.9553238705355274,0.5745743446928625,22.82108908816455,0.9553238705355274,,,,1.0677966101694916,1.1666666666666667,0.810292015519706,0.7857142857142857,0.9553238705355274,1.1271186440677967,1.1271186440677967,0.802247191011236,1.6863636363636363,,broad25_baseload75,weekly,0.0,0,0,10,0.8,0.65,3,2
,170,0.672316384180791,,,0.3235294117647059,0.3379032258064516,0.9574617436473397,0.5745743446928625,25.10969007897129,0.9574617436473397,,,,0.652542372881356,0.692090395480226,0.8148959474260679,0.5515151515151515,0.9574617436473397,0.672316384180791,0.672316384180791,0.5348314606741573,0.9068181818181819,,broad25_baseload75,weekly,0.0,0,0,10,0.8,0.65,4,1
,282,1.1152542372881356,,,0.32269503546099293,0.3379032258064516,0.9549924677127237,0.5745743446928625,22.61180367566781,0.9549924677127237,,,,1.0480225988700564,1.1468926553672316,0.824262567511425,0.7833935018050542,0.9549924677127237,1.1152542372881356,1.1152542372881356,0.7865168539325843,1.6863636363636363,,broad25_baseload75,weekly,0.0,0,0,10,0.8,0.65,4,2
,255,1.0084745762711864,,,0.2823529411764706,0.3379032258064516,0.8356029762740419,0.5745743446928625,9.562237706613681,0.8356029762740419,,,,1.0084745762711864,1.0084745762711864,0.7183600713012477,0.748,0.8356029762740419,1.0084745762711864,1.0084745762711864,1.0224719101123596,1.05,,broad25_baseload75,weekly,0.0,0,0,10,0.85,0.0,3,1
,356,1.407909604519774,,,0.29775280898876405,0.3379032258064516,0.88117776407176,0.5745743446928625,17.439713902484506,0.88117776407176,,,,1.364406779661017,1.4435028248587571,0.8416765654165961,0.8689458689458689,0.88117776407176,1.407909604519774,1.407909604519774,1.240909090909091,1.8136363636363637,,broad25_baseload75,weekly,0.0,0,0,10,0.85,0.0,3,2
,252,0.9966101694915255,,,0.30158730158730157,0.3379032258064516,0.8925256657953555,0.5745743446928625,13.617304276842546,0.8925256657953555,,,,0.9887005649717514,1.0084745762711864,0.7890909090909092,0.7368421052631579,0.8925256657953555,0.9966101694915255,0.9966101694915255,0.9863636363636364,1.05,,broad25_baseload75,weekly,0.0,0,0,10,0.85,0.0,4,1
,348,1.3762711864406778,,,0.3160919540229885,0.3379032258064516,0.935451128850849,0.5745743446928625,16.056034580726166,0.935451128850849,,,,1.3248587570621468,1.4039548022598871,0.8963855421686747,0.8483965014577259,0.935451128850849,1.3762711864406778,1.3762711864406778,1.1931818181818181,1.7659090909090909,,broad25_baseload75,weekly,0.0,0,0,10,0.85,0.0,4,2
,232,0.9175141242937853,,,0.27155172413793105,0.3379032258064516,0.8036375606945931,0.5745743446928625,2.672670371755947,0.8036375606945931,,,,0.8700564971751413,0.9491525423728814,0.6940298507462687,0.6167400881057269,0.8036375606945931,0.9175141242937853,0.9175141242937853,0.802247191011236,1.0181818181818183,,broad25_baseload75,weekly,0.0,0,0,10,0.85,0.3,3,1
,329,1.301129943502825,,,0.2978723404255319,0.3379032258064516,0.8815315086578988,0.5745743446928625,8.779893958048445,0.8815315086578988,,,,1.2853107344632768,1.3248587570621468,0.7581370257147996,0.7654320987654321,0.8815315086578988,1.301129943502825,1.301129943502825,1.006741573033708,1.7659090909090909,,broad25_baseload75,weekly,0.0,0,0,10,0.85,0.3,3,2
,226,0.8937853107344633,,,0.29646017699115046,0.3379032258064516,0.8773523137685598,0.5745743446928625,18.27949522450292,0.8773523137685598,,,,0.8502824858757062,0.9491525423728814,0.7711442786069652,0.6289592760180995,0.8773523137685598,0.8937853107344633,0.8937853107344633,0.802247191011236,1.0181818181818183,,broad25_baseload75,weekly,0.0,0,0,10,0.85,0.3,4,1
,319,1.2615819209039547,,,0.3166144200626959,0.3379032258064516,0.9369973290638256,0.5745743446928625,19.73103023785785,0.9369973290638256,,,,1.2457627118644068,1.265536723163842,0.8403614457831325,0.7643312101910829,0.9369973290638256,1.2615819209039547,1.2615819209039547,1.006741573033708,1.75,,broad25_baseload75,weekly,0.0,0,0,10,0.85,0.3,4,2
,209,0.8265536723163841,,,0.28708133971291866,0.3379032258064516,0.8495963275513584,0.5745743446928625,11.356257881522016,0.8495963275513584,,,,0.8107344632768362,0.8502824858757062,0.7825588066551923,0.5833333333333334,0.8495963275513584,0.8265536723163841,0.8265536723163841,0.7078651685393259,1.0181818181818183,,broad25_baseload75,weekly,0.0,0,0,10,0.85,0.5,3,1
,302,1.1943502824858758,,,0.31788079470198677,0.3379032258064516,0.9407450726264048,0.5745743446928625,16.54850621041288,0.9407450726264048,,,,1.1271186440677967,1.225988700564972,0.8192771084337349,0.7441077441077442,0.9407450726264048,1.1943502824858758,1.1943502824858758,0.9123595505617977,1.7340909090909091,,broad25_baseload75,weekly,0.0,0,0,10,0.85,0.5,3,2
,203,0.8028248587570622,,,0.3054187192118227,0.3379032258064516,0.9038644673571841,0.5745743446928625,20.316088129953677,0.9038644673571841,,,,0.7909604519774012,0.8305084745762712,0.8016456068175141,0.5909090909090909,0.9038644673571841,0.8028248587570622,0.8028248587570622,0.7078651685393259,1.0181818181818183,,broad25_baseload75,weekly,0.0,0,0,10,0.85,0.5,4,1
,294,1.1627118644067798,,,0.32653061224489793,0.3379032258064516,0.966343578003994,0.5745743446928625,22.065911021911784,0.966343578003994,,,,1.0677966101694916,1.2062146892655368,0.8465863453815261,0.7474048442906575,0.966343578003994,1.1627118644067798,1.1627118644067798,0.9123595505617977,1.7340909090909091,,broad25_baseload75,weekly,0.0,0,0,10,0.85,0.5,4,2
,166,0.6564971751412431,,,0.2891566265060241,0.3379032258064516,0.8557379877505248,0.5745743446928625,22.04373559037201,0.8557379877505248,,,,0.632768361581921,0.692090395480226,0.7402985074626867,0.5527950310559007,0.8557379877505248,0.6564971751412431,0.6564971751412431,0.5191011235955056,0.9068181818181819,,broad25_baseload75,weekly,0.0,0,0,10,0.85,0.65,3,1
,255,1.0084745762711864,,,0.3176470588235294,0.3379032258064516,0.940053348308297,0.5745743446928625,23.189236449332572,0.940053348308297,,,,0.9887005649717514,1.0282485875706215,0.8619091751621872,0.74,0.940053348308297,1.0084745762711864,1.0084745762711864,0.6921348314606742,1.590909090909091,,broad25_baseload75,weekly,0.0,0,0,10,0.85,0.65,3,2
,160,0.632768361581921,,,0.29375,0.3379032258064516,0.8693317422434368,0.5745743446928625,22.506443947098038,0.8693317422434368,,,,0.612994350282486,0.672316384180791,0.6532045654082529,0.535483870967742,0.8693317422434368,0.632768361581921,0.632768361581921,0.503370786516854,0.9068181818181819,,broad25_baseload75,weekly,0.0,0,0,10,0.85,0.65,4,1
,247,0.9768361581920904,,,0.31983805668016196,0.3379032258064516,0.9465374469770903,0.5745743446928625,23.115027934367973,0.9465374469770903,,,,0.9491525423728814,1.0084745762711864,0.8482587064676617,0.731404958677686,0.9465374469770903,0.9768361581920904,0.9768361581920904,0.6764044943820224,1.590909090909091,,broad25_baseload75,weekly,0.0,0,0,10,0.85,0.65,4,2
,255,1.0084745762711864,,,0.2901960784313726,0.3379032258064516,0.858814170059432,0.5745743446928625,9.859778524833514,0.858814170059432,,,,1.0084745762711864,1.0084745762711864,0.7736185383244207,0.748,0.858814170059432,1.0084745762711864,1.0084745762711864,1.0224719101123596,1.05,,broad25_baseload75,weekly,0.0,0,0,10,0.9,0.0,3,1
,355,1.4039548022598871,,,0.30140845070422534,0.3379032258064516,0.8919963696258698,0.5745743446928625,17.47657211210865,0.8919963696258698,,,,1.364406779661017,1.4435028248587571,0.8493150684931506,0.8685714285714285,0.8919963696258698,1.4039548022598871,1.4039548022598871,1.240909090909091,1.8136363636363637,,broad25_baseload75,weekly,0.0,0,0,10,0.9,0.0,3,2
,252,0.9966101694915255,,,0.30952380952380953,0.3379032258064516,0.916013183316286,0.5745743446928625,13.918387247660233,0.916013183316286,,,,0.9887005649717514,1.0084745762711864,0.8454545454545453,0.7368421052631579,0.916013183316286,0.9966101694915255,0.9966101694915255,0.9863636363636364,1.05,,broad25_baseload75,weekly,0.0,0,0,10,0.9,0.0,4,1
,348,1.3762711864406778,,,0.31896551724137934,0.3379032258064516,0.9439552300222205,0.5745743446928625,15.93621028218484,0.9439552300222205,,,,1.3248587570621468,1.4039548022598871,0.8963855421686747,0.8483965014577259,0.9439552300222205,1.3762711864406778,1.3762711864406778,1.1931818181818181,1.7659090909090909,,broad25_baseload75,weekly,0.0,0,0,10,0.9,0.0,4,2
,232,0.9175141242937853,,,0.2801724137931034,0.3379032258064516,0.8291498642087071,0.5745743446928625,2.9997087710924033,0.8291498642087071,,,,0.8700564971751413,0.9491525423728814,0.6940298507462687,0.6167400881057269,0.8291498642087071,0.9175141242937853,0.9175141242937853,0.802247191011236,1.0181818181818183,,broad25_baseload75,weekly,0.0,0,0,10,0.9,0.3,3,1
,328,1.2971751412429378,,,0.3018292682926829,0.3379032258064516,0.8932417486466034,0.5745743446928625,8.793384337536658,0.8932417486466034,,,,1.2853107344632768,1.305084745762712,0.769623950346842,0.7647058823529411,0.8932417486466034,1.2971751412429378,1.2971751412429378,1.006741573033708,1.7659090909090909,,broad25_baseload75,weekly,0.0,0,0,10,0.9,0.3,3,2
,226,0.8937853107344633,,,0.3053097345132743,0.3379032258064516,0.903541935075084,0.5745743446928625,18.61521605921999,0.903541935075084,,,,0.8502824858757062,0.9491525423728814,0.7711442786069652,0.6289592760180995,0.903541935075084,0.8937853107344633,0.8937853107344633,0.802247191011236,1.0181818181818183,,broad25_baseload75,weekly,0.0,0,0,10,0.9,0.3,4,1
,319,1.2615819209039547,,,0.31974921630094044,0.3379032258064516,0.9462745303416854,0.5745743446928625,19.60031282126732,0.9462745303416854,,,,1.2457627118644068,1.265536723163842,0.8403614457831325,0.7643312101910829,0.9462745303416854,1.2615819209039547,1.2615819209039547,1.006741573033708,1.75,,broad25_baseload75,weekly,0.0,0,0,10,0.9,0.3,4,2
,209,0.8265536723163841,,,0.2966507177033493,0.3379032258064516,0.8779162051364036,0.5745743446928625,11.719286152555785,0.8779162051364036,,,,0.8107344632768362,0.8502824858757062,0.7931769722814499,0.5833333333333334,0.8779162051364036,0.8265536723163841,0.8265536723163841,0.7078651685393259,1.0181818181818183,,broad25_baseload75,weekly,0.0,0,0,10,0.9,0.5,3,1
,301,1.1903954802259888,,,0.3222591362126246,0.3379032258064516,0.9537024556173138,0.5745743446928625,16.58901603341786,0.9537024556173138,,,,1.1271186440677967,1.225988700564972,0.8327078807031404,0.7432432432432432,0.9537024556173138,1.1903954802259888,1.1903954802259888,0.9123595505617977,1.7340909090909091,,broad25_baseload75,weekly,0.0,0,0,10,0.9,0.5,3,2
,203,0.8028248587570622,,,0.31527093596059114,0.3379032258064516,0.9330213856590287,0.5745743446928625,20.689846300623913,0.9330213856590287,,,,0.7909604519774012,0.8305084745762712,0.8328358208955224,0.5909090909090909,0.9330213856590287,0.8028248587570622,0.8028248587570622,0.7078651685393259,1.0181818181818183,,broad25_baseload75,weekly,0.0,0,0,10,0.9,0.5,4,1
,294,1.1627118644067798,,,0.3299319727891156,0.3379032258064516,0.9764096569415356,0.5745743446928625,21.92407817874042,0.9764096569415356,,,,1.0677966101694916,1.2062146892655368,0.8465863453815261,0.7474048442906575,0.9764096569415356,1.1627118644067798,1.1627118644067798,0.9123595505617977,1.7340909090909091,,broad25_baseload75,weekly,0.0,0,0,10,0.9,0.5,4,2
,166,0.6564971751412431,,,0.30120481927710846,0.3379032258064516,0.89139373724013,0.5745743446928625,22.5008013051073,0.89139373724013,,,,0.632768361581921,0.692090395480226,0.7402985074626867,0.5527950310559007,0.89139373724013,0.6564971751412431,0.6564971751412431,0.5191011235955056,0.9068181818181819,,broad25_baseload75,weekly,0.0,0,0,10,0.9,0.65,3,1
,254,1.0045197740112994,,,0.3228346456692913,0.3379032258064516,0.9554056339616259,0.5745743446928625,23.263386791708232,0.9554056339616259,,,,0.9887005649717514,1.0282485875706215,0.8788093550673283,0.7389558232931727,0.9554056339616259,1.0045197740112994,1.0045197740112994,0.6921348314606742,1.590909090909091,,broad25_baseload75,weekly,0.0,0,0,10,0.9,0.65,3,2
,160,0.632768361581921,,,0.30625,0.3379032258064516,0.9063245823389022,0.5745743446928625,22.980649626135897,0.9063245823389022,,,,0.612994350282486,0.672316384180791,0.6532045654082529,0.535483870967742,0.9063245823389022,0.632768361581921,0.632768361581921,0.503370786516854,0.9068181818181819,,broad25_baseload75,weekly,0.0,0,0,10,0.9,0.65,4,1
,247,0.9768361581920904,,,0.32388663967611336,0.3379032258064516,0.9585189336476864,0.5745743446928625,22.946206655451444,0.9585189336476864,,,,0.9491525423728814,1.0084745762711864,0.8482587064676617,0.731404958677686,0.9585189336476864,0.9768361581920904,0.9768361581920904,0.6764044943820224,1.590909090909091,,broad25_baseload75,weekly,0.0,0,0,10,0.9,0.65,4,2
,255,1.0084745762711864,,,0.2823529411764706,0.3379032258064516,0.8356029762740419,0.5745743446928625,6.1694445154907065,0.8356029762740419,,,,1.0084745762711864,1.0084745762711864,0.7736185383244207,0.776,0.8356029762740419,1.0084745762711864,1.0084745762711864,1.0224719101123596,1.05,,broad25_baseload75,weekly,0.0,0,0,20,0.75,0.0,3,1
,366,1.4474576271186441,,,0.2923497267759563,0.3379032258064516,0.8651877355660759,0.5745743446928625,11.609216945992955,0.8651877355660759,,,,1.4039548022598871,1.5225988700564972,0.8036529680365296,0.889196675900277,0.8651877355660759,1.4474576271186441,1.4474576271186441,1.148314606741573,1.8772727272727274,,broad25_baseload75,weekly,0.0,0,0,20,0.75,0.0,3,2
,251,0.9926553672316385,,,0.29880478087649404,0.3379032258064516,0.8842909982979776,0.5745743446928625,4.736690352166741,0.8842909982979776,,,,0.9887005649717514,1.0084745762711864,0.7890909090909092,0.7682926829268293,0.8842909982979776,0.9926553672316385,0.9926553672316385,0.9704545454545455,1.05,,broad25_baseload75,weekly,0.0,0,0,20,0.75,0.0,4,1
,360,1.423728813559322,,,0.3111111111111111,0.3379032258064516,0.9207106868204721,0.5745743446928625,7.176487606041292,0.9207106868204721,,,,1.4039548022598871,1.4830508474576272,0.8611111111111112,0.8788732394366198,0.9207106868204721,1.423728813559322,1.423728813559322,1.1325842696629214,1.8772727272727274,,broad25_baseload75,weekly,0.0,0,0,20,0.75,0.0,4,2
,218,0.8621468926553673,,,0.2981651376146789,0.3379032258064516,0.88239802062578,0.5745743446928625,4.364391095044858,0.88239802062578,,,,0.8305084745762712,0.9096045197740114,0.7794656888423258,0.6291079812206573,0.88239802062578,0.8621468926553673,0.8621468926553673,0.755056179775281,1.0181818181818183,,broad25_baseload75,weekly,0.0,0,0,20,0.75,0.3,3,1
,327,1.293220338983051,,,0.3149847094801223,0.3379032258064516,0.932174319225183,0.5745743446928625,7.810373127702678,0.932174319225183,,,,1.2457627118644068,1.4039548022598871,0.8416765654165961,0.7919254658385093,0.932174319225183,1.293220338983051,1.293220338983051,0.8808988764044944,1.8613636363636363,,broad25_baseload75,weekly,0.0,0,0,20,0.75,0.3,3,2
,208,0.8225988700564972,,,0.3125,0.3379032258064516,0.9248210023866349,0.5745743446928625,9.591965774806646,0.9248210023866349,,,,0.7711864406779662,0.8700564971751413,0.8148959474260679,0.6403940886699507,0.9248210023866349,0.8225988700564972,0.8225988700564972,0.6921348314606742,1.0181818181818183,,broad25_baseload75,weekly,0.0,0,0,20,0.75,0.3,4,1
,315,1.2457627118644068,,,0.3238095238095238,0.3379032258064516,0.9582907148539608,0.5745743446928625,12.579492194220371,0.9582907148539608,,,,1.1864406779661016,1.344632768361582,0.8788093550673283,0.7935483870967742,0.9582907148539608,1.2457627118644068,1.2457627118644068,0.802247191011236,1.8613636363636363,,broad25_baseload75,weekly,0.0,0,0,20,0.75,0.3,4,2
,195,0.7711864406779662,,,0.3128205128205128,0.3379032258064516,0.9257695367480571,0.5745743446928625,13.274700279824678,0.9257695367480571,,,,0.731638418079096,0.8107344632768362,0.7719298245614036,0.6105263157894737,0.9257695367480571,0.7711864406779662,0.7711864406779662,0.597752808988764,1.0022727272727272,,broad25_baseload75,weekly,0.0,0,0,20,0.75,0.5,3,1
,301,1.1903954802259888,,,0.3222591362126246,0.3379032258064516,0.9537024556173138,0.5745743446928625,14.927726104646121,0.9537024556173138,,,,1.1468926553672316,1.265536723163842,0.8135593220338984,0.7837837837837838,0.9537024556173138,1.1903954802259888,1.1903954802259888,0.7078651685393259,1.8136363636363637,,broad25_baseload75,weekly,0.0,0,0,20,0.75,0.5,3,2
,186,0.7355932203389831,,,0.3118279569892473,0.3379032258064516,0.922832140015911,0.5745743446928625,13.999149453611055,0.922832140015911,,,,0.711864406779661,0.7711864406779662,0.7661414890330552,0.6022099447513812,0.922832140015911,0.7355932203389831,0.7355932203389831,0.5348314606741573,1.0022727272727272,,broad25_baseload75,weekly,0.0,0,0,20,0.75,0.5,4,1
,289,1.1429378531073446,,,0.32525951557093424,0.3379032258064516,0.9625818599235286,0.5745743446928625,17.45493906918507,0.9625818599235286,,,,1.1073446327683616,1.225988700564972,0.8571428571428572,0.7816901408450704,0.9625818599235286,1.1429378531073446,1.1429378531073446,0.6292134831460674,1.7977272727272728,,broad25_baseload75,weekly,0.0,0,0,20,0.75,0.5,4,2
,151,0.5971751412429379,,,0.2847682119205298,0.3379032258064516,0.842750794227821,0.5745743446928625,6.708222767556526,0.842750794227821,,,,0.5536723163841808,0.632768361581921,0.6536144578313253,0.6164383561643836,0.842750794227821,0.5971751412429379,0.5971751412429379,0.26741573033707866,0.8909090909090909,,broad25_baseload75,weekly,0.0,0,0,20,0.75,0.65,3,1
,254,1.0045197740112994,,,0.30708661417322836,0.3379032258064516,0.9088004810854491,0.5745743446928625,10.954046438113789,0.9088004810854491,,,,0.9293785310734464,1.0875706214689267,0.7999999999999999,0.8072289156626506,0.9088004810854491,1.0045197740112994,1.0045197740112994,0.36179775280898874,1.6704545454545454,,broad25_baseload75,weekly,0.0,0,0,20,0.75,0.65,3,2
,147,0.5813559322033899,,,0.2857142857142857,0.3379032258064516,0.8455506307534947,0.5745743446928625,4.467391935601285,0.8455506307534947,,,,0.5338983050847458,0.612994350282486,0.674698795180723,0.6126760563380281,0.8455506307534947,0.5813559322033899,0.5813559322033899,0.251685393258427,0.8909090909090909,,broad25_baseload75,weekly,0.0,0,0,20,0.75,0.65,4,1
,248,0.9807909604519774,,,0.31048387096774194,0.3379032258064516,0.9188544152744631,0.5745743446928625,11.120775765932724,0.9188544152744631,,,,0.9096045197740114,1.0480225988700564,0.8163265306122449,0.8065843621399177,0.9188544152744631,0.9807909604519774,0.9807909604519774,0.33033707865168543,1.6704545454545454,,broad25_baseload75,weekly,0.0,0,0,20,0.75,0.65,4,2
,255,1.0084745762711864,,,0.28627450980392155,0.3379032258064516,0.8472085731667368,0.5745743446928625,5.424827290392916,0.8472085731667368,,,,1.0084745762711864,1.0084745762711864,0.7736185383244207,0.784,0.8472085731667368,1.0084745762711864,1.0084745762711864,1.0224719101123596,1.05,,broad25_baseload75,weekly,0.0,0,0,20,0.8,0.0,3,1
,358,1.415819209039548,,,0.2988826815642458,0.3379032258064516,0.8845215397128038,0.5745743446928625,13.441019557743832,0.8845215397128038,,,,1.364406779661017,1.4830508474576272,0.8493150684931506,0.9036827195467422,0.8845215397128038,1.415819209039548,1.415819209039548,1.101123595505618,1.8613636363636363,,broad25_baseload75,weekly,0.0,0,0,20,0.8,0.0,3,2
,251,0.9926553672316385,,,0.30677290836653387,0.3379032258064516,0.9078720915859236,0.5745743446928625,5.349238741102391,0.9078720915859236,,,,0.9887005649717514,1.0084745762711864,0.7890909090909092,0.7764227642276422,0.9078720915859236,0.9926553672316385,0.9926553672316385,0.9704545454545455,1.05,,broad25_baseload75,weekly,0.0,0,0,20,0.8,0.0,4,1
,353,1.396045197740113,,,0.31728045325779036,0.3379032258064516,0.9389684058225777,0.5745743446928625,9.046113367360594,0.9389684058225777,,,,1.344632768361582,1.4435028248587571,0.8611111111111112,0.882183908045977,0.9389684058225777,1.396045197740113,1.396045197740113,1.101123595505618,1.8613636363636363,,broad25_baseload75,weekly,0.0,0,0,20,0.8,0.0,4,2
,216,0.8542372881355933,,,0.3101851851851852,0.3379032258064516,0.9179704764430301,0.5745743446928625,5.933348957992367,0.9179704764430301,,,,0.8107344632768362,0.9096045197740114,0.7571234735413841,0.6161137440758294,0.9179704764430301,0.8542372881355933,0.8542372881355933,0.7393258426966293,1.0181818181818183,,broad25_baseload75,weekly,0.0,0,0,20,0.8,0.3,3,1
,318,1.257627118644068,,,0.32075471698113206,0.3379032258064516,0.9492502364119422,0.5745743446928625,10.284560036160629,0.9492502364119422,,,,1.2062146892655368,1.384180790960452,0.8537005163511188,0.7859424920127795,0.9492502364119422,1.257627118644068,1.257627118644068,0.8179775280898877,1.8454545454545455,,broad25_baseload75,weekly,0.0,0,0,20,0.8,0.3,3,2
,206,0.8146892655367233,,,0.32524271844660196,0.3379032258064516,0.9625321500567696,0.5745743446928625,10.837665710325565,0.9625321500567696,,,,0.7711864406779662,0.8700564971751413,0.8148959474260679,0.6218905472636815,0.9625321500567696,0.8146892655367233,0.8146892655367233,0.6764044943820224,1.0181818181818183,,broad25_baseload75,weekly,0.0,0,0,20,0.8,0.3,4,1
,307,1.2141242937853107,,,0.3322475570032573,0.3379032258064516,0.9832624598664417,0.5745743446928625,14.13298041597668,0.9832624598664417,,,,1.1666666666666667,1.3248587570621468,0.8919259126056465,0.7814569536423841,0.9832624598664417,1.2141242937853107,1.2141242937853107,0.755056179775281,1.8454545454545455,,broad25_baseload75,weekly,0.0,0,0,20,0.8,0.3,4,2
,192,0.7593220338983051,,,0.3177083333333333,0.3379032258064516,0.9402346857597454,0.5745743446928625,13.457194106493596,0.9402346857597454,,,,0.711864406779661,0.7909604519774012,0.746987951807229,0.5882352941176471,0.9402346857597454,0.7593220338983051,0.7593220338983051,0.5820224719101125,1.0022727272727272,,broad25_baseload75,weekly,0.0,0,0,20,0.8,0.5,3,1
,291,1.1508474576271188,,,0.32646048109965636,0.3379032258064516,0.9661360299846633,0.5745743446928625,16.112111984665834,0.9661360299846633,,,,1.1271186440677967,1.225988700564972,0.8674698795180724,0.7692307692307693,0.9661360299846633,1.1508474576271188,1.1508474576271188,0.6449438202247191,1.8136363636363637,,broad25_baseload75,weekly,0.0,0,0,20,0.8,0.5,3,2
,183,0.7237288135593221,,,0.3114754098360656,0.3379032258064516,0.9217888023788099,0.5745743446928625,13.052627111968066,0.9217888023788099,,,,0.692090395480226,0.7711864406779662,0.6895273401297498,0.5786516853932584,0.9217888023788099,0.7237288135593221,0.7237288135593221,0.5191011235955056,1.0022727272727272,,broad25_baseload75,weekly,0.0,0,0,20,0.8,0.5,4,1
,279,1.1033898305084746,,,0.32616487455197135,0.3379032258064516,0.9652612039246885,0.5745743446928625,17.010549871636403,0.9652612039246885,,,,1.0677966101694916,1.1864406779661016,0.8465863453815261,0.7664233576642335,0.9652612039246885,1.1033898305084746,1.1033898305084746,0.5820224719101125,1.7977272727272728,,broad25_baseload75,weekly,0.0,0,0,20,0.8,0.5,4,2
,147,0.5813559322033899,,,0.2857142857142857,0.3379032258064516,0.8455506307534947,0.5745743446928625,6.077519108426879,0.8455506307534947,,,,0.5338983050847458,0.632768361581921,0.5602409638554218,0.5915492957746479,0.8455506307534947,0.5813559322033899,0.5813559322033899,0.251685393258427,0.8909090909090909,,broad25_baseload75,weekly,0.0,0,0,20,0.8,0.65,3,1
,243,0.9610169491525424,,,0.31275720164609055,0.3379032258064516,0.9255821719359243,0.5745743446928625,13.203160185653987,0.9255821719359243,,,,0.8898305084745763,1.0480225988700564,0.7892702887019778,0.7899159663865546,0.9255821719359243,0.9610169491525424,0.9610169491525424,0.3146067415730337,1.6704545454545454,,broad25_baseload75,weekly,0.0,0,0,20,0.8,0.65,3,2
,143,0.5655367231638418,,,0.2867132867132867,0.3379032258064516,0.8485071014903951,0.5745743446928625,3.147990972327824,0.8485071014903951,,,,0.5141242937853108,0.612994350282486,0.5783132530120482,0.5869565217391305,0.8485071014903951,0.5655367231638418,0.5655367231638418,0.2359550561797753,0.8909090909090909,,broad25_baseload75,weekly,0.0,0,0,20,0.8,0.65,4,1
,237,0.9372881355932203,,,0.31645569620253167,0.3379032258064516,0.9365275973535544,0.5745743446928625,12.05051713806011,0.9365275973535544,,,,0.8700564971751413,1.0084745762711864,0.8202220647295064,0.7887931034482759,0.9365275973535544,0.9372881355932203,0.9372881355932203,0.298876404494382,1.6704545454545454,,broad25_baseload75,weekly,0.0,0,0,20,0.8,0.65,4,2
,255,1.0084745762711864,,,0.2901960784313726,0.3379032258064516,0.858814170059432,0.5745743446928625,4.614393360070463,0.858814170059432,,,,1.0084745762711864,1.0084745762711864,0.7736185383244207,0.8,0.858814170059432,1.0084745762711864,1.0084745762711864,1.0224719101123596,1.05,,broad25_baseload75,weekly,0.0,0,0,20,0.85,0.0,3,1
,352,1.3920903954802262,,,0.29261363636363635,0.3379032258064516,0.8659687567802127,0.5745743446928625,11.253851805486892,0.8659687567802127,,,,1.344632768361582,1.4435028248587571,0.8107098381070983,0.9106628242074928,0.8659687567802127,1.3920903954802262,1.3920903954802262,1.0853932584269663,1.8454545454545455,,broad25_baseload75,weekly,0.0,0,0,20,0.85,0.0,3,2
,251,0.9926553672316385,,,0.32270916334661354,0.3379032258064516,0.9550342781618157,0.5745743446928625,7.261770662796593,0.9550342781618157,,,,0.9887005649717514,1.0084745762711864,0.8366265060240965,0.8048780487804879,0.9550342781618157,0.9926553672316385,0.9926553672316385,0.9704545454545455,1.05,,broad25_baseload75,weekly,0.0,0,0,20,0.85,0.0,4,1
,345,1.364406779661017,,,0.32463768115942027,0.3379032258064516,0.960741586247449,0.5745743446928625,10.308894346978022,0.960741586247449,,,,1.305084745762712,1.423728813559322,0.8837603936874258,0.8941176470588236,0.960741586247449,1.364406779661017,1.364406779661017,1.0696629213483146,1.8295454545454546,,broad25_baseload75,weekly,0.0,0,0,20,0.85,0.0,4,2
,215,0.8502824858757062,,,0.3209302325581395,0.3379032258064516,0.9497696619859022,0.5745743446928625,7.068335338147867,0.9497696619859022,,,,0.8107344632768362,0.9096045197740114,0.7747309961818813,0.6333333333333333,0.9497696619859022,0.8502824858757062,0.8502824858757062,0.7393258426966293,1.0181818181818183,,broad25_baseload75,weekly,0.0,0,0,20,0.85,0.3,3,1
,310,1.225988700564972,,,0.3193548387096774,0.3379032258064516,0.9451073985680191,0.5745743446928625,10.94158616988868,0.9451073985680191,,,,1.1666666666666667,1.344632768361582,0.8348688873139618,0.7934426229508197,0.9451073985680191,1.225988700564972,1.225988700564972,0.802247191011236,1.8136363636363637,,broad25_baseload75,weekly,0.0,0,0,20,0.85,0.3,3,2
,203,0.8028248587570622,,,0.3448275862068966,0.3379032258064516,1.0204921405645626,0.5745743446928625,13.579007177039973,1.0204921405645626,,,,0.7711864406779662,0.8305084745762712,0.8537005163511188,0.6313131313131313,1.0204921405645626,0.8028248587570622,0.8028248587570622,0.6606741573033709,1.0181818181818183,,broad25_baseload75,weekly,0.0,0,0,20,0.85,0.3,4,1
,295,1.1666666666666667,,,0.3423728813559322,0.3379032258064516,1.0132276202418995,0.5745743446928625,16.118012155424275,1.0132276202418995,,,,1.1073446327683616,1.2457627118644068,0.9011283228150698,0.7827586206896552,1.0132276202418995,1.1666666666666667,1.1666666666666667,0.7078651685393259,1.8136363636363637,,broad25_baseload75,weekly,0.0,0,0,20,0.85,0.3,4,2
,189,0.747457627118644,,,0.3386243386243386,0.3379032258064516,1.0021340808930308,0.5745743446928625,17.05299570001433,1.0021340808930308,,,,0.711864406779661,0.7711864406779662,0.7863031071655041,0.592391304347826,1.0021340808930308,0.747457627118644,0.747457627118644,0.5662921348314607,1.0022727272727272,,broad25_baseload75,weekly,0.0,0,0,20,0.85,0.5,3,1
,283,1.1192090395480228,,,0.33568904593639576,0.3379032258064516,0.9934472958499541,0.5745743446928625,18.134291721853785,0.9934472958499541,,,,1.0875706214689267,1.1666666666666667,0.8609352664896877,0.7733812949640287,0.9934472958499541,1.1192090395480228,1.1192090395480228,0.6292134831460674,1.7977272727272728,,broad25_baseload75,weekly,0.0,0,0,20,0.85,0.5,3,2
,179,0.707909604519774,,,0.33519553072625696,0.3379032258064516,0.9919867735096866,0.5745743446928625,16.28350340620838,0.9919867735096866,,,,0.692090395480226,0.711864406779661,0.746987951807229,0.5804597701149425,0.9919867735096866,0.707909604519774,0.707909604519774,0.503370786516854,1.0022727272727272,,broad25_baseload75,weekly,0.0,0,0,20,0.85,0.5,4,1
,268,1.0598870056497176,,,0.33955223880597013,0.3379032258064516,1.0048801339365225,0.5745743446928625,19.087744495166856,1.0048801339365225,,,,1.0084745762711864,1.1073446327683616,0.8537005163511188,0.7680608365019012,1.0048801339365225,1.0598870056497176,1.0598870056497176,0.550561797752809,1.7818181818181817,,broad25_baseload75,weekly,0.0,0,0,20,0.85,0.5,4,2
,141,0.5576271186440678,,,0.3049645390070922,0.3379032258064516,0.9025203541021345,0.5745743446928625,7.363173781831151,0.9025203541021345,,,,0.5141242937853108,0.5932203389830508,0.5975903614457831,0.5808823529411765,0.9025203541021345,0.5576271186440678,0.5576271186440678,0.2359550561797753,0.8909090909090909,,broad25_baseload75,weekly,0.0,0,0,20,0.85,0.65,3,1
,232,0.9175141242937853,,,0.31896551724137934,0.3379032258064516,0.9439552300222205,0.5745743446928625,13.271265555802195,0.9439552300222205,,,,0.8700564971751413,0.9887005649717514,0.7768674698795182,0.7841409691629956,0.9439552300222205,0.9175141242937853,0.9175141242937853,0.298876404494382,1.6545454545454545,,broad25_baseload75,weekly,0.0,0,0,20,0.85,0.65,3,2
,135,0.5338983050847458,,,0.3111111111111111,0.3379032258064516,0.9207106868204721,0.5745743446928625,3.8861419513015143,0.9207106868204721,,,,0.4943502824858757,0.5536723163841808,0.6402753872633391,0.5846153846153846,0.9207106868204721,0.5338983050847458,0.5338983050847458,0.2202247191011236,0.8909090909090909,,broad25_baseload75,weekly,0.0,0,0,20,0.85,0.65,4,1
,221,0.8740112994350283,,,0.33031674208144796,0.3379032258064516,0.9775483536539271,0.5745743446928625,13.183464272056762,0.9775483536539271,,,,0.8305084745762712,0.9293785310734464,0.8264547551909768,0.7870370370370371,0.9775483536539271,0.8740112994350283,0.8740112994350283,0.26741573033707866,1.638636363636364,,broad25_baseload75,weekly,0.0,0,0,20,0.85,0.65,4,2
,255,1.0084745762711864,,,0.30196078431372547,0.3379032258064516,0.8936309607375169,0.5745743446928625,6.010383713950638,0.8936309607375169,,,,1.0084745762711864,1.0084745762711864,0.8288770053475936,0.796,0.8936309607375169,1.0084745762711864,1.0084745762711864,1.0224719101123596,1.05,,broad25_baseload75,weekly,0.0,0,0,20,0.9,0.0,3,1
,341,1.348587570621469,,,0.2932551319648094,0.3379032258064516,0.8678672163159038,0.5745743446928625,10.86846584026587,0.8678672163159038,,,,1.3248587570621468,1.423728813559322,0.821969696969697,0.9077380952380952,0.8678672163159038,1.348587570621469,1.348587570621469,1.053932584269663,1.8136363636363637,,broad25_baseload75,weekly,0.0,0,0,20,0.9,0.0,3,2
,251,0.9926553672316385,,,0.3346613545816733,0.3379032258064516,0.9904059180937348,0.5745743446928625,9.924139635879227,0.9904059180937348,,,,0.9887005649717514,1.0084745762711864,0.9018181818181817,0.8130081300813008,0.9904059180937348,0.9926553672316385,0.9926553672316385,0.9704545454545455,1.05,,broad25_baseload75,weekly,0.0,0,0,20,0.9,0.0,4,1
,335,1.3248587570621468,,,0.3283582089552239,0.3379032258064516,0.9717522174331208,0.5745743446928625,11.686492419630543,0.9717522174331208,,,,1.2853107344632768,1.384180790960452,0.8919259126056465,0.8939393939393939,0.9717522174331208,1.3248587570621468,1.3248587570621468,1.053932584269663,1.7818181818181817,,broad25_baseload75,weekly,0.0,0,0,20,0.9,0.0,4,2
,215,0.8502824858757062,,,0.33488372093023255,0.3379032258064516,0.9910639951157241,0.5745743446928625,8.724044827633657,0.9910639951157241,,,,0.8107344632768362,0.9096045197740114,0.7747309961818813,0.6095238095238096,0.9910639951157241,0.8502824858757062,0.8502824858757062,0.7393258426966293,1.0181818181818183,,broad25_baseload75,weekly,0.0,0,0,20,0.9,0.3,3,1
,299,1.1824858757062147,,,0.3210702341137124,0.3379032258064516,0.950183986398576,0.5745743446928625,11.750735408367083,0.950183986398576,,,,1.1468926553672316,1.2457627118644068,0.8062727098871677,0.7789115646258503,0.950183986398576,1.1824858757062147,1.1824858757062147,0.7707865168539327,1.7818181818181817,,broad25_baseload75,weekly,0.0,0,0,20,0.9,0.3,3,2
,200,0.7909604519774012,,,0.365,0.3379032258064516,1.0801909307875894,0.5745743446928625,16.73703089246682,1.0801909307875894,,,,0.7514124293785311,0.8107344632768362,0.8125227520931926,0.6205128205128205,1.0801909307875894,0.7909604519774012,0.7909604519774012,0.6606741573033709,1.0181818181818183,,broad25_baseload75,weekly,0.0,0,0,20,0.9,0.3,4,1
,283,1.1192090395480228,,,0.3498233215547703,0.3379032258064516,1.0352766556752153,0.5745743446928625,17.763494159646985,1.0352766556752153,,,,1.0677966101694916,1.1468926553672316,0.9272953884503532,0.7697841726618705,1.0352766556752153,1.1192090395480228,1.1192090395480228,0.6921348314606742,1.7659090909090909,,broad25_baseload75,weekly,0.0,0,0,20,0.9,0.3,4,2
,188,0.7435028248587571,,,0.3617021276595745,0.3379032258064516,1.07043111765602,0.5745743446928625,20.94056771328643,1.07043111765602,,,,0.692090395480226,0.7711864406779662,0.936936936936937,0.5683060109289617,1.07043111765602,0.7435028248587571,0.7435028248587571,0.5662921348314607,1.0022727272727272,,broad25_baseload75,weekly,0.0,0,0,20,0.9,0.5,3,1
,271,1.0717514124293785,,,0.34317343173431736,0.3379032258064516,1.015596790812777,0.5745743446928625,21.346303138898858,1.015596790812777,,,,1.0480225988700564,1.0875706214689267,0.8692223439211391,0.7631578947368421,1.015596790812777,1.0717514124293785,1.0717514124293785,0.597752808988764,1.75,,broad25_baseload75,weekly,0.0,0,0,20,0.9,0.5,3,2
,175,0.692090395480226,,,0.3485714285714286,0.3379032258064516,1.0315717695192637,0.5745743446928625,19.132584945406517,1.0315717695192637,,,,0.672316384180791,0.711864406779661,0.9411764705882354,0.5647058823529412,1.0315717695192637,0.692090395480226,0.692090395480226,0.503370786516854,1.0022727272727272,,broad25_baseload75,weekly,0.0,0,0,20,0.9,0.5,4,1
,255,1.0084745762711864,,,0.3411764705882353,0.3379032258064516,1.0096869296644673,0.5745743446928625,20.557038970603518,1.0096869296644673,,,,0.9689265536723164,1.0282485875706215,0.8619091751621872,0.752,1.0096869296644673,1.0084745762711864,1.0084745762711864,0.5348314606741573,1.7340909090909091,,broad25_baseload75,weekly,0.0,0,0,20,0.9,0.5,4,2
,138,0.5457627118644068,,,0.32608695652173914,0.3379032258064516,0.9650306111860538,0.5745743446928625,11.993593597286496,0.9650306111860538,,,,0.4943502824858757,0.5932203389830508,0.8883582089552239,0.5338345864661654,0.9650306111860538,0.5457627118644068,0.5457627118644068,0.2359550561797753,0.8909090909090909,,broad25_baseload75,weekly,0.0,0,0,20,0.9,0.65,3,1
,217,0.8581920903954803,,,0.3225806451612903,0.3379032258064516,0.9546539379474941,0.5745743446928625,16.780648717198083,0.9546539379474941,,,,0.8107344632768362,0.9096045197740114,0.7794656888423258,0.7641509433962265,0.9546539379474941,0.8581920903954803,0.8581920903954803,0.26741573033707866,1.6068181818181817,,broad25_baseload75,weekly,0.0,0,0,20,0.9,0.65,3,2
,130,0.5141242937853108,,,0.33076923076923076,0.3379032258064516,0.9788874609876996,0.5745743446928625,6.868508734036772,0.9788874609876996,,,,0.4745762711864407,0.5338983050847458,0.7711442786069652,0.544,0.9788874609876996,0.5141242937853108,0.5141242937853108,0.2202247191011236,0.8909090909090909,,broad25_baseload75,weekly,0.0,0,0,20,0.9,0.65,4,1
,208,0.8225988700564972,,,0.3317307692307692,0.3379032258064516,0.9817330640719663,0.5745743446928625,14.081128008927172,0.9817330640719663,,,,0.7909604519774012,0.8700564971751413,0.8338470159708602,0.7684729064039408,0.9817330640719663,0.8225988700564972,0.8225988700564972,0.251685393258427,1.590909090909091,,broad25_baseload75,weekly,0.0,0,0,20,0.9,0.65,4,2
,255,1.0084745762711864,,,0.2784313725490196,0.3379032258064516,0.8239973793813469,0.5745743446928625,0.2057004524521274,0.8239973793813469,,,,1.0084745762711864,1.0084745762711864,0.7736185383244207,0.796,0.8239973793813469,1.0084745762711864,1.0084745762711864,1.0224719101123596,1.05,,broad25_baseload75,weekly,0.0,0,0,40,0.75,0.0,3,1
,355,1.4039548022598871,,,0.29014084507042254,0.3379032258064516,0.8586507109482672,0.5745743446928625,9.11512277254637,0.8586507109482672,,,,1.3248587570621468,1.5028248587570623,0.7729468599033816,0.9,0.8586507109482672,1.4039548022598871,1.4039548022598871,1.0382022471910113,1.8931818181818183,,broad25_baseload75,weekly,0.0,0,0,40,0.75,0.0,3,2
,251,0.9926553672316385,,,0.30677290836653387,0.3379032258064516,0.9078720915859236,0.5745743446928625,-2.630294504684701,0.9078720915859236,,,,0.9887005649717514,1.0084745762711864,0.8366265060240965,0.7967479674796748,0.9078720915859236,0.9926553672316385,0.9926553672316385,0.9704545454545455,1.05,,broad25_baseload75,weekly,0.0,0,0,40,0.75,0.0,4,1
,350,1.384180790960452,,,0.3171428571428571,0.3379032258064516,0.9385612001363791,0.5745743446928625,3.4166708336812306,0.9385612001363791,,,,1.3248587570621468,1.463276836158192,0.8454545454545453,0.8956521739130435,0.9385612001363791,1.384180790960452,1.384180790960452,1.0382022471910113,1.8931818181818183,,broad25_baseload75,weekly,0.0,0,0,40,0.75,0.0,4,2
,213,0.8423728813559322,,,0.29577464788732394,0.3379032258064516,0.8753235402870685,0.5745743446928625,5.248513744213861,0.8753235402870685,,,,0.7909604519774012,0.8898305084745763,0.8016456068175141,0.6105769230769231,0.8753235402870685,0.8423728813559322,0.8423728813559322,0.5820224719101125,1.0181818181818183,,broad25_baseload75,weekly,0.0,0,0,40,0.75,0.3,3,1
,311,1.2299435028248589,,,0.31511254019292606,0.3379032258064516,0.9325526249146261,0.5745743446928625,12.487147650332721,0.9325526249146261,,,,1.1666666666666667,1.305084745762712,0.8306010928961749,0.7843137254901961,0.9325526249146261,1.2299435028248589,1.2299435028248589,0.597752808988764,1.8772727272727274,,broad25_baseload75,weekly,0.0,0,0,40,0.75,0.3,3,2
,202,0.7988700564971751,,,0.3118811881188119,0.3379032258064516,0.9229896736690376,0.5745743446928625,6.58413288832443,0.9229896736690376,,,,0.7711864406779662,0.8305084745762712,0.6722891566265061,0.6091370558375635,0.9229896736690376,0.7988700564971751,0.7988700564971751,0.5191011235955056,1.0181818181818183,,broad25_baseload75,weekly,0.0,0,0,40,0.75,0.3,4,1
,298,1.1785310734463277,,,0.3221476510067114,0.3379032258064516,0.9533725232656853,0.5745743446928625,11.825616570539873,0.9533725232656853,,,,1.1271186440677967,1.265536723163842,0.8403614457831325,0.78839590443686,0.9533725232656853,1.1785310734463277,1.1785310734463277,0.5348314606741573,1.8613636363636363,,broad25_baseload75,weekly,0.0,0,0,40,0.75,0.3,4,2
,167,0.6604519774011299,,,0.2874251497005988,0.3379032258064516,0.8506138081831564,0.5745743446928625,0.3665657663991375,0.8506138081831564,,,,0.612994350282486,0.731638418079096,0.6460436339954413,0.5864197530864198,0.8506138081831564,0.6604519774011299,0.6604519774011299,0.2202247191011236,1.0022727272727272,,broad25_baseload75,weekly,0.0,0,0,40,0.75,0.5,3,1
,263,1.0401129943502825,,,0.30798479087452474,0.3379032258064516,0.9114585696525315,0.5745743446928625,8.83383253529419,0.9114585696525315,,,,0.9491525423728814,1.225988700564972,0.8192771084337349,0.7906976744186046,0.9114585696525315,1.0401129943502825,1.0401129943502825,0.2359550561797753,1.8295454545454546,,broad25_baseload75,weekly,0.0,0,0,40,0.75,0.5,3,2
,162,0.6406779661016949,,,0.30864197530864196,0.3379032258064516,0.9134034591472937,0.5745743446928625,3.563929720374567,0.9134034591472937,,,,0.612994350282486,0.692090395480226,0.7683304647160069,0.6178343949044586,0.9134034591472937,0.6406779661016949,0.6406779661016949,0.2202247191011236,1.0022727272727272,,broad25_baseload75,weekly,0.0,0,0,40,0.75,0.5,4,1
,256,1.0124293785310736,,,0.31640625,0.3379032258064516,0.9363812649164678,0.5745743446928625,9.879416229670968,0.9363812649164678,,,,0.9491525423728814,1.1468926553672316,0.8333333333333334,0.8047808764940239,0.9363812649164678,1.0124293785310736,1.0124293785310736,0.2359550561797753,1.8136363636363637,,broad25_baseload75,weekly,0.0,0,0,40,0.75,0.5,4,2
,126,0.49830508474576274,,,0.30952380952380953,0.3379032258064516,0.916013183316286,0.5745743446928625,6.72622063940198,0.916013183316286,,,,0.4548022598870057,0.5338983050847458,0.7746541722445337,0.6198347107438017,0.916013183316286,0.49830508474576274,0.49830508474576274,0.03146067415730337,0.9227272727272727,,broad25_baseload75,weekly,0.0,0,0,40,0.75,0.65,3,1
,219,0.8661016949152542,,,0.319634703196347,0.3379032258064516,0.9459356371443206,0.5745743446928625,13.643869385326846,0.9459356371443206,,,,0.7711864406779662,0.9887005649717514,0.8205128205128206,0.8271028037383178,0.9459356371443206,0.8661016949152542,0.8661016949152542,0.04719101123595506,1.7022727272727272,,broad25_baseload75,weekly,0.0,0,0,40,0.75,0.65,3,2
,125,0.4943502824858757,,,0.312,0.3379032258064516,0.9233412887828163,0.5745743446928625,5.787186072980223,0.9233412887828163,,,,0.4548022598870057,0.5338983050847458,0.7746541722445337,0.6166666666666667,0.9233412887828163,0.4943502824858757,0.4943502824858757,0.03146067415730337,0.9227272727272727,,broad25_baseload75,weekly,0.0,0,0,40,0.75,0.65,4,1
,217,0.8581920903954803,,,0.3225806451612903,0.3379032258064516,0.9546539379474941,0.5745743446928625,12.982940634064201,0.9546539379474941,,,,0.7711864406779662,0.9689265536723164,0.8205128205128206,0.8254716981132075,0.9546539379474941,0.8581920903954803,0.8581920903954803,0.04719101123595506,1.7022727272727272,,broad25_baseload75,weekly,0.0,0,0,40,0.75,0.65,4,2
,255,1.0084745762711864,,,0.2784313725490196,0.3379032258064516,0.8239973793813469,0.5745743446928625,0.008206886173284526,0.8239973793813469,,,,1.0084745762711864,1.0084745762711864,0.7736185383244207,0.796,0.8239973793813469,1.0084745762711864,1.0084745762711864,1.0224719101123596,1.05,,broad25_baseload75,weekly,0.0,0,0,40,0.8,0.0,3,1
,350,1.384180790960452,,,0.2885714285714286,0.3379032258064516,0.8540061370610298,0.5745743446928625,6.861427183763232,0.8540061370610298,,,,1.3248587570621468,1.4830508474576272,0.7562189054726368,0.9043478260869565,0.8540061370610298,1.384180790960452,1.384180790960452,1.0382022471910113,1.8613636363636363,,broad25_baseload75,weekly,0.0,0,0,40,0.8,0.0,3,2
,251,0.9926553672316385,,,0.30677290836653387,0.3379032258064516,0.9078720915859236,0.5745743446928625,-2.0948184298882873,0.9078720915859236,,,,0.9887005649717514,1.0084745762711864,0.8366265060240965,0.8008130081300813,0.9078720915859236,0.9926553672316385,0.9926553672316385,0.9704545454545455,1.05,,broad25_baseload75,weekly,0.0,0,0,40,0.8,0.0,4,1
,345,1.364406779661017,,,0.3101449275362319,0.3379032258064516,0.9178513368614023,0.5745743446928625,2.554117888248062,0.9178513368614023,,,,1.305084745762712,1.4435028248587571,0.8454545454545453,0.9,0.9178513368614023,1.364406779661017,1.364406779661017,1.0382022471910113,1.8613636363636363,,broad25_baseload75,weekly,0.0,0,0,40,0.8,0.0,4,2
,213,0.8423728813559322,,,0.29577464788732394,0.3379032258064516,0.8753235402870685,0.5745743446928625,5.012077784584262,0.8753235402870685,,,,0.7909604519774012,0.8898305084745763,0.8016456068175141,0.6009615384615384,0.8753235402870685,0.8423728813559322,0.8423728813559322,0.5820224719101125,1.0181818181818183,,broad25_baseload75,weekly,0.0,0,0,40,0.8,0.3,3,1
,306,1.2101694915254237,,,0.30718954248366015,0.3379032258064516,0.909105089927777,0.5745743446928625,11.034647457421551,0.909105089927777,,,,1.1666666666666667,1.2853107344632768,0.8135593220338984,0.7807308970099668,0.909105089927777,1.2101694915254237,1.2101694915254237,0.597752808988764,1.8454545454545455,,broad25_baseload75,weekly,0.0,0,0,40,0.8,0.3,3,2
,201,0.7949152542372883,,,0.31343283582089554,0.3379032258064516,0.9275816620952517,0.5745743446928625,7.243554788508878,0.9275816620952517,,,,0.7711864406779662,0.8305084745762712,0.6722891566265061,0.6122448979591837,0.9275816620952517,0.7949152542372883,0.7949152542372883,0.5191011235955056,1.0181818181818183,,broad25_baseload75,weekly,0.0,0,0,40,0.8,0.3,4,1
,293,1.1587570621468928,,,0.3174061433447099,0.3379032258064516,0.9393403764855377,0.5745743446928625,11.695154378654435,0.9393403764855377,,,,1.0875706214689267,1.2457627118644068,0.8537005163511188,0.7881944444444444,0.9393403764855377,1.1587570621468928,1.1587570621468928,0.5348314606741573,1.8454545454545455,,broad25_baseload75,weekly,0.0,0,0,40,0.8,0.3,4,2
,167,0.6604519774011299,,,0.2874251497005988,0.3379032258064516,0.8506138081831564,0.5745743446928625,0.3642709163998049,0.8506138081831564,,,,0.612994350282486,0.731638418079096,0.6460436339954413,0.5802469135802469,0.8506138081831564,0.6604519774011299,0.6604519774011299,0.2202247191011236,1.0022727272727272,,broad25_baseload75,weekly,0.0,0,0,40,0.8,0.5,3,1
,260,1.0282485875706215,,,0.3038461538461538,0.3379032258064516,0.8992105746282357,0.5745743446928625,8.10640202170856,0.8992105746282357,,,,0.9293785310734464,1.2062146892655368,0.8327078807031404,0.7843137254901961,0.8992105746282357,1.0282485875706215,1.0282485875706215,0.2359550561797753,1.8295454545454546,,broad25_baseload75,weekly,0.0,0,0,40,0.8,0.5,3,2
,161,0.6367231638418079,,,0.3105590062111801,0.3379032258064516,0.9190767725581463,0.5745743446928625,4.368424122667261,0.9190767725581463,,,,0.5932203389830508,0.692090395480226,0.7683304647160069,0.6089743589743589,0.9190767725581463,0.6367231638418079,0.6367231638418079,0.2202247191011236,1.0022727272727272,,broad25_baseload75,weekly,0.0,0,0,40,0.8,0.5,4,1
,252,0.9966101694915255,,,0.3134920634920635,0.3379032258064516,0.9277569420767512,0.5745743446928625,9.711552997701927,0.9277569420767512,,,,0.9096045197740114,1.1271186440677967,0.8695652173913043,0.7975708502024291,0.9277569420767512,0.9966101694915255,0.9966101694915255,0.2359550561797753,1.8136363636363637,,broad25_baseload75,weekly,0.0,0,0,40,0.8,0.5,4,2
,124,0.4903954802259887,,,0.31451612903225806,0.3379032258064516,0.9307875894988067,0.5745743446928625,7.512983648672146,0.9307875894988067,,,,0.43502824858757067,0.5338983050847458,0.7746541722445337,0.6050420168067226,0.9307875894988067,0.4903954802259887,0.4903954802259887,0.03146067415730337,0.9227272727272727,,broad25_baseload75,weekly,0.0,0,0,40,0.8,0.65,3,1
,214,0.8463276836158192,,,0.3177570093457944,0.3379032258064516,0.9403787388753819,0.5745743446928625,13.349828860135602,0.9403787388753819,,,,0.731638418079096,0.9689265536723164,0.8648648648648649,0.8181818181818182,0.9403787388753819,0.8463276836158192,0.8463276836158192,0.04719101123595506,1.7022727272727272,,broad25_baseload75,weekly,0.0,0,0,40,0.8,0.65,3,2
,122,0.4824858757062147,,,0.319672131147541,0.3379032258064516,0.9460464024414101,0.5745743446928625,7.006468864819523,0.9460464024414101,,,,0.43502824858757067,0.5141242937853108,0.8044485634847081,0.6068376068376068,0.9460464024414101,0.4824858757062147,0.4824858757062147,0.03146067415730337,0.9227272727272727,,broad25_baseload75,weekly,0.0,0,0,40,0.8,0.65,4,1
,211,0.8344632768361583,,,0.3222748815165877,0.3379032258064516,0.9537490526982547,0.5745743446928625,12.99009569456756,0.9537490526982547,,,,0.731638418079096,0.9293785310734464,0.8648648648648649,0.8203883495145631,0.9537490526982547,0.8344632768361583,0.8344632768361583,0.04719101123595506,1.7022727272727272,,broad25_baseload75,weekly,0.0,0,0,40,0.8,0.65,4,2
,255,1.0084745762711864,,,0.2823529411764706,0.3379032258064516,0.8356029762740419,0.5745743446928625,3.760762467015213,0.8356029762740419,,,,1.0084745762711864,1.0084745762711864,0.7736185383244207,0.796,0.8356029762740419,1.0084745762711864,1.0084745762711864,1.0224719101123596,1.05,,broad25_baseload75,weekly,0.0,0,0,40,0.85,0.0,3,1
,348,1.3762711864406778,,,0.27873563218390807,0.3379032258064516,0.8248978136230215,0.5745743446928625,7.564669261802891,0.8248978136230215,,,,1.3248587570621468,1.463276836158192,0.7562189054726368,0.9096209912536443,0.8248978136230215,1.3762711864406778,1.3762711864406778,1.0382022471910113,1.8454545454545455,,broad25_baseload75,weekly,0.0,0,0,40,0.85,0.0,3,2
,251,0.9926553672316385,,,0.30677290836653387,0.3379032258064516,0.9078720915859236,0.5745743446928625,-0.43227557567960806,0.9078720915859236,,,,0.9887005649717514,1.0084745762711864,0.7890909090909092,0.8048780487804879,0.9078720915859236,0.9926553672316385,0.9926553672316385,0.9704545454545455,1.05,,broad25_baseload75,weekly,0.0,0,0,40,0.85,0.0,4,1
,342,1.3525423728813561,,,0.30116959064327486,0.3379032258064516,0.891289480662675,0.5745743446928625,1.1520865015496122,0.891289480662675,,,,1.305084745762712,1.423728813559322,0.8299866131191433,0.9050445103857567,0.891289480662675,1.3525423728813561,1.3525423728813561,1.0382022471910113,1.8295454545454546,,broad25_baseload75,weekly,0.0,0,0,40,0.85,0.0,4,2
,212,0.8384180790960452,,,0.2971698113207547,0.3379032258064516,0.8794524249110641,0.5745743446928625,8.091582720319705,0.8794524249110641,,,,0.7909604519774012,0.8898305084745763,0.8016456068175141,0.5942028985507246,0.8794524249110641,0.8384180790960452,0.8384180790960452,0.5820224719101125,1.0181818181818183,,broad25_baseload75,weekly,0.0,0,0,40,0.85,0.3,3,1
,303,1.1983050847457628,,,0.29372937293729373,0.3379032258064516,0.8692706979528502,0.5745743446928625,9.354274460667616,0.8692706979528502,,,,1.1666666666666667,1.265536723163842,0.7936746987951808,0.7785234899328859,0.8692706979528502,1.1983050847457628,1.1983050847457628,0.597752808988764,1.8136363636363637,,broad25_baseload75,weekly,0.0,0,0,40,0.85,0.3,3,2
,199,0.7870056497175141,,,0.3165829145728643,0.3379032258064516,0.936904090860028,0.5745743446928625,10.013513092341988,0.936904090860028,,,,0.7711864406779662,0.8305084745762712,0.6895273401297498,0.6030927835051546,0.936904090860028,0.7870056497175141,0.7870056497175141,0.5191011235955056,1.0181818181818183,,broad25_baseload75,weekly,0.0,0,0,40,0.85,0.3,4,1
,289,1.1429378531073446,,,0.3079584775086505,0.3379032258064516,0.9113806971616388,0.5745743446928625,9.518514239161906,0.9113806971616388,,,,1.0875706214689267,1.2062146892655368,0.7347422476792416,0.7852112676056338,0.9113806971616388,1.1429378531073446,1.1429378531073446,0.5348314606741573,1.8136363636363637,,broad25_baseload75,weekly,0.0,0,0,40,0.85,0.3,4,2
,164,0.6485875706214689,,,0.2926829268292683,0.3379032258064516,0.8661738168694336,0.5745743446928625,4.223495465858814,0.8661738168694336,,,,0.612994350282486,0.711864406779661,0.6639892904953146,0.559748427672956,0.8661738168694336,0.6485875706214689,0.6485875706214689,0.2202247191011236,1.0022727272727272,,broad25_baseload75,weekly,0.0,0,0,40,0.85,0.5,3,1
,255,1.0084745762711864,,,0.29411764705882354,0.3379032258064516,0.870419766952127,0.5745743446928625,5.966134693693178,0.870419766952127,,,,0.9293785310734464,1.1666666666666667,0.7090055135797427,0.78,0.870419766952127,1.0084745762711864,1.0084745762711864,0.2359550561797753,1.7977272727272728,,broad25_baseload75,weekly,0.0,0,0,40,0.85,0.5,3,2
,157,0.6209039548022599,,,0.31210191082802546,0.3379032258064516,0.9236428864600277,0.5745743446928625,8.309638768242252,0.9236428864600277,,,,0.5932203389830508,0.652542372881356,0.724351953267616,0.5789473684210527,0.9236428864600277,0.6209039548022599,0.6209039548022599,0.2202247191011236,1.0022727272727272,,broad25_baseload75,weekly,0.0,0,0,40,0.85,0.5,4,1
,246,0.9728813559322035,,,0.3048780487804878,0.3379032258064516,0.9022643925723267,0.5745743446928625,8.364284056926094,0.9022643925723267,,,,0.9096045197740114,1.0677966101694916,0.7746541722445337,0.7883817427385892,0.9022643925723267,0.9728813559322035,0.9728813559322035,0.2359550561797753,1.7977272727272728,,broad25_baseload75,weekly,0.0,0,0,40,0.85,0.5,4,2
,121,0.47853107344632767,,,0.30578512396694213,0.3379032258064516,0.9049488155584923,0.5745743446928625,11.991904316237994,0.9049488155584923,,,,0.43502824858757067,0.5141242937853108,0.6895273401297498,0.5689655172413793,0.9049488155584923,0.47853107344632767,0.47853107344632767,0.03146067415730337,0.9227272727272727,,broad25_baseload75,weekly,0.0,0,0,40,0.85,0.65,3,1
,208,0.8225988700564972,,,0.30288461538461536,0.3379032258064516,0.8963649715439691,0.5745743446928625,11.081197286730902,0.8963649715439691,,,,0.711864406779661,0.9293785310734464,0.7628813124839785,0.8029556650246306,0.8963649715439691,0.8225988700564972,0.8225988700564972,0.04719101123595506,1.6863636363636363,,broad25_baseload75,weekly,0.0,0,0,40,0.85,0.65,3,2
,117,0.46271186440677964,,,0.3162393162393162,0.3379032258064516,0.935887236603227,0.5745743446928625,12.183335115737616,0.935887236603227,,,,0.43502824858757067,0.4745762711864407,0.746987951807229,0.5714285714285714,0.935887236603227,0.46271186440677964,0.46271186440677964,0.03146067415730337,0.9227272727272727,,broad25_baseload75,weekly,0.0,0,0,40,0.85,0.65,4,1
,203,0.8028248587570622,,,0.3103448275862069,0.3379032258064516,0.9184429265081064,0.5745743446928625,11.448935719643467,0.9184429265081064,,,,0.711864406779661,0.8700564971751413,0.8148148148148149,0.8080808080808081,0.9184429265081064,0.8028248587570622,0.8028248587570622,0.04719101123595506,1.6863636363636363,,broad25_baseload75,weekly,0.0,0,0,40,0.85,0.65,4,2
,255,1.0084745762711864,,,0.2901960784313726,0.3379032258064516,0.858814170059432,0.5745743446928625,4.050273015913188,0.858814170059432,,,,1.0084745762711864,1.0084745762711864,0.8288770053475936,0.816,0.858814170059432,1.0084745762711864,1.0084745762711864,1.0224719101123596,1.05,,broad25_baseload75,weekly,0.0,0,0,40,0.9,0.0,3,1
,339,1.340677966101695,,,0.2890855457227139,0.3379032258064516,0.8555276293464564,0.5745743446928625,8.634906721066095,0.8555276293464564,,,,1.2853107344632768,1.4039548022598871,0.8168642951251647,0.9131736526946108,0.8555276293464564,1.340677966101695,1.340677966101695,1.0382022471910113,1.8136363636363637,,broad25_baseload75,weekly,0.0,0,0,40,0.9,0.0,3,2
,251,0.9926553672316385,,,0.32270916334661354,0.3379032258064516,0.9550342781618157,0.5745743446928625,1.2443266905744637,0.9550342781618157,,,,0.9887005649717514,1.0084745762711864,0.8963855421686747,0.8211382113821138,0.9550342781618157,0.9926553672316385,0.9926553672316385,0.9704545454545455,1.05,,broad25_baseload75,weekly,0.0,0,0,40,0.9,0.0,4,1
,333,1.3169491525423729,,,0.32432432432432434,0.3379032258064516,0.9598142295039671,0.5745743446928625,3.8163428503261527,0.9598142295039671,,,,1.265536723163842,1.384180790960452,0.8963855421686747,0.9024390243902439,0.9598142295039671,1.3169491525423729,1.3169491525423729,1.0382022471910113,1.7818181818181817,,broad25_baseload75,weekly,0.0,0,0,40,0.9,0.0,4,2
,212,0.8384180790960452,,,0.3113207547169811,0.3379032258064516,0.9213311118115909,0.5745743446928625,10.347859702119578,0.9213311118115909,,,,0.7909604519774012,0.8898305084745763,0.8608122179798682,0.6183574879227053,0.9213311118115909,0.8384180790960452,0.8384180790960452,0.5820224719101125,1.0181818181818183,,broad25_baseload75,weekly,0.0,0,0,40,0.9,0.3,3,1
,294,1.1627118644067798,,,0.30952380952380953,0.3379032258064516,0.916013183316286,0.5745743446928625,12.018976758805708,0.916013183316286,,,,1.1271186440677967,1.2062146892655368,0.8816906972150899,0.7785467128027682,0.916013183316286,1.1627118644067798,1.1627118644067798,0.597752808988764,1.7818181818181817,,broad25_baseload75,weekly,0.0,0,0,40,0.9,0.3,3,2
,198,0.7830508474576272,,,0.3282828282828283,0.3379032258064516,0.9715291338203034,0.5745743446928625,11.126420503068106,0.9715291338203034,,,,0.7711864406779662,0.8107344632768362,0.7661414890330552,0.6113989637305699,0.9715291338203034,0.7830508474576272,0.7830508474576272,0.5191011235955056,1.0181818181818183,,broad25_baseload75,weekly,0.0,0,0,40,0.9,0.3,4,1
,279,1.1033898305084746,,,0.32974910394265233,0.3379032258064516,0.9758684699018828,0.5745743446928625,12.248007835656235,0.9758684699018828,,,,1.0480225988700564,1.1666666666666667,0.810292015519706,0.7737226277372263,0.9758684699018828,1.1033898305084746,1.1033898305084746,0.5348314606741573,1.7659090909090909,,broad25_baseload75,weekly,0.0,0,0,40,0.9,0.3,4,2
,163,0.644632768361582,,,0.3067484662576687,0.3379032258064516,0.9077997569439361,0.5745743446928625,4.460855374344009,0.9077997569439361,,,,0.5932203389830508,0.711864406779661,0.746987951807229,0.5632911392405063,0.9077997569439361,0.644632768361582,0.644632768361582,0.2202247191011236,1.0022727272727272,,broad25_baseload75,weekly,0.0,0,0,40,0.9,0.5,3,1
,244,0.9649717514124294,,,0.3114754098360656,0.3379032258064516,0.9217888023788099,0.5745743446928625,7.9713331962584455,0.9217888023788099,,,,0.8700564971751413,1.1073446327683616,0.8003442340791739,0.7740585774058577,0.9217888023788099,0.9649717514124294,0.9649717514124294,0.2359550561797753,1.75,,broad25_baseload75,weekly,0.0,0,0,40,0.9,0.5,3,2
,154,0.6090395480225989,,,0.3246753246753247,0.3379032258064516,0.9608529894926077,0.5745743446928625,7.417011366941554,0.9608529894926077,,,,0.5734463276836158,0.652542372881356,0.8148959474260679,0.5771812080536913,0.9608529894926077,0.6090395480225989,0.6090395480225989,0.2202247191011236,1.0022727272727272,,broad25_baseload75,weekly,0.0,0,0,40,0.9,0.5,4,1
,235,0.9293785310734464,,,0.3276595744680851,0.3379032258064516,0.9696846595236885,0.5745743446928625,10.027160327870654,0.9696846595236885,,,,0.8502824858757062,1.0480225988700564,0.8456467378949761,0.7739130434782608,0.9696846595236885,0.9293785310734464,0.9293785310734464,0.2359550561797753,1.75,,broad25_baseload75,weekly,0.0,0,0,40,0.9,0.5,4,2
,119,0.4706214689265537,,,0.3277310924369748,0.3379032258064516,0.9698963117466557,0.5745743446928625,13.347980620894983,0.9698963117466557,,,,0.4152542372881356,0.5141242937853108,0.8044485634847081,0.5614035087719298,0.9698963117466557,0.4706214689265537,0.4706214689265537,0.03146067415730337,0.9227272727272727,,broad25_baseload75,weekly,0.0,0,0,40,0.9,0.65,3,1
,197,0.7790960451977401,,,0.3299492385786802,0.3379032258064516,0.9764607537889343,0.5745743446928625,14.586736840374872,0.9764607537889343,,,,0.652542372881356,0.8898305084745763,0.863186077643909,0.7916666666666666,0.9764607537889343,0.7790960451977401,0.7790960451977401,0.04719101123595506,1.638636363636364,,broad25_baseload75,weekly,0.0,0,0,40,0.9,0.65,3,2
,114,0.4508474576271187,,,0.3157894736842105,0.3379032258064516,0.9345559603064941,0.5745743446928625,9.638989487546814,0.9345559603064941,,,,0.4152542372881356,0.4745762711864407,0.8714859437751005,0.5504587155963303,0.9345559603064941,0.4508474576271187,0.4508474576271187,0.03146067415730337,0.9227272727272727,,broad25_baseload75,weekly,0.0,0,0,40,0.9,0.65,4,1
,190,0.7514124293785311,,,0.33157894736842103,0.3379032258064516,0.9812837583218188,0.5745743446928625,14.04901868350674,0.9812837583218188,,,,0.652542372881356,0.8502824858757062,0.9033342673017652,0.7837837837837838,0.9812837583218188,0.7514124293785311,0.7514124293785311,0.04719101123595506,1.6227272727272726,,broad25_baseload75,weekly,0.0,0,0,40,0.9,0.65,4,2
,255,1.0084745762711864,,,0.2823529411764706,0.3379032258064516,0.8356029762740419,0.5745743446928625,4.088077965988267,0.8356029762740419,,,,1.0084745762711864,1.0084745762711864,0.7736185383244207,0.792,0.8356029762740419,1.0084745762711864,1.0084745762711864,1.0224719101123596,1.05,,broad25_baseload75,weekly,0.0,0,0,60,0.75,0.0,3,1
,355,1.4039548022598871,,,0.29295774647887324,0.3379032258064516,0.8669871256176679,0.5745743446928625,11.403248747782412,0.8669871256176679,,,,1.344632768361582,1.5028248587570623,0.7619047619047619,0.8914285714285715,0.8669871256176679,1.4039548022598871,1.4039548022598871,1.0382022471910113,1.9090909090909092,,broad25_baseload75,weekly,0.0,0,0,60,0.75,0.0,3,2
,251,0.9926553672316385,,,0.30278884462151395,0.3379032258064516,0.8960815449419506,0.5745743446928625,-0.32635419018722467,0.8960815449419506,,,,0.9887005649717514,1.0084745762711864,0.8366265060240965,0.7926829268292683,0.8960815449419506,0.9926553672316385,0.9926553672316385,0.9704545454545455,1.05,,broad25_baseload75,weekly,0.0,0,0,60,0.75,0.0,4,1
,350,1.384180790960452,,,0.3142857142857143,0.3379032258064516,0.9301056938288442,0.5745743446928625,4.68846724412252,0.9301056938288442,,,,1.344632768361582,1.463276836158192,0.8454545454545453,0.8869565217391304,0.9301056938288442,1.384180790960452,1.384180790960452,1.0382022471910113,1.9090909090909092,,broad25_baseload75,weekly,0.0,0,0,60,0.75,0.0,4,2
,206,0.8146892655367233,,,0.2766990291262136,0.3379032258064516,0.8188706351229232,0.5745743446928625,4.520861301664583,0.8188706351229232,,,,0.7711864406779662,0.8502824858757062,0.7643597646399553,0.6169154228855721,0.8188706351229232,0.8146892655367233,0.8146892655367233,0.4719101123595506,1.0325,,broad25_baseload75,weekly,0.0,0,0,60,0.75,0.3,3,1
,305,1.2062146892655368,,,0.3016393442622951,0.3379032258064516,0.8926796823036897,0.5745743446928625,9.585014985078407,0.8926796823036897,,,,1.1271186440677967,1.344632768361582,0.7999999999999999,0.7866666666666666,0.8926796823036897,1.2062146892655368,1.2062146892655368,0.4876404494382023,1.8931818181818183,,broad25_baseload75,weekly,0.0,0,0,60,0.75,0.3,3,2
,196,0.7751412429378532,,,0.29591836734693877,0.3379032258064516,0.8757488675661196,0.5745743446928625,9.911679657613204,0.8757488675661196,,,,0.731638418079096,0.8305084745762712,0.7114170969592656,0.6178010471204188,0.8757488675661196,0.7751412429378532,0.7751412429378532,0.39325842696629215,1.0325,,broad25_baseload75,weekly,0.0,0,0,60,0.75,0.3,4,1
,292,1.1548022598870056,,,0.3116438356164384,0.3379032258064516,0.9222872462157127,0.5745743446928625,12.685695974810853,0.9222872462157127,,,,1.1073446327683616,1.305084745762712,0.860167944505294,0.7909407665505227,0.9222872462157127,1.1548022598870056,1.1548022598870056,0.40898876404494383,1.8772727272727274,,broad25_baseload75,weekly,0.0,0,0,60,0.75,0.3,4,2
,164,0.6485875706214689,,,0.2865853658536585,0.3379032258064516,0.8481285290179871,0.5745743446928625,10.256469833853059,0.8481285290179871,,,,0.5932203389830508,0.711864406779661,0.6639892904953146,0.5849056603773585,0.8481285290179871,0.6485875706214689,0.6485875706214689,0.15730337078651685,1.0022727272727272,,broad25_baseload75,weekly,0.0,0,0,60,0.75,0.5,3,1
,260,1.0282485875706215,,,0.3076923076923077,0.3379032258064516,0.9105929869653021,0.5745743446928625,14.3209512714781,0.9105929869653021,,,,0.9491525423728814,1.2062146892655368,0.8327078807031404,0.7843137254901961,0.9105929869653021,1.0282485875706215,1.0282485875706215,0.17303370786516856,1.8295454545454546,,broad25_baseload75,weekly,0.0,0,0,60,0.75,0.5,3,2
,159,0.628813559322034,,,0.3081761006289308,0.3379032258064516,0.9120247369448072,0.5745743446928625,15.858527020714265,0.9120247369448072,,,,0.5932203389830508,0.672316384180791,0.7909284195605953,0.6168831168831169,0.9120247369448072,0.628813559322034,0.628813559322034,0.15730337078651685,1.0022727272727272,,broad25_baseload75,weekly,0.0,0,0,60,0.75,0.5,4,1
,252,0.9966101694915255,,,0.31746031746031744,0.3379032258064516,0.9395007008372164,0.5745743446928625,16.91011428284417,0.9395007008372164,,,,0.9293785310734464,1.1271186440677967,0.851063829787234,0.7975708502024291,0.9395007008372164,0.9966101694915255,0.9966101694915255,0.17303370786516856,1.8136363636363637,,broad25_baseload75,weekly,0.0,0,0,60,0.75,0.5,4,2
,127,0.5022598870056497,,,0.30708661417322836,0.3379032258064516,0.9088004810854491,0.5745743446928625,10.557623437133723,0.9088004810854491,,,,0.4548022598870057,0.5536723163841808,0.746987951807229,0.6229508196721312,0.9088004810854491,0.5022598870056497,0.5022598870056497,0.015730337078651686,0.9227272727272727,,broad25_baseload75,weekly,0.0,0,0,60,0.75,0.65,3,1
,219,0.8661016949152542,,,0.319634703196347,0.3379032258064516,0.9459356371443206,0.5745743446928625,16.164832670351693,0.9459356371443206,,,,0.7909604519774012,1.0084745762711864,0.7999999999999999,0.8177570093457944,0.9459356371443206,0.8661016949152542,0.8661016949152542,0.03146067415730337,1.7022727272727272,,broad25_baseload75,weekly,0.0,0,0,60,0.75,0.65,3,2
,126,0.49830508474576274,,,0.30952380952380953,0.3379032258064516,0.916013183316286,0.5745743446928625,9.656449484713182,0.916013183316286,,,,0.4548022598870057,0.5536723163841808,0.746987951807229,0.6198347107438017,0.916013183316286,0.49830508474576274,0.49830508474576274,0.015730337078651686,0.9227272727272727,,broad25_baseload75,weekly,0.0,0,0,60,0.75,0.65,4,1
,216,0.8542372881355933,,,0.32407407407407407,0.3379032258064516,0.9590736321046583,0.5745743446928625,15.639598777137776,0.9590736321046583,,,,0.7711864406779662,0.9887005649717514,0.8205128205128206,0.8151658767772512,0.9590736321046583,0.8542372881355933,0.8542372881355933,0.03146067415730337,1.7022727272727272,,broad25_baseload75,weekly,0.0,0,0,60,0.75,0.65,4,2
,255,1.0084745762711864,,,0.2823529411764706,0.3379032258064516,0.8356029762740419,0.5745743446928625,3.256294474493597,0.8356029762740419,,,,1.0084745762711864,1.0084745762711864,0.7843137254901961,0.8,0.8356029762740419,1.0084745762711864,1.0084745762711864,1.0224719101123596,1.05,,broad25_baseload75,weekly,0.0,0,0,60,0.8,0.0,3,1
,348,1.3762711864406778,,,0.29310344827586204,0.3379032258064516,0.8674183194798781,0.5745743446928625,10.072614394125134,0.8674183194798781,,,,1.3248587570621468,1.4830508474576272,0.7562189054726368,0.9067055393586005,0.8674183194798781,1.3762711864406778,1.3762711864406778,1.0382022471910113,1.8613636363636363,,broad25_baseload75,weekly,0.0,0,0,60,0.8,0.0,3,2
,251,0.9926553672316385,,,0.3107569721115538,0.3379032258064516,0.9196626382298967,0.5745743446928625,1.6804121758164603,0.9196626382298967,,,,0.9887005649717514,1.0084745762711864,0.8366265060240965,0.8048780487804879,0.9196626382298967,0.9926553672316385,0.9926553672316385,0.9704545454545455,1.05,,broad25_baseload75,weekly,0.0,0,0,60,0.8,0.0,4,1
,343,1.356497175141243,,,0.31486880466472306,0.3379032258064516,0.9318313073609943,0.5745743446928625,6.167972603895467,0.9318313073609943,,,,1.305084745762712,1.4435028248587571,0.857707509881423,0.9023668639053254,0.9318313073609943,1.356497175141243,1.356497175141243,1.0382022471910113,1.8613636363636363,,broad25_baseload75,weekly,0.0,0,0,60,0.8,0.0,4,2
,205,0.8107344632768362,,,0.28292682926829266,0.3379032258064516,0.8373013563071191,0.5745743446928625,5.73757246197693,0.8373013563071191,,,,0.7711864406779662,0.8502824858757062,0.7402985074626867,0.615,0.8373013563071191,0.8107344632768362,0.8107344632768362,0.4719101123595506,1.0181818181818183,,broad25_baseload75,weekly,0.0,0,0,60,0.8,0.3,3,1
,298,1.1785310734463277,,,0.2986577181208054,0.3379032258064516,0.8838557767775626,0.5745743446928625,9.676645805776621,0.8838557767775626,,,,1.1073446327683616,1.305084745762712,0.8421052631578947,0.7952218430034129,0.8838557767775626,1.1785310734463277,1.1785310734463277,0.4876404494382023,1.8454545454545455,,broad25_baseload75,weekly,0.0,0,0,60,0.8,0.3,3,2
,194,0.7672316384180791,,,0.30927835051546393,0.3379032258064516,0.9152867652486284,0.5745743446928625,12.48498885784673,0.9152867652486284,,,,0.731638418079096,0.8107344632768362,0.7287687334704672,0.6296296296296297,0.9152867652486284,0.7672316384180791,0.7672316384180791,0.39325842696629215,1.0181818181818183,,broad25_baseload75,weekly,0.0,0,0,60,0.8,0.3,4,1
,286,1.1310734463276837,,,0.3146853146853147,0.3379032258064516,0.9312882821236044,0.5745743446928625,14.391325123875802,0.9312882821236044,,,,1.0480225988700564,1.265536723163842,0.8870481927710844,0.8042704626334519,0.9312882821236044,1.1310734463276837,1.1310734463276837,0.40898876404494383,1.8454545454545455,,broad25_baseload75,weekly,0.0,0,0,60,0.8,0.3,4,2
,162,0.6406779661016949,,,0.2962962962962963,0.3379032258064516,0.876867320781402,0.5745743446928625,10.312665476393418,0.876867320781402,,,,0.5734463276836158,0.692090395480226,0.6829604130808951,0.5796178343949044,0.876867320781402,0.6406779661016949,0.6406779661016949,0.15730337078651685,1.0022727272727272,,broad25_baseload75,weekly,0.0,0,0,60,0.8,0.5,3,1
,255,1.0084745762711864,,,0.30980392156862746,0.3379032258064516,0.9168421545229071,0.5745743446928625,13.521803290574775,0.9168421545229071,,,,0.8898305084745763,1.1666666666666667,0.8609352664896877,0.788,0.9168421545229071,1.0084745762711864,1.0084745762711864,0.17303370786516856,1.8295454545454546,,broad25_baseload75,weekly,0.0,0,0,60,0.8,0.5,3,2
,156,0.6169491525423729,,,0.32051282051282054,0.3379032258064516,0.9485343614221897,0.5745743446928625,17.25406892542147,0.9485343614221897,,,,0.5536723163841808,0.652542372881356,0.8148959474260679,0.609271523178808,0.9485343614221897,0.6169491525423729,0.6169491525423729,0.15730337078651685,1.0022727272727272,,broad25_baseload75,weekly,0.0,0,0,60,0.8,0.5,4,1
,247,0.9768361581920904,,,0.31983805668016196,0.3379032258064516,0.9465374469770903,0.5745743446928625,16.836984820194157,0.9465374469770903,,,,0.8700564971751413,1.0875706214689267,0.8841354723707664,0.8016528925619835,0.9465374469770903,0.9768361581920904,0.9768361581920904,0.17303370786516856,1.8136363636363637,,broad25_baseload75,weekly,0.0,0,0,60,0.8,0.5,4,2
,122,0.4824858757062147,,,0.319672131147541,0.3379032258064516,0.9460464024414101,0.5745743446928625,11.335039573455665,0.9460464024414101,,,,0.4152542372881356,0.5338983050847458,0.7746541722445337,0.6068376068376068,0.9460464024414101,0.4824858757062147,0.4824858757062147,0.015730337078651686,0.9227272727272727,,broad25_baseload75,weekly,0.0,0,0,60,0.8,0.65,3,1
,211,0.8344632768361583,,,0.3222748815165877,0.3379032258064516,0.9537490526982547,0.5745743446928625,15.725956210147208,0.9537490526982547,,,,0.711864406779661,0.9689265536723164,0.8888888888888888,0.8203883495145631,0.9537490526982547,0.8344632768361583,0.8344632768361583,0.03146067415730337,1.7022727272727272,,broad25_baseload75,weekly,0.0,0,0,60,0.8,0.65,3,2
,120,0.4745762711864407,,,0.325,0.3379032258064516,0.9618138424821003,0.5745743446928625,11.34374458069949,0.9618138424821003,,,,0.4152542372881356,0.5141242937853108,0.8044485634847081,0.6086956521739131,0.9618138424821003,0.4745762711864407,0.4745762711864407,0.015730337078651686,0.9227272727272727,,broad25_baseload75,weekly,0.0,0,0,60,0.8,0.65,4,1
,208,0.8225988700564972,,,0.3269230769230769,0.3379032258064516,0.9675050486506335,0.5745743446928625,15.624747815917699,0.9675050486506335,,,,0.711864406779661,0.9293785310734464,0.8888888888888888,0.8226600985221675,0.9675050486506335,0.8225988700564972,0.8225988700564972,0.03146067415730337,1.7022727272727272,,broad25_baseload75,weekly,0.0,0,0,60,0.8,0.65,4,2
,255,1.0084745762711864,,,0.2823529411764706,0.3379032258064516,0.8356029762740419,0.5745743446928625,3.4588137187409336,0.8356029762740419,,,,1.0084745762711864,1.0084745762711864,0.7736185383244207,0.808,0.8356029762740419,1.0084745762711864,1.0084745762711864,1.0224719101123596,1.05,,broad25_baseload75,weekly,0.0,0,0,60,0.85,0.0,3,1
,347,1.372316384180791,,,0.2824207492795389,0.3379032258064516,0.8358036494191605,0.5745743446928625,6.247795325889453,0.8358036494191605,,,,1.3248587570621468,1.463276836158192,0.7562189054726368,0.9181286549707602,0.8358036494191605,1.372316384180791,1.372316384180791,1.0382022471910113,1.8454545454545455,,broad25_baseload75,weekly,0.0,0,0,60,0.85,0.0,3,2
,251,0.9926553672316385,,,0.3187250996015936,0.3379032258064516,0.9432437315178427,0.5745743446928625,4.087403586975089,0.9432437315178427,,,,0.9887005649717514,1.0084745762711864,0.8366265060240965,0.8170731707317073,0.9432437315178427,0.9926553672316385,0.9926553672316385,0.9704545454545455,1.05,,broad25_baseload75,weekly,0.0,0,0,60,0.85,0.0,4,1
,341,1.348587570621469,,,0.31378299120234604,0.3379032258064516,0.9286179214580169,0.5745743446928625,5.440084958587064,0.9286179214580169,,,,1.305084745762712,1.423728813559322,0.8714859437751005,0.9136904761904762,0.9286179214580169,1.348587570621469,1.348587570621469,1.0382022471910113,1.8295454545454546,,broad25_baseload75,weekly,0.0,0,0,60,0.85,0.0,4,2
,204,0.8067796610169491,,,0.28921568627450983,0.3379032258064516,0.8559127708362583,0.5745743446928625,8.198990867627483,0.8559127708362583,,,,0.7711864406779662,0.8502824858757062,0.7592805204745503,0.6180904522613065,0.8559127708362583,0.8067796610169491,0.8067796610169491,0.4719101123595506,1.0181818181818183,,broad25_baseload75,weekly,0.0,0,0,60,0.85,0.3,3,1
,295,1.1666666666666667,,,0.29152542372881357,0.3379032258064516,0.8627482707010234,0.5745743446928625,8.577371914991403,0.8627482707010234,,,,1.0875706214689267,1.2853107344632768,0.8274328081556999,0.8,0.8627482707010234,1.1666666666666667,1.1666666666666667,0.4876404494382023,1.8136363636363637,,broad25_baseload75,weekly,0.0,0,0,60,0.85,0.3,3,2
,192,0.7593220338983051,,,0.3229166666666667,0.3379032258064516,0.9556483691328561,0.5745743446928625,16.383744891158713,0.9556483691328561,,,,0.731638418079096,0.7909604519774012,0.746987951807229,0.6310160427807486,0.9556483691328561,0.7593220338983051,0.7593220338983051,0.39325842696629215,1.0181818181818183,,broad25_baseload75,weekly,0.0,0,0,60,0.85,0.3,4,1
,282,1.1152542372881356,,,0.31560283687943264,0.3379032258064516,0.934003622268488,0.5745743446928625,14.095069821453595,0.934003622268488,,,,1.0480225988700564,1.225988700564972,0.8192771084337349,0.8086642599277978,0.934003622268488,1.1152542372881356,1.1152542372881356,0.40898876404494383,1.8136363636363637,,broad25_baseload75,weekly,0.0,0,0,60,0.85,0.3,4,2
,159,0.628813559322034,,,0.31446540880503143,0.3379032258064516,0.9306374866783746,0.5745743446928625,15.786649396878598,0.9306374866783746,,,,0.5734463276836158,0.672316384180791,0.7030474840538625,0.564935064935065,0.9306374866783746,0.628813559322034,0.628813559322034,0.15730337078651685,1.0022727272727272,,broad25_baseload75,weekly,0.0,0,0,60,0.85,0.5,3,1
,250,0.9887005649717514,,,0.312,0.3379032258064516,0.9233412887828163,0.5745743446928625,13.63903002160127,0.9233412887828163,,,,0.8898305084745763,1.1271186440677967,0.7863031071655041,0.7918367346938775,0.9233412887828163,0.9887005649717514,0.9887005649717514,0.17303370786516856,1.7977272727272728,,broad25_baseload75,weekly,0.0,0,0,60,0.85,0.5,3,2
,152,0.6011299435028249,,,0.3355263157894737,0.3379032258064516,0.9929657078256501,0.5745743446928625,22.666723000963987,0.9929657078256501,,,,0.5536723163841808,0.632768361581921,0.7710843373493976,0.5850340136054422,0.9929657078256501,0.6011299435028249,0.6011299435028249,0.15730337078651685,1.0022727272727272,,broad25_baseload75,weekly,0.0,0,0,60,0.85,0.5,4,1
,241,0.9531073446327685,,,0.3236514522821577,0.3379032258064516,0.9578229136751206,0.5745743446928625,17.714986092705473,0.9578229136751206,,,,0.8700564971751413,1.0282485875706215,0.8619091751621872,0.8008474576271186,0.9578229136751206,0.9531073446327685,0.9531073446327685,0.17303370786516856,1.7977272727272728,,broad25_baseload75,weekly,0.0,0,0,60,0.85,0.5,4,2
,118,0.46666666666666673,,,0.3220338983050847,0.3379032258064516,0.9530358804255491,0.5745743446928625,15.391099336716396,0.9530358804255491,,,,0.4152542372881356,0.5141242937853108,0.6895273401297498,0.5575221238938053,0.9530358804255491,0.46666666666666673,0.46666666666666673,0.015730337078651686,0.9227272727272727,,broad25_baseload75,weekly,0.0,0,0,60,0.85,0.65,3,1
,204,0.8067796610169491,,,0.31862745098039214,0.3379032258064516,0.9429547475314708,0.5745743446928625,14.806172918352413,0.9429547475314708,,,,0.692090395480226,0.9293785310734464,0.8264547551909768,0.8040201005025126,0.9429547475314708,0.8067796610169491,0.8067796610169491,0.03146067415730337,1.6863636363636363,,broad25_baseload75,weekly,0.0,0,0,60,0.85,0.65,3,2
,114,0.4508474576271187,,,0.3333333333333333,0.3379032258064516,0.9864757358790771,0.5745743446928625,15.706837789552969,0.9864757358790771,,,,0.4152542372881356,0.4745762711864407,0.746987951807229,0.5596330275229358,0.9864757358790771,0.4508474576271187,0.4508474576271187,0.015730337078651686,0.9227272727272727,,broad25_baseload75,weekly,0.0,0,0,60,0.85,0.65,4,1
,199,0.7870056497175141,,,0.32663316582914576,0.3379032258064516,0.9666470778714576,0.5745743446928625,15.274895431113006,0.9666470778714576,,,,0.692090395480226,0.8700564971751413,0.8380952380952381,0.8092783505154639,0.9666470778714576,0.7870056497175141,0.7870056497175141,0.03146067415730337,1.6863636363636363,,broad25_baseload75,weekly,0.0,0,0,60,0.85,0.65,4,2
,255,1.0084745762711864,,,0.2901960784313726,0.3379032258064516,0.858814170059432,0.5745743446928625,3.8863298276594165,0.858814170059432,,,,1.0084745762711864,1.0084745762711864,0.8288770053475936,0.824,0.858814170059432,1.0084745762711864,1.0084745762711864,1.0224719101123596,1.05,,broad25_baseload75,weekly,0.0,0,0,60,0.9,0.0,3,1
,340,1.344632768361582,,,0.2852941176470588,0.3379032258064516,0.8443071739435631,0.5745743446928625,5.724518091582338,0.8443071739435631,,,,1.2853107344632768,1.4039548022598871,0.7794871794871795,0.9164179104477612,0.8443071739435631,1.344632768361582,1.344632768361582,1.0382022471910113,1.8136363636363637,,broad25_baseload75,weekly,0.0,0,0,60,0.9,0.0,3,2
,251,0.9926553672316385,,,0.33067729083665337,0.3379032258064516,0.9786153714497619,0.5745743446928625,4.292634887622143,0.9786153714497619,,,,0.9887005649717514,1.0084745762711864,0.8963855421686747,0.8292682926829268,0.9786153714497619,0.9926553672316385,0.9926553672316385,0.9704545454545455,1.05,,broad25_baseload75,weekly,0.0,0,0,60,0.9,0.0,4,1
,334,1.3209039548022599,,,0.3263473053892216,0.3379032258064516,0.9658010947079588,0.5745743446928625,6.416888062973288,0.9658010947079588,,,,1.265536723163842,1.384180790960452,0.8963855421686747,0.9057750759878419,0.9658010947079588,1.3209039548022599,1.3209039548022599,1.0382022471910113,1.7818181818181817,,broad25_baseload75,weekly,0.0,0,0,60,0.9,0.0,4,2
,204,0.8067796610169491,,,0.29901960784313725,0.3379032258064516,0.8849267630679957,0.5745743446928625,8.733386003775585,0.8849267630679957,,,,0.7711864406779662,0.8502824858757062,0.7592805204745503,0.6381909547738693,0.8849267630679957,0.8067796610169491,0.8067796610169491,0.4719101123595506,1.0181818181818183,,broad25_baseload75,weekly,0.0,0,0,60,0.9,0.3,3,1
,288,1.1389830508474577,,,0.2951388888888889,0.3379032258064516,0.8734420578095996,0.5745743446928625,9.169797836650364,0.8734420578095996,,,,1.0875706214689267,1.225988700564972,0.8674698795180724,0.7950530035335689,0.8734420578095996,1.1389830508474577,1.1389830508474577,0.4876404494382023,1.7818181818181817,,broad25_baseload75,weekly,0.0,0,0,60,0.9,0.3,3,2
,192,0.7593220338983051,,,0.3333333333333333,0.3379032258064516,0.9864757358790771,0.5745743446928625,15.88434427482605,0.9864757358790771,,,,0.731638418079096,0.7909604519774012,0.821686746987952,0.6363636363636364,0.9864757358790771,0.7593220338983051,0.7593220338983051,0.39325842696629215,1.0181818181818183,,broad25_baseload75,weekly,0.0,0,0,60,0.9,0.3,4,1
,274,1.0836158192090395,,,0.3284671532846715,0.3379032258064516,0.972074630245806,0.5745743446928625,15.054401134959567,0.972074630245806,,,,1.0084745762711864,1.1864406779661016,0.8465863453815261,0.79182156133829,0.972074630245806,1.0836158192090395,1.0836158192090395,0.40898876404494383,1.7659090909090909,,broad25_baseload75,weekly,0.0,0,0,60,0.9,0.3,4,2
,159,0.628813559322034,,,0.3270440251572327,0.3379032258064516,0.9678629861455097,0.5745743446928625,15.625779753531187,0.9678629861455097,,,,0.5734463276836158,0.672316384180791,0.7909284195605953,0.5714285714285714,0.9678629861455097,0.628813559322034,0.628813559322034,0.15730337078651685,1.0022727272727272,,broad25_baseload75,weekly,0.0,0,0,60,0.9,0.5,3,1
,242,0.9570621468926553,,,0.3181818181818182,0.3379032258064516,0.9416359297027554,0.5745743446928625,14.685996629668436,0.9416359297027554,,,,0.8502824858757062,1.0677966101694916,0.8299866131191433,0.7848101265822784,0.9416359297027554,0.9570621468926553,0.9570621468926553,0.17303370786516856,1.75,,broad25_baseload75,weekly,0.0,0,0,60,0.9,0.5,3,2
,150,0.5932203389830508,,,0.3466666666666667,0.3379032258064516,1.0259347653142403,0.5745743446928625,21.486026114213512,1.0259347653142403,,,,0.5536723163841808,0.632768361581921,0.8674698795180724,0.5862068965517241,1.0259347653142403,0.5932203389830508,0.5932203389830508,0.15730337078651685,1.0022727272727272,,broad25_baseload75,weekly,0.0,0,0,60,0.9,0.5,4,1
,232,0.9175141242937853,,,0.33620689655172414,0.3379032258064516,0.9949798370504486,0.5745743446928625,18.52592985924287,0.9949798370504486,,,,0.8305084745762712,1.0084745762711864,0.8788093550673283,0.7841409691629956,0.9949798370504486,0.9175141242937853,0.9175141242937853,0.17303370786516856,1.75,,broad25_baseload75,weekly,0.0,0,0,60,0.9,0.5,4,2
,117,0.46271186440677964,,,0.3418803418803419,0.3379032258064516,1.0117699855170024,0.5745743446928625,16.18371410636559,1.0117699855170024,,,,0.4152542372881356,0.5141242937853108,0.8044485634847081,0.5535714285714286,1.0117699855170024,0.46271186440677964,0.46271186440677964,0.015730337078651686,0.9227272727272727,,broad25_baseload75,weekly,0.0,0,0,60,0.9,0.65,3,1
,196,0.7751412429378532,,,0.33163265306122447,0.3379032258064516,0.9814426964103063,0.5745743446928625,16.88658226143805,0.9814426964103063,,,,0.652542372881356,0.8898305084745763,0.863186077643909,0.7958115183246073,0.9814426964103063,0.7751412429378532,0.7751412429378532,0.03146067415730337,1.638636363636364,,broad25_baseload75,weekly,0.0,0,0,60,0.9,0.65,3,2
,112,0.4429378531073446,,,0.33035714285714285,0.3379032258064516,0.9776679168087282,0.5745743446928625,12.535086233380424,0.9776679168087282,,,,0.4152542372881356,0.4745762711864407,0.8714859437751005,0.5420560747663551,0.9776679168087282,0.4429378531073446,0.4429378531073446,0.015730337078651686,0.9227272727272727,,broad25_baseload75,weekly,0.0,0,0,60,0.9,0.65,4,1
,188,0.7435028248587571,,,0.3351063829787234,0.3379032258064516,0.9917229472401362,0.5745743446928625,16.568186540035573,0.9917229472401362,,,,0.652542372881356,0.8502824858757062,0.8888888888888888,0.7868852459016393,0.9917229472401362,0.7435028248587571,0.7435028248587571,0.03146067415730337,1.6227272727272726,,broad25_baseload75,weekly,0.0,0,0,60,0.9,0.65,4,2
0.15,234,0.9254237288135593,20.0,0.0,0.4188034188034188,0.3379032258064516,1.2394182322583278,0.5896034581495877,41.54648405664303,1.2394182322583278,1.2394182322583278,1.0,1.0,0.8898305084745763,0.9689265536723164,1.0074074074074073,0.8034934497816594,1.2394182322583278,0.9254237288135593,0.9254237288135593,0.4719101123595506,1.9090909090909092,4.0,broad50_baseload50,rolling,0.15,20,0,0,0.0,0.0,0,0
0.15,195,0.7711864406779662,40.0,0.0,0.4307692307692308,0.3379032258064516,1.274830181751423,0.5896034581495877,48.63055942648232,1.274830181751423,1.274830181751423,1.0,1.0,0.711864406779661,0.8898305084745763,1.1228070175438596,0.868421052631579,1.274830181751423,0.7711864406779662,0.7711864406779662,0.0875,1.8454545454545455,4.0,broad50_baseload50,rolling,0.15,40,0,0,0.0,0.0,0,0
0.15,188,0.7435028248587571,60.0,0.0,0.44148936170212766,0.3379032258064516,1.3065556289036715,0.5896034581495877,47.87974554885169,1.3065556289036715,1.3065556289036715,1.0,1.0,0.652542372881356,0.8107344632768362,1.1660299735527477,0.8743169398907104,1.3065556289036715,0.7435028248587571,0.7435028248587571,0.0875,1.7977272727272728,4.0,broad50_baseload50,rolling,0.15,60,0,0,0.0,0.0,0,0
0.15,183,0.7237288135593221,120.0,0.0,0.46994535519125685,0.3379032258064516,1.3907690702557483,0.5896034581495877,59.061771573168066,1.3907690702557483,1.3907690702557483,1.0,1.0,0.672316384180791,0.7909604519774012,1.2252252252252254,0.9157303370786517,1.3907690702557483,0.7237288135593221,0.7237288135593221,0.07954545454545454,1.6704545454545454,4.0,broad50_baseload50,rolling,0.15,120,0,0,0.0,0.0,0,0
0.15,154,0.6090395480225989,250.0,0.0,0.42207792207792205,0.3379032258064516,1.2491088863403899,0.5896034581495877,46.89981777371738,1.2491088863403899,1.2491088863403899,1.0,1.0,0.3361581920903955,0.711864406779661,1.0886742756804215,0.9328859060402684,1.2491088863403899,0.6090395480225989,0.6090395480225989,0.07,1.195505617977528,4.0,broad50_baseload50,rolling,0.15,250,0,0,0.0,0.0,0,0
0.15,104,0.4112994350282486,40.0,3.0,0.3942307692307692,0.3379032258064516,1.1666972645492932,0.5896034581495877,40.6462983241113,1.1666972645492932,1.1666972645492932,1.0,1.0,0.37570621468926557,0.43502824858757067,1.0158730158730158,0.7373737373737373,1.1666972645492932,0.4112994350282486,0.4112994350282486,0.0875,0.9545454545454546,4.0,broad50_baseload50,rolling,0.15,40,3,0,0.0,0.0,0,0
0.15,98,0.3875706214689266,60.0,3.0,0.3979591836734694,0.3379032258064516,1.1777312356923677,0.5896034581495877,42.4418229056418,1.1777312356923677,1.1777312356923677,1.0,1.0,0.3163841807909605,0.43502824858757067,1.0382775119617225,0.7204301075268817,1.1777312356923677,0.3875706214689266,0.3875706214689266,0.0875,0.8590909090909091,4.0,broad50_baseload50,rolling,0.15,60,3,0,0.0,0.0,0,0
0.15,92,0.3638418079096045,120.0,3.0,0.42391304347826086,0.3379032258064516,1.25453979454187,0.5896034581495877,46.3972012534919,1.25453979454187,1.25453979454187,1.0,1.0,0.3361581920903955,0.3954802259887006,1.0666666666666667,0.8045977011494253,1.25453979454187,0.3638418079096045,0.3638418079096045,0.07954545454545454,0.7795454545454547,4.0,broad50_baseload50,rolling,0.15,120,3,0,0.0,0.0,0,0
0.18,263,1.0401129943502825,20.0,0.0,0.39543726235741444,0.3379032258064516,1.1702677931341143,0.5896034581495877,34.29890619217164,1.1702677931341143,1.1702677931341143,1.0,1.0,1.0084745762711864,1.1073446327683616,0.9743589743589743,0.8217054263565892,1.1702677931341143,1.0401129943502825,1.0401129943502825,0.5075,2.084090909090909,4.0,broad50_baseload50,rolling,0.18,20,0,0,0.0,0.0,0,0
0.18,220,0.8700564971751413,40.0,0.0,0.41363636363636364,0.3379032258064516,1.224126708613582,0.5896034581495877,43.42001038273763,1.224126708613582,1.224126708613582,1.0,1.0,0.8107344632768362,0.9887005649717514,1.0159036144578315,0.8604651162790697,1.224126708613582,0.8700564971751413,0.8700564971751413,0.1575,2.0681818181818183,4.0,broad50_baseload50,rolling,0.18,40,0,0,0.0,0.0,0,0
0.18,206,0.8146892655367233,60.0,0.0,0.441747572815534,0.3379032258064516,1.3073197858980004,0.5896034581495877,51.09834598769915,1.3073197858980004,1.3073197858980004,1.0,1.0,0.7514124293785311,0.9096045197740114,1.090909090909091,0.8756218905472637,1.3073197858980004,0.8146892655367233,0.8146892655367233,0.105,1.956818181818182,4.0,broad50_baseload50,rolling,0.18,60,0,0,0.0,0.0,0,0
0.18,209,0.8265536723163841,120.0,0.0,0.45454545454545453,0.3379032258064516,1.3451941852896507,0.5896034581495877,56.8864895222924,1.3451941852896507,1.3451941852896507,1.0,1.0,0.7909604519774012,0.8700564971751413,1.1515151515151516,0.9019607843137255,1.3451941852896507,0.8265536723163841,0.8265536723163841,0.07954545454545454,1.75,4.0,broad50_baseload50,rolling,0.18,120,0,0,0.0,0.0,0,0
0.18,169,0.6683615819209039,250.0,0.0,0.4319526627218935,0.3379032258064516,1.2783324624705201,0.5896034581495877,48.29115137223101,1.2783324624705201,1.2783324624705201,1.0,1.0,0.4745762711864407,0.7514124293785311,1.1951807228915663,0.9146341463414634,1.2783324624705201,0.6683615819209039,0.6683615819209039,0.07954545454545454,1.2898876404494382,4.0,broad50_baseload50,rolling,0.18,250,0,0,0.0,0.0,0,0
0.18,118,0.46666666666666673,40.0,3.0,0.3644067796610169,0.3379032258064516,1.0784353383762793,0.5896034581495877,34.01207051075705,1.0784353383762793,1.0784353383762793,1.0,1.0,0.43502824858757067,0.4943502824858757,0.9561445783132531,0.7345132743362832,1.0784353383762793,0.46666666666666673,0.46666666666666673,0.1575,1.0181818181818183,4.0,broad50_baseload50,rolling,0.18,40,3,0,0.0,0.0,0,0
0.18,110,0.43502824858757067,60.0,3.0,0.4,0.3379032258064516,1.1837708830548928,0.5896034581495877,46.24282790686584,1.1837708830548928,1.1837708830548928,1.0,1.0,0.37570621468926557,0.5141242937853108,0.896694214876033,0.7333333333333333,1.1837708830548928,0.43502824858757067,0.43502824858757067,0.105,0.9545454545454546,4.0,broad50_baseload50,rolling,0.18,60,3,0,0.0,0.0,0,0
0.18,104,0.4112994350282486,120.0,3.0,0.375,0.3379032258064516,1.1097852028639619,0.5896034581495877,39.78198522272756,1.1097852028639619,1.1097852028639619,1.0,1.0,0.37570621468926557,0.4745762711864407,0.8888888888888888,0.7878787878787878,1.1097852028639619,0.4112994350282486,0.4112994350282486,0.07954545454545454,0.8113636363636363,4.0,broad50_baseload50,rolling,0.18,120,3,0,0.0,0.0,0,0
0.2,271,1.0717514124293785,20.0,0.0,0.3985239852398524,0.3379032258064516,1.1794027248148375,0.5896034581495877,36.270724673278366,1.1794027248148375,1.1794027248148375,1.0,1.0,1.0084745762711864,1.1468926553672316,1.0062893081761006,0.8233082706766918,1.1794027248148375,1.0717514124293785,1.0717514124293785,0.56,2.115909090909091,4.0,broad50_baseload50,rolling,0.2,20,0,0,0.0,0.0,0,0
0.2,231,0.9135593220338984,40.0,0.0,0.41125541125541126,0.3379032258064516,1.217080453357303,0.5896034581495877,42.47612192967264,1.217080453357303,1.217080453357303,1.0,1.0,0.8305084745762712,1.0480225988700564,1.0555555555555556,0.8761061946902655,1.217080453357303,0.9135593220338984,0.9135593220338984,0.175,2.1636363636363636,4.0,broad50_baseload50,rolling,0.2,40,0,0,0.0,0.0,0,0
0.2,225,0.8898305084745763,60.0,0.0,0.4266666666666667,0.3379032258064516,1.262688941925219,0.5896034581495877,49.05478263247018,1.262688941925219,1.262688941925219,1.0,1.0,0.8305084745762712,0.9689265536723164,1.034013605442177,0.8772727272727273,1.262688941925219,0.8898305084745763,0.8898305084745763,0.1575,2.0522727272727272,4.0,broad50_baseload50,rolling,0.2,60,0,0,0.0,0.0,0,0
0.2,223,0.8819209039548023,120.0,0.0,0.4304932735426009,0.3379032258064516,1.2740135064267903,0.5896034581495877,54.0852617585328,1.2740135064267903,1.2740135064267903,1.0,1.0,0.8305084745762712,0.9491525423728814,1.125925925925926,0.9036697247706422,1.2740135064267903,0.8819209039548023,0.8819209039548023,0.1272727272727273,1.7977272727272728,4.0,broad50_baseload50,rolling,0.2,120,0,0,0.0,0.0,0,0
0.2,181,0.7158192090395481,250.0,0.0,0.430939226519337,0.3379032258064516,1.27533327179947,0.5896034581495877,49.04828861528762,1.27533327179947,1.27533327179947,1.0,1.0,0.612994350282486,0.7711864406779662,1.1305763594920222,0.9204545454545454,1.27533327179947,0.7158192090395481,0.7158192090395481,0.07954545454545454,1.3370786516853934,4.0,broad50_baseload50,rolling,0.2,250,0,0,0.0,0.0,0,0
0.2,126,0.49830508474576274,40.0,3.0,0.36507936507936506,0.3379032258064516,1.0804258059627987,0.5896034581495877,34.31579532904214,1.0804258059627987,1.0804258059627987,1.0,1.0,0.4548022598870057,0.5536723163841808,0.9802371541501975,0.743801652892562,1.0804258059627987,0.49830508474576274,0.49830508474576274,0.175,1.0818181818181818,4.0,broad50_baseload50,rolling,0.2,40,3,0,0.0,0.0,0,0
0.2,121,0.47853107344632767,60.0,3.0,0.38016528925619836,0.3379032258064516,1.1250715004240714,0.5896034581495877,42.31648804791011,1.1250715004240714,1.1250715004240714,1.0,1.0,0.43502824858757067,0.5338983050847458,0.96,0.7413793103448276,1.1250715004240714,0.47853107344632767,0.47853107344632767,0.1575,1.0022727272727272,4.0,broad50_baseload50,rolling,0.2,60,3,0,0.0,0.0,0,0
0.2,111,0.43898305084745765,120.0,3.0,0.3333333333333333,0.3379032258064516,0.9864757358790771,0.5896034581495877,39.39411752784025,0.9864757358790771,0.9864757358790771,0.0,1.0,0.3954802259887006,0.4745762711864407,0.7777777777777778,0.7830188679245284,0.9864757358790771,0.43898305084745765,0.43898305084745765,0.09545454545454546,0.8590909090909091,4.0,broad50_baseload50,rolling,0.2,120,3,0,0.0,0.0,0,0
0.22,298,1.1785310734463277,20.0,0.0,0.3926174496644295,0.3379032258064516,1.161922762730054,0.5896034581495877,35.64895848040339,1.161922762730054,1.161922762730054,1.0,1.0,1.1468926553672316,1.225988700564972,1.0120481927710843,0.8327645051194539,1.161922762730054,1.1785310734463277,1.1785310734463277,0.6449438202247191,2.2272727272727275,4.0,broad50_baseload50,rolling,0.22,20,0,0,0.0,0.0,0,0
0.22,246,0.9728813559322035,40.0,0.0,0.4024390243902439,0.3379032258064516,1.1909889981954713,0.5896034581495877,42.3233387147045,1.1909889981954713,1.1909889981954713,1.0,1.0,0.9293785310734464,1.0677966101694916,0.9934640522875817,0.8630705394190872,1.1909889981954713,0.9728813559322035,0.9728813559322035,0.2275,2.2113636363636364,4.0,broad50_baseload50,rolling,0.22,40,0,0,0.0,0.0,0,0
0.22,234,0.9254237288135593,60.0,0.0,0.42735042735042733,0.3379032258064516,1.2647124818962527,0.5896034581495877,47.26089179264225,1.2647124818962527,1.2647124818962527,1.0,1.0,0.8502824858757062,1.0084745762711864,1.0457516339869282,0.8777292576419214,1.2647124818962527,0.9254237288135593,0.9254237288135593,0.175,2.1,4.0,broad50_baseload50,rolling,0.22,60,0,0,0.0,0.0,0,0
0.22,244,0.9649717514124294,120.0,0.0,0.430327868852459,0.3379032258064516,1.2735240032865136,0.5896034581495877,54.26482213175283,1.2735240032865136,1.2735240032865136,1.0,1.0,0.9293785310734464,1.0084745762711864,1.0980392156862744,0.899581589958159,1.2735240032865136,0.9649717514124294,0.9649717514124294,0.1431818181818182,1.8931818181818183,4.0,broad50_baseload50,rolling,0.22,120,0,0,0.0,0.0,0,0
0.22,192,0.7593220338983051,250.0,0.0,0.4322916666666667,0.3379032258064516,1.2793357199681783,0.5896034581495877,49.517321380917544,1.2793357199681783,1.2793357199681783,1.0,1.0,0.731638418079096,0.7909604519774012,1.1929824561403508,0.9037433155080213,1.2793357199681783,0.7593220338983051,0.7593220338983051,0.07954545454545454,1.4157303370786518,4.0,broad50_baseload50,rolling,0.22,250,0,0,0.0,0.0,0,0
0.22,132,0.5220338983050847,40.0,3.0,0.3787878787878788,0.3379032258064516,1.1209951544080423,0.5896034581495877,40.03235887842472,1.1209951544080423,1.1209951544080423,1.0,1.0,0.4943502824858757,0.5536723163841808,0.9876543209876543,0.7165354330708661,1.1209951544080423,0.5220338983050847,0.5220338983050847,0.2275,1.0818181818181818,4.0,broad50_baseload50,rolling,0.22,40,3,0,0.0,0.0,0,0
0.22,128,0.5062146892655368,60.0,3.0,0.3828125,0.3379032258064516,1.1329057279236276,0.5896034581495877,39.760950778500195,1.1329057279236276,1.1329057279236276,1.0,1.0,0.43502824858757067,0.5338983050847458,0.9755244755244754,0.7398373983739838,1.1329057279236276,0.5062146892655368,0.5062146892655368,0.1575,1.05,4.0,broad50_baseload50,rolling,0.22,60,3,0,0.0,0.0,0,0
0.22,121,0.47853107344632767,120.0,3.0,0.35537190082644626,0.3379032258064516,1.051697272135545,0.5896034581495877,44.988963989956964,1.051697272135545,1.051697272135545,1.0,1.0,0.4548022598870057,0.5338983050847458,0.7901234567901234,0.7758620689655172,1.051697272135545,0.47853107344632767,0.47853107344632767,0.09545454545454546,0.9227272727272727,4.0,broad50_baseload50,rolling,0.22,120,3,0,0.0,0.0,0,0
0.25,329,1.301129943502825,20.0,0.0,0.4012158054711246,0.3379032258064516,1.187368970845333,0.5896034581495877,35.95861872022827,1.187368970845333,1.187368970845333,1.0,1.0,1.225988700564972,1.344632768361582,1.0545712260807938,0.8364197530864198,1.187368970845333,1.301129943502825,1.301129943502825,0.6921348314606742,2.418181818181818,4.0,broad50_baseload50,rolling,0.25,20,0,0,0.0,0.0,0,0
0.25,266,1.0519774011299436,40.0,0.0,0.39849624060150374,0.3379032258064516,1.1793206165772425,0.5896034581495877,36.16779692280594,1.1793206165772425,1.1793206165772425,1.0,1.0,0.9887005649717514,1.1666666666666667,1.037037037037037,0.8697318007662835,1.1793206165772425,1.0519774011299436,1.0519774011299436,0.2275,2.3704545454545456,4.0,broad50_baseload50,rolling,0.25,40,0,0,0.0,0.0,0,0
0.25,271,1.0717514124293785,60.0,0.0,0.4095940959409594,0.3379032258064516,1.2121639116152498,0.5896034581495877,44.6824622030713,1.2121639116152498,1.2121639116152498,1.0,1.0,1.0084745762711864,1.1468926553672316,0.9824561403508771,0.8646616541353384,1.2121639116152498,1.0717514124293785,1.0717514124293785,0.33249999999999996,2.243181818181818,4.0,broad50_baseload50,rolling,0.25,60,0,0,0.0,0.0,0,0
0.25,267,1.0559322033898306,120.0,0.0,0.4232209737827715,0.3379032258064516,1.2524916646554576,0.5896034581495877,51.38052813938457,1.2524916646554576,1.2524916646554576,1.0,1.0,1.0282485875706215,1.1073446327683616,1.0476190476190477,0.9045801526717557,1.2524916646554576,1.0559322033898306,1.0559322033898306,0.17500000000000002,2.0204545454545455,4.0,broad50_baseload50,rolling,0.25,120,0,0,0.0,0.0,0,0
0.25,211,0.8344632768361583,250.0,0.0,0.44075829383886256,0.3379032258064516,1.3043920867784955,0.5896034581495877,54.522638475651625,1.3043920867784955,1.3043920867784955,1.0,1.0,0.8107344632768362,0.8502824858757062,1.170731707317073,0.883495145631068,1.3043920867784955,0.8344632768361583,0.8344632768361583,0.07954545454545454,1.510112359550562,4.0,broad50_baseload50,rolling,0.25,250,0,0,0.0,0.0,0,0
0.25,144,0.5694915254237288,40.0,3.0,0.3680555555555556,0.3379032258064516,1.0892336250331478,0.5896034581495877,30.563365651784586,1.0892336250331478,1.0892336250331478,1.0,1.0,0.5338983050847458,0.612994350282486,0.9523809523809524,0.7482014388489209,1.0892336250331478,0.5694915254237288,0.5694915254237288,0.2275,1.1613636363636364,4.0,broad50_baseload50,rolling,0.25,40,3,0,0.0,0.0,0,0
0.25,148,0.5853107344632769,60.0,3.0,0.35135135135135137,0.3379032258064516,1.0397987486292977,0.5896034581495877,36.13321926158833,1.0397987486292977,1.0397987486292977,1.0,1.0,0.5141242937853108,0.612994350282486,0.7999999999999999,0.7202797202797203,1.0397987486292977,0.5853107344632769,0.5853107344632769,0.28,1.1295454545454544,4.0,broad50_baseload50,rolling,0.25,60,3,0,0.0,0.0,0,0
0.25,135,0.5338983050847458,120.0,3.0,0.3333333333333333,0.3379032258064516,0.9864757358790771,0.5896034581495877,37.978740429838176,0.9864757358790771,0.9864757358790771,0.0,1.0,0.4943502824858757,0.5734463276836158,0.735632183908046,0.7846153846153846,0.9864757358790771,0.5338983050847458,0.5338983050847458,0.1272727272727273,1.0022727272727272,4.0,broad50_baseload50,rolling,0.25,120,3,0,0.0,0.0,0,0
0.3,383,1.514689265536723,20.0,0.0,0.39947780678851175,0.3379032258064516,1.182225490257171,0.5896034581495877,32.80420059838717,1.182225490257171,1.182225490257171,1.0,1.0,1.4435028248587571,1.6214689265536724,1.0342910101946248,0.8624338624338624,1.182225490257171,1.514689265536723,1.514689265536723,0.8337078651685393,2.640909090909091,4.0,broad50_baseload50,rolling,0.3,20,0,0,0.0,0.0,0,0
0.3,305,1.2062146892655368,40.0,0.0,0.38688524590163936,0.3379032258064516,1.1449587229547322,0.5896034581495877,29.103206483058923,1.1449587229547322,1.1449587229547322,1.0,1.0,1.0875706214689267,1.3248587570621468,0.9811185038662111,0.87,1.1449587229547322,1.2062146892655368,1.2062146892655368,0.3675,2.5295454545454548,4.0,broad50_baseload50,rolling,0.3,40,0,0,0.0,0.0,0,0
0.3,322,1.2734463276836159,60.0,0.0,0.37577639751552794,0.3379032258064516,1.1120828947953572,0.5896034581495877,35.878935439778004,1.1120828947953572,1.1120828947953572,1.0,1.0,1.1271186440677967,1.4039548022598871,0.8756218905472637,0.9053627760252366,1.1120828947953572,1.2734463276836159,1.2734463276836159,0.5425,2.465909090909091,4.0,broad50_baseload50,rolling,0.3,60,0,0,0.0,0.0,0,0
0.3,320,1.265536723163842,120.0,0.0,0.425,0.3379032258064516,1.2577565632458234,0.5896034581495877,44.86699983416126,1.2577565632458234,1.2577565632458234,1.0,1.0,1.1864406779661016,1.344632768361582,1.0196078431372548,0.9111111111111111,1.2577565632458234,1.265536723163842,1.265536723163842,0.30227272727272725,2.2272727272727275,4.0,broad50_baseload50,rolling,0.3,120,0,0,0.0,0.0,0,0
0.3,265,1.0480225988700564,250.0,0.0,0.4339622641509434,0.3379032258064516,1.2842797316161572,0.5896034581495877,52.54298389357438,1.2842797316161572,1.2842797316161572,1.0,1.0,1.0084745762711864,1.0875706214689267,1.0256410256410258,0.8653846153846154,1.2842797316161572,1.0480225988700564,1.0480225988700564,0.17500000000000002,1.856179775280899,4.0,broad50_baseload50,rolling,0.3,250,0,0,0.0,0.0,0,0
0.3,168,0.664406779661017,40.0,3.0,0.38095238095238093,0.3379032258064516,1.1274008410046596,0.5896034581495877,28.880795527011184,1.1274008410046596,1.1274008410046596,1.0,1.0,0.5932203389830508,0.711864406779661,0.9390705679862307,0.7423312883435583,1.1274008410046596,0.664406779661017,0.664406779661017,0.35,1.240909090909091,4.0,broad50_baseload50,rolling,0.3,40,3,0,0.0,0.0,0,0
0.3,167,0.6604519774011299,60.0,3.0,0.32934131736526945,0.3379032258064516,0.9746616552098667,0.5896034581495877,30.31711311557292,0.9746616552098667,0.9746616552098667,0.0,1.0,0.5536723163841808,0.731638418079096,0.7058823529411765,0.7839506172839507,0.9746616552098667,0.6604519774011299,0.6604519774011299,0.3675,1.225,4.0,broad50_baseload50,rolling,0.3,60,3,0,0.0,0.0,0,0
0.3,162,0.6406779661016949,120.0,3.0,0.36419753086419754,0.3379032258064516,1.0778160817938065,0.5896034581495877,37.08447038447598,1.0778160817938065,1.0778160817938065,1.0,1.0,0.5932203389830508,0.692090395480226,0.8380952380952381,0.802547770700637,1.0778160817938065,0.6406779661016949,0.6406779661016949,0.19090909090909092,1.0977272727272729,4.0,broad50_baseload50,rolling,0.3,120,3,0,0.0,0.0,0,0
0.35,428,1.6926553672316385,20.0,0.0,0.3855140186915888,0.3379032258064516,1.1409006758414562,0.5896034581495877,26.7377880543567,1.1409006758414562,1.1409006758414562,1.0,1.0,1.5819209039548023,1.7994350282485876,0.9522044220839402,0.8747044917257684,1.1409006758414562,1.6926553672316385,1.6926553672316385,1.006741573033708,2.8954545454545455,4.0,broad50_baseload50,rolling,0.35,20,0,0,0.0,0.0,0,0
0.35,347,1.372316384180791,40.0,0.0,0.3746397694524496,0.3379032258064516,1.1087191267805192,0.5896034581495877,29.771725260464585,1.1087191267805192,1.1087191267805192,1.0,1.0,1.265536723163842,1.5423728813559323,0.9552238805970149,0.8713450292397661,1.1087191267805192,1.372316384180791,1.372316384180791,0.5774999999999999,2.6886363636363635,4.0,broad50_baseload50,rolling,0.35,40,0,0,0.0,0.0,0,0
0.35,365,1.4435028248587571,60.0,0.0,0.3698630136986301,0.3379032258064516,1.0945826658384281,0.5896034581495877,30.86442773982062,1.0945826658384281,1.0945826658384281,1.0,1.0,1.265536723163842,1.5819209039548023,0.8888888888888888,0.9138888888888889,1.0945826658384281,1.4435028248587571,1.4435028248587571,0.6825,2.625,4.0,broad50_baseload50,rolling,0.35,60,0,0,0.0,0.0,0,0
0.35,381,1.5067796610169493,120.0,0.0,0.42782152230971127,0.3379032258064516,1.2661066531361385,0.5896034581495877,44.62325285504125,1.2661066531361385,1.2661066531361385,1.0,1.0,1.3248587570621468,1.6610169491525424,1.0,0.9042553191489362,1.2661066531361385,1.5067796610169493,1.5067796610169493,0.5409090909090909,2.465909090909091,4.0,broad50_baseload50,rolling,0.35,120,0,0,0.0,0.0,0,0
0.35,319,1.2615819209039547,250.0,0.0,0.438871473354232,0.3379032258064516,1.2988081789003525,0.5896034581495877,53.552648994439735,1.2988081789003525,1.2988081789003525,1.0,1.0,1.1864406779661016,1.305084745762712,1.090909090909091,0.89171974522293,1.2988081789003525,1.2615819209039547,1.2615819209039547,0.2863636363636364,2.1707865168539326,4.0,broad50_baseload50,rolling,0.35,250,0,0,0.0,0.0,0,0
0.35,188,0.7435028248587571,40.0,3.0,0.34574468085106386,0.3379032258064516,1.0232062154064898,0.5896034581495877,28.737047786630377,1.0232062154064898,1.0232062154064898,1.0,1.0,0.672316384180791,0.8107344632768362,0.7619047619047619,0.7431693989071039,1.0232062154064898,0.7435028248587571,0.7435028248587571,0.4375,1.3045454545454545,4.0,broad50_baseload50,rolling,0.35,40,3,0,0.0,0.0,0,0
0.35,184,0.727683615819209,60.0,3.0,0.31521739130434784,0.3379032258064516,0.9328629241465187,0.5896034581495877,26.658493523792764,0.9328629241465187,0.9328629241465187,0.0,1.0,0.632768361581921,0.7711864406779662,0.6666666666666666,0.7877094972067039,0.9328629241465187,0.727683615819209,0.727683615819209,0.42,1.2727272727272727,4.0,broad50_baseload50,rolling,0.35,60,3,0,0.0,0.0,0,0
0.35,194,0.7672316384180791,120.0,3.0,0.3865979381443299,0.3379032258064516,1.1441084565607855,0.5896034581495877,42.30397311004236,1.1441084565607855,1.1441084565607855,1.0,1.0,0.652542372881356,0.8700564971751413,0.8888888888888888,0.8042328042328042,1.1441084565607855,0.7672316384180791,0.7672316384180791,0.3340909090909091,1.1772727272727272,4.0,broad50_baseload50,rolling,0.35,120,3,0,0.0,0.0,0,0
,255,1.0084745762711864,,,0.30196078431372547,0.3379032258064516,0.8936309607375169,0.5896034581495877,19.698856640311426,0.8936309607375169,,,,1.0084745762711864,1.0084745762711864,0.7736185383244207,0.692,0.8936309607375169,1.0084745762711864,1.0084745762711864,1.0224719101123596,1.05,,broad50_baseload50,weekly,0.0,0,0,10,0.75,0.0,3,1
,388,1.5344632768361581,,,0.3324742268041237,0.3379032258064516,0.9839332726422754,0.5896034581495877,31.1346765511401,0.9839332726422754,,,,1.4830508474576272,1.5819209039548023,0.9,0.8433420365535248,0.9839332726422754,1.5344632768361581,1.5344632768361581,1.4000000000000001,1.8772727272727274,,broad50_baseload50,weekly,0.0,0,0,10,0.75,0.0,3,2
,255,1.0084745762711864,,,0.3254901960784314,0.3379032258064516,0.9632645420936872,0.5896034581495877,25.891113669683914,0.9632645420936872,,,,1.0084745762711864,1.0084745762711864,0.8202220647295064,0.692,0.9632645420936872,1.0084745762711864,1.0084745762711864,1.0224719101123596,1.05,,broad50_baseload50,weekly,0.0,0,0,10,0.75,0.0,4,1
,382,1.5107344632768362,,,0.3586387434554974,0.3379032258064516,1.061365255095028,0.5896034581495877,31.57363188300218,1.061365255095028,,,,1.463276836158192,1.5423728813559323,0.9576768612913192,0.8461538461538461,1.061365255095028,1.5107344632768362,1.5107344632768362,1.3528089887640449,1.8772727272727274,,broad50_baseload50,weekly,0.0,0,0,10,0.75,0.0,4,2
,241,0.9531073446327685,,,0.3070539419087137,0.3379032258064516,0.9087037898969094,0.5896034581495877,20.123392143678156,0.9087037898969094,,,,0.9293785310734464,0.9689265536723164,0.8264547551909768,0.614406779661017,0.9087037898969094,0.9531073446327685,0.9531073446327685,0.9450000000000001,1.0181818181818183,,broad50_baseload50,weekly,0.0,0,0,10,0.75,0.3,3,1
,371,1.4672316384180792,,,0.3477088948787062,0.3379032258064516,1.0290191638415171,0.5896034581495877,29.264171493270755,1.0290191638415171,,,,1.4435028248587571,1.5028248587570623,0.912280701754386,0.7841530054644809,1.0290191638415171,1.4672316384180792,1.4672316384180792,1.3370786516853934,1.8613636363636363,,broad50_baseload50,weekly,0.0,0,0,10,0.75,0.3,3,2
,238,0.9412429378531074,,,0.3277310924369748,0.3379032258064516,0.9698963117466557,0.5896034581495877,31.074722716009237,0.9698963117466557,,,,0.9096045197740114,0.9689265536723164,0.7145102147721321,0.6051502145922747,0.9698963117466557,0.9412429378531074,0.9412429378531074,0.91,1.0181818181818183,,broad50_baseload50,weekly,0.0,0,0,10,0.75,0.3,4,1
,360,1.423728813559322,,,0.36666666666666664,0.3379032258064516,1.0851233094669848,0.5896034581495877,36.139787882656734,1.0851233094669848,,,,1.4039548022598871,1.4435028248587571,0.9258442219582556,0.7690140845070422,1.0851233094669848,1.423728813559322,1.423728813559322,1.2898876404494382,1.8613636363636363,,broad50_baseload50,weekly,0.0,0,0,10,0.75,0.3,4,2
,222,0.8779661016949153,,,0.2972972972972973,0.3379032258064516,0.8798297103786364,0.5896034581495877,16.62585234189544,0.8798297103786364,,,,0.8502824858757062,0.9096045197740114,0.7643597646399553,0.5668202764976958,0.8798297103786364,0.8779661016949153,0.8779661016949153,0.8575,1.0181818181818183,,broad50_baseload50,weekly,0.0,0,0,10,0.75,0.5,3,1
,346,1.368361581920904,,,0.34104046242774566,0.3379032258064516,1.0092844234138536,0.5896034581495877,25.255263664526325,1.0092844234138536,,,,1.344632768361582,1.384180790960452,0.9019607843137255,0.7565982404692082,1.0092844234138536,1.368361581920904,1.368361581920904,1.195505617977528,1.8613636363636363,,broad50_baseload50,weekly,0.0,0,0,10,0.75,0.5,3,2
,220,0.8700564971751413,,,0.33181818181818185,0.3379032258064516,0.9819917552614451,0.5896034581495877,30.9104476257005,0.9819917552614451,,,,0.8502824858757062,0.8898305084745763,0.7643597646399553,0.5767441860465117,0.9819917552614451,0.8700564971751413,0.8700564971751413,0.84,1.0181818181818183,,broad50_baseload50,weekly,0.0,0,0,10,0.75,0.5,4,1
,337,1.332768361581921,,,0.3649851632047478,0.3379032258064516,1.080147022372046,0.5896034581495877,36.182758092419846,1.080147022372046,,,,1.305084745762712,1.364406779661017,0.9365222082359289,0.7560240963855421,1.080147022372046,1.332768361581921,1.332768361581921,1.1325842696629214,1.8295454545454546,,broad50_baseload50,weekly,0.0,0,0,10,0.75,0.5,4,2
,180,0.711864406779661,,,0.3388888888888889,0.3379032258064516,1.0029169981437285,0.5896034581495877,43.961629535638615,1.0029169981437285,,,,0.672316384180791,0.7514124293785311,0.6639892904953146,0.5142857142857142,1.0029169981437285,0.711864406779661,0.711864406779661,0.6292134831460674,0.9386363636363637,,broad50_baseload50,weekly,0.0,0,0,10,0.75,0.65,3,1
,295,1.1666666666666667,,,0.3694915254237288,0.3379032258064516,1.093483273330367,0.5896034581495877,38.83195854980255,1.093483273330367,,,,1.1073446327683616,1.2062146892655368,0.8963855421686747,0.7344827586206897,1.093483273330367,1.1666666666666667,1.1666666666666667,0.8808988764044944,1.75,,broad50_baseload50,weekly,0.0,0,0,10,0.75,0.65,3,2
,180,0.711864406779661,,,0.3333333333333333,0.3379032258064516,0.9864757358790771,0.5896034581495877,43.307026182213775,0.9864757358790771,,,,0.672316384180791,0.7514124293785311,0.6639892904953146,0.5314285714285715,0.9864757358790771,0.711864406779661,0.711864406779661,0.6292134831460674,0.9386363636363637,,broad50_baseload50,weekly,0.0,0,0,10,0.75,0.65,4,1
,293,1.1587570621468928,,,0.36860068259385664,0.3379032258064516,1.0908468888219147,0.5896034581495877,40.994462935042804,1.0908468888219147,,,,1.1073446327683616,1.2062146892655368,0.8963855421686747,0.7395833333333334,1.0908468888219147,1.1587570621468928,1.1587570621468928,0.8494382022471911,1.75,,broad50_baseload50,weekly,0.0,0,0,10,0.75,0.65,4,2
,255,1.0084745762711864,,,0.3058823529411765,0.3379032258064516,0.905236557630212,0.5896034581495877,19.888665419947724,0.905236557630212,,,,1.0084745762711864,1.0084745762711864,0.7736185383244207,0.692,0.905236557630212,1.0084745762711864,1.0084745762711864,1.0224719101123596,1.05,,broad50_baseload50,weekly,0.0,0,0,10,0.8,0.0,3,1
,388,1.5344632768361581,,,0.33505154639175255,0.3379032258064516,0.9915606623526806,0.5896034581495877,31.11968848084162,0.9915606623526806,,,,1.4830508474576272,1.5819209039548023,0.9,0.8433420365535248,0.9915606623526806,1.5344632768361581,1.5344632768361581,1.4000000000000001,1.8772727272727274,,broad50_baseload50,weekly,0.0,0,0,10,0.8,0.0,3,2
,255,1.0084745762711864,,,0.32941176470588235,0.3379032258064516,0.9748701389863822,0.5896034581495877,26.080922449320216,0.9748701389863822,,,,1.0084745762711864,1.0084745762711864,0.8788093550673283,0.692,0.9748701389863822,1.0084745762711864,1.0084745762711864,1.0224719101123596,1.05,,broad50_baseload50,weekly,0.0,0,0,10,0.8,0.0,4,1
,382,1.5107344632768362,,,0.3586387434554974,0.3379032258064516,1.061365255095028,0.5896034581495877,31.48342563886783,1.061365255095028,,,,1.463276836158192,1.5423728813559323,0.9914529914529915,0.8461538461538461,1.061365255095028,1.5107344632768362,1.5107344632768362,1.3528089887640449,1.8772727272727274,,broad50_baseload50,weekly,0.0,0,0,10,0.8,0.0,4,2
,241,0.9531073446327685,,,0.3112033195020747,0.3379032258064516,0.9209835708414621,0.5896034581495877,20.324227159475896,0.9209835708414621,,,,0.9293785310734464,0.9689265536723164,0.8806818181818181,0.614406779661017,0.9209835708414621,0.9531073446327685,0.9531073446327685,0.9450000000000001,1.0181818181818183,,broad50_baseload50,weekly,0.0,0,0,10,0.8,0.3,3,1
,371,1.4672316384180792,,,0.3477088948787062,0.3379032258064516,1.0290191638415171,0.5896034581495877,29.17129067046935,1.0290191638415171,,,,1.4435028248587571,1.5028248587570623,0.912280701754386,0.7841530054644809,1.0290191638415171,1.4672316384180792,1.4672316384180792,1.3370786516853934,1.8613636363636363,,broad50_baseload50,weekly,0.0,0,0,10,0.8,0.3,3,2
,238,0.9412429378531074,,,0.3319327731092437,0.3379032258064516,0.9823308798459718,0.5896034581495877,31.278089265619556,0.9823308798459718,,,,0.9096045197740114,0.9689265536723164,0.7794656888423258,0.6051502145922747,0.9823308798459718,0.9412429378531074,0.9412429378531074,0.91,1.0181818181818183,,broad50_baseload50,weekly,0.0,0,0,10,0.8,0.3,4,1
,360,1.423728813559322,,,0.36666666666666664,0.3379032258064516,1.0851233094669848,0.5896034581495877,36.04406903471418,1.0851233094669848,,,,1.4039548022598871,1.4435028248587571,0.9679280502290855,0.7690140845070422,1.0851233094669848,1.423728813559322,1.423728813559322,1.2898876404494382,1.8613636363636363,,broad50_baseload50,weekly,0.0,0,0,10,0.8,0.3,4,2
,222,0.8779661016949153,,,0.30180180180180183,0.3379032258064516,0.8931604635661916,0.5896034581495877,16.843875940126324,0.8931604635661916,,,,0.8502824858757062,0.9096045197740114,0.8338470159708602,0.5668202764976958,0.8931604635661916,0.8779661016949153,0.8779661016949153,0.8575,1.0181818181818183,,broad50_baseload50,weekly,0.0,0,0,10,0.8,0.5,3,1
,346,1.368361581920904,,,0.34104046242774566,0.3379032258064516,1.0092844234138536,0.5896034581495877,25.15567179961499,1.0092844234138536,,,,1.344632768361582,1.384180790960452,0.9019607843137255,0.7565982404692082,1.0092844234138536,1.368361581920904,1.368361581920904,1.195505617977528,1.8613636363636363,,broad50_baseload50,weekly,0.0,0,0,10,0.8,0.5,3,2
,220,0.8700564971751413,,,0.33636363636363636,0.3379032258064516,0.9954436971143416,0.5896034581495877,31.13045325664257,0.9954436971143416,,,,0.8502824858757062,0.8898305084745763,0.8338470159708602,0.5767441860465117,0.9954436971143416,0.8700564971751413,0.8700564971751413,0.84,1.0181818181818183,,broad50_baseload50,weekly,0.0,0,0,10,0.8,0.5,4,1
,337,1.332768361581921,,,0.3649851632047478,0.3379032258064516,1.080147022372046,0.5896034581495877,36.080506504113245,1.080147022372046,,,,1.305084745762712,1.364406779661017,0.9811185038662111,0.7560240963855421,1.080147022372046,1.332768361581921,1.332768361581921,1.1325842696629214,1.8295454545454546,,broad50_baseload50,weekly,0.0,0,0,10,0.8,0.5,4,2
,180,0.711864406779661,,,0.34444444444444444,0.3379032258064516,1.0193582604083797,0.5896034581495877,44.230525306790035,1.0193582604083797,,,,0.672316384180791,0.7514124293785311,0.746987951807229,0.5142857142857142,1.0193582604083797,0.711864406779661,0.711864406779661,0.6292134831460674,0.9386363636363637,,broad50_baseload50,weekly,0.0,0,0,10,0.8,0.65,3,1
,295,1.1666666666666667,,,0.3694915254237288,0.3379032258064516,1.093483273330367,0.5896034581495877,38.715149108245534,1.093483273330367,,,,1.1073446327683616,1.2062146892655368,0.9461847389558233,0.7344827586206897,1.093483273330367,1.1666666666666667,1.1666666666666667,0.8808988764044944,1.75,,broad50_baseload50,weekly,0.0,0,0,10,0.8,0.65,3,2
,180,0.711864406779661,,,0.3388888888888889,0.3379032258064516,1.0029169981437285,0.5896034581495877,43.5759219533652,1.0029169981437285,,,,0.672316384180791,0.7514124293785311,0.746987951807229,0.5314285714285715,1.0029169981437285,0.711864406779661,0.711864406779661,0.6292134831460674,0.9386363636363637,,broad50_baseload50,weekly,0.0,0,0,10,0.8,0.65,4,1
,293,1.1587570621468928,,,0.36860068259385664,0.3379032258064516,1.0908468888219147,0.5896034581495877,40.87685615941372,1.0908468888219147,,,,1.1073446327683616,1.2062146892655368,0.9461847389558233,0.7395833333333334,1.0908468888219147,1.1587570621468928,1.1587570621468928,0.8494382022471911,1.75,,broad50_baseload50,weekly,0.0,0,0,10,0.8,0.65,4,2
,255,1.0084745762711864,,,0.2901960784313726,0.3379032258064516,0.858814170059432,0.5896034581495877,12.558113013402268,0.858814170059432,,,,1.0084745762711864,1.0084745762711864,0.7736185383244207,0.744,0.858814170059432,1.0084745762711864,1.0084745762711864,1.0224719101123596,1.05,,broad50_baseload50,weekly,0.0,0,0,10,0.85,0.0,3,1
,359,1.419774011299435,,,0.3370473537604457,0.3379032258064516,0.9974671089807939,0.5896034581495877,29.99159357092411,0.9974671089807939,,,,1.384180790960452,1.4830508474576272,0.9014084507042254,0.864406779661017,0.9974671089807939,1.419774011299435,1.419774011299435,1.2886363636363636,1.7340909090909091,,broad50_baseload50,weekly,0.0,0,0,10,0.85,0.0,3,2
,253,1.0005649717514125,,,0.3359683794466403,0.3379032258064516,0.9942739630401767,0.5896034581495877,22.540148627018258,0.9942739630401767,,,,0.9887005649717514,1.0084745762711864,0.8788093550673283,0.7338709677419355,0.9942739630401767,1.0005649717514125,1.0005649717514125,1.0022727272727272,1.05,,broad50_baseload50,weekly,0.0,0,0,10,0.85,0.0,4,1
,349,1.380225988700565,,,0.38108882521489973,0.3379032258064516,1.1278046378674838,0.5896034581495877,33.07557040256179,1.1278046378674838,,,,1.364406779661017,1.423728813559322,1.0392875851231012,0.8575581395348837,1.1278046378674838,1.380225988700565,1.380225988700565,1.2568181818181818,1.7340909090909091,,broad50_baseload50,weekly,0.0,0,0,10,0.85,0.0,4,2
,238,0.9412429378531074,,,0.29831932773109243,0.3379032258064516,0.8828543350514431,0.5896034581495877,14.593577129991923,0.8828543350514431,,,,0.9096045197740114,0.9689265536723164,0.8264547551909768,0.6394849785407726,0.8828543350514431,0.9412429378531074,0.9412429378531074,0.9280898876404495,1.0181818181818183,,broad50_baseload50,weekly,0.0,0,0,10,0.85,0.3,3,1
,341,1.348587570621469,,,0.3519061583577713,0.3379032258064516,1.0414406595790846,0.5896034581495877,29.342190727518805,1.0414406595790846,,,,1.305084745762712,1.384180790960452,0.9019607843137255,0.7916666666666666,1.0414406595790846,1.348587570621469,1.348587570621469,1.225,1.7181818181818183,,broad50_baseload50,weekly,0.0,0,0,10,0.85,0.3,3,2
,231,0.9135593220338984,,,0.341991341991342,0.3379032258064516,1.0120984822655468,0.5896034581495877,29.91087248545176,1.0120984822655468,,,,0.8898305084745763,0.9491525423728814,0.7967871485943775,0.6238938053097345,1.0120984822655468,0.9135593220338984,0.9135593220338984,0.9068181818181819,1.0181818181818183,,broad50_baseload50,weekly,0.0,0,0,10,0.85,0.3,4,1
,325,1.2853107344632768,,,0.39076923076923076,0.3379032258064516,1.1564530934459336,0.5896034581495877,39.450752414611266,1.1564530934459336,,,,1.225988700564972,1.3248587570621468,0.9959839357429718,0.759375,1.1564530934459336,1.2853107344632768,1.2853107344632768,1.1454545454545455,1.7181818181818183,,broad50_baseload50,weekly,0.0,0,0,10,0.85,0.3,4,2
,216,0.8542372881355933,,,0.2962962962962963,0.3379032258064516,0.876867320781402,0.5896034581495877,12.861721731380145,0.876867320781402,,,,0.8305084745762712,0.8898305084745763,0.7825588066551923,0.5734597156398105,0.876867320781402,0.8542372881355933,0.8542372881355933,0.802247191011236,1.0181818181818183,,broad50_baseload50,weekly,0.0,0,0,10,0.85,0.5,3,1
,314,1.2418079096045198,,,0.3503184713375796,0.3379032258064516,1.0367420154143168,0.5896034581495877,26.9358815378929,1.0367420154143168,,,,1.1666666666666667,1.2853107344632768,0.903954802259887,0.7540453074433657,1.0367420154143168,1.2418079096045198,1.2418079096045198,1.053932584269663,1.7181818181818183,,broad50_baseload50,weekly,0.0,0,0,10,0.85,0.5,3,2
,212,0.8384180790960452,,,0.3490566037735849,0.3379032258064516,1.033007610212996,0.5896034581495877,33.23478283975602,1.033007610212996,,,,0.8107344632768362,0.8502824858757062,0.8537005163511188,0.5845410628019324,1.033007610212996,0.8384180790960452,0.8384180790960452,0.7865168539325843,1.0181818181818183,,broad50_baseload50,weekly,0.0,0,0,10,0.85,0.5,4,1
,302,1.1943502824858758,,,0.39403973509933776,0.3379032258064516,1.1661319129431476,0.5896034581495877,42.924963475386555,1.1661319129431476,,,,1.1271186440677967,1.2457627118644068,1.0457831325301206,0.7407407407407407,1.1661319129431476,1.1943502824858758,1.1943502824858758,0.9910112359550562,1.7022727272727272,,broad50_baseload50,weekly,0.0,0,0,10,0.85,0.5,4,2
,171,0.6762711864406781,,,0.34502923976608185,0.3379032258064516,1.0210889195941324,0.5896034581495877,43.29520129933321,1.0210889195941324,,,,0.632768361581921,0.711864406779661,0.7683304647160069,0.4939759036144578,1.0210889195941324,0.6762711864406781,0.6762711864406781,0.550561797752809,0.9386363636363637,,broad50_baseload50,weekly,0.0,0,0,10,0.85,0.65,3,1
,262,1.0361581920903955,,,0.3893129770992366,0.3379032258064516,1.1521434167137314,0.5896034581495877,45.923512321087465,1.1521434167137314,,,,0.9491525423728814,1.1073446327683616,0.9959839357429718,0.7237354085603113,1.1521434167137314,1.0361581920903955,1.0361581920903955,0.7393258426966293,1.6068181818181817,,broad50_baseload50,weekly,0.0,0,0,10,0.85,0.65,3,2
,165,0.652542372881356,,,0.3515151515151515,0.3379032258064516,1.0402835032906632,0.5896034581495877,47.00426802620135,1.0402835032906632,,,,0.5932203389830508,0.692090395480226,0.7683304647160069,0.50625,1.0402835032906632,0.652542372881356,0.652542372881356,0.4931818181818182,0.9386363636363637,,broad50_baseload50,weekly,0.0,0,0,10,0.85,0.65,4,1
,251,0.9926553672316385,,,0.40239043824701193,0.3379032258064516,1.1908452110412764,0.5896034581495877,49.81806941423533,1.1908452110412764,,,,0.8898305084745763,1.0480225988700564,1.0147760854739714,0.6991869918699187,1.1908452110412764,0.9926553672316385,0.9926553672316385,0.7078651685393259,1.6068181818181817,,broad50_baseload50,weekly,0.0,0,0,10,0.85,0.65,4,2
,255,1.0084745762711864,,,0.2901960784313726,0.3379032258064516,0.858814170059432,0.5896034581495877,12.558113013402268,0.858814170059432,,,,1.0084745762711864,1.0084745762711864,0.7736185383244207,0.744,0.858814170059432,1.0084745762711864,1.0084745762711864,1.0224719101123596,1.05,,broad50_baseload50,weekly,0.0,0,0,10,0.9,0.0,3,1
,357,1.4118644067796613,,,0.34173669467787116,0.3379032258064516,1.0113448720777094,0.5896034581495877,30.444218612768204,1.0113448720777094,,,,1.364406779661017,1.4830508474576272,0.9142857142857143,0.8636363636363636,1.0113448720777094,1.4118644067796613,1.4118644067796613,1.2886363636363636,1.7340909090909091,,broad50_baseload50,weekly,0.0,0,0,10,0.9,0.0,3,2
,253,1.0005649717514125,,,0.3359683794466403,0.3379032258064516,0.9942739630401767,0.5896034581495877,22.540148627018258,0.9942739630401767,,,,0.9887005649717514,1.0084745762711864,0.8788093550673283,0.7338709677419355,0.9942739630401767,1.0005649717514125,1.0005649717514125,1.0022727272727272,1.05,,broad50_baseload50,weekly,0.0,0,0,10,0.9,0.0,4,1
,348,1.3762711864406778,,,0.382183908045977,0.3379032258064516,1.1310454557923904,0.5896034581495877,33.29585846288782,1.1310454557923904,,,,1.344632768361582,1.423728813559322,1.0392875851231012,0.8571428571428571,1.1310454557923904,1.3762711864406778,1.3762711864406778,1.2568181818181818,1.7340909090909091,,broad50_baseload50,weekly,0.0,0,0,10,0.9,0.0,4,2
,238,0.9412429378531074,,,0.29831932773109243,0.3379032258064516,0.8828543350514431,0.5896034581495877,14.593577129991923,0.8828543350514431,,,,0.9096045197740114,0.9689265536723164,0.8264547551909768,0.6394849785407726,0.8828543350514431,0.9412429378531074,0.9412429378531074,0.9280898876404495,1.0181818181818183,,broad50_baseload50,weekly,0.0,0,0,10,0.9,0.3,3,1
,339,1.340677966101695,,,0.35398230088495575,0.3379032258064516,1.047584852260967,0.5896034581495877,29.754028079885757,1.047584852260967,,,,1.2853107344632768,1.384180790960452,0.9154228855721392,0.7904191616766467,1.047584852260967,1.340677966101695,1.340677966101695,1.225,1.7181818181818183,,broad50_baseload50,weekly,0.0,0,0,10,0.9,0.3,3,2
,231,0.9135593220338984,,,0.341991341991342,0.3379032258064516,1.0120984822655468,0.5896034581495877,29.91087248545176,1.0120984822655468,,,,0.8898305084745763,0.9491525423728814,0.7967871485943775,0.6238938053097345,1.0120984822655468,0.9135593220338984,0.9135593220338984,0.9068181818181819,1.0181818181818183,,broad50_baseload50,weekly,0.0,0,0,10,0.9,0.3,4,1
,324,1.2813559322033898,,,0.39197530864197533,0.3379032258064516,1.160022393117063,0.5896034581495877,39.70703459672703,1.160022393117063,,,,1.2062146892655368,1.3248587570621468,0.9959839357429718,0.7586206896551724,1.160022393117063,1.2813559322033898,1.2813559322033898,1.1454545454545455,1.7181818181818183,,broad50_baseload50,weekly,0.0,0,0,10,0.9,0.3,4,2
,216,0.8542372881355933,,,0.2962962962962963,0.3379032258064516,0.876867320781402,0.5896034581495877,12.861721731380145,0.876867320781402,,,,0.8305084745762712,0.8898305084745763,0.7825588066551923,0.5734597156398105,0.876867320781402,0.8542372881355933,0.8542372881355933,0.802247191011236,1.0181818181818183,,broad50_baseload50,weekly,0.0,0,0,10,0.9,0.5,3,1
,312,1.2338983050847459,,,0.3525641025641026,0.3379032258064516,1.0433877975644086,0.5896034581495877,27.367933602229904,1.0433877975644086,,,,1.1468926553672316,1.2853107344632768,0.9195402298850576,0.752442996742671,1.0433877975644086,1.2338983050847459,1.2338983050847459,1.053932584269663,1.7181818181818183,,broad50_baseload50,weekly,0.0,0,0,10,0.9,0.5,3,2
,212,0.8384180790960452,,,0.3490566037735849,0.3379032258064516,1.033007610212996,0.5896034581495877,33.23478283975602,1.033007610212996,,,,0.8107344632768362,0.8502824858757062,0.8537005163511188,0.5845410628019324,1.033007610212996,0.8384180790960452,0.8384180790960452,0.7865168539325843,1.0181818181818183,,broad50_baseload50,weekly,0.0,0,0,10,0.9,0.5,4,1
,301,1.1903954802259888,,,0.3953488372093023,0.3379032258064516,1.170006105344952,0.5896034581495877,43.2123709108227,1.170006105344952,,,,1.1073446327683616,1.2457627118644068,1.0457831325301206,0.7398648648648649,1.170006105344952,1.1903954802259888,1.1903954802259888,0.9910112359550562,1.7022727272727272,,broad50_baseload50,weekly,0.0,0,0,10,0.9,0.5,4,2
,171,0.6762711864406781,,,0.34502923976608185,0.3379032258064516,1.0210889195941324,0.5896034581495877,43.29520129933321,1.0210889195941324,,,,0.632768361581921,0.711864406779661,0.7683304647160069,0.4939759036144578,1.0210889195941324,0.6762711864406781,0.6762711864406781,0.550561797752809,0.9386363636363637,,broad50_baseload50,weekly,0.0,0,0,10,0.9,0.65,3,1
,260,1.0282485875706215,,,0.3923076923076923,0.3379032258064516,1.16100605838076,0.5896034581495877,46.58803349662414,1.16100605838076,,,,0.9293785310734464,1.1073446327683616,1.0147760854739714,0.7215686274509804,1.16100605838076,1.0282485875706215,1.0282485875706215,0.7393258426966293,1.6068181818181817,,broad50_baseload50,weekly,0.0,0,0,10,0.9,0.65,3,2
,165,0.652542372881356,,,0.3515151515151515,0.3379032258064516,1.0402835032906632,0.5896034581495877,47.00426802620135,1.0402835032906632,,,,0.5932203389830508,0.692090395480226,0.7683304647160069,0.50625,1.0402835032906632,0.652542372881356,0.652542372881356,0.4931818181818182,0.9386363636363637,,broad50_baseload50,weekly,0.0,0,0,10,0.9,0.65,4,1
,250,0.9887005649717514,,,0.404,0.3379032258064516,1.1956085918854416,0.5896034581495877,50.19168039025586,1.1956085918854416,,,,0.8700564971751413,1.0480225988700564,1.0147760854739714,0.6979591836734694,1.1956085918854416,0.9887005649717514,0.9887005649717514,0.7078651685393259,1.6068181818181817,,broad50_baseload50,weekly,0.0,0,0,10,0.9,0.65,4,2
,255,1.0084745762711864,,,0.29411764705882354,0.3379032258064516,0.870419766952127,0.5896034581495877,8.96738382677337,0.870419766952127,,,,1.0084745762711864,1.0084745762711864,0.7736185383244207,0.764,0.870419766952127,1.0084745762711864,1.0084745762711864,1.0224719101123596,1.05,,broad50_baseload50,weekly,0.0,0,0,20,0.75,0.0,3,1
,371,1.4672316384180792,,,0.31805929919137466,0.3379032258064516,0.9412733436689847,0.5896034581495877,21.63368815707429,0.9412733436689847,,,,1.423728813559322,1.5028248587570623,0.8888888888888888,0.8934426229508197,0.9412733436689847,1.4672316384180792,1.4672316384180792,1.2426966292134833,1.8613636363636363,,broad50_baseload50,weekly,0.0,0,0,20,0.75,0.0,3,2
,253,1.0005649717514125,,,0.32806324110671936,0.3379032258064516,0.9708792815568783,0.5896034581495877,15.29550591774404,0.9708792815568783,,,,0.9887005649717514,1.0084745762711864,0.8288770053475936,0.7701612903225806,0.9708792815568783,1.0005649717514125,1.0005649717514125,1.0022727272727272,1.05,,broad50_baseload50,weekly,0.0,0,0,20,0.75,0.0,4,1
,368,1.455367231638418,,,0.3532608695652174,0.3379032258064516,1.0454498287848917,0.5896034581495877,24.57196906765134,1.0454498287848917,,,,1.423728813559322,1.4830508474576272,0.969065450993162,0.8925619834710744,1.0454498287848917,1.455367231638418,1.455367231638418,1.2269662921348314,1.8613636363636363,,broad50_baseload50,weekly,0.0,0,0,20,0.75,0.0,4,2
,221,0.8740112994350283,,,0.2850678733031674,0.3379032258064516,0.8436376202766769,0.5896034581495877,11.326670685078776,0.8436376202766769,,,,0.8305084745762712,0.8898305084745763,0.6580431177446103,0.6111111111111112,0.8436376202766769,0.8740112994350283,0.8740112994350283,0.7865168539325843,1.0181818181818183,,broad50_baseload50,weekly,0.0,0,0,20,0.75,0.3,3,1
,335,1.3248587570621468,,,0.3253731343283582,0.3379032258064516,0.9629181063655469,0.5896034581495877,20.880833807845278,0.9629181063655469,,,,1.2853107344632768,1.344632768361582,0.9019607843137255,0.793939393939394,0.9629181063655469,1.3248587570621468,1.3248587570621468,1.006741573033708,1.8454545454545455,,broad50_baseload50,weekly,0.0,0,0,20,0.75,0.3,3,2
,218,0.8621468926553673,,,0.3486238532110092,0.3379032258064516,1.031726916423989,0.5896034581495877,26.886581362024817,1.031726916423989,,,,0.8107344632768362,0.8898305084745763,0.882803943044907,0.6150234741784038,1.031726916423989,0.8621468926553673,0.8621468926553673,0.7865168539325843,1.0181818181818183,,broad50_baseload50,weekly,0.0,0,0,20,0.75,0.3,4,1
,329,1.301129943502825,,,0.3677811550151976,0.3379032258064516,1.088421556608222,0.5896034581495877,32.30676241953574,1.088421556608222,,,,1.265536723163842,1.3248587570621468,0.9507119386637459,0.7901234567901234,1.088421556608222,1.301129943502825,1.301129943502825,0.9910112359550562,1.8136363636363637,,broad50_baseload50,weekly,0.0,0,0,20,0.75,0.3,4,2
,196,0.7751412429378532,,,0.34183673469387754,0.3379032258064516,1.0116409332229312,0.5896034581495877,20.113467465605197,1.0116409332229312,,,,0.7711864406779662,0.7909604519774012,0.8541905855338692,0.5916230366492147,1.0116409332229312,0.7751412429378532,0.7751412429378532,0.6134831460674157,0.9863636363636364,,broad50_baseload50,weekly,0.0,0,0,20,0.75,0.5,3,1
,303,1.1983050847457628,,,0.35313531353135313,0.3379032258064516,1.0450782548421906,0.5896034581495877,25.194459866451837,1.0450782548421906,,,,1.1468926553672316,1.225988700564972,0.963855421686747,0.7986577181208053,1.0450782548421906,1.1983050847457628,1.1983050847457628,0.7707865168539327,1.7659090909090909,,broad50_baseload50,weekly,0.0,0,0,20,0.75,0.5,3,2
,194,0.7672316384180791,,,0.34536082474226804,0.3379032258064516,1.0220702211943016,0.5896034581495877,26.15386793573667,1.0220702211943016,,,,0.7514124293785311,0.7909604519774012,0.8963855421686747,0.5978835978835979,1.0220702211943016,0.7672316384180791,0.7672316384180791,0.597752808988764,0.9863636363636364,,broad50_baseload50,weekly,0.0,0,0,20,0.75,0.5,4,1
,300,1.1864406779661016,,,0.36,0.3379032258064516,1.0653937947494034,0.5896034581495877,31.64594393488723,1.0653937947494034,,,,1.1271186440677967,1.225988700564972,0.963855421686747,0.8,1.0653937947494034,1.1864406779661016,1.1864406779661016,0.7393258426966293,1.7659090909090909,,broad50_baseload50,weekly,0.0,0,0,20,0.75,0.5,4,2
,152,0.6011299435028249,,,0.3618421052631579,0.3379032258064516,1.0708453711845247,0.5896034581495877,36.56217215619094,1.0708453711845247,,,,0.5536723163841808,0.672316384180791,0.9666902905740611,0.5102040816326531,1.0708453711845247,0.6011299435028249,0.6011299435028249,0.40898876404494383,0.875,,broad50_baseload50,weekly,0.0,0,0,20,0.75,0.65,3,1
,252,0.9966101694915255,,,0.36507936507936506,0.3379032258064516,1.0804258059627987,0.5896034581495877,34.240814866312384,1.0804258059627987,,,,0.9293785310734464,1.0875706214689267,0.9778751369112816,0.7651821862348178,1.0804258059627987,0.9966101694915255,0.9966101694915255,0.4876404494382023,1.638636363636364,,broad50_baseload50,weekly,0.0,0,0,20,0.75,0.65,3,2
,152,0.6011299435028249,,,0.3618421052631579,0.3379032258064516,1.0708453711845247,0.5896034581495877,36.27095215534882,1.0708453711845247,,,,0.5536723163841808,0.672316384180791,0.9666902905740611,0.5102040816326531,1.0708453711845247,0.6011299435028249,0.6011299435028249,0.40898876404494383,0.875,,broad50_baseload50,weekly,0.0,0,0,20,0.75,0.65,4,1
,252,0.9966101694915255,,,0.36507936507936506,0.3379032258064516,1.0804258059627987,0.5896034581495877,34.065158357867936,1.0804258059627987,,,,0.9293785310734464,1.0875706214689267,0.9778751369112816,0.7651821862348178,1.0804258059627987,0.9966101694915255,0.9966101694915255,0.4876404494382023,1.638636363636364,,broad50_baseload50,weekly,0.0,0,0,20,0.75,0.65,4,2
,255,1.0084745762711864,,,0.2980392156862745,0.3379032258064516,0.882025363844822,0.5896034581495877,8.616975118325604,0.882025363844822,,,,1.0084745762711864,1.0084745762711864,0.7736185383244207,0.772,0.882025363844822,1.0084745762711864,1.0084745762711864,1.0224719101123596,1.05,,broad50_baseload50,weekly,0.0,0,0,20,0.8,0.0,3,1
,363,1.435593220338983,,,0.3168044077134986,0.3379032258064516,0.9375595836867262,0.5896034581495877,20.747600553444265,0.9375595836867262,,,,1.384180790960452,1.463276836158192,0.8879202988792029,0.8938547486033519,0.9375595836867262,1.435593220338983,1.435593220338983,1.21123595505618,1.8295454545454546,,broad50_baseload50,weekly,0.0,0,0,20,0.8,0.0,3,2
,252,0.9966101694915255,,,0.3373015873015873,0.3379032258064516,0.9982194946395425,0.5896034581495877,16.228221649950548,0.9982194946395425,,,,0.9887005649717514,1.0084745762711864,0.8454545454545453,0.7773279352226721,0.9982194946395425,0.9966101694915255,0.9966101694915255,0.9863636363636364,1.05,,broad50_baseload50,weekly,0.0,0,0,20,0.8,0.0,4,1
,360,1.423728813559322,,,0.3527777777777778,0.3379032258064516,1.0440201538053568,0.5896034581495877,23.72109199339881,1.0440201538053568,,,,1.384180790960452,1.4435028248587571,0.9785353535353535,0.8901408450704226,1.0440201538053568,1.423728813559322,1.423728813559322,1.21123595505618,1.8295454545454546,,broad50_baseload50,weekly,0.0,0,0,20,0.8,0.0,4,2
,221,0.8740112994350283,,,0.2895927601809955,0.3379032258064516,0.857028693614402,0.5896034581495877,10.940149509947618,0.857028693614402,,,,0.8305084745762712,0.8898305084745763,0.7402985074626867,0.6157407407407407,0.857028693614402,0.8740112994350283,0.8740112994350283,0.7865168539325843,1.0181818181818183,,broad50_baseload50,weekly,0.0,0,0,20,0.8,0.3,3,1
,327,1.293220338983051,,,0.3211009174311927,0.3379032258064516,0.9502747914431479,0.5896034581495877,19.803209930338088,0.9502747914431479,,,,1.2457627118644068,1.3248587570621468,0.8813077469793887,0.7857142857142857,0.9502747914431479,1.293220338983051,1.293220338983051,0.9752808988764046,1.8136363636363637,,broad50_baseload50,weekly,0.0,0,0,20,0.8,0.3,3,2
,216,0.8542372881355933,,,0.3611111111111111,0.3379032258064516,1.0686820472023335,0.5896034581495877,28.10230697235654,1.0686820472023335,,,,0.8107344632768362,0.8700564971751413,0.9507119386637459,0.6113744075829384,1.0686820472023335,0.8542372881355933,0.8542372881355933,0.7865168539325843,1.0181818181818183,,broad50_baseload50,weekly,0.0,0,0,20,0.8,0.3,4,1
,321,1.269491525423729,,,0.3707165109034268,0.3379032258064516,1.0971085286879456,0.5896034581495877,32.214528000801586,1.0971085286879456,,,,1.225988700564972,1.305084745762712,0.9653382761816498,0.7753164556962026,1.0971085286879456,1.269491525423729,1.269491525423729,0.9752808988764046,1.7977272727272728,,broad50_baseload50,weekly,0.0,0,0,20,0.8,0.3,4,2
,195,0.7711864406779662,,,0.3487179487179487,0.3379032258064516,1.0320053852273423,0.5896034581495877,20.496729526224687,1.0320053852273423,,,,0.7711864406779662,0.7711864406779662,0.9193697868396664,0.6,1.0320053852273423,0.7711864406779662,0.7711864406779662,0.6134831460674157,0.9863636363636364,,broad50_baseload50,weekly,0.0,0,0,20,0.8,0.5,3,1
,297,1.1745762711864407,,,0.35353535353535354,0.3379032258064516,1.0462621441141728,0.5896034581495877,25.62737008507215,1.0462621441141728,,,,1.1271186440677967,1.1864406779661016,0.9461847389558233,0.7945205479452054,1.0462621441141728,1.1745762711864407,1.1745762711864407,0.755056179775281,1.7659090909090909,,broad50_baseload50,weekly,0.0,0,0,20,0.8,0.5,3,2
,191,0.7553672316384181,,,0.35602094240837695,0.3379032258064516,1.0536180634519987,0.5896034581495877,27.44513637610668,1.0536180634519987,,,,0.731638418079096,0.7711864406779662,0.9193697868396664,0.6021505376344086,1.0536180634519987,0.7553672316384181,0.7553672316384181,0.597752808988764,0.9863636363636364,,broad50_baseload50,weekly,0.0,0,0,20,0.8,0.5,4,1
,293,1.1587570621468928,,,0.36177474402730375,0.3379032258064516,1.0706460205103978,0.5896034581495877,31.732745055559697,1.0706460205103978,,,,1.1073446327683616,1.1864406779661016,0.9461847389558233,0.7916666666666666,1.0706460205103978,1.1587570621468928,1.1587570621468928,0.7393258426966293,1.7659090909090909,,broad50_baseload50,weekly,0.0,0,0,20,0.8,0.5,4,2
,149,0.5892655367231638,,,0.37583892617449666,0.3379032258064516,1.1122679438099663,0.5896034581495877,38.005581207629085,1.1122679438099663,,,,0.5338983050847458,0.652542372881356,0.9959839357429718,0.5138888888888888,1.1122679438099663,0.5892655367231638,0.5892655367231638,0.40898876404494383,0.875,,broad50_baseload50,weekly,0.0,0,0,20,0.8,0.65,3,1
,246,0.9728813559322035,,,0.3699186991869919,0.3379032258064516,1.0947474629877565,0.5896034581495877,34.94068969008061,1.0947474629877565,,,,0.9096045197740114,1.0677966101694916,0.9959839357429718,0.7551867219917012,1.0947474629877565,0.9728813559322035,0.9728813559322035,0.4876404494382023,1.638636363636364,,broad50_baseload50,weekly,0.0,0,0,20,0.8,0.65,3,2
,148,0.5853107344632769,,,0.3783783783783784,0.3379032258064516,1.1197832677546282,0.5896034581495877,39.840317375953916,1.1197832677546282,,,,0.5338983050847458,0.652542372881356,0.9959839357429718,0.5034965034965035,1.1197832677546282,0.5853107344632769,0.5853107344632769,0.39325842696629215,0.875,,broad50_baseload50,weekly,0.0,0,0,20,0.8,0.65,4,1
,245,0.9689265536723164,,,0.37142857142857144,0.3379032258064516,1.0992158199795432,0.5896034581495877,36.03651034883378,1.0992158199795432,,,,0.9096045197740114,1.0677966101694916,0.9959839357429718,0.75,1.0992158199795432,0.9689265536723164,0.9689265536723164,0.4719101123595506,1.638636363636364,,broad50_baseload50,weekly,0.0,0,0,20,0.8,0.65,4,2
,255,1.0084745762711864,,,0.2823529411764706,0.3379032258064516,0.8356029762740419,0.5896034581495877,6.082595047009004,0.8356029762740419,,,,1.0084745762711864,1.0084745762711864,0.7320261437908497,0.8,0.8356029762740419,1.0084745762711864,1.0084745762711864,1.0224719101123596,1.05,,broad50_baseload50,weekly,0.0,0,0,20,0.85,0.0,3,1
,355,1.4039548022598871,,,0.30704225352112674,0.3379032258064516,0.908669198964671,0.5896034581495877,19.643648728145696,0.908669198964671,,,,1.344632768361582,1.4435028248587571,0.8036529680365296,0.8914285714285715,0.908669198964671,1.4039548022598871,1.4039548022598871,1.195505617977528,1.7659090909090909,,broad50_baseload50,weekly,0.0,0,0,20,0.85,0.0,3,2
,252,0.9966101694915255,,,0.3253968253968254,0.3379032258064516,0.9629882183581469,0.5896034581495877,12.912154696678055,0.9629882183581469,,,,0.9887005649717514,1.0084745762711864,0.8533333333333334,0.8016194331983806,0.9629882183581469,0.9966101694915255,0.9966101694915255,0.9863636363636364,1.05,,broad50_baseload50,weekly,0.0,0,0,20,0.85,0.0,4,1
,350,1.384180790960452,,,0.3485714285714286,0.3379032258064516,1.0315717695192637,0.5896034581495877,20.744238720275344,1.0315717695192637,,,,1.3248587570621468,1.423728813559322,0.9259259259259259,0.8898550724637682,1.0315717695192637,1.384180790960452,1.384180790960452,1.195505617977528,1.7659090909090909,,broad50_baseload50,weekly,0.0,0,0,20,0.85,0.0,4,2
,219,0.8661016949152542,,,0.2785388127853881,0.3379032258064516,0.8243153409400508,0.5896034581495877,9.090204415588731,0.8243153409400508,,,,0.8305084745762712,0.8898305084745763,0.7272727272727272,0.6214953271028038,0.8243153409400508,0.8661016949152542,0.8661016949152542,0.755056179775281,1.0181818181818183,,broad50_baseload50,weekly,0.0,0,0,20,0.85,0.3,3,1
,318,1.257627118644068,,,0.31446540880503143,0.3379032258064516,0.9306374866783746,0.5896034581495877,19.362922355678045,0.9306374866783746,,,,1.2062146892655368,1.2853107344632768,0.8205128205128206,0.7699680511182109,0.9306374866783746,1.257627118644068,1.257627118644068,0.9280898876404495,1.75,,broad50_baseload50,weekly,0.0,0,0,20,0.85,0.3,3,2
,212,0.8384180790960452,,,0.3490566037735849,0.3379032258064516,1.033007610212996,0.5896034581495877,25.70855483758584,1.033007610212996,,,,0.7909604519774012,0.8700564971751413,0.8888888888888888,0.6086956521739131,1.033007610212996,0.8384180790960452,0.8384180790960452,0.755056179775281,1.0181818181818183,,broad50_baseload50,weekly,0.0,0,0,20,0.85,0.3,4,1
,306,1.2101694915254237,,,0.369281045751634,0.3379032258064516,1.092860374062115,0.5896034581495877,30.380095260511766,1.092860374062115,,,,1.1666666666666667,1.265536723163842,0.9306735137270394,0.7475083056478405,1.092860374062115,1.2101694915254237,1.2101694915254237,0.9280898876404495,1.7340909090909091,,broad50_baseload50,weekly,0.0,0,0,20,0.85,0.3,4,2
,191,0.7553672316384181,,,0.33507853403141363,0.3379032258064516,0.9916405303077636,0.5896034581495877,18.202874811161507,0.9916405303077636,,,,0.731638418079096,0.7711864406779662,0.912280701754386,0.6075268817204301,0.9916405303077636,0.7553672316384181,0.7553672316384181,0.5662921348314607,0.9863636363636364,,broad50_baseload50,weekly,0.0,0,0,20,0.85,0.5,3,1
,286,1.1310734463276837,,,0.34615384615384615,0.3379032258064516,1.0244171103359647,0.5896034581495877,25.174803087951116,1.0244171103359647,,,,1.0677966101694916,1.1666666666666667,0.9115785174596693,0.7758007117437722,1.0244171103359647,1.1310734463276837,1.1310734463276837,0.6921348314606742,1.7022727272727272,,broad50_baseload50,weekly,0.0,0,0,20,0.85,0.5,3,2
,186,0.7355932203389831,,,0.3387096774193548,0.3379032258064516,1.0023866348448687,0.5896034581495877,24.40175768028043,1.0023866348448687,,,,0.711864406779661,0.7514124293785311,0.8148148148148149,0.5966850828729282,1.0023866348448687,0.7355932203389831,0.7355932203389831,0.550561797752809,0.9863636363636364,,broad50_baseload50,weekly,0.0,0,0,20,0.85,0.5,4,1
,276,1.0915254237288137,,,0.358695652173913,0.3379032258064516,1.0615336723046591,0.5896034581495877,30.339954694010792,1.0615336723046591,,,,1.0282485875706215,1.1271186440677967,0.9070567986230637,0.7601476014760148,1.0615336723046591,1.0915254237288137,1.0915254237288137,0.6764044943820224,1.6863636363636363,,broad50_baseload50,weekly,0.0,0,0,20,0.85,0.5,4,2
,144,0.5694915254237288,,,0.3472222222222222,0.3379032258064516,1.0275788915407054,0.5896034581495877,33.71697755207112,1.0275788915407054,,,,0.5141242937853108,0.632768361581921,0.6153846153846154,0.5035971223021583,1.0275788915407054,0.5694915254237288,0.5694915254237288,0.36179775280898874,0.875,,broad50_baseload50,weekly,0.0,0,0,20,0.85,0.65,3,1
,231,0.9135593220338984,,,0.36363636363636365,0.3379032258064516,1.0761553482317205,0.5896034581495877,35.684481109765485,1.0761553482317205,,,,0.8502824858757062,1.0084745762711864,0.868217054263566,0.7168141592920354,1.0761553482317205,0.9135593220338984,0.9135593220338984,0.4404494382022472,1.5431818181818182,,broad50_baseload50,weekly,0.0,0,0,20,0.85,0.65,3,2
,143,0.5655367231638418,,,0.35664335664335667,0.3379032258064516,1.0554600530734184,0.5896034581495877,36.26440320811905,1.0554600530734184,,,,0.5141242937853108,0.632768361581921,0.6153846153846154,0.4927536231884058,1.0554600530734184,0.5655367231638418,0.5655367231638418,0.3460674157303371,0.875,,broad50_baseload50,weekly,0.0,0,0,20,0.85,0.65,4,1
,228,0.9016949152542374,,,0.37280701754385964,0.3379032258064516,1.103295230917389,0.5896034581495877,36.994588872891256,1.103295230917389,,,,0.8502824858757062,0.9887005649717514,0.868217054263566,0.7085201793721974,1.103295230917389,0.9016949152542374,0.9016949152542374,0.42471910112359557,1.5431818181818182,,broad50_baseload50,weekly,0.0,0,0,20,0.85,0.65,4,2
,255,1.0084745762711864,,,0.27450980392156865,0.3379032258064516,0.8123917824886518,0.5896034581495877,5.083682141952326,0.8123917824886518,,,,1.0084745762711864,1.0084745762711864,0.7320261437908497,0.812,0.8123917824886518,1.0084745762711864,1.0084745762711864,1.0224719101123596,1.05,,broad50_baseload50,weekly,0.0,0,0,20,0.9,0.0,3,1
,344,1.3604519774011299,,,0.313953488372093,0.3379032258064516,0.9291224954209913,0.5896034581495877,19.74115484213078,0.9291224954209913,,,,1.3248587570621468,1.4039548022598871,0.8115942028985508,0.8908554572271387,0.9291224954209913,1.3604519774011299,1.3604519774011299,1.1797752808988764,1.7022727272727272,,broad50_baseload50,weekly,0.0,0,0,20,0.9,0.0,3,2
,252,0.9966101694915255,,,0.3253968253968254,0.3379032258064516,0.9629882183581469,0.5896034581495877,12.504962331693443,0.9629882183581469,,,,0.9887005649717514,1.0084745762711864,0.8533333333333334,0.805668016194332,0.9629882183581469,0.9966101694915255,0.9966101694915255,0.9863636363636364,1.05,,broad50_baseload50,weekly,0.0,0,0,20,0.9,0.0,4,1
,340,1.344632768361582,,,0.3588235294117647,0.3379032258064516,1.061912115681595,0.5896034581495877,22.113503359399015,1.061912115681595,,,,1.305084745762712,1.384180790960452,0.9365222082359289,0.8985074626865671,1.061912115681595,1.344632768361582,1.344632768361582,1.1797752808988764,1.7022727272727272,,broad50_baseload50,weekly,0.0,0,0,20,0.9,0.0,4,2
,219,0.8661016949152542,,,0.2694063926940639,0.3379032258064516,0.797288608450213,0.5896034581495877,7.927086649426845,0.797288608450213,,,,0.8305084745762712,0.8898305084745763,0.7272727272727272,0.6355140186915887,0.797288608450213,0.8661016949152542,0.8661016949152542,0.755056179775281,1.0181818181818183,,broad50_baseload50,weekly,0.0,0,0,20,0.9,0.3,3,1
,308,1.2180790960451977,,,0.3181818181818182,0.3379032258064516,0.9416359297027554,0.5896034581495877,20.33497945771463,0.9416359297027554,,,,1.1864406779661016,1.265536723163842,0.8172043010752689,0.7656765676567657,0.9416359297027554,1.2180790960451977,1.2180790960451977,0.9123595505617977,1.6863636363636363,,broad50_baseload50,weekly,0.0,0,0,20,0.9,0.3,3,2
,212,0.8384180790960452,,,0.3443396226415094,0.3379032258064516,1.0190480479128203,0.5896034581495877,24.705481267725357,1.0190480479128203,,,,0.7909604519774012,0.8700564971751413,0.8338470159708602,0.6038647342995169,1.0190480479128203,0.8384180790960452,0.8384180790960452,0.755056179775281,1.0181818181818183,,broad50_baseload50,weekly,0.0,0,0,20,0.9,0.3,4,1
,299,1.1824858757062147,,,0.3779264214046823,0.3379032258064516,1.1184457339899907,0.5896034581495877,32.13531737842446,1.1184457339899907,,,,1.1468926553672316,1.2457627118644068,0.9115785174596693,0.7414965986394558,1.1184457339899907,1.1824858757062147,1.1824858757062147,0.9123595505617977,1.6863636363636363,,broad50_baseload50,weekly,0.0,0,0,20,0.9,0.3,4,2
,191,0.7553672316384181,,,0.3298429319371728,0.3379032258064516,0.9761461470217047,0.5896034581495877,17.440451912765397,0.9761461470217047,,,,0.731638418079096,0.7711864406779662,0.8427556379363609,0.6021505376344086,0.9761461470217047,0.7553672316384181,0.7553672316384181,0.5662921348314607,0.9863636363636364,,broad50_baseload50,weekly,0.0,0,0,20,0.9,0.5,3,1
,277,1.0954802259887007,,,0.3574007220216607,0.3379032258064516,1.0577014207800937,0.5896034581495877,27.808120634984387,1.0577014207800937,,,,1.0480225988700564,1.1271186440677967,0.9212121212121213,0.7720588235294118,1.0577014207800937,1.0954802259887007,1.0954802259887007,0.6764044943820224,1.6545454545454545,,broad50_baseload50,weekly,0.0,0,0,20,0.9,0.5,3,2
,186,0.7355932203389831,,,0.3333333333333333,0.3379032258064516,0.9864757358790771,0.5896034581495877,23.25846952538568,0.9864757358790771,,,,0.711864406779661,0.7514124293785311,0.7863031071655041,0.5911602209944752,0.9864757358790771,0.7355932203389831,0.7355932203389831,0.550561797752809,0.9863636363636364,,broad50_baseload50,weekly,0.0,0,0,20,0.9,0.5,4,1
,269,1.0638418079096046,,,0.3680297397769517,0.3379032258064516,1.0891572251155612,0.5896034581495877,32.28988194044346,1.0891572251155612,,,,1.0084745762711864,1.1073446327683616,0.8853190539937528,0.7537878787878788,1.0891572251155612,1.0638418079096046,1.0638418079096046,0.6606741573033709,1.638636363636364,,broad50_baseload50,weekly,0.0,0,0,20,0.9,0.5,4,2
,144,0.5694915254237288,,,0.3402777777777778,0.3379032258064516,1.0070273137098913,0.5896034581495877,32.70570829100406,1.0070273137098913,,,,0.5141242937853108,0.632768361581921,0.6153846153846154,0.48201438848920863,1.0070273137098913,0.5694915254237288,0.5694915254237288,0.36179775280898874,0.875,,broad50_baseload50,weekly,0.0,0,0,20,0.9,0.65,3,1
,223,0.8819209039548023,,,0.37668161434977576,0.3379032258064516,1.1147618181234413,0.5896034581495877,39.24274344145487,1.1147618181234413,,,,0.7909604519774012,0.9491525423728814,0.8666666666666667,0.6972477064220184,1.1147618181234413,0.8819209039548023,0.8819209039548023,0.42471910112359557,1.4954545454545456,,broad50_baseload50,weekly,0.0,0,0,20,0.9,0.65,3,2
,143,0.5655367231638418,,,0.34965034965034963,0.3379032258064516,1.0347647579151158,0.5896034581495877,34.777329104549665,1.0347647579151158,,,,0.5141242937853108,0.632768361581921,0.6153846153846154,0.4782608695652174,1.0347647579151158,0.5655367231638418,0.5655367231638418,0.3460674157303371,0.875,,broad50_baseload50,weekly,0.0,0,0,20,0.9,0.65,4,1
,221,0.8740112994350283,,,0.38461538461538464,0.3379032258064516,1.1382412337066277,0.5896034581495877,39.57880999751818,1.1382412337066277,,,,0.7909604519774012,0.9491525423728814,0.8666666666666667,0.6851851851851852,1.1382412337066277,0.8740112994350283,0.8740112994350283,0.40898876404494383,1.4954545454545456,,broad50_baseload50,weekly,0.0,0,0,20,0.9,0.65,4,2
,255,1.0084745762711864,,,0.2980392156862745,0.3379032258064516,0.882025363844822,0.5896034581495877,6.451080794727156,0.882025363844822,,,,1.0084745762711864,1.0084745762711864,0.8288770053475936,0.788,0.882025363844822,1.0084745762711864,1.0084745762711864,1.0224719101123596,1.05,,broad50_baseload50,weekly,0.0,0,0,40,0.75,0.0,3,1
,362,1.4316384180790962,,,0.3149171270718232,0.3379032258064516,0.9319743140073049,0.5896034581495877,14.232118408852056,0.9319743140073049,,,,1.344632768361582,1.5028248587570623,0.8732394366197181,0.9047619047619048,0.9319743140073049,1.4316384180790962,1.4316384180790962,1.0696629213483146,1.8931818181818183,,broad50_baseload50,weekly,0.0,0,0,40,0.75,0.0,3,2
,252,0.9966101694915255,,,0.3373015873015873,0.3379032258064516,0.9982194946395425,0.5896034581495877,8.529821836104613,0.9982194946395425,,,,0.9887005649717514,1.0084745762711864,0.8202220647295064,0.7894736842105263,0.9982194946395425,0.9966101694915255,0.9966101694915255,0.9863636363636364,1.05,,broad50_baseload50,weekly,0.0,0,0,40,0.75,0.0,4,1
,358,1.415819209039548,,,0.34916201117318435,0.3379032258064516,1.0333195557392567,0.5896034581495877,11.658521280669229,1.0333195557392567,,,,1.344632768361582,1.4830508474576272,0.9163052208835342,0.9008498583569405,1.0333195557392567,1.415819209039548,1.415819209039548,1.053932584269663,1.8931818181818183,,broad50_baseload50,weekly,0.0,0,0,40,0.75,0.0,4,2
,221,0.8740112994350283,,,0.29411764705882354,0.3379032258064516,0.870419766952127,0.5896034581495877,9.12779896707831,0.870419766952127,,,,0.8305084745762712,0.9293785310734464,0.7571234735413841,0.6203703703703703,0.870419766952127,0.8740112994350283,0.8740112994350283,0.6449438202247191,1.0340909090909092,,broad50_baseload50,weekly,0.0,0,0,40,0.75,0.3,3,1
,326,1.289265536723164,,,0.32515337423312884,0.3379032258064516,0.9622677423605722,0.5896034581495877,14.068515338050757,0.9622677423605722,,,,1.2062146892655368,1.344632768361582,0.8919259126056465,0.8037383177570093,0.9622677423605722,1.289265536723164,1.289265536723164,0.6921348314606742,1.8931818181818183,,broad50_baseload50,weekly,0.0,0,0,40,0.75,0.3,3,2
,216,0.8542372881355933,,,0.33796296296296297,0.3379032258064516,1.0001767877662866,0.5896034581495877,20.036772702194142,1.0001767877662866,,,,0.8305084745762712,0.9096045197740114,0.7114170969592656,0.6113744075829384,1.0001767877662866,0.8542372881355933,0.8542372881355933,0.6449438202247191,1.0340909090909092,,broad50_baseload50,weekly,0.0,0,0,40,0.75,0.3,4,1
,320,1.265536723163842,,,0.353125,0.3379032258064516,1.0450477326968974,0.5896034581495877,21.025301799423534,1.0450477326968974,,,,1.1864406779661016,1.305084745762712,0.860167944505294,0.7904761904761904,1.0450477326968974,1.265536723163842,1.265536723163842,0.6764044943820224,1.8931818181818183,,broad50_baseload50,weekly,0.0,0,0,40,0.75,0.3,4,2
,176,0.6960451977401131,,,0.3465909090909091,0.3379032258064516,1.0257105662833588,0.5896034581495877,18.155134917272843,1.0257105662833588,,,,0.672316384180791,0.711864406779661,0.6639892904953146,0.5614035087719298,1.0257105662833588,0.6960451977401131,0.6960451977401131,0.40898876404494383,1.0340909090909092,,broad50_baseload50,weekly,0.0,0,0,40,0.75,0.5,3,1
,277,1.0954802259887007,,,0.35018050541516244,0.3379032258064516,1.0363337153097887,0.5896034581495877,18.961952755219155,1.0363337153097887,,,,1.0480225988700564,1.2062146892655368,0.8327078807031404,0.7794117647058824,1.0363337153097887,1.0954802259887007,1.0954802259887007,0.42471910112359557,1.8772727272727274,,broad50_baseload50,weekly,0.0,0,0,40,0.75,0.5,3,2
,172,0.6802259887005649,,,0.36627906976744184,0.3379032258064516,1.0839762446578232,0.5896034581495877,27.058018307050038,1.0839762446578232,,,,0.652542372881356,0.711864406779661,0.746987951807229,0.562874251497006,1.0839762446578232,0.6802259887005649,0.6802259887005649,0.3775280898876405,1.0340909090909092,,broad50_baseload50,weekly,0.0,0,0,40,0.75,0.5,4,1
,270,1.0677966101694916,,,0.36666666666666664,0.3379032258064516,1.0851233094669848,0.5896034581495877,25.421578930286394,1.0851233094669848,,,,1.0084745762711864,1.1666666666666667,0.8609352664896877,0.7773584905660378,1.0851233094669848,1.0677966101694916,1.0677966101694916,0.3775280898876405,1.8454545454545455,,broad50_baseload50,weekly,0.0,0,0,40,0.75,0.5,4,2
,133,0.5259887005649718,,,0.3533834586466165,0.3379032258064516,1.0458126222477435,0.5896034581495877,25.912129726813202,1.0458126222477435,,,,0.4943502824858757,0.5932203389830508,0.6971887550200804,0.546875,1.0458126222477435,0.5259887005649718,0.5259887005649718,0.17303370786516856,0.8909090909090909,,broad50_baseload50,weekly,0.0,0,0,40,0.75,0.65,3,1
,229,0.9056497175141243,,,0.35807860262008734,0.3379032258064516,1.059707559066607,0.5896034581495877,23.65090642779464,1.059707559066607,,,,0.8107344632768362,1.0282485875706215,0.8619091751621872,0.7946428571428571,1.059707559066607,0.9056497175141243,0.9056497175141243,0.18876404494382024,1.6704545454545454,,broad50_baseload50,weekly,0.0,0,0,40,0.75,0.65,3,2
,133,0.5259887005649718,,,0.3609022556390977,0.3379032258064516,1.0680639546359934,0.5896034581495877,26.035700820190097,1.0680639546359934,,,,0.4943502824858757,0.5932203389830508,0.6971887550200804,0.5390625,1.0680639546359934,0.5259887005649718,0.5259887005649718,0.17303370786516856,0.8909090909090909,,broad50_baseload50,weekly,0.0,0,0,40,0.75,0.65,4,1
,228,0.9016949152542374,,,0.36403508771929827,0.3379032258064516,1.0773353431310975,0.5896034581495877,25.22467607324101,1.0773353431310975,,,,0.8107344632768362,1.0084745762711864,0.8788093550673283,0.7937219730941704,1.0773353431310975,0.9016949152542374,0.9016949152542374,0.17303370786516856,1.6704545454545454,,broad50_baseload50,weekly,0.0,0,0,40,0.75,0.65,4,2
,255,1.0084745762711864,,,0.30196078431372547,0.3379032258064516,0.8936309607375169,0.5896034581495877,6.9223787774753465,0.8936309607375169,,,,1.0084745762711864,1.0084745762711864,0.8288770053475936,0.804,0.8936309607375169,1.0084745762711864,1.0084745762711864,1.0224719101123596,1.05,,broad50_baseload50,weekly,0.0,0,0,40,0.8,0.0,3,1
,353,1.396045197740113,,,0.3059490084985836,0.3379032258064516,0.9054338199003429,0.5896034581495877,13.75908415454352,0.9054338199003429,,,,1.344632768361582,1.463276836158192,0.8380952380952381,0.896551724137931,0.9054338199003429,1.396045197740113,1.396045197740113,1.0224719101123596,1.8613636363636363,,broad50_baseload50,weekly,0.0,0,0,40,0.8,0.0,3,2
,252,0.9966101694915255,,,0.3531746031746032,0.3379032258064516,1.0451945296814034,0.5896034581495877,12.832023951298439,1.0451945296814034,,,,0.9887005649717514,1.0084745762711864,0.9373966454051501,0.805668016194332,1.0451945296814034,0.9966101694915255,0.9966101694915255,0.9863636363636364,1.05,,broad50_baseload50,weekly,0.0,0,0,40,0.8,0.0,4,1
,350,1.384180790960452,,,0.3514285714285714,0.3379032258064516,1.0400272758267985,0.5896034581495877,15.137336666098241,1.0400272758267985,,,,1.344632768361582,1.463276836158192,0.966183574879227,0.8985507246376812,1.0400272758267985,1.384180790960452,1.384180790960452,1.0224719101123596,1.8613636363636363,,broad50_baseload50,weekly,0.0,0,0,40,0.8,0.0,4,2
,220,0.8700564971751413,,,0.29545454545454547,0.3379032258064516,0.874376220438273,0.5896034581495877,8.324370881565763,0.874376220438273,,,,0.8305084745762712,0.9096045197740114,0.814141414141414,0.6372093023255814,0.874376220438273,0.8700564971751413,0.8700564971751413,0.6449438202247191,1.0181818181818183,,broad50_baseload50,weekly,0.0,0,0,40,0.8,0.3,3,1
,317,1.2536723163841808,,,0.30914826498422715,0.3379032258064516,0.9149017865881663,0.5896034581495877,13.80532510731902,0.9149017865881663,,,,1.2062146892655368,1.2853107344632768,0.8333333333333334,0.7948717948717948,0.9149017865881663,1.2536723163841808,1.2536723163841808,0.6449438202247191,1.8454545454545455,,broad50_baseload50,weekly,0.0,0,0,40,0.8,0.3,3,2
,215,0.8502824858757062,,,0.35348837209302325,0.3379032258064516,1.0461231059554865,0.5896034581495877,23.677344208473134,1.0461231059554865,,,,0.8305084745762712,0.8898305084745763,0.8537005163511188,0.6238095238095238,1.0461231059554865,0.8502824858757062,0.8502824858757062,0.6449438202247191,1.0181818181818183,,broad50_baseload50,weekly,0.0,0,0,40,0.8,0.3,4,1
,312,1.2338983050847459,,,0.3525641025641026,0.3379032258064516,1.0433877975644086,0.5896034581495877,23.150115680120315,1.0433877975644086,,,,1.1864406779661016,1.2853107344632768,0.9653382761816498,0.7817589576547231,1.0433877975644086,1.2338983050847459,1.2338983050847459,0.6449438202247191,1.8454545454545455,,broad50_baseload50,weekly,0.0,0,0,40,0.8,0.3,4,2
,175,0.692090395480226,,,0.35428571428571426,0.3379032258064516,1.0484827821343334,0.5896034581495877,18.167163751298684,1.0484827821343334,,,,0.672316384180791,0.711864406779661,0.746987951807229,0.5823529411764706,1.0484827821343334,0.692090395480226,0.692090395480226,0.40898876404494383,1.0181818181818183,,broad50_baseload50,weekly,0.0,0,0,40,0.8,0.5,3,1
,270,1.0677966101694916,,,0.34814814814814815,0.3379032258064516,1.0303191019181472,0.5896034581495877,20.075243923046905,1.0303191019181472,,,,1.0282485875706215,1.1666666666666667,0.9115785174596693,0.769811320754717,1.0303191019181472,1.0677966101694916,1.0677966101694916,0.40898876404494383,1.8295454545454546,,broad50_baseload50,weekly,0.0,0,0,40,0.8,0.5,3,2
,171,0.6762711864406781,,,0.38596491228070173,0.3379032258064516,1.1422350625968263,0.5896034581495877,31.676404970528637,1.1422350625968263,,,,0.652542372881356,0.711864406779661,0.9129852744310577,0.5783132530120482,1.1422350625968263,0.6762711864406781,0.6762711864406781,0.3775280898876405,1.0181818181818183,,broad50_baseload50,weekly,0.0,0,0,40,0.8,0.5,4,1
,264,1.0440677966101695,,,0.3712121212121212,0.3379032258064516,1.0985752513198814,0.5896034581495877,28.377590265151433,1.0985752513198814,,,,1.0084745762711864,1.1468926553672316,0.9788117989198172,0.7644787644787645,1.0985752513198814,1.0440677966101695,1.0440677966101695,0.3775280898876405,1.7977272727272728,,broad50_baseload50,weekly,0.0,0,0,40,0.8,0.5,4,2
,130,0.5141242937853108,,,0.36923076923076925,0.3379032258064516,1.0927115843583626,0.5896034581495877,29.89697704609725,1.0927115843583626,,,,0.4745762711864407,0.5932203389830508,0.8963855421686747,0.552,1.0927115843583626,0.5141242937853108,0.5141242937853108,0.17303370786516856,0.875,,broad50_baseload50,weekly,0.0,0,0,40,0.8,0.65,3,1
,221,0.8740112994350283,,,0.3574660633484163,0.3379032258064516,1.0578947936802774,0.5896034581495877,27.320277269824928,1.0578947936802774,,,,0.8107344632768362,1.0084745762711864,0.910569105691057,0.7777777777777778,1.0578947936802774,0.8740112994350283,0.8740112994350283,0.17303370786516856,1.638636363636364,,broad50_baseload50,weekly,0.0,0,0,40,0.8,0.65,3,2
,130,0.5141242937853108,,,0.3769230769230769,0.3379032258064516,1.115476409032495,0.5896034581495877,29.70413958962671,1.115476409032495,,,,0.4745762711864407,0.5932203389830508,0.8963855421686747,0.536,1.115476409032495,0.5141242937853108,0.5141242937853108,0.17303370786516856,0.875,,broad50_baseload50,weekly,0.0,0,0,40,0.8,0.65,4,1
,220,0.8700564971751413,,,0.36363636363636365,0.3379032258064516,1.0761553482317205,0.5896034581495877,28.25822444973745,1.0761553482317205,,,,0.8107344632768362,1.0084745762711864,0.910569105691057,0.7767441860465116,1.0761553482317205,0.8700564971751413,0.8700564971751413,0.17303370786516856,1.6227272727272726,,broad50_baseload50,weekly,0.0,0,0,40,0.8,0.65,4,2
,255,1.0084745762711864,,,0.28627450980392155,0.3379032258064516,0.8472085731667368,0.5896034581495877,6.520304339560558,0.8472085731667368,,,,1.0084745762711864,1.0084745762711864,0.8288770053475936,0.848,0.8472085731667368,1.0084745762711864,1.0084745762711864,1.0224719101123596,1.05,,broad50_baseload50,weekly,0.0,0,0,40,0.85,0.0,3,1
,343,1.356497175141243,,,0.3032069970845481,0.3379032258064516,0.8973190367179945,0.5896034581495877,15.573501122579746,0.8973190367179945,,,,1.305084745762712,1.4039548022598871,0.8115942028985508,0.9023668639053254,0.8973190367179945,1.356497175141243,1.356497175141243,1.0224719101123596,1.7818181818181817,,broad50_baseload50,weekly,0.0,0,0,40,0.85,0.0,3,2
,252,0.9966101694915255,,,0.3531746031746032,0.3379032258064516,1.0451945296814034,0.5896034581495877,13.817763782725525,1.0451945296814034,,,,0.9887005649717514,1.0084745762711864,0.8788093550673283,0.8421052631578947,1.0451945296814034,0.9966101694915255,0.9966101694915255,0.9863636363636364,1.05,,broad50_baseload50,weekly,0.0,0,0,40,0.85,0.0,4,1
,337,1.332768361581921,,,0.3649851632047478,0.3379032258064516,1.080147022372046,0.5896034581495877,18.170272423007848,1.080147022372046,,,,1.2853107344632768,1.384180790960452,0.9803921568627452,0.9066265060240963,1.080147022372046,1.332768361581921,1.332768361581921,1.0224719101123596,1.7818181818181817,,broad50_baseload50,weekly,0.0,0,0,40,0.85,0.0,4,2
,219,0.8661016949152542,,,0.2876712328767123,0.3379032258064516,0.8513420734298885,0.5896034581495877,8.876604514995456,0.8513420734298885,,,,0.8305084745762712,0.9096045197740114,0.7825588066551923,0.6542056074766355,0.8513420734298885,0.8661016949152542,0.8661016949152542,0.6292134831460674,1.0181818181818183,,broad50_baseload50,weekly,0.0,0,0,40,0.85,0.3,3,1
,306,1.2101694915254237,,,0.3137254901960784,0.3379032258064516,0.9284477514156021,0.5896034581495877,16.58884318306839,0.9284477514156021,,,,1.1468926553672316,1.2457627118644068,0.8042328042328042,0.7774086378737541,0.9284477514156021,1.2101694915254237,1.2101694915254237,0.6292134831460674,1.7659090909090909,,broad50_baseload50,weekly,0.0,0,0,40,0.85,0.3,3,2
,214,0.8463276836158192,,,0.35046728971962615,0.3379032258064516,1.0371824325831418,0.5896034581495877,24.9733723005057,1.0371824325831418,,,,0.8305084745762712,0.8898305084745763,0.7825588066551923,0.6602870813397129,1.0371824325831418,0.8463276836158192,0.8463276836158192,0.6292134831460674,1.0181818181818183,,broad50_baseload50,weekly,0.0,0,0,40,0.85,0.3,4,1
,298,1.1785310734463277,,,0.36577181208053694,0.3379032258064516,1.0824750524579136,0.5896034581495877,27.024886897931783,1.0824750524579136,,,,1.1073446327683616,1.225988700564972,0.9306735137270394,0.7815699658703071,1.0824750524579136,1.1785310734463277,1.1785310734463277,0.6292134831460674,1.7659090909090909,,broad50_baseload50,weekly,0.0,0,0,40,0.85,0.3,4,2
,171,0.6762711864406781,,,0.34502923976608185,0.3379032258064516,1.0210889195941324,0.5896034581495877,18.76871465488673,1.0210889195941324,,,,0.652542372881356,0.711864406779661,0.6639892904953146,0.608433734939759,1.0210889195941324,0.6762711864406781,0.6762711864406781,0.3775280898876405,1.0181818181818183,,broad50_baseload50,weekly,0.0,0,0,40,0.85,0.5,3,1
,257,1.0163841807909604,,,0.3540856031128405,0.3379032258064516,1.0478905676847785,0.5896034581495877,22.498633510405067,1.0478905676847785,,,,0.9689265536723164,1.1073446327683616,0.8537005163511188,0.753968253968254,1.0478905676847785,1.0163841807909604,1.0163841807909604,0.3775280898876405,1.75,,broad50_baseload50,weekly,0.0,0,0,40,0.85,0.5,3,2
,167,0.6604519774011299,,,0.3712574850299401,0.3379032258064516,1.098709502236577,0.5896034581495877,32.602084128891185,1.098709502236577,,,,0.632768361581921,0.711864406779661,0.746987951807229,0.6111111111111112,1.098709502236577,0.6604519774011299,0.6604519774011299,0.3460674157303371,1.0181818181818183,,broad50_baseload50,weekly,0.0,0,0,40,0.85,0.5,4,1
,247,0.9768361581920904,,,0.3805668016194332,0.3379032258064516,1.1262597470360314,0.5896034581495877,31.17235990871933,1.1262597470360314,,,,0.9096045197740114,1.0480225988700564,0.9020231870879746,0.7520661157024794,1.1262597470360314,0.9768361581920904,0.9768361581920904,0.3460674157303371,1.7340909090909091,,broad50_baseload50,weekly,0.0,0,0,40,0.85,0.5,4,2
,126,0.49830508474576274,,,0.35714285714285715,0.3379032258064516,1.0569382884418685,0.5896034581495877,31.0857425833413,1.0569382884418685,,,,0.4548022598870057,0.5932203389830508,0.7967871485943775,0.6033057851239669,1.0569382884418685,0.49830508474576274,0.49830508474576274,0.14157303370786517,0.875,,broad50_baseload50,weekly,0.0,0,0,40,0.85,0.65,3,1
,210,0.8305084745762712,,,0.36666666666666664,0.3379032258064516,1.0851233094669848,0.5896034581495877,29.88856613179097,1.0851233094669848,,,,0.7514124293785311,0.9689265536723164,0.8666666666666667,0.775609756097561,1.0851233094669848,0.8305084745762712,0.8305084745762712,0.14157303370786517,1.590909090909091,,broad50_baseload50,weekly,0.0,0,0,40,0.85,0.65,3,2
,126,0.49830508474576274,,,0.35714285714285715,0.3379032258064516,1.0569382884418685,0.5896034581495877,30.868420208062716,1.0569382884418685,,,,0.4548022598870057,0.5932203389830508,0.6956521739130435,0.5702479338842975,1.0569382884418685,0.49830508474576274,0.49830508474576274,0.14157303370786517,0.875,,broad50_baseload50,weekly,0.0,0,0,40,0.85,0.65,4,1
,205,0.8107344632768362,,,0.375609756097561,0.3379032258064516,1.1115897316491066,0.5896034581495877,30.96850129657,1.1115897316491066,,,,0.731638418079096,0.9293785310734464,0.8205128205128206,0.76,1.1115897316491066,0.8107344632768362,0.8107344632768362,0.14157303370786517,1.5750000000000002,,broad50_baseload50,weekly,0.0,0,0,40,0.85,0.65,4,2
,255,1.0084745762711864,,,0.2784313725490196,0.3379032258064516,0.8239973793813469,0.5896034581495877,5.184798140551387,0.8239973793813469,,,,1.0084745762711864,1.0084745762711864,0.7736185383244207,0.844,0.8239973793813469,1.0084745762711864,1.0084745762711864,1.0224719101123596,1.05,,broad50_baseload50,weekly,0.0,0,0,40,0.9,0.0,3,1
,332,1.3129943502824861,,,0.3042168674698795,0.3379032258064516,0.9003076746125314,0.5896034581495877,14.730197555479581,0.9003076746125314,,,,1.2853107344632768,1.344632768361582,0.8205128205128206,0.8990825688073395,0.9003076746125314,1.3129943502824861,1.3129943502824861,1.0224719101123596,1.7181818181818183,,broad50_baseload50,weekly,0.0,0,0,40,0.9,0.0,3,2
,252,0.9966101694915255,,,0.34523809523809523,0.3379032258064516,1.0217070121604728,0.5896034581495877,12.693244329951717,1.0217070121604728,,,,0.9887005649717514,1.0084745762711864,0.9373966454051501,0.8380566801619433,1.0217070121604728,0.9966101694915255,0.9966101694915255,0.9863636363636364,1.05,,broad50_baseload50,weekly,0.0,0,0,40,0.9,0.0,4,1
,328,1.2971751412429378,,,0.3628048780487805,0.3379032258064516,1.0736946271610688,0.5896034581495877,17.344385469908314,1.0736946271610688,,,,1.265536723163842,1.344632768361582,1.0,0.9071207430340558,1.0736946271610688,1.2971751412429378,1.2971751412429378,1.0224719101123596,1.7181818181818183,,broad50_baseload50,weekly,0.0,0,0,40,0.9,0.0,4,2
,219,0.8661016949152542,,,0.2785388127853881,0.3379032258064516,0.8243153409400508,0.5896034581495877,7.321563050395739,0.8243153409400508,,,,0.8305084745762712,0.9096045197740114,0.753623188405797,0.6495327102803738,0.8243153409400508,0.8661016949152542,0.8661016949152542,0.6292134831460674,1.0181818181818183,,broad50_baseload50,weekly,0.0,0,0,40,0.9,0.3,3,1
,296,1.1706214689265537,,,0.3108108108108108,0.3379032258064516,0.9198219699413017,0.5896034581495877,15.32572957981597,0.9198219699413017,,,,1.1271186440677967,1.1864406779661016,0.7999999999999999,0.7663230240549829,0.9198219699413017,1.1706214689265537,1.1706214689265537,0.6292134831460674,1.7022727272727272,,broad50_baseload50,weekly,0.0,0,0,40,0.9,0.3,3,2
,214,0.8463276836158192,,,0.3411214953271028,0.3379032258064516,1.0095242343809248,0.5896034581495877,23.619526855490307,1.0095242343809248,,,,0.8305084745762712,0.8898305084745763,0.8537005163511188,0.6555023923444976,1.0095242343809248,0.8463276836158192,0.8463276836158192,0.6292134831460674,1.0181818181818183,,broad50_baseload50,weekly,0.0,0,0,40,0.9,0.3,4,1
,290,1.1468926553672316,,,0.3620689655172414,0.3379032258064516,1.0715167475927907,0.5896034581495877,26.016688310541447,1.0715167475927907,,,,1.0875706214689267,1.1666666666666667,0.9491525423728814,0.775438596491228,1.0715167475927907,1.1468926553672316,1.1468926553672316,0.6292134831460674,1.7022727272727272,,broad50_baseload50,weekly,0.0,0,0,40,0.9,0.3,4,2
,171,0.6762711864406781,,,0.3333333333333333,0.3379032258064516,0.9864757358790771,0.5896034581495877,17.397767629040608,0.9864757358790771,,,,0.652542372881356,0.711864406779661,0.746987951807229,0.5903614457831325,0.9864757358790771,0.6762711864406781,0.6762711864406781,0.3775280898876405,1.0181818181818183,,broad50_baseload50,weekly,0.0,0,0,40,0.9,0.5,3,1
,248,0.9807909604519774,,,0.3548387096774194,0.3379032258064516,1.0501193317422435,0.5896034581495877,22.723859020111227,1.0501193317422435,,,,0.9491525423728814,1.0480225988700564,0.9020231870879746,0.7489711934156379,1.0501193317422435,0.9807909604519774,0.9807909604519774,0.3775280898876405,1.7022727272727272,,broad50_baseload50,weekly,0.0,0,0,40,0.9,0.5,3,2
,166,0.6564971751412431,,,0.3614457831325301,0.3379032258064516,1.069672484688156,0.5896034581495877,31.02556540924779,1.069672484688156,,,,0.632768361581921,0.711864406779661,0.8299866131191433,0.6024844720496895,1.069672484688156,0.6564971751412431,0.6564971751412431,0.3460674157303371,1.0181818181818183,,broad50_baseload50,weekly,0.0,0,0,40,0.9,0.5,4,1
,240,0.9491525423728814,,,0.37916666666666665,0.3379032258064516,1.1221161495624503,0.5896034581495877,30.905547103814335,1.1221161495624503,,,,0.8898305084745763,1.0282485875706215,0.9193697868396664,0.7489361702127659,1.1221161495624503,0.9491525423728814,0.9491525423728814,0.3460674157303371,1.6863636363636363,,broad50_baseload50,weekly,0.0,0,0,40,0.9,0.5,4,2
,126,0.49830508474576274,,,0.3412698412698413,0.3379032258064516,1.0099632534000076,0.5896034581495877,29.22517161969299,1.0099632534000076,,,,0.4548022598870057,0.5932203389830508,0.6956521739130435,0.5785123966942148,1.0099632534000076,0.49830508474576274,0.49830508474576274,0.14157303370786517,0.875,,broad50_baseload50,weekly,0.0,0,0,40,0.9,0.65,3,1
,202,0.7988700564971751,,,0.36633663366336633,0.3379032258064516,1.0841466008175997,0.5896034581495877,30.13075462060591,1.0841466008175997,,,,0.731638418079096,0.9096045197740114,0.8648648648648649,0.766497461928934,1.0841466008175997,0.7988700564971751,0.7988700564971751,0.14157303370786517,1.5431818181818182,,broad50_baseload50,weekly,0.0,0,0,40,0.9,0.65,3,2
,125,0.4943502824858757,,,0.344,0.3379032258064516,1.0180429594272076,0.5896034581495877,28.702828488402147,1.0180429594272076,,,,0.43502824858757067,0.5932203389830508,0.6060606060606061,0.55,1.0180429594272076,0.4943502824858757,0.4943502824858757,0.14157303370786517,0.875,,broad50_baseload50,weekly,0.0,0,0,40,0.9,0.65,4,1
,197,0.7790960451977401,,,0.3756345177664975,0.3379032258064516,1.1116630120058637,0.5896034581495877,31.74682384107002,1.1116630120058637,,,,0.692090395480226,0.9096045197740114,0.8380952380952381,0.7395833333333334,1.1116630120058637,0.7790960451977401,0.7790960451977401,0.14157303370786517,1.5113636363636365,,broad50_baseload50,weekly,0.0,0,0,40,0.9,0.65,4,2
,255,1.0084745762711864,,,0.2980392156862745,0.3379032258064516,0.882025363844822,0.5896034581495877,6.451080794727156,0.882025363844822,,,,1.0084745762711864,1.0084745762711864,0.8288770053475936,0.788,0.882025363844822,1.0084745762711864,1.0084745762711864,1.0224719101123596,1.05,,broad50_baseload50,weekly,0.0,0,0,60,0.75,0.0,3,1
,358,1.415819209039548,,,0.3128491620111732,0.3379032258064516,0.9258543219423742,0.5896034581495877,15.94568151833589,0.9258543219423742,,,,1.344632768361582,1.4830508474576272,0.8732394366197181,0.9036827195467422,0.9258543219423742,1.415819209039548,1.415819209039548,1.0224719101123596,1.8931818181818183,,broad50_baseload50,weekly,0.0,0,0,60,0.75,0.0,3,2
,252,0.9966101694915255,,,0.3373015873015873,0.3379032258064516,0.9982194946395425,0.5896034581495877,8.529821836104613,0.9982194946395425,,,,0.9887005649717514,1.0084745762711864,0.8202220647295064,0.7894736842105263,0.9982194946395425,0.9966101694915255,0.9966101694915255,0.9863636363636364,1.05,,broad50_baseload50,weekly,0.0,0,0,60,0.75,0.0,4,1
,355,1.4039548022598871,,,0.3464788732394366,0.3379032258064516,1.0253790043362803,0.5896034581495877,12.42688484711138,1.0253790043362803,,,,1.344632768361582,1.4830508474576272,0.9163052208835342,0.9,1.0253790043362803,1.4039548022598871,1.4039548022598871,1.0224719101123596,1.8931818181818183,,broad50_baseload50,weekly,0.0,0,0,60,0.75,0.0,4,2
,221,0.8740112994350283,,,0.2986425339366516,0.3379032258064516,0.8838108402898519,0.5896034581495877,12.49205074232676,0.8838108402898519,,,,0.8305084745762712,0.9293785310734464,0.7402985074626867,0.6157407407407407,0.8838108402898519,0.8740112994350283,0.8740112994350283,0.6292134831460674,1.0340909090909092,,broad50_baseload50,weekly,0.0,0,0,60,0.75,0.3,3,1
,322,1.2734463276836159,,,0.32608695652173914,0.3379032258064516,0.9650306111860538,0.5896034581495877,18.117703889499087,0.9650306111860538,,,,1.2062146892655368,1.3248587570621468,0.90543994158452,0.7981072555205048,0.9650306111860538,1.2734463276836159,1.2734463276836159,0.6292134831460674,1.8931818181818183,,broad50_baseload50,weekly,0.0,0,0,60,0.75,0.3,3,2
,214,0.8463276836158192,,,0.34579439252336447,0.3379032258064516,1.0233533334820333,0.5896034581495877,24.9837284332359,1.0233533334820333,,,,0.7909604519774012,0.9096045197740114,0.7114170969592656,0.6076555023923444,1.0233533334820333,0.8463276836158192,0.8463276836158192,0.6134831460674157,1.0340909090909092,,broad50_baseload50,weekly,0.0,0,0,60,0.75,0.3,4,1
,315,1.2457627118644068,,,0.35555555555555557,0.3379032258064516,1.0522407849376825,0.5896034581495877,25.180961744201532,1.0522407849376825,,,,1.1666666666666667,1.305084745762712,0.860167944505294,0.7870967741935484,1.0522407849376825,1.2457627118644068,1.2457627118644068,0.6134831460674157,1.8931818181818183,,broad50_baseload50,weekly,0.0,0,0,60,0.75,0.3,4,2
,165,0.652542372881356,,,0.3575757575757576,0.3379032258064516,1.0582194257611919,0.5896034581495877,25.23005582724868,1.0582194257611919,,,,0.632768361581921,0.672316384180791,0.7030474840538625,0.55625,1.0582194257611919,0.652542372881356,0.652542372881356,0.251685393258427,1.0340909090909092,,broad50_baseload50,weekly,0.0,0,0,60,0.75,0.5,3,1
,265,1.0480225988700564,,,0.3584905660377358,0.3379032258064516,1.060926734813347,0.5896034581495877,26.165361670242216,1.060926734813347,,,,0.9689265536723164,1.1468926553672316,0.8757789779808891,0.7846153846153846,1.060926734813347,1.0480225988700564,1.0480225988700564,0.251685393258427,1.8772727272727274,,broad50_baseload50,weekly,0.0,0,0,60,0.75,0.5,3,2
,163,0.644632768361582,,,0.36809815950920244,0.3379032258064516,1.0893597083327233,0.5896034581495877,32.82993488755521,1.0893597083327233,,,,0.612994350282486,0.672316384180791,0.7030474840538625,0.569620253164557,1.0893597083327233,0.644632768361582,0.644632768361582,0.2359550561797753,1.0340909090909092,,broad50_baseload50,weekly,0.0,0,0,60,0.75,0.5,4,1
,262,1.0361581920903955,,,0.366412213740458,0.3379032258064516,1.0843702745541002,0.5896034581495877,28.56594794505964,1.0843702745541002,,,,0.9491525423728814,1.1271186440677967,0.838723314309871,0.7898832684824902,1.0843702745541002,1.0361581920903955,1.0361581920903955,0.2359550561797753,1.8613636363636363,,broad50_baseload50,weekly,0.0,0,0,60,0.75,0.5,4,2
,124,0.4903954802259887,,,0.3548387096774194,0.3379032258064516,1.0501193317422435,0.5896034581495877,25.71176638997122,1.0501193317422435,,,,0.43502824858757067,0.5536723163841808,0.746987951807229,0.5798319327731093,1.0501193317422435,0.4903954802259887,0.4903954802259887,0.03146067415730337,0.8909090909090909,,broad50_baseload50,weekly,0.0,0,0,60,0.75,0.65,3,1
,219,0.8661016949152542,,,0.3607305936073059,0.3379032258064516,1.0675559333485904,0.5896034581495877,25.294701398465566,1.0675559333485904,,,,0.7711864406779662,0.9689265536723164,0.914679124661913,0.8271028037383178,1.0675559333485904,0.8661016949152542,0.8661016949152542,0.03146067415730337,1.6704545454545454,,broad50_baseload50,weekly,0.0,0,0,60,0.75,0.65,3,2
,124,0.4903954802259887,,,0.3548387096774194,0.3379032258064516,1.0501193317422435,0.5896034581495877,25.555983707570356,1.0501193317422435,,,,0.43502824858757067,0.5536723163841808,0.746987951807229,0.5798319327731093,1.0501193317422435,0.4903954802259887,0.4903954802259887,0.03146067415730337,0.8909090909090909,,broad50_baseload50,weekly,0.0,0,0,60,0.75,0.65,4,1
,219,0.8661016949152542,,,0.3607305936073059,0.3379032258064516,1.0675559333485904,0.5896034581495877,25.20649567875001,1.0675559333485904,,,,0.7711864406779662,0.9689265536723164,0.914679124661913,0.8271028037383178,1.0675559333485904,0.8661016949152542,0.8661016949152542,0.03146067415730337,1.6704545454545454,,broad50_baseload50,weekly,0.0,0,0,60,0.75,0.65,4,2
,255,1.0084745762711864,,,0.30196078431372547,0.3379032258064516,0.8936309607375169,0.5896034581495877,7.2202196456893875,0.8936309607375169,,,,1.0084745762711864,1.0084745762711864,0.8288770053475936,0.796,0.8936309607375169,1.0084745762711864,1.0084745762711864,1.0224719101123596,1.05,,broad50_baseload50,weekly,0.0,0,0,60,0.8,0.0,3,1
,352,1.3920903954802262,,,0.3068181818181818,0.3379032258064516,0.9080060750705142,0.5896034581495877,15.008264693292773,0.9080060750705142,,,,1.344632768361582,1.463276836158192,0.8380952380952381,0.8933717579250721,0.9080060750705142,1.3920903954802262,1.3920903954802262,1.0224719101123596,1.8613636363636363,,broad50_baseload50,weekly,0.0,0,0,60,0.8,0.0,3,2
,252,0.9966101694915255,,,0.34523809523809523,0.3379032258064516,1.0217070121604728,0.5896034581495877,9.936082791638677,1.0217070121604728,,,,0.9887005649717514,1.0084745762711864,0.8788093550673283,0.7975708502024291,1.0217070121604728,0.9966101694915255,0.9966101694915255,0.9863636363636364,1.05,,broad50_baseload50,weekly,0.0,0,0,60,0.8,0.0,4,1
,349,1.380225988700565,,,0.3467048710601719,0.3379032258064516,1.026047828435831,0.5896034581495877,13.086657316348678,1.026047828435831,,,,1.344632768361582,1.463276836158192,0.966183574879227,0.8953488372093024,1.026047828435831,1.380225988700565,1.380225988700565,1.0224719101123596,1.8613636363636363,,broad50_baseload50,weekly,0.0,0,0,60,0.8,0.0,4,2
,220,0.8700564971751413,,,0.3,0.3379032258064516,0.8878281622911695,0.5896034581495877,12.04913935304071,0.8878281622911695,,,,0.8305084745762712,0.9096045197740114,0.8225538971807629,0.6232558139534884,0.8878281622911695,0.8700564971751413,0.8700564971751413,0.6292134831460674,1.0181818181818183,,broad50_baseload50,weekly,0.0,0,0,60,0.8,0.3,3,1
,315,1.2457627118644068,,,0.3142857142857143,0.3379032258064516,0.9301056938288442,0.5896034581495877,17.302655942750373,0.9301056938288442,,,,1.2062146892655368,1.2853107344632768,0.8333333333333334,0.7870967741935484,0.9301056938288442,1.2457627118644068,1.2457627118644068,0.6292134831460674,1.8454545454545455,,broad50_baseload50,weekly,0.0,0,0,60,0.8,0.3,3,2
,213,0.8423728813559322,,,0.352112676056338,0.3379032258064516,1.0420518336750815,0.5896034581495877,25.255524946600993,1.0420518336750815,,,,0.7909604519774012,0.8898305084745763,0.7825588066551923,0.6105769230769231,1.0420518336750815,0.8423728813559322,0.8423728813559322,0.6134831460674157,1.0181818181818183,,broad50_baseload50,weekly,0.0,0,0,60,0.8,0.3,4,1
,308,1.2180790960451977,,,0.3538961038961039,0.3379032258064516,1.0473297585469423,0.5896034581495877,25.215043507219406,1.0473297585469423,,,,1.1666666666666667,1.2853107344632768,0.9193697868396664,0.7755775577557755,1.0473297585469423,1.2180790960451977,1.2180790960451977,0.6134831460674157,1.8454545454545455,,broad50_baseload50,weekly,0.0,0,0,60,0.8,0.3,4,2
,164,0.6485875706214689,,,0.36585365853658536,0.3379032258064516,1.082717271086792,0.5896034581495877,25.749137462974776,1.082717271086792,,,,0.632768361581921,0.672316384180791,0.7909284195605953,0.5660377358490566,1.082717271086792,0.6485875706214689,0.6485875706214689,0.251685393258427,1.0181818181818183,,broad50_baseload50,weekly,0.0,0,0,60,0.8,0.5,3,1
,258,1.0203389830508476,,,0.35658914728682173,0.3379032258064516,1.0552996244287802,0.5896034581495877,26.337370918343346,1.0552996244287802,,,,0.9689265536723164,1.1271186440677967,0.9435637285986049,0.7707509881422925,1.0552996244287802,1.0203389830508476,1.0203389830508476,0.251685393258427,1.8295454545454546,,broad50_baseload50,weekly,0.0,0,0,60,0.8,0.5,3,2
,162,0.6406779661016949,,,0.3765432098765432,0.3379032258064516,1.1143522201596983,0.5896034581495877,33.23573034311746,1.1143522201596983,,,,0.612994350282486,0.672316384180791,0.7909284195605953,0.5732484076433121,1.1143522201596983,0.6406779661016949,0.6406779661016949,0.2359550561797753,1.0181818181818183,,broad50_baseload50,weekly,0.0,0,0,60,0.8,0.5,4,1
,255,1.0084745762711864,,,0.36470588235294116,0.3379032258064516,1.0793205110206374,0.5896034581495877,28.7000345584538,1.0793205110206374,,,,0.9491525423728814,1.1073446327683616,0.9070567986230637,0.772,1.0793205110206374,1.0084745762711864,1.0084745762711864,0.2359550561797753,1.8136363636363637,,broad50_baseload50,weekly,0.0,0,0,60,0.8,0.5,4,2
,122,0.4824858757062147,,,0.36065573770491804,0.3379032258064516,1.0673344027544114,0.5896034581495877,26.16816895141844,1.0673344027544114,,,,0.4152542372881356,0.5536723163841808,0.8537005163511188,0.5897435897435898,1.0673344027544114,0.4824858757062147,0.4824858757062147,0.03146067415730337,0.875,,broad50_baseload50,weekly,0.0,0,0,60,0.8,0.65,3,1
,212,0.8384180790960452,,,0.35377358490566035,0.3379032258064516,1.0469671725131715,0.5896034581495877,25.20114912838341,1.0469671725131715,,,,0.7514124293785311,0.9689265536723164,0.912280701754386,0.8115942028985508,1.0469671725131715,0.8384180790960452,0.8384180790960452,0.03146067415730337,1.638636363636364,,broad50_baseload50,weekly,0.0,0,0,60,0.8,0.65,3,2
,122,0.4824858757062147,,,0.36065573770491804,0.3379032258064516,1.0673344027544114,0.5896034581495877,25.669637169631514,1.0673344027544114,,,,0.4152542372881356,0.5536723163841808,0.8537005163511188,0.5811965811965812,1.0673344027544114,0.4824858757062147,0.4824858757062147,0.03146067415730337,0.875,,broad50_baseload50,weekly,0.0,0,0,60,0.8,0.65,4,1
,211,0.8344632768361583,,,0.35545023696682465,0.3379032258064516,1.0519291022407222,0.5896034581495877,25.999619476262446,1.0519291022407222,,,,0.7514124293785311,0.9689265536723164,0.912280701754386,0.8106796116504854,1.0519291022407222,0.8344632768361583,0.8344632768361583,0.03146067415730337,1.6227272727272726,,broad50_baseload50,weekly,0.0,0,0,60,0.8,0.65,4,2
,255,1.0084745762711864,,,0.28627450980392155,0.3379032258064516,0.8472085731667368,0.5896034581495877,6.2649521445321605,0.8472085731667368,,,,1.0084745762711864,1.0084745762711864,0.8288770053475936,0.836,0.8472085731667368,1.0084745762711864,1.0084745762711864,1.0224719101123596,1.05,,broad50_baseload50,weekly,0.0,0,0,60,0.85,0.0,3,1
,344,1.3604519774011299,,,0.30523255813953487,0.3379032258064516,0.9033135372148526,0.5896034581495877,15.994763104815846,0.9033135372148526,,,,1.305084745762712,1.423728813559322,0.8115942028985508,0.8938053097345132,0.9033135372148526,1.3604519774011299,1.3604519774011299,1.0224719101123596,1.7818181818181817,,broad50_baseload50,weekly,0.0,0,0,60,0.85,0.0,3,2
,252,0.9966101694915255,,,0.3412698412698413,0.3379032258064516,1.0099632534000076,0.5896034581495877,13.050222443299308,1.0099632534000076,,,,0.9887005649717514,1.0084745762711864,0.8788093550673283,0.8299595141700404,1.0099632534000076,0.9966101694915255,0.9966101694915255,0.9863636363636364,1.05,,broad50_baseload50,weekly,0.0,0,0,60,0.85,0.0,4,1
,338,1.3367231638418078,,,0.35798816568047337,0.3379032258064516,1.059439917526938,0.5896034581495877,18.211727283320343,1.059439917526938,,,,1.2853107344632768,1.4039548022598871,0.9411764705882354,0.8978978978978979,1.059439917526938,1.3367231638418078,1.3367231638418078,1.0224719101123596,1.7818181818181817,,broad50_baseload50,weekly,0.0,0,0,60,0.85,0.0,4,2
,219,0.8661016949152542,,,0.2876712328767123,0.3379032258064516,0.8513420734298885,0.5896034581495877,11.554799243487539,0.8513420734298885,,,,0.8305084745762712,0.9096045197740114,0.7825588066551923,0.6495327102803738,0.8513420734298885,0.8661016949152542,0.8661016949152542,0.6134831460674157,1.0181818181818183,,broad50_baseload50,weekly,0.0,0,0,60,0.85,0.3,3,1
,307,1.2141242937853107,,,0.31596091205211724,0.3379032258064516,0.9350633196769103,0.5896034581495877,19.18017293909685,0.9350633196769103,,,,1.1666666666666667,1.2457627118644068,0.8042328042328042,0.7748344370860927,0.9350633196769103,1.2141242937853107,1.2141242937853107,0.6134831460674157,1.7659090909090909,,broad50_baseload50,weekly,0.0,0,0,60,0.85,0.3,3,2
,212,0.8384180790960452,,,0.35377358490566035,0.3379032258064516,1.0469671725131715,0.5896034581495877,29.27312102149352,1.0469671725131715,,,,0.7909604519774012,0.8898305084745763,0.7825588066551923,0.642512077294686,1.0469671725131715,0.8384180790960452,0.8384180790960452,0.597752808988764,1.0181818181818183,,broad50_baseload50,weekly,0.0,0,0,60,0.85,0.3,4,1
,297,1.1745762711864407,,,0.37037037037037035,0.3379032258064516,1.0960841509767525,0.5896034581495877,30.77649398173777,1.0960841509767525,,,,1.1073446327683616,1.225988700564972,0.946236559139785,0.7705479452054794,1.0960841509767525,1.1745762711864407,1.1745762711864407,0.597752808988764,1.7659090909090909,,broad50_baseload50,weekly,0.0,0,0,60,0.85,0.3,4,2
,162,0.6406779661016949,,,0.35185185185185186,0.3379032258064516,1.0412799434279147,0.5896034581495877,27.451115473458074,1.0412799434279147,,,,0.5932203389830508,0.672316384180791,0.7030474840538625,0.6050955414012739,1.0412799434279147,0.6406779661016949,0.6406779661016949,0.2202247191011236,1.0181818181818183,,broad50_baseload50,weekly,0.0,0,0,60,0.85,0.5,3,1
,249,0.9847457627118644,,,0.3614457831325301,0.3379032258064516,1.069672484688156,0.5896034581495877,30.431927523640475,1.069672484688156,,,,0.8898305084745763,1.0875706214689267,0.9235487404162104,0.7581967213114754,1.069672484688156,0.9847457627118644,0.9847457627118644,0.2202247191011236,1.75,,broad50_baseload50,weekly,0.0,0,0,60,0.85,0.5,3,2
,160,0.632768361581921,,,0.3625,0.3379032258064516,1.0727923627684963,0.5896034581495877,37.489971989520924,1.0727923627684963,,,,0.5734463276836158,0.672316384180791,0.7030474840538625,0.6064516129032258,1.0727923627684963,0.632768361581921,0.632768361581921,0.20449438202247192,1.0181818181818183,,broad50_baseload50,weekly,0.0,0,0,60,0.85,0.5,4,1
,241,0.9531073446327685,,,0.3775933609958506,0.3379032258064516,1.1174600659543072,0.5896034581495877,35.18266721575202,1.1174600659543072,,,,0.8502824858757062,1.0282485875706215,0.9193697868396664,0.7542372881355932,1.1174600659543072,0.9531073446327685,0.9531073446327685,0.20449438202247192,1.7340909090909091,,broad50_baseload50,weekly,0.0,0,0,60,0.85,0.5,4,2
,119,0.4706214689265537,,,0.33613445378151263,0.3379032258064516,0.994765447945288,0.5896034581495877,26.243678867403403,0.994765447945288,,,,0.4152542372881356,0.5536723163841808,0.746987951807229,0.631578947368421,0.994765447945288,0.4706214689265537,0.4706214689265537,0.0,0.875,,broad50_baseload50,weekly,0.0,0,0,60,0.85,0.65,3,1
,204,0.8067796610169491,,,0.35784313725490197,0.3379032258064516,1.059010716458421,0.5896034581495877,27.98233107911835,1.059010716458421,,,,0.711864406779661,0.9491525423728814,0.8421052631578947,0.8040201005025126,1.059010716458421,0.8067796610169491,0.8067796610169491,0.0,1.590909090909091,,broad50_baseload50,weekly,0.0,0,0,60,0.85,0.65,3,2
,119,0.4706214689265537,,,0.33613445378151263,0.3379032258064516,0.994765447945288,0.5896034581495877,29.009764267302295,0.994765447945288,,,,0.4152542372881356,0.5536723163841808,0.6349206349206349,0.6052631578947368,0.994765447945288,0.4706214689265537,0.4706214689265537,0.0,0.875,,broad50_baseload50,weekly,0.0,0,0,60,0.85,0.65,4,1
,199,0.7870056497175141,,,0.36683417085427134,0.3379032258064516,1.0856190259171754,0.5896034581495877,30.838624121276172,1.0856190259171754,,,,0.692090395480226,0.9096045197740114,0.7927927927927928,0.788659793814433,1.0856190259171754,0.7870056497175141,0.7870056497175141,0.0,1.5750000000000002,,broad50_baseload50,weekly,0.0,0,0,60,0.85,0.65,4,2
,255,1.0084745762711864,,,0.2784313725490196,0.3379032258064516,0.8239973793813469,0.5896034581495877,5.133285760588947,0.8239973793813469,,,,1.0084745762711864,1.0084745762711864,0.7736185383244207,0.848,0.8239973793813469,1.0084745762711864,1.0084745762711864,1.0224719101123596,1.05,,broad50_baseload50,weekly,0.0,0,0,60,0.9,0.0,3,1
,332,1.3129943502824861,,,0.30120481927710846,0.3379032258064516,0.89139373724013,0.5896034581495877,14.280758398447404,0.89139373724013,,,,1.2853107344632768,1.344632768361582,0.7794871794871795,0.8960244648318043,0.89139373724013,1.3129943502824861,1.3129943502824861,1.0224719101123596,1.7181818181818183,,broad50_baseload50,weekly,0.0,0,0,60,0.9,0.0,3,2
,252,0.9966101694915255,,,0.34523809523809523,0.3379032258064516,1.0217070121604728,0.5896034581495877,12.641118707370676,1.0217070121604728,,,,0.9887005649717514,1.0084745762711864,0.9373966454051501,0.8421052631578947,1.0217070121604728,0.9966101694915255,0.9966101694915255,0.9863636363636364,1.05,,broad50_baseload50,weekly,0.0,0,0,60,0.9,0.0,4,1
,328,1.2971751412429378,,,0.3597560975609756,0.3379032258064516,1.0646719832353455,0.5896034581495877,16.889465347546476,1.0646719832353455,,,,1.265536723163842,1.344632768361582,0.9583333333333334,0.9040247678018576,1.0646719832353455,1.2971751412429378,1.2971751412429378,1.0224719101123596,1.7181818181818183,,broad50_baseload50,weekly,0.0,0,0,60,0.9,0.0,4,2
,219,0.8661016949152542,,,0.2831050228310502,0.3379032258064516,0.8378287071849696,0.5896034581495877,10.656558417699324,0.8378287071849696,,,,0.8305084745762712,0.9096045197740114,0.753623188405797,0.6495327102803738,0.8378287071849696,0.8661016949152542,0.8661016949152542,0.6134831460674157,1.0181818181818183,,broad50_baseload50,weekly,0.0,0,0,60,0.9,0.3,3,1
,296,1.1706214689265537,,,0.3108108108108108,0.3379032258064516,0.9198219699413017,0.5896034581495877,17.3334520196647,0.9198219699413017,,,,1.1468926553672316,1.1864406779661016,0.7555555555555555,0.7594501718213058,0.9198219699413017,1.1706214689265537,1.1706214689265537,0.6134831460674157,1.7022727272727272,,broad50_baseload50,weekly,0.0,0,0,60,0.9,0.3,3,2
,211,0.8344632768361583,,,0.35071090047393366,0.3379032258064516,1.0379033808775124,0.5896034581495877,28.69875262969977,1.0379033808775124,,,,0.7909604519774012,0.8700564971751413,0.8537005163511188,0.6553398058252428,1.0379033808775124,0.8344632768361583,0.8344632768361583,0.597752808988764,1.0181818181818183,,broad50_baseload50,weekly,0.0,0,0,60,0.9,0.3,4,1
,287,1.1350282485875707,,,0.36585365853658536,0.3379032258064516,1.082717271086792,0.5896034581495877,29.301810190259527,1.082717271086792,,,,1.0875706214689267,1.1666666666666667,0.9195402298850576,0.7695035460992907,1.082717271086792,1.1350282485875707,1.1350282485875707,0.597752808988764,1.7022727272727272,,broad50_baseload50,weekly,0.0,0,0,60,0.9,0.3,4,2
,160,0.632768361581921,,,0.35,0.3379032258064516,1.035799522673031,0.5896034581495877,27.143536734065442,1.035799522673031,,,,0.5932203389830508,0.672316384180791,0.7909284195605953,0.5935483870967742,1.035799522673031,0.632768361581921,0.632768361581921,0.2202247191011236,1.0181818181818183,,broad50_baseload50,weekly,0.0,0,0,60,0.9,0.5,3,1
,237,0.9372881355932203,,,0.3628691983122363,0.3379032258064516,1.0738849782987423,0.5896034581495877,30.37786799317135,1.0738849782987423,,,,0.8700564971751413,1.0084745762711864,0.9373966454051501,0.75,1.0738849782987423,0.9372881355932203,0.9372881355932203,0.2202247191011236,1.7022727272727272,,broad50_baseload50,weekly,0.0,0,0,60,0.9,0.5,3,2
,157,0.6209039548022599,,,0.3630573248407643,0.3379032258064516,1.0744417250657465,0.5896034581495877,37.16183719046881,1.0744417250657465,,,,0.5734463276836158,0.672316384180791,0.7909284195605953,0.6118421052631579,1.0744417250657465,0.6209039548022599,0.6209039548022599,0.20449438202247192,1.0181818181818183,,broad50_baseload50,weekly,0.0,0,0,60,0.9,0.5,4,1
,231,0.9135593220338984,,,0.37662337662337664,0.3379032258064516,1.114589467811425,0.5896034581495877,34.48232789021494,1.114589467811425,,,,0.8305084745762712,0.9887005649717514,0.8963855421686747,0.7522123893805309,1.114589467811425,0.9135593220338984,0.9135593220338984,0.20449438202247192,1.6863636363636363,,broad50_baseload50,weekly,0.0,0,0,60,0.9,0.5,4,2
,117,0.46271186440677964,,,0.3333333333333333,0.3379032258064516,0.9864757358790771,0.5896034581495877,25.802418427104847,0.9864757358790771,,,,0.3954802259887006,0.5536723163841808,0.6666666666666666,0.625,0.9864757358790771,0.46271186440677964,0.46271186440677964,0.0,0.875,,broad50_baseload50,weekly,0.0,0,0,60,0.9,0.65,3,1
,193,0.7632768361581922,,,0.35751295336787564,0.3379032258064516,1.058033561279632,0.5896034581495877,27.392982497451204,1.058033561279632,,,,0.672316384180791,0.8700564971751413,0.7843137254901961,0.8031914893617021,1.058033561279632,0.7632768361581922,0.7632768361581922,0.0,1.5431818181818182,,broad50_baseload50,weekly,0.0,0,0,60,0.9,0.65,3,2
,116,0.45875706214689266,,,0.33620689655172414,0.3379032258064516,0.9949798370504486,0.5896034581495877,28.283721334597303,0.9949798370504486,,,,0.37570621468926557,0.5536723163841808,0.5614035087719298,0.6036036036036037,0.9949798370504486,0.45875706214689266,0.45875706214689266,0.0,0.875,,broad50_baseload50,weekly,0.0,0,0,60,0.9,0.65,4,1
,188,0.7435028248587571,,,0.3670212765957447,0.3379032258064516,1.0861727517391968,0.5896034581495877,30.91012908090187,1.0861727517391968,,,,0.632768361581921,0.8700564971751413,0.75,0.7759562841530054,1.0861727517391968,0.7435028248587571,0.7435028248587571,0.0,1.5113636363636365,,broad50_baseload50,weekly,0.0,0,0,60,0.9,0.65,4,2
0.15,239,0.9451977401129943,20.0,0.0,0.48535564853556484,0.3379032258064516,1.4363747116565642,0.5784115651498987,53.701454221727026,1.4363747116565642,1.4363747116565642,1.0,1.0,0.8898305084745763,1.0084745762711864,1.277777777777778,0.7905982905982906,1.4363747116565642,0.9451977401129943,0.9451977401129943,0.40249999999999997,1.7022727272727272,4.0,broad75_baseload25,rolling,0.15,20,0,0,0.0,0.0,0,0
0.15,209,0.8265536723163841,40.0,0.0,0.4688995215311005,0.3379032258064516,1.3876740016672187,0.5784115651498987,48.99242671997904,1.3876740016672187,1.3876740016672187,1.0,1.0,0.8107344632768362,0.8502824858757062,1.3059866962305986,0.8333333333333334,1.3876740016672187,0.8265536723163841,0.8265536723163841,0.07,1.7181818181818183,4.0,broad75_baseload25,rolling,0.15,40,0,0,0.0,0.0,0,0
0.15,192,0.7593220338983051,60.0,0.0,0.4635416666666667,0.3379032258064516,1.3718178202068418,0.5784115651498987,54.09752862911011,1.3718178202068418,1.3718178202068418,1.0,1.0,0.731638418079096,0.7909604519774012,1.2948402948402948,0.8716577540106952,1.3718178202068418,0.7593220338983051,0.7593220338983051,0.0,1.7181818181818183,4.0,broad75_baseload25,rolling,0.15,60,0,0,0.0,0.0,0,0
0.15,169,0.6683615819209039,120.0,0.0,0.5266272189349113,0.3379032258064516,1.5585149199983055,0.5784115651498987,81.06100967823448,1.5585149199983055,1.5585149199983055,1.0,1.0,0.612994350282486,0.692090395480226,1.4476190476190476,0.8902439024390244,1.5585149199983055,0.6683615819209039,0.6683615819209039,0.07954545454545454,1.6704545454545454,4.0,broad75_baseload25,rolling,0.15,120,0,0,0.0,0.0,0,0
0.15,111,0.43898305084745765,250.0,0.0,0.5045045045045045,0.3379032258064516,1.4930443570061707,0.5784115651498987,67.19031686915537,1.4930443570061707,1.4930443570061707,1.0,1.0,0.3559322033898305,0.4943502824858757,1.3419913419913418,0.9150943396226415,1.4930443570061707,0.43898305084745765,0.43898305084745765,0.0525,0.9545454545454546,4.0,broad75_baseload25,rolling,0.15,250,0,0,0.0,0.0,0,0
0.15,106,0.4192090395480226,40.0,3.0,0.5094339622641509,0.3379032258064516,1.507632728418967,0.5784115651498987,55.410368239523024,1.507632728418967,1.507632728418967,1.0,1.0,0.3954802259887006,0.43502824858757067,1.3459972862957938,0.6534653465346535,1.507632728418967,0.4192090395480226,0.4192090395480226,0.07,0.8590909090909091,4.0,broad75_baseload25,rolling,0.15,40,3,0,0.0,0.0,0,0
0.15,97,0.38361581920903953,60.0,3.0,0.4639175257731959,0.3379032258064516,1.3729301478729425,0.5784115651498987,57.912972373208866,1.3729301478729425,1.3729301478729425,1.0,1.0,0.3361581920903955,0.4152542372881356,1.160427807486631,0.717391304347826,1.3729301478729425,0.38361581920903953,0.38361581920903953,0.0,0.8113636363636363,4.0,broad75_baseload25,rolling,0.15,60,3,0,0.0,0.0,0,0
0.15,89,0.3519774011299435,120.0,3.0,0.4606741573033708,0.3379032258064516,1.3633316349789495,0.5784115651498987,70.4302963916985,1.3633316349789495,1.3633316349789495,1.0,1.0,0.3163841807909605,0.37570621468926557,1.2329545454545454,0.7738095238095238,1.3633316349789495,0.3519774011299435,0.3519774011299435,0.07,0.7318181818181818,4.0,broad75_baseload25,rolling,0.15,120,3,0,0.0,0.0,0,0
0.18,279,1.1033898305084746,20.0,0.0,0.46236559139784944,0.3379032258064516,1.3683373110580748,0.5784115651498987,49.97540707348504,1.3683373110580748,1.3683373110580748,1.0,1.0,1.0677966101694916,1.1271186440677967,1.2338308457711442,0.8175182481751825,1.3683373110580748,1.1033898305084746,1.1033898305084746,0.56,1.9727272727272729,4.0,broad75_baseload25,rolling,0.18,20,0,0,0.0,0.0,0,0
0.18,241,0.9531073446327685,40.0,0.0,0.45643153526970953,0.3379032258064516,1.3507759039008111,0.5784115651498987,53.079678741172415,1.3507759039008111,1.3507759039008111,1.0,1.0,0.9293785310734464,0.9887005649717514,1.2549397590361446,0.8305084745762712,1.3507759039008111,0.9531073446327685,0.9531073446327685,0.105,1.9727272727272729,4.0,broad75_baseload25,rolling,0.18,40,0,0,0.0,0.0,0,0
0.18,212,0.8384180790960452,60.0,0.0,0.4528301886792453,0.3379032258064516,1.3401179808168597,0.5784115651498987,52.63688732364709,1.3401179808168597,1.3401179808168597,1.0,1.0,0.7711864406779662,0.8700564971751413,1.290251916757941,0.8695652173913043,1.3401179808168597,0.8384180790960452,0.8384180790960452,0.0,1.8454545454545455,4.0,broad75_baseload25,rolling,0.18,60,0,0,0.0,0.0,0,0
0.18,181,0.7158192090395481,120.0,0.0,0.5248618784530387,0.3379032258064516,1.5532905233455083,0.5784115651498987,78.2731914741109,1.5532905233455083,1.5532905233455083,1.0,1.0,0.672316384180791,0.7711864406779662,1.455668829162805,0.8806818181818182,1.5532905233455083,0.7158192090395481,0.7158192090395481,0.07954545454545454,1.7181818181818183,4.0,broad75_baseload25,rolling,0.18,120,0,0,0.0,0.0,0,0
0.18,141,0.5576271186440678,250.0,0.0,0.48226950354609927,0.3379032258064516,1.4272414902080266,0.5784115651498987,64.20739389100105,1.4272414902080266,1.4272414902080266,1.0,1.0,0.4943502824858757,0.5932203389830508,1.2444444444444445,0.8897058823529411,1.4272414902080266,0.5576271186440678,0.5576271186440678,0.09545454545454546,1.1136363636363638,4.0,broad75_baseload25,rolling,0.18,250,0,0,0.0,0.0,0,0
0.18,122,0.4824858757062147,40.0,3.0,0.45081967213114754,0.3379032258064516,1.3341680034430143,0.5784115651498987,60.62531014894851,1.3341680034430143,1.3341680034430143,1.0,1.0,0.4548022598870057,0.5141242937853108,1.1733333333333333,0.6495726495726496,1.3341680034430143,0.4824858757062147,0.4824858757062147,0.105,0.9545454545454546,4.0,broad75_baseload25,rolling,0.18,40,3,0,0.0,0.0,0,0
0.18,103,0.40734463276836164,60.0,3.0,0.4563106796116505,0.3379032258064516,1.3504182403781544,0.5784115651498987,59.45194899551785,1.3504182403781544,1.3504182403781544,1.0,1.0,0.3559322033898305,0.43502824858757067,1.2525252525252524,0.7142857142857143,1.3504182403781544,0.40734463276836164,0.40734463276836164,0.0,0.8590909090909091,4.0,broad75_baseload25,rolling,0.18,60,3,0,0.0,0.0,0,0
0.18,95,0.37570621468926557,120.0,3.0,0.49473684210526314,0.3379032258064516,1.4641376711468408,0.5784115651498987,71.51976060326402,1.4641376711468408,1.4641376711468408,1.0,1.0,0.3361581920903955,0.3954802259887006,1.3262032085561497,0.7555555555555555,1.4641376711468408,0.37570621468926557,0.37570621468926557,0.07954545454545454,0.7795454545454547,4.0,broad75_baseload25,rolling,0.18,120,3,0,0.0,0.0,0,0
0.2,301,1.1903954802259888,20.0,0.0,0.44518272425249167,0.3379032258064516,1.317485866522887,0.5784115651498987,43.199040460524635,1.317485866522887,1.317485866522887,1.0,1.0,1.1271186440677967,1.2457627118644068,1.1529239050648399,0.831081081081081,1.317485866522887,1.1903954802259888,1.1903954802259888,0.5774999999999999,2.1636363636363636,4.0,broad75_baseload25,rolling,0.2,20,0,0,0.0,0.0,0,0
0.2,249,0.9847457627118644,40.0,0.0,0.4457831325301205,0.3379032258064516,1.3192627311153924,0.5784115651498987,53.24494145936163,1.3192627311153924,1.3192627311153924,1.0,1.0,0.9491525423728814,1.0480225988700564,1.1839054330529668,0.8278688524590164,1.3192627311153924,0.9847457627118644,0.9847457627118644,0.12249999999999998,2.0204545454545455,4.0,broad75_baseload25,rolling,0.2,40,0,0,0.0,0.0,0,0
0.2,221,0.8740112994350283,60.0,0.0,0.4479638009049774,0.3379032258064516,1.325716260434778,0.5784115651498987,50.977201063830464,1.325716260434778,1.325716260434778,1.0,1.0,0.8107344632768362,0.9293785310734464,1.2714688541399641,0.8518518518518519,1.325716260434778,0.8740112994350283,0.8740112994350283,0.0,1.8931818181818183,4.0,broad75_baseload25,rolling,0.2,60,0,0,0.0,0.0,0,0
0.2,193,0.7632768361581922,120.0,0.0,0.5284974093264249,0.3379032258064516,1.5640496123264125,0.5784115651498987,78.14667081628433,1.5640496123264125,1.5640496123264125,1.0,1.0,0.7514124293785311,0.7711864406779662,1.435897435897436,0.8670212765957447,1.5640496123264125,0.7632768361581922,0.7632768361581922,0.09545454545454546,1.7818181818181817,4.0,broad75_baseload25,rolling,0.2,120,0,0,0.0,0.0,0,0
0.2,161,0.6367231638418079,250.0,0.0,0.4658385093167702,0.3379032258064516,1.3786151588372197,0.5784115651498987,60.52736560698571,1.3786151588372197,1.3786151588372197,1.0,1.0,0.5536723163841808,0.672316384180791,1.189765458422175,0.8269230769230769,1.3786151588372197,0.6367231638418079,0.6367231638418079,0.2275,1.1454545454545455,4.0,broad75_baseload25,rolling,0.2,250,0,0,0.0,0.0,0,0
0.2,127,0.5022598870056497,40.0,3.0,0.4330708661417323,0.3379032258064516,1.281641704094864,0.5784115651498987,61.783882015197825,1.281641704094864,1.281641704094864,1.0,1.0,0.4745762711864407,0.5536723163841808,1.1733333333333333,0.639344262295082,1.281641704094864,0.5022598870056497,0.5022598870056497,0.12249999999999998,0.9704545454545455,4.0,broad75_baseload25,rolling,0.2,40,3,0,0.0,0.0,0,0
0.2,109,0.43107344632768363,60.0,3.0,0.45871559633027525,0.3379032258064516,1.357535416347354,0.5784115651498987,57.30122824394993,1.357535416347354,1.357535416347354,1.0,1.0,0.3954802259887006,0.4745762711864407,1.268181818181818,0.6923076923076923,1.357535416347354,0.43107344632768363,0.43107344632768363,0.0,0.9068181818181819,4.0,broad75_baseload25,rolling,0.2,60,3,0,0.0,0.0,0,0
0.2,102,0.40338983050847455,120.0,3.0,0.5098039215686274,0.3379032258064516,1.5087275960503532,0.5784115651498987,74.90935256180592,1.5087275960503532,1.5087275960503532,1.0,1.0,0.37570621468926557,0.43502824858757067,1.2698412698412698,0.7319587628865979,1.5087275960503532,0.40338983050847455,0.40338983050847455,0.09545454545454546,0.8272727272727273,4.0,broad75_baseload25,rolling,0.2,120,3,0,0.0,0.0,0,0
0.22,317,1.2536723163841808,20.0,0.0,0.43217665615141954,0.3379032258064516,1.2789953547201915,0.5784115651498987,40.47103441426835,1.2789953547201915,1.2789953547201915,1.0,1.0,1.1864406779661016,1.344632768361582,1.0988805970149254,0.8333333333333334,1.2789953547201915,1.2536723163841808,1.2536723163841808,0.6475,2.2750000000000004,4.0,broad75_baseload25,rolling,0.22,20,0,0,0.0,0.0,0,0
0.22,258,1.0203389830508476,40.0,0.0,0.43410852713178294,0.3379032258064516,1.2847125862611237,0.5784115651498987,52.33724633710434,1.2847125862611237,1.2847125862611237,1.0,1.0,0.9689265536723164,1.0677966101694916,1.1619812583668006,0.8379446640316206,1.2847125862611237,1.0203389830508476,1.0203389830508476,0.12249999999999998,2.0363636363636366,4.0,broad75_baseload25,rolling,0.22,40,0,0,0.0,0.0,0,0
0.22,237,0.9372881355932203,60.0,0.0,0.4345991561181435,0.3379032258064516,1.2861645670322146,0.5784115651498987,46.697038617312884,1.2861645670322146,1.2861645670322146,1.0,1.0,0.8898305084745763,0.9887005649717514,1.1951807228915663,0.8577586206896551,1.2861645670322146,0.9372881355932203,0.9372881355932203,0.0,1.940909090909091,4.0,broad75_baseload25,rolling,0.22,60,0,0,0.0,0.0,0,0
0.22,215,0.8502824858757062,120.0,0.0,0.5069767441860465,0.3379032258064516,1.5003607703835269,0.5784115651498987,77.17262034127732,1.5003607703835269,1.5003607703835269,1.0,1.0,0.8107344632768362,0.8898305084745763,1.4263565891472867,0.8523809523809524,1.5003607703835269,0.8502824858757062,0.8502824858757062,0.19090909090909092,1.8772727272727274,4.0,broad75_baseload25,rolling,0.22,120,0,0,0.0,0.0,0,0
0.22,190,0.7514124293785311,250.0,0.0,0.49473684210526314,0.3379032258064516,1.4641376711468408,0.5784115651498987,67.68972598222294,1.4641376711468408,1.4641376711468408,1.0,1.0,0.692090395480226,0.7909604519774012,1.2991452991452992,0.8108108108108109,1.4641376711468408,0.7514124293785311,0.7514124293785311,0.27045454545454545,1.3522727272727273,4.0,broad75_baseload25,rolling,0.22,250,0,0,0.0,0.0,0,0
0.22,131,0.5180790960451978,40.0,3.0,0.4122137404580153,0.3379032258064516,1.2199165588733627,0.5784115651498987,60.76312915855955,1.2199165588733627,1.2199165588733627,1.0,1.0,0.4745762711864407,0.5734463276836158,1.1282051282051282,0.6666666666666666,1.2199165588733627,0.5180790960451978,0.5180790960451978,0.12249999999999998,0.9704545454545455,4.0,broad75_baseload25,rolling,0.22,40,3,0,0.0,0.0,0,0
0.22,116,0.45875706214689266,60.0,3.0,0.43103448275862066,0.3379032258064516,1.2756151757057033,0.5784115651498987,50.863119818512686,1.2756151757057033,1.2756151757057033,1.0,1.0,0.43502824858757067,0.4943502824858757,1.1951807228915663,0.6936936936936937,1.2756151757057033,0.45875706214689266,0.45875706214689266,0.0,0.9227272727272727,4.0,broad75_baseload25,rolling,0.22,60,3,0,0.0,0.0,0,0
0.22,113,0.44689265536723166,120.0,3.0,0.48672566371681414,0.3379032258064516,1.4404291718588296,0.5784115651498987,80.80546353670691,1.4404291718588296,1.4404291718588296,1.0,1.0,0.4152542372881356,0.4745762711864407,1.2916666666666665,0.7037037037037037,1.4404291718588296,0.44689265536723166,0.44689265536723166,0.1431818181818182,0.875,4.0,broad75_baseload25,rolling,0.22,120,3,0,0.0,0.0,0,0
0.25,351,1.3881355932203392,20.0,0.0,0.42165242165242167,0.3379032258064516,1.247849648804303,0.5784115651498987,36.51602606396525,1.247849648804303,1.247849648804303,1.0,1.0,1.305084745762712,1.5621468926553672,1.0655811849841703,0.8439306358381503,1.247849648804303,1.3881355932203392,1.3881355932203392,0.84,2.3545454545454545,4.0,broad75_baseload25,rolling,0.25,20,0,0,0.0,0.0,0,0
0.25,280,1.1073446327683616,40.0,0.0,0.41785714285714287,0.3379032258064516,1.236617797476986,0.5784115651498987,43.404914548970325,1.236617797476986,1.236617797476986,1.0,1.0,1.0084745762711864,1.2062146892655368,1.0776219632628876,0.8327272727272728,1.236617797476986,1.1073446327683616,1.1073446327683616,0.1575,2.1636363636363636,4.0,broad75_baseload25,rolling,0.25,40,0,0,0.0,0.0,0,0
0.25,268,1.0598870056497176,60.0,0.0,0.417910447761194,0.3379032258064516,1.2367755494603356,0.5784115651498987,43.60662510320772,1.2367755494603356,1.2367755494603356,1.0,1.0,1.0084745762711864,1.1073446327683616,1.1851851851851851,0.8631178707224335,1.2367755494603356,1.0598870056497176,1.0598870056497176,0.035,2.0522727272727272,4.0,broad75_baseload25,rolling,0.25,60,0,0,0.0,0.0,0,0
0.25,256,1.0124293785310736,120.0,0.0,0.48828125,0.3379032258064516,1.445032816229117,0.5784115651498987,74.99590476042736,1.445032816229117,1.445032816229117,1.0,1.0,0.9491525423728814,1.0480225988700564,1.3072289156626506,0.8446215139442231,1.445032816229117,1.0124293785310736,1.0124293785310736,0.2545454545454546,2.0045454545454544,4.0,broad75_baseload25,rolling,0.25,120,0,0,0.0,0.0,0,0
0.25,233,0.9214689265536724,250.0,0.0,0.4592274678111588,0.3379032258064516,1.3590502627346943,0.5784115651498987,65.13041190358146,1.3590502627346943,1.3590502627346943,1.0,1.0,0.8700564971751413,0.9491525423728814,1.1914893617021276,0.8464912280701754,1.3590502627346943,0.9214689265536724,0.9214689265536724,0.38181818181818183,1.4795454545454547,4.0,broad75_baseload25,rolling,0.25,250,0,0,0.0,0.0,0,0
0.25,149,0.5892655367231638,40.0,3.0,0.3825503355704698,0.3379032258064516,1.1321298713780013,0.5784115651498987,43.82314125117524,1.1321298713780013,1.1321298713780013,1.0,1.0,0.5141242937853108,0.672316384180791,0.9666902905740611,0.6805555555555556,1.1321298713780013,0.5892655367231638,0.5892655367231638,0.1575,1.0818181818181818,4.0,broad75_baseload25,rolling,0.25,40,3,0,0.0,0.0,0,0
0.25,139,0.5497175141242938,60.0,3.0,0.39568345323741005,0.3379032258064516,1.1709963771226455,0.5784115651498987,44.44585655459163,1.1709963771226455,1.1709963771226455,1.0,1.0,0.4943502824858757,0.612994350282486,1.0476190476190477,0.7164179104477612,1.1709963771226455,0.5497175141242938,0.5497175141242938,0.035,1.0181818181818183,4.0,broad75_baseload25,rolling,0.25,60,3,0,0.0,0.0,0,0
0.25,136,0.5378531073446328,120.0,3.0,0.47058823529411764,0.3379032258064516,1.392671627123403,0.5784115651498987,82.3089438286983,1.392671627123403,1.392671627123403,1.0,1.0,0.4943502824858757,0.5734463276836158,1.1951807228915663,0.6946564885496184,1.392671627123403,0.5378531073446328,0.5378531073446328,0.20681818181818182,0.9545454545454546,4.0,broad75_baseload25,rolling,0.25,120,3,0,0.0,0.0,0,0
0.3,395,1.5621468926553672,20.0,0.0,0.4177215189873418,0.3379032258064516,1.2362164285066917,0.5784115651498987,35.88242042219925,1.2362164285066917,1.2362164285066917,1.0,1.0,1.4830508474576272,1.6807909604519775,1.1435371114085973,0.8487179487179487,1.2362164285066917,1.5621468926553672,1.5621468926553672,1.085,2.5295454545454548,4.0,broad75_baseload25,rolling,0.3,20,0,0,0.0,0.0,0,0
0.3,313,1.2378531073446328,40.0,0.0,0.3865814696485623,0.3379032258064516,1.144059719246342,0.5784115651498987,35.18384729094608,1.144059719246342,1.144059719246342,1.0,1.0,1.1666666666666667,1.3248587570621468,1.0257147994964935,0.8311688311688312,1.144059719246342,1.2378531073446328,1.2378531073446328,0.175,2.3863636363636362,4.0,broad75_baseload25,rolling,0.3,40,0,0,0.0,0.0,0,0
0.3,312,1.2338983050847459,60.0,0.0,0.391025641025641,0.3379032258064516,1.1572119209350713,0.5784115651498987,33.877460023301275,1.1572119209350713,1.1572119209350713,1.0,1.0,1.1468926553672316,1.305084745762712,1.0505050505050504,0.8729641693811075,1.1572119209350713,1.2338983050847459,1.2338983050847459,0.1925,2.259090909090909,4.0,broad75_baseload25,rolling,0.3,60,0,0,0.0,0.0,0,0
0.3,326,1.289265536723164,120.0,0.0,0.4815950920245399,0.3379032258064516,1.4252456184019797,0.5784115651498987,64.56265195926382,1.4252456184019797,1.4252456184019797,1.0,1.0,1.2062146892655368,1.364406779661017,1.2367149758454106,0.8598130841121495,1.4252456184019797,1.289265536723164,1.289265536723164,0.3659090909090909,2.2750000000000004,4.0,broad75_baseload25,rolling,0.3,120,0,0,0.0,0.0,0,0
0.3,293,1.1587570621468928,250.0,0.0,0.4641638225255973,0.3379032258064516,1.3736590451831519,0.5784115651498987,60.37996513941856,1.3736590451831519,1.3736590451831519,1.0,1.0,1.1271186440677967,1.1864406779661016,1.265536723163842,0.8472222222222222,1.3736590451831519,1.1587570621468928,1.1587570621468928,0.6204545454545455,1.6704545454545454,4.0,broad75_baseload25,rolling,0.3,250,0,0,0.0,0.0,0,0
0.3,166,0.6564971751412431,40.0,3.0,0.3614457831325301,0.3379032258064516,1.069672484688156,0.5784115651498987,38.27871752678536,1.069672484688156,1.069672484688156,1.0,1.0,0.5932203389830508,0.711864406779661,0.9411764705882354,0.6583850931677019,1.069672484688156,0.6564971751412431,0.6564971751412431,0.175,1.1931818181818181,4.0,broad75_baseload25,rolling,0.3,40,3,0,0.0,0.0,0,0
0.3,169,0.6683615819209039,60.0,3.0,0.3668639053254438,0.3379032258064516,1.0857070229201677,0.5784115651498987,30.735352920319784,1.0857070229201677,1.0857070229201677,1.0,1.0,0.612994350282486,0.711864406779661,0.8888888888888888,0.75,1.0857070229201677,0.6683615819209039,0.6683615819209039,0.175,1.1772727272727272,4.0,broad75_baseload25,rolling,0.3,60,3,0,0.0,0.0,0,0
0.3,165,0.652542372881356,120.0,3.0,0.45454545454545453,0.3379032258064516,1.3451941852896507,0.5784115651498987,67.69344055210881,1.3451941852896507,1.3451941852896507,1.0,1.0,0.5734463276836158,0.692090395480226,1.1428571428571428,0.71875,1.3451941852896507,0.652542372881356,0.652542372881356,0.22272727272727272,1.1613636363636364,4.0,broad75_baseload25,rolling,0.3,120,3,0,0.0,0.0,0,0
0.35,448,1.7717514124293785,20.0,0.0,0.40848214285714285,0.3379032258064516,1.208873167405387,0.5784115651498987,35.305935863183166,1.208873167405387,1.208873167405387,1.0,1.0,1.6610169491525424,1.8785310734463279,1.1008243500317059,0.8645598194130926,1.208873167405387,1.7717514124293785,1.7717514124293785,1.2898876404494382,2.784090909090909,4.0,broad75_baseload25,rolling,0.35,20,0,0,0.0,0.0,0,0
0.35,357,1.4118644067796613,40.0,0.0,0.3585434173669468,0.3379032258064516,1.0610831444749738,0.5784115651498987,28.49490767881214,1.0610831444749738,1.0610831444749738,1.0,1.0,1.305084745762712,1.5028248587570623,0.9435637285986049,0.8551136363636364,1.0610831444749738,1.4118644067796613,1.4118644067796613,0.1925,2.4977272727272726,4.0,broad75_baseload25,rolling,0.35,40,0,0,0.0,0.0,0,0
0.35,353,1.396045197740113,60.0,0.0,0.37393767705382436,0.3379032258064516,1.1066413354337523,0.5784115651498987,28.213132988958854,1.1066413354337523,1.1066413354337523,1.0,1.0,1.2853107344632768,1.4830508474576272,0.9955555555555556,0.8879310344827587,1.1066413354337523,1.396045197740113,1.396045197740113,0.2625,2.45,4.0,broad75_baseload25,rolling,0.35,60,0,0,0.0,0.0,0,0
0.35,379,1.498870056497175,120.0,0.0,0.44063324538258575,0.3379032258064516,1.3040220149747168,0.5784115651498987,49.585211409922465,1.3040220149747168,1.3040220149747168,1.0,1.0,1.384180790960452,1.6016949152542375,1.1193415637860082,0.8556149732620321,1.3040220149747168,1.498870056497175,1.498870056497175,0.6204545454545455,2.434090909090909,4.0,broad75_baseload25,rolling,0.35,120,0,0,0.0,0.0,0,0
0.35,349,1.380225988700565,250.0,0.0,0.4785100286532951,0.3379032258064516,1.416115597923833,0.5784115651498987,58.52049522718923,1.416115597923833,1.416115597923833,1.0,1.0,1.265536723163842,1.4435028248587571,1.352112676056338,0.8604651162790697,1.416115597923833,1.380225988700565,1.380225988700565,0.7795454545454547,1.9090909090909092,4.0,broad75_baseload25,rolling,0.35,250,0,0,0.0,0.0,0,0
0.35,197,0.7790960451977401,40.0,3.0,0.3401015228426396,0.3379032258064516,1.0065057000593631,0.5784115651498987,32.628991871116995,1.0065057000593631,1.0065057000593631,1.0,1.0,0.711864406779661,0.8305084745762712,0.8888888888888888,0.7291666666666666,1.0065057000593631,0.7790960451977401,0.7790960451977401,0.1925,1.2568181818181818,4.0,broad75_baseload25,rolling,0.35,40,3,0,0.0,0.0,0,0
0.35,188,0.7435028248587571,60.0,3.0,0.3829787234042553,0.3379032258064516,1.133397653988727,0.5784115651498987,29.85680807354351,1.133397653988727,1.133397653988727,1.0,1.0,0.672316384180791,0.7711864406779662,0.9572649572649573,0.7650273224043715,1.133397653988727,0.7435028248587571,0.7435028248587571,0.24499999999999997,1.2568181818181818,4.0,broad75_baseload25,rolling,0.35,60,3,0,0.0,0.0,0,0
0.35,194,0.7672316384180791,120.0,3.0,0.3917525773195876,0.3379032258064516,1.159363235981596,0.5784115651498987,47.9994360190575,1.159363235981596,1.159363235981596,1.0,1.0,0.672316384180791,0.8107344632768362,0.975609756097561,0.7142857142857143,1.159363235981596,0.7672316384180791,0.7672316384180791,0.38181818181818183,1.240909090909091,4.0,broad75_baseload25,rolling,0.35,120,3,0,0.0,0.0,0,0
,255,1.0084745762711864,,,0.3215686274509804,0.3379032258064516,0.9516589452009921,0.5784115651498987,27.354320695378682,0.9516589452009921,,,,1.0084745762711864,1.0084745762711864,0.8841354723707664,0.704,0.9516589452009921,1.0084745762711864,1.0084745762711864,1.0224719101123596,1.05,,broad75_baseload25,weekly,0.0,0,0,10,0.75,0.0,3,1
,393,1.5542372881355933,,,0.37404580152671757,0.3379032258064516,1.106961321940644,0.5784115651498987,45.827354317569885,1.106961321940644,,,,1.4830508474576272,1.5819209039548023,1.0126582278481013,0.8762886597938144,1.106961321940644,1.5542372881355933,1.5542372881355933,1.4477272727272728,1.8772727272727274,,broad75_baseload25,weekly,0.0,0,0,10,0.75,0.0,3,2
,255,1.0084745762711864,,,0.38823529411764707,0.3379032258064516,1.1489540923768076,0.5784115651498987,36.07444853250588,1.1489540923768076,,,,1.0084745762711864,1.0084745762711864,1.105169340463458,0.704,1.1489540923768076,1.0084745762711864,1.0084745762711864,1.0224719101123596,1.05,,broad75_baseload25,weekly,0.0,0,0,10,0.75,0.0,4,1
,380,1.5028248587570623,,,0.4263157894736842,0.3379032258064516,1.261650546413767,0.5784115651498987,47.020467965931935,1.261650546413767,,,,1.4435028248587571,1.5225988700564972,1.2029416366765766,0.8666666666666667,1.261650546413767,1.5028248587570623,1.5028248587570623,1.4,1.8454545454545455,,broad75_baseload25,weekly,0.0,0,0,10,0.75,0.0,4,2
,240,0.9491525423728814,,,0.3625,0.3379032258064516,1.0727923627684963,0.5784115651498987,37.928278138187125,1.0727923627684963,,,,0.9096045197740114,0.9689265536723164,0.979591836734694,0.6042553191489362,1.0727923627684963,0.9491525423728814,0.9491525423728814,0.875,1.0340909090909092,,broad75_baseload25,weekly,0.0,0,0,10,0.75,0.3,3,1
,364,1.4395480225988702,,,0.41483516483516486,0.3379032258064516,1.2276744734978626,0.5784115651498987,54.543406940006726,1.2276744734978626,,,,1.344632768361582,1.4830508474576272,1.117117117117117,0.8161559888579387,1.2276744734978626,1.4395480225988702,1.4395480225988702,1.2727272727272727,1.8772727272727274,,broad75_baseload25,weekly,0.0,0,0,10,0.75,0.3,3,2
,233,0.9214689265536724,,,0.3905579399141631,0.3379032258064516,1.1558277935407213,0.5784115651498987,41.09238806284436,1.1558277935407213,,,,0.8898305084745763,0.9293785310734464,1.0807485260189695,0.5614035087719298,1.1558277935407213,0.9214689265536724,0.9214689265536724,0.7875,1.0340909090909092,,broad75_baseload25,weekly,0.0,0,0,10,0.75,0.3,4,1
,347,1.372316384180791,,,0.43804034582132567,0.3379032258064516,1.296348517466453,0.5784115651498987,51.770744132604314,1.296348517466453,,,,1.305084745762712,1.4039548022598871,1.219047619047619,0.7690058479532164,1.296348517466453,1.372316384180791,1.372316384180791,1.1375,1.8454545454545455,,broad75_baseload25,weekly,0.0,0,0,10,0.75,0.3,4,2
,221,0.8740112994350283,,,0.3891402714932127,0.3379032258064516,1.1516323070443526,0.5784115651498987,36.431623481284085,1.1516323070443526,,,,0.8700564971751413,0.8898305084745763,1.090909090909091,0.5324074074074074,1.1516323070443526,0.8740112994350283,0.8740112994350283,0.735,1.0340909090909092,,broad75_baseload25,weekly,0.0,0,0,10,0.75,0.5,3,1
,341,1.348587570621469,,,0.4310850439882698,0.3379032258064516,1.2757648079843784,0.5784115651498987,51.37102835235683,1.2757648079843784,,,,1.3248587570621468,1.364406779661017,1.1764705882352942,0.7916666666666666,1.2757648079843784,1.348587570621469,1.348587570621469,1.1725,1.8454545454545455,,broad75_baseload25,weekly,0.0,0,0,10,0.75,0.5,3,2
,220,0.8700564971751413,,,0.37727272727272726,0.3379032258064516,1.11651117379041,0.5784115651498987,42.007748430707004,1.11651117379041,,,,0.8502824858757062,0.8898305084745763,1.0186199342825848,0.5395348837209303,1.11651117379041,0.8700564971751413,0.8700564971751413,0.735,1.0340909090909092,,broad75_baseload25,weekly,0.0,0,0,10,0.75,0.5,4,1
,330,1.305084745762712,,,0.4303030303030303,0.3379032258064516,1.273450495407536,0.5784115651498987,51.76610383639647,1.273450495407536,,,,1.265536723163842,1.3248587570621468,1.219810040705563,0.76,1.273450495407536,1.305084745762712,1.305084745762712,1.085,1.8136363636363637,,broad75_baseload25,weekly,0.0,0,0,10,0.75,0.5,4,2
,183,0.7237288135593221,,,0.4207650273224044,0.3379032258064516,1.2452234698801468,0.5784115651498987,53.594495572696076,1.2452234698801468,,,,0.711864406779661,0.7514124293785311,1.2004840661557081,0.4887640449438202,1.2452234698801468,0.7237288135593221,0.7237288135593221,0.6124999999999999,0.9545454545454546,,broad75_baseload25,weekly,0.0,0,0,10,0.75,0.65,3,1
,294,1.1627118644067798,,,0.4523809523809524,0.3379032258064516,1.3387884986930334,0.5784115651498987,57.89617082502609,1.3387884986930334,,,,1.1073446327683616,1.2062146892655368,1.265536723163842,0.7439446366782007,1.3387884986930334,1.1627118644067798,1.1627118644067798,0.9863636363636364,1.6863636363636363,,broad75_baseload25,weekly,0.0,0,0,10,0.75,0.65,3,2
,178,0.703954802259887,,,0.398876404494382,0.3379032258064516,1.1804456839451878,0.5784115651498987,54.90946096040937,1.1804456839451878,,,,0.692090395480226,0.731638418079096,1.1111111111111112,0.4797687861271676,1.1804456839451878,0.703954802259887,0.703954802259887,0.56,0.9545454545454546,,broad75_baseload25,weekly,0.0,0,0,10,0.75,0.65,4,1
,282,1.1152542372881356,,,0.450354609929078,0.3379032258064516,1.332791685708966,0.5784115651498987,59.47660199692,1.332791685708966,,,,1.0677966101694916,1.1468926553672316,1.2163742690058479,0.7292418772563177,1.332791685708966,1.1152542372881356,1.1152542372881356,0.91,1.6863636363636363,,broad75_baseload25,weekly,0.0,0,0,10,0.75,0.65,4,2
,255,1.0084745762711864,,,0.3215686274509804,0.3379032258064516,0.9516589452009921,0.5784115651498987,27.354320695378682,0.9516589452009921,,,,1.0084745762711864,1.0084745762711864,0.8841354723707664,0.704,0.9516589452009921,1.0084745762711864,1.0084745762711864,1.0224719101123596,1.05,,broad75_baseload25,weekly,0.0,0,0,10,0.8,0.0,3,1
,392,1.5502824858757065,,,0.37244897959183676,0.3379032258064516,1.1022356436608056,0.5784115651498987,45.65358141370079,1.1022356436608056,,,,1.4830508474576272,1.5819209039548023,1.0126582278481013,0.875968992248062,1.1022356436608056,1.5502824858757065,1.5502824858757065,1.4318181818181819,1.8772727272727274,,broad75_baseload25,weekly,0.0,0,0,10,0.8,0.0,3,2
,255,1.0084745762711864,,,0.38823529411764707,0.3379032258064516,1.1489540923768076,0.5784115651498987,36.07444853250588,1.1489540923768076,,,,1.0084745762711864,1.0084745762711864,1.105169340463458,0.704,1.1489540923768076,1.0084745762711864,1.0084745762711864,1.0224719101123596,1.05,,broad75_baseload25,weekly,0.0,0,0,10,0.8,0.0,4,1
,379,1.498870056497175,,,0.42480211081794195,0.3379032258064516,1.2571709246163438,0.5784115651498987,46.84388257102871,1.2571709246163438,,,,1.4435028248587571,1.5225988700564972,1.2121212121212122,0.8663101604278075,1.2571709246163438,1.498870056497175,1.498870056497175,1.4,1.8454545454545455,,broad75_baseload25,weekly,0.0,0,0,10,0.8,0.0,4,2
,240,0.9491525423728814,,,0.3625,0.3379032258064516,1.0727923627684963,0.5784115651498987,37.928278138187125,1.0727923627684963,,,,0.9096045197740114,0.9689265536723164,0.979591836734694,0.6042553191489362,1.0727923627684963,0.9491525423728814,0.9491525423728814,0.875,1.0340909090909092,,broad75_baseload25,weekly,0.0,0,0,10,0.8,0.3,3,1
,364,1.4395480225988702,,,0.41208791208791207,0.3379032258064516,1.2195441789713866,0.5784115651498987,54.3631123580757,1.2195441789713866,,,,1.344632768361582,1.4830508474576272,1.117117117117117,0.8161559888579387,1.2195441789713866,1.4395480225988702,1.4395480225988702,1.2727272727272727,1.8772727272727274,,broad75_baseload25,weekly,0.0,0,0,10,0.8,0.3,3,2
,233,0.9214689265536724,,,0.3905579399141631,0.3379032258064516,1.1558277935407213,0.5784115651498987,41.09238806284436,1.1558277935407213,,,,0.8898305084745763,0.9293785310734464,1.0807485260189695,0.5614035087719298,1.1558277935407213,0.9214689265536724,0.9214689265536724,0.7875,1.0340909090909092,,broad75_baseload25,weekly,0.0,0,0,10,0.8,0.3,4,1
,347,1.372316384180791,,,0.43515850144092216,0.3379032258064516,1.2878199087989104,0.5784115651498987,51.581616674901454,1.2878199087989104,,,,1.305084745762712,1.4039548022598871,1.219047619047619,0.7690058479532164,1.2878199087989104,1.372316384180791,1.372316384180791,1.1375,1.8454545454545455,,broad75_baseload25,weekly,0.0,0,0,10,0.8,0.3,4,2
,221,0.8740112994350283,,,0.3891402714932127,0.3379032258064516,1.1516323070443526,0.5784115651498987,36.431623481284085,1.1516323070443526,,,,0.8700564971751413,0.8898305084745763,1.090909090909091,0.5324074074074074,1.1516323070443526,0.8740112994350283,0.8740112994350283,0.735,1.0340909090909092,,broad75_baseload25,weekly,0.0,0,0,10,0.8,0.5,3,1
,341,1.348587570621469,,,0.4281524926686217,0.3379032258064516,1.2670861358212193,0.5784115651498987,51.17857313879996,1.2670861358212193,,,,1.3248587570621468,1.364406779661017,1.1764705882352942,0.7916666666666666,1.2670861358212193,1.348587570621469,1.348587570621469,1.1725,1.8454545454545455,,broad75_baseload25,weekly,0.0,0,0,10,0.8,0.5,3,2
,220,0.8700564971751413,,,0.37727272727272726,0.3379032258064516,1.11651117379041,0.5784115651498987,42.007748430707004,1.11651117379041,,,,0.8502824858757062,0.8898305084745763,1.0186199342825848,0.5395348837209303,1.11651117379041,0.8700564971751413,0.8700564971751413,0.735,1.0340909090909092,,broad75_baseload25,weekly,0.0,0,0,10,0.8,0.5,4,1
,330,1.305084745762712,,,0.42727272727272725,0.3379032258064516,1.2644825341722716,0.5784115651498987,51.56723344905437,1.2644825341722716,,,,1.265536723163842,1.3248587570621468,1.219810040705563,0.76,1.2644825341722716,1.305084745762712,1.305084745762712,1.085,1.8136363636363637,,broad75_baseload25,weekly,0.0,0,0,10,0.8,0.5,4,2
,183,0.7237288135593221,,,0.4207650273224044,0.3379032258064516,1.2452234698801468,0.5784115651498987,53.594495572696076,1.2452234698801468,,,,0.711864406779661,0.7514124293785311,1.2004840661557081,0.4887640449438202,1.2452234698801468,0.7237288135593221,0.7237288135593221,0.6124999999999999,0.9545454545454546,,broad75_baseload25,weekly,0.0,0,0,10,0.8,0.65,3,1
,294,1.1627118644067798,,,0.4489795918367347,0.3379032258064516,1.3287224197554917,0.5784115651498987,57.67294896168291,1.3287224197554917,,,,1.1073446327683616,1.2062146892655368,1.265536723163842,0.7439446366782007,1.3287224197554917,1.1627118644067798,1.1627118644067798,0.9863636363636364,1.6863636363636363,,broad75_baseload25,weekly,0.0,0,0,10,0.8,0.65,3,2
,178,0.703954802259887,,,0.398876404494382,0.3379032258064516,1.1804456839451878,0.5784115651498987,54.90946096040937,1.1804456839451878,,,,0.692090395480226,0.731638418079096,1.1111111111111112,0.4797687861271676,1.1804456839451878,0.703954802259887,0.703954802259887,0.56,0.9545454545454546,,broad75_baseload25,weekly,0.0,0,0,10,0.8,0.65,4,1
,282,1.1152542372881356,,,0.44680851063829785,0.3379032258064516,1.3222972629868481,0.5784115651498987,59.24388133088138,1.3222972629868481,,,,1.0677966101694916,1.1468926553672316,1.2163742690058479,0.7292418772563177,1.3222972629868481,1.1152542372881356,1.1152542372881356,0.91,1.6863636363636363,,broad75_baseload25,weekly,0.0,0,0,10,0.8,0.65,4,2
,255,1.0084745762711864,,,0.2901960784313726,0.3379032258064516,0.858814170059432,0.5784115651498987,15.771900058949184,0.858814170059432,,,,1.0084745762711864,1.0084745762711864,0.7736185383244207,0.772,0.858814170059432,1.0084745762711864,1.0084745762711864,1.0224719101123596,1.05,,broad75_baseload25,weekly,0.0,0,0,10,0.85,0.0,3,1
,364,1.4395480225988702,,,0.3516483516483517,0.3379032258064516,1.0406776993889166,0.5784115651498987,37.741109885485926,1.0406776993889166,,,,1.364406779661017,1.4830508474576272,0.9785353535353535,0.8941504178272981,1.0406776993889166,1.4395480225988702,1.4395480225988702,1.3204545454545455,1.6545454545454545,,broad75_baseload25,weekly,0.0,0,0,10,0.85,0.0,3,2
,254,1.0045197740112994,,,0.35826771653543305,0.3379032258064516,1.0602672279330239,0.5784115651498987,23.816429522721805,1.0602672279330239,,,,0.9887005649717514,1.0084745762711864,0.9959839357429718,0.7751004016064257,1.0602672279330239,1.0045197740112994,1.0045197740112994,1.0181818181818183,1.05,,broad75_baseload25,weekly,0.0,0,0,10,0.85,0.0,4,1
,353,1.396045197740113,,,0.42209631728045327,0.3379032258064516,1.2491633256032508,0.5784115651498987,38.92836666899894,1.2491633256032508,,,,1.3248587570621468,1.4435028248587571,1.1869945535566926,0.8793103448275862,1.2491633256032508,1.396045197740113,1.396045197740113,1.3045454545454545,1.6545454545454545,,broad75_baseload25,weekly,0.0,0,0,10,0.85,0.0,4,2
,232,0.9175141242937853,,,0.34051724137931033,0.3379032258064516,1.0077359888075055,0.5784115651498987,30.67069119186277,1.0077359888075055,,,,0.8898305084745763,0.9491525423728814,0.9593810444874274,0.6167400881057269,1.0077359888075055,0.9175141242937853,0.9175141242937853,0.875,1.0340909090909092,,broad75_baseload25,weekly,0.0,0,0,10,0.85,0.3,3,1
,329,1.301129943502825,,,0.41033434650455924,0.3379032258064516,1.214354629273636,0.5784115651498987,50.774047461926955,1.214354629273636,,,,1.2062146892655368,1.384180790960452,1.1372549019607843,0.7932098765432098,1.214354629273636,1.301129943502825,1.301129943502825,1.1454545454545455,1.6545454545454545,,broad75_baseload25,weekly,0.0,0,0,10,0.85,0.3,3,2
,224,0.8858757062146893,,,0.3705357142857143,0.3379032258064516,1.0965734742584385,0.5784115651498987,40.2432273473173,1.0965734742584385,,,,0.8502824858757062,0.9096045197740114,0.9743321110529074,0.5799086757990868,1.0965734742584385,0.8858757062146893,0.8858757062146893,0.7875,1.0340909090909092,,broad75_baseload25,weekly,0.0,0,0,10,0.85,0.3,4,1
,314,1.2418079096045198,,,0.4426751592356688,0.3379032258064516,1.3100649103871822,0.5784115651498987,52.46988378035343,1.3100649103871822,,,,1.1468926553672316,1.305084745762712,1.222343921139102,0.7475728155339806,1.3100649103871822,1.2418079096045198,1.2418079096045198,1.0977272727272729,1.6545454545454545,,broad75_baseload25,weekly,0.0,0,0,10,0.85,0.3,4,2
,210,0.8305084745762712,,,0.36666666666666664,0.3379032258064516,1.0851233094669848,0.5784115651498987,31.77427940514909,1.0851233094669848,,,,0.8107344632768362,0.8502824858757062,1.0671256454388984,0.5317073170731708,1.0851233094669848,0.8305084745762712,0.8305084745762712,0.735,1.0340909090909092,,broad75_baseload25,weekly,0.0,0,0,10,0.85,0.5,3,1
,305,1.2062146892655368,,,0.4360655737704918,0.3379032258064516,1.290504323330334,0.5784115651498987,49.4459414423433,1.290504323330334,,,,1.1666666666666667,1.2457627118644068,1.2043010752688172,0.74,1.290504323330334,1.2062146892655368,1.2062146892655368,1.065909090909091,1.6545454545454545,,broad75_baseload25,weekly,0.0,0,0,10,0.85,0.5,3,2
,208,0.8225988700564972,,,0.3605769230769231,0.3379032258064516,1.0671011565999633,0.5784115651498987,42.36602646777847,1.0671011565999633,,,,0.8107344632768362,0.8305084745762712,0.9248422260470454,0.5566502463054187,1.0671011565999633,0.8225988700564972,0.8225988700564972,0.7235955056179775,1.0340909090909092,,broad75_baseload25,weekly,0.0,0,0,10,0.85,0.5,4,1
,298,1.1785310734463277,,,0.4395973154362416,0.3379032258064516,1.3009562557062997,0.5784115651498987,54.608033847415506,1.3009562557062997,,,,1.1271186440677967,1.225988700564972,1.2048192771084338,0.7406143344709898,1.3009562557062997,1.1785310734463277,1.1785310734463277,1.05,1.6545454545454545,,broad75_baseload25,weekly,0.0,0,0,10,0.85,0.5,4,2
,172,0.6802259887005649,,,0.3953488372093023,0.3379032258064516,1.170006105344952,0.5784115651498987,49.12406174782775,1.170006105344952,,,,0.652542372881356,0.711864406779661,1.0575692963752665,0.5089820359281437,1.170006105344952,0.6802259887005649,0.6802259887005649,0.5348314606741573,0.9545454545454546,,broad75_baseload25,weekly,0.0,0,0,10,0.85,0.65,3,1
,264,1.0440677966101695,,,0.4659090909090909,0.3379032258064516,1.3788240399218918,0.5784115651498987,58.2690946354445,1.3788240399218918,,,,0.9887005649717514,1.1271186440677967,1.3081761006289307,0.722007722007722,1.3788240399218918,1.0440677966101695,1.0440677966101695,0.8590909090909091,1.5590909090909093,,broad75_baseload25,weekly,0.0,0,0,10,0.85,0.65,3,2
,161,0.6367231638418079,,,0.391304347826087,0.3379032258064516,1.1580367334232646,0.5784115651498987,64.29597879008419,1.1580367334232646,,,,0.5932203389830508,0.672316384180791,1.1313131313131313,0.47435897435897434,1.1580367334232646,0.6367231638418079,0.6367231638418079,0.5348314606741573,0.9545454545454546,,broad75_baseload25,weekly,0.0,0,0,10,0.85,0.65,4,1
,247,0.9768361581920904,,,0.47368421052631576,0.3379032258064516,1.4018339404597413,0.5784115651498987,68.59933028719855,1.4018339404597413,,,,0.9293785310734464,1.0677966101694916,1.3061224489795917,0.6942148760330579,1.4018339404597413,0.9768361581920904,0.9768361581920904,0.7318181818181818,1.5590909090909093,,broad75_baseload25,weekly,0.0,0,0,10,0.85,0.65,4,2
,255,1.0084745762711864,,,0.2901960784313726,0.3379032258064516,0.858814170059432,0.5784115651498987,15.771900058949184,0.858814170059432,,,,1.0084745762711864,1.0084745762711864,0.7736185383244207,0.772,0.858814170059432,1.0084745762711864,1.0084745762711864,1.0224719101123596,1.05,,broad75_baseload25,weekly,0.0,0,0,10,0.9,0.0,3,1
,361,1.4276836158192092,,,0.3545706371191136,0.3379032258064516,1.0493259905195724,0.5784115651498987,37.9936474736379,1.0493259905195724,,,,1.364406779661017,1.4830508474576272,0.9863013698630136,0.8932584269662921,1.0493259905195724,1.4276836158192092,1.4276836158192092,1.2886363636363636,1.6545454545454545,,broad75_baseload25,weekly,0.0,0,0,10,0.9,0.0,3,2
,254,1.0045197740112994,,,0.35826771653543305,0.3379032258064516,1.0602672279330239,0.5784115651498987,23.816429522721805,1.0602672279330239,,,,0.9887005649717514,1.0084745762711864,0.9959839357429718,0.7751004016064257,1.0602672279330239,1.0045197740112994,1.0045197740112994,1.0181818181818183,1.05,,broad75_baseload25,weekly,0.0,0,0,10,0.9,0.0,4,1
,350,1.384180790960452,,,0.42,0.3379032258064516,1.2429594272076372,0.5784115651498987,39.05810653725826,1.2429594272076372,,,,1.3248587570621468,1.4435028248587571,1.1869945535566926,0.8782608695652174,1.2429594272076372,1.384180790960452,1.384180790960452,1.2727272727272727,1.6545454545454545,,broad75_baseload25,weekly,0.0,0,0,10,0.9,0.0,4,2
,232,0.9175141242937853,,,0.34051724137931033,0.3379032258064516,1.0077359888075055,0.5784115651498987,30.67069119186277,1.0077359888075055,,,,0.8898305084745763,0.9491525423728814,0.9593810444874274,0.6167400881057269,1.0077359888075055,0.9175141242937853,0.9175141242937853,0.875,1.0340909090909092,,broad75_baseload25,weekly,0.0,0,0,10,0.9,0.3,3,1
,327,1.293220338983051,,,0.40978593272171254,0.3379032258064516,1.2127316386036362,0.5784115651498987,51.05118119530576,1.2127316386036362,,,,1.2062146892655368,1.384180790960452,1.1144278606965174,0.7888198757763976,1.2127316386036362,1.293220338983051,1.293220338983051,1.1295454545454544,1.6545454545454545,,broad75_baseload25,weekly,0.0,0,0,10,0.9,0.3,3,2
,224,0.8858757062146893,,,0.3705357142857143,0.3379032258064516,1.0965734742584385,0.5784115651498987,40.2432273473173,1.0965734742584385,,,,0.8502824858757062,0.9096045197740114,0.9743321110529074,0.5799086757990868,1.0965734742584385,0.8858757062146893,0.8858757062146893,0.7875,1.0340909090909092,,broad75_baseload25,weekly,0.0,0,0,10,0.9,0.3,4,1
,313,1.2378531073446328,,,0.4440894568690096,0.3379032258064516,1.3142504212829877,0.5784115651498987,52.78439983127608,1.3142504212829877,,,,1.1468926553672316,1.305084745762712,1.222343921139102,0.7467532467532467,1.3142504212829877,1.2378531073446328,1.2378531073446328,1.0977272727272729,1.6545454545454545,,broad75_baseload25,weekly,0.0,0,0,10,0.9,0.3,4,2
,210,0.8305084745762712,,,0.36666666666666664,0.3379032258064516,1.0851233094669848,0.5784115651498987,31.77427940514909,1.0851233094669848,,,,0.8107344632768362,0.8502824858757062,1.0671256454388984,0.5317073170731708,1.0851233094669848,0.8305084745762712,0.8305084745762712,0.735,1.0340909090909092,,broad75_baseload25,weekly,0.0,0,0,10,0.9,0.5,3,1
,304,1.2022598870056498,,,0.4375,0.3379032258064516,1.2947494033412887,0.5784115651498987,49.75982164497744,1.2947494033412887,,,,1.1666666666666667,1.2457627118644068,1.2043010752688172,0.7391304347826086,1.2947494033412887,1.2022598870056498,1.2022598870056498,1.065909090909091,1.6545454545454545,,broad75_baseload25,weekly,0.0,0,0,10,0.9,0.5,3,2
,208,0.8225988700564972,,,0.3605769230769231,0.3379032258064516,1.0671011565999633,0.5784115651498987,42.36602646777847,1.0671011565999633,,,,0.8107344632768362,0.8305084745762712,0.9248422260470454,0.5566502463054187,1.0671011565999633,0.8225988700564972,0.8225988700564972,0.7235955056179775,1.0340909090909092,,broad75_baseload25,weekly,0.0,0,0,10,0.9,0.5,4,1
,297,1.1745762711864407,,,0.44107744107744107,0.3379032258064516,1.305336579799587,0.5784115651498987,54.94669268245205,1.305336579799587,,,,1.1271186440677967,1.225988700564972,1.2048192771084338,0.7397260273972602,1.305336579799587,1.1745762711864407,1.1745762711864407,1.05,1.6545454545454545,,broad75_baseload25,weekly,0.0,0,0,10,0.9,0.5,4,2
,172,0.6802259887005649,,,0.3953488372093023,0.3379032258064516,1.170006105344952,0.5784115651498987,49.12406174782775,1.170006105344952,,,,0.652542372881356,0.711864406779661,1.0575692963752665,0.5089820359281437,1.170006105344952,0.6802259887005649,0.6802259887005649,0.5348314606741573,0.9545454545454546,,broad75_baseload25,weekly,0.0,0,0,10,0.9,0.65,3,1
,263,1.0401129943502825,,,0.467680608365019,0.3379032258064516,1.38406671687977,0.5784115651498987,58.66545484378625,1.38406671687977,,,,0.9887005649717514,1.1271186440677967,1.3081761006289307,0.7209302325581395,1.38406671687977,1.0401129943502825,1.0401129943502825,0.8590909090909091,1.5590909090909093,,broad75_baseload25,weekly,0.0,0,0,10,0.9,0.65,3,2
,161,0.6367231638418079,,,0.391304347826087,0.3379032258064516,1.1580367334232646,0.5784115651498987,64.29597879008419,1.1580367334232646,,,,0.5932203389830508,0.672316384180791,1.1313131313131313,0.47435897435897434,1.1580367334232646,0.6367231638418079,0.6367231638418079,0.5348314606741573,0.9545454545454546,,broad75_baseload25,weekly,0.0,0,0,10,0.9,0.65,4,1
,246,0.9728813559322035,,,0.47560975609756095,0.3379032258064516,1.4075324524128296,0.5784115651498987,69.06507406949787,1.4075324524128296,,,,0.9293785310734464,1.0677966101694916,1.3061224489795917,0.6929460580912863,1.4075324524128296,0.9728813559322035,0.9728813559322035,0.7318181818181818,1.5590909090909093,,broad75_baseload25,weekly,0.0,0,0,10,0.9,0.65,4,2
,255,1.0084745762711864,,,0.3215686274509804,0.3379032258064516,0.9516589452009921,0.5784115651498987,18.10550203705332,0.9516589452009921,,,,1.0084745762711864,1.0084745762711864,0.8841354723707664,0.748,0.9516589452009921,1.0084745762711864,1.0084745762711864,1.0224719101123596,1.05,,broad75_baseload25,weekly,0.0,0,0,20,0.75,0.0,3,1
,391,1.5463276836158193,,,0.35038363171355497,0.3379032258064516,1.036934852803838,0.5784115651498987,27.272511232052263,1.036934852803838,,,,1.5028248587570623,1.5819209039548023,1.0011961722488039,0.9041450777202072,1.036934852803838,1.5463276836158193,1.5463276836158193,1.3528089887640449,1.8931818181818183,,broad75_baseload25,weekly,0.0,0,0,20,0.75,0.0,3,2
,255,1.0084745762711864,,,0.38823529411764707,0.3379032258064516,1.1489540923768076,0.5784115651498987,25.292604511851597,1.1489540923768076,,,,1.0084745762711864,1.0084745762711864,1.105169340463458,0.76,1.1489540923768076,1.0084745762711864,1.0084745762711864,1.0224719101123596,1.05,,broad75_baseload25,weekly,0.0,0,0,20,0.75,0.0,4,1
,390,1.5423728813559323,,,0.39487179487179486,0.3379032258064516,1.1685943332721376,0.5784115651498987,28.959302724684218,1.1685943332721376,,,,1.5028248587570623,1.5819209039548023,1.1204819277108435,0.8857142857142857,1.1685943332721376,1.5423728813559323,1.5423728813559323,1.3370786516853934,1.8931818181818183,,broad75_baseload25,weekly,0.0,0,0,20,0.75,0.0,4,2
,226,0.8937853107344633,,,0.34513274336283184,0.3379032258064516,1.0213952309544427,0.5784115651498987,28.576199052773294,1.0213952309544427,,,,0.8700564971751413,0.9096045197740114,0.9802371541501975,0.6063348416289592,1.0213952309544427,0.8937853107344633,0.8937853107344633,0.7707865168539327,1.0340909090909092,,broad75_baseload25,weekly,0.0,0,0,20,0.75,0.3,3,1
,356,1.407909604519774,,,0.3707865168539326,0.3379032258064516,1.0973157062025691,0.5784115651498987,34.64250205139857,1.0973157062025691,,,,1.4039548022598871,1.423728813559322,1.052095706770745,0.8290598290598291,1.0973157062025691,1.407909604519774,1.407909604519774,1.101123595505618,1.8931818181818183,,broad75_baseload25,weekly,0.0,0,0,20,0.75,0.3,3,2
,222,0.8779661016949153,,,0.4099099099099099,0.3379032258064516,1.2130985400675138,0.5784115651498987,41.36959411832918,1.2130985400675138,,,,0.8305084745762712,0.9096045197740114,1.0865279299014239,0.6267281105990783,1.2130985400675138,0.8779661016949153,0.8779661016949153,0.755056179775281,1.0340909090909092,,broad75_baseload25,weekly,0.0,0,0,20,0.75,0.3,4,1
,348,1.3762711864406778,,,0.40804597701149425,0.3379032258064516,1.2075823663347325,0.5784115651498987,38.17394659314436,1.2075823663347325,,,,1.3248587570621468,1.4039548022598871,1.0941795350415748,0.8046647230320699,1.2075823663347325,1.3762711864406778,1.3762711864406778,1.0696629213483146,1.8613636363636363,,broad75_baseload25,weekly,0.0,0,0,20,0.75,0.3,4,2
,200,0.7909604519774012,,,0.365,0.3379032258064516,1.0801909307875894,0.5784115651498987,35.42684877729084,1.0801909307875894,,,,0.7514124293785311,0.8305084745762712,1.0116550116550116,0.5538461538461539,1.0801909307875894,0.7909604519774012,0.7909604519774012,0.6606741573033709,0.9863636363636364,,broad75_baseload25,weekly,0.0,0,0,20,0.75,0.5,3,1
,328,1.2971751412429378,,,0.38109756097560976,0.3379032258064516,1.1278304907154084,0.5784115651498987,34.30544948978719,1.1278304907154084,,,,1.265536723163842,1.364406779661017,1.0825912345032305,0.7894736842105263,1.1278304907154084,1.2971751412429378,1.2971751412429378,0.9910112359550562,1.8295454545454546,,broad75_baseload25,weekly,0.0,0,0,20,0.75,0.5,3,2
,199,0.7870056497175141,,,0.4020100502512563,0.3379032258064516,1.1897194804571787,0.5784115651498987,45.333688865434326,1.1897194804571787,,,,0.7514124293785311,0.8305084745762712,1.1272727272727272,0.5257731958762887,1.1897194804571787,0.7870056497175141,0.7870056497175141,0.6606741573033709,0.9863636363636364,,broad75_baseload25,weekly,0.0,0,0,20,0.75,0.5,4,1
,324,1.2813559322033898,,,0.4012345679012346,0.3379032258064516,1.1874244968914818,0.5784115651498987,39.81088016536301,1.1874244968914818,,,,1.2457627118644068,1.364406779661017,1.1258948838833596,0.7711598746081505,1.1874244968914818,1.2813559322033898,1.2813559322033898,0.9752808988764046,1.7977272727272728,,broad75_baseload25,weekly,0.0,0,0,20,0.75,0.5,4,2
,157,0.6209039548022599,,,0.4267515923566879,0.3379032258064516,1.2629402733228952,0.5784115651498987,49.34405532032792,1.2629402733228952,,,,0.5734463276836158,0.672316384180791,1.148739063304169,0.48026315789473684,1.2629402733228952,0.6209039548022599,0.6209039548022599,0.4719101123595506,0.8590909090909091,,broad75_baseload25,weekly,0.0,0,0,20,0.75,0.65,3,1
,281,1.1112994350282488,,,0.4092526690391459,0.3379032258064516,1.2111534835526037,0.5784115651498987,38.281271136942216,1.2111534835526037,,,,1.0677966101694916,1.1666666666666667,1.1652846876727474,0.7681159420289855,1.2111534835526037,1.1112994350282488,1.1112994350282488,0.7707865168539327,1.6704545454545454,,broad75_baseload25,weekly,0.0,0,0,20,0.75,0.65,3,2
,156,0.6169491525423729,,,0.4423076923076923,0.3379032258064516,1.3089774187626215,0.5784115651498987,52.147391335466295,1.3089774187626215,,,,0.5734463276836158,0.672316384180791,1.1764705882352942,0.48344370860927155,1.3089774187626215,0.6169491525423729,0.6169491525423729,0.45617977528089887,0.8590909090909091,,broad75_baseload25,weekly,0.0,0,0,20,0.75,0.65,4,1
,276,1.0915254237288137,,,0.42028985507246375,0.3379032258064516,1.2438172321953582,0.5784115651498987,41.659254132280935,1.2438172321953582,,,,1.0480225988700564,1.1468926553672316,1.1954022988505748,0.7601476014760148,1.2438172321953582,1.0915254237288137,1.0915254237288137,0.7393258426966293,1.6227272727272726,,broad75_baseload25,weekly,0.0,0,0,20,0.75,0.65,4,2
,255,1.0084745762711864,,,0.3215686274509804,0.3379032258064516,0.9516589452009921,0.5784115651498987,17.053708804433203,0.9516589452009921,,,,1.0084745762711864,1.0084745762711864,0.8841354723707664,0.744,0.9516589452009921,1.0084745762711864,1.0084745762711864,1.0224719101123596,1.05,,broad75_baseload25,weekly,0.0,0,0,20,0.8,0.0,3,1
,383,1.514689265536723,,,0.3472584856396867,0.3379032258064516,1.0276862104849918,0.5784115651498987,27.90786085834724,1.0276862104849918,,,,1.4830508474576272,1.5423728813559323,0.913355301415003,0.917989417989418,1.0276862104849918,1.514689265536723,1.514689265536723,1.3370786516853934,1.8772727272727274,,broad75_baseload25,weekly,0.0,0,0,20,0.8,0.0,3,2
,255,1.0084745762711864,,,0.38823529411764707,0.3379032258064516,1.1489540923768076,0.5784115651498987,22.512218797258956,1.1489540923768076,,,,1.0084745762711864,1.0084745762711864,1.0980392156862744,0.768,1.1489540923768076,1.0084745762711864,1.0084745762711864,1.0224719101123596,1.05,,broad75_baseload25,weekly,0.0,0,0,20,0.8,0.0,4,1
,381,1.5067796610169493,,,0.3937007874015748,0.3379032258064516,1.165128821904422,0.5784115651498987,29.389053580192286,1.165128821904422,,,,1.4830508474576272,1.5225988700564972,1.0714846818538886,0.898936170212766,1.165128821904422,1.5067796610169493,1.5067796610169493,1.30561797752809,1.8772727272727274,,broad75_baseload25,weekly,0.0,0,0,20,0.8,0.0,4,2
,223,0.8819209039548023,,,0.34080717488789236,0.3379032258064516,1.008594025921209,0.5784115651498987,27.741895484439567,1.008594025921209,,,,0.8700564971751413,0.8898305084745763,0.9870646766169154,0.5825688073394495,1.008594025921209,0.8819209039548023,0.8819209039548023,0.7235955056179775,1.0340909090909092,,broad75_baseload25,weekly,0.0,0,0,20,0.8,0.3,3,1
,346,1.368361581920904,,,0.36416184971098264,0.3379032258064516,1.0777104860181825,0.5784115651498987,35.845773507356064,1.0777104860181825,,,,1.344632768361582,1.384180790960452,0.9518123667377398,0.8328445747800587,1.0777104860181825,1.368361581920904,1.368361581920904,1.0382022471910113,1.8772727272727274,,broad75_baseload25,weekly,0.0,0,0,20,0.8,0.3,3,2
,216,0.8542372881355933,,,0.4166666666666667,0.3379032258064516,1.2330946698488465,0.5784115651498987,40.263810094470216,1.2330946698488465,,,,0.8305084745762712,0.8700564971751413,1.1117960212944802,0.6066350710900474,1.2330946698488465,0.8542372881355933,0.8542372881355933,0.7078651685393259,1.0340909090909092,,broad75_baseload25,weekly,0.0,0,0,20,0.8,0.3,4,1
,334,1.3209039548022599,,,0.4101796407185629,0.3379032258064516,1.2138967887613794,0.5784115651498987,40.58816063740038,1.2138967887613794,,,,1.2853107344632768,1.344632768361582,1.0985116938341604,0.8024316109422492,1.2138967887613794,1.3209039548022599,1.3209039548022599,0.9910112359550562,1.8454545454545455,,broad75_baseload25,weekly,0.0,0,0,20,0.8,0.3,4,2
,195,0.7711864406779662,,,0.36923076923076925,0.3379032258064516,1.0927115843583626,0.5784115651498987,35.03116834040493,1.0927115843583626,,,,0.7514124293785311,0.8107344632768362,0.9641148325358851,0.5263157894736842,1.0927115843583626,0.7711864406779662,0.7711864406779662,0.6134831460674157,0.9863636363636364,,broad75_baseload25,weekly,0.0,0,0,20,0.8,0.5,3,1
,316,1.249717514124294,,,0.379746835443038,0.3379032258064516,1.1238331168242652,0.5784115651498987,36.196648856320095,1.1238331168242652,,,,1.2062146892655368,1.3248587570621468,0.9988154465766406,0.7909967845659164,1.1238331168242652,1.249717514124294,1.249717514124294,0.9280898876404495,1.8136363636363637,,broad75_baseload25,weekly,0.0,0,0,20,0.8,0.5,3,2
,193,0.7632768361581922,,,0.40932642487046633,0.3379032258064516,1.2113717585665353,0.5784115651498987,44.14416450319128,1.2113717585665353,,,,0.7514124293785311,0.8107344632768362,1.1660299735527477,0.5053191489361702,1.2113717585665353,0.7632768361581922,0.7632768361581922,0.6134831460674157,0.9863636363636364,,broad75_baseload25,weekly,0.0,0,0,20,0.8,0.5,4,1
,309,1.2220338983050847,,,0.4045307443365696,0.3379032258064516,1.1971792911153851,0.5784115651498987,43.23696104357673,1.1971792911153851,,,,1.1864406779661016,1.305084745762712,1.13179992698065,0.7697368421052632,1.1971792911153851,1.2220338983050847,1.2220338983050847,0.8966292134831462,1.7659090909090909,,broad75_baseload25,weekly,0.0,0,0,20,0.8,0.5,4,2
,150,0.5932203389830508,,,0.43333333333333335,0.3379032258064516,1.2824184566428003,0.5784115651498987,48.958688022010286,1.2824184566428003,,,,0.5536723163841808,0.632768361581921,1.148739063304169,0.45517241379310347,1.2824184566428003,0.5932203389830508,0.5932203389830508,0.42471910112359557,0.8590909090909091,,broad75_baseload25,weekly,0.0,0,0,20,0.8,0.65,3,1
,267,1.0559322033898306,,,0.41198501872659177,0.3379032258064516,1.2192396735584101,0.5784115651498987,42.19975052507597,1.2192396735584101,,,,1.0084745762711864,1.1271186440677967,1.0281923714759538,0.7633587786259542,1.2192396735584101,1.0559322033898306,1.0559322033898306,0.7235955056179775,1.638636363636364,,broad75_baseload25,weekly,0.0,0,0,20,0.8,0.65,3,2
,149,0.5892655367231638,,,0.44966442953020136,0.3379032258064516,1.3307491470583526,0.5784115651498987,50.64763336988171,1.3307491470583526,,,,0.5536723163841808,0.632768361581921,1.1666666666666667,0.4583333333333333,1.3307491470583526,0.5892655367231638,0.5892655367231638,0.40898876404494383,0.8590909090909091,,broad75_baseload25,weekly,0.0,0,0,20,0.8,0.65,4,1
,261,1.0322033898305085,,,0.42528735632183906,0.3379032258064516,1.2586069733629606,0.5784115651498987,46.519930131450124,1.2586069733629606,,,,0.9887005649717514,1.0875706214689267,1.11743170937764,0.75,1.2586069733629606,1.0322033898305085,1.0322033898305085,0.6764044943820224,1.590909090909091,,broad75_baseload25,weekly,0.0,0,0,20,0.8,0.65,4,2
,255,1.0084745762711864,,,0.3058823529411765,0.3379032258064516,0.905236557630212,0.5784115651498987,16.14060241674277,0.905236557630212,,,,1.0084745762711864,1.0084745762711864,0.8288770053475936,0.78,0.905236557630212,1.0084745762711864,1.0084745762711864,1.0224719101123596,1.05,,broad75_baseload25,weekly,0.0,0,0,20,0.85,0.0,3,1
,367,1.4514124293785313,,,0.34332425068119893,0.3379032258064516,1.0160431285076055,0.5784115651498987,31.067088626701953,1.0160431285076055,,,,1.423728813559322,1.4830508474576272,0.9629629629629629,0.9033149171270718,1.0160431285076055,1.4514124293785313,1.4514124293785313,1.30561797752809,1.75,,broad75_baseload25,weekly,0.0,0,0,20,0.85,0.0,3,2
,254,1.0045197740112994,,,0.37401574803149606,0.3379032258064516,1.1068723808092007,0.5784115651498987,22.709836329520122,1.1068723808092007,,,,0.9887005649717514,1.0084745762711864,1.0457516339869282,0.7831325301204819,1.1068723808092007,1.0045197740112994,1.0045197740112994,1.0181818181818183,1.05,,broad75_baseload25,weekly,0.0,0,0,20,0.85,0.0,4,1
,363,1.435593220338983,,,0.4049586776859504,0.3379032258064516,1.1984457287125978,0.5784115651498987,32.90032521169526,1.1984457287125978,,,,1.4039548022598871,1.463276836158192,1.1481481481481481,0.8938547486033519,1.1984457287125978,1.435593220338983,1.435593220338983,1.2898876404494382,1.75,,broad75_baseload25,weekly,0.0,0,0,20,0.85,0.0,4,2
,222,0.8779661016949153,,,0.32432432432432434,0.3379032258064516,0.9598142295039671,0.5784115651498987,26.847899270280053,0.9598142295039671,,,,0.8700564971751413,0.8898305084745763,0.9393939393939393,0.5898617511520737,0.9598142295039671,0.8779661016949153,0.8779661016949153,0.7078651685393259,1.0340909090909092,,broad75_baseload25,weekly,0.0,0,0,20,0.85,0.3,3,1
,329,1.301129943502825,,,0.3708206686930091,0.3379032258064516,1.097416776084323,0.5784115651498987,40.21734496824641,1.097416776084323,,,,1.265536723163842,1.3248587570621468,1.0655811849841703,0.7962962962962963,1.097416776084323,1.301129943502825,1.301129943502825,0.9910112359550562,1.75,,broad75_baseload25,weekly,0.0,0,0,20,0.85,0.3,3,2
,214,0.8463276836158192,,,0.397196261682243,0.3379032258064516,1.1754734235942275,0.5784115651498987,40.54187561509942,1.1754734235942275,,,,0.8107344632768362,0.8700564971751413,0.9728215186326703,0.6028708133971292,1.1754734235942275,0.8463276836158192,0.8463276836158192,0.6921348314606742,1.0340909090909092,,broad75_baseload25,weekly,0.0,0,0,20,0.85,0.3,4,1
,317,1.2536723163841808,,,0.42586750788643535,0.3379032258064516,1.26032388968778,0.5784115651498987,46.69958113564088,1.26032388968778,,,,1.225988700564972,1.2853107344632768,1.1032437442075997,0.7756410256410257,1.26032388968778,1.2536723163841808,1.2536723163841808,0.9595505617977528,1.75,,broad75_baseload25,weekly,0.0,0,0,20,0.85,0.3,4,2
,193,0.7632768361581922,,,0.35233160621761656,0.3379032258064516,1.0426997415509416,0.5784115651498987,34.6920427970287,1.0426997415509416,,,,0.731638418079096,0.8107344632768362,0.8899521531100477,0.5106382978723404,1.0426997415509416,0.7632768361581922,0.7632768361581922,0.597752808988764,0.9863636363636364,,broad75_baseload25,weekly,0.0,0,0,20,0.85,0.5,3,1
,299,1.1824858757062147,,,0.39464882943143814,0.3379032258064516,1.167934483281583,0.5784115651498987,42.30014635783907,1.167934483281583,,,,1.1468926553672316,1.265536723163842,1.0689655172413792,0.7482993197278912,1.167934483281583,1.1824858757062147,1.1824858757062147,0.8808988764044944,1.7022727272727272,,broad75_baseload25,weekly,0.0,0,0,20,0.85,0.5,3,2
,191,0.7553672316384181,,,0.387434554973822,0.3379032258064516,1.1465843631683517,0.5784115651498987,44.49634633686714,1.1465843631683517,,,,0.731638418079096,0.8107344632768362,1.0202762268586543,0.5,1.1465843631683517,0.7553672316384181,0.7553672316384181,0.597752808988764,0.9863636363636364,,broad75_baseload25,weekly,0.0,0,0,20,0.85,0.5,4,1
,293,1.1587570621468928,,,0.4197952218430034,0.3379032258064516,1.2423534011582917,0.5784115651498987,49.15851726252401,1.2423534011582917,,,,1.1271186440677967,1.2457627118644068,1.138267355134825,0.7395833333333334,1.2423534011582917,1.1587570621468928,1.1587570621468928,0.8651685393258427,1.6863636363636363,,broad75_baseload25,weekly,0.0,0,0,20,0.85,0.5,4,2
,148,0.5853107344632769,,,0.4189189189189189,0.3379032258064516,1.239760046442624,0.5784115651498987,49.97224147434323,1.239760046442624,,,,0.5338983050847458,0.632768361581921,1.0833333333333333,0.45454545454545453,1.239760046442624,0.5853107344632769,0.5853107344632769,0.40898876404494383,0.8590909090909091,,broad75_baseload25,weekly,0.0,0,0,20,0.85,0.65,3,1
,253,1.0005649717514125,,,0.43873517786561267,0.3379032258064516,1.2984048223230542,0.5784115651498987,51.7348731087321,1.2984048223230542,,,,0.9491525423728814,1.0677966101694916,1.2026143790849673,0.7298387096774194,1.2984048223230542,1.0005649717514125,1.0005649717514125,0.6921348314606742,1.5590909090909093,,broad75_baseload25,weekly,0.0,0,0,20,0.85,0.65,3,2
,147,0.5813559322033899,,,0.4217687074829932,0.3379032258064516,1.248193788255159,0.5784115651498987,51.193712743796496,1.248193788255159,,,,0.5338983050847458,0.632768361581921,1.0833333333333333,0.4507042253521127,1.248193788255159,0.5813559322033899,0.5813559322033899,0.39325842696629215,0.8590909090909091,,broad75_baseload25,weekly,0.0,0,0,20,0.85,0.65,4,1
,248,0.9807909604519774,,,0.4435483870967742,0.3379032258064516,1.3126491646778042,0.5784115651498987,53.239469887628985,1.3126491646778042,,,,0.9293785310734464,1.0282485875706215,1.2026143790849673,0.7119341563786008,1.3126491646778042,0.9807909604519774,0.9807909604519774,0.6606741573033709,1.5431818181818182,,broad75_baseload25,weekly,0.0,0,0,20,0.85,0.65,4,2
,255,1.0084745762711864,,,0.2980392156862745,0.3379032258064516,0.882025363844822,0.5784115651498987,14.958705569226735,0.882025363844822,,,,1.0084745762711864,1.0084745762711864,0.7736185383244207,0.796,0.882025363844822,1.0084745762711864,1.0084745762711864,1.0224719101123596,1.05,,broad75_baseload25,weekly,0.0,0,0,20,0.9,0.0,3,1
,344,1.3604519774011299,,,0.35755813953488375,0.3379032258064516,1.0581672864516847,0.5784115651498987,30.345968678762073,1.0581672864516847,,,,1.305084745762712,1.423728813559322,0.966183574879227,0.8967551622418879,1.0581672864516847,1.3604519774011299,1.3604519774011299,1.2741573033707865,1.6545454545454545,,broad75_baseload25,weekly,0.0,0,0,20,0.9,0.0,3,2
,254,1.0045197740112994,,,0.3661417322834646,0.3379032258064516,1.0835698043711124,0.5784115651498987,22.977170868105446,1.0835698043711124,,,,0.9887005649717514,1.0084745762711864,1.049910873440285,0.8072289156626506,1.0835698043711124,1.0045197740112994,1.0045197740112994,1.0181818181818183,1.05,,broad75_baseload25,weekly,0.0,0,0,20,0.9,0.0,4,1
,336,1.328813559322034,,,0.4226190476190476,0.3379032258064516,1.2507103079895443,0.5784115651498987,35.27594018919697,1.2507103079895443,,,,1.2853107344632768,1.384180790960452,1.1764705882352942,0.8942598187311178,1.2507103079895443,1.328813559322034,1.328813559322034,1.2426966292134833,1.6545454545454545,,broad75_baseload25,weekly,0.0,0,0,20,0.9,0.0,4,2
,222,0.8779661016949153,,,0.3153153153153153,0.3379032258064516,0.9331527231288568,0.5784115651498987,25.49031505353867,0.9331527231288568,,,,0.8700564971751413,0.8898305084745763,0.8767676767676768,0.5990783410138248,0.9331527231288568,0.8779661016949153,0.8779661016949153,0.7078651685393259,1.0340909090909092,,broad75_baseload25,weekly,0.0,0,0,20,0.9,0.3,3,1
,308,1.2180790960451977,,,0.38311688311688313,0.3379032258064516,1.1338065276012772,0.5784115651498987,39.771336836014896,1.1338065276012772,,,,1.1666666666666667,1.265536723163842,1.0737951807228916,0.768976897689769,1.1338065276012772,1.2180790960451977,1.2180790960451977,0.9595505617977528,1.6545454545454545,,broad75_baseload25,weekly,0.0,0,0,20,0.9,0.3,3,2
,214,0.8463276836158192,,,0.37383177570093457,0.3379032258064516,1.1063279280886846,0.5784115651498987,39.496518627506745,1.1063279280886846,,,,0.8107344632768362,0.8700564971751413,0.9033342673017652,0.583732057416268,1.1063279280886846,0.8463276836158192,0.8463276836158192,0.6921348314606742,1.0340909090909092,,broad75_baseload25,weekly,0.0,0,0,20,0.9,0.3,4,1
,293,1.1587570621468928,,,0.4402730375426621,0.3379032258064516,1.3029560060928427,0.5784115651498987,50.20052956574207,1.3029560060928427,,,,1.0875706214689267,1.2062146892655368,1.126604779774837,0.7465277777777778,1.3029560060928427,1.1587570621468928,1.1587570621468928,0.9123595505617977,1.6545454545454545,,broad75_baseload25,weekly,0.0,0,0,20,0.9,0.3,4,2
,193,0.7632768361581922,,,0.34196891191709844,0.3379032258064516,1.012032102093561,0.5784115651498987,33.13046924202047,1.012032102093561,,,,0.731638418079096,0.8107344632768362,0.8157894736842105,0.5106382978723404,1.012032102093561,0.7632768361581922,0.7632768361581922,0.597752808988764,0.9863636363636364,,broad75_baseload25,weekly,0.0,0,0,20,0.9,0.5,3,1
,279,1.1033898305084746,,,0.4121863799283154,0.3379032258064516,1.2198355873773536,0.5784115651498987,42.73303237953672,1.2198355873773536,,,,1.0282485875706215,1.2062146892655368,1.126604779774837,0.7226277372262774,1.2198355873773536,1.1033898305084746,1.1033898305084746,0.8494382022471911,1.6068181818181817,,broad75_baseload25,weekly,0.0,0,0,20,0.9,0.5,3,2
,191,0.7553672316384181,,,0.3612565445026178,0.3379032258064516,1.0691124467380575,0.5784115651498987,43.325108664904675,1.0691124467380575,,,,0.731638418079096,0.8107344632768362,0.9473993535116074,0.478494623655914,1.0691124467380575,0.7553672316384181,0.7553672316384181,0.597752808988764,0.9863636363636364,,broad75_baseload25,weekly,0.0,0,0,20,0.9,0.5,4,1
,269,1.0638418079096046,,,0.4349442379182156,0.3379032258064516,1.2871858115002086,0.5784115651498987,53.191202604772506,1.2871858115002086,,,,1.0084745762711864,1.1666666666666667,1.1647947723095775,0.7007575757575758,1.2871858115002086,1.0638418079096046,1.0638418079096046,0.8179775280898877,1.590909090909091,,broad75_baseload25,weekly,0.0,0,0,20,0.9,0.5,4,2
,148,0.5853107344632769,,,0.40540540540540543,0.3379032258064516,1.1997677868799588,0.5784115651498987,48.83709225381445,1.1997677868799588,,,,0.5338983050847458,0.632768361581921,1.1272727272727272,0.45454545454545453,1.1997677868799588,0.5853107344632769,0.5853107344632769,0.40898876404494383,0.8590909090909091,,broad75_baseload25,weekly,0.0,0,0,20,0.9,0.65,3,1
,233,0.9214689265536724,,,0.463519313304721,0.3379032258064516,1.3717516670593175,0.5784115651498987,53.63552266473999,1.3717516670593175,,,,0.8502824858757062,1.0084745762711864,1.251700680272109,0.6973684210526315,1.3717516670593175,0.9214689265536724,0.9214689265536724,0.6606741573033709,1.4636363636363636,,broad75_baseload25,weekly,0.0,0,0,20,0.9,0.65,3,2
,146,0.5774011299435028,,,0.3904109589041096,0.3379032258064516,1.1553928139405631,0.5784115651498987,49.84202479832662,1.1553928139405631,,,,0.5141242937853108,0.632768361581921,1.0689655172413792,0.41134751773049644,1.1553928139405631,0.5774011299435028,0.5774011299435028,0.39325842696629215,0.8590909090909091,,broad75_baseload25,weekly,0.0,0,0,20,0.9,0.65,4,1
,223,0.8819209039548023,,,0.47085201793721976,0.3379032258064516,1.393452272654302,0.5784115651498987,59.851375967399385,1.393452272654302,,,,0.8305084745762712,0.9491525423728814,1.222222222222222,0.6559633027522935,1.393452272654302,0.8819209039548023,0.8819209039548023,0.6134831460674157,1.4636363636363636,,broad75_baseload25,weekly,0.0,0,0,20,0.9,0.65,4,2
,255,1.0084745762711864,,,0.28627450980392155,0.3379032258064516,0.8472085731667368,0.5784115651498987,8.613112190630241,0.8472085731667368,,,,1.0084745762711864,1.0084745762711864,0.7736185383244207,0.796,0.8472085731667368,1.0084745762711864,1.0084745762711864,1.0224719101123596,1.05,,broad75_baseload25,weekly,0.0,0,0,40,0.75,0.0,3,1
,384,1.5186440677966102,,,0.3307291666666667,0.3379032258064516,0.978768894192522,0.5784115651498987,23.056464510716392,0.978768894192522,,,,1.4830508474576272,1.6016949152542375,0.9393939393939393,0.9050131926121372,0.978768894192522,1.5186440677966102,1.5186440677966102,1.2898876404494382,1.8772727272727274,,broad75_baseload25,weekly,0.0,0,0,40,0.75,0.0,3,2
,254,1.0045197740112994,,,0.35826771653543305,0.3379032258064516,1.0602672279330239,0.5784115651498987,15.575090015638443,1.0602672279330239,,,,0.9887005649717514,1.0084745762711864,1.0457516339869282,0.7951807228915663,1.0602672279330239,1.0045197740112994,1.0045197740112994,1.0181818181818183,1.05,,broad75_baseload25,weekly,0.0,0,0,40,0.75,0.0,4,1
,377,1.4909604519774013,,,0.38461538461538464,0.3379032258064516,1.1382412337066277,0.5784115651498987,26.71391215564929,1.1382412337066277,,,,1.4435028248587571,1.5621468926553672,1.0590208937013879,0.8924731182795699,1.1382412337066277,1.4909604519774013,1.4909604519774013,1.195505617977528,1.8772727272727274,,broad75_baseload25,weekly,0.0,0,0,40,0.75,0.0,4,2
,218,0.8621468926553673,,,0.3165137614678899,0.3379032258064516,0.9366994372796742,0.5784115651498987,24.90441016745244,0.9366994372796742,,,,0.8502824858757062,0.8898305084745763,0.8338470159708602,0.6572769953051644,0.9366994372796742,0.8621468926553673,0.8621468926553673,0.735,1.0340909090909092,,broad75_baseload25,weekly,0.0,0,0,40,0.75,0.3,3,1
,341,1.348587570621469,,,0.35777126099706746,0.3379032258064516,1.0587980039054026,0.5784115651498987,35.913744695233994,1.0587980039054026,,,,1.3248587570621468,1.4039548022598871,0.9258442219582556,0.8303571428571429,1.0587980039054026,1.348587570621469,1.348587570621469,1.006741573033708,1.8772727272727274,,broad75_baseload25,weekly,0.0,0,0,40,0.75,0.3,3,2
,217,0.8581920903954803,,,0.3686635944700461,0.3379032258064516,1.0910330719399932,0.5784115651498987,32.436399898614525,1.0910330719399932,,,,0.8502824858757062,0.8700564971751413,0.9728215186326703,0.6556603773584906,1.0910330719399932,0.8581920903954803,0.8581920903954803,0.735,1.0340909090909092,,broad75_baseload25,weekly,0.0,0,0,40,0.75,0.3,4,1
,333,1.3169491525423729,,,0.3963963963963964,0.3379032258064516,1.1731062805048487,0.5784115651498987,38.94780154904703,1.1731062805048487,,,,1.2853107344632768,1.364406779661017,1.0392875851231012,0.8109756097560976,1.1731062805048487,1.3169491525423729,1.3169491525423729,0.9123595505617977,1.8772727272727274,,broad75_baseload25,weekly,0.0,0,0,40,0.75,0.3,4,2
,189,0.747457627118644,,,0.30158730158730157,0.3379032258064516,0.8925256657953555,0.5784115651498987,8.144359520562462,0.8925256657953555,,,,0.711864406779661,0.7711864406779662,0.8225538971807629,0.625,0.8925256657953555,0.747457627118644,0.747457627118644,0.4876404494382023,1.0022727272727272,,broad75_baseload25,weekly,0.0,0,0,40,0.75,0.5,3,1
,311,1.2299435028248589,,,0.3504823151125402,0.3379032258064516,1.037226899139737,0.5784115651498987,24.275194867122817,1.037226899139737,,,,1.1864406779661016,1.3248587570621468,0.9811185038662111,0.8169934640522876,1.037226899139737,1.2299435028248589,1.2299435028248589,0.755056179775281,1.8454545454545455,,broad75_baseload25,weekly,0.0,0,0,40,0.75,0.5,3,2
,186,0.7355932203389831,,,0.3602150537634409,0.3379032258064516,1.0660302307080352,0.5784115651498987,22.22219956241736,1.0660302307080352,,,,0.692090395480226,0.7711864406779662,0.9959839357429718,0.569060773480663,1.0660302307080352,0.7355932203389831,0.7355932203389831,0.4876404494382023,1.0022727272727272,,broad75_baseload25,weekly,0.0,0,0,40,0.75,0.5,4,1
,296,1.1706214689265537,,,0.38513513513513514,0.3379032258064516,1.139779397535961,0.5784115651498987,29.04762914902493,1.139779397535961,,,,1.1271186440677967,1.2853107344632768,1.0572752548656164,0.7766323024054983,1.139779397535961,1.1706214689265537,1.1706214689265537,0.6134831460674157,1.7977272727272728,,broad75_baseload25,weekly,0.0,0,0,40,0.75,0.5,4,2
,150,0.5932203389830508,,,0.37333333333333335,0.3379032258064516,1.1048528241845665,0.5784115651498987,31.11867721977121,1.1048528241845665,,,,0.5734463276836158,0.612994350282486,0.9870646766169154,0.5379310344827586,1.1048528241845665,0.5932203389830508,0.5932203389830508,0.3460674157303371,0.8590909090909091,,broad75_baseload25,weekly,0.0,0,0,40,0.75,0.65,3,1
,260,1.0282485875706215,,,0.3923076923076923,0.3379032258064516,1.16100605838076,0.5784115651498987,31.387681814482455,1.16100605838076,,,,0.9887005649717514,1.1271186440677967,1.1008243500317059,0.7803921568627451,1.16100605838076,1.0282485875706215,1.0282485875706215,0.503370786516854,1.638636363636364,,broad75_baseload25,weekly,0.0,0,0,40,0.75,0.65,3,2
,149,0.5892655367231638,,,0.38926174496644295,0.3379032258064516,1.1519917989460364,0.5784115651498987,32.402782976765664,1.1519917989460364,,,,0.5536723163841808,0.612994350282486,1.0666666666666667,0.5416666666666666,1.1519917989460364,0.5892655367231638,0.5892655367231638,0.3460674157303371,0.8590909090909091,,broad75_baseload25,weekly,0.0,0,0,40,0.75,0.65,4,1
,254,1.0045197740112994,,,0.40551181102362205,0.3379032258064516,1.2000826865615546,0.5784115651498987,34.13547379367193,1.2000826865615546,,,,0.9689265536723164,1.0677966101694916,1.1619812583668006,0.7751004016064257,1.2000826865615546,1.0045197740112994,1.0045197740112994,0.4404494382022472,1.6227272727272726,,broad75_baseload25,weekly,0.0,0,0,40,0.75,0.65,4,2
,255,1.0084745762711864,,,0.2980392156862745,0.3379032258064516,0.882025363844822,0.5784115651498987,8.552977397049672,0.882025363844822,,,,1.0084745762711864,1.0084745762711864,0.8288770053475936,0.804,0.882025363844822,1.0084745762711864,1.0084745762711864,1.0224719101123596,1.05,,broad75_baseload25,weekly,0.0,0,0,40,0.8,0.0,3,1
,371,1.4672316384180792,,,0.33962264150943394,0.3379032258064516,1.0050884856126447,0.5784115651498987,27.062587855137743,1.0050884856126447,,,,1.423728813559322,1.5225988700564972,0.9503832190399355,0.907103825136612,1.0050884856126447,1.4672316384180792,1.4672316384180792,1.21123595505618,1.8136363636363637,,broad75_baseload25,weekly,0.0,0,0,40,0.8,0.0,3,2
,254,1.0045197740112994,,,0.3661417322834646,0.3379032258064516,1.0835698043711124,0.5784115651498987,15.573619539568611,1.0835698043711124,,,,0.9887005649717514,1.0084745762711864,1.0457516339869282,0.8072289156626506,1.0835698043711124,1.0045197740112994,1.0045197740112994,1.0181818181818183,1.05,,broad75_baseload25,weekly,0.0,0,0,40,0.8,0.0,4,1
,368,1.455367231638418,,,0.38858695652173914,0.3379032258064516,1.1499948116633807,0.5784115651498987,29.321967728762235,1.1499948116633807,,,,1.4039548022598871,1.5028248587570623,1.100443727309399,0.8953168044077136,1.1499948116633807,1.455367231638418,1.455367231638418,1.1797752808988764,1.8136363636363637,,broad75_baseload25,weekly,0.0,0,0,40,0.8,0.0,4,2
,216,0.8542372881355933,,,0.32407407407407407,0.3379032258064516,0.9590736321046583,0.5784115651498987,24.60319894218353,0.9590736321046583,,,,0.8502824858757062,0.8700564971751413,0.8338470159708602,0.6540284360189573,0.9590736321046583,0.8542372881355933,0.8542372881355933,0.7078651685393259,1.0340909090909092,,broad75_baseload25,weekly,0.0,0,0,40,0.8,0.3,3,1
,327,1.293220338983051,,,0.363914373088685,0.3379032258064516,1.076978096968901,0.5784115651498987,40.92326512353888,1.076978096968901,,,,1.265536723163842,1.344632768361582,0.9666902905740611,0.8229813664596274,1.076978096968901,1.293220338983051,1.293220338983051,0.8966292134831462,1.8136363636363637,,broad75_baseload25,weekly,0.0,0,0,40,0.8,0.3,3,2
,215,0.8502824858757062,,,0.3767441860465116,0.3379032258064516,1.1149469945051895,0.5784115651498987,32.37912639143739,1.1149469945051895,,,,0.8502824858757062,0.8502824858757062,0.9728215186326703,0.6571428571428571,1.1149469945051895,0.8502824858757062,0.8502824858757062,0.7078651685393259,1.0340909090909092,,broad75_baseload25,weekly,0.0,0,0,40,0.8,0.3,4,1
,323,1.2774011299435029,,,0.3993808049535604,0.3379032258064516,1.181938420387625,0.5784115651498987,42.874110786410206,1.181938420387625,,,,1.2457627118644068,1.3248587570621468,1.0703110951267758,0.8050314465408805,1.181938420387625,1.2774011299435029,1.2774011299435029,0.8651685393258427,1.8136363636363637,,broad75_baseload25,weekly,0.0,0,0,40,0.8,0.3,4,2
,187,0.7395480225988701,,,0.31016042780748665,0.3379032258064516,0.9178972087858793,0.5784115651498987,7.617184515472275,0.9178972087858793,,,,0.711864406779661,0.7711864406779662,0.8225538971807629,0.6263736263736264,0.9178972087858793,0.7395480225988701,0.7395480225988701,0.45617977528089887,1.0022727272727272,,broad75_baseload25,weekly,0.0,0,0,40,0.8,0.5,3,1
,297,1.1745762711864407,,,0.3569023569023569,0.3379032258064516,1.0562265454866886,0.5784115651498987,29.24210894948694,1.0562265454866886,,,,1.1271186440677967,1.265536723163842,0.9572825527534742,0.8116438356164384,1.0562265454866886,1.1745762711864407,1.1745762711864407,0.6449438202247191,1.7818181818181817,,broad75_baseload25,weekly,0.0,0,0,40,0.8,0.5,3,2
,184,0.727683615819209,,,0.3695652173913043,0.3379032258064516,1.0937013593441942,0.5784115651498987,22.04425279765933,1.0937013593441942,,,,0.692090395480226,0.7711864406779662,0.9959839357429718,0.5754189944134078,1.0937013593441942,0.727683615819209,0.727683615819209,0.45617977528089887,1.0022727272727272,,broad75_baseload25,weekly,0.0,0,0,40,0.8,0.5,4,1
,287,1.1350282485875707,,,0.3867595818815331,0.3379032258064516,1.1445868294346087,0.5784115651498987,32.309132838456854,1.1445868294346087,,,,1.1073446327683616,1.2457627118644068,1.0575692963752665,0.7730496453900709,1.1445868294346087,1.1350282485875707,1.1350282485875707,0.5662921348314607,1.75,,broad75_baseload25,weekly,0.0,0,0,40,0.8,0.5,4,2
,148,0.5853107344632769,,,0.38513513513513514,0.3379032258064516,1.139779397535961,0.5784115651498987,30.7630482295452,1.139779397535961,,,,0.5536723163841808,0.612994350282486,0.9870646766169154,0.5454545454545454,1.139779397535961,0.5853107344632769,0.5853107344632769,0.3146067415730337,0.8590909090909091,,broad75_baseload25,weekly,0.0,0,0,40,0.8,0.65,3,1
,250,0.9887005649717514,,,0.396,0.3379032258064516,1.1719331742243437,0.5784115651498987,34.53634346524464,1.1719331742243437,,,,0.9293785310734464,1.0875706214689267,1.0160959906350602,0.7755102040816326,1.1719331742243437,0.9887005649717514,0.9887005649717514,0.42471910112359557,1.590909090909091,,broad75_baseload25,weekly,0.0,0,0,40,0.8,0.65,3,2
,147,0.5813559322033899,,,0.4013605442176871,0.3379032258064516,1.1877973146299092,0.5784115651498987,32.2691487491281,1.1877973146299092,,,,0.5338983050847458,0.612994350282486,1.0666666666666667,0.5563380281690141,1.1877973146299092,0.5813559322033899,0.5813559322033899,0.3146067415730337,0.8590909090909091,,broad75_baseload25,weekly,0.0,0,0,40,0.8,0.65,4,1
,246,0.9728813559322035,,,0.4065040650406504,0.3379032258064516,1.2030191900964355,0.5784115651498987,36.6692353781302,1.2030191900964355,,,,0.9096045197740114,1.0480225988700564,1.0886742756804215,0.7759336099585062,1.2030191900964355,0.9728813559322035,0.9728813559322035,0.39325842696629215,1.5750000000000002,,broad75_baseload25,weekly,0.0,0,0,40,0.8,0.65,4,2
,255,1.0084745762711864,,,0.2980392156862745,0.3379032258064516,0.882025363844822,0.5784115651498987,9.228083049409868,0.882025363844822,,,,1.0084745762711864,1.0084745762711864,0.8288770053475936,0.824,0.882025363844822,1.0084745762711864,1.0084745762711864,1.0224719101123596,1.05,,broad75_baseload25,weekly,0.0,0,0,40,0.85,0.0,3,1
,359,1.419774011299435,,,0.32590529247910865,0.3379032258064516,0.9644929896756438,0.5784115651498987,24.03633384022699,0.9644929896756438,,,,1.4039548022598871,1.4435028248587571,0.9384065587555183,0.8983050847457628,0.9644929896756438,1.419774011299435,1.419774011299435,1.148314606741573,1.7818181818181817,,broad75_baseload25,weekly,0.0,0,0,40,0.85,0.0,3,2
,254,1.0045197740112994,,,0.3661417322834646,0.3379032258064516,1.0835698043711124,0.5784115651498987,17.20724269475753,1.0835698043711124,,,,0.9887005649717514,1.0084745762711864,1.0545712260807938,0.8192771084337349,1.0835698043711124,1.0045197740112994,1.0045197740112994,1.0181818181818183,1.05,,broad75_baseload25,weekly,0.0,0,0,40,0.85,0.0,4,1
,355,1.4039548022598871,,,0.38873239436619716,0.3379032258064516,1.15042522437729,0.5784115651498987,26.72123252010631,1.15042522437729,,,,1.364406779661017,1.423728813559322,1.11044776119403,0.8942857142857142,1.15042522437729,1.4039548022598871,1.4039548022598871,1.1325842696629214,1.7818181818181817,,broad75_baseload25,weekly,0.0,0,0,40,0.85,0.0,4,2
,215,0.8502824858757062,,,0.3302325581395349,0.3379032258064516,0.9772992174057835,0.5784115651498987,25.56724981820254,0.9772992174057835,,,,0.8305084745762712,0.8700564971751413,0.8338470159708602,0.638095238095238,0.9772992174057835,0.8502824858757062,0.8502824858757062,0.6921348314606742,1.0340909090909092,,broad75_baseload25,weekly,0.0,0,0,40,0.85,0.3,3,1
,314,1.2418079096045198,,,0.3630573248407643,0.3379032258064516,1.0744417250657465,0.5784115651498987,38.50500706291304,1.0744417250657465,,,,1.2062146892655368,1.265536723163842,0.980421686746988,0.7961165048543689,1.0744417250657465,1.2418079096045198,1.2418079096045198,0.8179775280898877,1.7818181818181817,,broad75_baseload25,weekly,0.0,0,0,40,0.85,0.3,3,2
,214,0.8463276836158192,,,0.37383177570093457,0.3379032258064516,1.1063279280886846,0.5784115651498987,34.24181412339092,1.1063279280886846,,,,0.8305084745762712,0.8502824858757062,0.9033342673017652,0.6507177033492823,1.1063279280886846,0.8463276836158192,0.8463276836158192,0.6921348314606742,1.0340909090909092,,broad75_baseload25,weekly,0.0,0,0,40,0.85,0.3,4,1
,309,1.2220338983050847,,,0.39805825242718446,0.3379032258064516,1.1780244224575387,0.5784115651498987,40.43749828897206,1.1780244224575387,,,,1.1864406779661016,1.2457627118644068,1.043411742206923,0.7828947368421053,1.1780244224575387,1.2220338983050847,1.2220338983050847,0.802247191011236,1.7818181818181817,,broad75_baseload25,weekly,0.0,0,0,40,0.85,0.3,4,2
,186,0.7355932203389831,,,0.3064516129032258,0.3379032258064516,0.9069212410501194,0.5784115651498987,8.612923337326892,0.9069212410501194,,,,0.692090395480226,0.7711864406779662,0.8421052631578947,0.6022099447513812,0.9069212410501194,0.7355932203389831,0.7355932203389831,0.4404494382022472,1.0022727272727272,,broad75_baseload25,weekly,0.0,0,0,40,0.85,0.5,3,1
,284,1.1231638418079095,,,0.352112676056338,0.3379032258064516,1.0420518336750815,0.5784115651498987,26.18580925567734,1.0420518336750815,,,,1.0677966101694916,1.1864406779661016,0.9596462133775566,0.7777777777777778,1.0420518336750815,1.1231638418079095,1.1231638418079095,0.5662921348314607,1.75,,broad75_baseload25,weekly,0.0,0,0,40,0.85,0.5,3,2
,183,0.7237288135593221,,,0.36065573770491804,0.3379032258064516,1.0673344027544114,0.5784115651498987,23.975327936621138,1.0673344027544114,,,,0.672316384180791,0.7711864406779662,0.9193697868396664,0.5674157303370787,1.0673344027544114,0.7237288135593221,0.7237288135593221,0.4404494382022472,1.0022727272727272,,broad75_baseload25,weekly,0.0,0,0,40,0.85,0.5,4,1
,275,1.0875706214689267,,,0.38545454545454544,0.3379032258064516,1.1407246691256239,0.5784115651498987,31.566418198010844,1.1407246691256239,,,,1.0282485875706215,1.1666666666666667,1.0635082703696142,0.7481481481481481,1.1407246691256239,1.0875706214689267,1.0875706214689267,0.5348314606741573,1.7181818181818183,,broad75_baseload25,weekly,0.0,0,0,40,0.85,0.5,4,2
,146,0.5774011299435028,,,0.3904109589041096,0.3379032258064516,1.1553928139405631,0.5784115651498987,33.546087362900586,1.1553928139405631,,,,0.5536723163841808,0.612994350282486,1.0575692963752665,0.5460992907801419,1.1553928139405631,0.5774011299435028,0.5774011299435028,0.298876404494382,0.8590909090909091,,broad75_baseload25,weekly,0.0,0,0,40,0.85,0.65,3,1
,239,0.9451977401129943,,,0.401673640167364,0.3379032258064516,1.1887238993019842,0.5784115651498987,35.784761163532856,1.1887238993019842,,,,0.9096045197740114,1.0282485875706215,1.1025722451571929,0.7521367521367521,1.1887238993019842,0.9451977401129943,0.9451977401129943,0.39325842696629215,1.5590909090909093,,broad75_baseload25,weekly,0.0,0,0,40,0.85,0.65,3,2
,145,0.5734463276836158,,,0.3931034482758621,0.3379032258064516,1.1633610402436014,0.5784115651498987,34.85870788249528,1.1633610402436014,,,,0.5338983050847458,0.612994350282486,1.0575692963752665,0.55,1.1633610402436014,0.5734463276836158,0.5734463276836158,0.298876404494382,0.8590909090909091,,broad75_baseload25,weekly,0.0,0,0,40,0.85,0.65,4,1
,234,0.9254237288135593,,,0.405982905982906,0.3379032258064516,1.20147685780144,0.5784115651498987,36.94438855239512,1.20147685780144,,,,0.8700564971751413,0.9887005649717514,1.1265412070084362,0.7510917030567685,1.20147685780144,0.9254237288135593,0.9254237288135593,0.3775280898876405,1.5431818181818182,,broad75_baseload25,weekly,0.0,0,0,40,0.85,0.65,4,2
,255,1.0084745762711864,,,0.2901960784313726,0.3379032258064516,0.858814170059432,0.5784115651498987,9.295136530894657,0.858814170059432,,,,1.0084745762711864,1.0084745762711864,0.7736185383244207,0.82,0.858814170059432,1.0084745762711864,1.0084745762711864,1.0224719101123596,1.05,,broad75_baseload25,weekly,0.0,0,0,40,0.9,0.0,3,1
,344,1.3604519774011299,,,0.3372093023255814,0.3379032258064516,0.9979463839706944,0.5784115651498987,21.658371586733043,0.9979463839706944,,,,1.3248587570621468,1.4039548022598871,0.927536231884058,0.8997050147492626,0.9979463839706944,1.3604519774011299,1.3604519774011299,1.101123595505618,1.7022727272727272,,broad75_baseload25,weekly,0.0,0,0,40,0.9,0.0,3,2
,253,1.0005649717514125,,,0.35968379446640314,0.3379032258064516,1.0644580074900714,0.5784115651498987,17.60860995536383,1.0644580074900714,,,,0.9887005649717514,1.0084745762711864,1.0457516339869282,0.8346774193548387,1.0644580074900714,1.0005649717514125,1.0005649717514125,1.0022727272727272,1.05,,broad75_baseload25,weekly,0.0,0,0,40,0.9,0.0,4,1
,337,1.332768361581921,,,0.40059347181008903,0.3379032258064516,1.1855272196766358,0.5784115651498987,24.878263372369513,1.1855272196766358,,,,1.305084745762712,1.384180790960452,1.1098106712564544,0.9096385542168675,1.1855272196766358,1.332768361581921,1.332768361581921,1.101123595505618,1.7022727272727272,,broad75_baseload25,weekly,0.0,0,0,40,0.9,0.0,4,2
,214,0.8463276836158192,,,0.32242990654205606,0.3379032258064516,0.9542078379764906,0.5784115651498987,26.001585952996418,0.9542078379764906,,,,0.8305084745762712,0.8700564971751413,0.8338470159708602,0.6124401913875598,0.9542078379764906,0.8463276836158192,0.8463276836158192,0.6921348314606742,1.0340909090909092,,broad75_baseload25,weekly,0.0,0,0,40,0.9,0.3,3,1
,300,1.1864406779661016,,,0.37333333333333335,0.3379032258064516,1.1048528241845665,0.5784115651498987,36.47654597214473,1.1048528241845665,,,,1.1468926553672316,1.225988700564972,0.963855421686747,0.7728813559322034,1.1048528241845665,1.1864406779661016,1.1864406779661016,0.7707865168539327,1.7022727272727272,,broad75_baseload25,weekly,0.0,0,0,40,0.9,0.3,3,2
,212,0.8384180790960452,,,0.35377358490566035,0.3379032258064516,1.0469671725131715,0.5784115651498987,33.62008742141803,1.0469671725131715,,,,0.8107344632768362,0.8502824858757062,0.9033342673017652,0.6135265700483091,1.0469671725131715,0.8384180790960452,0.8384180790960452,0.6921348314606742,1.0340909090909092,,broad75_baseload25,weekly,0.0,0,0,40,0.9,0.3,4,1
,293,1.1587570621468928,,,0.4061433447098976,0.3379032258064516,1.201951664535258,0.5784115651498987,38.554404930125195,1.201951664535258,,,,1.1073446327683616,1.2062146892655368,1.0286391467509381,0.7604166666666666,1.201951664535258,1.1587570621468928,1.1587570621468928,0.7707865168539327,1.7022727272727272,,broad75_baseload25,weekly,0.0,0,0,40,0.9,0.3,4,2
,185,0.731638418079096,,,0.2972972972972973,0.3379032258064516,0.8798297103786364,0.5784115651498987,9.085153446574271,0.8798297103786364,,,,0.692090395480226,0.7711864406779662,0.7719298245614036,0.5777777777777777,0.8798297103786364,0.731638418079096,0.731638418079096,0.4404494382022472,1.0022727272727272,,broad75_baseload25,weekly,0.0,0,0,40,0.9,0.5,3,1
,271,1.0717514124293785,,,0.36531365313653136,0.3379032258064516,1.0811191644136011,0.5784115651498987,24.84950748727401,1.0811191644136011,,,,1.0084745762711864,1.1468926553672316,0.9696969696969697,0.7631578947368421,1.0811191644136011,1.0717514124293785,1.0717514124293785,0.5191011235955056,1.6704545454545454,,broad75_baseload25,weekly,0.0,0,0,40,0.9,0.5,3,2
,181,0.7158192090395481,,,0.3370165745856354,0.3379032258064516,0.9973760202534317,0.5784115651498987,23.10500831033091,0.9973760202534317,,,,0.652542372881356,0.7711864406779662,0.9193697868396664,0.5284090909090909,0.9973760202534317,0.7158192090395481,0.7158192090395481,0.4404494382022472,1.0022727272727272,,broad75_baseload25,weekly,0.0,0,0,40,0.9,0.5,4,1
,262,1.0361581920903955,,,0.40076335877862596,0.3379032258064516,1.186029987793547,0.5784115651498987,31.883899334197906,1.186029987793547,,,,0.9491525423728814,1.1271186440677967,1.0484041428873387,0.7276264591439688,1.186029987793547,1.0361581920903955,1.0361581920903955,0.5191011235955056,1.6704545454545454,,broad75_baseload25,weekly,0.0,0,0,40,0.9,0.5,4,2
,144,0.5694915254237288,,,0.375,0.3379032258064516,1.1097852028639619,0.5784115651498987,34.78836430212594,1.1097852028639619,,,,0.5338983050847458,0.612994350282486,1.0575692963752665,0.5179856115107914,1.1097852028639619,0.5694915254237288,0.5694915254237288,0.298876404494382,0.8590909090909091,,broad75_baseload25,weekly,0.0,0,0,40,0.9,0.65,3,1
,229,0.9056497175141243,,,0.42358078602620086,0.3379032258064516,1.2535565027983033,0.5784115651498987,39.78679235973669,1.2535565027983033,,,,0.8700564971751413,0.9887005649717514,1.135421686746988,0.7321428571428571,1.2535565027983033,0.9056497175141243,0.9056497175141243,0.3775280898876405,1.5113636363636365,,broad75_baseload25,weekly,0.0,0,0,40,0.9,0.65,3,2
,138,0.5457627118644068,,,0.3695652173913043,0.3379032258064516,1.0937013593441942,0.5784115651498987,33.82501088914629,1.0937013593441942,,,,0.4943502824858757,0.5932203389830508,1.011494252873563,0.48120300751879697,1.0937013593441942,0.5457627118644068,0.5457627118644068,0.298876404494382,0.8590909090909091,,broad75_baseload25,weekly,0.0,0,0,40,0.9,0.65,4,1
,216,0.8542372881355933,,,0.4305555555555556,0.3379032258064516,1.274197825510475,0.5784115651498987,38.997796337049216,1.274197825510475,,,,0.8107344632768362,0.9096045197740114,1.1691985332634889,0.6966824644549763,1.274197825510475,0.8542372881355933,0.8542372881355933,0.3775280898876405,1.4954545454545456,,broad75_baseload25,weekly,0.0,0,0,40,0.9,0.65,4,2
,255,1.0084745762711864,,,0.28627450980392155,0.3379032258064516,0.8472085731667368,0.5784115651498987,8.613112190630241,0.8472085731667368,,,,1.0084745762711864,1.0084745762711864,0.7736185383244207,0.796,0.8472085731667368,1.0084745762711864,1.0084745762711864,1.0224719101123596,1.05,,broad75_baseload25,weekly,0.0,0,0,60,0.75,0.0,3,1
,376,1.4870056497175141,,,0.3324468085106383,0.3379032258064516,0.9838521301985477,0.5784115651498987,22.129509892883426,0.9838521301985477,,,,1.463276836158192,1.5423728813559323,0.9393939393939393,0.9029649595687331,0.9838521301985477,1.4870056497175141,1.4870056497175141,1.1325842696629214,1.8772727272727274,,broad75_baseload25,weekly,0.0,0,0,60,0.75,0.0,3,2
,254,1.0045197740112994,,,0.3543307086614173,0.3379032258064516,1.0486159397139796,0.5784115651498987,14.32922638391547,1.0486159397139796,,,,0.9887005649717514,1.0084745762711864,1.0145454545454544,0.7951807228915663,1.0486159397139796,1.0045197740112994,1.0045197740112994,1.0181818181818183,1.05,,broad75_baseload25,weekly,0.0,0,0,60,0.75,0.0,4,1
,375,1.4830508474576272,,,0.37866666666666665,0.3379032258064516,1.1206364359586316,0.5784115651498987,21.242283351532905,1.1206364359586316,,,,1.4435028248587571,1.5423728813559323,1.0725980846462775,0.8891891891891892,1.1206364359586316,1.4830508474576272,1.4830508474576272,1.1325842696629214,1.8772727272727274,,broad75_baseload25,weekly,0.0,0,0,60,0.75,0.0,4,2
,219,0.8661016949152542,,,0.3105022831050228,0.3379032258064516,0.9189089046544828,0.5784115651498987,24.02897047622913,0.9189089046544828,,,,0.8305084745762712,0.9096045197740114,0.8338470159708602,0.6495327102803738,0.9189089046544828,0.8661016949152542,0.8661016949152542,0.7393258426966293,1.0340909090909092,,broad75_baseload25,weekly,0.0,0,0,60,0.75,0.3,3,1
,333,1.3169491525423729,,,0.35735735735735735,0.3379032258064516,1.0575730862127044,0.5784115651498987,35.920702464162446,1.0575730862127044,,,,1.2457627118644068,1.364406779661017,0.9666902905740611,0.8201219512195121,1.0575730862127044,1.3169491525423729,1.3169491525423729,0.8494382022471911,1.8772727272727274,,broad75_baseload25,weekly,0.0,0,0,60,0.75,0.3,3,2
,216,0.8542372881355933,,,0.3611111111111111,0.3379032258064516,1.0686820472023335,0.5784115651498987,29.848540279401885,1.0686820472023335,,,,0.8305084745762712,0.8700564971751413,0.9728215186326703,0.6492890995260664,1.0686820472023335,0.8542372881355933,0.8542372881355933,0.7174999999999999,1.0340909090909092,,broad75_baseload25,weekly,0.0,0,0,60,0.75,0.3,4,1
,329,1.301129943502825,,,0.3890577507598784,0.3379032258064516,1.151388092940929,0.5784115651498987,34.325541327817554,1.151388092940929,,,,1.2457627118644068,1.344632768361582,1.0545712260807938,0.8024691358024691,1.151388092940929,1.301129943502825,1.301129943502825,0.8494382022471911,1.8772727272727274,,broad75_baseload25,weekly,0.0,0,0,60,0.75,0.3,4,2
,187,0.7395480225988701,,,0.34759358288770054,0.3379032258064516,1.0286779063979683,0.5784115651498987,24.64160735000246,1.0286779063979683,,,,0.711864406779661,0.7711864406779662,0.9253731343283582,0.5769230769230769,1.0286779063979683,0.7395480225988701,0.7395480225988701,0.45617977528089887,1.0022727272727272,,broad75_baseload25,weekly,0.0,0,0,60,0.75,0.5,3,1
,298,1.1785310734463277,,,0.3825503355704698,0.3379032258064516,1.1321298713780013,0.5784115651498987,33.0005287785687,1.1321298713780013,,,,1.1271186440677967,1.265536723163842,1.0737951807228916,0.7815699658703071,1.1321298713780013,1.1785310734463277,1.1785310734463277,0.5348314606741573,1.8454545454545455,,broad75_baseload25,weekly,0.0,0,0,60,0.75,0.5,3,2
,187,0.7395480225988701,,,0.3689839572192513,0.3379032258064516,1.0919811621763047,0.5784115651498987,33.112637911881286,1.0919811621763047,,,,0.711864406779661,0.7711864406779662,0.9959839357429718,0.5989010989010989,1.0919811621763047,0.7395480225988701,0.7395480225988701,0.45617977528089887,1.0022727272727272,,broad75_baseload25,weekly,0.0,0,0,60,0.75,0.5,4,1
,296,1.1706214689265537,,,0.3918918918918919,0.3379032258064516,1.1597755273172934,0.5784115651498987,33.48246721286446,1.1597755273172934,,,,1.1271186440677967,1.265536723163842,1.0737951807228916,0.7869415807560137,1.1597755273172934,1.1706214689265537,1.1706214689265537,0.5348314606741573,1.8136363636363637,,broad75_baseload25,weekly,0.0,0,0,60,0.75,0.5,4,2
,144,0.5694915254237288,,,0.3958333333333333,0.3379032258064516,1.171439936356404,0.5784115651498987,39.43616581358385,1.171439936356404,,,,0.5338983050847458,0.5932203389830508,1.0211013896037056,0.5323741007194245,1.171439936356404,0.5694915254237288,0.5694915254237288,0.20449438202247192,0.8590909090909091,,broad75_baseload25,weekly,0.0,0,0,60,0.75,0.65,3,1
,246,0.9728813559322035,,,0.4065040650406504,0.3379032258064516,1.2030191900964355,0.5784115651498987,40.91911317002499,1.2030191900964355,,,,0.9293785310734464,1.0480225988700564,1.1839054330529668,0.7676348547717843,1.2030191900964355,0.9728813559322035,0.9728813559322035,0.2359550561797753,1.638636363636364,,broad75_baseload25,weekly,0.0,0,0,60,0.75,0.65,3,2
,142,0.5615819209039548,,,0.4154929577464789,0.3379032258064516,1.2296211637365961,0.5784115651498987,45.298864774218934,1.2296211637365961,,,,0.5338983050847458,0.5932203389830508,1.1428571428571428,0.5182481751824818,1.2296211637365961,0.5615819209039548,0.5615819209039548,0.20449438202247192,0.8590909090909091,,broad75_baseload25,weekly,0.0,0,0,60,0.75,0.65,4,1
,243,0.9610169491525424,,,0.4156378600823045,0.3379032258064516,1.230049991651689,0.5784115651498987,42.22565392621973,1.230049991651689,,,,0.9293785310734464,1.0282485875706215,1.1992263056092842,0.7647058823529411,1.230049991651689,0.9610169491525424,0.9610169491525424,0.2359550561797753,1.6227272727272726,,broad75_baseload25,weekly,0.0,0,0,60,0.75,0.65,4,2
,255,1.0084745762711864,,,0.2980392156862745,0.3379032258064516,0.882025363844822,0.5784115651498987,8.552313793019191,0.882025363844822,,,,1.0084745762711864,1.0084745762711864,0.8288770053475936,0.804,0.882025363844822,1.0084745762711864,1.0084745762711864,1.0224719101123596,1.05,,broad75_baseload25,weekly,0.0,0,0,60,0.8,0.0,3,1
,360,1.423728813559322,,,0.33055555555555555,0.3379032258064516,0.9782551047467515,0.5784115651498987,22.61667299421769,0.9782551047467515,,,,1.384180790960452,1.4830508474576272,0.9253731343283582,0.9042253521126761,0.9782551047467515,1.423728813559322,1.423728813559322,1.0224719101123596,1.8136363636363637,,broad75_baseload25,weekly,0.0,0,0,60,0.8,0.0,3,2
,254,1.0045197740112994,,,0.3661417322834646,0.3379032258064516,1.0835698043711124,0.5784115651498987,15.57295332292384,1.0835698043711124,,,,0.9887005649717514,1.0084745762711864,1.0457516339869282,0.8072289156626506,1.0835698043711124,1.0045197740112994,1.0045197740112994,1.0181818181818183,1.05,,broad75_baseload25,weekly,0.0,0,0,60,0.8,0.0,4,1
,359,1.419774011299435,,,0.3788300835654596,0.3379032258064516,1.1211200563751071,0.5784115651498987,23.592265600286996,1.1211200563751071,,,,1.364406779661017,1.4830508474576272,1.0756626506024096,0.8926553672316384,1.1211200563751071,1.419774011299435,1.419774011299435,1.0224719101123596,1.8136363636363637,,broad75_baseload25,weekly,0.0,0,0,60,0.8,0.0,4,2
,217,0.8581920903954803,,,0.31797235023041476,0.3379032258064516,0.9410160245482442,0.5784115651498987,23.720298941352148,0.9410160245482442,,,,0.8305084745762712,0.8898305084745763,0.8338470159708602,0.6462264150943396,0.9410160245482442,0.8581920903954803,0.8581920903954803,0.7078651685393259,1.0340909090909092,,broad75_baseload25,weekly,0.0,0,0,60,0.8,0.3,3,1
,317,1.2536723163841808,,,0.3501577287066246,0.3379032258064516,1.0362663092988413,0.5784115651498987,35.69991481655845,1.0362663092988413,,,,1.225988700564972,1.305084745762712,0.9507119386637459,0.8108974358974359,1.0362663092988413,1.2536723163841808,1.2536723163841808,0.7078651685393259,1.8136363636363637,,broad75_baseload25,weekly,0.0,0,0,60,0.8,0.3,3,2
,214,0.8463276836158192,,,0.37383177570093457,0.3379032258064516,1.1063279280886846,0.5784115651498987,31.244758130562417,1.1063279280886846,,,,0.8305084745762712,0.8502824858757062,0.9728215186326703,0.6507177033492823,1.1063279280886846,0.8463276836158192,0.8463276836158192,0.7078651685393259,1.0340909090909092,,broad75_baseload25,weekly,0.0,0,0,60,0.8,0.3,4,1
,313,1.2378531073446328,,,0.3865814696485623,0.3379032258064516,1.144059719246342,0.5784115651498987,36.273372774218124,1.144059719246342,,,,1.2062146892655368,1.305084745762712,1.041255932822198,0.7954545454545454,1.144059719246342,1.2378531073446328,1.2378531073446328,0.7078651685393259,1.8136363636363637,,broad75_baseload25,weekly,0.0,0,0,60,0.8,0.3,4,2
,185,0.731638418079096,,,0.3567567567567568,0.3379032258064516,1.0557956524543637,0.5784115651498987,24.28616708340378,1.0557956524543637,,,,0.692090395480226,0.7711864406779662,0.9253731343283582,0.5777777777777777,1.0557956524543637,0.731638418079096,0.731638418079096,0.42471910112359557,1.0022727272727272,,broad75_baseload25,weekly,0.0,0,0,60,0.8,0.5,3,1
,284,1.1231638418079095,,,0.3767605633802817,0.3379032258064516,1.1149954620323372,0.5784115651498987,34.70206044621141,1.1149954620323372,,,,1.0677966101694916,1.225988700564972,0.9914712153518124,0.7741935483870968,1.1149954620323372,1.1231638418079095,1.1231638418079095,0.42471910112359557,1.7818181818181817,,broad75_baseload25,weekly,0.0,0,0,60,0.8,0.5,3,2
,185,0.731638418079096,,,0.3837837837837838,0.3379032258064516,1.1357801715796945,0.5784115651498987,34.57681287693561,1.1357801715796945,,,,0.692090395480226,0.7711864406779662,0.9959839357429718,0.6,1.1357801715796945,0.731638418079096,0.731638418079096,0.42471910112359557,1.0022727272727272,,broad75_baseload25,weekly,0.0,0,0,60,0.8,0.5,4,1
,282,1.1152542372881356,,,0.3900709219858156,0.3379032258064516,1.1543864994329627,0.5784115651498987,37.59849270934591,1.1543864994329627,,,,1.0677966101694916,1.225988700564972,1.0602409638554218,0.7833935018050542,1.1543864994329627,1.1152542372881356,1.1152542372881356,0.42471910112359557,1.75,,broad75_baseload25,weekly,0.0,0,0,60,0.8,0.5,4,2
,142,0.5615819209039548,,,0.4084507042253521,0.3379032258064516,1.2087801270630947,0.5784115651498987,39.1814662896853,1.2087801270630947,,,,0.5141242937853108,0.5932203389830508,1.0211013896037056,0.5401459854014599,1.2087801270630947,0.5615819209039548,0.5615819209039548,0.17303370786516856,0.8590909090909091,,broad75_baseload25,weekly,0.0,0,0,60,0.8,0.65,3,1
,237,0.9372881355932203,,,0.4050632911392405,0.3379032258064516,1.1987553246125495,0.5784115651498987,43.01005774354895,1.1987553246125495,,,,0.8700564971751413,1.0282485875706215,1.0575692963752665,0.7672413793103449,1.1987553246125495,0.9372881355932203,0.9372881355932203,0.17303370786516856,1.590909090909091,,broad75_baseload25,weekly,0.0,0,0,60,0.8,0.65,3,2
,140,0.5536723163841808,,,0.4357142857142857,0.3379032258064516,1.2894647118990794,0.5784115651498987,47.355876407674536,1.2894647118990794,,,,0.5141242937853108,0.5932203389830508,1.1428571428571428,0.5185185185185185,1.2894647118990794,0.5536723163841808,0.5536723163841808,0.17303370786516856,0.8590909090909091,,broad75_baseload25,weekly,0.0,0,0,60,0.8,0.65,4,1
,234,0.9254237288135593,,,0.4188034188034188,0.3379032258064516,1.2394182322583278,0.5784115651498987,45.72880048129255,1.2394182322583278,,,,0.8700564971751413,1.0084745762711864,1.1567164179104479,0.7641921397379913,1.2394182322583278,0.9254237288135593,0.9254237288135593,0.17303370786516856,1.5750000000000002,,broad75_baseload25,weekly,0.0,0,0,60,0.8,0.65,4,2
,255,1.0084745762711864,,,0.2980392156862745,0.3379032258064516,0.882025363844822,0.5784115651498987,9.228083049409868,0.882025363844822,,,,1.0084745762711864,1.0084745762711864,0.8288770053475936,0.824,0.882025363844822,1.0084745762711864,1.0084745762711864,1.0224719101123596,1.05,,broad75_baseload25,weekly,0.0,0,0,60,0.85,0.0,3,1
,351,1.3881355932203392,,,0.3190883190883191,0.3379032258064516,0.944318653149202,0.5784115651498987,22.715578709824577,0.944318653149202,,,,1.364406779661017,1.4039548022598871,0.898550724637681,0.8959537572254336,0.944318653149202,1.3881355932203392,1.3881355932203392,1.0224719101123596,1.7818181818181817,,broad75_baseload25,weekly,0.0,0,0,60,0.85,0.0,3,2
,254,1.0045197740112994,,,0.3661417322834646,0.3379032258064516,1.0835698043711124,0.5784115651498987,17.20724269475753,1.0835698043711124,,,,0.9887005649717514,1.0084745762711864,1.0545712260807938,0.8192771084337349,1.0835698043711124,1.0045197740112994,1.0045197740112994,1.0181818181818183,1.05,,broad75_baseload25,weekly,0.0,0,0,60,0.85,0.0,4,1
,348,1.3762711864406778,,,0.382183908045977,0.3379032258064516,1.1310454557923904,0.5784115651498987,24.458127028246633,1.1310454557923904,,,,1.3248587570621468,1.4039548022598871,1.0941795350415748,0.892128279883382,1.1310454557923904,1.3762711864406778,1.3762711864406778,1.0224719101123596,1.7818181818181817,,broad75_baseload25,weekly,0.0,0,0,60,0.85,0.0,4,2
,216,0.8542372881355933,,,0.3194444444444444,0.3379032258064516,0.945372580217449,0.5784115651498987,24.658606965214112,0.945372580217449,,,,0.8107344632768362,0.8898305084745763,0.8338470159708602,0.6303317535545023,0.945372580217449,0.8542372881355933,0.8542372881355933,0.6921348314606742,1.0340909090909092,,broad75_baseload25,weekly,0.0,0,0,60,0.85,0.3,3,1
,307,1.2141242937853107,,,0.3485342019543974,0.3379032258064516,1.031461600055973,0.5784115651498987,36.69054361509555,1.031461600055973,,,,1.1666666666666667,1.2457627118644068,0.963855421686747,0.7847682119205298,1.031461600055973,1.2141242937853107,1.2141242937853107,0.6921348314606742,1.7818181818181817,,broad75_baseload25,weekly,0.0,0,0,60,0.85,0.3,3,2
,213,0.8423728813559322,,,0.37089201877934275,0.3379032258064516,1.097627931471086,0.5784115651498987,33.111659658285184,1.097627931471086,,,,0.8107344632768362,0.8502824858757062,0.9033342673017652,0.6442307692307693,1.097627931471086,0.8423728813559322,0.8423728813559322,0.6921348314606742,1.0340909090909092,,broad75_baseload25,weekly,0.0,0,0,60,0.85,0.3,4,1
,301,1.1903954802259888,,,0.38870431893687707,0.3379032258064516,1.150342137187894,0.5784115651498987,37.69656578234452,1.150342137187894,,,,1.1468926553672316,1.225988700564972,1.0120481927710843,0.7736486486486487,1.150342137187894,1.1903954802259888,1.1903954802259888,0.6921348314606742,1.7818181818181817,,broad75_baseload25,weekly,0.0,0,0,60,0.85,0.3,4,2
,184,0.727683615819209,,,0.3532608695652174,0.3379032258064516,1.0454498287848917,0.5784115651498987,25.38424111851607,1.0454498287848917,,,,0.692090395480226,0.7711864406779662,0.9518123667377398,0.553072625698324,1.0454498287848917,0.727683615819209,0.727683615819209,0.40898876404494383,1.0022727272727272,,broad75_baseload25,weekly,0.0,0,0,60,0.85,0.5,3,1
,274,1.0836158192090395,,,0.3759124087591241,0.3379032258064516,1.1124854101702002,0.5784115651498987,35.94741143132649,1.1124854101702002,,,,1.0480225988700564,1.1468926553672316,1.0475922275415377,0.7397769516728625,1.1124854101702002,1.0836158192090395,1.0836158192090395,0.40898876404494383,1.75,,broad75_baseload25,weekly,0.0,0,0,60,0.85,0.5,3,2
,184,0.727683615819209,,,0.375,0.3379032258064516,1.1097852028639619,0.5784115651498987,36.56642445050659,1.1097852028639619,,,,0.692090395480226,0.7711864406779662,0.9193697868396664,0.5921787709497207,1.1097852028639619,0.727683615819209,0.727683615819209,0.40898876404494383,1.0022727272727272,,broad75_baseload25,weekly,0.0,0,0,60,0.85,0.5,4,1
,270,1.0677966101694916,,,0.3888888888888889,0.3379032258064516,1.15088835852559,0.5784115651498987,39.114748205839675,1.15088835852559,,,,1.0282485875706215,1.1468926553672316,1.0303282093892814,0.7584905660377359,1.15088835852559,1.0677966101694916,1.0677966101694916,0.40898876404494383,1.7181818181818183,,broad75_baseload25,weekly,0.0,0,0,60,0.85,0.5,4,2
,140,0.5536723163841808,,,0.4142857142857143,0.3379032258064516,1.2260484145925674,0.5784115651498987,42.205250351242,1.2260484145925674,,,,0.5141242937853108,0.5932203389830508,1.0967385295743506,0.5407407407407407,1.2260484145925674,0.5536723163841808,0.5536723163841808,0.15730337078651685,0.8590909090909091,,broad75_baseload25,weekly,0.0,0,0,60,0.85,0.65,3,1
,227,0.8977401129943503,,,0.40969162995594716,0.3379032258064516,1.2124525564328748,0.5784115651498987,44.07165456366229,1.2124525564328748,,,,0.8502824858757062,0.9689265536723164,1.151575456053068,0.7477477477477478,1.2124525564328748,0.8977401129943503,0.8977401129943503,0.15730337078651685,1.5590909090909093,,broad75_baseload25,weekly,0.0,0,0,60,0.85,0.65,3,2
,138,0.5457627118644068,,,0.427536231884058,0.3379032258064516,1.2652623568883816,0.5784115651498987,50.29666444161008,1.2652623568883816,,,,0.5141242937853108,0.5932203389830508,1.1389207807118256,0.5112781954887218,1.2652623568883816,0.5457627118644068,0.5457627118644068,0.15730337078651685,0.8590909090909091,,broad75_baseload25,weekly,0.0,0,0,60,0.85,0.65,4,1
,222,0.8779661016949153,,,0.4189189189189189,0.3379032258064516,1.239760046442624,0.5784115651498987,46.49195279211179,1.239760046442624,,,,0.8305084745762712,0.9491525423728814,1.1827309236947792,0.7373271889400922,1.239760046442624,0.8779661016949153,0.8779661016949153,0.15730337078651685,1.5431818181818182,,broad75_baseload25,weekly,0.0,0,0,60,0.85,0.65,4,2
,255,1.0084745762711864,,,0.2901960784313726,0.3379032258064516,0.858814170059432,0.5784115651498987,9.142700688256813,0.858814170059432,,,,1.0084745762711864,1.0084745762711864,0.7736185383244207,0.832,0.858814170059432,1.0084745762711864,1.0084745762711864,1.0224719101123596,1.05,,broad75_baseload25,weekly,0.0,0,0,60,0.9,0.0,3,1
,339,1.340677966101695,,,0.31563421828908556,0.3379032258064516,0.9340964932660288,0.5784115651498987,20.468975772683656,0.9340964932660288,,,,1.305084745762712,1.384180790960452,0.8627450980392157,0.8892215568862275,0.9340964932660288,1.340677966101695,1.340677966101695,1.0224719101123596,1.7022727272727272,,broad75_baseload25,weekly,0.0,0,0,60,0.9,0.0,3,2
,253,1.0005649717514125,,,0.35968379446640314,0.3379032258064516,1.0644580074900714,0.5784115651498987,17.45496908630197,1.0644580074900714,,,,0.9887005649717514,1.0084745762711864,1.0457516339869282,0.8467741935483871,1.0644580074900714,1.0005649717514125,1.0005649717514125,1.0022727272727272,1.05,,broad75_baseload25,weekly,0.0,0,0,60,0.9,0.0,4,1
,332,1.3129943502824861,,,0.3795180722891566,0.3379032258064516,1.123156108922564,0.5784115651498987,22.57738120227448,1.123156108922564,,,,1.2853107344632768,1.364406779661017,1.0746268656716418,0.8990825688073395,1.123156108922564,1.3129943502824861,1.3129943502824861,1.0224719101123596,1.7022727272727272,,broad75_baseload25,weekly,0.0,0,0,60,0.9,0.0,4,2
,215,0.8502824858757062,,,0.3116279069767442,0.3379032258064516,0.9222401065660211,0.5784115651498987,24.905900686703653,0.9222401065660211,,,,0.8107344632768362,0.8898305084745763,0.8338470159708602,0.6238095238095238,0.9222401065660211,0.8502824858757062,0.8502824858757062,0.6921348314606742,1.0340909090909092,,broad75_baseload25,weekly,0.0,0,0,60,0.9,0.3,3,1
,296,1.1706214689265537,,,0.34121621621621623,0.3379032258064516,1.0098045539572986,0.5784115651498987,34.66475387270174,1.0098045539572986,,,,1.1073446327683616,1.225988700564972,0.9306735137270394,0.7560137457044673,1.0098045539572986,1.1706214689265537,1.1706214689265537,0.6921348314606742,1.7022727272727272,,broad75_baseload25,weekly,0.0,0,0,60,0.9,0.3,3,2
,211,0.8344632768361583,,,0.35071090047393366,0.3379032258064516,1.0379033808775124,0.5784115651498987,32.293000953882576,1.0379033808775124,,,,0.7909604519774012,0.8502824858757062,0.9033342673017652,0.6213592233009708,1.0379033808775124,0.8344632768361583,0.8344632768361583,0.6921348314606742,1.0340909090909092,,broad75_baseload25,weekly,0.0,0,0,60,0.9,0.3,4,1
,287,1.1350282485875707,,,0.3797909407665505,0.3379032258064516,1.1239636433186697,0.5784115651498987,35.30798695120048,1.1239636433186697,,,,1.0677966101694916,1.1864406779661016,0.9959839357429718,0.7411347517730497,1.1239636433186697,1.1350282485875707,1.1350282485875707,0.6921348314606742,1.7022727272727272,,broad75_baseload25,weekly,0.0,0,0,60,0.9,0.3,4,2
,183,0.7237288135593221,,,0.3442622950819672,0.3379032258064516,1.0188192026292109,0.5784115651498987,25.740868157419378,1.0188192026292109,,,,0.692090395480226,0.7711864406779662,0.912280701754386,0.5449438202247191,1.0188192026292109,0.7237288135593221,0.7237288135593221,0.40898876404494383,1.0022727272727272,,broad75_baseload25,weekly,0.0,0,0,60,0.9,0.5,3,1
,264,1.0440677966101695,,,0.3712121212121212,0.3379032258064516,1.0985752513198814,0.5784115651498987,33.767533927204596,1.0985752513198814,,,,0.9887005649717514,1.1271186440677967,0.9876543209876543,0.7142857142857143,1.0985752513198814,1.0440677966101695,1.0440677966101695,0.40898876404494383,1.6704545454545454,,broad75_baseload25,weekly,0.0,0,0,60,0.9,0.5,3,2
,180,0.711864406779661,,,0.35555555555555557,0.3379032258064516,1.0522407849376825,0.5784115651498987,35.96545993967448,1.0522407849376825,,,,0.672316384180791,0.7711864406779662,0.9193697868396664,0.5657142857142857,1.0522407849376825,0.711864406779661,0.711864406779661,0.40898876404494383,1.0022727272727272,,broad75_baseload25,weekly,0.0,0,0,60,0.9,0.5,4,1
,256,1.0124293785310736,,,0.38671875,0.3379032258064516,1.1444659904534606,0.5784115651498987,38.25528063619813,1.1444659904534606,,,,0.9491525423728814,1.1073446327683616,1.0137693631669535,0.7211155378486056,1.1444659904534606,1.0124293785310736,1.0124293785310736,0.40898876404494383,1.6704545454545454,,broad75_baseload25,weekly,0.0,0,0,60,0.9,0.5,4,2
,138,0.5457627118644068,,,0.39855072463768115,0.3379032258064516,1.179481858116288,0.5784115651498987,43.345359520462885,1.179481858116288,,,,0.4943502824858757,0.5932203389830508,1.0967385295743506,0.5338345864661654,1.179481858116288,0.5457627118644068,0.5457627118644068,0.15730337078651685,0.8590909090909091,,broad75_baseload25,weekly,0.0,0,0,60,0.9,0.65,3,1
,218,0.8621468926553673,,,0.40825688073394495,0.3379032258064516,1.208206520549145,0.5784115651498987,43.86914103113102,1.208206520549145,,,,0.8107344632768362,0.9491525423728814,1.1515151515151516,0.7276995305164319,1.208206520549145,0.8621468926553673,0.8621468926553673,0.15730337078651685,1.5113636363636365,,broad75_baseload25,weekly,0.0,0,0,60,0.9,0.65,3,2
,131,0.5180790960451978,,,0.40458015267175573,0.3379032258064516,1.1973255114868189,0.5784115651498987,49.73593444893064,1.1973255114868189,,,,0.4745762711864407,0.5734463276836158,1.0864197530864197,0.4603174603174603,1.1973255114868189,0.5180790960451978,0.5180790960451978,0.15730337078651685,0.8590909090909091,,broad75_baseload25,weekly,0.0,0,0,60,0.9,0.65,4,1
,204,0.8067796610169491,,,0.4215686274509804,0.3379032258064516,1.2476016659647153,0.5784115651498987,46.17193064336134,1.2476016659647153,,,,0.7711864406779662,0.8700564971751413,1.1428571428571428,0.678391959798995,1.2476016659647153,0.8067796610169491,0.8067796610169491,0.15730337078651685,1.4954545454545456,,broad75_baseload25,weekly,0.0,0,0,60,0.9,0.65,4,2
