rate_target,n,frequency,rolling_window,cooldown_days,hit_rate,base_rate,lift,auc,forward_benefit_bps,year_lift_min,year_lift_median,year_lift_positive,years,corridor_freq_min,corridor_freq_max,corridor_lift_min,cluster_share_7d,macro_year_lift,year_frequency_min,year_frequency_max,quarter_frequency_min,quarter_frequency_max,quarters,candidate,policy_type,rate,rolling,cooldown,history,strong,late,late_weekday,weekly_cap
0.15,253,1.0005649717514125,20,0,0.4624505928853755,0.3379032258064516,1.3685888667729489,0.6014363413847134,66.65783534312631,1.3685888667729489,1.3685888667729489,1,1,0.9096045197740114,1.0875706214689267,1.24822695035461,0.7862903225806451,1.3685888667729489,1.0005649717514125,1.0005649717514125,0.6134831460674157,1.638636363636364,4,target_panel_hist,rolling,0.15,20,0,0,0.0,0.0,0,0
0.15,193,0.7632768361581922,40,0,0.48704663212435234,0.3379032258064516,1.44137905449689,0.6014363413847134,66.37311307815727,1.44137905449689,1.44137905449689,1,1,0.711864406779661,0.8107344632768362,1.2639242810338553,0.7925531914893617,1.44137905449689,0.7632768361581922,0.7632768361581922,0.2275,1.7022727272727272,4,target_panel_hist,rolling,0.15,40,0,0,0.0,0.0,0,0
0.15,191,0.7553672316384181,60,0,0.5078534031413613,0.3379032258064516,1.502955178747704,0.6014363413847134,79.37792167008614,1.502955178747704,1.502955178747704,1,1,0.731638418079096,0.8107344632768362,1.4005647438483262,0.7795698924731183,1.502955178747704,0.7553672316384181,0.7553672316384181,0.1258426966292135,2.1636363636363636,4,target_panel_hist,rolling,0.15,60,0,0,0.0,0.0,0,0
0.15,175,0.692090395480226,120,0,0.5714285714285714,0.3379032258064516,1.6911012615069894,0.6014363413847134,87.70090449585854,1.6911012615069894,1.6911012615069894,1,1,0.652542372881356,0.731638418079096,1.5353535353535355,0.8647058823529412,1.6911012615069894,0.692090395480226,0.692090395480226,0.04772727272727273,2.084090909090909,4,target_panel_hist,rolling,0.15,120,0,0,0.0,0.0,0,0
0.15,122,0.4824858757062147,250,0,0.6229508196721312,0.3379032258064516,1.8435776047576198,0.6014363413847134,85.3797395644815,1.8435776047576198,1.8435776047576198,1,1,0.4548022598870057,0.5141242937853108,1.5555555555555556,0.7863247863247863,1.8435776047576198,0.4824858757062147,0.4824858757062147,0.07865168539325842,1.0977272727272729,4,target_panel_hist,rolling,0.15,250,0,0,0.0,0.0,0,0
0.15,119,0.4706214689265537,40,3,0.46218487394957986,0.3379032258064516,1.367802490924771,0.6014363413847134,63.42309925912064,1.367802490924771,1.367802490924771,1,1,0.4548022598870057,0.4943502824858757,1.1844776119402987,0.6140350877192983,1.367802490924771,0.4706214689265537,0.4706214689265537,0.2275,0.9545454545454546,4,target_panel_hist,rolling,0.15,40,3,0,0.0,0.0,0,0
0.15,116,0.45875706214689266,60,3,0.47413793103448276,0.3379032258064516,1.4031766932762737,0.6014363413847134,64.30517982345079,1.4031766932762737,1.4031766932762737,1,1,0.43502824858757067,0.4943502824858757,1.0796019900497513,0.5855855855855856,1.4031766932762737,0.45875706214689266,0.45875706214689266,0.1258426966292135,1.1454545454545455,4,target_panel_hist,rolling,0.15,60,3,0,0.0,0.0,0,0
0.15,91,0.35988700564971754,120,3,0.5164835164835165,0.3379032258064516,1.5284953709774713,0.6014363413847134,70.42262515137153,1.5284953709774713,1.5284953709774713,1,1,0.3559322033898305,0.37570621468926557,1.439469320066335,0.7209302325581395,1.5284953709774713,0.35988700564971754,0.35988700564971754,0.04772727272727273,1.0022727272727272,4,target_panel_hist,rolling,0.15,120,3,0,0.0,0.0,0,0
0.18,294,1.1627118644067798,20,0,0.45918367346938777,0.3379032258064516,1.3589206565681167,0.6014363413847134,61.69103461429498,1.3589206565681167,1.3589206565681167,1,1,1.1271186440677967,1.225988700564972,1.2763767370046322,0.8062283737024222,1.3589206565681167,1.1627118644067798,1.1627118644067798,0.7707865168539327,1.8772727272727274,4,target_panel_hist,rolling,0.18,20,0,0,0.0,0.0,0,0
0.18,230,0.9096045197740114,40,0,0.46956521739130436,0.3379032258064516,1.3896440801079175,0.6014363413847134,64.2409122919631,1.3896440801079175,1.3896440801079175,1,1,0.8502824858757062,0.9293785310734464,1.1813274055255638,0.8222222222222222,1.3896440801079175,0.9096045197740114,0.9096045197740114,0.2625,2.0363636363636366,4,target_panel_hist,rolling,0.18,40,0,0,0.0,0.0,0,0
0.18,219,0.8661016949152542,60,0,0.5251141552511416,0.3379032258064516,1.5540371181656696,0.6014363413847134,77.38833744998809,1.5540371181656696,1.5540371181656696,1,1,0.8502824858757062,0.8898305084745763,1.4633807705657758,0.8130841121495327,1.5540371181656696,0.8661016949152542,0.8661016949152542,0.18876404494382024,2.45,4,target_panel_hist,rolling,0.18,60,0,0,0.0,0.0,0,0
0.18,198,0.7830508474576272,120,0,0.5555555555555556,0.3379032258064516,1.6441262264651288,0.6014363413847134,83.4823330421835,1.6441262264651288,1.6441262264651288,1,1,0.731638418079096,0.8502824858757062,1.568674698795181,0.8652849740932642,1.6441262264651288,0.7830508474576272,0.7830508474576272,0.07954545454545454,2.259090909090909,4,target_panel_hist,rolling,0.18,120,0,0,0.0,0.0,0,0
0.18,156,0.6169491525423729,250,0,0.5769230769230769,0.3379032258064516,1.707361850559941,0.6014363413847134,74.95140100695816,1.707361850559941,1.707361850559941,1,1,0.5932203389830508,0.632768361581921,1.5,0.7947019867549668,1.707361850559941,0.6169491525423729,0.6169491525423729,0.1258426966292135,1.240909090909091,4,target_panel_hist,rolling,0.18,250,0,0,0.0,0.0,0,0
0.18,140,0.5536723163841808,40,3,0.45714285714285713,0.3379032258064516,1.3528810092055916,0.6014363413847134,59.63195197917534,1.3528810092055916,1.3528810092055916,1,1,0.5141242937853108,0.5932203389830508,1.0575692963752665,0.6518518518518519,1.3528810092055916,0.5536723163841808,0.5536723163841808,0.2625,1.1136363636363638,4,target_panel_hist,rolling,0.18,40,3,0,0.0,0.0,0,0
0.18,129,0.5101694915254238,60,3,0.4883720930232558,0.3379032258064516,1.4453016595437642,0.6014363413847134,60.3630341709385,1.4453016595437642,1.4453016595437642,1,1,0.4943502824858757,0.5141242937853108,1.1389207807118256,0.6209677419354839,1.4453016595437642,0.5101694915254238,0.5101694915254238,0.15730337078651685,1.2727272727272727,4,target_panel_hist,rolling,0.18,60,3,0,0.0,0.0,0,0
0.18,105,0.4152542372881356,120,3,0.47619047619047616,0.3379032258064516,1.4092510512558245,0.6014363413847134,57.148880222547554,1.4092510512558245,1.4092510512558245,1,1,0.37570621468926557,0.4548022598870057,1.2874756651524983,0.73,1.4092510512558245,0.4152542372881356,0.4152542372881356,0.07954545454545454,1.0818181818181818,4,target_panel_hist,rolling,0.18,120,3,0,0.0,0.0,0,0
0.2,316,1.249717514124294,20,0,0.4525316455696203,0.3379032258064516,1.3392344642155827,0.6014363413847134,60.13824359457009,1.3392344642155827,1.3392344642155827,1,1,1.1864406779661016,1.2853107344632768,1.2742843161242967,0.8295819935691319,1.3392344642155827,1.249717514124294,1.249717514124294,0.7707865168539327,2.0363636363636366,4,target_panel_hist,rolling,0.2,20,0,0,0.0,0.0,0,0
0.2,244,0.9649717514124294,40,0,0.47540983606557374,0.3379032258064516,1.4069408036308149,0.6014363413847134,64.7312079230924,1.4069408036308149,1.4069408036308149,1,1,0.8898305084745763,1.0084745762711864,1.2338308457711442,0.8326359832635983,1.4069408036308149,0.9649717514124294,0.9649717514124294,0.3775280898876405,2.084090909090909,4,target_panel_hist,rolling,0.2,40,0,0,0.0,0.0,0,0
0.2,240,0.9491525423728814,60,0,0.5,0.3379032258064516,1.4797136038186158,0.6014363413847134,68.94964619701643,1.4797136038186158,1.4797136038186158,1,1,0.9096045197740114,0.9689265536723164,1.3679428942245295,0.8382978723404255,1.4797136038186158,0.9491525423728814,0.9491525423728814,0.21,2.609090909090909,4,target_panel_hist,rolling,0.2,60,0,0,0.0,0.0,0,0
0.2,214,0.8463276836158192,120,0,0.5467289719626168,0.3379032258064516,1.6180045948297015,0.6014363413847134,78.00993217450123,1.6180045948297015,1.6180045948297015,1,1,0.7909604519774012,0.8898305084745763,1.493975903614458,0.8708133971291866,1.6180045948297015,0.8463276836158192,0.8463276836158192,0.09545454545454546,2.4022727272727273,4,target_panel_hist,rolling,0.2,120,0,0,0.0,0.0,0,0
0.2,192,0.7593220338983051,250,0,0.5520833333333334,0.3379032258064516,1.6338504375497218,0.6014363413847134,69.21852993122074,1.6338504375497218,1.6338504375497218,1,1,0.731638418079096,0.7909604519774012,1.5135135135135134,0.8502673796791443,1.6338504375497218,0.7593220338983051,0.7593220338983051,0.1431818181818182,1.4349999999999998,4,target_panel_hist,rolling,0.2,250,0,0,0.0,0.0,0,0
0.2,150,0.5932203389830508,40,3,0.47333333333333333,0.3379032258064516,1.4007955449482896,0.6014363413847134,61.07268481049682,1.4007955449482896,1.4007955449482896,1,1,0.5338983050847458,0.632768361581921,1.148739063304169,0.6689655172413793,1.4007955449482896,0.5932203389830508,0.5932203389830508,0.298876404494382,1.1295454545454544,4,target_panel_hist,rolling,0.2,40,3,0,0.0,0.0,0,0
0.2,139,0.5497175141242938,60,3,0.45323741007194246,0.3379032258064516,1.3413231228859395,0.6014363413847134,52.423658084321914,1.3413231228859395,1.3413231228859395,1,1,0.5141242937853108,0.612994350282486,1.1389207807118256,0.6791044776119403,1.3413231228859395,0.5497175141242938,0.5497175141242938,0.17303370786516856,1.3522727272727273,4,target_panel_hist,rolling,0.2,60,3,0,0.0,0.0,0,0
0.2,111,0.43898305084745765,120,3,0.4954954954954955,0.3379032258064516,1.4663828506310608,0.6014363413847134,56.98203834156754,1.4663828506310608,1.4663828506310608,1,1,0.3954802259887006,0.4745762711864407,1.3581599123767798,0.7264150943396226,1.4663828506310608,0.43898305084745765,0.43898305084745765,0.09545454545454546,1.1295454545454544,4,target_panel_hist,rolling,0.2,120,3,0,0.0,0.0,0,0
0.22,341,1.348587570621469,20,0,0.45454545454545453,0.3379032258064516,1.3451941852896507,0.6014363413847134,57.71268092638378,1.3451941852896507,1.3451941852896507,1,1,1.2853107344632768,1.384180790960452,1.2883116883116883,0.8452380952380952,1.3451941852896507,1.348587570621469,1.348587570621469,0.8494382022471911,2.115909090909091,4,target_panel_hist,rolling,0.22,20,0,0,0.0,0.0,0,0
0.22,269,1.0638418079096046,40,0,0.4758364312267658,0.3379032258064516,1.4082032809574931,0.6014363413847134,62.92151065611914,1.4082032809574931,1.4082032809574931,1,1,0.9887005649717514,1.1468926553672316,1.2812858783008036,0.8484848484848485,1.4082032809574931,1.0638418079096046,1.0638418079096046,0.40898876404494383,2.2272727272727275,4,target_panel_hist,rolling,0.22,40,0,0,0.0,0.0,0,0
0.22,260,1.0282485875706215,60,0,0.49230769230769234,0.3379032258064516,1.4569487791444833,0.6014363413847134,64.53904341997055,1.4569487791444833,1.4569487791444833,1,1,0.9491525423728814,1.0875706214689267,1.2812858783008036,0.8666666666666667,1.4569487791444833,1.0282485875706215,1.0282485875706215,0.26741573033707866,2.7363636363636363,4,target_panel_hist,rolling,0.22,60,0,0,0.0,0.0,0,0
0.22,228,0.9016949152542374,120,0,0.543859649122807,0.3379032258064516,1.6095130427500735,0.6014363413847134,73.51887251205063,1.6095130427500735,1.6095130427500735,1,1,0.8502824858757062,0.9293785310734464,1.550387596899225,0.874439461883408,1.6095130427500735,0.9016949152542374,0.9016949152542374,0.09545454545454546,2.4977272727272726,4,target_panel_hist,rolling,0.22,120,0,0,0.0,0.0,0,0
0.22,230,0.9096045197740114,250,0,0.5391304347826087,0.3379032258064516,1.5955172771609423,0.6014363413847134,72.86577577663536,1.5955172771609423,1.5955172771609423,1,1,0.8898305084745763,0.9491525423728814,1.4492753623188406,0.8755555555555555,1.5955172771609423,0.9096045197740114,0.9096045197740114,0.17500000000000002,1.7325,4,target_panel_hist,rolling,0.22,250,0,0,0.0,0.0,0,0
0.22,160,0.632768361581921,40,3,0.4625,0.3379032258064516,1.3687350835322196,0.6014363413847134,58.74197074580072,1.3687350835322196,1.3687350835322196,1,1,0.5734463276836158,0.692090395480226,1.074626865671642,0.6967741935483871,1.3687350835322196,0.632768361581921,0.632768361581921,0.3146067415730337,1.209090909090909,4,target_panel_hist,rolling,0.22,40,3,0,0.0,0.0,0,0
0.22,149,0.5892655367231638,60,3,0.4563758389261745,0.3379032258064516,1.3506110746263875,0.6014363413847134,48.83388608155725,1.3506110746263875,1.3506110746263875,1,1,0.5141242937853108,0.632768361581921,1.0211013896037056,0.7013888888888888,1.3506110746263875,0.5892655367231638,0.5892655367231638,0.18876404494382024,1.384090909090909,4,target_panel_hist,rolling,0.22,60,3,0,0.0,0.0,0,0
0.22,121,0.47853107344632767,120,3,0.47107438016528924,0.3379032258064516,1.3941103374820016,0.6014363413847134,50.57985168443828,1.3941103374820016,1.3941103374820016,1,1,0.43502824858757067,0.5141242937853108,1.3325373134328358,0.7327586206896551,1.3941103374820016,0.47853107344632767,0.47853107344632767,0.09545454545454546,1.1931818181818181,4,target_panel_hist,rolling,0.22,120,3,0,0.0,0.0,0,0
0.25,371,1.4672316384180792,20,0,0.4582210242587601,0.3379032258064516,1.3560717663027746,0.6014363413847134,57.676245884524235,1.3560717663027746,1.3560717663027746,1,1,1.423728813559322,1.5621468926553672,1.3333333333333333,0.860655737704918,1.3560717663027746,1.4672316384180792,1.4672316384180792,0.9595505617977528,2.2750000000000004,4,target_panel_hist,rolling,0.25,20,0,0,0.0,0.0,0,0
0.25,298,1.1785310734463277,40,0,0.46308724832214765,0.3379032258064516,1.3704730021944227,0.6014363413847134,61.62341899363158,1.3704730021944227,1.3704730021944227,1,1,1.1271186440677967,1.2457627118644068,1.2763767370046322,0.8703071672354948,1.3704730021944227,1.1785310734463277,1.1785310734463277,0.503370786516854,2.45,4,target_panel_hist,rolling,0.25,40,0,0,0.0,0.0,0,0
0.25,281,1.1112994350282488,60,0,0.49466192170818507,0.3379032258064516,1.4639159496853211,0.6014363413847134,61.280755388337774,1.4639159496853211,1.4639159496853211,1,1,1.0875706214689267,1.1468926553672316,1.3880597014925373,0.8731884057971014,1.4639159496853211,1.1112994350282488,1.1112994350282488,0.298876404494382,2.9431818181818183,4,target_panel_hist,rolling,0.25,60,0,0,0.0,0.0,0,0
0.25,251,0.9926553672316385,120,0,0.549800796812749,0.3379032258064516,1.6270954368682786,0.6014363413847134,69.53469098855577,1.6270954368682786,1.6270954368682786,1,1,0.9096045197740114,1.0480225988700564,1.493975903614458,0.8821138211382114,1.6270954368682786,0.9926553672316385,0.9926553672316385,0.09545454545454546,2.577272727272727,4,target_panel_hist,rolling,0.25,120,0,0,0.0,0.0,0,0
0.25,271,1.0717514124293785,250,0,0.5535055350553506,0.3379032258064516,1.638059340020608,0.6014363413847134,75.1977164241195,1.638059340020608,1.638059340020608,1,1,1.0480225988700564,1.1073446327683616,1.5802469135802468,0.8759398496240601,1.638059340020608,1.0717514124293785,1.0717514124293785,0.19090909090909092,2.03,4,target_panel_hist,rolling,0.25,250,0,0,0.0,0.0,0,0
0.25,168,0.664406779661017,40,3,0.43452380952380953,0.3379032258064516,1.2859415842709399,0.6014363413847134,55.56971663871896,1.2859415842709399,1.2859415842709399,1,1,0.612994350282486,0.7514124293785311,1.1567164179104479,0.7055214723926381,1.2859415842709399,0.664406779661017,0.664406779661017,0.3775280898876405,1.225,4,target_panel_hist,rolling,0.25,40,3,0,0.0,0.0,0,0
0.25,159,0.628813559322034,60,3,0.46540880503144655,0.3379032258064516,1.3773434802839946,0.6014363413847134,46.89545772724353,1.3773434802839946,1.3773434802839946,1,1,0.5932203389830508,0.672316384180791,1.074626865671642,0.7207792207792207,1.3773434802839946,0.628813559322034,0.628813559322034,0.18876404494382024,1.5431818181818182,4,target_panel_hist,rolling,0.25,60,3,0,0.0,0.0,0,0
0.25,135,0.5338983050847458,120,3,0.4888888888888889,0.3379032258064516,1.446831079289313,0.6014363413847134,49.5949129740074,1.446831079289313,1.446831079289313,1,1,0.4943502824858757,0.5734463276836158,1.3325373134328358,0.7692307692307693,1.446831079289313,0.5338983050847458,0.5338983050847458,0.09545454545454546,1.225,4,target_panel_hist,rolling,0.25,120,3,0,0.0,0.0,0,0
0.3,413,1.6333333333333333,20,0,0.4406779661016949,0.3379032258064516,1.3041543626875935,0.6014363413847134,56.494729608874515,1.3041543626875935,1.3041543626875935,1,1,1.5621468926553672,1.7005649717514124,1.251028806584362,0.8725490196078431,1.3041543626875935,1.6333333333333333,1.6333333333333333,1.101123595505618,2.4977272727272726,4,target_panel_hist,rolling,0.3,20,0,0,0.0,0.0,0,0
0.3,342,1.3525423728813561,40,0,0.4415204678362573,0.3379032258064516,1.306647685243339,0.6014363413847134,52.39042924030126,1.306647685243339,1.306647685243339,1,1,1.344632768361582,1.384180790960452,1.1975417032484637,0.8961424332344213,1.306647685243339,1.3525423728813561,1.3525423728813561,0.5662921348314607,2.784090909090909,4,target_panel_hist,rolling,0.3,40,0,0,0.0,0.0,0,0
0.3,321,1.269491525423729,60,0,0.4797507788161994,0.3379032258064516,1.419787507713812,0.6014363413847134,55.748532536610924,1.419787507713812,1.419787507713812,1,1,1.225988700564972,1.305084745762712,1.2537313432835822,0.8987341772151899,1.419787507713812,1.269491525423729,1.269491525423729,0.45617977528089887,3.1500000000000004,4,target_panel_hist,rolling,0.3,60,0,0,0.0,0.0,0,0
0.3,301,1.1903954802259888,120,0,0.5116279069767442,0.3379032258064516,1.5141255480934674,0.6014363413847134,60.52651749139341,1.5141255480934674,1.5141255480934674,1,1,1.1271186440677967,1.265536723163842,1.4457831325301207,0.8918918918918919,1.5141255480934674,1.1903954802259888,1.1903954802259888,0.1431818181818182,2.7045454545454546,4,target_panel_hist,rolling,0.3,120,0,0,0.0,0.0,0,0
0.3,334,1.3209039548022599,250,0,0.5209580838323353,0.3379032258064516,1.541737527331971,0.6014363413847134,67.9297058965914,1.541737527331971,1.541737527331971,1,1,1.305084745762712,1.364406779661017,1.4949494949494948,0.878419452887538,1.541737527331971,1.3209039548022599,1.3209039548022599,0.2863636363636364,2.5549999999999997,4,target_panel_hist,rolling,0.3,250,0,0,0.0,0.0,0,0
0.3,189,0.747457627118644,40,3,0.4074074074074074,0.3379032258064516,1.2056925660744275,0.6014363413847134,44.60818443664404,1.2056925660744275,1.2056925660744275,1,1,0.692090395480226,0.8107344632768362,0.974076983503535,0.75,1.2056925660744275,0.747457627118644,0.747457627118644,0.4375,1.4318181818181819,4,target_panel_hist,rolling,0.3,40,3,0,0.0,0.0,0,0
0.3,175,0.692090395480226,60,3,0.45714285714285713,0.3379032258064516,1.3528810092055916,0.6014363413847134,43.804577606101155,1.3528810092055916,1.3528810092055916,1,1,0.672316384180791,0.711864406779661,0.8709394205443372,0.7529411764705882,1.3528810092055916,0.692090395480226,0.692090395480226,0.2359550561797753,1.6227272727272726,4,target_panel_hist,rolling,0.3,60,3,0,0.0,0.0,0,0
0.3,159,0.628813559322034,120,3,0.4339622641509434,0.3379032258064516,1.2842797316161572,0.6014363413847134,41.40768681276934,1.2842797316161572,1.2842797316161572,1,1,0.5932203389830508,0.672316384180791,1.1555555555555557,0.7922077922077922,1.2842797316161572,0.628813559322034,0.628813559322034,0.1431818181818182,1.2727272727272727,4,target_panel_hist,rolling,0.3,120,3,0,0.0,0.0,0,0
0.35,457,1.8073446327683618,20,0,0.43982494529540483,0.3379032258064516,1.301629909704778,0.6014363413847134,52.43822236917347,1.301629909704778,1.301629909704778,1,1,1.7598870056497176,1.8587570621468927,1.2078954114329659,0.9026548672566371,1.301629909704778,1.8073446327683618,1.8073446327683618,1.3213483146067417,2.6568181818181817,4,target_panel_hist,rolling,0.35,20,0,0,0.0,0.0,0,0
0.35,393,1.5542372881355933,40,0,0.4402035623409669,0.3379032258064516,1.3027503992906897,0.6014363413847134,48.150464261798696,1.3027503992906897,1.3027503992906897,1,1,1.463276836158192,1.6016949152542375,1.251028806584362,0.9123711340206185,1.3027503992906897,1.5542372881355933,1.5542372881355933,0.8337078651685393,3.038636363636364,4,target_panel_hist,rolling,0.35,40,0,0,0.0,0.0,0,0
0.35,346,1.368361581920904,60,0,0.4653179190751445,0.3379032258064516,1.3770745099121222,0.6014363413847134,50.46175347676081,1.3770745099121222,1.3770745099121222,1,1,1.344632768361582,1.4039548022598871,1.3064091308165058,0.906158357771261,1.3770745099121222,1.368361581920904,1.368361581920904,0.4876404494382023,3.3886363636363637,4,target_panel_hist,rolling,0.35,60,0,0,0.0,0.0,0,0
0.35,354,1.4,120,0,0.4830508474576271,0.3379032258064516,1.4295538206383238,0.6014363413847134,50.84608537235894,1.4295538206383238,1.4295538206383238,1,1,1.364406779661017,1.4435028248587571,1.3515981735159819,0.8882521489971347,1.4295538206383238,1.4,1.4,0.17500000000000002,2.8636363636363638,4,target_panel_hist,rolling,0.35,120,0,0,0.0,0.0,0,0
0.35,415,1.6412429378531075,250,0,0.4650602409638554,0.3379032258064516,1.3763119302987608,0.6014363413847134,51.87168016519316,1.3763119302987608,1.3763119302987608,1,1,1.5819209039548023,1.7203389830508475,1.3333333333333333,0.9097560975609756,1.3763119302987608,1.6412429378531075,1.6412429378531075,0.45617977528089887,3.2375,4,target_panel_hist,rolling,0.35,250,0,0,0.0,0.0,0,0
0.35,213,0.8423728813559322,40,3,0.41784037558685444,0.3379032258064516,1.2365681759610967,0.6014363413847134,42.08987103919995,1.2365681759610967,1.2365681759610967,1,1,0.8305084745762712,0.8700564971751413,1.1190558833738284,0.7836538461538461,1.2365681759610967,0.8423728813559322,0.8423728813559322,0.5075,1.5750000000000002,4,target_panel_hist,rolling,0.35,40,3,0,0.0,0.0,0,0
0.35,184,0.727683615819209,60,3,0.44565217391304346,0.3379032258064516,1.3188751686209401,0.6014363413847134,43.29893370485348,1.3188751686209401,1.3188751686209401,1,1,0.711864406779661,0.7514124293785311,1.0714846818538886,0.7877094972067039,1.3188751686209401,0.727683615819209,0.727683615819209,0.251685393258427,1.6704545454545454,4,target_panel_hist,rolling,0.35,60,3,0,0.0,0.0,0,0
0.35,177,0.7,120,3,0.3615819209039548,0.3379032258064516,1.0700753745128972,0.6014363413847134,25.91804629982654,1.0700753745128972,1.0700753745128972,1,1,0.672316384180791,0.731638418079096,0.9946524064171123,0.7732558139534884,1.0700753745128972,0.7,0.7,0.17500000000000002,1.3522727272727273,4,target_panel_hist,rolling,0.35,120,3,0,0.0,0.0,0,0
0.15,246,0.9728813559322035,20,0,0.43089430894308944,0.3379032258064516,1.2752003415022217,0.5477806621530876,46.31743680475587,1.2752003415022217,1.2752003415022217,1,1,0.9491525423728814,0.9887005649717514,1.1844776119402987,0.8091286307053942,1.2752003415022217,0.9728813559322035,0.9728813559322035,0.5774999999999999,1.590909090909091,4,target_panel_extra,rolling,0.15,20,0,0,0.0,0.0,0,0
0.15,198,0.7830508474576272,40,0,0.42424242424242425,0.3379032258064516,1.2555145729370074,0.5477806621530876,50.55743878295575,1.2555145729370074,1.2555145729370074,1,1,0.7514124293785311,0.8107344632768362,1.170731707317073,0.7512953367875648,1.2555145729370074,0.7830508474576272,0.7830508474576272,0.0875,1.638636363636364,4,target_panel_extra,rolling,0.15,40,0,0,0.0,0.0,0,0
0.15,163,0.644632768361582,60,0,0.4601226993865031,0.3379032258064516,1.361699635415904,0.5477806621530876,46.679590579538214,1.361699635415904,1.361699635415904,1,1,0.632768361581921,0.672316384180791,1.1975417032484637,0.879746835443038,1.361699635415904,0.644632768361582,0.644632768361582,0.0,1.3681818181818182,4,target_panel_extra,rolling,0.15,60,0,0,0.0,0.0,0,0
0.15,121,0.47853107344632767,120,0,0.5785123966942148,0.3379032258064516,1.7120653267322827,0.5477806621530876,79.76319862582454,1.7120653267322827,1.7120653267322827,1,1,0.4548022598870057,0.4943502824858757,1.5999999999999999,0.8017241379310345,1.7120653267322827,0.47853107344632767,0.47853107344632767,0.0,1.3522727272727273,4,target_panel_extra,rolling,0.15,120,0,0,0.0,0.0,0,0
0.15,84,0.3322033898305085,250,0,0.5119047619047619,0.3379032258064516,1.5149448801000114,0.5477806621530876,42.292546675193776,1.5149448801000114,1.5149448801000114,1,1,0.3163841807909605,0.3559322033898305,1.4919786096256684,0.8227848101265823,1.5149448801000114,0.3322033898305085,0.3322033898305085,0.07,0.7159090909090909,4,target_panel_extra,rolling,0.15,250,0,0,0.0,0.0,0,0
0.15,115,0.4548022598870057,40,3,0.41739130434782606,0.3379032258064516,1.2352391823181488,0.5477806621530876,51.96110286748363,1.2352391823181488,1.2352391823181488,1,1,0.4548022598870057,0.4548022598870057,0.9656067488643738,0.5636363636363636,1.2352391823181488,0.4548022598870057,0.4548022598870057,0.0875,0.8590909090909091,4,target_panel_extra,rolling,0.15,40,3,0,0.0,0.0,0,0
0.15,80,0.3163841807909605,60,3,0.45,0.3379032258064516,1.3317422434367543,0.5477806621530876,47.97919957281411,1.3317422434367543,1.3317422434367543,1,1,0.3163841807909605,0.3163841807909605,0.9253731343283582,0.7466666666666667,1.3317422434367543,0.3163841807909605,0.3163841807909605,0.0,0.6363636363636364,4,target_panel_extra,rolling,0.15,60,3,0,0.0,0.0,0,0
0.15,66,0.26101694915254237,120,3,0.5,0.3379032258064516,1.4797136038186158,0.5477806621530876,68.54646442811993,1.4797136038186158,1.4797136038186158,1,1,0.23728813559322035,0.2768361581920904,1.0575692963752665,0.6229508196721312,1.4797136038186158,0.26101694915254237,0.26101694915254237,0.0,0.6363636363636364,4,target_panel_extra,rolling,0.15,120,3,0,0.0,0.0,0,0
0.18,270,1.0677966101694916,20,0,0.43703703703703706,0.3379032258064516,1.293379298152568,0.5477806621530876,47.34173969082876,1.293379298152568,1.293379298152568,1,1,1.0282485875706215,1.0875706214689267,1.2101033295063146,0.8264150943396227,1.293379298152568,1.0677966101694916,1.0677966101694916,0.6124999999999999,1.75,4,target_panel_extra,rolling,0.18,20,0,0,0.0,0.0,0,0
0.18,220,0.8700564971751413,40,0,0.42272727272727273,0.3379032258064516,1.2510305923193752,0.5477806621530876,50.89340439215363,1.2510305923193752,1.2510305923193752,1,1,0.8107344632768362,0.9491525423728814,1.1567164179104479,0.7674418604651163,1.2510305923193752,0.8700564971751413,0.8700564971751413,0.0875,1.8136363636363637,4,target_panel_extra,rolling,0.18,40,0,0,0.0,0.0,0,0
0.18,193,0.7632768361581922,60,0,0.41450777202072536,0.3379032258064516,1.2267055782952254,0.5477806621530876,43.75243887088589,1.2267055782952254,1.2267055782952254,1,1,0.7514124293785311,0.7711864406779662,1.1389207807118256,0.8670212765957447,1.2267055782952254,0.7632768361581922,0.7632768361581922,0.0,1.4000000000000001,4,target_panel_extra,rolling,0.18,60,0,0,0.0,0.0,0,0
0.18,137,0.5418079096045197,120,0,0.5401459854014599,0.3379032258064516,1.5985227252931031,0.5477806621530876,80.13832655414822,1.5985227252931031,1.5985227252931031,1,1,0.5338983050847458,0.5536723163841808,1.3872633390705682,0.7727272727272727,1.5985227252931031,0.5418079096045197,0.5418079096045197,0.035,1.3681818181818182,4,target_panel_extra,rolling,0.18,120,0,0,0.0,0.0,0,0
0.18,128,0.5062146892655368,250,0,0.5,0.3379032258064516,1.4797136038186158,0.5477806621530876,58.29945881794038,1.4797136038186158,1.4797136038186158,1,1,0.43502824858757067,0.5338983050847458,1.3333333333333333,0.6991869918699187,1.4797136038186158,0.5062146892655368,0.5062146892655368,0.24499999999999997,1.05,4,target_panel_extra,rolling,0.18,250,0,0,0.0,0.0,0,0
0.18,122,0.4824858757062147,40,3,0.4016393442622951,0.3379032258064516,1.1886224030674126,0.5477806621530876,48.29565986577319,1.1886224030674126,1.1886224030674126,1,1,0.4548022598870057,0.5141242937853108,1.0666666666666667,0.5726495726495726,1.1886224030674126,0.4824858757062147,0.4824858757062147,0.0875,0.8909090909090909,4,target_panel_extra,rolling,0.18,40,3,0,0.0,0.0,0,0
0.18,90,0.3559322033898305,60,3,0.4,0.3379032258064516,1.1837708830548928,0.5477806621530876,53.300012312109104,1.1837708830548928,1.1837708830548928,1,1,0.3559322033898305,0.3559322033898305,1.0281923714759538,0.7058823529411765,1.1837708830548928,0.3559322033898305,0.3559322033898305,0.0,0.6522727272727272,4,target_panel_extra,rolling,0.18,60,3,0,0.0,0.0,0,0
0.18,80,0.3163841807909605,120,3,0.4625,0.3379032258064516,1.3687350835322196,0.5477806621530876,75.1994214176365,1.3687350835322196,1.3687350835322196,1,1,0.3163841807909605,0.3163841807909605,1.1666666666666667,0.6,1.3687350835322196,0.3163841807909605,0.3163841807909605,0.035,0.6522727272727272,4,target_panel_extra,rolling,0.18,120,3,0,0.0,0.0,0,0
0.2,284,1.1231638418079095,20,0,0.44014084507042256,0.3379032258064516,1.3025647920938521,0.5477806621530876,47.388899639455396,1.3025647920938521,1.3025647920938521,1,1,1.0875706214689267,1.1468926553672316,1.189765458422175,0.8315412186379928,1.3025647920938521,1.1231638418079095,1.1231638418079095,0.6606741573033709,1.8613636363636363,4,target_panel_extra,rolling,0.2,20,0,0,0.0,0.0,0,0
0.2,247,0.9768361581920904,40,0,0.3967611336032389,0.3379032258064516,1.1741856937184159,0.5477806621530876,44.63421526816785,1.1741856937184159,1.1741856937184159,1,1,0.9491525423728814,1.0480225988700564,1.1111111111111112,0.7975206611570248,1.1741856937184159,0.9768361581920904,0.9768361581920904,0.0875,1.9090909090909092,4,target_panel_extra,rolling,0.2,40,0,0,0.0,0.0,0,0
0.2,208,0.8225988700564972,60,0,0.39903846153846156,0.3379032258064516,1.1809252799706262,0.5477806621530876,41.2895225795899,1.1809252799706262,1.1809252799706262,1,1,0.8107344632768362,0.8305084745762712,1.08336366945759,0.8374384236453202,1.1809252799706262,0.8225988700564972,0.8225988700564972,0.0525,1.5113636363636365,4,target_panel_extra,rolling,0.2,60,0,0,0.0,0.0,0,0
0.2,159,0.628813559322034,120,0,0.5345911949685535,0.3379032258064516,1.582083727353237,0.5477806621530876,77.07599025992933,1.582083727353237,1.582083727353237,1,1,0.612994350282486,0.652542372881356,1.448703906535232,0.7337662337662337,1.582083727353237,0.628813559322034,0.628813559322034,0.24499999999999997,1.4318181818181819,4,target_panel_extra,rolling,0.2,120,0,0,0.0,0.0,0,0
0.2,153,0.6050847457627119,250,0,0.5032679738562091,0.3379032258064516,1.4893849345625283,0.5477806621530876,55.718563449839316,1.4893849345625283,1.4893849345625283,1,1,0.5734463276836158,0.632768361581921,1.148739063304169,0.7432432432432432,1.4893849345625283,0.6050847457627119,0.6050847457627119,0.3775280898876405,1.1613636363636364,4,target_panel_extra,rolling,0.2,250,0,0,0.0,0.0,0,0
0.2,137,0.5418079096045197,40,3,0.36496350364963503,0.3379032258064516,1.08008292249534,0.5477806621530876,43.18281212975709,1.08008292249534,1.08008292249534,1,1,0.5141242937853108,0.5734463276836158,0.9876543209876543,0.6287878787878788,1.08008292249534,0.5418079096045197,0.5418079096045197,0.0875,0.9227272727272727,4,target_panel_extra,rolling,0.2,40,3,0,0.0,0.0,0,0
0.2,98,0.3875706214689266,60,3,0.3673469387755102,0.3379032258064516,1.0871365252544933,0.5477806621530876,47.272027343318065,1.0871365252544933,1.0871365252544933,1,1,0.37570621468926557,0.3954802259887006,0.974076983503535,0.6451612903225806,1.0871365252544933,0.3875706214689266,0.3875706214689266,0.0525,0.7159090909090909,4,target_panel_extra,rolling,0.2,60,3,0,0.0,0.0,0,0
0.2,91,0.35988700564971754,120,3,0.4945054945054945,0.3379032258064516,1.4634530147656641,0.5477806621530876,78.50452346975936,1.4634530147656641,1.4634530147656641,1,1,0.3559322033898305,0.37570621468926557,1.3333333333333333,0.5232558139534884,1.4634530147656641,0.35988700564971754,0.35988700564971754,0.1575,0.6681818181818182,4,target_panel_extra,rolling,0.2,120,3,0,0.0,0.0,0,0
0.22,294,1.1627118644067798,20,0,0.42857142857142855,0.3379032258064516,1.268325946130242,0.5477806621530876,48.02148139820096,1.268325946130242,1.268325946130242,1,1,1.1468926553672316,1.1864406779661016,1.2125579001544005,0.8304498269896193,1.268325946130242,1.1627118644067798,1.1627118644067798,0.6825,1.925,4,target_panel_extra,rolling,0.22,20,0,0,0.0,0.0,0,0
0.22,278,1.0994350282485876,40,0,0.3669064748201439,0.3379032258064516,1.0858330042409987,0.5477806621530876,40.73274740236725,1.0858330042409987,1.0858330042409987,1,1,1.0677966101694916,1.1271186440677967,1.0137693631669535,0.8424908424908425,1.0858330042409987,1.0994350282485876,1.0994350282485876,0.0875,1.9727272727272729,4,target_panel_extra,rolling,0.22,40,0,0,0.0,0.0,0,0
0.22,213,0.8423728813559322,60,0,0.39906103286384975,0.3379032258064516,1.1809920781650924,0.5477806621530876,41.63237959737736,1.1809920781650924,1.1809920781650924,1,1,0.8305084745762712,0.8700564971751413,1.0094979647218454,0.8269230769230769,1.1809920781650924,0.8423728813559322,0.8423728813559322,0.07,1.5590909090909093,4,target_panel_extra,rolling,0.22,60,0,0,0.0,0.0,0,0
0.22,172,0.6802259887005649,120,0,0.5465116279069767,0.3379032258064516,1.6173613809180218,0.5477806621530876,83.18715801586217,1.6173613809180218,1.6173613809180218,1,1,0.672316384180791,0.692090395480226,1.4901960784313726,0.7005988023952096,1.6173613809180218,0.6802259887005649,0.6802259887005649,0.3181818181818182,1.5431818181818182,4,target_panel_extra,rolling,0.22,120,0,0,0.0,0.0,0,0
0.22,177,0.7,250,0,0.480225988700565,0.3379032258064516,1.4211938567749418,0.5477806621530876,60.74718018107759,1.4211938567749418,1.4211938567749418,1,1,0.672316384180791,0.711864406779661,1.2952380952380953,0.7790697674418605,1.4211938567749418,0.7,0.7,0.5191011235955056,1.2568181818181818,4,target_panel_extra,rolling,0.22,250,0,0,0.0,0.0,0,0
0.22,146,0.5774011299435028,40,3,0.3424657534246575,0.3379032258064516,1.0135024683689149,0.5477806621530876,41.94407387425346,1.0135024683689149,1.0135024683689149,1,1,0.5734463276836158,0.5932203389830508,0.9717868338557993,0.6737588652482269,1.0135024683689149,0.5774011299435028,0.5774011299435028,0.0875,0.9386363636363637,4,target_panel_extra,rolling,0.22,40,3,0,0.0,0.0,0,0
0.22,102,0.40338983050847455,60,3,0.37254901960784315,0.3379032258064516,1.1025317048060275,0.5477806621530876,48.73881052180355,1.1025317048060275,1.1025317048060275,1,1,0.3954802259887006,0.4152542372881356,0.8813077469793887,0.6288659793814433,1.1025317048060275,0.40338983050847455,0.40338983050847455,0.07,0.7477272727272728,4,target_panel_extra,rolling,0.22,60,3,0,0.0,0.0,0,0
0.22,100,0.3954802259887006,120,3,0.5,0.3379032258064516,1.4797136038186158,0.5477806621530876,81.7670762344759,1.4797136038186158,1.4797136038186158,1,1,0.3954802259887006,0.3954802259887006,1.3333333333333333,0.47368421052631576,1.4797136038186158,0.3954802259887006,0.3954802259887006,0.23863636363636365,0.7159090909090909,4,target_panel_extra,rolling,0.22,120,3,0,0.0,0.0,0,0
0.25,312,1.2338983050847459,20,0,0.4198717948717949,0.3379032258064516,1.2425800134630685,0.5477806621530876,46.696302729093624,1.2425800134630685,1.2425800134630685,1,1,1.2062146892655368,1.265536723163842,1.1940298507462688,0.8241042345276873,1.2425800134630685,1.2338983050847459,1.2338983050847459,0.7,1.956818181818182,4,target_panel_extra,rolling,0.25,20,0,0,0.0,0.0,0,0
0.25,300,1.1864406779661016,40,0,0.3566666666666667,0.3379032258064516,1.0555290373906128,0.5477806621530876,39.32359131070427,1.0555290373906128,1.0555290373906128,1,1,1.1666666666666667,1.2062146892655368,0.9796563302389887,0.8677966101694915,1.0555290373906128,1.1864406779661016,1.1864406779661016,0.0875,2.084090909090909,4,target_panel_extra,rolling,0.25,40,0,0,0.0,0.0,0,0
0.25,231,0.9135593220338984,60,0,0.4069264069264069,0.3379032258064516,1.2042690801640683,0.5477806621530876,51.53210252299242,1.2042690801640683,1.2042690801640683,1,1,0.9096045197740114,0.9293785310734464,0.9450619244204509,0.8008849557522124,1.2042690801640683,0.9135593220338984,0.9135593220338984,0.0875,1.6068181818181817,4,target_panel_extra,rolling,0.25,60,0,0,0.0,0.0,0,0
0.25,195,0.7711864406779662,120,0,0.5128205128205128,0.3379032258064516,1.5176549782755033,0.5477806621530876,78.73815001148705,1.5176549782755033,1.5176549782755033,1,1,0.7514124293785311,0.7909604519774012,1.419277108433735,0.7368421052631579,1.5176549782755033,0.7711864406779662,0.7711864406779662,0.3659090909090909,1.7022727272727272,4,target_panel_extra,rolling,0.25,120,0,0,0.0,0.0,0,0
0.25,211,0.8344632768361583,250,0,0.46445497630331756,0.3379032258064516,1.3745206935945438,0.5477806621530876,62.46458285233933,1.3745206935945438,1.3745206935945438,1,1,0.8107344632768362,0.8502824858757062,1.2051371051718156,0.8058252427184466,1.3745206935945438,0.8344632768361583,0.8344632768361583,0.550561797752809,1.3363636363636364,4,target_panel_extra,rolling,0.25,250,0,0,0.0,0.0,0,0
0.25,149,0.5892655367231638,40,3,0.33557046979865773,0.3379032258064516,0.9930963784017556,0.5477806621530876,47.892109435956755,0.9930963784017556,0.9930963784017556,0,1,0.5734463276836158,0.5932203389830508,0.8888888888888888,0.6944444444444444,0.9930963784017556,0.5892655367231638,0.5892655367231638,0.0875,0.9545454545454546,4,target_panel_extra,rolling,0.25,40,3,0,0.0,0.0,0,0
0.25,115,0.4548022598870057,60,3,0.3739130434782609,0.3379032258064516,1.1065684341600084,0.5477806621530876,67.35679815472993,1.1065684341600084,1.1065684341600084,1,1,0.4548022598870057,0.4548022598870057,0.8046722907203115,0.5909090909090909,1.1065684341600084,0.4548022598870057,0.4548022598870057,0.0875,0.7954545454545455,4,target_panel_extra,rolling,0.25,60,3,0,0.0,0.0,0,0
0.25,113,0.44689265536723166,120,3,0.4424778761061947,0.3379032258064516,1.3094810653262088,0.5477806621530876,75.39698628096598,1.3094810653262088,1.3094810653262088,1,1,0.43502824858757067,0.4548022598870057,1.1594202898550725,0.49074074074074076,1.3094810653262088,0.44689265536723166,0.44689265536723166,0.23863636363636365,0.8431818181818181,4,target_panel_extra,rolling,0.25,120,3,0,0.0,0.0,0,0
0.3,378,1.494915254237288,20,0,0.3968253968253968,0.3379032258064516,1.1743758760465204,0.5477806621530876,41.85192131448805,1.1743758760465204,1.1743758760465204,1,1,1.463276836158192,1.5225988700564972,1.1253324988264748,0.8659517426273459,1.1743758760465204,1.494915254237288,1.494915254237288,0.8225,2.418181818181818,4,target_panel_extra,rolling,0.3,20,0,0,0.0,0.0,0,0
0.3,336,1.328813559322034,40,0,0.3482142857142857,0.3379032258064516,1.0305148312308217,0.5477806621530876,33.36930316015464,1.0305148312308217,1.0305148312308217,1,1,1.305084745762712,1.364406779661017,0.9093766369827135,0.8761329305135952,1.0305148312308217,1.328813559322034,1.328813559322034,0.175,2.2750000000000004,4,target_panel_extra,rolling,0.3,40,0,0,0.0,0.0,0,0
0.3,288,1.1389830508474577,60,0,0.375,0.3379032258064516,1.1097852028639619,0.5477806621530876,38.7747505584526,1.1097852028639619,1.1097852028639619,1,1,1.1073446327683616,1.1666666666666667,0.9914712153518124,0.8162544169611308,1.1097852028639619,1.1389830508474577,1.1389830508474577,0.0875,2.0204545454545455,4,target_panel_extra,rolling,0.3,60,0,0,0.0,0.0,0,0
0.3,261,1.0322033898305085,120,0,0.4521072796934866,0.3379032258064516,1.3379785842957599,0.5477806621530876,63.79262136417261,1.3379785842957599,1.3379785842957599,1,1,0.9887005649717514,1.0677966101694916,1.2307692307692308,0.83984375,1.3379785842957599,1.0322033898305085,1.0322033898305085,0.5090909090909091,2.084090909090909,4,target_panel_extra,rolling,0.3,120,0,0,0.0,0.0,0,0
0.3,251,0.9926553672316385,250,0,0.4541832669322709,0.3379032258064516,1.3441223174129258,0.5477806621530876,60.19138186951818,1.3441223174129258,1.3441223174129258,1,1,0.9491525423728814,1.0282485875706215,1.2338308457711442,0.8414634146341463,1.3441223174129258,0.9926553672316385,0.9926553672316385,0.5662921348314607,1.3681818181818182,4,target_panel_extra,rolling,0.3,250,0,0,0.0,0.0,0,0
0.3,170,0.672316384180791,40,3,0.3235294117647059,0.3379032258064516,0.9574617436473397,0.5477806621530876,36.24388281138629,0.9574617436473397,0.9574617436473397,0,1,0.652542372881356,0.692090395480226,0.8537005163511188,0.703030303030303,0.9574617436473397,0.672316384180791,0.672316384180791,0.175,1.0022727272727272,4,target_panel_extra,rolling,0.3,40,3,0,0.0,0.0,0,0
0.3,155,0.612994350282486,60,3,0.3419354838709677,0.3379032258064516,1.0119331742243436,0.5477806621530876,47.24507771656822,1.0119331742243436,1.0119331742243436,1,1,0.5932203389830508,0.632768361581921,0.946236559139785,0.5666666666666667,1.0119331742243436,0.612994350282486,0.612994350282486,0.0875,1.0022727272727272,4,target_panel_extra,rolling,0.3,60,3,0,0.0,0.0,0,0
0.3,134,0.5299435028248588,120,3,0.39552238805970147,0.3379032258064516,1.170519716453532,0.5477806621530876,74.42824539463496,1.170519716453532,1.170519716453532,1,1,0.5141242937853108,0.5536723163841808,1.0671256454388984,0.6124031007751938,1.170519716453532,0.5299435028248588,0.5299435028248588,0.23863636363636365,0.9068181818181819,4,target_panel_extra,rolling,0.3,120,3,0,0.0,0.0,0,0
0.35,437,1.7282485875706217,20,0,0.4096109839816934,0.3379032258064516,1.2122138905424817,0.5477806621530876,47.61485950657447,1.2122138905424817,1.2122138905424817,1,1,1.7005649717514124,1.7598870056497176,1.1117960212944802,0.8796296296296297,1.2122138905424817,1.7282485875706217,1.7282485875706217,0.8575,2.7204545454545457,4,target_panel_extra,rolling,0.35,20,0,0,0.0,0.0,0,0
0.35,367,1.4514124293785313,40,0,0.33787465940054495,0.3379032258064516,0.9999154598011355,0.5477806621530876,30.9690841598397,0.9999154598011355,0.9999154598011355,0,1,1.4039548022598871,1.5028248587570623,0.8764658634538153,0.8867403314917127,0.9999154598011355,1.4514124293785313,1.4514124293785313,0.2275,2.3386363636363634,4,target_panel_extra,rolling,0.35,40,0,0,0.0,0.0,0,0
0.35,328,1.2971751412429378,60,0,0.36585365853658536,0.3379032258064516,1.082717271086792,0.5477806621530876,33.62699162294506,1.082717271086792,1.082717271086792,1,1,1.2457627118644068,1.344632768361582,1.0271084337349399,0.8575851393188855,1.082717271086792,1.2971751412429378,1.2971751412429378,0.105,2.3863636363636362,4,target_panel_extra,rolling,0.35,60,0,0,0.0,0.0,0,0
0.35,353,1.396045197740113,120,0,0.4447592067988669,0.3379032258064516,1.3162324974477206,0.5477806621530876,53.7287326182138,1.3162324974477206,1.3162324974477206,1,1,1.305084745762712,1.463276836158192,1.2204310198540642,0.8591954022988506,1.3162324974477206,1.396045197740113,1.396045197740113,0.8337078651685393,2.418181818181818,4,target_panel_extra,rolling,0.35,120,0,0,0.0,0.0,0,0
0.35,331,1.309039548022599,250,0,0.459214501510574,0.3379032258064516,1.3590118899119614,0.5477806621530876,60.00950103806107,1.3590118899119614,1.3590118899119614,1,1,1.2457627118644068,1.364406779661017,1.2753623188405798,0.8742331288343558,1.3590118899119614,1.309039548022599,1.309039548022599,0.6292134831460674,1.8900000000000001,4,target_panel_extra,rolling,0.35,250,0,0,0.0,0.0,0,0
0.35,187,0.7395480225988701,40,3,0.3155080213903743,0.3379032258064516,0.9337230227304634,0.5477806621530876,31.529154585645582,0.9337230227304634,0.9337230227304634,0,1,0.711864406779661,0.7711864406779662,0.8427556379363609,0.7417582417582418,0.9337230227304634,0.7395480225988701,0.7395480225988701,0.175,1.0818181818181818,4,target_panel_extra,rolling,0.35,40,3,0,0.0,0.0,0,0
0.35,174,0.6881355932203389,60,3,0.3620689655172414,0.3379032258064516,1.0715167475927907,0.5477806621530876,44.62022834958042,1.0715167475927907,1.0715167475927907,1,1,0.672316384180791,0.711864406779661,0.9904761904761905,0.6094674556213018,1.0715167475927907,0.6881355932203389,0.6881355932203389,0.105,1.225,4,target_panel_extra,rolling,0.35,60,3,0,0.0,0.0,0,0
0.35,182,0.7197740112994351,120,3,0.3791208791208791,0.3379032258064516,1.1219806446536758,0.5477806621530876,56.16998632907402,1.1219806446536758,1.1219806446536758,1,1,0.652542372881356,0.7514124293785311,1.0094979647218454,0.7062146892655368,1.1219806446536758,0.7197740112994351,0.7197740112994351,0.46136363636363636,1.0977272727272729,4,target_panel_extra,rolling,0.35,120,3,0,0.0,0.0,0,0
0.15,255,1.0084745762711864,20,0,0.4117647058823529,0.3379032258064516,1.2185876737329777,0.5823011113404399,46.005160032896455,1.2185876737329777,1.2185876737329777,1,1,0.9887005649717514,1.0282485875706215,1.1717458067564375,0.8,1.2185876737329777,1.0084745762711864,1.0084745762711864,0.5348314606741573,1.638636363636364,4,target_panel_xgb,rolling,0.15,20,0,0,0.0,0.0,0,0
0.15,202,0.7988700564971751,40,0,0.3811881188118812,0.3379032258064516,1.128098490039935,0.5823011113404399,42.791847858543115,1.128098490039935,1.128098490039935,1,1,0.731638418079096,0.8502824858757062,1.0793650793650793,0.8375634517766497,1.128098490039935,0.7988700564971751,0.7988700564971751,0.33249999999999996,1.6068181818181817,4,target_panel_xgb,rolling,0.15,40,0,0,0.0,0.0,0,0
0.15,167,0.6604519774011299,60,0,0.5209580838323353,0.3379032258064516,1.541737527331971,0.5823011113404399,71.55597101589956,1.541737527331971,1.541737527331971,1,1,0.632768361581921,0.672316384180791,1.3880597014925373,0.7901234567901234,1.541737527331971,0.6604519774011299,0.6604519774011299,0.15730337078651685,1.925,4,target_panel_xgb,rolling,0.15,60,0,0,0.0,0.0,0,0
0.15,148,0.5853107344632769,120,0,0.5337837837837838,0.3379032258064516,1.579694252725279,0.5823011113404399,81.81387945449247,1.579694252725279,1.579694252725279,1,1,0.5536723163841808,0.652542372881356,1.4541577825159915,0.8671328671328671,1.579694252725279,0.5853107344632769,0.5853107344632769,0.06363636363636364,1.7659090909090909,4,target_panel_xgb,rolling,0.15,120,0,0,0.0,0.0,0,0
0.15,146,0.5774011299435028,250,0,0.4931506849315068,0.3379032258064516,1.4594435544512374,0.5823011113404399,66.89807573233186,1.4594435544512374,1.4594435544512374,1,1,0.4745762711864407,0.632768361581921,1.0796019900497513,0.851063829787234,1.4594435544512374,0.5774011299435028,0.5774011299435028,0.07865168539325842,1.225,4,target_panel_xgb,rolling,0.15,250,0,0,0.0,0.0,0,0
0.15,119,0.4706214689265537,40,3,0.36134453781512604,0.3379032258064516,1.0693728565411844,0.5823011113404399,36.01231368485294,1.0693728565411844,1.0693728565411844,1,1,0.43502824858757067,0.5141242937853108,0.8412483039348712,0.7017543859649122,1.0693728565411844,0.4706214689265537,0.4706214689265537,0.24499999999999997,0.9227272727272727,4,target_panel_xgb,rolling,0.15,40,3,0,0.0,0.0,0,0
0.15,108,0.42711864406779665,60,3,0.5185185185185185,0.3379032258064516,1.5345178113674534,0.5823011113404399,73.1525814457534,1.5345178113674534,1.5345178113674534,1,1,0.3954802259887006,0.43502824858757067,1.2955223880597015,0.6213592233009708,1.5345178113674534,0.42711864406779665,0.42711864406779665,0.15730337078651685,1.0977272727272729,4,target_panel_xgb,rolling,0.15,60,3,0,0.0,0.0,0,0
0.15,78,0.30847457627118646,120,3,0.5256410256410257,0.3379032258064516,1.555596352732391,0.5823011113404399,76.51902685439254,1.555596352732391,1.555596352732391,1,1,0.2966101694915254,0.3163841807909605,1.2338308457711442,0.7397260273972602,1.555596352732391,0.30847457627118646,0.30847457627118646,0.06363636363636364,0.7954545454545455,4,target_panel_xgb,rolling,0.15,120,3,0,0.0,0.0,0,0
0.18,272,1.0757062146892655,20,0,0.41911764705882354,0.3379032258064516,1.240348167906781,0.5823011113404399,44.86226061651148,1.240348167906781,1.240348167906781,1,1,1.0480225988700564,1.1073446327683616,1.1785123966942148,0.8239700374531835,1.240348167906781,1.0757062146892655,1.0757062146892655,0.6764044943820224,1.6704545454545454,4,target_panel_xgb,rolling,0.18,20,0,0,0.0,0.0,0,0
0.18,227,0.8977401129943503,40,0,0.3656387665198238,0.3379032258064516,1.0820813138056837,0.5823011113404399,42.10641459692603,1.0820813138056837,1.0820813138056837,1,1,0.8502824858757062,0.9689265536723164,1.0329746615758417,0.8243243243243243,1.0820813138056837,0.8977401129943503,0.8977401129943503,0.385,1.75,4,target_panel_xgb,rolling,0.18,40,0,0,0.0,0.0,0,0
0.18,182,0.7197740112994351,60,0,0.521978021978022,0.3379032258064516,1.5447559600304233,0.5823011113404399,72.34716216595895,1.5447559600304233,1.5447559600304233,1,1,0.692090395480226,0.731638418079096,1.4005647438483262,0.807909604519774,1.5447559600304233,0.7197740112994351,0.7197740112994351,0.15730337078651685,2.084090909090909,4,target_panel_xgb,rolling,0.18,60,0,0,0.0,0.0,0,0
0.18,190,0.7514124293785311,120,0,0.5631578947368421,0.3379032258064516,1.6666247958799145,0.5823011113404399,77.30694059355548,1.6666247958799145,1.6666247958799145,1,1,0.731638418079096,0.7711864406779662,1.5726062143310082,0.8756756756756757,1.6666247958799145,0.7514124293785311,0.7514124293785311,0.1272727272727273,1.925,4,target_panel_xgb,rolling,0.18,120,0,0,0.0,0.0,0,0
0.18,186,0.7355932203389831,250,0,0.4838709677419355,0.3379032258064516,1.4319809069212412,0.5823011113404399,63.38055616653385,1.4319809069212412,1.4319809069212412,1,1,0.652542372881356,0.7711864406779662,1.3459972862957938,0.8342541436464088,1.4319809069212412,0.7355932203389831,0.7355932203389831,0.1258426966292135,1.5431818181818182,4,target_panel_xgb,rolling,0.18,250,0,0,0.0,0.0,0,0
0.18,132,0.5220338983050847,40,3,0.3484848484848485,0.3379032258064516,1.031315542055399,0.5823011113404399,41.72447273571043,1.031315542055399,1.031315542055399,1,1,0.4943502824858757,0.5734463276836158,0.8541905855338692,0.6850393700787402,1.031315542055399,0.5220338983050847,0.5220338983050847,0.24499999999999997,1.0022727272727272,4,target_panel_xgb,rolling,0.18,40,3,0,0.0,0.0,0,0
0.18,109,0.43107344632768363,60,3,0.5137614678899083,0.3379032258064516,1.5204396663090365,0.5823011113404399,70.45681887270064,1.5204396663090365,1.5204396663090365,1,1,0.4152542372881356,0.43502824858757067,1.2338308457711442,0.625,1.5204396663090365,0.43107344632768363,0.43107344632768363,0.15730337078651685,1.0977272727272729,4,target_panel_xgb,rolling,0.18,60,3,0,0.0,0.0,0,0
0.18,99,0.3915254237288136,120,3,0.46464646464646464,0.3379032258064516,1.3750873894071984,0.5823011113404399,58.988828540959396,1.3750873894071984,1.3750873894071984,1,1,0.37570621468926557,0.4152542372881356,1.168892380204242,0.7553191489361702,1.3750873894071984,0.3915254237288136,0.3915254237288136,0.1272727272727273,0.8909090909090909,4,target_panel_xgb,rolling,0.18,120,3,0,0.0,0.0,0,0
0.2,288,1.1389830508474577,20,0,0.4097222222222222,0.3379032258064516,1.2125430920180325,0.5823011113404399,42.6709537395362,1.2125430920180325,1.2125430920180325,1,1,1.1073446327683616,1.1666666666666667,1.1371610845295055,0.8409893992932862,1.2125430920180325,1.1389830508474577,1.1389830508474577,0.7078651685393259,1.7977272727272728,4,target_panel_xgb,rolling,0.2,20,0,0,0.0,0.0,0,0
0.2,248,0.9807909604519774,40,0,0.3951612903225806,0.3379032258064516,1.1694510739856803,0.5823011113404399,46.67298239491353,1.1694510739856803,1.1694510739856803,1,1,0.9491525423728814,1.0084745762711864,1.0796019900497513,0.8353909465020576,1.1694510739856803,0.9807909604519774,0.9807909604519774,0.40249999999999997,1.9727272727272729,4,target_panel_xgb,rolling,0.2,40,0,0,0.0,0.0,0,0
0.2,194,0.7672316384180791,60,0,0.5103092783505154,0.3379032258064516,1.5102231626602367,0.5823011113404399,68.98489976127082,1.5102231626602367,1.5102231626602367,1,1,0.711864406779661,0.7909604519774012,1.3880597014925373,0.8201058201058201,1.5102231626602367,0.7672316384180791,0.7672316384180791,0.2202247191011236,2.147727272727273,4,target_panel_xgb,rolling,0.2,60,0,0,0.0,0.0,0,0
0.2,203,0.8028248587570622,120,0,0.541871921182266,0.3379032258064516,1.6036305066014556,0.5823011113404399,73.94254183742255,1.6036305066014556,1.6036305066014556,1,1,0.7514124293785311,0.8305084745762712,1.5238095238095237,0.8787878787878788,1.6036305066014556,0.8028248587570622,0.8028248587570622,0.1431818181818182,1.940909090909091,4,target_panel_xgb,rolling,0.2,120,0,0,0.0,0.0,0,0
0.2,212,0.8384180790960452,250,0,0.4858490566037736,0.3379032258064516,1.4378349169180888,0.5823011113404399,56.24221173627448,1.4378349169180888,1.4378349169180888,1,1,0.7711864406779662,0.8898305084745763,1.3037037037037036,0.8357487922705314,1.4378349169180888,0.8384180790960452,0.8384180790960452,0.15730337078651685,1.6545454545454545,4,target_panel_xgb,rolling,0.2,250,0,0,0.0,0.0,0,0
0.2,143,0.5655367231638418,40,3,0.3986013986013986,0.3379032258064516,1.1796318240232322,0.5823011113404399,50.24387018644938,1.1796318240232322,1.1796318240232322,1,1,0.5338983050847458,0.5932203389830508,1.0211013896037056,0.6884057971014492,1.1796318240232322,0.5655367231638418,0.5655367231638418,0.2625,1.1136363636363638,4,target_panel_xgb,rolling,0.2,40,3,0,0.0,0.0,0,0
0.2,118,0.46666666666666673,60,3,0.4915254237288136,0.3379032258064516,1.4546337122284698,0.5823011113404399,66.11494835857889,1.4546337122284698,1.4546337122284698,1,1,0.43502824858757067,0.4745762711864407,1.2338308457711442,0.6548672566371682,1.4546337122284698,0.46666666666666673,0.46666666666666673,0.1575,1.1454545454545455,4,target_panel_xgb,rolling,0.2,60,3,0,0.0,0.0,0,0
0.2,109,0.43107344632768363,120,3,0.42201834862385323,0.3379032258064516,1.2489325830395657,0.5823011113404399,53.81640252797664,1.2489325830395657,1.2489325830395657,1,1,0.3954802259887006,0.4548022598870057,1.11044776119403,0.7692307692307693,1.2489325830395657,0.43107344632768363,0.43107344632768363,0.1431818181818182,0.9068181818181819,4,target_panel_xgb,rolling,0.2,120,3,0,0.0,0.0,0,0
0.22,308,1.2180790960451977,20,0,0.3961038961038961,0.3379032258064516,1.1722406471809814,0.5823011113404399,37.85912770210586,1.1722406471809814,1.1722406471809814,1,1,1.1864406779661016,1.2457627118644068,1.1182795698924732,0.8547854785478548,1.1722406471809814,1.2180790960451977,1.2180790960451977,0.7865168539325843,1.9727272727272729,4,target_panel_xgb,rolling,0.22,20,0,0,0.0,0.0,0,0
0.22,271,1.0717514124293785,40,0,0.41697416974169743,0.3379032258064516,1.2340047028155248,0.5823011113404399,50.55528708454756,1.2340047028155248,1.2340047028155248,1,1,1.0282485875706215,1.1073446327683616,1.1389207807118256,0.8533834586466166,1.2340047028155248,1.0717514124293785,1.0717514124293785,0.5075,2.115909090909091,4,target_panel_xgb,rolling,0.22,40,0,0,0.0,0.0,0,0
0.22,209,0.8265536723163841,60,0,0.49760765550239233,0.3379032258064516,1.4726336344223545,0.5823011113404399,66.34097961150938,1.4726336344223545,1.4726336344223545,1,1,0.7909604519774012,0.8700564971751413,1.3542045868219876,0.8333333333333334,1.4726336344223545,0.8265536723163841,0.8265536723163841,0.2625,2.2272727272727275,4,target_panel_xgb,rolling,0.22,60,0,0,0.0,0.0,0,0
0.22,216,0.8542372881355933,120,0,0.5416666666666666,0.3379032258064516,1.6030230708035003,0.5823011113404399,72.35608250464128,1.6030230708035003,1.6030230708035003,1,1,0.8107344632768362,0.9096045197740114,1.5304143402879813,0.8767772511848341,1.6030230708035003,0.8542372881355933,0.8542372881355933,0.1590909090909091,1.9727272727272729,4,target_panel_xgb,rolling,0.22,120,0,0,0.0,0.0,0,0
0.22,241,0.9531073446327685,250,0,0.4730290456431535,0.3379032258064516,1.3998950276790223,0.5823011113404399,51.14061967857403,1.3998950276790223,1.3998950276790223,1,1,0.8502824858757062,1.0084745762711864,1.3071895424836601,0.8516949152542372,1.3998950276790223,0.9531073446327685,0.9531073446327685,0.20449438202247192,1.785,4,target_panel_xgb,rolling,0.22,250,0,0,0.0,0.0,0,0
0.22,151,0.5971751412429379,40,3,0.41721854304635764,0.3379032258064516,1.2347279078221562,0.5823011113404399,53.179771429046276,1.2347279078221562,1.2347279078221562,1,1,0.5932203389830508,0.612994350282486,0.9870646766169154,0.6986301369863014,1.2347279078221562,0.5971751412429379,0.5971751412429379,0.3146067415730337,1.1295454545454544,4,target_panel_xgb,rolling,0.22,40,3,0,0.0,0.0,0,0
0.22,125,0.4943502824858757,60,3,0.48,0.3379032258064516,1.4205250596658712,0.5823011113404399,62.55744207481688,1.4205250596658712,1.4205250596658712,1,1,0.4745762711864407,0.5141242937853108,1.2338308457711442,0.6666666666666666,1.4205250596658712,0.4943502824858757,0.4943502824858757,0.1575,1.1931818181818181,4,target_panel_xgb,rolling,0.22,60,3,0,0.0,0.0,0,0
0.22,118,0.46666666666666673,120,3,0.4661016949152542,0.3379032258064516,1.3793940374580316,0.5823011113404399,53.39624354852865,1.3793940374580316,1.3793940374580316,1,1,0.43502824858757067,0.4943502824858757,1.222343921139102,0.7699115044247787,1.3793940374580316,0.46666666666666673,0.46666666666666673,0.1590909090909091,0.9227272727272727,4,target_panel_xgb,rolling,0.22,120,3,0,0.0,0.0,0,0
0.25,338,1.3367231638418078,20,0,0.39644970414201186,0.3379032258064516,1.1732640408976007,0.5823011113404399,42.04943889164062,1.1732640408976007,1.1732640408976007,1,1,1.305084745762712,1.364406779661017,1.1356852103120758,0.8588588588588588,1.1732640408976007,1.3367231638418078,1.3367231638418078,0.9438202247191012,2.115909090909091,4,target_panel_xgb,rolling,0.25,20,0,0,0.0,0.0,0,0
0.25,295,1.1666666666666667,40,0,0.41694915254237286,0.3379032258064516,1.2339306662351845,0.5823011113404399,47.35250068077834,1.2339306662351845,1.2339306662351845,1,1,1.1468926553672316,1.1864406779661016,1.1751412429378532,0.8689655172413793,1.2339306662351845,1.1666666666666667,1.1666666666666667,0.550561797752809,2.3068181818181817,4,target_panel_xgb,rolling,0.25,40,0,0,0.0,0.0,0,0
0.25,236,0.9333333333333335,60,0,0.4703389830508475,0.3379032258064516,1.3919339832531048,0.5823011113404399,60.71054762705176,1.3919339832531048,1.3919339832531048,1,1,0.8700564971751413,0.9887005649717514,1.3325373134328358,0.8398268398268398,1.3919339832531048,0.9333333333333335,0.9333333333333335,0.33249999999999996,2.3545454545454545,4,target_panel_xgb,rolling,0.25,60,0,0,0.0,0.0,0,0
0.25,238,0.9412429378531074,120,0,0.5252100840336135,0.3379032258064516,1.5543210124145124,0.5823011113404399,68.41927928139981,1.5543210124145124,1.5543210124145124,1,1,0.9096045197740114,0.9689265536723164,1.448410123296561,0.8669527896995708,1.5543210124145124,0.9412429378531074,0.9412429378531074,0.1590909090909091,2.0681818181818183,4,target_panel_xgb,rolling,0.25,120,0,0,0.0,0.0,0,0
0.25,300,1.1864406779661016,250,0,0.49333333333333335,0.3379032258064516,1.4599840891010343,0.5823011113404399,50.04789279952855,1.4599840891010343,1.4599840891010343,1,1,1.0677966101694916,1.2457627118644068,1.312169312169312,0.8949152542372881,1.4599840891010343,1.1864406779661016,1.1864406779661016,0.3146067415730337,2.3975,4,target_panel_xgb,rolling,0.25,250,0,0,0.0,0.0,0,0
0.25,163,0.644632768361582,40,3,0.3987730061349693,0.3379032258064516,1.1801396840271168,0.5823011113404399,44.080901835704964,1.1801396840271168,1.1801396840271168,1,1,0.632768361581921,0.672316384180791,1.0886742756804215,0.7278481012658228,1.1801396840271168,0.644632768361582,0.644632768361582,0.3146067415730337,1.1931818181818181,4,target_panel_xgb,rolling,0.25,40,3,0,0.0,0.0,0,0
0.25,138,0.5457627118644068,60,3,0.4420289855072464,0.3379032258064516,1.3081526062744284,0.5823011113404399,57.148680667568215,1.3081526062744284,1.3081526062744284,1,1,0.5141242937853108,0.5734463276836158,1.148739063304169,0.6842105263157895,1.3081526062744284,0.5457627118644068,0.5457627118644068,0.1925,1.240909090909091,4,target_panel_xgb,rolling,0.25,60,3,0,0.0,0.0,0,0
0.25,132,0.5220338983050847,120,3,0.4621212121212121,0.3379032258064516,1.3676140883778116,0.5823011113404399,49.04878855048917,1.3676140883778116,1.3676140883778116,1,1,0.5141242937853108,0.5338983050847458,1.1389207807118256,0.7559055118110236,1.3676140883778116,0.5220338983050847,0.5220338983050847,0.1590909090909091,0.9863636363636364,4,target_panel_xgb,rolling,0.25,120,3,0,0.0,0.0,0,0
0.3,382,1.5107344632768362,20,0,0.40575916230366493,0.3379032258064516,1.2008147046695574,0.5823011113404399,42.44372146615209,1.2008147046695574,1.2008147046695574,1,1,1.5028248587570623,1.5423728813559323,1.156177156177156,0.8753315649867374,1.2008147046695574,1.5107344632768362,1.5107344632768362,1.0696629213483146,2.465909090909091,4,target_panel_xgb,rolling,0.3,20,0,0,0.0,0.0,0,0
0.3,336,1.328813559322034,40,0,0.39880952380952384,0.3379032258064516,1.1802477554267532,0.5823011113404399,40.650782532655796,1.1802477554267532,1.1802477554267532,1,1,1.2853107344632768,1.4039548022598871,1.11044776119403,0.879154078549849,1.1802477554267532,1.328813559322034,1.328813559322034,0.6764044943820224,2.5454545454545454,4,target_panel_xgb,rolling,0.3,40,0,0,0.0,0.0,0,0
0.3,296,1.1706214689265537,60,0,0.4560810810810811,0.3379032258064516,1.3497387602399535,0.5823011113404399,53.50366413066826,1.3497387602399535,1.3497387602399535,1,1,1.1073446327683616,1.225988700564972,1.3099415204678362,0.8762886597938144,1.3497387602399535,1.1706214689265537,1.1706214689265537,0.5191011235955056,2.784090909090909,4,target_panel_xgb,rolling,0.3,60,0,0,0.0,0.0,0,0
0.3,304,1.2022598870056498,120,0,0.4967105263157895,0.3379032258064516,1.4699786458987565,0.5823011113404399,58.45636805372788,1.4699786458987565,1.4699786458987565,1,1,1.1073446327683616,1.265536723163842,1.3763440860215053,0.8695652173913043,1.4699786458987565,1.2022598870056498,1.2022598870056498,0.20681818181818182,2.3227272727272728,4,target_panel_xgb,rolling,0.3,120,0,0,0.0,0.0,0,0
0.3,373,1.475141242937853,250,0,0.46648793565683644,0.3379032258064516,1.380537088817368,0.5823011113404399,45.4785019742968,1.380537088817368,1.380537088817368,1,1,1.4039548022598871,1.5028248587570623,1.263157894736842,0.9266304347826086,1.380537088817368,1.475141242937853,1.475141242937853,0.42954545454545456,3.2025,4,target_panel_xgb,rolling,0.3,250,0,0,0.0,0.0,0,0
0.3,189,0.747457627118644,40,3,0.37566137566137564,0.3379032258064516,1.111742495990706,0.5823011113404399,35.441239044544275,1.111742495990706,1.111742495990706,1,1,0.711864406779661,0.8107344632768362,0.974076983503535,0.7554347826086957,1.111742495990706,0.747457627118644,0.747457627118644,0.42471910112359557,1.2886363636363636,4,target_panel_xgb,rolling,0.3,40,3,0,0.0,0.0,0,0
0.3,169,0.6683615819209039,60,3,0.39644970414201186,0.3379032258064516,1.1732640408976007,0.5823011113404399,44.87987557353488,1.1732640408976007,1.1732640408976007,1,1,0.632768361581921,0.711864406779661,0.8709394205443372,0.7560975609756098,1.1732640408976007,0.6683615819209039,0.6683615819209039,0.3146067415730337,1.4954545454545456,4,target_panel_xgb,rolling,0.3,60,3,0,0.0,0.0,0,0
0.3,168,0.664406779661017,120,3,0.43452380952380953,0.3379032258064516,1.2859415842709399,0.5823011113404399,38.98110955112105,1.2859415842709399,1.2859415842709399,1,1,0.612994350282486,0.692090395480226,1.1764705882352942,0.754601226993865,1.2859415842709399,0.664406779661017,0.664406779661017,0.20681818181818182,1.1375,4,target_panel_xgb,rolling,0.3,120,3,0,0.0,0.0,0,0
0.35,416,1.6451977401129945,20,0,0.4182692307692308,0.3379032258064516,1.2378373416559574,0.5823011113404399,46.57748320254263,1.2378373416559574,1.2378373416559574,1,1,1.6016949152542375,1.7005649717514124,1.2063492063492063,0.8929440389294404,1.2378373416559574,1.6451977401129945,1.6451977401129945,1.195505617977528,2.831818181818182,4,target_panel_xgb,rolling,0.35,20,0,0,0.0,0.0,0,0
0.35,382,1.5107344632768362,40,0,0.3900523560209424,0.3379032258064516,1.1543315548113808,0.5823011113404399,33.82099196637034,1.1543315548113808,1.1543315548113808,1,1,1.463276836158192,1.5621468926553672,1.124504061968638,0.896551724137931,1.1543315548113808,1.5107344632768362,1.5107344632768362,0.755056179775281,2.8477272727272727,4,target_panel_xgb,rolling,0.35,40,0,0,0.0,0.0,0,0
0.35,359,1.419774011299435,60,0,0.4373259052924791,0.3379032258064516,1.294234182727146,0.5823011113404399,44.6559324387419,1.294234182727146,1.294234182727146,1,1,1.3248587570621468,1.5028248587570623,1.1824212271973467,0.9124293785310734,1.294234182727146,1.419774011299435,1.419774011299435,0.6921348314606742,3.038636363636364,4,target_panel_xgb,rolling,0.35,60,0,0,0.0,0.0,0,0
0.35,373,1.475141242937853,120,0,0.4772117962466488,0.3379032258064516,1.4122735736177674,0.5823011113404399,53.070523296765785,1.4122735736177674,1.4122735736177674,1,1,1.305084745762712,1.5423728813559323,1.3333333333333333,0.8994565217391305,1.4122735736177674,1.475141242937853,1.475141242937853,0.23863636363636365,2.73,4,target_panel_xgb,rolling,0.35,120,0,0,0.0,0.0,0,0
0.35,425,1.6807909604519775,250,0,0.4329411764705882,0.3379032258064516,1.2812578969535309,0.5823011113404399,42.47829397031647,1.2812578969535309,1.2812578969535309,1,1,1.6412429378531075,1.7203389830508475,1.2260536398467432,0.9452380952380952,1.2812578969535309,1.6807909604519775,1.6807909604519775,0.5191011235955056,3.64,4,target_panel_xgb,rolling,0.35,250,0,0,0.0,0.0,0,0
0.35,213,0.8423728813559322,40,3,0.36619718309859156,0.3379032258064516,1.0837339070220848,0.5823011113404399,28.36797591991225,1.0837339070220848,1.0837339070220848,1,1,0.7909604519774012,0.8898305084745763,1.0575692963752665,0.7884615384615384,1.0837339070220848,0.8423728813559322,0.8423728813559322,0.45617977528089887,1.4318181818181819,4,target_panel_xgb,rolling,0.35,40,3,0,0.0,0.0,0,0
0.35,189,0.747457627118644,60,3,0.38095238095238093,0.3379032258064516,1.1274008410046596,0.5823011113404399,35.42572188132494,1.1274008410046596,1.1274008410046596,1,1,0.711864406779661,0.7909604519774012,0.8225538971807629,0.8206521739130435,1.1274008410046596,0.747457627118644,0.747457627118644,0.3146067415730337,1.5272727272727273,4,target_panel_xgb,rolling,0.35,60,3,0,0.0,0.0,0,0
0.35,192,0.7593220338983051,120,3,0.453125,0.3379032258064516,1.3409904534606205,0.5823011113404399,40.00815564851539,1.3409904534606205,1.3409904534606205,1,1,0.692090395480226,0.8107344632768362,1.26908315565032,0.8021390374331551,1.3409904534606205,0.7593220338983051,0.7593220338983051,0.23863636363636365,1.3475,4,target_panel_xgb,rolling,0.35,120,3,0,0.0,0.0,0,0
0.15,226,0.8937853107344633,20,0,0.336283185840708,0.3379032258064516,0.9952056096479187,0.5021816923886406,-5.180275249315241,0.9952056096479187,0.9952056096479187,0,1,0.8700564971751413,0.9096045197740114,0.8296296296296296,0.7601809954751131,0.9952056096479187,0.8937853107344633,0.8937853107344633,0.14,1.3045454545454545,4,target_panel_only_extra,rolling,0.15,20,0,0,0.0,0.0,0,0
0.15,179,0.707909604519774,40,0,0.3854748603351955,0.3379032258064516,1.1407847895361396,0.5021816923886406,14.020887666992888,1.1407847895361396,1.1407847895361396,1,1,0.652542372881356,0.7711864406779662,1.0498209052425922,0.7126436781609196,1.1407847895361396,0.707909604519774,0.707909604519774,0.07,1.415909090909091,4,target_panel_only_extra,rolling,0.15,40,0,0,0.0,0.0,0,0
0.15,165,0.652542372881356,60,0,0.32727272727272727,0.3379032258064516,0.9685398134085486,0.5021816923886406,-1.2688748471527143,0.9685398134085486,0.9685398134085486,0,1,0.5932203389830508,0.692090395480226,0.7402985074626867,0.71875,0.9685398134085486,0.652542372881356,0.652542372881356,0.1575,1.3363636363636364,4,target_panel_only_extra,rolling,0.15,60,0,0,0.0,0.0,0,0
0.15,90,0.3559322033898305,120,0,0.4666666666666667,0.3379032258064516,1.381066030230708,0.5021816923886406,46.375264823517114,1.381066030230708,1.381066030230708,1,1,0.2570621468926554,0.4548022598870057,0.9959839357429718,0.4470588235294118,1.381066030230708,0.3559322033898305,0.3559322033898305,0.3146067415730337,0.40249999999999997,4,target_panel_only_extra,rolling,0.15,120,0,0,0.0,0.0,0,0
0.15,72,0.2847457627118644,250,0,0.375,0.3379032258064516,1.1097852028639619,0.5021816923886406,3.3768112770003285,1.1097852028639619,1.1097852028639619,1,1,0.21751412429378533,0.3361581920903955,0.8288770053475936,0.44776119402985076,1.1097852028639619,0.2847457627118644,0.2847457627118644,0.17303370786516856,0.5090909090909091,4,target_panel_only_extra,rolling,0.15,250,0,0,0.0,0.0,0,0
0.15,111,0.43898305084745765,40,3,0.3783783783783784,0.3379032258064516,1.1197832677546282,0.5021816923886406,17.025519459031937,1.1197832677546282,1.1197832677546282,1,1,0.3954802259887006,0.4745762711864407,0.9507119386637459,0.5188679245283019,1.1197832677546282,0.43898305084745765,0.43898305084745765,0.07,0.8909090909090909,4,target_panel_only_extra,rolling,0.15,40,3,0,0.0,0.0,0,0
0.15,108,0.42711864406779665,60,3,0.3333333333333333,0.3379032258064516,0.9864757358790771,0.5021816923886406,1.6326954653932282,0.9864757358790771,0.9864757358790771,0,1,0.4152542372881356,0.43502824858757067,0.8051948051948051,0.5339805825242718,0.9864757358790771,0.42711864406779665,0.42711864406779665,0.1575,0.8272727272727273,4,target_panel_only_extra,rolling,0.15,60,3,0,0.0,0.0,0,0
0.15,72,0.2847457627118644,120,3,0.4861111111111111,0.3379032258064516,1.4386104481569875,0.5021816923886406,41.91280309523679,1.4386104481569875,1.4386104481569875,1,1,0.17796610169491525,0.3954802259887006,0.9959839357429718,0.29850746268656714,1.4386104481569875,0.2847457627118644,0.2847457627118644,0.22272727272727272,0.3675,4,target_panel_only_extra,rolling,0.15,120,3,0,0.0,0.0,0,0
0.18,262,1.0361581920903955,20,0,0.38549618320610685,0.3379032258064516,1.1408478930204595,0.5021816923886406,6.418259968516158,1.1408478930204595,1.1408478930204595,1,1,1.0084745762711864,1.0480225988700564,0.9559748427672955,0.7898832684824902,1.1408478930204595,1.0361581920903955,1.0361581920903955,0.24499999999999997,1.415909090909091,4,target_panel_only_extra,rolling,0.18,20,0,0,0.0,0.0,0,0
0.18,208,0.8225988700564972,40,0,0.3701923076923077,0.3379032258064516,1.095557187442629,0.5021816923886406,11.028021342243825,1.095557187442629,1.095557187442629,1,1,0.7711864406779662,0.8700564971751413,1.0064935064935066,0.7881773399014779,1.095557187442629,0.8225988700564972,0.8225988700564972,0.0875,1.638636363636364,4,target_panel_only_extra,rolling,0.18,40,0,0,0.0,0.0,0,0
0.18,187,0.7395480225988701,60,0,0.3315508021390374,0.3379032258064516,0.9812004645642158,0.5021816923886406,-1.138025282168843,0.9812004645642158,0.9812004645642158,0,1,0.692090395480226,0.7909604519774012,0.8460554371002132,0.7472527472527473,0.9812004645642158,0.7395480225988701,0.7395480225988701,0.24499999999999997,1.5113636363636365,4,target_panel_only_extra,rolling,0.18,60,0,0,0.0,0.0,0,0
0.18,122,0.4824858757062147,120,0,0.47540983606557374,0.3379032258064516,1.4069408036308149,0.5021816923886406,44.77891532387511,1.4069408036308149,1.4069408036308149,1,1,0.4152542372881356,0.5338983050847458,1.244979919678715,0.49572649572649574,1.4069408036308149,0.4824858757062147,0.4824858757062147,0.42471910112359557,0.5568181818181819,4,target_panel_only_extra,rolling,0.18,120,0,0,0.0,0.0,0,0
0.18,98,0.3875706214689266,250,0,0.35714285714285715,0.3379032258064516,1.0569382884418685,0.5021816923886406,-3.8098818563201493,1.0569382884418685,1.0569382884418685,1,1,0.2768361581920904,0.43502824858757067,0.7931769722814499,0.5806451612903226,1.0569382884418685,0.3875706214689266,0.3875706214689266,0.18876404494382024,0.7636363636363637,4,target_panel_only_extra,rolling,0.18,250,0,0,0.0,0.0,0,0
0.18,122,0.4824858757062147,40,3,0.36065573770491804,0.3379032258064516,1.0673344027544114,0.5021816923886406,9.155675153011224,1.0673344027544114,1.0673344027544114,1,1,0.43502824858757067,0.5141242937853108,0.857707509881423,0.5982905982905983,1.0673344027544114,0.4824858757062147,0.4824858757062147,0.0875,0.9704545454545455,4,target_panel_only_extra,rolling,0.18,40,3,0,0.0,0.0,0,0
0.18,124,0.4903954802259887,60,3,0.3548387096774194,0.3379032258064516,1.0501193317422435,0.5021816923886406,9.517324406563546,1.0501193317422435,1.0501193317422435,1,1,0.4745762711864407,0.5141242937853108,0.9561445783132531,0.5966386554621849,1.0501193317422435,0.4903954802259887,0.4903954802259887,0.24499999999999997,0.9227272727272727,4,target_panel_only_extra,rolling,0.18,60,3,0,0.0,0.0,0,0
0.18,93,0.36779661016949156,120,3,0.4731182795698925,0.3379032258064516,1.4001591089896581,0.5021816923886406,38.36763764151551,1.4001591089896581,1.4001591089896581,1,1,0.2768361581920904,0.4152542372881356,1.2580849714648066,0.3181818181818182,1.4001591089896581,0.36779661016949156,0.36779661016949156,0.298876404494382,0.44545454545454544,4,target_panel_only_extra,rolling,0.18,120,3,0,0.0,0.0,0,0
0.2,280,1.1073446327683616,20,0,0.3821428571428571,0.3379032258064516,1.1309239686327992,0.5021816923886406,6.4606564443859655,1.1309239686327992,1.1309239686327992,1,1,1.0677966101694916,1.1468926553672316,0.9523809523809524,0.8072727272727273,1.1309239686327992,1.1073446327683616,1.1073446327683616,0.28,1.5431818181818182,4,target_panel_only_extra,rolling,0.2,20,0,0,0.0,0.0,0,0
0.2,225,0.8898305084745763,40,0,0.36444444444444446,0.3379032258064516,1.0785468045611244,0.5021816923886406,14.313730867992446,1.0785468045611244,1.0785468045611244,1,1,0.8502824858757062,0.9491525423728814,1.002020202020202,0.8181818181818182,1.0785468045611244,0.8898305084745763,0.8898305084745763,0.105,1.7340909090909091,4,target_panel_only_extra,rolling,0.2,40,0,0,0.0,0.0,0,0
0.2,199,0.7870056497175141,60,0,0.32663316582914576,0.3379032258064516,0.9666470778714576,0.5021816923886406,-2.0021586288009083,0.9666470778714576,0.9666470778714576,0,1,0.731638418079096,0.8305084745762712,0.900363049616781,0.7628865979381443,0.9666470778714576,0.7870056497175141,0.7870056497175141,0.28,1.6227272727272726,4,target_panel_only_extra,rolling,0.2,60,0,0,0.0,0.0,0,0
0.2,141,0.5576271186440678,120,0,0.48226950354609927,0.3379032258064516,1.4272414902080266,0.5021816923886406,43.02181530648822,1.4272414902080266,1.4272414902080266,1,1,0.4943502824858757,0.652542372881356,1.2805507745266782,0.5882352941176471,1.4272414902080266,0.5576271186440678,0.5576271186440678,0.4719101123595506,0.6840909090909091,4,target_panel_only_extra,rolling,0.2,120,0,0,0.0,0.0,0,0
0.2,115,0.4548022598870057,250,0,0.3652173913043478,0.3379032258064516,1.0808342845283803,0.5021816923886406,5.175656306778011,1.0808342845283803,1.0808342845283803,1,1,0.3559322033898305,0.5536723163841808,0.9093766369827135,0.6272727272727273,1.0808342845283803,0.4548022598870057,0.4548022598870057,0.2359550561797753,0.875,4,target_panel_only_extra,rolling,0.2,250,0,0,0.0,0.0,0,0
0.2,130,0.5141242937853108,40,3,0.35384615384615387,0.3379032258064516,1.0471819350100975,0.5021816923886406,11.880390456647682,1.0471819350100975,1.0471819350100975,1,1,0.4745762711864407,0.5338983050847458,0.9393939393939393,0.664,1.0471819350100975,0.5141242937853108,0.5141242937853108,0.105,1.0022727272727272,4,target_panel_only_extra,rolling,0.2,40,3,0,0.0,0.0,0,0
0.2,130,0.5141242937853108,60,3,0.34615384615384615,0.3379032258064516,1.0244171103359647,0.5021816923886406,8.96277055163611,1.0244171103359647,1.0244171103359647,1,1,0.4745762711864407,0.5338983050847458,0.923076923076923,0.616,1.0244171103359647,0.5141242937853108,0.5141242937853108,0.28,0.9704545454545455,4,target_panel_only_extra,rolling,0.2,60,3,0,0.0,0.0,0,0
0.2,101,0.39943502824858756,120,3,0.44554455445544555,0.3379032258064516,1.3185566766700536,0.5021816923886406,23.79673093805345,1.3185566766700536,1.3185566766700536,1,1,0.3361581920903955,0.43502824858757067,1.0886742756804215,0.3958333333333333,1.3185566766700536,0.39943502824858756,0.39943502824858756,0.33033707865168543,0.4931818181818182,4,target_panel_only_extra,rolling,0.2,120,3,0,0.0,0.0,0,0
0.22,301,1.1903954802259888,20,0,0.3853820598006645,0.3379032258064516,1.140510153109365,0.5021816923886406,7.248158774245707,1.140510153109365,1.140510153109365,1,1,1.1666666666666667,1.2062146892655368,1.0222222222222224,0.8175675675675675,1.140510153109365,1.1903954802259888,1.1903954802259888,0.33249999999999996,1.5750000000000002,4,target_panel_only_extra,rolling,0.22,20,0,0,0.0,0.0,0,0
0.22,244,0.9649717514124294,40,0,0.38524590163934425,0.3379032258064516,1.1401072029422121,0.5021816923886406,17.48031840748766,1.1401072029422121,1.1401072029422121,1,1,0.9096045197740114,1.0677966101694916,1.0434782608695652,0.8242677824267782,1.1401072029422121,0.9649717514124294,0.9649717514124294,0.1575,1.8454545454545455,4,target_panel_only_extra,rolling,0.22,40,0,0,0.0,0.0,0,0
0.22,217,0.8581920903954803,60,0,0.3456221198156682,0.3379032258064516,1.0228435049437437,0.5021816923886406,0.9130454012846589,1.0228435049437437,1.0228435049437437,1,1,0.7909604519774012,0.9096045197740114,0.9033342673017652,0.7924528301886793,1.0228435049437437,0.8581920903954803,0.8581920903954803,0.2975,1.75,4,target_panel_only_extra,rolling,0.22,60,0,0,0.0,0.0,0,0
0.22,168,0.664406779661017,120,0,0.4880952380952381,0.3379032258064516,1.44448232753722,0.5021816923886406,46.15888968778696,1.44448232753722,1.44448232753722,1,1,0.5734463276836158,0.731638418079096,1.2043010752688172,0.6687116564417178,1.44448232753722,0.664406779661017,0.664406779661017,0.503370786516854,0.8431818181818181,4,target_panel_only_extra,rolling,0.22,120,0,0,0.0,0.0,0,0
0.22,133,0.5259887005649718,250,0,0.37593984962406013,0.3379032258064516,1.112566619412493,0.5021816923886406,12.657244895594365,1.112566619412493,1.112566619412493,1,1,0.4152542372881356,0.632768361581921,0.8813077469793887,0.625,1.112566619412493,0.5259887005649718,0.5259887005649718,0.298876404494382,0.9863636363636364,4,target_panel_only_extra,rolling,0.22,250,0,0,0.0,0.0,0,0
0.22,139,0.5497175141242938,40,3,0.38848920863309355,0.3379032258064516,1.149705533902234,0.5021816923886406,13.853251105691411,1.149705533902234,1.149705533902234,1,1,0.5141242937853108,0.5932203389830508,1.0256410256410258,0.6716417910447762,1.149705533902234,0.5497175141242938,0.5497175141242938,0.1575,1.0181818181818183,4,target_panel_only_extra,rolling,0.22,40,3,0,0.0,0.0,0,0
0.22,139,0.5497175141242938,60,3,0.3597122302158273,0.3379032258064516,1.064542161020587,0.5021816923886406,11.190281645106838,1.064542161020587,1.064542161020587,1,1,0.5141242937853108,0.5932203389830508,0.9604130808950088,0.6716417910447762,1.064542161020587,0.5497175141242938,0.5497175141242938,0.2975,1.0340909090909092,4,target_panel_only_extra,rolling,0.22,60,3,0,0.0,0.0,0,0
0.22,115,0.4548022598870057,120,3,0.45217391304347826,0.3379032258064516,1.3381757808446613,0.5021816923886406,27.948917986053022,1.3381757808446613,1.3381757808446613,1,1,0.3954802259887006,0.4943502824858757,1.090909090909091,0.4818181818181818,1.3381757808446613,0.4548022598870057,0.4548022598870057,0.36179775280898874,0.5568181818181819,4,target_panel_only_extra,rolling,0.22,120,3,0,0.0,0.0,0,0
0.25,342,1.3525423728813561,20,0,0.3713450292397661,0.3379032258064516,1.0989685829530071,0.5021816923886406,3.7364108744615483,1.0989685829530071,1.0989685829530071,1,1,1.265536723163842,1.423728813559322,0.9523809523809524,0.8367952522255193,1.0989685829530071,1.3525423728813561,1.3525423728813561,0.42,1.7659090909090909,4,target_panel_only_extra,rolling,0.25,20,0,0,0.0,0.0,0,0
0.25,282,1.1152542372881356,40,0,0.37943262411347517,0.3379032258064516,1.1229032312666092,0.5021816923886406,4.870647902960883,1.1229032312666092,1.1229032312666092,1,1,1.0677966101694916,1.1666666666666667,1.0128650193996325,0.855595667870036,1.1229032312666092,1.1152542372881356,1.1152542372881356,0.2625,2.0204545454545455,4,target_panel_only_extra,rolling,0.25,40,0,0,0.0,0.0,0,0
0.25,237,0.9372881355932203,60,0,0.35443037974683544,0.3379032258064516,1.0489109090359807,0.5021816923886406,5.335343857596933,1.0489109090359807,1.0489109090359807,1,1,0.8898305084745763,0.9887005649717514,0.9337349397590362,0.8189655172413793,1.0489109090359807,0.9372881355932203,0.9372881355932203,0.35,1.8613636363636363,4,target_panel_only_extra,rolling,0.25,60,0,0,0.0,0.0,0,0
0.25,208,0.8225988700564972,120,0,0.46634615384615385,0.3379032258064516,1.380117495869286,0.5021816923886406,38.603787718444785,1.380117495869286,1.380117495869286,1,1,0.7711864406779662,0.8898305084745763,1.1951807228915663,0.7586206896551724,1.380117495869286,0.8225988700564972,0.8225988700564972,0.597752808988764,1.0022727272727272,4,target_panel_only_extra,rolling,0.25,120,0,0,0.0,0.0,0,0
0.25,158,0.624858757062147,250,0,0.3670886075949367,0.3379032258064516,1.086372012930123,0.5021816923886406,7.348381170310919,1.086372012930123,1.086372012930123,1,1,0.4548022598870057,0.711864406779661,0.8046722907203115,0.6928104575163399,1.086372012930123,0.624858757062147,0.624858757062147,0.33033707865168543,1.209090909090909,4,target_panel_only_extra,rolling,0.25,250,0,0,0.0,0.0,0,0
0.25,160,0.632768361581921,40,3,0.41875,0.3379032258064516,1.2392601431980907,0.5021816923886406,8.818191436901959,1.2392601431980907,1.2392601431980907,1,1,0.612994350282486,0.652542372881356,1.0865279299014239,0.7290322580645161,1.2392601431980907,0.632768361581921,0.632768361581921,0.2625,1.065909090909091,4,target_panel_only_extra,rolling,0.25,40,3,0,0.0,0.0,0,0
0.25,147,0.5813559322033899,60,3,0.38095238095238093,0.3379032258064516,1.1274008410046596,0.5021816923886406,16.27062079104642,1.1274008410046596,1.1274008410046596,1,1,0.5536723163841808,0.632768361581921,0.9959839357429718,0.6971830985915493,1.1274008410046596,0.5813559322033899,0.5813559322033899,0.315,1.0977272727272729,4,target_panel_only_extra,rolling,0.25,60,3,0,0.0,0.0,0,0
0.25,132,0.5220338983050847,120,3,0.42424242424242425,0.3379032258064516,1.2555145729370074,0.5021816923886406,25.228904317029613,1.2555145729370074,1.2555145729370074,1,1,0.4943502824858757,0.5536723163841808,1.106648817492191,0.5354330708661418,1.2555145729370074,0.5220338983050847,0.5220338983050847,0.3775280898876405,0.7159090909090909,4,target_panel_only_extra,rolling,0.25,120,3,0,0.0,0.0,0,0
0.3,392,1.5502824858757065,20,0,0.38010204081632654,0.3379032258064516,1.1248843212702744,0.5021816923886406,6.249224756239836,1.1248843212702744,1.1248843212702744,1,1,1.5225988700564972,1.6016949152542375,1.0211987189263383,0.8604651162790697,1.1248843212702744,1.5502824858757065,1.5502824858757065,0.595,2.0681818181818183,4,target_panel_only_extra,rolling,0.3,20,0,0,0.0,0.0,0,0
0.3,331,1.309039548022599,40,0,0.38972809667673713,0.3379032258064516,1.1533719328858092,0.5021816923886406,10.614344583145803,1.1533719328858092,1.1533719328858092,1,1,1.2853107344632768,1.344632768361582,1.0572752548656164,0.8895705521472392,1.1533719328858092,1.309039548022599,1.309039548022599,0.385,2.243181818181818,4,target_panel_only_extra,rolling,0.3,40,0,0,0.0,0.0,0,0
0.3,287,1.1350282485875707,60,0,0.3693379790940767,0.3379032258064516,1.0930288641447616,0.5021816923886406,8.871183331529885,1.0930288641447616,1.0930288641447616,1,1,1.0677966101694916,1.265536723163842,1.0064935064935066,0.8475177304964538,1.0930288641447616,1.1350282485875707,1.1350282485875707,0.5075,2.2113636363636364,4,target_panel_only_extra,rolling,0.3,60,0,0,0.0,0.0,0,0
0.3,265,1.0480225988700564,120,0,0.4339622641509434,0.3379032258064516,1.2842797316161572,0.5021816923886406,28.83476136786261,1.2842797316161572,1.2842797316161572,1,1,1.0084745762711864,1.0875706214689267,1.1951807228915663,0.8192307692307692,1.2842797316161572,1.0480225988700564,1.0480225988700564,0.6921348314606742,1.2568181818181818,4,target_panel_only_extra,rolling,0.3,120,0,0,0.0,0.0,0,0
0.3,213,0.8423728813559322,250,0,0.4084507042253521,0.3379032258064516,1.2087801270630947,0.5021816923886406,23.347449187860942,1.2087801270630947,1.2087801270630947,1,1,0.7514124293785311,0.9293785310734464,1.0303030303030303,0.7692307692307693,1.2087801270630947,0.8423728813559322,0.8423728813559322,0.39325842696629215,1.5113636363636365,4,target_panel_only_extra,rolling,0.3,250,0,0,0.0,0.0,0,0
0.3,184,0.727683615819209,40,3,0.42391304347826086,0.3379032258064516,1.25453979454187,0.5021816923886406,15.016295686430952,1.25453979454187,1.25453979454187,1,1,0.711864406779661,0.7909604519774012,1.1619812583668006,0.7988826815642458,1.25453979454187,0.727683615819209,0.727683615819209,0.385,1.1613636363636364,4,target_panel_only_extra,rolling,0.3,40,3,0,0.0,0.0,0,0
0.3,171,0.6762711864406781,60,3,0.40350877192982454,0.3379032258064516,1.1941548381694091,0.5021816923886406,14.352979713485825,1.1941548381694091,1.1941548381694091,1,1,0.652542372881356,0.7514124293785311,1.1313131313131313,0.7349397590361446,1.1941548381694091,0.6762711864406781,0.6762711864406781,0.40249999999999997,1.2886363636363636,4,target_panel_only_extra,rolling,0.3,60,3,0,0.0,0.0,0,0
0.3,157,0.6209039548022599,120,3,0.4012738853503185,0.3379032258064516,1.1875408540200356,0.5021816923886406,22.433971130360508,1.1875408540200356,1.1875408540200356,1,1,0.5932203389830508,0.672316384180791,1.0545712260807938,0.6513157894736842,1.1875408540200356,0.6209039548022599,0.6209039548022599,0.39325842696629215,0.8272727272727273,4,target_panel_only_extra,rolling,0.3,120,3,0,0.0,0.0,0,0
0.35,445,1.7598870056497176,20,0,0.3752808988764045,0.3379032258064516,1.110616502641388,0.5021816923886406,6.799079509008205,1.110616502641388,1.110616502641388,1,1,1.7203389830508475,1.7994350282485876,1.0303282093892814,0.8863636363636364,1.110616502641388,1.7598870056497176,1.7598870056497176,0.735,2.3545454545454545,4,target_panel_only_extra,rolling,0.35,20,0,0,0.0,0.0,0,0
0.35,367,1.4514124293785313,40,0,0.3814713896457766,0.3379032258064516,1.1289368094528949,0.5021816923886406,8.257939263516334,1.1289368094528949,1.1289368094528949,1,1,1.364406779661017,1.5028248587570623,1.052121212121212,0.8922651933701657,1.1289368094528949,1.4514124293785313,1.4514124293785313,0.4375,2.45,4,target_panel_only_extra,rolling,0.35,40,0,0,0.0,0.0,0,0
0.35,343,1.356497175141243,60,0,0.37026239067055394,0.3379032258064516,1.0957645929152433,0.5021816923886406,11.957101143583873,1.0957645929152433,1.0957645929152433,1,1,1.2853107344632768,1.4830508474576272,1.052121212121212,0.8727810650887574,1.0957645929152433,1.356497175141243,1.356497175141243,0.5774999999999999,2.4977272727272726,4,target_panel_only_extra,rolling,0.35,60,0,0,0.0,0.0,0,0
0.35,304,1.2022598870056498,120,0,0.42105263157894735,0.3379032258064516,1.2460746137419922,0.5021816923886406,26.73639003943209,1.2460746137419922,1.2460746137419922,1,1,1.0875706214689267,1.265536723163842,1.1666666666666667,0.8494983277591973,1.2460746137419922,1.2022598870056498,1.2022598870056498,0.755056179775281,1.5272727272727273,4,target_panel_only_extra,rolling,0.35,120,0,0,0.0,0.0,0,0
0.35,279,1.1033898305084746,250,0,0.4121863799283154,0.3379032258064516,1.2198355873773536,0.5021816923886406,24.76187165998521,1.2198355873773536,1.2198355873773536,1,1,1.0282485875706215,1.1864406779661016,1.1661442006269591,0.843065693430657,1.2198355873773536,1.1033898305084746,1.1033898305084746,0.4719101123595506,1.8931818181818183,4,target_panel_only_extra,rolling,0.35,250,0,0,0.0,0.0,0,0
0.35,202,0.7988700564971751,40,3,0.40594059405940597,0.3379032258064516,1.2013516387438268,0.5021816923886406,10.777547149796753,1.2013516387438268,1.2013516387438268,1,1,0.7514124293785311,0.8502824858757062,1.0725980846462775,0.8020304568527918,1.2013516387438268,0.7988700564971751,0.7988700564971751,0.4375,1.3045454545454545,4,target_panel_only_extra,rolling,0.35,40,3,0,0.0,0.0,0,0
0.35,193,0.7632768361581922,60,3,0.39896373056994816,0.3379032258064516,1.1807041191091545,0.5021816923886406,15.95640127220154,1.1807041191091545,1.1807041191091545,1,1,0.731638418079096,0.8305084745762712,1.0735930735930734,0.75,1.1807041191091545,0.7632768361581922,0.7632768361581922,0.4375,1.3363636363636364,4,target_panel_only_extra,rolling,0.35,60,3,0,0.0,0.0,0,0
0.35,180,0.711864406779661,120,3,0.4111111111111111,0.3379032258064516,1.2166534075841953,0.5021816923886406,22.198008909953227,1.2166534075841953,1.2166534075841953,1,1,0.652542372881356,0.7711864406779662,1.1098106712564544,0.7314285714285714,1.2166534075841953,0.711864406779661,0.711864406779661,0.45617977528089887,0.9863636363636364,4,target_panel_only_extra,rolling,0.35,120,3,0,0.0,0.0,0,0
0.15,268,1.0598870056497176,20,0,0.45149253731343286,0.3379032258064516,1.3361592989705413,0.6097081677563017,47.18218794777378,1.3361592989705413,1.3361592989705413,1,1,1.0084745762711864,1.1073446327683616,1.1574675324675323,0.7946768060836502,1.3361592989705413,1.0598870056497176,1.0598870056497176,0.5191011235955056,2.1636363636363636,4,target_panel_hist_anchor25,rolling,0.15,20,0,0,0.0,0.0,0,0
0.15,229,0.9056497175141243,40,0,0.4410480349344978,0.3379032258064516,1.305249554460089,0.6097081677563017,49.44957666737155,1.305249554460089,1.305249554460089,1,1,0.7711864406779662,1.0480225988700564,1.2338308457711442,0.8303571428571429,1.305249554460089,0.9056497175141243,0.9056497175141243,0.2359550561797753,2.465909090909091,4,target_panel_hist_anchor25,rolling,0.15,40,0,0,0.0,0.0,0,0
0.15,217,0.8581920903954803,60,0,0.4700460829493088,0.3379032258064516,1.3910671667234915,0.6097081677563017,59.1191542299297,1.3910671667234915,1.3910671667234915,1,1,0.7711864406779662,0.9491525423728814,1.328740910830463,0.8490566037735849,1.3910671667234915,0.8581920903954803,0.8581920903954803,0.22272727272727272,2.7363636363636363,4,target_panel_hist_anchor25,rolling,0.15,60,0,0,0.0,0.0,0,0
0.15,203,0.8028248587570622,120,0,0.47783251231527096,0.3379032258064516,1.4141105376394654,0.6097081677563017,57.16215813074049,1.4141105376394654,1.4141105376394654,1,1,0.731638418079096,0.8898305084745763,1.3037037037037036,0.8838383838383839,1.4141105376394654,0.8028248587570622,0.8028248587570622,0.04772727272727273,2.131818181818182,4,target_panel_hist_anchor25,rolling,0.15,120,0,0,0.0,0.0,0,0
0.15,153,0.6050847457627119,250,0,0.47058823529411764,0.3379032258064516,1.392671627123403,0.6097081677563017,58.63915393387831,1.392671627123403,1.392671627123403,1,1,0.4745762711864407,0.692090395480226,1.219047619047619,0.8581081081081081,1.392671627123403,0.6050847457627119,0.6050847457627119,0.04772727272727273,1.4954545454545456,4,target_panel_hist_anchor25,rolling,0.15,250,0,0,0.0,0.0,0,0
0.15,135,0.5338983050847458,40,3,0.4222222222222222,0.3379032258064516,1.2495359321134978,0.6097081677563017,37.143713249490766,1.2495359321134978,1.2495359321134978,1,1,0.4745762711864407,0.612994350282486,0.9253731343283582,0.6692307692307692,1.2495359321134978,0.5338983050847458,0.5338983050847458,0.14157303370786517,1.3045454545454545,4,target_panel_hist_anchor25,rolling,0.15,40,3,0,0.0,0.0,0,0
0.15,119,0.4706214689265537,60,3,0.42016806722689076,0.3379032258064516,1.24345680993161,0.6097081677563017,37.30353865875624,1.24345680993161,1.24345680993161,1,1,0.4152542372881356,0.5141242937853108,0.8813077469793887,0.6929824561403509,1.24345680993161,0.4706214689265537,0.4706214689265537,0.15730337078651685,1.3681818181818182,4,target_panel_hist_anchor25,rolling,0.15,60,3,0,0.0,0.0,0,0
0.15,103,0.40734463276836164,120,3,0.44660194174757284,0.3379032258064516,1.321685937391385,0.6097081677563017,55.466487442496316,1.321685937391385,1.321685937391385,1,1,0.3954802259887006,0.4548022598870057,1.268181818181818,0.7551020408163265,1.321685937391385,0.40734463276836164,0.40734463276836164,0.04772727272727273,1.05,4,target_panel_hist_anchor25,rolling,0.15,120,3,0,0.0,0.0,0,0
0.18,305,1.2062146892655368,20,0,0.4557377049180328,0.3379032258064516,1.3487225634805744,0.6097081677563017,48.592973857363575,1.3487225634805744,1.3487225634805744,1,1,1.1271186440677967,1.265536723163842,1.1742424242424243,0.8133333333333334,1.3487225634805744,1.2062146892655368,1.2062146892655368,0.597752808988764,2.3704545454545456,4,target_panel_hist_anchor25,rolling,0.18,20,0,0,0.0,0.0,0,0
0.18,256,1.0124293785310736,40,0,0.44140625,0.3379032258064516,1.3063096658711217,0.6097081677563017,47.36951312587057,1.3063096658711217,1.3063096658711217,1,1,0.8502824858757062,1.0677966101694916,1.2051371051718156,0.8565737051792829,1.3063096658711217,1.0124293785310736,1.0124293785310736,0.26741573033707866,2.6568181818181817,4,target_panel_hist_anchor25,rolling,0.18,40,0,0,0.0,0.0,0,0
0.18,244,0.9649717514124294,60,0,0.45901639344262296,0.3379032258064516,1.3584256035056146,0.6097081677563017,56.88000160326828,1.3584256035056146,1.3584256035056146,1,1,0.8898305084745763,1.0677966101694916,1.2726461401160196,0.8619246861924686,1.3584256035056146,0.9649717514124294,0.9649717514124294,0.3146067415730337,2.9272727272727272,4,target_panel_hist_anchor25,rolling,0.18,60,0,0,0.0,0.0,0,0
0.18,232,0.9175141242937853,120,0,0.4870689655172414,0.3379032258064516,1.4414451485474447,0.6097081677563017,62.02547451553611,1.4414451485474447,1.4414451485474447,1,1,0.8700564971751413,0.9689265536723164,1.304964539007092,0.8810572687224669,1.4414451485474447,0.9175141242937853,0.9175141242937853,0.06363636363636364,2.434090909090909,4,target_panel_hist_anchor25,rolling,0.18,120,0,0,0.0,0.0,0,0
0.18,188,0.7435028248587571,250,0,0.4521276595744681,0.3379032258064516,1.338038897070025,0.6097081677563017,52.179132136229896,1.338038897070025,1.338038897070025,1,1,0.672316384180791,0.8305084745762712,1.2063492063492063,0.8743169398907104,1.338038897070025,0.7435028248587571,0.7435028248587571,0.06363636363636364,1.7659090909090909,4,target_panel_hist_anchor25,rolling,0.18,250,0,0,0.0,0.0,0,0
0.18,144,0.5694915254237288,40,3,0.4166666666666667,0.3379032258064516,1.2330946698488465,0.6097081677563017,35.296293496250094,1.2330946698488465,1.2330946698488465,1,1,0.4943502824858757,0.612994350282486,0.8883582089552239,0.7122302158273381,1.2330946698488465,0.5694915254237288,0.5694915254237288,0.15730337078651685,1.3681818181818182,4,target_panel_hist_anchor25,rolling,0.18,40,3,0,0.0,0.0,0,0
0.18,134,0.5299435028248588,60,3,0.417910447761194,0.3379032258064516,1.2367755494603356,0.6097081677563017,43.687128858290166,1.2367755494603356,1.2367755494603356,1,1,0.5141242937853108,0.5734463276836158,1.083916083916084,0.7054263565891473,1.2367755494603356,0.5299435028248588,0.5299435028248588,0.15730337078651685,1.4954545454545456,4,target_panel_hist_anchor25,rolling,0.18,60,3,0,0.0,0.0,0,0
0.18,115,0.4548022598870057,120,3,0.4260869565217391,0.3379032258064516,1.260973331949777,0.6097081677563017,46.3454902443859,1.260973331949777,1.260973331949777,1,1,0.43502824858757067,0.4745762711864407,1.1742424242424243,0.7545454545454545,1.260973331949777,0.4548022598870057,0.4548022598870057,0.06363636363636364,1.1295454545454544,4,target_panel_hist_anchor25,rolling,0.18,120,3,0,0.0,0.0,0,0
0.2,324,1.2813559322033898,20,0,0.46296296296296297,0.3379032258064516,1.3701051887209406,0.6097081677563017,52.64514113437783,1.3701051887209406,1.3701051887209406,1,1,1.1468926553672316,1.4435028248587571,1.2077922077922076,0.8213166144200627,1.3701051887209406,1.2813559322033898,1.2813559322033898,0.6921348314606742,2.45,4,target_panel_hist_anchor25,rolling,0.2,20,0,0,0.0,0.0,0,0
0.2,276,1.0915254237288137,40,0,0.4384057971014493,0.3379032258064516,1.2974300439279167,0.6097081677563017,50.22228734726475,1.2974300439279167,1.2974300439279167,1,1,0.9293785310734464,1.1666666666666667,1.2580849714648066,0.8708487084870848,1.2974300439279167,1.0915254237288137,1.0915254237288137,0.28314606741573034,2.7363636363636363,4,target_panel_hist_anchor25,rolling,0.2,40,0,0,0.0,0.0,0,0
0.2,267,1.0559322033898306,60,0,0.45692883895131087,0.3379032258064516,1.3522476379466002,0.6097081677563017,56.13446149460279,1.3522476379466002,1.3522476379466002,1,1,0.9689265536723164,1.1468926553672316,1.2879102617366016,0.8740458015267175,1.3522476379466002,1.0559322033898306,1.0559322033898306,0.40249999999999997,3.0545454545454547,4,target_panel_hist_anchor25,rolling,0.2,60,0,0,0.0,0.0,0,0
0.2,244,0.9649717514124294,120,0,0.4959016393442623,0.3379032258064516,1.4675848037873156,0.6097081677563017,63.262822370832296,1.4675848037873156,1.4675848037873156,1,1,0.9096045197740114,1.0480225988700564,1.277777777777778,0.8828451882845189,1.4675848037873156,0.9649717514124294,0.9649717514124294,0.06363636363636364,2.5136363636363637,4,target_panel_hist_anchor25,rolling,0.2,120,0,0,0.0,0.0,0,0
0.2,198,0.7830508474576272,250,0,0.4595959595959596,0.3379032258064516,1.3601407873484246,0.6097081677563017,53.67114494059307,1.3601407873484246,1.3601407873484246,1,1,0.692090395480226,0.8898305084745763,1.2444444444444445,0.8704663212435233,1.3601407873484246,0.7830508474576272,0.7830508474576272,0.07954545454545454,1.8772727272727274,4,target_panel_hist_anchor25,rolling,0.2,250,0,0,0.0,0.0,0,0
0.2,151,0.5971751412429379,40,3,0.4105960264900662,0.3379032258064516,1.2151290521424394,0.6097081677563017,40.33832378034405,1.2151290521424394,1.2151290521424394,1,1,0.5141242937853108,0.652542372881356,0.9965556831228474,0.726027397260274,1.2151290521424394,0.5971751412429379,0.5971751412429379,0.17303370786516856,1.384090909090909,4,target_panel_hist_anchor25,rolling,0.2,40,3,0,0.0,0.0,0,0
0.2,144,0.5694915254237288,60,3,0.4305555555555556,0.3379032258064516,1.274197825510475,0.6097081677563017,45.18466659062192,1.274197825510475,1.274197825510475,1,1,0.5338983050847458,0.612994350282486,1.148148148148148,0.7410071942446043,1.274197825510475,0.5694915254237288,0.5694915254237288,0.2202247191011236,1.5431818181818182,4,target_panel_hist_anchor25,rolling,0.2,60,3,0,0.0,0.0,0,0
0.2,123,0.48644067796610174,120,3,0.43089430894308944,0.3379032258064516,1.2752003415022217,0.6097081677563017,47.48226995843688,1.2752003415022217,1.2752003415022217,1,1,0.4745762711864407,0.5141242937853108,1.222222222222222,0.7627118644067796,1.2752003415022217,0.48644067796610174,0.48644067796610174,0.06363636363636364,1.1772727272727272,4,target_panel_hist_anchor25,rolling,0.2,120,3,0,0.0,0.0,0,0
0.22,340,1.344632768361582,20,0,0.45588235294117646,0.3379032258064516,1.3491506387757968,0.6097081677563017,51.07601346938917,1.3491506387757968,1.3491506387757968,1,1,1.225988700564972,1.4830508474576272,1.213986013986014,0.835820895522388,1.3491506387757968,1.344632768361582,1.344632768361582,0.7235955056179775,2.5613636363636365,4,target_panel_hist_anchor25,rolling,0.22,20,0,0,0.0,0.0,0,0
0.22,289,1.1429378531073446,40,0,0.4429065743944637,0.3379032258064516,1.3107497667043795,0.6097081677563017,51.09994617227358,1.3107497667043795,1.3107497667043795,1,1,1.0282485875706215,1.2062146892655368,1.2633228840125392,0.8838028169014085,1.3107497667043795,1.1429378531073446,1.1429378531073446,0.3146067415730337,2.815909090909091,4,target_panel_hist_anchor25,rolling,0.22,40,0,0,0.0,0.0,0,0
0.22,278,1.0994350282485876,60,0,0.460431654676259,0.3379032258064516,1.3626139661063512,0.6097081677563017,56.46763810141875,1.3626139661063512,1.3626139661063512,1,1,0.9887005649717514,1.2062146892655368,1.2581168831168832,0.8864468864468864,1.3626139661063512,1.0994350282485876,1.0994350282485876,0.42,3.1340909090909093,4,target_panel_hist_anchor25,rolling,0.22,60,0,0,0.0,0.0,0,0
0.22,256,1.0124293785310736,120,0,0.5078125,0.3379032258064516,1.5028341288782816,0.6097081677563017,64.01930238003139,1.5028341288782816,1.5028341288782816,1,1,0.9293785310734464,1.0875706214689267,1.3071895424836601,0.8884462151394422,1.5028341288782816,1.0124293785310736,1.0124293785310736,0.06363636363636364,2.577272727272727,4,target_panel_hist_anchor25,rolling,0.22,120,0,0,0.0,0.0,0,0
0.22,221,0.8740112994350283,250,0,0.45701357466063347,0.3379032258064516,1.352498407110228,0.6097081677563017,55.04135322186564,1.352498407110228,1.352498407110228,1,1,0.7909604519774012,0.9293785310734464,1.2338308457711442,0.8611111111111112,1.352498407110228,0.8740112994350283,0.8740112994350283,0.11136363636363636,2.0681818181818183,4,target_panel_hist_anchor25,rolling,0.22,250,0,0,0.0,0.0,0,0
0.22,159,0.628813559322034,40,3,0.41509433962264153,0.3379032258064516,1.2284414824154546,0.6097081677563017,41.73658238908025,1.2284414824154546,1.2284414824154546,1,1,0.5734463276836158,0.692090395480226,1.0909090909090908,0.7402597402597403,1.2284414824154546,0.628813559322034,0.628813559322034,0.18876404494382024,1.4318181818181819,4,target_panel_hist_anchor25,rolling,0.22,40,3,0,0.0,0.0,0,0
0.22,151,0.5971751412429379,60,3,0.44370860927152317,0.3379032258064516,1.3131233305410233,0.6097081677563017,47.14695260463569,1.3131233305410233,1.3131233305410233,1,1,0.5536723163841808,0.652542372881356,1.1661442006269591,0.7671232876712328,1.3131233305410233,0.5971751412429379,0.5971751412429379,0.2202247191011236,1.590909090909091,4,target_panel_hist_anchor25,rolling,0.22,60,3,0,0.0,0.0,0,0
0.22,127,0.5022598870056497,120,3,0.4409448818897638,0.3379032258064516,1.3049442805329525,0.6097081677563017,46.03477208348839,1.3049442805329525,1.3049442805329525,1,1,0.4745762711864407,0.5141242937853108,1.1492122335495831,0.7459016393442623,1.3049442805329525,0.5022598870056497,0.5022598870056497,0.06363636363636364,1.1931818181818181,4,target_panel_hist_anchor25,rolling,0.22,120,3,0,0.0,0.0,0,0
0.25,362,1.4316384180790962,20,0,0.4530386740331492,0.3379032258064516,1.3407349780455966,0.6097081677563017,53.68014330766984,1.3407349780455966,1.3407349780455966,1,1,1.305084745762712,1.5028248587570623,1.274859437751004,0.84593837535014,1.3407349780455966,1.4316384180790962,1.4316384180790962,0.802247191011236,2.6568181818181817,4,target_panel_hist_anchor25,rolling,0.25,20,0,0,0.0,0.0,0,0
0.25,306,1.2101694915254237,40,0,0.45098039215686275,0.3379032258064516,1.334643642659928,0.6097081677563017,51.65007644084961,1.334643642659928,1.334643642659928,1,1,1.1073446327683616,1.305084745762712,1.213855421686747,0.8903654485049833,1.334643642659928,1.2101694915254237,1.2101694915254237,0.3460674157303371,2.9431818181818183,4,target_panel_hist_anchor25,rolling,0.25,40,0,0,0.0,0.0,0,0
0.25,301,1.1903954802259888,60,0,0.45514950166112955,0.3379032258064516,1.3469818187584741,0.6097081677563017,52.329353658048596,1.3469818187584741,1.3469818187584741,1,1,1.1468926553672316,1.265536723163842,1.2212121212121212,0.8885135135135135,1.3469818187584741,1.1903954802259888,1.1903954802259888,0.503370786516854,3.229545454545455,4,target_panel_hist_anchor25,rolling,0.25,60,0,0,0.0,0.0,0,0
0.25,282,1.1152542372881356,120,0,0.49645390070921985,0.3379032258064516,1.4692191810964979,0.6097081677563017,57.63337311889224,1.4692191810964979,1.4692191810964979,1,1,1.0282485875706215,1.1666666666666667,1.3099415204678362,0.8880866425992779,1.4692191810964979,1.1152542372881356,1.1152542372881356,0.09545454545454546,2.7204545454545457,4,target_panel_hist_anchor25,rolling,0.25,120,0,0,0.0,0.0,0,0
0.25,262,1.0361581920903955,250,0,0.4847328244274809,0.3379032258064516,1.4345315090455282,0.6097081677563017,57.57667734299575,1.4345315090455282,1.4345315090455282,1,1,0.9293785310734464,1.1468926553672316,1.2839506172839505,0.8638132295719845,1.4345315090455282,1.0361581920903955,1.0361581920903955,0.1590909090909091,2.3386363636363634,4,target_panel_hist_anchor25,rolling,0.25,250,0,0,0.0,0.0,0,0
0.25,167,0.6604519774011299,40,3,0.4311377245508982,0.3379032258064516,1.2759207122747347,0.6097081677563017,45.72904172365509,1.2759207122747347,1.2759207122747347,1,1,0.5932203389830508,0.711864406779661,1.1448863636363635,0.7407407407407407,1.2759207122747347,0.6604519774011299,0.6604519774011299,0.20449438202247192,1.4954545454545456,4,target_panel_hist_anchor25,rolling,0.25,40,3,0,0.0,0.0,0,0
0.25,160,0.632768361581921,60,3,0.45,0.3379032258064516,1.3317422434367543,0.6097081677563017,48.86366164561254,1.3317422434367543,1.3317422434367543,1,1,0.612994350282486,0.672316384180791,1.1940298507462688,0.7612903225806451,1.3317422434367543,0.632768361581921,0.632768361581921,0.2202247191011236,1.6068181818181817,4,target_panel_hist_anchor25,rolling,0.25,60,3,0,0.0,0.0,0,0
0.25,143,0.5655367231638418,120,3,0.40559440559440557,0.3379032258064516,1.2003271191815343,0.6097081677563017,36.372365727102114,1.2003271191815343,1.2003271191815343,1,1,0.5338983050847458,0.5932203389830508,0.9272953884503532,0.7536231884057971,1.2003271191815343,0.5655367231638418,0.5655367231638418,0.09545454545454546,1.2568181818181818,4,target_panel_hist_anchor25,rolling,0.25,120,3,0,0.0,0.0,0,0
0.3,408,1.6135593220338982,20,0,0.4583333333333333,0.3379032258064516,1.3564041368337312,0.6097081677563017,52.3367660205529,1.3564041368337312,1.3564041368337312,1,1,1.5621468926553672,1.6610169491525424,1.2698412698412698,0.8635235732009926,1.3564041368337312,1.6135593220338982,1.6135593220338982,0.8808988764044944,2.8636363636363638,4,target_panel_hist_anchor25,rolling,0.3,20,0,0,0.0,0.0,0,0
0.3,342,1.3525423728813561,40,0,0.4619883040935672,0.3379032258064516,1.367220756744686,0.6097081677563017,48.09128598722268,1.367220756744686,1.367220756744686,1,1,1.225988700564972,1.4435028248587571,1.3134328358208958,0.9050445103857567,1.367220756744686,1.3525423728813561,1.3525423728813561,0.5191011235955056,3.1340909090909093,4,target_panel_hist_anchor25,rolling,0.3,40,0,0,0.0,0.0,0,0
0.3,336,1.328813559322034,60,0,0.4583333333333333,0.3379032258064516,1.3564041368337312,0.6097081677563017,50.35179555111356,1.3564041368337312,1.3564041368337312,1,1,1.1864406779661016,1.4435028248587571,1.2864792503346723,0.9003021148036254,1.3564041368337312,1.328813559322034,1.328813559322034,0.5662921348314607,3.3886363636363637,4,target_panel_hist_anchor25,rolling,0.3,60,0,0,0.0,0.0,0,0
0.3,333,1.3169491525423729,120,0,0.4924924924924925,0.3379032258064516,1.4574956818393574,0.6097081677563017,54.76305909445345,1.4574956818393574,1.4574956818393574,1,1,1.265536723163842,1.364406779661017,1.3140096618357489,0.899390243902439,1.4574956818393574,1.3169491525423729,1.3169491525423729,0.1272727272727273,2.8954545454545455,4,target_panel_hist_anchor25,rolling,0.3,120,0,0,0.0,0.0,0,0
0.3,321,1.269491525423729,250,0,0.48909657320872274,0.3379032258064516,1.447445705916029,0.6097081677563017,55.160940808780495,1.447445705916029,1.447445705916029,1,1,1.0875706214689267,1.384180790960452,1.2952380952380953,0.879746835443038,1.447445705916029,1.269491525423729,1.269491525423729,0.17500000000000002,2.625,4,target_panel_hist_anchor25,rolling,0.3,250,0,0,0.0,0.0,0,0
0.3,181,0.7158192090395481,40,3,0.43646408839779005,0.3379032258064516,1.2916836983610016,0.6097081677563017,43.82053066302779,1.2916836983610016,1.2916836983610016,1,1,0.672316384180791,0.7514124293785311,1.0886742756804215,0.7784090909090909,1.2916836983610016,0.7158192090395481,0.7158192090395481,0.28314606741573034,1.5750000000000002,4,target_panel_hist_anchor25,rolling,0.3,40,3,0,0.0,0.0,0,0
0.3,173,0.684180790960452,60,3,0.4393063583815029,0.3379032258064516,1.3000951894822521,0.6097081677563017,46.914251616037134,1.3000951894822521,1.3000951894822521,1,1,0.652542372881356,0.731638418079096,1.1216644052464948,0.7738095238095238,1.3000951894822521,0.684180790960452,0.684180790960452,0.251685393258427,1.6227272727272726,4,target_panel_hist_anchor25,rolling,0.3,60,3,0,0.0,0.0,0,0
0.3,168,0.664406779661017,120,3,0.44642857142857145,0.3379032258064516,1.3211728605523356,0.6097081677563017,39.9712076116684,1.3211728605523356,1.3211728605523356,1,1,0.652542372881356,0.692090395480226,1.1951807228915663,0.7975460122699386,1.3211728605523356,0.664406779661017,0.664406779661017,0.1272727272727273,1.3363636363636364,4,target_panel_hist_anchor25,rolling,0.3,120,3,0,0.0,0.0,0,0
0.35,455,1.7994350282485876,20,0,0.45274725274725275,0.3379032258064516,1.3398725379632301,0.6097081677563017,52.87295280064202,1.3398725379632301,1.3398725379632301,1,1,1.7203389830508475,1.8587570621468927,1.3032555754934634,0.8844444444444445,1.3398725379632301,1.7994350282485876,1.7994350282485876,1.0382022471910113,2.975,4,target_panel_hist_anchor25,rolling,0.35,20,0,0,0.0,0.0,0,0
0.35,381,1.5067796610169493,40,0,0.4540682414698163,0.3379032258064516,1.3437819079297666,0.6097081677563017,45.26276488031494,1.3437819079297666,1.3437819079297666,1,1,1.384180790960452,1.5621468926553672,1.2162046908315565,0.9095744680851063,1.3437819079297666,1.5067796610169493,1.5067796610169493,0.6292134831460674,3.2613636363636362,4,target_panel_hist_anchor25,rolling,0.35,40,0,0,0.0,0.0,0,0
0.35,367,1.4514124293785313,60,0,0.44959128065395093,0.3379032258064516,1.3305326682837688,0.6097081677563017,47.68781764827233,1.3305326682837688,1.3305326682837688,1,1,1.2457627118644068,1.5621468926553672,1.2187698161065315,0.9033149171270718,1.3305326682837688,1.4514124293785313,1.4514124293785313,0.6606741573033709,3.5318181818181817,4,target_panel_hist_anchor25,rolling,0.35,60,0,0,0.0,0.0,0,0
0.35,375,1.4830508474576272,120,0,0.47733333333333333,0.3379032258064516,1.4126332537788386,0.6097081677563017,51.230310196908576,1.4126332537788386,1.4126332537788386,1,1,1.4039548022598871,1.6214689265536724,1.3333333333333333,0.9,1.4126332537788386,1.4830508474576272,1.4830508474576272,0.17500000000000002,3.006818181818182,4,target_panel_hist_anchor25,rolling,0.35,120,0,0,0.0,0.0,0,0
0.35,376,1.4870056497175141,250,0,0.48138297872340424,0.3379032258064516,1.424617884527497,0.6097081677563017,51.00085390525382,1.424617884527497,1.424617884527497,1,1,1.4039548022598871,1.6214689265536724,1.3333333333333333,0.889487870619946,1.424617884527497,1.4870056497175141,1.4870056497175141,0.22272727272727272,2.9113636363636366,4,target_panel_hist_anchor25,rolling,0.35,250,0,0,0.0,0.0,0,0
0.35,201,0.7949152542372883,40,3,0.4228855721393035,0.3379032258064516,1.251499067906292,0.6097081677563017,40.395977833634475,1.251499067906292,1.251499067906292,1,1,0.731638418079096,0.8502824858757062,1.00040338846309,0.7908163265306123,1.251499067906292,0.7949152542372883,0.7949152542372883,0.3146067415730337,1.6068181818181817,4,target_panel_hist_anchor25,rolling,0.35,40,3,0,0.0,0.0,0,0
0.35,187,0.7395480225988701,60,3,0.41711229946524064,0.3379032258064516,1.2344134876775619,0.6097081677563017,42.092802086139685,1.2344134876775619,1.2344134876775619,1,1,0.692090395480226,0.7711864406779662,1.156177156177156,0.7692307692307693,1.2344134876775619,0.7395480225988701,0.7395480225988701,0.298876404494382,1.6227272727272726,4,target_panel_hist_anchor25,rolling,0.35,60,3,0,0.0,0.0,0,0
0.35,187,0.7395480225988701,120,3,0.3850267379679144,0.3379032258064516,1.139458604010057,0.6097081677563017,32.66037820173842,1.139458604010057,1.139458604010057,1,1,0.711864406779661,0.7909604519774012,1.0281923714759538,0.7912087912087912,1.139458604010057,0.7395480225988701,0.7395480225988701,0.17500000000000002,1.415909090909091,4,target_panel_hist_anchor25,rolling,0.35,120,3,0,0.0,0.0,0,0
0.15,304,1.2022598870056498,20,0,0.4276315789473684,0.3379032258064516,1.265544529581711,0.5875031613463992,47.43460450066256,1.265544529581711,1.265544529581711,1,1,1.1468926553672316,1.2457627118644068,1.108433734939759,0.8762541806020067,1.265544529581711,1.2022598870056498,1.2022598870056498,0.8225,2.0363636363636366,4,target_panel_hist_primary50,rolling,0.15,20,0,0,0.0,0.0,0,0
0.15,286,1.1310734463276837,40,0,0.44755244755244755,0.3379032258064516,1.3244988901313484,0.5875031613463992,49.45423671818218,1.3244988901313484,1.3244988901313484,1,1,1.0875706214689267,1.1666666666666667,1.2363938512671375,0.896797153024911,1.3244988901313484,1.1310734463276837,1.1310734463276837,0.7865168539325843,1.7977272727272728,4,target_panel_hist_primary50,rolling,0.15,40,0,0,0.0,0.0,0,0
0.15,238,0.9412429378531074,60,0,0.5168067226890757,0.3379032258064516,1.5294518762158804,0.5875031613463992,60.32839860976455,1.5294518762158804,1.5294518762158804,1,1,0.8700564971751413,0.9887005649717514,1.4621891822609587,0.8755364806866953,1.5294518762158804,0.9412429378531074,0.9412429378531074,0.3460674157303371,1.940909090909091,4,target_panel_hist_primary50,rolling,0.15,60,0,0,0.0,0.0,0,0
0.15,202,0.7988700564971751,120,0,0.5495049504950495,0.3379032258064516,1.6262199012263996,0.5875031613463992,82.84669994139612,1.6262199012263996,1.6262199012263996,1,1,0.7514124293785311,0.8502824858757062,1.4633807705657758,0.9137055837563451,1.6262199012263996,0.7988700564971751,0.7988700564971751,0.09545454545454546,2.0045454545454544,4,target_panel_hist_primary50,rolling,0.15,120,0,0,0.0,0.0,0,0
0.15,179,0.707909604519774,250,0,0.5698324022346368,0.3379032258064516,1.686377514966467,0.5875031613463992,90.10778843735278,1.686377514966467,1.686377514966467,1,1,0.652542372881356,0.7711864406779662,1.5726495726495726,0.9022988505747126,1.686377514966467,0.707909604519774,0.707909604519774,0.09545454545454546,1.6545454545454545,4,target_panel_hist_primary50,rolling,0.15,250,0,0,0.0,0.0,0,0
0.15,137,0.5418079096045197,40,3,0.40145985401459855,0.3379032258064516,1.1880912147448741,0.5875031613463992,34.59726459316305,1.1880912147448741,1.1880912147448741,1,1,0.5338983050847458,0.5536723163841808,1.0967385295743506,0.6893939393939394,1.1880912147448741,0.5418079096045197,0.5418079096045197,0.3460674157303371,0.8113636363636363,4,target_panel_hist_primary50,rolling,0.15,40,3,0,0.0,0.0,0,0
0.15,120,0.4745762711864407,60,3,0.44166666666666665,0.3379032258064516,1.3070803500397772,0.5875031613463992,38.82678470020461,1.3070803500397772,1.3070803500397772,1,1,0.4548022598870057,0.4943502824858757,1.1265412070084362,0.6869565217391305,1.3070803500397772,0.4745762711864407,0.4745762711864407,0.14157303370786517,0.8590909090909091,4,target_panel_hist_primary50,rolling,0.15,60,3,0,0.0,0.0,0,0
0.15,100,0.3954802259887006,120,3,0.47,0.3379032258064516,1.3909307875894987,0.5875031613463992,62.3854919563918,1.3909307875894987,1.3909307875894987,1,1,0.3559322033898305,0.43502824858757067,1.1777476255088195,0.7789473684210526,1.3909307875894987,0.3954802259887006,0.3954802259887006,0.09545454545454546,0.8909090909090909,4,target_panel_hist_primary50,rolling,0.15,120,3,0,0.0,0.0,0,0
0.18,325,1.2853107344632768,20,0,0.42153846153846153,0.3379032258064516,1.2475123921424638,0.5875031613463992,45.09069619316772,1.2475123921424638,1.2475123921424638,1,1,1.2457627118644068,1.3248587570621468,1.1149073907570581,0.890625,1.2475123921424638,1.2853107344632768,1.2853107344632768,0.8651685393258427,2.1795454545454547,4,target_panel_hist_primary50,rolling,0.18,20,0,0,0.0,0.0,0,0
0.18,308,1.2180790960451977,40,0,0.42857142857142855,0.3379032258064516,1.268325946130242,0.5875031613463992,42.96101775192306,1.268325946130242,1.268325946130242,1,1,1.1468926553672316,1.305084745762712,1.177071924059876,0.9075907590759076,1.268325946130242,1.2180790960451977,1.2180790960451977,0.802247191011236,1.8454545454545455,4,target_panel_hist_primary50,rolling,0.18,40,0,0,0.0,0.0,0,0
0.18,269,1.0638418079096046,60,0,0.49814126394052044,0.3379032258064516,1.4742128097523757,0.5875031613463992,61.52864168939572,1.4742128097523757,1.4742128097523757,1,1,1.0480225988700564,1.0875706214689267,1.4386434627398483,0.8939393939393939,1.4742128097523757,1.0638418079096046,1.0638418079096046,0.4404494382022472,2.084090909090909,4,target_panel_hist_primary50,rolling,0.18,60,0,0,0.0,0.0,0,0
0.18,218,0.8621468926553673,120,0,0.5504587155963303,0.3379032258064516,1.629042499616825,0.5875031613463992,80.84817514444372,1.629042499616825,1.629042499616825,1,1,0.8107344632768362,0.9096045197740114,1.528877352368592,0.9154929577464789,1.629042499616825,0.8621468926553673,0.8621468926553673,0.1431818181818182,2.084090909090909,4,target_panel_hist_primary50,rolling,0.18,120,0,0,0.0,0.0,0,0
0.18,201,0.7949152542372883,250,0,0.5323383084577115,0.3379032258064516,1.5754164737173324,0.5875031613463992,79.06194556414793,1.5754164737173324,1.5754164737173324,1,1,0.7514124293785311,0.8107344632768362,1.4444848926101204,0.9081632653061225,1.5754164737173324,0.7949152542372883,0.7949152542372883,0.1431818181818182,1.8295454545454546,4,target_panel_hist_primary50,rolling,0.18,250,0,0,0.0,0.0,0,0
0.18,147,0.5813559322033899,40,3,0.3673469387755102,0.3379032258064516,1.0871365252544933,0.5875031613463992,26.030315263293,1.0871365252544933,1.0871365252544933,1,1,0.5536723163841808,0.612994350282486,1.0575692963752665,0.7323943661971831,1.0871365252544933,0.5813559322033899,0.5813559322033899,0.3460674157303371,0.8113636363636363,4,target_panel_hist_primary50,rolling,0.18,40,3,0,0.0,0.0,0,0
0.18,132,0.5220338983050847,60,3,0.4318181818181818,0.3379032258064516,1.2779344760251683,0.5875031613463992,50.185698536409404,1.2779344760251683,1.2779344760251683,1,1,0.4943502824858757,0.5734463276836158,1.148148148148148,0.7322834645669292,1.2779344760251683,0.5220338983050847,0.5220338983050847,0.2202247191011236,0.8909090909090909,4,target_panel_hist_primary50,rolling,0.18,60,3,0,0.0,0.0,0,0
0.18,111,0.43898305084745765,120,3,0.4594594594594595,0.3379032258064516,1.35973682513062,0.5875031613463992,57.86380990097977,1.35973682513062,1.35973682513062,1,1,0.3954802259887006,0.4745762711864407,1.2338308457711442,0.7924528301886793,1.35973682513062,0.43898305084745765,0.43898305084745765,0.1431818181818182,0.9545454545454546,4,target_panel_hist_primary50,rolling,0.18,120,3,0,0.0,0.0,0,0
0.2,350,1.384180790960452,20,0,0.4057142857142857,0.3379032258064516,1.2006818956699625,0.5875031613463992,41.29061614545607,1.2006818956699625,1.2006818956699625,1,1,1.305084745762712,1.4830508474576272,1.0756626506024096,0.8956521739130435,1.2006818956699625,1.384180790960452,1.384180790960452,0.9910112359550562,2.2272727272727275,4,target_panel_hist_primary50,rolling,0.2,20,0,0,0.0,0.0,0,0
0.2,325,1.2853107344632768,40,0,0.42153846153846153,0.3379032258064516,1.2475123921424638,0.5875031613463992,42.28556393445414,1.2475123921424638,1.2475123921424638,1,1,1.1666666666666667,1.364406779661017,1.1258948838833596,0.9125,1.2475123921424638,1.2853107344632768,1.2853107344632768,0.802247191011236,1.925,4,target_panel_hist_primary50,rolling,0.2,40,0,0,0.0,0.0,0,0
0.2,294,1.1627118644067798,60,0,0.47959183673469385,0.3379032258064516,1.419317130193366,0.5875031613463992,60.81628614588176,1.419317130193366,1.419317130193366,1,1,1.1468926553672316,1.1864406779661016,1.3445783132530122,0.9134948096885813,1.419317130193366,1.1627118644067798,1.1627118644067798,0.4876404494382023,2.1954545454545458,4,target_panel_hist_primary50,rolling,0.2,60,0,0,0.0,0.0,0,0
0.2,236,0.9333333333333335,120,0,0.5338983050847458,0.3379032258064516,1.5800331701792,0.5875031613463992,76.74861083611935,1.5800331701792,1.5800331701792,1,1,0.8700564971751413,1.0084745762711864,1.5472370766488415,0.9134199134199135,1.5800331701792,0.9333333333333335,0.9333333333333335,0.20681818181818182,2.147727272727273,4,target_panel_hist_primary50,rolling,0.2,120,0,0,0.0,0.0,0,0
0.2,220,0.8700564971751413,250,0,0.509090909090909,0.3379032258064516,1.5066174875244087,0.5875031613463992,75.0145983301417,1.5066174875244087,1.5066174875244087,1,1,0.8107344632768362,0.9293785310734464,1.377299548767789,0.9116279069767442,1.5066174875244087,0.8700564971751413,0.8700564971751413,0.20681818181818182,1.9090909090909092,4,target_panel_hist_primary50,rolling,0.2,250,0,0,0.0,0.0,0,0
0.2,156,0.6169491525423729,40,3,0.34615384615384615,0.3379032258064516,1.0244171103359647,0.5875031613463992,23.25612109864969,1.0244171103359647,1.0244171103359647,1,1,0.5734463276836158,0.652542372881356,0.8403614457831325,0.7880794701986755,1.0244171103359647,0.6169491525423729,0.6169491525423729,0.3460674157303371,0.8431818181818181,4,target_panel_hist_primary50,rolling,0.2,40,3,0,0.0,0.0,0,0
0.2,145,0.5734463276836158,60,3,0.4206896551724138,0.3379032258064516,1.2450004114887665,0.5875031613463992,53.44884413694478,1.2450004114887665,1.2450004114887665,1,1,0.5536723163841808,0.632768361581921,1.1567164179104479,0.8,1.2450004114887665,0.5734463276836158,0.5734463276836158,0.251685393258427,0.9863636363636364,4,target_panel_hist_primary50,rolling,0.2,60,3,0,0.0,0.0,0,0
0.2,120,0.4745762711864407,120,3,0.4166666666666667,0.3379032258064516,1.2330946698488465,0.5875031613463992,51.21906728767434,1.2330946698488465,1.2330946698488465,1,1,0.4548022598870057,0.5141242937853108,1.1923076923076923,0.8260869565217391,1.2330946698488465,0.4745762711864407,0.4745762711864407,0.19090909090909092,0.9863636363636364,4,target_panel_hist_primary50,rolling,0.2,120,3,0,0.0,0.0,0,0
0.22,371,1.4672316384180792,20,0,0.40431266846361186,0.3379032258064516,1.1965339114436246,0.5875031613463992,40.3147218603185,1.1965339114436246,1.1965339114436246,1,1,1.423728813559322,1.5225988700564972,1.0865279299014239,0.8907103825136612,1.1965339114436246,1.4672316384180792,1.4672316384180792,1.101123595505618,2.243181818181818,4,target_panel_hist_primary50,rolling,0.22,20,0,0,0.0,0.0,0,0
0.22,349,1.380225988700565,40,0,0.4154727793696275,0.3379032258064516,1.2295614472991363,0.5875031613463992,44.6953421627681,1.2295614472991363,1.2295614472991363,1,1,1.265536723163842,1.4830508474576272,1.1460637068823238,0.9215116279069767,1.2295614472991363,1.380225988700565,1.380225988700565,0.8494382022471911,2.0522727272727272,4,target_panel_hist_primary50,rolling,0.22,40,0,0,0.0,0.0,0,0
0.22,322,1.2734463276836159,60,0,0.46273291925465837,0.3379032258064516,1.3694243911116382,0.5875031613463992,60.70051546083228,1.3694243911116382,1.3694243911116382,1,1,1.225988700564972,1.305084745762712,1.3333333333333333,0.9242902208201893,1.3694243911116382,1.2734463276836159,1.2734463276836159,0.6134831460674157,2.3068181818181817,4,target_panel_hist_primary50,rolling,0.22,60,0,0,0.0,0.0,0,0
0.22,253,1.0005649717514125,120,0,0.5217391304347826,0.3379032258064516,1.544048977897686,0.5875031613463992,73.4910942637524,1.544048977897686,1.544048977897686,1,1,0.9491525423728814,1.0480225988700564,1.3846153846153848,0.9193548387096774,1.544048977897686,1.0005649717514125,1.0005649717514125,0.27045454545454545,2.2272727272727275,4,target_panel_hist_primary50,rolling,0.22,120,0,0,0.0,0.0,0,0
0.22,239,0.9451977401129943,250,0,0.5146443514644351,0.3379032258064516,1.5230524959806673,0.5875031613463992,73.9843180839746,1.5230524959806673,1.5230524959806673,1,1,0.8502824858757062,1.0282485875706215,1.4632867132867133,0.9145299145299145,1.5230524959806673,0.9451977401129943,0.9451977401129943,0.27045454545454545,2.0204545454545455,4,target_panel_hist_primary50,rolling,0.22,250,0,0,0.0,0.0,0,0
0.22,168,0.664406779661017,40,3,0.3392857142857143,0.3379032258064516,1.004091374019775,0.5875031613463992,31.822428694195608,1.004091374019775,1.004091374019775,1,1,0.632768361581921,0.692090395480226,0.8788093550673283,0.8220858895705522,1.004091374019775,0.664406779661017,0.664406779661017,0.39325842696629215,0.9068181818181819,4,target_panel_hist_primary50,rolling,0.22,40,3,0,0.0,0.0,0,0
0.22,160,0.632768361581921,60,3,0.40625,0.3379032258064516,1.2022673031026254,0.5875031613463992,52.70962648403447,1.2022673031026254,1.2022673031026254,1,1,0.612994350282486,0.672316384180791,1.1182795698924732,0.8193548387096774,1.2022673031026254,0.632768361581921,0.632768361581921,0.3146067415730337,1.0818181818181818,4,target_panel_hist_primary50,rolling,0.22,60,3,0,0.0,0.0,0,0
0.22,127,0.5022598870056497,120,3,0.3937007874015748,0.3379032258064516,1.165128821904422,0.5875031613463992,47.86725443949888,1.165128821904422,1.165128821904422,1,1,0.4548022598870057,0.5536723163841808,0.9523809523809524,0.819672131147541,1.165128821904422,0.5022598870056497,0.5022598870056497,0.2359550561797753,1.0022727272727272,4,target_panel_hist_primary50,rolling,0.22,120,3,0,0.0,0.0,0,0
0.25,395,1.5621468926553672,20,0,0.4,0.3379032258064516,1.1837708830548928,0.5875031613463992,38.57817091866246,1.1837708830548928,1.1837708830548928,1,1,1.4830508474576272,1.6016949152542375,1.0328722296593782,0.9,1.1837708830548928,1.5621468926553672,1.5621468926553672,1.1325842696629214,2.3068181818181817,4,target_panel_hist_primary50,rolling,0.25,20,0,0,0.0,0.0,0,0
0.25,376,1.4870056497175141,40,0,0.4095744680851064,0.3379032258064516,1.2121058244046108,0.5875031613463992,42.802622381059294,1.2121058244046108,1.2121058244046108,1,1,1.423728813559322,1.5423728813559323,1.1008243500317059,0.921832884097035,1.2121058244046108,1.4870056497175141,1.4870056497175141,0.8808988764044944,2.1795454545454547,4,target_panel_hist_primary50,rolling,0.25,40,0,0,0.0,0.0,0,0
0.25,351,1.3881355932203392,60,0,0.452991452991453,0.3379032258064516,1.340595230810028,0.5875031613463992,59.014329059328865,1.340595230810028,1.340595230810028,1,1,1.364406779661017,1.4039548022598871,1.2991094814038764,0.9364161849710982,1.340595230810028,1.3881355932203392,1.3881355932203392,0.6764044943820224,2.3545454545454545,4,target_panel_hist_primary50,rolling,0.25,60,0,0,0.0,0.0,0,0
0.25,278,1.0994350282485876,120,0,0.5179856115107914,0.3379032258064516,1.5329407118696452,0.5875031613463992,70.07200568496172,1.5329407118696452,1.5329407118696452,1,1,1.0084745762711864,1.1666666666666667,1.3559322033898304,0.9010989010989011,1.5329407118696452,1.0994350282485876,1.0994350282485876,0.41363636363636364,2.3386363636363634,4,target_panel_hist_primary50,rolling,0.25,120,0,0,0.0,0.0,0,0
0.25,267,1.0559322033898306,250,0,0.5205992509363296,0.3379032258064516,1.5406755874965365,0.5875031613463992,68.81265934506301,1.5406755874965365,1.5406755874965365,1,1,0.9887005649717514,1.1073446327683616,1.3809523809523812,0.9045801526717557,1.5406755874965365,1.0559322033898306,1.0559322033898306,0.41363636363636364,2.147727272727273,4,target_panel_hist_primary50,rolling,0.25,250,0,0,0.0,0.0,0,0
0.25,180,0.711864406779661,40,3,0.3388888888888889,0.3379032258064516,1.0029169981437285,0.5875031613463992,32.8894570126435,1.0029169981437285,1.0029169981437285,1,1,0.692090395480226,0.731638418079096,0.7927927927927928,0.8228571428571428,1.0029169981437285,0.711864406779661,0.711864406779661,0.39325842696629215,0.9863636363636364,4,target_panel_hist_primary50,rolling,0.25,40,3,0,0.0,0.0,0,0
0.25,173,0.684180790960452,60,3,0.41040462427745666,0.3379032258064516,1.2145626112268408,0.5875031613463992,54.736799832198194,1.2145626112268408,1.2145626112268408,1,1,0.672316384180791,0.692090395480226,1.1424521615875265,0.8214285714285714,1.2145626112268408,0.684180790960452,0.684180790960452,0.33033707865168543,1.0977272727272729,4,target_panel_hist_primary50,rolling,0.25,60,3,0,0.0,0.0,0,0
0.25,144,0.5694915254237288,120,3,0.4097222222222222,0.3379032258064516,1.2125430920180325,0.5875031613463992,46.66072590185695,1.2125430920180325,1.2125430920180325,1,1,0.4943502824858757,0.632768361581921,1.0,0.7769784172661871,1.2125430920180325,0.5694915254237288,0.5694915254237288,0.2359550561797753,1.0818181818181818,4,target_panel_hist_primary50,rolling,0.25,120,3,0,0.0,0.0,0,0
0.3,437,1.7282485875706217,20,0,0.391304347826087,0.3379032258064516,1.1580367334232646,0.5875031613463992,35.53944359402686,1.1580367334232646,1.1580367334232646,1,1,1.6610169491525424,1.8785310734463279,1.0423087699635754,0.9097222222222222,1.1580367334232646,1.7282485875706217,1.7282485875706217,1.3213483146067417,2.4022727272727273,4,target_panel_hist_primary50,rolling,0.3,20,0,0,0.0,0.0,0,0
0.3,429,1.6966101694915254,40,0,0.40093240093240096,0.3379032258064516,1.1865302557426665,0.5875031613463992,45.621462872911756,1.1865302557426665,1.1865302557426665,1,1,1.6412429378531075,1.7401129943502827,1.0525739320920044,0.9339622641509434,1.1865302557426665,1.6966101694915254,1.6966101694915254,1.0224719101123596,2.5295454545454548,4,target_panel_hist_primary50,rolling,0.3,40,0,0,0.0,0.0,0,0
0.3,387,1.5305084745762714,60,0,0.4444444444444444,0.3379032258064516,1.3153009811721028,0.5875031613463992,54.41647958551516,1.3153009811721028,1.3153009811721028,1,1,1.4830508474576272,1.5819209039548023,1.2467532467532467,0.93717277486911,1.3153009811721028,1.5305084745762714,1.5305084745762714,0.7865168539325843,2.4977272727272726,4,target_panel_hist_primary50,rolling,0.3,60,0,0,0.0,0.0,0,0
0.3,310,1.225988700564972,120,0,0.49032258064516127,0.3379032258064516,1.4510739856801909,0.5875031613463992,62.685032353506564,1.4510739856801909,1.4510739856801909,1,1,1.1666666666666667,1.305084745762712,1.292929292929293,0.898360655737705,1.4510739856801909,1.225988700564972,1.225988700564972,0.5820224719101125,2.4977272727272726,4,target_panel_hist_primary50,rolling,0.3,120,0,0,0.0,0.0,0,0
0.3,294,1.1627118644067798,250,0,0.4897959183673469,0.3379032258064516,1.449515367005991,0.5875031613463992,60.73550094313614,1.449515367005991,1.449515367005991,1,1,1.1073446327683616,1.2457627118644068,1.2698412698412698,0.903114186851211,1.449515367005991,1.1627118644067798,1.1627118644067798,0.5820224719101125,2.243181818181818,4,target_panel_hist_primary50,rolling,0.3,250,0,0,0.0,0.0,0,0
0.3,210,0.8305084745762712,40,3,0.3476190476190476,0.3379032258064516,1.0287532674167519,0.5875031613463992,46.03215338715991,1.0287532674167519,1.0287532674167519,1,1,0.8107344632768362,0.8502824858757062,0.9248422260470454,0.8439024390243902,1.0287532674167519,0.8305084745762712,0.8305084745762712,0.5191011235955056,1.209090909090909,4,target_panel_hist_primary50,rolling,0.3,40,3,0,0.0,0.0,0,0
0.3,187,0.7395480225988701,60,3,0.40106951871657753,0.3379032258064516,1.1869360458438094,0.5875031613463992,49.666902072291315,1.1869360458438094,1.1869360458438094,1,1,0.731638418079096,0.7514124293785311,1.0714846818538886,0.8131868131868132,1.1869360458438094,0.7395480225988701,0.7395480225988701,0.33033707865168543,1.209090909090909,4,target_panel_hist_primary50,rolling,0.3,60,3,0,0.0,0.0,0,0
0.3,160,0.632768361581921,120,3,0.3875,0.3379032258064516,1.1467780429594272,0.5875031613463992,47.053027973420555,1.1467780429594272,1.1467780429594272,1,1,0.5536723163841808,0.672316384180791,1.0196078431372548,0.7741935483870968,1.1467780429594272,0.632768361581921,0.632768361581921,0.26741573033707866,1.1931818181818181,4,target_panel_hist_primary50,rolling,0.3,120,3,0,0.0,0.0,0,0
0.35,480,1.8983050847457628,20,0,0.3770833333333333,0.3379032258064516,1.115950676213206,0.5875031613463992,32.96409625031385,1.115950676213206,1.115950676213206,1,1,1.8389830508474576,2.036723163841808,1.028112449799197,0.9242105263157895,1.115950676213206,1.8983050847457628,1.8983050847457628,1.4786516853932585,2.5295454545454548,4,target_panel_hist_primary50,rolling,0.35,20,0,0,0.0,0.0,0,0
0.35,466,1.8429378531073448,40,0,0.3927038626609442,0.3379032258064516,1.162178495703033,0.5875031613463992,44.62498882884459,1.162178495703033,1.162178495703033,1,1,1.7796610169491527,1.8983050847457628,1.0893574297188755,0.9327548806941431,1.162178495703033,1.8429378531073448,1.8429378531073448,1.1168539325842697,2.625,4,target_panel_hist_primary50,rolling,0.35,40,0,0,0.0,0.0,0,0
0.35,442,1.7480225988700566,60,0,0.4276018099547511,0.3379032258064516,1.2654564304150153,0.5875031613463992,49.97240105180044,1.2654564304150153,1.2654564304150153,1,1,1.7203389830508475,1.7994350282485876,1.2148815040381307,0.9290617848970252,1.2654564304150153,1.7480225988700566,1.7480225988700566,0.8808988764044944,2.8477272727272727,4,target_panel_hist_primary50,rolling,0.35,60,0,0,0.0,0.0,0,0
0.35,354,1.4,120,0,0.4661016949152542,0.3379032258064516,1.3793940374580316,0.5875031613463992,59.965624554649935,1.3793940374580316,1.3793940374580316,1,1,1.2853107344632768,1.463276836158192,1.278538812785388,0.8997134670487106,1.3793940374580316,1.4,1.4,0.6134831460674157,2.768181818181818,4,target_panel_hist_primary50,rolling,0.35,120,0,0,0.0,0.0,0,0
0.35,334,1.3209039548022599,250,0,0.47604790419161674,0.3379032258064516,1.4088291198033527,0.5875031613463992,62.33372987463685,1.4088291198033527,1.4088291198033527,1,1,1.2062146892655368,1.4039548022598871,1.3145539906103287,0.8936170212765957,1.4088291198033527,1.3209039548022599,1.3209039548022599,0.6134831460674157,2.45,4,target_panel_hist_primary50,rolling,0.35,250,0,0,0.0,0.0,0,0
0.35,224,0.8858757062146893,40,3,0.36160714285714285,0.3379032258064516,1.0701500170473917,0.5875031613463992,47.46095174172907,1.0701500170473917,1.0701500170473917,1,1,0.8502824858757062,0.9293785310734464,0.9481481481481482,0.8356164383561644,1.0701500170473917,0.8858757062146893,0.8858757062146893,0.5820224719101125,1.2886363636363636,4,target_panel_hist_primary50,rolling,0.35,40,3,0,0.0,0.0,0,0
0.35,216,0.8542372881355933,60,3,0.37037037037037035,0.3379032258064516,1.0960841509767525,0.5875031613463992,42.36202232606004,1.0960841509767525,1.0960841509767525,1,1,0.8305084745762712,0.8700564971751413,0.9694385216773278,0.8246445497630331,1.0960841509767525,0.8542372881355933,0.8542372881355933,0.39325842696629215,1.4477272727272728,4,target_panel_hist_primary50,rolling,0.35,60,3,0,0.0,0.0,0,0
0.35,176,0.6960451977401131,120,3,0.3806818181818182,0.3379032258064516,1.1266001301800825,0.5875031613463992,49.18964691413226,1.1266001301800825,1.1266001301800825,1,1,0.632768361581921,0.7514124293785311,1.041044776119403,0.783625730994152,1.1266001301800825,0.6960451977401131,0.6960451977401131,0.298876404494382,1.3045454545454545,4,target_panel_hist_primary50,rolling,0.35,120,3,0,0.0,0.0,0,0
0.15,285,1.1271186440677967,20,0,0.45964912280701753,0.3379032258064516,1.3602981200016748,0.6027750080668839,64.08279298914292,1.3602981200016748,1.3602981200016748,1,1,1.0677966101694916,1.1666666666666667,1.2805507745266782,0.8357142857142857,1.3602981200016748,1.1271186440677967,1.1271186440677967,0.6764044943820224,1.8931818181818183,4,target_panel_hist_benefit50,rolling,0.15,20,0,0,0.0,0.0,0,0
0.15,224,0.8858757062146893,40,0,0.4419642857142857,0.3379032258064516,1.307961131946812,0.6027750080668839,64.75612178890924,1.307961131946812,1.307961131946812,1,1,0.8502824858757062,0.9689265536723164,1.2444444444444445,0.8310502283105022,1.307961131946812,0.8858757062146893,0.8858757062146893,0.385,1.590909090909091,4,target_panel_hist_benefit50,rolling,0.15,40,0,0,0.0,0.0,0,0
0.15,191,0.7553672316384181,60,0,0.5130890052356021,0.3379032258064516,1.5184495620337628,0.6027750080668839,76.63792217120482,1.5184495620337628,1.5184495620337628,1,1,0.711864406779661,0.7909604519774012,1.363707776904949,0.8279569892473119,1.5184495620337628,0.7553672316384181,0.7553672316384181,0.2975,1.8454545454545455,4,target_panel_hist_benefit50,rolling,0.15,60,0,0,0.0,0.0,0,0
0.15,207,0.8186440677966101,120,0,0.5700483091787439,0.3379032258064516,1.6870164758511754,0.6027750080668839,87.01034656591116,1.6870164758511754,1.6870164758511754,1,1,0.7514124293785311,0.8898305084745763,1.4805970149253733,0.9207920792079208,1.6870164758511754,0.8186440677966101,0.8186440677966101,0.01590909090909091,1.8454545454545455,4,target_panel_hist_benefit50,rolling,0.15,120,0,0,0.0,0.0,0,0
0.15,228,0.9016949152542374,250,0,0.5394736842105263,0.3379032258064516,1.5965330988569275,0.6027750080668839,79.15884188339723,1.5965330988569275,1.5965330988569275,1,1,0.8502824858757062,0.9491525423728814,1.5142469470827682,0.9103139013452914,1.5965330988569275,0.9016949152542374,0.9016949152542374,0.06363636363636364,1.82,4,target_panel_hist_benefit50,rolling,0.15,250,0,0,0.0,0.0,0,0
0.15,117,0.46271186440677964,40,3,0.452991452991453,0.3379032258064516,1.340595230810028,0.6027750080668839,67.06344153504251,1.340595230810028,1.340595230810028,1,1,0.43502824858757067,0.5338983050847458,1.0967385295743506,0.625,1.340595230810028,0.46271186440677964,0.46271186440677964,0.28,0.6840909090909091,4,target_panel_hist_benefit50,rolling,0.15,40,3,0,0.0,0.0,0,0
0.15,107,0.4231638418079096,60,3,0.5046728971962616,0.3379032258064516,1.4935427029197241,0.6027750080668839,71.00669557670435,1.4935427029197241,1.4935427029197241,1,1,0.4152542372881356,0.43502824858757067,1.0094979647218454,0.6176470588235294,1.4935427029197241,0.4231638418079096,0.4231638418079096,0.2202247191011236,0.8431818181818181,4,target_panel_hist_benefit50,rolling,0.15,60,3,0,0.0,0.0,0,0
0.15,103,0.40734463276836164,120,3,0.42718446601941745,0.3379032258064516,1.2642213314178465,0.6027750080668839,62.74080799702636,1.2642213314178465,1.2642213314178465,1,1,0.37570621468926557,0.43502824858757067,0.8412483039348712,0.8061224489795918,1.2642213314178465,0.40734463276836164,0.40734463276836164,0.01590909090909091,0.7954545454545455,4,target_panel_hist_benefit50,rolling,0.15,120,3,0,0.0,0.0,0,0
0.18,323,1.2774011299435029,20,0,0.4458204334365325,0.3379032258064516,1.3193731204326977,0.6027750080668839,59.61781602752096,1.3193731204326977,1.3193731204326977,1,1,1.1864406779661016,1.344632768361582,1.260542168674699,0.8553459119496856,1.3193731204326977,1.2774011299435029,1.2774011299435029,0.7235955056179775,2.147727272727273,4,target_panel_hist_benefit50,rolling,0.18,20,0,0,0.0,0.0,0,0
0.18,243,0.9610169491525424,40,0,0.43209876543209874,0.3379032258064516,1.278764842806211,0.6027750080668839,62.39642804545081,1.278764842806211,1.278764842806211,1,1,0.9293785310734464,1.0282485875706215,1.244979919678715,0.8571428571428571,1.278764842806211,0.9610169491525424,0.9610169491525424,0.455,1.638636363636364,4,target_panel_hist_benefit50,rolling,0.18,40,0,0,0.0,0.0,0,0
0.18,226,0.8937853107344633,60,0,0.49557522123893805,0.3379032258064516,1.4666187931653536,0.6027750080668839,74.31413175627019,1.4666187931653536,1.4666187931653536,1,1,0.8700564971751413,0.9293785310734464,1.3939393939393938,0.8687782805429864,1.4666187931653536,0.8937853107344633,0.8937853107344633,0.40249999999999997,1.9886363636363638,4,target_panel_hist_benefit50,rolling,0.18,60,0,0,0.0,0.0,0,0
0.18,243,0.9610169491525424,120,0,0.5308641975308642,0.3379032258064516,1.5710539497333453,0.6027750080668839,78.87198884175639,1.5710539497333453,1.5710539497333453,1,1,0.9293785310734464,1.0282485875706215,1.4805970149253733,0.9327731092436975,1.5710539497333453,0.9610169491525424,0.9610169491525424,0.01590909090909091,1.940909090909091,4,target_panel_hist_benefit50,rolling,0.18,120,0,0,0.0,0.0,0,0
0.18,260,1.0282485875706215,250,0,0.5346153846153846,0.3379032258064516,1.5821553148522123,0.6027750080668839,78.48153857306198,1.5821553148522123,1.5821553148522123,1,1,0.9689265536723164,1.0875706214689267,1.4352726165092904,0.9137254901960784,1.5821553148522123,1.0282485875706215,1.0282485875706215,0.11136363636363636,2.1174999999999997,4,target_panel_hist_benefit50,rolling,0.18,250,0,0,0.0,0.0,0,0
0.18,128,0.5062146892655368,40,3,0.4375,0.3379032258064516,1.2947494033412887,0.6027750080668839,65.29717685548957,1.2947494033412887,1.2947494033412887,1,1,0.4745762711864407,0.5734463276836158,1.148739063304169,0.6829268292682927,1.2947494033412887,0.5062146892655368,0.5062146892655368,0.2975,0.7159090909090909,4,target_panel_hist_benefit50,rolling,0.18,40,3,0,0.0,0.0,0,0
0.18,120,0.4745762711864407,60,3,0.4666666666666667,0.3379032258064516,1.381066030230708,0.6027750080668839,68.83617056018426,1.381066030230708,1.381066030230708,1,1,0.4548022598870057,0.5141242937853108,0.9965556831228474,0.6695652173913044,1.381066030230708,0.4745762711864407,0.4745762711864407,0.2202247191011236,0.8909090909090909,4,target_panel_hist_benefit50,rolling,0.18,60,3,0,0.0,0.0,0,0
0.18,121,0.47853107344632767,120,3,0.371900826446281,0.3379032258064516,1.100613424327896,0.6027750080668839,56.13496523778695,1.100613424327896,1.100613424327896,1,1,0.4548022598870057,0.5141242937853108,0.9965556831228474,0.8448275862068966,1.100613424327896,0.47853107344632767,0.47853107344632767,0.01590909090909091,0.9275,4,target_panel_hist_benefit50,rolling,0.18,120,3,0,0.0,0.0,0,0
0.2,339,1.340677966101695,20,0,0.4365781710914454,0.3379032258064516,1.2920213177885258,0.6027750080668839,57.22732858810703,1.2920213177885258,1.2920213177885258,1,1,1.225988700564972,1.463276836158192,1.2486962776479051,0.8622754491017964,1.2920213177885258,1.340677966101695,1.340677966101695,0.7707865168539327,2.1636363636363636,4,target_panel_hist_benefit50,rolling,0.2,20,0,0,0.0,0.0,0,0
0.2,263,1.0401129943502825,40,0,0.4524714828897338,0.3379032258064516,1.3390564171438424,0.6027750080668839,64.80931370491193,1.3390564171438424,1.3390564171438424,1,1,0.9887005649717514,1.0875706214689267,1.2786974219810041,0.872093023255814,1.3390564171438424,1.0401129943502825,1.0401129943502825,0.47250000000000003,1.8295454545454546,4,target_panel_hist_benefit50,rolling,0.2,40,0,0,0.0,0.0,0,0
0.2,244,0.9649717514124294,60,0,0.4918032786885246,0.3379032258064516,1.4554560037560156,0.6027750080668839,74.0666760079152,1.4554560037560156,1.4554560037560156,1,1,0.9293785310734464,1.0084745762711864,1.406094968107725,0.8828451882845189,1.4554560037560156,0.9649717514124294,0.9649717514124294,0.455,2.084090909090909,4,target_panel_hist_benefit50,rolling,0.2,60,0,0,0.0,0.0,0,0
0.2,262,1.0361581920903955,120,0,0.5305343511450382,0.3379032258064516,1.570077793364791,0.6027750080668839,80.44527649522784,1.570077793364791,1.570077793364791,1,1,0.9887005649717514,1.0875706214689267,1.4666291185581528,0.933852140077821,1.570077793364791,1.0361581920903955,1.0361581920903955,0.03181818181818182,2.0204545454545455,4,target_panel_hist_benefit50,rolling,0.2,120,0,0,0.0,0.0,0,0
0.2,279,1.1033898305084746,250,0,0.5483870967741935,0.3379032258064516,1.6229116945107398,0.6027750080668839,78.49651774900384,1.6229116945107398,1.6229116945107398,1,1,1.0480225988700564,1.1468926553672316,1.5364686003942554,0.916058394160584,1.6229116945107398,1.1033898305084746,1.1033898305084746,0.1431818181818182,2.3099999999999996,4,target_panel_hist_benefit50,rolling,0.2,250,0,0,0.0,0.0,0,0
0.2,137,0.5418079096045197,40,3,0.44525547445255476,0.3379032258064516,1.317701165444315,0.6027750080668839,65.71108524637594,1.317701165444315,1.317701165444315,1,1,0.4943502824858757,0.612994350282486,1.074626865671642,0.6893939393939394,1.317701165444315,0.5418079096045197,0.5418079096045197,0.2975,0.8113636363636363,4,target_panel_hist_benefit50,rolling,0.2,40,3,0,0.0,0.0,0,0
0.2,130,0.5141242937853108,60,3,0.46153846153846156,0.3379032258064516,1.365889480447953,0.6027750080668839,67.82083763766795,1.365889480447953,1.365889480447953,1,1,0.4745762711864407,0.5536723163841808,1.0575692963752665,0.688,1.365889480447953,0.5141242937853108,0.5141242937853108,0.251685393258427,0.9704545454545455,4,target_panel_hist_benefit50,rolling,0.2,60,3,0,0.0,0.0,0,0
0.2,125,0.4943502824858757,120,3,0.376,0.3379032258064516,1.112744630071599,0.6027750080668839,62.33123231397084,1.112744630071599,1.112744630071599,1,1,0.4548022598870057,0.5338983050847458,1.0434782608695652,0.85,1.112744630071599,0.4943502824858757,0.4943502824858757,0.03181818181818182,0.9450000000000001,4,target_panel_hist_benefit50,rolling,0.2,120,3,0,0.0,0.0,0,0
0.22,357,1.4118644067796613,20,0,0.4257703081232493,0.3379032258064516,1.2600362340640314,0.6027750080668839,54.9779660447393,1.2600362340640314,1.2600362340640314,1,1,1.3248587570621468,1.5225988700564972,1.2017832913355302,0.8721590909090909,1.2600362340640314,1.4118644067796613,1.4118644067796613,0.8651685393258427,2.2113636363636364,4,target_panel_hist_benefit50,rolling,0.22,20,0,0,0.0,0.0,0,0
0.22,278,1.0994350282485876,40,0,0.4460431654676259,0.3379032258064516,1.3200322796655277,0.6027750080668839,61.96381378104175,1.3200322796655277,1.3200322796655277,1,1,1.0282485875706215,1.2062146892655368,1.2742843161242967,0.8827838827838828,1.3200322796655277,1.0994350282485876,1.0994350282485876,0.47250000000000003,1.9090909090909092,4,target_panel_hist_benefit50,rolling,0.22,40,0,0,0.0,0.0,0,0
0.22,269,1.0638418079096046,60,0,0.49070631970260226,0.3379032258064516,1.4522096334874148,0.6027750080668839,72.79378791940957,1.4522096334874148,1.4522096334874148,1,1,1.0480225988700564,1.1073446327683616,1.3880597014925373,0.8939393939393939,1.4522096334874148,1.0638418079096046,1.0638418079096046,0.550561797752809,2.1795454545454547,4,target_panel_hist_benefit50,rolling,0.22,60,0,0,0.0,0.0,0,0
0.22,274,1.0836158192090395,120,0,0.5291970802919708,0.3379032258064516,1.5661202376182428,0.6027750080668839,78.34339316572228,1.5661202376182428,1.5661202376182428,1,1,1.0677966101694916,1.1073446327683616,1.4805970149253733,0.9330855018587361,1.5661202376182428,1.0836158192090395,1.0836158192090395,0.06363636363636364,2.0681818181818183,4,target_panel_hist_benefit50,rolling,0.22,120,0,0,0.0,0.0,0,0
0.22,301,1.1903954802259888,250,0,0.5348837209302325,0.3379032258064516,1.5829494366431702,0.6027750080668839,76.51129448573762,1.5829494366431702,1.5829494366431702,1,1,1.1468926553672316,1.225988700564972,1.4863387978142075,0.9256756756756757,1.5829494366431702,1.1903954802259888,1.1903954802259888,0.17500000000000002,2.5549999999999997,4,target_panel_hist_benefit50,rolling,0.22,250,0,0,0.0,0.0,0,0
0.22,141,0.5576271186440678,40,3,0.4397163120567376,0.3379032258064516,1.3013084175426126,0.6027750080668839,64.29314451998144,1.3013084175426126,1.3013084175426126,1,1,0.5141242937853108,0.652542372881356,1.0094979647218454,0.6985294117647058,1.3013084175426126,0.5576271186440678,0.5576271186440678,0.2975,0.8431818181818181,4,target_panel_hist_benefit50,rolling,0.22,40,3,0,0.0,0.0,0,0
0.22,140,0.5536723163841808,60,3,0.4642857142857143,0.3379032258064516,1.374019774974429,0.6027750080668839,68.43753200439875,1.374019774974429,1.374019774974429,1,1,0.5141242937853108,0.632768361581921,1.041044776119403,0.7185185185185186,1.374019774974429,0.5536723163841808,0.5536723163841808,0.28314606741573034,1.0340909090909092,4,target_panel_hist_benefit50,rolling,0.22,60,3,0,0.0,0.0,0,0
0.22,130,0.5141242937853108,120,3,0.38461538461538464,0.3379032258064516,1.1382412337066277,0.6027750080668839,60.31054956472082,1.1382412337066277,1.1382412337066277,1,1,0.4943502824858757,0.5536723163841808,1.0342910101946248,0.856,1.1382412337066277,0.5141242937853108,0.5141242937853108,0.04772727272727273,0.9975,4,target_panel_hist_benefit50,rolling,0.22,120,3,0,0.0,0.0,0,0
0.25,385,1.5225988700564972,20,0,0.41818181818181815,0.3379032258064516,1.2375786504664785,0.6027750080668839,55.29528719386458,1.2375786504664785,1.2375786504664785,1,1,1.463276836158192,1.5819209039548023,1.1875193080012356,0.881578947368421,1.2375786504664785,1.5225988700564972,1.5225988700564972,0.9438202247191012,2.290909090909091,4,target_panel_hist_benefit50,rolling,0.25,20,0,0,0.0,0.0,0,0
0.25,299,1.1824858757062147,40,0,0.45484949832775917,0.3379032258064516,1.346093980731316,0.6027750080668839,63.64547984382448,1.346093980731316,1.346093980731316,1,1,1.0875706214689267,1.3248587570621468,1.2805507745266782,0.891156462585034,1.346093980731316,1.1824858757062147,1.1824858757062147,0.6124999999999999,1.9886363636363638,4,target_panel_hist_benefit50,rolling,0.25,40,0,0,0.0,0.0,0,0
0.25,293,1.1587570621468928,60,0,0.4948805460750853,0.3379032258064516,1.464562952584978,0.6027750080668839,71.07614730842269,1.464562952584978,1.464562952584978,1,1,1.1073446327683616,1.2853107344632768,1.409090909090909,0.9027777777777778,1.464562952584978,1.1587570621468928,1.1587570621468928,0.6134831460674157,2.2113636363636364,4,target_panel_hist_benefit50,rolling,0.25,60,0,0,0.0,0.0,0,0
0.25,303,1.1983050847457628,120,0,0.5247524752475248,0.3379032258064516,1.5529667525225077,0.6027750080668839,74.36739358293187,1.5529667525225077,1.5529667525225077,1,1,1.1864406779661016,1.2062146892655368,1.4426229508196722,0.9228187919463087,1.5529667525225077,1.1983050847457628,1.1983050847457628,0.09545454545454546,2.205,4,target_panel_hist_benefit50,rolling,0.25,120,0,0,0.0,0.0,0,0
0.25,332,1.3129943502824861,250,0,0.5150602409638554,0.3379032258064516,1.5242832906806223,0.6027750080668839,70.08518968236008,1.5242832906806223,1.5242832906806223,1,1,1.265536723163842,1.344632768361582,1.411764705882353,0.908256880733945,1.5242832906806223,1.3129943502824861,1.3129943502824861,0.3181818181818182,2.7825,4,target_panel_hist_benefit50,rolling,0.25,250,0,0,0.0,0.0,0,0
0.25,153,0.6050847457627119,40,3,0.43137254901960786,0.3379032258064516,1.276615658196453,0.6027750080668839,64.432928214037,1.276615658196453,1.276615658196453,1,1,0.5536723163841808,0.711864406779661,1.131011608623549,0.7297297297297297,1.276615658196453,0.6050847457627119,0.6050847457627119,0.385,0.9068181818181819,4,target_panel_hist_benefit50,rolling,0.25,40,3,0,0.0,0.0,0,0
0.25,148,0.5853107344632769,60,3,0.43243243243243246,0.3379032258064516,1.2797523060052893,0.6027750080668839,64.02985149239005,1.2797523060052893,1.2797523060052893,1,1,0.5338983050847458,0.711864406779661,1.0281923714759538,0.7552447552447552,1.2797523060052893,0.5853107344632769,0.5853107344632769,0.3146067415730337,1.0340909090909092,4,target_panel_hist_benefit50,rolling,0.25,60,3,0,0.0,0.0,0,0
0.25,142,0.5615819209039548,120,3,0.4084507042253521,0.3379032258064516,1.2087801270630947,0.6027750080668839,59.49295819425014,1.2087801270630947,1.2087801270630947,1,1,0.5536723163841808,0.5734463276836158,1.1428571428571428,0.8321167883211679,1.2087801270630947,0.5615819209039548,0.5615819209039548,0.06363636363636364,1.12,4,target_panel_hist_benefit50,rolling,0.25,120,3,0,0.0,0.0,0,0
0.3,417,1.6491525423728814,20,0,0.4172661870503597,0.3379032258064516,1.234868906783881,0.6027750080668839,55.194983207538144,1.234868906783881,1.234868906783881,1,1,1.5819209039548023,1.7401129943502827,1.1777476255088195,0.8907766990291263,1.234868906783881,1.6491525423728814,1.6491525423728814,1.0696629213483146,2.418181818181818,4,target_panel_hist_benefit50,rolling,0.3,20,0,0,0.0,0.0,0,0
0.3,350,1.384180790960452,40,0,0.4542857142857143,0.3379032258064516,1.3444255028980567,0.6027750080668839,64.69438111225386,1.3444255028980567,1.3444255028980567,1,1,1.344632768361582,1.463276836158192,1.2505042355788625,0.9130434782608695,1.3444255028980567,1.384180790960452,1.384180790960452,0.8337078651685393,2.243181818181818,4,target_panel_hist_benefit50,rolling,0.3,40,0,0,0.0,0.0,0,0
0.3,338,1.3367231638418078,60,0,0.4940828402366864,0.3379032258064516,1.4622022002231292,0.6027750080668839,67.8987268993677,1.4622022002231292,1.4622022002231292,1,1,1.265536723163842,1.4435028248587571,1.3690451850337355,0.9099099099099099,1.4622022002231292,1.3367231638418078,1.3367231638418078,0.7707865168539327,2.3704545454545456,4,target_panel_hist_benefit50,rolling,0.3,60,0,0,0.0,0.0,0,0
0.3,323,1.2774011299435029,120,0,0.5356037151702786,0.3379032258064516,1.5850802071865047,0.6027750080668839,77.01711290586071,1.5850802071865047,1.5850802071865047,1,1,1.2457627118644068,1.3248587570621468,1.4583333333333333,0.9213836477987422,1.5850802071865047,1.2774011299435029,1.2774011299435029,0.1431818181818182,2.3625,4,target_panel_hist_benefit50,rolling,0.3,120,0,0,0.0,0.0,0,0
0.3,385,1.5225988700564972,250,0,0.4831168831168831,0.3379032258064516,1.4297492483650003,0.6027750080668839,61.23100512355158,1.4297492483650003,1.4297492483650003,1,1,1.5028248587570623,1.5423728813559323,1.368421052631579,0.9210526315789473,1.4297492483650003,1.5225988700564972,1.5225988700564972,0.5348314606741573,3.1675,4,target_panel_hist_benefit50,rolling,0.3,250,0,0,0.0,0.0,0,0
0.3,182,0.7197740112994351,40,3,0.3901098901098901,0.3379032258064516,1.1545018227595794,0.6027750080668839,63.75471110489245,1.1545018227595794,1.1545018227595794,1,1,0.672316384180791,0.8107344632768362,0.9930833636694577,0.7966101694915254,1.1545018227595794,0.7197740112994351,0.7197740112994351,0.4404494382022472,1.0818181818181818,4,target_panel_hist_benefit50,rolling,0.3,40,3,0,0.0,0.0,0,0
0.3,172,0.6802259887005649,60,3,0.4127906976744186,0.3379032258064516,1.2216240217572294,0.6027750080668839,56.38586395987206,1.2216240217572294,1.2216240217572294,1,1,0.612994350282486,0.7514124293785311,1.0714846818538886,0.7964071856287425,1.2216240217572294,0.6802259887005649,0.6802259887005649,0.3775280898876405,1.1136363636363638,4,target_panel_hist_benefit50,rolling,0.3,60,3,0,0.0,0.0,0,0
0.3,152,0.6011299435028249,120,3,0.45394736842105265,0.3379032258064516,1.3434241929405855,0.6027750080668839,72.32601294370814,1.3434241929405855,1.3434241929405855,1,1,0.5932203389830508,0.612994350282486,1.2338308457711442,0.8299319727891157,1.3434241929405855,0.6011299435028249,0.6011299435028249,0.07954545454545454,1.1725,4,target_panel_hist_benefit50,rolling,0.3,120,3,0,0.0,0.0,0,0
0.35,447,1.7677966101694917,20,0,0.41834451901565994,0.3379032258064516,1.2380601517408552,0.6027750080668839,56.13949878470224,1.2380601517408552,1.2380601517408552,1,1,1.7401129943502827,1.8192090395480227,1.1883899233296824,0.8981900452488688,1.2380601517408552,1.7677966101694917,1.7677966101694917,1.164044943820225,2.434090909090909,4,target_panel_hist_benefit50,rolling,0.35,20,0,0,0.0,0.0,0,0
0.35,386,1.5265536723163844,40,0,0.4378238341968912,0.3379032258064516,1.295707767074332,0.6027750080668839,58.44453305938498,1.295707767074332,1.295707767074332,1,1,1.463276836158192,1.6214689265536724,1.218784128139789,0.9212598425196851,1.295707767074332,1.5265536723163844,1.5265536723163844,0.8966292134831462,2.3863636363636362,4,target_panel_hist_benefit50,rolling,0.35,40,0,0,0.0,0.0,0,0
0.35,388,1.5344632768361581,60,0,0.4742268041237113,0.3379032258064516,1.4034397067145634,0.6027750080668839,62.53771310703724,1.4034397067145634,1.4034397067145634,1,1,1.4830508474576272,1.6016949152542375,1.2338308457711442,0.9216710182767625,1.4034397067145634,1.5344632768361581,1.5344632768361581,0.8337078651685393,2.5931818181818183,4,target_panel_hist_benefit50,rolling,0.35,60,0,0,0.0,0.0,0,0
0.35,354,1.4,120,0,0.53954802259887,0.3379032258064516,1.5967530979059639,0.6027750080668839,77.92419510249006,1.5967530979059639,1.5967530979059639,1,1,1.364406779661017,1.4435028248587571,1.5023474178403757,0.9369627507163324,1.5967530979059639,1.4,1.4,0.27045454545454545,2.695,4,target_panel_hist_benefit50,rolling,0.35,120,0,0,0.0,0.0,0,0
0.35,436,1.7242937853107345,250,0,0.46788990825688076,0.3379032258064516,1.3846861246743012,0.6027750080668839,53.94398545046787,1.3846861246743012,1.3846861246743012,1,1,1.6807909604519775,1.7796610169491527,1.3176470588235294,0.9489559164733179,1.3846861246743012,1.7242937853107345,1.7242937853107345,0.550561797752809,3.5349999999999997,4,target_panel_hist_benefit50,rolling,0.35,250,0,0,0.0,0.0,0,0
0.35,199,0.7870056497175141,40,3,0.35175879396984927,0.3379032258064516,1.0410045454000314,0.6027750080668839,52.07261797211303,1.0410045454000314,1.0410045454000314,1,1,0.731638418079096,0.8700564971751413,0.9253731343283582,0.8298969072164949,1.0410045454000314,0.7870056497175141,0.7870056497175141,0.503370786516854,1.1454545454545455,4,target_panel_hist_benefit50,rolling,0.35,40,3,0,0.0,0.0,0,0
0.35,203,0.8028248587570622,60,3,0.39408866995073893,0.3379032258064516,1.166276732073786,0.6027750080668839,50.02489149705099,1.166276732073786,1.166276732073786,1,1,0.7514124293785311,0.8502824858757062,0.8608122179798682,0.8333333333333334,1.166276732073786,0.8028248587570622,0.8028248587570622,0.39325842696629215,1.2886363636363636,4,target_panel_hist_benefit50,rolling,0.35,60,3,0,0.0,0.0,0,0
0.35,166,0.6564971751412431,120,3,0.5,0.3379032258064516,1.4797136038186158,0.6027750080668839,81.23125648121362,1.4797136038186158,1.4797136038186158,1,1,0.652542372881356,0.672316384180791,1.3459972862957938,0.8385093167701864,1.4797136038186158,0.6564971751412431,0.6564971751412431,0.1431818181818182,1.3125,4,target_panel_hist_benefit50,rolling,0.35,120,3,0,0.0,0.0,0,0
0.15,237,0.9372881355932203,20,0,0.4472573839662447,0.3379032258064516,1.3236256709263567,0.5591527882348495,41.5743274391497,1.3236256709263567,1.3236256709263567,1,1,0.8700564971751413,0.9887005649717514,1.1567164179104479,0.7672413793103449,1.3236256709263567,0.9372881355932203,0.9372881355932203,0.42471910112359557,1.7977272727272728,4,target_panel_extra_anchor25,rolling,0.15,20,0,0,0.0,0.0,0,0
0.15,211,0.8344632768361583,40,0,0.3791469194312796,0.3379032258064516,1.1220577090567703,0.5591527882348495,29.118649023270027,1.1220577090567703,1.1220577090567703,1,1,0.7711864406779662,0.9096045197740114,0.9855072463768115,0.8300970873786407,1.1220577090567703,0.8344632768361583,0.8344632768361583,0.0875,1.8931818181818183,4,target_panel_extra_anchor25,rolling,0.15,40,0,0,0.0,0.0,0,0
0.15,184,0.727683615819209,60,0,0.3967391304347826,0.3379032258064516,1.174120576943032,0.5591527882348495,27.47222112201478,1.174120576943032,1.174120576943032,1,1,0.652542372881356,0.8502824858757062,1.0498209052425922,0.9050279329608939,1.174120576943032,0.727683615819209,0.727683615819209,0.0,1.8772727272727274,4,target_panel_extra_anchor25,rolling,0.15,60,0,0,0.0,0.0,0,0
0.15,168,0.664406779661017,120,0,0.42857142857142855,0.3379032258064516,1.268325946130242,0.5591527882348495,46.38942910020236,1.268325946130242,1.268325946130242,1,1,0.5932203389830508,0.7514124293785311,1.1228070175438596,0.8711656441717791,1.268325946130242,0.664406779661017,0.664406779661017,0.07,1.8136363636363637,4,target_panel_extra_anchor25,rolling,0.15,120,0,0,0.0,0.0,0,0
0.15,126,0.49830508474576274,250,0,0.42857142857142855,0.3379032258064516,1.268325946130242,0.5591527882348495,48.031573606070545,1.268325946130242,1.268325946130242,1,1,0.3559322033898305,0.5932203389830508,1.1492122335495831,0.9008264462809917,1.268325946130242,0.49830508474576274,0.49830508474576274,0.0,1.0977272727272729,4,target_panel_extra_anchor25,rolling,0.15,250,0,0,0.0,0.0,0,0
0.15,117,0.46271186440677964,40,3,0.36752136752136755,0.3379032258064516,1.0876527344307776,0.5591527882348495,28.57090068052347,1.0876527344307776,1.0876527344307776,1,1,0.4152542372881356,0.5141242937853108,0.8412483039348712,0.6875,1.0876527344307776,0.46271186440677964,0.46271186440677964,0.0875,0.9704545454545455,4,target_panel_extra_anchor25,rolling,0.15,40,3,0,0.0,0.0,0,0
0.15,89,0.3519774011299435,60,3,0.3595505617977528,0.3379032258064516,1.0640637151055214,0.5591527882348495,29.58944141213115,1.0640637151055214,1.0640637151055214,1,1,0.3163841807909605,0.4152542372881356,0.9253731343283582,0.7976190476190477,1.0640637151055214,0.3519774011299435,0.3519774011299435,0.0,0.8590909090909091,4,target_panel_extra_anchor25,rolling,0.15,60,3,0,0.0,0.0,0,0
0.15,90,0.3559322033898305,120,3,0.34444444444444444,0.3379032258064516,1.0193582604083797,0.5591527882348495,37.82283955548799,1.0193582604083797,1.0193582604083797,1,1,0.3163841807909605,0.43502824858757067,0.8484848484848485,0.7176470588235294,1.0193582604083797,0.3559322033898305,0.3559322033898305,0.035,0.8272727272727273,4,target_panel_extra_anchor25,rolling,0.15,120,3,0,0.0,0.0,0,0
0.18,263,1.0401129943502825,20,0,0.4296577946768061,0.3379032258064516,1.2715409675399512,0.5591527882348495,38.33131459477637,1.2715409675399512,1.2715409675399512,1,1,0.9491525423728814,1.1073446327683616,1.1204819277108435,0.7906976744186046,1.2715409675399512,1.0401129943502825,1.0401129943502825,0.4876404494382023,1.9727272727272729,4,target_panel_extra_anchor25,rolling,0.18,20,0,0,0.0,0.0,0,0
0.18,237,0.9372881355932203,40,0,0.4050632911392405,0.3379032258064516,1.1987553246125495,0.5591527882348495,37.10905857884528,1.1987553246125495,1.1987553246125495,1,1,0.8700564971751413,0.9887005649717514,1.0756626506024096,0.8275862068965517,1.1987553246125495,0.9372881355932203,0.9372881355932203,0.0875,2.084090909090909,4,target_panel_extra_anchor25,rolling,0.18,40,0,0,0.0,0.0,0,0
0.18,207,0.8186440677966101,60,0,0.3671497584541063,0.3379032258064516,1.0865529844465198,0.5591527882348495,25.90283775227975,1.0865529844465198,1.0865529844465198,1,1,0.731638418079096,0.9096045197740114,0.9728215186326703,0.905940594059406,1.0865529844465198,0.8186440677966101,0.8186440677966101,0.0175,1.956818181818182,4,target_panel_extra_anchor25,rolling,0.18,60,0,0,0.0,0.0,0,0
0.18,193,0.7632768361581922,120,0,0.39896373056994816,0.3379032258064516,1.1807041191091545,0.5591527882348495,39.750018644041994,1.1807041191091545,1.1807041191091545,1,1,0.711864406779661,0.8305084745762712,1.0793650793650793,0.8882978723404256,1.1807041191091545,0.7632768361581922,0.7632768361581922,0.1575,1.8295454545454546,4,target_panel_extra_anchor25,rolling,0.18,120,0,0,0.0,0.0,0,0
0.18,153,0.6050847457627119,250,0,0.4117647058823529,0.3379032258064516,1.2185876737329777,0.5591527882348495,40.67491346090517,1.2185876737329777,1.2185876737329777,1,1,0.4548022598870057,0.731638418079096,1.0810810810810811,0.8918918918918919,1.2185876737329777,0.6050847457627119,0.6050847457627119,0.0,1.3204545454545455,4,target_panel_extra_anchor25,rolling,0.18,250,0,0,0.0,0.0,0,0
0.18,122,0.4824858757062147,40,3,0.3442622950819672,0.3379032258064516,1.0188192026292109,0.5591527882348495,31.274193708691907,1.0188192026292109,1.0188192026292109,1,1,0.43502824858757067,0.5338983050847458,0.6729986431478969,0.6581196581196581,1.0188192026292109,0.4824858757062147,0.4824858757062147,0.0875,0.9704545454545455,4,target_panel_extra_anchor25,rolling,0.18,40,3,0,0.0,0.0,0,0
0.18,98,0.3875706214689266,60,3,0.3163265306122449,0.3379032258064516,0.9361453411913693,0.5591527882348495,29.74991278091461,0.9361453411913693,0.9361453411913693,0,1,0.3559322033898305,0.4548022598870057,0.779261586802828,0.7956989247311828,0.9361453411913693,0.3875706214689266,0.3875706214689266,0.0175,0.8590909090909091,4,target_panel_extra_anchor25,rolling,0.18,60,3,0,0.0,0.0,0,0
0.18,99,0.3915254237288136,120,3,0.3434343434343434,0.3379032258064516,1.016368939996625,0.5591527882348495,36.76921104991593,1.016368939996625,1.016368939996625,1,1,0.3559322033898305,0.43502824858757067,0.9393939393939393,0.7127659574468085,1.016368939996625,0.3915254237288136,0.3915254237288136,0.12249999999999998,0.8272727272727273,4,target_panel_extra_anchor25,rolling,0.18,120,3,0,0.0,0.0,0,0
0.2,280,1.1073446327683616,20,0,0.4142857142857143,0.3379032258064516,1.2260484145925674,0.5591527882348495,38.46403752245077,1.2260484145925674,1.2260484145925674,1,1,0.9887005649717514,1.1864406779661016,1.0665317480394638,0.8036363636363636,1.2260484145925674,1.1073446327683616,1.1073446327683616,0.5348314606741573,2.115909090909091,4,target_panel_extra_anchor25,rolling,0.2,20,0,0,0.0,0.0,0,0
0.2,251,0.9926553672316385,40,0,0.3904382470119522,0.3379032258064516,1.1554735711093573,0.5591527882348495,35.094305522221,1.1554735711093573,1.1554735711093573,1,1,0.9096045197740114,1.0677966101694916,0.9959839357429718,0.8373983739837398,1.1554735711093573,0.9926553672316385,0.9926553672316385,0.0875,2.1795454545454547,4,target_panel_extra_anchor25,rolling,0.2,40,0,0,0.0,0.0,0,0
0.2,226,0.8937853107344633,60,0,0.37168141592920356,0.3379032258064516,1.0999640948740153,0.5591527882348495,29.232734769406285,1.0999640948740153,1.0999640948740153,1,1,0.8502824858757062,0.9887005649717514,0.9959839357429718,0.8914027149321267,1.0999640948740153,0.8937853107344633,0.8937853107344633,0.0525,2.0363636363636366,4,target_panel_extra_anchor25,rolling,0.2,60,0,0,0.0,0.0,0,0
0.2,211,0.8344632768361583,120,0,0.4028436018957346,0.3379032258064516,1.1921863158728183,0.5591527882348495,39.09330419803203,1.1921863158728183,1.1921863158728183,1,1,0.7514124293785311,0.8898305084745763,1.0666666666666667,0.8592233009708737,1.1921863158728183,0.8344632768361583,0.8344632768361583,0.28,1.8613636363636363,4,target_panel_extra_anchor25,rolling,0.2,120,0,0,0.0,0.0,0,0
0.2,173,0.684180790960452,250,0,0.3930635838150289,0.3379032258064516,1.163243064273594,0.5591527882348495,38.73238636794085,1.163243064273594,1.163243064273594,1,1,0.5141242937853108,0.7711864406779662,1.0810810810810811,0.8630952380952381,1.163243064273594,0.684180790960452,0.684180790960452,0.035,1.4954545454545456,4,target_panel_extra_anchor25,rolling,0.2,250,0,0,0.0,0.0,0,0
0.2,130,0.5141242937853108,40,3,0.33076923076923076,0.3379032258064516,0.9788874609876996,0.5591527882348495,29.31749356922258,0.9788874609876996,0.9788874609876996,0,1,0.4745762711864407,0.5536723163841808,0.6169154228855721,0.68,0.9788874609876996,0.5141242937853108,0.5141242937853108,0.0875,1.0181818181818183,4,target_panel_extra_anchor25,rolling,0.2,40,3,0,0.0,0.0,0,0
0.2,109,0.43107344632768363,60,3,0.3394495412844037,0.3379032258064516,1.004576208097042,0.5591527882348495,38.49332047969346,1.004576208097042,1.004576208097042,1,1,0.3954802259887006,0.4745762711864407,0.8454545454545453,0.7596153846153846,1.004576208097042,0.43107344632768363,0.43107344632768363,0.0525,0.9227272727272727,4,target_panel_extra_anchor25,rolling,0.2,60,3,0,0.0,0.0,0,0
0.2,107,0.4231638418079096,120,3,0.35514018691588783,0.3379032258064516,1.0510115316842503,0.5591527882348495,37.21028389559997,1.0510115316842503,1.0510115316842503,1,1,0.3954802259887006,0.4745762711864407,0.8537005163511188,0.6568627450980392,1.0510115316842503,0.4231638418079096,0.4231638418079096,0.21,0.8431818181818181,4,target_panel_extra_anchor25,rolling,0.2,120,3,0,0.0,0.0,0,0
0.22,296,1.1706214689265537,20,0,0.40202702702702703,0.3379032258064516,1.1897697219892924,0.5591527882348495,34.3256329553217,1.1897697219892924,1.1897697219892924,1,1,1.0677966101694916,1.2853107344632768,1.025028702640643,0.8109965635738832,1.1897697219892924,1.1706214689265537,1.1706214689265537,0.5662921348314607,2.2272727272727275,4,target_panel_extra_anchor25,rolling,0.22,20,0,0,0.0,0.0,0,0
0.22,271,1.0717514124293785,40,0,0.3800738007380074,0.3379032258064516,1.1248007468141508,0.5591527882348495,34.586340919703865,1.1248007468141508,1.1248007468141508,1,1,1.0084745762711864,1.1271186440677967,0.9435637285986049,0.8383458646616542,1.1248007468141508,1.0717514124293785,1.0717514124293785,0.12249999999999998,2.3068181818181817,4,target_panel_extra_anchor25,rolling,0.22,40,0,0,0.0,0.0,0,0
0.22,232,0.9175141242937853,60,0,0.36637931034482757,0.3379032258064516,1.0842728993498478,0.5591527882348495,28.579782105857817,1.0842728993498478,1.0842728993498478,1,1,0.8700564971751413,1.0084745762711864,0.9743321110529074,0.8810572687224669,1.0842728993498478,0.9175141242937853,0.9175141242937853,0.0875,2.0522727272727272,4,target_panel_extra_anchor25,rolling,0.22,60,0,0,0.0,0.0,0,0
0.22,231,0.9135593220338984,120,0,0.4025974025974026,0.3379032258064516,1.1914577069708336,0.5591527882348495,40.117296273971085,1.1914577069708336,1.1914577069708336,1,1,0.7711864406779662,0.9689265536723164,1.0582329317269077,0.8495575221238938,1.1914577069708336,0.9135593220338984,0.9135593220338984,0.3659090909090909,1.940909090909091,4,target_panel_extra_anchor25,rolling,0.22,120,0,0,0.0,0.0,0,0
0.22,188,0.7435028248587571,250,0,0.3723404255319149,0.3379032258064516,1.1019143858223734,0.5591527882348495,35.15852573363239,1.1019143858223734,1.1019143858223734,1,1,0.5734463276836158,0.7909604519774012,1.0256410256410258,0.8797814207650273,1.1019143858223734,0.7435028248587571,0.7435028248587571,0.07,1.6068181818181817,4,target_panel_extra_anchor25,rolling,0.22,250,0,0,0.0,0.0,0,0
0.22,138,0.5457627118644068,40,3,0.3188405797101449,0.3379032258064516,0.9435854864930303,0.5591527882348495,29.888486109172515,0.9435854864930303,0.9435854864930303,0,1,0.5141242937853108,0.5734463276836158,0.685461580983969,0.6691729323308271,0.9435854864930303,0.5457627118644068,0.5457627118644068,0.12249999999999998,1.0340909090909092,4,target_panel_extra_anchor25,rolling,0.22,40,3,0,0.0,0.0,0,0
0.22,113,0.44689265536723166,60,3,0.336283185840708,0.3379032258064516,0.9952056096479187,0.5591527882348495,38.00356182081939,0.9952056096479187,0.9952056096479187,0,1,0.4152542372881356,0.4745762711864407,0.9253731343283582,0.7407407407407407,0.9952056096479187,0.44689265536723166,0.44689265536723166,0.0875,0.9227272727272727,4,target_panel_extra_anchor25,rolling,0.22,60,3,0,0.0,0.0,0,0
0.22,118,0.46666666666666673,120,3,0.3728813559322034,0.3379032258064516,1.1035152299664253,0.5591527882348495,44.8868332192913,1.1035152299664253,1.1035152299664253,1,1,0.4152542372881356,0.4943502824858757,0.9093766369827135,0.6548672566371682,1.1035152299664253,0.46666666666666673,0.46666666666666673,0.23863636363636365,0.875,4,target_panel_extra_anchor25,rolling,0.22,120,3,0,0.0,0.0,0,0
0.25,339,1.340677966101695,20,0,0.3834808259587021,0.3379032258064516,1.134883589949381,0.5591527882348495,33.55188940402987,1.134883589949381,1.134883589949381,1,1,1.265536723163842,1.4435028248587571,0.982340320184849,0.8293413173652695,1.134883589949381,1.340677966101695,1.340677966101695,0.755056179775281,2.45,4,target_panel_extra_anchor25,rolling,0.25,20,0,0,0.0,0.0,0,0
0.25,300,1.1864406779661016,40,0,0.37,0.3379032258064516,1.0949880668257757,0.5591527882348495,35.804031680720094,1.0949880668257757,1.0949880668257757,1,1,1.1468926553672316,1.2062146892655368,0.9572825527534742,0.8406779661016949,1.0949880668257757,1.1864406779661016,1.1864406779661016,0.2275,2.465909090909091,4,target_panel_extra_anchor25,rolling,0.25,40,0,0,0.0,0.0,0,0
0.25,258,1.0203389830508476,60,0,0.3488372093023256,0.3379032258064516,1.032358328245546,0.5591527882348495,27.94909136235848,1.032358328245546,1.032358328245546,1,1,0.9689265536723164,1.0480225988700564,0.9583996362809729,0.8695652173913043,1.032358328245546,1.0203389830508476,1.0203389830508476,0.12249999999999998,2.1795454545454547,4,target_panel_extra_anchor25,rolling,0.25,60,0,0,0.0,0.0,0,0
0.25,254,1.0045197740112994,120,0,0.39763779527559057,0.3379032258064516,1.176780110123466,0.5591527882348495,38.65491105061656,1.176780110123466,1.176780110123466,1,1,0.8502824858757062,1.0677966101694916,1.0513163766175815,0.8634538152610441,1.176780110123466,1.0045197740112994,1.0045197740112994,0.3659090909090909,2.0045454545454544,4,target_panel_extra_anchor25,rolling,0.25,120,0,0,0.0,0.0,0,0
0.25,216,0.8542372881355933,250,0,0.37037037037037035,0.3379032258064516,1.0960841509767525,0.5591527882348495,35.34023782251711,1.0960841509767525,1.0960841509767525,1,1,0.672316384180791,0.9096045197740114,0.9798068481123794,0.8530805687203792,1.0960841509767525,0.8542372881355933,0.8542372881355933,0.175,1.7659090909090909,4,target_panel_extra_anchor25,rolling,0.25,250,0,0,0.0,0.0,0,0
0.25,150,0.5932203389830508,40,3,0.3333333333333333,0.3379032258064516,0.9864757358790771,0.5591527882348495,34.303761486783564,0.9864757358790771,0.9864757358790771,0,1,0.5734463276836158,0.612994350282486,0.6381883685023161,0.6689655172413793,0.9864757358790771,0.5932203389830508,0.5932203389830508,0.21,1.065909090909091,4,target_panel_extra_anchor25,rolling,0.25,40,3,0,0.0,0.0,0,0
0.25,129,0.5101694915254238,60,3,0.3178294573643411,0.3379032258064516,0.9405931435126085,0.5591527882348495,34.59208824911856,0.9405931435126085,0.9405931435126085,0,1,0.4943502824858757,0.5141242937853108,0.8541905855338692,0.717741935483871,0.9405931435126085,0.5101694915254238,0.5101694915254238,0.12249999999999998,1.0181818181818183,4,target_panel_extra_anchor25,rolling,0.25,60,3,0,0.0,0.0,0,0
0.25,129,0.5101694915254238,120,3,0.37209302325581395,0.3379032258064516,1.101182216795249,0.5591527882348495,42.803243442488956,1.101182216795249,1.101182216795249,1,1,0.4548022598870057,0.5338983050847458,1.0342910101946248,0.6854838709677419,1.101182216795249,0.5101694915254238,0.5101694915254238,0.23863636363636365,0.9068181818181819,4,target_panel_extra_anchor25,rolling,0.25,120,3,0,0.0,0.0,0,0
0.3,397,1.5700564971751414,20,0,0.3677581863979849,0.3379032258064516,1.088353582657521,0.5591527882348495,31.170766597015582,1.088353582657521,1.088353582657521,1,1,1.5028248587570623,1.6412429378531075,1.0079837421977065,0.8622448979591837,1.088353582657521,1.5700564971751414,1.5700564971751414,0.8966292134831462,2.8000000000000003,4,target_panel_extra_anchor25,rolling,0.3,20,0,0,0.0,0.0,0,0
0.3,343,1.356497175141243,40,0,0.37026239067055394,0.3379032258064516,1.0957645929152433,0.5591527882348495,32.59794567697594,1.0957645929152433,1.0957645929152433,1,1,1.2853107344632768,1.423728813559322,0.9526802863628426,0.8668639053254438,1.0957645929152433,1.356497175141243,1.356497175141243,0.35,2.6886363636363635,4,target_panel_extra_anchor25,rolling,0.3,40,0,0,0.0,0.0,0,0
0.3,306,1.2101694915254237,60,0,0.33986928104575165,0.3379032258064516,1.0058183973669024,0.5591527882348495,25.593112567964717,1.0058183973669024,1.0058183973669024,1,1,1.1666666666666667,1.3248587570621468,0.9491525423728814,0.8770764119601329,1.0058183973669024,1.2101694915254237,1.2101694915254237,0.175,2.3545454545454545,4,target_panel_extra_anchor25,rolling,0.3,60,0,0,0.0,0.0,0,0
0.3,304,1.2022598870056498,120,0,0.41118421052631576,0.3379032258064516,1.2168697399824142,0.5591527882348495,41.10070478047129,1.2168697399824142,1.2168697399824142,1,1,1.0677966101694916,1.265536723163842,1.0416666666666667,0.8695652173913043,1.2168697399824142,1.2022598870056498,1.2022598870056498,0.4772727272727273,2.3068181818181817,4,target_panel_extra_anchor25,rolling,0.3,120,0,0,0.0,0.0,0,0
0.3,259,1.0242937853107343,250,0,0.38223938223938225,0.3379032258064516,1.1312096276296755,0.5591527882348495,34.51320568499971,1.1312096276296755,1.1312096276296755,1,1,0.8107344632768362,1.1468926553672316,0.9655172413793104,0.8582677165354331,1.1312096276296755,1.0242937853107343,1.0242937853107343,0.40249999999999997,1.8454545454545455,4,target_panel_extra_anchor25,rolling,0.3,250,0,0,0.0,0.0,0,0
0.3,175,0.692090395480226,40,3,0.34285714285714286,0.3379032258064516,1.0146607569041937,0.5591527882348495,32.786166544733405,1.0146607569041937,1.0146607569041937,1,1,0.632768361581921,0.7514124293785311,0.897331524197196,0.7235294117647059,1.0146607569041937,0.692090395480226,0.692090395480226,0.2275,1.240909090909091,4,target_panel_extra_anchor25,rolling,0.3,40,3,0,0.0,0.0,0,0
0.3,151,0.5971751412429379,60,3,0.33774834437086093,0.3379032258064516,0.9995416396655551,0.5591527882348495,35.55198242024524,0.9995416396655551,0.9995416396655551,0,1,0.5734463276836158,0.652542372881356,0.9195402298850576,0.7054794520547946,0.9995416396655551,0.5971751412429379,0.5971751412429379,0.14,1.1454545454545455,4,target_panel_extra_anchor25,rolling,0.3,60,3,0,0.0,0.0,0,0
0.3,151,0.5971751412429379,120,3,0.39072847682119205,0.3379032258064516,1.1563324851032892,0.5591527882348495,47.6549254868946,1.1563324851032892,1.1563324851032892,1,1,0.5536723163841808,0.632768361581921,1.0,0.6986301369863014,1.1563324851032892,0.5971751412429379,0.5971751412429379,0.2545454545454546,1.065909090909091,4,target_panel_extra_anchor25,rolling,0.3,120,3,0,0.0,0.0,0,0
0.35,450,1.7796610169491527,20,0,0.38222222222222224,0.3379032258064516,1.1311588438080087,0.5591527882348495,35.88900326857031,1.1311588438080087,1.1311588438080087,1,1,1.7005649717514124,1.9180790960451979,1.0329746615758417,0.8786516853932584,1.1311588438080087,1.7796610169491527,1.7796610169491527,1.0696629213483146,3.038636363636364,4,target_panel_extra_anchor25,rolling,0.35,20,0,0,0.0,0.0,0,0
0.35,375,1.4830508474576272,40,0,0.35733333333333334,0.3379032258064516,1.0575019888623707,0.5591527882348495,30.646680391089255,1.0575019888623707,1.0575019888623707,1,1,1.423728813559322,1.5621468926553672,0.9077321946011897,0.8702702702702703,1.0575019888623707,1.4830508474576272,1.4830508474576272,0.455,2.9272727272727272,4,target_panel_extra_anchor25,rolling,0.35,40,0,0,0.0,0.0,0,0
0.35,346,1.368361581920904,60,0,0.3439306358381503,0.3379032258064516,1.0178376812393948,0.5591527882348495,24.42961018167191,1.0178376812393948,1.0178376812393948,1,1,1.265536723163842,1.5028248587570623,0.9253731343283582,0.8797653958944281,1.0178376812393948,1.368361581920904,1.368361581920904,0.2975,2.6568181818181817,4,target_panel_extra_anchor25,rolling,0.35,60,0,0,0.0,0.0,0,0
0.35,393,1.5542372881355933,120,0,0.4071246819338422,0.3379032258064516,1.2048558606156667,0.5591527882348495,39.39122725165943,1.2048558606156667,1.2048558606156667,1,1,1.3248587570621468,1.7005649717514124,1.0852713178294573,0.8969072164948454,1.2048558606156667,1.5542372881355933,1.5542372881355933,0.6681818181818182,2.7363636363636363,4,target_panel_extra_anchor25,rolling,0.35,120,0,0,0.0,0.0,0,0
0.35,317,1.2536723163841808,250,0,0.38801261829652994,0.3379032258064516,1.1482950994933105,0.5591527882348495,34.972340733338825,1.1482950994933105,1.1482950994933105,1,1,0.9689265536723164,1.5028248587570623,1.0175438596491229,0.8621794871794872,1.1482950994933105,1.2536723163841808,1.2536723163841808,0.5774999999999999,2.1636363636363636,4,target_panel_extra_anchor25,rolling,0.35,250,0,0,0.0,0.0,0,0
0.35,198,0.7830508474576272,40,3,0.3282828282828283,0.3379032258064516,0.9715291338203034,0.5591527882348495,30.545011808502675,0.9715291338203034,0.9715291338203034,0,1,0.711864406779661,0.8305084745762712,0.8328358208955224,0.7409326424870466,0.9715291338203034,0.7830508474576272,0.7830508474576272,0.315,1.4000000000000001,4,target_panel_extra_anchor25,rolling,0.35,40,3,0,0.0,0.0,0,0
0.35,174,0.6881355932203389,60,3,0.3448275862068966,0.3379032258064516,1.0204921405645626,0.5591527882348495,30.88939279150034,1.0204921405645626,1.0204921405645626,1,1,0.612994350282486,0.7514124293785311,0.8358208955223881,0.7159763313609467,1.0204921405645626,0.6881355932203389,0.6881355932203389,0.24499999999999997,1.3204545454545455,4,target_panel_extra_anchor25,rolling,0.35,60,3,0,0.0,0.0,0,0
0.35,200,0.7909604519774012,120,3,0.37,0.3379032258064516,1.0949880668257757,0.5591527882348495,40.10621620906201,1.0949880668257757,1.0949880668257757,1,1,0.672316384180791,0.8898305084745763,1.0074074074074073,0.7897435897435897,1.0949880668257757,0.7909604519774012,0.7909604519774012,0.3659090909090909,1.3522727272727273,4,target_panel_extra_anchor25,rolling,0.35,120,3,0,0.0,0.0,0,0
0.15,318,1.257627118644068,20,0,0.4025157232704403,0.3379032258064516,1.1912159829483198,0.5669449620493083,42.43931551628457,1.1912159829483198,1.1912159829483198,1,1,1.1864406779661016,1.305084745762712,1.0833333333333333,0.8945686900958466,1.1912159829483198,1.257627118644068,1.257627118644068,0.875,1.8931818181818183,4,target_panel_extra_primary50,rolling,0.15,20,0,0,0.0,0.0,0,0
0.15,292,1.1548022598870056,40,0,0.4520547945205479,0.3379032258064516,1.3378232582469676,0.5669449620493083,49.24081815829704,1.3378232582469676,1.3378232582469676,1,1,1.0875706214689267,1.2062146892655368,1.224570412798736,0.8850174216027874,1.3378232582469676,1.1548022598870056,1.1548022598870056,0.7235955056179775,1.7659090909090909,4,target_panel_extra_primary50,rolling,0.15,40,0,0,0.0,0.0,0,0
0.15,252,0.9966101694915255,60,0,0.47619047619047616,0.3379032258064516,1.4092510512558245,0.5669449620493083,44.903802819346545,1.4092510512558245,1.4092510512558245,1,1,0.9096045197740114,1.0480225988700564,1.2338308457711442,0.8947368421052632,1.4092510512558245,0.9966101694915255,0.9966101694915255,0.39325842696629215,1.6545454545454545,4,target_panel_extra_primary50,rolling,0.15,60,0,0,0.0,0.0,0,0
0.15,199,0.7870056497175141,120,0,0.542713567839196,0.3379032258064516,1.606121298617191,0.5669449620493083,74.90406780340012,1.606121298617191,1.606121298617191,1,1,0.731638418079096,0.8107344632768362,1.4666666666666668,0.9020618556701031,1.606121298617191,0.7870056497175141,0.7870056497175141,0.3146067415730337,1.6863636363636363,4,target_panel_extra_primary50,rolling,0.15,120,0,0,0.0,0.0,0,0
0.15,182,0.7197740112994351,250,0,0.5604395604395604,0.3379032258064516,1.6585800834010858,0.5669449620493083,76.98133303902335,1.6585800834010858,1.6585800834010858,1,1,0.672316384180791,0.7514124293785311,1.5726062143310082,0.8926553672316384,1.6585800834010858,0.7197740112994351,0.7197740112994351,0.3146067415730337,1.415909090909091,4,target_panel_extra_primary50,rolling,0.15,250,0,0,0.0,0.0,0,0
0.15,144,0.5694915254237288,40,3,0.4652777777777778,0.3379032258064516,1.3769557146645452,0.5669449620493083,45.77522646217969,1.3769557146645452,1.3769557146645452,1,1,0.5338983050847458,0.5932203389830508,1.189765458422175,0.697841726618705,1.3769557146645452,0.5694915254237288,0.5694915254237288,0.33033707865168543,0.7954545454545455,4,target_panel_extra_primary50,rolling,0.15,40,3,0,0.0,0.0,0,0
0.15,124,0.4903954802259887,60,3,0.46774193548387094,0.3379032258064516,1.3842482100238662,0.5669449620493083,33.40604350045403,1.3842482100238662,1.3842482100238662,1,1,0.43502824858757067,0.5536723163841808,0.9253731343283582,0.6974789915966386,1.3842482100238662,0.4903954802259887,0.4903954802259887,0.17303370786516856,0.7318181818181818,4,target_panel_extra_primary50,rolling,0.15,60,3,0,0.0,0.0,0,0
0.15,100,0.3954802259887006,120,3,0.5,0.3379032258064516,1.4797136038186158,0.5669449620493083,62.8232576602599,1.4797136038186158,1.4797136038186158,1,1,0.3559322033898305,0.4152542372881356,1.2338308457711442,0.7157894736842105,1.4797136038186158,0.3954802259887006,0.3954802259887006,0.15730337078651685,0.7159090909090909,4,target_panel_extra_primary50,rolling,0.15,120,3,0,0.0,0.0,0,0
0.18,358,1.415819209039548,20,0,0.37988826815642457,0.3379032258064516,1.1242516766443114,0.5669449620493083,33.86047552165842,1.1242516766443114,1.1242516766443114,1,1,1.305084745762712,1.5225988700564972,1.0,0.8951841359773371,1.1242516766443114,1.415819209039548,1.415819209039548,0.9975,2.1,4,target_panel_extra_primary50,rolling,0.18,20,0,0,0.0,0.0,0,0
0.18,324,1.2813559322033898,40,0,0.4228395061728395,0.3379032258064516,1.2513627390317923,0.5669449620493083,45.01617103864458,1.2513627390317923,1.2513627390317923,1,1,1.2062146892655368,1.4039548022598871,1.1362633633124046,0.896551724137931,1.2513627390317923,1.2813559322033898,1.2813559322033898,0.755056179775281,1.8931818181818183,4,target_panel_extra_primary50,rolling,0.18,40,0,0,0.0,0.0,0,0
0.18,274,1.0836158192090395,60,0,0.46715328467153283,0.3379032258064516,1.382506140794035,0.5669449620493083,45.93275378146046,1.382506140794035,1.382506140794035,1,1,0.9689265536723164,1.1666666666666667,1.1920060713382241,0.895910780669145,1.382506140794035,1.0836158192090395,1.0836158192090395,0.42471910112359557,1.7977272727272728,4,target_panel_extra_primary50,rolling,0.18,60,0,0,0.0,0.0,0,0
0.18,215,0.8502824858757062,120,0,0.5209302325581395,0.3379032258064516,1.5416551035133486,0.5669449620493083,65.85337864061923,1.5416551035133486,1.5416551035133486,1,1,0.7514124293785311,0.9491525423728814,1.3939393939393938,0.8904761904761904,1.5416551035133486,0.8502824858757062,0.8502824858757062,0.3460674157303371,1.75,4,target_panel_extra_primary50,rolling,0.18,120,0,0,0.0,0.0,0,0
0.18,205,0.8107344632768362,250,0,0.526829268292683,0.3379032258064516,1.5591128703649806,0.5669449620493083,66.93789301406535,1.5591128703649806,1.5591128703649806,1,1,0.7514124293785311,0.8502824858757062,1.4308943089430894,0.885,1.5591128703649806,0.8107344632768362,0.8107344632768362,0.33033707865168543,1.6068181818181817,4,target_panel_extra_primary50,rolling,0.18,250,0,0,0.0,0.0,0,0
0.18,161,0.6367231638418079,40,3,0.38509316770186336,0.3379032258064516,1.1396551979721017,0.5669449620493083,31.992021778525014,1.1396551979721017,1.1396551979721017,1,1,0.5932203389830508,0.672316384180791,1.0833333333333333,0.7307692307692307,1.1396551979721017,0.6367231638418079,0.6367231638418079,0.3460674157303371,0.8590909090909091,4,target_panel_extra_primary50,rolling,0.18,40,3,0,0.0,0.0,0,0
0.18,133,0.5259887005649718,60,3,0.42857142857142855,0.3379032258064516,1.268325946130242,0.5669449620493083,29.653639921238074,1.268325946130242,1.268325946130242,1,1,0.4745762711864407,0.5734463276836158,1.0211013896037056,0.703125,1.268325946130242,0.5259887005649718,0.5259887005649718,0.18876404494382024,0.7795454545454547,4,target_panel_extra_primary50,rolling,0.18,60,3,0,0.0,0.0,0,0
0.18,110,0.43502824858757067,120,3,0.4636363636363636,0.3379032258064516,1.3720980689954436,0.5669449620493083,48.02558280429311,1.3720980689954436,1.3720980689954436,1,1,0.37570621468926557,0.4745762711864407,1.2338308457711442,0.7047619047619048,1.3720980689954436,0.43502824858757067,0.43502824858757067,0.17303370786516856,0.7477272727272728,4,target_panel_extra_primary50,rolling,0.18,120,3,0,0.0,0.0,0,0
0.2,378,1.494915254237288,20,0,0.36772486772486773,0.3379032258064516,1.0882549784697757,0.5669449620493083,28.373670922165594,1.0882549784697757,1.0882549784697757,1,1,1.364406779661017,1.6016949152542375,0.9955555555555556,0.8981233243967829,1.0882549784697757,1.494915254237288,1.494915254237288,1.0696629213483146,2.147727272727273,4,target_panel_extra_primary50,rolling,0.2,20,0,0,0.0,0.0,0,0
0.2,344,1.3604519774011299,40,0,0.4127906976744186,0.3379032258064516,1.2216240217572294,0.5669449620493083,43.08411870295014,1.2216240217572294,1.2216240217572294,1,1,1.265536723163842,1.4435028248587571,1.1460637068823238,0.9056047197640118,1.2216240217572294,1.3604519774011299,1.3604519774011299,0.7865168539325843,2.0045454545454544,4,target_panel_extra_primary50,rolling,0.2,40,0,0,0.0,0.0,0,0
0.2,287,1.1350282485875707,60,0,0.45993031358885017,0.3379032258064516,1.3611302836519672,0.5669449620493083,47.42737649914779,1.3611302836519672,1.3611302836519672,1,1,1.0677966101694916,1.1864406779661016,1.172139303482587,0.9078014184397163,1.3611302836519672,1.1350282485875707,1.1350282485875707,0.4719101123595506,1.8613636363636363,4,target_panel_extra_primary50,rolling,0.2,60,0,0,0.0,0.0,0,0
0.2,227,0.8977401129943503,120,0,0.5066079295154186,0.3379032258064516,1.4992692902126945,0.5669449620493083,64.63205180634857,1.4992692902126945,1.4992692902126945,1,1,0.7711864406779662,0.9689265536723164,1.391304347826087,0.9009009009009009,1.4992692902126945,0.8977401129943503,0.8977401129943503,0.36179775280898874,1.8136363636363637,4,target_panel_extra_primary50,rolling,0.2,120,0,0,0.0,0.0,0,0
0.2,222,0.8779661016949153,250,0,0.509009009009009,0.3379032258064516,1.5063751101937262,0.5669449620493083,62.67407630281603,1.5063751101937262,1.5063751101937262,1,1,0.7711864406779662,0.9689265536723164,1.3333333333333333,0.8986175115207373,1.5063751101937262,0.8779661016949153,0.8779661016949153,0.3775280898876405,1.7181818181818183,4,target_panel_extra_primary50,rolling,0.2,250,0,0,0.0,0.0,0,0
0.2,168,0.664406779661017,40,3,0.36904761904761907,0.3379032258064516,1.092169564723264,0.5669449620493083,29.483045377706482,1.092169564723264,1.092169564723264,1,1,0.612994350282486,0.692090395480226,0.9904761904761905,0.754601226993865,1.092169564723264,0.664406779661017,0.664406779661017,0.36179775280898874,0.9068181818181819,4,target_panel_extra_primary50,rolling,0.2,40,3,0,0.0,0.0,0,0
0.2,142,0.5615819209039548,60,3,0.4084507042253521,0.3379032258064516,1.2087801270630947,0.5669449620493083,32.26654769035482,1.2087801270630947,1.2087801270630947,1,1,0.5141242937853108,0.5932203389830508,1.0211013896037056,0.7518248175182481,1.2087801270630947,0.5615819209039548,0.5615819209039548,0.2359550561797753,0.8272727272727273,4,target_panel_extra_primary50,rolling,0.2,60,3,0,0.0,0.0,0,0
0.2,115,0.4548022598870057,120,3,0.4434782608695652,0.3379032258064516,1.3124416312130331,0.5669449620493083,46.39149986749667,1.3124416312130331,1.3124416312130331,1,1,0.37570621468926557,0.5141242937853108,1.222222222222222,0.7454545454545455,1.3124416312130331,0.4548022598870057,0.4548022598870057,0.18876404494382024,0.7636363636363637,4,target_panel_extra_primary50,rolling,0.2,120,3,0,0.0,0.0,0,0
0.22,394,1.5581920903954802,20,0,0.36548223350253806,0.3379032258064516,1.0816180657354348,0.5669449620493083,27.703191295152745,1.0816180657354348,1.0816180657354348,1,1,1.4435028248587571,1.6412429378531075,1.0043290043290043,0.8997429305912596,1.0816180657354348,1.5581920903954802,1.5581920903954802,1.0696629213483146,2.2113636363636364,4,target_panel_extra_primary50,rolling,0.22,20,0,0,0.0,0.0,0,0
0.22,366,1.4474576271186441,40,0,0.40710382513661203,0.3379032258064516,1.2047941364424795,0.5669449620493083,42.75274631289908,1.2047941364424795,1.2047941364424795,1,1,1.384180790960452,1.5225988700564972,1.1253324988264748,0.9058171745152355,1.2047941364424795,1.4474576271186441,1.4474576271186441,0.8179775280898877,2.0681818181818183,4,target_panel_extra_primary50,rolling,0.22,40,0,0,0.0,0.0,0,0
0.22,305,1.2062146892655368,60,0,0.4491803278688525,0.3379032258064516,1.3293164834304942,0.5669449620493083,47.56692373297528,1.3293164834304942,1.3293164834304942,1,1,1.1468926553672316,1.265536723163842,1.1750769959725185,0.9166666666666666,1.3293164834304942,1.2062146892655368,1.2062146892655368,0.503370786516854,1.9090909090909092,4,target_panel_extra_primary50,rolling,0.22,60,0,0,0.0,0.0,0,0
0.22,257,1.0163841807909604,120,0,0.48249027237354086,0.3379032258064516,1.4278948394825552,0.5669449620493083,60.048601681333395,1.4278948394825552,1.4278948394825552,1,1,0.9491525423728814,1.0677966101694916,1.3789874158618673,0.9047619047619048,1.4278948394825552,1.0163841807909604,1.0163841807909604,0.4404494382022472,1.956818181818182,4,target_panel_extra_primary50,rolling,0.22,120,0,0,0.0,0.0,0,0
0.22,243,0.9610169491525424,250,0,0.49794238683127573,0.3379032258064516,1.4736242474243006,0.5669449620493083,61.039749185920236,1.4736242474243006,1.4736242474243006,1,1,0.8502824858757062,1.0282485875706215,1.3333333333333333,0.8991596638655462,1.4736242474243006,0.9610169491525424,0.9610169491525424,0.4404494382022472,1.7340909090909091,4,target_panel_extra_primary50,rolling,0.22,250,0,0,0.0,0.0,0,0
0.22,178,0.703954802259887,40,3,0.3539325842696629,0.3379032258064516,1.0474377195569977,0.5669449620493083,27.058023413243642,1.0474377195569977,1.0474377195569977,1,1,0.672316384180791,0.731638418079096,0.936936936936937,0.7687861271676301,1.0474377195569977,0.703954802259887,0.703954802259887,0.3775280898876405,0.9386363636363637,4,target_panel_extra_primary50,rolling,0.22,40,3,0,0.0,0.0,0,0
0.22,150,0.5932203389830508,60,3,0.38,0.3379032258064516,1.124582338902148,0.5669449620493083,33.73436350298216,1.124582338902148,1.124582338902148,1,1,0.5734463276836158,0.632768361581921,1.074626865671642,0.7862068965517242,1.124582338902148,0.5932203389830508,0.5932203389830508,0.26741573033707866,0.8590909090909091,4,target_panel_extra_primary50,rolling,0.22,60,3,0,0.0,0.0,0,0
0.22,131,0.5180790960451978,120,3,0.3969465648854962,0.3379032258064516,1.174734464100275,0.5669449620493083,38.33426187780762,1.174734464100275,1.174734464100275,1,1,0.4943502824858757,0.5536723163841808,1.0476190476190477,0.7857142857142857,1.174734464100275,0.5180790960451978,0.5180790960451978,0.2359550561797753,0.8272727272727273,4,target_panel_extra_primary50,rolling,0.22,120,3,0,0.0,0.0,0,0
0.25,416,1.6451977401129945,20,0,0.3581730769230769,0.3379032258064516,1.059987148889297,0.5669449620493083,26.308087405372117,1.059987148889297,1.059987148889297,1,1,1.5621468926553672,1.7005649717514124,0.9728215186326703,0.9075425790754258,1.059987148889297,1.6451977401129945,1.6451977401129945,1.1325842696629214,2.3545454545454545,4,target_panel_extra_primary50,rolling,0.25,20,0,0,0.0,0.0,0,0
0.25,388,1.5344632768361581,40,0,0.3943298969072165,0.3379032258064516,1.166990625692001,0.5669449620493083,39.04497462088272,1.166990625692001,1.166990625692001,1,1,1.4830508474576272,1.6016949152542375,1.1193415637860082,0.9164490861618799,1.166990625692001,1.5344632768361581,1.5344632768361581,0.8651685393258427,2.1954545454545458,4,target_panel_extra_primary50,rolling,0.25,40,0,0,0.0,0.0,0,0
0.25,327,1.293220338983051,60,0,0.42813455657492355,0.3379032258064516,1.2670330552575304,0.5669449620493083,43.96093223099459,1.2670330552575304,1.2670330552575304,1,1,1.265536723163842,1.3248587570621468,1.1216644052464948,0.9285714285714286,1.2670330552575304,1.293220338983051,1.293220338983051,0.5191011235955056,2.0204545454545455,4,target_panel_extra_primary50,rolling,0.25,60,0,0,0.0,0.0,0,0
0.25,282,1.1152542372881356,120,0,0.48226950354609927,0.3379032258064516,1.4272414902080266,0.5669449620493083,59.45511720429844,1.4272414902080266,1.4272414902080266,1,1,1.0677966101694916,1.1666666666666667,1.370923161967938,0.9205776173285198,1.4272414902080266,1.1152542372881356,1.1152542372881356,0.503370786516854,2.115909090909091,4,target_panel_extra_primary50,rolling,0.25,120,0,0,0.0,0.0,0,0
0.25,269,1.0638418079096046,250,0,0.4684014869888476,0.3379032258064516,1.3862001046925323,0.5669449620493083,55.05611960973787,1.3862001046925323,1.3862001046925323,1,1,0.9689265536723164,1.1073446327683616,1.3269501548859477,0.9166666666666666,1.3862001046925323,1.0638418079096046,1.0638418079096046,0.4876404494382023,1.925,4,target_panel_extra_primary50,rolling,0.25,250,0,0,0.0,0.0,0,0
0.25,189,0.747457627118644,40,3,0.3333333333333333,0.3379032258064516,0.9864757358790771,0.5669449620493083,20.567257732857783,0.9864757358790771,0.9864757358790771,0,1,0.711864406779661,0.7711864406779662,0.8888888888888888,0.7934782608695652,0.9864757358790771,0.747457627118644,0.747457627118644,0.39325842696629215,1.0022727272727272,4,target_panel_extra_primary50,rolling,0.25,40,3,0,0.0,0.0,0,0
0.25,158,0.624858757062147,60,3,0.37341772151898733,0.3379032258064516,1.1051025648771942,0.5669449620493083,34.03354648617946,1.1051025648771942,1.1051025648771942,1,1,0.5932203389830508,0.652542372881356,1.041044776119403,0.8169934640522876,1.1051025648771942,0.624858757062147,0.624858757062147,0.26741573033707866,0.8909090909090909,4,target_panel_extra_primary50,rolling,0.25,60,3,0,0.0,0.0,0,0
0.25,143,0.5655367231638418,120,3,0.3916083916083916,0.3379032258064516,1.1589365288649298,0.5669449620493083,35.36203237428528,1.1589365288649298,1.1589365288649298,1,1,0.5338983050847458,0.5932203389830508,1.103448275862069,0.8260869565217391,1.1589365288649298,0.5655367231638418,0.5655367231638418,0.251685393258427,0.9068181818181819,4,target_panel_extra_primary50,rolling,0.25,120,3,0,0.0,0.0,0,0
0.3,450,1.7796610169491527,20,0,0.37555555555555553,0.3379032258064516,1.111429329090427,0.5669449620493083,33.15044497664943,1.111429329090427,1.111429329090427,1,1,1.7203389830508475,1.8587570621468927,1.0724637681159421,0.9123595505617977,1.111429329090427,1.7796610169491527,1.7796610169491527,1.2741573033707865,2.4977272727272726,4,target_panel_extra_primary50,rolling,0.3,20,0,0,0.0,0.0,0,0
0.3,426,1.6847457627118645,40,0,0.3755868544600939,0.3379032258064516,1.1115219559200868,0.5669449620493083,34.99411537387615,1.1115219559200868,1.1115219559200868,1,1,1.5819209039548023,1.7401129943502827,1.0303282093892814,0.9287410926365796,1.1115219559200868,1.6847457627118645,1.6847457627118645,1.0224719101123596,2.3386363636363634,4,target_panel_extra_primary50,rolling,0.3,40,0,0,0.0,0.0,0,0
0.3,381,1.5067796610169493,60,0,0.3989501312335958,0.3379032258064516,1.1806638728631476,0.5669449620493083,42.81506696815082,1.1806638728631476,1.1806638728631476,1,1,1.423728813559322,1.6016949152542375,1.1389207807118256,0.9335106382978723,1.1806638728631476,1.5067796610169493,1.5067796610169493,0.6606741573033709,2.2113636363636364,4,target_panel_extra_primary50,rolling,0.3,60,0,0,0.0,0.0,0,0
0.3,328,1.2971751412429378,120,0,0.45426829268292684,0.3379032258064516,1.3443739449327667,0.5669449620493083,52.94295598364336,1.3443739449327667,1.3443739449327667,1,1,1.225988700564972,1.344632768361582,1.2549019607843137,0.9071207430340558,1.3443739449327667,1.2971751412429378,1.2971751412429378,0.6449438202247191,2.3545454545454545,4,target_panel_extra_primary50,rolling,0.3,120,0,0,0.0,0.0,0,0
0.3,312,1.2338983050847459,250,0,0.46153846153846156,0.3379032258064516,1.365889480447953,0.5669449620493083,55.3859432326788,1.365889480447953,1.365889480447953,1,1,1.1864406779661016,1.2853107344632768,1.287117701575533,0.8990228013029316,1.365889480447953,1.2338983050847459,1.2338983050847459,0.6921348314606742,2.0522727272727272,4,target_panel_extra_primary50,rolling,0.3,250,0,0,0.0,0.0,0,0
0.3,209,0.8265536723163841,40,3,0.31100478468899523,0.3379032258064516,0.9203960215139716,0.5669449620493083,20.708018656022574,0.9203960215139716,0.9203960215139716,0,1,0.7909604519774012,0.8502824858757062,0.8062015503875969,0.803921568627451,0.9203960215139716,0.8265536723163841,0.8265536723163841,0.503370786516854,1.0818181818181818,4,target_panel_extra_primary50,rolling,0.3,40,3,0,0.0,0.0,0,0
0.3,181,0.7158192090395481,60,3,0.35359116022099446,0.3379032258064516,1.0464272999380266,0.5669449620493083,39.83712069598459,1.0464272999380266,1.0464272999380266,1,1,0.672316384180791,0.7514124293785311,0.9824561403508771,0.8522727272727273,1.0464272999380266,0.7158192090395481,0.7158192090395481,0.33033707865168543,0.9704545454545455,4,target_panel_extra_primary50,rolling,0.3,60,3,0,0.0,0.0,0,0
0.3,160,0.632768361581921,120,3,0.39375,0.3379032258064516,1.1652744630071599,0.5669449620493083,39.02593305473738,1.1652744630071599,1.1652744630071599,1,1,0.5932203389830508,0.652542372881356,1.0505050505050504,0.7806451612903226,1.1652744630071599,0.632768361581921,0.632768361581921,0.33033707865168543,1.0022727272727272,4,target_panel_extra_primary50,rolling,0.3,120,3,0,0.0,0.0,0,0
0.35,490,1.9378531073446328,20,0,0.3816326530612245,0.3379032258064516,1.129414056792168,0.5669449620493083,35.02225598903288,1.129414056792168,1.129414056792168,1,1,1.8785310734463279,1.997175141242938,1.0865279299014239,0.9154639175257732,1.129414056792168,1.9378531073446328,1.9378531073446328,1.4786516853932585,2.609090909090909,4,target_panel_extra_primary50,rolling,0.35,20,0,0,0.0,0.0,0,0
0.35,464,1.8350282485875706,40,0,0.3728448275862069,0.3379032258064516,1.1034071269854333,0.5669449620493083,34.80101860486586,1.1034071269854333,1.1034071269854333,1,1,1.7401129943502827,1.8785310734463279,1.0379201014584656,0.934640522875817,1.1034071269854333,1.8350282485875706,1.8350282485875706,1.164044943820225,2.5136363636363637,4,target_panel_extra_primary50,rolling,0.35,40,0,0,0.0,0.0,0,0
0.35,434,1.7163841807909606,60,0,0.39631336405529954,0.3379032258064516,1.1728605523354927,0.5669449620493083,44.99688938992464,1.1728605523354927,1.1728605523354927,1,1,1.6214689265536724,1.7598870056497176,1.1212121212121213,0.9277389277389277,1.1728605523354927,1.7163841807909606,1.7163841807909606,0.9123595505617977,2.465909090909091,4,target_panel_extra_primary50,rolling,0.35,60,0,0,0.0,0.0,0,0
0.35,375,1.4830508474576272,120,0,0.44,0.3379032258064516,1.3021479713603819,0.5669449620493083,52.23663994210291,1.3021479713603819,1.3021479713603819,1,1,1.4435028248587571,1.5621468926553672,1.2252252252252254,0.9027027027027027,1.3021479713603819,1.4830508474576272,1.4830508474576272,0.8337078651685393,2.5295454545454548,4,target_panel_extra_primary50,rolling,0.35,120,0,0,0.0,0.0,0,0
0.35,353,1.396045197740113,250,0,0.44192634560906513,0.3379032258064516,1.3078488509671617,0.5669449620493083,51.204672475045015,1.3078488509671617,1.3078488509671617,1,1,1.305084745762712,1.5028248587570623,1.219047619047619,0.8994252873563219,1.3078488509671617,1.396045197740113,1.396045197740113,0.8337078651685393,2.1795454545454547,4,target_panel_extra_primary50,rolling,0.35,250,0,0,0.0,0.0,0,0
0.35,227,0.8977401129943503,40,3,0.33480176211453744,0.3379032258064516,0.9908214439666502,0.5669449620493083,30.181639714064346,0.9908214439666502,0.9908214439666502,0,1,0.8898305084745763,0.9096045197740114,0.927536231884058,0.8333333333333334,0.9908214439666502,0.8977401129943503,0.8977401129943503,0.597752808988764,1.1613636363636364,4,target_panel_extra_primary50,rolling,0.35,40,3,0,0.0,0.0,0,0
0.35,203,0.8028248587570622,60,3,0.35960591133004927,0.3379032258064516,1.0642275180173295,0.5669449620493083,45.61730077064282,1.0642275180173295,1.0642275180173295,1,1,0.7514124293785311,0.8305084745762712,0.910569105691057,0.8181818181818182,1.0642275180173295,0.8028248587570622,0.8028248587570622,0.45617977528089887,1.0818181818181818,4,target_panel_extra_primary50,rolling,0.35,60,3,0,0.0,0.0,0,0
0.35,185,0.731638418079096,120,3,0.3945945945945946,0.3379032258064516,1.1677739792298265,0.5669449620493083,46.514449233685475,1.1677739792298265,1.1677739792298265,1,1,0.692090395480226,0.7711864406779662,1.037037037037037,0.7555555555555555,1.1677739792298265,0.731638418079096,0.731638418079096,0.4719101123595506,1.1136363636363638,4,target_panel_extra_primary50,rolling,0.35,120,3,0,0.0,0.0,0,0
0.15,251,0.9926553672316385,20,0,0.47410358565737054,0.3379032258064516,1.4030750506327911,0.5814333762598147,71.24891892533746,1.4030750506327911,1.4030750506327911,1,1,0.9491525423728814,1.0480225988700564,1.3081761006289307,0.8211382113821138,1.4030750506327911,0.9926553672316385,0.9926553672316385,0.5425,1.7181818181818183,4,target_panel_extra_benefit50,rolling,0.15,20,0,0,0.0,0.0,0,0
0.15,230,0.9096045197740114,40,0,0.4,0.3379032258064516,1.1837708830548928,0.5814333762598147,59.213255552858115,1.1837708830548928,1.1837708830548928,1,1,0.8898305084745763,0.9293785310734464,1.1014492753623188,0.8533333333333334,1.1837708830548928,0.9096045197740114,0.9096045197740114,0.0875,1.6227272727272726,4,target_panel_extra_benefit50,rolling,0.15,40,0,0,0.0,0.0,0,0
0.15,192,0.7593220338983051,60,0,0.4791666666666667,0.3379032258064516,1.4180588703261736,0.5814333762598147,68.11871576492734,1.4180588703261736,1.4180588703261736,1,1,0.731638418079096,0.7909604519774012,1.336715282181357,0.8288770053475936,1.4180588703261736,0.7593220338983051,0.7593220338983051,0.0875,1.7181818181818183,4,target_panel_extra_benefit50,rolling,0.15,60,0,0,0.0,0.0,0,0
0.15,189,0.747457627118644,120,0,0.5291005291005291,0.3379032258064516,1.5658345013953605,0.5814333762598147,71.54104212754937,1.5658345013953605,1.5658345013953605,1,1,0.692090395480226,0.7711864406779662,1.423650975889782,0.8858695652173914,1.5658345013953605,0.747457627118644,0.747457627118644,0.07954545454545454,1.7659090909090909,4,target_panel_extra_benefit50,rolling,0.15,120,0,0,0.0,0.0,0,0
0.15,153,0.6050847457627119,250,0,0.5228758169934641,0.3379032258064516,1.5474129190260035,0.5814333762598147,70.69834934192964,1.5474129190260035,1.5474129190260035,1,1,0.5932203389830508,0.632768361581921,1.2338308457711442,0.8445945945945946,1.5474129190260035,0.6050847457627119,0.6050847457627119,0.09545454545454546,1.085,4,target_panel_extra_benefit50,rolling,0.15,250,0,0,0.0,0.0,0,0
0.15,109,0.43107344632768363,40,3,0.42201834862385323,0.3379032258064516,1.2489325830395657,0.5814333762598147,71.9105669848248,1.2489325830395657,1.2489325830395657,1,1,0.4152542372881356,0.4548022598870057,1.090909090909091,0.6634615384615384,1.2489325830395657,0.43107344632768363,0.43107344632768363,0.0875,0.7477272727272728,4,target_panel_extra_benefit50,rolling,0.15,40,3,0,0.0,0.0,0,0
0.15,92,0.3638418079096045,60,3,0.5,0.3379032258064516,1.4797136038186158,0.5814333762598147,73.02289110808259,1.4797136038186158,1.4797136038186158,1,1,0.3559322033898305,0.37570621468926557,1.168892380204242,0.5977011494252874,1.4797136038186158,0.3638418079096045,0.3638418079096045,0.0875,0.7477272727272728,4,target_panel_extra_benefit50,rolling,0.15,60,3,0,0.0,0.0,0,0
0.15,103,0.40734463276836164,120,3,0.4854368932038835,0.3379032258064516,1.436615149338462,0.5814333762598147,58.61113613708613,1.436615149338462,1.436615149338462,1,1,0.37570621468926557,0.43502824858757067,1.2338308457711442,0.7653061224489796,1.436615149338462,0.40734463276836164,0.40734463276836164,0.07954545454545454,0.8113636363636363,4,target_panel_extra_benefit50,rolling,0.15,120,3,0,0.0,0.0,0,0
0.18,290,1.1468926553672316,20,0,0.41379310344827586,0.3379032258064516,1.2245905686774752,0.5814333762598147,59.09637217364187,1.2245905686774752,1.2245905686774752,1,1,1.1073446327683616,1.1864406779661016,1.168892380204242,0.8456140350877193,1.2245905686774752,1.1468926553672316,1.1468926553672316,0.63,1.9090909090909092,4,target_panel_extra_benefit50,rolling,0.18,20,0,0,0.0,0.0,0,0
0.18,244,0.9649717514124294,40,0,0.42213114754098363,0.3379032258064516,1.2492664032239134,0.5814333762598147,61.04326971034556,1.2492664032239134,1.2492664032239134,1,1,0.9293785310734464,0.9887005649717514,1.1666666666666667,0.8577405857740585,1.2492664032239134,0.9649717514124294,0.9649717514124294,0.105,1.7340909090909091,4,target_panel_extra_benefit50,rolling,0.18,40,0,0,0.0,0.0,0,0
0.18,211,0.8344632768361583,60,0,0.4549763033175355,0.3379032258064516,1.3464692508681242,0.5814333762598147,61.329434158433706,1.3464692508681242,1.3464692508681242,1,1,0.8107344632768362,0.8700564971751413,1.222343921139102,0.8737864077669902,1.3464692508681242,0.8344632768361583,0.8344632768361583,0.0875,1.7818181818181817,4,target_panel_extra_benefit50,rolling,0.18,60,0,0,0.0,0.0,0,0
0.18,218,0.8621468926553673,120,0,0.4954128440366973,0.3379032258064516,1.4661382496551423,0.5814333762598147,68.52469499475832,1.4661382496551423,1.4661382496551423,1,1,0.7909604519774012,0.9096045197740114,1.2912183269698023,0.9014084507042254,1.4661382496551423,0.8621468926553673,0.8621468926553673,0.07954545454545454,1.940909090909091,4,target_panel_extra_benefit50,rolling,0.18,120,0,0,0.0,0.0,0,0
0.18,195,0.7711864406779662,250,0,0.5128205128205128,0.3379032258064516,1.5176549782755033,0.5814333762598147,69.19715415692423,1.5176549782755033,1.5176549782755033,1,1,0.692090395480226,0.8107344632768362,1.26908315565032,0.8578947368421053,1.5176549782755033,0.7711864406779662,0.7711864406779662,0.19090909090909092,1.3363636363636364,4,target_panel_extra_benefit50,rolling,0.18,250,0,0,0.0,0.0,0,0
0.18,111,0.43898305084745765,40,3,0.42342342342342343,0.3379032258064516,1.2530907996301792,0.5814333762598147,69.23056281653133,1.2530907996301792,1.2530907996301792,1,1,0.43502824858757067,0.4548022598870057,1.090909090909091,0.6509433962264151,1.2530907996301792,0.43898305084745765,0.43898305084745765,0.105,0.7477272727272728,4,target_panel_extra_benefit50,rolling,0.18,40,3,0,0.0,0.0,0,0
0.18,100,0.3954802259887006,60,3,0.47,0.3379032258064516,1.3909307875894987,0.5814333762598147,67.08618242271221,1.3909307875894987,1.3909307875894987,1,1,0.37570621468926557,0.4152542372881356,1.0575692963752665,0.6736842105263158,1.3909307875894987,0.3954802259887006,0.3954802259887006,0.0875,0.7795454545454547,4,target_panel_extra_benefit50,rolling,0.18,60,3,0,0.0,0.0,0,0
0.18,116,0.45875706214689266,120,3,0.39655172413793105,0.3379032258064516,1.173565961649247,0.5814333762598147,50.246540490285035,1.173565961649247,1.173565961649247,1,1,0.43502824858757067,0.4745762711864407,0.9253731343283582,0.8108108108108109,1.173565961649247,0.45875706214689266,0.45875706214689266,0.07954545454545454,0.8272727272727273,4,target_panel_extra_benefit50,rolling,0.18,120,3,0,0.0,0.0,0,0
0.2,303,1.1983050847457628,20,0,0.4158415841584158,0.3379032258064516,1.2306528982253835,0.5814333762598147,58.89912146914705,1.2306528982253835,1.2306528982253835,1,1,1.1468926553672316,1.2853107344632768,1.172139303482587,0.8489932885906041,1.2306528982253835,1.1983050847457628,1.1983050847457628,0.6606741573033709,1.956818181818182,4,target_panel_extra_benefit50,rolling,0.2,20,0,0,0.0,0.0,0,0
0.2,248,0.9807909604519774,40,0,0.4314516129032258,0.3379032258064516,1.2768496420047732,0.5814333762598147,62.513437623379346,1.2768496420047732,1.2768496420047732,1,1,0.9689265536723164,1.0084745762711864,1.1972789115646258,0.8600823045267489,1.2768496420047732,0.9807909604519774,0.9807909604519774,0.105,1.75,4,target_panel_extra_benefit50,rolling,0.2,40,0,0,0.0,0.0,0,0
0.2,234,0.9254237288135593,60,0,0.4444444444444444,0.3379032258064516,1.3153009811721028,0.5814333762598147,62.47273272609547,1.3153009811721028,1.3153009811721028,1,1,0.8502824858757062,0.9689265536723164,1.1827309236947792,0.8733624454148472,1.3153009811721028,0.9254237288135593,0.9254237288135593,0.1925,1.8613636363636363,4,target_panel_extra_benefit50,rolling,0.2,60,0,0,0.0,0.0,0,0
0.2,232,0.9175141242937853,120,0,0.5129310344827587,0.3379032258064516,1.517982059089787,0.5814333762598147,69.03718648753265,1.517982059089787,1.517982059089787,1,1,0.8502824858757062,0.9689265536723164,1.2912183269698023,0.9074889867841409,1.517982059089787,0.9175141242937853,0.9175141242937853,0.07954545454545454,1.956818181818182,4,target_panel_extra_benefit50,rolling,0.2,120,0,0,0.0,0.0,0,0
0.2,226,0.8937853107344633,250,0,0.4911504424778761,0.3379032258064516,1.4535239825120916,0.5814333762598147,69.91876468581309,1.4535239825120916,1.4535239825120916,1,1,0.8502824858757062,0.9491525423728814,1.2618724559023067,0.8687782805429864,1.4535239825120916,0.8937853107344633,0.8937853107344633,0.2863636363636364,1.54,4,target_panel_extra_benefit50,rolling,0.2,250,0,0,0.0,0.0,0,0
0.2,111,0.43898305084745765,40,3,0.42342342342342343,0.3379032258064516,1.2530907996301792,0.5814333762598147,69.23056281653133,1.2530907996301792,1.2530907996301792,1,1,0.43502824858757067,0.4548022598870057,1.090909090909091,0.6509433962264151,1.2530907996301792,0.43898305084745765,0.43898305084745765,0.105,0.7477272727272728,4,target_panel_extra_benefit50,rolling,0.2,40,3,0,0.0,0.0,0,0
0.2,113,0.44689265536723166,60,3,0.415929203539823,0.3379032258064516,1.230912201406636,0.5814333762598147,58.729479547749804,1.230912201406636,1.230912201406636,1,1,0.4152542372881356,0.4745762711864407,1.0094979647218454,0.6851851851851852,1.230912201406636,0.44689265536723166,0.44689265536723166,0.1575,0.7954545454545455,4,target_panel_extra_benefit50,rolling,0.2,60,3,0,0.0,0.0,0,0
0.2,118,0.46666666666666673,120,3,0.4322033898305085,0.3379032258064516,1.2790744710974475,0.5814333762598147,52.01085421407894,1.2790744710974475,1.2790744710974475,1,1,0.43502824858757067,0.4745762711864407,0.9253731343283582,0.8141592920353983,1.2790744710974475,0.46666666666666673,0.46666666666666673,0.07954545454545454,0.8431818181818181,4,target_panel_extra_benefit50,rolling,0.2,120,3,0,0.0,0.0,0,0
0.22,314,1.2418079096045198,20,0,0.40764331210191085,0.3379032258064516,1.2063907088457506,0.5814333762598147,59.498888416113566,1.2063907088457506,1.2063907088457506,1,1,1.1864406779661016,1.305084745762712,1.0988805970149254,0.8511326860841424,1.2063907088457506,1.2418079096045198,1.2418079096045198,0.7078651685393259,1.9886363636363638,4,target_panel_extra_benefit50,rolling,0.22,20,0,0,0.0,0.0,0,0
0.22,257,1.0163841807909604,40,0,0.4280155642023346,0.3379032258064516,1.2666809059925894,0.5814333762598147,61.03501676868005,1.2666809059925894,1.2666809059925894,1,1,0.9689265536723164,1.0480225988700564,1.1972789115646258,0.8571428571428571,1.2666809059925894,1.0163841807909604,1.0163841807909604,0.1575,1.7818181818181817,4,target_panel_extra_benefit50,rolling,0.22,40,0,0,0.0,0.0,0,0
0.22,248,0.9807909604519774,60,0,0.43548387096774194,0.3379032258064516,1.288782816229117,0.5814333762598147,56.88624523549737,1.288782816229117,1.288782816229117,1,1,0.9096045197740114,1.0282485875706215,1.1585935579050897,0.8806584362139918,1.288782816229117,0.9807909604519774,0.9807909604519774,0.28,1.8772727272727274,4,target_panel_extra_benefit50,rolling,0.22,60,0,0,0.0,0.0,0,0
0.22,248,0.9807909604519774,120,0,0.5241935483870968,0.3379032258064516,1.5513126491646778,0.5814333762598147,71.28932238237743,1.5513126491646778,1.5513126491646778,1,1,0.8898305084745763,1.0282485875706215,1.2338308457711442,0.9176954732510288,1.5513126491646778,0.9807909604519774,0.9807909604519774,0.07954545454545454,2.0204545454545455,4,target_panel_extra_benefit50,rolling,0.22,120,0,0,0.0,0.0,0,0
0.22,245,0.9689265536723164,250,0,0.49387755102040815,0.3379032258064516,1.461594661731041,0.5814333762598147,70.33807791037641,1.461594661731041,1.461594661731041,1,1,0.9293785310734464,1.0084745762711864,1.3388377262623057,0.8833333333333333,1.461594661731041,0.9689265536723164,0.9689265536723164,0.3340909090909091,1.645,4,target_panel_extra_benefit50,rolling,0.22,250,0,0,0.0,0.0,0,0
0.22,117,0.46271186440677964,40,3,0.4188034188034188,0.3379032258064516,1.2394182322583278,0.5814333762598147,68.51817842666549,1.2394182322583278,1.2394182322583278,1,1,0.43502824858757067,0.4943502824858757,1.090909090909091,0.6428571428571429,1.2394182322583278,0.46271186440677964,0.46271186440677964,0.1575,0.7636363636363637,4,target_panel_extra_benefit50,rolling,0.22,40,3,0,0.0,0.0,0,0
0.22,120,0.4745762711864407,60,3,0.425,0.3379032258064516,1.2577565632458234,0.5814333762598147,53.0429457668801,1.2577565632458234,1.2577565632458234,1,1,0.43502824858757067,0.4943502824858757,1.0796019900497513,0.6695652173913044,1.2577565632458234,0.4745762711864407,0.4745762711864407,0.1925,0.8113636363636363,4,target_panel_extra_benefit50,rolling,0.22,60,3,0,0.0,0.0,0,0
0.22,121,0.47853107344632767,120,3,0.4380165289256198,0.3379032258064516,1.2962780330972998,0.5814333762598147,52.516356598336166,1.2962780330972998,1.2962780330972998,1,1,0.4745762711864407,0.4943502824858757,0.9253731343283582,0.8275862068965517,1.2962780330972998,0.47853107344632767,0.47853107344632767,0.07954545454545454,0.875,4,target_panel_extra_benefit50,rolling,0.22,120,3,0,0.0,0.0,0,0
0.25,340,1.344632768361582,20,0,0.3911764705882353,0.3379032258064516,1.1576582900463288,0.5814333762598147,58.60118119080938,1.1576582900463288,1.1576582900463288,1,1,1.305084745762712,1.384180790960452,1.0575692963752665,0.8597014925373134,1.1576582900463288,1.344632768361582,1.344632768361582,0.7865168539325843,2.0363636363636366,4,target_panel_extra_benefit50,rolling,0.25,20,0,0,0.0,0.0,0,0
0.25,275,1.0875706214689267,40,0,0.4290909090909091,0.3379032258064516,1.2698633109134303,0.5814333762598147,58.27594022033514,1.2698633109134303,1.2698633109134303,1,1,1.0677966101694916,1.1271186440677967,1.1619812583668006,0.8629629629629629,1.2698633109134303,1.0875706214689267,1.0875706214689267,0.33249999999999996,1.8454545454545455,4,target_panel_extra_benefit50,rolling,0.25,40,0,0,0.0,0.0,0,0
0.25,280,1.1073446327683616,60,0,0.41785714285714287,0.3379032258064516,1.236617797476986,0.5814333762598147,50.97735622734943,1.236617797476986,1.236617797476986,1,1,1.0282485875706215,1.1666666666666667,1.0665317480394638,0.9054545454545454,1.236617797476986,1.1073446327683616,1.1073446327683616,0.4375,1.956818181818182,4,target_panel_extra_benefit50,rolling,0.25,60,0,0,0.0,0.0,0,0
0.25,269,1.0638418079096046,120,0,0.5204460966542751,0.3379032258064516,1.5402223385472582,0.5814333762598147,71.97009177429497,1.5402223385472582,1.5402223385472582,1,1,0.9689265536723164,1.1073446327683616,1.2841912884556808,0.9204545454545454,1.5402223385472582,1.0638418079096046,1.0638418079096046,0.1431818181818182,2.0522727272727272,4,target_panel_extra_benefit50,rolling,0.25,120,0,0,0.0,0.0,0,0
0.25,285,1.1271186440677967,250,0,0.4807017543859649,0.3379032258064516,1.4226018506887745,0.5814333762598147,71.55078285820298,1.4226018506887745,1.4226018506887745,1,1,1.0677966101694916,1.1666666666666667,1.3567251461988306,0.8928571428571429,1.4226018506887745,1.1271186440677967,1.1271186440677967,0.4876404494382023,1.855,4,target_panel_extra_benefit50,rolling,0.25,250,0,0,0.0,0.0,0,0
0.25,127,0.5022598870056497,40,3,0.41732283464566927,0.3379032258064516,1.2350365512186872,0.5814333762598147,62.88214301961164,1.2350365512186872,1.2350365512186872,1,1,0.4943502824858757,0.5338983050847458,1.0967385295743506,0.639344262295082,1.2350365512186872,0.5022598870056497,0.5022598870056497,0.2625,0.7954545454545455,4,target_panel_extra_benefit50,rolling,0.25,40,3,0,0.0,0.0,0,0
0.25,140,0.5536723163841808,60,3,0.4,0.3379032258064516,1.1837708830548928,0.5814333762598147,47.306487797198486,1.1837708830548928,1.1837708830548928,1,1,0.4943502824858757,0.612994350282486,0.9552238805970149,0.6962962962962963,1.1837708830548928,0.5536723163841808,0.5536723163841808,0.3146067415730337,0.8431818181818181,4,target_panel_extra_benefit50,rolling,0.25,60,3,0,0.0,0.0,0,0
0.25,125,0.4943502824858757,120,3,0.416,0.3379032258064516,1.2311217183770884,0.5814333762598147,59.17417699927225,1.2311217183770884,1.2311217183770884,1,1,0.4943502824858757,0.4943502824858757,0.8883582089552239,0.825,1.2311217183770884,0.4943502824858757,0.4943502824858757,0.09545454545454546,0.875,4,target_panel_extra_benefit50,rolling,0.25,120,3,0,0.0,0.0,0,0
0.3,374,1.4790960451977402,20,0,0.40641711229946526,0.3379032258064516,1.2027618597883936,0.5814333762598147,58.72732554697396,1.2027618597883936,1.2027618597883936,1,1,1.423728813559322,1.5225988700564972,1.153711959682109,0.8644986449864499,1.2027618597883936,1.4790960451977402,1.4790960451977402,0.9123595505617977,2.1636363636363636,4,target_panel_extra_benefit50,rolling,0.3,20,0,0,0.0,0.0,0,0
0.3,316,1.249717514124294,40,0,0.4430379746835443,0.3379032258064516,1.311138636294976,0.5814333762598147,57.95103112938048,1.311138636294976,1.311138636294976,1,1,1.2062146892655368,1.305084745762712,1.2338308457711442,0.8938906752411575,1.311138636294976,1.249717514124294,1.249717514124294,0.6124999999999999,2.0363636363636366,4,target_panel_extra_benefit50,rolling,0.3,40,0,0,0.0,0.0,0,0
0.3,336,1.328813559322034,60,0,0.4107142857142857,0.3379032258064516,1.2154790317081487,0.5814333762598147,46.864399874792625,1.2154790317081487,1.2154790317081487,1,1,1.2853107344632768,1.364406779661017,1.0342405618964003,0.9244712990936556,1.2154790317081487,1.328813559322034,1.328813559322034,0.7235955056179775,2.084090909090909,4,target_panel_extra_benefit50,rolling,0.3,60,0,0,0.0,0.0,0,0
0.3,305,1.2062146892655368,120,0,0.5114754098360655,0.3379032258064516,1.513674243906256,0.5814333762598147,75.97062911408923,1.513674243906256,1.513674243906256,1,1,1.1864406779661016,1.225988700564972,1.4666666666666668,0.9266666666666666,1.513674243906256,1.2062146892655368,1.2062146892655368,0.27045454545454545,2.115909090909091,4,target_panel_extra_benefit50,rolling,0.3,120,0,0,0.0,0.0,0,0
0.3,357,1.4118644067796613,250,0,0.4649859943977591,0.3379032258064516,1.3760922029909817,0.5814333762598147,62.302155774859024,1.3760922029909817,1.3760922029909817,1,1,1.3248587570621468,1.463276836158192,1.2676344305867921,0.9176136363636364,1.3760922029909817,1.4118644067796613,1.4118644067796613,0.550561797752809,2.3625,4,target_panel_extra_benefit50,rolling,0.3,250,0,0,0.0,0.0,0,0
0.3,147,0.5813559322033899,40,3,0.42857142857142855,0.3379032258064516,1.268325946130242,0.5814333762598147,61.19008627692105,1.268325946130242,1.268325946130242,1,1,0.5536723163841808,0.612994350282486,1.1428571428571428,0.7183098591549296,1.268325946130242,0.5813559322033899,0.5813559322033899,0.3675,0.8909090909090909,4,target_panel_extra_benefit50,rolling,0.3,40,3,0,0.0,0.0,0,0
0.3,162,0.6406779661016949,60,3,0.4012345679012346,0.3379032258064516,1.1874244968914818,0.5814333762598147,51.64693427035428,1.1874244968914818,1.1874244968914818,1,1,0.612994350282486,0.652542372881356,1.1216644052464948,0.7961783439490446,1.1874244968914818,0.6406779661016949,0.6406779661016949,0.39325842696629215,0.875,4,target_panel_extra_benefit50,rolling,0.3,60,3,0,0.0,0.0,0,0
0.3,139,0.5497175141242938,120,3,0.43884892086330934,0.3379032258064516,1.298741436445116,0.5814333762598147,70.74509037780503,1.298741436445116,1.298741436445116,1,1,0.5338983050847458,0.5734463276836158,1.0967385295743506,0.835820895522388,1.298741436445116,0.5497175141242938,0.5497175141242938,0.1272727272727273,1.0675,4,target_panel_extra_benefit50,rolling,0.3,120,3,0,0.0,0.0,0,0
0.35,413,1.6333333333333333,20,0,0.4019370460048426,0.3379032258064516,1.1895034297040687,0.5814333762598147,58.21083171576003,1.1895034297040687,1.1895034297040687,1,1,1.5819209039548023,1.7005649717514124,1.0967385295743506,0.8700980392156863,1.1895034297040687,1.6333333333333333,1.6333333333333333,1.1168539325842697,2.290909090909091,4,target_panel_extra_benefit50,rolling,0.35,20,0,0,0.0,0.0,0,0
0.35,342,1.3525423728813561,40,0,0.43567251461988304,0.3379032258064516,1.2893410933858114,0.5814333762598147,55.05041427751897,1.2893410933858114,1.2893410933858114,1,1,1.305084745762712,1.384180790960452,1.2162046908315565,0.8991097922848664,1.2893410933858114,1.3525423728813561,1.3525423728813561,0.735,2.1636363636363636,4,target_panel_extra_benefit50,rolling,0.35,40,0,0,0.0,0.0,0,0
0.35,379,1.498870056497175,60,0,0.41424802110817943,0.3379032258064516,1.2259368643774284,0.5814333762598147,47.23994934958718,1.2259368643774284,1.2259368643774284,1,1,1.463276836158192,1.5621468926553672,1.1056406280286877,0.9331550802139037,1.2259368643774284,1.498870056497175,1.498870056497175,0.8808988764044944,2.1954545454545458,4,target_panel_extra_benefit50,rolling,0.35,60,0,0,0.0,0.0,0,0
0.35,334,1.3209039548022599,120,0,0.5089820359281437,0.3379032258064516,1.5062952853243394,0.5814333762598147,75.77841185833712,1.5062952853243394,1.5062952853243394,1,1,1.265536723163842,1.364406779661017,1.448410123296561,0.9088145896656535,1.5062952853243394,1.3209039548022599,1.3209039548022599,0.35000000000000003,2.2925,4,target_panel_extra_benefit50,rolling,0.35,120,0,0,0.0,0.0,0,0
0.35,404,1.5977401129943503,250,0,0.4628712871287129,0.3379032258064516,1.3698338807627781,0.5814333762598147,57.18391048663529,1.3698338807627781,1.3698338807627781,1,1,1.5621468926553672,1.6412429378531075,1.2795282845034088,0.9323308270676691,1.3698338807627781,1.5977401129943503,1.5977401129943503,0.550561797752809,2.7474999999999996,4,target_panel_extra_benefit50,rolling,0.35,250,0,0,0.0,0.0,0,0
0.35,164,0.6485875706214689,40,3,0.43902439024390244,0.3379032258064516,1.2992607253041504,0.5814333762598147,66.862073545446,1.2992607253041504,1.2992607253041504,1,1,0.632768361581921,0.672316384180791,1.1975417032484637,0.7421383647798742,1.2992607253041504,0.6485875706214689,0.6485875706214689,0.4404494382022472,0.9704545454545455,4,target_panel_extra_benefit50,rolling,0.35,40,3,0,0.0,0.0,0,0
0.35,179,0.707909604519774,60,3,0.3575418994413408,0.3379032258064516,1.058119225076999,0.5814333762598147,44.366441929535576,1.058119225076999,1.058119225076999,1,1,0.692090395480226,0.731638418079096,0.900363049616781,0.8390804597701149,1.058119225076999,0.707909604519774,0.707909604519774,0.39325842696629215,0.9386363636363637,4,target_panel_extra_benefit50,rolling,0.35,60,3,0,0.0,0.0,0,0
0.35,163,0.644632768361582,120,3,0.44171779141104295,0.3379032258064516,1.307231649999268,0.5814333762598147,69.46902256050392,1.307231649999268,1.307231649999268,1,1,0.612994350282486,0.672316384180791,1.0886742756804215,0.810126582278481,1.307231649999268,0.644632768361582,0.644632768361582,0.19090909090909092,1.2075,4,target_panel_extra_benefit50,rolling,0.35,120,3,0,0.0,0.0,0,0
0.15,278,1.0994350282485876,20,0,0.4064748201438849,0.3379032258064516,1.2029326419532633,0.5869086828740782,46.58276881778004,1.2029326419532633,1.2029326419532633,1,1,1.0282485875706215,1.1468926553672316,1.1371610845295055,0.8168498168498168,1.2029326419532633,1.0994350282485876,1.0994350282485876,0.7235955056179775,1.9090909090909092,4,target_panel_xgb_anchor25,rolling,0.15,20,0,0,0.0,0.0,0,0
0.15,220,0.8700564971751413,40,0,0.41363636363636364,0.3379032258064516,1.224126708613582,0.5869086828740782,43.51245633951141,1.224126708613582,1.224126708613582,1,1,0.7909604519774012,0.9491525423728814,1.1333333333333333,0.8325581395348837,1.224126708613582,0.8700564971751413,0.8700564971751413,0.40249999999999997,2.115909090909091,4,target_panel_xgb_anchor25,rolling,0.15,40,0,0,0.0,0.0,0,0
0.15,202,0.7988700564971751,60,0,0.47029702970297027,0.3379032258064516,1.3918098253739455,0.5869086828740782,53.205964252182945,1.3918098253739455,1.3918098253739455,1,1,0.672316384180791,0.9491525423728814,1.1975417032484637,0.8121827411167513,1.3918098253739455,0.7988700564971751,0.7988700564971751,0.2545454545454546,2.290909090909091,4,target_panel_xgb_anchor25,rolling,0.15,60,0,0,0.0,0.0,0,0
0.15,199,0.7870056497175141,120,0,0.5025125628140703,0.3379032258064516,1.487149350571473,0.5869086828740782,69.31583202053254,1.487149350571473,1.487149350571473,1,1,0.692090395480226,0.8898305084745763,1.3333333333333333,0.9123711340206185,1.487149350571473,0.7870056497175141,0.7870056497175141,0.03181818181818182,1.956818181818182,4,target_panel_xgb_anchor25,rolling,0.15,120,0,0,0.0,0.0,0,0
0.15,166,0.6564971751412431,250,0,0.4879518072289157,0.3379032258064516,1.4440578543290106,0.5869086828740782,70.76449788492772,1.4440578543290106,1.4440578543290106,1,1,0.5338983050847458,0.7514124293785311,0.9596462133775566,0.8881987577639752,1.4440578543290106,0.6564971751412431,0.6564971751412431,0.04772727272727273,1.5431818181818182,4,target_panel_xgb_anchor25,rolling,0.15,250,0,0,0.0,0.0,0,0
0.15,127,0.5022598870056497,40,3,0.4015748031496063,0.3379032258064516,1.1884313983425103,0.5869086828740782,44.338073162207806,1.1884313983425103,1.1884313983425103,1,1,0.4548022598870057,0.5734463276836158,1.107142857142857,0.680327868852459,1.1884313983425103,0.5022598870056497,0.5022598870056497,0.28,1.1136363636363638,4,target_panel_xgb_anchor25,rolling,0.15,40,3,0,0.0,0.0,0,0
0.15,118,0.46666666666666673,60,3,0.4406779661016949,0.3379032258064516,1.3041543626875935,0.5869086828740782,43.483228093237294,1.3041543626875935,1.3041543626875935,1,1,0.3954802259887006,0.5338983050847458,0.9253731343283582,0.6637168141592921,1.3041543626875935,0.46666666666666673,0.46666666666666673,0.21,1.1772727272727272,4,target_panel_xgb_anchor25,rolling,0.15,60,3,0,0.0,0.0,0,0
0.15,96,0.37966101694915255,120,3,0.4375,0.3379032258064516,1.2947494033412887,0.5869086828740782,58.93640806167699,1.2947494033412887,1.2947494033412887,1,1,0.3163841807909605,0.4548022598870057,1.0886742756804215,0.8131868131868132,1.2947494033412887,0.37966101694915255,0.37966101694915255,0.03181818181818182,0.8590909090909091,4,target_panel_xgb_anchor25,rolling,0.15,120,3,0,0.0,0.0,0,0
0.18,301,1.1903954802259888,20,0,0.4053156146179402,0.3379032258064516,1.199502057580539,0.5869086828740782,44.553528668050674,1.199502057580539,1.199502057580539,1,1,1.1271186440677967,1.2457627118644068,1.1228070175438596,0.831081081081081,1.199502057580539,1.1903954802259888,1.1903954802259888,0.8179775280898877,2.1,4,target_panel_xgb_anchor25,rolling,0.18,20,0,0,0.0,0.0,0,0
0.18,240,0.9491525423728814,40,0,0.4083333333333333,0.3379032258064516,1.2084327764518696,0.5869086828740782,41.84622746797727,1.2084327764518696,1.2084327764518696,1,1,0.8700564971751413,1.0875706214689267,1.0936227951153326,0.8425531914893617,1.2084327764518696,0.9491525423728814,0.9491525423728814,0.4719101123595506,2.2272727272727275,4,target_panel_xgb_anchor25,rolling,0.18,40,0,0,0.0,0.0,0,0
0.18,226,0.8937853107344633,60,0,0.4646017699115044,0.3379032258064516,1.374955118592519,0.5869086828740782,51.986165877865695,1.374955118592519,1.374955118592519,1,1,0.8305084745762712,0.9491525423728814,1.3219616204690832,0.832579185520362,1.374955118592519,0.8937853107344633,0.8937853107344633,0.3340909090909091,2.434090909090909,4,target_panel_xgb_anchor25,rolling,0.18,60,0,0,0.0,0.0,0,0
0.18,220,0.8700564971751413,120,0,0.4909090909090909,0.3379032258064516,1.4528097201128227,0.5869086828740782,62.79265205254008,1.4528097201128227,1.4528097201128227,1,1,0.7711864406779662,0.9293785310734464,1.304964539007092,0.9023255813953488,1.4528097201128227,0.8700564971751413,0.8700564971751413,0.07954545454545454,2.0681818181818183,4,target_panel_xgb_anchor25,rolling,0.18,120,0,0,0.0,0.0,0,0
0.18,200,0.7909604519774012,250,0,0.495,0.3379032258064516,1.4649164677804296,0.5869086828740782,68.61264165780727,1.4649164677804296,1.4649164677804296,1,1,0.672316384180791,0.8898305084745763,1.1975417032484637,0.882051282051282,1.4649164677804296,0.7909604519774012,0.7909604519774012,0.1272727272727273,1.7181818181818183,4,target_panel_xgb_anchor25,rolling,0.18,250,0,0,0.0,0.0,0,0
0.18,138,0.5457627118644068,40,3,0.38405797101449274,0.3379032258064516,1.136591608730241,0.5869086828740782,43.82681856968077,1.136591608730241,1.136591608730241,1,1,0.5141242937853108,0.612994350282486,0.9965556831228474,0.6992481203007519,1.136591608730241,0.5457627118644068,0.5457627118644068,0.315,1.1613636363636364,4,target_panel_xgb_anchor25,rolling,0.18,40,3,0,0.0,0.0,0,0
0.18,129,0.5101694915254238,60,3,0.4263565891472868,0.3379032258064516,1.2617712900778895,0.5869086828740782,47.46263094787784,1.2617712900778895,1.2617712900778895,1,1,0.4745762711864407,0.5536723163841808,1.0364179104477613,0.6774193548387096,1.2617712900778895,0.5101694915254238,0.5101694915254238,0.2625,1.225,4,target_panel_xgb_anchor25,rolling,0.18,60,3,0,0.0,0.0,0,0
0.18,110,0.43502824858757067,120,3,0.4,0.3379032258064516,1.1837708830548928,0.5869086828740782,48.33676555596403,1.1837708830548928,1.1837708830548928,1,1,0.37570621468926557,0.4943502824858757,1.0666666666666667,0.8,1.1837708830548928,0.43502824858757067,0.43502824858757067,0.07954545454545454,0.9227272727272727,4,target_panel_xgb_anchor25,rolling,0.18,120,3,0,0.0,0.0,0,0
0.2,314,1.2418079096045198,20,0,0.410828025477707,0.3379032258064516,1.215815636258608,0.5869086828740782,45.537515789874156,1.215815636258608,1.215815636258608,1,1,1.1666666666666667,1.305084745762712,1.177071924059876,0.8414239482200647,1.215815636258608,1.2418079096045198,1.2418079096045198,0.8808988764044944,2.147727272727273,4,target_panel_xgb_anchor25,rolling,0.2,20,0,0,0.0,0.0,0,0
0.2,255,1.0084745762711864,40,0,0.39215686274509803,0.3379032258064516,1.1605596892695025,0.5869086828740782,36.54269856521365,1.1605596892695025,1.1605596892695025,1,1,0.9293785310734464,1.1073446327683616,1.023817084788822,0.86,1.1605596892695025,1.0084745762711864,1.0084745762711864,0.4719101123595506,2.3386363636363634,4,target_panel_xgb_anchor25,rolling,0.2,40,0,0,0.0,0.0,0,0
0.2,240,0.9491525423728814,60,0,0.4583333333333333,0.3379032258064516,1.3564041368337312,0.5869086828740782,52.195160847774254,1.3564041368337312,1.3564041368337312,1,1,0.8898305084745763,1.0084745762711864,1.3160862354892207,0.8468085106382979,1.3564041368337312,0.9491525423728814,0.9491525423728814,0.3659090909090909,2.5295454545454548,4,target_panel_xgb_anchor25,rolling,0.2,60,0,0,0.0,0.0,0,0
0.2,234,0.9254237288135593,120,0,0.4829059829059829,0.3379032258064516,1.4291251045427658,0.5869086828740782,58.15897349376327,1.4291251045427658,1.4291251045427658,1,1,0.8305084745762712,0.9887005649717514,1.3333333333333333,0.8864628820960698,1.4291251045427658,0.9254237288135593,0.9254237288135593,0.1431818181818182,2.115909090909091,4,target_panel_xgb_anchor25,rolling,0.2,120,0,0,0.0,0.0,0,0
0.2,211,0.8344632768361583,250,0,0.4976303317535545,0.3379032258064516,1.472700743137011,0.5869086828740782,65.78322749573557,1.472700743137011,1.472700743137011,1,1,0.7514124293785311,0.9096045197740114,1.2663000785545955,0.8737864077669902,1.472700743137011,0.8344632768361583,0.8344632768361583,0.1590909090909091,1.7659090909090909,4,target_panel_xgb_anchor25,rolling,0.2,250,0,0,0.0,0.0,0,0
0.2,146,0.5774011299435028,40,3,0.3698630136986301,0.3379032258064516,1.0945826658384281,0.5869086828740782,40.00465299135068,1.0945826658384281,1.0945826658384281,1,1,0.5338983050847458,0.612994350282486,0.8934637159032425,0.723404255319149,1.0945826658384281,0.5774011299435028,0.5774011299435028,0.33033707865168543,1.225,4,target_panel_xgb_anchor25,rolling,0.2,40,3,0,0.0,0.0,0,0
0.2,135,0.5338983050847458,60,3,0.4148148148148148,0.3379032258064516,1.2276142490939628,0.5869086828740782,48.657206632422515,1.2276142490939628,1.2276142490939628,1,1,0.5141242937853108,0.5536723163841808,0.9965556831228474,0.6923076923076923,1.2276142490939628,0.5338983050847458,0.5338983050847458,0.298876404494382,1.2568181818181818,4,target_panel_xgb_anchor25,rolling,0.2,60,3,0,0.0,0.0,0,0
0.2,120,0.4745762711864407,120,3,0.39166666666666666,0.3379032258064516,1.1591089896579156,0.5869086828740782,39.82625231345291,1.1591089896579156,1.1591089896579156,1,1,0.43502824858757067,0.5338983050847458,1.0094979647218454,0.7739130434782608,1.1591089896579156,0.4745762711864407,0.4745762711864407,0.1431818181818182,0.9704545454545455,4,target_panel_xgb_anchor25,rolling,0.2,120,3,0,0.0,0.0,0,0
0.22,337,1.332768361581921,20,0,0.4094955489614243,0.3379032258064516,1.2118722690027832,0.5869086828740782,45.71426221232208,1.2118722690027832,1.2118722690027832,1,1,1.2853107344632768,1.364406779661017,1.1424521615875265,0.8614457831325302,1.2118722690027832,1.332768361581921,1.332768361581921,0.9595505617977528,2.2750000000000004,4,target_panel_xgb_anchor25,rolling,0.22,20,0,0,0.0,0.0,0,0
0.22,278,1.0994350282485876,40,0,0.39928057553956836,0.3379032258064516,1.1816417987328516,0.5869086828740782,37.155531449485245,1.1816417987328516,1.1816417987328516,1,1,1.0282485875706215,1.1666666666666667,1.0677382319173363,0.8754578754578755,1.1816417987328516,1.0994350282485876,1.0994350282485876,0.4876404494382023,2.465909090909091,4,target_panel_xgb_anchor25,rolling,0.22,40,0,0,0.0,0.0,0,0
0.22,252,0.9966101694915255,60,0,0.4642857142857143,0.3379032258064516,1.374019774974429,0.5869086828740782,55.317492324212466,1.374019774974429,1.374019774974429,1,1,0.9096045197740114,1.0677966101694916,1.2874756651524983,0.8461538461538461,1.374019774974429,0.9966101694915255,0.9966101694915255,0.38181818181818183,2.609090909090909,4,target_panel_xgb_anchor25,rolling,0.22,60,0,0,0.0,0.0,0,0
0.22,245,0.9689265536723164,120,0,0.4775510204081633,0.3379032258064516,1.4132774828308412,0.5869086828740782,53.954068446269424,1.4132774828308412,1.4132774828308412,1,1,0.8502824858757062,1.0480225988700564,1.2820512820512822,0.8875,1.4132774828308412,0.9689265536723164,0.9689265536723164,0.1431818181818182,2.2113636363636364,4,target_panel_xgb_anchor25,rolling,0.22,120,0,0,0.0,0.0,0,0
0.22,229,0.9056497175141243,250,0,0.4890829694323144,0.3379032258064516,1.4474054465299997,0.5869086828740782,60.69245188022586,1.4474054465299997,1.4474054465299997,1,1,0.8107344632768362,1.0084745762711864,1.2639242810338553,0.875,1.4474054465299997,0.9056497175141243,0.9056497175141243,0.17500000000000002,1.9090909090909092,4,target_panel_xgb_anchor25,rolling,0.22,250,0,0,0.0,0.0,0,0
0.22,157,0.6209039548022599,40,3,0.3630573248407643,0.3379032258064516,1.0744417250657465,0.5869086828740782,41.355170470438345,1.0744417250657465,1.0744417250657465,1,1,0.612994350282486,0.632768361581921,0.8358208955223881,0.7368421052631579,1.0744417250657465,0.6209039548022599,0.6209039548022599,0.3460674157303371,1.2568181818181818,4,target_panel_xgb_anchor25,rolling,0.22,40,3,0,0.0,0.0,0,0
0.22,141,0.5576271186440678,60,3,0.41843971631205673,0.3379032258064516,1.2383418812099054,0.5869086828740782,52.06501413003732,1.2383418812099054,1.2383418812099054,1,1,0.5141242937853108,0.5932203389830508,0.9965556831228474,0.6911764705882353,1.2383418812099054,0.5576271186440678,0.5576271186440678,0.298876404494382,1.3045454545454545,4,target_panel_xgb_anchor25,rolling,0.22,60,3,0,0.0,0.0,0,0
0.22,128,0.5062146892655368,120,3,0.390625,0.3379032258064516,1.1560262529832936,0.5869086828740782,35.055435413385524,1.1560262529832936,1.1560262529832936,1,1,0.4548022598870057,0.5536723163841808,0.9656067488643738,0.7804878048780488,1.1560262529832936,0.5062146892655368,0.5062146892655368,0.1431818181818182,1.05,4,target_panel_xgb_anchor25,rolling,0.22,120,3,0,0.0,0.0,0,0
0.25,364,1.4395480225988702,20,0,0.40384615384615385,0.3379032258064516,1.195153295391959,0.5869086828740782,42.784248570110385,1.195153295391959,1.195153295391959,1,1,1.423728813559322,1.463276836158192,1.1619812583668006,0.8774373259052924,1.195153295391959,1.4395480225988702,1.4395480225988702,1.006741573033708,2.4977272727272726,4,target_panel_xgb_anchor25,rolling,0.25,20,0,0,0.0,0.0,0,0
0.25,307,1.2141242937853107,40,0,0.41368078175895767,0.3379032258064516,1.2242581608140992,0.5869086828740782,40.19721774212739,1.2242581608140992,1.2242581608140992,1,1,1.1468926553672316,1.344632768361582,1.148739063304169,0.8874172185430463,1.2242581608140992,1.2141242937853107,1.2141242937853107,0.5820224719101125,2.640909090909091,4,target_panel_xgb_anchor25,rolling,0.25,40,0,0,0.0,0.0,0,0
0.25,277,1.0954802259887007,60,0,0.4584837545126354,0.3379032258064516,1.3568492973643627,0.5869086828740782,54.379290592696385,1.3568492973643627,1.3568492973643627,1,1,0.9491525423728814,1.1468926553672316,1.310945273631841,0.8602941176470589,1.3568492973643627,1.0954802259887007,1.0954802259887007,0.41363636363636364,2.7522727272727274,4,target_panel_xgb_anchor25,rolling,0.25,60,0,0,0.0,0.0,0,0
0.25,262,1.0361581920903955,120,0,0.46946564885496184,0.3379032258064516,1.3893494142724407,0.5869086828740782,51.270166862213905,1.3893494142724407,1.3893494142724407,1,1,0.9293785310734464,1.0875706214689267,1.2839506172839505,0.8871595330739299,1.3893494142724407,1.0361581920903955,1.0361581920903955,0.1590909090909091,2.3386363636363634,4,target_panel_xgb_anchor25,rolling,0.25,120,0,0,0.0,0.0,0,0
0.25,253,1.0005649717514125,250,0,0.48221343873517786,0.3379032258064516,1.4270755704811946,0.5869086828740782,53.3077584710706,1.4270755704811946,1.4270755704811946,1,1,0.8305084745762712,1.0875706214689267,1.2606060606060605,0.8790322580645161,1.4270755704811946,1.0005649717514125,1.0005649717514125,0.20681818181818182,2.1,4,target_panel_xgb_anchor25,rolling,0.25,250,0,0,0.0,0.0,0,0
0.25,167,0.6604519774011299,40,3,0.3532934131736527,0.3379032258064516,1.0455461392251297,0.5869086828740782,39.86320957800919,1.0455461392251297,1.0455461392251297,1,1,0.632768361581921,0.711864406779661,0.897331524197196,0.7530864197530864,1.0455461392251297,0.6604519774011299,0.6604519774011299,0.36179775280898874,1.3045454545454545,4,target_panel_xgb_anchor25,rolling,0.25,40,3,0,0.0,0.0,0,0
0.25,154,0.6090395480225989,60,3,0.4025974025974026,0.3379032258064516,1.1914577069708336,0.5869086828740782,49.05116647395718,1.1914577069708336,1.1914577069708336,1,1,0.5338983050847458,0.652542372881356,1.0967385295743506,0.7114093959731543,1.1914577069708336,0.6090395480225989,0.6090395480225989,0.3146067415730337,1.3681818181818182,4,target_panel_xgb_anchor25,rolling,0.25,60,3,0,0.0,0.0,0,0
0.25,140,0.5536723163841808,120,3,0.42142857142857143,0.3379032258064516,1.2471871803614047,0.5869086828740782,35.175068215232216,1.2471871803614047,1.2471871803614047,1,1,0.4943502824858757,0.5932203389830508,1.1844776119402987,0.7851851851851852,1.2471871803614047,0.5536723163841808,0.5536723163841808,0.1590909090909091,1.1454545454545455,4,target_panel_xgb_anchor25,rolling,0.25,120,3,0,0.0,0.0,0,0
0.3,399,1.5779661016949154,20,0,0.39849624060150374,0.3379032258064516,1.1793206165772425,0.5869086828740782,41.07104211534786,1.1793206165772425,1.1793206165772425,1,1,1.5028248587570623,1.6412429378531075,1.148148148148148,0.8908629441624365,1.1793206165772425,1.5779661016949154,1.5779661016949154,1.0853932584269663,2.815909090909091,4,target_panel_xgb_anchor25,rolling,0.3,20,0,0,0.0,0.0,0,0
0.3,349,1.380225988700565,40,0,0.4183381088825215,0.3379032258064516,1.2380411814184407,0.5869086828740782,41.4452559922391,1.2380411814184407,1.2380411814184407,1,1,1.2853107344632768,1.4830508474576272,1.1372549019607843,0.8982558139534884,1.2380411814184407,1.380225988700565,1.380225988700565,0.6606741573033709,2.9590909090909094,4,target_panel_xgb_anchor25,rolling,0.3,40,0,0,0.0,0.0,0,0
0.3,332,1.3129943502824861,60,0,0.4367469879518072,0.3379032258064516,1.2925209189981886,0.5869086828740782,46.29013123337465,1.2925209189981886,1.2925209189981886,1,1,1.2457627118644068,1.384180790960452,1.1542288557213929,0.8929663608562691,1.2925209189981886,1.3129943502824861,1.3129943502824861,0.6363636363636364,3.1659090909090906,4,target_panel_xgb_anchor25,rolling,0.3,60,0,0,0.0,0.0,0,0
0.3,317,1.2536723163841808,120,0,0.444794952681388,0.3379032258064516,1.3163382847850147,0.5869086828740782,48.06348815292337,1.3163382847850147,1.3163382847850147,1,1,1.1271186440677967,1.3248587570621468,1.2121212121212122,0.8846153846153846,1.3163382847850147,1.2536723163841808,1.2536723163841808,0.17500000000000002,2.577272727272727,4,target_panel_xgb_anchor25,rolling,0.3,120,0,0,0.0,0.0,0,0
0.3,315,1.2457627118644068,250,0,0.4380952380952381,0.3379032258064516,1.2965109671553585,0.5869086828740782,40.72876437061925,1.2965109671553585,1.2965109671553585,1,1,1.1468926553672316,1.344632768361582,1.2156862745098038,0.9,1.2965109671553585,1.2457627118644068,1.2457627118644068,0.2545454545454546,2.290909090909091,4,target_panel_xgb_anchor25,rolling,0.3,250,0,0,0.0,0.0,0,0
0.3,190,0.7514124293785311,40,3,0.3736842105263158,0.3379032258064516,1.1058912196960182,0.5869086828740782,40.40919336242899,1.1058912196960182,1.1058912196960182,1,1,0.692090395480226,0.8107344632768362,1.00040338846309,0.7837837837837838,1.1058912196960182,0.7514124293785311,0.7514124293785311,0.3775280898876405,1.4318181818181819,4,target_panel_xgb_anchor25,rolling,0.3,40,3,0,0.0,0.0,0,0
0.3,180,0.711864406779661,60,3,0.3888888888888889,0.3379032258064516,1.15088835852559,0.5869086828740782,45.41710820515458,1.15088835852559,1.15088835852559,1,1,0.692090395480226,0.731638418079096,1.0575692963752665,0.7657142857142857,1.15088835852559,0.711864406779661,0.711864406779661,0.3460674157303371,1.5590909090909093,4,target_panel_xgb_anchor25,rolling,0.3,60,3,0,0.0,0.0,0,0
0.3,172,0.6802259887005649,120,3,0.38372093023255816,0.3379032258064516,1.1355941610701006,0.5869086828740782,32.821078192284354,1.1355941610701006,1.1355941610701006,1,1,0.5734463276836158,0.7514124293785311,1.0498209052425922,0.7784431137724551,1.1355941610701006,0.6802259887005649,0.6802259887005649,0.17500000000000002,1.2568181818181818,4,target_panel_xgb_anchor25,rolling,0.3,120,3,0,0.0,0.0,0,0
0.35,438,1.7322033898305085,20,0,0.4041095890410959,0.3379032258064516,1.1959329126753195,0.5869086828740782,45.07115995262072,1.1959329126753195,1.1959329126753195,1,1,1.6412429378531075,1.8389830508474576,1.1294117647058823,0.8937644341801386,1.1959329126753195,1.7322033898305085,1.7322033898305085,1.2584269662921348,3.038636363636364,4,target_panel_xgb_anchor25,rolling,0.35,20,0,0,0.0,0.0,0,0
0.35,395,1.5621468926553672,40,0,0.40253164556962023,0.3379032258064516,1.191263103833721,0.5869086828740782,35.429047610939655,1.191263103833721,1.191263103833721,1,1,1.4830508474576272,1.6412429378531075,1.1772151898734178,0.9153846153846154,1.191263103833721,1.5621468926553672,1.5621468926553672,0.7393258426966293,3.293181818181818,4,target_panel_xgb_anchor25,rolling,0.35,40,0,0,0.0,0.0,0,0
0.35,367,1.4514124293785313,60,0,0.4332425068119891,0.3379032258064516,1.2821496621643593,0.5869086828740782,45.64473912404381,1.2821496621643593,1.2821496621643593,1,1,1.364406779661017,1.5423728813559323,1.1891891891891893,0.914364640883978,1.2821496621643593,1.4514124293785313,1.4514124293785313,0.7235955056179775,3.4363636363636365,4,target_panel_xgb_anchor25,rolling,0.35,60,0,0,0.0,0.0,0,0
0.35,388,1.5344632768361581,120,0,0.4484536082474227,0.3379032258064516,1.3271658096105112,0.5869086828740782,43.633526269491725,1.3271658096105112,1.3271658096105112,1,1,1.344632768361582,1.6412429378531075,1.264957264957265,0.9007832898172323,1.3271658096105112,1.5344632768361581,1.5344632768361581,0.22272727272727272,2.784090909090909,4,target_panel_xgb_anchor25,rolling,0.35,120,0,0,0.0,0.0,0,0
0.35,383,1.514689265536723,250,0,0.4360313315926893,0.3379032258064516,1.2904029860976964,0.5869086828740782,40.46847519670376,1.2904029860976964,1.2904029860976964,1,1,1.3248587570621468,1.6214689265536724,1.170731707317073,0.8835978835978836,1.2904029860976964,1.514689265536723,1.514689265536723,0.44545454545454544,2.6075,4,target_panel_xgb_anchor25,rolling,0.35,250,0,0,0.0,0.0,0,0
0.35,211,0.8344632768361583,40,3,0.3696682464454976,0.3379032258064516,1.094006266330351,0.5869086828740782,33.3778428985594,1.094006266330351,1.094006266330351,1,1,0.7909604519774012,0.8898305084745763,0.9930833636694577,0.8155339805825242,1.094006266330351,0.8344632768361583,0.8344632768361583,0.3775280898876405,1.5590909090909093,4,target_panel_xgb_anchor25,rolling,0.35,40,3,0,0.0,0.0,0,0
0.35,194,0.7672316384180791,60,3,0.37628865979381443,0.3379032258064516,1.1135988977191644,0.5869086828740782,44.5794849857378,1.1135988977191644,1.1135988977191644,1,1,0.731638418079096,0.8305084745762712,0.900363049616781,0.798941798941799,1.1135988977191644,0.7672316384180791,0.7672316384180791,0.3775280898876405,1.638636363636364,4,target_panel_xgb_anchor25,rolling,0.35,60,3,0,0.0,0.0,0,0
0.35,201,0.7949152542372883,120,3,0.40298507462686567,0.3379032258064516,1.1926049941224666,0.5869086828740782,28.842951288649406,1.1926049941224666,1.1926049941224666,1,1,0.692090395480226,0.8502824858757062,1.1623931623931625,0.7959183673469388,1.1926049941224666,0.7949152542372883,0.7949152542372883,0.22272727272727272,1.3825,4,target_panel_xgb_anchor25,rolling,0.35,120,3,0,0.0,0.0,0,0
0.15,269,1.0638418079096046,20,0,0.4200743494423792,0.3379032258064516,1.243179458970287,0.5811441312329396,40.285495398038364,1.243179458970287,1.243179458970287,1,1,0.9887005649717514,1.1073446327683616,1.1733333333333333,0.8446969696969697,1.243179458970287,1.0638418079096046,1.0638418079096046,0.63,1.8772727272727274,4,target_panel_xgb_primary50,rolling,0.15,20,0,0,0.0,0.0,0,0
0.15,268,1.0598870056497176,40,0,0.44029850746268656,0.3379032258064516,1.3030313824671393,0.5811441312329396,50.40928871180887,1.3030313824671393,1.3030313824671393,1,1,1.0282485875706215,1.0875706214689267,1.1851851851851851,0.8821292775665399,1.3030313824671393,1.0598870056497176,1.0598870056497176,0.6475,1.8613636363636363,4,target_panel_xgb_primary50,rolling,0.15,40,0,0,0.0,0.0,0,0
0.15,226,0.8937853107344633,60,0,0.4911504424778761,0.3379032258064516,1.4535239825120916,0.5811441312329396,60.42717910923876,1.4535239825120916,1.4535239825120916,1,1,0.8107344632768362,0.9491525423728814,1.277777777777778,0.8597285067873304,1.4535239825120916,0.8937853107344633,0.8937853107344633,0.39325842696629215,1.9727272727272729,4,target_panel_xgb_primary50,rolling,0.15,60,0,0,0.0,0.0,0,0
0.15,189,0.747457627118644,120,0,0.582010582010582,0.3379032258064516,1.7224179515348965,0.5811441312329396,89.77105008218282,1.7224179515348965,1.7224179515348965,1,1,0.692090395480226,0.7909604519774012,1.573134328358209,0.9021739130434783,1.7224179515348965,0.747457627118644,0.747457627118644,0.09545454545454546,1.9727272727272729,4,target_panel_xgb_primary50,rolling,0.15,120,0,0,0.0,0.0,0,0
0.15,172,0.6802259887005649,250,0,0.5465116279069767,0.3379032258064516,1.6173613809180218,0.5811441312329396,81.27950254801064,1.6173613809180218,1.6173613809180218,1,1,0.632768361581921,0.731638418079096,1.415276558384548,0.8922155688622755,1.6173613809180218,0.6802259887005649,0.6802259887005649,0.09545454545454546,1.6704545454545454,4,target_panel_xgb_primary50,rolling,0.15,250,0,0,0.0,0.0,0,0
0.15,129,0.5101694915254238,40,3,0.3953488372093023,0.3379032258064516,1.170006105344952,0.5811441312329396,31.90404813448165,1.170006105344952,1.170006105344952,1,1,0.4548022598870057,0.5338983050847458,0.9965556831228474,0.7096774193548387,1.170006105344952,0.5101694915254238,0.5101694915254238,0.36179775280898874,0.8113636363636363,4,target_panel_xgb_primary50,rolling,0.15,40,3,0,0.0,0.0,0,0
0.15,116,0.45875706214689266,60,3,0.3879310344827586,0.3379032258064516,1.148053658135133,0.5811441312329396,36.085852711770436,1.148053658135133,1.148053658135133,1,1,0.43502824858757067,0.4943502824858757,0.8412483039348712,0.6756756756756757,1.148053658135133,0.45875706214689266,0.45875706214689266,0.2359550561797753,0.8272727272727273,4,target_panel_xgb_primary50,rolling,0.15,60,3,0,0.0,0.0,0,0
0.15,92,0.3638418079096045,120,3,0.5,0.3379032258064516,1.4797136038186158,0.5811441312329396,68.77255808512179,1.4797136038186158,1.4797136038186158,1,1,0.3163841807909605,0.4152542372881356,1.2338308457711442,0.7586206896551724,1.4797136038186158,0.3638418079096045,0.3638418079096045,0.09545454545454546,0.8590909090909091,4,target_panel_xgb_primary50,rolling,0.15,120,3,0,0.0,0.0,0,0
0.18,302,1.1943502824858758,20,0,0.4139072847682119,0.3379032258064516,1.224928479982298,0.5811441312329396,39.25648718194888,1.224928479982298,1.224928479982298,1,1,1.1468926553672316,1.2062146892655368,1.103448275862069,0.8754208754208754,1.224928479982298,1.1943502824858758,1.1943502824858758,0.7,2.0522727272727272,4,target_panel_xgb_primary50,rolling,0.18,20,0,0,0.0,0.0,0,0
0.18,301,1.1903954802259888,40,0,0.4186046511627907,0.3379032258064516,1.2388299938946552,0.5811441312329396,43.360820947873755,1.2388299938946552,1.2388299938946552,1,1,1.1073446327683616,1.265536723163842,1.092896174863388,0.8817567567567568,1.2388299938946552,1.1903954802259888,1.1903954802259888,0.7,1.9727272727272729,4,target_panel_xgb_primary50,rolling,0.18,40,0,0,0.0,0.0,0,0
0.18,259,1.0242937853107343,60,0,0.4942084942084942,0.3379032258064516,1.462574064006045,0.5811441312329396,58.518585403373436,1.462574064006045,1.462574064006045,1,1,0.9293785310734464,1.1073446327683616,1.3584905660377358,0.8937007874015748,1.462574064006045,1.0242937853107343,1.0242937853107343,0.5191011235955056,2.131818181818182,4,target_panel_xgb_primary50,rolling,0.18,60,0,0,0.0,0.0,0,0
0.18,204,0.8067796610169491,120,0,0.5784313725490197,0.3379032258064516,1.7118255416725165,0.5811441312329396,87.12437671353459,1.7118255416725165,1.7118255416725165,1,1,0.7711864406779662,0.8502824858757062,1.6250455041863852,0.914572864321608,1.7118255416725165,0.8067796610169491,0.8067796610169491,0.11136363636363636,2.084090909090909,4,target_panel_xgb_primary50,rolling,0.18,120,0,0,0.0,0.0,0,0
0.18,190,0.7514124293785311,250,0,0.5578947368421052,0.3379032258064516,1.6510488632081397,0.5811441312329396,83.8305889552832,1.6510488632081397,1.6510488632081397,1,1,0.711864406779661,0.8107344632768362,1.4005647438483262,0.9081081081081082,1.6510488632081397,0.7514124293785311,0.7514124293785311,0.11136363636363636,1.8613636363636363,4,target_panel_xgb_primary50,rolling,0.18,250,0,0,0.0,0.0,0,0
0.18,140,0.5536723163841808,40,3,0.37142857142857144,0.3379032258064516,1.0992158199795432,0.5811441312329396,25.399760923597857,1.0992158199795432,1.0992158199795432,1,1,0.5338983050847458,0.5734463276836158,0.9253731343283582,0.6888888888888889,1.0992158199795432,0.5536723163841808,0.5536723163841808,0.3775280898876405,0.8272727272727273,4,target_panel_xgb_primary50,rolling,0.18,40,3,0,0.0,0.0,0,0
0.18,131,0.5180790960451978,60,3,0.4198473282442748,0.3379032258064516,1.2425076062599063,0.5811441312329396,38.58503595091707,1.2425076062599063,1.2425076062599063,1,1,0.4943502824858757,0.5338983050847458,1.1844776119402987,0.7063492063492064,1.2425076062599063,0.5180790960451978,0.5180790960451978,0.28314606741573034,0.9386363636363637,4,target_panel_xgb_primary50,rolling,0.18,60,3,0,0.0,0.0,0,0
0.18,101,0.39943502824858756,120,3,0.48514851485148514,0.3379032258064516,1.4357617145962807,0.5811441312329396,66.856186670725,1.4357617145962807,1.4357617145962807,1,1,0.37570621468926557,0.4152542372881356,1.2338308457711442,0.7708333333333334,1.4357617145962807,0.39943502824858756,0.39943502824858756,0.11136363636363636,0.9227272727272727,4,target_panel_xgb_primary50,rolling,0.18,120,3,0,0.0,0.0,0,0
0.2,317,1.2536723163841808,20,0,0.41009463722397477,0.3379032258064516,1.213645227106751,0.5811441312329396,36.54495459521659,1.213645227106751,1.213645227106751,1,1,1.225988700564972,1.2853107344632768,1.1076923076923078,0.8814102564102564,1.213645227106751,1.2536723163841808,1.2536723163841808,0.77,2.1,4,target_panel_xgb_primary50,rolling,0.2,20,0,0,0.0,0.0,0,0
0.2,318,1.257627118644068,40,0,0.41823899371069184,0.3379032258064516,1.2377478572822385,0.5811441312329396,44.309567513399934,1.2377478572822385,1.2377478572822385,1,1,1.1666666666666667,1.3248587570621468,1.1313131313131313,0.8881789137380192,1.2377478572822385,1.257627118644068,1.257627118644068,0.84,2.0204545454545455,4,target_panel_xgb_primary50,rolling,0.2,40,0,0,0.0,0.0,0,0
0.2,286,1.1310734463276837,60,0,0.4825174825174825,0.3379032258064516,1.42797536592286,0.5811441312329396,57.92657860802778,1.42797536592286,1.42797536592286,1,1,1.0480225988700564,1.2062146892655368,1.355191256830601,0.9110320284697508,1.42797536592286,1.1310734463276837,1.1310734463276837,0.5820224719101125,2.2272727272727275,4,target_panel_xgb_primary50,rolling,0.2,60,0,0,0.0,0.0,0,0
0.2,222,0.8779661016949153,120,0,0.5765765765765766,0.3379032258064516,1.7063364080070524,0.5811441312329396,87.9987998221885,1.7063364080070524,1.7063364080070524,1,1,0.8700564971751413,0.8898305084745763,1.5999999999999999,0.9170506912442397,1.7063364080070524,0.8779661016949153,0.8779661016949153,0.1590909090909091,2.1636363636363636,4,target_panel_xgb_primary50,rolling,0.2,120,0,0,0.0,0.0,0,0
0.2,209,0.8265536723163841,250,0,0.5502392344497608,0.3379032258064516,1.6283929611401036,0.5811441312329396,83.6872450830064,1.6283929611401036,1.6283929611401036,1,1,0.7909604519774012,0.8898305084745763,1.5609756097560974,0.9117647058823529,1.6283929611401036,0.8265536723163841,0.8265536723163841,0.1590909090909091,1.940909090909091,4,target_panel_xgb_primary50,rolling,0.2,250,0,0,0.0,0.0,0,0
0.2,148,0.5853107344632769,40,3,0.35135135135135137,0.3379032258064516,1.0397987486292977,0.5811441312329396,25.52977059583024,1.0397987486292977,1.0397987486292977,1,1,0.5734463276836158,0.632768361581921,0.9166666666666666,0.7272727272727273,1.0397987486292977,0.5853107344632769,0.5853107344632769,0.40898876404494383,0.8272727272727273,4,target_panel_xgb_primary50,rolling,0.2,40,3,0,0.0,0.0,0,0
0.2,142,0.5615819209039548,60,3,0.4225352112676056,0.3379032258064516,1.2504622004100978,0.5811441312329396,43.525362414028365,1.2504622004100978,1.2504622004100978,1,1,0.5338983050847458,0.5932203389830508,1.148148148148148,0.781021897810219,1.2504622004100978,0.5615819209039548,0.5615819209039548,0.298876404494382,0.9863636363636364,4,target_panel_xgb_primary50,rolling,0.2,60,3,0,0.0,0.0,0,0
0.2,111,0.43898305084745765,120,3,0.4774774774774775,0.3379032258064516,1.4130598378808403,0.5811441312329396,70.3313652013811,1.4130598378808403,1.4130598378808403,1,1,0.4152542372881356,0.4745762711864407,1.222222222222222,0.8113207547169812,1.4130598378808403,0.43898305084745765,0.43898305084745765,0.1431818181818182,0.9704545454545455,4,target_panel_xgb_primary50,rolling,0.2,120,3,0,0.0,0.0,0,0
0.22,335,1.3248587570621468,20,0,0.408955223880597,0.3379032258064516,1.2102732162576142,0.5811441312329396,38.05516722166864,1.2102732162576142,1.2102732162576142,1,1,1.305084745762712,1.344632768361582,1.1542288557213929,0.8818181818181818,1.2102732162576142,1.3248587570621468,1.3248587570621468,0.8925,2.115909090909091,4,target_panel_xgb_primary50,rolling,0.22,20,0,0,0.0,0.0,0,0
0.22,340,1.344632768361582,40,0,0.4117647058823529,0.3379032258064516,1.2185876737329777,0.5811441312329396,44.503000743353276,1.2185876737329777,1.2185876737329777,1,1,1.2457627118644068,1.4039548022598871,1.1362633633124046,0.8985074626865671,1.2185876737329777,1.344632768361582,1.344632768361582,0.9280898876404495,2.115909090909091,4,target_panel_xgb_primary50,rolling,0.22,40,0,0,0.0,0.0,0,0
0.22,305,1.2062146892655368,60,0,0.46229508196721314,0.3379032258064516,1.3681286435306548,0.5811441312329396,55.8166850780135,1.3681286435306548,1.3681286435306548,1,1,1.1271186440677967,1.2853107344632768,1.3006993006993006,0.9166666666666666,1.3681286435306548,1.2062146892655368,1.2062146892655368,0.6134831460674157,2.259090909090909,4,target_panel_xgb_primary50,rolling,0.22,60,0,0,0.0,0.0,0,0
0.22,243,0.9610169491525424,120,0,0.551440329218107,0.3379032258064516,1.6319475136764983,0.5811441312329396,81.47256825541311,1.6319475136764983,1.6319475136764983,1,1,0.8898305084745763,1.0282485875706215,1.5238095238095237,0.9159663865546218,1.6319475136764983,0.9610169491525424,0.9610169491525424,0.27045454545454545,2.243181818181818,4,target_panel_xgb_primary50,rolling,0.22,120,0,0,0.0,0.0,0,0
0.22,229,0.9056497175141243,250,0,0.537117903930131,0.3379032258064516,1.5895613385999106,0.5811441312329396,77.77197010238154,1.5895613385999106,1.5895613385999106,1,1,0.8502824858757062,0.9689265536723164,1.4814814814814816,0.9107142857142857,1.5895613385999106,0.9056497175141243,0.9056497175141243,0.27045454545454545,2.0363636363636366,4,target_panel_xgb_primary50,rolling,0.22,250,0,0,0.0,0.0,0,0
0.22,163,0.644632768361582,40,3,0.3312883435582822,0.3379032258064516,0.9804237374994509,0.5811441312329396,25.15424338912472,0.9804237374994509,0.9804237374994509,0,1,0.5932203389830508,0.672316384180791,0.8403614457831325,0.7658227848101266,0.9804237374994509,0.644632768361582,0.644632768361582,0.42471910112359557,0.8909090909090909,4,target_panel_xgb_primary50,rolling,0.22,40,3,0,0.0,0.0,0,0
0.22,150,0.5932203389830508,60,3,0.4,0.3379032258064516,1.1837708830548928,0.5811441312329396,44.43782376321102,1.1837708830548928,1.1837708830548928,1,1,0.5734463276836158,0.612994350282486,1.0909090909090908,0.8,1.1837708830548928,0.5932203389830508,0.5932203389830508,0.298876404494382,1.0181818181818183,4,target_panel_xgb_primary50,rolling,0.22,60,3,0,0.0,0.0,0,0
0.22,123,0.48644067796610174,120,3,0.44715447154471544,0.3379032258064516,1.3233211091060793,0.5811441312329396,63.71084390857582,1.3233211091060793,1.3233211091060793,1,1,0.4548022598870057,0.5141242937853108,1.2307692307692308,0.8305084745762712,1.3233211091060793,0.48644067796610174,0.48644067796610174,0.20681818181818182,1.0181818181818183,4,target_panel_xgb_primary50,rolling,0.22,120,3,0,0.0,0.0,0,0
0.25,364,1.4395480225988702,20,0,0.40384615384615385,0.3379032258064516,1.195153295391959,0.5811441312329396,38.513607610268494,1.195153295391959,1.195153295391959,1,1,1.4039548022598871,1.5225988700564972,1.1481481481481481,0.8802228412256268,1.195153295391959,1.4395480225988702,1.4395480225988702,1.015,2.3068181818181817,4,target_panel_xgb_primary50,rolling,0.25,20,0,0,0.0,0.0,0,0
0.25,368,1.455367231638418,40,0,0.41304347826086957,0.3379032258064516,1.2223721075023348,0.5811441312329396,41.66233231702541,1.2223721075023348,1.2223721075023348,1,1,1.4039548022598871,1.5225988700564972,1.1253324988264748,0.90633608815427,1.2223721075023348,1.455367231638418,1.455367231638418,0.9595505617977528,2.259090909090909,4,target_panel_xgb_primary50,rolling,0.25,40,0,0,0.0,0.0,0,0
0.25,334,1.3209039548022599,60,0,0.45209580838323354,0.3379032258064516,1.3379446357880898,0.5811441312329396,51.16117595967223,1.3379446357880898,1.3379446357880898,1,1,1.265536723163842,1.344632768361582,1.2742735648476258,0.9270516717325228,1.3379446357880898,1.3209039548022599,1.3209039548022599,0.7235955056179775,2.3545454545454545,4,target_panel_xgb_primary50,rolling,0.25,60,0,0,0.0,0.0,0,0
0.25,269,1.0638418079096046,120,0,0.5278810408921933,0.3379032258064516,1.562225514812219,0.5811441312329396,74.2181744614712,1.562225514812219,1.562225514812219,1,1,1.0084745762711864,1.1073446327683616,1.4285714285714286,0.9204545454545454,1.562225514812219,1.0638418079096046,1.0638418079096046,0.41363636363636364,2.3386363636363634,4,target_panel_xgb_primary50,rolling,0.25,120,0,0,0.0,0.0,0,0
0.25,255,1.0084745762711864,250,0,0.5294117647058824,0.3379032258064516,1.5667555805138285,0.5811441312329396,70.99015912658075,1.5667555805138285,1.5667555805138285,1,1,0.9096045197740114,1.0677966101694916,1.432098765432099,0.916,1.5667555805138285,1.0084745762711864,1.0084745762711864,0.41363636363636364,2.131818181818182,4,target_panel_xgb_primary50,rolling,0.25,250,0,0,0.0,0.0,0,0
0.25,177,0.7,40,3,0.3389830508474576,0.3379032258064516,1.0031956636058412,0.5811441312329396,25.37119153540136,1.0031956636058412,1.0031956636058412,1,1,0.692090395480226,0.731638418079096,0.8537005163511188,0.7848837209302325,1.0031956636058412,0.7,0.7,0.4404494382022472,1.0022727272727272,4,target_panel_xgb_primary50,rolling,0.25,40,3,0,0.0,0.0,0,0
0.25,161,0.6367231638418079,60,3,0.39751552795031053,0.3379032258064516,1.1764182688744274,0.5811441312329396,39.556014003993766,1.1764182688744274,1.1764182688744274,1,1,0.612994350282486,0.672316384180791,1.1182795698924732,0.8205128205128205,1.1764182688744274,0.6367231638418079,0.6367231638418079,0.33033707865168543,1.0818181818181818,4,target_panel_xgb_primary50,rolling,0.25,60,3,0,0.0,0.0,0,0
0.25,131,0.5180790960451978,120,3,0.4351145038167939,0.3379032258064516,1.287689701032994,0.5811441312329396,57.46999794999663,1.287689701032994,1.287689701032994,1,1,0.4548022598870057,0.5536723163841808,1.1428571428571428,0.8253968253968254,1.287689701032994,0.5180790960451978,0.5180790960451978,0.2359550561797753,1.0340909090909092,4,target_panel_xgb_primary50,rolling,0.25,120,3,0,0.0,0.0,0,0
0.3,409,1.6175141242937854,20,0,0.39853300733496333,0.3379032258064516,1.1794294250485788,0.5811441312329396,37.1149383646362,1.1794294250485788,1.1794294250485788,1,1,1.5621468926553672,1.7401129943502827,1.1382113821138211,0.8811881188118812,1.1794294250485788,1.6175141242937854,1.6175141242937854,1.2249999999999999,2.609090909090909,4,target_panel_xgb_primary50,rolling,0.3,20,0,0,0.0,0.0,0,0
0.3,404,1.5977401129943503,40,0,0.4084158415841584,0.3379032258064516,1.208676953614216,0.5811441312329396,40.04024179691083,1.208676953614216,1.208676953614216,1,1,1.5225988700564972,1.6807909604519775,1.1435371114085973,0.9298245614035088,1.208676953614216,1.5977401129943503,1.5977401129943503,0.9910112359550562,2.3863636363636362,4,target_panel_xgb_primary50,rolling,0.3,40,0,0,0.0,0.0,0,0
0.3,375,1.4830508474576272,60,0,0.432,0.3379032258064516,1.278472553699284,0.5811441312329396,45.85083287823329,1.278472553699284,1.278472553699284,1,1,1.423728813559322,1.5621468926553672,1.244979919678715,0.9351351351351351,1.278472553699284,1.4830508474576272,1.4830508474576272,0.7865168539325843,2.481818181818182,4,target_panel_xgb_primary50,rolling,0.3,60,0,0,0.0,0.0,0,0
0.3,300,1.1864406779661016,120,0,0.5033333333333333,0.3379032258064516,1.4895783611774065,0.5811441312329396,67.24997084576394,1.4895783611774065,1.4895783611774065,1,1,1.1468926553672316,1.225988700564972,1.3763440860215053,0.9050847457627119,1.4895783611774065,1.1864406779661016,1.1864406779661016,0.5727272727272728,2.434090909090909,4,target_panel_xgb_primary50,rolling,0.3,120,0,0,0.0,0.0,0,0
0.3,289,1.1429378531073446,250,0,0.5190311418685121,0.3379032258064516,1.5360348828566945,0.5811441312329396,70.21287894127617,1.5360348828566945,1.5360348828566945,1,1,1.0677966101694916,1.2062146892655368,1.3989071038251366,0.9014084507042254,1.5360348828566945,1.1429378531073446,1.1429378531073446,0.5727272727272728,2.259090909090909,4,target_panel_xgb_primary50,rolling,0.3,250,0,0,0.0,0.0,0,0
0.3,198,0.7830508474576272,40,3,0.3333333333333333,0.3379032258064516,0.9864757358790771,0.5811441312329396,29.78315829239698,0.9864757358790771,0.9864757358790771,0,1,0.731638418079096,0.8502824858757062,0.9193697868396664,0.8341968911917098,0.9864757358790771,0.7830508474576272,0.7830508474576272,0.45617977528089887,1.1295454545454544,4,target_panel_xgb_primary50,rolling,0.3,40,3,0,0.0,0.0,0,0
0.3,186,0.7355932203389831,60,3,0.3602150537634409,0.3379032258064516,1.0660302307080352,0.5811441312329396,35.5584976434968,1.0660302307080352,1.0660302307080352,1,1,0.692090395480226,0.7909604519774012,0.9253731343283582,0.850828729281768,1.0660302307080352,0.7355932203389831,0.7355932203389831,0.36179775280898874,1.1772727272727272,4,target_panel_xgb_primary50,rolling,0.3,60,3,0,0.0,0.0,0,0
0.3,150,0.5932203389830508,120,3,0.4066666666666667,0.3379032258064516,1.2035003977724743,0.5811441312329396,50.79069868876133,1.2035003977724743,1.2035003977724743,1,1,0.5338983050847458,0.652542372881356,1.0211013896037056,0.7931034482758621,1.2035003977724743,0.5932203389830508,0.5932203389830508,0.28314606741573034,1.065909090909091,4,target_panel_xgb_primary50,rolling,0.3,120,3,0,0.0,0.0,0,0
0.35,454,1.7954802259887006,20,0,0.40748898678414097,0.3379032258064516,1.205933994301515,0.5811441312329396,37.953030736078425,1.205933994301515,1.205933994301515,1,1,1.7401129943502827,1.8587570621468927,1.1818181818181819,0.888641425389755,1.205933994301515,1.7954802259887006,1.7954802259887006,1.4157303370786518,2.784090909090909,4,target_panel_xgb_primary50,rolling,0.35,20,0,0,0.0,0.0,0,0
0.35,430,1.7005649717514124,40,0,0.4046511627906977,0.3379032258064516,1.1975356607648333,0.5811441312329396,39.77539340460202,1.1975356607648333,1.1975356607648333,1,1,1.6412429378531075,1.7598870056497176,1.146539646959933,0.9294117647058824,1.1975356607648333,1.7005649717514124,1.7005649717514124,1.0853932584269663,2.481818181818182,4,target_panel_xgb_primary50,rolling,0.35,40,0,0,0.0,0.0,0,0
0.35,422,1.6689265536723166,60,0,0.42417061611374407,0.3379032258064516,1.2553020620072617,0.5811441312329396,44.119983623269206,1.2553020620072617,1.2553020620072617,1,1,1.5621468926553672,1.7203389830508475,1.2051371051718156,0.935251798561151,1.2553020620072617,1.6689265536723166,1.6689265536723166,0.8651685393258427,2.672727272727273,4,target_panel_xgb_primary50,rolling,0.35,60,0,0,0.0,0.0,0,0
0.35,323,1.2774011299435029,120,0,0.48606811145510836,0.3379032258064516,1.438483193805094,0.5811441312329396,59.68642972778247,1.438483193805094,1.438483193805094,1,1,1.225988700564972,1.364406779661017,1.3763440860215053,0.889937106918239,1.438483193805094,1.2774011299435029,1.2774011299435029,0.6522727272727272,2.5295454545454548,4,target_panel_xgb_primary50,rolling,0.35,120,0,0,0.0,0.0,0,0
0.35,308,1.2180790960451977,250,0,0.5097402597402597,0.3379032258064516,1.508539193503394,0.5811441312329396,66.30843909322383,1.508539193503394,1.508539193503394,1,1,1.1666666666666667,1.2853107344632768,1.3989071038251366,0.8844884488448845,1.508539193503394,1.2180790960451977,1.2180790960451977,0.6449438202247191,2.3068181818181817,4,target_panel_xgb_primary50,rolling,0.35,250,0,0,0.0,0.0,0,0
0.35,211,0.8344632768361583,40,3,0.35071090047393366,0.3379032258064516,1.0379033808775124,0.5811441312329396,34.45350907020682,1.0379033808775124,1.0379033808775124,1,1,0.8107344632768362,0.8700564971751413,0.975609756097561,0.8349514563106796,1.0379033808775124,0.8344632768361583,0.8344632768361583,0.5348314606741573,1.1931818181818181,4,target_panel_xgb_primary50,rolling,0.35,40,3,0,0.0,0.0,0,0
0.35,207,0.8186440677966101,60,3,0.36231884057971014,0.3379032258064516,1.0722562346511708,0.5811441312329396,34.25022078383556,1.0722562346511708,1.0722562346511708,1,1,0.7711864406779662,0.8502824858757062,0.946893439777855,0.8514851485148515,1.0722562346511708,0.8186440677966101,0.8186440677966101,0.3775280898876405,1.3045454545454545,4,target_panel_xgb_primary50,rolling,0.35,60,3,0,0.0,0.0,0,0
0.35,169,0.6683615819209039,120,3,0.39644970414201186,0.3379032258064516,1.1732640408976007,0.5811441312329396,40.07616497582799,1.1732640408976007,1.1732640408976007,1,1,0.612994350282486,0.731638418079096,1.074626865671642,0.774390243902439,1.1732640408976007,0.6683615819209039,0.6683615819209039,0.3460674157303371,1.1613636363636364,4,target_panel_xgb_primary50,rolling,0.35,120,3,0,0.0,0.0,0,0
0.15,293,1.1587570621468928,20,0,0.40955631399317405,0.3379032258064516,1.2120520986910164,0.5947982406925602,49.91678155977941,1.2120520986910164,1.2120520986910164,1,1,1.1073446327683616,1.225988700564972,1.0952380952380951,0.8333333333333334,1.2120520986910164,1.1587570621468928,1.1587570621468928,0.6921348314606742,2.0045454545454544,4,target_panel_xgb_benefit50,rolling,0.15,20,0,0,0.0,0.0,0,0
0.15,225,0.8898305084745763,40,0,0.38666666666666666,0.3379032258064516,1.1443118536197294,0.5947982406925602,41.68129186333747,1.1443118536197294,1.1443118536197294,1,1,0.8502824858757062,0.9491525423728814,1.0303030303030303,0.8363636363636363,1.1443118536197294,0.8898305084745763,0.8898305084745763,0.455,1.5750000000000002,4,target_panel_xgb_benefit50,rolling,0.15,40,0,0,0.0,0.0,0,0
0.15,196,0.7751412429378532,60,0,0.4897959183673469,0.3379032258064516,1.449515367005991,0.5947982406925602,70.97904099500659,1.449515367005991,1.449515367005991,1,1,0.731638418079096,0.8305084745762712,1.3693693693693694,0.7905759162303665,1.449515367005991,0.7751412429378532,0.7751412429378532,0.33033707865168543,1.9090909090909092,4,target_panel_xgb_benefit50,rolling,0.15,60,0,0,0.0,0.0,0,0
0.15,226,0.8937853107344633,120,0,0.5353982300884956,0.3379032258064516,1.5844720890447126,0.5947982406925602,80.06852301785388,1.5844720890447126,1.5844720890447126,1,1,0.8700564971751413,0.9293785310734464,1.3459972862957938,0.9321266968325792,1.5844720890447126,0.8937853107344633,0.8937853107344633,0.0,2.0204545454545455,4,target_panel_xgb_benefit50,rolling,0.15,120,0,0,0.0,0.0,0,0
0.15,233,0.9214689265536724,250,0,0.5321888412017167,0.3379032258064516,1.5749741362532905,0.5947982406925602,76.69853098518199,1.5749741362532905,1.5749741362532905,1,1,0.7909604519774012,0.9887005649717514,1.2955223880597015,0.9078947368421053,1.5749741362532905,0.9214689265536724,0.9214689265536724,0.03181818181818182,1.8375,4,target_panel_xgb_benefit50,rolling,0.15,250,0,0,0.0,0.0,0,0
0.15,127,0.5022598870056497,40,3,0.3700787401574803,0.3379032258064516,1.0952210925901567,0.5947982406925602,40.473501738458566,1.0952210925901567,1.0952210925901567,1,1,0.4548022598870057,0.5536723163841808,0.9253731343283582,0.680327868852459,1.0952210925901567,0.5022598870056497,0.5022598870056497,0.2975,0.7795454545454547,4,target_panel_xgb_benefit50,rolling,0.15,40,3,0,0.0,0.0,0,0
0.15,109,0.43107344632768363,60,3,0.3853211009174312,0.3379032258064516,1.1403297497317775,0.5947982406925602,55.716424525977736,1.1403297497317775,1.1403297497317775,1,1,0.4152542372881356,0.4548022598870057,0.8412483039348712,0.5961538461538461,1.1403297497317775,0.43107344632768363,0.43107344632768363,0.2359550561797753,0.8590909090909091,4,target_panel_xgb_benefit50,rolling,0.15,60,3,0,0.0,0.0,0,0
0.15,107,0.4231638418079096,120,3,0.411214953271028,0.3379032258064516,1.2169607208975532,0.5947982406925602,60.303664063817365,1.2169607208975532,1.2169607208975532,1,1,0.3954802259887006,0.4548022598870057,0.8046722907203115,0.8529411764705882,1.2169607208975532,0.4231638418079096,0.4231638418079096,0.0,0.8272727272727273,4,target_panel_xgb_benefit50,rolling,0.15,120,3,0,0.0,0.0,0,0
0.18,329,1.301129943502825,20,0,0.39209726443769,0.3379032258064516,1.1603833124170302,0.5947982406925602,44.980350016449,1.1603833124170302,1.1603833124170302,1,1,1.265536723163842,1.344632768361582,1.0833333333333333,0.8518518518518519,1.1603833124170302,1.301129943502825,1.301129943502825,0.7707865168539327,2.1,4,target_panel_xgb_benefit50,rolling,0.18,20,0,0,0.0,0.0,0,0
0.18,260,1.0282485875706215,40,0,0.4115384615384615,0.3379032258064516,1.2179181200660913,0.5947982406925602,49.84790367369193,1.2179181200660913,1.2179181200660913,1,1,0.9887005649717514,1.0677966101694916,1.1572327044025157,0.8627450980392157,1.2179181200660913,1.0282485875706215,1.0282485875706215,0.56,1.8136363636363637,4,target_panel_xgb_benefit50,rolling,0.18,40,0,0,0.0,0.0,0,0
0.18,234,0.9254237288135593,60,0,0.4829059829059829,0.3379032258064516,1.4291251045427658,0.5947982406925602,70.7768046624101,1.4291251045427658,1.4291251045427658,1,1,0.8898305084745763,0.9689265536723164,1.3388377262623057,0.8471615720524017,1.4291251045427658,0.9254237288135593,0.9254237288135593,0.503370786516854,2.0681818181818183,4,target_panel_xgb_benefit50,rolling,0.18,60,0,0,0.0,0.0,0,0
0.18,265,1.0480225988700564,120,0,0.5358490566037736,0.3379032258064516,1.5858062772999506,0.5947982406925602,77.49784135318865,1.5858062772999506,1.5858062772999506,1,1,0.9689265536723164,1.1073446327683616,1.5094339622641508,0.9384615384615385,1.5858062772999506,1.0480225988700564,1.0480225988700564,0.01590909090909091,2.131818181818182,4,target_panel_xgb_benefit50,rolling,0.18,120,0,0,0.0,0.0,0,0
0.18,277,1.0954802259887007,250,0,0.5234657039711191,0.3379032258064516,1.5491586465971068,0.5947982406925602,67.62659903546302,1.5491586465971068,1.5491586465971068,1,1,0.9689265536723164,1.1666666666666667,1.4352726165092904,0.9191176470588235,1.5491586465971068,1.0954802259887007,1.0954802259887007,0.07954545454545454,2.275,4,target_panel_xgb_benefit50,rolling,0.18,250,0,0,0.0,0.0,0,0
0.18,141,0.5576271186440678,40,3,0.3617021276595745,0.3379032258064516,1.07043111765602,0.5947982406925602,44.71637623000764,1.07043111765602,1.07043111765602,1,1,0.5338983050847458,0.5932203389830508,0.8636815920398011,0.7058823529411765,1.07043111765602,0.5576271186440678,0.5576271186440678,0.3460674157303371,0.8431818181818181,4,target_panel_xgb_benefit50,rolling,0.18,40,3,0,0.0,0.0,0,0
0.18,127,0.5022598870056497,60,3,0.4015748031496063,0.3379032258064516,1.1884313983425103,0.5947982406925602,54.34467074569919,1.1884313983425103,1.1884313983425103,1,1,0.4745762711864407,0.5338983050847458,0.8225538971807629,0.6885245901639344,1.1884313983425103,0.5022598870056497,0.5022598870056497,0.298876404494382,0.9386363636363637,4,target_panel_xgb_benefit50,rolling,0.18,60,3,0,0.0,0.0,0,0
0.18,126,0.49830508474576274,120,3,0.42063492063492064,0.3379032258064516,1.2448384286093117,0.5947982406925602,62.48587796096056,1.2448384286093117,1.2448384286093117,1,1,0.4745762711864407,0.5141242937853108,1.0364179104477613,0.8677685950413223,1.2448384286093117,0.49830508474576274,0.49830508474576274,0.01590909090909091,0.9450000000000001,4,target_panel_xgb_benefit50,rolling,0.18,120,3,0,0.0,0.0,0,0
0.2,343,1.356497175141243,20,0,0.39067055393586003,0.3379032258064516,1.1561610665404927,0.5947982406925602,44.23710581167873,1.1561610665404927,1.1561610665404927,1,1,1.3248587570621468,1.4039548022598871,1.0746268656716418,0.8609467455621301,1.1561610665404927,1.356497175141243,1.356497175141243,0.8179775280898877,2.131818181818182,4,target_panel_xgb_benefit50,rolling,0.2,20,0,0,0.0,0.0,0,0
0.2,270,1.0677966101694916,40,0,0.4185185185185185,0.3379032258064516,1.2385750906037303,0.5947982406925602,51.96872245341881,1.2385750906037303,1.2385750906037303,1,1,1.0282485875706215,1.1073446327683616,1.1851851851851851,0.8641509433962264,1.2385750906037303,1.0677966101694916,1.0677966101694916,0.5774999999999999,1.8772727272727274,4,target_panel_xgb_benefit50,rolling,0.2,40,0,0,0.0,0.0,0,0
0.2,245,0.9689265536723164,60,0,0.4857142857142857,0.3379032258064516,1.437436072280941,0.5947982406925602,70.15388106145872,1.437436072280941,1.437436072280941,1,1,0.9293785310734464,1.0282485875706215,1.3617021276595744,0.85,1.437436072280941,0.9689265536723164,0.9689265536723164,0.5191011235955056,2.147727272727273,4,target_panel_xgb_benefit50,rolling,0.2,60,0,0,0.0,0.0,0,0
0.2,277,1.0954802259887007,120,0,0.5379061371841155,0.3379032258064516,1.5918940575377165,0.5947982406925602,77.37940116620501,1.5918940575377165,1.5918940575377165,1,1,1.0282485875706215,1.1271186440677967,1.494833524684271,0.9411764705882353,1.5918940575377165,1.0954802259887007,1.0954802259887007,0.01590909090909091,2.1954545454545458,4,target_panel_xgb_benefit50,rolling,0.2,120,0,0,0.0,0.0,0,0
0.2,294,1.1627118644067798,250,0,0.5238095238095238,0.3379032258064516,1.5501761563814072,0.5947982406925602,64.9251999656755,1.5501761563814072,1.5501761563814072,1,1,1.0084745762711864,1.2062146892655368,1.4426229508196722,0.9238754325259516,1.5501761563814072,1.1627118644067798,1.1627118644067798,0.09545454545454546,2.5025,4,target_panel_xgb_benefit50,rolling,0.2,250,0,0,0.0,0.0,0,0
0.2,146,0.5774011299435028,40,3,0.363013698630137,0.3379032258064516,1.07431261647105,0.5947982406925602,44.26464806178724,1.07431261647105,1.07431261647105,1,1,0.5536723163841808,0.632768361581921,0.8636815920398011,0.7092198581560284,1.07431261647105,0.5774011299435028,0.5774011299435028,0.36179775280898874,0.8590909090909091,4,target_panel_xgb_benefit50,rolling,0.2,40,3,0,0.0,0.0,0,0
0.2,137,0.5418079096045197,60,3,0.40875912408759124,0.3379032258064516,1.2096928731947807,0.5947982406925602,53.94682102272069,1.2096928731947807,1.2096928731947807,1,1,0.5141242937853108,0.5734463276836158,0.9253731343283582,0.7121212121212122,1.2096928731947807,0.5418079096045197,0.5418079096045197,0.3146067415730337,1.0022727272727272,4,target_panel_xgb_benefit50,rolling,0.2,60,3,0,0.0,0.0,0,0
0.2,133,0.5259887005649718,120,3,0.44360902255639095,0.3379032258064516,1.3128286109067417,0.5947982406925602,65.56685525219966,1.3128286109067417,1.3128286109067417,1,1,0.4943502824858757,0.5338983050847458,1.0967385295743506,0.875,1.3128286109067417,0.5259887005649718,0.5259887005649718,0.01590909090909091,0.9975,4,target_panel_xgb_benefit50,rolling,0.2,120,3,0,0.0,0.0,0,0
0.22,354,1.4,20,0,0.3926553672316384,0.3379032258064516,1.1620349770100993,0.5947982406925602,43.026754196122845,1.1620349770100993,1.1620349770100993,1,1,1.364406779661017,1.4435028248587571,1.0821256038647344,0.8681948424068768,1.1620349770100993,1.4,1.4,0.8651685393258427,2.131818181818182,4,target_panel_xgb_benefit50,rolling,0.22,20,0,0,0.0,0.0,0,0
0.22,287,1.1350282485875707,40,0,0.42160278745644597,0.3379032258064516,1.2477027600143031,0.5947982406925602,52.084008051299435,1.2477027600143031,1.2477027600143031,1,1,1.0875706214689267,1.1864406779661016,1.172139303482587,0.875886524822695,1.2477027600143031,1.1350282485875707,1.1350282485875707,0.63,1.925,4,target_panel_xgb_benefit50,rolling,0.22,40,0,0,0.0,0.0,0,0
0.22,259,1.0242937853107343,60,0,0.49034749034749037,0.3379032258064516,1.4511477041309977,0.5947982406925602,71.22083940911546,1.4511477041309977,1.4511477041309977,1,1,0.9689265536723164,1.0875706214689267,1.4149659863945578,0.8543307086614174,1.4511477041309977,1.0242937853107343,1.0242937853107343,0.5662921348314607,2.259090909090909,4,target_panel_xgb_benefit50,rolling,0.22,60,0,0,0.0,0.0,0,0
0.22,297,1.1745762711864407,120,0,0.531986531986532,0.3379032258064516,1.5743754168575173,0.5947982406925602,74.03191110678152,1.5743754168575173,1.5743754168575173,1,1,1.1073446327683616,1.225988700564972,1.4915254237288134,0.9383561643835616,1.5743754168575173,1.1745762711864407,1.1745762711864407,0.04772727272727273,2.243181818181818,4,target_panel_xgb_benefit50,rolling,0.22,120,0,0,0.0,0.0,0,0
0.22,321,1.269491525423729,250,0,0.5077881619937694,0.3379032258064516,1.5027621023204631,0.5947982406925602,61.8811610020162,1.5027621023204631,1.5027621023204631,1,1,1.2062146892655368,1.305084745762712,1.4166666666666667,0.9208860759493671,1.5027621023204631,1.269491525423729,1.269491525423729,0.23863636363636365,2.7125,4,target_panel_xgb_benefit50,rolling,0.22,250,0,0,0.0,0.0,0,0
0.22,151,0.5971751412429379,40,3,0.3509933774834437,0.3379032258064516,1.0387393510249887,0.5947982406925602,42.13481898139519,1.0387393510249887,1.0387393510249887,1,1,0.5536723163841808,0.632768361581921,0.8097014925373135,0.7328767123287672,1.0387393510249887,0.5971751412429379,0.5971751412429379,0.36179775280898874,0.875,4,target_panel_xgb_benefit50,rolling,0.22,40,3,0,0.0,0.0,0,0
0.22,144,0.5694915254237288,60,3,0.4097222222222222,0.3379032258064516,1.2125430920180325,0.5947982406925602,53.35062092805967,1.2125430920180325,1.2125430920180325,1,1,0.5338983050847458,0.612994350282486,0.9870646766169154,0.7266187050359713,1.2125430920180325,0.5694915254237288,0.5694915254237288,0.3146067415730337,1.065909090909091,4,target_panel_xgb_benefit50,rolling,0.22,60,3,0,0.0,0.0,0,0
0.22,142,0.5615819209039548,120,3,0.4295774647887324,0.3379032258064516,1.2713032370835995,0.5947982406925602,58.747376363644754,1.2713032370835995,1.2713032370835995,1,1,0.5338983050847458,0.5932203389830508,1.0211013896037056,0.8686131386861314,1.2713032370835995,0.5615819209039548,0.5615819209039548,0.04772727272727273,1.085,4,target_panel_xgb_benefit50,rolling,0.22,120,3,0,0.0,0.0,0,0
0.25,371,1.4672316384180792,20,0,0.3935309973045822,0.3379032258064516,1.1646263404717945,0.5947982406925602,43.91351041734292,1.1646263404717945,1.1646263404717945,1,1,1.4435028248587571,1.5423728813559323,1.0914657481821661,0.8797814207650273,1.1646263404717945,1.4672316384180792,1.4672316384180792,0.9280898876404495,2.1954545454545458,4,target_panel_xgb_benefit50,rolling,0.25,20,0,0,0.0,0.0,0,0
0.25,319,1.2615819209039547,40,0,0.4200626959247649,0.3379032258064516,1.2431449712331946,0.5947982406925602,51.8956521490717,1.2431449712331946,1.2431449712331946,1,1,1.2062146892655368,1.3248587570621468,1.1777476255088195,0.9044585987261147,1.2431449712331946,1.2615819209039547,1.2615819209039547,0.7393258426966293,2.0363636363636366,4,target_panel_xgb_benefit50,rolling,0.25,40,0,0,0.0,0.0,0,0
0.25,296,1.1706214689265537,60,0,0.4797297297297297,0.3379032258064516,1.4197252144746177,0.5947982406925602,68.49189761942652,1.4197252144746177,1.4197252144746177,1,1,1.1073446327683616,1.225988700564972,1.3134328358208958,0.8865979381443299,1.4197252144746177,1.1706214689265537,1.1706214689265537,0.6606741573033709,2.3863636363636362,4,target_panel_xgb_benefit50,rolling,0.25,60,0,0,0.0,0.0,0,0
0.25,309,1.2220338983050847,120,0,0.5307443365695793,0.3379032258064516,1.570699229943385,0.5947982406925602,72.81054584018732,1.570699229943385,1.570699229943385,1,1,1.2062146892655368,1.225988700564972,1.4426229508196722,0.9375,1.570699229943385,1.2220338983050847,1.2220338983050847,0.06363636363636364,2.2750000000000004,4,target_panel_xgb_benefit50,rolling,0.25,120,0,0,0.0,0.0,0,0
0.25,337,1.332768361581921,250,0,0.5014836795252225,0.3379032258064516,1.4841044453729737,0.5947982406925602,61.44664616933702,1.4841044453729737,1.4841044453729737,1,1,1.2457627118644068,1.4039548022598871,1.4141414141414141,0.9186746987951807,1.4841044453729737,1.332768361581921,1.332768361581921,0.2863636363636364,2.8699999999999997,4,target_panel_xgb_benefit50,rolling,0.25,250,0,0,0.0,0.0,0,0
0.25,162,0.6406779661016949,40,3,0.3333333333333333,0.3379032258064516,0.9864757358790771,0.5947982406925602,42.22782017911958,0.9864757358790771,0.9864757358790771,0,1,0.5932203389830508,0.672316384180791,0.8709394205443372,0.7770700636942676,0.9864757358790771,0.6406779661016949,0.6406779661016949,0.36179775280898874,0.9227272727272727,4,target_panel_xgb_benefit50,rolling,0.25,40,3,0,0.0,0.0,0,0
0.25,164,0.6485875706214689,60,3,0.38414634146341464,0.3379032258064516,1.1368531346411317,0.5947982406925602,50.7418970771282,1.1368531346411317,1.1368531346411317,1,1,0.5932203389830508,0.731638418079096,0.900363049616781,0.7861635220125787,1.1368531346411317,0.6485875706214689,0.6485875706214689,0.3460674157303371,1.1295454545454544,4,target_panel_xgb_benefit50,rolling,0.25,60,3,0,0.0,0.0,0,0
0.25,146,0.5774011299435028,120,3,0.4383561643835616,0.3379032258064516,1.297283159512211,0.5947982406925602,57.95716919637889,1.297283159512211,1.297283159512211,1,1,0.5734463276836158,0.5932203389830508,1.1954022988505748,0.8652482269503546,1.297283159512211,0.5774011299435028,0.5774011299435028,0.06363636363636364,1.12,4,target_panel_xgb_benefit50,rolling,0.25,120,3,0,0.0,0.0,0,0
0.3,415,1.6412429378531075,20,0,0.3927710843373494,0.3379032258064516,1.1623774333611296,0.5947982406925602,44.13898245030413,1.1623774333611296,1.1623774333611296,1,1,1.5819209039548023,1.7005649717514124,1.1141649048625792,0.8902439024390244,1.1623774333611296,1.6412429378531075,1.6412429378531075,1.101123595505618,2.434090909090909,4,target_panel_xgb_benefit50,rolling,0.3,20,0,0,0.0,0.0,0,0
0.3,357,1.4118644067796613,40,0,0.43137254901960786,0.3379032258064516,1.276615658196453,0.5947982406925602,55.7950237757642,1.276615658196453,1.276615658196453,1,1,1.384180790960452,1.463276836158192,1.2378657487091222,0.9119318181818182,1.276615658196453,1.4118644067796613,1.4118644067796613,0.8337078651685393,2.3227272727272728,4,target_panel_xgb_benefit50,rolling,0.3,40,0,0,0.0,0.0,0,0
0.3,361,1.4276836158192092,60,0,0.4626038781163435,0.3379032258064516,1.3690425032560047,0.5947982406925602,58.088051125146535,1.3690425032560047,1.3690425032560047,1,1,1.364406779661017,1.4830508474576272,1.1824212271973467,0.9185393258426966,1.3690425032560047,1.4276836158192092,1.4276836158192092,0.7865168539325843,2.5295454545454548,4,target_panel_xgb_benefit50,rolling,0.3,60,0,0,0.0,0.0,0,0
0.3,331,1.309039548022599,120,0,0.5347432024169184,0.3379032258064516,1.5825335823316917,0.5947982406925602,69.05443839351287,1.5825335823316917,1.5825335823316917,1,1,1.2457627118644068,1.344632768361582,1.4726368159203982,0.9386503067484663,1.5825335823316917,1.309039548022599,1.309039548022599,0.07954545454545454,2.5549999999999997,4,target_panel_xgb_benefit50,rolling,0.3,120,0,0,0.0,0.0,0,0
0.3,394,1.5581920903954802,250,0,0.46446700507614214,0.3379032258064516,1.3745562918721153,0.5947982406925602,53.402376885635505,1.3745562918721153,1.3745562918721153,1,1,1.5028248587570623,1.6016949152542375,1.251028806584362,0.922879177377892,1.3745562918721153,1.5581920903954802,1.5581920903954802,0.4931818181818182,3.3775,4,target_panel_xgb_benefit50,rolling,0.3,250,0,0,0.0,0.0,0,0
0.3,184,0.727683615819209,40,3,0.358695652173913,0.3379032258064516,1.0615336723046591,0.5947982406925602,51.464552161376275,1.0615336723046591,1.0615336723046591,1,1,0.692090395480226,0.7909604519774012,1.0179104477611942,0.8156424581005587,1.0615336723046591,0.727683615819209,0.727683615819209,0.40898876404494383,1.1454545454545455,4,target_panel_xgb_benefit50,rolling,0.3,40,3,0,0.0,0.0,0,0
0.3,195,0.7711864406779662,60,3,0.37948717948717947,0.3379032258064516,1.1230646839238725,0.5947982406925602,43.38221974108101,1.1230646839238725,1.1230646839238725,1,1,0.731638418079096,0.8107344632768362,0.8125227520931926,0.8368421052631579,1.1230646839238725,0.7711864406779662,0.7711864406779662,0.3775280898876405,1.2568181818181818,4,target_panel_xgb_benefit50,rolling,0.3,60,3,0,0.0,0.0,0,0
0.3,155,0.612994350282486,120,3,0.4645161290322581,0.3379032258064516,1.3747016706443915,0.5947982406925602,57.43379209925615,1.3747016706443915,1.3747016706443915,1,1,0.5734463276836158,0.632768361581921,1.2763767370046322,0.8666666666666667,1.3747016706443915,0.612994350282486,0.612994350282486,0.07954545454545454,1.2249999999999999,4,target_panel_xgb_benefit50,rolling,0.3,120,3,0,0.0,0.0,0,0
0.35,466,1.8429378531073448,20,0,0.41630901287553645,0.3379032258064516,1.232036219488461,0.5947982406925602,52.73349917016012,1.232036219488461,1.232036219488461,1,1,1.8192090395480227,1.8983050847457628,1.1884057971014492,0.9045553145336226,1.232036219488461,1.8429378531073448,1.8429378531073448,1.3213483146067417,2.7363636363636363,4,target_panel_xgb_benefit50,rolling,0.35,20,0,0,0.0,0.0,0,0
0.35,389,1.538418079096045,40,0,0.41131105398457585,0.3379032258064516,1.2172451239639,0.5947982406925602,50.61809721448996,1.2172451239639,1.2172451239639,1,1,1.463276836158192,1.6610169491525424,1.1016346837242361,0.9192708333333334,1.2172451239639,1.538418079096045,1.538418079096045,0.9910112359550562,2.45,4,target_panel_xgb_benefit50,rolling,0.35,40,0,0,0.0,0.0,0,0
0.35,404,1.5977401129943503,60,0,0.4603960396039604,0.3379032258064516,1.3625085658923888,0.5947982406925602,55.039191396407126,1.3625085658923888,1.3625085658923888,1,1,1.5225988700564972,1.6412429378531075,1.2650670697147175,0.9348370927318296,1.3625085658923888,1.5977401129943503,1.5977401129943503,0.8494382022471911,2.5454545454545454,4,target_panel_xgb_benefit50,rolling,0.35,60,0,0,0.0,0.0,0,0
0.35,361,1.4276836158192092,120,0,0.5096952908587258,0.3379032258064516,1.5084061113718854,0.5947982406925602,64.46119001006404,1.5084061113718854,1.5084061113718854,1,1,1.384180790960452,1.4830508474576272,1.3866666666666667,0.9325842696629213,1.5084061113718854,1.4276836158192092,1.4276836158192092,0.1272727272727273,2.8525,4,target_panel_xgb_benefit50,rolling,0.35,120,0,0,0.0,0.0,0,0
0.35,442,1.7480225988700566,250,0,0.4502262443438914,0.3379032258064516,1.3324117971036404,0.5947982406925602,49.04530743999872,1.3324117971036404,1.3324117971036404,1,1,1.7203389830508475,1.7796610169491527,1.2424242424242424,0.9336384439359268,1.3324117971036404,1.7480225988700566,1.7480225988700566,0.550561797752809,3.7449999999999997,4,target_panel_xgb_benefit50,rolling,0.35,250,0,0,0.0,0.0,0,0
0.35,203,0.8028248587570622,40,3,0.33497536945812806,0.3379032258064516,0.9913352222627179,0.5947982406925602,46.09503670531875,0.9913352222627179,0.9913352222627179,0,1,0.7514124293785311,0.9096045197740114,0.8851395197923427,0.8434343434343434,0.9913352222627179,0.8028248587570622,0.8028248587570622,0.5191011235955056,1.1931818181818181,4,target_panel_xgb_benefit50,rolling,0.35,40,3,0,0.0,0.0,0,0
0.35,210,0.8305084745762712,60,3,0.38095238095238093,0.3379032258064516,1.1274008410046596,0.5947982406925602,41.23681520577345,1.1274008410046596,1.1274008410046596,1,1,0.8107344632768362,0.8502824858757062,0.8813077469793887,0.8682926829268293,1.1274008410046596,0.8305084745762712,0.8305084745762712,0.39325842696629215,1.2727272727272727,4,target_panel_xgb_benefit50,rolling,0.35,60,3,0,0.0,0.0,0,0
0.35,175,0.692090395480226,120,3,0.4342857142857143,0.3379032258064516,1.285236958745312,0.5947982406925602,55.11675149939615,1.285236958745312,1.285236958745312,1,1,0.652542372881356,0.731638418079096,1.2252252252252254,0.8588235294117647,1.285236958745312,0.692090395480226,0.692090395480226,0.09545454545454546,1.4175,4,target_panel_xgb_benefit50,rolling,0.35,120,3,0,0.0,0.0,0,0
0.15,216,0.8542372881355933,20,0,0.4074074074074074,0.3379032258064516,1.2056925660744275,0.5177020863432742,18.572756259470978,1.2056925660744275,1.2056925660744275,1,1,0.7909604519774012,0.8898305084745763,0.9302325581395349,0.7298578199052133,1.2056925660744275,0.8542372881355933,0.8542372881355933,0.28,1.225,4,target_panel_only_extra_anchor25,rolling,0.15,20,0,0,0.0,0.0,0,0
0.15,172,0.6802259887005649,40,0,0.45348837209302323,0.3379032258064516,1.3420658267192096,0.5177020863432742,29.10167236576806,1.3420658267192096,1.3420658267192096,1,1,0.632768361581921,0.711864406779661,1.1313131313131313,0.7065868263473054,1.3420658267192096,0.6802259887005649,0.6802259887005649,0.0525,1.1931818181818181,4,target_panel_only_extra_anchor25,rolling,0.15,40,0,0,0.0,0.0,0,0
0.15,153,0.6050847457627119,60,0,0.4117647058823529,0.3379032258064516,1.2185876737329777,0.5177020863432742,23.405843035945633,1.2185876737329777,1.2185876737329777,1,1,0.5338983050847458,0.711864406779661,0.9604130808950088,0.7094594594594594,1.2185876737329777,0.6050847457627119,0.6050847457627119,0.0875,1.1772727272727272,4,target_panel_only_extra_anchor25,rolling,0.15,60,0,0,0.0,0.0,0,0
0.15,93,0.36779661016949156,120,0,0.46236559139784944,0.3379032258064516,1.3683373110580748,0.5177020863432742,40.47821177441883,1.3683373110580748,1.3683373110580748,1,1,0.21751412429378533,0.5338983050847458,1.0094979647218454,0.5568181818181818,1.3683373110580748,0.36779661016949156,0.36779661016949156,0.1575,0.6204545454545455,4,target_panel_only_extra_anchor25,rolling,0.15,120,0,0,0.0,0.0,0,0
0.15,55,0.21751412429378533,250,0,0.4909090909090909,0.3379032258064516,1.4528097201128227,0.5177020863432742,44.09104082076814,1.4528097201128227,1.4528097201128227,1,1,0.09887005649717515,0.2966101694915254,0.7402985074626867,0.5,1.4528097201128227,0.21751412429378533,0.21751412429378533,0.0,0.41363636363636364,4,target_panel_only_extra_anchor25,rolling,0.15,250,0,0,0.0,0.0,0,0
0.15,106,0.4192090395480226,40,3,0.46226415094339623,0.3379032258064516,1.368037105417211,0.5177020863432742,24.59176921341704,1.368037105417211,1.368037105417211,1,1,0.4152542372881356,0.43502824858757067,1.138267355134825,0.49504950495049505,1.368037105417211,0.4192090395480226,0.4192090395480226,0.0525,0.7159090909090909,4,target_panel_only_extra_anchor25,rolling,0.15,40,3,0,0.0,0.0,0,0
0.15,103,0.40734463276836164,60,3,0.42718446601941745,0.3379032258064516,1.2642213314178465,0.5177020863432742,20.31411136205519,1.2642213314178465,1.2642213314178465,1,1,0.37570621468926557,0.4548022598870057,1.0457831325301206,0.5408163265306123,1.2642213314178465,0.40734463276836164,0.40734463276836164,0.0875,0.7954545454545455,4,target_panel_only_extra_anchor25,rolling,0.15,60,3,0,0.0,0.0,0,0
0.15,69,0.2728813559322034,120,3,0.4492753623188406,0.3379032258064516,1.3295977309674518,0.5177020863432742,27.976189062502222,1.3295977309674518,1.3295977309674518,1,1,0.15819209039548024,0.3954802259887006,0.9253731343283582,0.390625,1.3295977309674518,0.2728813559322034,0.2728813559322034,0.15730337078651685,0.41363636363636364,4,target_panel_only_extra_anchor25,rolling,0.15,120,3,0,0.0,0.0,0,0
0.18,236,0.9333333333333335,20,0,0.4152542372881356,0.3379032258064516,1.2289146879171555,0.5177020863432742,20.763055146815166,1.2289146879171555,1.2289146879171555,1,1,0.8502824858757062,0.9689265536723164,0.9444444444444445,0.7445887445887446,1.2289146879171555,0.9333333333333335,0.9333333333333335,0.315,1.3363636363636364,4,target_panel_only_extra_anchor25,rolling,0.18,20,0,0,0.0,0.0,0,0
0.18,199,0.7870056497175141,40,0,0.45226130653266333,0.3379032258064516,1.338434415514326,0.5177020863432742,26.42032433585283,1.338434415514326,1.338434415514326,1,1,0.672316384180791,0.8700564971751413,1.138267355134825,0.7628865979381443,1.338434415514326,0.7870056497175141,0.7870056497175141,0.07,1.384090909090909,4,target_panel_only_extra_anchor25,rolling,0.18,40,0,0,0.0,0.0,0,0
0.18,179,0.707909604519774,60,0,0.4245810055865922,0.3379032258064516,1.2565165797789364,0.5177020863432742,28.280200979599645,1.2565165797789364,1.2565165797789364,1,1,0.5932203389830508,0.7514124293785311,1.0498209052425922,0.7471264367816092,1.2565165797789364,0.707909604519774,0.707909604519774,0.105,1.3681818181818182,4,target_panel_only_extra_anchor25,rolling,0.18,60,0,0,0.0,0.0,0,0
0.18,124,0.4903954802259887,120,0,0.47580645161290325,0.3379032258064516,1.4081145584725538,0.5177020863432742,41.29488602409963,1.4081145584725538,1.4081145584725538,1,1,0.2966101694915254,0.652542372881356,1.1272727272727272,0.6134453781512605,1.4081145584725538,0.4903954802259887,0.4903954802259887,0.28,0.7477272727272728,4,target_panel_only_extra_anchor25,rolling,0.18,120,0,0,0.0,0.0,0,0
0.18,73,0.2887005649717514,250,0,0.4520547945205479,0.3379032258064516,1.3378232582469676,0.5177020863432742,35.55317116770568,1.3378232582469676,1.3378232582469676,1,1,0.15819209039548024,0.37570621468926557,0.4626865671641791,0.5735294117647058,1.3378232582469676,0.2887005649717514,0.2887005649717514,0.0,0.525,4,target_panel_only_extra_anchor25,rolling,0.18,250,0,0,0.0,0.0,0,0
0.18,118,0.46666666666666673,40,3,0.4491525423728814,0.3379032258064516,1.3292342542777398,0.5177020863432742,26.118929598518527,1.3292342542777398,1.3292342542777398,1,1,0.43502824858757067,0.4943502824858757,1.0756626506024096,0.5398230088495575,1.3292342542777398,0.46666666666666673,0.46666666666666673,0.07,0.8113636363636363,4,target_panel_only_extra_anchor25,rolling,0.18,40,3,0,0.0,0.0,0,0
0.18,113,0.44689265536723166,60,3,0.4247787610619469,0.3379032258064516,1.2571018227131603,0.5177020863432742,25.167871921446014,1.2571018227131603,1.2571018227131603,1,1,0.4152542372881356,0.4745762711864407,0.9093766369827135,0.5740740740740741,1.2571018227131603,0.44689265536723166,0.44689265536723166,0.105,0.8590909090909091,4,target_panel_only_extra_anchor25,rolling,0.18,60,3,0,0.0,0.0,0,0
0.18,89,0.3519774011299435,120,3,0.48314606741573035,0.3379032258064516,1.4298356171730444,0.5177020863432742,34.99989136300021,1.4298356171730444,1.4298356171730444,1,1,0.23728813559322035,0.4745762711864407,1.160427807486631,0.4523809523809524,1.4298356171730444,0.3519774011299435,0.3519774011299435,0.2359550561797753,0.4772727272727273,4,target_panel_only_extra_anchor25,rolling,0.18,120,3,0,0.0,0.0,0,0
0.2,252,0.9966101694915255,20,0,0.4007936507936508,0.3379032258064516,1.1861196348069858,0.5177020863432742,15.284588086484314,1.1861196348069858,1.1861196348069858,1,1,0.9096045197740114,1.0282485875706215,0.9411764705882354,0.757085020242915,1.1861196348069858,0.9966101694915255,0.9966101694915255,0.35,1.415909090909091,4,target_panel_only_extra_anchor25,rolling,0.2,20,0,0,0.0,0.0,0,0
0.2,215,0.8502824858757062,40,0,0.44651162790697674,0.3379032258064516,1.3214186601542988,0.5177020863432742,25.762194056164137,1.3214186601542988,1.3214186601542988,1,1,0.711864406779661,0.9096045197740114,1.1691985332634889,0.780952380952381,1.3214186601542988,0.8502824858757062,0.8502824858757062,0.07,1.4954545454545456,4,target_panel_only_extra_anchor25,rolling,0.2,40,0,0,0.0,0.0,0,0
0.2,202,0.7988700564971751,60,0,0.43564356435643564,0.3379032258064516,1.289255417188497,0.5177020863432742,31.488313404162813,1.289255417188497,1.289255417188497,1,1,0.652542372881356,0.8502824858757062,1.0671256454388984,0.7766497461928934,1.289255417188497,0.7988700564971751,0.7988700564971751,0.12249999999999998,1.4795454545454547,4,target_panel_only_extra_anchor25,rolling,0.2,60,0,0,0.0,0.0,0,0
0.2,147,0.5813559322033899,120,0,0.4897959183673469,0.3379032258064516,1.449515367005991,0.5177020863432742,46.1223813253941,1.449515367005991,1.449515367005991,1,1,0.3559322033898305,0.731638418079096,1.2338308457711442,0.6197183098591549,1.449515367005991,0.5813559322033899,0.5813559322033899,0.40249999999999997,0.875,4,target_panel_only_extra_anchor25,rolling,0.2,120,0,0,0.0,0.0,0,0
0.2,89,0.3519774011299435,250,0,0.449438202247191,0.3379032258064516,1.3300796438819018,0.5177020863432742,35.52567430745486,1.3300796438819018,1.3300796438819018,1,1,0.17796610169491525,0.4548022598870057,0.41127694859038144,0.5952380952380952,1.3300796438819018,0.3519774011299435,0.3519774011299435,0.0,0.6204545454545455,4,target_panel_only_extra_anchor25,rolling,0.2,250,0,0,0.0,0.0,0,0
0.2,127,0.5022598870056497,40,3,0.4251968503937008,0.3379032258064516,1.2583391276567757,0.5177020863432742,23.21006027784346,1.2583391276567757,1.2583391276567757,1,1,0.4548022598870057,0.5141242937853108,1.0342910101946248,0.5901639344262295,1.2583391276567757,0.5022598870056497,0.5022598870056497,0.07,0.8909090909090909,4,target_panel_only_extra_anchor25,rolling,0.2,40,3,0,0.0,0.0,0,0
0.2,125,0.4943502824858757,60,3,0.408,0.3379032258064516,1.2074463007159904,0.5177020863432742,24.9469021080075,1.2074463007159904,1.2074463007159904,1,1,0.4548022598870057,0.5141242937853108,0.8366265060240965,0.6166666666666667,1.2074463007159904,0.4943502824858757,0.4943502824858757,0.12249999999999998,0.9068181818181819,4,target_panel_only_extra_anchor25,rolling,0.2,60,3,0,0.0,0.0,0,0
0.2,108,0.42711864406779665,120,3,0.49074074074074076,0.3379032258064516,1.452311500044197,0.5177020863432742,41.11905308344468,1.452311500044197,1.452311500044197,1,1,0.2966101694915254,0.5141242937853108,1.2338308457711442,0.4563106796116505,1.452311500044197,0.42711864406779665,0.42711864406779665,0.3146067415730337,0.5409090909090909,4,target_panel_only_extra_anchor25,rolling,0.2,120,3,0,0.0,0.0,0,0
0.22,267,1.0559322033898306,20,0,0.3970037453183521,0.3379032258064516,1.1749036854290134,0.5177020863432742,15.664466137047578,1.1749036854290134,1.1749036854290134,1,1,0.9096045197740114,1.1468926553672316,0.8888888888888888,0.767175572519084,1.1749036854290134,1.0559322033898306,1.0559322033898306,0.385,1.5113636363636365,4,target_panel_only_extra_anchor25,rolling,0.22,20,0,0,0.0,0.0,0,0
0.22,231,0.9135593220338984,40,0,0.4329004329004329,0.3379032258064516,1.281137319323477,0.5177020863432742,25.8629357651293,1.281137319323477,1.281137319323477,1,1,0.8107344632768362,0.9689265536723164,1.1014492753623188,0.7920353982300885,1.281137319323477,0.9135593220338984,0.9135593220338984,0.12249999999999998,1.6068181818181817,4,target_panel_only_extra_anchor25,rolling,0.22,40,0,0,0.0,0.0,0,0
0.22,223,0.8819209039548023,60,0,0.4304932735426009,0.3379032258064516,1.2740135064267903,0.5177020863432742,27.389957347747778,1.2740135064267903,1.2740135064267903,1,1,0.711864406779661,0.9293785310734464,1.0171750833119713,0.7844036697247706,1.2740135064267903,0.8819209039548023,0.8819209039548023,0.1925,1.638636363636364,4,target_panel_only_extra_anchor25,rolling,0.22,60,0,0,0.0,0.0,0,0
0.22,169,0.6683615819209039,120,0,0.5029585798816568,0.3379032258064516,1.4884693056163592,0.5177020863432742,48.28831570916247,1.4884693056163592,1.4884693056163592,1,1,0.4152542372881356,0.7909604519774012,1.2338308457711442,0.676829268292683,1.4884693056163592,0.6683615819209039,0.6683615819209039,0.4876404494382023,0.9863636363636364,4,target_panel_only_extra_anchor25,rolling,0.22,120,0,0,0.0,0.0,0,0
0.22,103,0.40734463276836164,250,0,0.4563106796116505,0.3379032258064516,1.3504182403781544,0.5177020863432742,37.84954247701829,1.3504182403781544,1.3504182403781544,1,1,0.1977401129943503,0.5141242937853108,0.7402985074626867,0.6224489795918368,1.3504182403781544,0.40734463276836164,0.40734463276836164,0.0175,0.7318181818181818,4,target_panel_only_extra_anchor25,rolling,0.22,250,0,0,0.0,0.0,0,0
0.22,139,0.5497175141242938,40,3,0.4028776978417266,0.3379032258064516,1.1922872203430572,0.5177020863432742,24.40158748957497,1.1922872203430572,1.1922872203430572,1,1,0.5338983050847458,0.5734463276836158,0.9959839357429718,0.6119402985074627,1.1922872203430572,0.5497175141242938,0.5497175141242938,0.12249999999999998,0.9545454545454546,4,target_panel_only_extra_anchor25,rolling,0.22,40,3,0,0.0,0.0,0,0
0.22,136,0.5378531073446328,60,3,0.4117647058823529,0.3379032258064516,1.2185876737329777,0.5177020863432742,22.412560530142922,1.2185876737329777,1.2185876737329777,1,1,0.4943502824858757,0.5734463276836158,0.8537005163511188,0.6183206106870229,1.2185876737329777,0.5378531073446328,0.5378531073446328,0.1925,0.9545454545454546,4,target_panel_only_extra_anchor25,rolling,0.22,60,3,0,0.0,0.0,0,0
0.22,120,0.4745762711864407,120,3,0.49166666666666664,0.3379032258064516,1.4550517104216387,0.5177020863432742,37.51143928383825,1.4550517104216387,1.4550517104216387,1,1,0.2966101694915254,0.5536723163841808,1.2338308457711442,0.5217391304347826,1.4550517104216387,0.4745762711864407,0.4745762711864407,0.33033707865168543,0.6045454545454545,4,target_panel_only_extra_anchor25,rolling,0.22,120,3,0,0.0,0.0,0,0
0.25,292,1.1548022598870056,20,0,0.4041095890410959,0.3379032258064516,1.1959329126753195,0.5177020863432742,15.480246678240428,1.1959329126753195,1.1959329126753195,1,1,1.0480225988700564,1.2457627118644068,0.9655172413793104,0.7874564459930313,1.1959329126753195,1.1548022598870056,1.1548022598870056,0.455,1.75,4,target_panel_only_extra_anchor25,rolling,0.25,20,0,0,0.0,0.0,0,0
0.25,263,1.0401129943502825,40,0,0.43346007604562736,0.3379032258064516,1.282793542473933,0.5177020863432742,25.088339099410554,1.282793542473933,1.282793542473933,1,1,0.9293785310734464,1.1073446327683616,1.106648817492191,0.8217054263565892,1.282793542473933,1.0401129943502825,1.0401129943502825,0.175,1.8136363636363637,4,target_panel_only_extra_anchor25,rolling,0.25,40,0,0,0.0,0.0,0,0
0.25,263,1.0401129943502825,60,0,0.4372623574144487,0.3379032258064516,1.294046117407915,0.5177020863432742,23.331508723784633,1.294046117407915,1.294046117407915,1,1,0.8502824858757062,1.1073446327683616,1.0865279299014239,0.813953488372093,1.294046117407915,1.0401129943502825,1.0401129943502825,0.2975,1.8931818181818183,4,target_panel_only_extra_anchor25,rolling,0.25,60,0,0,0.0,0.0,0,0
0.25,204,0.8067796610169491,120,0,0.5049019607843137,0.3379032258064516,1.4942205999344846,0.5177020863432742,46.861261183691155,1.4942205999344846,1.4942205999344846,1,1,0.5338983050847458,0.9293785310734464,1.2805507745266782,0.7135678391959799,1.4942205999344846,0.8067796610169491,0.8067796610169491,0.525,1.1454545454545455,4,target_panel_only_extra_anchor25,rolling,0.25,120,0,0,0.0,0.0,0,0
0.25,131,0.5180790960451978,250,0,0.45038167938931295,0.3379032258064516,1.3328717958060814,0.5177020863432742,36.133736412399344,1.3328717958060814,1.3328717958060814,1,1,0.2768361581920904,0.632768361581921,0.7931769722814499,0.6825396825396826,1.3328717958060814,0.5180790960451978,0.5180790960451978,0.035,0.9227272727272727,4,target_panel_only_extra_anchor25,rolling,0.25,250,0,0,0.0,0.0,0,0
0.25,158,0.624858757062147,40,3,0.41139240506329117,0.3379032258064516,1.2174858765596206,0.5177020863432742,25.348472620497787,1.2174858765596206,1.2174858765596206,1,1,0.5932203389830508,0.652542372881356,0.963855421686747,0.6666666666666666,1.2174858765596206,0.624858757062147,0.624858757062147,0.175,1.0181818181818183,4,target_panel_only_extra_anchor25,rolling,0.25,40,3,0,0.0,0.0,0,0
0.25,158,0.624858757062147,60,3,0.4177215189873418,0.3379032258064516,1.2362164285066917,0.5177020863432742,17.76806901592364,1.2362164285066917,1.2362164285066917,1,1,0.5338983050847458,0.672316384180791,1.0545712260807938,0.6601307189542484,1.2362164285066917,0.624858757062147,0.624858757062147,0.2975,1.05,4,target_panel_only_extra_anchor25,rolling,0.25,60,3,0,0.0,0.0,0,0
0.25,137,0.5418079096045197,120,3,0.49635036496350365,0.3379032258064516,1.4689127745936623,0.5177020863432742,35.92401358216747,1.4689127745936623,1.4689127745936623,1,1,0.37570621468926557,0.612994350282486,1.2363938512671375,0.5378787878787878,1.4689127745936623,0.5418079096045197,0.5418079096045197,0.40898876404494383,0.7000000000000001,4,target_panel_only_extra_anchor25,rolling,0.25,120,3,0,0.0,0.0,0,0
0.3,346,1.368361581920904,20,0,0.3988439306358382,0.3379032258064516,1.1803495799246762,0.5177020863432742,14.435763739776972,1.1803495799246762,1.1803495799246762,1,1,1.2853107344632768,1.463276836158192,1.0348258706467661,0.8181818181818182,1.1803495799246762,1.368361581920904,1.368361581920904,0.63,2.084090909090909,4,target_panel_only_extra_anchor25,rolling,0.3,20,0,0,0.0,0.0,0,0
0.3,302,1.1943502824858758,40,0,0.4304635761589404,0.3379032258064516,1.2739256191815898,0.5177020863432742,25.826293093989296,1.2739256191815898,1.2739256191815898,1,1,1.0480225988700564,1.2853107344632768,1.1141515213395958,0.8518518518518519,1.2739256191815898,1.1943502824858758,1.1943502824858758,0.2275,2.0045454545454544,4,target_panel_only_extra_anchor25,rolling,0.3,40,0,0,0.0,0.0,0,0
0.3,306,1.2101694915254237,60,0,0.4150326797385621,0.3379032258064516,1.2282590044768904,0.5177020863432742,18.000901158404243,1.2282590044768904,1.2282590044768904,1,1,1.0480225988700564,1.2853107344632768,1.1851851851851851,0.8305647840531561,1.2282590044768904,1.2101694915254237,1.2101694915254237,0.4375,2.115909090909091,4,target_panel_only_extra_anchor25,rolling,0.3,60,0,0,0.0,0.0,0,0
0.3,275,1.0875706214689267,120,0,0.48363636363636364,0.3379032258064516,1.4312866131481885,0.5177020863432742,36.23461605818295,1.4312866131481885,1.4312866131481885,1,1,0.7909604519774012,1.225988700564972,1.263157894736842,0.8148148148148148,1.4312866131481885,1.0875706214689267,1.0875706214689267,0.6606741573033709,1.5272727272727273,4,target_panel_only_extra_anchor25,rolling,0.3,120,0,0,0.0,0.0,0,0
0.3,204,0.8067796610169491,250,0,0.4362745098039216,0.3379032258064516,1.2911226543123215,0.5177020863432742,31.896910801736286,1.2911226543123215,1.2911226543123215,1,1,0.4943502824858757,0.9491525423728814,1.0364179104477613,0.7638190954773869,1.2911226543123215,0.8067796610169491,0.8067796610169491,0.24499999999999997,1.240909090909091,4,target_panel_only_extra_anchor25,rolling,0.3,250,0,0,0.0,0.0,0,0
0.3,181,0.7158192090395481,40,3,0.3756906077348066,0.3379032258064516,1.1118290061841534,0.5177020863432742,19.923173287747755,1.1118290061841534,1.1118290061841534,1,1,0.652542372881356,0.7909604519774012,0.90543994158452,0.7215909090909091,1.1118290061841534,0.7158192090395481,0.7158192090395481,0.2275,1.1295454545454544,4,target_panel_only_extra_anchor25,rolling,0.3,40,3,0,0.0,0.0,0,0
0.3,185,0.731638418079096,60,3,0.3891891891891892,0.3379032258064516,1.1517770754047605,0.5177020863432742,13.142938028214651,1.1517770754047605,1.1517770754047605,1,1,0.652542372881356,0.7909604519774012,1.0663390663390664,0.6944444444444444,1.1517770754047605,0.731638418079096,0.731638418079096,0.385,1.1931818181818181,4,target_panel_only_extra_anchor25,rolling,0.3,60,3,0,0.0,0.0,0,0
0.3,174,0.6881355932203389,120,3,0.4425287356321839,0.3379032258064516,1.3096315803911887,0.5177020863432742,25.55567449436864,1.3096315803911887,1.3096315803911887,1,1,0.5141242937853108,0.7514124293785311,1.2113318137414524,0.6627218934911243,1.3096315803911887,0.6881355932203389,0.6881355932203389,0.47250000000000003,0.9704545454545455,4,target_panel_only_extra_anchor25,rolling,0.3,120,3,0,0.0,0.0,0,0
0.35,397,1.5700564971751414,20,0,0.4005037783375315,0.3379032258064516,1.1852617783736015,0.5177020863432742,16.157923170264247,1.1852617783736015,1.1852617783736015,1,1,1.5028248587570623,1.6214689265536724,1.080168776371308,0.8392857142857143,1.1852617783736015,1.5700564971751414,1.5700564971751414,0.8925,2.3068181818181817,4,target_panel_only_extra_anchor25,rolling,0.35,20,0,0,0.0,0.0,0,0
0.35,356,1.407909604519774,40,0,0.4157303370786517,0.3379032258064516,1.2303236705907592,0.5177020863432742,23.03862187501169,1.2303236705907592,1.2303236705907592,1,1,1.2853107344632768,1.4830508474576272,1.1098106712564544,0.8660968660968661,1.2303236705907592,1.407909604519774,1.407909604519774,0.42,2.3227272727272728,4,target_panel_only_extra_anchor25,rolling,0.35,40,0,0,0.0,0.0,0,0
0.35,357,1.4118644067796613,60,0,0.40896358543417366,0.3379032258064516,1.210297961666767,0.5177020863432742,19.656641131642907,1.210297961666767,1.210297961666767,1,1,1.305084745762712,1.4830508474576272,1.1648484848484848,0.8778409090909091,1.210297961666767,1.4118644067796613,1.4118644067796613,0.6124999999999999,2.3227272727272728,4,target_panel_only_extra_anchor25,rolling,0.35,60,0,0,0.0,0.0,0,0
0.35,342,1.3525423728813561,120,0,0.45614035087719296,0.3379032258064516,1.3499141648871582,0.5177020863432742,31.09484665247559,1.3499141648871582,1.3499141648871582,1,1,1.1666666666666667,1.4435028248587571,1.1851851851851851,0.8545994065281899,1.3499141648871582,1.3525423728813561,1.3525423728813561,0.8494382022471911,1.7818181818181817,4,target_panel_only_extra_anchor25,rolling,0.35,120,0,0,0.0,0.0,0,0
0.35,268,1.0598870056497176,250,0,0.458955223880597,0.3379032258064516,1.3582445766394757,0.5177020863432742,31.893736229083434,1.3582445766394757,1.3582445766394757,1,1,0.731638418079096,1.2062146892655368,1.2173136992414102,0.8212927756653993,1.3582445766394757,1.0598870056497176,1.0598870056497176,0.455,1.6227272727272726,4,target_panel_only_extra_anchor25,rolling,0.35,250,0,0,0.0,0.0,0,0
0.35,208,0.8225988700564972,40,3,0.3942307692307692,0.3379032258064516,1.1666972645492932,0.5177020863432742,23.437925472803297,1.1666972645492932,1.1666972645492932,1,1,0.7711864406779662,0.8898305084745763,1.0202762268586543,0.7536945812807881,1.1666972645492932,0.8225988700564972,0.8225988700564972,0.385,1.2727272727272727,4,target_panel_only_extra_anchor25,rolling,0.35,40,3,0,0.0,0.0,0,0
0.35,210,0.8305084745762712,60,3,0.3761904761904762,0.3379032258064516,1.1133083304921014,0.5177020863432742,16.29498335362223,1.1133083304921014,1.1133083304921014,1,1,0.7711864406779662,0.8700564971751413,1.024793388429752,0.7609756097560976,1.1133083304921014,0.8305084745762712,0.8305084745762712,0.5075,1.3045454545454545,4,target_panel_only_extra_anchor25,rolling,0.35,60,3,0,0.0,0.0,0,0
0.35,208,0.8225988700564972,120,3,0.3894230769230769,0.3379032258064516,1.1524692491279604,0.5177020863432742,13.36017541291933,1.1524692491279604,1.1524692491279604,1,1,0.7514124293785311,0.8700564971751413,1.0542635658914727,0.7389162561576355,1.1524692491279604,0.8225988700564972,0.8225988700564972,0.5662921348314607,1.0977272727272729,4,target_panel_only_extra_anchor25,rolling,0.35,120,3,0,0.0,0.0,0,0
0.15,314,1.2418079096045198,20,0,0.3630573248407643,0.3379032258064516,1.0744417250657465,0.549158573135387,18.58399961099876,1.0744417250657465,1.0744417250657465,1,1,1.1864406779661016,1.2853107344632768,1.032258064516129,0.8511326860841424,1.0744417250657465,1.2418079096045198,1.2418079096045198,0.735,1.7818181818181817,4,target_panel_only_extra_primary50,rolling,0.15,20,0,0,0.0,0.0,0,0
0.15,256,1.0124293785310736,40,0,0.3828125,0.3379032258064516,1.1329057279236276,0.549158573135387,19.553826984406857,1.1329057279236276,1.1329057279236276,1,1,0.9491525423728814,1.1073446327683616,1.0711525346669697,0.852589641434263,1.1329057279236276,1.0124293785310736,1.0124293785310736,0.7,1.4477272727272728,4,target_panel_only_extra_primary50,rolling,0.15,40,0,0,0.0,0.0,0,0
0.15,243,0.9610169491525424,60,0,0.3991769547325103,0.3379032258064516,1.1813351404971666,0.549158573135387,24.619335720058498,1.1813351404971666,1.1813351404971666,1,1,0.9293785310734464,0.9887005649717514,1.0024875621890548,0.8823529411764706,1.1813351404971666,0.9610169491525424,0.9610169491525424,0.6134831460674157,1.4954545454545456,4,target_panel_only_extra_primary50,rolling,0.15,60,0,0,0.0,0.0,0,0
0.15,170,0.672316384180791,120,0,0.5470588235294118,0.3379032258064516,1.6189807665309564,0.549158573135387,63.72504582061342,1.6189807665309564,1.6189807665309564,1,1,0.632768361581921,0.711864406779661,1.539247900693684,0.8484848484848485,1.6189807665309564,0.672316384180791,0.672316384180791,0.3146067415730337,1.2727272727272727,4,target_panel_only_extra_primary50,rolling,0.15,120,0,0,0.0,0.0,0,0
0.15,149,0.5892655367231638,250,0,0.5436241610738255,0.3379032258064516,1.608816133010844,0.549158573135387,57.96190526188932,1.608816133010844,1.608816133010844,1,1,0.5141242937853108,0.672316384180791,1.4901960784313726,0.7916666666666666,1.608816133010844,0.5892655367231638,0.5892655367231638,0.298876404494382,0.9545454545454546,4,target_panel_only_extra_primary50,rolling,0.15,250,0,0,0.0,0.0,0,0
0.15,142,0.5615819209039548,40,3,0.3873239436619718,0.3379032258064516,1.1462570170425896,0.549158573135387,21.05775116543715,1.1462570170425896,1.1462570170425896,1,1,0.5141242937853108,0.5932203389830508,0.9777777777777777,0.708029197080292,1.1462570170425896,0.5615819209039548,0.5615819209039548,0.47250000000000003,0.7477272727272728,4,target_panel_only_extra_primary50,rolling,0.15,40,3,0,0.0,0.0,0,0
0.15,135,0.5338983050847458,60,3,0.3851851851851852,0.3379032258064516,1.1399275170158225,0.549158573135387,19.11001365205347,1.1399275170158225,1.1399275170158225,1,1,0.5141242937853108,0.5536723163841808,1.0064935064935066,0.7538461538461538,1.1399275170158225,0.5338983050847458,0.5338983050847458,0.298876404494382,0.7636363636363637,4,target_panel_only_extra_primary50,rolling,0.15,60,3,0,0.0,0.0,0,0
0.15,103,0.40734463276836164,120,3,0.5048543689320388,0.3379032258064516,1.4940797553120004,0.549158573135387,55.32022155634386,1.4940797553120004,1.4940797553120004,1,1,0.3954802259887006,0.4152542372881356,1.396825396825397,0.7040816326530612,1.4940797553120004,0.40734463276836164,0.40734463276836164,0.15730337078651685,0.7318181818181818,4,target_panel_only_extra_primary50,rolling,0.15,120,3,0,0.0,0.0,0,0
0.18,341,1.348587570621469,20,0,0.3724340175953079,0.3379032258064516,1.1021913647211976,0.549158573135387,18.24468395501949,1.1021913647211976,1.1021913647211976,1,1,1.3248587570621468,1.384180790960452,1.0348258706467661,0.8630952380952381,1.1021913647211976,1.348587570621469,1.348587570621469,0.84,1.9090909090909092,4,target_panel_only_extra_primary50,rolling,0.18,20,0,0,0.0,0.0,0,0
0.18,283,1.1192090395480228,40,0,0.3745583038869258,0.3379032258064516,1.1084780353694224,0.549158573135387,16.990869954528385,1.1084780353694224,1.1084780353694224,1,1,1.0480225988700564,1.1864406779661016,1.0128650193996325,0.8741007194244604,1.1084780353694224,1.1192090395480228,1.1192090395480228,0.7875,1.6068181818181817,4,target_panel_only_extra_primary50,rolling,0.18,40,0,0,0.0,0.0,0,0
0.18,277,1.0954802259887007,60,0,0.4187725631768953,0.3379032258064516,1.2393269172776855,0.549158573135387,27.49657479488241,1.2393269172776855,1.2393269172776855,1,1,0.9887005649717514,1.1468926553672316,1.11044776119403,0.9191176470588235,1.2393269172776855,1.0954802259887007,1.0954802259887007,0.7078651685393259,1.6545454545454545,4,target_panel_only_extra_primary50,rolling,0.18,60,0,0,0.0,0.0,0,0
0.18,195,0.7711864406779662,120,0,0.5692307692307692,0.3379032258064516,1.6845970258858087,0.549158573135387,67.07310373562646,1.6845970258858087,1.6845970258858087,1,1,0.731638418079096,0.8502824858757062,1.6140350877192982,0.8842105263157894,1.6845970258858087,0.7711864406779662,0.7711864406779662,0.3460674157303371,1.4795454545454547,4,target_panel_only_extra_primary50,rolling,0.18,120,0,0,0.0,0.0,0,0
0.18,173,0.684180790960452,250,0,0.5260115606936416,0.3379032258064516,1.556692924248486,0.549158573135387,55.55687048252903,1.556692924248486,1.556692924248486,1,1,0.612994350282486,0.7514124293785311,1.4328358208955225,0.8392857142857143,1.556692924248486,0.684180790960452,0.684180790960452,0.3146067415730337,1.1613636363636364,4,target_panel_only_extra_primary50,rolling,0.18,250,0,0,0.0,0.0,0,0
0.18,155,0.612994350282486,40,3,0.3870967741935484,0.3379032258064516,1.1455847255369929,0.549158573135387,18.893745837421253,1.1455847255369929,1.1455847255369929,1,1,0.5932203389830508,0.632768361581921,1.032258064516129,0.7533333333333333,1.1455847255369929,0.612994350282486,0.612994350282486,0.5191011235955056,0.8113636363636363,4,target_panel_only_extra_primary50,rolling,0.18,40,3,0,0.0,0.0,0,0
0.18,148,0.5853107344632769,60,3,0.40540540540540543,0.3379032258064516,1.1997677868799588,0.549158573135387,19.10668737607531,1.1997677868799588,1.1997677868799588,1,1,0.5734463276836158,0.5932203389830508,1.1272727272727272,0.8321678321678322,1.1997677868799588,0.5853107344632769,0.5853107344632769,0.3460674157303371,0.8113636363636363,4,target_panel_only_extra_primary50,rolling,0.18,60,3,0,0.0,0.0,0,0
0.18,112,0.4429378531073446,120,3,0.5089285714285714,0.3379032258064516,1.5061370610296625,0.549158573135387,54.58200920104889,1.5061370610296625,1.5061370610296625,1,1,0.43502824858757067,0.4745762711864407,1.4545454545454544,0.7476635514018691,1.5061370610296625,0.4429378531073446,0.4429378531073446,0.15730337078651685,0.7795454545454547,4,target_panel_only_extra_primary50,rolling,0.18,120,3,0,0.0,0.0,0,0
0.2,357,1.4118644067796613,20,0,0.37254901960784315,0.3379032258064516,1.1025317048060275,0.549158573135387,18.056380703511355,1.1025317048060275,1.1025317048060275,1,1,1.364406779661017,1.463276836158192,1.037483266398929,0.8778409090909091,1.1025317048060275,1.4118644067796613,1.4118644067796613,0.8925,2.0045454545454544,4,target_panel_only_extra_primary50,rolling,0.2,20,0,0,0.0,0.0,0,0
0.2,306,1.2101694915254237,40,0,0.369281045751634,0.3379032258064516,1.092860374062115,0.549158573135387,17.946160248906665,1.092860374062115,1.092860374062115,1,1,1.1666666666666667,1.265536723163842,0.9796563302389887,0.8870431893687708,1.092860374062115,1.2101694915254237,1.2101694915254237,0.8575,1.7181818181818183,4,target_panel_only_extra_primary50,rolling,0.2,40,0,0,0.0,0.0,0,0
0.2,294,1.1627118644067798,60,0,0.43537414965986393,0.3379032258064516,1.2884581040053253,0.549158573135387,31.0976852042643,1.2884581040053253,1.2884581040053253,1,1,1.0677966101694916,1.2062146892655368,1.1951807228915663,0.9307958477508651,1.2884581040053253,1.1627118644067798,1.1627118644067798,0.7078651685393259,1.7022727272727272,4,target_panel_only_extra_primary50,rolling,0.2,60,0,0,0.0,0.0,0,0
0.2,210,0.8305084745762712,120,0,0.5428571428571428,0.3379032258064516,1.6065461984316398,0.549158573135387,60.81152546029047,1.6065461984316398,1.6065461984316398,1,1,0.7711864406779662,0.9096045197740114,1.4545454545454544,0.9024390243902439,1.6065461984316398,0.8305084745762712,0.8305084745762712,0.3460674157303371,1.5431818181818182,4,target_panel_only_extra_primary50,rolling,0.2,120,0,0,0.0,0.0,0,0
0.2,191,0.7553672316384181,250,0,0.518324607329843,0.3379032258064516,1.5339439453198218,0.549158573135387,52.46198845960197,1.5339439453198218,1.5339439453198218,1,1,0.652542372881356,0.8502824858757062,1.396825396825397,0.8709677419354839,1.5339439453198218,0.7553672316384181,0.7553672316384181,0.33033707865168543,1.2568181818181818,4,target_panel_only_extra_primary50,rolling,0.2,250,0,0,0.0,0.0,0,0
0.2,164,0.6485875706214689,40,3,0.36585365853658536,0.3379032258064516,1.082717271086792,0.549158573135387,20.675219698096036,1.082717271086792,1.082717271086792,1,1,0.632768361581921,0.672316384180791,1.0094979647218454,0.779874213836478,1.082717271086792,0.6485875706214689,0.6485875706214689,0.5348314606741573,0.8431818181818181,4,target_panel_only_extra_primary50,rolling,0.2,40,3,0,0.0,0.0,0,0
0.2,153,0.6050847457627119,60,3,0.4117647058823529,0.3379032258064516,1.2185876737329777,0.549158573135387,19.32843494216125,1.2185876737329777,1.2185876737329777,1,1,0.5932203389830508,0.612994350282486,1.11044776119403,0.8378378378378378,1.2185876737329777,0.6050847457627119,0.6050847457627119,0.3460674157303371,0.8431818181818181,4,target_panel_only_extra_primary50,rolling,0.2,60,3,0,0.0,0.0,0,0
0.2,118,0.46666666666666673,120,3,0.4915254237288136,0.3379032258064516,1.4546337122284698,0.549158573135387,49.60897205137677,1.4546337122284698,1.4546337122284698,1,1,0.43502824858757067,0.5141242937853108,1.3333333333333333,0.7787610619469026,1.4546337122284698,0.46666666666666673,0.46666666666666673,0.15730337078651685,0.8113636363636363,4,target_panel_only_extra_primary50,rolling,0.2,120,3,0,0.0,0.0,0,0
0.22,380,1.5028248587570623,20,0,0.3684210526315789,0.3379032258064516,1.0903152870242432,0.549158573135387,14.970698881722255,1.0903152870242432,1.0903152870242432,1,1,1.423728813559322,1.5819209039548023,1.037037037037037,0.888,1.0903152870242432,1.5028248587570623,1.5028248587570623,0.9975,2.0363636363636366,4,target_panel_only_extra_primary50,rolling,0.22,20,0,0,0.0,0.0,0,0
0.22,325,1.2853107344632768,40,0,0.38461538461538464,0.3379032258064516,1.1382412337066277,0.549158573135387,22.25545282031889,1.1382412337066277,1.1382412337066277,1,1,1.225988700564972,1.364406779661017,1.0985116938341604,0.90625,1.1382412337066277,1.2853107344632768,1.2853107344632768,0.91,1.7659090909090909,4,target_panel_only_extra_primary50,rolling,0.22,40,0,0,0.0,0.0,0,0
0.22,308,1.2180790960451977,60,0,0.44155844155844154,0.3379032258064516,1.3067600657099463,0.549158573135387,32.24862130009896,1.3067600657099463,1.3067600657099463,1,1,1.1666666666666667,1.2457627118644068,1.2331229680627271,0.933993399339934,1.3067600657099463,1.2180790960451977,1.2180790960451977,0.755056179775281,1.7181818181818183,4,target_panel_only_extra_primary50,rolling,0.22,60,0,0,0.0,0.0,0,0
0.22,231,0.9135593220338984,120,0,0.5454545454545454,0.3379032258064516,1.6142330223475807,0.549158573135387,62.08688707465515,1.6142330223475807,1.6142330223475807,1,1,0.8107344632768362,0.9887005649717514,1.4751773049645391,0.9070796460176991,1.6142330223475807,0.9135593220338984,0.9135593220338984,0.39325842696629215,1.7340909090909091,4,target_panel_only_extra_primary50,rolling,0.22,120,0,0,0.0,0.0,0,0
0.22,202,0.7988700564971751,250,0,0.5148514851485149,0.3379032258064516,1.523665493040951,0.549158573135387,52.60446042440967,1.523665493040951,1.523665493040951,1,1,0.672316384180791,0.9293785310734464,1.415276558384548,0.883248730964467,1.523665493040951,0.7988700564971751,0.7988700564971751,0.36179775280898874,1.3045454545454545,4,target_panel_only_extra_primary50,rolling,0.22,250,0,0,0.0,0.0,0,0
0.22,178,0.703954802259887,40,3,0.38202247191011235,0.3379032258064516,1.1305676972996166,0.549158573135387,26.67666238121162,1.1305676972996166,1.1305676972996166,1,1,0.652542372881356,0.731638418079096,1.0505050505050504,0.815028901734104,1.1305676972996166,0.703954802259887,0.703954802259887,0.5348314606741573,0.8909090909090909,4,target_panel_only_extra_primary50,rolling,0.22,40,3,0,0.0,0.0,0,0
0.22,160,0.632768361581921,60,3,0.4125,0.3379032258064516,1.2207637231503579,0.549158573135387,19.057877165449792,1.2207637231503579,1.2207637231503579,1,1,0.612994350282486,0.652542372881356,1.1818181818181819,0.8451612903225807,1.2207637231503579,0.632768361581921,0.632768361581921,0.36179775280898874,0.8590909090909091,4,target_panel_only_extra_primary50,rolling,0.22,60,3,0,0.0,0.0,0,0
0.22,130,0.5141242937853108,120,3,0.49230769230769234,0.3379032258064516,1.4569487791444833,0.549158573135387,49.820179707345666,1.4569487791444833,1.4569487791444833,1,1,0.43502824858757067,0.5734463276836158,1.3333333333333333,0.8,1.4569487791444833,0.5141242937853108,0.5141242937853108,0.18876404494382024,0.9068181818181819,4,target_panel_only_extra_primary50,rolling,0.22,120,3,0,0.0,0.0,0,0
0.25,413,1.6333333333333333,20,0,0.3559322033898305,0.3379032258064516,1.0533554467861332,0.549158573135387,10.298399724740989,1.0533554467861332,1.0533554467861332,1,1,1.5225988700564972,1.7796610169491527,1.0126582278481013,0.9044117647058824,1.0533554467861332,1.6333333333333333,1.6333333333333333,1.085,2.1954545454545458,4,target_panel_only_extra_primary50,rolling,0.25,20,0,0,0.0,0.0,0,0
0.25,350,1.384180790960452,40,0,0.38857142857142857,0.3379032258064516,1.1499488578247528,0.549158573135387,24.889296381620802,1.1499488578247528,1.1499488578247528,1,1,1.305084745762712,1.5028248587570623,1.1008243500317059,0.9130434782608695,1.1499488578247528,1.384180790960452,1.384180790960452,1.015,1.8613636363636363,4,target_panel_only_extra_primary50,rolling,0.25,40,0,0,0.0,0.0,0,0
0.25,333,1.3169491525423729,60,0,0.4264264264264264,0.3379032258064516,1.2619779684218826,0.549158573135387,29.609845729666343,1.2619779684218826,1.2619779684218826,1,1,1.265536723163842,1.344632768361582,1.1940298507462688,0.9359756097560976,1.2619779684218826,1.3169491525423729,1.3169491525423729,0.8179775280898877,1.7977272727272728,4,target_panel_only_extra_primary50,rolling,0.25,60,0,0,0.0,0.0,0,0
0.25,265,1.0480225988700564,120,0,0.5169811320754717,0.3379032258064516,1.529968028099248,0.549158573135387,57.18994414755786,1.529968028099248,1.529968028099248,1,1,0.9689265536723164,1.1271186440677967,1.432098765432099,0.9,1.529968028099248,1.0480225988700564,1.0480225988700564,0.503370786516854,1.9090909090909092,4,target_panel_only_extra_primary50,rolling,0.25,120,0,0,0.0,0.0,0,0
0.25,229,0.9056497175141243,250,0,0.4847161572052402,0.3379032258064516,1.4344821836145534,0.549158573135387,46.461312985093784,1.4344821836145534,1.4344821836145534,1,1,0.7711864406779662,1.0282485875706215,1.3072289156626506,0.8928571428571429,1.4344821836145534,0.9056497175141243,0.9056497175141243,0.42471910112359557,1.415909090909091,4,target_panel_only_extra_primary50,rolling,0.25,250,0,0,0.0,0.0,0,0
0.25,186,0.7355932203389831,40,3,0.3763440860215054,0.3379032258064516,1.1137629276054097,0.549158573135387,26.572508742587345,1.1137629276054097,1.1137629276054097,1,1,0.711864406779661,0.7711864406779662,1.037037037037037,0.8342541436464088,1.1137629276054097,0.7355932203389831,0.7355932203389831,0.5348314606741573,0.9068181818181819,4,target_panel_only_extra_primary50,rolling,0.25,40,3,0,0.0,0.0,0,0
0.25,172,0.6802259887005649,60,3,0.4011627906976744,0.3379032258064516,1.1872120774823778,0.549158573135387,16.062092890206756,1.1872120774823778,1.1872120774823778,1,1,0.652542372881356,0.711864406779661,1.095959595959596,0.8622754491017964,1.1872120774823778,0.6802259887005649,0.6802259887005649,0.3775280898876405,0.9227272727272727,4,target_panel_only_extra_primary50,rolling,0.25,60,3,0,0.0,0.0,0,0
0.25,148,0.5853107344632769,120,3,0.4594594594594595,0.3379032258064516,1.35973682513062,0.549158573135387,40.37405237178618,1.35973682513062,1.35973682513062,1,1,0.5141242937853108,0.632768361581921,1.2444444444444445,0.7972027972027972,1.35973682513062,0.5853107344632769,0.5853107344632769,0.26741573033707866,0.9386363636363637,4,target_panel_only_extra_primary50,rolling,0.25,120,3,0,0.0,0.0,0,0
0.3,458,1.8112994350282485,20,0,0.34934497816593885,0.3379032258064516,1.033861033235714,0.549158573135387,6.7552295079110785,1.033861033235714,1.033861033235714,1,1,1.7598870056497176,1.9378531073446328,0.9756577329727071,0.9161147902869757,1.033861033235714,1.8112994350282485,1.8112994350282485,1.295,2.418181818181818,4,target_panel_only_extra_primary50,rolling,0.3,20,0,0,0.0,0.0,0,0
0.3,386,1.5265536723163844,40,0,0.39378238341968913,0.3379032258064516,1.1653702993804642,0.549158573135387,29.904755629295593,1.1653702993804642,1.1653702993804642,1,1,1.4830508474576272,1.5621468926553672,1.0968430684764374,0.9343832020997376,1.1653702993804642,1.5265536723163844,1.5265536723163844,1.085,1.9727272727272729,4,target_panel_only_extra_primary50,rolling,0.3,40,0,0,0.0,0.0,0,0
0.3,382,1.5107344632768362,60,0,0.387434554973822,0.3379032258064516,1.1465843631683517,0.549158573135387,27.310424359587863,1.1465843631683517,1.1465843631683517,1,1,1.423728813559322,1.5621468926553672,1.0590208937013879,0.9336870026525199,1.1465843631683517,1.5107344632768362,1.5107344632768362,1.006741573033708,2.084090909090909,4,target_panel_only_extra_primary50,rolling,0.3,60,0,0,0.0,0.0,0,0
0.3,314,1.2418079096045198,120,0,0.4585987261146497,0.3379032258064516,1.3571895474514692,0.549158573135387,51.12040435402107,1.3571895474514692,1.3571895474514692,1,1,1.0875706214689267,1.344632768361582,1.1764705882352942,0.9093851132686084,1.3571895474514692,1.2418079096045198,1.2418079096045198,0.6134831460674157,2.243181818181818,4,target_panel_only_extra_primary50,rolling,0.3,120,0,0,0.0,0.0,0,0
0.3,274,1.0836158192090395,250,0,0.4708029197080292,0.3379032258064516,1.3933069700189886,0.549158573135387,44.12682274734085,1.3933069700189886,1.3933069700189886,1,1,0.9096045197740114,1.2062146892655368,1.2240437158469946,0.9219330855018587,1.3933069700189886,1.0836158192090395,1.0836158192090395,0.5191011235955056,1.7022727272727272,4,target_panel_only_extra_primary50,rolling,0.3,250,0,0,0.0,0.0,0,0
0.3,196,0.7751412429378532,40,3,0.37244897959183676,0.3379032258064516,1.1022356436608056,0.549158573135387,21.663250292034252,1.1022356436608056,1.1022356436608056,1,1,0.7711864406779662,0.7909604519774012,1.0256410256410258,0.8481675392670157,1.1022356436608056,0.7751412429378532,0.7751412429378532,0.5820224719101125,0.9704545454545455,4,target_panel_only_extra_primary50,rolling,0.3,40,3,0,0.0,0.0,0,0
0.3,194,0.7672316384180791,60,3,0.3556701030927835,0.3379032258064516,1.0525797800359227,0.549158573135387,19.03106485518687,1.0525797800359227,1.0525797800359227,1,1,0.731638418079096,0.7909604519774012,0.912280701754386,0.8624338624338624,1.0525797800359227,0.7672316384180791,0.7672316384180791,0.4719101123595506,1.05,4,target_panel_only_extra_primary50,rolling,0.3,60,3,0,0.0,0.0,0,0
0.3,169,0.6683615819209039,120,3,0.41420118343195267,0.3379032258064516,1.2257982516840604,0.549158573135387,42.569626814114244,1.2257982516840604,1.2257982516840604,1,1,0.612994350282486,0.711864406779661,1.037037037037037,0.823170731707317,1.2257982516840604,0.6683615819209039,0.6683615819209039,0.3775280898876405,1.0340909090909092,4,target_panel_only_extra_primary50,rolling,0.3,120,3,0,0.0,0.0,0,0
0.35,490,1.9378531073446328,20,0,0.35306122448979593,0.3379032258064516,1.0448589937168185,0.549158573135387,11.503476065580202,1.0448589937168185,1.0448589937168185,1,1,1.8785310734463279,1.997175141242938,0.9762614815698438,0.9195876288659793,1.0448589937168185,1.9378531073446328,1.9378531073446328,1.4,2.609090909090909,4,target_panel_only_extra_primary50,rolling,0.35,20,0,0,0.0,0.0,0,0
0.35,436,1.7242937853107345,40,0,0.3876146788990826,0.3379032258064516,1.147117426813514,0.549158573135387,30.61683892138655,1.147117426813514,1.147117426813514,1,1,1.6412429378531075,1.8192090395480227,1.104243059193295,0.9443155452436195,1.147117426813514,1.7242937853107345,1.7242937853107345,1.2249999999999999,2.243181818181818,4,target_panel_only_extra_primary50,rolling,0.35,40,0,0,0.0,0.0,0,0
0.35,417,1.6491525423728814,60,0,0.37170263788968827,0.3379032258064516,1.1000268997212732,0.549158573135387,23.80366260561559,1.1000268997212732,1.1000268997212732,1,1,1.6016949152542375,1.6807909604519775,1.0194188518781007,0.9393203883495146,1.1000268997212732,1.6491525423728814,1.6491525423728814,1.164044943820225,2.2272727272727275,4,target_panel_only_extra_primary50,rolling,0.35,60,0,0,0.0,0.0,0,0
0.35,367,1.4514124293785313,120,0,0.4332425068119891,0.3379032258064516,1.2821496621643593,0.549158573135387,48.09218085836308,1.2821496621643593,1.2821496621643593,1,1,1.2457627118644068,1.5423728813559323,1.1578947368421053,0.925414364640884,1.2821496621643593,1.4514124293785313,1.4514124293785313,0.7865168539325843,2.5613636363636365,4,target_panel_only_extra_primary50,rolling,0.35,120,0,0,0.0,0.0,0,0
0.35,330,1.305084745762712,250,0,0.43636363636363634,0.3379032258064516,1.2913864178780647,0.549158573135387,44.869567721069835,1.2913864178780647,1.2913864178780647,1,1,1.1666666666666667,1.4039548022598871,1.1764705882352942,0.916923076923077,1.2913864178780647,1.305084745762712,1.305084745762712,0.6449438202247191,2.115909090909091,4,target_panel_only_extra_primary50,rolling,0.35,250,0,0,0.0,0.0,0,0
0.35,218,0.8621468926553673,40,3,0.3532110091743119,0.3379032258064516,1.0453022705874626,0.549158573135387,17.566715547292596,1.0453022705874626,1.0453022705874626,1,1,0.8107344632768362,0.8898305084745763,0.9393939393939393,0.8732394366197183,1.0453022705874626,0.8621468926553673,0.8621468926553673,0.6606741573033709,1.0977272727272729,4,target_panel_only_extra_primary50,rolling,0.35,40,3,0,0.0,0.0,0,0
0.35,208,0.8225988700564972,60,3,0.3317307692307692,0.3379032258064516,0.9817330640719663,0.549158573135387,14.72770565602044,0.9817330640719663,0.9817330640719663,0,1,0.7909604519774012,0.8502824858757062,0.910569105691057,0.8719211822660099,0.9817330640719663,0.8225988700564972,0.8225988700564972,0.5191011235955056,1.0977272727272729,4,target_panel_only_extra_primary50,rolling,0.35,60,3,0,0.0,0.0,0,0
0.35,191,0.7553672316384181,120,3,0.3612565445026178,0.3379032258064516,1.0691124467380575,0.549158573135387,35.397644147641365,1.0691124467380575,1.0691124467380575,1,1,0.672316384180791,0.7909604519774012,0.9333333333333332,0.8494623655913979,1.0691124467380575,0.7553672316384181,0.7553672316384181,0.4719101123595506,1.1613636363636364,4,target_panel_only_extra_primary50,rolling,0.35,120,3,0,0.0,0.0,0,0
0.15,271,1.0717514124293785,20,0,0.3800738007380074,0.3379032258064516,1.1248007468141508,0.5702734600972678,15.21123217627136,1.1248007468141508,1.1248007468141508,1,1,1.0282485875706215,1.1073446327683616,1.0297202797202796,0.8571428571428571,1.1248007468141508,1.0717514124293785,1.0717514124293785,0.175,1.6863636363636363,4,target_panel_only_extra_benefit50,rolling,0.15,20,0,0,0.0,0.0,0,0
0.15,172,0.6802259887005649,40,0,0.3372093023255814,0.3379032258064516,0.9979463839706944,0.5702734600972678,14.490430563432023,0.9979463839706944,0.9979463839706944,0,1,0.632768361581921,0.7711864406779662,0.9193697868396664,0.7964071856287425,0.9979463839706944,0.6802259887005649,0.6802259887005649,0.0,1.1454545454545455,4,target_panel_only_extra_benefit50,rolling,0.15,40,0,0,0.0,0.0,0,0
0.15,172,0.6802259887005649,60,0,0.3546511627906977,0.3379032258064516,1.0495643003829718,0.5702734600972678,16.12959119052605,1.0495643003829718,1.0495643003829718,1,1,0.5932203389830508,0.7514124293785311,0.8636815920398011,0.7964071856287425,1.0495643003829718,0.6802259887005649,0.6802259887005649,0.105,1.1136363636363638,4,target_panel_only_extra_benefit50,rolling,0.15,60,0,0,0.0,0.0,0,0
0.15,144,0.5694915254237288,120,0,0.6180555555555556,0.3379032258064516,1.8290904269424557,0.5702734600972678,82.33296026354883,1.8290904269424557,1.8290904269424557,1,1,0.4943502824858757,0.612994350282486,1.7706381079875055,0.7769784172661871,1.8290904269424557,0.5694915254237288,0.5694915254237288,0.1590909090909091,1.225,4,target_panel_only_extra_benefit50,rolling,0.15,120,0,0,0.0,0.0,0,0
0.15,109,0.43107344632768363,250,0,0.5688073394495413,0.3379032258064516,1.6833439162707189,0.5702734600972678,54.33087777352307,1.6833439162707189,1.6833439162707189,1,1,0.3361581920903955,0.4943502824858757,1.52414398595259,0.6826923076923077,1.6833439162707189,0.43107344632768363,0.43107344632768363,0.2359550561797753,0.6840909090909091,4,target_panel_only_extra_benefit50,rolling,0.15,250,0,0,0.0,0.0,0,0
0.15,102,0.40338983050847455,40,3,0.3235294117647059,0.3379032258064516,0.9574617436473397,0.5702734600972678,19.34241679940102,0.9574617436473397,0.9574617436473397,0,1,0.37570621468926557,0.43502824858757067,0.7619047619047619,0.6494845360824743,0.9574617436473397,0.40338983050847455,0.40338983050847455,0.0,0.6840909090909091,4,target_panel_only_extra_benefit50,rolling,0.15,40,3,0,0.0,0.0,0,0
0.15,104,0.4112994350282486,60,3,0.3269230769230769,0.3379032258064516,0.9675050486506335,0.5702734600972678,8.695179755670354,0.9675050486506335,0.9675050486506335,0,1,0.37570621468926557,0.43502824858757067,0.779261586802828,0.6565656565656566,0.9675050486506335,0.4112994350282486,0.4112994350282486,0.105,0.6840909090909091,4,target_panel_only_extra_benefit50,rolling,0.15,60,3,0,0.0,0.0,0,0
0.15,88,0.34802259887005654,120,3,0.5795454545454546,0.3379032258064516,1.7151225862443047,0.5702734600972678,76.73062216230969,1.7151225862443047,1.7151225862443047,1,1,0.2966101694915254,0.37570621468926557,1.5818568391211907,0.5783132530120482,1.7151225862443047,0.34802259887005654,0.34802259887005654,0.1431818181818182,0.7318181818181818,4,target_panel_only_extra_benefit50,rolling,0.15,120,3,0,0.0,0.0,0,0
0.18,290,1.1468926553672316,20,0,0.38620689655172413,0.3379032258064516,1.14295119743231,0.5702734600972678,17.49000683401668,1.14295119743231,1.14295119743231,1,1,1.1073446327683616,1.2062146892655368,1.1228070175438596,0.8736842105263158,1.14295119743231,1.1468926553672316,1.1468926553672316,0.175,1.8454545454545455,4,target_panel_only_extra_benefit50,rolling,0.18,20,0,0,0.0,0.0,0,0
0.18,197,0.7790960451977401,40,0,0.3553299492385787,0.3379032258064516,1.0515731194650062,0.5702734600972678,13.178973218772624,1.0515731194650062,1.0515731194650062,1,1,0.652542372881356,0.8898305084745763,0.897331524197196,0.828125,1.0515731194650062,0.7790960451977401,0.7790960451977401,0.0,1.3681818181818182,4,target_panel_only_extra_benefit50,rolling,0.18,40,0,0,0.0,0.0,0,0
0.18,198,0.7830508474576272,60,0,0.3888888888888889,0.3379032258064516,1.15088835852559,0.5702734600972678,23.94299079398887,1.15088835852559,1.15088835852559,1,1,0.731638418079096,0.8107344632768362,1.00040338846309,0.8238341968911918,1.15088835852559,0.7830508474576272,0.7830508474576272,0.21,1.1931818181818181,4,target_panel_only_extra_benefit50,rolling,0.18,60,0,0,0.0,0.0,0,0
0.18,175,0.692090395480226,120,0,0.5942857142857143,0.3379032258064516,1.7587453119672691,0.5702734600972678,76.00852140208193,1.7587453119672691,1.7587453119672691,1,1,0.612994350282486,0.731638418079096,1.5999999999999999,0.8294117647058824,1.7587453119672691,0.692090395480226,0.692090395480226,0.23863636363636365,1.4477272727272728,4,target_panel_only_extra_benefit50,rolling,0.18,120,0,0,0.0,0.0,0,0
0.18,151,0.5971751412429379,250,0,0.5298013245033113,0.3379032258064516,1.5679084543773414,0.5702734600972678,48.79664750293217,1.5679084543773414,1.5679084543773414,1,1,0.4943502824858757,0.692090395480226,1.3943775100401608,0.7602739726027398,1.5679084543773414,0.5971751412429379,0.5971751412429379,0.2359550561797753,0.9545454545454546,4,target_panel_only_extra_benefit50,rolling,0.18,250,0,0,0.0,0.0,0,0
0.18,108,0.42711864406779665,40,3,0.32407407407407407,0.3379032258064516,0.9590736321046583,0.5702734600972678,11.835711364458474,0.9590736321046583,0.9590736321046583,0,1,0.3954802259887006,0.4745762711864407,0.8888888888888888,0.6796116504854369,0.9590736321046583,0.42711864406779665,0.42711864406779665,0.0,0.7795454545454547,4,target_panel_only_extra_benefit50,rolling,0.18,40,3,0,0.0,0.0,0,0
0.18,121,0.47853107344632767,60,3,0.371900826446281,0.3379032258064516,1.100613424327896,0.5702734600972678,16.70740282924244,1.100613424327896,1.100613424327896,1,1,0.4548022598870057,0.5141242937853108,0.8046722907203115,0.6982758620689655,1.100613424327896,0.47853107344632767,0.47853107344632767,0.1925,0.7318181818181818,4,target_panel_only_extra_benefit50,rolling,0.18,60,3,0,0.0,0.0,0,0
0.18,102,0.40338983050847455,120,3,0.5392156862745098,0.3379032258064516,1.595769572745566,0.5702734600972678,59.454929375079736,1.595769572745566,1.595769572745566,1,1,0.37570621468926557,0.4152542372881356,1.5238095238095237,0.6701030927835051,1.595769572745566,0.40338983050847455,0.40338983050847455,0.15730337078651685,0.7954545454545455,4,target_panel_only_extra_benefit50,rolling,0.18,120,3,0,0.0,0.0,0,0
0.2,301,1.1903954802259888,20,0,0.38205980066445183,0.3379032258064516,1.130678169030836,0.5702734600972678,17.347350504002875,1.130678169030836,1.130678169030836,1,1,1.1468926553672316,1.2457627118644068,1.103448275862069,0.8817567567567568,1.130678169030836,1.1903954802259888,1.1903954802259888,0.175,1.9090909090909092,4,target_panel_only_extra_benefit50,rolling,0.2,20,0,0,0.0,0.0,0,0
0.2,208,0.8225988700564972,40,0,0.3557692307692308,0.3379032258064516,1.0528731411786305,0.5702734600972678,12.04404381245136,1.0528731411786305,1.0528731411786305,1,1,0.731638418079096,0.8898305084745763,0.800322710770472,0.8226600985221675,1.0528731411786305,0.8225988700564972,0.8225988700564972,0.0175,1.415909090909091,4,target_panel_only_extra_benefit50,rolling,0.2,40,0,0,0.0,0.0,0,0
0.2,219,0.8661016949152542,60,0,0.3926940639269406,0.3379032258064516,1.1621494970630224,0.5702734600972678,22.380455036273446,1.1621494970630224,1.1621494970630224,1,1,0.8107344632768362,0.9096045197740114,1.08336366945759,0.8598130841121495,1.1621494970630224,0.8661016949152542,0.8661016949152542,0.2625,1.3204545454545455,4,target_panel_only_extra_benefit50,rolling,0.2,60,0,0,0.0,0.0,0,0
0.2,199,0.7870056497175141,120,0,0.5829145728643216,0.3379032258064516,1.7250932466629088,0.5702734600972678,72.29157636532429,1.7250932466629088,1.7250932466629088,1,1,0.672316384180791,0.8700564971751413,1.5999999999999999,0.8762886597938144,1.7250932466629088,0.7870056497175141,0.7870056497175141,0.2863636363636364,1.590909090909091,4,target_panel_only_extra_benefit50,rolling,0.2,120,0,0,0.0,0.0,0,0
0.2,177,0.7,250,0,0.5254237288135594,0.3379032258064516,1.554953278589054,0.5702734600972678,50.34946599608115,1.554953278589054,1.554953278589054,1,1,0.5734463276836158,0.7711864406779662,1.3728427222403128,0.8023255813953488,1.554953278589054,0.7,0.7,0.26741573033707866,1.1295454545454544,4,target_panel_only_extra_benefit50,rolling,0.2,250,0,0,0.0,0.0,0,0
0.2,118,0.46666666666666673,40,3,0.3220338983050847,0.3379032258064516,0.9530358804255491,0.5702734600972678,9.888662038706462,0.9530358804255491,0.9530358804255491,0,1,0.4548022598870057,0.4745762711864407,0.7711442786069652,0.6814159292035398,0.9530358804255491,0.46666666666666673,0.46666666666666673,0.0175,0.8272727272727273,4,target_panel_only_extra_benefit50,rolling,0.2,40,3,0,0.0,0.0,0,0
0.2,133,0.5259887005649718,60,3,0.37593984962406013,0.3379032258064516,1.112566619412493,0.5702734600972678,14.28959263484542,1.112566619412493,1.112566619412493,1,1,0.4943502824858757,0.5734463276836158,0.8883582089552239,0.7421875,1.112566619412493,0.5259887005649718,0.5259887005649718,0.2275,0.8272727272727273,4,target_panel_only_extra_benefit50,rolling,0.2,60,3,0,0.0,0.0,0,0
0.2,110,0.43502824858757067,120,3,0.5272727272727272,0.3379032258064516,1.5604252549359947,0.5702734600972678,56.18207681853561,1.5604252549359947,1.5604252549359947,1,1,0.4152542372881356,0.4745762711864407,1.3333333333333333,0.7142857142857143,1.5604252549359947,0.43502824858757067,0.43502824858757067,0.15730337078651685,0.8113636363636363,4,target_panel_only_extra_benefit50,rolling,0.2,120,3,0,0.0,0.0,0,0
0.22,313,1.2378531073446328,20,0,0.3865814696485623,0.3379032258064516,1.144059719246342,0.5702734600972678,18.96473928603979,1.144059719246342,1.144059719246342,1,1,1.2062146892655368,1.265536723163842,1.1087928464977646,0.8798701298701299,1.144059719246342,1.2378531073446328,1.2378531073446328,0.21,1.940909090909091,4,target_panel_only_extra_benefit50,rolling,0.22,20,0,0,0.0,0.0,0,0
0.22,235,0.9293785310734464,40,0,0.3617021276595745,0.3379032258064516,1.07043111765602,0.5702734600972678,13.862471884429974,1.07043111765602,1.07043111765602,1,1,0.8502824858757062,0.9887005649717514,1.0159036144578315,0.8217391304347826,1.07043111765602,0.9293785310734464,0.9293785310734464,0.105,1.5113636363636365,4,target_panel_only_extra_benefit50,rolling,0.22,40,0,0,0.0,0.0,0,0
0.22,238,0.9412429378531074,60,0,0.42016806722689076,0.3379032258064516,1.24345680993161,0.5702734600972678,28.011516487059165,1.24345680993161,1.24345680993161,1,1,0.9293785310734464,0.9689265536723164,1.1813274055255638,0.8884120171673819,1.24345680993161,0.9412429378531074,0.9412429378531074,0.33249999999999996,1.5113636363636365,4,target_panel_only_extra_benefit50,rolling,0.22,60,0,0,0.0,0.0,0,0
0.22,223,0.8819209039548023,120,0,0.5605381165919282,0.3379032258064516,1.6588717531598831,0.5702734600972678,65.73714807279647,1.6588717531598831,1.6588717531598831,1,1,0.7514124293785311,1.0084745762711864,1.5407407407407405,0.9036697247706422,1.6588717531598831,0.8819209039548023,0.8819209039548023,0.35000000000000003,1.6863636363636363,4,target_panel_only_extra_benefit50,rolling,0.22,120,0,0,0.0,0.0,0,0
0.22,202,0.7988700564971751,250,0,0.504950495049505,0.3379032258064516,1.4943642335593943,0.5702734600972678,49.86831305003245,1.4943642335593943,1.4943642335593943,1,1,0.652542372881356,0.8700564971751413,1.3333333333333333,0.8426395939086294,1.4943642335593943,0.7988700564971751,0.7988700564971751,0.3146067415730337,1.1931818181818181,4,target_panel_only_extra_benefit50,rolling,0.22,250,0,0,0.0,0.0,0,0
0.22,138,0.5457627118644068,40,3,0.34057971014492755,0.3379032258064516,1.0079208605721006,0.5702734600972678,11.127055975259571,1.0079208605721006,1.0079208605721006,1,1,0.5338983050847458,0.5536723163841808,0.8888888888888888,0.6917293233082706,1.0079208605721006,0.5457627118644068,0.5457627118644068,0.105,0.9068181818181819,4,target_panel_only_extra_benefit50,rolling,0.22,40,3,0,0.0,0.0,0,0
0.22,144,0.5694915254237288,60,3,0.4027777777777778,0.3379032258064516,1.1919915141872184,0.5702734600972678,18.88419726342351,1.1919915141872184,1.1919915141872184,1,1,0.5338983050847458,0.5932203389830508,1.0575692963752665,0.7841726618705036,1.1919915141872184,0.5694915254237288,0.5694915254237288,0.2975,0.8590909090909091,4,target_panel_only_extra_benefit50,rolling,0.22,60,3,0,0.0,0.0,0,0
0.22,126,0.49830508474576274,120,3,0.5,0.3379032258064516,1.4797136038186158,0.5702734600972678,47.016417889988944,1.4797136038186158,1.4797136038186158,1,1,0.4548022598870057,0.5536723163841808,1.3790546802594996,0.7933884297520661,1.4797136038186158,0.49830508474576274,0.49830508474576274,0.2359550561797753,0.875,4,target_panel_only_extra_benefit50,rolling,0.22,120,3,0,0.0,0.0,0,0
0.25,342,1.3525423728813561,20,0,0.38011695906432746,0.3379032258064516,1.1249284707392986,0.5702734600972678,17.51278936785453,1.1249284707392986,1.1249284707392986,1,1,1.3248587570621468,1.364406779661017,1.0825912345032305,0.884272997032641,1.1249284707392986,1.3525423728813561,1.3525423728813561,0.28,2.115909090909091,4,target_panel_only_extra_benefit50,rolling,0.25,20,0,0,0.0,0.0,0,0
0.25,262,1.0361581920903955,40,0,0.3702290076335878,0.3379032258064516,1.095665798247372,0.5702734600972678,18.182325946485243,1.095665798247372,1.095665798247372,1,1,0.9689265536723164,1.0875706214689267,1.0160959906350602,0.8482490272373541,1.095665798247372,1.0361581920903955,1.0361581920903955,0.12249999999999998,1.6545454545454545,4,target_panel_only_extra_benefit50,rolling,0.25,40,0,0,0.0,0.0,0,0
0.25,274,1.0836158192090395,60,0,0.4416058394160584,0.3379032258064516,1.3069003362193614,0.5702734600972678,31.913323903619627,1.3069003362193614,1.3069003362193614,1,1,1.0480225988700564,1.1468926553672316,1.2345679012345678,0.9033457249070632,1.3069003362193614,1.0836158192090395,1.0836158192090395,0.5425,1.7022727272727272,4,target_panel_only_extra_benefit50,rolling,0.25,60,0,0,0.0,0.0,0,0
0.25,255,1.0084745762711864,120,0,0.5137254901960784,0.3379032258064516,1.5203331929430481,0.5702734600972678,57.26545483253405,1.5203331929430481,1.5203331929430481,1,1,0.9293785310734464,1.0282485875706215,1.3790546802594996,0.912,1.5203331929430481,1.0084745762711864,1.0084745762711864,0.44545454545454544,1.7977272727272728,4,target_panel_only_extra_benefit50,rolling,0.25,120,0,0,0.0,0.0,0,0
0.25,236,0.9333333333333335,250,0,0.4533898305084746,0.3379032258064516,1.3417742000728128,0.5702734600972678,42.079933202184925,1.3417742000728128,1.3417742000728128,1,1,0.8107344632768362,0.9887005649717514,1.1951807228915663,0.8484848484848485,1.3417742000728128,0.9333333333333335,0.9333333333333335,0.3775280898876405,1.4525000000000001,4,target_panel_only_extra_benefit50,rolling,0.25,250,0,0,0.0,0.0,0,0
0.25,151,0.5971751412429379,40,3,0.3576158940397351,0.3379032258064516,1.0583382067047054,0.5702734600972678,16.37567597560337,1.0583382067047054,1.0583382067047054,1,1,0.5932203389830508,0.612994350282486,0.8636815920398011,0.7191780821917808,1.0583382067047054,0.5971751412429379,0.5971751412429379,0.12249999999999998,0.9386363636363637,4,target_panel_only_extra_benefit50,rolling,0.25,40,3,0,0.0,0.0,0,0
0.25,155,0.612994350282486,60,3,0.4258064516129032,0.3379032258064516,1.260143198090692,0.5702734600972678,22.532615542485612,1.260143198090692,1.260143198090692,1,1,0.5932203389830508,0.632768361581921,1.11044776119403,0.8066666666666666,1.260143198090692,0.612994350282486,0.612994350282486,0.3146067415730337,0.9068181818181819,4,target_panel_only_extra_benefit50,rolling,0.25,60,3,0,0.0,0.0,0,0
0.25,137,0.5418079096045197,120,3,0.41605839416058393,0.3379032258064516,1.2312945316446875,0.5702734600972678,36.778292728900496,1.2312945316446875,1.2312945316446875,1,1,0.5338983050847458,0.5536723163841808,1.0671256454388984,0.8257575757575758,1.2312945316446875,0.5418079096045197,0.5418079096045197,0.2359550561797753,0.8909090909090909,4,target_panel_only_extra_benefit50,rolling,0.25,120,3,0,0.0,0.0,0,0
0.3,376,1.4870056497175141,20,0,0.3882978723404255,0.3379032258064516,1.1491392880719038,0.5702734600972678,17.89115012284281,1.1491392880719038,1.1491392880719038,1,1,1.423728813559322,1.5423728813559323,1.0756626506024096,0.876010781671159,1.1491392880719038,1.4870056497175141,1.4870056497175141,0.40249999999999997,2.1954545454545458,4,target_panel_only_extra_benefit50,rolling,0.3,20,0,0,0.0,0.0,0,0
0.3,312,1.2338983050847459,40,0,0.40705128205128205,0.3379032258064516,1.2046386390061807,0.5702734600972678,26.819766234154066,1.2046386390061807,1.2046386390061807,1,1,1.1864406779661016,1.305084745762712,1.074626865671642,0.8762214983713354,1.2046386390061807,1.2338983050847459,1.2338983050847459,0.315,1.8931818181818183,4,target_panel_only_extra_benefit50,rolling,0.3,40,0,0,0.0,0.0,0,0
0.3,328,1.2971751412429378,60,0,0.43597560975609756,0.3379032258064516,1.290238081378427,0.5702734600972678,33.39537622265708,1.290238081378427,1.290238081378427,1,1,1.225988700564972,1.364406779661017,1.2525252525252526,0.9102167182662538,1.290238081378427,1.2971751412429378,1.2971751412429378,0.7865168539325843,2.0363636363636366,4,target_panel_only_extra_benefit50,rolling,0.3,60,0,0,0.0,0.0,0,0
0.3,297,1.1745762711864407,120,0,0.4983164983164983,0.3379032258064516,1.474731403132358,0.5702734600972678,55.35721680111439,1.474731403132358,1.474731403132358,1,1,1.1468926553672316,1.1864406779661016,1.4180110271594855,0.9041095890410958,1.474731403132358,1.1745762711864407,1.1745762711864407,0.5568181818181819,1.956818181818182,4,target_panel_only_extra_benefit50,rolling,0.3,120,0,0,0.0,0.0,0,0
0.3,304,1.2022598870056498,250,0,0.4375,0.3379032258064516,1.2947494033412887,0.5702734600972678,36.161739751476894,1.2947494033412887,1.2947494033412887,1,1,1.0875706214689267,1.265536723163842,1.1440976933514246,0.8896321070234113,1.2947494033412887,1.2022598870056498,1.2022598870056498,0.45617977528089887,1.925,4,target_panel_only_extra_benefit50,rolling,0.3,250,0,0,0.0,0.0,0,0
0.3,174,0.6881355932203389,40,3,0.40804597701149425,0.3379032258064516,1.2075823663347325,0.5702734600972678,21.959245585618557,1.2075823663347325,1.2075823663347325,1,1,0.672316384180791,0.731638418079096,1.0775401069518715,0.7633136094674556,1.2075823663347325,0.6881355932203389,0.6881355932203389,0.28,1.0340909090909092,4,target_panel_only_extra_benefit50,rolling,0.3,40,3,0,0.0,0.0,0,0
0.3,174,0.6881355932203389,60,3,0.40804597701149425,0.3379032258064516,1.2075823663347325,0.5702734600972678,18.330225712537906,1.2075823663347325,1.2075823663347325,1,1,0.652542372881356,0.731638418079096,1.1216644052464948,0.8165680473372781,1.2075823663347325,0.6881355932203389,0.6881355932203389,0.3775280898876405,1.0340909090909092,4,target_panel_only_extra_benefit50,rolling,0.3,60,3,0,0.0,0.0,0,0
0.3,155,0.612994350282486,120,3,0.3935483870967742,0.3379032258064516,1.1646778042959427,0.5702734600972678,34.07884270576814,1.1646778042959427,1.1646778042959427,1,1,0.5932203389830508,0.632768361581921,0.9552238805970149,0.8133333333333334,1.1646778042959427,0.612994350282486,0.612994350282486,0.3146067415730337,0.9704545454545455,4,target_panel_only_extra_benefit50,rolling,0.3,120,3,0,0.0,0.0,0,0
0.35,418,1.6531073446327682,20,0,0.39712918660287083,0.3379032258064516,1.175274919779379,0.5702734600972678,21.509537085683057,1.175274919779379,1.175274919779379,1,1,1.6214689265536724,1.6807909604519775,1.1295915368792242,0.8837772397094431,1.175274919779379,1.6531073446327682,1.6531073446327682,0.6649999999999999,2.3704545454545456,4,target_panel_only_extra_benefit50,rolling,0.35,20,0,0,0.0,0.0,0,0
0.35,352,1.3920903954802262,40,0,0.4346590909090909,0.3379032258064516,1.2863419396832285,0.5702734600972678,33.95784829019295,1.2863419396832285,1.2863419396832285,1,1,1.364406779661017,1.4435028248587571,1.222222222222222,0.8962536023054755,1.2863419396832285,1.3920903954802262,1.3920903954802262,0.48999999999999994,2.0522727272727272,4,target_panel_only_extra_benefit50,rolling,0.35,40,0,0,0.0,0.0,0,0
0.35,377,1.4909604519774013,60,0,0.41379310344827586,0.3379032258064516,1.2245905686774752,0.5702734600972678,35.00200229738283,1.2245905686774752,1.2245905686774752,1,1,1.344632768361582,1.5423728813559323,1.1428571428571428,0.9086021505376344,1.2245905686774752,1.4909604519774013,1.4909604519774013,1.0325,2.259090909090909,4,target_panel_only_extra_benefit50,rolling,0.35,60,0,0,0.0,0.0,0,0
0.35,337,1.332768361581921,120,0,0.456973293768546,0.3379032258064516,1.3523791987422364,0.5702734600972678,48.32564323439233,1.3523791987422364,1.3523791987422364,1,1,1.2457627118644068,1.4039548022598871,1.3098591549295773,0.9036144578313253,1.3523791987422364,1.332768361581921,1.332768361581921,0.6606741573033709,2.1636363636363636,4,target_panel_only_extra_benefit50,rolling,0.35,120,0,0,0.0,0.0,0,0
0.35,372,1.4711864406779662,250,0,0.4274193548387097,0.3379032258064516,1.2649164677804297,0.5702734600972678,32.65702135994804,1.2649164677804297,1.2649164677804297,1,1,1.4039548022598871,1.5423728813559323,1.2004840661557081,0.9237057220708447,1.2649164677804297,1.4711864406779662,1.4711864406779662,0.503370786516854,2.38,4,target_panel_only_extra_benefit50,rolling,0.35,250,0,0,0.0,0.0,0,0
0.35,192,0.7593220338983051,40,3,0.4322916666666667,0.3379032258064516,1.2793357199681783,0.5702734600972678,26.638226026945294,1.2793357199681783,1.2793357199681783,1,1,0.731638418079096,0.7711864406779662,1.1623931623931625,0.7967914438502673,1.2793357199681783,0.7593220338983051,0.7593220338983051,0.42,1.0977272727272729,4,target_panel_only_extra_benefit50,rolling,0.35,40,3,0,0.0,0.0,0,0
0.35,198,0.7830508474576272,60,3,0.3686868686868687,0.3379032258064516,1.0911019502904944,0.5702734600972678,17.999457653538684,1.0911019502904944,1.0911019502904944,1,1,0.711864406779661,0.8107344632768362,1.0,0.8238341968911918,1.0911019502904944,0.7830508474576272,0.7830508474576272,0.550561797752809,1.1136363636363638,4,target_panel_only_extra_benefit50,rolling,0.35,60,3,0,0.0,0.0,0,0
0.35,175,0.692090395480226,120,3,0.33714285714285713,0.3379032258064516,0.9977497442891238,0.5702734600972678,24.259744495194425,0.9977497442891238,0.9977497442891238,0,1,0.672316384180791,0.731638418079096,0.8378378378378378,0.8117647058823529,0.9977497442891238,0.692090395480226,0.692090395480226,0.33033707865168543,1.065909090909091,4,target_panel_only_extra_benefit50,rolling,0.35,120,3,0,0.0,0.0,0,0
