n,frequency,hit_rate,base_rate,lift,auc,forward_benefit_bps,macro_year_lift,year_lift_min,year_frequency_min,year_frequency_max,corridor_lift_min,corridor_freq_min,corridor_freq_max,quarter_frequency_min,quarter_frequency_max,cluster_share_7d,candidate,history,strong,late,late_weekday,weekly_cap
255,1.0084745762711864,0.30980392156862746,0.3379032258064516,0.9168421545229071,0.5608039558254531,9.246511242625976,0.9168421545229071,0.9168421545229071,1.0084745762711864,1.0084745762711864,0.7736185383244207,1.0084745762711864,1.0084745762711864,1.0224719101123596,1.05,0.704,quarterly_reset_hist,10,0.75,0.0,3,1
408,1.6135593220338982,0.2916666666666667,0.3379032258064516,0.8631662688941926,0.5608039558254531,6.539697941255431,0.8631662688941926,0.8631662688941926,1.6135593220338982,1.6135593220338982,0.7654320987654321,1.5621468926553672,1.6610169491525424,1.4314606741573035,1.8772727272727274,0.913151364764268,quarterly_reset_hist,10,0.75,0.0,3,2
255,1.0084745762711864,0.3333333333333333,0.3379032258064516,0.9864757358790771,0.5608039558254531,12.653857995835795,0.9864757358790771,0.9864757358790771,1.0084745762711864,1.0084745762711864,0.9373966454051501,1.0084745762711864,1.0084745762711864,1.0224719101123596,1.05,0.708,quarterly_reset_hist,10,0.75,0.0,4,1
405,1.6016949152542375,0.3160493827160494,0.3379032258064516,0.9353251421668287,0.5608039558254531,6.954710643991681,0.9353251421668287,0.9353251421668287,1.6016949152542375,1.6016949152542375,0.9046015712682378,1.5621468926553672,1.6214689265536724,1.4314606741573035,1.8454545454545455,0.8925,quarterly_reset_hist,10,0.75,0.0,4,2
250,0.9887005649717514,0.324,0.3379032258064516,0.958854415274463,0.5608039558254531,9.914186094067515,0.958854415274463,0.958854415274463,0.9887005649717514,0.9887005649717514,0.8366265060240965,0.9887005649717514,0.9887005649717514,0.9595505617977528,1.0340909090909092,0.6122448979591837,quarterly_reset_hist,10,0.75,0.3,3,1
394,1.5581920903954802,0.3096446700507614,0.3379032258064516,0.9163708612480768,0.5608039558254531,8.73371672400044,0.9163708612480768,0.9163708612480768,1.5581920903954802,1.5581920903954802,0.8320878450510905,1.5028248587570623,1.5819209039548023,1.3213483146067417,1.8454545454545455,0.8611825192802056,quarterly_reset_hist,10,0.75,0.3,3,2
248,0.9807909604519774,0.3548387096774194,0.3379032258064516,1.0501193317422435,0.5608039558254531,17.315213796375694,1.0501193317422435,1.0501193317422435,0.9807909604519774,0.9807909604519774,0.8963855421686747,0.9689265536723164,0.9887005649717514,0.9438202247191012,1.0340909090909092,0.6131687242798354,quarterly_reset_hist,10,0.75,0.3,4,1
389,1.538418079096045,0.33161953727506427,0.3379032258064516,0.9814038811958943,0.5608039558254531,13.398807068312767,0.9814038811958943,0.9814038811958943,1.538418079096045,1.538418079096045,0.8925050852761697,1.4830508474576272,1.5819209039548023,1.30561797752809,1.8136363636363637,0.8411458333333334,quarterly_reset_hist,10,0.75,0.3,4,2
234,0.9254237288135593,0.33760683760683763,0.3379032258064516,0.9991228606980398,0.5608039558254531,11.043210943657185,0.9991228606980398,0.9991228606980398,0.9254237288135593,0.9254237288135593,0.8767676767676768,0.8898305084745763,0.9491525423728814,0.8808988764044944,1.0340909090909092,0.5764192139737991,quarterly_reset_hist,10,0.75,0.5,3,1
371,1.4672316384180792,0.32075471698113206,0.3379032258064516,0.9492502364119422,0.5608039558254531,11.788557916189722,0.9492502364119422,0.9492502364119422,1.4672316384180792,1.4672316384180792,0.8879202988792029,1.423728813559322,1.5225988700564972,1.2426966292134833,1.7340909090909091,0.8360655737704918,quarterly_reset_hist,10,0.75,0.5,3,2
228,0.9016949152542374,0.34210526315789475,0.3379032258064516,1.0124356236653687,0.5608039558254531,15.636578523277937,1.0124356236653687,1.0124356236653687,0.9016949152542374,0.9016949152542374,0.9607438016528924,0.8700564971751413,0.9293785310734464,0.8494382022471911,1.0340909090909092,0.5829596412556054,quarterly_reset_hist,10,0.75,0.5,4,1
358,1.415819209039548,0.32122905027932963,0.3379032258064516,0.9506539912801164,0.5608039558254531,13.81785289968335,0.9506539912801164,0.9506539912801164,1.415819209039548,1.415819209039548,0.9129321382842509,1.384180790960452,1.463276836158192,1.21123595505618,1.7340909090909091,0.8101983002832861,quarterly_reset_hist,10,0.75,0.5,4,2
189,0.747457627118644,0.32275132275132273,0.3379032258064516,0.95515904585117,0.5608039558254531,5.827232550969877,0.95515904585117,0.95515904585117,0.747457627118644,0.747457627118644,0.8225538971807629,0.711864406779661,0.7909604519774012,0.6449438202247191,0.9068181818181819,0.532608695652174,quarterly_reset_hist,10,0.75,0.65,3,1
315,1.2457627118644068,0.30793650793650795,0.3379032258064516,0.9113156798120999,0.5608039558254531,8.59845315521439,0.9113156798120999,0.9113156798120999,1.2457627118644068,1.2457627118644068,0.8888888888888888,1.1864406779661016,1.305084745762712,0.9910112359550562,1.590909090909091,0.7806451612903226,quarterly_reset_hist,10,0.75,0.65,3,2
185,0.731638418079096,0.32972972972972975,0.3379032258064516,0.9758111333290331,0.5608039558254531,7.512644165552143,0.9758111333290331,0.9758111333290331,0.731638418079096,0.731638418079096,0.8709394205443372,0.672316384180791,0.7711864406779662,0.6292134831460674,0.9068181818181819,0.5222222222222223,quarterly_reset_hist,10,0.75,0.65,4,1
310,1.225988700564972,0.31290322580645163,0.3379032258064516,0.9260143198090693,0.5608039558254531,9.389759513694806,0.9260143198090693,0.9260143198090693,1.225988700564972,1.225988700564972,0.8888888888888888,1.1468926553672316,1.305084745762712,0.9752808988764046,1.5750000000000002,0.7672131147540984,quarterly_reset_hist,10,0.75,0.65,4,2
255,1.0084745762711864,0.3137254901960784,0.3379032258064516,0.9284477514156021,0.5608039558254531,9.354243281209511,0.9284477514156021,0.9284477514156021,1.0084745762711864,1.0084745762711864,0.8288770053475936,1.0084745762711864,1.0084745762711864,1.0224719101123596,1.05,0.704,quarterly_reset_hist,10,0.8,0.0,3,1
408,1.6135593220338982,0.3014705882352941,0.3379032258064516,0.8921802611259301,0.5608039558254531,6.846234722949369,0.8921802611259301,0.8921802611259301,1.6135593220338982,1.6135593220338982,0.8350168350168349,1.5621468926553672,1.6610169491525424,1.4314606741573035,1.8772727272727274,0.913151364764268,quarterly_reset_hist,10,0.8,0.0,3,2
255,1.0084745762711864,0.33725490196078434,0.3379032258064516,0.9980813327717722,0.5608039558254531,12.68806689836518,0.9980813327717722,0.9980813327717722,1.0084745762711864,1.0084745762711864,0.9373966454051501,1.0084745762711864,1.0084745762711864,1.0224719101123596,1.05,0.704,quarterly_reset_hist,10,0.8,0.0,4,1
405,1.6016949152542375,0.31851851851851853,0.3379032258064516,0.9426323698400072,0.5608039558254531,6.9762495826212945,0.9426323698400072,0.9426323698400072,1.6016949152542375,1.6016949152542375,0.9109609168380841,1.5621468926553672,1.6214689265536724,1.4314606741573035,1.8454545454545455,0.8925,quarterly_reset_hist,10,0.8,0.0,4,2
250,0.9887005649717514,0.328,0.3379032258064516,0.970692124105012,0.5608039558254531,10.024072773422724,0.970692124105012,0.970692124105012,0.9887005649717514,0.9887005649717514,0.8366265060240965,0.9887005649717514,0.9887005649717514,0.9595505617977528,1.0340909090909092,0.6122448979591837,quarterly_reset_hist,10,0.8,0.3,3,1
394,1.5581920903954802,0.31218274111675126,0.3379032258064516,0.923882097815684,0.5608039558254531,8.803441774352729,0.923882097815684,0.923882097815684,1.5581920903954802,1.5581920903954802,0.8320878450510905,1.5028248587570623,1.5819209039548023,1.3213483146067417,1.8454545454545455,0.8611825192802056,quarterly_reset_hist,10,0.8,0.3,3,2
248,0.9807909604519774,0.3588709677419355,0.3379032258064516,1.0620525059665873,0.5608039558254531,17.350388272766796,1.0620525059665873,1.0620525059665873,0.9807909604519774,0.9807909604519774,0.8963855421686747,0.9689265536723164,0.9887005649717514,0.9438202247191012,1.0340909090909092,0.6090534979423868,quarterly_reset_hist,10,0.8,0.3,4,1
389,1.538418079096045,0.3341902313624679,0.3379032258064516,0.9890116632206687,0.5608039558254531,13.421231927297324,0.9890116632206687,0.9890116632206687,1.538418079096045,1.538418079096045,0.8925050852761697,1.4830508474576272,1.5819209039548023,1.30561797752809,1.8136363636363637,0.8411458333333334,quarterly_reset_hist,10,0.8,0.3,4,2
234,0.9254237288135593,0.3418803418803419,0.3379032258064516,1.0117699855170024,0.5608039558254531,11.160611242113601,1.0117699855170024,1.0117699855170024,0.9254237288135593,0.9254237288135593,0.9393939393939393,0.8898305084745763,0.9491525423728814,0.8808988764044944,1.0340909090909092,0.5764192139737991,quarterly_reset_hist,10,0.8,0.5,3,1
371,1.4672316384180792,0.32345013477088946,0.3379032258064516,0.9572271291548996,0.5608039558254531,11.862605543787572,0.9572271291548996,0.9572271291548996,1.4672316384180792,1.4672316384180792,0.9265255292652552,1.423728813559322,1.5225988700564972,1.2426966292134833,1.7340909090909091,0.8360655737704918,quarterly_reset_hist,10,0.8,0.5,3,2
228,0.9016949152542374,0.34210526315789475,0.3379032258064516,1.0124356236653687,0.5608039558254531,15.29301952851565,1.0124356236653687,1.0124356236653687,0.9016949152542374,0.9016949152542374,0.9607438016528924,0.8700564971751413,0.9293785310734464,0.8494382022471911,1.0340909090909092,0.57847533632287,quarterly_reset_hist,10,0.8,0.5,4,1
357,1.4118644067796613,0.32212885154061627,0.3379032258064516,0.9533168876142344,0.5608039558254531,13.538022850610831,0.9533168876142344,0.9533168876142344,1.4118644067796613,1.4118644067796613,0.914004914004914,1.384180790960452,1.463276836158192,1.21123595505618,1.7340909090909091,0.8068181818181818,quarterly_reset_hist,10,0.8,0.5,4,2
189,0.747457627118644,0.32275132275132273,0.3379032258064516,0.95515904585117,0.5608039558254531,5.41278043030426,0.95515904585117,0.95515904585117,0.747457627118644,0.747457627118644,0.8225538971807629,0.711864406779661,0.7909604519774012,0.6449438202247191,0.9068181818181819,0.5271739130434783,quarterly_reset_hist,10,0.8,0.65,3,1
314,1.2418079096045198,0.3089171974522293,0.3379032258064516,0.9142179590471702,0.5608039558254531,8.263680138452102,0.9142179590471702,0.9142179590471702,1.2418079096045198,1.2418079096045198,0.8888888888888888,1.1864406779661016,1.305084745762712,0.9910112359550562,1.590909090909091,0.7766990291262136,quarterly_reset_hist,10,0.8,0.65,3,2
185,0.731638418079096,0.32972972972972975,0.3379032258064516,0.9758111333290331,0.5608039558254531,7.089230917953216,0.9758111333290331,0.9758111333290331,0.731638418079096,0.731638418079096,0.8709394205443372,0.672316384180791,0.7711864406779662,0.6292134831460674,0.9068181818181819,0.5166666666666667,quarterly_reset_hist,10,0.8,0.65,4,1
309,1.2220338983050847,0.313915857605178,0.3379032258064516,0.9290111299055387,0.5608039558254531,9.05213031982789,0.9290111299055387,0.9290111299055387,1.2220338983050847,1.2220338983050847,0.8888888888888888,1.1468926553672316,1.2853107344632768,0.9752808988764046,1.5750000000000002,0.7631578947368421,quarterly_reset_hist,10,0.8,0.65,4,2
255,1.0084745762711864,0.2784313725490196,0.3379032258064516,0.8239973793813469,0.5608039558254531,10.392338054754926,0.8239973793813469,0.8239973793813469,1.0084745762711864,1.0084745762711864,0.6797385620915032,1.0084745762711864,1.0084745762711864,1.0224719101123596,1.05,0.712,quarterly_reset_hist,10,0.85,0.0,3,1
379,1.498870056497175,0.2691292875989446,0.3379032258064516,0.796468536092342,0.5608039558254531,5.809542564502599,0.796468536092342,0.796468536092342,1.498870056497175,1.498870056497175,0.6846846846846847,1.4435028248587571,1.5819209039548023,1.3528089887640449,1.7181818181818183,0.8877005347593583,quarterly_reset_hist,10,0.85,0.0,3,2
255,1.0084745762711864,0.2980392156862745,0.3379032258064516,0.882025363844822,0.5608039558254531,12.78281073236537,0.882025363844822,0.882025363844822,1.0084745762711864,1.0084745762711864,0.7320261437908497,1.0084745762711864,1.0084745762711864,1.0224719101123596,1.05,0.724,quarterly_reset_hist,10,0.85,0.0,4,1
372,1.4711864406779662,0.28763440860215056,0.3379032258064516,0.851233094669849,0.5608039558254531,5.460613559830089,0.851233094669849,0.851233094669849,1.4711864406779662,1.4711864406779662,0.7407407407407408,1.423728813559322,1.5225988700564972,1.3528089887640449,1.6704545454545454,0.8664850136239782,quarterly_reset_hist,10,0.85,0.0,4,2
248,0.9807909604519774,0.28225806451612906,0.3379032258064516,0.8353221957040574,0.5608039558254531,8.093863737536179,0.8353221957040574,0.8353221957040574,0.9807909604519774,0.9807909604519774,0.6666666666666666,0.9491525423728814,0.9887005649717514,0.9438202247191012,1.0340909090909092,0.6213991769547325,quarterly_reset_hist,10,0.85,0.3,3,1
364,1.4395480225988702,0.2774725274725275,0.3379032258064516,0.821159747174067,0.5608039558254531,6.193609481227198,0.821159747174067,0.821159747174067,1.4395480225988702,1.4395480225988702,0.6683576410906785,1.384180790960452,1.5028248587570623,1.2584269662921348,1.6863636363636363,0.8133704735376045,quarterly_reset_hist,10,0.85,0.3,3,2
245,0.9689265536723164,0.3142857142857143,0.3379032258064516,0.9301056938288442,0.5608039558254531,17.985131509485157,0.9301056938288442,0.9301056938288442,0.9689265536723164,0.9689265536723164,0.7768674698795182,0.9293785310734464,0.9887005649717514,0.9280898876404495,1.0340909090909092,0.6125,quarterly_reset_hist,10,0.85,0.3,4,1
355,1.4039548022598871,0.30422535211267604,0.3379032258064516,0.9003327842952704,0.5608039558254531,13.083018652566171,0.9003327842952704,0.9003327842952704,1.4039548022598871,1.4039548022598871,0.7367552401386367,1.344632768361582,1.463276836158192,1.2426966292134833,1.6545454545454545,0.7857142857142857,quarterly_reset_hist,10,0.85,0.3,4,2
232,0.9175141242937853,0.2974137931034483,0.3379032258064516,0.8801744712369353,0.5608039558254531,10.858738022282164,0.8801744712369353,0.8801744712369353,0.9175141242937853,0.9175141242937853,0.8115942028985508,0.8898305084745763,0.9491525423728814,0.8651685393258427,1.0340909090909092,0.5814977973568282,quarterly_reset_hist,10,0.85,0.5,3,1
342,1.3525423728813561,0.29239766081871343,0.3379032258064516,0.8653295928763834,0.5608039558254531,10.784321637718664,0.8653295928763834,0.8653295928763834,1.3525423728813561,1.3525423728813561,0.7683304647160069,1.305084745762712,1.423728813559322,1.1797752808988764,1.590909090909091,0.7744807121661721,quarterly_reset_hist,10,0.85,0.5,3,2
224,0.8858757062146893,0.29464285714285715,0.3379032258064516,0.8719740879645415,0.5608039558254531,15.820346866315296,0.8719740879645415,0.8719740879645415,0.8858757062146893,0.8858757062146893,0.8296296296296296,0.8502824858757062,0.9293785310734464,0.8337078651685393,1.0340909090909092,0.5662100456621004,quarterly_reset_hist,10,0.85,0.5,4,1
327,1.293220338983051,0.2966360856269113,0.3379032258064516,0.8778729025712888,0.5608039558254531,13.603718991964367,0.8778729025712888,0.8778729025712888,1.293220338983051,1.293220338983051,0.8027333213450819,1.2457627118644068,1.364406779661017,1.148314606741573,1.590909090909091,0.7453416149068323,quarterly_reset_hist,10,0.85,0.5,4,2
183,0.7237288135593221,0.2568306010928962,0.3379032258064516,0.7600714686281415,0.5608039558254531,4.204176743295742,0.7600714686281415,0.7600714686281415,0.7237288135593221,0.7237288135593221,0.6464646464646465,0.652542372881356,0.7514124293785311,0.6134831460674157,0.8909090909090909,0.4943820224719101,quarterly_reset_hist,10,0.85,0.65,3,1
286,1.1310734463276837,0.2727272727272727,0.3379032258064516,0.8071165111737904,0.5608039558254531,6.7513705569782845,0.8071165111737904,0.8071165111737904,1.1310734463276837,1.1310734463276837,0.717948717948718,1.0282485875706215,1.225988700564972,0.9280898876404495,1.415909090909091,0.697508896797153,quarterly_reset_hist,10,0.85,0.65,3,2
176,0.6960451977401131,0.26704545454545453,0.3379032258064516,0.7903015838576698,0.5608039558254531,6.813547080513152,0.7903015838576698,0.7903015838576698,0.6960451977401131,0.6960451977401131,0.6464646464646465,0.652542372881356,0.7514124293785311,0.597752808988764,0.8909090909090909,0.4678362573099415,quarterly_reset_hist,10,0.85,0.65,4,1
275,1.0875706214689267,0.28363636363636363,0.3379032258064516,0.839401171620742,0.5608039558254531,8.23876110726182,0.839401171620742,0.839401171620742,1.0875706214689267,1.0875706214689267,0.7320261437908497,1.0084745762711864,1.1864406779661016,0.9123595505617977,1.415909090909091,0.674074074074074,quarterly_reset_hist,10,0.85,0.65,4,2
255,1.0084745762711864,0.2784313725490196,0.3379032258064516,0.8239973793813469,0.5608039558254531,10.392338054754926,0.8239973793813469,0.8239973793813469,1.0084745762711864,1.0084745762711864,0.6797385620915032,1.0084745762711864,1.0084745762711864,1.0224719101123596,1.05,0.712,quarterly_reset_hist,10,0.9,0.0,3,1
375,1.4830508474576272,0.264,0.3379032258064516,0.7812887828162292,0.5608039558254531,5.66155663322128,0.7812887828162292,0.7812887828162292,1.4830508474576272,1.4830508474576272,0.6575342465753424,1.4435028248587571,1.5819209039548023,1.3528089887640449,1.6704545454545454,0.8864864864864865,quarterly_reset_hist,10,0.9,0.0,3,2
255,1.0084745762711864,0.2980392156862745,0.3379032258064516,0.882025363844822,0.5608039558254531,12.78281073236537,0.882025363844822,0.882025363844822,1.0084745762711864,1.0084745762711864,0.7320261437908497,1.0084745762711864,1.0084745762711864,1.0224719101123596,1.05,0.724,quarterly_reset_hist,10,0.9,0.0,4,1
368,1.455367231638418,0.2826086956521739,0.3379032258064516,0.8363598630279132,0.5608039558254531,5.30601997219644,0.8363598630279132,0.8363598630279132,1.455367231638418,1.455367231638418,0.7136150234741784,1.4039548022598871,1.5028248587570623,1.3528089887640449,1.6227272727272726,0.8622589531680441,quarterly_reset_hist,10,0.9,0.0,4,2
248,0.9807909604519774,0.28225806451612906,0.3379032258064516,0.8353221957040574,0.5608039558254531,8.093863737536179,0.8353221957040574,0.8353221957040574,0.9807909604519774,0.9807909604519774,0.6666666666666666,0.9491525423728814,0.9887005649717514,0.9438202247191012,1.0340909090909092,0.6213991769547325,quarterly_reset_hist,10,0.9,0.3,3,1
360,1.423728813559322,0.2722222222222222,0.3379032258064516,0.805621850967913,0.5608039558254531,6.043724879661658,0.805621850967913,0.805621850967913,1.423728813559322,1.423728813559322,0.6476190476190476,1.384180790960452,1.5028248587570623,1.2584269662921348,1.638636363636364,0.8112676056338028,quarterly_reset_hist,10,0.9,0.3,3,2
245,0.9689265536723164,0.3142857142857143,0.3379032258064516,0.9301056938288442,0.5608039558254531,17.985131509485157,0.9301056938288442,0.9301056938288442,0.9689265536723164,0.9689265536723164,0.7768674698795182,0.9293785310734464,0.9887005649717514,0.9280898876404495,1.0340909090909092,0.6125,quarterly_reset_hist,10,0.9,0.3,4,1
351,1.3881355932203392,0.29914529914529914,0.3379032258064516,0.885298737327377,0.5608039558254531,13.007802641517056,0.885298737327377,0.885298737327377,1.3881355932203392,1.3881355932203392,0.7367552401386367,1.3248587570621468,1.4435028248587571,1.2426966292134833,1.6068181818181817,0.7803468208092486,quarterly_reset_hist,10,0.9,0.3,4,2
232,0.9175141242937853,0.2974137931034483,0.3379032258064516,0.8801744712369353,0.5608039558254531,10.858738022282164,0.8801744712369353,0.8801744712369353,0.9175141242937853,0.9175141242937853,0.8115942028985508,0.8898305084745763,0.9491525423728814,0.8651685393258427,1.0340909090909092,0.5814977973568282,quarterly_reset_hist,10,0.9,0.5,3,1
338,1.3367231638418078,0.2869822485207101,0.3379032258064516,0.8493030743810991,0.5608039558254531,10.679009188199053,0.8493030743810991,0.8493030743810991,1.3367231638418078,1.3367231638418078,0.7676767676767677,1.2853107344632768,1.384180790960452,1.1797752808988764,1.5431818181818182,0.7717717717717718,quarterly_reset_hist,10,0.9,0.5,3,2
224,0.8858757062146893,0.29464285714285715,0.3379032258064516,0.8719740879645415,0.5608039558254531,15.820346866315296,0.8719740879645415,0.8719740879645415,0.8858757062146893,0.8858757062146893,0.8296296296296296,0.8502824858757062,0.9293785310734464,0.8337078651685393,1.0340909090909092,0.5662100456621004,quarterly_reset_hist,10,0.9,0.5,4,1
323,1.2774011299435029,0.29102167182662536,0.3379032258064516,0.8612574536157886,0.5608039558254531,13.52843100892831,0.8612574536157886,0.8612574536157886,1.2774011299435029,1.2774011299435029,0.8027333213450819,1.225988700564972,1.3248587570621468,1.148314606741573,1.5431818181818182,0.7421383647798742,quarterly_reset_hist,10,0.9,0.5,4,2
183,0.7237288135593221,0.2568306010928962,0.3379032258064516,0.7600714686281415,0.5608039558254531,4.204176743295742,0.7600714686281415,0.7600714686281415,0.7237288135593221,0.7237288135593221,0.6464646464646465,0.652542372881356,0.7514124293785311,0.6134831460674157,0.8909090909090909,0.4943820224719101,quarterly_reset_hist,10,0.9,0.65,3,1
282,1.1152542372881356,0.26595744680851063,0.3379032258064516,0.7870817041588382,0.5608039558254531,6.567940017047112,0.7870817041588382,0.7870817041588382,1.1152542372881356,1.1152542372881356,0.6797385620915032,1.0084745762711864,1.225988700564972,0.9280898876404495,1.3681818181818182,0.6931407942238267,quarterly_reset_hist,10,0.9,0.65,3,2
176,0.6960451977401131,0.26704545454545453,0.3379032258064516,0.7903015838576698,0.5608039558254531,6.813547080513152,0.7903015838576698,0.7903015838576698,0.6960451977401131,0.6960451977401131,0.6464646464646465,0.652542372881356,0.7514124293785311,0.597752808988764,0.8909090909090909,0.4678362573099415,quarterly_reset_hist,10,0.9,0.65,4,1
271,1.0717514124293785,0.2767527675276753,0.3379032258064516,0.819029670010304,0.5608039558254531,8.069839151322867,0.819029670010304,0.819029670010304,1.0717514124293785,1.0717514124293785,0.6933333333333334,0.9887005649717514,1.1864406779661016,0.9123595505617977,1.3681818181818182,0.6691729323308271,quarterly_reset_hist,10,0.9,0.65,4,2
255,1.0084745762711864,0.30196078431372547,0.3379032258064516,0.8936309607375169,0.5608039558254531,4.610379674037283,0.8936309607375169,0.8936309607375169,1.0084745762711864,1.0084745762711864,0.7736185383244207,1.0084745762711864,1.0084745762711864,1.0224719101123596,1.05,0.768,quarterly_reset_hist,20,0.75,0.0,3,1
393,1.5542372881355933,0.30279898218829515,0.3379032258064516,0.8961115463329021,0.5608039558254531,4.7441062761354775,0.8961115463329021,0.8961115463329021,1.5542372881355933,1.5542372881355933,0.7848101265822784,1.4830508474576272,1.5819209039548023,1.3213483146067417,1.7818181818181817,0.9329896907216495,quarterly_reset_hist,20,0.75,0.0,3,2
255,1.0084745762711864,0.35294117647058826,0.3379032258064516,1.0445037203425525,0.5608039558254531,12.101856835434958,1.0445037203425525,1.0445037203425525,1.0084745762711864,1.0084745762711864,0.9934640522875817,1.0084745762711864,1.0084745762711864,1.0224719101123596,1.05,0.78,quarterly_reset_hist,20,0.75,0.0,4,1
392,1.5502824858757065,0.34438775510204084,0.3379032258064516,1.0191904924260875,0.5608039558254531,8.746785040658184,1.0191904924260875,1.0191904924260875,1.5502824858757065,1.5502824858757065,0.9451476793248945,1.4830508474576272,1.5819209039548023,1.3213483146067417,1.7659090909090909,0.9250645994832042,quarterly_reset_hist,20,0.75,0.0,4,2
235,0.9293785310734464,0.33191489361702126,0.3379032258064516,0.98227796679023,0.5608039558254531,11.786243922968147,0.98227796679023,0.98227796679023,0.9293785310734464,0.9293785310734464,0.9536016406049732,0.9096045197740114,0.9491525423728814,0.802247191011236,1.0340909090909092,0.6391304347826087,quarterly_reset_hist,20,0.75,0.3,3,1
366,1.4474576271186441,0.3360655737704918,0.3379032258064516,0.9945616025666105,0.5608039558254531,12.228592434603332,0.9945616025666105,0.9945616025666105,1.4474576271186441,1.4474576271186441,0.9393939393939393,1.4039548022598871,1.4830508474576272,1.0853932584269663,1.7340909090909091,0.8476454293628809,quarterly_reset_hist,20,0.75,0.3,3,2
231,0.9135593220338984,0.3722943722943723,0.3379032258064516,1.10177809461819,0.5608039558254531,21.251034985499636,1.10177809461819,1.10177809461819,0.9135593220338984,0.9135593220338984,0.9743321110529074,0.8898305084745763,0.9293785310734464,0.7707865168539327,1.0340909090909092,0.6460176991150443,quarterly_reset_hist,20,0.75,0.3,4,1
361,1.4276836158192092,0.3628808864265928,0.3379032258064516,1.0739195684223748,0.5608039558254531,18.286562988486846,1.0739195684223748,1.0739195684223748,1.4276836158192092,1.4276836158192092,1.0145454545454544,1.384180790960452,1.4830508474576272,1.053932584269663,1.7340909090909091,0.8455056179775281,quarterly_reset_hist,20,0.75,0.3,4,2
198,0.7830508474576272,0.3383838383838384,0.3379032258064516,1.001422337937851,0.5608039558254531,4.195813649759668,1.001422337937851,1.001422337937851,0.7830508474576272,0.7830508474576272,0.9572649572649573,0.7514124293785311,0.8107344632768362,0.6764044943820224,0.9386363636363637,0.5647668393782384,quarterly_reset_hist,20,0.75,0.5,3,1
320,1.265536723163842,0.334375,0.3379032258064516,0.9895584725536992,0.5608039558254531,6.863216492038253,0.9895584725536992,0.9895584725536992,1.265536723163842,1.265536723163842,0.9117647058823529,1.1666666666666667,1.344632768361582,0.9123595505617977,1.6227272727272726,0.8031746031746032,quarterly_reset_hist,20,0.75,0.5,3,2
195,0.7711864406779662,0.3333333333333333,0.3379032258064516,0.9864757358790771,0.5608039558254531,6.340857232726914,0.9864757358790771,0.9864757358790771,0.7711864406779662,0.7711864406779662,0.893569844789357,0.731638418079096,0.8107344632768362,0.6606741573033709,0.9386363636363637,0.5736842105263158,quarterly_reset_hist,20,0.75,0.5,4,1
316,1.249717514124294,0.3322784810126582,0.3379032258064516,0.983353977221232,0.5608039558254531,8.004891023298688,0.983353977221232,0.983353977221232,1.249717514124294,1.249717514124294,0.8833107191316146,1.1468926553672316,1.3248587570621468,0.8966292134831462,1.6227272727272726,0.797427652733119,quarterly_reset_hist,20,0.75,0.5,4,2
162,0.6406779661016949,0.2962962962962963,0.3379032258064516,0.876867320781402,0.5608039558254531,-6.092839744612143,0.876867320781402,0.876867320781402,0.6406779661016949,0.6406779661016949,0.7111111111111111,0.5932203389830508,0.692090395480226,0.4719101123595506,0.8272727272727273,0.5859872611464968,quarterly_reset_hist,20,0.75,0.65,3,1
281,1.1112994350282488,0.3096085409252669,0.3379032258064516,0.9162639397311002,0.5608039558254531,0.9713448738051516,0.9162639397311002,0.9162639397311002,1.1112994350282488,1.1112994350282488,0.7901234567901234,1.0480225988700564,1.1666666666666667,0.7078651685393259,1.5113636363636365,0.8188405797101449,quarterly_reset_hist,20,0.75,0.65,3,2
158,0.624858757062147,0.3037974683544304,0.3379032258064516,0.8990664934594121,0.5608039558254531,-4.886929947803393,0.8990664934594121,0.8990664934594121,0.624858757062147,0.624858757062147,0.735632183908046,0.5734463276836158,0.672316384180791,0.45617977528089887,0.8272727272727273,0.5751633986928104,quarterly_reset_hist,20,0.75,0.65,4,1
277,1.0954802259887007,0.3140794223826715,0.3379032258064516,0.9294951879582641,0.5608039558254531,1.6321517707241722,0.9294951879582641,0.9294951879582641,1.0954802259887007,1.0954802259887007,0.8050314465408804,1.0282485875706215,1.1468926553672316,0.6921348314606742,1.5113636363636365,0.8051470588235294,quarterly_reset_hist,20,0.75,0.65,4,2
255,1.0084745762711864,0.3176470588235294,0.3379032258064516,0.940053348308297,0.5608039558254531,12.781556365263098,0.940053348308297,0.940053348308297,1.0084745762711864,1.0084745762711864,0.8288770053475936,1.0084745762711864,1.0084745762711864,1.0224719101123596,1.05,0.78,quarterly_reset_hist,20,0.8,0.0,3,1
390,1.5423728813559323,0.3128205128205128,0.3379032258064516,0.9257695367480571,0.5608039558254531,7.7362702123463185,0.9257695367480571,0.9257695367480571,1.5423728813559323,1.5423728813559323,0.831002331002331,1.4830508474576272,1.5819209039548023,1.3213483146067417,1.75,0.935064935064935,quarterly_reset_hist,20,0.8,0.0,3,2
255,1.0084745762711864,0.3686274509803922,0.3379032258064516,1.0909261079133326,0.5608039558254531,17.4392663332401,1.0909261079133326,1.0909261079133326,1.0084745762711864,1.0084745762711864,0.9959839357429718,1.0084745762711864,1.0084745762711864,1.0224719101123596,1.05,0.788,quarterly_reset_hist,20,0.8,0.0,4,1
389,1.538418079096045,0.34704370179948585,0.3379032258064516,1.0270505733445405,0.5608039558254531,9.669011261740959,1.0270505733445405,1.0270505733445405,1.538418079096045,1.538418079096045,0.9455543693762393,1.4830508474576272,1.5621468926553672,1.3213483146067417,1.7340909090909091,0.9322916666666666,quarterly_reset_hist,20,0.8,0.0,4,2
235,0.9293785310734464,0.3404255319148936,0.3379032258064516,1.007464581323313,0.5608039558254531,17.63500649670859,1.007464581323313,1.007464581323313,0.9293785310734464,0.9293785310734464,0.9536016406049732,0.9096045197740114,0.9491525423728814,0.802247191011236,1.0340909090909092,0.6521739130434783,quarterly_reset_hist,20,0.8,0.3,3,1
365,1.4435028248587571,0.3315068493150685,0.3379032258064516,0.9810703893811097,0.5608039558254531,12.268061538236116,0.9810703893811097,0.9810703893811097,1.4435028248587571,1.4435028248587571,0.9393939393939393,1.4039548022598871,1.4830508474576272,1.0853932584269663,1.7340909090909091,0.85,quarterly_reset_hist,20,0.8,0.3,3,2
231,0.9135593220338984,0.38961038961038963,0.3379032258064516,1.1530235873911292,0.5608039558254531,27.142980535024794,1.1530235873911292,1.1530235873911292,0.9135593220338984,0.9135593220338984,0.9743321110529074,0.8898305084745763,0.9293785310734464,0.7707865168539327,1.0340909090909092,0.6548672566371682,quarterly_reset_hist,20,0.8,0.3,4,1
360,1.423728813559322,0.3638888888888889,0.3379032258064516,1.0769026783346591,0.5608039558254531,18.306130795406727,1.0769026783346591,1.0769026783346591,1.423728813559322,1.423728813559322,0.9679280502290855,1.384180790960452,1.4830508474576272,1.053932584269663,1.7340909090909091,0.847887323943662,quarterly_reset_hist,20,0.8,0.3,4,2
198,0.7830508474576272,0.3484848484848485,0.3379032258064516,1.031315542055399,0.5608039558254531,10.87903699036589,1.031315542055399,1.031315542055399,0.7830508474576272,0.7830508474576272,0.9623059866962306,0.7514124293785311,0.8107344632768362,0.6764044943820224,0.9386363636363637,0.5647668393782384,quarterly_reset_hist,20,0.8,0.5,3,1
317,1.2536723163841808,0.3312302839116719,0.3379032258064516,0.9802519142016066,0.5608039558254531,6.665495009218753,0.9802519142016066,0.9802519142016066,1.2536723163841808,1.2536723163841808,0.9253731343283582,1.1666666666666667,1.3248587570621468,0.9123595505617977,1.6227272727272726,0.8012820512820513,quarterly_reset_hist,20,0.8,0.5,3,2
194,0.7672316384180791,0.34536082474226804,0.3379032258064516,1.0220702211943016,0.5608039558254531,13.42525403604949,1.0220702211943016,1.0220702211943016,0.7672316384180791,0.7672316384180791,0.9159090909090909,0.731638418079096,0.8107344632768362,0.6606741573033709,0.9386363636363637,0.5714285714285714,quarterly_reset_hist,20,0.8,0.5,4,1
312,1.2338983050847459,0.3301282051282051,0.3379032258064516,0.9769903922648553,0.5608039558254531,7.9840772596291965,0.9769903922648553,0.9769903922648553,1.2338983050847459,1.2338983050847459,0.9090909090909091,1.1468926553672316,1.2853107344632768,0.8966292134831462,1.6227272727272726,0.7915309446254072,quarterly_reset_hist,20,0.8,0.5,4,2
162,0.6406779661016949,0.30246913580246915,0.3379032258064516,0.8951353899643478,0.5608039558254531,-0.2943009892783638,0.8951353899643478,0.8951353899643478,0.6406779661016949,0.6406779661016949,0.7685950413223139,0.5932203389830508,0.692090395480226,0.4719101123595506,0.8272727272727273,0.5732484076433121,quarterly_reset_hist,20,0.8,0.65,3,1
276,1.0915254237288137,0.30434782608695654,0.3379032258064516,0.9006952371069836,0.5608039558254531,0.25577331722303676,0.9006952371069836,0.9006952371069836,1.0915254237288137,1.0915254237288137,0.8050314465408804,1.0282485875706215,1.1666666666666667,0.7078651685393259,1.5113636363636365,0.8154981549815498,quarterly_reset_hist,20,0.8,0.65,3,2
157,0.6209039548022599,0.31210191082802546,0.3379032258064516,0.9236428864600277,0.5608039558254531,1.3502053998914434,0.9236428864600277,0.9236428864600277,0.6209039548022599,0.6209039548022599,0.7926136363636364,0.5734463276836158,0.672316384180791,0.45617977528089887,0.8272727272727273,0.5592105263157895,quarterly_reset_hist,20,0.8,0.65,4,1
271,1.0717514124293785,0.30996309963099633,0.3379032258064516,0.9173132304115404,0.5608039558254531,1.0867360430875548,0.9173132304115404,0.9173132304115404,1.0717514124293785,1.0717514124293785,0.8205128205128206,1.0084745762711864,1.1468926553672316,0.6921348314606742,1.5113636363636365,0.793233082706767,quarterly_reset_hist,20,0.8,0.65,4,2
255,1.0084745762711864,0.3137254901960784,0.3379032258064516,0.9284477514156021,0.5608039558254531,12.032229830999249,0.9284477514156021,0.9284477514156021,1.0084745762711864,1.0084745762711864,0.8288770053475936,1.0084745762711864,1.0084745762711864,1.0224719101123596,1.05,0.776,quarterly_reset_hist,20,0.85,0.0,3,1
382,1.5107344632768362,0.29581151832460734,0.3379032258064516,0.8754326556623224,0.5608039558254531,4.022823745022666,0.8754326556623224,0.8754326556623224,1.5107344632768362,1.5107344632768362,0.7661414890330552,1.4435028248587571,1.5423728813559323,1.30561797752809,1.7340909090909091,0.9257294429708223,quarterly_reset_hist,20,0.85,0.0,3,2
255,1.0084745762711864,0.36470588235294116,0.3379032258064516,1.0793205110206374,0.5608039558254531,16.888177170487296,1.0793205110206374,1.0793205110206374,1.0084745762711864,1.0084745762711864,0.9373966454051501,1.0084745762711864,1.0084745762711864,1.0224719101123596,1.05,0.788,quarterly_reset_hist,20,0.85,0.0,4,1
380,1.5028248587570623,0.33157894736842103,0.3379032258064516,0.9812837583218188,0.5608039558254531,6.233455275638449,0.9812837583218188,0.9812837583218188,1.5028248587570623,1.5028248587570623,0.7863031071655041,1.4435028248587571,1.5225988700564972,1.30561797752809,1.7181818181818183,0.9253333333333333,quarterly_reset_hist,20,0.85,0.0,4,2
235,0.9293785310734464,0.33617021276595743,0.3379032258064516,0.9948712740567714,0.5608039558254531,16.50307631182337,0.9948712740567714,0.9948712740567714,0.9293785310734464,0.9293785310734464,0.8900281978979749,0.9096045197740114,0.9491525423728814,0.802247191011236,1.0340909090909092,0.6478260869565218,quarterly_reset_hist,20,0.85,0.3,3,1
356,1.407909604519774,0.3146067415730337,0.3379032258064516,0.9310557507173313,0.5608039558254531,8.927351625688816,0.9310557507173313,0.9310557507173313,1.407909604519774,1.407909604519774,0.7575089088749364,1.364406779661017,1.4435028248587571,1.0696629213483146,1.7181818181818183,0.8347578347578347,quarterly_reset_hist,20,0.85,0.3,3,2
231,0.9135593220338984,0.3852813852813853,0.3379032258064516,1.1402122141978943,0.5608039558254531,25.993262665831885,1.1402122141978943,1.1402122141978943,0.9135593220338984,0.9135593220338984,0.9093766369827135,0.8898305084745763,0.9293785310734464,0.7707865168539327,1.0340909090909092,0.6548672566371682,quarterly_reset_hist,20,0.85,0.3,4,1
350,1.384180790960452,0.3485714285714286,0.3379032258064516,1.0315717695192637,0.5608039558254531,15.223612502018254,1.0315717695192637,1.0315717695192637,1.384180790960452,1.384180790960452,0.7909284195605953,1.344632768361582,1.423728813559322,1.0382022471910113,1.7181818181818183,0.8347826086956521,quarterly_reset_hist,20,0.85,0.3,4,2
198,0.7830508474576272,0.3434343434343434,0.3379032258064516,1.016368939996625,0.5608039558254531,9.535584498204138,1.016368939996625,1.016368939996625,0.7830508474576272,0.7830508474576272,0.9473993535116074,0.7514124293785311,0.8107344632768362,0.6764044943820224,0.9386363636363637,0.5544041450777202,quarterly_reset_hist,20,0.85,0.5,3,1
310,1.225988700564972,0.3161290322580645,0.3379032258064516,0.9355608591885441,0.5608039558254531,3.555631956177267,0.9355608591885441,0.9355608591885441,1.225988700564972,1.225988700564972,0.7936746987951808,1.1271186440677967,1.265536723163842,0.9123595505617977,1.6227272727272726,0.7901639344262295,quarterly_reset_hist,20,0.85,0.5,3,2
193,0.7632768361581922,0.34196891191709844,0.3379032258064516,1.012032102093561,0.5608039558254531,11.8134274766234,1.012032102093561,1.012032102093561,0.7632768361581922,0.7632768361581922,0.9473993535116074,0.711864406779661,0.8107344632768362,0.6606741573033709,0.9386363636363637,0.5638297872340425,quarterly_reset_hist,20,0.85,0.5,4,1
303,1.1983050847457628,0.31683168316831684,0.3379032258064516,0.937640303409816,0.5608039558254531,4.815695423584573,0.937640303409816,0.937640303409816,1.1983050847457628,1.1983050847457628,0.8062727098871677,1.0875706214689267,1.2457627118644068,0.8966292134831462,1.6227272727272726,0.7785234899328859,quarterly_reset_hist,20,0.85,0.5,4,2
162,0.6406779661016949,0.2962962962962963,0.3379032258064516,0.876867320781402,0.5608039558254531,-2.203276572394726,0.876867320781402,0.876867320781402,0.6406779661016949,0.6406779661016949,0.7111111111111111,0.5932203389830508,0.692090395480226,0.4719101123595506,0.8272727272727273,0.5668789808917197,quarterly_reset_hist,20,0.85,0.65,3,1
270,1.0677966101694916,0.2851851851851852,0.3379032258064516,0.8439847962520994,0.5608039558254531,-3.709077545734845,0.8439847962520994,0.8439847962520994,1.0677966101694916,1.0677966101694916,0.7547169811320754,0.9887005649717514,1.1468926553672316,0.7078651685393259,1.5113636363636365,0.8037735849056604,quarterly_reset_hist,20,0.85,0.65,3,2
156,0.6169491525423729,0.3076923076923077,0.3379032258064516,0.9105929869653021,0.5608039558254531,-0.7213175142456932,0.9105929869653021,0.9105929869653021,0.6169491525423729,0.6169491525423729,0.735632183908046,0.5734463276836158,0.672316384180791,0.45617977528089887,0.8272727272727273,0.5562913907284768,quarterly_reset_hist,20,0.85,0.65,4,1
263,1.0401129943502825,0.29277566539923955,0.3379032258064516,0.866448269916604,0.5608039558254531,-2.872429027981776,0.866448269916604,0.866448269916604,1.0401129943502825,1.0401129943502825,0.7692307692307692,0.9491525423728814,1.1073446327683616,0.6921348314606742,1.5113636363636365,0.7829457364341085,quarterly_reset_hist,20,0.85,0.65,4,2
255,1.0084745762711864,0.30980392156862746,0.3379032258064516,0.9168421545229071,0.5608039558254531,10.191540157928506,0.9168421545229071,0.9168421545229071,1.0084745762711864,1.0084745762711864,0.8288770053475936,1.0084745762711864,1.0084745762711864,1.0224719101123596,1.05,0.752,quarterly_reset_hist,20,0.9,0.0,3,1
364,1.4395480225988702,0.2802197802197802,0.3379032258064516,0.8292900417005429,0.5608039558254531,2.11015882468999,0.8292900417005429,0.8292900417005429,1.4395480225988702,1.4395480225988702,0.746987951807229,1.384180790960452,1.5028248587570623,1.2741573033707865,1.6704545454545454,0.9052924791086351,quarterly_reset_hist,20,0.9,0.0,3,2
255,1.0084745762711864,0.34901960784313724,0.3379032258064516,1.0328981234498573,0.5608039558254531,13.542393465534374,1.0328981234498573,1.0328981234498573,1.0084745762711864,1.0084745762711864,0.8202220647295064,1.0084745762711864,1.0084745762711864,1.0224719101123596,1.05,0.764,quarterly_reset_hist,20,0.9,0.0,4,1
360,1.423728813559322,0.3138888888888889,0.3379032258064516,0.9289313179527977,0.5608039558254531,4.0425186385874285,0.9289313179527977,0.9289313179527977,1.423728813559322,1.423728813559322,0.7776860868130054,1.384180790960452,1.4435028248587571,1.2741573033707865,1.638636363636364,0.8901408450704226,quarterly_reset_hist,20,0.9,0.0,4,2
235,0.9293785310734464,0.33191489361702126,0.3379032258064516,0.98227796679023,0.5608039558254531,14.505732198491286,0.98227796679023,0.98227796679023,0.9293785310734464,0.9293785310734464,0.8264547551909768,0.9096045197740114,0.9491525423728814,0.802247191011236,1.0340909090909092,0.6217391304347826,quarterly_reset_hist,20,0.9,0.3,3,1
338,1.3367231638418078,0.2988165680473373,0.3379032258064516,0.8843258815720723,0.5608039558254531,7.1287465098630625,0.8843258815720723,0.8843258815720723,1.3367231638418078,1.3367231638418078,0.7361620394621967,1.305084745762712,1.364406779661017,1.0382022471910113,1.6545454545454545,0.8078078078078078,quarterly_reset_hist,20,0.9,0.3,3,2
231,0.9135593220338984,0.36796536796536794,0.3379032258064516,1.0889667214249552,0.5608039558254531,22.299865069455276,1.0889667214249552,1.0889667214249552,0.9135593220338984,0.9135593220338984,0.7794656888423258,0.8898305084745763,0.9293785310734464,0.7707865168539327,1.0340909090909092,0.6283185840707964,quarterly_reset_hist,20,0.9,0.3,4,1
330,1.305084745762712,0.3303030303030303,0.3379032258064516,0.9775077746438129,0.5608039558254531,13.378357820773493,0.9775077746438129,0.9775077746438129,1.305084745762712,1.305084745762712,0.7814643188137165,1.2853107344632768,1.3248587570621468,1.006741573033708,1.638636363636364,0.7938461538461539,quarterly_reset_hist,20,0.9,0.3,4,2
198,0.7830508474576272,0.3333333333333333,0.3379032258064516,0.9864757358790771,0.5608039558254531,6.6426972807988465,0.9864757358790771,0.9864757358790771,0.7830508474576272,0.7830508474576272,0.8745224801645607,0.7514124293785311,0.8107344632768362,0.6764044943820224,0.9386363636363637,0.5233160621761658,quarterly_reset_hist,20,0.9,0.5,3,1
296,1.1706214689265537,0.30067567567567566,0.3379032258064516,0.8898277752693027,0.5608039558254531,1.395082242144211,0.8898277752693027,0.8898277752693027,1.1706214689265537,1.1706214689265537,0.7710843373493976,1.0875706214689267,1.225988700564972,0.9123595505617977,1.5590909090909093,0.7560137457044673,quarterly_reset_hist,20,0.9,0.5,3,2
193,0.7632768361581922,0.3160621761658031,0.3379032258064516,0.9353630034501095,0.5608039558254531,6.992531906730831,0.9353630034501095,0.9353630034501095,0.7632768361581922,0.7632768361581922,0.8016456068175141,0.711864406779661,0.8107344632768362,0.6606741573033709,0.9386363636363637,0.526595744680851,quarterly_reset_hist,20,0.9,0.5,4,1
287,1.1350282485875707,0.2961672473867596,0.3379032258064516,0.8764854099274031,0.5608039558254531,2.2690819385127687,0.8764854099274031,0.8764854099274031,1.1350282485875707,1.1350282485875707,0.7967871485943775,1.0480225988700564,1.1864406779661016,0.8966292134831462,1.5431818181818182,0.7340425531914894,quarterly_reset_hist,20,0.9,0.5,4,2
162,0.6406779661016949,0.2839506172839506,0.3379032258064516,0.8403311824155102,0.5608039558254531,-5.739027615890082,0.8403311824155102,0.8403311824155102,0.6406779661016949,0.6406779661016949,0.7111111111111111,0.5932203389830508,0.692090395480226,0.4719101123595506,0.8272727272727273,0.5286624203821656,quarterly_reset_hist,20,0.9,0.65,3,1
257,1.0163841807909604,0.26459143968871596,0.3379032258064516,0.7830391055226916,0.5608039558254531,-6.5218231489432705,0.7830391055226916,0.7830391055226916,1.0163841807909604,1.0163841807909604,0.6933333333333334,0.9491525423728814,1.1073446327683616,0.7078651685393259,1.4477272727272728,0.7658730158730159,quarterly_reset_hist,20,0.9,0.65,3,2
156,0.6169491525423729,0.27564102564102566,0.3379032258064516,0.8157395508230831,0.5608039558254531,-6.685630623151244,0.8157395508230831,0.8157395508230831,0.6169491525423729,0.6169491525423729,0.7045454545454545,0.5734463276836158,0.672316384180791,0.45617977528089887,0.8272727272727273,0.5099337748344371,quarterly_reset_hist,20,0.9,0.65,4,1
248,0.9807909604519774,0.2661290322580645,0.3379032258064516,0.7875894988066826,0.5608039558254531,-6.244895486056104,0.7875894988066826,0.7875894988066826,0.9807909604519774,0.9807909604519774,0.7183600713012477,0.9096045197740114,1.0480225988700564,0.6921348314606742,1.4318181818181819,0.7325102880658436,quarterly_reset_hist,20,0.9,0.65,4,2
255,1.0084745762711864,0.2823529411764706,0.3379032258064516,0.8356029762740419,0.5608039558254531,-4.452189757073929,0.8356029762740419,0.8356029762740419,1.0084745762711864,1.0084745762711864,0.7183600713012477,1.0084745762711864,1.0084745762711864,1.0224719101123596,1.05,0.8,quarterly_reset_hist,40,0.75,0.0,3,1
388,1.5344632768361581,0.2860824742268041,0.3379032258064516,0.8466402578549812,0.5608039558254531,-0.9851566980705089,0.8466402578549812,0.8466402578549812,1.5344632768361581,1.5344632768361581,0.7226107226107225,1.463276836158192,1.6016949152542375,1.3370786516853934,1.7659090909090909,0.9321148825065274,quarterly_reset_hist,40,0.75,0.0,3,2
255,1.0084745762711864,0.3137254901960784,0.3379032258064516,0.9284477514156021,0.5608039558254531,-0.8777005118333493,0.9284477514156021,0.9284477514156021,1.0084745762711864,1.0084745762711864,0.8288770053475936,1.0084745762711864,1.0084745762711864,1.0224719101123596,1.05,0.804,quarterly_reset_hist,40,0.75,0.0,4,1
384,1.5186440677966102,0.3177083333333333,0.3379032258064516,0.9402346857597454,0.5608039558254531,2.648848288772051,0.9402346857597454,0.9402346857597454,1.5186440677966102,1.5186440677966102,0.8417945690672962,1.463276836158192,1.5621468926553672,1.2898876404494382,1.75,0.920844327176781,quarterly_reset_hist,40,0.75,0.0,4,2
228,0.9016949152542374,0.2807017543859649,0.3379032258064516,0.8307164091613282,0.5608039558254531,-6.040151620922155,0.8307164091613282,0.8307164091613282,0.9016949152542374,0.9016949152542374,0.746987951807229,0.8700564971751413,0.9293785310734464,0.7235955056179775,1.0340909090909092,0.6636771300448431,quarterly_reset_hist,40,0.75,0.3,3,1
359,1.419774011299435,0.29526462395543174,0.3379032258064516,0.8738141615864806,0.5608039558254531,-1.8345780904508053,0.8738141615864806,0.8738141615864806,1.419774011299435,1.419774011299435,0.8107098381070983,1.344632768361582,1.463276836158192,1.0224719101123596,1.75,0.8502824858757062,quarterly_reset_hist,40,0.75,0.3,3,2
227,0.8977401129943503,0.32158590308370044,0.3379032258064516,0.9517100711784929,0.5608039558254531,3.7978953187746285,0.9517100711784929,0.9517100711784929,0.8977401129943503,0.8977401129943503,0.8148959474260679,0.8700564971751413,0.9293785310734464,0.7235955056179775,1.0340909090909092,0.6666666666666666,quarterly_reset_hist,40,0.75,0.3,4,1
355,1.4039548022598871,0.323943661971831,0.3379032258064516,0.9586876869810751,0.5608039558254531,5.765274872469663,0.9586876869810751,0.9586876869810751,1.4039548022598871,1.4039548022598871,0.8732394366197181,1.344632768361582,1.4435028248587571,0.9752808988764046,1.75,0.84,quarterly_reset_hist,40,0.75,0.3,4,2
205,0.8107344632768362,0.25853658536585367,0.3379032258064516,0.765120204901333,0.5608039558254531,-11.587917177922069,0.765120204901333,0.765120204901333,0.8107344632768362,0.8107344632768362,0.687361419068736,0.7909604519774012,0.8305084745762712,0.6134831460674157,1.0340909090909092,0.62,quarterly_reset_hist,40,0.75,0.5,3,1
333,1.3169491525423729,0.2822822822822823,0.3379032258064516,0.8353938664201195,0.5608039558254531,-5.891007787339546,0.8353938664201195,0.8353938664201195,1.3169491525423729,1.3169491525423729,0.7685950413223139,1.2457627118644068,1.384180790960452,0.9123595505617977,1.7340909090909091,0.8384146341463414,quarterly_reset_hist,40,0.75,0.5,3,2
204,0.8067796610169491,0.27941176470588236,0.3379032258064516,0.8268987786045207,0.5608039558254531,-4.9827654097670875,0.8268987786045207,0.8268987786045207,0.8067796610169491,0.8067796610169491,0.7560975609756098,0.7909604519774012,0.8305084745762712,0.597752808988764,1.0340909090909092,0.6432160804020101,quarterly_reset_hist,40,0.75,0.5,4,1
328,1.2971751412429378,0.29878048780487804,0.3379032258064516,0.8842191047208802,0.5608039558254531,-0.336852334263722,0.8842191047208802,0.8842191047208802,1.2971751412429378,1.2971751412429378,0.7804195804195804,1.225988700564972,1.364406779661017,0.8494382022471911,1.7340909090909091,0.8359133126934984,quarterly_reset_hist,40,0.75,0.5,4,2
163,0.644632768361582,0.24539877300613497,0.3379032258064516,0.7262398055551489,0.5608039558254531,-10.319527576034362,0.7262398055551489,0.7262398055551489,0.644632768361582,0.644632768361582,0.5802139037433155,0.632768361581921,0.672316384180791,0.4404494382022472,0.875,0.6329113924050633,quarterly_reset_hist,40,0.75,0.65,3,1
284,1.1231638418079095,0.28169014084507044,0.3379032258064516,0.8336414669400652,0.5608039558254531,-3.874795385806429,0.8336414669400652,0.8336414669400652,1.1231638418079095,1.1231638418079095,0.6921850079744816,1.0677966101694916,1.1468926553672316,0.6764044943820224,1.5590909090909093,0.8494623655913979,quarterly_reset_hist,40,0.75,0.65,3,2
162,0.6406779661016949,0.24691358024691357,0.3379032258064516,0.7307227673178349,0.5608039558254531,-9.294272549255002,0.7307227673178349,0.7307227673178349,0.6406779661016949,0.6406779661016949,0.5802139037433155,0.612994350282486,0.672316384180791,0.42471910112359557,0.875,0.6369426751592356,quarterly_reset_hist,40,0.75,0.65,4,1
282,1.1152542372881356,0.28368794326241137,0.3379032258064516,0.8395538177694275,0.5608039558254531,-2.5150031287414607,0.8395538177694275,0.8395538177694275,1.1152542372881356,1.1152542372881356,0.6921850079744816,1.0480225988700564,1.1468926553672316,0.6449438202247191,1.5590909090909093,0.8447653429602888,quarterly_reset_hist,40,0.75,0.65,4,2
255,1.0084745762711864,0.28627450980392155,0.3379032258064516,0.8472085731667368,0.5608039558254531,-3.2433443054684488,0.8472085731667368,0.8472085731667368,1.0084745762711864,1.0084745762711864,0.7736185383244207,1.0084745762711864,1.0084745762711864,1.0224719101123596,1.05,0.776,quarterly_reset_hist,40,0.8,0.0,3,1
382,1.5107344632768362,0.2931937172774869,0.3379032258064516,0.8676854640192929,0.5608039558254531,-0.6549201097586401,0.8676854640192929,0.8676854640192929,1.5107344632768362,1.5107344632768362,0.8051948051948051,1.423728813559322,1.5819209039548023,1.3370786516853934,1.7659090909090909,0.9336870026525199,quarterly_reset_hist,40,0.8,0.0,3,2
255,1.0084745762711864,0.3254901960784314,0.3379032258064516,0.9632645420936872,0.5608039558254531,2.428717043891896,0.9632645420936872,0.9632645420936872,1.0084745762711864,1.0084745762711864,0.8788093550673283,1.0084745762711864,1.0084745762711864,1.0224719101123596,1.05,0.784,quarterly_reset_hist,40,0.8,0.0,4,1
376,1.4870056497175141,0.324468085106383,0.3379032258064516,0.9602396790737826,0.5608039558254531,4.8175483485716475,0.9602396790737826,0.9602396790737826,1.4870056497175141,1.4870056497175141,0.9193697868396664,1.4039548022598871,1.5423728813559323,1.2584269662921348,1.75,0.9191374663072777,quarterly_reset_hist,40,0.8,0.0,4,2
228,0.9016949152542374,0.2850877192982456,0.3379032258064516,0.8436963530544739,0.5608039558254531,-4.741201855471131,0.8436963530544739,0.8436963530544739,0.9016949152542374,0.9016949152542374,0.746987951807229,0.8700564971751413,0.9293785310734464,0.7235955056179775,1.0340909090909092,0.6367713004484304,quarterly_reset_hist,40,0.8,0.3,3,1
353,1.396045197740113,0.29461756373937675,0.3379032258064516,0.8718992339781079,0.5608039558254531,-1.8023869639579926,0.8718992339781079,0.8718992339781079,1.396045197740113,1.396045197740113,0.821969696969697,1.305084745762712,1.423728813559322,1.0224719101123596,1.75,0.8419540229885057,quarterly_reset_hist,40,0.8,0.3,3,2
227,0.8977401129943503,0.33480176211453744,0.3379032258064516,0.9908214439666502,0.5608039558254531,6.768537968872243,0.9908214439666502,0.9908214439666502,0.8977401129943503,0.8977401129943503,0.8148959474260679,0.8700564971751413,0.9293785310734464,0.7235955056179775,1.0340909090909092,0.6441441441441441,quarterly_reset_hist,40,0.8,0.3,4,1
347,1.372316384180791,0.3314121037463977,0.3379032258064516,0.9807899967673822,0.5608039558254531,7.70061216358335,0.9807899967673822,0.9807899967673822,1.372316384180791,1.372316384180791,0.8963855421686747,1.2853107344632768,1.4039548022598871,0.9438202247191012,1.75,0.8362573099415205,quarterly_reset_hist,40,0.8,0.3,4,2
205,0.8107344632768362,0.2682926829268293,0.3379032258064516,0.7939926654636476,0.5608039558254531,-11.305618010744261,0.7939926654636476,0.7939926654636476,0.8107344632768362,0.8107344632768362,0.7560975609756098,0.7909604519774012,0.8305084745762712,0.6134831460674157,1.0340909090909092,0.585,quarterly_reset_hist,40,0.8,0.5,3,1
325,1.2853107344632768,0.28615384615384615,0.3379032258064516,0.8468514778777309,0.5608039558254531,-5.532920276187298,0.8468514778777309,0.8468514778777309,1.2853107344632768,1.2853107344632768,0.7926136363636364,1.1864406779661016,1.364406779661017,0.9123595505617977,1.7340909090909091,0.825,quarterly_reset_hist,40,0.8,0.5,3,2
204,0.8067796610169491,0.28921568627450983,0.3379032258064516,0.8559127708362583,0.5608039558254531,-2.953839476160808,0.8559127708362583,0.8559127708362583,0.8067796610169491,0.8067796610169491,0.7825588066551923,0.7909604519774012,0.8305084745762712,0.597752808988764,1.0340909090909092,0.6180904522613065,quarterly_reset_hist,40,0.8,0.5,4,1
318,1.257627118644068,0.3050314465408805,0.3379032258064516,0.9027183620780235,0.5608039558254531,1.993528518118322,0.9027183620780235,0.9027183620780235,1.257627118644068,1.257627118644068,0.8499278499278499,1.1468926553672316,1.344632768361582,0.8179775280898877,1.7340909090909091,0.8274760383386581,quarterly_reset_hist,40,0.8,0.5,4,2
163,0.644632768361582,0.26380368098159507,0.3379032258064516,0.780707790971785,0.5608039558254531,-8.71825931268579,0.780707790971785,0.780707790971785,0.644632768361582,0.644632768361582,0.6631016042780749,0.632768361581921,0.672316384180791,0.4404494382022472,0.875,0.5822784810126582,quarterly_reset_hist,40,0.8,0.65,3,1
274,1.0836158192090395,0.2846715328467153,0.3379032258064516,0.8424646795463652,0.5608039558254531,-3.2044983111535346,0.8424646795463652,0.8424646795463652,1.0836158192090395,1.0836158192090395,0.7548701298701298,1.0084745762711864,1.1271186440677967,0.6449438202247191,1.5590909090909093,0.828996282527881,quarterly_reset_hist,40,0.8,0.65,3,2
161,0.6367231638418079,0.2608695652173913,0.3379032258064516,0.772024488948843,0.5608039558254531,-7.286396055270838,0.772024488948843,0.772024488948843,0.6367231638418079,0.6367231638418079,0.6631016042780749,0.612994350282486,0.672316384180791,0.42471910112359557,0.875,0.5833333333333334,quarterly_reset_hist,40,0.8,0.65,4,1
269,1.0638418079096046,0.2862453531598513,0.3379032258064516,0.8471222862009918,0.5608039558254531,-0.7077037139202516,0.8471222862009918,0.8471222862009918,1.0638418079096046,1.0638418079096046,0.7685950413223139,0.9689265536723164,1.1271186440677967,0.5820224719101125,1.5590909090909093,0.8143939393939394,quarterly_reset_hist,40,0.8,0.65,4,2
255,1.0084745762711864,0.2784313725490196,0.3379032258064516,0.8239973793813469,0.5608039558254531,1.42672162313724,0.8239973793813469,0.8239973793813469,1.0084745762711864,1.0084745762711864,0.7736185383244207,1.0084745762711864,1.0084745762711864,1.0224719101123596,1.05,0.772,quarterly_reset_hist,40,0.85,0.0,3,1
373,1.475141242937853,0.2868632707774799,0.3379032258064516,0.8489509684106804,0.5608039558254531,2.892483615776288,0.8489509684106804,0.8489509684106804,1.475141242937853,1.475141242937853,0.7890909090909092,1.364406779661017,1.5621468926553672,1.2741573033707865,1.7340909090909091,0.9157608695652174,quarterly_reset_hist,40,0.85,0.0,3,2
255,1.0084745762711864,0.3215686274509804,0.3379032258064516,0.9516589452009921,0.5608039558254531,7.569093612411454,0.9516589452009921,0.9516589452009921,1.0084745762711864,1.0084745762711864,0.8202220647295064,1.0084745762711864,1.0084745762711864,1.0224719101123596,1.05,0.78,quarterly_reset_hist,40,0.85,0.0,4,1
368,1.455367231638418,0.32065217391304346,0.3379032258064516,0.9489467676662862,0.5608039558254531,7.89182034511144,0.9489467676662862,0.9489467676662862,1.455367231638418,1.455367231638418,0.8649334178820546,1.364406779661017,1.5028248587570623,1.2269662921348314,1.7181818181818183,0.9173553719008265,quarterly_reset_hist,40,0.85,0.0,4,2
228,0.9016949152542374,0.27631578947368424,0.3379032258064516,0.8177364652681824,0.5608039558254531,0.9084531490827739,0.8177364652681824,0.8177364652681824,0.9016949152542374,0.9016949152542374,0.6790799561883899,0.8700564971751413,0.9293785310734464,0.7235955056179775,1.0340909090909092,0.6322869955156951,quarterly_reset_hist,40,0.85,0.3,3,1
344,1.3604519774011299,0.2877906976744186,0.3379032258064516,0.8516956208025754,0.5608039558254531,1.3311616099571635,0.8516956208025754,0.8516956208025754,1.3604519774011299,1.3604519774011299,0.7683304647160069,1.2457627118644068,1.4039548022598871,0.9595505617977528,1.7181818181818183,0.8259587020648967,quarterly_reset_hist,40,0.85,0.3,3,2
227,0.8977401129943503,0.32599118942731276,0.3379032258064516,0.964747195441212,0.5608039558254531,11.340960385184395,0.964747195441212,0.964747195441212,0.8977401129943503,0.8977401129943503,0.746987951807229,0.8700564971751413,0.9293785310734464,0.7235955056179775,1.0340909090909092,0.6396396396396397,quarterly_reset_hist,40,0.85,0.3,4,1
339,1.340677966101695,0.32448377581120946,0.3379032258064516,0.9602861145725531,0.5608039558254531,10.30102652575771,0.9602861145725531,0.9602861145725531,1.340677966101695,1.340677966101695,0.8348688873139618,1.2457627118644068,1.384180790960452,0.9123595505617977,1.7181818181818183,0.8323353293413174,quarterly_reset_hist,40,0.85,0.3,4,2
205,0.8107344632768362,0.2682926829268293,0.3379032258064516,0.7939926654636476,0.5608039558254531,-5.082689070563142,0.7939926654636476,0.7939926654636476,0.8107344632768362,0.8107344632768362,0.7560975609756098,0.7909604519774012,0.8305084745762712,0.6134831460674157,1.0340909090909092,0.575,quarterly_reset_hist,40,0.85,0.5,3,1
317,1.2536723163841808,0.2870662460567823,0.3379032258064516,0.8495516589747257,0.5608039558254531,-1.3498414090626787,0.8495516589747257,0.8495516589747257,1.2536723163841808,1.2536723163841808,0.8237762237762237,1.1271186440677967,1.344632768361582,0.8494382022471911,1.7181818181818183,0.8012820512820513,quarterly_reset_hist,40,0.85,0.5,3,2
203,0.8028248587570622,0.28078817733990147,0.3379032258064516,0.8309721716025724,0.5608039558254531,1.8543531189375855,0.8309721716025724,0.8309721716025724,0.8028248587570622,0.8028248587570622,0.7114170969592656,0.7711864406779662,0.8305084745762712,0.597752808988764,1.0340909090909092,0.6060606060606061,quarterly_reset_hist,40,0.85,0.5,4,1
310,1.225988700564972,0.3,0.3379032258064516,0.8878281622911695,0.5608039558254531,5.228097190326486,0.8878281622911695,0.8878281622911695,1.225988700564972,1.225988700564972,0.8148959474260679,1.0875706214689267,1.305084745762712,0.7865168539325843,1.7181818181818183,0.8098360655737705,quarterly_reset_hist,40,0.85,0.5,4,2
162,0.6406779661016949,0.25925925925925924,0.3379032258064516,0.7672589056837267,0.5608039558254531,-5.5409473640856906,0.7672589056837267,0.7672589056837267,0.6406779661016949,0.6406779661016949,0.6631016042780749,0.612994350282486,0.672316384180791,0.4404494382022472,0.875,0.5605095541401274,quarterly_reset_hist,40,0.85,0.65,3,1
264,1.0440677966101695,0.2803030303030303,0.3379032258064516,0.8295364142619512,0.5608039558254531,0.7981878497053414,0.8295364142619512,0.8295364142619512,1.0440677966101695,1.0440677966101695,0.7547169811320754,0.9491525423728814,1.0875706214689267,0.5820224719101125,1.5431818181818182,0.7953667953667953,quarterly_reset_hist,40,0.85,0.65,3,2
158,0.624858757062147,0.2468354430379747,0.3379032258064516,0.7304915259357724,0.5608039558254531,-5.306063595270544,0.7304915259357724,0.7304915259357724,0.624858757062147,0.624858757062147,0.5977961432506886,0.5932203389830508,0.652542372881356,0.42471910112359557,0.875,0.5620915032679739,quarterly_reset_hist,40,0.85,0.65,4,1
257,1.0163841807909604,0.27626459143968873,0.3379032258064516,0.8175849484133987,0.5608039558254531,2.678755880447896,0.8175849484133987,0.8175849484133987,1.0163841807909604,1.0163841807909604,0.7444253859348199,0.9096045197740114,1.0677966101694916,0.5348314606741573,1.5431818181818182,0.7817460317460317,quarterly_reset_hist,40,0.85,0.65,4,2
255,1.0084745762711864,0.2784313725490196,0.3379032258064516,0.8239973793813469,0.5608039558254531,7.663563450820463,0.8239973793813469,0.8239973793813469,1.0084745762711864,1.0084745762711864,0.7736185383244207,1.0084745762711864,1.0084745762711864,1.0224719101123596,1.05,0.776,quarterly_reset_hist,40,0.9,0.0,3,1
355,1.4039548022598871,0.27605633802816903,0.3379032258064516,0.816968637601264,0.5608039558254531,5.797040352502197,0.816968637601264,0.816968637601264,1.4039548022598871,1.4039548022598871,0.746987951807229,1.305084745762712,1.5028248587570623,1.2426966292134833,1.590909090909091,0.9057142857142857,quarterly_reset_hist,40,0.9,0.0,3,2
255,1.0084745762711864,0.3176470588235294,0.3379032258064516,0.940053348308297,0.5608039558254531,13.612525943938838,0.940053348308297,0.940053348308297,1.0084745762711864,1.0084745762711864,0.7616347743916844,1.0084745762711864,1.0084745762711864,1.0224719101123596,1.05,0.784,quarterly_reset_hist,40,0.9,0.0,4,1
350,1.384180790960452,0.30857142857142855,0.3379032258064516,0.9131946812137742,0.5608039558254531,10.649126553227003,0.9131946812137742,0.9131946812137742,1.384180790960452,1.384180790960452,0.746987951807229,1.305084745762712,1.423728813559322,1.21123595505618,1.5590909090909093,0.9014492753623189,quarterly_reset_hist,40,0.9,0.0,4,2
228,0.9016949152542374,0.2675438596491228,0.3379032258064516,0.7917765774818909,0.5608039558254531,4.77338216059875,0.7917765774818909,0.7917765774818909,0.9016949152542374,0.9016949152542374,0.611171960569551,0.8700564971751413,0.9293785310734464,0.7235955056179775,1.0340909090909092,0.6367713004484304,quarterly_reset_hist,40,0.9,0.3,3,1
326,1.289265536723164,0.26993865030674846,0.3379032258064516,0.7988637861106638,0.5608039558254531,2.232459137562607,0.7988637861106638,0.7988637861106638,1.289265536723164,1.289265536723164,0.6243481388239526,1.1864406779661016,1.344632768361582,0.9280898876404495,1.5750000000000002,0.8099688473520249,quarterly_reset_hist,40,0.9,0.3,3,2
227,0.8977401129943503,0.32158590308370044,0.3379032258064516,0.9517100711784929,0.5608039558254531,18.129838114433216,0.9517100711784929,0.9517100711784929,0.8977401129943503,0.8977401129943503,0.6790799561883899,0.8700564971751413,0.9293785310734464,0.7235955056179775,1.0340909090909092,0.6441441441441441,quarterly_reset_hist,40,0.9,0.3,4,1
321,1.269491525423729,0.3115264797507788,0.3379032258064516,0.9219399400739039,0.5608039558254531,13.442530837571045,0.9219399400739039,0.9219399400739039,1.269491525423729,1.269491525423729,0.7003012048192772,1.1864406779661016,1.3248587570621468,0.8966292134831462,1.5590909090909093,0.810126582278481,quarterly_reset_hist,40,0.9,0.3,4,2
205,0.8107344632768362,0.2634146341463415,0.3379032258064516,0.7795564351824903,0.5608039558254531,1.2325871164835873,0.7795564351824903,0.7795564351824903,0.8107344632768362,0.8107344632768362,0.7114170969592656,0.7909604519774012,0.8305084745762712,0.6134831460674157,1.0340909090909092,0.58,quarterly_reset_hist,40,0.9,0.5,3,1
299,1.1824858757062147,0.2709030100334448,0.3379032258064516,0.8017177385237985,0.5608039558254531,0.8541476992181016,0.8017177385237985,0.8017177385237985,1.1824858757062147,1.1824858757062147,0.6895273401297498,1.0677966101694916,1.2853107344632768,0.8179775280898877,1.5750000000000002,0.7789115646258503,quarterly_reset_hist,40,0.9,0.5,3,2
203,0.8028248587570622,0.27586206896551724,0.3379032258064516,0.81639371245165,0.5608039558254531,9.44585678661977,0.81639371245165,0.81639371245165,0.8028248587570622,0.8028248587570622,0.6402753872633391,0.7711864406779662,0.8305084745762712,0.597752808988764,1.0340909090909092,0.6111111111111112,quarterly_reset_hist,40,0.9,0.5,4,1
292,1.1548022598870056,0.2842465753424658,0.3379032258064516,0.8412070487461994,0.5608039558254531,8.368885395991963,0.8412070487461994,0.8412070487461994,1.1548022598870056,1.1548022598870056,0.674698795180723,1.0282485875706215,1.225988700564972,0.7707865168539327,1.5590909090909093,0.7839721254355401,quarterly_reset_hist,40,0.9,0.5,4,2
161,0.6367231638418079,0.2484472049689441,0.3379032258064516,0.7352614180465171,0.5608039558254531,2.0493995000173997,0.7352614180465171,0.7352614180465171,0.6367231638418079,0.6367231638418079,0.6222222222222222,0.5932203389830508,0.672316384180791,0.4404494382022472,0.8590909090909091,0.5576923076923077,quarterly_reset_hist,40,0.9,0.65,3,1
247,0.9768361581920904,0.2591093117408907,0.3379032258064516,0.7668151469181491,0.5608039558254531,4.124241675285095,0.7668151469181491,0.7668151469181491,0.9768361581920904,0.9768361581920904,0.7074829931972789,0.8898305084745763,1.0480225988700564,0.5662921348314607,1.4000000000000001,0.7644628099173554,quarterly_reset_hist,40,0.9,0.65,3,2
155,0.612994350282486,0.23870967741935484,0.3379032258064516,0.7064439140811456,0.5608039558254531,3.4951056290608733,0.7064439140811456,0.7064439140811456,0.612994350282486,0.612994350282486,0.5977961432506886,0.5734463276836158,0.652542372881356,0.42471910112359557,0.8272727272727273,0.5333333333333333,quarterly_reset_hist,40,0.9,0.65,4,1
238,0.9412429378531074,0.25630252100840334,0.3379032258064516,0.7585086540582819,0.5608039558254531,6.479789422333074,0.7585086540582819,0.7585086540582819,0.9412429378531074,0.9412429378531074,0.6901669758812615,0.8305084745762712,0.9887005649717514,0.5348314606741573,1.3522727272727273,0.7381974248927039,quarterly_reset_hist,40,0.9,0.65,4,2
255,1.0084745762711864,0.2823529411764706,0.3379032258064516,0.8356029762740419,0.5608039558254531,0.4950445444003045,0.8356029762740419,0.8356029762740419,1.0084745762711864,1.0084745762711864,0.7183600713012477,1.0084745762711864,1.0084745762711864,1.0224719101123596,1.05,0.78,quarterly_reset_hist,60,0.75,0.0,3,1
385,1.5225988700564972,0.2857142857142857,0.3379032258064516,0.8455506307534947,0.5608039558254531,5.055649871334209,0.8455506307534947,0.8455506307534947,1.5225988700564972,1.5225988700564972,0.7587412587412586,1.4435028248587571,1.5819209039548023,1.2426966292134833,1.7659090909090909,0.9184210526315789,quarterly_reset_hist,60,0.75,0.0,3,2
255,1.0084745762711864,0.3333333333333333,0.3379032258064516,0.9864757358790771,0.5608039558254531,6.772021559603058,0.9864757358790771,0.9864757358790771,1.0084745762711864,1.0084745762711864,0.8841354723707664,1.0084745762711864,1.0084745762711864,1.0224719101123596,1.05,0.792,quarterly_reset_hist,60,0.75,0.0,4,1
380,1.5028248587570623,0.32894736842105265,0.3379032258064516,0.9734957919859315,0.5608039558254531,9.649224272860334,0.9734957919859315,0.9734957919859315,1.5028248587570623,1.5028248587570623,0.8810627123880137,1.423728813559322,1.5423728813559323,1.195505617977528,1.75,0.912,quarterly_reset_hist,60,0.75,0.0,4,2
228,0.9016949152542374,0.29385964912280704,0.3379032258064516,0.8696562408407655,0.5608039558254531,-0.5872082495294149,0.8696562408407655,0.8696562408407655,0.9016949152542374,0.9016949152542374,0.7964426877470355,0.8700564971751413,0.9293785310734464,0.7235955056179775,1.0340909090909092,0.6367713004484304,quarterly_reset_hist,60,0.75,0.3,3,1
355,1.4039548022598871,0.30140845070422534,0.3379032258064516,0.8919963696258698,0.5608039558254531,3.317853913186976,0.8919963696258698,0.8919963696258698,1.4039548022598871,1.4039548022598871,0.7995927371457662,1.305084745762712,1.4435028248587571,0.9280898876404495,1.75,0.8342857142857143,quarterly_reset_hist,60,0.75,0.3,3,2
227,0.8977401129943503,0.3436123348017621,0.3379032258064516,1.0168956924920884,0.5608039558254531,10.530253137648677,1.0168956924920884,1.0168956924920884,0.8977401129943503,0.8977401129943503,0.882803943044907,0.8700564971751413,0.9293785310734464,0.7235955056179775,1.0340909090909092,0.6531531531531531,quarterly_reset_hist,60,0.75,0.3,4,1
351,1.3881355932203392,0.33618233618233617,0.3379032258064516,0.9949071524250522,0.5608039558254531,12.176028937872688,0.9949071524250522,0.9949071524250522,1.3881355932203392,1.3881355932203392,0.8537005163511188,1.305084745762712,1.423728813559322,0.8808988764044944,1.75,0.8294797687861272,quarterly_reset_hist,60,0.75,0.3,4,2
209,0.8265536723163841,0.28708133971291866,0.3379032258064516,0.8495963275513584,0.5608039558254531,-6.502317609278509,0.8495963275513584,0.8495963275513584,0.8265536723163841,0.8265536723163841,0.8051948051948051,0.7909604519774012,0.8502824858757062,0.6134831460674157,1.0340909090909092,0.5784313725490197,quarterly_reset_hist,60,0.75,0.5,3,1
328,1.2971751412429378,0.2926829268292683,0.3379032258064516,0.8661738168694336,0.5608039558254531,-0.5846749136952722,0.8661738168694336,0.8661738168694336,1.2971751412429378,1.2971751412429378,0.8237762237762237,1.225988700564972,1.344632768361582,0.7393258426966293,1.7340909090909091,0.8018575851393189,quarterly_reset_hist,60,0.75,0.5,3,2
208,0.8225988700564972,0.3125,0.3379032258064516,0.9248210023866349,0.5608039558254531,2.322083564755572,0.9248210023866349,0.9248210023866349,0.8225988700564972,0.8225988700564972,0.8454545454545453,0.7909604519774012,0.8502824858757062,0.597752808988764,1.0340909090909092,0.6059113300492611,quarterly_reset_hist,60,0.75,0.5,4,1
324,1.2813559322033898,0.3117283950617284,0.3379032258064516,0.9225374937387666,0.5608039558254531,5.9779450745559854,0.9225374937387666,0.9225374937387666,1.2813559322033898,1.2813559322033898,0.8237762237762237,1.2062146892655368,1.344632768361582,0.6921348314606742,1.7340909090909091,0.8056426332288401,quarterly_reset_hist,60,0.75,0.5,4,2
162,0.6406779661016949,0.2716049382716049,0.3379032258064516,0.8037950440496184,0.5608039558254531,-2.761153278275095,0.8037950440496184,0.8037950440496184,0.6406779661016949,0.6406779661016949,0.6631016042780749,0.612994350282486,0.672316384180791,0.42471910112359557,0.875,0.5987261146496815,quarterly_reset_hist,60,0.75,0.65,3,1
277,1.0954802259887007,0.2851985559566787,0.3379032258064516,0.8440243660770443,0.5608039558254531,2.133101784826459,0.8440243660770443,0.8440243660770443,1.0954802259887007,1.0954802259887007,0.7416267942583731,1.0084745762711864,1.1271186440677967,0.5348314606741573,1.5590909090909093,0.8235294117647058,quarterly_reset_hist,60,0.75,0.65,3,2
161,0.6367231638418079,0.2732919254658385,0.3379032258064516,0.8087875598511689,0.5608039558254531,-1.6391413686155698,0.8087875598511689,0.8087875598511689,0.6367231638418079,0.6367231638418079,0.6631016042780749,0.5932203389830508,0.672316384180791,0.40898876404494383,0.875,0.5961538461538461,quarterly_reset_hist,60,0.75,0.65,4,1
275,1.0875706214689267,0.2872727272727273,0.3379032258064516,0.8501627251030593,0.5608039558254531,3.5683866324858786,0.8501627251030593,0.8501627251030593,1.0875706214689267,1.0875706214689267,0.7416267942583731,0.9887005649717514,1.1271186440677967,0.503370786516854,1.5590909090909093,0.8185185185185185,quarterly_reset_hist,60,0.75,0.65,4,2
255,1.0084745762711864,0.28627450980392155,0.3379032258064516,0.8472085731667368,0.5608039558254531,0.20005910644958785,0.8472085731667368,0.8472085731667368,1.0084745762711864,1.0084745762711864,0.7736185383244207,1.0084745762711864,1.0084745762711864,1.0224719101123596,1.05,0.772,quarterly_reset_hist,60,0.8,0.0,3,1
374,1.4790960451977402,0.2994652406417112,0.3379032258064516,0.886245580896711,0.5608039558254531,5.606089750683917,0.886245580896711,0.886245580896711,1.4790960451977402,1.4790960451977402,0.7890909090909092,1.384180790960452,1.5621468926553672,1.195505617977528,1.7659090909090909,0.926829268292683,quarterly_reset_hist,60,0.8,0.0,3,2
255,1.0084745762711864,0.33725490196078434,0.3379032258064516,0.9980813327717722,0.5608039558254531,5.930622275705634,0.9980813327717722,0.9980813327717722,1.0084745762711864,1.0084745762711864,0.9373966454051501,1.0084745762711864,1.0084745762711864,1.0224719101123596,1.05,0.78,quarterly_reset_hist,60,0.8,0.0,4,1
372,1.4711864406779662,0.33602150537634407,0.3379032258064516,0.994431185361973,0.5608039558254531,9.654307470283022,0.994431185361973,0.994431185361973,1.4711864406779662,1.4711864406779662,0.8925050852761697,1.384180790960452,1.5225988700564972,1.1797752808988764,1.75,0.9073569482288828,quarterly_reset_hist,60,0.8,0.0,4,2
228,0.9016949152542374,0.2982456140350877,0.3379032258064516,0.8826361847339111,0.5608039558254531,-0.9171261735532434,0.8826361847339111,0.8826361847339111,0.9016949152542374,0.9016949152542374,0.7964426877470355,0.8700564971751413,0.9293785310734464,0.7235955056179775,1.0340909090909092,0.6278026905829597,quarterly_reset_hist,60,0.8,0.3,3,1
345,1.364406779661017,0.3101449275362319,0.3379032258064516,0.9178513368614023,0.5608039558254531,4.940393727085777,0.9178513368614023,0.9178513368614023,1.364406779661017,1.364406779661017,0.8110154905335628,1.265536723163842,1.4039548022598871,0.8808988764044944,1.75,0.8294117647058824,quarterly_reset_hist,60,0.8,0.3,3,2
227,0.8977401129943503,0.34801762114537443,0.3379032258064516,1.0299328167548074,0.5608039558254531,9.585068920054653,1.0299328167548074,1.0299328167548074,0.8977401129943503,0.8977401129943503,0.882803943044907,0.8700564971751413,0.9293785310734464,0.7235955056179775,1.0340909090909092,0.6396396396396397,quarterly_reset_hist,60,0.8,0.3,4,1
343,1.356497175141243,0.34402332361516036,0.3379032258064516,1.0181119839684938,0.5608039558254531,12.240476129596711,1.0181119839684938,1.0181119839684938,1.356497175141243,1.356497175141243,0.8660729876025843,1.265536723163842,1.4039548022598871,0.8651685393258427,1.75,0.8224852071005917,quarterly_reset_hist,60,0.8,0.3,4,2
209,0.8265536723163841,0.28708133971291866,0.3379032258064516,0.8495963275513584,0.5608039558254531,-7.368463098857629,0.8495963275513584,0.8495963275513584,0.8265536723163841,0.8265536723163841,0.8051948051948051,0.7909604519774012,0.8502824858757062,0.6134831460674157,1.0340909090909092,0.5637254901960784,quarterly_reset_hist,60,0.8,0.5,3,1
317,1.2536723163841808,0.2996845425867508,0.3379032258064516,0.886894589039549,0.5608039558254531,0.6108374596649638,0.886894589039549,0.886894589039549,1.2536723163841808,1.2536723163841808,0.7853949329359164,1.1864406779661016,1.3248587570621468,0.6921348314606742,1.7340909090909091,0.7916666666666666,quarterly_reset_hist,60,0.8,0.5,3,2
208,0.8225988700564972,0.3125,0.3379032258064516,0.9248210023866349,0.5608039558254531,0.8720280919448129,0.9248210023866349,0.9248210023866349,0.8225988700564972,0.8225988700564972,0.8454545454545453,0.7909604519774012,0.8502824858757062,0.597752808988764,1.0340909090909092,0.5911330049261084,quarterly_reset_hist,60,0.8,0.5,4,1
315,1.2457627118644068,0.31746031746031744,0.3379032258064516,0.9395007008372164,0.5608039558254531,5.520987012225183,0.9395007008372164,0.9395007008372164,1.2457627118644068,1.2457627118644068,0.7853949329359164,1.1666666666666667,1.3248587570621468,0.6764044943820224,1.7340909090909091,0.7935483870967742,quarterly_reset_hist,60,0.8,0.5,4,2
162,0.6406779661016949,0.2716049382716049,0.3379032258064516,0.8037950440496184,0.5608039558254531,-3.8785878913740817,0.8037950440496184,0.8037950440496184,0.6406779661016949,0.6406779661016949,0.6631016042780749,0.612994350282486,0.672316384180791,0.42471910112359557,0.875,0.5796178343949044,quarterly_reset_hist,60,0.8,0.65,3,1
267,1.0559322033898306,0.29213483146067415,0.3379032258064516,0.8645517685232362,0.5608039558254531,2.851977061622201,0.8645517685232362,0.8645517685232362,1.0559322033898306,1.0559322033898306,0.6912521440823327,0.9689265536723164,1.1073446327683616,0.503370786516854,1.5590909090909093,0.816793893129771,quarterly_reset_hist,60,0.8,0.65,3,2
160,0.632768361581921,0.275,0.3379032258064516,0.8138424821002388,0.5608039558254531,-2.8530258248521507,0.8138424821002388,0.8138424821002388,0.632768361581921,0.632768361581921,0.6631016042780749,0.5932203389830508,0.672316384180791,0.40898876404494383,0.875,0.5741935483870968,quarterly_reset_hist,60,0.8,0.65,4,1
265,1.0480225988700564,0.2943396226415094,0.3379032258064516,0.8710766875309587,0.5608039558254531,3.3682724352596582,0.8710766875309587,0.8710766875309587,1.0480225988700564,1.0480225988700564,0.6912521440823327,0.9491525423728814,1.1073446327683616,0.4876404494382023,1.5590909090909093,0.8038461538461539,quarterly_reset_hist,60,0.8,0.65,4,2
255,1.0084745762711864,0.2823529411764706,0.3379032258064516,0.8356029762740419,0.5608039558254531,1.5727941533128131,0.8356029762740419,0.8356029762740419,1.0084745762711864,1.0084745762711864,0.7736185383244207,1.0084745762711864,1.0084745762711864,1.0224719101123596,1.05,0.768,quarterly_reset_hist,60,0.85,0.0,3,1
365,1.4435028248587571,0.29041095890410956,0.3379032258064516,0.8594500931768397,0.5608039558254531,4.931744990136305,0.8594500931768397,0.8594500931768397,1.4435028248587571,1.4435028248587571,0.7721046077210459,1.384180790960452,1.5423728813559323,1.1325842696629214,1.75,0.9222222222222223,quarterly_reset_hist,60,0.85,0.0,3,2
255,1.0084745762711864,0.3254901960784314,0.3379032258064516,0.9632645420936872,0.5608039558254531,6.581528146416581,0.9632645420936872,0.9632645420936872,1.0084745762711864,1.0084745762711864,0.8202220647295064,1.0084745762711864,1.0084745762711864,1.0224719101123596,1.05,0.776,quarterly_reset_hist,60,0.85,0.0,4,1
363,1.435593220338983,0.32231404958677684,0.3379032258064516,0.9538649677508432,0.5608039558254531,7.214966036146123,0.9538649677508432,0.9538649677508432,1.435593220338983,1.435593220338983,0.8649334178820546,1.384180790960452,1.5028248587570623,1.1325842696629214,1.7340909090909091,0.9134078212290503,quarterly_reset_hist,60,0.85,0.0,4,2
228,0.9016949152542374,0.2894736842105263,0.3379032258064516,0.8566762969476197,0.5608039558254531,-1.542910725223748,0.8566762969476197,0.8566762969476197,0.9016949152542374,0.9016949152542374,0.746987951807229,0.8700564971751413,0.9293785310734464,0.7235955056179775,1.0340909090909092,0.6233183856502242,quarterly_reset_hist,60,0.85,0.3,3,1
335,1.3248587570621468,0.29850746268656714,0.3379032258064516,0.8834111067573824,0.5608039558254531,2.9783915883477206,0.8834111067573824,0.8834111067573824,1.3248587570621468,1.3248587570621468,0.8227693382224551,1.2457627118644068,1.364406779661017,0.8179775280898877,1.7340909090909091,0.8272727272727273,quarterly_reset_hist,60,0.85,0.3,3,2
227,0.8977401129943503,0.33480176211453744,0.3379032258064516,0.9908214439666502,0.5608039558254531,9.49919087260551,0.9908214439666502,0.9908214439666502,0.8977401129943503,0.8977401129943503,0.746987951807229,0.8700564971751413,0.9293785310734464,0.7235955056179775,1.0340909090909092,0.6351351351351351,quarterly_reset_hist,60,0.85,0.3,4,1
333,1.3169491525423729,0.3303303303303303,0.3379032258064516,0.9775885670873737,0.5608039558254531,10.376723137891487,0.9775885670873737,0.9775885670873737,1.3169491525423729,1.3169491525423729,0.8348688873139618,1.2457627118644068,1.344632768361582,0.8179775280898877,1.7340909090909091,0.8262195121951219,quarterly_reset_hist,60,0.85,0.3,4,2
209,0.8265536723163841,0.27751196172248804,0.3379032258064516,0.8212764499663131,0.5608039558254531,-8.695131801476412,0.8212764499663131,0.8212764499663131,0.8265536723163841,0.8265536723163841,0.7619047619047619,0.7909604519774012,0.8502824858757062,0.6134831460674157,1.0340909090909092,0.553921568627451,quarterly_reset_hist,60,0.85,0.5,3,1
311,1.2299435028248589,0.2958199356913183,0.3379032258064516,0.8754575662463836,0.5608039558254531,-0.4439325136225989,0.8754575662463836,0.8754575662463836,1.2299435028248589,1.2299435028248589,0.8315946348733233,1.1666666666666667,1.305084745762712,0.6921348314606742,1.7340909090909091,0.7745098039215687,quarterly_reset_hist,60,0.85,0.5,3,2
207,0.8186440677966101,0.2995169082125604,0.3379032258064516,0.8863984873116346,0.5608039558254531,-0.15280341514303644,0.8863984873116346,0.8863984873116346,0.8186440677966101,0.8186440677966101,0.7643597646399553,0.7909604519774012,0.8502824858757062,0.597752808988764,1.0340909090909092,0.5792079207920792,quarterly_reset_hist,60,0.85,0.5,4,1
307,1.2141242937853107,0.3127035830618892,0.3379032258064516,0.925423491639004,0.5608039558254531,5.083205476644756,0.925423491639004,0.925423491639004,1.2141242937853107,1.2141242937853107,0.8734012974976831,1.1271186440677967,1.2853107344632768,0.6764044943820224,1.7340909090909091,0.7847682119205298,quarterly_reset_hist,60,0.85,0.5,4,2
162,0.6406779661016949,0.25925925925925924,0.3379032258064516,0.7672589056837267,0.5608039558254531,-6.291827909264353,0.7672589056837267,0.7672589056837267,0.6406779661016949,0.6406779661016949,0.6631016042780749,0.612994350282486,0.672316384180791,0.42471910112359557,0.875,0.5605095541401274,quarterly_reset_hist,60,0.85,0.65,3,1
261,1.0322033898305085,0.28735632183908044,0.3379032258064516,0.8504101171371354,0.5608039558254531,2.4593340876960896,0.8504101171371354,0.8504101171371354,1.0322033898305085,1.0322033898305085,0.7587412587412586,0.9491525423728814,1.0875706214689267,0.503370786516854,1.5590909090909093,0.79296875,quarterly_reset_hist,60,0.85,0.65,3,2
158,0.624858757062147,0.25949367088607594,0.3379032258064516,0.7679526298299145,0.5608039558254531,-4.273259416268487,0.7679526298299145,0.7679526298299145,0.624858757062147,0.624858757062147,0.6831955922865014,0.5734463276836158,0.652542372881356,0.40898876404494383,0.875,0.5555555555555556,quarterly_reset_hist,60,0.85,0.65,4,1
256,1.0124293785310736,0.2890625,0.3379032258064516,0.8554594272076372,0.5608039558254531,3.8999125707103874,0.8554594272076372,0.8554594272076372,1.0124293785310736,1.0124293785310736,0.797598627787307,0.9096045197740114,1.0677966101694916,0.4876404494382023,1.5590909090909093,0.7808764940239044,quarterly_reset_hist,60,0.85,0.65,4,2
255,1.0084745762711864,0.2784313725490196,0.3379032258064516,0.8239973793813469,0.5608039558254531,0.021341527474911505,0.8239973793813469,0.8239973793813469,1.0084745762711864,1.0084745762711864,0.7736185383244207,1.0084745762711864,1.0084745762711864,1.0224719101123596,1.05,0.772,quarterly_reset_hist,60,0.9,0.0,3,1
347,1.372316384180791,0.276657060518732,0.3379032258064516,0.8187464320840757,0.5608039558254531,3.0884168490432438,0.8187464320840757,0.8187464320840757,1.372316384180791,1.372316384180791,0.7760210803689064,1.305084745762712,1.463276836158192,1.0853932584269663,1.6227272727272726,0.9122807017543859,quarterly_reset_hist,60,0.9,0.0,3,2
255,1.0084745762711864,0.3254901960784314,0.3379032258064516,0.9632645420936872,0.5608039558254531,7.980517544478793,0.9632645420936872,0.9632645420936872,1.0084745762711864,1.0084745762711864,0.7616347743916844,1.0084745762711864,1.0084745762711864,1.0224719101123596,1.05,0.776,quarterly_reset_hist,60,0.9,0.0,4,1
344,1.3604519774011299,0.313953488372093,0.3379032258064516,0.9291224954209913,0.5608039558254531,8.111382073876419,0.9291224954209913,0.9291224954209913,1.3604519774011299,1.3604519774011299,0.7995927371457662,1.305084745762712,1.4039548022598871,1.0853932584269663,1.590909090909091,0.8938053097345132,quarterly_reset_hist,60,0.9,0.0,4,2
228,0.9016949152542374,0.2894736842105263,0.3379032258064516,0.8566762969476197,0.5608039558254531,-1.5039409419609167,0.8566762969476197,0.8566762969476197,0.9016949152542374,0.9016949152542374,0.6790799561883899,0.8700564971751413,0.9293785310734464,0.7235955056179775,1.0340909090909092,0.6278026905829597,quarterly_reset_hist,60,0.9,0.3,3,1
317,1.2536723163841808,0.2870662460567823,0.3379032258064516,0.8495516589747257,0.5608039558254531,2.125742705007352,0.8495516589747257,0.8495516589747257,1.2536723163841808,1.2536723163841808,0.7354958294717332,1.1666666666666667,1.305084745762712,0.7707865168539327,1.6068181818181817,0.8044871794871795,quarterly_reset_hist,60,0.9,0.3,3,2
227,0.8977401129943503,0.33480176211453744,0.3379032258064516,0.9908214439666502,0.5608039558254531,11.070742839591695,0.9908214439666502,0.9908214439666502,0.8977401129943503,0.8977401129943503,0.6790799561883899,0.8700564971751413,0.9293785310734464,0.7235955056179775,1.0340909090909092,0.6351351351351351,quarterly_reset_hist,60,0.9,0.3,4,1
314,1.2418079096045198,0.321656050955414,0.3379032258064516,0.9519176686986,0.5608039558254531,11.550100532516913,0.9519176686986,0.9519176686986,1.2418079096045198,1.2418079096045198,0.7588449034232166,1.1666666666666667,1.305084745762712,0.7707865168539327,1.590909090909091,0.7993527508090615,quarterly_reset_hist,60,0.9,0.3,4,2
209,0.8265536723163841,0.27751196172248804,0.3379032258064516,0.8212764499663131,0.5608039558254531,-8.652619310644234,0.8212764499663131,0.8212764499663131,0.8265536723163841,0.8265536723163841,0.6948725133090502,0.7909604519774012,0.8502824858757062,0.6134831460674157,1.0340909090909092,0.553921568627451,quarterly_reset_hist,60,0.9,0.5,3,1
294,1.1627118644067798,0.282312925170068,0.3379032258064516,0.835484551815953,0.5608039558254531,-1.7892910791914611,0.835484551815953,0.835484551815953,1.1627118644067798,1.1627118644067798,0.7588449034232166,1.0875706214689267,1.2457627118644068,0.6606741573033709,1.6068181818181817,0.7508650519031141,quarterly_reset_hist,60,0.9,0.5,3,2
207,0.8186440677966101,0.2995169082125604,0.3379032258064516,0.8863984873116346,0.5608039558254531,1.5705893216002667,0.8863984873116346,0.8863984873116346,0.8186440677966101,0.8186440677966101,0.6948725133090502,0.7909604519774012,0.8502824858757062,0.597752808988764,1.0340909090909092,0.5792079207920792,quarterly_reset_hist,60,0.9,0.5,4,1
289,1.1429378531073446,0.30103806228373703,0.3379032258064516,0.8909002320568828,0.5608039558254531,5.7707232618888575,0.8909002320568828,0.8909002320568828,1.1429378531073446,1.1429378531073446,0.783725064191191,1.0480225988700564,1.2062146892655368,0.6449438202247191,1.590909090909091,0.7535211267605634,quarterly_reset_hist,60,0.9,0.5,4,2
162,0.6406779661016949,0.25925925925925924,0.3379032258064516,0.7672589056837267,0.5608039558254531,-4.323327218587478,0.7672589056837267,0.7672589056837267,0.6406779661016949,0.6406779661016949,0.7045454545454545,0.612994350282486,0.672316384180791,0.42471910112359557,0.875,0.5477707006369427,quarterly_reset_hist,60,0.9,0.65,3,1
245,0.9689265536723164,0.27346938775510204,0.3379032258064516,0.809312746578345,0.5608039558254531,3.4834404886800594,0.809312746578345,0.809312746578345,0.9689265536723164,0.9689265536723164,0.7632575757575757,0.8700564971751413,1.0480225988700564,0.4719101123595506,1.4477272727272728,0.7583333333333333,quarterly_reset_hist,60,0.9,0.65,3,2
158,0.624858757062147,0.25316455696202533,0.3379032258064516,0.7492220778828435,0.5608039558254531,-2.5043714651318187,0.7492220778828435,0.7492220778828435,0.624858757062147,0.624858757062147,0.633807959109164,0.5734463276836158,0.652542372881356,0.40898876404494383,0.875,0.5359477124183006,quarterly_reset_hist,60,0.9,0.65,4,1
239,0.9451977401129943,0.2719665271966527,0.3379032258064516,0.8048651401523851,0.5608039558254531,5.25123517998132,0.8048651401523851,0.8048651401523851,0.9451977401129943,0.9451977401129943,0.7476808905380334,0.8305084745762712,1.0084745762711864,0.45617977528089887,1.4318181818181819,0.7435897435897436,quarterly_reset_hist,60,0.9,0.65,4,2
255,1.0084745762711864,0.29411764705882354,0.3379032258064516,0.870419766952127,0.5386788915084055,17.09232402940729,0.870419766952127,0.870419766952127,1.0084745762711864,1.0084745762711864,0.7736185383244207,1.0084745762711864,1.0084745762711864,1.0224719101123596,1.05,0.692,anchor_multiscale_locked,10,0.75,0.0,3,1
383,1.514689265536723,0.3185378590078329,0.3379032258064516,0.942689606610293,0.5386788915084055,21.965389714604445,0.942689606610293,0.942689606610293,1.514689265536723,1.514689265536723,0.7896517412935324,1.4830508474576272,1.5423728813559323,1.415909090909091,1.715,0.8783068783068783,anchor_multiscale_locked,10,0.75,0.0,3,2
251,0.9926553672316385,0.2868525896414343,0.3379032258064516,0.8489193583660586,0.5386788915084055,14.305964173712232,0.8489193583660586,0.8489193583660586,0.9926553672316385,0.9926553672316385,0.7890909090909092,0.9887005649717514,1.0084745762711864,0.9704545454545455,1.05,0.6910569105691057,anchor_multiscale_locked,10,0.75,0.0,4,1
377,1.4909604519774013,0.3050397877984085,0.3379032258064516,0.9027430474224978,0.5386788915084055,15.54706931716999,0.9027430474224978,0.9027430474224978,1.4909604519774013,1.4909604519774013,0.800322710770472,1.463276836158192,1.5225988700564972,1.3522727272727273,1.715,0.8521505376344086,anchor_multiscale_locked,10,0.75,0.0,4,2
226,0.8937853107344633,0.29646017699115046,0.3379032258064516,0.8773523137685598,0.5386788915084055,18.969007330113246,0.8773523137685598,0.8773523137685598,0.8937853107344633,0.8937853107344633,0.7242050616482805,0.8502824858757062,0.9293785310734464,0.8431818181818181,1.015,0.6063348416289592,anchor_multiscale_locked,10,0.75,0.3,3,1
353,1.396045197740113,0.32294617563739375,0.3379032258064516,0.9557356987836951,0.5386788915084055,21.31141118057416,0.9557356987836951,0.9557356987836951,1.396045197740113,1.396045197740113,0.6973826519576033,1.364406779661017,1.4435028248587571,1.225,1.68,0.8275862068965517,anchor_multiscale_locked,10,0.75,0.3,3,2
222,0.8779661016949153,0.2972972972972973,0.3379032258064516,0.8798297103786364,0.5386788915084055,16.35116897085489,0.8798297103786364,0.8798297103786364,0.8779661016949153,0.8779661016949153,0.7242050616482805,0.8305084745762712,0.9096045197740114,0.7954545454545455,1.015,0.5944700460829493,anchor_multiscale_locked,10,0.75,0.3,4,1
348,1.3762711864406778,0.3132183908045977,0.3379032258064516,0.9269470276794777,0.5386788915084055,16.955194357761787,0.9269470276794777,0.9269470276794777,1.3762711864406778,1.3762711864406778,0.6973826519576033,1.344632768361582,1.4039548022598871,1.1772727272727272,1.68,0.8046647230320699,anchor_multiscale_locked,10,0.75,0.3,4,2
198,0.7830508474576272,0.29797979797979796,0.3379032258064516,0.8818495214676598,0.5386788915084055,13.440803891468946,0.8818495214676598,0.8818495214676598,0.7830508474576272,0.7830508474576272,0.7402985074626867,0.7514124293785311,0.7909604519774012,0.6363636363636364,0.9799999999999999,0.5751295336787565,anchor_multiscale_locked,10,0.75,0.5,3,1
322,1.2734463276836159,0.32608695652173914,0.3379032258064516,0.9650306111860538,0.5386788915084055,17.797954842821348,0.9650306111860538,0.9650306111860538,1.2734463276836159,1.2734463276836159,0.7050461975835111,1.2457627118644068,1.305084745762712,1.0022727272727272,1.645,0.8170347003154574,anchor_multiscale_locked,10,0.75,0.5,3,2
192,0.7593220338983051,0.3020833333333333,0.3379032258064516,0.8939936356404137,0.5386788915084055,16.31237300121658,0.8939936356404137,0.8939936356404137,0.7593220338983051,0.7593220338983051,0.7592805204745503,0.731638418079096,0.7711864406779662,0.5886363636363636,0.9625,0.5775401069518716,anchor_multiscale_locked,10,0.75,0.5,4,1
316,1.249717514124294,0.31645569620253167,0.3379032258064516,0.9365275973535544,0.5386788915084055,16.870038317587788,0.9365275973535544,0.9365275973535544,1.249717514124294,1.249717514124294,0.7164179104477613,1.225988700564972,1.2853107344632768,0.9545454545454546,1.6275000000000002,0.8135048231511254,anchor_multiscale_locked,10,0.75,0.5,4,2
163,0.644632768361582,0.3067484662576687,0.3379032258064516,0.9077997569439361,0.5386788915084055,22.48316363959481,0.9077997569439361,0.9077997569439361,0.644632768361582,0.644632768361582,0.762071992976295,0.5932203389830508,0.672316384180791,0.525,0.8575,0.5063291139240507,anchor_multiscale_locked,10,0.75,0.65,3,1
287,1.1350282485875707,0.3240418118466899,0.3379032258064516,0.9589781543911586,0.5386788915084055,21.06339650379701,0.9589781543911586,0.9589781543911586,1.1350282485875707,1.1350282485875707,0.7143231212359257,1.0875706214689267,1.1666666666666667,0.8909090909090909,1.5224999999999997,0.8049645390070922,anchor_multiscale_locked,10,0.75,0.65,3,2
160,0.632768361581921,0.3125,0.3379032258064516,0.9248210023866349,0.5386788915084055,24.397149947635718,0.9248210023866349,0.9248210023866349,0.632768361581921,0.632768361581921,0.7851650836725464,0.5932203389830508,0.652542372881356,0.4931818181818182,0.8575,0.5290322580645161,anchor_multiscale_locked,10,0.75,0.65,4,1
284,1.1231638418079095,0.323943661971831,0.3379032258064516,0.9586876869810751,0.5386788915084055,21.487677759668564,0.9586876869810751,0.9586876869810751,1.1231638418079095,1.1231638418079095,0.7270788912579957,1.0875706214689267,1.1468926553672316,0.8590909090909091,1.5224999999999997,0.8136200716845878,anchor_multiscale_locked,10,0.75,0.65,4,2
255,1.0084745762711864,0.29411764705882354,0.3379032258064516,0.870419766952127,0.5386788915084055,17.09232402940729,0.870419766952127,0.870419766952127,1.0084745762711864,1.0084745762711864,0.7736185383244207,1.0084745762711864,1.0084745762711864,1.0224719101123596,1.05,0.692,anchor_multiscale_locked,10,0.8,0.0,3,1
382,1.5107344632768362,0.3193717277486911,0.3379032258064516,0.9451573804495871,0.5386788915084055,22.02405852727717,0.9451573804495871,0.9451573804495871,1.5107344632768362,1.5107344632768362,0.7896517412935324,1.4830508474576272,1.5423728813559323,1.415909090909091,1.715,0.8779840848806366,anchor_multiscale_locked,10,0.8,0.0,3,2
251,0.9926553672316385,0.2868525896414343,0.3379032258064516,0.8489193583660586,0.5386788915084055,14.305964173712232,0.8489193583660586,0.8489193583660586,0.9926553672316385,0.9926553672316385,0.7890909090909092,0.9887005649717514,1.0084745762711864,0.9704545454545455,1.05,0.6910569105691057,anchor_multiscale_locked,10,0.8,0.0,4,1
374,1.4790960451977402,0.3074866310160428,0.3379032258064516,0.9099843018135872,0.5386788915084055,15.686082617072762,0.9099843018135872,0.9099843018135872,1.4790960451977402,1.4790960451977402,0.800322710770472,1.4435028248587571,1.5225988700564972,1.3522727272727273,1.68,0.8509485094850948,anchor_multiscale_locked,10,0.8,0.0,4,2
226,0.8937853107344633,0.29646017699115046,0.3379032258064516,0.8773523137685598,0.5386788915084055,18.969007330113246,0.8773523137685598,0.8773523137685598,0.8937853107344633,0.8937853107344633,0.7242050616482805,0.8502824858757062,0.9293785310734464,0.8431818181818181,1.015,0.6063348416289592,anchor_multiscale_locked,10,0.8,0.3,3,1
352,1.3920903954802262,0.32386363636363635,0.3379032258064516,0.9584508570188761,0.5386788915084055,21.37322228258255,0.9584508570188761,0.9584508570188761,1.3920903954802262,1.3920903954802262,0.6973826519576033,1.364406779661017,1.4435028248587571,1.225,1.68,0.8270893371757925,anchor_multiscale_locked,10,0.8,0.3,3,2
222,0.8779661016949153,0.2972972972972973,0.3379032258064516,0.8798297103786364,0.5386788915084055,16.35116897085489,0.8798297103786364,0.8798297103786364,0.8779661016949153,0.8779661016949153,0.7242050616482805,0.8305084745762712,0.9096045197740114,0.7954545454545455,1.015,0.5944700460829493,anchor_multiscale_locked,10,0.8,0.3,4,1
345,1.364406779661017,0.3159420289855073,0.3379032258064516,0.9350074366158211,0.5386788915084055,17.118137399168766,0.9350074366158211,0.9350074366158211,1.364406779661017,1.364406779661017,0.6973826519576033,1.3248587570621468,1.4039548022598871,1.1772727272727272,1.645,0.8029411764705883,anchor_multiscale_locked,10,0.8,0.3,4,2
198,0.7830508474576272,0.29797979797979796,0.3379032258064516,0.8818495214676598,0.5386788915084055,13.440803891468946,0.8818495214676598,0.8818495214676598,0.7830508474576272,0.7830508474576272,0.7402985074626867,0.7514124293785311,0.7909604519774012,0.6363636363636364,0.9799999999999999,0.5751295336787565,anchor_multiscale_locked,10,0.8,0.5,3,1
321,1.269491525423729,0.32710280373831774,0.3379032258064516,0.9680369370775991,0.5386788915084055,17.85478989443879,0.9680369370775991,0.9680369370775991,1.269491525423729,1.269491525423729,0.7050461975835111,1.2457627118644068,1.305084745762712,1.0022727272727272,1.645,0.8164556962025317,anchor_multiscale_locked,10,0.8,0.5,3,2
192,0.7593220338983051,0.3020833333333333,0.3379032258064516,0.8939936356404137,0.5386788915084055,16.31237300121658,0.8939936356404137,0.8939936356404137,0.7593220338983051,0.7593220338983051,0.7592805204745503,0.731638418079096,0.7711864406779662,0.5886363636363636,0.9625,0.5775401069518716,anchor_multiscale_locked,10,0.8,0.5,4,1
313,1.2378531073446328,0.3194888178913738,0.3379032258064516,0.9455039002035883,0.5386788915084055,17.0488238804149,0.9455039002035883,0.9455039002035883,1.2378531073446328,1.2378531073446328,0.7164179104477613,1.2062146892655368,1.265536723163842,0.9545454545454546,1.5924999999999998,0.8116883116883117,anchor_multiscale_locked,10,0.8,0.5,4,2
163,0.644632768361582,0.3067484662576687,0.3379032258064516,0.9077997569439361,0.5386788915084055,22.48316363959481,0.9077997569439361,0.9077997569439361,0.644632768361582,0.644632768361582,0.762071992976295,0.5932203389830508,0.672316384180791,0.525,0.8575,0.5063291139240507,anchor_multiscale_locked,10,0.8,0.65,3,1
286,1.1310734463276837,0.32517482517482516,0.3379032258064516,0.9623312248610578,0.5386788915084055,21.138604522084336,0.9623312248610578,0.9623312248610578,1.1310734463276837,1.1310734463276837,0.7143231212359257,1.0875706214689267,1.1666666666666667,0.8909090909090909,1.5224999999999997,0.8042704626334519,anchor_multiscale_locked,10,0.8,0.65,3,2
160,0.632768361581921,0.3125,0.3379032258064516,0.9248210023866349,0.5386788915084055,24.397149947635718,0.9248210023866349,0.9248210023866349,0.632768361581921,0.632768361581921,0.7851650836725464,0.5932203389830508,0.652542372881356,0.4931818181818182,0.8575,0.5290322580645161,anchor_multiscale_locked,10,0.8,0.65,4,1
281,1.1112994350282488,0.3274021352313167,0.3379032258064516,0.968922786842083,0.5386788915084055,21.73612188597152,0.968922786842083,0.968922786842083,1.1112994350282488,1.1112994350282488,0.7270788912579957,1.0677966101694916,1.1468926553672316,0.8590909090909091,1.4875,0.8115942028985508,anchor_multiscale_locked,10,0.8,0.65,4,2
255,1.0084745762711864,0.28627450980392155,0.3379032258064516,0.8472085731667368,0.5386788915084055,18.92356481763343,0.8472085731667368,0.8472085731667368,1.0084745762711864,1.0084745762711864,0.7736185383244207,1.0084745762711864,1.0084745762711864,1.0224719101123596,1.05,0.716,anchor_multiscale_locked,10,0.85,0.0,3,1
373,1.475141242937853,0.3109919571045576,0.3379032258064516,0.9203580592115786,0.5386788915084055,21.257475660932727,0.9203580592115786,0.9203580592115786,1.475141242937853,1.475141242937853,0.8533333333333334,1.4039548022598871,1.5225988700564972,1.4000000000000001,1.715,0.8831521739130435,anchor_multiscale_locked,10,0.85,0.0,3,2
251,0.9926553672316385,0.28286852589641437,0.3379032258064516,0.8371288117220855,0.5386788915084055,14.9957538168363,0.8371288117220855,0.8371288117220855,0.9926553672316385,0.9926553672316385,0.7327272727272727,0.9887005649717514,1.0084745762711864,0.9704545454545455,1.05,0.7032520325203252,anchor_multiscale_locked,10,0.85,0.0,4,1
367,1.4514124293785313,0.2997275204359673,0.3379032258064516,0.887021778855846,0.5386788915084055,14.04054255414742,0.887021778855846,0.887021778855846,1.4514124293785313,1.4514124293785313,0.7890909090909092,1.4039548022598871,1.4830508474576272,1.3363636363636364,1.68,0.8535911602209945,anchor_multiscale_locked,10,0.85,0.0,4,2
223,0.8819209039548023,0.28699551569506726,0.3379032258064516,0.8493423376178602,0.5386788915084055,20.9790476515509,0.8493423376178602,0.8493423376178602,0.8819209039548023,0.8819209039548023,0.7794970986460348,0.8305084745762712,0.9293785310734464,0.8113636363636363,1.015,0.5963302752293578,anchor_multiscale_locked,10,0.85,0.3,3,1
341,1.348587570621469,0.31378299120234604,0.3379032258064516,0.9286179214580169,0.5386788915084055,20.732270040515463,0.9286179214580169,0.9286179214580169,1.348587570621469,1.348587570621469,0.8541905855338692,1.2853107344632768,1.384180790960452,1.1772727272727272,1.68,0.8214285714285714,anchor_multiscale_locked,10,0.85,0.3,3,2
219,0.8661016949152542,0.2968036529680365,0.3379032258064516,0.8783688059197262,0.5386788915084055,18.67400899266317,0.8783688059197262,0.8783688059197262,0.8661016949152542,0.8661016949152542,0.7685950413223139,0.8107344632768362,0.9096045197740114,0.7636363636363637,1.015,0.5794392523364486,anchor_multiscale_locked,10,0.85,0.3,4,1
335,1.3248587570621468,0.31044776119402984,0.3379032258064516,0.9187475510276778,0.5386788915084055,16.35388919026694,0.9187475510276778,0.9187475510276778,1.3248587570621468,1.3248587570621468,0.8168642951251647,1.2853107344632768,1.364406779661017,1.1295454545454544,1.645,0.7848484848484848,anchor_multiscale_locked,10,0.85,0.3,4,2
194,0.7672316384180791,0.28350515463917525,0.3379032258064516,0.839012868144576,0.5386788915084055,15.414675680616316,0.839012868144576,0.839012868144576,0.7672316384180791,0.7672316384180791,0.7592805204745503,0.7514124293785311,0.7711864406779662,0.5886363636363636,0.9799999999999999,0.5714285714285714,anchor_multiscale_locked,10,0.85,0.5,3,1
311,1.2299435028248589,0.31511254019292606,0.3379032258064516,0.9325526249146261,0.5386788915084055,17.23818945686618,0.9325526249146261,0.9325526249146261,1.2299435028248589,1.2299435028248589,0.8155831014419429,1.1666666666666667,1.265536723163842,0.9386363636363637,1.645,0.8104575163398693,anchor_multiscale_locked,10,0.85,0.5,3,2
188,0.7435028248587571,0.2978723404255319,0.3379032258064516,0.8815315086578988,0.5386788915084055,18.778801579313196,0.8815315086578988,0.8815315086578988,0.7435028248587571,0.7435028248587571,0.7616707616707616,0.731638418079096,0.7514124293785311,0.5409090909090909,0.9625,0.5683060109289617,anchor_multiscale_locked,10,0.85,0.5,4,1
303,1.1983050847457628,0.31353135313531355,0.3379032258064516,0.9278732169159638,0.5386788915084055,16.670038536306482,0.9278732169159638,0.9278732169159638,1.1983050847457628,1.1983050847457628,0.8296448790530109,1.1468926553672316,1.225988700564972,0.8909090909090909,1.5924999999999998,0.7919463087248322,anchor_multiscale_locked,10,0.85,0.5,4,2
158,0.624858757062147,0.2911392405063291,0.3379032258064516,0.86160538956527,0.5386788915084055,25.056802452005773,0.86160538956527,0.86160538956527,0.624858757062147,0.624858757062147,0.7851650836725464,0.5932203389830508,0.652542372881356,0.46136363636363636,0.8575,0.5032679738562091,anchor_multiscale_locked,10,0.85,0.65,3,1
275,1.0875706214689267,0.31272727272727274,0.3379032258064516,0.9254935994792798,0.5386788915084055,20.510478039712343,0.9254935994792798,0.9254935994792798,1.0875706214689267,1.0875706214689267,0.8380737820332301,1.0480225988700564,1.1073446327683616,0.8113636363636363,1.5224999999999997,0.7851851851851852,anchor_multiscale_locked,10,0.85,0.65,3,2
152,0.6011299435028249,0.3157894736842105,0.3379032258064516,0.9345559603064941,0.5386788915084055,28.58399889889896,0.9345559603064941,0.9345559603064941,0.6011299435028249,0.6011299435028249,0.8097014925373135,0.5734463276836158,0.632768361581921,0.42954545454545456,0.8575,0.5102040816326531,anchor_multiscale_locked,10,0.85,0.65,4,1
267,1.0559322033898306,0.3258426966292135,0.3379032258064516,0.9643077418143788,0.5386788915084055,21.967695925927437,0.9643077418143788,0.9643077418143788,1.0559322033898306,1.0559322033898306,0.8541905855338692,1.0282485875706215,1.0875706214689267,0.7795454545454547,1.4875,0.7862595419847328,anchor_multiscale_locked,10,0.85,0.65,4,2
255,1.0084745762711864,0.28627450980392155,0.3379032258064516,0.8472085731667368,0.5386788915084055,18.92356481763343,0.8472085731667368,0.8472085731667368,1.0084745762711864,1.0084745762711864,0.7736185383244207,1.0084745762711864,1.0084745762711864,1.0224719101123596,1.05,0.716,anchor_multiscale_locked,10,0.9,0.0,3,1
371,1.4672316384180792,0.31266846361185985,0.3379032258064516,0.9253195581830698,0.5386788915084055,21.56646470972085,0.9253195581830698,0.9253195581830698,1.4672316384180792,1.4672316384180792,0.8533333333333334,1.4039548022598871,1.5028248587570623,1.4000000000000001,1.68,0.8825136612021858,anchor_multiscale_locked,10,0.9,0.0,3,2
251,0.9926553672316385,0.28286852589641437,0.3379032258064516,0.8371288117220855,0.5386788915084055,14.9957538168363,0.8371288117220855,0.8371288117220855,0.9926553672316385,0.9926553672316385,0.7327272727272727,0.9887005649717514,1.0084745762711864,0.9704545454545455,1.05,0.7032520325203252,anchor_multiscale_locked,10,0.9,0.0,4,1
367,1.4514124293785313,0.2997275204359673,0.3379032258064516,0.887021778855846,0.5386788915084055,14.04054255414742,0.887021778855846,0.887021778855846,1.4514124293785313,1.4514124293785313,0.7890909090909092,1.4039548022598871,1.4830508474576272,1.3363636363636364,1.68,0.8535911602209945,anchor_multiscale_locked,10,0.9,0.0,4,2
223,0.8819209039548023,0.28699551569506726,0.3379032258064516,0.8493423376178602,0.5386788915084055,20.9790476515509,0.8493423376178602,0.8493423376178602,0.8819209039548023,0.8819209039548023,0.7794970986460348,0.8305084745762712,0.9293785310734464,0.8113636363636363,1.015,0.5963302752293578,anchor_multiscale_locked,10,0.9,0.3,3,1
339,1.340677966101695,0.31563421828908556,0.3379032258064516,0.9340964932660288,0.5386788915084055,21.06732763892125,0.9340964932660288,0.9340964932660288,1.340677966101695,1.340677966101695,0.8541905855338692,1.2853107344632768,1.384180790960452,1.1772727272727272,1.645,0.8203592814371258,anchor_multiscale_locked,10,0.9,0.3,3,2
219,0.8661016949152542,0.2968036529680365,0.3379032258064516,0.8783688059197262,0.5386788915084055,18.67400899266317,0.8783688059197262,0.8783688059197262,0.8661016949152542,0.8661016949152542,0.7685950413223139,0.8107344632768362,0.9096045197740114,0.7636363636363637,1.015,0.5794392523364486,anchor_multiscale_locked,10,0.9,0.3,4,1
335,1.3248587570621468,0.31044776119402984,0.3379032258064516,0.9187475510276778,0.5386788915084055,16.35388919026694,0.9187475510276778,0.9187475510276778,1.3248587570621468,1.3248587570621468,0.8168642951251647,1.2853107344632768,1.364406779661017,1.1295454545454544,1.645,0.7848484848484848,anchor_multiscale_locked,10,0.9,0.3,4,2
194,0.7672316384180791,0.28350515463917525,0.3379032258064516,0.839012868144576,0.5386788915084055,15.414675680616316,0.839012868144576,0.839012868144576,0.7672316384180791,0.7672316384180791,0.7592805204745503,0.7514124293785311,0.7711864406779662,0.5886363636363636,0.9799999999999999,0.5714285714285714,anchor_multiscale_locked,10,0.9,0.5,3,1
309,1.2220338983050847,0.31715210355987056,0.3379032258064516,0.9385885642344618,0.5386788915084055,17.583161510886452,0.9385885642344618,0.9385885642344618,1.2220338983050847,1.2220338983050847,0.8155831014419429,1.1666666666666667,1.2457627118644068,0.9386363636363637,1.6099999999999999,0.8092105263157895,anchor_multiscale_locked,10,0.9,0.5,3,2
188,0.7435028248587571,0.2978723404255319,0.3379032258064516,0.8815315086578988,0.5386788915084055,18.778801579313196,0.8815315086578988,0.8815315086578988,0.7435028248587571,0.7435028248587571,0.7616707616707616,0.731638418079096,0.7514124293785311,0.5409090909090909,0.9625,0.5683060109289617,anchor_multiscale_locked,10,0.9,0.5,4,1
303,1.1983050847457628,0.31353135313531355,0.3379032258064516,0.9278732169159638,0.5386788915084055,16.670038536306482,0.9278732169159638,0.9278732169159638,1.1983050847457628,1.1983050847457628,0.8296448790530109,1.1468926553672316,1.225988700564972,0.8909090909090909,1.5924999999999998,0.7919463087248322,anchor_multiscale_locked,10,0.9,0.5,4,2
158,0.624858757062147,0.2911392405063291,0.3379032258064516,0.86160538956527,0.5386788915084055,25.056802452005773,0.86160538956527,0.86160538956527,0.624858757062147,0.624858757062147,0.7851650836725464,0.5932203389830508,0.652542372881356,0.46136363636363636,0.8575,0.5032679738562091,anchor_multiscale_locked,10,0.9,0.65,3,1
273,1.0796610169491525,0.315018315018315,0.3379032258064516,0.9322737723692378,0.5386788915084055,20.92491372417372,0.9322737723692378,0.9322737723692378,1.0796610169491525,1.0796610169491525,0.8380737820332301,1.0480225988700564,1.1073446327683616,0.8113636363636363,1.4875,0.7798507462686567,anchor_multiscale_locked,10,0.9,0.65,3,2
152,0.6011299435028249,0.3157894736842105,0.3379032258064516,0.9345559603064941,0.5386788915084055,28.58399889889896,0.9345559603064941,0.9345559603064941,0.6011299435028249,0.6011299435028249,0.8097014925373135,0.5734463276836158,0.632768361581921,0.42954545454545456,0.8575,0.5102040816326531,anchor_multiscale_locked,10,0.9,0.65,4,1
267,1.0559322033898306,0.3258426966292135,0.3379032258064516,0.9643077418143788,0.5386788915084055,21.967695925927437,0.9643077418143788,0.9643077418143788,1.0559322033898306,1.0559322033898306,0.8541905855338692,1.0282485875706215,1.0875706214689267,0.7795454545454547,1.4875,0.7862595419847328,anchor_multiscale_locked,10,0.9,0.65,4,2
255,1.0084745762711864,0.29411764705882354,0.3379032258064516,0.870419766952127,0.5386788915084055,19.102148789216777,0.870419766952127,0.870419766952127,1.0084745762711864,1.0084745762711864,0.8202220647295064,1.0084745762711864,1.0084745762711864,1.0224719101123596,1.05,0.736,anchor_multiscale_locked,20,0.75,0.0,3,1
390,1.5423728813559323,0.32051282051282054,0.3379032258064516,0.9485343614221897,0.5386788915084055,19.757631752910108,0.9485343614221897,0.9485343614221897,1.5423728813559323,1.5423728813559323,0.9113924050632911,1.4830508474576272,1.5621468926553672,1.384090909090909,1.82,0.8831168831168831,anchor_multiscale_locked,20,0.75,0.0,3,2
250,0.9887005649717514,0.292,0.3379032258064516,0.8641527446300715,0.5386788915084055,16.855549471798405,0.8641527446300715,0.8641527446300715,0.9887005649717514,0.9887005649717514,0.7890909090909092,0.9887005649717514,0.9887005649717514,0.9545454545454546,1.05,0.7306122448979592,anchor_multiscale_locked,20,0.75,0.0,4,1
385,1.5225988700564972,0.3090909090909091,0.3379032258064516,0.9147320459969625,0.5386788915084055,14.972513301092354,0.9147320459969625,0.9147320459969625,1.5225988700564972,1.5225988700564972,0.8888888888888888,1.463276836158192,1.5423728813559323,1.3045454545454545,1.82,0.8578947368421053,anchor_multiscale_locked,20,0.75,0.0,4,2
206,0.8146892655367233,0.32038834951456313,0.3379032258064516,0.9481659985633849,0.5386788915084055,20.407801740368484,0.9481659985633849,0.9481659985633849,0.8146892655367233,0.8146892655367233,0.8125227520931926,0.8107344632768362,0.8305084745762712,0.5886363636363636,1.015,0.6169154228855721,anchor_multiscale_locked,20,0.75,0.3,3,1
340,1.344632768361582,0.3411764705882353,0.3379032258064516,1.0096869296644673,0.5386788915084055,19.76011363958357,1.0096869296644673,1.0096869296644673,1.344632768361582,1.344632768361582,0.7972445464982779,1.2853107344632768,1.384180790960452,0.9227272727272727,1.785,0.8149253731343283,anchor_multiscale_locked,20,0.75,0.3,3,2
200,0.7909604519774012,0.325,0.3379032258064516,0.9618138424821003,0.5386788915084055,25.110171727938706,0.9618138424821003,0.9618138424821003,0.7909604519774012,0.7909604519774012,0.9159090909090909,0.7711864406779662,0.8107344632768362,0.5409090909090909,1.015,0.6205128205128205,anchor_multiscale_locked,20,0.75,0.3,4,1
334,1.3209039548022599,0.3323353293413174,0.3379032258064516,0.9835222157117746,0.5386788915084055,20.109281154590505,0.9835222157117746,0.9835222157117746,1.3209039548022599,1.3209039548022599,0.8813077469793887,1.2457627118644068,1.364406779661017,0.875,1.785,0.8115501519756839,anchor_multiscale_locked,20,0.75,0.3,4,2
175,0.692090395480226,0.32,0.3379032258064516,0.9470167064439141,0.5386788915084055,26.81818327851531,0.9470167064439141,0.9470167064439141,0.692090395480226,0.692090395480226,0.8883099967437318,0.652542372881356,0.731638418079096,0.5090909090909091,0.9625,0.6470588235294118,anchor_multiscale_locked,20,0.75,0.5,3,1
306,1.2101694915254237,0.3366013071895425,0.3379032258064516,0.9961470666229898,0.5386788915084055,21.988887196742716,0.9961470666229898,0.9961470666229898,1.2101694915254237,1.2101694915254237,0.8934637159032425,1.1468926553672316,1.265536723163842,0.8272727272727273,1.7325,0.840531561461794,anchor_multiscale_locked,20,0.75,0.5,3,2
173,0.684180790960452,0.3179190751445087,0.3379032258064516,0.9408583608095246,0.5386788915084055,30.704654536170604,0.9408583608095246,0.9408583608095246,0.684180790960452,0.684180790960452,0.8883099967437318,0.652542372881356,0.731638418079096,0.4931818181818182,0.9450000000000001,0.6309523809523809,anchor_multiscale_locked,20,0.75,0.5,4,1
304,1.2022598870056498,0.3256578947368421,0.3379032258064516,0.963760834066072,0.5386788915084055,22.41623446336821,0.963760834066072,0.963760834066072,1.2022598870056498,1.2022598870056498,0.9253731343283582,1.1073446327683616,1.265536723163842,0.8113636363636363,1.715,0.8327759197324415,anchor_multiscale_locked,20,0.75,0.5,4,2
150,0.5932203389830508,0.31333333333333335,0.3379032258064516,0.9272871917263327,0.5386788915084055,28.600423848803718,0.9272871917263327,0.9272871917263327,0.5932203389830508,0.5932203389830508,0.8602150537634409,0.5734463276836158,0.612994350282486,0.41363636363636364,0.84,0.5724137931034483,anchor_multiscale_locked,20,0.75,0.65,3,1
278,1.0994350282485876,0.3237410071942446,0.3379032258064516,0.9580879449185282,0.5386788915084055,21.356081914072377,0.9580879449185282,0.9580879449185282,1.0994350282485876,1.0994350282485876,0.9253731343283582,1.0282485875706215,1.1468926553672316,0.7000000000000001,1.6099999999999999,0.8241758241758241,anchor_multiscale_locked,20,0.75,0.65,3,2
149,0.5892655367231638,0.31543624161073824,0.3379032258064516,0.9335105956976502,0.5386788915084055,28.565956269497672,0.9335105956976502,0.9335105956976502,0.5892655367231638,0.5892655367231638,0.8602150537634409,0.5734463276836158,0.612994350282486,0.41363636363636364,0.84,0.5902777777777778,anchor_multiscale_locked,20,0.75,0.65,4,1
277,1.0954802259887007,0.3249097472924188,0.3379032258064516,0.9615467461637215,0.5386788915084055,20.970493749768522,0.9615467461637215,0.9615467461637215,1.0954802259887007,1.0954802259887007,0.9253731343283582,1.0282485875706215,1.1468926553672316,0.7000000000000001,1.6099999999999999,0.8272058823529411,anchor_multiscale_locked,20,0.75,0.65,4,2
255,1.0084745762711864,0.2980392156862745,0.3379032258064516,0.882025363844822,0.5386788915084055,18.910397195124546,0.882025363844822,0.882025363844822,1.0084745762711864,1.0084745762711864,0.8288770053475936,1.0084745762711864,1.0084745762711864,1.0224719101123596,1.05,0.74,anchor_multiscale_locked,20,0.8,0.0,3,1
381,1.5067796610169493,0.32545931758530183,0.3379032258064516,0.9631731594409888,0.5386788915084055,20.531651895989476,0.9631731594409888,0.9631731594409888,1.5067796610169493,1.5067796610169493,0.9149940968122786,1.423728813559322,1.5423728813559323,1.384090909090909,1.8025,0.8776595744680851,anchor_multiscale_locked,20,0.8,0.0,3,2
250,0.9887005649717514,0.296,0.3379032258064516,0.8759904534606205,0.5386788915084055,17.225531198691435,0.8759904534606205,0.8759904534606205,0.9887005649717514,0.9887005649717514,0.7890909090909092,0.9887005649717514,0.9887005649717514,0.9545454545454546,1.05,0.746938775510204,anchor_multiscale_locked,20,0.8,0.0,4,1
374,1.4790960451977402,0.3155080213903743,0.3379032258064516,0.9337230227304634,0.5386788915084055,16.43015356018107,0.9337230227304634,0.9337230227304634,1.4790960451977402,1.4790960451977402,0.8899521531100477,1.4039548022598871,1.5028248587570623,1.3045454545454545,1.7674999999999998,0.8590785907859079,anchor_multiscale_locked,20,0.8,0.0,4,2
205,0.8107344632768362,0.32682926829268294,0.3379032258064516,0.9672274288375343,0.5386788915084055,20.83706295897324,0.9672274288375343,0.9672274288375343,0.8107344632768362,0.8107344632768362,0.8125227520931926,0.8107344632768362,0.8107344632768362,0.5727272727272728,1.015,0.62,anchor_multiscale_locked,20,0.8,0.3,3,1
329,1.301129943502825,0.3495440729483283,0.3379032258064516,1.034450239751616,0.5386788915084055,22.094672262264506,1.034450239751616,1.034450239751616,1.301129943502825,1.301129943502825,0.7761194029850748,1.225988700564972,1.3248587570621468,0.8909090909090909,1.7674999999999998,0.8148148148148148,anchor_multiscale_locked,20,0.8,0.3,3,2
199,0.7870056497175141,0.3316582914572864,0.3379032258064516,0.9815185713771722,0.5386788915084055,25.96414390838573,0.9815185713771722,0.9815185713771722,0.7870056497175141,0.7870056497175141,0.9159090909090909,0.7711864406779662,0.8107344632768362,0.525,1.015,0.6237113402061856,anchor_multiscale_locked,20,0.8,0.3,4,1
321,1.269491525423729,0.3426791277258567,0.3379032258064516,1.0141339340812943,0.5386788915084055,23.259915016201216,1.0141339340812943,1.0141339340812943,1.269491525423729,1.269491525423729,0.8636815920398011,1.1864406779661016,1.305084745762712,0.8431818181818181,1.7325,0.8069620253164557,anchor_multiscale_locked,20,0.8,0.3,4,2
173,0.684180790960452,0.32947976878612717,0.3379032258064516,0.975071392111689,0.5386788915084055,27.37851991197175,0.975071392111689,0.975071392111689,0.684180790960452,0.684180790960452,0.9117647058823529,0.652542372881356,0.711864406779661,0.4772727272727273,0.9625,0.6488095238095238,anchor_multiscale_locked,20,0.8,0.5,3,1
294,1.1627118644067798,0.3469387755102041,0.3379032258064516,1.0267400516292435,0.5386788915084055,25.021499790213998,1.0267400516292435,1.0267400516292435,1.1627118644067798,1.1627118644067798,0.874898236092266,1.0875706214689267,1.2062146892655368,0.7795454545454547,1.715,0.8373702422145328,anchor_multiscale_locked,20,0.8,0.5,3,2
170,0.672316384180791,0.3235294117647059,0.3379032258064516,0.9574617436473397,0.5386788915084055,31.38933443870013,0.9574617436473397,0.9574617436473397,0.672316384180791,0.672316384180791,0.9117647058823529,0.632768361581921,0.711864406779661,0.44545454545454544,0.9450000000000001,0.6303030303030303,anchor_multiscale_locked,20,0.8,0.5,4,1
289,1.1429378531073446,0.3356401384083045,0.3379032258064516,0.9933025575806624,0.5386788915084055,25.7575066403868,0.9933025575806624,0.9933025575806624,1.1429378531073446,1.1429378531073446,0.8541905855338692,1.0282485875706215,1.1864406779661016,0.7477272727272728,1.6624999999999999,0.8204225352112676,anchor_multiscale_locked,20,0.8,0.5,4,2
148,0.5853107344632769,0.32432432432432434,0.3379032258064516,0.9598142295039671,0.5386788915084055,29.044928605827955,0.9598142295039671,0.9598142295039671,0.5853107344632769,0.5853107344632769,0.8888888888888888,0.5734463276836158,0.5932203389830508,0.38181818181818183,0.84,0.5734265734265734,anchor_multiscale_locked,20,0.8,0.65,3,1
266,1.0519774011299436,0.33458646616541354,0.3379032258064516,0.9901842912771188,0.5386788915084055,24.512671817368776,0.9901842912771188,0.9901842912771188,1.0519774011299436,1.0519774011299436,0.906487968321657,0.9689265536723164,1.0875706214689267,0.6522727272727272,1.5924999999999998,0.8160919540229885,anchor_multiscale_locked,20,0.8,0.65,3,2
146,0.5774011299435028,0.3219178082191781,0.3379032258064516,0.9526923202667801,0.5386788915084055,29.081459515669227,0.9526923202667801,0.9526923202667801,0.5774011299435028,0.5774011299435028,0.8888888888888888,0.5536723163841808,0.5932203389830508,0.3659090909090909,0.84,0.5886524822695035,anchor_multiscale_locked,20,0.8,0.65,4,1
262,1.0361581920903955,0.33587786259541985,0.3379032258064516,0.9940060850079251,0.5386788915084055,24.404081626267406,0.9940060850079251,0.9940060850079251,1.0361581920903955,1.0361581920903955,0.8482587064676617,0.9491525423728814,1.0677966101694916,0.6363636363636364,1.5575,0.8132295719844358,anchor_multiscale_locked,20,0.8,0.65,4,2
255,1.0084745762711864,0.30196078431372547,0.3379032258064516,0.8936309607375169,0.5386788915084055,22.262413154874835,0.8936309607375169,0.8936309607375169,1.0084745762711864,1.0084745762711864,0.8288770053475936,1.0084745762711864,1.0084745762711864,1.0224719101123596,1.05,0.748,anchor_multiscale_locked,20,0.85,0.0,3,1
375,1.4830508474576272,0.3253333333333333,0.3379032258064516,0.9628003182179793,0.5386788915084055,21.762686194709016,0.9628003182179793,0.9628003182179793,1.4830508474576272,1.4830508474576272,0.8899521531100477,1.384180790960452,1.5225988700564972,1.3681818181818182,1.7674999999999998,0.8837837837837837,anchor_multiscale_locked,20,0.85,0.0,3,2
250,0.9887005649717514,0.292,0.3379032258064516,0.8641527446300715,0.5386788915084055,18.927083582559757,0.8641527446300715,0.8641527446300715,0.9887005649717514,0.9887005649717514,0.7890909090909092,0.9887005649717514,0.9887005649717514,0.9545454545454546,1.05,0.746938775510204,anchor_multiscale_locked,20,0.85,0.0,4,1
368,1.455367231638418,0.31521739130434784,0.3379032258064516,0.9328629241465187,0.5386788915084055,17.151335180796256,0.9328629241465187,0.9328629241465187,1.455367231638418,1.455367231638418,0.9018181818181817,1.364406779661017,1.4830508474576272,1.2886363636363636,1.7325,0.8567493112947658,anchor_multiscale_locked,20,0.85,0.0,4,2
204,0.8067796610169491,0.3284313725490196,0.3379032258064516,0.9719687397632084,0.5386788915084055,23.526457477882264,0.9719687397632084,0.9719687397632084,0.8067796610169491,0.8067796610169491,0.8125227520931926,0.7909604519774012,0.8107344632768362,0.5727272727272728,1.015,0.6231155778894473,anchor_multiscale_locked,20,0.85,0.3,3,1
322,1.2734463276836159,0.34782608695652173,0.3379032258064516,1.029365985265124,0.5386788915084055,22.967386395176888,1.029365985265124,1.029365985265124,1.2734463276836159,1.2734463276836159,0.8019900497512439,1.1864406779661016,1.305084745762712,0.875,1.7325,0.8170347003154574,anchor_multiscale_locked,20,0.85,0.3,3,2
198,0.7830508474576272,0.3282828282828283,0.3379032258064516,0.9715291338203034,0.5386788915084055,28.185945222347495,0.9715291338203034,0.9715291338203034,0.7830508474576272,0.7830508474576272,0.9159090909090909,0.7711864406779662,0.7909604519774012,0.525,1.015,0.616580310880829,anchor_multiscale_locked,20,0.85,0.3,4,1
314,1.2418079096045198,0.34394904458598724,0.3379032258064516,1.017892160588602,0.5386788915084055,24.27328361628935,1.017892160588602,1.017892160588602,1.2418079096045198,1.2418079096045198,0.8934637159032425,1.1468926553672316,1.265536723163842,0.8272727272727273,1.6974999999999998,0.7961165048543689,anchor_multiscale_locked,20,0.85,0.3,4,2
172,0.6802259887005649,0.3313953488372093,0.3379032258064516,0.9807404118332685,0.5386788915084055,30.60629862598594,0.9807404118332685,0.9807404118332685,0.6802259887005649,0.6802259887005649,0.9117647058823529,0.652542372881356,0.692090395480226,0.4772727272727273,0.9625,0.6526946107784432,anchor_multiscale_locked,20,0.85,0.5,3,1
289,1.1429378531073446,0.3494809688581315,0.3379032258064516,1.0342634877901744,0.5386788915084055,26.0171450945772,1.0342634877901744,1.0342634877901744,1.1429378531073446,1.1429378531073446,0.8911000552791598,1.0677966101694916,1.1864406779661016,0.7795454545454547,1.68,0.8380281690140845,anchor_multiscale_locked,20,0.85,0.5,3,2
169,0.6683615819209039,0.31952662721893493,0.3379032258064516,0.9456157941562753,0.5386788915084055,34.02449331855069,0.9456157941562753,0.9456157941562753,0.6683615819209039,0.6683615819209039,0.9117647058823529,0.632768361581921,0.692090395480226,0.44545454545454544,0.9450000000000001,0.6219512195121951,anchor_multiscale_locked,20,0.85,0.5,4,1
284,1.1231638418079095,0.3380281690140845,0.3379032258064516,1.0003697603280783,0.5386788915084055,26.634446333437282,1.0003697603280783,1.0003697603280783,1.1231638418079095,1.1231638418079095,0.8709394205443372,1.0084745762711864,1.1666666666666667,0.7477272727272728,1.6275000000000002,0.8136200716845878,anchor_multiscale_locked,20,0.85,0.5,4,2
147,0.5813559322033899,0.32653061224489793,0.3379032258064516,0.966343578003994,0.5386788915084055,32.83298539157146,0.966343578003994,0.966343578003994,0.5813559322033899,0.5813559322033899,0.8888888888888888,0.5734463276836158,0.5932203389830508,0.38181818181818183,0.84,0.5845070422535211,anchor_multiscale_locked,20,0.85,0.65,3,1
261,1.0322033898305085,0.34099616858237547,0.3379032258064516,1.009153339002734,0.5386788915084055,25.87502848742151,1.009153339002734,1.009153339002734,1.0322033898305085,1.0322033898305085,0.9253731343283582,0.9491525423728814,1.0677966101694916,0.6522727272727272,1.5575,0.81640625,anchor_multiscale_locked,20,0.85,0.65,3,2
145,0.5734463276836158,0.31724137931034485,0.3379032258064516,0.9388527693193977,0.5386788915084055,32.13686624512932,0.9388527693193977,0.9388527693193977,0.5734463276836158,0.5734463276836158,0.8888888888888888,0.5536723163841808,0.5932203389830508,0.3659090909090909,0.84,0.5857142857142857,anchor_multiscale_locked,20,0.85,0.65,4,1
257,1.0163841807909604,0.33852140077821014,0.3379032258064516,1.0018294438305027,0.5386788915084055,25.346819944383125,1.0018294438305027,1.0018294438305027,1.0163841807909604,1.0163841807909604,0.8663067640520801,0.9293785310734464,1.0480225988700564,0.6363636363636364,1.5224999999999997,0.8095238095238095,anchor_multiscale_locked,20,0.85,0.65,4,2
255,1.0084745762711864,0.29411764705882354,0.3379032258064516,0.870419766952127,0.5386788915084055,20.012541847647284,0.870419766952127,0.870419766952127,1.0084745762711864,1.0084745762711864,0.7736185383244207,1.0084745762711864,1.0084745762711864,1.0224719101123596,1.05,0.732,anchor_multiscale_locked,20,0.9,0.0,3,1
361,1.4276836158192092,0.3268698060941828,0.3379032258064516,0.9673473975102308,0.5386788915084055,22.403624893933994,0.9673473975102308,0.9673473975102308,1.4276836158192092,1.4276836158192092,0.8759213759213759,1.3248587570621468,1.463276836158192,1.3204545454545455,1.6275000000000002,0.8764044943820225,anchor_multiscale_locked,20,0.9,0.0,3,2
250,0.9887005649717514,0.284,0.3379032258064516,0.8404773269689737,0.5386788915084055,17.10978645287064,0.8404773269689737,0.8404773269689737,0.9887005649717514,0.9887005649717514,0.7890909090909092,0.9887005649717514,0.9887005649717514,0.9545454545454546,1.05,0.726530612244898,anchor_multiscale_locked,20,0.9,0.0,4,1
356,1.407909604519774,0.3146067415730337,0.3379032258064516,0.9310557507173313,0.5386788915084055,17.65636383530767,0.9310557507173313,0.9310557507173313,1.407909604519774,1.407909604519774,0.8879202988792029,1.305084745762712,1.4435028248587571,1.240909090909091,1.6275000000000002,0.8490028490028491,anchor_multiscale_locked,20,0.9,0.0,4,2
204,0.8067796610169491,0.31862745098039214,0.3379032258064516,0.9429547475314708,0.5386788915084055,20.714118343847815,0.9429547475314708,0.9429547475314708,0.8067796610169491,0.8067796610169491,0.8125227520931926,0.7909604519774012,0.8107344632768362,0.5727272727272728,1.015,0.5979899497487438,anchor_multiscale_locked,20,0.9,0.3,3,1
309,1.2220338983050847,0.34951456310679613,0.3379032258064516,1.0343629075236926,0.5386788915084055,22.67010206931654,1.0343629075236926,1.0343629075236926,1.2220338983050847,1.2220338983050847,0.779261586802828,1.1271186440677967,1.265536723163842,0.8431818181818181,1.5924999999999998,0.805921052631579,anchor_multiscale_locked,20,0.9,0.3,3,2
198,0.7830508474576272,0.3181818181818182,0.3379032258064516,0.9416359297027554,0.5386788915084055,25.891378139406694,0.9416359297027554,0.9416359297027554,0.7830508474576272,0.7830508474576272,0.9159090909090909,0.7711864406779662,0.7909604519774012,0.525,1.015,0.5906735751295337,anchor_multiscale_locked,20,0.9,0.3,4,1
303,1.1983050847457628,0.3432343234323432,0.3379032258064516,1.015776995360634,0.5386788915084055,24.02193759349481,1.015776995360634,1.015776995360634,1.1983050847457628,1.1983050847457628,0.874898236092266,1.0875706214689267,1.2457627118644068,0.7954545454545455,1.5924999999999998,0.785234899328859,anchor_multiscale_locked,20,0.9,0.3,4,2
172,0.6802259887005649,0.31976744186046513,0.3379032258064516,0.9463284675584172,0.5386788915084055,27.270733606549733,0.9463284675584172,0.9463284675584172,0.6802259887005649,0.6802259887005649,0.8288770053475936,0.652542372881356,0.692090395480226,0.4772727272727273,0.9625,0.6227544910179641,anchor_multiscale_locked,20,0.9,0.5,3,1
276,1.0915254237288137,0.35144927536231885,0.3379032258064516,1.0400885476116357,0.5386788915084055,25.82796395835023,1.0400885476116357,1.0400885476116357,1.0915254237288137,1.0915254237288137,0.8709394205443372,1.0084745762711864,1.1468926553672316,0.7477272727272728,1.54,0.8265682656826568,anchor_multiscale_locked,20,0.9,0.5,3,2
169,0.6683615819209039,0.3076923076923077,0.3379032258064516,0.9105929869653021,0.5386788915084055,31.336183955105245,0.9105929869653021,0.9105929869653021,0.6683615819209039,0.6683615819209039,0.8288770053475936,0.632768361581921,0.692090395480226,0.44545454545454544,0.9450000000000001,0.5914634146341463,anchor_multiscale_locked,20,0.9,0.5,4,1
273,1.0796610169491525,0.336996336996337,0.3379032258064516,0.9973161285810451,0.5386788915084055,26.450618293077866,0.9973161285810451,0.9973161285810451,1.0796610169491525,1.0796610169491525,0.8482587064676617,0.9491525423728814,1.1468926553672316,0.7159090909090909,1.5224999999999997,0.8022388059701493,anchor_multiscale_locked,20,0.9,0.5,4,2
147,0.5813559322033899,0.3129251700680272,0.3379032258064516,0.9260792622538276,0.5386788915084055,28.930147409646104,0.9260792622538276,0.9260792622538276,0.5813559322033899,0.5813559322033899,0.7999999999999999,0.5734463276836158,0.5932203389830508,0.38181818181818183,0.84,0.5422535211267606,anchor_multiscale_locked,20,0.9,0.65,3,1
249,0.9847457627118644,0.3413654618473896,0.3379032258064516,1.010246235538814,0.5386788915084055,25.084808014021732,1.010246235538814,1.010246235538814,0.9847457627118644,0.9847457627118644,0.9048092868988392,0.8898305084745763,1.0282485875706215,0.6363636363636364,1.4175,0.7950819672131147,anchor_multiscale_locked,20,0.9,0.65,3,2
143,0.5655367231638418,0.3076923076923077,0.3379032258064516,0.9105929869653021,0.5386788915084055,28.846981323218643,0.9105929869653021,0.9105929869653021,0.5655367231638418,0.5655367231638418,0.7999999999999999,0.5536723163841808,0.5932203389830508,0.3659090909090909,0.84,0.5434782608695652,anchor_multiscale_locked,20,0.9,0.65,4,1
245,0.9689265536723164,0.33877551020408164,0.3379032258064516,1.0025814621791438,0.5386788915084055,24.38260166213009,1.0025814621791438,1.0025814621791438,0.9689265536723164,0.9689265536723164,0.8412483039348712,0.8700564971751413,1.0084745762711864,0.6204545454545455,1.4175,0.7958333333333333,anchor_multiscale_locked,20,0.9,0.65,4,2
255,1.0084745762711864,0.30980392156862746,0.3379032258064516,0.9168421545229071,0.5386788915084055,23.85202363779079,0.9168421545229071,0.9168421545229071,1.0084745762711864,1.0084745762711864,0.8288770053475936,1.0084745762711864,1.0084745762711864,1.0224719101123596,1.05,0.748,anchor_multiscale_locked,40,0.75,0.0,3,1
387,1.5305084745762714,0.34366925064599485,0.3379032258064516,1.0170641307900563,0.5386788915084055,25.602954056091946,1.0170641307900563,1.0170641307900563,1.5305084745762714,1.5305084745762714,0.9275028768699654,1.4830508474576272,1.5621468926553672,1.2727272727272727,1.8724999999999998,0.8795811518324608,anchor_multiscale_locked,40,0.75,0.0,3,2
250,0.9887005649717514,0.312,0.3379032258064516,0.9233412887828163,0.5386788915084055,23.188594594891047,0.9233412887828163,0.9233412887828163,0.9887005649717514,0.9887005649717514,0.8454545454545453,0.9887005649717514,0.9887005649717514,0.9545454545454546,1.05,0.7551020408163265,anchor_multiscale_locked,40,0.75,0.0,4,1
382,1.5107344632768362,0.33507853403141363,0.3379032258064516,0.9916405303077636,0.5386788915084055,23.266140315773168,0.9916405303077636,0.9916405303077636,1.5107344632768362,1.5107344632768362,0.9032634032634033,1.463276836158192,1.5423728813559323,1.1931818181818181,1.8724999999999998,0.8673740053050398,anchor_multiscale_locked,40,0.75,0.0,4,2
191,0.7553672316384181,0.3717277486910995,0.3379032258064516,1.100101213310175,0.5386788915084055,37.105088601302725,1.100101213310175,1.100101213310175,0.7553672316384181,0.7553672316384181,1.0382775119617225,0.7514124293785311,0.7711864406779662,0.4931818181818182,1.05,0.6827956989247311,anchor_multiscale_locked,40,0.75,0.3,3,1
321,1.269491525423729,0.38317757009345793,0.3379032258064516,1.133986126290902,0.5386788915084055,32.11983392048729,1.133986126290902,1.133986126290902,1.269491525423729,1.269491525423729,1.0674931129476584,1.225988700564972,1.305084745762712,0.7318181818181818,1.8724999999999998,0.8512658227848101,anchor_multiscale_locked,40,0.75,0.3,3,2
186,0.7355932203389831,0.34946236559139787,0.3379032258064516,1.034208432776452,0.5386788915084055,41.34093490592818,1.034208432776452,1.034208432776452,0.7355932203389831,0.7355932203389831,0.9901719901719902,0.711864406779661,0.7711864406779662,0.44545454545454544,1.05,0.6685082872928176,anchor_multiscale_locked,40,0.75,0.3,4,1
316,1.249717514124294,0.3575949367088608,0.3379032258064516,1.0582761850095164,0.5386788915084055,32.622226414670074,1.0582761850095164,1.0582761850095164,1.249717514124294,1.249717514124294,0.9972027972027973,1.1864406779661016,1.305084745762712,0.6840909090909091,1.8724999999999998,0.8392282958199357,anchor_multiscale_locked,40,0.75,0.3,4,2
175,0.692090395480226,0.36,0.3379032258064516,1.0653937947494034,0.5386788915084055,39.73704845706463,1.0653937947494034,1.0653937947494034,0.692090395480226,0.692090395480226,0.9393939393939393,0.672316384180791,0.711864406779661,0.38181818181818183,1.0325,0.6882352941176471,anchor_multiscale_locked,40,0.75,0.5,3,1
303,1.1983050847457628,0.37293729372937295,0.3379032258064516,1.1036807738053043,0.5386788915084055,33.13208377360704,1.1036807738053043,1.1036807738053043,1.1983050847457628,1.1983050847457628,0.9393939393939393,1.1468926553672316,1.2457627118644068,0.6045454545454545,1.855,0.8523489932885906,anchor_multiscale_locked,40,0.75,0.5,3,2
173,0.684180790960452,0.3583815028901734,0.3379032258064516,1.0606039703671004,0.5386788915084055,42.95205499897292,1.0606039703671004,1.0606039703671004,0.684180790960452,0.684180790960452,0.9393939393939393,0.652542372881356,0.711864406779661,0.3659090909090909,1.015,0.6666666666666666,anchor_multiscale_locked,40,0.75,0.5,4,1
301,1.1903954802259888,0.36212624584717606,0.3379032258064516,1.0716862645596619,0.5386788915084055,33.16596694977498,1.0716862645596619,1.0716862645596619,1.1903954802259888,1.1903954802259888,0.9393939393939393,1.1271186440677967,1.2457627118644068,0.5886363636363636,1.8375,0.8445945945945946,anchor_multiscale_locked,40,0.75,0.5,4,2
145,0.5734463276836158,0.36551724137931035,0.3379032258064516,1.0817216689984364,0.5386788915084055,47.96860001922208,1.0817216689984364,1.0817216689984364,0.5734463276836158,0.5734463276836158,0.9393939393939393,0.5338983050847458,0.5932203389830508,0.23863636363636365,0.91,0.6214285714285714,anchor_multiscale_locked,40,0.75,0.65,3,1
272,1.0757062146892655,0.36764705882352944,0.3379032258064516,1.0880247086901587,0.5386788915084055,35.36716414214488,1.0880247086901587,1.0880247086901587,1.0757062146892655,1.0757062146892655,0.9561688311688311,1.0084745762711864,1.1271186440677967,0.44545454545454544,1.7325,0.846441947565543,anchor_multiscale_locked,40,0.75,0.65,3,2
144,0.5694915254237288,0.3680555555555556,0.3379032258064516,1.0892336250331478,0.5386788915084055,47.56338942464818,1.0892336250331478,1.0892336250331478,0.5694915254237288,0.5694915254237288,0.9393939393939393,0.5338983050847458,0.5932203389830508,0.23863636363636365,0.91,0.6402877697841727,anchor_multiscale_locked,40,0.75,0.65,4,1
270,1.0677966101694916,0.37037037037037035,0.3379032258064516,1.0960841509767525,0.5386788915084055,35.408782653799854,1.0960841509767525,1.0960841509767525,1.0677966101694916,1.0677966101694916,0.9561688311688311,0.9887005649717514,1.1271186440677967,0.44545454545454544,1.715,0.8490566037735849,anchor_multiscale_locked,40,0.75,0.65,4,2
255,1.0084745762711864,0.30196078431372547,0.3379032258064516,0.8936309607375169,0.5386788915084055,23.218437251651093,0.8936309607375169,0.8936309607375169,1.0084745762711864,1.0084745762711864,0.8288770053475936,1.0084745762711864,1.0084745762711864,1.0224719101123596,1.05,0.74,anchor_multiscale_locked,40,0.8,0.0,3,1
382,1.5107344632768362,0.33507853403141363,0.3379032258064516,0.9916405303077636,0.5386788915084055,25.329249570977673,0.9916405303077636,0.9916405303077636,1.5107344632768362,1.5107344632768362,0.9503832190399355,1.463276836158192,1.5423728813559323,1.2727272727272727,1.855,0.8753315649867374,anchor_multiscale_locked,40,0.8,0.0,3,2
250,0.9887005649717514,0.304,0.3379032258064516,0.8996658711217184,0.5386788915084055,22.554648421164487,0.8996658711217184,0.8996658711217184,0.9887005649717514,0.9887005649717514,0.8454545454545453,0.9887005649717514,0.9887005649717514,0.9545454545454546,1.05,0.746938775510204,anchor_multiscale_locked,40,0.8,0.0,4,1
375,1.4830508474576272,0.3253333333333333,0.3379032258064516,0.9628003182179793,0.5386788915084055,23.01475226153905,0.9628003182179793,0.9628003182179793,1.4830508474576272,1.4830508474576272,0.9244444444444445,1.4435028248587571,1.5028248587570623,1.1931818181818181,1.82,0.8621621621621621,anchor_multiscale_locked,40,0.8,0.0,4,2
191,0.7553672316384181,0.3612565445026178,0.3379032258064516,1.0691124467380575,0.5386788915084055,36.259201017713075,1.0691124467380575,1.0691124467380575,0.7553672316384181,0.7553672316384181,1.0382775119617225,0.7514124293785311,0.7711864406779662,0.4931818181818182,1.05,0.6720430107526881,anchor_multiscale_locked,40,0.8,0.3,3,1
316,1.249717514124294,0.37341772151898733,0.3379032258064516,1.1051025648771942,0.5386788915084055,31.892078496462982,1.1051025648771942,1.1051025648771942,1.249717514124294,1.249717514124294,0.9708832884756546,1.2062146892655368,1.2853107344632768,0.7318181818181818,1.855,0.8488745980707395,anchor_multiscale_locked,40,0.8,0.3,3,2
186,0.7355932203389831,0.3387096774193548,0.3379032258064516,1.0023866348448687,0.5386788915084055,40.488856715435496,1.0023866348448687,1.0023866348448687,0.7355932203389831,0.7355932203389831,0.9393939393939393,0.711864406779661,0.7711864406779662,0.44545454545454544,1.05,0.6574585635359116,anchor_multiscale_locked,40,0.8,0.3,4,1
309,1.2220338983050847,0.34627831715210355,0.3379032258064516,1.0247854731947694,0.5386788915084055,32.5290939951053,1.0247854731947694,1.0247854731947694,1.2220338983050847,1.2220338983050847,1.0037945863900835,1.1666666666666667,1.265536723163842,0.6840909090909091,1.82,0.8322368421052632,anchor_multiscale_locked,40,0.8,0.3,4,2
175,0.692090395480226,0.3485714285714286,0.3379032258064516,1.0315717695192637,0.5386788915084055,38.89503598498736,1.0315717695192637,1.0315717695192637,0.692090395480226,0.692090395480226,0.9393939393939393,0.672316384180791,0.711864406779661,0.38181818181818183,1.0325,0.6764705882352942,anchor_multiscale_locked,40,0.8,0.5,3,1
298,1.1785310734463277,0.3624161073825503,0.3379032258064516,1.072544088673896,0.5386788915084055,32.955247804231284,1.072544088673896,1.072544088673896,1.1785310734463277,1.1785310734463277,0.9701937406855439,1.1271186440677967,1.225988700564972,0.6045454545454545,1.8375,0.8498293515358362,anchor_multiscale_locked,40,0.8,0.5,3,2
173,0.684180790960452,0.3468208092485549,0.3379032258064516,1.0263909390649357,0.5386788915084055,42.035947811506794,1.0263909390649357,1.0263909390649357,0.684180790960452,0.684180790960452,0.9393939393939393,0.652542372881356,0.711864406779661,0.3659090909090909,1.015,0.6547619047619048,anchor_multiscale_locked,40,0.8,0.5,4,1
294,1.1627118644067798,0.35034013605442177,0.3379032258064516,1.0368061305667853,0.5386788915084055,33.08102907936755,1.0368061305667853,1.0368061305667853,1.1627118644067798,1.1627118644067798,0.9701937406855439,1.1073446327683616,1.2062146892655368,0.5886363636363636,1.785,0.8373702422145328,anchor_multiscale_locked,40,0.8,0.5,4,2
145,0.5734463276836158,0.35172413793103446,0.3379032258064516,1.0409019833758537,0.5386788915084055,46.712957279205,1.0409019833758537,1.0409019833758537,0.5734463276836158,0.5734463276836158,0.9393939393939393,0.5338983050847458,0.5932203389830508,0.23863636363636365,0.91,0.6071428571428571,anchor_multiscale_locked,40,0.8,0.65,3,1
267,1.0559322033898306,0.35580524344569286,0.3379032258064516,1.0529797180731721,0.5386788915084055,35.0455789667031,1.0529797180731721,1.0529797180731721,1.0559322033898306,1.0559322033898306,0.9623880597014927,0.9887005649717514,1.1073446327683616,0.44545454545454544,1.715,0.8396946564885496,anchor_multiscale_locked,40,0.8,0.65,3,2
144,0.5694915254237288,0.3541666666666667,0.3379032258064516,1.0481304693715197,0.5386788915084055,46.221704993255166,1.0481304693715197,1.0481304693715197,0.5694915254237288,0.5694915254237288,0.9393939393939393,0.5338983050847458,0.5932203389830508,0.23863636363636365,0.91,0.6258992805755396,anchor_multiscale_locked,40,0.8,0.65,4,1
263,1.0401129943502825,0.3574144486692015,0.3379032258064516,1.0577420437942957,0.5386788915084055,35.20492885614481,1.0577420437942957,1.0577420437942957,1.0401129943502825,1.0401129943502825,0.9820286323484619,0.9689265536723164,1.0875706214689267,0.44545454545454544,1.6624999999999999,0.8410852713178295,anchor_multiscale_locked,40,0.8,0.65,4,2
255,1.0084745762711864,0.2980392156862745,0.3379032258064516,0.882025363844822,0.5386788915084055,22.63200458484401,0.882025363844822,0.882025363844822,1.0084745762711864,1.0084745762711864,0.7843137254901961,1.0084745762711864,1.0084745762711864,1.0224719101123596,1.05,0.74,anchor_multiscale_locked,40,0.85,0.0,3,1
379,1.498870056497175,0.32189973614775724,0.3379032258064516,0.9526388372869189,0.5386788915084055,22.834052805696064,0.9526388372869189,0.9526388372869189,1.498870056497175,1.498870056497175,0.8783943329397874,1.4435028248587571,1.5225988700564972,1.2727272727272727,1.82,0.8796791443850267,anchor_multiscale_locked,40,0.85,0.0,3,2
250,0.9887005649717514,0.296,0.3379032258064516,0.8759904534606205,0.5386788915084055,21.545404714261927,0.8759904534606205,0.8759904534606205,0.9887005649717514,0.9887005649717514,0.7999999999999999,0.9887005649717514,0.9887005649717514,0.9545454545454546,1.05,0.746938775510204,anchor_multiscale_locked,40,0.85,0.0,4,1
372,1.4711864406779662,0.31451612903225806,0.3379032258064516,0.9307875894988067,0.5386788915084055,20.60120679830479,0.9307875894988067,0.9307875894988067,1.4711864406779662,1.4711864406779662,0.8888888888888888,1.423728813559322,1.5028248587570623,1.1931818181818181,1.785,0.8610354223433242,anchor_multiscale_locked,40,0.85,0.0,4,2
190,0.7514124293785311,0.35789473684210527,0.3379032258064516,1.0591634216806933,0.5386788915084055,35.559228497043605,1.0591634216806933,1.0591634216806933,0.7514124293785311,0.7514124293785311,0.9824561403508771,0.7514124293785311,0.7514124293785311,0.4931818181818182,1.05,0.6648648648648648,anchor_multiscale_locked,40,0.85,0.3,3,1
312,1.2338983050847459,0.358974358974359,0.3379032258064516,1.0623584847928524,0.5386788915084055,28.9631917699312,1.0623584847928524,1.0623584847928524,1.2338983050847459,1.2338983050847459,0.9253731343283582,1.1864406779661016,1.265536723163842,0.7318181818181818,1.82,0.8501628664495114,anchor_multiscale_locked,40,0.85,0.3,3,2
185,0.731638418079096,0.32972972972972975,0.3379032258064516,0.9758111333290331,0.5386788915084055,39.28205860883419,0.9758111333290331,0.9758111333290331,0.731638418079096,0.731638418079096,0.912280701754386,0.711864406779661,0.7514124293785311,0.44545454545454544,1.05,0.65,anchor_multiscale_locked,40,0.85,0.3,4,1
305,1.2062146892655368,0.3344262295081967,0.3379032258064516,0.9897100825540905,0.5386788915084055,29.748102608749956,0.9897100825540905,0.9897100825540905,1.2062146892655368,1.2062146892655368,0.8934637159032425,1.1468926553672316,1.2457627118644068,0.6840909090909091,1.785,0.8266666666666667,anchor_multiscale_locked,40,0.85,0.3,4,2
174,0.6881355932203389,0.3448275862068966,0.3379032258064516,1.0204921405645626,0.5386788915084055,38.14584665188434,1.0204921405645626,1.0204921405645626,0.6881355932203389,0.6881355932203389,0.9142857142857143,0.672316384180791,0.711864406779661,0.38181818181818183,1.0325,0.6686390532544378,anchor_multiscale_locked,40,0.85,0.5,3,1
294,1.1627118644067798,0.35034013605442177,0.3379032258064516,1.0368061305667853,0.5386788915084055,30.104355842635975,1.0368061305667853,1.0368061305667853,1.1627118644067798,1.1627118644067798,0.923994038748137,1.1073446327683616,1.2062146892655368,0.6045454545454545,1.8025,0.8512110726643599,anchor_multiscale_locked,40,0.85,0.5,3,2
172,0.6802259887005649,0.3372093023255814,0.3379032258064516,0.9979463839706944,0.5386788915084055,40.746932935779064,0.9979463839706944,0.9979463839706944,0.6802259887005649,0.6802259887005649,0.9142857142857143,0.652542372881356,0.711864406779661,0.3659090909090909,1.015,0.6467065868263473,anchor_multiscale_locked,40,0.85,0.5,4,1
290,1.1468926553672316,0.33793103448275863,0.3379032258064516,1.0000822977532713,0.5386788915084055,30.16380620867332,1.0000822977532713,1.0000822977532713,1.1468926553672316,1.1468926553672316,0.923994038748137,1.0875706214689267,1.2062146892655368,0.5886363636363636,1.75,0.8315789473684211,anchor_multiscale_locked,40,0.85,0.5,4,2
144,0.5694915254237288,0.3472222222222222,0.3379032258064516,1.0275788915407054,0.5386788915084055,45.861977955137576,1.0275788915407054,1.0275788915407054,0.5694915254237288,0.5694915254237288,0.8888888888888888,0.5338983050847458,0.5932203389830508,0.23863636363636365,0.91,0.60431654676259,anchor_multiscale_locked,40,0.85,0.65,3,1
263,1.0401129943502825,0.34600760456273766,0.3379032258064516,1.02398431899235,0.5386788915084055,32.158038380117134,1.02398431899235,1.02398431899235,1.0401129943502825,1.0401129943502825,0.906487968321657,0.9689265536723164,1.0677966101694916,0.44545454545454544,1.68,0.8410852713178295,anchor_multiscale_locked,40,0.85,0.65,3,2
143,0.5655367231638418,0.34265734265734266,0.3379032258064516,1.0140694627568136,0.5386788915084055,44.70055253560886,1.0140694627568136,1.0140694627568136,0.5655367231638418,0.5655367231638418,0.9195402298850576,0.5338983050847458,0.5932203389830508,0.23863636363636365,0.91,0.6231884057971014,anchor_multiscale_locked,40,0.85,0.65,4,1
260,1.0282485875706215,0.3423076923076923,0.3379032258064516,1.0130346979988984,0.5386788915084055,31.92681638899866,1.0130346979988984,1.0130346979988984,1.0282485875706215,1.0282485875706215,0.8309473042948523,0.9689265536723164,1.0677966101694916,0.44545454545454544,1.645,0.8392156862745098,anchor_multiscale_locked,40,0.85,0.65,4,2
255,1.0084745762711864,0.30196078431372547,0.3379032258064516,0.8936309607375169,0.5386788915084055,21.617390342486097,0.8936309607375169,0.8936309607375169,1.0084745762711864,1.0084745762711864,0.7843137254901961,1.0084745762711864,1.0084745762711864,1.0224719101123596,1.05,0.74,anchor_multiscale_locked,40,0.9,0.0,3,1
366,1.4474576271186441,0.33060109289617484,0.3379032258064516,0.9783898691915437,0.5386788915084055,23.0384363147941,0.9783898691915437,0.9783898691915437,1.4474576271186441,1.4474576271186441,0.9018181818181817,1.344632768361582,1.4830508474576272,1.2727272727272727,1.715,0.8725761772853186,anchor_multiscale_locked,40,0.9,0.0,3,2
250,0.9887005649717514,0.296,0.3379032258064516,0.8759904534606205,0.5386788915084055,19.9050159616661,0.8759904534606205,0.8759904534606205,0.9887005649717514,0.9887005649717514,0.7999999999999999,0.9887005649717514,0.9887005649717514,0.9545454545454546,1.05,0.7346938775510204,anchor_multiscale_locked,40,0.9,0.0,4,1
361,1.4276836158192092,0.3185595567867036,0.3379032258064516,0.9427538196074284,0.5386788915084055,20.31495176353384,0.9427538196074284,0.9427538196074284,1.4276836158192092,1.4276836158192092,0.9004786268361116,1.3248587570621468,1.463276836158192,1.1931818181818181,1.715,0.8539325842696629,anchor_multiscale_locked,40,0.9,0.0,4,2
190,0.7514124293785311,0.3631578947368421,0.3379032258064516,1.0747393543524684,0.5386788915084055,34.19750938230009,1.0747393543524684,1.0747393543524684,0.7514124293785311,0.7514124293785311,0.9824561403508771,0.7514124293785311,0.7514124293785311,0.4931818181818182,1.05,0.6594594594594595,anchor_multiscale_locked,40,0.9,0.3,3,1
300,1.1864406779661016,0.37333333333333335,0.3379032258064516,1.1048528241845665,0.5386788915084055,30.57771101760581,1.1048528241845665,1.1048528241845665,1.1864406779661016,1.1864406779661016,1.0094979647218454,1.0875706214689267,1.225988700564972,0.7318181818181818,1.715,0.8406779661016949,anchor_multiscale_locked,40,0.9,0.3,3,2
185,0.731638418079096,0.32972972972972975,0.3379032258064516,0.9758111333290331,0.5386788915084055,37.06531705127225,0.9758111333290331,0.9758111333290331,0.731638418079096,0.731638418079096,0.912280701754386,0.711864406779661,0.7514124293785311,0.44545454545454544,1.05,0.6333333333333333,anchor_multiscale_locked,40,0.9,0.3,4,1
295,1.1666666666666667,0.3423728813559322,0.3379032258064516,1.0132276202418995,0.5386788915084055,30.466361820595353,1.0132276202418995,1.0132276202418995,1.1666666666666667,1.1666666666666667,0.9777527457054351,1.0480225988700564,1.2062146892655368,0.6840909090909091,1.715,0.8172413793103448,anchor_multiscale_locked,40,0.9,0.3,4,2
174,0.6881355932203389,0.3505747126436782,0.3379032258064516,1.0375003429073053,0.5386788915084055,36.65891198635982,1.0375003429073053,1.0375003429073053,0.6881355932203389,0.6881355932203389,0.9142857142857143,0.672316384180791,0.711864406779661,0.38181818181818183,1.0325,0.6627218934911243,anchor_multiscale_locked,40,0.9,0.5,3,1
282,1.1152542372881356,0.36524822695035464,0.3379032258064516,1.080925540378138,0.5386788915084055,31.870489683681498,1.080925540378138,1.080925540378138,1.1152542372881356,1.1152542372881356,0.9553158705701078,1.0084745762711864,1.1666666666666667,0.6045454545454545,1.6974999999999998,0.8411552346570397,anchor_multiscale_locked,40,0.9,0.5,3,2
172,0.6802259887005649,0.3372093023255814,0.3379032258064516,0.9979463839706944,0.5386788915084055,38.362646958168845,0.9979463839706944,0.9979463839706944,0.6802259887005649,0.6802259887005649,0.9142857142857143,0.652542372881356,0.711864406779661,0.3659090909090909,1.015,0.6287425149700598,anchor_multiscale_locked,40,0.9,0.5,4,1
280,1.1073446327683616,0.3464285714285714,0.3379032258064516,1.0252301397886123,0.5386788915084055,30.93539014972198,1.0252301397886123,1.0252301397886123,1.1073446327683616,1.1073446327683616,0.9553158705701078,0.9887005649717514,1.1666666666666667,0.5886363636363636,1.68,0.8218181818181818,anchor_multiscale_locked,40,0.9,0.5,4,2
144,0.5694915254237288,0.3541666666666667,0.3379032258064516,1.0481304693715197,0.5386788915084055,44.06526523429545,1.0481304693715197,1.0481304693715197,0.5694915254237288,0.5694915254237288,0.8888888888888888,0.5338983050847458,0.5932203389830508,0.23863636363636365,0.91,0.5899280575539568,anchor_multiscale_locked,40,0.9,0.65,3,1
251,0.9926553672316385,0.36254980079681276,0.3379032258064516,1.072939744601546,0.5386788915084055,34.24048433081279,1.072939744601546,1.072939744601546,0.9926553672316385,0.9926553672316385,0.9755244755244754,0.8700564971751413,1.0282485875706215,0.44545454545454544,1.575,0.8211382113821138,anchor_multiscale_locked,40,0.9,0.65,3,2
143,0.5655367231638418,0.34265734265734266,0.3379032258064516,1.0140694627568136,0.5386788915084055,41.832740031070685,1.0140694627568136,1.0140694627568136,0.5655367231638418,0.5655367231638418,0.9195402298850576,0.5338983050847458,0.5932203389830508,0.23863636363636365,0.91,0.5942028985507246,anchor_multiscale_locked,40,0.9,0.65,4,1
250,0.9887005649717514,0.352,0.3379032258064516,1.0417183770883054,0.5386788915084055,32.861510810186175,1.0417183770883054,1.0417183770883054,0.9887005649717514,0.9887005649717514,0.9253731343283582,0.8700564971751413,1.0282485875706215,0.44545454545454544,1.575,0.8244897959183674,anchor_multiscale_locked,40,0.9,0.65,4,2
255,1.0084745762711864,0.3137254901960784,0.3379032258064516,0.9284477514156021,0.5386788915084055,23.080631615716396,0.9284477514156021,0.9284477514156021,1.0084745762711864,1.0084745762711864,0.8841354723707664,1.0084745762711864,1.0084745762711864,1.0224719101123596,1.05,0.764,anchor_multiscale_locked,60,0.75,0.0,3,1
386,1.5265536723163844,0.35233160621761656,0.3379032258064516,1.0426997415509416,0.5386788915084055,27.0611028885099,1.0426997415509416,1.0426997415509416,1.5265536723163844,1.5265536723163844,0.9881936245572609,1.4830508474576272,1.5819209039548023,1.209090909090909,1.8724999999999998,0.8923884514435696,anchor_multiscale_locked,60,0.75,0.0,3,2
250,0.9887005649717514,0.328,0.3379032258064516,0.970692124105012,0.5386788915084055,26.1557059879689,0.970692124105012,0.970692124105012,0.9887005649717514,0.9887005649717514,0.8454545454545453,0.9887005649717514,0.9887005649717514,0.9545454545454546,1.05,0.7714285714285715,anchor_multiscale_locked,60,0.75,0.0,4,1
381,1.5067796610169493,0.35170603674540685,0.3379032258064516,1.040848414234617,0.5386788915084055,27.200501075540743,1.040848414234617,1.040848414234617,1.5067796610169493,1.5067796610169493,0.9881936245572609,1.463276836158192,1.5621468926553672,1.1295454545454544,1.8724999999999998,0.8776595744680851,anchor_multiscale_locked,60,0.75,0.0,4,2
189,0.747457627118644,0.38095238095238093,0.3379032258064516,1.1274008410046596,0.5386788915084055,36.959140953496,1.1274008410046596,1.1274008410046596,0.747457627118644,0.747457627118644,1.0382775119617225,0.711864406779661,0.7711864406779662,0.46136363636363636,1.05,0.7010869565217391,anchor_multiscale_locked,60,0.75,0.3,3,1
318,1.257627118644068,0.39622641509433965,0.3379032258064516,1.1726032332147522,0.5386788915084055,34.41075429787594,1.1726032332147522,1.1726032332147522,1.257627118644068,1.257627118644068,1.1448863636363635,1.1864406779661016,1.3248587570621468,0.6363636363636364,1.8724999999999998,0.865814696485623,anchor_multiscale_locked,60,0.75,0.3,3,2
185,0.731638418079096,0.372972972972973,0.3379032258064516,1.1037863639295622,0.5386788915084055,44.791576232667246,1.1037863639295622,1.1037863639295622,0.731638418079096,0.731638418079096,0.9393939393939393,0.692090395480226,0.7711864406779662,0.42954545454545456,1.05,0.6888888888888889,anchor_multiscale_locked,60,0.75,0.3,4,1
314,1.2418079096045198,0.37898089171974525,0.3379032258064516,1.1215663621300338,0.5386788915084055,37.068785727588384,1.1215663621300338,1.1215663621300338,1.2418079096045198,1.2418079096045198,1.0454545454545454,1.1666666666666667,1.3248587570621468,0.6045454545454545,1.8724999999999998,0.8511326860841424,anchor_multiscale_locked,60,0.75,0.3,4,2
173,0.684180790960452,0.3699421965317919,0.3379032258064516,1.0948170016692649,0.5386788915084055,38.44196031419054,1.0948170016692649,1.0948170016692649,0.684180790960452,0.684180790960452,1.0176767676767675,0.632768361581921,0.711864406779661,0.35000000000000003,1.0325,0.7083333333333334,anchor_multiscale_locked,60,0.75,0.5,3,1
301,1.1903954802259888,0.3853820598006645,0.3379032258064516,1.140510153109365,0.5386788915084055,34.36273035576065,1.140510153109365,1.140510153109365,1.1903954802259888,1.1903954802259888,1.0163934426229508,1.1468926553672316,1.265536723163842,0.525,1.855,0.8682432432432432,anchor_multiscale_locked,60,0.75,0.5,3,2
170,0.672316384180791,0.3764705882352941,0.3379032258064516,1.1141373016987224,0.5386788915084055,43.23717294666682,1.1141373016987224,1.1141373016987224,0.672316384180791,0.672316384180791,1.0467532467532468,0.632768361581921,0.711864406779661,0.3181818181818182,1.015,0.6787878787878788,anchor_multiscale_locked,60,0.75,0.5,4,1
298,1.1785310734463277,0.37919463087248323,0.3379032258064516,1.1221989075939838,0.5386788915084055,35.26931119901235,1.1221989075939838,1.1221989075939838,1.1785310734463277,1.1785310734463277,1.0333333333333332,1.1271186440677967,1.265536723163842,0.4931818181818182,1.8375,0.8532423208191127,anchor_multiscale_locked,60,0.75,0.5,4,2
146,0.5774011299435028,0.3835616438356164,0.3379032258064516,1.1351227645731847,0.5386788915084055,46.19877470998867,1.1351227645731847,1.1351227645731847,0.5774011299435028,0.5774011299435028,1.0333333333333332,0.5536723163841808,0.5932203389830508,0.23863636363636365,0.91,0.6382978723404256,anchor_multiscale_locked,60,0.75,0.65,3,1
273,1.0796610169491525,0.38461538461538464,0.3379032258064516,1.1382412337066277,0.5386788915084055,36.448309597978124,1.1382412337066277,1.1382412337066277,1.0796610169491525,1.0796610169491525,1.024793388429752,1.0282485875706215,1.1271186440677967,0.39772727272727276,1.7325,0.8544776119402985,anchor_multiscale_locked,60,0.75,0.65,3,2
143,0.5655367231638418,0.3916083916083916,0.3379032258064516,1.1589365288649298,0.5386788915084055,47.92744655125679,1.1589365288649298,1.1589365288649298,0.5655367231638418,0.5655367231638418,1.0689655172413792,0.5536723163841808,0.5932203389830508,0.20681818181818182,0.91,0.6521739130434783,anchor_multiscale_locked,60,0.75,0.65,4,1
269,1.0638418079096046,0.3903345724907063,0.3379032258064516,1.1551667539104435,0.5386788915084055,37.56808128222981,1.1551667539104435,1.1551667539104435,1.0638418079096046,1.0638418079096046,1.0437710437710437,1.0084745762711864,1.1271186440677967,0.3659090909090909,1.715,0.8560606060606061,anchor_multiscale_locked,60,0.75,0.65,4,2
255,1.0084745762711864,0.30980392156862746,0.3379032258064516,0.9168421545229071,0.5386788915084055,23.169188838314156,0.9168421545229071,0.9168421545229071,1.0084745762711864,1.0084745762711864,0.8288770053475936,1.0084745762711864,1.0084745762711864,1.0224719101123596,1.05,0.76,anchor_multiscale_locked,60,0.8,0.0,3,1
378,1.494915254237288,0.35185185185185186,0.3379032258064516,1.0412799434279147,0.5386788915084055,27.771189816438813,1.0412799434279147,1.0412799434279147,1.494915254237288,1.494915254237288,0.9641148325358851,1.463276836158192,1.5225988700564972,1.1772727272727272,1.8724999999999998,0.8793565683646113,anchor_multiscale_locked,60,0.8,0.0,3,2
250,0.9887005649717514,0.32,0.3379032258064516,0.9470167064439141,0.5386788915084055,25.776148375126926,0.9470167064439141,0.9470167064439141,0.9887005649717514,0.9887005649717514,0.9018181818181817,0.9887005649717514,0.9887005649717514,0.9545454545454546,1.05,0.763265306122449,anchor_multiscale_locked,60,0.8,0.0,4,1
371,1.4672316384180792,0.3477088948787062,0.3379032258064516,1.0290191638415171,0.5386788915084055,27.682484761372166,1.0290191638415171,1.0290191638415171,1.4672316384180792,1.4672316384180792,0.9769696969696969,1.4435028248587571,1.4830508474576272,1.0977272727272729,1.8375,0.8661202185792349,anchor_multiscale_locked,60,0.8,0.0,4,2
189,0.747457627118644,0.37566137566137564,0.3379032258064516,1.111742495990706,0.5386788915084055,37.078622920492975,1.111742495990706,1.111742495990706,0.747457627118644,0.747457627118644,1.0382775119617225,0.711864406779661,0.7711864406779662,0.46136363636363636,1.05,0.6956521739130435,anchor_multiscale_locked,60,0.8,0.3,3,1
310,1.225988700564972,0.3967741935483871,0.3379032258064516,1.1742243436754178,0.5386788915084055,35.46627065281806,1.1742243436754178,1.1742243436754178,1.225988700564972,1.225988700564972,1.0665317480394638,1.1666666666666667,1.265536723163842,0.6045454545454545,1.8724999999999998,0.8524590163934426,anchor_multiscale_locked,60,0.8,0.3,3,2
185,0.731638418079096,0.3621621621621622,0.3379032258064516,1.07179255627943,0.5386788915084055,44.27866053963754,1.07179255627943,1.07179255627943,0.731638418079096,0.731638418079096,1.0176767676767675,0.692090395480226,0.7711864406779662,0.42954545454545456,1.05,0.6777777777777778,anchor_multiscale_locked,60,0.8,0.3,4,1
304,1.2022598870056498,0.375,0.3379032258064516,1.1097852028639619,0.5386788915084055,37.981610707732905,1.1097852028639619,1.1097852028639619,1.2022598870056498,1.2022598870056498,1.0803030303030303,1.1468926553672316,1.2457627118644068,0.5727272727272728,1.8375,0.8361204013377926,anchor_multiscale_locked,60,0.8,0.3,4,2
173,0.684180790960452,0.36416184971098264,0.3379032258064516,1.0777104860181825,0.5386788915084055,38.654644924679154,1.0777104860181825,1.0777104860181825,0.684180790960452,0.684180790960452,0.9393939393939393,0.632768361581921,0.711864406779661,0.35000000000000003,1.0325,0.7023809523809523,anchor_multiscale_locked,60,0.8,0.5,3,1
293,1.1587570621468928,0.3856655290102389,0.3379032258064516,1.1413490596007072,0.5386788915084055,35.52668333988091,1.1413490596007072,1.1413490596007072,1.1587570621468928,1.1587570621468928,0.9863636363636362,1.1271186440677967,1.2062146892655368,0.4931818181818182,1.855,0.8541666666666666,anchor_multiscale_locked,60,0.8,0.5,3,2
170,0.672316384180791,0.36470588235294116,0.3379032258064516,1.0793205110206374,0.5386788915084055,42.678999986605085,1.0793205110206374,1.0793205110206374,0.672316384180791,0.672316384180791,0.9662337662337662,0.632768361581921,0.711864406779661,0.3181818181818182,1.015,0.6666666666666666,anchor_multiscale_locked,60,0.8,0.5,4,1
288,1.1389830508474577,0.375,0.3379032258064516,1.1097852028639619,0.5386788915084055,36.17036692358934,1.1097852028639619,1.1097852028639619,1.1389830508474577,1.1389830508474577,1.003081664098613,1.1073446327683616,1.1864406779661016,0.46136363636363636,1.8025,0.8374558303886925,anchor_multiscale_locked,60,0.8,0.5,4,2
146,0.5774011299435028,0.3698630136986301,0.3379032258064516,1.0945826658384281,0.5386788915084055,45.38732911354119,1.0945826658384281,1.0945826658384281,0.5774011299435028,0.5774011299435028,0.9393939393939393,0.5536723163841808,0.5932203389830508,0.23863636363636365,0.91,0.624113475177305,anchor_multiscale_locked,60,0.8,0.65,3,1
266,1.0519774011299436,0.37969924812030076,0.3379032258064516,1.123692285606618,0.5386788915084055,36.61272746022729,1.123692285606618,1.123692285606618,1.0519774011299436,1.0519774011299436,0.9915824915824916,1.0084745762711864,1.0875706214689267,0.38181818181818183,1.7325,0.8390804597701149,anchor_multiscale_locked,60,0.8,0.65,3,2
143,0.5655367231638418,0.3776223776223776,0.3379032258064516,1.117545938548325,0.5386788915084055,47.02111495755437,1.117545938548325,1.117545938548325,0.5655367231638418,0.5655367231638418,0.9717868338557993,0.5536723163841808,0.5932203389830508,0.20681818181818182,0.91,0.6376811594202898,anchor_multiscale_locked,60,0.8,0.65,4,1
260,1.0282485875706215,0.38461538461538464,0.3379032258064516,1.1382412337066277,0.5386788915084055,37.906288016484844,1.1382412337066277,1.1382412337066277,1.0282485875706215,1.0282485875706215,1.0102915951972555,0.9887005649717514,1.0677966101694916,0.35000000000000003,1.68,0.8392156862745098,anchor_multiscale_locked,60,0.8,0.65,4,2
255,1.0084745762711864,0.30196078431372547,0.3379032258064516,0.8936309607375169,0.5386788915084055,22.58732837466218,0.8936309607375169,0.8936309607375169,1.0084745762711864,1.0084745762711864,0.8288770053475936,1.0084745762711864,1.0084745762711864,1.0224719101123596,1.05,0.752,anchor_multiscale_locked,60,0.85,0.0,3,1
374,1.4790960451977402,0.3342245989304813,0.3379032258064516,0.9891133715365079,0.5386788915084055,25.386588408149656,0.9891133715365079,0.9891133715365079,1.4790960451977402,1.4790960451977402,0.9393939393939393,1.4435028248587571,1.5225988700564972,1.1772727272727272,1.82,0.8861788617886179,anchor_multiscale_locked,60,0.85,0.0,3,2
250,0.9887005649717514,0.316,0.3379032258064516,0.9351789976133652,0.5386788915084055,26.932706685680905,0.9351789976133652,0.9351789976133652,0.9887005649717514,0.9887005649717514,0.8454545454545453,0.9887005649717514,0.9887005649717514,0.9545454545454546,1.05,0.7591836734693878,anchor_multiscale_locked,60,0.85,0.0,4,1
367,1.4514124293785313,0.33787465940054495,0.3379032258064516,0.9999154598011355,0.5386788915084055,26.829879125062043,0.9999154598011355,0.9999154598011355,1.4514124293785313,1.4514124293785313,0.9769696969696969,1.423728813559322,1.4830508474576272,1.0977272727272729,1.785,0.8701657458563536,anchor_multiscale_locked,60,0.85,0.0,4,2
188,0.7435028248587571,0.3670212765957447,0.3379032258064516,1.0861727517391968,0.5386788915084055,36.38176416932347,1.0861727517391968,1.0861727517391968,0.7435028248587571,0.7435028248587571,1.0382775119617225,0.711864406779661,0.7514124293785311,0.46136363636363636,1.05,0.6775956284153005,anchor_multiscale_locked,60,0.85,0.3,3,1
305,1.2062146892655368,0.3770491803278688,0.3379032258064516,1.1158496028796119,0.5386788915084055,32.69476907048718,1.1158496028796119,1.1158496028796119,1.2062146892655368,1.2062146892655368,1.0211013896037056,1.1468926553672316,1.2457627118644068,0.6045454545454545,1.82,0.8566666666666667,anchor_multiscale_locked,60,0.85,0.3,3,2
184,0.727683615819209,0.358695652173913,0.3379032258064516,1.0615336723046591,0.5386788915084055,46.02856629217611,1.0615336723046591,1.0615336723046591,0.727683615819209,0.727683615819209,0.9393939393939393,0.692090395480226,0.7514124293785311,0.42954545454545456,1.05,0.664804469273743,anchor_multiscale_locked,60,0.85,0.3,4,1
299,1.1824858757062147,0.36454849498327757,0.3379032258064516,1.0788547345567165,0.5386788915084055,37.16166510992796,1.0788547345567165,1.0788547345567165,1.1824858757062147,1.1824858757062147,1.0333333333333332,1.1271186440677967,1.2062146892655368,0.5727272727272728,1.785,0.8367346938775511,anchor_multiscale_locked,60,0.85,0.3,4,2
172,0.6802259887005649,0.3546511627906977,0.3379032258064516,1.0495643003829718,0.5386788915084055,37.9021250222624,1.0495643003829718,1.0495643003829718,0.6802259887005649,0.6802259887005649,0.9393939393939393,0.632768361581921,0.711864406779661,0.35000000000000003,1.0325,0.6826347305389222,anchor_multiscale_locked,60,0.85,0.5,3,1
288,1.1389830508474577,0.3680555555555556,0.3379032258064516,1.0892336250331478,0.5386788915084055,32.84054384530529,1.0892336250331478,1.0892336250331478,1.1389830508474577,1.1389830508474577,0.9914712153518124,1.1073446327683616,1.1666666666666667,0.4931818181818182,1.8025,0.8586572438162544,anchor_multiscale_locked,60,0.85,0.5,3,2
169,0.6683615819209039,0.3609467455621302,0.3379032258064516,1.0681956193246813,0.5386788915084055,44.574757370711964,1.0681956193246813,1.0681956193246813,0.6683615819209039,0.6683615819209039,0.9662337662337662,0.632768361581921,0.692090395480226,0.3181818181818182,1.015,0.6524390243902439,anchor_multiscale_locked,60,0.85,0.5,4,1
283,1.1192090395480228,0.36395759717314485,0.3379032258064516,1.0771060155004764,0.5386788915084055,35.272063203927175,1.0771060155004764,1.0771060155004764,1.1192090395480228,1.1192090395480228,1.0203761755485894,1.0875706214689267,1.1468926553672316,0.46136363636363636,1.75,0.8381294964028777,anchor_multiscale_locked,60,0.85,0.5,4,2
145,0.5734463276836158,0.3586206896551724,0.3379032258064516,1.061311826187145,0.5386788915084055,44.541117120252785,1.061311826187145,1.061311826187145,0.5734463276836158,0.5734463276836158,0.9393939393939393,0.5536723163841808,0.5932203389830508,0.23863636363636365,0.91,0.6071428571428571,anchor_multiscale_locked,60,0.85,0.65,3,1
261,1.0322033898305085,0.36398467432950193,0.3379032258064516,1.077186148373705,0.5386788915084055,33.93916341406245,1.077186148373705,1.077186148373705,1.0322033898305085,1.0322033898305085,1.0102915951972555,0.9887005649717514,1.0480225988700564,0.38181818181818183,1.68,0.83984375,anchor_multiscale_locked,60,0.85,0.65,3,2
141,0.5576271186440678,0.36879432624113473,0.3379032258064516,1.0914199631002555,0.5386788915084055,47.612186991630026,1.0914199631002555,1.0914199631002555,0.5576271186440678,0.5576271186440678,0.9717868338557993,0.5536723163841808,0.5734463276836158,0.19090909090909092,0.91,0.6176470588235294,anchor_multiscale_locked,60,0.85,0.65,4,1
255,1.0084745762711864,0.3686274509803922,0.3379032258064516,1.0909261079133326,0.5386788915084055,35.8923637127772,1.0909261079133326,1.0909261079133326,1.0084745762711864,1.0084745762711864,1.0297202797202796,0.9887005649717514,1.0282485875706215,0.3340909090909091,1.645,0.84,anchor_multiscale_locked,60,0.85,0.65,4,2
255,1.0084745762711864,0.30196078431372547,0.3379032258064516,0.8936309607375169,0.5386788915084055,21.426897241861496,0.8936309607375169,0.8936309607375169,1.0084745762711864,1.0084745762711864,0.7843137254901961,1.0084745762711864,1.0084745762711864,1.0224719101123596,1.05,0.744,anchor_multiscale_locked,60,0.9,0.0,3,1
363,1.435593220338983,0.3333333333333333,0.3379032258064516,0.9864757358790771,0.5386788915084055,24.405141332854704,0.9864757358790771,0.9864757358790771,1.435593220338983,1.435593220338983,0.9265255292652552,1.364406779661017,1.4830508474576272,1.1772727272727272,1.715,0.8798882681564246,anchor_multiscale_locked,60,0.9,0.0,3,2
250,0.9887005649717514,0.312,0.3379032258064516,0.9233412887828163,0.5386788915084055,25.007029104804424,0.9233412887828163,0.9233412887828163,0.9887005649717514,0.9887005649717514,0.8454545454545453,0.9887005649717514,0.9887005649717514,0.9545454545454546,1.05,0.746938775510204,anchor_multiscale_locked,60,0.9,0.0,4,1
358,1.415819209039548,0.3324022346368715,0.3379032258064516,0.9837202170637726,0.5386788915084055,25.373398645869507,0.9837202170637726,0.9837202170637726,1.415819209039548,1.415819209039548,0.9629629629629629,1.344632768361582,1.463276836158192,1.0977272727272729,1.715,0.8640226628895185,anchor_multiscale_locked,60,0.9,0.0,4,2
188,0.7435028248587571,0.3670212765957447,0.3379032258064516,1.0861727517391968,0.5386788915084055,34.807775132811905,1.0861727517391968,1.0861727517391968,0.7435028248587571,0.7435028248587571,0.9824561403508771,0.711864406779661,0.7514124293785311,0.46136363636363636,1.05,0.6612021857923497,anchor_multiscale_locked,60,0.9,0.3,3,1
295,1.1666666666666667,0.37966101694915255,0.3379032258064516,1.1235791432385422,0.5386788915084055,32.86516135892967,1.1235791432385422,1.1235791432385422,1.1666666666666667,1.1666666666666667,1.0281923714759538,1.0677966101694916,1.2062146892655368,0.6045454545454545,1.715,0.8482758620689655,anchor_multiscale_locked,60,0.9,0.3,3,2
184,0.727683615819209,0.3532608695652174,0.3379032258064516,1.0454498287848917,0.5386788915084055,43.41215653555046,1.0454498287848917,1.0454498287848917,0.727683615819209,0.727683615819209,0.9393939393939393,0.692090395480226,0.7514124293785311,0.42954545454545456,1.05,0.6480446927374302,anchor_multiscale_locked,60,0.9,0.3,4,1
291,1.1508474576271188,0.36082474226804123,0.3379032258064516,1.0678345594567331,0.5386788915084055,36.40139425406368,1.0678345594567331,1.0678345594567331,1.1508474576271188,1.1508474576271188,0.9777527457054351,1.0480225988700564,1.1864406779661016,0.5727272727272728,1.715,0.8286713286713286,anchor_multiscale_locked,60,0.9,0.3,4,2
172,0.6802259887005649,0.3546511627906977,0.3379032258064516,1.0495643003829718,0.5386788915084055,36.18171840095906,1.0495643003829718,1.0495643003829718,0.6802259887005649,0.6802259887005649,0.9142857142857143,0.632768361581921,0.711864406779661,0.35000000000000003,1.0325,0.6646706586826348,anchor_multiscale_locked,60,0.9,0.5,3,1
278,1.0994350282485876,0.37050359712230213,0.3379032258064516,1.0964784258512044,0.5386788915084055,33.026599502998515,1.0964784258512044,1.0964784258512044,1.0994350282485876,1.0994350282485876,0.9888357256778308,1.0282485875706215,1.1271186440677967,0.4931818181818182,1.6974999999999998,0.8498168498168498,anchor_multiscale_locked,60,0.9,0.5,3,2
169,0.6683615819209039,0.35502958579881655,0.3379032258064516,1.0506842157291947,0.5386788915084055,41.72612189604261,1.0506842157291947,1.0506842157291947,0.6683615819209039,0.6683615819209039,0.9411764705882354,0.632768361581921,0.692090395480226,0.3181818181818182,1.015,0.6341463414634146,anchor_multiscale_locked,60,0.9,0.5,4,1
275,1.0875706214689267,0.36,0.3379032258064516,1.0653937947494034,0.5386788915084055,34.41258817009259,1.0653937947494034,1.0653937947494034,1.0875706214689267,1.0875706214689267,1.0064935064935066,1.0084745762711864,1.1271186440677967,0.46136363636363636,1.68,0.8296296296296296,anchor_multiscale_locked,60,0.9,0.5,4,2
145,0.5734463276836158,0.3586206896551724,0.3379032258064516,1.061311826187145,0.5386788915084055,42.50035892118951,1.061311826187145,1.061311826187145,0.5734463276836158,0.5734463276836158,0.8888888888888888,0.5536723163841808,0.5932203389830508,0.23863636363636365,0.91,0.5785714285714286,anchor_multiscale_locked,60,0.9,0.65,3,1
251,0.9926553672316385,0.3665338645418327,0.3379032258064516,1.0847302912455192,0.5386788915084055,34.18900273090024,1.0847302912455192,1.0847302912455192,0.9926553672316385,0.9926553672316385,0.9946524064171123,0.9096045197740114,1.0282485875706215,0.38181818181818183,1.575,0.8211382113821138,anchor_multiscale_locked,60,0.9,0.65,3,2
141,0.5576271186440678,0.3617021276595745,0.3379032258064516,1.07043111765602,0.5386788915084055,44.19786503972138,1.07043111765602,1.07043111765602,0.5576271186440678,0.5576271186440678,0.9523809523809524,0.5536723163841808,0.5734463276836158,0.19090909090909092,0.91,0.5955882352941176,anchor_multiscale_locked,60,0.9,0.65,4,1
247,0.9768361581920904,0.3643724696356275,0.3379032258064516,1.0783338003536471,0.5386788915084055,34.95554901547472,1.0783338003536471,1.0783338003536471,0.9768361581920904,0.9768361581920904,0.9656067488643738,0.9096045197740114,1.0084745762711864,0.3340909090909091,1.575,0.8305785123966942,anchor_multiscale_locked,60,0.9,0.65,4,2
255,1.0084745762711864,0.30196078431372547,0.3379032258064516,0.8936309607375169,0.5825743679487441,9.098413696736737,0.8936309607375169,0.8936309607375169,1.0084745762711864,1.0084745762711864,0.8366013071895425,1.0084745762711864,1.0084745762711864,1.0224719101123596,1.05,0.716,quarterly_reset_hist_anchor50,10,0.75,0.0,3,1
396,1.5661016949152544,0.3005050505050505,0.3379032258064516,0.8893228224970469,0.5825743679487441,12.383321953826027,0.8893228224970469,0.8893228224970469,1.5661016949152544,1.5661016949152544,0.8177777777777777,1.4830508474576272,1.6016949152542375,1.4000000000000001,1.8136363636363637,0.8746803069053708,quarterly_reset_hist_anchor50,10,0.75,0.0,3,2
254,1.0045197740112994,0.29133858267716534,0.3379032258064516,0.8621953282092721,0.5825743679487441,12.819589255932343,0.8621953282092721,0.8621953282092721,1.0045197740112994,1.0045197740112994,0.7466666666666667,0.9887005649717514,1.0084745762711864,1.0181818181818183,1.05,0.7028112449799196,quarterly_reset_hist_anchor50,10,0.75,0.0,4,1
392,1.5502824858757065,0.30357142857142855,0.3379032258064516,0.8983975451755881,0.5825743679487441,11.488305959103553,0.8983975451755881,0.8983975451755881,1.5502824858757065,1.5502824858757065,0.8036529680365296,1.4435028248587571,1.6016949152542375,1.4000000000000001,1.7977272727272728,0.8682170542635659,quarterly_reset_hist_anchor50,10,0.75,0.0,4,2
241,0.9531073446327685,0.3029045643153527,0.3379032258064516,0.8964240089523564,0.5825743679487441,4.45932137206092,0.8964240089523564,0.8964240089523564,0.9531073446327685,0.9531073446327685,0.8309473042948523,0.9293785310734464,0.9887005649717514,0.9068181818181819,1.05,0.6567796610169492,quarterly_reset_hist_anchor50,10,0.75,0.3,3,1
373,1.475141242937853,0.30563002680965146,0.3379032258064516,0.9044898168113791,0.5825743679487441,10.01211583061736,0.9044898168113791,0.9044898168113791,1.475141242937853,1.475141242937853,0.8427556379363609,1.4039548022598871,1.5423728813559323,1.240909090909091,1.785,0.8369565217391305,quarterly_reset_hist_anchor50,10,0.75,0.3,3,2
233,0.9214689265536724,0.3218884120171674,0.3379032258064516,0.9526053243467484,0.5825743679487441,14.84482314360825,0.9526053243467484,0.9526053243467484,0.9214689265536724,0.9214689265536724,0.9090909090909091,0.8700564971751413,0.9689265536723164,0.8494382022471911,1.05,0.6359649122807017,quarterly_reset_hist_anchor50,10,0.75,0.3,4,1
363,1.435593220338983,0.32231404958677684,0.3379032258064516,0.9538649677508432,0.5825743679487441,15.459278814088497,0.9538649677508432,0.9538649677508432,1.435593220338983,1.435593220338983,0.9042485732403298,1.3248587570621468,1.5028248587570623,1.1931818181818181,1.7674999999999998,0.8240223463687151,quarterly_reset_hist_anchor50,10,0.75,0.3,4,2
228,0.9016949152542374,0.31140350877192985,0.3379032258064516,0.9215760164133485,0.5825743679487441,6.357646385710025,0.9215760164133485,0.9215760164133485,0.9016949152542374,0.9016949152542374,0.868217054263566,0.8502824858757062,0.9689265536723164,0.8590909090909091,1.0181818181818183,0.5964125560538116,quarterly_reset_hist_anchor50,10,0.75,0.5,3,1
357,1.4118644067796613,0.3137254901960784,0.3379032258064516,0.9284477514156021,0.5825743679487441,11.511634747580045,0.9284477514156021,0.9284477514156021,1.4118644067796613,1.4118644067796613,0.8649334178820546,1.305084745762712,1.5028248587570623,1.1931818181818181,1.7340909090909091,0.8096590909090909,quarterly_reset_hist_anchor50,10,0.75,0.5,3,2
221,0.8740112994350283,0.3031674208144796,0.3379032258064516,0.897201913627577,0.5825743679487441,12.705055053359686,0.897201913627577,0.897201913627577,0.8740112994350283,0.8740112994350283,0.8714859437751005,0.8107344632768362,0.9491525423728814,0.7865168539325843,1.0181818181818183,0.5925925925925926,quarterly_reset_hist_anchor50,10,0.75,0.5,4,1
343,1.356497175141243,0.3119533527696793,0.3379032258064516,0.9232032397002442,0.5825743679487441,14.072180978641951,0.9232032397002442,0.9232032397002442,1.356497175141243,1.356497175141243,0.8479322696190166,1.2457627118644068,1.463276836158192,1.1325842696629214,1.7340909090909091,0.7988165680473372,quarterly_reset_hist_anchor50,10,0.75,0.5,4,2
185,0.731638418079096,0.2810810810810811,0.3379032258064516,0.8318389989034382,0.5825743679487441,9.268393593344888,0.8318389989034382,0.8318389989034382,0.731638418079096,0.731638418079096,0.6818538884524745,0.612994350282486,0.7909604519774012,0.5820224719101125,0.9227272727272727,0.55,quarterly_reset_hist_anchor50,10,0.75,0.65,3,1
302,1.1943502824858758,0.2947019867549669,0.3379032258064516,0.8721490777473961,0.5825743679487441,11.742388196468417,0.8721490777473961,0.8721490777473961,1.1943502824858758,1.1943502824858758,0.7692307692307692,1.0282485875706215,1.2853107344632768,0.8651685393258427,1.6227272727272726,0.7912457912457912,quarterly_reset_hist_anchor50,10,0.75,0.65,3,2
177,0.7,0.288135593220339,0.3379032258064516,0.8527163140649651,0.5825743679487441,12.054175898359807,0.8527163140649651,0.8527163140649651,0.7,0.7,0.7111111111111111,0.5932203389830508,0.7711864406779662,0.5348314606741573,0.9227272727272727,0.5290697674418605,quarterly_reset_hist_anchor50,10,0.75,0.65,4,1
292,1.1548022598870056,0.3013698630136986,0.3379032258064516,0.891882172164645,0.5825743679487441,13.603046004345654,0.891882172164645,0.891882172164645,1.1548022598870056,1.1548022598870056,0.7999999999999999,0.9887005649717514,1.265536723163842,0.8179775280898877,1.6227272727272726,0.7735191637630662,quarterly_reset_hist_anchor50,10,0.75,0.65,4,2
255,1.0084745762711864,0.3058823529411765,0.3379032258064516,0.905236557630212,0.5825743679487441,9.288222476373035,0.905236557630212,0.905236557630212,1.0084745762711864,1.0084745762711864,0.8366013071895425,1.0084745762711864,1.0084745762711864,1.0224719101123596,1.05,0.716,quarterly_reset_hist_anchor50,10,0.8,0.0,3,1
396,1.5661016949152544,0.30808080808080807,0.3379032258064516,0.9117427255852076,0.5825743679487441,12.630089945214657,0.9117427255852076,0.9117427255852076,1.5661016949152544,1.5661016949152544,0.8177777777777777,1.4830508474576272,1.6016949152542375,1.4000000000000001,1.8136363636363637,0.8746803069053708,quarterly_reset_hist_anchor50,10,0.8,0.0,3,2
254,1.0045197740112994,0.2952755905511811,0.3379032258064516,0.8738466164283163,0.5825743679487441,12.942299659725927,0.8738466164283163,0.8738466164283163,1.0045197740112994,1.0045197740112994,0.7466666666666667,0.9887005649717514,1.0084745762711864,1.0181818181818183,1.05,0.6987951807228916,quarterly_reset_hist_anchor50,10,0.8,0.0,4,1
392,1.5502824858757065,0.30612244897959184,0.3379032258064516,0.9059471043787444,0.5825743679487441,11.567817292173888,0.9059471043787444,0.9059471043787444,1.5502824858757065,1.5502824858757065,0.8036529680365296,1.4435028248587571,1.6016949152542375,1.4000000000000001,1.7977272727272728,0.8682170542635659,quarterly_reset_hist_anchor50,10,0.8,0.0,4,2
241,0.9531073446327685,0.3070539419087137,0.3379032258064516,0.9087037898969094,0.5825743679487441,4.660156387858663,0.9087037898969094,0.9087037898969094,0.9531073446327685,0.9531073446327685,0.8309473042948523,0.9293785310734464,0.9887005649717514,0.9068181818181819,1.05,0.6567796610169492,quarterly_reset_hist_anchor50,10,0.8,0.3,3,1
373,1.475141242937853,0.30831099195710454,0.3379032258064516,0.9124239380114789,0.5825743679487441,10.141877864953168,0.9124239380114789,0.9124239380114789,1.475141242937853,1.475141242937853,0.863849765258216,1.4039548022598871,1.5423728813559323,1.240909090909091,1.785,0.8369565217391305,quarterly_reset_hist_anchor50,10,0.8,0.3,3,2
233,0.9214689265536724,0.3261802575107296,0.3379032258064516,0.9653067286713717,0.5825743679487441,14.978593283366063,0.9653067286713717,0.9653067286713717,0.9214689265536724,0.9214689265536724,0.9090909090909091,0.8700564971751413,0.9689265536723164,0.8494382022471911,1.05,0.631578947368421,quarterly_reset_hist_anchor50,10,0.8,0.3,4,1
363,1.435593220338983,0.325068870523416,0.3379032258064516,0.9620176597829018,0.5825743679487441,15.545142292225057,0.9620176597829018,0.9620176597829018,1.435593220338983,1.435593220338983,0.9154228855721392,1.3248587570621468,1.5028248587570623,1.1931818181818181,1.7674999999999998,0.8240223463687151,quarterly_reset_hist_anchor50,10,0.8,0.3,4,2
228,0.9016949152542374,0.31140350877192985,0.3379032258064516,0.9215760164133485,0.5825743679487441,6.136496710107508,0.9215760164133485,0.9215760164133485,0.9016949152542374,0.9016949152542374,0.868217054263566,0.8502824858757062,0.9689265536723164,0.8590909090909091,1.0181818181818183,0.5919282511210763,quarterly_reset_hist_anchor50,10,0.8,0.5,3,1
356,1.407909604519774,0.3146067415730337,0.3379032258064516,0.9310557507173313,0.5825743679487441,11.306267507322838,0.9310557507173313,0.9310557507173313,1.407909604519774,1.407909604519774,0.8764658634538153,1.305084745762712,1.4830508474576272,1.1931818181818181,1.7340909090909091,0.8062678062678063,quarterly_reset_hist_anchor50,10,0.8,0.5,3,2
221,0.8740112994350283,0.3031674208144796,0.3379032258064516,0.897201913627577,0.5825743679487441,12.476900636900982,0.897201913627577,0.897201913627577,0.8740112994350283,0.8740112994350283,0.8714859437751005,0.8107344632768362,0.9491525423728814,0.7865168539325843,1.0181818181818183,0.5879629629629629,quarterly_reset_hist_anchor50,10,0.8,0.5,4,1
342,1.3525423728813561,0.3128654970760234,0.3379032258064516,0.9259026643777304,0.5825743679487441,13.865893869576148,0.9259026643777304,0.9259026643777304,1.3525423728813561,1.3525423728813561,0.8595477801617428,1.2457627118644068,1.4435028248587571,1.1325842696629214,1.7340909090909091,0.7952522255192879,quarterly_reset_hist_anchor50,10,0.8,0.5,4,2
185,0.731638418079096,0.2810810810810811,0.3379032258064516,0.8318389989034382,0.5825743679487441,8.995841560710433,0.8318389989034382,0.8318389989034382,0.731638418079096,0.731638418079096,0.6818538884524745,0.612994350282486,0.7909604519774012,0.5820224719101125,0.9227272727272727,0.5444444444444444,quarterly_reset_hist_anchor50,10,0.8,0.65,3,1
301,1.1903954802259888,0.2956810631229236,0.3379032258064516,0.8750465829890818,0.5825743679487441,11.50026200350271,0.8750465829890818,0.8750465829890818,1.1903954802259888,1.1903954802259888,0.7692307692307692,1.0282485875706215,1.265536723163842,0.8651685393258427,1.6227272727272726,0.7871621621621622,quarterly_reset_hist_anchor50,10,0.8,0.65,3,2
177,0.7,0.288135593220339,0.3379032258064516,0.8527163140649651,0.5825743679487441,11.769305129787071,0.8527163140649651,0.8527163140649651,0.7,0.7,0.7111111111111111,0.5932203389830508,0.7711864406779662,0.5348314606741573,0.9227272727272727,0.5232558139534884,quarterly_reset_hist_anchor50,10,0.8,0.65,4,1
291,1.1508474576271188,0.3024054982817869,0.3379032258064516,0.8949470593542143,0.5825743679487441,13.358993336734654,0.8949470593542143,0.8949470593542143,1.1508474576271188,1.1508474576271188,0.7999999999999999,0.9887005649717514,1.2457627118644068,0.8179775280898877,1.6227272727272726,0.7692307692307693,quarterly_reset_hist_anchor50,10,0.8,0.65,4,2
255,1.0084745762711864,0.3058823529411765,0.3379032258064516,0.905236557630212,0.5825743679487441,15.035003105697346,0.905236557630212,0.905236557630212,1.0084745762711864,1.0084745762711864,0.8366013071895425,1.0084745762711864,1.0084745762711864,1.0224719101123596,1.05,0.744,quarterly_reset_hist_anchor50,10,0.85,0.0,3,1
375,1.4830508474576272,0.296,0.3379032258064516,0.8759904534606205,0.5825743679487441,14.85616600927029,0.8759904534606205,0.8759904534606205,1.4830508474576272,1.4830508474576272,0.730593607305936,1.4435028248587571,1.5225988700564972,1.3363636363636364,1.7659090909090909,0.8918918918918919,quarterly_reset_hist_anchor50,10,0.85,0.0,3,2
253,1.0005649717514125,0.308300395256917,0.3379032258064516,0.9123925778486327,0.5825743679487441,17.801534752215854,0.9123925778486327,0.9123925778486327,1.0005649717514125,1.0005649717514125,0.8454545454545453,0.9887005649717514,1.0084745762711864,1.0022727272727272,1.05,0.7217741935483871,quarterly_reset_hist_anchor50,10,0.85,0.0,4,1
368,1.455367231638418,0.30434782608695654,0.3379032258064516,0.9006952371069836,0.5825743679487441,14.825204938375725,0.9006952371069836,0.9006952371069836,1.455367231638418,1.455367231638418,0.7887323943661971,1.4039548022598871,1.5225988700564972,1.3045454545454545,1.75,0.8787878787878788,quarterly_reset_hist_anchor50,10,0.85,0.0,4,2
240,0.9491525423728814,0.3125,0.3379032258064516,0.9248210023866349,0.5825743679487441,11.890548291829683,0.9248210023866349,0.9248210023866349,0.9491525423728814,0.9491525423728814,0.8309473042948523,0.9096045197740114,0.9887005649717514,0.9068181818181819,1.05,0.6595744680851063,quarterly_reset_hist_anchor50,10,0.85,0.3,3,1
355,1.4039548022598871,0.30140845070422534,0.3379032258064516,0.8919963696258698,0.5825743679487441,12.16032889621096,0.8919963696258698,0.8919963696258698,1.4039548022598871,1.4039548022598871,0.823529411764706,1.344632768361582,1.4830508474576272,1.1772727272727272,1.7340909090909091,0.8371428571428572,quarterly_reset_hist_anchor50,10,0.85,0.3,3,2
230,0.9096045197740114,0.34782608695652173,0.3379032258064516,1.029365985265124,0.5825743679487441,23.144257529612467,1.029365985265124,1.029365985265124,0.9096045197740114,0.9096045197740114,0.9959839357429718,0.8502824858757062,0.9491525423728814,0.8337078651685393,1.05,0.6355555555555555,quarterly_reset_hist_anchor50,10,0.85,0.3,4,1
341,1.348587570621469,0.3313782991202346,0.3379032258064516,0.9806899544369712,0.5825743679487441,19.251458751103282,0.9806899544369712,0.9806899544369712,1.348587570621469,1.348587570621469,0.9166666666666666,1.265536723163842,1.4039548022598871,1.0977272727272729,1.7181818181818183,0.8154761904761905,quarterly_reset_hist_anchor50,10,0.85,0.3,4,2
226,0.8937853107344633,0.3185840707964602,0.3379032258064516,0.9428263670348702,0.5825743679487441,12.884016149929224,0.9428263670348702,0.9428263670348702,0.8937853107344633,0.8937853107344633,0.914679124661913,0.8305084745762712,0.9689265536723164,0.8494382022471911,1.0022727272727272,0.5927601809954751,quarterly_reset_hist_anchor50,10,0.85,0.5,3,1
337,1.332768361581921,0.3086053412462908,0.3379032258064516,0.9132950433064454,0.5825743679487441,12.88148381765162,0.9132950433064454,0.9132950433064454,1.332768361581921,1.332768361581921,0.8465608465608465,1.2457627118644068,1.423728813559322,1.1295454545454544,1.6704545454545454,0.7951807228915663,quarterly_reset_hist_anchor50,10,0.85,0.5,3,2
216,0.8542372881355933,0.3194444444444444,0.3379032258064516,0.945372580217449,0.5825743679487441,19.998998341137284,0.945372580217449,0.945372580217449,0.8542372881355933,0.8542372881355933,0.8900281978979749,0.7909604519774012,0.9293785310734464,0.7707865168539327,1.0022727272727272,0.5781990521327014,quarterly_reset_hist_anchor50,10,0.85,0.5,4,1
321,1.269491525423729,0.3146417445482866,0.3379032258064516,0.9311593394746429,0.5825743679487441,16.844685656483076,0.9311593394746429,0.9311593394746429,1.269491525423729,1.269491525423729,0.8703208556149733,1.1864406779661016,1.344632768361582,1.05,1.6704545454545454,0.7753164556962026,quarterly_reset_hist_anchor50,10,0.85,0.5,4,2
178,0.703954802259887,0.29213483146067415,0.3379032258064516,0.8645517685232362,0.5825743679487441,17.46533900392977,0.8645517685232362,0.8645517685232362,0.703954802259887,0.703954802259887,0.7002823719241631,0.5734463276836158,0.7711864406779662,0.5662921348314607,0.875,0.5144508670520231,quarterly_reset_hist_anchor50,10,0.85,0.65,3,1
281,1.1112994350282488,0.29537366548042704,0.3379032258064516,0.8741368620423139,0.5825743679487441,15.305835307378645,0.8741368620423139,0.8741368620423139,1.1112994350282488,1.1112994350282488,0.7074829931972789,0.9689265536723164,1.1864406779661016,0.8337078651685393,1.5113636363636365,0.7644927536231884,quarterly_reset_hist_anchor50,10,0.85,0.65,3,2
167,0.6604519774011299,0.31137724550898205,0.3379032258064516,0.9214982921984195,0.5825743679487441,21.039316966542703,0.9214982921984195,0.9214982921984195,0.6604519774011299,0.6604519774011299,0.7851650836725464,0.5536723163841808,0.7514124293785311,0.5191011235955056,0.875,0.49382716049382713,quarterly_reset_hist_anchor50,10,0.85,0.65,4,1
264,1.0440677966101695,0.3106060606060606,0.3379032258064516,0.9192160266145947,0.5825743679487441,18.074575619353254,0.9192160266145947,0.9192160266145947,1.0440677966101695,1.0440677966101695,0.753623188405797,0.9096045197740114,1.1271186440677967,0.7865168539325843,1.4795454545454547,0.7335907335907336,quarterly_reset_hist_anchor50,10,0.85,0.65,4,2
255,1.0084745762711864,0.3058823529411765,0.3379032258064516,0.905236557630212,0.5825743679487441,15.035003105697346,0.905236557630212,0.905236557630212,1.0084745762711864,1.0084745762711864,0.8366013071895425,1.0084745762711864,1.0084745762711864,1.0224719101123596,1.05,0.744,quarterly_reset_hist_anchor50,10,0.9,0.0,3,1
370,1.463276836158192,0.2918918918918919,0.3379032258064516,0.8638328065535703,0.5825743679487441,14.70930802116643,0.8638328065535703,0.8638328065535703,1.463276836158192,1.463276836158192,0.730593607305936,1.4435028248587571,1.4830508474576272,1.3045454545454545,1.7340909090909091,0.8876712328767123,quarterly_reset_hist_anchor50,10,0.9,0.0,3,2
253,1.0005649717514125,0.308300395256917,0.3379032258064516,0.9123925778486327,0.5825743679487441,17.801534752215854,0.9123925778486327,0.9123925778486327,1.0005649717514125,1.0005649717514125,0.8454545454545453,0.9887005649717514,1.0084745762711864,1.0022727272727272,1.05,0.7217741935483871,quarterly_reset_hist_anchor50,10,0.9,0.0,4,1
363,1.435593220338983,0.2975206611570248,0.3379032258064516,0.8804907394623168,0.5825743679487441,14.386223129081861,0.8804907394623168,0.8804907394623168,1.435593220338983,1.435593220338983,0.7619047619047619,1.384180790960452,1.4830508474576272,1.2727272727272727,1.7022727272727272,0.8743016759776536,quarterly_reset_hist_anchor50,10,0.9,0.0,4,2
240,0.9491525423728814,0.3125,0.3379032258064516,0.9248210023866349,0.5825743679487441,11.890548291829683,0.9248210023866349,0.9248210023866349,0.9491525423728814,0.9491525423728814,0.8309473042948523,0.9096045197740114,0.9887005649717514,0.9068181818181819,1.05,0.6595744680851063,quarterly_reset_hist_anchor50,10,0.9,0.3,3,1
350,1.384180790960452,0.29714285714285715,0.3379032258064516,0.8793726559836346,0.5825743679487441,11.966567064314606,0.8793726559836346,0.8793726559836346,1.384180790960452,1.384180790960452,0.823529411764706,1.344632768361582,1.4435028248587571,1.1454545454545455,1.7022727272727272,0.8347826086956521,quarterly_reset_hist_anchor50,10,0.9,0.3,3,2
230,0.9096045197740114,0.34782608695652173,0.3379032258064516,1.029365985265124,0.5825743679487441,23.144257529612467,1.029365985265124,1.029365985265124,0.9096045197740114,0.9096045197740114,0.9959839357429718,0.8502824858757062,0.9491525423728814,0.8337078651685393,1.05,0.6355555555555555,quarterly_reset_hist_anchor50,10,0.9,0.3,4,1
337,1.332768361581921,0.32344213649851633,0.3379032258064516,0.9572034588500244,0.5825743679487441,18.930534473210763,0.9572034588500244,0.9572034588500244,1.332768361581921,1.332768361581921,0.8888888888888888,1.2457627118644068,1.4039548022598871,1.0818181818181818,1.6704545454545454,0.8132530120481928,quarterly_reset_hist_anchor50,10,0.9,0.3,4,2
226,0.8937853107344633,0.3185840707964602,0.3379032258064516,0.9428263670348702,0.5825743679487441,12.884016149929224,0.9428263670348702,0.9428263670348702,0.8937853107344633,0.8937853107344633,0.914679124661913,0.8305084745762712,0.9689265536723164,0.8494382022471911,1.0022727272727272,0.5927601809954751,quarterly_reset_hist_anchor50,10,0.9,0.5,3,1
331,1.309039548022599,0.3021148036253776,0.3379032258064516,0.8940867696789219,0.5825743679487441,12.52243937005894,0.8940867696789219,0.8940867696789219,1.309039548022599,1.309039548022599,0.8172043010752689,1.225988700564972,1.384180790960452,1.0977272727272729,1.6227272727272726,0.7914110429447853,quarterly_reset_hist_anchor50,10,0.9,0.5,3,2
216,0.8542372881355933,0.3194444444444444,0.3379032258064516,0.945372580217449,0.5825743679487441,19.998998341137284,0.945372580217449,0.945372580217449,0.8542372881355933,0.8542372881355933,0.8900281978979749,0.7909604519774012,0.9293785310734464,0.7707865168539327,1.0022727272727272,0.5781990521327014,quarterly_reset_hist_anchor50,10,0.9,0.5,4,1
317,1.2536723163841808,0.305993690851735,0.3379032258064516,0.9055660540719604,0.5825743679487441,16.473144413491724,0.9055660540719604,0.9055660540719604,1.2536723163841808,1.2536723163841808,0.8112947658402204,1.1666666666666667,1.344632768361582,1.0340909090909092,1.6227272727272726,0.7724358974358975,quarterly_reset_hist_anchor50,10,0.9,0.5,4,2
178,0.703954802259887,0.29213483146067415,0.3379032258064516,0.8645517685232362,0.5825743679487441,17.46533900392977,0.8645517685232362,0.8645517685232362,0.703954802259887,0.703954802259887,0.7002823719241631,0.5734463276836158,0.7711864406779662,0.5662921348314607,0.875,0.5144508670520231,quarterly_reset_hist_anchor50,10,0.9,0.65,3,1
276,1.0915254237288137,0.286231884057971,0.3379032258064516,0.847082425374425,0.5825743679487441,15.047558735962589,0.847082425374425,0.847082425374425,1.0915254237288137,1.0915254237288137,0.6666666666666666,0.9491525423728814,1.1666666666666667,0.8272727272727273,1.4636363636363636,0.7601476014760148,quarterly_reset_hist_anchor50,10,0.9,0.65,3,2
167,0.6604519774011299,0.31137724550898205,0.3379032258064516,0.9214982921984195,0.5825743679487441,21.039316966542703,0.9214982921984195,0.9214982921984195,0.6604519774011299,0.6604519774011299,0.7851650836725464,0.5536723163841808,0.7514124293785311,0.5191011235955056,0.875,0.49382716049382713,quarterly_reset_hist_anchor50,10,0.9,0.65,4,1
260,1.0282485875706215,0.3,0.3379032258064516,0.8878281622911695,0.5825743679487441,17.64050248790411,0.8878281622911695,0.8878281622911695,1.0282485875706215,1.0282485875706215,0.7111111111111111,0.8898305084745763,1.1271186440677967,0.7795454545454547,1.4318181818181819,0.7294117647058823,quarterly_reset_hist_anchor50,10,0.9,0.65,4,2
255,1.0084745762711864,0.2823529411764706,0.3379032258064516,0.8356029762740419,0.5825743679487441,4.465316281606103,0.8356029762740419,0.8356029762740419,1.0084745762711864,1.0084745762711864,0.7183600713012477,1.0084745762711864,1.0084745762711864,1.0224719101123596,1.05,0.78,quarterly_reset_hist_anchor50,20,0.75,0.0,3,1
383,1.514689265536723,0.29765013054830286,0.3379032258064516,0.8808738947014214,0.5825743679487441,6.158164865805331,0.8808738947014214,0.8808738947014214,1.514689265536723,1.514689265536723,0.821686746987952,1.423728813559322,1.5819209039548023,1.164044943820225,1.8931818181818183,0.9047619047619048,quarterly_reset_hist_anchor50,20,0.75,0.0,3,2
252,0.9966101694915255,0.29365079365079366,0.3379032258064516,0.8690381482744252,0.5825743679487441,9.46778906344501,0.8690381482744252,0.8690381482744252,0.9966101694915255,0.9966101694915255,0.7183600713012477,0.9887005649717514,1.0084745762711864,0.9863636363636364,1.05,0.7611336032388664,quarterly_reset_hist_anchor50,20,0.75,0.0,4,1
378,1.494915254237288,0.3148148148148148,0.3379032258064516,0.9316715283302396,0.5825743679487441,7.848422281770923,0.9316715283302396,0.9316715283302396,1.494915254237288,1.494915254237288,0.8427556379363609,1.423728813559322,1.5423728813559323,1.164044943820225,1.8772727272727274,0.8954423592493298,quarterly_reset_hist_anchor50,20,0.75,0.0,4,2
233,0.9214689265536724,0.30042918454935624,0.3379032258064516,0.8890983027236319,0.5825743679487441,3.709260771748541,0.8890983027236319,0.8890983027236319,0.9214689265536724,0.9214689265536724,0.7927219080403246,0.8700564971751413,0.9689265536723164,0.875,1.0340909090909092,0.6578947368421053,quarterly_reset_hist_anchor50,20,0.75,0.3,3,1
355,1.4039548022598871,0.3154929577464789,0.3379032258064516,0.9336784429728732,0.5825743679487441,5.810055489126264,0.9336784429728732,0.9336784429728732,1.4039548022598871,1.4039548022598871,0.8148959474260679,1.3248587570621468,1.5225988700564972,1.0382022471910113,1.8454545454545455,0.8257142857142857,quarterly_reset_hist_anchor50,20,0.75,0.3,3,2
223,0.8819209039548023,0.30493273542600896,0.3379032258064516,0.9024262337189765,0.5825743679487441,12.370942101321694,0.9024262337189765,0.9024262337189765,0.8819209039548023,0.8819209039548023,0.8264547551909768,0.8305084745762712,0.9293785310734464,0.8179775280898877,1.0181818181818183,0.6467889908256881,quarterly_reset_hist_anchor50,20,0.75,0.3,4,1
341,1.348587570621469,0.3255131964809384,0.3379032258064516,0.9633326101106531,0.5825743679487441,11.684359162716195,0.9633326101106531,0.9633326101106531,1.348587570621469,1.348587570621469,0.8479322696190166,1.265536723163842,1.463276836158192,0.9438202247191012,1.8295454545454546,0.8214285714285714,quarterly_reset_hist_anchor50,20,0.75,0.3,4,2
197,0.7790960451977401,0.29441624365482233,0.3379032258064516,0.8713034418424337,0.5825743679487441,6.065963039869193,0.8713034418424337,0.8713034418424337,0.7790960451977401,0.7790960451977401,0.8016456068175141,0.7514124293785311,0.8107344632768362,0.6292134831460674,1.0181818181818183,0.578125,quarterly_reset_hist_anchor50,20,0.75,0.5,3,1
315,1.2457627118644068,0.3142857142857143,0.3379032258064516,0.9301056938288442,0.5825743679487441,7.043803041849042,0.9301056938288442,0.9301056938288442,1.2457627118644068,1.2457627118644068,0.7909284195605953,1.1666666666666667,1.344632768361582,0.7393258426966293,1.8136363636363637,0.8,quarterly_reset_hist_anchor50,20,0.75,0.5,3,2
191,0.7553672316384181,0.2774869109947644,0.3379032258064516,0.8212023141611167,0.5825743679487441,8.4156699173229,0.8212023141611167,0.8212023141611167,0.7553672316384181,0.7553672316384181,0.7287687334704672,0.711864406779661,0.8107344632768362,0.550561797752809,1.0022727272727272,0.5967741935483871,quarterly_reset_hist_anchor50,20,0.75,0.5,4,1
301,1.1903954802259888,0.3089700996677741,0.3379032258064516,0.9143745193031979,0.5825743679487441,8.389290534009332,0.9143745193031979,0.9143745193031979,1.1903954802259888,1.1903954802259888,0.769623950346842,1.1271186440677967,1.305084745762712,0.6606741573033709,1.7659090909090909,0.8006756756756757,quarterly_reset_hist_anchor50,20,0.75,0.5,4,2
160,0.632768361581921,0.2625,0.3379032258064516,0.7768496420047734,0.5825743679487441,1.0225902863410539,0.7768496420047734,0.7768496420047734,0.632768361581921,0.632768361581921,0.6829604130808951,0.5932203389830508,0.692090395480226,0.36179775280898874,0.9227272727272727,0.5741935483870968,quarterly_reset_hist_anchor50,20,0.75,0.65,3,1
268,1.0598870056497176,0.30223880597014924,0.3379032258064516,0.8944537455918498,0.5825743679487441,6.0514486920107995,0.8944537455918498,0.8944537455918498,1.0598870056497176,1.0598870056497176,0.7596487645497243,0.9293785310734464,1.1666666666666667,0.45617977528089887,1.6545454545454545,0.8022813688212928,quarterly_reset_hist_anchor50,20,0.75,0.65,3,2
156,0.6169491525423729,0.26282051282051283,0.3379032258064516,0.7777981763661955,0.5825743679487441,-0.17191073076350832,0.7777981763661955,0.7777981763661955,0.6169491525423729,0.6169491525423729,0.6829604130808951,0.5734463276836158,0.692090395480226,0.33033707865168543,0.9068181818181819,0.5894039735099338,quarterly_reset_hist_anchor50,20,0.75,0.65,4,1
262,1.0361581920903955,0.3053435114503817,0.3379032258064516,0.9036418954617501,0.5825743679487441,5.6629948972729025,0.9036418954617501,0.9036418954617501,1.0361581920903955,1.0361581920903955,0.7596487645497243,0.9096045197740114,1.1666666666666667,0.42471910112359557,1.638636363636364,0.8093385214007782,quarterly_reset_hist_anchor50,20,0.75,0.65,4,2
255,1.0084745762711864,0.29411764705882354,0.3379032258064516,0.870419766952127,0.5825743679487441,5.380277279718249,0.870419766952127,0.870419766952127,1.0084745762711864,1.0084745762711864,0.7736185383244207,1.0084745762711864,1.0084745762711864,1.0224719101123596,1.05,0.772,quarterly_reset_hist_anchor50,20,0.8,0.0,3,1
376,1.4870056497175141,0.30319148936170215,0.3379032258064516,0.8972731427410756,0.5825743679487441,5.673580360349842,0.8972731427410756,0.8972731427410756,1.4870056497175141,1.4870056497175141,0.8590361445783132,1.4039548022598871,1.5819209039548023,1.148314606741573,1.8613636363636363,0.9056603773584906,quarterly_reset_hist_anchor50,20,0.8,0.0,3,2
251,0.9926553672316385,0.3107569721115538,0.3379032258064516,0.9196626382298967,0.5825743679487441,9.964228605574668,0.9196626382298967,0.9196626382298967,0.9926553672316385,0.9926553672316385,0.8454545454545453,0.9887005649717514,1.0084745762711864,0.9704545454545455,1.05,0.7520325203252033,quarterly_reset_hist_anchor50,20,0.8,0.0,4,1
370,1.463276836158192,0.31891891891891894,0.3379032258064516,0.943817325678901,0.5825743679487441,8.136687101617321,0.943817325678901,0.943817325678901,1.463276836158192,1.463276836158192,0.8810627123880137,1.4039548022598871,1.5423728813559323,1.148314606741573,1.8454545454545455,0.8931506849315068,quarterly_reset_hist_anchor50,20,0.8,0.0,4,2
233,0.9214689265536724,0.31759656652360513,0.3379032258064516,0.939903920022125,0.5825743679487441,4.054492860572538,0.939903920022125,0.939903920022125,0.9214689265536724,0.9214689265536724,0.8482587064676617,0.8700564971751413,0.9689265536723164,0.875,1.0340909090909092,0.6491228070175439,quarterly_reset_hist_anchor50,20,0.8,0.3,3,1
348,1.3762711864406778,0.31896551724137934,0.3379032258064516,0.9439552300222205,0.5825743679487441,6.019300904830286,0.9439552300222205,0.9439552300222205,1.3762711864406778,1.3762711864406778,0.8649334178820546,1.3248587570621468,1.5028248587570623,1.0224719101123596,1.8295454545454546,0.8192419825072886,quarterly_reset_hist_anchor50,20,0.8,0.3,3,2
222,0.8779661016949153,0.32432432432432434,0.3379032258064516,0.9598142295039671,0.5825743679487441,12.071761930830665,0.9598142295039671,0.9598142295039671,0.8779661016949153,0.8779661016949153,0.8851395197923427,0.8305084745762712,0.9293785310734464,0.8113636363636363,1.0181818181818183,0.6267281105990783,quarterly_reset_hist_anchor50,20,0.8,0.3,4,1
334,1.3209039548022599,0.32934131736526945,0.3379032258064516,0.9746616552098667,0.5825743679487441,11.742842941832345,0.9746616552098667,0.9746616552098667,1.3209039548022599,1.3209039548022599,0.9004786268361116,1.265536723163842,1.4435028248587571,0.9280898876404495,1.8136363636363637,0.8145896656534954,quarterly_reset_hist_anchor50,20,0.8,0.3,4,2
196,0.7751412429378532,0.3112244897959184,0.3379032258064516,0.9210462227850568,0.5825743679487441,7.201999903630485,0.9210462227850568,0.9210462227850568,0.7751412429378532,0.7751412429378532,0.8328358208955224,0.7514124293785311,0.8107344632768362,0.6292134831460674,1.0181818181818183,0.5602094240837696,quarterly_reset_hist_anchor50,20,0.8,0.5,3,1
306,1.2101694915254237,0.31699346405228757,0.3379032258064516,0.9381190821595146,0.5825743679487441,7.689225208310929,0.9381190821595146,0.9381190821595146,1.2101694915254237,1.2101694915254237,0.8148959474260679,1.1468926553672316,1.305084745762712,0.7235955056179775,1.7977272727272728,0.7873754152823921,quarterly_reset_hist_anchor50,20,0.8,0.5,3,2
189,0.747457627118644,0.2962962962962963,0.3379032258064516,0.876867320781402,0.5825743679487441,8.899444423615778,0.876867320781402,0.876867320781402,0.747457627118644,0.747457627118644,0.7592805204745503,0.711864406779661,0.8107344632768362,0.550561797752809,1.0022727272727272,0.5760869565217391,quarterly_reset_hist_anchor50,20,0.8,0.5,4,1
292,1.1548022598870056,0.3116438356164384,0.3379032258064516,0.9222872462157127,0.5825743679487441,8.842843336937866,0.9222872462157127,0.9222872462157127,1.1548022598870056,1.1548022598870056,0.7936746987951808,1.0677966101694916,1.265536723163842,0.6449438202247191,1.75,0.7909407665505227,quarterly_reset_hist_anchor50,20,0.8,0.5,4,2
159,0.628813559322034,0.2830188679245283,0.3379032258064516,0.8375737380105372,0.5825743679487441,2.3912686042258664,0.8375737380105372,0.8375737380105372,0.628813559322034,0.628813559322034,0.7402985074626867,0.5734463276836158,0.692090395480226,0.36179775280898874,0.9227272727272727,0.551948051948052,quarterly_reset_hist_anchor50,20,0.8,0.65,3,1
259,1.0242937853107343,0.305019305019305,0.3379032258064516,0.9026824301287308,0.5825743679487441,7.063635260077087,0.9026824301287308,0.9026824301287308,1.0242937853107343,1.0242937853107343,0.7863031071655041,0.9293785310734464,1.1271186440677967,0.4404494382022472,1.638636363636364,0.7874015748031497,quarterly_reset_hist_anchor50,20,0.8,0.65,3,2
153,0.6050847457627119,0.2875816993464052,0.3379032258064516,0.8510771054643018,0.5825743679487441,2.43166669225117,0.8510771054643018,0.8510771054643018,0.6050847457627119,0.6050847457627119,0.7619047619047619,0.5536723163841808,0.692090395480226,0.3146067415730337,0.9068181818181819,0.5675675675675675,quarterly_reset_hist_anchor50,20,0.8,0.65,4,1
252,0.9966101694915255,0.30952380952380953,0.3379032258064516,0.916013183316286,0.5825743679487441,7.400394852354669,0.916013183316286,0.916013183316286,0.9966101694915255,0.9966101694915255,0.7863031071655041,0.8898305084745763,1.1271186440677967,0.39325842696629215,1.6227272727272726,0.8016194331983806,quarterly_reset_hist_anchor50,20,0.8,0.65,4,2
255,1.0084745762711864,0.2901960784313726,0.3379032258064516,0.858814170059432,0.5825743679487441,3.978378778109949,0.858814170059432,0.858814170059432,1.0084745762711864,1.0084745762711864,0.7736185383244207,1.0084745762711864,1.0084745762711864,1.0224719101123596,1.05,0.792,quarterly_reset_hist_anchor50,20,0.85,0.0,3,1
368,1.455367231638418,0.2907608695652174,0.3379032258064516,0.8604856283075647,0.5825743679487441,3.9249058388744045,0.8604856283075647,0.8604856283075647,1.455367231638418,1.455367231638418,0.821686746987952,1.364406779661017,1.5819209039548023,1.101123595505618,1.8295454545454546,0.9090909090909091,quarterly_reset_hist_anchor50,20,0.85,0.0,3,2
251,0.9926553672316385,0.3107569721115538,0.3379032258064516,0.9196626382298967,0.5825743679487441,6.589784638988985,0.9196626382298967,0.9196626382298967,0.9926553672316385,0.9926553672316385,0.8454545454545453,0.9887005649717514,1.0084745762711864,0.9704545454545455,1.05,0.7804878048780488,quarterly_reset_hist_anchor50,20,0.85,0.0,4,1
360,1.423728813559322,0.3111111111111111,0.3379032258064516,0.9207106868204721,0.5825743679487441,5.289700080245254,0.9207106868204721,0.9207106868204721,1.423728813559322,1.423728813559322,0.8537005163511188,1.364406779661017,1.5225988700564972,1.101123595505618,1.8136363636363637,0.8985915492957747,quarterly_reset_hist_anchor50,20,0.85,0.0,4,2
232,0.9175141242937853,0.3146551724137931,0.3379032258064516,0.9311990782651633,0.5825743679487441,3.271119849832098,0.9311990782651633,0.9311990782651633,0.9175141242937853,0.9175141242937853,0.7711442786069652,0.8700564971751413,0.9689265536723164,0.875,1.0340909090909092,0.6475770925110133,quarterly_reset_hist_anchor50,20,0.85,0.3,3,1
340,1.344632768361582,0.3088235294117647,0.3379032258064516,0.9139407552997333,0.5825743679487441,4.412685598886725,0.9139407552997333,0.9139407552997333,1.344632768361582,1.344632768361582,0.8256182625237795,1.225988700564972,1.5028248587570623,0.9752808988764046,1.7977272727272728,0.808955223880597,quarterly_reset_hist_anchor50,20,0.85,0.3,3,2
220,0.8700564971751413,0.33181818181818185,0.3379032258064516,0.9819917552614451,0.5825743679487441,11.288360963730426,0.9819917552614451,0.9819917552614451,0.8700564971751413,0.8700564971751413,0.9656067488643738,0.8305084745762712,0.9096045197740114,0.7954545454545455,1.0181818181818183,0.6325581395348837,quarterly_reset_hist_anchor50,20,0.85,0.3,4,1
324,1.2813559322033898,0.3271604938271605,0.3379032258064516,0.9682076666961313,0.5825743679487441,10.310230609101483,0.9682076666961313,0.9682076666961313,1.2813559322033898,1.2813559322033898,0.8837603936874258,1.1666666666666667,1.4039548022598871,0.8808988764044944,1.7818181818181817,0.8025078369905956,quarterly_reset_hist_anchor50,20,0.85,0.3,4,2
195,0.7711864406779662,0.3076923076923077,0.3379032258064516,0.9105929869653021,0.5825743679487441,6.440971859134488,0.9105929869653021,0.9105929869653021,0.7711864406779662,0.7711864406779662,0.7402985074626867,0.7514124293785311,0.8107344632768362,0.6134831460674157,1.0181818181818183,0.5578947368421052,quarterly_reset_hist_anchor50,20,0.85,0.5,3,1
298,1.1785310734463277,0.3087248322147651,0.3379032258064516,0.9136486681296151,0.5825743679487441,6.347276440766449,0.9136486681296151,0.9136486681296151,1.1785310734463277,1.1785310734463277,0.7814643188137165,1.1073446327683616,1.2853107344632768,0.6921348314606742,1.7659090909090909,0.7747440273037542,quarterly_reset_hist_anchor50,20,0.85,0.5,3,2
186,0.7355932203389831,0.3010752688172043,0.3379032258064516,0.8910103420843278,0.5825743679487441,7.689779652665784,0.8910103420843278,0.8910103420843278,0.7355932203389831,0.7355932203389831,0.779261586802828,0.711864406779661,0.7909604519774012,0.5348314606741573,1.0022727272727272,0.569060773480663,quarterly_reset_hist_anchor50,20,0.85,0.5,4,1
281,1.1112994350282488,0.3096085409252669,0.3379032258064516,0.9162639397311002,0.5825743679487441,7.288632381535971,0.9162639397311002,0.9162639397311002,1.1112994350282488,1.1112994350282488,0.783725064191191,1.0282485875706215,1.2062146892655368,0.6134831460674157,1.7181818181818183,0.7753623188405797,quarterly_reset_hist_anchor50,20,0.85,0.5,4,2
157,0.6209039548022599,0.28662420382165604,0.3379032258064516,0.8482434671571683,0.5825743679487441,2.2783177342823078,0.8482434671571683,0.8482434671571683,0.6209039548022599,0.6209039548022599,0.7402985074626867,0.5734463276836158,0.672316384180791,0.3460674157303371,0.9227272727272727,0.5328947368421053,quarterly_reset_hist_anchor50,20,0.85,0.65,3,1
250,0.9887005649717514,0.296,0.3379032258064516,0.8759904534606205,0.5825743679487441,5.686054533945328,0.8759904534606205,0.8759904534606205,0.9887005649717514,0.9887005649717514,0.7605695509309967,0.9096045197740114,1.0875706214689267,0.40898876404494383,1.6068181818181817,0.7714285714285715,quarterly_reset_hist_anchor50,20,0.85,0.65,3,2
149,0.5892655367231638,0.2953020134228188,0.3379032258064516,0.873924812993545,0.5825743679487441,2.6450239580258614,0.873924812993545,0.873924812993545,0.5892655367231638,0.5892655367231638,0.7619047619047619,0.5338983050847458,0.672316384180791,0.28314606741573034,0.9068181818181819,0.5555555555555556,quarterly_reset_hist_anchor50,20,0.85,0.65,4,1
239,0.9451977401129943,0.3054393305439331,0.3379032258064516,0.9039254650942172,0.5825743679487441,6.5842300389928425,0.9039254650942172,0.9039254650942172,0.9451977401129943,0.9451977401129943,0.7746541722445337,0.8502824858757062,1.0677966101694916,0.3460674157303371,1.590909090909091,0.7905982905982906,quarterly_reset_hist_anchor50,20,0.85,0.65,4,2
255,1.0084745762711864,0.2980392156862745,0.3379032258064516,0.882025363844822,0.5825743679487441,8.237747705355618,0.882025363844822,0.882025363844822,1.0084745762711864,1.0084745762711864,0.8288770053475936,1.0084745762711864,1.0084745762711864,1.0224719101123596,1.05,0.808,quarterly_reset_hist_anchor50,20,0.9,0.0,3,1
354,1.4,0.2937853107344633,0.3379032258064516,0.8694362417917291,0.5825743679487441,7.830771495302888,0.8694362417917291,0.8694362417917291,1.4,1.4,0.8107098381070983,1.364406779661017,1.4435028248587571,1.0853932584269663,1.7340909090909091,0.9111747851002865,quarterly_reset_hist_anchor50,20,0.9,0.0,3,2
251,0.9926553672316385,0.32270916334661354,0.3379032258064516,0.9550342781618157,0.5825743679487441,9.23258766020602,0.9550342781618157,0.9550342781618157,0.9926553672316385,0.9926553672316385,0.8454545454545453,0.9887005649717514,1.0084745762711864,0.9704545454545455,1.05,0.7967479674796748,quarterly_reset_hist_anchor50,20,0.9,0.0,4,1
345,1.364406779661017,0.3159420289855073,0.3379032258064516,0.9350074366158211,0.5825743679487441,7.78223581329433,0.9350074366158211,0.9350074366158211,1.364406779661017,1.364406779661017,0.8611111111111112,1.305084745762712,1.423728813559322,1.0853932584269663,1.7022727272727272,0.9,quarterly_reset_hist_anchor50,20,0.9,0.0,4,2
232,0.9175141242937853,0.3232758620689655,0.3379032258064516,0.9567113817792775,0.5825743679487441,8.229155758487899,0.9567113817792775,0.9567113817792775,0.9175141242937853,0.9175141242937853,0.8482587064676617,0.8700564971751413,0.9689265536723164,0.875,1.0340909090909092,0.6563876651982379,quarterly_reset_hist_anchor50,20,0.9,0.3,3,1
326,1.289265536723164,0.3128834355828221,0.3379032258064516,0.9259557520828149,0.5825743679487441,8.87167521047064,0.9259557520828149,0.9259557520828149,1.289265536723164,1.289265536723164,0.8671328671328672,1.2062146892655368,1.364406779661017,0.9595505617977528,1.7022727272727272,0.8099688473520249,quarterly_reset_hist_anchor50,20,0.9,0.3,3,2
219,0.8661016949152542,0.3470319634703196,0.3379032258064516,1.0270158346138338,0.5825743679487441,16.211631279632652,1.0270158346138338,1.0270158346138338,0.8661016949152542,0.8661016949152542,0.9743321110529074,0.8305084745762712,0.9096045197740114,0.7865168539325843,1.0181818181818183,0.6355140186915887,quarterly_reset_hist_anchor50,20,0.9,0.3,4,1
309,1.2220338983050847,0.3333333333333333,0.3379032258064516,0.9864757358790771,0.5825743679487441,14.799279704698627,0.9864757358790771,0.9864757358790771,1.2220338983050847,1.2220338983050847,0.9393939393939393,1.1468926553672316,1.305084745762712,0.8494382022471911,1.6704545454545454,0.7993421052631579,quarterly_reset_hist_anchor50,20,0.9,0.3,4,2
192,0.7593220338983051,0.3177083333333333,0.3379032258064516,0.9402346857597454,0.5825743679487441,11.285387939856504,0.9402346857597454,0.9402346857597454,0.7593220338983051,0.7593220338983051,0.8328358208955224,0.711864406779661,0.8107344632768362,0.597752808988764,1.0022727272727272,0.5401069518716578,quarterly_reset_hist_anchor50,20,0.9,0.5,3,1
280,1.1073446327683616,0.3107142857142857,0.3379032258064516,0.9195363109444256,0.5825743679487441,11.27912519193678,0.9195363109444256,0.9195363109444256,1.1073446327683616,1.1073446327683616,0.8609352664896877,1.0084745762711864,1.1666666666666667,0.6606741573033709,1.6227272727272726,0.7563636363636363,quarterly_reset_hist_anchor50,20,0.9,0.5,3,2
182,0.7197740112994351,0.3131868131868132,0.3379032258064516,0.9268535760182538,0.5825743679487441,12.487892446406272,0.9268535760182538,0.9268535760182538,0.7197740112994351,0.7197740112994351,0.8427556379363609,0.672316384180791,0.7711864406779662,0.503370786516854,0.9863636363636364,0.5480225988700564,quarterly_reset_hist_anchor50,20,0.9,0.5,4,1
264,1.0440677966101695,0.3143939393939394,0.3379032258064516,0.9304259781586751,0.5825743679487441,12.323786498671545,0.9304259781586751,0.9304259781586751,1.0440677966101695,1.0440677966101695,0.8537005163511188,0.9491525423728814,1.1073446327683616,0.5662921348314607,1.590909090909091,0.7567567567567568,quarterly_reset_hist_anchor50,20,0.9,0.5,4,2
153,0.6050847457627119,0.3006535947712418,0.3379032258064516,0.8897624284399519,0.5825743679487441,7.531325432906381,0.8897624284399519,0.8897624284399519,0.6050847457627119,0.6050847457627119,0.7909284195605953,0.5141242937853108,0.672316384180791,0.33033707865168543,0.9068181818181819,0.5135135135135135,quarterly_reset_hist_anchor50,20,0.9,0.65,3,1
232,0.9175141242937853,0.3017241379310345,0.3379032258064516,0.8929306229939923,0.5825743679487441,11.769683515153512,0.8929306229939923,0.8929306229939923,0.9175141242937853,0.9175141242937853,0.8366265060240965,0.7909604519774012,0.9887005649717514,0.3775280898876405,1.4795454545454547,0.7444933920704846,quarterly_reset_hist_anchor50,20,0.9,0.65,3,2
142,0.5615819209039548,0.31690140845070425,0.3379032258064516,0.9378466503075734,0.5825743679487441,10.200139841909404,0.9378466503075734,0.9378466503075734,0.5615819209039548,0.5615819209039548,0.8148959474260679,0.4745762711864407,0.652542372881356,0.251685393258427,0.8909090909090909,0.5255474452554745,quarterly_reset_hist_anchor50,20,0.9,0.65,4,1
219,0.8661016949152542,0.3150684931506849,0.3379032258064516,0.9324222708994017,0.5825743679487441,13.656706820603409,0.9324222708994017,0.9324222708994017,0.8661016949152542,0.8661016949152542,0.8537005163511188,0.731638418079096,0.9689265536723164,0.298876404494382,1.4636363636363636,0.7523364485981309,quarterly_reset_hist_anchor50,20,0.9,0.65,4,2
255,1.0084745762711864,0.26666666666666666,0.3379032258064516,0.7891805887032618,0.5825743679487441,-8.846973227110903,0.7891805887032618,0.7891805887032618,1.0084745762711864,1.0084745762711864,0.7183600713012477,1.0084745762711864,1.0084745762711864,1.0224719101123596,1.05,0.812,quarterly_reset_hist_anchor50,40,0.75,0.0,3,1
371,1.4672316384180792,0.2830188679245283,0.3379032258064516,0.8375737380105372,0.5825743679487441,-1.3879009053089983,0.8375737380105372,0.8375737380105372,1.4672316384180792,1.4672316384180792,0.7407407407407408,1.4039548022598871,1.5423728813559323,1.0696629213483146,1.9090909090909092,0.8989071038251366,quarterly_reset_hist_anchor50,40,0.75,0.0,3,2
251,0.9926553672316385,0.2788844621513944,0.3379032258064516,0.8253382650781124,0.5825743679487441,-11.10164100874573,0.8253382650781124,0.8253382650781124,0.9926553672316385,0.9926553672316385,0.7327272727272727,0.9887005649717514,1.0084745762711864,0.9704545454545455,1.05,0.8089430894308943,quarterly_reset_hist_anchor50,40,0.75,0.0,4,1
365,1.4435028248587571,0.3013698630136986,0.3379032258064516,0.891882172164645,0.5825743679487441,-2.897945198571595,0.891882172164645,0.891882172164645,1.4435028248587571,1.4435028248587571,0.7999999999999999,1.384180790960452,1.5028248587570623,1.0696629213483146,1.8931818181818183,0.9027777777777778,quarterly_reset_hist_anchor50,40,0.75,0.0,4,2
218,0.8621468926553673,0.28440366972477066,0.3379032258064516,0.8416719581353594,0.5825743679487441,-5.903533656569835,0.8416719581353594,0.8416719581353594,0.8621468926553673,0.8621468926553673,0.746987951807229,0.8305084745762712,0.9491525423728814,0.6764044943820224,1.05,0.647887323943662,quarterly_reset_hist_anchor50,40,0.75,0.3,3,1
331,1.309039548022599,0.30513595166163143,0.3379032258064516,0.9030276373757112,0.5825743679487441,3.189533320516446,0.9030276373757112,0.9030276373757112,1.309039548022599,1.309039548022599,0.7916666666666666,1.225988700564972,1.463276836158192,0.7235955056179775,1.8931818181818183,0.8006134969325154,quarterly_reset_hist_anchor50,40,0.75,0.3,3,2
207,0.8186440677966101,0.2995169082125604,0.3379032258064516,0.8863984873116346,0.5825743679487441,-1.9385550001878977,0.8863984873116346,0.8863984873116346,0.8186440677966101,0.8186440677966101,0.7303882195448461,0.7711864406779662,0.8898305084745763,0.5662921348314607,1.0340909090909092,0.6138613861386139,quarterly_reset_hist_anchor50,40,0.75,0.3,4,1
317,1.2536723163841808,0.3217665615141956,0.3379032258064516,0.9522447166529894,0.5825743679487441,5.841267469475075,0.9522447166529894,0.9522447166529894,1.2536723163841808,1.2536723163841808,0.8110154905335628,1.1864406779661016,1.384180790960452,0.6134831460674157,1.8931818181818183,0.7916666666666666,quarterly_reset_hist_anchor50,40,0.75,0.3,4,2
182,0.7197740112994351,0.26373626373626374,0.3379032258064516,0.7805082745416875,0.5825743679487441,-11.856750699424094,0.7805082745416875,0.7805082745416875,0.7197740112994351,0.7197740112994351,0.6895273401297498,0.672316384180791,0.7711864406779662,0.33033707865168543,1.0340909090909092,0.615819209039548,quarterly_reset_hist_anchor50,40,0.75,0.5,3,1
291,1.1508474576271188,0.29896907216494845,0.3379032258064516,0.8847772064070074,0.5825743679487441,2.2222618622982053,0.8847772064070074,0.8847772064070074,1.1508474576271188,1.1508474576271188,0.7619047619047619,1.0875706214689267,1.2853107344632768,0.36179775280898874,1.8772727272727274,0.8006993006993007,quarterly_reset_hist_anchor50,40,0.75,0.5,3,2
175,0.692090395480226,0.2571428571428571,0.3379032258064516,0.7609955676781452,0.5825743679487441,-8.277852789898162,0.7609955676781452,0.7609955676781452,0.692090395480226,0.692090395480226,0.6460436339954413,0.672316384180791,0.731638418079096,0.251685393258427,1.0181818181818183,0.6235294117647059,quarterly_reset_hist_anchor50,40,0.75,0.5,4,1
278,1.0994350282485876,0.29856115107913667,0.3379032258064516,0.8835699936470871,0.5825743679487441,3.3100323015089264,0.8835699936470871,0.8835699936470871,1.0994350282485876,1.0994350282485876,0.7710843373493976,1.0480225988700564,1.225988700564972,0.28314606741573034,1.8454545454545455,0.8095238095238095,quarterly_reset_hist_anchor50,40,0.75,0.5,4,2
141,0.5576271186440678,0.24822695035460993,0.3379032258064516,0.7346095905482489,0.5825743679487441,-9.263377602230374,0.7346095905482489,0.7346095905482489,0.5576271186440678,0.5576271186440678,0.6503496503496503,0.5141242937853108,0.612994350282486,0.1258426966292135,0.9545454545454546,0.6323529411764706,quarterly_reset_hist_anchor50,40,0.75,0.65,3,1
244,0.9649717514124294,0.29098360655737704,0.3379032258064516,0.8611448022223092,0.5825743679487441,2.504410151428031,0.8611448022223092,0.8611448022223092,0.9649717514124294,0.9649717514124294,0.7375886524822696,0.8898305084745763,1.0875706214689267,0.15730337078651685,1.75,0.8284518828451883,quarterly_reset_hist_anchor50,40,0.75,0.65,3,2
138,0.5457627118644068,0.2536231884057971,0.3379032258064516,0.7505793642558196,0.5825743679487441,-12.937026413125068,0.7505793642558196,0.7505793642558196,0.5457627118644068,0.5457627118644068,0.6503496503496503,0.5141242937853108,0.5932203389830508,0.1101123595505618,0.9386363636363637,0.631578947368421,quarterly_reset_hist_anchor50,40,0.75,0.65,4,1
238,0.9412429378531074,0.29411764705882354,0.3379032258064516,0.870419766952127,0.5825743679487441,0.42124435139827976,0.870419766952127,0.870419766952127,0.9412429378531074,0.9412429378531074,0.7441860465116279,0.8502824858757062,1.0677966101694916,0.14157303370786517,1.7181818181818183,0.8283261802575107,quarterly_reset_hist_anchor50,40,0.75,0.65,4,2
255,1.0084745762711864,0.28627450980392155,0.3379032258064516,0.8472085731667368,0.5825743679487441,-4.905309493421239,0.8472085731667368,0.8472085731667368,1.0084745762711864,1.0084745762711864,0.7736185383244207,1.0084745762711864,1.0084745762711864,1.0224719101123596,1.05,0.808,quarterly_reset_hist_anchor50,40,0.8,0.0,3,1
369,1.459322033898305,0.28184281842818426,0.3379032258064516,0.8340933051335286,0.5825743679487441,-1.6429319913078793,0.8340933051335286,0.8340933051335286,1.459322033898305,1.459322033898305,0.7407407407407408,1.384180790960452,1.5423728813559323,1.053932584269663,1.8931818181818183,0.9065934065934066,quarterly_reset_hist_anchor50,40,0.8,0.0,3,2
251,0.9926553672316385,0.2948207171314741,0.3379032258064516,0.8725004516540046,0.5825743679487441,-8.479661499860494,0.8725004516540046,0.8725004516540046,0.9926553672316385,0.9926553672316385,0.7890909090909092,0.9887005649717514,1.0084745762711864,0.9704545454545455,1.05,0.8048780487804879,quarterly_reset_hist_anchor50,40,0.8,0.0,4,1
363,1.435593220338983,0.29201101928374656,0.3379032258064516,0.8641853553981999,0.5825743679487441,-5.05484085497302,0.8641853553981999,0.8641853553981999,1.435593220338983,1.435593220338983,0.7999999999999999,1.384180790960452,1.5028248587570623,1.053932584269663,1.8772727272727274,0.9106145251396648,quarterly_reset_hist_anchor50,40,0.8,0.0,4,2
218,0.8621468926553673,0.30275229357798167,0.3379032258064516,0.8959733747892537,0.5825743679487441,-2.972739971900416,0.8959733747892537,0.8959733747892537,0.8621468926553673,0.8621468926553673,0.7931769722814499,0.8305084745762712,0.9491525423728814,0.6764044943820224,1.05,0.6384976525821596,quarterly_reset_hist_anchor50,40,0.8,0.3,3,1
329,1.301129943502825,0.2948328267477204,0.3379032258064516,0.8725362891817978,0.5825743679487441,0.5646994997013205,0.8725362891817978,0.8725362891817978,1.301129943502825,1.301129943502825,0.7916666666666666,1.2062146892655368,1.463276836158192,0.7078651685393259,1.8772727272727274,0.8055555555555556,quarterly_reset_hist_anchor50,40,0.8,0.3,3,2
207,0.8186440677966101,0.3188405797101449,0.3379032258064516,0.9435854864930303,0.5825743679487441,1.2224597513033664,0.9435854864930303,0.9435854864930303,0.8186440677966101,0.8186440677966101,0.863186077643909,0.7711864406779662,0.8898305084745763,0.5662921348314607,1.0340909090909092,0.6089108910891089,quarterly_reset_hist_anchor50,40,0.8,0.3,4,1
315,1.2457627118644068,0.3111111111111111,0.3379032258064516,0.9207106868204721,0.5825743679487441,3.399167465954041,0.9207106868204721,0.9207106868204721,1.2457627118644068,1.2457627118644068,0.8537005163511188,1.1666666666666667,1.384180790960452,0.597752808988764,1.8772727272727274,0.8,quarterly_reset_hist_anchor50,40,0.8,0.3,4,2
182,0.7197740112994351,0.2802197802197802,0.3379032258064516,0.8292900417005429,0.5825743679487441,-8.889225103746604,0.8292900417005429,0.8292900417005429,0.7197740112994351,0.7197740112994351,0.7002823719241631,0.672316384180791,0.7711864406779662,0.33033707865168543,1.0340909090909092,0.6045197740112994,quarterly_reset_hist_anchor50,40,0.8,0.5,3,1
289,1.1429378531073446,0.28719723183391005,0.3379032258064516,0.8499393018473711,0.5825743679487441,-1.0785669994553755,0.8499393018473711,0.8499393018473711,1.1429378531073446,1.1429378531073446,0.7619047619047619,1.0677966101694916,1.265536723163842,0.36179775280898874,1.8613636363636363,0.8028169014084507,quarterly_reset_hist_anchor50,40,0.8,0.5,3,2
175,0.692090395480226,0.2742857142857143,0.3379032258064516,0.811728605523355,0.5825743679487441,-5.00505573299675,0.811728605523355,0.811728605523355,0.692090395480226,0.692090395480226,0.7267990882448715,0.672316384180791,0.731638418079096,0.251685393258427,1.0181818181818183,0.6176470588235294,quarterly_reset_hist_anchor50,40,0.8,0.5,4,1
276,1.0915254237288137,0.286231884057971,0.3379032258064516,0.847082425374425,0.5825743679487441,0.24653285845260517,0.847082425374425,0.847082425374425,1.0915254237288137,1.0915254237288137,0.783725064191191,1.0282485875706215,1.2062146892655368,0.28314606741573034,1.8295454545454546,0.8154981549815498,quarterly_reset_hist_anchor50,40,0.8,0.5,4,2
140,0.5536723163841808,0.2714285714285714,0.3379032258064516,0.8032730992158199,0.5825743679487441,-5.5013320625076165,0.8032730992158199,0.8032730992158199,0.5536723163841808,0.5536723163841808,0.7587412587412586,0.5141242937853108,0.5932203389830508,0.1258426966292135,0.9545454545454546,0.6074074074074074,quarterly_reset_hist_anchor50,40,0.8,0.65,3,1
241,0.9531073446327685,0.2821576763485477,0.3379032258064516,0.8350251042295923,0.5825743679487441,0.42644698305125467,0.8350251042295923,0.8350251042295923,0.9531073446327685,0.9531073446327685,0.753623188405797,0.8898305084745763,1.0480225988700564,0.15730337078651685,1.7340909090909091,0.8305084745762712,quarterly_reset_hist_anchor50,40,0.8,0.65,3,2
137,0.5418079096045197,0.2773722627737226,0.3379032258064516,0.8208630210964584,0.5825743679487441,-8.764681059044175,0.8208630210964584,0.8208630210964584,0.5418079096045197,0.5418079096045197,0.7587412587412586,0.5141242937853108,0.5734463276836158,0.1101123595505618,0.9386363636363637,0.6212121212121212,quarterly_reset_hist_anchor50,40,0.8,0.65,4,1
234,0.9254237288135593,0.2863247863247863,0.3379032258064516,0.8473573628704894,0.5825743679487441,-1.5255235854343816,0.8473573628704894,0.8473573628704894,0.9254237288135593,0.9254237288135593,0.7619047619047619,0.8305084745762712,1.0084745762711864,0.14157303370786517,1.6863636363636363,0.8296943231441049,quarterly_reset_hist_anchor50,40,0.8,0.65,4,2
255,1.0084745762711864,0.2823529411764706,0.3379032258064516,0.8356029762740419,0.5825743679487441,-2.8205000483906963,0.8356029762740419,0.8356029762740419,1.0084745762711864,1.0084745762711864,0.7736185383244207,1.0084745762711864,1.0084745762711864,1.0224719101123596,1.05,0.808,quarterly_reset_hist_anchor50,40,0.85,0.0,3,1
361,1.4276836158192092,0.2770083102493075,0.3379032258064516,0.819785930093416,0.5825743679487441,-2.123670239769893,0.819785930093416,0.819785930093416,1.4276836158192092,1.4276836158192092,0.793854033290653,1.364406779661017,1.5423728813559323,1.053932584269663,1.8454545454545455,0.9185393258426966,quarterly_reset_hist_anchor50,40,0.85,0.0,3,2
250,0.9887005649717514,0.304,0.3379032258064516,0.8996658711217184,0.5825743679487441,-2.864882935128142,0.8996658711217184,0.8996658711217184,0.9887005649717514,0.9887005649717514,0.8454545454545453,0.9887005649717514,0.9887005649717514,0.9545454545454546,1.05,0.8122448979591836,quarterly_reset_hist_anchor50,40,0.85,0.0,4,1
352,1.3920903954802262,0.29829545454545453,0.3379032258064516,0.8827836840963332,0.5825743679487441,-2.8841577171437893,0.8827836840963332,0.8827836840963332,1.3920903954802262,1.3920903954802262,0.821969696969697,1.344632768361582,1.4830508474576272,1.053932584269663,1.8295454545454546,0.9193083573487032,quarterly_reset_hist_anchor50,40,0.85,0.0,4,2
218,0.8621468926553673,0.2981651376146789,0.3379032258064516,0.88239802062578,0.5825743679487441,-0.5340867219793706,0.88239802062578,0.88239802062578,0.8621468926553673,0.8621468926553673,0.7050461975835111,0.8305084745762712,0.9491525423728814,0.6764044943820224,1.05,0.6291079812206573,quarterly_reset_hist_anchor50,40,0.85,0.3,3,1
321,1.269491525423729,0.2897196261682243,0.3379032258064516,0.8574041442687306,0.5825743679487441,0.07907502690782174,0.8574041442687306,0.8574041442687306,1.269491525423729,1.269491525423729,0.8019900497512439,1.1864406779661016,1.463276836158192,0.7078651685393259,1.8295454545454546,0.810126582278481,quarterly_reset_hist_anchor50,40,0.85,0.3,3,2
205,0.8107344632768362,0.33658536585365856,0.3379032258064516,0.9960998893998487,0.5825743679487441,9.318526667072705,0.9960998893998487,0.9960998893998487,0.8107344632768362,0.8107344632768362,0.9491006505931879,0.7711864406779662,0.8700564971751413,0.5662921348314607,1.0340909090909092,0.605,quarterly_reset_hist_anchor50,40,0.85,0.3,4,1
304,1.2022598870056498,0.3223684210526316,0.3379032258064516,0.9540258761462128,0.5825743679487441,6.995827968400945,0.9540258761462128,0.9540258761462128,1.2022598870056498,1.2022598870056498,0.8788093550673283,1.1271186440677967,1.344632768361582,0.597752808988764,1.8295454545454546,0.7993311036789298,quarterly_reset_hist_anchor50,40,0.85,0.3,4,2
182,0.7197740112994351,0.2802197802197802,0.3379032258064516,0.8292900417005429,0.5825743679487441,-4.60623083124466,0.8292900417005429,0.8292900417005429,0.7197740112994351,0.7197740112994351,0.6002420330778541,0.672316384180791,0.7711864406779662,0.33033707865168543,1.0340909090909092,0.5875706214689266,quarterly_reset_hist_anchor50,40,0.85,0.5,3,1
282,1.1152542372881356,0.28368794326241137,0.3379032258064516,0.8395538177694275,0.5825743679487441,-1.5773202525149013,0.8395538177694275,0.8395538177694275,1.1152542372881356,1.1152542372881356,0.746987951807229,1.0677966101694916,1.265536723163842,0.36179775280898874,1.8295454545454546,0.8086642599277978,quarterly_reset_hist_anchor50,40,0.85,0.5,3,2
172,0.6802259887005649,0.29069767441860467,0.3379032258064516,0.8602986068712883,0.5825743679487441,4.243875605135735,0.8602986068712883,0.8602986068712883,0.6802259887005649,0.6802259887005649,0.6729986431478969,0.652542372881356,0.711864406779661,0.251685393258427,1.0181818181818183,0.5988023952095808,quarterly_reset_hist_anchor50,40,0.85,0.5,4,1
265,1.0480225988700564,0.2943396226415094,0.3379032258064516,0.8710766875309587,0.5825743679487441,3.2152665394872217,0.8710766875309587,0.8710766875309587,1.0480225988700564,1.0480225988700564,0.810292015519706,0.9887005649717514,1.1666666666666667,0.28314606741573034,1.7977272727272728,0.8153846153846154,quarterly_reset_hist_anchor50,40,0.85,0.5,4,2
138,0.5457627118644068,0.2826086956521739,0.3379032258064516,0.8363598630279132,0.5825743679487441,4.604095527043279,0.8363598630279132,0.8363598630279132,0.5457627118644068,0.5457627118644068,0.6609808102345416,0.5141242937853108,0.5734463276836158,0.1258426966292135,0.9386363636363637,0.556390977443609,quarterly_reset_hist_anchor50,40,0.85,0.65,3,1
232,0.9175141242937853,0.28448275862068967,0.3379032258064516,0.8419060159657642,0.5825743679487441,2.390860897343795,0.8419060159657642,0.8419060159657642,0.9175141242937853,0.9175141242937853,0.8044485634847081,0.8502824858757062,1.0282485875706215,0.15730337078651685,1.6863636363636363,0.8193832599118943,quarterly_reset_hist_anchor50,40,0.85,0.65,3,2
133,0.5259887005649718,0.2932330827067669,0.3379032258064516,0.8678019631417445,0.5825743679487441,0.9688848405016045,0.8678019631417445,0.8678019631417445,0.5259887005649718,0.5259887005649718,0.7402985074626867,0.4943502824858757,0.5734463276836158,0.1101123595505618,0.9227272727272727,0.5859375,quarterly_reset_hist_anchor50,40,0.85,0.65,4,1
222,0.8779661016949153,0.2927927927927928,0.3379032258064516,0.8664989571910814,0.5825743679487441,0.6793769214303489,0.8664989571910814,0.8664989571910814,0.8779661016949153,0.8779661016949153,0.8537005163511188,0.7909604519774012,0.9689265536723164,0.14157303370786517,1.638636363636364,0.8294930875576036,quarterly_reset_hist_anchor50,40,0.85,0.65,4,2
255,1.0084745762711864,0.2901960784313726,0.3379032258064516,0.858814170059432,0.5825743679487441,1.5989289028356315,0.858814170059432,0.858814170059432,1.0084745762711864,1.0084745762711864,0.7736185383244207,1.0084745762711864,1.0084745762711864,1.0224719101123596,1.05,0.804,quarterly_reset_hist_anchor50,40,0.9,0.0,3,1
349,1.380225988700565,0.2693409742120344,0.3379032258064516,0.7970950072146126,0.5825743679487441,-0.9697071780267237,0.7970950072146126,0.7970950072146126,1.380225988700565,1.380225988700565,0.7541613316261202,1.3248587570621468,1.4435028248587571,1.0382022471910113,1.7340909090909091,0.9011627906976745,quarterly_reset_hist_anchor50,40,0.9,0.0,3,2
250,0.9887005649717514,0.312,0.3379032258064516,0.9233412887828163,0.5825743679487441,-0.23128897806318285,0.9233412887828163,0.9233412887828163,0.9887005649717514,0.9887005649717514,0.8454545454545453,0.9887005649717514,0.9887005649717514,0.9545454545454546,1.05,0.8081632653061225,quarterly_reset_hist_anchor50,40,0.9,0.0,4,1
339,1.340677966101695,0.2890855457227139,0.3379032258064516,0.8555276293464564,0.5825743679487441,-2.93306426485334,0.8555276293464564,0.8555276293464564,1.340677966101695,1.340677966101695,0.7649350649350648,1.265536723163842,1.4039548022598871,1.0382022471910113,1.7022727272727272,0.9041916167664671,quarterly_reset_hist_anchor50,40,0.9,0.0,4,2
218,0.8621468926553673,0.30275229357798167,0.3379032258064516,0.8959733747892537,0.5825743679487441,2.561516900081976,0.8959733747892537,0.8959733747892537,0.8621468926553673,0.8621468926553673,0.7931769722814499,0.8305084745762712,0.9491525423728814,0.6764044943820224,1.05,0.6244131455399061,quarterly_reset_hist_anchor50,40,0.9,0.3,3,1
308,1.2180790960451977,0.2792207792207792,0.3379032258064516,0.8263335709636426,0.5825743679487441,1.134889571522794,0.8263335709636426,0.8263335709636426,1.2180790960451977,1.2180790960451977,0.7909284195605953,1.1666666666666667,1.344632768361582,0.6921348314606742,1.7181818181818183,0.7920792079207921,quarterly_reset_hist_anchor50,40,0.9,0.3,3,2
205,0.8107344632768362,0.3463414634146341,0.3379032258064516,1.024972349962163,0.5825743679487441,11.885766042513353,1.024972349962163,1.024972349962163,0.8107344632768362,0.8107344632768362,0.9507119386637459,0.7711864406779662,0.8700564971751413,0.5662921348314607,1.0340909090909092,0.595,quarterly_reset_hist_anchor50,40,0.9,0.3,4,1
291,1.1508474576271188,0.3127147766323024,0.3379032258064516,0.9254566181958354,0.5825743679487441,8.1820936909832,0.9254566181958354,0.9254566181958354,1.1508474576271188,1.1508474576271188,0.8403614457831325,1.1073446327683616,1.265536723163842,0.5820224719101125,1.7022727272727272,0.7797202797202797,quarterly_reset_hist_anchor50,40,0.9,0.3,4,2
182,0.7197740112994351,0.29120879120879123,0.3379032258064516,0.8618112198064466,0.5825743679487441,-0.8819480429066534,0.8618112198064466,0.8618112198064466,0.7197740112994351,0.7197740112994351,0.7661414890330552,0.672316384180791,0.7711864406779662,0.33033707865168543,1.0340909090909092,0.5819209039548022,quarterly_reset_hist_anchor50,40,0.9,0.5,3,1
267,1.0559322033898306,0.2696629213483146,0.3379032258064516,0.7980477863291411,0.5825743679487441,-0.8097429706463091,0.7980477863291411,0.7980477863291411,1.0559322033898306,1.0559322033898306,0.7212297465724969,0.9887005649717514,1.1468926553672316,0.3460674157303371,1.7022727272727272,0.7862595419847328,quarterly_reset_hist_anchor50,40,0.9,0.5,3,2
172,0.6802259887005649,0.3023255813953488,0.3379032258064516,0.8947105511461397,0.5825743679487441,7.10379621313704,0.8947105511461397,0.8947105511461397,0.6802259887005649,0.6802259887005649,0.8288770053475936,0.652542372881356,0.711864406779661,0.251685393258427,1.0181818181818183,0.5868263473053892,quarterly_reset_hist_anchor50,40,0.9,0.5,4,1
251,0.9926553672316385,0.2788844621513944,0.3379032258064516,0.8253382650781124,0.5825743679487441,4.147019730910042,0.8253382650781124,0.8253382650781124,0.9926553672316385,0.9926553672316385,0.7587412587412586,0.9491525423728814,1.0875706214689267,0.26741573033707866,1.6704545454545454,0.7926829268292683,quarterly_reset_hist_anchor50,40,0.9,0.5,4,2
138,0.5457627118644068,0.2971014492753623,0.3379032258064516,0.8792501124139601,0.5825743679487441,9.51583079861949,0.8792501124139601,0.8792501124139601,0.5457627118644068,0.5457627118644068,0.8205128205128206,0.5141242937853108,0.5734463276836158,0.1258426966292135,0.9386363636363637,0.5338345864661654,quarterly_reset_hist_anchor50,40,0.9,0.65,3,1
218,0.8621468926553673,0.26605504587155965,0.3379032258064516,0.7873705414814653,0.5825743679487441,4.002954271992838,0.7873705414814653,0.7873705414814653,0.8621468926553673,0.8621468926553673,0.7521367521367521,0.7711864406779662,0.9293785310734464,0.14157303370786517,1.5590909090909093,0.7934272300469484,quarterly_reset_hist_anchor50,40,0.9,0.65,3,2
133,0.5259887005649718,0.3082706766917293,0.3379032258064516,0.9123046279182443,0.5825743679487441,4.667428784683745,0.9123046279182443,0.9123046279182443,0.5259887005649718,0.5259887005649718,0.8533333333333334,0.4943502824858757,0.5734463276836158,0.1101123595505618,0.9227272727272727,0.5625,quarterly_reset_hist_anchor50,40,0.9,0.65,4,1
209,0.8265536723163841,0.27751196172248804,0.3379032258064516,0.8212764499663131,0.5825743679487441,1.6995803911583522,0.8212764499663131,0.8212764499663131,0.8265536723163841,0.8265536723163841,0.7794970986460348,0.731638418079096,0.9293785310734464,0.1258426966292135,1.5272727272727273,0.8088235294117647,quarterly_reset_hist_anchor50,40,0.9,0.65,4,2
255,1.0084745762711864,0.27058823529411763,0.3379032258064516,0.8007861855959567,0.5825743679487441,-5.571344863764441,0.8007861855959567,0.8007861855959567,1.0084745762711864,1.0084745762711864,0.7183600713012477,1.0084745762711864,1.0084745762711864,1.0224719101123596,1.05,0.812,quarterly_reset_hist_anchor50,60,0.75,0.0,3,1
371,1.4672316384180792,0.2857142857142857,0.3379032258064516,0.8455506307534947,0.5825743679487441,-1.688770113605992,0.8455506307534947,0.8455506307534947,1.4672316384180792,1.4672316384180792,0.7407407407407408,1.4039548022598871,1.5423728813559323,1.0696629213483146,1.9090909090909092,0.8989071038251366,quarterly_reset_hist_anchor50,60,0.75,0.0,3,2
251,0.9926553672316385,0.2788844621513944,0.3379032258064516,0.8253382650781124,0.5825743679487441,-8.132452552338263,0.8253382650781124,0.8253382650781124,0.9926553672316385,0.9926553672316385,0.7466666666666667,0.9887005649717514,1.0084745762711864,0.9704545454545455,1.05,0.8089430894308943,quarterly_reset_hist_anchor50,60,0.75,0.0,4,1
365,1.4435028248587571,0.3013698630136986,0.3379032258064516,0.891882172164645,0.5825743679487441,-3.4503874078133965,0.891882172164645,0.891882172164645,1.4435028248587571,1.4435028248587571,0.7619047619047619,1.384180790960452,1.5028248587570623,1.0696629213483146,1.8931818181818183,0.9027777777777778,quarterly_reset_hist_anchor50,60,0.75,0.0,4,2
210,0.8305084745762712,0.2857142857142857,0.3379032258064516,0.8455506307534947,0.5825743679487441,-3.0210175122549567,0.8455506307534947,0.8455506307534947,0.8305084745762712,0.8305084745762712,0.7303882195448461,0.7909604519774012,0.8898305084745763,0.550561797752809,1.05,0.6536585365853659,quarterly_reset_hist_anchor50,60,0.75,0.3,3,1
322,1.2734463276836159,0.30745341614906835,0.3379032258064516,0.9098860048325651,0.5825743679487441,3.232472854498499,0.9098860048325651,0.9098860048325651,1.2734463276836159,1.2734463276836159,0.7741935483870969,1.1666666666666667,1.4039548022598871,0.597752808988764,1.8931818181818183,0.807570977917981,quarterly_reset_hist_anchor50,60,0.75,0.3,3,2
198,0.7830508474576272,0.30808080808080807,0.3379032258064516,0.9117427255852076,0.5825743679487441,6.300579355639399,0.9117427255852076,0.9117427255852076,0.7830508474576272,0.7830508474576272,0.7114170969592656,0.7711864406779662,0.8305084745762712,0.40898876404494383,1.05,0.6373056994818653,quarterly_reset_hist_anchor50,60,0.75,0.3,4,1
308,1.2180790960451977,0.32792207792207795,0.3379032258064516,0.9704615193875338,0.5825743679487441,9.169731158859081,0.9704615193875338,0.9704615193875338,1.2180790960451977,1.2180790960451977,0.8027333213450819,1.1468926553672316,1.3248587570621468,0.45617977528089887,1.8931818181818183,0.8118811881188119,quarterly_reset_hist_anchor50,60,0.75,0.3,4,2
178,0.703954802259887,0.2696629213483146,0.3379032258064516,0.7980477863291411,0.5825743679487441,-5.118246924242408,0.7980477863291411,0.7980477863291411,0.703954802259887,0.703954802259887,0.7002823719241631,0.672316384180791,0.7514124293785311,0.28314606741573034,1.0340909090909092,0.630057803468208,quarterly_reset_hist_anchor50,60,0.75,0.5,3,1
287,1.1350282485875707,0.30313588850174217,0.3379032258064516,0.897108596043342,0.5825743679487441,3.298436124659522,0.897108596043342,0.897108596043342,1.1350282485875707,1.1350282485875707,0.7901234567901234,1.0677966101694916,1.265536723163842,0.3146067415730337,1.8772727272727274,0.8120567375886525,quarterly_reset_hist_anchor50,60,0.75,0.5,3,2
172,0.6802259887005649,0.2616279069767442,0.3379032258064516,0.7742687461841595,0.5825743679487441,-2.6976574714554293,0.7742687461841595,0.7742687461841595,0.6802259887005649,0.6802259887005649,0.6460436339954413,0.652542372881356,0.731638418079096,0.2359550561797753,1.0181818181818183,0.6227544910179641,quarterly_reset_hist_anchor50,60,0.75,0.5,4,1
275,1.0875706214689267,0.29818181818181816,0.3379032258064516,0.8824473855500108,0.5825743679487441,3.2981686740305234,0.8824473855500108,0.8824473855500108,1.0875706214689267,1.0875706214689267,0.7710843373493976,1.0282485875706215,1.225988700564972,0.26741573033707866,1.8454545454545455,0.8074074074074075,quarterly_reset_hist_anchor50,60,0.75,0.5,4,2
139,0.5497175141242938,0.2589928057553957,0.3379032258064516,0.7664703559348226,0.5825743679487441,-4.700088319616298,0.7664703559348226,0.7664703559348226,0.5497175141242938,0.5497175141242938,0.674698795180723,0.4943502824858757,0.612994350282486,0.1258426966292135,0.9545454545454546,0.6268656716417911,quarterly_reset_hist_anchor50,60,0.75,0.65,3,1
240,0.9491525423728814,0.29583333333333334,0.3379032258064516,0.875497215592681,0.5825743679487441,1.6712800635689602,0.875497215592681,0.875497215592681,0.9491525423728814,0.9491525423728814,0.7605695509309967,0.8700564971751413,1.0875706214689267,0.15730337078651685,1.75,0.8212765957446808,quarterly_reset_hist_anchor50,60,0.75,0.65,3,2
136,0.5378531073446328,0.2647058823529412,0.3379032258064516,0.7833777902569142,0.5825743679487441,-8.409657414678701,0.7833777902569142,0.7833777902569142,0.5378531073446328,0.5378531073446328,0.6763636363636363,0.4943502824858757,0.5932203389830508,0.1101123595505618,0.9386363636363637,0.6259541984732825,quarterly_reset_hist_anchor50,60,0.75,0.65,4,1
235,0.9293785310734464,0.2978723404255319,0.3379032258064516,0.8815315086578988,0.5825743679487441,-0.551934867154669,0.8815315086578988,0.8815315086578988,0.9293785310734464,0.9293785310734464,0.7746541722445337,0.8502824858757062,1.0677966101694916,0.14157303370786517,1.7181818181818183,0.8217391304347826,quarterly_reset_hist_anchor50,60,0.75,0.65,4,2
255,1.0084745762711864,0.2823529411764706,0.3379032258064516,0.8356029762740419,0.5825743679487441,-5.8399799575405,0.8356029762740419,0.8356029762740419,1.0084745762711864,1.0084745762711864,0.7736185383244207,1.0084745762711864,1.0084745762711864,1.0224719101123596,1.05,0.804,quarterly_reset_hist_anchor50,60,0.8,0.0,3,1
367,1.4514124293785313,0.2779291553133515,0.3379032258064516,0.8225111040299663,0.5825743679487441,-3.892857094959715,0.8225111040299663,0.8225111040299663,1.4514124293785313,1.4514124293785313,0.7037037037037037,1.384180790960452,1.5423728813559323,1.053932584269663,1.8931818181818183,0.9005524861878453,quarterly_reset_hist_anchor50,60,0.8,0.0,3,2
251,0.9926553672316385,0.2948207171314741,0.3379032258064516,0.8725004516540046,0.5825743679487441,-7.996869737108206,0.8725004516540046,0.8725004516540046,0.9926553672316385,0.9926553672316385,0.7999999999999999,0.9887005649717514,1.0084745762711864,0.9704545454545455,1.05,0.8008130081300813,quarterly_reset_hist_anchor50,60,0.8,0.0,4,1
361,1.4276836158192092,0.29085872576177285,0.3379032258064516,0.8607752265980867,0.5825743679487441,-5.359372765819694,0.8607752265980867,0.8607752265980867,1.4276836158192092,1.4276836158192092,0.7619047619047619,1.384180790960452,1.5028248587570623,1.053932584269663,1.8772727272727274,0.9044943820224719,quarterly_reset_hist_anchor50,60,0.8,0.0,4,2
210,0.8305084745762712,0.3,0.3379032258064516,0.8878281622911695,0.5825743679487441,-3.3472172689830257,0.8878281622911695,0.8878281622911695,0.8305084745762712,0.8305084745762712,0.8328358208955224,0.7909604519774012,0.8898305084745763,0.550561797752809,1.05,0.6439024390243903,quarterly_reset_hist_anchor50,60,0.8,0.3,3,1
319,1.2615819209039547,0.29153605015673983,0.3379032258064516,0.8627797188409485,0.5825743679487441,-0.20769349546301727,0.8627797188409485,0.8627797188409485,1.2615819209039547,1.2615819209039547,0.7311827956989246,1.1468926553672316,1.4039548022598871,0.5820224719101125,1.8772727272727274,0.8089171974522293,quarterly_reset_hist_anchor50,60,0.8,0.3,3,2
198,0.7830508474576272,0.3282828282828283,0.3379032258064516,0.9715291338203034,0.5825743679487441,6.4724545406027545,0.9715291338203034,0.9715291338203034,0.7830508474576272,0.7830508474576272,0.8537005163511188,0.7711864406779662,0.8305084745762712,0.40898876404494383,1.05,0.6269430051813472,quarterly_reset_hist_anchor50,60,0.8,0.3,4,1
305,1.2062146892655368,0.31475409836065577,0.3379032258064516,0.9314918424038501,0.5825743679487441,6.207502542961942,0.9314918424038501,0.9314918424038501,1.2062146892655368,1.2062146892655368,0.8473296169753641,1.1271186440677967,1.3248587570621468,0.4404494382022472,1.8772727272727274,0.8133333333333334,quarterly_reset_hist_anchor50,60,0.8,0.3,4,2
178,0.703954802259887,0.2808988764044944,0.3379032258064516,0.8312997774261887,0.5825743679487441,-6.058276776812772,0.8312997774261887,0.8312997774261887,0.703954802259887,0.703954802259887,0.7002823719241631,0.672316384180791,0.7514124293785311,0.28314606741573034,1.0340909090909092,0.6127167630057804,quarterly_reset_hist_anchor50,60,0.8,0.5,3,1
284,1.1231638418079095,0.2852112676056338,0.3379032258064516,0.8440619852768161,0.5825743679487441,-0.8763872799510855,0.8440619852768161,0.8440619852768161,1.1231638418079095,1.1231638418079095,0.7407407407407408,1.0677966101694916,1.2457627118644068,0.3146067415730337,1.8613636363636363,0.8064516129032258,quarterly_reset_hist_anchor50,60,0.8,0.5,3,2
172,0.6802259887005649,0.27325581395348836,0.3379032258064516,0.8086806904590109,0.5825743679487441,-3.415376996689268,0.8086806904590109,0.8086806904590109,0.6802259887005649,0.6802259887005649,0.7267990882448715,0.652542372881356,0.731638418079096,0.2359550561797753,1.0181818181818183,0.6107784431137725,quarterly_reset_hist_anchor50,60,0.8,0.5,4,1
272,1.0757062146892655,0.28308823529411764,0.3379032258064516,0.8377790256914222,0.5825743679487441,-0.44180459005852035,0.8377790256914222,0.8377790256914222,1.0757062146892655,1.0757062146892655,0.783725064191191,1.0084745762711864,1.2062146892655368,0.26741573033707866,1.8295454545454546,0.8052434456928839,quarterly_reset_hist_anchor50,60,0.8,0.5,4,2
139,0.5497175141242938,0.2733812949640288,0.3379032258064516,0.8090520423756461,0.5825743679487441,-6.089011458101842,0.8090520423756461,0.8090520423756461,0.5497175141242938,0.5497175141242938,0.7619047619047619,0.4943502824858757,0.612994350282486,0.1258426966292135,0.9545454545454546,0.5970149253731343,quarterly_reset_hist_anchor50,60,0.8,0.65,3,1
239,0.9451977401129943,0.2803347280334728,0.3379032258064516,0.8296302213878431,0.5825743679487441,-1.9391396336111586,0.8296302213878431,0.8296302213878431,0.9451977401129943,0.9451977401129943,0.7375886524822696,0.8700564971751413,1.0677966101694916,0.15730337078651685,1.75,0.8205128205128205,quarterly_reset_hist_anchor50,60,0.8,0.65,3,2
136,0.5378531073446328,0.27941176470588236,0.3379032258064516,0.8268987786045207,0.5825743679487441,-9.389319183927515,0.8268987786045207,0.8268987786045207,0.5378531073446328,0.5378531073446328,0.7890909090909092,0.4943502824858757,0.5932203389830508,0.1101123595505618,0.9386363636363637,0.6106870229007634,quarterly_reset_hist_anchor50,60,0.8,0.65,4,1
232,0.9175141242937853,0.28448275862068967,0.3379032258064516,0.8419060159657642,0.5825743679487441,-3.9793129928451054,0.8419060159657642,0.8419060159657642,0.9175141242937853,0.9175141242937853,0.7441860465116279,0.8502824858757062,1.0282485875706215,0.14157303370786517,1.7022727272727272,0.8193832599118943,quarterly_reset_hist_anchor50,60,0.8,0.65,4,2
255,1.0084745762711864,0.28627450980392155,0.3379032258064516,0.8472085731667368,0.5825743679487441,0.6156126777722367,0.8472085731667368,0.8472085731667368,1.0084745762711864,1.0084745762711864,0.8288770053475936,1.0084745762711864,1.0084745762711864,1.0224719101123596,1.05,0.82,quarterly_reset_hist_anchor50,60,0.85,0.0,3,1
360,1.423728813559322,0.2777777777777778,0.3379032258064516,0.8220631132325644,0.5825743679487441,-0.3721005779559104,0.8220631132325644,0.8220631132325644,1.423728813559322,1.423728813559322,0.7619047619047619,1.364406779661017,1.5423728813559323,1.053932584269663,1.8454545454545455,0.9211267605633803,quarterly_reset_hist_anchor50,60,0.85,0.0,3,2
250,0.9887005649717514,0.308,0.3379032258064516,0.9115035799522673,0.5825743679487441,0.9299796193414481,0.9115035799522673,0.9115035799522673,0.9887005649717514,0.9887005649717514,0.8454545454545453,0.9887005649717514,0.9887005649717514,0.9545454545454546,1.05,0.8285714285714286,quarterly_reset_hist_anchor50,60,0.85,0.0,4,1
351,1.3881355932203392,0.29914529914529914,0.3379032258064516,0.885298737327377,0.5825743679487441,0.3300950824745546,0.885298737327377,0.885298737327377,1.3881355932203392,1.3881355932203392,0.8366265060240965,1.344632768361582,1.4830508474576272,1.053932584269663,1.8295454545454546,0.9248554913294798,quarterly_reset_hist_anchor50,60,0.85,0.0,4,2
210,0.8305084745762712,0.3047619047619048,0.3379032258064516,0.9019206728037278,0.5825743679487441,4.748184947241302,0.9019206728037278,0.9019206728037278,0.8305084745762712,0.8305084745762712,0.7402985074626867,0.7909604519774012,0.8898305084745763,0.550561797752809,1.05,0.6536585365853659,quarterly_reset_hist_anchor50,60,0.85,0.3,3,1
312,1.2338983050847459,0.2916666666666667,0.3379032258064516,0.8631662688941926,0.5825743679487441,4.110020718383803,0.8631662688941926,0.8631662688941926,1.2338983050847459,1.2338983050847459,0.7995927371457662,1.1271186440677967,1.4039548022598871,0.5820224719101125,1.8295454545454546,0.8306188925081434,quarterly_reset_hist_anchor50,60,0.85,0.3,3,2
196,0.7751412429378532,0.3520408163265306,0.3379032258064516,1.041839170035556,0.5825743679487441,19.20930287770443,1.041839170035556,1.041839170035556,0.7751412429378532,0.7751412429378532,0.8745224801645607,0.7514124293785311,0.8107344632768362,0.40898876404494383,1.05,0.643979057591623,quarterly_reset_hist_anchor50,60,0.85,0.3,4,1
294,1.1627118644067798,0.3299319727891156,0.3379032258064516,0.9764096569415356,0.5825743679487441,14.243718959707726,0.9764096569415356,0.9764096569415356,1.1627118644067798,1.1627118644067798,0.8274328081556999,1.0875706214689267,1.2853107344632768,0.4404494382022472,1.8295454545454546,0.8269896193771626,quarterly_reset_hist_anchor50,60,0.85,0.3,4,2
177,0.7,0.2937853107344633,0.3379032258064516,0.8694362417917291,0.5825743679487441,5.671708730395747,0.8694362417917291,0.8694362417917291,0.7,0.7,0.6002420330778541,0.652542372881356,0.7514124293785311,0.28314606741573034,1.0340909090909092,0.6104651162790697,quarterly_reset_hist_anchor50,60,0.85,0.5,3,1
277,1.0954802259887007,0.2888086642599278,0.3379032258064516,0.8547082188121968,0.5825743679487441,4.553588455281994,0.8547082188121968,0.8547082188121968,1.0954802259887007,1.0954802259887007,0.754007739082366,1.0084745762711864,1.2457627118644068,0.3146067415730337,1.8295454545454546,0.8198529411764706,quarterly_reset_hist_anchor50,60,0.85,0.5,3,2
168,0.664406779661017,0.2916666666666667,0.3379032258064516,0.8631662688941926,0.5825743679487441,9.138960781130617,0.8631662688941926,0.8631662688941926,0.664406779661017,0.664406779661017,0.6729986431478969,0.632768361581921,0.711864406779661,0.2359550561797753,1.0181818181818183,0.6073619631901841,quarterly_reset_hist_anchor50,60,0.85,0.5,4,1
261,1.0322033898305085,0.29118773946360155,0.3379032258064516,0.8617489186989641,0.5825743679487441,6.069612778391993,0.8617489186989641,0.8617489186989641,1.0322033898305085,1.0322033898305085,0.7596487645497243,0.9689265536723164,1.1666666666666667,0.26741573033707866,1.7977272727272728,0.81640625,quarterly_reset_hist_anchor50,60,0.85,0.5,4,2
135,0.5338983050847458,0.2814814814814815,0.3379032258064516,0.8330239547423319,0.5825743679487441,6.151844256081784,0.8330239547423319,0.8330239547423319,0.5338983050847458,0.5338983050847458,0.685461580983969,0.4943502824858757,0.5932203389830508,0.1258426966292135,0.9386363636363637,0.5538461538461539,quarterly_reset_hist_anchor50,60,0.85,0.65,3,1
229,0.9056497175141243,0.2794759825327511,0.3379032258064516,0.8270888265885712,0.5825743679487441,2.8008273924918337,0.8270888265885712,0.8270888265885712,0.9056497175141243,0.9056497175141243,0.7328938395089794,0.8305084745762712,1.0480225988700564,0.15730337078651685,1.7022727272727272,0.8125,quarterly_reset_hist_anchor50,60,0.85,0.65,3,2
130,0.5141242937853108,0.2923076923076923,0.3379032258064516,0.865063337617037,0.5825743679487441,2.3872302647555137,0.865063337617037,0.865063337617037,0.5141242937853108,0.5141242937853108,0.7711442786069652,0.4745762711864407,0.5734463276836158,0.1101123595505618,0.9227272727272727,0.584,quarterly_reset_hist_anchor50,60,0.85,0.65,4,1
219,0.8661016949152542,0.2876712328767123,0.3379032258064516,0.8513420734298885,0.5825743679487441,1.121626749260384,0.8513420734298885,0.8513420734298885,0.8661016949152542,0.8661016949152542,0.7768674698795182,0.7909604519774012,0.9887005649717514,0.14157303370786517,1.6545454545454545,0.822429906542056,quarterly_reset_hist_anchor50,60,0.85,0.65,4,2
255,1.0084745762711864,0.29411764705882354,0.3379032258064516,0.870419766952127,0.5825743679487441,4.7134359601568745,0.870419766952127,0.870419766952127,1.0084745762711864,1.0084745762711864,0.8288770053475936,1.0084745762711864,1.0084745762711864,1.0224719101123596,1.05,0.816,quarterly_reset_hist_anchor50,60,0.9,0.0,3,1
347,1.372316384180791,0.276657060518732,0.3379032258064516,0.8187464320840757,0.5825743679487441,4.211654937867918,0.8187464320840757,0.8187464320840757,1.372316384180791,1.372316384180791,0.7649350649350648,1.344632768361582,1.4435028248587571,1.0382022471910113,1.75,0.9093567251461988,quarterly_reset_hist_anchor50,60,0.9,0.0,3,2
250,0.9887005649717514,0.316,0.3379032258064516,0.9351789976133652,0.5825743679487441,4.706298031693223,0.9351789976133652,0.9351789976133652,0.9887005649717514,0.9887005649717514,0.8454545454545453,0.9887005649717514,0.9887005649717514,0.9545454545454546,1.05,0.8204081632653061,quarterly_reset_hist_anchor50,60,0.9,0.0,4,1
337,1.332768361581921,0.29673590504451036,0.3379032258064516,0.878168310871582,0.5825743679487441,3.696619393496725,0.878168310871582,0.878168310871582,1.332768361581921,1.332768361581921,0.8168642951251647,1.2853107344632768,1.4039548022598871,1.0382022471910113,1.7181818181818183,0.9126506024096386,quarterly_reset_hist_anchor50,60,0.9,0.0,4,2
210,0.8305084745762712,0.30952380952380953,0.3379032258064516,0.916013183316286,0.5825743679487441,7.620085209207403,0.916013183316286,0.916013183316286,0.8305084745762712,0.8305084745762712,0.8328358208955224,0.7909604519774012,0.8898305084745763,0.550561797752809,1.05,0.6487804878048781,quarterly_reset_hist_anchor50,60,0.9,0.3,3,1
300,1.1864406779661016,0.2866666666666667,0.3379032258064516,0.8483691328560065,0.5825743679487441,6.110901145304528,0.8483691328560065,0.8483691328560065,1.1864406779661016,1.1864406779661016,0.7814643188137165,1.1271186440677967,1.2853107344632768,0.5662921348314607,1.7340909090909091,0.8169491525423729,quarterly_reset_hist_anchor50,60,0.9,0.3,3,2
196,0.7751412429378532,0.3622448979591837,0.3379032258064516,1.0720374068481808,0.5825743679487441,23.33932696965082,1.0720374068481808,1.0720374068481808,0.7751412429378532,0.7751412429378532,0.9473993535116074,0.7514124293785311,0.8107344632768362,0.40898876404494383,1.05,0.6335078534031413,quarterly_reset_hist_anchor50,60,0.9,0.3,4,1
282,1.1152542372881356,0.3262411347517731,0.3379032258064516,0.9654868904348416,0.5825743679487441,17.591604458365563,0.9654868904348416,0.9654868904348416,1.1152542372881356,1.1152542372881356,0.8327078807031404,1.0677966101694916,1.2062146892655368,0.42471910112359557,1.7181818181818183,0.8122743682310469,quarterly_reset_hist_anchor50,60,0.9,0.3,4,2
177,0.7,0.2994350282485876,0.3379032258064516,0.8861561695184931,0.5825743679487441,9.079048024253833,0.8861561695184931,0.8861561695184931,0.7,0.7,0.7002823719241631,0.652542372881356,0.7514124293785311,0.28314606741573034,1.0340909090909092,0.6046511627906976,quarterly_reset_hist_anchor50,60,0.9,0.5,3,1
264,1.0440677966101695,0.2803030303030303,0.3379032258064516,0.8295364142619512,0.5825743679487441,6.608990727857633,0.8295364142619512,0.8295364142619512,1.0440677966101695,1.0440677966101695,0.7338829000211372,0.9491525423728814,1.1271186440677967,0.298876404494382,1.7181818181818183,0.803088803088803,quarterly_reset_hist_anchor50,60,0.9,0.5,3,2
168,0.664406779661017,0.30357142857142855,0.3379032258064516,0.8983975451755881,0.5825743679487441,13.957322221734737,0.8983975451755881,0.8983975451755881,0.664406779661017,0.664406779661017,0.7851650836725464,0.632768361581921,0.711864406779661,0.2359550561797753,1.0181818181818183,0.5950920245398773,quarterly_reset_hist_anchor50,60,0.9,0.5,4,1
249,0.9847457627118644,0.285140562248996,0.3379032258064516,0.8438527379206564,0.5825743679487441,9.467261117531434,0.8438527379206564,0.8438527379206564,0.9847457627118644,0.9847457627118644,0.7605695509309967,0.9096045197740114,1.0875706214689267,0.251685393258427,1.6863636363636363,0.7991803278688525,quarterly_reset_hist_anchor50,60,0.9,0.5,4,2
135,0.5338983050847458,0.28888888888888886,0.3379032258064516,0.8549456377618668,0.5825743679487441,10.619244663584606,0.8549456377618668,0.8549456377618668,0.5338983050847458,0.5338983050847458,0.7890909090909092,0.4943502824858757,0.5932203389830508,0.1258426966292135,0.9386363636363637,0.5307692307692308,quarterly_reset_hist_anchor50,60,0.9,0.65,3,1
217,0.8581920903954803,0.2672811059907834,0.3379032258064516,0.7909989771564951,0.5825743679487441,5.406166487250211,0.7909989771564951,0.7909989771564951,0.8581920903954803,0.8581920903954803,0.6847389558232931,0.7909604519774012,0.9491525423728814,0.14157303370786517,1.590909090909091,0.7830188679245284,quarterly_reset_hist_anchor50,60,0.9,0.65,3,2
130,0.5141242937853108,0.3076923076923077,0.3379032258064516,0.9105929869653021,0.5825743679487441,8.614035818766991,0.9105929869653021,0.9105929869653021,0.5141242937853108,0.5141242937853108,0.7890909090909092,0.4745762711864407,0.5734463276836158,0.1101123595505618,0.9227272727272727,0.56,quarterly_reset_hist_anchor50,60,0.9,0.65,4,1
208,0.8225988700564972,0.28365384615384615,0.3379032258064516,0.8394529098586377,0.5825743679487441,4.972834840833135,0.8394529098586377,0.8394529098586377,0.8225988700564972,0.8225988700564972,0.7794656888423258,0.7514124293785311,0.9096045197740114,0.1258426966292135,1.5590909090909093,0.7980295566502463,quarterly_reset_hist_anchor50,60,0.9,0.65,4,2
