candidate,group,h,n_scope,n_signals,first,last,hit_rate,base_rate,pooled_lift,adjusted_lift,frequency,currency_rate_min,currency_rate_max,symmetric_bps,forward_bps
t1930_cny_urgent_cap2,2024,1,1240,330,2024-01-09,2024-12-28,0.7787878787878788,0.5435483870967742,1.432784821508857,1.432784821508857,1.3014084507042254,1.3014084507042254,1.3014084507042254,17.682826885813494,39.76849638828629
t1930_cny_urgent_cap2,2024,3,1240,330,2024-01-09,2024-12-28,0.603030303030303,0.3919354838709677,1.5385958348921314,1.5385958348921311,1.3014084507042254,1.3014084507042254,1.3014084507042254,28.14204201082626,50.48188428663971
t1930_cny_urgent_cap2,2024,5,1240,330,2024-01-09,2024-12-28,0.5515151515151515,0.3379032258064516,1.6321689448181096,1.6321689448181096,1.3014084507042254,1.3014084507042254,1.3014084507042254,32.29760335606861,60.176182709242504
t1930_cny_urgent_cap2,2024,10,1240,330,2024-01-09,2024-12-28,0.4484848484848485,0.2693548387096774,1.665033569225186,1.6650335692251859,1.3014084507042254,1.3014084507042254,1.3014084507042254,32.041710281822475,71.59953111955622
t1930_cny_urgent_cap2,2024,20,1240,330,2024-01-09,2024-12-28,0.3090909090909091,0.18870967741935485,1.637917637917638,1.6379176379176377,1.3014084507042254,1.3014084507042254,1.3014084507042254,29.16304862749621,85.77767218520913
t1930_cny_urgent_cap2,2025,1,1235,335,2025-01-09,2025-12-30,0.746268656716418,0.4631578947368421,1.6112618724559025,1.6112618724559022,1.3174157303370788,1.3174157303370788,1.3174157303370788,28.69036883688573,57.02138786580228
t1930_cny_urgent_cap2,2025,3,1235,335,2025-01-09,2025-12-30,0.48059701492537316,0.28421052631578947,1.6909894969596464,1.6909894969596462,1.3174157303370788,1.3174157303370788,1.3174157303370788,41.1359446748859,56.1681877801127
t1930_cny_urgent_cap2,2025,5,1235,335,2025-01-09,2025-12-30,0.4,0.22186234817813766,1.8029197080291972,1.802919708029197,1.3174157303370788,1.3174157303370788,1.3174157303370788,42.56928890633331,47.842710641403585
t1930_cny_urgent_cap2,2025,10,1235,335,2025-01-09,2025-12-30,0.2537313432835821,0.14736842105263157,1.7217484008528787,1.7217484008528785,1.3174157303370788,1.3174157303370788,1.3174157303370788,42.27586967464144,23.864538129913218
t1930_cny_urgent_cap2,2025,20,1235,335,2025-01-09,2025-12-30,0.1582089552238806,0.09635627530364373,1.641916468079769,1.6419164680797693,1.3174157303370788,1.3174157303370788,1.3174157303370788,41.91320546253512,-16.43424052705496
t1930_cny_urgent_cap2,2026,1,805,245,2026-01-12,2026-08-31,0.8244897959183674,0.55527950310559,1.484819431128156,1.484819431128156,1.4784482758620687,1.4784482758620687,1.4784482758620687,22.180520328934684,62.64225341929983
t1930_cny_urgent_cap2,2026,3,795,245,2026-01-12,2026-08-27,0.6081632653061224,0.4050314465408805,1.5015211053365445,1.5015211053365443,1.5043859649122808,1.5043859649122808,1.5043859649122808,27.427539957168058,69.72193945798504
t1930_cny_urgent_cap2,2026,5,785,240,2026-01-12,2026-08-25,0.525,0.3401273885350318,1.5435393258426968,1.5435393258426966,1.4867256637168142,1.4867256637168142,1.4867256637168142,28.581913962962172,73.79205707598786
t1930_cny_urgent_cap2,2026,10,760,235,2026-01-12,2026-08-18,0.44680851063829785,0.29210526315789476,1.5296147211040827,1.529614721104083,1.5022831050228311,1.5022831050228311,1.5022831050228311,28.312510253396596,94.70188858377443
t1930_cny_urgent_cap2,2026,20,710,220,2026-01-12,2026-08-04,0.36818181818181817,0.24647887323943662,1.4937662337662336,1.493766233766234,1.502439024390244,1.502439024390244,1.502439024390244,49.783735038263906,130.41131690590842
t1930_cny_urgent_cap2,AMD,1,656,182,2024-01-09,2026-08-31,0.7802197802197802,0.524390243902439,1.4878609762330692,1.485189969366923,1.3510074231177094,1.3510074231177094,1.3510074231177094,22.671307655037577,51.64500807989889
t1930_cny_urgent_cap2,AMD,3,654,182,2024-01-09,2026-08-27,0.554945054945055,0.35932721712538224,1.5444002805704935,1.5398651977312339,1.356762513312034,1.356762513312034,1.356762513312034,32.607393523174544,58.510492910011614
t1930_cny_urgent_cap2,AMD,5,652,181,2024-01-09,2026-08-25,0.4861878453038674,0.29754601226993865,1.6339921398872244,1.6306799901692863,1.3521878335112059,1.3521878335112059,1.3521878335112059,35.04613336573475,60.41547884532233
t1930_cny_urgent_cap2,AMD,10,647,180,2024-01-09,2026-08-18,0.37222222222222223,0.23338485316846985,1.5948859455481974,1.5868307207401224,1.3548387096774193,1.3548387096774193,1.3548387096774193,34.82128167412811,62.75861516746141
t1930_cny_urgent_cap2,AMD,20,637,177,2024-01-09,2026-08-04,0.2655367231638418,0.1726844583987441,1.5376990241397022,1.52017365196776,1.3526200873362444,1.3526200873362444,1.3526200873362444,38.93604636169125,64.96473474811509
t1930_cny_urgent_cap2,KGS,1,656,182,2024-01-09,2026-08-31,0.7747252747252747,0.4954268292682927,1.5637531699070162,1.565717159863154,1.3510074231177094,1.3510074231177094,1.3510074231177094,23.640943081393704,51.98999276064469
t1930_cny_urgent_cap2,KGS,3,654,182,2024-01-09,2026-08-27,0.554945054945055,0.3486238532110092,1.5918160786581839,1.5898424048418063,1.356762513312034,1.356762513312034,1.356762513312034,33.32270169569068,57.08964884355083
t1930_cny_urgent_cap2,KGS,5,652,181,2024-01-09,2026-08-25,0.49171270718232046,0.2929447852760736,1.67851667582656,1.6796283564251975,1.3521878335112059,1.3521878335112059,1.3521878335112059,35.50453003811345,57.61944388842247
t1930_cny_urgent_cap2,KGS,10,647,180,2024-01-09,2026-08-18,0.36666666666666664,0.22565687789799072,1.6248858447488583,1.61974091491474,1.3548387096774193,1.3548387096774193,1.3548387096774193,35.61111940727632,57.38839105593797
t1930_cny_urgent_cap2,KGS,20,637,177,2024-01-09,2026-08-04,0.24858757062146894,0.1664050235478807,1.4938705894893936,1.4803941658015214,1.3526200873362444,1.3526200873362444,1.3526200873362444,39.493365464195634,52.70625085612323
t1930_cny_urgent_cap2,KZT,1,656,182,2024-01-09,2026-08-31,0.7527472527472527,0.5137195121951219,1.4652884207780352,1.457722843117588,1.3510074231177094,1.3510074231177094,1.3510074231177094,23.533631290781347,53.597818284916954
t1930_cny_urgent_cap2,KZT,3,654,182,2024-01-09,2026-08-27,0.5384615384615384,0.3302752293577982,1.63034188034188,1.616112511723191,1.356762513312034,1.356762513312034,1.356762513312034,34.60130642378878,57.21064784340575
t1930_cny_urgent_cap2,KZT,5,652,181,2024-01-09,2026-08-25,0.4419889502762431,0.2668711656441718,1.6561884803454625,1.6386676473542612,1.3521878335112059,1.3521878335112059,1.3521878335112059,37.22932674303134,57.50882494167369
t1930_cny_urgent_cap2,KZT,10,647,180,2024-01-09,2026-08-18,0.34444444444444444,0.20401854714064915,1.6882996632996632,1.6575741427176665,1.3548387096774193,1.3548387096774193,1.3548387096774193,36.202881940465545,53.231950440966266
t1930_cny_urgent_cap2,KZT,20,637,177,2024-01-09,2026-08-04,0.2542372881355932,0.14756671899529042,1.7228633249188605,1.680977248955278,1.3526200873362444,1.3526200873362444,1.3526200873362444,41.90393071645039,44.27621391426088
t1930_cny_urgent_cap2,TJS,1,656,182,2024-01-09,2026-08-31,0.7967032967032966,0.5259146341463414,1.514890906195254,1.5151714461496983,1.3510074231177094,1.3510074231177094,1.3510074231177094,21.69429312389544,51.70156867958646
t1930_cny_urgent_cap2,TJS,3,654,182,2024-01-09,2026-08-27,0.5934065934065934,0.37767584097859325,1.5712061218134095,1.5695781653761287,1.356762513312034,1.356762513312034,1.356762513312034,30.602067034640594,58.49409082891295
t1930_cny_urgent_cap2,TJS,5,652,181,2024-01-09,2026-08-25,0.5193370165745856,0.3205521472392638,1.6201327024240664,1.621665776225318,1.3521878335112059,1.3521878335112059,1.3521878335112059,32.54027898043863,61.34310229592081
t1930_cny_urgent_cap2,TJS,10,647,180,2024-01-09,2026-08-18,0.4166666666666667,0.2550231839258114,1.633838383838384,1.6325976539804117,1.3548387096774193,1.3548387096774193,1.3548387096774193,31.830128862909067,65.86298473219155
t1930_cny_urgent_cap2,TJS,20,637,177,2024-01-09,2026-08-04,0.2824858757062147,0.17739403453689168,1.592420378981051,1.5816402454821616,1.3526200873362444,1.3526200873362444,1.3526200873362444,34.19151077355369,71.26536148862974
t1930_cny_urgent_cap2,UZS,1,656,182,2024-01-09,2026-08-31,0.7912087912087912,0.5213414634146342,1.5176402544823597,1.5121895764575548,1.3510074231177094,1.3510074231177094,1.3510074231177094,23.189681515178584,52.456385991143605
t1930_cny_urgent_cap2,UZS,3,654,182,2024-01-09,2026-08-27,0.554945054945055,0.3562691131498471,1.5576569353393388,1.548703621490584,1.356762513312034,1.356762513312034,1.356762513312034,32.53225999943957,57.47116291552103
t1930_cny_urgent_cap2,UZS,5,652,181,2024-01-09,2026-08-25,0.5027624309392266,0.294478527607362,1.7072974217311234,1.6938376624880995,1.3521878335112059,1.3521878335112059,1.3521878335112059,35.251997404368154,59.22111719527568
t1930_cny_urgent_cap2,UZS,10,647,180,2024-01-09,2026-08-18,0.37777777777777777,0.22256568778979907,1.6973765432098764,1.675398667615363,1.3548387096774193,1.3548387096774193,1.3548387096774193,35.92136946830149,60.07699949322875
t1930_cny_urgent_cap2,UZS,20,637,177,2024-01-09,2026-08-04,0.2824858757062147,0.16483516483516483,1.713747645951036,1.6802955568570848,1.3526200873362444,1.3526200873362444,1.3526200873362444,41.05227428547104,57.70072127454035
cny_hist50_urgent_cap2,2024,1,1240,337,2024-01-09,2024-12-28,0.8160237388724035,0.5435483870967742,1.5012899646910687,1.5011776100019811,1.3290140845070422,1.3211267605633803,1.3408450704225352,13.243204068346506,43.361952329154136
cny_hist50_urgent_cap2,2024,3,1240,337,2024-01-09,2024-12-28,0.5905044510385756,0.3919354838709677,1.506636870962621,1.5064713064713062,1.3290140845070422,1.3211267605633803,1.3408450704225352,24.21797981513555,52.67442880732538
cny_hist50_urgent_cap2,2024,5,1240,337,2024-01-09,2024-12-28,0.5222551928783383,0.3379032258064516,1.5455762271339846,1.5453901713638294,1.3290140845070422,1.3211267605633803,1.3408450704225352,28.13382601147063,56.357025985626365
cny_hist50_urgent_cap2,2024,10,1240,337,2024-01-09,2024-12-28,0.39762611275964393,0.2693548387096774,1.4762167060537679,1.4759937819231623,1.3290140845070422,1.3211267605633803,1.3408450704225352,33.12193360709014,63.65243108006048
cny_hist50_urgent_cap2,2024,20,1240,337,2024-01-09,2024-12-28,0.29673590504451036,0.18870967741935485,1.5724466763042428,1.5720081135902635,1.3290140845070422,1.3211267605633803,1.3408450704225352,36.599628569061274,77.4249554934334
cny_hist50_urgent_cap2,2025,1,1235,334,2025-01-09,2025-12-30,0.7245508982035929,0.4631578947368421,1.5643712574850301,1.563495592581936,1.313483146067416,1.2780898876404496,1.356741573033708,24.083549729251104,46.5302141981724
cny_hist50_urgent_cap2,2025,3,1235,334,2025-01-09,2025-12-30,0.49700598802395207,0.28421052631578947,1.7487247726768684,1.7477408354646204,1.313483146067416,1.2780898876404496,1.356741573033708,37.80358016696513,49.62193407245108
cny_hist50_urgent_cap2,2025,5,1235,334,2025-01-09,2025-12-30,0.4251497005988024,0.22186234817813766,1.9162769351807334,1.9143106647745878,1.313483146067416,1.2780898876404496,1.356741573033708,39.345321886047,41.691897904736756
cny_hist50_urgent_cap2,2025,10,1235,334,2025-01-09,2025-12-30,0.25748502994011974,0.14736842105263157,1.7472198460222412,1.7448661080992278,1.313483146067416,1.2780898876404496,1.356741573033708,42.323117904841105,18.21943768922799
cny_hist50_urgent_cap2,2025,20,1235,334,2025-01-09,2025-12-30,0.16167664670658682,0.09635627530364373,1.6779046948120564,1.6760492586076903,1.313483146067416,1.2780898876404496,1.356741573033708,44.51672293461566,-26.39540063223926
cny_hist50_urgent_cap2,2026,1,805,242,2026-01-12,2026-08-31,0.7975206611570248,0.55527950310559,1.4362508551038142,1.4367024227852783,1.4603448275862068,1.4181034482758619,1.5086206896551724,22.55657303688123,57.23775720190021
cny_hist50_urgent_cap2,2026,3,795,237,2026-01-12,2026-08-27,0.569620253164557,0.4050314465408805,1.406360562937338,1.4061578774975434,1.455263157894737,1.4122807017543861,1.5043859649122808,27.518828433989277,61.3415057297585
cny_hist50_urgent_cap2,2026,5,785,237,2026-01-12,2026-08-25,0.5063291139240507,0.3401273885350318,1.4886455222111603,1.4881516587677726,1.4681415929203538,1.424778761061947,1.5176991150442478,32.485098373120806,71.46970243697832
cny_hist50_urgent_cap2,2026,10,760,232,2026-01-12,2026-08-18,0.4267241379310345,0.29210526315789476,1.4608574091332711,1.4609708737864076,1.4831050228310503,1.4383561643835616,1.534246575342466,37.49781906889608,91.40312081215507
cny_hist50_urgent_cap2,2026,20,710,220,2026-01-12,2026-08-04,0.35454545454545455,0.24647887323943662,1.4384415584415584,1.4397504224619784,1.502439024390244,1.4341463414634146,1.5707317073170732,66.18057454806072,130.83709682986122
cny_hist50_urgent_cap2,AMD,1,656,180,2024-01-09,2026-08-31,0.7833333333333333,0.524390243902439,1.493798449612403,1.4892564309574776,1.3361611876988335,1.3361611876988335,1.3361611876988335,17.849575361236305,46.080699326532724
cny_hist50_urgent_cap2,AMD,3,654,179,2024-01-09,2026-08-27,0.553072625698324,0.35932721712538224,1.5391893498157616,1.5317886934488432,1.334398296059638,1.334398296059638,1.334398296059638,28.648698332958087,54.66283969326847
cny_hist50_urgent_cap2,AMD,5,652,179,2024-01-09,2026-08-25,0.4972067039106145,0.29754601226993865,1.6710245925243332,1.6612155352300706,1.3372465314834578,1.3372465314834578,1.3372465314834578,32.3895138328212,57.544492278369205
cny_hist50_urgent_cap2,AMD,10,647,178,2024-01-09,2026-08-18,0.3651685393258427,0.23338485316846985,1.5646625492968227,1.5496157329407183,1.3397849462365592,1.3397849462365592,1.3397849462365592,36.60446516378745,59.21739143700072
cny_hist50_urgent_cap2,AMD,20,637,175,2024-01-09,2026-08-04,0.2742857142857143,0.1726844583987441,1.5883636363636364,1.564851126428036,1.3373362445414847,1.3373362445414847,1.3373362445414847,47.2107966937643,63.41849127497337
cny_hist50_urgent_cap2,KGS,1,656,181,2024-01-09,2026-08-31,0.7845303867403315,0.4954268292682927,1.5835444113897152,1.5830676455277806,1.3435843054082715,1.3435843054082715,1.3435843054082715,19.34641857691136,46.14990159564028
cny_hist50_urgent_cap2,KGS,3,654,180,2024-01-09,2026-08-27,0.5722222222222222,0.3486238532110092,1.6413742690058477,1.6366394226001042,1.34185303514377,1.34185303514377,1.34185303514377,29.412689430205102,51.82212313024421
cny_hist50_urgent_cap2,KGS,5,652,180,2024-01-09,2026-08-25,0.5055555555555555,0.2929447852760736,1.7257707969749856,1.7216995426363042,1.3447171824973319,1.3447171824973319,1.3447171824973319,32.15413479917508,52.547909567882584
cny_hist50_urgent_cap2,KGS,10,647,179,2024-01-09,2026-08-18,0.35195530726256985,0.22565687789799072,1.5596923547868677,1.550011828539595,1.3473118279569891,1.3473118279569891,1.3473118279569891,35.96386596323738,50.434661084726436
cny_hist50_urgent_cap2,KGS,20,637,177,2024-01-09,2026-08-04,0.2598870056497175,0.1664050235478807,1.5617737981025477,1.5414298185865674,1.3526200873362444,1.3526200873362444,1.3526200873362444,45.41454912972354,46.46490877309847
cny_hist50_urgent_cap2,KZT,1,656,183,2024-01-09,2026-08-31,0.7595628415300546,0.5137195121951219,1.4785555609605812,1.4753890634335867,1.3584305408271473,1.3584305408271473,1.3584305408271473,23.20424178814712,52.20404301855487
cny_hist50_urgent_cap2,KZT,3,654,182,2024-01-09,2026-08-27,0.532967032967033,0.3302752293577982,1.6137057387057385,1.6101113169030443,1.356762513312034,1.356762513312034,1.356762513312034,35.99574054108991,56.50388695749697
cny_hist50_urgent_cap2,KZT,5,652,182,2024-01-09,2026-08-25,0.43956043956043955,0.2668711656441718,1.6470885436402676,1.6403844700779653,1.35965848452508,1.35965848452508,1.35965848452508,40.78216425419447,55.948929135513524
cny_hist50_urgent_cap2,KZT,10,647,181,2024-01-09,2026-08-18,0.3370165745856354,0.20401854714064915,1.651891846643228,1.6387243563936114,1.3623655913978494,1.3623655913978494,1.3623655913978494,46.12633342835402,49.323120890517416
cny_hist50_urgent_cap2,KZT,20,637,179,2024-01-09,2026-08-04,0.24022346368715083,0.14756671899529042,1.6278973017948413,1.6043871336802487,1.3679039301310043,1.3679039301310043,1.3679039301310043,53.239602350752,35.26660513302336
cny_hist50_urgent_cap2,TJS,1,656,185,2024-01-09,2026-08-31,0.7783783783783784,0.5259146341463414,1.4800470035252646,1.4803072439996423,1.3732767762460232,1.3732767762460232,1.3732767762460232,18.60378264110949,47.93699040362424
cny_hist50_urgent_cap2,TJS,3,654,184,2024-01-09,2026-08-27,0.5652173913043478,0.37767584097859325,1.4965675057208239,1.4952929810703006,1.3716719914802982,1.3716719914802982,1.3716719914802982,27.85980097911144,53.17612138963699
cny_hist50_urgent_cap2,TJS,5,652,184,2024-01-09,2026-08-25,0.5,0.3205521472392638,1.5598086124401915,1.5612842825994973,1.374599786552828,1.374599786552828,1.374599786552828,30.452308044381503,55.55618368551394
cny_hist50_urgent_cap2,TJS,10,647,183,2024-01-09,2026-08-18,0.3879781420765027,0.2550231839258114,1.521344593475741,1.5200292180501844,1.3774193548387097,1.3774193548387097,1.3774193548387097,34.725073078020955,59.66906139651558
cny_hist50_urgent_cap2,TJS,20,637,181,2024-01-09,2026-08-04,0.281767955801105,0.17739403453689168,1.588373343763751,1.5750169428946799,1.3831877729257642,1.3831877729257642,1.3831877729257642,44.20932844914123,66.0978068338276
cny_hist50_urgent_cap2,UZS,1,656,184,2024-01-09,2026-08-31,0.782608695652174,0.5213414634146342,1.5011441647597255,1.4931660735059575,1.3658536585365852,1.3658536585365852,1.3658536585365852,19.363340718740375,48.56666062674764
cny_hist50_urgent_cap2,UZS,3,654,183,2024-01-09,2026-08-27,0.5300546448087432,0.3562691131498471,1.4877928656863435,1.475895967065052,1.3642172523961662,1.3642172523961662,1.3642172523961662,28.469880080061262,52.908202818160724
cny_hist50_urgent_cap2,UZS,5,652,183,2024-01-09,2026-08-25,0.46994535519125685,0.294478527607362,1.595856102003643,1.575746792116466,1.367129135538954,1.367129135538954,1.367129135538954,31.204149594966307,52.959564994847256
cny_hist50_urgent_cap2,UZS,10,647,182,2024-01-09,2026-08-18,0.3241758241758242,0.22256568778979907,1.4565399877899878,1.428140593906038,1.3698924731182796,1.3698924731182796,1.3698924731182796,34.83970054619026,51.2431998016722
cny_hist50_urgent_cap2,UZS,20,637,179,2024-01-09,2026-08-04,0.24581005586592178,0.16483516483516483,1.4912476722532588,1.4517044023531231,1.3679039301310043,1.3679039301310043,1.3679039301310043,44.303602240556664,47.270152575395926
t1810_cny_urgent_cap2,2024,1,1240,345,2024-01-09,2024-12-28,0.7768115942028986,0.5435483870967742,1.4291489270201694,1.4291489270201696,1.36056338028169,1.36056338028169,1.36056338028169,9.513168742538463,39.46668636602448
t1810_cny_urgent_cap2,2024,3,1240,345,2024-01-09,2024-12-28,0.5826086956521739,0.3919354838709677,1.4864913222401146,1.4864913222401146,1.36056338028169,1.36056338028169,1.36056338028169,16.590122068285087,46.74344626901089
t1810_cny_urgent_cap2,2024,5,1240,345,2024-01-09,2024-12-28,0.5101449275362319,0.3379032258064516,1.5097367783888485,1.5097367783888485,1.36056338028169,1.36056338028169,1.36056338028169,18.916075301443705,53.079447475162645
t1810_cny_urgent_cap2,2024,10,1240,345,2024-01-09,2024-12-28,0.39420289855072466,0.2693548387096774,1.4635077670745467,1.4635077670745464,1.36056338028169,1.36056338028169,1.36056338028169,20.7082426976225,56.34955155906473
t1810_cny_urgent_cap2,2024,20,1240,345,2024-01-09,2024-12-28,0.2985507246376812,0.18870967741935485,1.5820636690201908,1.582063669020191,1.36056338028169,1.36056338028169,1.36056338028169,18.481751716792402,70.58028294972608
t1810_cny_urgent_cap2,2025,1,1235,345,2025-01-09,2025-12-30,0.672463768115942,0.4631578947368421,1.4519104084321475,1.4519104084321477,1.356741573033708,1.356741573033708,1.356741573033708,24.559209903474137,38.50704072595029
t1810_cny_urgent_cap2,2025,3,1235,345,2025-01-09,2025-12-30,0.4260869565217391,0.28421052631578947,1.499194847020934,1.499194847020934,1.356741573033708,1.356741573033708,1.356741573033708,36.21025881864171,38.23195720160715
t1810_cny_urgent_cap2,2025,5,1235,345,2025-01-09,2025-12-30,0.36231884057971014,0.22186234817813766,1.6330794456786204,1.6330794456786204,1.356741573033708,1.356741573033708,1.356741573033708,39.89667782261836,30.68818280475898
t1810_cny_urgent_cap2,2025,10,1235,345,2025-01-09,2025-12-30,0.22028985507246376,0.14736842105263157,1.494824016563147,1.4948240165631472,1.356741573033708,1.356741573033708,1.356741573033708,47.5145255434646,10.535646929572401
t1810_cny_urgent_cap2,2025,20,1235,345,2025-01-09,2025-12-30,0.13333333333333333,0.09635627530364373,1.3837535014005602,1.38375350140056,1.356741573033708,1.356741573033708,1.356741573033708,49.96351645894485,-38.807093771856266
t1810_cny_urgent_cap2,2026,1,805,245,2026-01-12,2026-08-31,0.746938775510204,0.55527950310559,1.3451581975071907,1.345158197507191,1.4784482758620687,1.4784482758620687,1.4784482758620687,17.457182974155423,45.725889367355514
t1810_cny_urgent_cap2,2026,3,795,245,2026-01-12,2026-08-27,0.5346938775510204,0.4050314465408805,1.3201292939536062,1.320129293953606,1.5043859649122808,1.5043859649122808,1.5043859649122808,23.242247814725697,54.363291934802675
t1810_cny_urgent_cap2,2026,5,785,240,2026-01-12,2026-08-25,0.4666666666666667,0.3401273885350318,1.3720349563046192,1.3720349563046192,1.4867256637168142,1.4867256637168142,1.4867256637168142,26.616038283505677,61.45459561072439
t1810_cny_urgent_cap2,2026,10,760,235,2026-01-12,2026-08-18,0.3829787234042553,0.29210526315789476,1.3110983323749281,1.3110983323749281,1.5022831050228311,1.5022831050228311,1.5022831050228311,21.8427572091422,73.2004400911217
t1810_cny_urgent_cap2,2026,20,710,220,2026-01-12,2026-08-04,0.32272727272727275,0.24647887323943662,1.3093506493506495,1.3093506493506495,1.502439024390244,1.502439024390244,1.502439024390244,38.85108991459072,106.0986092403268
t1810_cny_urgent_cap2,AMD,1,656,187,2024-01-09,2026-08-31,0.7272727272727273,0.524390243902439,1.386892177589852,1.3847144793393469,1.3881230116648993,1.3881230116648993,1.3881230116648993,17.207563199928387,41.319337350302455
t1810_cny_urgent_cap2,AMD,3,654,187,2024-01-09,2026-08-27,0.5080213903743316,0.35932721712538224,1.4138127204460122,1.4099404382556286,1.3940362087326943,1.3940362087326943,1.3940362087326943,25.689879084440694,47.59894369255206
t1810_cny_urgent_cap2,AMD,5,652,186,2024-01-09,2026-08-25,0.44623655913978494,0.29754601226993865,1.4997228688615452,1.4963857673058054,1.3895410885805763,1.3895410885805763,1.3895410885805763,29.095616529507303,49.924747273276104
t1810_cny_urgent_cap2,AMD,10,647,185,2024-01-09,2026-08-18,0.32972972972972975,0.23338485316846985,1.4128154644710937,1.4060162003859886,1.3924731182795698,1.3924731182795698,1.3924731182795698,31.70881056364348,48.120767375637826
t1810_cny_urgent_cap2,AMD,20,637,182,2024-01-09,2026-08-04,0.24725274725274726,0.1726844583987441,1.4318181818181819,1.4179129029040178,1.390829694323144,1.390829694323144,1.390829694323144,35.81641520974813,45.55133883245227
t1810_cny_urgent_cap2,KGS,1,656,187,2024-01-09,2026-08-31,0.7272727272727273,0.4954268292682927,1.467972027972028,1.4685805739103546,1.3881230116648993,1.3881230116648993,1.3881230116648993,17.89696180427459,40.16687733575243
t1810_cny_urgent_cap2,KGS,3,654,187,2024-01-09,2026-08-27,0.5080213903743316,0.3486238532110092,1.4572192513368984,1.4547215820707702,1.3940362087326943,1.3940362087326943,1.3940362087326943,26.41185040524094,45.0204921536864
t1810_cny_urgent_cap2,KGS,5,652,186,2024-01-09,2026-08-25,0.44623655913978494,0.2929447852760736,1.5232787254405225,1.522439364809302,1.3895410885805763,1.3895410885805763,1.3895410885805763,29.82603700607571,46.0838334746939
t1810_cny_urgent_cap2,KGS,10,647,185,2024-01-09,2026-08-18,0.31351351351351353,0.22565687789799072,1.3893372824879675,1.384329868788903,1.3924731182795698,1.3924731182795698,1.3924731182795698,32.3614434000579,41.10414930126459
t1810_cny_urgent_cap2,KGS,20,637,182,2024-01-09,2026-08-04,0.23076923076923078,0.1664050235478807,1.3867924528301887,1.3757418250013458,1.390829694323144,1.390829694323144,1.390829694323144,35.97452849974106,31.59474256008475
t1810_cny_urgent_cap2,KZT,1,656,187,2024-01-09,2026-08-31,0.7005347593582888,0.5137195121951219,1.36365223186658,1.3585621996779174,1.3881230116648993,1.3881230116648993,1.3881230116648993,15.597835074781136,41.19292492219809
t1810_cny_urgent_cap2,KZT,3,654,187,2024-01-09,2026-08-27,0.4919786096256685,0.3302752293577982,1.4896019013666073,1.4796280712159262,1.3940362087326943,1.3940362087326943,1.3940362087326943,23.919549864430838,42.76858132459055
t1810_cny_urgent_cap2,KZT,5,652,186,2024-01-09,2026-08-25,0.4032258064516129,0.2668711656441718,1.510938079347423,1.498935996452027,1.3895410885805763,1.3895410885805763,1.3895410885805763,25.729633316263318,41.39119785708002
t1810_cny_urgent_cap2,KZT,10,647,185,2024-01-09,2026-08-18,0.31891891891891894,0.20401854714064915,1.5631859131859132,1.5412706630514232,1.3924731182795698,1.3924731182795698,1.3924731182795698,26.320954541747312,34.87388509371181
t1810_cny_urgent_cap2,KZT,20,637,182,2024-01-09,2026-08-04,0.22527472527472528,0.14756671899529042,1.5265957446808511,1.4976857861445774,1.390829694323144,1.390829694323144,1.390829694323144,32.46349504708314,25.531778761041036
t1810_cny_urgent_cap2,TJS,1,656,187,2024-01-09,2026-08-31,0.7433155080213903,0.5259146341463414,1.4133767340928467,1.4133492215659027,1.3881230116648993,1.3881230116648993,1.3881230116648993,16.31826525444222,38.75244222514421
t1810_cny_urgent_cap2,TJS,3,654,187,2024-01-09,2026-08-27,0.5508021390374331,0.37767584097859325,1.4583991859533656,1.4568159662042348,1.3940362087326943,1.3940362087326943,1.3940362087326943,24.462672281288206,45.741028026968515
t1810_cny_urgent_cap2,TJS,5,652,186,2024-01-09,2026-08-25,0.4838709677419355,0.3205521472392638,1.5094922055872821,1.5099530247610813,1.3895410885805763,1.3895410885805763,1.3895410885805763,27.82794659487827,49.36641195954705
t1810_cny_urgent_cap2,TJS,10,647,185,2024-01-09,2026-08-18,0.3621621621621622,0.2550231839258114,1.4201146601146604,1.4184373436113238,1.3924731182795698,1.3924731182795698,1.3924731182795698,30.522486279520407,49.67293019111084
t1810_cny_urgent_cap2,TJS,20,637,182,2024-01-09,2026-08-04,0.2692307692307692,0.17739403453689168,1.5176991150442478,1.509517613532521,1.390829694323144,1.390829694323144,1.390829694323144,34.10043351387663,50.81317634787415
t1810_cny_urgent_cap2,UZS,1,656,187,2024-01-09,2026-08-31,0.7540106951871658,0.5213414634146342,1.446289520592926,1.4422766638525362,1.3881230116648993,1.3881230116648993,1.3881230116648993,18.71189050369895,42.33194084966913
t1810_cny_urgent_cap2,UZS,3,654,187,2024-01-09,2026-08-27,0.5026737967914439,0.3562691131498471,1.4109384682472286,1.4042461823159011,1.3940362087326943,1.3940362087326943,1.3940362087326943,27.379589116457822,46.8683918149826
t1810_cny_urgent_cap2,UZS,5,652,186,2024-01-09,2026-08-25,0.44086021505376344,0.294478527607362,1.4970878136200716,1.4875296914925495,1.3895410885805763,1.3895410885805763,1.3895410885805763,30.952212875010762,47.90550509748259
t1810_cny_urgent_cap2,UZS,10,647,185,2024-01-09,2026-08-18,0.3081081081081081,0.22256568778979907,1.384346846846847,1.3696470824520333,1.3924731182795698,1.3924731182795698,1.3924731182795698,34.058753795157735,43.94446749769876
t1810_cny_urgent_cap2,UZS,20,637,182,2024-01-09,2026-08-04,0.23626373626373626,0.16483516483516483,1.4333333333333333,1.4111748266021953,1.390829694323144,1.390829694323144,1.390829694323144,38.35313488251428,34.98942668116862
t1810_cny_hist50_urgent_cap2,2024,1,1240,338,2024-01-09,2024-12-28,0.7781065088757396,0.5435483870967742,1.431531262620055,1.4318895304164565,1.3329577464788733,1.3211267605633803,1.36056338028169,12.590626201941673,39.99703360056078
t1810_cny_hist50_urgent_cap2,2024,3,1240,338,2024-01-09,2024-12-28,0.5650887573964497,0.3919354838709677,1.4417902452090487,1.4424312555193517,1.3329577464788733,1.3211267605633803,1.36056338028169,22.82585821699254,50.247930759917494
t1810_cny_hist50_urgent_cap2,2024,5,1240,338,2024-01-09,2024-12-28,0.5029585798816568,0.3379032258064516,1.4884693056163592,1.4894368685084434,1.3329577464788733,1.3211267605633803,1.36056338028169,26.859592765759185,55.90345605193926
t1810_cny_hist50_urgent_cap2,2024,10,1240,338,2024-01-09,2024-12-28,0.3875739644970414,0.2693548387096774,1.4388973532225489,1.440134757746354,1.3329577464788733,1.3211267605633803,1.36056338028169,30.931311451266353,60.51000750351211
t1810_cny_hist50_urgent_cap2,2024,20,1240,338,2024-01-09,2024-12-28,0.28402366863905326,0.18870967741935485,1.505082688514641,1.5062634442616727,1.3329577464788733,1.3211267605633803,1.36056338028169,33.464197846556786,69.80102194751393
t1810_cny_hist50_urgent_cap2,2025,1,1235,338,2025-01-09,2025-12-30,0.6775147928994083,0.4631578947368421,1.4628160301237225,1.4623697613692184,1.3292134831460676,1.2977528089887642,1.356741573033708,23.897470769309297,41.51282176631499
t1810_cny_hist50_urgent_cap2,2025,3,1235,338,2025-01-09,2025-12-30,0.45857988165680474,0.28421052631578947,1.6135218058294982,1.6124752558648863,1.3292134831460676,1.2977528089887642,1.356741573033708,34.880742653584946,44.196127280645115
t1810_cny_hist50_urgent_cap2,2025,5,1235,338,2025-01-09,2025-12-30,0.39644970414201186,0.22186234817813766,1.786917462099944,1.7846435889140515,1.3292134831460676,1.2977528089887642,1.356741573033708,35.81233367151782,35.613641511566925
t1810_cny_hist50_urgent_cap2,2025,10,1235,338,2025-01-09,2025-12-30,0.23964497041420119,0.14736842105263157,1.6261622992392224,1.6232860040567951,1.3292134831460676,1.2977528089887642,1.356741573033708,37.937699850639966,10.770510716367447
t1810_cny_hist50_urgent_cap2,2025,20,1235,338,2025-01-09,2025-12-30,0.14792899408284024,0.09635627530364373,1.535229476405947,1.5316879573359792,1.3292134831460676,1.2977528089887642,1.356741573033708,38.898516694810986,-36.250764660267734
t1810_cny_hist50_urgent_cap2,2026,1,805,244,2026-01-12,2026-08-31,0.75,0.55527950310559,1.3506711409395973,1.3517617911543403,1.472413793103448,1.4482758620689653,1.5086206896551724,19.748639640328488,50.862304597995106
t1810_cny_hist50_urgent_cap2,2026,3,795,239,2026-01-12,2026-08-27,0.5481171548117155,0.4050314465408805,1.353270615140726,1.3539391575663027,1.467543859649123,1.442982456140351,1.5043859649122808,23.93567737553746,52.38787895131296
t1810_cny_hist50_urgent_cap2,2026,5,785,239,2026-01-12,2026-08-25,0.48535564853556484,0.3401273885350318,1.4269819629229155,1.428168130489335,1.4805309734513277,1.4557522123893807,1.5176991150442478,29.91666973666539,64.31833868684296
t1810_cny_hist50_urgent_cap2,2026,10,760,234,2026-01-12,2026-08-18,0.41025641025641024,0.29210526315789476,1.4044814044814042,1.4055095357349259,1.4958904109589042,1.4703196347031964,1.534246575342466,32.75915701642573,81.88985756409492
t1810_cny_hist50_urgent_cap2,2026,20,710,221,2026-01-12,2026-08-04,0.3438914027149321,0.24647887323943662,1.3952165481577246,1.3952165481577248,1.5092682926829268,1.4682926829268292,1.5365853658536586,58.437211901150306,117.00458181187042
t1810_cny_hist50_urgent_cap2,AMD,1,656,181,2024-01-09,2026-08-31,0.7458563535911602,0.524390243902439,1.4223307208017473,1.4188960201679708,1.3435843054082715,1.3435843054082715,1.3435843054082715,17.376030447525967,41.778781637217065
t1810_cny_hist50_urgent_cap2,AMD,3,654,180,2024-01-09,2026-08-27,0.5333333333333333,0.35932721712538224,1.4842553191489363,1.4789940609380299,1.34185303514377,1.34185303514377,1.34185303514377,26.32582043225766,48.515650430496045
t1810_cny_hist50_urgent_cap2,AMD,5,652,180,2024-01-09,2026-08-25,0.4666666666666667,0.29754601226993865,1.568384879725086,1.562202951094278,1.3447171824973319,1.3447171824973319,1.3447171824973319,29.472530349598763,52.11751072406899
t1810_cny_hist50_urgent_cap2,AMD,10,647,179,2024-01-09,2026-08-18,0.3463687150837989,0.23338485316846985,1.4841096599948205,1.4732368469031112,1.3473118279569891,1.3473118279569891,1.3473118279569891,32.00077144609065,50.022007104232934
t1810_cny_hist50_urgent_cap2,AMD,20,637,176,2024-01-09,2026-08-04,0.2556818181818182,0.1726844583987441,1.4806301652892562,1.4612437986446989,1.3449781659388647,1.3449781659388647,1.3449781659388647,38.52276729018924,45.086621187366774
t1810_cny_hist50_urgent_cap2,KGS,1,656,185,2024-01-09,2026-08-31,0.7243243243243244,0.4954268292682927,1.4620207900207902,1.4638580807654087,1.3732767762460232,1.3732767762460232,1.3732767762460232,18.631733163376172,41.751027086179796
t1810_cny_hist50_urgent_cap2,KGS,3,654,184,2024-01-09,2026-08-27,0.5217391304347826,0.3486238532110092,1.4965675057208236,1.4951693547591676,1.3716719914802982,1.3716719914802982,1.3716719914802982,28.135008427689616,46.74886859640965
t1810_cny_hist50_urgent_cap2,KGS,5,652,184,2024-01-09,2026-08-25,0.45652173913043476,0.2929447852760736,1.5583883450944684,1.559278364240581,1.374599786552828,1.374599786552828,1.374599786552828,32.389846655971446,49.130783155339806
t1810_cny_hist50_urgent_cap2,KGS,10,647,183,2024-01-09,2026-08-18,0.3224043715846995,0.22565687789799072,1.4287371809267162,1.4238010612409877,1.3774193548387097,1.3774193548387097,1.3774193548387097,35.394405170258715,45.04828504156761
t1810_cny_hist50_urgent_cap2,KGS,20,637,180,2024-01-09,2026-08-04,0.23333333333333334,0.1664050235478807,1.4022012578616352,1.3886173954004233,1.3755458515283843,1.3755458515283843,1.3755458515283843,43.288625858055305,36.492402843156086
t1810_cny_hist50_urgent_cap2,KZT,1,656,185,2024-01-09,2026-08-31,0.7297297297297297,0.5137195121951219,1.4204827973373968,1.414266360685262,1.3732767762460232,1.3732767762460232,1.3732767762460232,22.80300321856676,48.69711054323199
t1810_cny_hist50_urgent_cap2,KZT,3,654,184,2024-01-09,2026-08-27,0.5054347826086957,0.3302752293577982,1.5303442028985508,1.52073795777573,1.3716719914802982,1.3716719914802982,1.3716719914802982,32.178299879728335,50.49168168143486
t1810_cny_hist50_urgent_cap2,KZT,5,652,184,2024-01-09,2026-08-25,0.42934782608695654,0.2668711656441718,1.6088205897051475,1.5939341236364328,1.374599786552828,1.374599786552828,1.374599786552828,35.742877863219626,51.0445860979388
t1810_cny_hist50_urgent_cap2,KZT,10,647,183,2024-01-09,2026-08-18,0.33879781420765026,0.20401854714064915,1.660622619639013,1.633948027687705,1.3774193548387097,1.3774193548387097,1.3774193548387097,38.977649407352644,43.66144018646514
t1810_cny_hist50_urgent_cap2,KZT,20,637,181,2024-01-09,2026-08-04,0.23756906077348067,0.14756671899529042,1.6099094863053955,1.5683657593552855,1.3831877729257642,1.3831877729257642,1.3831877729257642,47.08699865896323,33.31935405935664
t1810_cny_hist50_urgent_cap2,TJS,1,656,185,2024-01-09,2026-08-31,0.7297297297297297,0.5259146341463414,1.3875440658049354,1.3881580092067485,1.3732767762460232,1.3732767762460232,1.3732767762460232,15.817542890643306,40.07597925135372
t1810_cny_hist50_urgent_cap2,TJS,3,654,184,2024-01-09,2026-08-27,0.5380434782608695,0.37767584097859325,1.4246171448688612,1.42463685981239,1.3716719914802982,1.3716719914802982,1.3716719914802982,24.083516159412905,47.212009977893736
t1810_cny_hist50_urgent_cap2,TJS,5,652,184,2024-01-09,2026-08-25,0.4782608695652174,0.3205521472392638,1.4919908466819223,1.4941889840214928,1.374599786552828,1.374599786552828,1.374599786552828,26.72745939742563,50.71563890765508
t1810_cny_hist50_urgent_cap2,TJS,10,647,183,2024-01-09,2026-08-18,0.36065573770491804,0.2550231839258114,1.4142076502732241,1.4149011153613287,1.3774193548387097,1.3774193548387097,1.3774193548387097,29.23435798636548,51.718113994313796
t1810_cny_hist50_urgent_cap2,TJS,20,637,180,2024-01-09,2026-08-04,0.2722222222222222,0.17739403453689168,1.5345624385447394,1.5269681275310898,1.3755458515283843,1.3755458515283843,1.3755458515283843,37.03564314838055,52.69143920692012
t1810_cny_hist50_urgent_cap2,UZS,1,656,184,2024-01-09,2026-08-31,0.7391304347826086,0.5213414634146342,1.4177472667175184,1.4128833580901403,1.3658536585365852,1.3658536585365852,1.3658536585365852,18.559302565719157,44.846806177374496
t1810_cny_hist50_urgent_cap2,UZS,3,654,183,2024-01-09,2026-08-27,0.5081967213114754,0.3562691131498471,1.426440582565257,1.419113369608719,1.3642172523961662,1.3642172523961662,1.3642172523961662,27.091773810411947,49.894571161359735
t1810_cny_hist50_urgent_cap2,UZS,5,652,183,2024-01-09,2026-08-25,0.4644808743169399,0.294478527607362,1.577299635701275,1.5640518801442727,1.367129135538954,1.367129135538954,1.367129135538954,30.458283602608773,50.05335787254835
t1810_cny_hist50_urgent_cap2,UZS,10,647,182,2024-01-09,2026-08-18,0.3241758241758242,0.22256568778979907,1.4565399877899878,1.4372269238064979,1.3698924731182796,1.3698924731182796,1.3698924731182796,34.36954381225258,47.268175708628476
t1810_cny_hist50_urgent_cap2,UZS,20,637,180,2024-01-09,2026-08-04,0.2388888888888889,0.16483516483516483,1.4492592592592592,1.4190939269036433,1.3755458515283843,1.3755458515283843,1.3755458515283843,42.28943957573564,39.88255311543762
t1810_cny_hazard50_urgent_cap2,2024,1,1240,329,2024-01-09,2024-12-28,0.7933130699088146,0.5435483870967742,1.4595077250547923,1.4614585685256267,1.2974647887323942,1.2422535211267605,1.4,13.220918330957511,44.484084502091285
t1810_cny_hazard50_urgent_cap2,2024,3,1240,329,2024-01-09,2024-12-28,0.5835866261398176,0.3919354838709677,1.4889864535254607,1.4928049659842617,1.2974647887323942,1.2422535211267605,1.4,24.945639910576965,54.846682586855415
t1810_cny_hazard50_urgent_cap2,2024,5,1240,329,2024-01-09,2024-12-28,0.5227963525835866,0.3379032258064516,1.5471777498893733,1.5524821662541857,1.2974647887323942,1.2422535211267605,1.4,30.18370259182379,60.114347158411796
t1810_cny_hazard50_urgent_cap2,2024,10,1240,329,2024-01-09,2024-12-28,0.40425531914893614,0.2693548387096774,1.5008281309720983,1.5069444444444444,1.2974647887323942,1.2422535211267605,1.4,37.56776809271085,69.38113025489845
t1810_cny_hazard50_urgent_cap2,2024,20,1240,329,2024-01-09,2024-12-28,0.2917933130699088,0.18870967741935485,1.5462551632764396,1.5520208604954366,1.2974647887323942,1.2422535211267605,1.4,41.59265909695927,80.80877475711505
t1810_cny_hazard50_urgent_cap2,2025,1,1235,336,2025-01-09,2025-12-30,0.6755952380952381,0.4631578947368421,1.4586715367965368,1.4576249155098007,1.3213483146067417,1.2977528089887642,1.356741573033708,22.22679590923351,38.99397442152347
t1810_cny_hazard50_urgent_cap2,2025,3,1235,336,2025-01-09,2025-12-30,0.44345238095238093,0.28421052631578947,1.560295414462081,1.5581946737795844,1.3213483146067417,1.2977528089887642,1.356741573033708,32.29090307484927,38.02495110165082
t1810_cny_hazard50_urgent_cap2,2025,5,1235,336,2025-01-09,2025-12-30,0.3869047619047619,0.22186234817813766,1.7438955509210983,1.7403794037940379,1.3213483146067417,1.2977528089887642,1.356741573033708,32.96324878458042,29.452722130981464
t1810_cny_hazard50_urgent_cap2,2025,10,1235,336,2025-01-09,2025-12-30,0.24404761904761904,0.14736842105263157,1.6560374149659864,1.6516349995922694,1.3213483146067417,1.2977528089887642,1.356741573033708,35.354740443752746,4.059508033913224
t1810_cny_hazard50_urgent_cap2,2025,20,1235,336,2025-01-09,2025-12-30,0.15476190476190477,0.09635627530364373,1.6061424569827931,1.6008974199177368,1.3213483146067417,1.2977528089887642,1.356741573033708,38.369897267996535,-40.349771309026245
t1810_cny_hazard50_urgent_cap2,2026,1,805,238,2026-01-12,2026-08-31,0.7563025210084033,0.55527950310559,1.362021318594552,1.3627386438446347,1.436206896551724,1.3879310344827585,1.4784482758620687,19.58961754307932,50.935073263276394
t1810_cny_hazard50_urgent_cap2,2026,3,795,234,2026-01-12,2026-08-27,0.5470085470085471,0.4050314465408805,1.350533524446568,1.3509459010952538,1.4368421052631581,1.3815789473684212,1.473684210526316,25.866009718193787,57.178648705886204
t1810_cny_hazard50_urgent_cap2,2026,5,785,233,2026-01-12,2026-08-25,0.5021459227467812,0.3401273885350318,1.4763466268023342,1.4782713664896185,1.443362831858407,1.3938053097345133,1.4867256637168142,34.6510156654704,72.17619747501082
t1810_cny_hazard50_urgent_cap2,2026,10,760,228,2026-01-12,2026-08-18,0.42105263157894735,0.29210526315789476,1.4414414414414414,1.4434662182213869,1.4575342465753427,1.406392694063927,1.5022831050228311,42.034392955049874,95.60300362733689
t1810_cny_hazard50_urgent_cap2,2026,20,710,217,2026-01-12,2026-08-04,0.3548387096774194,0.24647887323943662,1.43963133640553,1.4411493343877684,1.481951219512195,1.4341463414634146,1.5365853658536586,72.60036287792323,139.97921030936251
t1810_cny_hazard50_urgent_cap2,AMD,1,656,179,2024-01-09,2026-08-31,0.7486033519553073,0.524390243902439,1.4275691827984929,1.4266062257512129,1.3287380699893954,1.3287380699893954,1.3287380699893954,17.93038682925264,44.59524940309814
t1810_cny_hazard50_urgent_cap2,AMD,3,654,178,2024-01-09,2026-08-27,0.5168539325842697,0.35932721712538224,1.43839349748984,1.4382670675478029,1.326943556975506,1.326943556975506,1.326943556975506,26.645625592795174,49.451661438224924
t1810_cny_hazard50_urgent_cap2,AMD,5,652,178,2024-01-09,2026-08-25,0.4606741573033708,0.29754601226993865,1.5482451059886482,1.5500739725628896,1.3297758804695838,1.3297758804695838,1.3297758804695838,32.0907516779804,53.74467980734271
t1810_cny_hazard50_urgent_cap2,AMD,10,647,177,2024-01-09,2026-08-18,0.3502824858757062,0.23338485316846985,1.500879260672728,1.4993389342649182,1.332258064516129,1.332258064516129,1.332258064516129,38.33202612169999,55.611059356057034
t1810_cny_hazard50_urgent_cap2,AMD,20,637,175,2024-01-09,2026-08-04,0.2571428571428571,0.1726844583987441,1.489090909090909,1.4743043345565536,1.3373362445414847,1.3373362445414847,1.3373362445414847,49.12236805929313,58.17721085128059
t1810_cny_hazard50_urgent_cap2,KGS,1,656,179,2024-01-09,2026-08-31,0.7374301675977654,0.4954268292682927,1.4884744305973356,1.4891014197302845,1.3287380699893954,1.3287380699893954,1.3287380699893954,17.50278035659361,42.33143606340757
t1810_cny_hazard50_urgent_cap2,KGS,3,654,178,2024-01-09,2026-08-27,0.5224719101123596,0.3486238532110092,1.498669426374926,1.496689793012922,1.326943556975506,1.326943556975506,1.326943556975506,27.142061639528062,47.8924799565798
t1810_cny_hazard50_urgent_cap2,KGS,5,652,178,2024-01-09,2026-08-25,0.47191011235955055,0.2929447852760736,1.610918289311136,1.6099967564662163,1.3297758804695838,1.3297758804695838,1.3297758804695838,31.14250253043178,50.19430028529504
t1810_cny_hazard50_urgent_cap2,KGS,10,647,177,2024-01-09,2026-08-18,0.3389830508474576,0.22565687789799072,1.5022057116322267,1.496731946293966,1.332258064516129,1.332258064516129,1.332258064516129,36.21389776431442,49.31201180111121
t1810_cny_hazard50_urgent_cap2,KGS,20,637,175,2024-01-09,2026-08-04,0.24571428571428572,0.1664050235478807,1.4766037735849056,1.4622173394396196,1.3373362445414847,1.3373362445414847,1.3373362445414847,46.430061180735684,46.5639206758665
t1810_cny_hazard50_urgent_cap2,KZT,1,656,185,2024-01-09,2026-08-31,0.7243243243243244,0.5137195121951219,1.409960702542305,1.4061245171029644,1.3732767762460232,1.3732767762460232,1.3732767762460232,19.393755685442812,45.97477643040052
t1810_cny_hazard50_urgent_cap2,KZT,3,654,185,2024-01-09,2026-08-27,0.5027027027027027,0.3302752293577982,1.522072072072072,1.5129340677613057,1.3791267305644304,1.3791267305644304,1.3791267305644304,29.59427524868295,47.65413967158813
t1810_cny_hazard50_urgent_cap2,KZT,5,652,184,2024-01-09,2026-08-25,0.44021739130434784,0.2668711656441718,1.6495502248875562,1.638189088931775,1.374599786552828,1.374599786552828,1.374599786552828,34.82606308040505,48.170437145445625
t1810_cny_hazard50_urgent_cap2,KZT,10,647,183,2024-01-09,2026-08-18,0.3442622950819672,0.20401854714064915,1.6874068554396422,1.6672159065871635,1.3774193548387097,1.3774193548387097,1.3774193548387097,40.11196853671834,42.84504295126282
t1810_cny_hazard50_urgent_cap2,KZT,20,637,181,2024-01-09,2026-08-04,0.24861878453038674,0.14756671899529042,1.6847889972963443,1.6502457675170878,1.3831877729257642,1.3831877729257642,1.3831877729257642,49.211908615548836,34.620563707054245
t1810_cny_hazard50_urgent_cap2,TJS,1,656,184,2024-01-09,2026-08-31,0.75,0.5259146341463414,1.4260869565217391,1.427052936142228,1.3658536585365852,1.3658536585365852,1.3658536585365852,17.302147207051142,43.078628361056005
t1810_cny_hazard50_urgent_cap2,TJS,3,654,183,2024-01-09,2026-08-27,0.5519125683060109,0.37767584097859325,1.4613393508993164,1.461985447156653,1.3642172523961662,1.3642172523961662,1.3642172523961662,26.867470883242355,49.97342626368205
t1810_cny_hazard50_urgent_cap2,TJS,5,652,183,2024-01-09,2026-08-25,0.4918032786885246,0.3205521472392638,1.5342379794493686,1.5374106554760225,1.367129135538954,1.367129135538954,1.367129135538954,30.66060336742183,54.20036544940256
t1810_cny_hazard50_urgent_cap2,TJS,10,647,182,2024-01-09,2026-08-18,0.3791208791208791,0.2550231839258114,1.4866133866133866,1.4886084402038642,1.3698924731182796,1.3698924731182796,1.3698924731182796,36.39205865078536,59.10104683509812
t1810_cny_hazard50_urgent_cap2,TJS,20,637,179,2024-01-09,2026-08-04,0.27932960893854747,0.17739403453689168,1.574627972511989,1.5671893513904678,1.3679039301310043,1.3679039301310043,1.3679039301310043,46.97253243258357,63.59362927137957
t1810_cny_hazard50_urgent_cap2,UZS,1,656,176,2024-01-09,2026-08-31,0.7386363636363636,0.5213414634146342,1.4167995746943116,1.415582269887278,1.3064687168610816,1.3064687168610816,1.3064687168610816,19.12635066744062,44.70516299384532
t1810_cny_hazard50_urgent_cap2,UZS,3,654,175,2024-01-09,2026-08-27,0.5142857142857142,0.3562691131498471,1.4435315757204168,1.4438868004796401,1.3045793397231098,1.3045793397231098,1.3045793397231098,29.39205038739023,50.92763385505496
t1810_cny_hazard50_urgent_cap2,UZS,5,652,175,2024-01-09,2026-08-25,0.4685714285714286,0.294478527607362,1.591190476190476,1.589959903484941,1.3073639274279616,1.3073639274279616,1.3073639274279616,33.17354927002035,52.61498911035771
t1810_cny_hazard50_urgent_cap2,UZS,10,647,174,2024-01-09,2026-08-18,0.3275862068965517,0.22256568778979907,1.4718630268199233,1.4677875057854486,1.3096774193548386,1.3096774193548386,1.3096774193548386,38.30090023486909,50.68651954828459
t1810_cny_hazard50_urgent_cap2,UZS,20,637,172,2024-01-09,2026-08-04,0.2441860465116279,0.16483516483516483,1.4813953488372094,1.4653027223575965,1.314410480349345,1.314410480349345,1.314410480349345,48.21764643955776,43.167283049913905
t1830_cny_urgent_cap2,2024,1,1240,335,2024-01-09,2024-12-28,0.7880597014925373,0.5435483870967742,1.4498427742592674,1.4498427742592674,1.3211267605633803,1.3211267605633803,1.3211267605633803,13.900919026388117,41.501726036961585
t1830_cny_urgent_cap2,2024,3,1240,335,2024-01-09,2024-12-28,0.6,0.3919354838709677,1.5308641975308643,1.5308641975308641,1.3211267605633803,1.3211267605633803,1.3211267605633803,23.94904190943216,54.806776573381114
t1830_cny_urgent_cap2,2024,5,1240,335,2024-01-09,2024-12-28,0.5402985074626866,0.3379032258064516,1.5989741032308624,1.5989741032308624,1.3211267605633803,1.3211267605633803,1.3211267605633803,25.477931238811266,58.13997021106006
t1830_cny_urgent_cap2,2024,10,1240,335,2024-01-09,2024-12-28,0.43283582089552236,0.2693548387096774,1.6069353829654125,1.6069353829654123,1.3211267605633803,1.3211267605633803,1.3211267605633803,27.18506019348322,64.2265544523995
t1830_cny_urgent_cap2,2024,20,1240,335,2024-01-09,2024-12-28,0.3164179104477612,0.18870967741935485,1.6767444827146318,1.6767444827146318,1.3211267605633803,1.3211267605633803,1.3211267605633803,28.18703298473942,80.00360081688078
t1830_cny_urgent_cap2,2025,1,1235,355,2025-01-09,2025-12-30,0.7295774647887324,0.4631578947368421,1.575224071702945,1.5752240717029449,1.3960674157303372,1.3960674157303372,1.3960674157303372,23.618827092627765,45.20609979039357
t1830_cny_urgent_cap2,2025,3,1235,355,2025-01-09,2025-12-30,0.476056338028169,0.28421052631578947,1.6750130412102242,1.6750130412102244,1.3960674157303372,1.3960674157303372,1.3960674157303372,31.54180474899007,42.05411829038684
t1830_cny_urgent_cap2,2025,5,1235,355,2025-01-09,2025-12-30,0.4112676056338028,0.22186234817813766,1.8537061786779068,1.8537061786779065,1.3960674157303372,1.3960674157303372,1.3960674157303372,32.50843009390337,31.46442034031816
t1830_cny_urgent_cap2,2025,10,1235,355,2025-01-09,2025-12-30,0.23661971830985915,0.14736842105263157,1.6056338028169015,1.6056338028169015,1.3960674157303372,1.3960674157303372,1.3960674157303372,36.17852749072503,10.115231224617176
t1830_cny_urgent_cap2,2025,20,1235,355,2025-01-09,2025-12-30,0.14929577464788732,0.09635627530364373,1.549414131849923,1.5494141318499233,1.3960674157303372,1.3960674157303372,1.3960674157303372,37.58353374426002,-32.47915788865252
t1830_cny_urgent_cap2,2026,1,805,250,2026-01-12,2026-08-31,0.816,0.55527950310559,1.4695302013422817,1.469530201342282,1.5086206896551724,1.5086206896551724,1.5086206896551724,22.246624365426992,57.62139970706458
t1830_cny_urgent_cap2,2026,3,795,245,2026-01-12,2026-08-27,0.5755102040816327,0.4050314465408805,1.420902522499683,1.420902522499683,1.5043859649122808,1.5043859649122808,1.5043859649122808,29.074819405600966,67.00472775889902
t1830_cny_urgent_cap2,2026,5,785,245,2026-01-12,2026-08-25,0.5061224489795918,0.3401273885350318,1.488037911793931,1.4880379117939313,1.5176991150442478,1.5176991150442478,1.5176991150442478,32.01435641100958,74.65347848545807
t1830_cny_urgent_cap2,2026,10,760,240,2026-01-12,2026-08-18,0.425,0.29210526315789476,1.4549549549549547,1.454954954954955,1.534246575342466,1.534246575342466,1.534246575342466,33.187894901997545,94.4368569949337
t1830_cny_urgent_cap2,2026,20,710,225,2026-01-12,2026-08-04,0.3466666666666667,0.24647887323943662,1.4064761904761904,1.4064761904761904,1.5365853658536586,1.5365853658536586,1.5365853658536586,48.92138713088452,122.88481214933215
t1830_cny_urgent_cap2,AMD,1,656,188,2024-01-09,2026-08-31,0.776595744680851,0.524390243902439,1.4809500247402274,1.4809927810748185,1.3955461293743372,1.3955461293743372,1.3955461293743372,19.49120755904329,47.28710073457545
t1830_cny_urgent_cap2,AMD,3,654,187,2024-01-09,2026-08-27,0.5561497326203209,0.35932721712538224,1.5477528729093186,1.5492093328377372,1.3940362087326943,1.3940362087326943,1.3940362087326943,27.971557802439683,54.91486342326549
t1830_cny_urgent_cap2,AMD,5,652,187,2024-01-09,2026-08-25,0.4919786096256685,0.29754601226993865,1.6534538838965764,1.6568886189872252,1.3970117395944504,1.3970117395944504,1.3970117395944504,29.876459584371148,55.1434861328504
t1830_cny_urgent_cap2,AMD,10,647,186,2024-01-09,2026-08-18,0.3602150537634409,0.23338485316846985,1.5434380118208362,1.544535467302522,1.4,1.4,1.4,32.0524186657083,55.17547458580736
t1830_cny_urgent_cap2,AMD,20,637,183,2024-01-09,2026-08-04,0.26229508196721313,0.1726844583987441,1.5189269746646796,1.5125740125199212,1.398471615720524,1.398471615720524,1.398471615720524,36.89758386908697,54.187733974091586
t1830_cny_urgent_cap2,KGS,1,656,188,2024-01-09,2026-08-31,0.7712765957446809,0.4954268292682927,1.5567921440261867,1.5620559962990441,1.3955461293743372,1.3955461293743372,1.3955461293743372,20.372867047675424,46.62149569492171
t1830_cny_urgent_cap2,KGS,3,654,187,2024-01-09,2026-08-27,0.5561497326203209,0.3486238532110092,1.5952716014635517,1.6003914467638354,1.3940362087326943,1.3940362087326943,1.3940362087326943,28.80363611108772,52.15303575749716
t1830_cny_urgent_cap2,KGS,5,652,187,2024-01-09,2026-08-25,0.49732620320855614,0.2929447852760736,1.697678976397794,1.707099804146884,1.3970117395944504,1.3970117395944504,1.3970117395944504,30.95575354564697,51.34263590365762
t1830_cny_urgent_cap2,KGS,10,647,186,2024-01-09,2026-08-18,0.34946236559139787,0.22565687789799072,1.5486448666961263,1.5535676173211528,1.4,1.4,1.4,33.498355653814095,49.06405574870171
t1830_cny_urgent_cap2,KGS,20,637,183,2024-01-09,2026-08-04,0.25136612021857924,0.1664050235478807,1.5105680998041036,1.5075482873825032,1.398471615720524,1.398471615720524,1.398471615720524,38.013218199164385,41.63596908983966
t1830_cny_urgent_cap2,KZT,1,656,188,2024-01-09,2026-08-31,0.7446808510638298,0.5137195121951219,1.449586463791906,1.4440274577792307,1.3955461293743372,1.3955461293743372,1.3955461293743372,19.56627904445036,47.82540828194784
t1830_cny_urgent_cap2,KZT,3,654,187,2024-01-09,2026-08-27,0.5080213903743316,0.3302752293577982,1.5381758764111706,1.5311999125675324,1.3940362087326943,1.3940362087326943,1.3940362087326943,27.451842760907272,50.81404244938776
t1830_cny_urgent_cap2,KZT,5,652,187,2024-01-09,2026-08-25,0.41711229946524064,0.2668711656441718,1.5629725244329706,1.5518347111625388,1.3970117395944504,1.3970117395944504,1.3970117395944504,27.788639897432407,46.72224938862776
t1830_cny_urgent_cap2,KZT,10,647,186,2024-01-09,2026-08-18,0.3225806451612903,0.20401854714064915,1.5811339198435972,1.5604563473783293,1.4,1.4,1.4,29.805767532483017,42.40829137834662
t1830_cny_urgent_cap2,KZT,20,637,183,2024-01-09,2026-08-04,0.22950819672131148,0.14756671899529042,1.5552842692710152,1.5282468250074173,1.398471615720524,1.398471615720524,1.398471615720524,34.952777619125946,31.411351939448636
t1830_cny_urgent_cap2,TJS,1,656,188,2024-01-09,2026-08-31,0.7819148936170213,0.5259146341463414,1.4867715078630899,1.4881076554398618,1.3955461293743372,1.3955461293743372,1.3955461293743372,18.82320891251851,44.837064213564155
t1830_cny_urgent_cap2,TJS,3,654,187,2024-01-09,2026-08-27,0.5668449197860963,0.37767584097859325,1.5008768321461823,1.5022742960894953,1.3940362087326943,1.3940362087326943,1.3940362087326943,26.772579554881354,52.65749150254229
t1830_cny_urgent_cap2,TJS,5,652,187,2024-01-09,2026-08-25,0.5080213903743316,0.3205521472392638,1.584832280019446,1.5889424066898996,1.3970117395944504,1.3970117395944504,1.3970117395944504,28.53429720932604,53.838166846479034
t1830_cny_urgent_cap2,TJS,10,647,186,2024-01-09,2026-08-18,0.3924731182795699,0.2550231839258114,1.5389703486477682,1.5423927174116623,1.4,1.4,1.4,30.233515577183596,56.3770069835695
t1830_cny_urgent_cap2,TJS,20,637,183,2024-01-09,2026-08-04,0.28415300546448086,0.17739403453689168,1.6018182697422505,1.595114475802431,1.398471615720524,1.398471615720524,1.398471615720524,34.148931516839305,59.8693141492707
t1830_cny_urgent_cap2,UZS,1,656,188,2024-01-09,2026-08-31,0.7925531914893617,0.5213414634146342,1.5202189871842726,1.517520231371643,1.3955461293743372,1.3955461293743372,1.3955461293743372,20.69935011226788,49.368258600192966
t1830_cny_urgent_cap2,UZS,3,654,187,2024-01-09,2026-08-27,0.5454545454545454,0.3562691131498471,1.5310183378852906,1.52904789149919,1.3940362087326943,1.3940362087326943,1.3940362087326943,29.875252647280142,55.266130750196396
t1830_cny_urgent_cap2,UZS,5,652,187,2024-01-09,2026-08-25,0.49732620320855614,0.294478527607362,1.6888368983957218,1.6837296069638632,1.3970117395944504,1.3970117395944504,1.3970117395944504,32.144940506725135,54.647908094456284
t1830_cny_urgent_cap2,UZS,10,647,186,2024-01-09,2026-08-18,0.3548387096774194,0.22256568778979907,1.594310035842294,1.5843428570084974,1.4,1.4,1.4,35.24578773480924,53.81199122334372
t1830_cny_urgent_cap2,UZS,20,637,183,2024-01-09,2026-08-04,0.2677595628415301,0.16483516483516483,1.624408014571949,1.6037783582676493,1.398471615720524,1.398471615720524,1.398471615720524,40.64389662938463,47.43217705927919
t1830_cny_hist50_urgent_cap2,2024,1,1240,337,2024-01-09,2024-12-28,0.8160237388724035,0.5435483870967742,1.5012899646910687,1.5011776100019811,1.3290140845070422,1.3211267605633803,1.3408450704225352,13.243204068346506,43.361952329154136
t1830_cny_hist50_urgent_cap2,2024,3,1240,337,2024-01-09,2024-12-28,0.5905044510385756,0.3919354838709677,1.506636870962621,1.5064713064713062,1.3290140845070422,1.3211267605633803,1.3408450704225352,24.21797981513555,52.67442880732538
t1830_cny_hist50_urgent_cap2,2024,5,1240,337,2024-01-09,2024-12-28,0.5222551928783383,0.3379032258064516,1.5455762271339846,1.5453901713638294,1.3290140845070422,1.3211267605633803,1.3408450704225352,28.13382601147063,56.357025985626365
t1830_cny_hist50_urgent_cap2,2024,10,1240,337,2024-01-09,2024-12-28,0.39762611275964393,0.2693548387096774,1.4762167060537679,1.4759937819231623,1.3290140845070422,1.3211267605633803,1.3408450704225352,33.12193360709014,63.65243108006048
t1830_cny_hist50_urgent_cap2,2024,20,1240,337,2024-01-09,2024-12-28,0.29673590504451036,0.18870967741935485,1.5724466763042428,1.5720081135902635,1.3290140845070422,1.3211267605633803,1.3408450704225352,36.599628569061274,77.4249554934334
t1830_cny_hist50_urgent_cap2,2025,1,1235,334,2025-01-09,2025-12-30,0.7245508982035929,0.4631578947368421,1.5643712574850301,1.563495592581936,1.313483146067416,1.2780898876404496,1.356741573033708,24.083549729251104,46.5302141981724
t1830_cny_hist50_urgent_cap2,2025,3,1235,334,2025-01-09,2025-12-30,0.49700598802395207,0.28421052631578947,1.7487247726768684,1.7477408354646204,1.313483146067416,1.2780898876404496,1.356741573033708,37.80358016696513,49.62193407245108
t1830_cny_hist50_urgent_cap2,2025,5,1235,334,2025-01-09,2025-12-30,0.4251497005988024,0.22186234817813766,1.9162769351807334,1.9143106647745878,1.313483146067416,1.2780898876404496,1.356741573033708,39.345321886047,41.691897904736756
t1830_cny_hist50_urgent_cap2,2025,10,1235,334,2025-01-09,2025-12-30,0.25748502994011974,0.14736842105263157,1.7472198460222412,1.7448661080992278,1.313483146067416,1.2780898876404496,1.356741573033708,42.323117904841105,18.21943768922799
t1830_cny_hist50_urgent_cap2,2025,20,1235,334,2025-01-09,2025-12-30,0.16167664670658682,0.09635627530364373,1.6779046948120564,1.6760492586076903,1.313483146067416,1.2780898876404496,1.356741573033708,44.51672293461566,-26.39540063223926
t1830_cny_hist50_urgent_cap2,2026,1,805,242,2026-01-12,2026-08-31,0.7975206611570248,0.55527950310559,1.4362508551038142,1.4367024227852783,1.4603448275862068,1.4181034482758619,1.5086206896551724,22.55657303688123,57.23775720190021
t1830_cny_hist50_urgent_cap2,2026,3,795,237,2026-01-12,2026-08-27,0.569620253164557,0.4050314465408805,1.406360562937338,1.4061578774975434,1.455263157894737,1.4122807017543861,1.5043859649122808,27.518828433989277,61.3415057297585
t1830_cny_hist50_urgent_cap2,2026,5,785,237,2026-01-12,2026-08-25,0.5063291139240507,0.3401273885350318,1.4886455222111603,1.4881516587677726,1.4681415929203538,1.424778761061947,1.5176991150442478,32.485098373120806,71.46970243697832
t1830_cny_hist50_urgent_cap2,2026,10,760,232,2026-01-12,2026-08-18,0.4267241379310345,0.29210526315789476,1.4608574091332711,1.4609708737864076,1.4831050228310503,1.4383561643835616,1.534246575342466,37.49781906889608,91.40312081215507
t1830_cny_hist50_urgent_cap2,2026,20,710,220,2026-01-12,2026-08-04,0.35454545454545455,0.24647887323943662,1.4384415584415584,1.4397504224619784,1.502439024390244,1.4341463414634146,1.5707317073170732,66.18057454806072,130.83709682986122
t1830_cny_hist50_urgent_cap2,AMD,1,656,180,2024-01-09,2026-08-31,0.7833333333333333,0.524390243902439,1.493798449612403,1.4892564309574776,1.3361611876988335,1.3361611876988335,1.3361611876988335,17.849575361236305,46.080699326532724
t1830_cny_hist50_urgent_cap2,AMD,3,654,179,2024-01-09,2026-08-27,0.553072625698324,0.35932721712538224,1.5391893498157616,1.5317886934488432,1.334398296059638,1.334398296059638,1.334398296059638,28.648698332958087,54.66283969326847
t1830_cny_hist50_urgent_cap2,AMD,5,652,179,2024-01-09,2026-08-25,0.4972067039106145,0.29754601226993865,1.6710245925243332,1.6612155352300706,1.3372465314834578,1.3372465314834578,1.3372465314834578,32.3895138328212,57.544492278369205
t1830_cny_hist50_urgent_cap2,AMD,10,647,178,2024-01-09,2026-08-18,0.3651685393258427,0.23338485316846985,1.5646625492968227,1.5496157329407183,1.3397849462365592,1.3397849462365592,1.3397849462365592,36.60446516378745,59.21739143700072
t1830_cny_hist50_urgent_cap2,AMD,20,637,175,2024-01-09,2026-08-04,0.2742857142857143,0.1726844583987441,1.5883636363636364,1.564851126428036,1.3373362445414847,1.3373362445414847,1.3373362445414847,47.2107966937643,63.41849127497337
t1830_cny_hist50_urgent_cap2,KGS,1,656,181,2024-01-09,2026-08-31,0.7845303867403315,0.4954268292682927,1.5835444113897152,1.5830676455277806,1.3435843054082715,1.3435843054082715,1.3435843054082715,19.34641857691136,46.14990159564028
t1830_cny_hist50_urgent_cap2,KGS,3,654,180,2024-01-09,2026-08-27,0.5722222222222222,0.3486238532110092,1.6413742690058477,1.6366394226001042,1.34185303514377,1.34185303514377,1.34185303514377,29.412689430205102,51.82212313024421
t1830_cny_hist50_urgent_cap2,KGS,5,652,180,2024-01-09,2026-08-25,0.5055555555555555,0.2929447852760736,1.7257707969749856,1.7216995426363042,1.3447171824973319,1.3447171824973319,1.3447171824973319,32.15413479917508,52.547909567882584
t1830_cny_hist50_urgent_cap2,KGS,10,647,179,2024-01-09,2026-08-18,0.35195530726256985,0.22565687789799072,1.5596923547868677,1.550011828539595,1.3473118279569891,1.3473118279569891,1.3473118279569891,35.96386596323738,50.434661084726436
t1830_cny_hist50_urgent_cap2,KGS,20,637,177,2024-01-09,2026-08-04,0.2598870056497175,0.1664050235478807,1.5617737981025477,1.5414298185865674,1.3526200873362444,1.3526200873362444,1.3526200873362444,45.41454912972354,46.46490877309847
t1830_cny_hist50_urgent_cap2,KZT,1,656,183,2024-01-09,2026-08-31,0.7595628415300546,0.5137195121951219,1.4785555609605812,1.4753890634335867,1.3584305408271473,1.3584305408271473,1.3584305408271473,23.20424178814712,52.20404301855487
t1830_cny_hist50_urgent_cap2,KZT,3,654,182,2024-01-09,2026-08-27,0.532967032967033,0.3302752293577982,1.6137057387057385,1.6101113169030443,1.356762513312034,1.356762513312034,1.356762513312034,35.99574054108991,56.50388695749697
t1830_cny_hist50_urgent_cap2,KZT,5,652,182,2024-01-09,2026-08-25,0.43956043956043955,0.2668711656441718,1.6470885436402676,1.6403844700779653,1.35965848452508,1.35965848452508,1.35965848452508,40.78216425419447,55.948929135513524
t1830_cny_hist50_urgent_cap2,KZT,10,647,181,2024-01-09,2026-08-18,0.3370165745856354,0.20401854714064915,1.651891846643228,1.6387243563936114,1.3623655913978494,1.3623655913978494,1.3623655913978494,46.12633342835402,49.323120890517416
t1830_cny_hist50_urgent_cap2,KZT,20,637,179,2024-01-09,2026-08-04,0.24022346368715083,0.14756671899529042,1.6278973017948413,1.6043871336802487,1.3679039301310043,1.3679039301310043,1.3679039301310043,53.239602350752,35.26660513302336
t1830_cny_hist50_urgent_cap2,TJS,1,656,185,2024-01-09,2026-08-31,0.7783783783783784,0.5259146341463414,1.4800470035252646,1.4803072439996423,1.3732767762460232,1.3732767762460232,1.3732767762460232,18.60378264110949,47.93699040362424
t1830_cny_hist50_urgent_cap2,TJS,3,654,184,2024-01-09,2026-08-27,0.5652173913043478,0.37767584097859325,1.4965675057208239,1.4952929810703006,1.3716719914802982,1.3716719914802982,1.3716719914802982,27.85980097911144,53.17612138963699
t1830_cny_hist50_urgent_cap2,TJS,5,652,184,2024-01-09,2026-08-25,0.5,0.3205521472392638,1.5598086124401915,1.5612842825994973,1.374599786552828,1.374599786552828,1.374599786552828,30.452308044381503,55.55618368551394
t1830_cny_hist50_urgent_cap2,TJS,10,647,183,2024-01-09,2026-08-18,0.3879781420765027,0.2550231839258114,1.521344593475741,1.5200292180501844,1.3774193548387097,1.3774193548387097,1.3774193548387097,34.725073078020955,59.66906139651558
t1830_cny_hist50_urgent_cap2,TJS,20,637,181,2024-01-09,2026-08-04,0.281767955801105,0.17739403453689168,1.588373343763751,1.5750169428946799,1.3831877729257642,1.3831877729257642,1.3831877729257642,44.20932844914123,66.0978068338276
t1830_cny_hist50_urgent_cap2,UZS,1,656,184,2024-01-09,2026-08-31,0.782608695652174,0.5213414634146342,1.5011441647597255,1.4931660735059575,1.3658536585365852,1.3658536585365852,1.3658536585365852,19.363340718740375,48.56666062674764
t1830_cny_hist50_urgent_cap2,UZS,3,654,183,2024-01-09,2026-08-27,0.5300546448087432,0.3562691131498471,1.4877928656863435,1.475895967065052,1.3642172523961662,1.3642172523961662,1.3642172523961662,28.469880080061262,52.908202818160724
t1830_cny_hist50_urgent_cap2,UZS,5,652,183,2024-01-09,2026-08-25,0.46994535519125685,0.294478527607362,1.595856102003643,1.575746792116466,1.367129135538954,1.367129135538954,1.367129135538954,31.204149594966307,52.959564994847256
t1830_cny_hist50_urgent_cap2,UZS,10,647,182,2024-01-09,2026-08-18,0.3241758241758242,0.22256568778979907,1.4565399877899878,1.428140593906038,1.3698924731182796,1.3698924731182796,1.3698924731182796,34.83970054619026,51.2431998016722
t1830_cny_hist50_urgent_cap2,UZS,20,637,179,2024-01-09,2026-08-04,0.24581005586592178,0.16483516483516483,1.4912476722532588,1.4517044023531231,1.3679039301310043,1.3679039301310043,1.3679039301310043,44.303602240556664,47.270152575395926
t1830_cny_hazard50_urgent_cap2,2024,1,1240,328,2024-01-09,2024-12-28,0.7987804878048781,0.5435483870967742,1.469566476080191,1.4695465339816807,1.2935211267605635,1.2619718309859154,1.3211267605633803,15.994569243778033,43.097004220464854
t1830_cny_hazard50_urgent_cap2,2024,3,1240,328,2024-01-09,2024-12-28,0.5914634146341463,0.3919354838709677,1.509083609354612,1.5092066877881989,1.2935211267605635,1.2619718309859154,1.3211267605633803,29.105837150043758,55.4788858887265
t1830_cny_hazard50_urgent_cap2,2024,5,1240,328,2024-01-09,2024-12-28,0.5304878048780488,0.3379032258064516,1.5699400430758486,1.5701342648182515,1.2935211267605635,1.2619718309859154,1.3211267605633803,34.13113770984143,60.17168691054811
t1830_cny_hazard50_urgent_cap2,2024,10,1240,328,2024-01-09,2024-12-28,0.4115853658536585,0.2693548387096774,1.5280414780195706,1.5278601743257427,1.2935211267605635,1.2619718309859154,1.3211267605633803,40.905642442716605,70.4363604913832
t1830_cny_hazard50_urgent_cap2,2024,20,1240,328,2024-01-09,2024-12-28,0.29573170731707316,0.18870967741935485,1.5671252866374816,1.566655812438945,1.2935211267605635,1.2619718309859154,1.3211267605633803,44.09844851383282,82.05153810653309
t1830_cny_hazard50_urgent_cap2,2025,1,1235,342,2025-01-09,2025-12-30,0.6929824561403509,0.4631578947368421,1.4962121212121213,1.4952108502975656,1.3449438202247193,1.2977528089887642,1.3960674157303372,24.409296690537932,42.71779686808003
t1830_cny_hazard50_urgent_cap2,2025,3,1235,342,2025-01-09,2025-12-30,0.4649122807017544,0.28421052631578947,1.6358024691358024,1.6327693011266786,1.3449438202247193,1.2977528089887642,1.3960674157303372,38.09289808208202,48.76601124203089
t1830_cny_hazard50_urgent_cap2,2025,5,1235,342,2025-01-09,2025-12-30,0.4064327485380117,0.22186234817813766,1.8319140308191402,1.8268064275832714,1.3449438202247193,1.2977528089887642,1.3960674157303372,40.33047109234218,41.28545007940025
t1830_cny_hazard50_urgent_cap2,2025,10,1235,342,2025-01-09,2025-12-30,0.25146198830409355,0.14736842105263157,1.7063492063492065,1.7000400160064024,1.3449438202247193,1.2977528089887642,1.3960674157303372,44.904278446556766,17.98716124674668
t1830_cny_hazard50_urgent_cap2,2025,20,1235,342,2025-01-09,2025-12-30,0.15789473684210525,0.09635627530364373,1.638655462184874,1.6295662797800854,1.3449438202247193,1.2977528089887642,1.3960674157303372,47.625507969727025,-24.988940102014055
t1830_cny_hazard50_urgent_cap2,2026,1,805,238,2026-01-12,2026-08-31,0.8151260504201681,0.55527950310559,1.4679563100407949,1.4674873144145837,1.436206896551724,1.3879310344827585,1.4784482758620687,23.536326251507283,58.27596469494878
t1830_cny_hazard50_urgent_cap2,2026,3,795,233,2026-01-12,2026-08-27,0.575107296137339,0.4050314465408805,1.4199077653080263,1.4195482710373775,1.430701754385965,1.3815789473684212,1.473684210526316,30.194895596703294,64.17217868026553
t1830_cny_hazard50_urgent_cap2,2026,5,785,233,2026-01-12,2026-08-25,0.51931330472103,0.3401273885350318,1.526820015752841,1.5256183745583036,1.443362831858407,1.3938053097345133,1.4867256637168142,34.646897282409874,73.09653970786052
t1830_cny_hazard50_urgent_cap2,2026,10,760,228,2026-01-12,2026-08-18,0.44298245614035087,0.29210526315789476,1.5165165165165164,1.5154985192497532,1.4575342465753427,1.406392694063927,1.5022831050228311,41.04159629758233,94.45715894226018
t1830_cny_hazard50_urgent_cap2,2026,20,710,218,2026-01-12,2026-08-04,0.37155963302752293,0.24647887323943662,1.5074705111402358,1.5056944626259983,1.488780487804878,1.4341463414634146,1.5365853658536586,68.28353752114324,135.98060093131326
t1830_cny_hazard50_urgent_cap2,AMD,1,656,183,2024-01-09,2026-08-31,0.7377049180327869,0.524390243902439,1.4067861227601983,1.4052623710359726,1.3584305408271473,1.3584305408271473,1.3584305408271473,18.691073336244926,42.24184453517692
t1830_cny_hazard50_urgent_cap2,AMD,3,654,182,2024-01-09,2026-08-27,0.521978021978022,0.35932721712538224,1.4526537292494741,1.450918089854025,1.356762513312034,1.356762513312034,1.356762513312034,30.104573396848856,51.773994734012064
t1830_cny_hazard50_urgent_cap2,AMD,5,652,182,2024-01-09,2026-08-25,0.46703296703296704,0.29754601226993865,1.56961595105925,1.568049590078056,1.35965848452508,1.35965848452508,1.35965848452508,34.583840249126524,54.461387824502495
t1830_cny_hazard50_urgent_cap2,AMD,10,647,181,2024-01-09,2026-08-18,0.34806629834254144,0.23338485316846985,1.491383410778969,1.4867010354554302,1.3623655913978494,1.3623655913978494,1.3623655913978494,40.58965474217702,56.419253851384546
t1830_cny_hazard50_urgent_cap2,AMD,20,637,179,2024-01-09,2026-08-04,0.25139664804469275,0.1726844583987441,1.4558151345860844,1.4413699254120054,1.3679039301310043,1.3679039301310043,1.3679039301310043,48.255819773464935,56.620709560035515
t1830_cny_hazard50_urgent_cap2,KGS,1,656,181,2024-01-09,2026-08-31,0.7734806629834254,0.4954268292682927,1.5612409689757756,1.5654959389724206,1.3435843054082715,1.3435843054082715,1.3435843054082715,21.204461340246297,46.937723679295324
t1830_cny_hazard50_urgent_cap2,KGS,3,654,180,2024-01-09,2026-08-27,0.5555555555555556,0.3486238532110092,1.5935672514619883,1.597103575465398,1.34185303514377,1.34185303514377,1.34185303514377,32.68435663099136,56.03805268277895
t1830_cny_hazard50_urgent_cap2,KGS,5,652,180,2024-01-09,2026-08-25,0.5,0.2929447852760736,1.7068062827225132,1.7139720104669316,1.3447171824973319,1.3447171824973319,1.3447171824973319,35.5672533295117,55.72666498381805
t1830_cny_hazard50_urgent_cap2,KGS,10,647,179,2024-01-09,2026-08-18,0.3575418994413408,0.22565687789799072,1.5844493762914214,1.5871697987933022,1.3473118279569891,1.3473118279569891,1.3473118279569891,41.476400115482214,54.237387338919724
t1830_cny_hazard50_urgent_cap2,KGS,20,637,177,2024-01-09,2026-08-04,0.2542372881355932,0.1664050235478807,1.5278221937959704,1.5202083640086521,1.3526200873362444,1.3526200873362444,1.3526200873362444,50.058770865481726,48.212355533748536
t1830_cny_hazard50_urgent_cap2,KZT,1,656,179,2024-01-09,2026-08-31,0.7374301675977654,0.5137195121951219,1.4354723737214663,1.429938781875265,1.3287380699893954,1.3287380699893954,1.3287380699893954,22.72752702961248,49.9094343977479
t1830_cny_hazard50_urgent_cap2,KZT,3,654,178,2024-01-09,2026-08-27,0.5224719101123596,0.3302752293577982,1.5819288389513109,1.5733914798437514,1.326943556975506,1.326943556975506,1.326943556975506,35.1233423265451,54.796601253223365
t1830_cny_hazard50_urgent_cap2,KZT,5,652,178,2024-01-09,2026-08-25,0.43820224719101125,0.2668711656441718,1.6419992251065478,1.6286778943120257,1.3297758804695838,1.3297758804695838,1.3297758804695838,39.45219366682931,54.075237797056126
t1830_cny_hazard50_urgent_cap2,KZT,10,647,177,2024-01-09,2026-08-18,0.3502824858757062,0.20401854714064915,1.716914911830166,1.6926124646970553,1.332258064516129,1.332258064516129,1.332258064516129,46.421554002966396,50.14655159913609
t1830_cny_hazard50_urgent_cap2,KZT,20,637,175,2024-01-09,2026-08-04,0.2571428571428571,0.14756671899529042,1.7425531914893615,1.7026324387467744,1.3373362445414847,1.3373362445414847,1.3373362445414847,56.84333876825952,39.89907568380426
t1830_cny_hazard50_urgent_cap2,TJS,1,656,183,2024-01-09,2026-08-31,0.7759562841530054,0.5259146341463414,1.47544151421557,1.4772741035881318,1.3584305408271473,1.3584305408271473,1.3584305408271473,20.31319372175393,45.92956846942848
t1830_cny_hazard50_urgent_cap2,TJS,3,654,182,2024-01-09,2026-08-27,0.5714285714285714,0.37767584097859325,1.5130133024869867,1.5167531098164628,1.356762513312034,1.356762513312034,1.356762513312034,31.64564541513552,55.22994628676193
t1830_cny_hazard50_urgent_cap2,TJS,5,652,182,2024-01-09,2026-08-25,0.5164835164835165,0.3205521472392638,1.6112308743887693,1.616245762024966,1.35965848452508,1.35965848452508,1.35965848452508,35.45396986138309,59.33171440840241
t1830_cny_hazard50_urgent_cap2,TJS,10,647,181,2024-01-09,2026-08-18,0.39226519337016574,0.2550231839258114,1.5381550309727106,1.5449641322796694,1.3623655913978494,1.3623655913978494,1.3623655913978494,40.4800485167914,64.0317393198413
t1830_cny_hazard50_urgent_cap2,TJS,20,637,179,2024-01-09,2026-08-04,0.2849162011173184,0.17739403453689168,1.6061205319622287,1.6058375554917106,1.3679039301310043,1.3679039301310043,1.3679039301310043,49.21569704984748,71.05931328222577
t1830_cny_hazard50_urgent_cap2,UZS,1,656,182,2024-01-09,2026-08-31,0.7912087912087912,0.5213414634146342,1.5176402544823597,1.5148249247156627,1.3510074231177094,1.3510074231177094,1.3510074231177094,22.81224239276317,49.72581421759086
t1830_cny_hazard50_urgent_cap2,UZS,3,654,181,2024-01-09,2026-08-27,0.5248618784530387,0.3562691131498471,1.4732174614089584,1.4715789001979818,1.349307774227902,1.349307774227902,1.349307774227902,34.454240065379246,58.07627777361265
t1830_cny_hazard50_urgent_cap2,UZS,5,652,181,2024-01-09,2026-08-25,0.48066298342541436,0.294478527607362,1.6322513812154695,1.6276418336360434,1.3521878335112059,1.3521878335112059,1.3521878335112059,38.062341641381465,58.1264881458245
t1830_cny_hazard50_urgent_cap2,UZS,10,647,180,2024-01-09,2026-08-18,0.34444444444444444,0.22256568778979907,1.547608024691358,1.5382296154417863,1.3548387096774193,1.3548387096774193,1.3548387096774193,43.429394092847645,57.80503275383765
t1830_cny_hazard50_urgent_cap2,UZS,20,637,178,2024-01-09,2026-08-04,0.25842696629213485,0.16483516483516483,1.5677902621722848,1.5416347839960043,1.3602620087336244,1.3602620087336244,1.3602620087336244,52.711448195418136,54.15622878750746
t1850_cny_urgent_cap2,2024,1,1240,345,2024-01-09,2024-12-28,0.7507246376811594,0.5435483870967742,1.381155119769492,1.3811551197694922,1.36056338028169,1.36056338028169,1.36056338028169,14.386837116237803,35.30889441654787
t1850_cny_urgent_cap2,2024,3,1240,345,2024-01-09,2024-12-28,0.5507246376811594,0.3919354838709677,1.40514105087374,1.40514105087374,1.36056338028169,1.36056338028169,1.36056338028169,22.724701430689244,45.72582728804941
t1850_cny_urgent_cap2,2024,5,1240,345,2024-01-09,2024-12-28,0.5014492753623189,0.3379032258064516,1.4840026287572206,1.4840026287572203,1.36056338028169,1.36056338028169,1.36056338028169,24.86080232082074,50.889460288060015
t1850_cny_urgent_cap2,2024,10,1240,345,2024-01-09,2024-12-28,0.39420289855072466,0.2693548387096774,1.4635077670745467,1.4635077670745464,1.36056338028169,1.36056338028169,1.36056338028169,25.875340108825803,58.42266584619311
t1850_cny_urgent_cap2,2024,20,1240,345,2024-01-09,2024-12-28,0.2811594202898551,0.18870967741935485,1.4899046203394029,1.489904620339403,1.36056338028169,1.36056338028169,1.36056338028169,22.76816272546822,72.12908534347318
t1850_cny_urgent_cap2,2025,1,1235,360,2025-01-09,2025-12-30,0.7222222222222222,0.4631578947368421,1.5593434343434343,1.5593434343434345,1.4157303370786518,1.4157303370786518,1.4157303370786518,23.3746386091148,45.98259908895171
t1850_cny_urgent_cap2,2025,3,1235,360,2025-01-09,2025-12-30,0.46111111111111114,0.28421052631578947,1.6224279835390947,1.6224279835390945,1.4157303370786518,1.4157303370786518,1.4157303370786518,28.82677493811432,35.145708668338905
t1850_cny_urgent_cap2,2025,5,1235,360,2025-01-09,2025-12-30,0.3861111111111111,0.22186234817813766,1.7403183292781834,1.7403183292781834,1.4157303370786518,1.4157303370786518,1.4157303370786518,30.474518043899767,24.60246392769159
t1850_cny_urgent_cap2,2025,10,1235,360,2025-01-09,2025-12-30,0.25555555555555554,0.14736842105263157,1.7341269841269842,1.7341269841269842,1.4157303370786518,1.4157303370786518,1.4157303370786518,32.78247704697995,3.7975513640513934
t1850_cny_urgent_cap2,2025,20,1235,360,2025-01-09,2025-12-30,0.16111111111111112,0.09635627530364373,1.6720354808590103,1.6720354808590105,1.4157303370786518,1.4157303370786518,1.4157303370786518,35.87656554576018,-38.828770479342445
t1850_cny_urgent_cap2,2026,1,805,260,2026-01-12,2026-08-31,0.8307692307692308,0.55527950310559,1.496128033040785,1.496128033040785,1.5689655172413792,1.5689655172413792,1.5689655172413792,22.738285434405622,58.94125783413265
t1850_cny_urgent_cap2,2026,3,795,255,2026-01-12,2026-08-27,0.596078431372549,0.4050314465408805,1.4716843259042747,1.4716843259042747,1.5657894736842106,1.5657894736842106,1.5657894736842106,29.579102899167793,64.77785624669048
t1850_cny_urgent_cap2,2026,5,785,255,2026-01-12,2026-08-25,0.5137254901960784,0.3401273885350318,1.5103914224865975,1.5103914224865977,1.5796460176991152,1.5796460176991152,1.5796460176991152,30.952503886936693,70.38238061288612
t1850_cny_urgent_cap2,2026,10,760,250,2026-01-12,2026-08-18,0.44,0.29210526315789476,1.5063063063063062,1.5063063063063062,1.5981735159817352,1.5981735159817352,1.5981735159817352,32.532520171769846,88.67959244314453
t1850_cny_urgent_cap2,2026,20,710,235,2026-01-12,2026-08-04,0.3659574468085106,0.24647887323943662,1.484741641337386,1.4847416413373857,1.604878048780488,1.604878048780488,1.604878048780488,54.94470681330839,121.76165155057654
t1850_cny_urgent_cap2,AMD,1,656,193,2024-01-09,2026-08-31,0.772020725388601,0.524390243902439,1.4722255693457043,1.4709444925425972,1.4326617179215269,1.4326617179215269,1.4326617179215269,19.960561983159202,45.93314422720603
t1850_cny_urgent_cap2,AMD,3,654,192,2024-01-09,2026-08-27,0.5364583333333334,0.35932721712538224,1.4929521276595747,1.4920191467500368,1.4313099041533546,1.4313099041533546,1.4313099041533546,27.435106281891375,49.26191001761048
t1850_cny_urgent_cap2,AMD,5,652,192,2024-01-09,2026-08-25,0.4739583333333333,0.29754601226993865,1.5928908934707904,1.5932353983915037,1.4343649946638206,1.4343649946638206,1.4343649946638206,29.416871297219036,49.618316020982036
t1850_cny_urgent_cap2,AMD,10,647,191,2024-01-09,2026-08-18,0.36649214659685864,0.23338485316846985,1.5703338996567386,1.5670148905736887,1.4376344086021504,1.4376344086021504,1.4376344086021504,31.213995796633245,50.821997665671304
t1850_cny_urgent_cap2,AMD,20,637,188,2024-01-09,2026-08-04,0.26595744680851063,0.1726844583987441,1.5401353965183753,1.5270238829159315,1.4366812227074235,1.4366812227074235,1.4366812227074235,36.88060612126959,50.73175229004892
t1850_cny_urgent_cap2,KGS,1,656,193,2024-01-09,2026-08-31,0.7616580310880829,0.4954268292682927,1.537377441211638,1.5414310512803011,1.4326617179215269,1.4326617179215269,1.4326617179215269,20.964778047479427,45.591807894515334
t1850_cny_urgent_cap2,KGS,3,654,192,2024-01-09,2026-08-27,0.5364583333333334,0.3486238532110092,1.5387883771929824,1.5410709471133945,1.4313099041533546,1.4313099041533546,1.4313099041533546,28.055586032875667,46.4911502069177
t1850_cny_urgent_cap2,KGS,5,652,192,2024-01-09,2026-08-25,0.46875,0.2929447852760736,1.600130890052356,1.6059310825354116,1.4343649946638206,1.4343649946638206,1.4343649946638206,29.85044618226938,45.335089914365305
t1850_cny_urgent_cap2,KGS,10,647,191,2024-01-09,2026-08-18,0.3507853403141361,0.22565687789799072,1.5545076382414114,1.55496408825231,1.4376344086021504,1.4376344086021504,1.4376344086021504,31.90333611472015,43.92262864812781
t1850_cny_urgent_cap2,KGS,20,637,188,2024-01-09,2026-08-04,0.25,0.1664050235478807,1.5023584905660377,1.4933792446635459,1.4366812227074235,1.4366812227074235,1.4366812227074235,37.51294997754245,37.27239958385045
t1850_cny_urgent_cap2,KZT,1,656,193,2024-01-09,2026-08-31,0.7357512953367875,0.5137195121951219,1.4322043019018773,1.4252780102891838,1.4326617179215269,1.4326617179215269,1.4326617179215269,19.324778386364333,45.40961489830536
t1850_cny_urgent_cap2,KZT,3,654,192,2024-01-09,2026-08-27,0.5052083333333334,0.3302752293577982,1.5296585648148149,1.519847936199813,1.4313099041533546,1.4313099041533546,1.4313099041533546,25.467437821636466,43.00004929920086
t1850_cny_urgent_cap2,KZT,5,652,192,2024-01-09,2026-08-25,0.4010416666666667,0.2668711656441718,1.5027538314176245,1.488441822493832,1.4343649946638206,1.4343649946638206,1.4343649946638206,26.58743660771535,40.40831982368946
t1850_cny_urgent_cap2,KZT,10,647,191,2024-01-09,2026-08-18,0.3193717277486911,0.20401854714064915,1.5654053625257813,1.5390098993589203,1.4376344086021504,1.4376344086021504,1.4376344086021504,27.203977898655985,35.491267892502215
t1850_cny_urgent_cap2,KZT,20,637,188,2024-01-09,2026-08-04,0.2393617021276596,0.14756671899529042,1.6220574920778634,1.5846739353892467,1.4366812227074235,1.4366812227074235,1.4366812227074235,33.46169980478247,25.658038834738885
t1850_cny_urgent_cap2,TJS,1,656,193,2024-01-09,2026-08-31,0.7772020725388601,0.5259146341463414,1.477810317639108,1.4787376044159006,1.4326617179215269,1.4326617179215269,1.4326617179215269,19.40635089317413,44.681319387165324
t1850_cny_urgent_cap2,TJS,3,654,192,2024-01-09,2026-08-27,0.5572916666666666,0.37767584097859325,1.475581983805668,1.4758074008817363,1.4313099041533546,1.4313099041533546,1.4313099041533546,25.989973761231358,47.62875854732147
t1850_cny_urgent_cap2,TJS,5,652,192,2024-01-09,2026-08-25,0.5,0.3205521472392638,1.5598086124401915,1.5629511429065364,1.4343649946638206,1.4343649946638206,1.4343649946638206,27.555107452441348,48.545770005940085
t1850_cny_urgent_cap2,TJS,10,647,191,2024-01-09,2026-08-18,0.39267015706806285,0.2550231839258114,1.5397429795335558,1.5411891195577239,1.4376344086021504,1.4376344086021504,1.4376344086021504,28.530385759554896,51.26247200578215
t1850_cny_urgent_cap2,TJS,20,637,188,2024-01-09,2026-08-04,0.2712765957446808,0.17739403453689168,1.5292317830916964,1.5199888547295823,1.4366812227074235,1.4366812227074235,1.4366812227074235,32.38983241064689,54.607458180214074
t1850_cny_urgent_cap2,UZS,1,656,193,2024-01-09,2026-08-31,0.7616580310880829,0.5213414634146342,1.460958094718662,1.4568192943792797,1.4326617179215269,1.4326617179215269,1.4326617179215269,20.293183111215818,46.67443111926453
t1850_cny_urgent_cap2,UZS,3,654,192,2024-01-09,2026-08-27,0.5104166666666666,0.3562691131498471,1.4326716738197423,1.428132447955875,1.4313099041533546,1.4313099041533546,1.4313099041533546,27.22029303255645,47.713021917934505
t1850_cny_urgent_cap2,UZS,5,652,192,2024-01-09,2026-08-25,0.4635416666666667,0.294478527607362,1.5741102430555556,1.5650666266986217,1.4343649946638206,1.4343649946638206,1.4343649946638206,29.510408187729507,47.14072230604211
t1850_cny_urgent_cap2,UZS,10,647,191,2024-01-09,2026-08-18,0.3403141361256545,0.22256568778979907,1.5290503199534615,1.5134568053747401,1.4376344086021504,1.4376344086021504,1.4376344086021504,32.257278867085674,47.25993912184984
t1850_cny_urgent_cap2,UZS,20,637,188,2024-01-09,2026-08-04,0.2553191489361702,0.16483516483516483,1.5489361702127658,1.521391261077679,1.4366812227074235,1.4366812227074235,1.4366812227074235,38.9176023128207,41.94399571391609
t1850_cny_hist50_urgent_cap2,2024,1,1240,332,2024-01-09,2024-12-28,0.7951807228915663,0.5435483870967742,1.4629437631832969,1.462244556113903,1.3092957746478873,1.2816901408450705,1.3408450704225352,18.185581247986818,44.09908825619333
t1850_cny_hist50_urgent_cap2,2024,3,1240,332,2024-01-09,2024-12-28,0.572289156626506,0.3919354838709677,1.4601616341910855,1.4587332053742803,1.3092957746478873,1.2816901408450705,1.3408450704225352,31.251599148133575,56.70467042270605
t1850_cny_hist50_urgent_cap2,2024,5,1240,332,2024-01-09,2024-12-28,0.5240963855421686,0.3379032258064516,1.5510251027978261,1.5488317002261225,1.3092957746478873,1.2816901408450705,1.3408450704225352,36.47788862882361,62.42472698441207
t1850_cny_hist50_urgent_cap2,2024,10,1240,332,2024-01-09,2024-12-28,0.4126506024096386,0.2693548387096774,1.5319962484669216,1.5296236268683594,1.3092957746478873,1.2816901408450705,1.3408450704225352,40.98789549709693,72.36442723150817
t1850_cny_hist50_urgent_cap2,2024,20,1240,332,2024-01-09,2024-12-28,0.30120481927710846,0.18870967741935485,1.5961281021521987,1.5942401645667266,1.3092957746478873,1.2816901408450705,1.3408450704225352,43.30749717951921,85.59520522159457
t1850_cny_hist50_urgent_cap2,2025,1,1235,349,2025-01-09,2025-12-30,0.7048710601719198,0.4631578947368421,1.5218806980984632,1.5211415696582802,1.3724719101123597,1.356741573033708,1.3960674157303372,24.53916040944438,44.255811094099855
t1850_cny_hist50_urgent_cap2,2025,3,1235,349,2025-01-09,2025-12-30,0.4899713467048711,0.28421052631578947,1.7239732569245465,1.722482769870723,1.3724719101123597,1.356741573033708,1.3960674157303372,35.84492334377537,46.244862157914035
t1850_cny_hist50_urgent_cap2,2025,5,1235,349,2025-01-09,2025-12-30,0.4183381088825215,0.22186234817813766,1.8855750528099051,1.8829365079365077,1.3724719101123597,1.356741573033708,1.3960674157303372,36.11721563916349,36.36196845261821
t1850_cny_hist50_urgent_cap2,2025,10,1235,349,2025-01-09,2025-12-30,0.2693409742120344,0.14736842105263157,1.827670896438805,1.8241671904462602,1.3724719101123597,1.356741573033708,1.3960674157303372,38.25133435018617,13.688211317503994
t1850_cny_hist50_urgent_cap2,2025,20,1235,349,2025-01-09,2025-12-30,0.18051575931232092,0.09635627530364373,1.8734198550480363,1.8696383515559294,1.3724719101123597,1.356741573033708,1.3960674157303372,42.0327533405844,-27.69113068395307
t1850_cny_hist50_urgent_cap2,2026,1,805,239,2026-01-12,2026-08-31,0.8158995815899581,0.55527950310559,1.4693493583443318,1.4694593962087525,1.4422413793103446,1.4181034482758619,1.4482758620689653,24.377907326435608,59.36004372925133
t1850_cny_hist50_urgent_cap2,2026,3,795,234,2026-01-12,2026-08-27,0.594017094017094,0.4050314465408805,1.4665949992036948,1.4665560716655608,1.4368421052631581,1.4122807017543861,1.442982456140351,32.41708573567494,65.67159147975752
t1850_cny_hist50_urgent_cap2,2026,5,785,234,2026-01-12,2026-08-25,0.5341880341880342,0.3401273885350318,1.5705528345977784,1.570376890453709,1.4495575221238937,1.424778761061947,1.4557522123893807,39.98534262288917,77.33378365415423
t1850_cny_hist50_urgent_cap2,2026,10,760,229,2026-01-12,2026-08-18,0.462882096069869,0.29210526315789476,1.5846414099689208,1.5844232471236113,1.4639269406392694,1.4383561643835616,1.4703196347031964,49.556564740470655,99.30058254692082
t1850_cny_hist50_urgent_cap2,2026,20,710,219,2026-01-12,2026-08-04,0.3698630136986301,0.24647887323943662,1.5005870841487279,1.500587084148728,1.495609756097561,1.4682926829268292,1.502439024390244,80.04842337833256,138.27392980051584
t1850_cny_hist50_urgent_cap2,AMD,1,656,183,2024-01-09,2026-08-31,0.7540983606557377,0.524390243902439,1.4380480365993136,1.4395266558534279,1.3584305408271473,1.3584305408271473,1.3584305408271473,20.41760492884574,43.7019881373964
t1850_cny_hist50_urgent_cap2,AMD,3,654,182,2024-01-09,2026-08-27,0.5439560439560439,0.35932721712538224,1.5138180967968202,1.517641147883044,1.356762513312034,1.356762513312034,1.356762513312034,31.678891061290894,53.899911696684086
t1850_cny_hist50_urgent_cap2,AMD,5,652,182,2024-01-09,2026-08-25,0.5,0.29754601226993865,1.6804123711340206,1.6864760466434696,1.35965848452508,1.35965848452508,1.35965848452508,36.81205199100827,58.903016935420844
t1850_cny_hist50_urgent_cap2,AMD,10,647,181,2024-01-09,2026-08-18,0.3812154696132597,0.23338485316846985,1.6334199260912519,1.6391891593164887,1.3623655913978494,1.3623655913978494,1.3623655913978494,42.69783987279697,62.06771484456676
t1850_cny_hist50_urgent_cap2,AMD,20,637,179,2024-01-09,2026-08-04,0.27932960893854747,0.1726844583987441,1.6175723717623158,1.6161225381102986,1.3679039301310043,1.3679039301310043,1.3679039301310043,52.578648194207595,65.19513914685221
t1850_cny_hist50_urgent_cap2,KGS,1,656,185,2024-01-09,2026-08-31,0.7891891891891892,0.4954268292682927,1.592948024948025,1.5947355753537709,1.3732767762460232,1.3732767762460232,1.3732767762460232,22.715421851098142,48.55970632903433
t1850_cny_hist50_urgent_cap2,KGS,3,654,184,2024-01-09,2026-08-27,0.5652173913043478,0.3486238532110092,1.6212814645308922,1.6216927451801908,1.3716719914802982,1.3716719914802982,1.3716719914802982,33.02807639865449,54.46631753771675
t1850_cny_hist50_urgent_cap2,KGS,5,652,184,2024-01-09,2026-08-25,0.5054347826086957,0.2929447852760736,1.7253585249260188,1.727435299256878,1.374599786552828,1.374599786552828,1.374599786552828,36.796954558514436,54.23028603368774
t1850_cny_hist50_urgent_cap2,KGS,10,647,183,2024-01-09,2026-08-18,0.366120218579235,0.22565687789799072,1.6224642563066098,1.6207057232802753,1.3774193548387097,1.3774193548387097,1.3774193548387097,41.661923194905704,52.79201263808828
t1850_cny_hist50_urgent_cap2,KGS,20,637,181,2024-01-09,2026-08-04,0.26519337016574585,0.1664050235478807,1.5936620452413217,1.5831496693563065,1.3831877729257642,1.3831877729257642,1.3831877729257642,50.16137239098964,47.55338417089564
t1850_cny_hist50_urgent_cap2,KZT,1,656,183,2024-01-09,2026-08-31,0.73224043715847,0.5137195121951219,1.4253701091274669,1.4214121702227323,1.3584305408271473,1.3584305408271473,1.3584305408271473,22.955983331034712,49.96369759291878
t1850_cny_hist50_urgent_cap2,KZT,3,654,182,2024-01-09,2026-08-27,0.510989010989011,0.3302752293577982,1.547161172161172,1.5432222413245882,1.356762513312034,1.356762513312034,1.356762513312034,34.98559234838554,54.01974854064379
t1850_cny_hist50_urgent_cap2,KZT,5,652,182,2024-01-09,2026-08-25,0.41208791208791207,0.2668711656441718,1.544145509662751,1.5370673435198392,1.35965848452508,1.35965848452508,1.35965848452508,38.21477812256264,53.09606642043808
t1850_cny_hist50_urgent_cap2,KZT,10,647,181,2024-01-09,2026-08-18,0.3259668508287293,0.20401854714064915,1.5977314582286957,1.5832674387684338,1.3623655913978494,1.3623655913978494,1.3623655913978494,41.66958093094994,48.09553961645033
t1850_cny_hist50_urgent_cap2,KZT,20,637,179,2024-01-09,2026-08-04,0.2346368715083799,0.14756671899529042,1.5900392250089148,1.565088691538967,1.3679039301310043,1.3679039301310043,1.3679039301310043,48.89277867290128,33.59793149162886
t1850_cny_hist50_urgent_cap2,TJS,1,656,186,2024-01-09,2026-08-31,0.7741935483870968,0.5259146341463414,1.4720897615708275,1.4734883365132077,1.380699893955461,1.380699893955461,1.380699893955461,21.524378772381272,47.230956805395316
t1850_cny_hist50_urgent_cap2,TJS,3,654,185,2024-01-09,2026-08-27,0.572972972972973,0.37767584097859325,1.5171025276288437,1.5193379159767026,1.3791267305644304,1.3791267305644304,1.3791267305644304,31.906399017610482,55.03977441662455
t1850_cny_hist50_urgent_cap2,TJS,5,652,185,2024-01-09,2026-08-25,0.518918918918919,0.3205521472392638,1.6188283977757665,1.622958004247586,1.3820704375667021,1.3820704375667021,1.3820704375667021,35.58278563970844,57.54895949664219
t1850_cny_hist50_urgent_cap2,TJS,10,647,184,2024-01-09,2026-08-18,0.4076086956521739,0.2550231839258114,1.5983201581027668,1.602920719587264,1.3849462365591398,1.3849462365591398,1.3849462365591398,40.15647926448707,61.29011050617137
t1850_cny_hist50_urgent_cap2,TJS,20,637,182,2024-01-09,2026-08-04,0.2967032967032967,0.17739403453689168,1.6725663716814159,1.6676326946166955,1.390829694323144,1.390829694323144,1.390829694323144,51.65330680777247,69.433363864183
t1850_cny_hist50_urgent_cap2,UZS,1,656,183,2024-01-09,2026-08-31,0.7814207650273224,0.5213414634146342,1.4988655609880803,1.4965818284253514,1.3584305408271473,1.3584305408271473,1.3584305408271473,23.414457172522557,51.168861742434714
t1850_cny_hist50_urgent_cap2,UZS,3,654,182,2024-01-09,2026-08-27,0.5384615384615384,0.3562691131498471,1.5113898976559919,1.5097572729332183,1.356762513312034,1.356762513312034,1.356762513312034,34.93528225348576,57.62099462914601
t1850_cny_hist50_urgent_cap2,UZS,5,652,182,2024-01-09,2026-08-25,0.4945054945054945,0.294478527607362,1.6792582417582418,1.6747690683462682,1.35965848452508,1.35965848452508,1.35965848452508,38.812084581378784,57.70702426382949
t1850_cny_hist50_urgent_cap2,UZS,10,647,181,2024-01-09,2026-08-18,0.3701657458563536,0.22256568778979907,1.6631752608962553,1.6539983041503181,1.3623655913978494,1.3623655913978494,1.3623655913978494,44.324436596725825,58.91790768267795
t1850_cny_hist50_urgent_cap2,UZS,20,637,179,2024-01-09,2026-08-04,0.27932960893854747,0.16483516483516483,1.6945996275605213,1.6707482905390916,1.3679039301310043,1.3679039301310043,1.3679039301310043,55.500720940351705,56.46592038369395
t1850_cny_hazard50_urgent_cap2,2024,1,1240,331,2024-01-09,2024-12-28,0.8096676737160121,0.5435483870967742,1.4895963136615058,1.4889889553509421,1.3053521126760566,1.2619718309859154,1.3408450704225352,17.464595310624333,44.48770685787925
t1850_cny_hazard50_urgent_cap2,2024,3,1240,331,2024-01-09,2024-12-28,0.5921450151057401,0.3919354838709677,1.5108226722862506,1.5094714613999132,1.3053521126760566,1.2619718309859154,1.3408450704225352,29.691092258104014,56.38894174319819
t1850_cny_hazard50_urgent_cap2,2024,5,1240,331,2024-01-09,2024-12-28,0.5347432024169184,0.3379032258064516,1.5825335823316917,1.580755518743923,1.3053521126760566,1.2619718309859154,1.3408450704225352,34.77615736561872,61.60954495097235
t1850_cny_hazard50_urgent_cap2,2024,10,1240,331,2024-01-09,2024-12-28,0.4259818731117825,0.2693548387096774,1.5814895887982343,1.5791184971098264,1.3053521126760566,1.2619718309859154,1.3408450704225352,39.70171031377245,71.24735712929362
t1850_cny_hazard50_urgent_cap2,2024,20,1240,331,2024-01-09,2024-12-28,0.30513595166163143,0.18870967741935485,1.6169597438479613,1.615478877781361,1.3053521126760566,1.2619718309859154,1.3408450704225352,43.83405864586887,85.68533192463052
t1850_cny_hazard50_urgent_cap2,2025,1,1235,347,2025-01-09,2025-12-30,0.723342939481268,0.4631578947368421,1.5617631647891015,1.5622275418924028,1.3646067415730339,1.2780898876404496,1.3960674157303372,24.7265037651315,43.58483113937175
t1850_cny_hazard50_urgent_cap2,2025,3,1235,347,2025-01-09,2025-12-30,0.4697406340057637,0.28421052631578947,1.6527911196499094,1.6518010995322887,1.3646067415730339,1.2780898876404496,1.3960674157303372,35.21565116858381,42.684324549402156
t1850_cny_hazard50_urgent_cap2,2025,5,1235,347,2025-01-09,2025-12-30,0.40634005763688763,0.22186234817813766,1.8314962451881613,1.8297257539140486,1.3646067415730339,1.2780898876404496,1.3960674157303372,36.35553295817185,34.76721916790099
t1850_cny_hazard50_urgent_cap2,2025,10,1235,347,2025-01-09,2025-12-30,0.2622478386167147,0.14736842105263157,1.7795389048991355,1.776978417266187,1.3646067415730339,1.2780898876404496,1.3960674157303372,39.88292505115857,14.667879063654407
t1850_cny_hazard50_urgent_cap2,2025,20,1235,347,2025-01-09,2025-12-30,0.1786743515850144,0.09635627530364373,1.8543094471217882,1.848623853211009,1.3646067415730339,1.2780898876404496,1.3960674157303372,42.41111871658295,-27.82320978361162
t1850_cny_hazard50_urgent_cap2,2026,1,805,235,2026-01-12,2026-08-31,0.8212765957446808,0.55527950310559,1.4790327954686087,1.4790327954686087,1.4181034482758619,1.4181034482758619,1.4181034482758619,23.757355131998292,61.60765871087074
t1850_cny_hazard50_urgent_cap2,2026,3,795,230,2026-01-12,2026-08-27,0.6,0.4050314465408805,1.481366459627329,1.4813664596273293,1.4122807017543861,1.4122807017543861,1.4122807017543861,32.62684898632106,66.94479629905753
t1850_cny_hazard50_urgent_cap2,2026,5,785,230,2026-01-12,2026-08-25,0.5478260869565217,0.3401273885350318,1.6106497313141181,1.6106497313141184,1.424778761061947,1.424778761061947,1.424778761061947,40.57512056753791,78.13865670428818
t1850_cny_hazard50_urgent_cap2,2026,10,760,225,2026-01-12,2026-08-18,0.4711111111111111,0.29210526315789476,1.6128128128128127,1.6128128128128127,1.4383561643835616,1.4383561643835616,1.4383561643835616,48.86323529313695,98.72959807829181
t1850_cny_hazard50_urgent_cap2,2026,20,710,215,2026-01-12,2026-08-04,0.386046511627907,0.24647887323943662,1.5662458471760798,1.5662458471760798,1.4682926829268292,1.4682926829268292,1.4682926829268292,80.8031464251114,140.158958015775
t1850_cny_hazard50_urgent_cap2,AMD,1,656,185,2024-01-09,2026-08-31,0.7675675675675676,0.524390243902439,1.4637335009428032,1.465626907356332,1.3732767762460232,1.3732767762460232,1.3732767762460232,20.385439656363104,46.356363129856696
t1850_cny_hazard50_urgent_cap2,AMD,3,654,184,2024-01-09,2026-08-27,0.5434782608695652,0.35932721712538224,1.5124884366327476,1.5169104168415064,1.3716719914802982,1.3716719914802982,1.3716719914802982,30.648254713756803,53.41959483332632
t1850_cny_hazard50_urgent_cap2,AMD,5,652,184,2024-01-09,2026-08-25,0.4945652173913043,0.29754601226993865,1.662147019273868,1.6687409928756052,1.374599786552828,1.374599786552828,1.374599786552828,35.250060378515,56.19110813740622
t1850_cny_hazard50_urgent_cap2,AMD,10,647,183,2024-01-09,2026-08-18,0.3825136612021858,0.23338485316846985,1.6389823761444648,1.6458949164005663,1.3774193548387097,1.3774193548387097,1.3774193548387097,40.70813685722522,57.98567062687561
t1850_cny_hazard50_urgent_cap2,AMD,20,637,181,2024-01-09,2026-08-04,0.281767955801105,0.1726844583987441,1.6316926167754897,1.632468762696395,1.3831877729257642,1.3831877729257642,1.3831877729257642,50.25514425421024,58.91741340111532
t1850_cny_hazard50_urgent_cap2,KGS,1,656,183,2024-01-09,2026-08-31,0.8032786885245902,0.4954268292682927,1.6213871374527113,1.6292548411256607,1.3584305408271473,1.3584305408271473,1.3584305408271473,22.93550664497178,48.7516739056861
t1850_cny_hazard50_urgent_cap2,KGS,3,654,182,2024-01-09,2026-08-27,0.5714285714285714,0.3486238532110092,1.639097744360902,1.6504447987451338,1.356762513312034,1.356762513312034,1.356762513312034,33.66823558786782,53.71224608648547
t1850_cny_hazard50_urgent_cap2,KGS,5,652,182,2024-01-09,2026-08-25,0.5054945054945055,0.2929447852760736,1.725562395719464,1.7420559063748249,1.35965848452508,1.35965848452508,1.35965848452508,37.884990313405616,55.26300494324149
t1850_cny_hazard50_urgent_cap2,KGS,10,647,181,2024-01-09,2026-08-18,0.3756906077348066,0.22565687789799072,1.6648755014001362,1.6806307416766495,1.3623655913978494,1.3623655913978494,1.3623655913978494,42.820203119519775,55.368653229236564
t1850_cny_hazard50_urgent_cap2,KGS,20,637,179,2024-01-09,2026-08-04,0.2737430167597765,0.1664050235478807,1.6450405818488456,1.6530007504331041,1.3679039301310043,1.3679039301310043,1.3679039301310043,51.76602878553802,50.188884785388474
t1850_cny_hazard50_urgent_cap2,KZT,1,656,176,2024-01-09,2026-08-31,0.7272727272727273,0.5137195121951219,1.4157000269759916,1.4091020325337273,1.3064687168610816,1.3064687168610816,1.3064687168610816,20.832138080582194,48.38781063661758
t1850_cny_hazard50_urgent_cap2,KZT,3,654,175,2024-01-09,2026-08-27,0.5142857142857142,0.3302752293577982,1.557142857142857,1.5471514068400307,1.3045793397231098,1.3045793397231098,1.3045793397231098,32.655943527163814,51.006550269328095
t1850_cny_hazard50_urgent_cap2,KZT,5,652,175,2024-01-09,2026-08-25,0.4342857142857143,0.2668711656441718,1.6273234811165844,1.611916157721246,1.3073639274279616,1.3073639274279616,1.3073639274279616,37.1431303109981,50.361263026682046
t1850_cny_hazard50_urgent_cap2,KZT,10,647,174,2024-01-09,2026-08-18,0.3333333333333333,0.20401854714064915,1.6338383838383836,1.607141386995666,1.3096774193548386,1.3096774193548386,1.3096774193548386,42.62899445153915,46.10083415104947
t1850_cny_hazard50_urgent_cap2,KZT,20,637,172,2024-01-09,2026-08-04,0.2441860465116279,0.14756671899529042,1.654750123701138,1.6122632754390265,1.314410480349345,1.314410480349345,1.314410480349345,53.71783412599858,34.73740855981855
t1850_cny_hazard50_urgent_cap2,TJS,1,656,184,2024-01-09,2026-08-31,0.8043478260869565,0.5259146341463414,1.5294265910523002,1.5305494492367377,1.3658536585365852,1.3658536585365852,1.3658536585365852,22.02116975500461,48.94934285678308
t1850_cny_hazard50_urgent_cap2,TJS,3,654,183,2024-01-09,2026-08-27,0.5737704918032787,0.37767584097859325,1.5192141766775071,1.52096822827467,1.3642172523961662,1.3642172523961662,1.3642172523961662,32.11429585422822,55.97380841410143
t1850_cny_hazard50_urgent_cap2,TJS,5,652,183,2024-01-09,2026-08-25,0.5191256830601093,0.3205521472392638,1.6194734227521115,1.622674188269365,1.367129135538954,1.367129135538954,1.367129135538954,36.44620075998246,60.11922097468277
t1850_cny_hazard50_urgent_cap2,TJS,10,647,182,2024-01-09,2026-08-18,0.41208791208791207,0.2550231839258114,1.615884115884116,1.6194026588912405,1.3698924731182796,1.3698924731182796,1.3698924731182796,41.48137062855224,66.16350153065392
t1850_cny_hazard50_urgent_cap2,TJS,20,637,180,2024-01-09,2026-08-04,0.29444444444444445,0.17739403453689168,1.659832841691249,1.6553616683542274,1.3755458515283843,1.3755458515283843,1.3755458515283843,51.53866052556883,74.28510752252531
t1850_cny_hazard50_urgent_cap2,UZS,1,656,185,2024-01-09,2026-08-31,0.7945945945945946,0.5213414634146342,1.524134660976766,1.5233295395145245,1.3732767762460232,1.3732767762460232,1.3732767762460232,23.010814706900316,50.3067562752315
t1850_cny_hazard50_urgent_cap2,UZS,3,654,184,2024-01-09,2026-08-27,0.532608695652174,0.3562691131498471,1.494961746594514,1.4952475867948738,1.3716719914802982,1.3716719914802982,1.3716719914802982,33.65844433089255,54.88758701325548
t1850_cny_hazard50_urgent_cap2,UZS,5,652,184,2024-01-09,2026-08-25,0.4891304347826087,0.294478527607362,1.6610054347826086,1.659771789415609,1.374599786552828,1.374599786552828,1.374599786552828,37.54224926549514,55.52612069038464
t1850_cny_hazard50_urgent_cap2,UZS,10,647,183,2024-01-09,2026-08-18,0.366120218579235,0.22256568778979907,1.644998482088646,1.6409027029512369,1.3774193548387097,1.3774193548387097,1.3774193548387097,42.66540300052955,55.68514990397953
t1850_cny_hazard50_urgent_cap2,UZS,20,637,181,2024-01-09,2026-08-04,0.281767955801105,0.16483516483516483,1.7093922651933702,1.694352956748895,1.3831877729257642,1.3831877729257642,1.3831877729257642,53.6998975742449,54.40525534254885
t1930_cny_hist50_urgent_cap2,2024,1,1240,331,2024-01-09,2024-12-28,0.7552870090634441,0.5435483870967742,1.389548800057375,1.3905398434521272,1.3053521126760566,1.2619718309859154,1.36056338028169,13.791795371346629,38.576487876945166
t1930_cny_hist50_urgent_cap2,2024,3,1240,331,2024-01-09,2024-12-28,0.552870090634441,0.3919354838709677,1.410615046063183,1.4129074437284022,1.3053521126760566,1.2619718309859154,1.36056338028169,22.87022669517249,47.45936425661084
t1930_cny_hist50_urgent_cap2,2024,5,1240,331,2024-01-09,2024-12-28,0.5045317220543807,0.3379032258064516,1.4931249053637996,1.4965671749656717,1.3053521126760566,1.2619718309859154,1.36056338028169,29.861459044210438,54.03055264279523
t1930_cny_hist50_urgent_cap2,2024,10,1240,331,2024-01-09,2024-12-28,0.40181268882175225,0.2693548387096774,1.4917596830508169,1.4953982862583308,1.3053521126760566,1.2619718309859154,1.36056338028169,37.17516746446124,65.97251440688919
t1930_cny_hist50_urgent_cap2,2024,20,1240,331,2024-01-09,2024-12-28,0.27492447129909364,0.18870967741935485,1.4568647197045987,1.4589178356713426,1.3053521126760566,1.2619718309859154,1.36056338028169,38.946359145182555,76.00063310346336
t1930_cny_hist50_urgent_cap2,2025,1,1235,341,2025-01-09,2025-12-30,0.6862170087976539,0.4631578947368421,1.481604905358571,1.481962000974334,1.3410112359550563,1.3174157303370788,1.356741573033708,25.801604551419565,45.08473989921622
t1930_cny_hist50_urgent_cap2,2025,3,1235,341,2025-01-09,2025-12-30,0.45161290322580644,0.28421052631578947,1.5890083632019116,1.5895528625156707,1.3410112359550563,1.3174157303370788,1.356741573033708,36.00903383338999,43.18255206776616
t1930_cny_hist50_urgent_cap2,2025,5,1235,341,2025-01-09,2025-12-30,0.3812316715542522,0.22186234817813766,1.7183252349251878,1.7192268565615463,1.3410112359550563,1.3174157303370788,1.356741573033708,36.010781388801654,34.8105919901618
t1930_cny_hist50_urgent_cap2,2025,10,1235,341,2025-01-09,2025-12-30,0.24926686217008798,0.14736842105263157,1.69145370758274,1.6927356284769812,1.3410112359550563,1.3174157303370788,1.356741573033708,36.175950507200795,10.390628955437911
t1930_cny_hist50_urgent_cap2,2025,20,1235,341,2025-01-09,2025-12-30,0.17008797653958943,0.09635627530364373,1.765198748120949,1.765807962529274,1.3410112359550563,1.3174157303370788,1.356741573033708,42.55164265619825,-29.40751212272544
t1930_cny_hist50_urgent_cap2,2026,1,805,229,2026-01-12,2026-08-31,0.8034934497816594,0.55527950310559,1.4470072194054493,1.4471203165453568,1.3818965517241377,1.357758620689655,1.3879310344827585,23.5570435329715,61.32984917503023
t1930_cny_hist50_urgent_cap2,2026,3,795,224,2026-01-12,2026-08-27,0.59375,0.4050314465408805,1.465935559006211,1.4658949119645084,1.3754385964912283,1.3508771929824561,1.3815789473684212,30.7735223830737,67.07361079956156
t1930_cny_hist50_urgent_cap2,2026,5,785,224,2026-01-12,2026-08-25,0.5401785714285714,0.3401273885350318,1.5881654628143391,1.5879796037783165,1.3876106194690265,1.3628318584070798,1.3938053097345133,36.97205882433491,79.38040566017074
t1930_cny_hist50_urgent_cap2,2026,10,760,218,2026-01-12,2026-08-18,0.45871559633027525,0.29210526315789476,1.570377717166708,1.5708970649028524,1.3936073059360734,1.3744292237442923,1.406392694063927,44.98063760483173,100.84272787055794
t1930_cny_hist50_urgent_cap2,2026,20,710,208,2026-01-12,2026-08-04,0.36538461538461536,0.24647887323943662,1.4824175824175823,1.483028720626632,1.420487804878049,1.4000000000000001,1.4341463414634146,77.7245709674255,137.6090227031035
t1930_cny_hist50_urgent_cap2,AMD,1,656,180,2024-01-09,2026-08-31,0.7111111111111111,0.524390243902439,1.3560723514211885,1.3549165505147893,1.3361611876988335,1.3361611876988335,1.3361611876988335,19.080118555514073,44.25787998202067
t1930_cny_hist50_urgent_cap2,AMD,3,654,179,2024-01-09,2026-08-27,0.5083798882681564,0.35932721712538224,1.4148104124569119,1.4132169602541897,1.334398296059638,1.334398296059638,1.334398296059638,27.359983130557954,50.07771570935466
t1930_cny_hist50_urgent_cap2,AMD,5,652,179,2024-01-09,2026-08-25,0.46368715083798884,0.29754601226993865,1.5583712492080861,1.5557622506900086,1.3372465314834578,1.3372465314834578,1.3372465314834578,31.798386446813392,53.45928003235059
t1930_cny_hist50_urgent_cap2,AMD,10,647,178,2024-01-09,2026-08-18,0.3595505617977528,0.23338485316846985,1.5405908177691792,1.5358184777690504,1.3397849462365592,1.3397849462365592,1.3397849462365592,36.621734138337715,55.04191257898445
t1930_cny_hist50_urgent_cap2,AMD,20,637,176,2024-01-09,2026-08-04,0.26704545454545453,0.1726844583987441,1.546435950413223,1.5356715322632506,1.3449781659388647,1.3449781659388647,1.3449781659388647,45.7289278087658,55.390975946902365
t1930_cny_hist50_urgent_cap2,KGS,1,656,179,2024-01-09,2026-08-31,0.7430167597765364,0.4954268292682927,1.499750752041255,1.5060275605988391,1.3287380699893954,1.3287380699893954,1.3287380699893954,21.492725656032523,45.90421493298697
t1930_cny_hist50_urgent_cap2,KGS,3,654,178,2024-01-09,2026-08-27,0.5168539325842697,0.3486238532110092,1.482554701360142,1.4911249475807256,1.326943556975506,1.326943556975506,1.326943556975506,29.607300736886454,48.02569442232604
t1930_cny_hist50_urgent_cap2,KGS,5,652,178,2024-01-09,2026-08-25,0.46629213483146065,0.2929447852760736,1.5917406906288605,1.6046221432538366,1.3297758804695838,1.3297758804695838,1.3297758804695838,32.992972859356556,49.3730139631316
t1930_cny_hist50_urgent_cap2,KGS,10,647,177,2024-01-09,2026-08-18,0.3389830508474576,0.22565687789799072,1.5022057116322267,1.513764641921613,1.332258064516129,1.332258064516129,1.332258064516129,37.274185098041066,48.74906552208736
t1930_cny_hist50_urgent_cap2,KGS,20,637,175,2024-01-09,2026-08-04,0.2342857142857143,0.1664050235478807,1.4079245283018869,1.4123372973816903,1.3373362445414847,1.3373362445414847,1.3373362445414847,48.69801713912681,43.81147270450002
t1930_cny_hist50_urgent_cap2,KZT,1,656,183,2024-01-09,2026-08-31,0.726775956284153,0.5137195121951219,1.414733018760844,1.4126029378569585,1.3584305408271473,1.3584305408271473,1.3584305408271473,20.91695797597271,47.94917417887947
t1930_cny_hist50_urgent_cap2,KZT,3,654,182,2024-01-09,2026-08-27,0.521978021978022,0.3302752293577982,1.5804334554334554,1.577416795950838,1.356762513312034,1.356762513312034,1.356762513312034,31.160374963146786,50.71585918892073
t1930_cny_hist50_urgent_cap2,KZT,5,652,182,2024-01-09,2026-08-25,0.44505494505494503,0.2668711656441718,1.667677150435771,1.6617467052842092,1.35965848452508,1.35965848452508,1.35965848452508,35.91907401437483,51.88400334965231
t1930_cny_hist50_urgent_cap2,KZT,10,647,180,2024-01-09,2026-08-18,0.34444444444444444,0.20401854714064915,1.6882996632996632,1.6819911052533216,1.3548387096774193,1.3548387096774193,1.3548387096774193,39.77391228178189,45.90156023198479
t1930_cny_hist50_urgent_cap2,KZT,20,637,178,2024-01-09,2026-08-04,0.24157303370786518,0.14756671899529042,1.637042792254363,1.6226490276187189,1.3602620087336244,1.3602620087336244,1.3602620087336244,50.079608167323244,33.112935623766624
t1930_cny_hist50_urgent_cap2,TJS,1,656,179,2024-01-09,2026-08-31,0.770949720670391,0.5259146341463414,1.4659217877094972,1.4670156301722004,1.3287380699893954,1.3287380699893954,1.3287380699893954,21.051995101432126,49.564899227285636
t1930_cny_hist50_urgent_cap2,TJS,3,654,178,2024-01-09,2026-08-27,0.5617977528089888,0.37767584097859325,1.4875130782877681,1.4891552573228175,1.326943556975506,1.326943556975506,1.326943556975506,29.71159958374675,54.704547800742866
t1930_cny_hist50_urgent_cap2,TJS,5,652,178,2024-01-09,2026-08-25,0.4943820224719101,0.3205521472392638,1.5422826729745713,1.5454244585026968,1.3297758804695838,1.3297758804695838,1.3297758804695838,33.4840887930762,58.58196731315876
t1930_cny_hist50_urgent_cap2,TJS,10,647,177,2024-01-09,2026-08-18,0.3954802259887006,0.2550231839258114,1.5507618558466019,1.5541060443457648,1.332258064516129,1.332258064516129,1.332258064516129,38.017974358312124,63.89027916558444
t1930_cny_hist50_urgent_cap2,TJS,20,637,175,2024-01-09,2026-08-04,0.2742857142857143,0.17739403453689168,1.5461946902654868,1.5416041938987726,1.3373362445414847,1.3373362445414847,1.3373362445414847,48.58512404948175,69.20190115342562
t1930_cny_hist50_urgent_cap2,UZS,1,656,180,2024-01-09,2026-08-31,0.7555555555555555,0.5213414634146342,1.4492527615334632,1.4494201420884152,1.3361611876988335,1.3361611876988335,1.3361611876988335,21.55702624343649,46.428669709978
t1930_cny_hist50_urgent_cap2,UZS,3,654,179,2024-01-09,2026-08-27,0.5139664804469274,0.3562691131498471,1.4426355288081136,1.4450725973894925,1.334398296059638,1.334398296059638,1.334398296059638,31.368743610956948,50.15982146974252
t1930_cny_hist50_urgent_cap2,UZS,5,652,179,2024-01-09,2026-08-25,0.46368715083798884,0.294478527607362,1.5746042830540037,1.576755400557113,1.3372465314834578,1.3372465314834578,1.3372465314834578,35.66179304545916,51.99804055129316
t1930_cny_hist50_urgent_cap2,UZS,10,647,178,2024-01-09,2026-08-18,0.34831460674157305,0.22256568778979907,1.5649968789013733,1.5656143553289366,1.3397849462365592,1.3397849462365592,1.3397849462365592,41.80940135070838,52.62312431310046
t1930_cny_hist50_urgent_cap2,UZS,20,637,176,2024-01-09,2026-08-04,0.26136363636363635,0.16483516483516483,1.5856060606060605,1.575560299512718,1.3449781659388647,1.3449781659388647,1.3449781659388647,54.43780981767455,47.33335177738783
t1930_cny_hazard50_urgent_cap2,2024,1,1240,334,2024-01-09,2024-12-28,0.7664670658682635,0.5435483870967742,1.410117450558823,1.4087157184698678,1.3171830985915494,1.2619718309859154,1.36056338028169,14.073047726441278,40.069941086155026
t1930_cny_hazard50_urgent_cap2,2024,3,1240,334,2024-01-09,2024-12-28,0.5658682634730539,0.3919354838709677,1.443779108449767,1.4411068408916217,1.3171830985915494,1.2619718309859154,1.36056338028169,24.93656873916066,50.67443414809832
t1930_cny_hazard50_urgent_cap2,2024,5,1240,334,2024-01-09,2024-12-28,0.5149700598802395,0.3379032258064516,1.5240164063281552,1.5200085521861526,1.3171830985915494,1.2619718309859154,1.36056338028169,32.03511111478277,57.55471974747766
t1930_cny_hazard50_urgent_cap2,2024,10,1240,334,2024-01-09,2024-12-28,0.41317365269461076,0.2693548387096774,1.5339381118003514,1.529359192063634,1.3171830985915494,1.2619718309859154,1.36056338028169,40.45221090327143,69.74078589995962
t1930_cny_hazard50_urgent_cap2,2024,20,1240,334,2024-01-09,2024-12-28,0.2844311377245509,0.18870967741935485,1.507241926403603,1.5029344220464405,1.3171830985915494,1.2619718309859154,1.36056338028169,45.736384762323425,82.97467608707066
t1930_cny_hazard50_urgent_cap2,2025,1,1235,347,2025-01-09,2025-12-30,0.7002881844380403,0.4631578947368421,1.5119858527639507,1.5106843522690092,1.3646067415730339,1.3174157303370788,1.3960674157303372,24.48872166639302,43.34790161295386
t1930_cny_hazard50_urgent_cap2,2025,3,1235,347,2025-01-09,2025-12-30,0.4495677233429395,0.28421052631578947,1.5818123599103426,1.5795039967206395,1.3646067415730339,1.3174157303370788,1.3960674157303372,36.34536064802287,44.22032485409044
t1930_cny_hazard50_urgent_cap2,2025,5,1235,347,2025-01-09,2025-12-30,0.39481268011527376,0.22186234817813766,1.7795389048991352,1.7762322187811663,1.3646067415730339,1.3174157303370788,1.3960674157303372,37.081067422672625,36.54218359303482
t1930_cny_hazard50_urgent_cap2,2025,10,1235,347,2025-01-09,2025-12-30,0.2478386167146974,0.14736842105263157,1.6817620419925896,1.6778830963665088,1.3646067415730339,1.3174157303370788,1.3960674157303372,38.19672384618615,10.053916875494586
t1930_cny_hazard50_urgent_cap2,2025,20,1235,347,2025-01-09,2025-12-30,0.1642651296829971,0.09635627530364373,1.7047683626764827,1.699951702487322,1.3646067415730339,1.3174157303370788,1.3960674157303372,39.92830426638756,-35.01947552719146
t1930_cny_hazard50_urgent_cap2,2026,1,805,235,2026-01-12,2026-08-31,0.8170212765957446,0.55527950310559,1.4713694131086676,1.4717897443222396,1.4181034482758619,1.3879310344827585,1.4482758620689653,23.516341205983018,61.870647068814435
t1930_cny_hazard50_urgent_cap2,2026,3,795,230,2026-01-12,2026-08-27,0.5869565217391305,0.4050314465408805,1.4491628409397785,1.4494564116415694,1.4122807017543861,1.3815789473684212,1.442982456140351,29.665706300054612,67.70620201604983
t1930_cny_hazard50_urgent_cap2,2026,5,785,230,2026-01-12,2026-08-25,0.5304347826086957,0.3401273885350318,1.559517993812083,1.5601531318726074,1.4247787610619471,1.3938053097345133,1.4557522123893807,35.03424135378809,79.35562252510677
t1930_cny_hazard50_urgent_cap2,2026,10,760,225,2026-01-12,2026-08-18,0.4533333333333333,0.29210526315789476,1.5519519519519518,1.5528846153846156,1.4383561643835616,1.406392694063927,1.4703196347031964,43.17973342572126,107.26848406227505
t1930_cny_hazard50_urgent_cap2,2026,20,710,215,2026-01-12,2026-08-04,0.3953488372093023,0.24647887323943662,1.6039867109634551,1.604626429141186,1.468292682926829,1.4341463414634146,1.502439024390244,78.28263296279347,158.85834423173935
t1930_cny_hazard50_urgent_cap2,AMD,1,656,186,2024-01-09,2026-08-31,0.7365591397849462,0.524390243902439,1.404601150287572,1.4043931627996225,1.380699893955461,1.380699893955461,1.380699893955461,18.846797526128814,41.667956414851986
t1930_cny_hazard50_urgent_cap2,AMD,3,654,185,2024-01-09,2026-08-27,0.5135135135135135,0.35932721712538224,1.4290971822886718,1.42964970561609,1.3791267305644304,1.3791267305644304,1.3791267305644304,28.3293520802889,49.64931714009348
t1930_cny_hazard50_urgent_cap2,AMD,5,652,185,2024-01-09,2026-08-25,0.4702702702702703,0.29754601226993865,1.5804959598774033,1.5818309813142208,1.3820704375667021,1.3820704375667021,1.3820704375667021,33.3823165448524,53.616149031798635
t1930_cny_hazard50_urgent_cap2,AMD,10,647,184,2024-01-09,2026-08-18,0.3532608695652174,0.23338485316846985,1.5136409444284482,1.51312264242006,1.3849462365591398,1.3849462365591398,1.3849462365591398,40.225486338560415,57.24209139827749
t1930_cny_hazard50_urgent_cap2,AMD,20,637,182,2024-01-09,2026-08-04,0.2692307692307692,0.1726844583987441,1.559090909090909,1.5500371133843056,1.390829694323144,1.390829694323144,1.390829694323144,50.60446138436212,59.50952152715451
t1930_cny_hazard50_urgent_cap2,KGS,1,656,183,2024-01-09,2026-08-31,0.7650273224043715,0.4954268292682927,1.544178226145439,1.542414847010093,1.3584305408271473,1.3584305408271473,1.3584305408271473,20.83664457354104,47.15529740611861
t1930_cny_hazard50_urgent_cap2,KGS,3,654,182,2024-01-09,2026-08-27,0.532967032967033,0.3486238532110092,1.528773857721226,1.5238562446609858,1.356762513312034,1.356762513312034,1.356762513312034,30.41205681653355,52.31113365170913
t1930_cny_hazard50_urgent_cap2,KGS,5,652,182,2024-01-09,2026-08-25,0.47802197802197804,0.2929447852760736,1.6317818307347105,1.6261242337190316,1.35965848452508,1.35965848452508,1.35965848452508,34.319652769665694,54.323877837695214
t1930_cny_hazard50_urgent_cap2,KGS,10,647,181,2024-01-09,2026-08-18,0.35911602209944754,0.22565687789799072,1.5914251116324833,1.5813543765417317,1.3623655913978494,1.3623655913978494,1.3623655913978494,40.205238891870486,55.59602469207454
t1930_cny_hazard50_urgent_cap2,KGS,20,637,179,2024-01-09,2026-08-04,0.2569832402234637,0.1664050235478807,1.5443238115315694,1.5269459090688584,1.3679039301310043,1.3679039301310043,1.3679039301310043,51.34092995978721,54.38676805205016
t1930_cny_hazard50_urgent_cap2,KZT,1,656,179,2024-01-09,2026-08-31,0.7430167597765364,0.5137195121951219,1.4463471644314774,1.4441161318892715,1.3287380699893954,1.3287380699893954,1.3287380699893954,22.710522731591723,52.07193160939474
t1930_cny_hazard50_urgent_cap2,KZT,3,654,178,2024-01-09,2026-08-27,0.5280898876404494,0.3302752293577982,1.5989388264669162,1.5981266975593684,1.326943556975506,1.326943556975506,1.326943556975506,33.59488533973243,53.79383025690161
t1930_cny_hazard50_urgent_cap2,KZT,5,652,178,2024-01-09,2026-08-25,0.4550561797752809,0.2668711656441718,1.7051530414567997,1.701841076707076,1.3297758804695838,1.3297758804695838,1.3297758804695838,38.399919928348126,53.60399830039179
t1930_cny_hazard50_urgent_cap2,KZT,10,647,177,2024-01-09,2026-08-18,0.3502824858757062,0.20401854714064915,1.716914911830166,1.7087057849603626,1.332258064516129,1.332258064516129,1.332258064516129,41.904968129204946,46.95960788330121
t1930_cny_hazard50_urgent_cap2,KZT,20,637,175,2024-01-09,2026-08-04,0.25142857142857145,0.14756671899529042,1.7038297872340427,1.687490017760626,1.3373362445414847,1.3373362445414847,1.3373362445414847,53.20771201343486,35.84578624723409
t1930_cny_hazard50_urgent_cap2,TJS,1,656,185,2024-01-09,2026-08-31,0.7621621621621621,0.5259146341463414,1.4492126909518215,1.4506273610872755,1.3732767762460232,1.3732767762460232,1.3732767762460232,19.27122274061115,46.08214137678045
t1930_cny_hazard50_urgent_cap2,TJS,3,654,184,2024-01-09,2026-08-27,0.5543478260869565,0.37767584097859325,1.467787361380039,1.4703549412649366,1.3716719914802982,1.3716719914802982,1.3716719914802982,28.882006463326167,53.44374444613195
t1930_cny_hazard50_urgent_cap2,TJS,5,652,184,2024-01-09,2026-08-25,0.4945652173913043,0.3205521472392638,1.542854171000624,1.5467567055120077,1.374599786552828,1.374599786552828,1.374599786552828,32.0978328642944,57.39872669220522
t1930_cny_hazard50_urgent_cap2,TJS,10,647,183,2024-01-09,2026-08-18,0.3989071038251366,0.2550231839258114,1.5641993707567479,1.5692225630084011,1.3774193548387097,1.3774193548387097,1.3774193548387097,37.98450702927751,63.32116494716314
t1930_cny_hazard50_urgent_cap2,TJS,20,637,181,2024-01-09,2026-08-04,0.287292817679558,0.17739403453689168,1.6195179191316678,1.616768554536522,1.3831877729257642,1.3831877729257642,1.3831877729257642,47.83170516442059,70.64767336604628
t1930_cny_hazard50_urgent_cap2,UZS,1,656,183,2024-01-09,2026-08-31,0.7650273224043715,0.5213414634146342,1.4674208289393793,1.4672207006232825,1.3584305408271473,1.3584305408271473,1.3584305408271473,20.63035229229411,47.753841597671816
t1930_cny_hazard50_urgent_cap2,UZS,3,654,182,2024-01-09,2026-08-27,0.5054945054945055,0.3562691131498471,1.4188558222892986,1.4206579410703108,1.356762513312034,1.356762513312034,1.356762513312034,31.283864272358358,53.44746941857451
t1930_cny_hazard50_urgent_cap2,UZS,5,652,182,2024-01-09,2026-08-25,0.46703296703296704,0.294478527607362,1.585966117216117,1.587154366124992,1.35965848452508,1.35965848452508,1.35965848452508,35.50352011111605,56.298882071628604
t1930_cny_hazard50_urgent_cap2,UZS,10,647,181,2024-01-09,2026-08-18,0.3370165745856354,0.22256568778979907,1.5142341927562923,1.51338513473833,1.3623655913978494,1.3623655913978494,1.3623655913978494,41.07049594561217,57.5828259291232
t1930_cny_hazard50_urgent_cap2,UZS,20,637,179,2024-01-09,2026-08-04,0.2569832402234637,0.16483516483516483,1.5590316573556797,1.5468901439449472,1.3679039301310043,1.3679039301310043,1.3679039301310043,53.59169556528528,56.36939633067428
t1850_frozen1830_cny_urgent_cap2,2024,1,1240,335,2024-01-09,2024-12-28,0.7880597014925373,0.5435483870967742,1.4498427742592674,1.4498427742592674,1.3211267605633803,1.3211267605633803,1.3211267605633803,13.900919026388117,41.501726036961585
t1850_frozen1830_cny_urgent_cap2,2024,3,1240,335,2024-01-09,2024-12-28,0.6,0.3919354838709677,1.5308641975308643,1.5308641975308641,1.3211267605633803,1.3211267605633803,1.3211267605633803,23.94904190943216,54.806776573381114
t1850_frozen1830_cny_urgent_cap2,2024,5,1240,335,2024-01-09,2024-12-28,0.5402985074626866,0.3379032258064516,1.5989741032308624,1.5989741032308624,1.3211267605633803,1.3211267605633803,1.3211267605633803,25.477931238811266,58.13997021106006
t1850_frozen1830_cny_urgent_cap2,2024,10,1240,335,2024-01-09,2024-12-28,0.43283582089552236,0.2693548387096774,1.6069353829654125,1.6069353829654123,1.3211267605633803,1.3211267605633803,1.3211267605633803,27.18506019348322,64.2265544523995
t1850_frozen1830_cny_urgent_cap2,2024,20,1240,335,2024-01-09,2024-12-28,0.3164179104477612,0.18870967741935485,1.6767444827146318,1.6767444827146318,1.3211267605633803,1.3211267605633803,1.3211267605633803,28.18703298473942,80.00360081688078
t1850_frozen1830_cny_urgent_cap2,2025,1,1235,355,2025-01-09,2025-12-30,0.7295774647887324,0.4631578947368421,1.575224071702945,1.5752240717029449,1.3960674157303372,1.3960674157303372,1.3960674157303372,23.618827092627765,45.20609979039357
t1850_frozen1830_cny_urgent_cap2,2025,3,1235,355,2025-01-09,2025-12-30,0.476056338028169,0.28421052631578947,1.6750130412102242,1.6750130412102244,1.3960674157303372,1.3960674157303372,1.3960674157303372,31.54180474899007,42.05411829038684
t1850_frozen1830_cny_urgent_cap2,2025,5,1235,355,2025-01-09,2025-12-30,0.4112676056338028,0.22186234817813766,1.8537061786779068,1.8537061786779065,1.3960674157303372,1.3960674157303372,1.3960674157303372,32.50843009390337,31.46442034031816
t1850_frozen1830_cny_urgent_cap2,2025,10,1235,355,2025-01-09,2025-12-30,0.23661971830985915,0.14736842105263157,1.6056338028169015,1.6056338028169015,1.3960674157303372,1.3960674157303372,1.3960674157303372,36.17852749072503,10.115231224617176
t1850_frozen1830_cny_urgent_cap2,2025,20,1235,355,2025-01-09,2025-12-30,0.14929577464788732,0.09635627530364373,1.549414131849923,1.5494141318499233,1.3960674157303372,1.3960674157303372,1.3960674157303372,37.58353374426002,-32.47915788865252
t1850_frozen1830_cny_urgent_cap2,2026,1,805,250,2026-01-12,2026-08-31,0.816,0.55527950310559,1.4695302013422817,1.469530201342282,1.5086206896551724,1.5086206896551724,1.5086206896551724,22.246624365426992,57.62139970706458
t1850_frozen1830_cny_urgent_cap2,2026,3,795,245,2026-01-12,2026-08-27,0.5755102040816327,0.4050314465408805,1.420902522499683,1.420902522499683,1.5043859649122808,1.5043859649122808,1.5043859649122808,29.074819405600966,67.00472775889902
t1850_frozen1830_cny_urgent_cap2,2026,5,785,245,2026-01-12,2026-08-25,0.5061224489795918,0.3401273885350318,1.488037911793931,1.4880379117939313,1.5176991150442478,1.5176991150442478,1.5176991150442478,32.01435641100958,74.65347848545807
t1850_frozen1830_cny_urgent_cap2,2026,10,760,240,2026-01-12,2026-08-18,0.425,0.29210526315789476,1.4549549549549547,1.454954954954955,1.534246575342466,1.534246575342466,1.534246575342466,33.187894901997545,94.4368569949337
t1850_frozen1830_cny_urgent_cap2,2026,20,710,225,2026-01-12,2026-08-04,0.3466666666666667,0.24647887323943662,1.4064761904761904,1.4064761904761904,1.5365853658536586,1.5365853658536586,1.5365853658536586,48.92138713088452,122.88481214933215
t1850_frozen1830_cny_urgent_cap2,AMD,1,656,188,2024-01-09,2026-08-31,0.776595744680851,0.524390243902439,1.4809500247402274,1.4809927810748185,1.3955461293743372,1.3955461293743372,1.3955461293743372,19.49120755904329,47.28710073457545
t1850_frozen1830_cny_urgent_cap2,AMD,3,654,187,2024-01-09,2026-08-27,0.5561497326203209,0.35932721712538224,1.5477528729093186,1.5492093328377372,1.3940362087326943,1.3940362087326943,1.3940362087326943,27.971557802439683,54.91486342326549
t1850_frozen1830_cny_urgent_cap2,AMD,5,652,187,2024-01-09,2026-08-25,0.4919786096256685,0.29754601226993865,1.6534538838965764,1.6568886189872252,1.3970117395944504,1.3970117395944504,1.3970117395944504,29.876459584371148,55.1434861328504
t1850_frozen1830_cny_urgent_cap2,AMD,10,647,186,2024-01-09,2026-08-18,0.3602150537634409,0.23338485316846985,1.5434380118208362,1.544535467302522,1.4,1.4,1.4,32.0524186657083,55.17547458580736
t1850_frozen1830_cny_urgent_cap2,AMD,20,637,183,2024-01-09,2026-08-04,0.26229508196721313,0.1726844583987441,1.5189269746646796,1.5125740125199212,1.398471615720524,1.398471615720524,1.398471615720524,36.89758386908697,54.187733974091586
t1850_frozen1830_cny_urgent_cap2,KGS,1,656,188,2024-01-09,2026-08-31,0.7712765957446809,0.4954268292682927,1.5567921440261867,1.5620559962990441,1.3955461293743372,1.3955461293743372,1.3955461293743372,20.372867047675424,46.62149569492171
t1850_frozen1830_cny_urgent_cap2,KGS,3,654,187,2024-01-09,2026-08-27,0.5561497326203209,0.3486238532110092,1.5952716014635517,1.6003914467638354,1.3940362087326943,1.3940362087326943,1.3940362087326943,28.80363611108772,52.15303575749716
t1850_frozen1830_cny_urgent_cap2,KGS,5,652,187,2024-01-09,2026-08-25,0.49732620320855614,0.2929447852760736,1.697678976397794,1.707099804146884,1.3970117395944504,1.3970117395944504,1.3970117395944504,30.95575354564697,51.34263590365762
t1850_frozen1830_cny_urgent_cap2,KGS,10,647,186,2024-01-09,2026-08-18,0.34946236559139787,0.22565687789799072,1.5486448666961263,1.5535676173211528,1.4,1.4,1.4,33.498355653814095,49.06405574870171
t1850_frozen1830_cny_urgent_cap2,KGS,20,637,183,2024-01-09,2026-08-04,0.25136612021857924,0.1664050235478807,1.5105680998041036,1.5075482873825032,1.398471615720524,1.398471615720524,1.398471615720524,38.013218199164385,41.63596908983966
t1850_frozen1830_cny_urgent_cap2,KZT,1,656,188,2024-01-09,2026-08-31,0.7446808510638298,0.5137195121951219,1.449586463791906,1.4440274577792307,1.3955461293743372,1.3955461293743372,1.3955461293743372,19.56627904445036,47.82540828194784
t1850_frozen1830_cny_urgent_cap2,KZT,3,654,187,2024-01-09,2026-08-27,0.5080213903743316,0.3302752293577982,1.5381758764111706,1.5311999125675324,1.3940362087326943,1.3940362087326943,1.3940362087326943,27.451842760907272,50.81404244938776
t1850_frozen1830_cny_urgent_cap2,KZT,5,652,187,2024-01-09,2026-08-25,0.41711229946524064,0.2668711656441718,1.5629725244329706,1.5518347111625388,1.3970117395944504,1.3970117395944504,1.3970117395944504,27.788639897432407,46.72224938862776
t1850_frozen1830_cny_urgent_cap2,KZT,10,647,186,2024-01-09,2026-08-18,0.3225806451612903,0.20401854714064915,1.5811339198435972,1.5604563473783293,1.4,1.4,1.4,29.805767532483017,42.40829137834662
t1850_frozen1830_cny_urgent_cap2,KZT,20,637,183,2024-01-09,2026-08-04,0.22950819672131148,0.14756671899529042,1.5552842692710152,1.5282468250074173,1.398471615720524,1.398471615720524,1.398471615720524,34.952777619125946,31.411351939448636
t1850_frozen1830_cny_urgent_cap2,TJS,1,656,188,2024-01-09,2026-08-31,0.7819148936170213,0.5259146341463414,1.4867715078630899,1.4881076554398618,1.3955461293743372,1.3955461293743372,1.3955461293743372,18.82320891251851,44.837064213564155
t1850_frozen1830_cny_urgent_cap2,TJS,3,654,187,2024-01-09,2026-08-27,0.5668449197860963,0.37767584097859325,1.5008768321461823,1.5022742960894953,1.3940362087326943,1.3940362087326943,1.3940362087326943,26.772579554881354,52.65749150254229
t1850_frozen1830_cny_urgent_cap2,TJS,5,652,187,2024-01-09,2026-08-25,0.5080213903743316,0.3205521472392638,1.584832280019446,1.5889424066898996,1.3970117395944504,1.3970117395944504,1.3970117395944504,28.53429720932604,53.838166846479034
t1850_frozen1830_cny_urgent_cap2,TJS,10,647,186,2024-01-09,2026-08-18,0.3924731182795699,0.2550231839258114,1.5389703486477682,1.5423927174116623,1.4,1.4,1.4,30.233515577183596,56.3770069835695
t1850_frozen1830_cny_urgent_cap2,TJS,20,637,183,2024-01-09,2026-08-04,0.28415300546448086,0.17739403453689168,1.6018182697422505,1.595114475802431,1.398471615720524,1.398471615720524,1.398471615720524,34.148931516839305,59.8693141492707
t1850_frozen1830_cny_urgent_cap2,UZS,1,656,188,2024-01-09,2026-08-31,0.7925531914893617,0.5213414634146342,1.5202189871842726,1.517520231371643,1.3955461293743372,1.3955461293743372,1.3955461293743372,20.69935011226788,49.368258600192966
t1850_frozen1830_cny_urgent_cap2,UZS,3,654,187,2024-01-09,2026-08-27,0.5454545454545454,0.3562691131498471,1.5310183378852906,1.52904789149919,1.3940362087326943,1.3940362087326943,1.3940362087326943,29.875252647280142,55.266130750196396
t1850_frozen1830_cny_urgent_cap2,UZS,5,652,187,2024-01-09,2026-08-25,0.49732620320855614,0.294478527607362,1.6888368983957218,1.6837296069638632,1.3970117395944504,1.3970117395944504,1.3970117395944504,32.144940506725135,54.647908094456284
t1850_frozen1830_cny_urgent_cap2,UZS,10,647,186,2024-01-09,2026-08-18,0.3548387096774194,0.22256568778979907,1.594310035842294,1.5843428570084974,1.4,1.4,1.4,35.24578773480924,53.81199122334372
t1850_frozen1830_cny_urgent_cap2,UZS,20,637,183,2024-01-09,2026-08-04,0.2677595628415301,0.16483516483516483,1.624408014571949,1.6037783582676493,1.398471615720524,1.398471615720524,1.398471615720524,40.64389662938463,47.43217705927919
t1850_frozen1830_cny_hist50_urgent_cap2,2024,1,1240,337,2024-01-09,2024-12-28,0.8160237388724035,0.5435483870967742,1.5012899646910687,1.5011776100019811,1.3290140845070422,1.3211267605633803,1.3408450704225352,13.243204068346506,43.361952329154136
t1850_frozen1830_cny_hist50_urgent_cap2,2024,3,1240,337,2024-01-09,2024-12-28,0.5905044510385756,0.3919354838709677,1.506636870962621,1.5064713064713062,1.3290140845070422,1.3211267605633803,1.3408450704225352,24.21797981513555,52.67442880732538
t1850_frozen1830_cny_hist50_urgent_cap2,2024,5,1240,337,2024-01-09,2024-12-28,0.5222551928783383,0.3379032258064516,1.5455762271339846,1.5453901713638294,1.3290140845070422,1.3211267605633803,1.3408450704225352,28.13382601147063,56.357025985626365
t1850_frozen1830_cny_hist50_urgent_cap2,2024,10,1240,337,2024-01-09,2024-12-28,0.39762611275964393,0.2693548387096774,1.4762167060537679,1.4759937819231623,1.3290140845070422,1.3211267605633803,1.3408450704225352,33.12193360709014,63.65243108006048
t1850_frozen1830_cny_hist50_urgent_cap2,2024,20,1240,337,2024-01-09,2024-12-28,0.29673590504451036,0.18870967741935485,1.5724466763042428,1.5720081135902635,1.3290140845070422,1.3211267605633803,1.3408450704225352,36.599628569061274,77.4249554934334
t1850_frozen1830_cny_hist50_urgent_cap2,2025,1,1235,334,2025-01-09,2025-12-30,0.7245508982035929,0.4631578947368421,1.5643712574850301,1.563495592581936,1.313483146067416,1.2780898876404496,1.356741573033708,24.083549729251104,46.5302141981724
t1850_frozen1830_cny_hist50_urgent_cap2,2025,3,1235,334,2025-01-09,2025-12-30,0.49700598802395207,0.28421052631578947,1.7487247726768684,1.7477408354646204,1.313483146067416,1.2780898876404496,1.356741573033708,37.80358016696513,49.62193407245108
t1850_frozen1830_cny_hist50_urgent_cap2,2025,5,1235,334,2025-01-09,2025-12-30,0.4251497005988024,0.22186234817813766,1.9162769351807334,1.9143106647745878,1.313483146067416,1.2780898876404496,1.356741573033708,39.345321886047,41.691897904736756
t1850_frozen1830_cny_hist50_urgent_cap2,2025,10,1235,334,2025-01-09,2025-12-30,0.25748502994011974,0.14736842105263157,1.7472198460222412,1.7448661080992278,1.313483146067416,1.2780898876404496,1.356741573033708,42.323117904841105,18.21943768922799
t1850_frozen1830_cny_hist50_urgent_cap2,2025,20,1235,334,2025-01-09,2025-12-30,0.16167664670658682,0.09635627530364373,1.6779046948120564,1.6760492586076903,1.313483146067416,1.2780898876404496,1.356741573033708,44.51672293461566,-26.39540063223926
t1850_frozen1830_cny_hist50_urgent_cap2,2026,1,805,242,2026-01-12,2026-08-31,0.7975206611570248,0.55527950310559,1.4362508551038142,1.4367024227852783,1.4603448275862068,1.4181034482758619,1.5086206896551724,22.55657303688123,57.23775720190021
t1850_frozen1830_cny_hist50_urgent_cap2,2026,3,795,237,2026-01-12,2026-08-27,0.569620253164557,0.4050314465408805,1.406360562937338,1.4061578774975434,1.455263157894737,1.4122807017543861,1.5043859649122808,27.518828433989277,61.3415057297585
t1850_frozen1830_cny_hist50_urgent_cap2,2026,5,785,237,2026-01-12,2026-08-25,0.5063291139240507,0.3401273885350318,1.4886455222111603,1.4881516587677726,1.4681415929203538,1.424778761061947,1.5176991150442478,32.485098373120806,71.46970243697832
t1850_frozen1830_cny_hist50_urgent_cap2,2026,10,760,232,2026-01-12,2026-08-18,0.4267241379310345,0.29210526315789476,1.4608574091332711,1.4609708737864076,1.4831050228310503,1.4383561643835616,1.534246575342466,37.49781906889608,91.40312081215507
t1850_frozen1830_cny_hist50_urgent_cap2,2026,20,710,220,2026-01-12,2026-08-04,0.35454545454545455,0.24647887323943662,1.4384415584415584,1.4397504224619784,1.502439024390244,1.4341463414634146,1.5707317073170732,66.18057454806072,130.83709682986122
t1850_frozen1830_cny_hist50_urgent_cap2,AMD,1,656,180,2024-01-09,2026-08-31,0.7833333333333333,0.524390243902439,1.493798449612403,1.4892564309574776,1.3361611876988335,1.3361611876988335,1.3361611876988335,17.849575361236305,46.080699326532724
t1850_frozen1830_cny_hist50_urgent_cap2,AMD,3,654,179,2024-01-09,2026-08-27,0.553072625698324,0.35932721712538224,1.5391893498157616,1.5317886934488432,1.334398296059638,1.334398296059638,1.334398296059638,28.648698332958087,54.66283969326847
t1850_frozen1830_cny_hist50_urgent_cap2,AMD,5,652,179,2024-01-09,2026-08-25,0.4972067039106145,0.29754601226993865,1.6710245925243332,1.6612155352300706,1.3372465314834578,1.3372465314834578,1.3372465314834578,32.3895138328212,57.544492278369205
t1850_frozen1830_cny_hist50_urgent_cap2,AMD,10,647,178,2024-01-09,2026-08-18,0.3651685393258427,0.23338485316846985,1.5646625492968227,1.5496157329407183,1.3397849462365592,1.3397849462365592,1.3397849462365592,36.60446516378745,59.21739143700072
t1850_frozen1830_cny_hist50_urgent_cap2,AMD,20,637,175,2024-01-09,2026-08-04,0.2742857142857143,0.1726844583987441,1.5883636363636364,1.564851126428036,1.3373362445414847,1.3373362445414847,1.3373362445414847,47.2107966937643,63.41849127497337
t1850_frozen1830_cny_hist50_urgent_cap2,KGS,1,656,181,2024-01-09,2026-08-31,0.7845303867403315,0.4954268292682927,1.5835444113897152,1.5830676455277806,1.3435843054082715,1.3435843054082715,1.3435843054082715,19.34641857691136,46.14990159564028
t1850_frozen1830_cny_hist50_urgent_cap2,KGS,3,654,180,2024-01-09,2026-08-27,0.5722222222222222,0.3486238532110092,1.6413742690058477,1.6366394226001042,1.34185303514377,1.34185303514377,1.34185303514377,29.412689430205102,51.82212313024421
t1850_frozen1830_cny_hist50_urgent_cap2,KGS,5,652,180,2024-01-09,2026-08-25,0.5055555555555555,0.2929447852760736,1.7257707969749856,1.7216995426363042,1.3447171824973319,1.3447171824973319,1.3447171824973319,32.15413479917508,52.547909567882584
t1850_frozen1830_cny_hist50_urgent_cap2,KGS,10,647,179,2024-01-09,2026-08-18,0.35195530726256985,0.22565687789799072,1.5596923547868677,1.550011828539595,1.3473118279569891,1.3473118279569891,1.3473118279569891,35.96386596323738,50.434661084726436
t1850_frozen1830_cny_hist50_urgent_cap2,KGS,20,637,177,2024-01-09,2026-08-04,0.2598870056497175,0.1664050235478807,1.5617737981025477,1.5414298185865674,1.3526200873362444,1.3526200873362444,1.3526200873362444,45.41454912972354,46.46490877309847
t1850_frozen1830_cny_hist50_urgent_cap2,KZT,1,656,183,2024-01-09,2026-08-31,0.7595628415300546,0.5137195121951219,1.4785555609605812,1.4753890634335867,1.3584305408271473,1.3584305408271473,1.3584305408271473,23.20424178814712,52.20404301855487
t1850_frozen1830_cny_hist50_urgent_cap2,KZT,3,654,182,2024-01-09,2026-08-27,0.532967032967033,0.3302752293577982,1.6137057387057385,1.6101113169030443,1.356762513312034,1.356762513312034,1.356762513312034,35.99574054108991,56.50388695749697
t1850_frozen1830_cny_hist50_urgent_cap2,KZT,5,652,182,2024-01-09,2026-08-25,0.43956043956043955,0.2668711656441718,1.6470885436402676,1.6403844700779653,1.35965848452508,1.35965848452508,1.35965848452508,40.78216425419447,55.948929135513524
t1850_frozen1830_cny_hist50_urgent_cap2,KZT,10,647,181,2024-01-09,2026-08-18,0.3370165745856354,0.20401854714064915,1.651891846643228,1.6387243563936114,1.3623655913978494,1.3623655913978494,1.3623655913978494,46.12633342835402,49.323120890517416
t1850_frozen1830_cny_hist50_urgent_cap2,KZT,20,637,179,2024-01-09,2026-08-04,0.24022346368715083,0.14756671899529042,1.6278973017948413,1.6043871336802487,1.3679039301310043,1.3679039301310043,1.3679039301310043,53.239602350752,35.26660513302336
t1850_frozen1830_cny_hist50_urgent_cap2,TJS,1,656,185,2024-01-09,2026-08-31,0.7783783783783784,0.5259146341463414,1.4800470035252646,1.4803072439996423,1.3732767762460232,1.3732767762460232,1.3732767762460232,18.60378264110949,47.93699040362424
t1850_frozen1830_cny_hist50_urgent_cap2,TJS,3,654,184,2024-01-09,2026-08-27,0.5652173913043478,0.37767584097859325,1.4965675057208239,1.4952929810703006,1.3716719914802982,1.3716719914802982,1.3716719914802982,27.85980097911144,53.17612138963699
t1850_frozen1830_cny_hist50_urgent_cap2,TJS,5,652,184,2024-01-09,2026-08-25,0.5,0.3205521472392638,1.5598086124401915,1.5612842825994973,1.374599786552828,1.374599786552828,1.374599786552828,30.452308044381503,55.55618368551394
t1850_frozen1830_cny_hist50_urgent_cap2,TJS,10,647,183,2024-01-09,2026-08-18,0.3879781420765027,0.2550231839258114,1.521344593475741,1.5200292180501844,1.3774193548387097,1.3774193548387097,1.3774193548387097,34.725073078020955,59.66906139651558
t1850_frozen1830_cny_hist50_urgent_cap2,TJS,20,637,181,2024-01-09,2026-08-04,0.281767955801105,0.17739403453689168,1.588373343763751,1.5750169428946799,1.3831877729257642,1.3831877729257642,1.3831877729257642,44.20932844914123,66.0978068338276
t1850_frozen1830_cny_hist50_urgent_cap2,UZS,1,656,184,2024-01-09,2026-08-31,0.782608695652174,0.5213414634146342,1.5011441647597255,1.4931660735059575,1.3658536585365852,1.3658536585365852,1.3658536585365852,19.363340718740375,48.56666062674764
t1850_frozen1830_cny_hist50_urgent_cap2,UZS,3,654,183,2024-01-09,2026-08-27,0.5300546448087432,0.3562691131498471,1.4877928656863435,1.475895967065052,1.3642172523961662,1.3642172523961662,1.3642172523961662,28.469880080061262,52.908202818160724
t1850_frozen1830_cny_hist50_urgent_cap2,UZS,5,652,183,2024-01-09,2026-08-25,0.46994535519125685,0.294478527607362,1.595856102003643,1.575746792116466,1.367129135538954,1.367129135538954,1.367129135538954,31.204149594966307,52.959564994847256
t1850_frozen1830_cny_hist50_urgent_cap2,UZS,10,647,182,2024-01-09,2026-08-18,0.3241758241758242,0.22256568778979907,1.4565399877899878,1.428140593906038,1.3698924731182796,1.3698924731182796,1.3698924731182796,34.83970054619026,51.2431998016722
t1850_frozen1830_cny_hist50_urgent_cap2,UZS,20,637,179,2024-01-09,2026-08-04,0.24581005586592178,0.16483516483516483,1.4912476722532588,1.4517044023531231,1.3679039301310043,1.3679039301310043,1.3679039301310043,44.303602240556664,47.270152575395926
t1850_frozen1830_cny_hazard50_urgent_cap2,2024,1,1240,328,2024-01-09,2024-12-28,0.7987804878048781,0.5435483870967742,1.469566476080191,1.4695465339816807,1.2935211267605635,1.2619718309859154,1.3211267605633803,15.994569243778033,43.097004220464854
t1850_frozen1830_cny_hazard50_urgent_cap2,2024,3,1240,328,2024-01-09,2024-12-28,0.5914634146341463,0.3919354838709677,1.509083609354612,1.5092066877881989,1.2935211267605635,1.2619718309859154,1.3211267605633803,29.105837150043758,55.4788858887265
t1850_frozen1830_cny_hazard50_urgent_cap2,2024,5,1240,328,2024-01-09,2024-12-28,0.5304878048780488,0.3379032258064516,1.5699400430758486,1.5701342648182515,1.2935211267605635,1.2619718309859154,1.3211267605633803,34.13113770984143,60.17168691054811
t1850_frozen1830_cny_hazard50_urgent_cap2,2024,10,1240,328,2024-01-09,2024-12-28,0.4115853658536585,0.2693548387096774,1.5280414780195706,1.5278601743257427,1.2935211267605635,1.2619718309859154,1.3211267605633803,40.905642442716605,70.4363604913832
t1850_frozen1830_cny_hazard50_urgent_cap2,2024,20,1240,328,2024-01-09,2024-12-28,0.29573170731707316,0.18870967741935485,1.5671252866374816,1.566655812438945,1.2935211267605635,1.2619718309859154,1.3211267605633803,44.09844851383282,82.05153810653309
t1850_frozen1830_cny_hazard50_urgent_cap2,2025,1,1235,342,2025-01-09,2025-12-30,0.6929824561403509,0.4631578947368421,1.4962121212121213,1.4952108502975656,1.3449438202247193,1.2977528089887642,1.3960674157303372,24.409296690537932,42.71779686808003
t1850_frozen1830_cny_hazard50_urgent_cap2,2025,3,1235,342,2025-01-09,2025-12-30,0.4649122807017544,0.28421052631578947,1.6358024691358024,1.6327693011266786,1.3449438202247193,1.2977528089887642,1.3960674157303372,38.09289808208202,48.76601124203089
t1850_frozen1830_cny_hazard50_urgent_cap2,2025,5,1235,342,2025-01-09,2025-12-30,0.4064327485380117,0.22186234817813766,1.8319140308191402,1.8268064275832714,1.3449438202247193,1.2977528089887642,1.3960674157303372,40.33047109234218,41.28545007940025
t1850_frozen1830_cny_hazard50_urgent_cap2,2025,10,1235,342,2025-01-09,2025-12-30,0.25146198830409355,0.14736842105263157,1.7063492063492065,1.7000400160064024,1.3449438202247193,1.2977528089887642,1.3960674157303372,44.904278446556766,17.98716124674668
t1850_frozen1830_cny_hazard50_urgent_cap2,2025,20,1235,342,2025-01-09,2025-12-30,0.15789473684210525,0.09635627530364373,1.638655462184874,1.6295662797800854,1.3449438202247193,1.2977528089887642,1.3960674157303372,47.625507969727025,-24.988940102014055
t1850_frozen1830_cny_hazard50_urgent_cap2,2026,1,805,238,2026-01-12,2026-08-31,0.8151260504201681,0.55527950310559,1.4679563100407949,1.4674873144145837,1.436206896551724,1.3879310344827585,1.4784482758620687,23.536326251507283,58.27596469494878
t1850_frozen1830_cny_hazard50_urgent_cap2,2026,3,795,233,2026-01-12,2026-08-27,0.575107296137339,0.4050314465408805,1.4199077653080263,1.4195482710373775,1.430701754385965,1.3815789473684212,1.473684210526316,30.194895596703294,64.17217868026553
t1850_frozen1830_cny_hazard50_urgent_cap2,2026,5,785,233,2026-01-12,2026-08-25,0.51931330472103,0.3401273885350318,1.526820015752841,1.5256183745583036,1.443362831858407,1.3938053097345133,1.4867256637168142,34.646897282409874,73.09653970786052
t1850_frozen1830_cny_hazard50_urgent_cap2,2026,10,760,228,2026-01-12,2026-08-18,0.44298245614035087,0.29210526315789476,1.5165165165165164,1.5154985192497532,1.4575342465753427,1.406392694063927,1.5022831050228311,41.04159629758233,94.45715894226018
t1850_frozen1830_cny_hazard50_urgent_cap2,2026,20,710,218,2026-01-12,2026-08-04,0.37155963302752293,0.24647887323943662,1.5074705111402358,1.5056944626259983,1.488780487804878,1.4341463414634146,1.5365853658536586,68.28353752114324,135.98060093131326
t1850_frozen1830_cny_hazard50_urgent_cap2,AMD,1,656,183,2024-01-09,2026-08-31,0.7377049180327869,0.524390243902439,1.4067861227601983,1.4052623710359726,1.3584305408271473,1.3584305408271473,1.3584305408271473,18.691073336244926,42.24184453517692
t1850_frozen1830_cny_hazard50_urgent_cap2,AMD,3,654,182,2024-01-09,2026-08-27,0.521978021978022,0.35932721712538224,1.4526537292494741,1.450918089854025,1.356762513312034,1.356762513312034,1.356762513312034,30.104573396848856,51.773994734012064
t1850_frozen1830_cny_hazard50_urgent_cap2,AMD,5,652,182,2024-01-09,2026-08-25,0.46703296703296704,0.29754601226993865,1.56961595105925,1.568049590078056,1.35965848452508,1.35965848452508,1.35965848452508,34.583840249126524,54.461387824502495
t1850_frozen1830_cny_hazard50_urgent_cap2,AMD,10,647,181,2024-01-09,2026-08-18,0.34806629834254144,0.23338485316846985,1.491383410778969,1.4867010354554302,1.3623655913978494,1.3623655913978494,1.3623655913978494,40.58965474217702,56.419253851384546
t1850_frozen1830_cny_hazard50_urgent_cap2,AMD,20,637,179,2024-01-09,2026-08-04,0.25139664804469275,0.1726844583987441,1.4558151345860844,1.4413699254120054,1.3679039301310043,1.3679039301310043,1.3679039301310043,48.255819773464935,56.620709560035515
t1850_frozen1830_cny_hazard50_urgent_cap2,KGS,1,656,181,2024-01-09,2026-08-31,0.7734806629834254,0.4954268292682927,1.5612409689757756,1.5654959389724206,1.3435843054082715,1.3435843054082715,1.3435843054082715,21.204461340246297,46.937723679295324
t1850_frozen1830_cny_hazard50_urgent_cap2,KGS,3,654,180,2024-01-09,2026-08-27,0.5555555555555556,0.3486238532110092,1.5935672514619883,1.597103575465398,1.34185303514377,1.34185303514377,1.34185303514377,32.68435663099136,56.03805268277895
t1850_frozen1830_cny_hazard50_urgent_cap2,KGS,5,652,180,2024-01-09,2026-08-25,0.5,0.2929447852760736,1.7068062827225132,1.7139720104669316,1.3447171824973319,1.3447171824973319,1.3447171824973319,35.5672533295117,55.72666498381805
t1850_frozen1830_cny_hazard50_urgent_cap2,KGS,10,647,179,2024-01-09,2026-08-18,0.3575418994413408,0.22565687789799072,1.5844493762914214,1.5871697987933022,1.3473118279569891,1.3473118279569891,1.3473118279569891,41.476400115482214,54.237387338919724
t1850_frozen1830_cny_hazard50_urgent_cap2,KGS,20,637,177,2024-01-09,2026-08-04,0.2542372881355932,0.1664050235478807,1.5278221937959704,1.5202083640086521,1.3526200873362444,1.3526200873362444,1.3526200873362444,50.058770865481726,48.212355533748536
t1850_frozen1830_cny_hazard50_urgent_cap2,KZT,1,656,179,2024-01-09,2026-08-31,0.7374301675977654,0.5137195121951219,1.4354723737214663,1.429938781875265,1.3287380699893954,1.3287380699893954,1.3287380699893954,22.72752702961248,49.9094343977479
t1850_frozen1830_cny_hazard50_urgent_cap2,KZT,3,654,178,2024-01-09,2026-08-27,0.5224719101123596,0.3302752293577982,1.5819288389513109,1.5733914798437514,1.326943556975506,1.326943556975506,1.326943556975506,35.1233423265451,54.796601253223365
t1850_frozen1830_cny_hazard50_urgent_cap2,KZT,5,652,178,2024-01-09,2026-08-25,0.43820224719101125,0.2668711656441718,1.6419992251065478,1.6286778943120257,1.3297758804695838,1.3297758804695838,1.3297758804695838,39.45219366682931,54.075237797056126
t1850_frozen1830_cny_hazard50_urgent_cap2,KZT,10,647,177,2024-01-09,2026-08-18,0.3502824858757062,0.20401854714064915,1.716914911830166,1.6926124646970553,1.332258064516129,1.332258064516129,1.332258064516129,46.421554002966396,50.14655159913609
t1850_frozen1830_cny_hazard50_urgent_cap2,KZT,20,637,175,2024-01-09,2026-08-04,0.2571428571428571,0.14756671899529042,1.7425531914893615,1.7026324387467744,1.3373362445414847,1.3373362445414847,1.3373362445414847,56.84333876825952,39.89907568380426
t1850_frozen1830_cny_hazard50_urgent_cap2,TJS,1,656,183,2024-01-09,2026-08-31,0.7759562841530054,0.5259146341463414,1.47544151421557,1.4772741035881318,1.3584305408271473,1.3584305408271473,1.3584305408271473,20.31319372175393,45.92956846942848
t1850_frozen1830_cny_hazard50_urgent_cap2,TJS,3,654,182,2024-01-09,2026-08-27,0.5714285714285714,0.37767584097859325,1.5130133024869867,1.5167531098164628,1.356762513312034,1.356762513312034,1.356762513312034,31.64564541513552,55.22994628676193
t1850_frozen1830_cny_hazard50_urgent_cap2,TJS,5,652,182,2024-01-09,2026-08-25,0.5164835164835165,0.3205521472392638,1.6112308743887693,1.616245762024966,1.35965848452508,1.35965848452508,1.35965848452508,35.45396986138309,59.33171440840241
t1850_frozen1830_cny_hazard50_urgent_cap2,TJS,10,647,181,2024-01-09,2026-08-18,0.39226519337016574,0.2550231839258114,1.5381550309727106,1.5449641322796694,1.3623655913978494,1.3623655913978494,1.3623655913978494,40.4800485167914,64.0317393198413
t1850_frozen1830_cny_hazard50_urgent_cap2,TJS,20,637,179,2024-01-09,2026-08-04,0.2849162011173184,0.17739403453689168,1.6061205319622287,1.6058375554917106,1.3679039301310043,1.3679039301310043,1.3679039301310043,49.21569704984748,71.05931328222577
t1850_frozen1830_cny_hazard50_urgent_cap2,UZS,1,656,182,2024-01-09,2026-08-31,0.7912087912087912,0.5213414634146342,1.5176402544823597,1.5148249247156627,1.3510074231177094,1.3510074231177094,1.3510074231177094,22.81224239276317,49.72581421759086
t1850_frozen1830_cny_hazard50_urgent_cap2,UZS,3,654,181,2024-01-09,2026-08-27,0.5248618784530387,0.3562691131498471,1.4732174614089584,1.4715789001979818,1.349307774227902,1.349307774227902,1.349307774227902,34.454240065379246,58.07627777361265
t1850_frozen1830_cny_hazard50_urgent_cap2,UZS,5,652,181,2024-01-09,2026-08-25,0.48066298342541436,0.294478527607362,1.6322513812154695,1.6276418336360434,1.3521878335112059,1.3521878335112059,1.3521878335112059,38.062341641381465,58.1264881458245
t1850_frozen1830_cny_hazard50_urgent_cap2,UZS,10,647,180,2024-01-09,2026-08-18,0.34444444444444444,0.22256568778979907,1.547608024691358,1.5382296154417863,1.3548387096774193,1.3548387096774193,1.3548387096774193,43.429394092847645,57.80503275383765
t1850_frozen1830_cny_hazard50_urgent_cap2,UZS,20,637,178,2024-01-09,2026-08-04,0.25842696629213485,0.16483516483516483,1.5677902621722848,1.5416347839960043,1.3602620087336244,1.3602620087336244,1.3602620087336244,52.711448195418136,54.15622878750746
t1930_frozen1830_cny_urgent_cap2,2024,1,1240,335,2024-01-09,2024-12-28,0.7880597014925373,0.5435483870967742,1.4498427742592674,1.4498427742592674,1.3211267605633803,1.3211267605633803,1.3211267605633803,13.900919026388117,41.501726036961585
t1930_frozen1830_cny_urgent_cap2,2024,3,1240,335,2024-01-09,2024-12-28,0.6,0.3919354838709677,1.5308641975308643,1.5308641975308641,1.3211267605633803,1.3211267605633803,1.3211267605633803,23.94904190943216,54.806776573381114
t1930_frozen1830_cny_urgent_cap2,2024,5,1240,335,2024-01-09,2024-12-28,0.5402985074626866,0.3379032258064516,1.5989741032308624,1.5989741032308624,1.3211267605633803,1.3211267605633803,1.3211267605633803,25.477931238811266,58.13997021106006
t1930_frozen1830_cny_urgent_cap2,2024,10,1240,335,2024-01-09,2024-12-28,0.43283582089552236,0.2693548387096774,1.6069353829654125,1.6069353829654123,1.3211267605633803,1.3211267605633803,1.3211267605633803,27.18506019348322,64.2265544523995
t1930_frozen1830_cny_urgent_cap2,2024,20,1240,335,2024-01-09,2024-12-28,0.3164179104477612,0.18870967741935485,1.6767444827146318,1.6767444827146318,1.3211267605633803,1.3211267605633803,1.3211267605633803,28.18703298473942,80.00360081688078
t1930_frozen1830_cny_urgent_cap2,2025,1,1235,355,2025-01-09,2025-12-30,0.7295774647887324,0.4631578947368421,1.575224071702945,1.5752240717029449,1.3960674157303372,1.3960674157303372,1.3960674157303372,23.618827092627765,45.20609979039357
t1930_frozen1830_cny_urgent_cap2,2025,3,1235,355,2025-01-09,2025-12-30,0.476056338028169,0.28421052631578947,1.6750130412102242,1.6750130412102244,1.3960674157303372,1.3960674157303372,1.3960674157303372,31.54180474899007,42.05411829038684
t1930_frozen1830_cny_urgent_cap2,2025,5,1235,355,2025-01-09,2025-12-30,0.4112676056338028,0.22186234817813766,1.8537061786779068,1.8537061786779065,1.3960674157303372,1.3960674157303372,1.3960674157303372,32.50843009390337,31.46442034031816
t1930_frozen1830_cny_urgent_cap2,2025,10,1235,355,2025-01-09,2025-12-30,0.23661971830985915,0.14736842105263157,1.6056338028169015,1.6056338028169015,1.3960674157303372,1.3960674157303372,1.3960674157303372,36.17852749072503,10.115231224617176
t1930_frozen1830_cny_urgent_cap2,2025,20,1235,355,2025-01-09,2025-12-30,0.14929577464788732,0.09635627530364373,1.549414131849923,1.5494141318499233,1.3960674157303372,1.3960674157303372,1.3960674157303372,37.58353374426002,-32.47915788865252
t1930_frozen1830_cny_urgent_cap2,2026,1,805,250,2026-01-12,2026-08-31,0.816,0.55527950310559,1.4695302013422817,1.469530201342282,1.5086206896551724,1.5086206896551724,1.5086206896551724,22.246624365426992,57.62139970706458
t1930_frozen1830_cny_urgent_cap2,2026,3,795,245,2026-01-12,2026-08-27,0.5755102040816327,0.4050314465408805,1.420902522499683,1.420902522499683,1.5043859649122808,1.5043859649122808,1.5043859649122808,29.074819405600966,67.00472775889902
t1930_frozen1830_cny_urgent_cap2,2026,5,785,245,2026-01-12,2026-08-25,0.5061224489795918,0.3401273885350318,1.488037911793931,1.4880379117939313,1.5176991150442478,1.5176991150442478,1.5176991150442478,32.01435641100958,74.65347848545807
t1930_frozen1830_cny_urgent_cap2,2026,10,760,240,2026-01-12,2026-08-18,0.425,0.29210526315789476,1.4549549549549547,1.454954954954955,1.534246575342466,1.534246575342466,1.534246575342466,33.187894901997545,94.4368569949337
t1930_frozen1830_cny_urgent_cap2,2026,20,710,225,2026-01-12,2026-08-04,0.3466666666666667,0.24647887323943662,1.4064761904761904,1.4064761904761904,1.5365853658536586,1.5365853658536586,1.5365853658536586,48.92138713088452,122.88481214933215
t1930_frozen1830_cny_urgent_cap2,AMD,1,656,188,2024-01-09,2026-08-31,0.776595744680851,0.524390243902439,1.4809500247402274,1.4809927810748185,1.3955461293743372,1.3955461293743372,1.3955461293743372,19.49120755904329,47.28710073457545
t1930_frozen1830_cny_urgent_cap2,AMD,3,654,187,2024-01-09,2026-08-27,0.5561497326203209,0.35932721712538224,1.5477528729093186,1.5492093328377372,1.3940362087326943,1.3940362087326943,1.3940362087326943,27.971557802439683,54.91486342326549
t1930_frozen1830_cny_urgent_cap2,AMD,5,652,187,2024-01-09,2026-08-25,0.4919786096256685,0.29754601226993865,1.6534538838965764,1.6568886189872252,1.3970117395944504,1.3970117395944504,1.3970117395944504,29.876459584371148,55.1434861328504
t1930_frozen1830_cny_urgent_cap2,AMD,10,647,186,2024-01-09,2026-08-18,0.3602150537634409,0.23338485316846985,1.5434380118208362,1.544535467302522,1.4,1.4,1.4,32.0524186657083,55.17547458580736
t1930_frozen1830_cny_urgent_cap2,AMD,20,637,183,2024-01-09,2026-08-04,0.26229508196721313,0.1726844583987441,1.5189269746646796,1.5125740125199212,1.398471615720524,1.398471615720524,1.398471615720524,36.89758386908697,54.187733974091586
t1930_frozen1830_cny_urgent_cap2,KGS,1,656,188,2024-01-09,2026-08-31,0.7712765957446809,0.4954268292682927,1.5567921440261867,1.5620559962990441,1.3955461293743372,1.3955461293743372,1.3955461293743372,20.372867047675424,46.62149569492171
t1930_frozen1830_cny_urgent_cap2,KGS,3,654,187,2024-01-09,2026-08-27,0.5561497326203209,0.3486238532110092,1.5952716014635517,1.6003914467638354,1.3940362087326943,1.3940362087326943,1.3940362087326943,28.80363611108772,52.15303575749716
t1930_frozen1830_cny_urgent_cap2,KGS,5,652,187,2024-01-09,2026-08-25,0.49732620320855614,0.2929447852760736,1.697678976397794,1.707099804146884,1.3970117395944504,1.3970117395944504,1.3970117395944504,30.95575354564697,51.34263590365762
t1930_frozen1830_cny_urgent_cap2,KGS,10,647,186,2024-01-09,2026-08-18,0.34946236559139787,0.22565687789799072,1.5486448666961263,1.5535676173211528,1.4,1.4,1.4,33.498355653814095,49.06405574870171
t1930_frozen1830_cny_urgent_cap2,KGS,20,637,183,2024-01-09,2026-08-04,0.25136612021857924,0.1664050235478807,1.5105680998041036,1.5075482873825032,1.398471615720524,1.398471615720524,1.398471615720524,38.013218199164385,41.63596908983966
t1930_frozen1830_cny_urgent_cap2,KZT,1,656,188,2024-01-09,2026-08-31,0.7446808510638298,0.5137195121951219,1.449586463791906,1.4440274577792307,1.3955461293743372,1.3955461293743372,1.3955461293743372,19.56627904445036,47.82540828194784
t1930_frozen1830_cny_urgent_cap2,KZT,3,654,187,2024-01-09,2026-08-27,0.5080213903743316,0.3302752293577982,1.5381758764111706,1.5311999125675324,1.3940362087326943,1.3940362087326943,1.3940362087326943,27.451842760907272,50.81404244938776
t1930_frozen1830_cny_urgent_cap2,KZT,5,652,187,2024-01-09,2026-08-25,0.41711229946524064,0.2668711656441718,1.5629725244329706,1.5518347111625388,1.3970117395944504,1.3970117395944504,1.3970117395944504,27.788639897432407,46.72224938862776
t1930_frozen1830_cny_urgent_cap2,KZT,10,647,186,2024-01-09,2026-08-18,0.3225806451612903,0.20401854714064915,1.5811339198435972,1.5604563473783293,1.4,1.4,1.4,29.805767532483017,42.40829137834662
t1930_frozen1830_cny_urgent_cap2,KZT,20,637,183,2024-01-09,2026-08-04,0.22950819672131148,0.14756671899529042,1.5552842692710152,1.5282468250074173,1.398471615720524,1.398471615720524,1.398471615720524,34.952777619125946,31.411351939448636
t1930_frozen1830_cny_urgent_cap2,TJS,1,656,188,2024-01-09,2026-08-31,0.7819148936170213,0.5259146341463414,1.4867715078630899,1.4881076554398618,1.3955461293743372,1.3955461293743372,1.3955461293743372,18.82320891251851,44.837064213564155
t1930_frozen1830_cny_urgent_cap2,TJS,3,654,187,2024-01-09,2026-08-27,0.5668449197860963,0.37767584097859325,1.5008768321461823,1.5022742960894953,1.3940362087326943,1.3940362087326943,1.3940362087326943,26.772579554881354,52.65749150254229
t1930_frozen1830_cny_urgent_cap2,TJS,5,652,187,2024-01-09,2026-08-25,0.5080213903743316,0.3205521472392638,1.584832280019446,1.5889424066898996,1.3970117395944504,1.3970117395944504,1.3970117395944504,28.53429720932604,53.838166846479034
t1930_frozen1830_cny_urgent_cap2,TJS,10,647,186,2024-01-09,2026-08-18,0.3924731182795699,0.2550231839258114,1.5389703486477682,1.5423927174116623,1.4,1.4,1.4,30.233515577183596,56.3770069835695
t1930_frozen1830_cny_urgent_cap2,TJS,20,637,183,2024-01-09,2026-08-04,0.28415300546448086,0.17739403453689168,1.6018182697422505,1.595114475802431,1.398471615720524,1.398471615720524,1.398471615720524,34.148931516839305,59.8693141492707
t1930_frozen1830_cny_urgent_cap2,UZS,1,656,188,2024-01-09,2026-08-31,0.7925531914893617,0.5213414634146342,1.5202189871842726,1.517520231371643,1.3955461293743372,1.3955461293743372,1.3955461293743372,20.69935011226788,49.368258600192966
t1930_frozen1830_cny_urgent_cap2,UZS,3,654,187,2024-01-09,2026-08-27,0.5454545454545454,0.3562691131498471,1.5310183378852906,1.52904789149919,1.3940362087326943,1.3940362087326943,1.3940362087326943,29.875252647280142,55.266130750196396
t1930_frozen1830_cny_urgent_cap2,UZS,5,652,187,2024-01-09,2026-08-25,0.49732620320855614,0.294478527607362,1.6888368983957218,1.6837296069638632,1.3970117395944504,1.3970117395944504,1.3970117395944504,32.144940506725135,54.647908094456284
t1930_frozen1830_cny_urgent_cap2,UZS,10,647,186,2024-01-09,2026-08-18,0.3548387096774194,0.22256568778979907,1.594310035842294,1.5843428570084974,1.4,1.4,1.4,35.24578773480924,53.81199122334372
t1930_frozen1830_cny_urgent_cap2,UZS,20,637,183,2024-01-09,2026-08-04,0.2677595628415301,0.16483516483516483,1.624408014571949,1.6037783582676493,1.398471615720524,1.398471615720524,1.398471615720524,40.64389662938463,47.43217705927919
t1930_frozen1830_cny_hist50_urgent_cap2,2024,1,1240,337,2024-01-09,2024-12-28,0.8160237388724035,0.5435483870967742,1.5012899646910687,1.5011776100019811,1.3290140845070422,1.3211267605633803,1.3408450704225352,13.243204068346506,43.361952329154136
t1930_frozen1830_cny_hist50_urgent_cap2,2024,3,1240,337,2024-01-09,2024-12-28,0.5905044510385756,0.3919354838709677,1.506636870962621,1.5064713064713062,1.3290140845070422,1.3211267605633803,1.3408450704225352,24.21797981513555,52.67442880732538
t1930_frozen1830_cny_hist50_urgent_cap2,2024,5,1240,337,2024-01-09,2024-12-28,0.5222551928783383,0.3379032258064516,1.5455762271339846,1.5453901713638294,1.3290140845070422,1.3211267605633803,1.3408450704225352,28.13382601147063,56.357025985626365
t1930_frozen1830_cny_hist50_urgent_cap2,2024,10,1240,337,2024-01-09,2024-12-28,0.39762611275964393,0.2693548387096774,1.4762167060537679,1.4759937819231623,1.3290140845070422,1.3211267605633803,1.3408450704225352,33.12193360709014,63.65243108006048
t1930_frozen1830_cny_hist50_urgent_cap2,2024,20,1240,337,2024-01-09,2024-12-28,0.29673590504451036,0.18870967741935485,1.5724466763042428,1.5720081135902635,1.3290140845070422,1.3211267605633803,1.3408450704225352,36.599628569061274,77.4249554934334
t1930_frozen1830_cny_hist50_urgent_cap2,2025,1,1235,334,2025-01-09,2025-12-30,0.7245508982035929,0.4631578947368421,1.5643712574850301,1.563495592581936,1.313483146067416,1.2780898876404496,1.356741573033708,24.083549729251104,46.5302141981724
t1930_frozen1830_cny_hist50_urgent_cap2,2025,3,1235,334,2025-01-09,2025-12-30,0.49700598802395207,0.28421052631578947,1.7487247726768684,1.7477408354646204,1.313483146067416,1.2780898876404496,1.356741573033708,37.80358016696513,49.62193407245108
t1930_frozen1830_cny_hist50_urgent_cap2,2025,5,1235,334,2025-01-09,2025-12-30,0.4251497005988024,0.22186234817813766,1.9162769351807334,1.9143106647745878,1.313483146067416,1.2780898876404496,1.356741573033708,39.345321886047,41.691897904736756
t1930_frozen1830_cny_hist50_urgent_cap2,2025,10,1235,334,2025-01-09,2025-12-30,0.25748502994011974,0.14736842105263157,1.7472198460222412,1.7448661080992278,1.313483146067416,1.2780898876404496,1.356741573033708,42.323117904841105,18.21943768922799
t1930_frozen1830_cny_hist50_urgent_cap2,2025,20,1235,334,2025-01-09,2025-12-30,0.16167664670658682,0.09635627530364373,1.6779046948120564,1.6760492586076903,1.313483146067416,1.2780898876404496,1.356741573033708,44.51672293461566,-26.39540063223926
t1930_frozen1830_cny_hist50_urgent_cap2,2026,1,805,242,2026-01-12,2026-08-31,0.7975206611570248,0.55527950310559,1.4362508551038142,1.4367024227852783,1.4603448275862068,1.4181034482758619,1.5086206896551724,22.55657303688123,57.23775720190021
t1930_frozen1830_cny_hist50_urgent_cap2,2026,3,795,237,2026-01-12,2026-08-27,0.569620253164557,0.4050314465408805,1.406360562937338,1.4061578774975434,1.455263157894737,1.4122807017543861,1.5043859649122808,27.518828433989277,61.3415057297585
t1930_frozen1830_cny_hist50_urgent_cap2,2026,5,785,237,2026-01-12,2026-08-25,0.5063291139240507,0.3401273885350318,1.4886455222111603,1.4881516587677726,1.4681415929203538,1.424778761061947,1.5176991150442478,32.485098373120806,71.46970243697832
t1930_frozen1830_cny_hist50_urgent_cap2,2026,10,760,232,2026-01-12,2026-08-18,0.4267241379310345,0.29210526315789476,1.4608574091332711,1.4609708737864076,1.4831050228310503,1.4383561643835616,1.534246575342466,37.49781906889608,91.40312081215507
t1930_frozen1830_cny_hist50_urgent_cap2,2026,20,710,220,2026-01-12,2026-08-04,0.35454545454545455,0.24647887323943662,1.4384415584415584,1.4397504224619784,1.502439024390244,1.4341463414634146,1.5707317073170732,66.18057454806072,130.83709682986122
t1930_frozen1830_cny_hist50_urgent_cap2,AMD,1,656,180,2024-01-09,2026-08-31,0.7833333333333333,0.524390243902439,1.493798449612403,1.4892564309574776,1.3361611876988335,1.3361611876988335,1.3361611876988335,17.849575361236305,46.080699326532724
t1930_frozen1830_cny_hist50_urgent_cap2,AMD,3,654,179,2024-01-09,2026-08-27,0.553072625698324,0.35932721712538224,1.5391893498157616,1.5317886934488432,1.334398296059638,1.334398296059638,1.334398296059638,28.648698332958087,54.66283969326847
t1930_frozen1830_cny_hist50_urgent_cap2,AMD,5,652,179,2024-01-09,2026-08-25,0.4972067039106145,0.29754601226993865,1.6710245925243332,1.6612155352300706,1.3372465314834578,1.3372465314834578,1.3372465314834578,32.3895138328212,57.544492278369205
t1930_frozen1830_cny_hist50_urgent_cap2,AMD,10,647,178,2024-01-09,2026-08-18,0.3651685393258427,0.23338485316846985,1.5646625492968227,1.5496157329407183,1.3397849462365592,1.3397849462365592,1.3397849462365592,36.60446516378745,59.21739143700072
t1930_frozen1830_cny_hist50_urgent_cap2,AMD,20,637,175,2024-01-09,2026-08-04,0.2742857142857143,0.1726844583987441,1.5883636363636364,1.564851126428036,1.3373362445414847,1.3373362445414847,1.3373362445414847,47.2107966937643,63.41849127497337
t1930_frozen1830_cny_hist50_urgent_cap2,KGS,1,656,181,2024-01-09,2026-08-31,0.7845303867403315,0.4954268292682927,1.5835444113897152,1.5830676455277806,1.3435843054082715,1.3435843054082715,1.3435843054082715,19.34641857691136,46.14990159564028
t1930_frozen1830_cny_hist50_urgent_cap2,KGS,3,654,180,2024-01-09,2026-08-27,0.5722222222222222,0.3486238532110092,1.6413742690058477,1.6366394226001042,1.34185303514377,1.34185303514377,1.34185303514377,29.412689430205102,51.82212313024421
t1930_frozen1830_cny_hist50_urgent_cap2,KGS,5,652,180,2024-01-09,2026-08-25,0.5055555555555555,0.2929447852760736,1.7257707969749856,1.7216995426363042,1.3447171824973319,1.3447171824973319,1.3447171824973319,32.15413479917508,52.547909567882584
t1930_frozen1830_cny_hist50_urgent_cap2,KGS,10,647,179,2024-01-09,2026-08-18,0.35195530726256985,0.22565687789799072,1.5596923547868677,1.550011828539595,1.3473118279569891,1.3473118279569891,1.3473118279569891,35.96386596323738,50.434661084726436
t1930_frozen1830_cny_hist50_urgent_cap2,KGS,20,637,177,2024-01-09,2026-08-04,0.2598870056497175,0.1664050235478807,1.5617737981025477,1.5414298185865674,1.3526200873362444,1.3526200873362444,1.3526200873362444,45.41454912972354,46.46490877309847
t1930_frozen1830_cny_hist50_urgent_cap2,KZT,1,656,183,2024-01-09,2026-08-31,0.7595628415300546,0.5137195121951219,1.4785555609605812,1.4753890634335867,1.3584305408271473,1.3584305408271473,1.3584305408271473,23.20424178814712,52.20404301855487
t1930_frozen1830_cny_hist50_urgent_cap2,KZT,3,654,182,2024-01-09,2026-08-27,0.532967032967033,0.3302752293577982,1.6137057387057385,1.6101113169030443,1.356762513312034,1.356762513312034,1.356762513312034,35.99574054108991,56.50388695749697
t1930_frozen1830_cny_hist50_urgent_cap2,KZT,5,652,182,2024-01-09,2026-08-25,0.43956043956043955,0.2668711656441718,1.6470885436402676,1.6403844700779653,1.35965848452508,1.35965848452508,1.35965848452508,40.78216425419447,55.948929135513524
t1930_frozen1830_cny_hist50_urgent_cap2,KZT,10,647,181,2024-01-09,2026-08-18,0.3370165745856354,0.20401854714064915,1.651891846643228,1.6387243563936114,1.3623655913978494,1.3623655913978494,1.3623655913978494,46.12633342835402,49.323120890517416
t1930_frozen1830_cny_hist50_urgent_cap2,KZT,20,637,179,2024-01-09,2026-08-04,0.24022346368715083,0.14756671899529042,1.6278973017948413,1.6043871336802487,1.3679039301310043,1.3679039301310043,1.3679039301310043,53.239602350752,35.26660513302336
t1930_frozen1830_cny_hist50_urgent_cap2,TJS,1,656,185,2024-01-09,2026-08-31,0.7783783783783784,0.5259146341463414,1.4800470035252646,1.4803072439996423,1.3732767762460232,1.3732767762460232,1.3732767762460232,18.60378264110949,47.93699040362424
t1930_frozen1830_cny_hist50_urgent_cap2,TJS,3,654,184,2024-01-09,2026-08-27,0.5652173913043478,0.37767584097859325,1.4965675057208239,1.4952929810703006,1.3716719914802982,1.3716719914802982,1.3716719914802982,27.85980097911144,53.17612138963699
t1930_frozen1830_cny_hist50_urgent_cap2,TJS,5,652,184,2024-01-09,2026-08-25,0.5,0.3205521472392638,1.5598086124401915,1.5612842825994973,1.374599786552828,1.374599786552828,1.374599786552828,30.452308044381503,55.55618368551394
t1930_frozen1830_cny_hist50_urgent_cap2,TJS,10,647,183,2024-01-09,2026-08-18,0.3879781420765027,0.2550231839258114,1.521344593475741,1.5200292180501844,1.3774193548387097,1.3774193548387097,1.3774193548387097,34.725073078020955,59.66906139651558
t1930_frozen1830_cny_hist50_urgent_cap2,TJS,20,637,181,2024-01-09,2026-08-04,0.281767955801105,0.17739403453689168,1.588373343763751,1.5750169428946799,1.3831877729257642,1.3831877729257642,1.3831877729257642,44.20932844914123,66.0978068338276
t1930_frozen1830_cny_hist50_urgent_cap2,UZS,1,656,184,2024-01-09,2026-08-31,0.782608695652174,0.5213414634146342,1.5011441647597255,1.4931660735059575,1.3658536585365852,1.3658536585365852,1.3658536585365852,19.363340718740375,48.56666062674764
t1930_frozen1830_cny_hist50_urgent_cap2,UZS,3,654,183,2024-01-09,2026-08-27,0.5300546448087432,0.3562691131498471,1.4877928656863435,1.475895967065052,1.3642172523961662,1.3642172523961662,1.3642172523961662,28.469880080061262,52.908202818160724
t1930_frozen1830_cny_hist50_urgent_cap2,UZS,5,652,183,2024-01-09,2026-08-25,0.46994535519125685,0.294478527607362,1.595856102003643,1.575746792116466,1.367129135538954,1.367129135538954,1.367129135538954,31.204149594966307,52.959564994847256
t1930_frozen1830_cny_hist50_urgent_cap2,UZS,10,647,182,2024-01-09,2026-08-18,0.3241758241758242,0.22256568778979907,1.4565399877899878,1.428140593906038,1.3698924731182796,1.3698924731182796,1.3698924731182796,34.83970054619026,51.2431998016722
t1930_frozen1830_cny_hist50_urgent_cap2,UZS,20,637,179,2024-01-09,2026-08-04,0.24581005586592178,0.16483516483516483,1.4912476722532588,1.4517044023531231,1.3679039301310043,1.3679039301310043,1.3679039301310043,44.303602240556664,47.270152575395926
t1930_frozen1830_cny_hazard50_urgent_cap2,2024,1,1240,328,2024-01-09,2024-12-28,0.7987804878048781,0.5435483870967742,1.469566476080191,1.4695465339816807,1.2935211267605635,1.2619718309859154,1.3211267605633803,15.994569243778033,43.097004220464854
t1930_frozen1830_cny_hazard50_urgent_cap2,2024,3,1240,328,2024-01-09,2024-12-28,0.5914634146341463,0.3919354838709677,1.509083609354612,1.5092066877881989,1.2935211267605635,1.2619718309859154,1.3211267605633803,29.105837150043758,55.4788858887265
t1930_frozen1830_cny_hazard50_urgent_cap2,2024,5,1240,328,2024-01-09,2024-12-28,0.5304878048780488,0.3379032258064516,1.5699400430758486,1.5701342648182515,1.2935211267605635,1.2619718309859154,1.3211267605633803,34.13113770984143,60.17168691054811
t1930_frozen1830_cny_hazard50_urgent_cap2,2024,10,1240,328,2024-01-09,2024-12-28,0.4115853658536585,0.2693548387096774,1.5280414780195706,1.5278601743257427,1.2935211267605635,1.2619718309859154,1.3211267605633803,40.905642442716605,70.4363604913832
t1930_frozen1830_cny_hazard50_urgent_cap2,2024,20,1240,328,2024-01-09,2024-12-28,0.29573170731707316,0.18870967741935485,1.5671252866374816,1.566655812438945,1.2935211267605635,1.2619718309859154,1.3211267605633803,44.09844851383282,82.05153810653309
t1930_frozen1830_cny_hazard50_urgent_cap2,2025,1,1235,342,2025-01-09,2025-12-30,0.6929824561403509,0.4631578947368421,1.4962121212121213,1.4952108502975656,1.3449438202247193,1.2977528089887642,1.3960674157303372,24.409296690537932,42.71779686808003
t1930_frozen1830_cny_hazard50_urgent_cap2,2025,3,1235,342,2025-01-09,2025-12-30,0.4649122807017544,0.28421052631578947,1.6358024691358024,1.6327693011266786,1.3449438202247193,1.2977528089887642,1.3960674157303372,38.09289808208202,48.76601124203089
t1930_frozen1830_cny_hazard50_urgent_cap2,2025,5,1235,342,2025-01-09,2025-12-30,0.4064327485380117,0.22186234817813766,1.8319140308191402,1.8268064275832714,1.3449438202247193,1.2977528089887642,1.3960674157303372,40.33047109234218,41.28545007940025
t1930_frozen1830_cny_hazard50_urgent_cap2,2025,10,1235,342,2025-01-09,2025-12-30,0.25146198830409355,0.14736842105263157,1.7063492063492065,1.7000400160064024,1.3449438202247193,1.2977528089887642,1.3960674157303372,44.904278446556766,17.98716124674668
t1930_frozen1830_cny_hazard50_urgent_cap2,2025,20,1235,342,2025-01-09,2025-12-30,0.15789473684210525,0.09635627530364373,1.638655462184874,1.6295662797800854,1.3449438202247193,1.2977528089887642,1.3960674157303372,47.625507969727025,-24.988940102014055
t1930_frozen1830_cny_hazard50_urgent_cap2,2026,1,805,238,2026-01-12,2026-08-31,0.8151260504201681,0.55527950310559,1.4679563100407949,1.4674873144145837,1.436206896551724,1.3879310344827585,1.4784482758620687,23.536326251507283,58.27596469494878
t1930_frozen1830_cny_hazard50_urgent_cap2,2026,3,795,233,2026-01-12,2026-08-27,0.575107296137339,0.4050314465408805,1.4199077653080263,1.4195482710373775,1.430701754385965,1.3815789473684212,1.473684210526316,30.194895596703294,64.17217868026553
t1930_frozen1830_cny_hazard50_urgent_cap2,2026,5,785,233,2026-01-12,2026-08-25,0.51931330472103,0.3401273885350318,1.526820015752841,1.5256183745583036,1.443362831858407,1.3938053097345133,1.4867256637168142,34.646897282409874,73.09653970786052
t1930_frozen1830_cny_hazard50_urgent_cap2,2026,10,760,228,2026-01-12,2026-08-18,0.44298245614035087,0.29210526315789476,1.5165165165165164,1.5154985192497532,1.4575342465753427,1.406392694063927,1.5022831050228311,41.04159629758233,94.45715894226018
t1930_frozen1830_cny_hazard50_urgent_cap2,2026,20,710,218,2026-01-12,2026-08-04,0.37155963302752293,0.24647887323943662,1.5074705111402358,1.5056944626259983,1.488780487804878,1.4341463414634146,1.5365853658536586,68.28353752114324,135.98060093131326
t1930_frozen1830_cny_hazard50_urgent_cap2,AMD,1,656,183,2024-01-09,2026-08-31,0.7377049180327869,0.524390243902439,1.4067861227601983,1.4052623710359726,1.3584305408271473,1.3584305408271473,1.3584305408271473,18.691073336244926,42.24184453517692
t1930_frozen1830_cny_hazard50_urgent_cap2,AMD,3,654,182,2024-01-09,2026-08-27,0.521978021978022,0.35932721712538224,1.4526537292494741,1.450918089854025,1.356762513312034,1.356762513312034,1.356762513312034,30.104573396848856,51.773994734012064
t1930_frozen1830_cny_hazard50_urgent_cap2,AMD,5,652,182,2024-01-09,2026-08-25,0.46703296703296704,0.29754601226993865,1.56961595105925,1.568049590078056,1.35965848452508,1.35965848452508,1.35965848452508,34.583840249126524,54.461387824502495
t1930_frozen1830_cny_hazard50_urgent_cap2,AMD,10,647,181,2024-01-09,2026-08-18,0.34806629834254144,0.23338485316846985,1.491383410778969,1.4867010354554302,1.3623655913978494,1.3623655913978494,1.3623655913978494,40.58965474217702,56.419253851384546
t1930_frozen1830_cny_hazard50_urgent_cap2,AMD,20,637,179,2024-01-09,2026-08-04,0.25139664804469275,0.1726844583987441,1.4558151345860844,1.4413699254120054,1.3679039301310043,1.3679039301310043,1.3679039301310043,48.255819773464935,56.620709560035515
t1930_frozen1830_cny_hazard50_urgent_cap2,KGS,1,656,181,2024-01-09,2026-08-31,0.7734806629834254,0.4954268292682927,1.5612409689757756,1.5654959389724206,1.3435843054082715,1.3435843054082715,1.3435843054082715,21.204461340246297,46.937723679295324
t1930_frozen1830_cny_hazard50_urgent_cap2,KGS,3,654,180,2024-01-09,2026-08-27,0.5555555555555556,0.3486238532110092,1.5935672514619883,1.597103575465398,1.34185303514377,1.34185303514377,1.34185303514377,32.68435663099136,56.03805268277895
t1930_frozen1830_cny_hazard50_urgent_cap2,KGS,5,652,180,2024-01-09,2026-08-25,0.5,0.2929447852760736,1.7068062827225132,1.7139720104669316,1.3447171824973319,1.3447171824973319,1.3447171824973319,35.5672533295117,55.72666498381805
t1930_frozen1830_cny_hazard50_urgent_cap2,KGS,10,647,179,2024-01-09,2026-08-18,0.3575418994413408,0.22565687789799072,1.5844493762914214,1.5871697987933022,1.3473118279569891,1.3473118279569891,1.3473118279569891,41.476400115482214,54.237387338919724
t1930_frozen1830_cny_hazard50_urgent_cap2,KGS,20,637,177,2024-01-09,2026-08-04,0.2542372881355932,0.1664050235478807,1.5278221937959704,1.5202083640086521,1.3526200873362444,1.3526200873362444,1.3526200873362444,50.058770865481726,48.212355533748536
t1930_frozen1830_cny_hazard50_urgent_cap2,KZT,1,656,179,2024-01-09,2026-08-31,0.7374301675977654,0.5137195121951219,1.4354723737214663,1.429938781875265,1.3287380699893954,1.3287380699893954,1.3287380699893954,22.72752702961248,49.9094343977479
t1930_frozen1830_cny_hazard50_urgent_cap2,KZT,3,654,178,2024-01-09,2026-08-27,0.5224719101123596,0.3302752293577982,1.5819288389513109,1.5733914798437514,1.326943556975506,1.326943556975506,1.326943556975506,35.1233423265451,54.796601253223365
t1930_frozen1830_cny_hazard50_urgent_cap2,KZT,5,652,178,2024-01-09,2026-08-25,0.43820224719101125,0.2668711656441718,1.6419992251065478,1.6286778943120257,1.3297758804695838,1.3297758804695838,1.3297758804695838,39.45219366682931,54.075237797056126
t1930_frozen1830_cny_hazard50_urgent_cap2,KZT,10,647,177,2024-01-09,2026-08-18,0.3502824858757062,0.20401854714064915,1.716914911830166,1.6926124646970553,1.332258064516129,1.332258064516129,1.332258064516129,46.421554002966396,50.14655159913609
t1930_frozen1830_cny_hazard50_urgent_cap2,KZT,20,637,175,2024-01-09,2026-08-04,0.2571428571428571,0.14756671899529042,1.7425531914893615,1.7026324387467744,1.3373362445414847,1.3373362445414847,1.3373362445414847,56.84333876825952,39.89907568380426
t1930_frozen1830_cny_hazard50_urgent_cap2,TJS,1,656,183,2024-01-09,2026-08-31,0.7759562841530054,0.5259146341463414,1.47544151421557,1.4772741035881318,1.3584305408271473,1.3584305408271473,1.3584305408271473,20.31319372175393,45.92956846942848
t1930_frozen1830_cny_hazard50_urgent_cap2,TJS,3,654,182,2024-01-09,2026-08-27,0.5714285714285714,0.37767584097859325,1.5130133024869867,1.5167531098164628,1.356762513312034,1.356762513312034,1.356762513312034,31.64564541513552,55.22994628676193
t1930_frozen1830_cny_hazard50_urgent_cap2,TJS,5,652,182,2024-01-09,2026-08-25,0.5164835164835165,0.3205521472392638,1.6112308743887693,1.616245762024966,1.35965848452508,1.35965848452508,1.35965848452508,35.45396986138309,59.33171440840241
t1930_frozen1830_cny_hazard50_urgent_cap2,TJS,10,647,181,2024-01-09,2026-08-18,0.39226519337016574,0.2550231839258114,1.5381550309727106,1.5449641322796694,1.3623655913978494,1.3623655913978494,1.3623655913978494,40.4800485167914,64.0317393198413
t1930_frozen1830_cny_hazard50_urgent_cap2,TJS,20,637,179,2024-01-09,2026-08-04,0.2849162011173184,0.17739403453689168,1.6061205319622287,1.6058375554917106,1.3679039301310043,1.3679039301310043,1.3679039301310043,49.21569704984748,71.05931328222577
t1930_frozen1830_cny_hazard50_urgent_cap2,UZS,1,656,182,2024-01-09,2026-08-31,0.7912087912087912,0.5213414634146342,1.5176402544823597,1.5148249247156627,1.3510074231177094,1.3510074231177094,1.3510074231177094,22.81224239276317,49.72581421759086
t1930_frozen1830_cny_hazard50_urgent_cap2,UZS,3,654,181,2024-01-09,2026-08-27,0.5248618784530387,0.3562691131498471,1.4732174614089584,1.4715789001979818,1.349307774227902,1.349307774227902,1.349307774227902,34.454240065379246,58.07627777361265
t1930_frozen1830_cny_hazard50_urgent_cap2,UZS,5,652,181,2024-01-09,2026-08-25,0.48066298342541436,0.294478527607362,1.6322513812154695,1.6276418336360434,1.3521878335112059,1.3521878335112059,1.3521878335112059,38.062341641381465,58.1264881458245
t1930_frozen1830_cny_hazard50_urgent_cap2,UZS,10,647,180,2024-01-09,2026-08-18,0.34444444444444444,0.22256568778979907,1.547608024691358,1.5382296154417863,1.3548387096774193,1.3548387096774193,1.3548387096774193,43.429394092847645,57.80503275383765
t1930_frozen1830_cny_hazard50_urgent_cap2,UZS,20,637,178,2024-01-09,2026-08-04,0.25842696629213485,0.16483516483516483,1.5677902621722848,1.5416347839960043,1.3602620087336244,1.3602620087336244,1.3602620087336244,52.711448195418136,54.15622878750746
cny50_hazard_hist_h5_urgent_cap2,2024,1,1240,328,2024-01-09,2024-12-28,0.7987804878048781,0.5435483870967742,1.469566476080191,1.4695465339816807,1.2935211267605635,1.2619718309859154,1.3211267605633803,15.994569243778033,43.097004220464854
cny50_hazard_hist_h5_urgent_cap2,2024,3,1240,328,2024-01-09,2024-12-28,0.5914634146341463,0.3919354838709677,1.509083609354612,1.5092066877881989,1.2935211267605635,1.2619718309859154,1.3211267605633803,29.105837150043758,55.4788858887265
cny50_hazard_hist_h5_urgent_cap2,2024,5,1240,328,2024-01-09,2024-12-28,0.5304878048780488,0.3379032258064516,1.5699400430758486,1.5701342648182515,1.2935211267605635,1.2619718309859154,1.3211267605633803,34.13113770984143,60.17168691054811
cny50_hazard_hist_h5_urgent_cap2,2024,10,1240,328,2024-01-09,2024-12-28,0.4115853658536585,0.2693548387096774,1.5280414780195706,1.5278601743257427,1.2935211267605635,1.2619718309859154,1.3211267605633803,40.905642442716605,70.4363604913832
cny50_hazard_hist_h5_urgent_cap2,2024,20,1240,328,2024-01-09,2024-12-28,0.29573170731707316,0.18870967741935485,1.5671252866374816,1.566655812438945,1.2935211267605635,1.2619718309859154,1.3211267605633803,44.09844851383282,82.05153810653309
cny50_hazard_hist_h5_urgent_cap2,2025,1,1235,342,2025-01-09,2025-12-30,0.6929824561403509,0.4631578947368421,1.4962121212121213,1.4952108502975656,1.3449438202247193,1.2977528089887642,1.3960674157303372,24.409296690537932,42.71779686808003
cny50_hazard_hist_h5_urgent_cap2,2025,3,1235,342,2025-01-09,2025-12-30,0.4649122807017544,0.28421052631578947,1.6358024691358024,1.6327693011266786,1.3449438202247193,1.2977528089887642,1.3960674157303372,38.09289808208202,48.76601124203089
cny50_hazard_hist_h5_urgent_cap2,2025,5,1235,342,2025-01-09,2025-12-30,0.4064327485380117,0.22186234817813766,1.8319140308191402,1.8268064275832714,1.3449438202247193,1.2977528089887642,1.3960674157303372,40.33047109234218,41.28545007940025
cny50_hazard_hist_h5_urgent_cap2,2025,10,1235,342,2025-01-09,2025-12-30,0.25146198830409355,0.14736842105263157,1.7063492063492065,1.7000400160064024,1.3449438202247193,1.2977528089887642,1.3960674157303372,44.904278446556766,17.98716124674668
cny50_hazard_hist_h5_urgent_cap2,2025,20,1235,342,2025-01-09,2025-12-30,0.15789473684210525,0.09635627530364373,1.638655462184874,1.6295662797800854,1.3449438202247193,1.2977528089887642,1.3960674157303372,47.625507969727025,-24.988940102014055
cny50_hazard_hist_h5_urgent_cap2,2026,1,805,238,2026-01-12,2026-08-31,0.8151260504201681,0.55527950310559,1.4679563100407949,1.4674873144145837,1.436206896551724,1.3879310344827585,1.4784482758620687,23.536326251507283,58.27596469494878
cny50_hazard_hist_h5_urgent_cap2,2026,3,795,233,2026-01-12,2026-08-27,0.575107296137339,0.4050314465408805,1.4199077653080263,1.4195482710373775,1.430701754385965,1.3815789473684212,1.473684210526316,30.194895596703294,64.17217868026553
cny50_hazard_hist_h5_urgent_cap2,2026,5,785,233,2026-01-12,2026-08-25,0.51931330472103,0.3401273885350318,1.526820015752841,1.5256183745583036,1.443362831858407,1.3938053097345133,1.4867256637168142,34.646897282409874,73.09653970786052
cny50_hazard_hist_h5_urgent_cap2,2026,10,760,228,2026-01-12,2026-08-18,0.44298245614035087,0.29210526315789476,1.5165165165165164,1.5154985192497532,1.4575342465753427,1.406392694063927,1.5022831050228311,41.04159629758233,94.45715894226018
cny50_hazard_hist_h5_urgent_cap2,2026,20,710,218,2026-01-12,2026-08-04,0.37155963302752293,0.24647887323943662,1.5074705111402358,1.5056944626259983,1.488780487804878,1.4341463414634146,1.5365853658536586,68.28353752114324,135.98060093131326
cny50_hazard_hist_h5_urgent_cap2,AMD,1,656,183,2024-01-09,2026-08-31,0.7377049180327869,0.524390243902439,1.4067861227601983,1.4052623710359726,1.3584305408271473,1.3584305408271473,1.3584305408271473,18.691073336244926,42.24184453517692
cny50_hazard_hist_h5_urgent_cap2,AMD,3,654,182,2024-01-09,2026-08-27,0.521978021978022,0.35932721712538224,1.4526537292494741,1.450918089854025,1.356762513312034,1.356762513312034,1.356762513312034,30.104573396848856,51.773994734012064
cny50_hazard_hist_h5_urgent_cap2,AMD,5,652,182,2024-01-09,2026-08-25,0.46703296703296704,0.29754601226993865,1.56961595105925,1.568049590078056,1.35965848452508,1.35965848452508,1.35965848452508,34.583840249126524,54.461387824502495
cny50_hazard_hist_h5_urgent_cap2,AMD,10,647,181,2024-01-09,2026-08-18,0.34806629834254144,0.23338485316846985,1.491383410778969,1.4867010354554302,1.3623655913978494,1.3623655913978494,1.3623655913978494,40.58965474217702,56.419253851384546
cny50_hazard_hist_h5_urgent_cap2,AMD,20,637,179,2024-01-09,2026-08-04,0.25139664804469275,0.1726844583987441,1.4558151345860844,1.4413699254120054,1.3679039301310043,1.3679039301310043,1.3679039301310043,48.255819773464935,56.620709560035515
cny50_hazard_hist_h5_urgent_cap2,KGS,1,656,181,2024-01-09,2026-08-31,0.7734806629834254,0.4954268292682927,1.5612409689757756,1.5654959389724206,1.3435843054082715,1.3435843054082715,1.3435843054082715,21.204461340246297,46.937723679295324
cny50_hazard_hist_h5_urgent_cap2,KGS,3,654,180,2024-01-09,2026-08-27,0.5555555555555556,0.3486238532110092,1.5935672514619883,1.597103575465398,1.34185303514377,1.34185303514377,1.34185303514377,32.68435663099136,56.03805268277895
cny50_hazard_hist_h5_urgent_cap2,KGS,5,652,180,2024-01-09,2026-08-25,0.5,0.2929447852760736,1.7068062827225132,1.7139720104669316,1.3447171824973319,1.3447171824973319,1.3447171824973319,35.5672533295117,55.72666498381805
cny50_hazard_hist_h5_urgent_cap2,KGS,10,647,179,2024-01-09,2026-08-18,0.3575418994413408,0.22565687789799072,1.5844493762914214,1.5871697987933022,1.3473118279569891,1.3473118279569891,1.3473118279569891,41.476400115482214,54.237387338919724
cny50_hazard_hist_h5_urgent_cap2,KGS,20,637,177,2024-01-09,2026-08-04,0.2542372881355932,0.1664050235478807,1.5278221937959704,1.5202083640086521,1.3526200873362444,1.3526200873362444,1.3526200873362444,50.058770865481726,48.212355533748536
cny50_hazard_hist_h5_urgent_cap2,KZT,1,656,179,2024-01-09,2026-08-31,0.7374301675977654,0.5137195121951219,1.4354723737214663,1.429938781875265,1.3287380699893954,1.3287380699893954,1.3287380699893954,22.72752702961248,49.9094343977479
cny50_hazard_hist_h5_urgent_cap2,KZT,3,654,178,2024-01-09,2026-08-27,0.5224719101123596,0.3302752293577982,1.5819288389513109,1.5733914798437514,1.326943556975506,1.326943556975506,1.326943556975506,35.1233423265451,54.796601253223365
cny50_hazard_hist_h5_urgent_cap2,KZT,5,652,178,2024-01-09,2026-08-25,0.43820224719101125,0.2668711656441718,1.6419992251065478,1.6286778943120257,1.3297758804695838,1.3297758804695838,1.3297758804695838,39.45219366682931,54.075237797056126
cny50_hazard_hist_h5_urgent_cap2,KZT,10,647,177,2024-01-09,2026-08-18,0.3502824858757062,0.20401854714064915,1.716914911830166,1.6926124646970553,1.332258064516129,1.332258064516129,1.332258064516129,46.421554002966396,50.14655159913609
cny50_hazard_hist_h5_urgent_cap2,KZT,20,637,175,2024-01-09,2026-08-04,0.2571428571428571,0.14756671899529042,1.7425531914893615,1.7026324387467744,1.3373362445414847,1.3373362445414847,1.3373362445414847,56.84333876825952,39.89907568380426
cny50_hazard_hist_h5_urgent_cap2,TJS,1,656,183,2024-01-09,2026-08-31,0.7759562841530054,0.5259146341463414,1.47544151421557,1.4772741035881318,1.3584305408271473,1.3584305408271473,1.3584305408271473,20.31319372175393,45.92956846942848
cny50_hazard_hist_h5_urgent_cap2,TJS,3,654,182,2024-01-09,2026-08-27,0.5714285714285714,0.37767584097859325,1.5130133024869867,1.5167531098164628,1.356762513312034,1.356762513312034,1.356762513312034,31.64564541513552,55.22994628676193
cny50_hazard_hist_h5_urgent_cap2,TJS,5,652,182,2024-01-09,2026-08-25,0.5164835164835165,0.3205521472392638,1.6112308743887693,1.616245762024966,1.35965848452508,1.35965848452508,1.35965848452508,35.45396986138309,59.33171440840241
cny50_hazard_hist_h5_urgent_cap2,TJS,10,647,181,2024-01-09,2026-08-18,0.39226519337016574,0.2550231839258114,1.5381550309727106,1.5449641322796694,1.3623655913978494,1.3623655913978494,1.3623655913978494,40.4800485167914,64.0317393198413
cny50_hazard_hist_h5_urgent_cap2,TJS,20,637,179,2024-01-09,2026-08-04,0.2849162011173184,0.17739403453689168,1.6061205319622287,1.6058375554917106,1.3679039301310043,1.3679039301310043,1.3679039301310043,49.21569704984748,71.05931328222577
cny50_hazard_hist_h5_urgent_cap2,UZS,1,656,182,2024-01-09,2026-08-31,0.7912087912087912,0.5213414634146342,1.5176402544823597,1.5148249247156627,1.3510074231177094,1.3510074231177094,1.3510074231177094,22.81224239276317,49.72581421759086
cny50_hazard_hist_h5_urgent_cap2,UZS,3,654,181,2024-01-09,2026-08-27,0.5248618784530387,0.3562691131498471,1.4732174614089584,1.4715789001979818,1.349307774227902,1.349307774227902,1.349307774227902,34.454240065379246,58.07627777361265
cny50_hazard_hist_h5_urgent_cap2,UZS,5,652,181,2024-01-09,2026-08-25,0.48066298342541436,0.294478527607362,1.6322513812154695,1.6276418336360434,1.3521878335112059,1.3521878335112059,1.3521878335112059,38.062341641381465,58.1264881458245
cny50_hazard_hist_h5_urgent_cap2,UZS,10,647,180,2024-01-09,2026-08-18,0.34444444444444444,0.22256568778979907,1.547608024691358,1.5382296154417863,1.3548387096774193,1.3548387096774193,1.3548387096774193,43.429394092847645,57.80503275383765
cny50_hazard_hist_h5_urgent_cap2,UZS,20,637,178,2024-01-09,2026-08-04,0.25842696629213485,0.16483516483516483,1.5677902621722848,1.5416347839960043,1.3602620087336244,1.3602620087336244,1.3602620087336244,52.711448195418136,54.15622878750746
