candidate,h,control,lift_lo,lift_hi,delta_lo,delta_hi,draws,block
cny50_hazard_hist_h5_urgent_cap2,1,cny50_hazard_hist_h5_urgent_cap2,1.395941078370218,1.5591394039566833,0.0,0.0,1000,"20 announcement dates, circular, all currencies together"
cny50_hazard_hist_h5_urgent_cap2,3,cny50_hazard_hist_h5_urgent_cap2,1.3996483021205044,1.6509720159022865,0.0,0.0,1000,"20 announcement dates, circular, all currencies together"
cny50_hazard_hist_h5_urgent_cap2,5,cny50_hazard_hist_h5_urgent_cap2,1.4792803143496882,1.796702299913417,0.0,0.0,1000,"20 announcement dates, circular, all currencies together"
cny50_hazard_hist_h5_urgent_cap2,10,cny50_hazard_hist_h5_urgent_cap2,1.4192472652132941,1.7308138510541233,0.0,0.0,1000,"20 announcement dates, circular, all currencies together"
cny50_hazard_hist_h5_urgent_cap2,20,cny50_hazard_hist_h5_urgent_cap2,1.4011210106684928,1.7586698078265852,0.0,0.0,1000,"20 announcement dates, circular, all currencies together"
cny50_hazard_hist_h5_urgent_cap2,mean,cny50_hazard_hist_h5_urgent_cap2,,,0.0,0.0,1000,
cny_hist50_urgent_cap2,1,cny50_hazard_hist_h5_urgent_cap2,1.4182728133597347,1.592598140733228,-0.005323118334732539,0.05734639642658656,1000,"20 announcement dates, circular, all currencies together"
cny_hist50_urgent_cap2,3,cny50_hazard_hist_h5_urgent_cap2,1.419670458556884,1.6949225726362802,-0.013249820682626224,0.07149540168521451,1000,"20 announcement dates, circular, all currencies together"
cny_hist50_urgent_cap2,5,cny50_hazard_hist_h5_urgent_cap2,1.4772817926103536,1.799485993768069,-0.05049782604784474,0.04617236539501214,1000,"20 announcement dates, circular, all currencies together"
cny_hist50_urgent_cap2,10,cny50_hazard_hist_h5_urgent_cap2,1.3929318910627069,1.69610335211759,-0.10233855292906352,0.03249603861311292,1000,"20 announcement dates, circular, all currencies together"
cny_hist50_urgent_cap2,20,cny50_hazard_hist_h5_urgent_cap2,1.3959664270987215,1.7119552411467946,-0.1170730014496313,0.06297848074453602,1000,"20 announcement dates, circular, all currencies together"
cny_hist50_urgent_cap2,mean,cny50_hazard_hist_h5_urgent_cap2,,,-0.05019678989420095,0.045277819264575775,1000,
quarter_direct_full20_h5_urgent_cap2,1,cny50_hazard_hist_h5_urgent_cap2,1.3848611334983494,1.5583646909984836,-0.06568978615940453,0.04711583825470287,1000,"20 announcement dates, circular, all currencies together"
quarter_direct_full20_h5_urgent_cap2,3,cny50_hazard_hist_h5_urgent_cap2,1.4105527785881025,1.676358508682962,-0.06928990946577405,0.0916827203550356,1000,"20 announcement dates, circular, all currencies together"
quarter_direct_full20_h5_urgent_cap2,5,cny50_hazard_hist_h5_urgent_cap2,1.5095916186049787,1.8243494983156312,-0.07781663903420179,0.11154890528007991,1000,"20 announcement dates, circular, all currencies together"
quarter_direct_full20_h5_urgent_cap2,10,cny50_hazard_hist_h5_urgent_cap2,1.435617824724597,1.7608111017352435,-0.08478442950263382,0.12501446353702167,1000,"20 announcement dates, circular, all currencies together"
quarter_direct_full20_h5_urgent_cap2,20,cny50_hazard_hist_h5_urgent_cap2,1.4370469554631153,1.8063748251355596,-0.11023124927494032,0.18377237026483162,1000,"20 announcement dates, circular, all currencies together"
quarter_direct_full20_h5_urgent_cap2,mean,cny50_hazard_hist_h5_urgent_cap2,,,-0.07183862241735135,0.10015885858672427,1000,
cny50_quarter_direct_full20_urgent_cap2,1,cny50_hazard_hist_h5_urgent_cap2,1.4182728133597347,1.592598140733228,-0.005323118334732539,0.05734639642658656,1000,"20 announcement dates, circular, all currencies together"
cny50_quarter_direct_full20_urgent_cap2,3,cny50_hazard_hist_h5_urgent_cap2,1.419670458556884,1.6949225726362802,-0.013249820682626224,0.07149540168521451,1000,"20 announcement dates, circular, all currencies together"
cny50_quarter_direct_full20_urgent_cap2,5,cny50_hazard_hist_h5_urgent_cap2,1.4772817926103536,1.799485993768069,-0.05049782604784474,0.04617236539501214,1000,"20 announcement dates, circular, all currencies together"
cny50_quarter_direct_full20_urgent_cap2,10,cny50_hazard_hist_h5_urgent_cap2,1.3929318910627069,1.69610335211759,-0.10233855292906352,0.03249603861311292,1000,"20 announcement dates, circular, all currencies together"
cny50_quarter_direct_full20_urgent_cap2,20,cny50_hazard_hist_h5_urgent_cap2,1.3959664270987215,1.7119552411467946,-0.1170730014496313,0.06297848074453602,1000,"20 announcement dates, circular, all currencies together"
cny50_quarter_direct_full20_urgent_cap2,mean,cny50_hazard_hist_h5_urgent_cap2,,,-0.05019678989420095,0.045277819264575775,1000,
quarter_direct_mature5_h5_urgent_cap2,1,cny50_hazard_hist_h5_urgent_cap2,1.3796155938163952,1.5382421116657996,-0.0671094302779313,0.02543487785084912,1000,"20 announcement dates, circular, all currencies together"
quarter_direct_mature5_h5_urgent_cap2,3,cny50_hazard_hist_h5_urgent_cap2,1.38624725092947,1.6307117492154601,-0.08776455115327612,0.047868509172405455,1000,"20 announcement dates, circular, all currencies together"
quarter_direct_mature5_h5_urgent_cap2,5,cny50_hazard_hist_h5_urgent_cap2,1.4613781144141427,1.7590955354455158,-0.12865505415896963,0.049535695621560544,1000,"20 announcement dates, circular, all currencies together"
quarter_direct_mature5_h5_urgent_cap2,10,cny50_hazard_hist_h5_urgent_cap2,1.387070219014529,1.7225860983356545,-0.10817150148659067,0.07256800981344379,1000,"20 announcement dates, circular, all currencies together"
quarter_direct_mature5_h5_urgent_cap2,20,cny50_hazard_hist_h5_urgent_cap2,1.4031024839926909,1.7777641471314536,-0.09868343647129019,0.1337325019850053,1000,"20 announcement dates, circular, all currencies together"
quarter_direct_mature5_h5_urgent_cap2,mean,cny50_hazard_hist_h5_urgent_cap2,,,-0.08003921596857079,0.05042690908519225,1000,
cny50_quarter_direct_mature5_urgent_cap2,1,cny50_hazard_hist_h5_urgent_cap2,1.3939716867279301,1.5728154784862027,-0.02919943082494969,0.03789700548293005,1000,"20 announcement dates, circular, all currencies together"
cny50_quarter_direct_mature5_urgent_cap2,3,cny50_hazard_hist_h5_urgent_cap2,1.384785663579625,1.645083310571205,-0.05864469437964177,0.03738733109963383,1000,"20 announcement dates, circular, all currencies together"
cny50_quarter_direct_mature5_urgent_cap2,5,cny50_hazard_hist_h5_urgent_cap2,1.4762576812805226,1.7819623685347357,-0.05655038952885187,0.04080846249433436,1000,"20 announcement dates, circular, all currencies together"
cny50_quarter_direct_mature5_urgent_cap2,10,cny50_hazard_hist_h5_urgent_cap2,1.4086669113925079,1.7249005010030634,-0.07399724941619377,0.051531755662148654,1000,"20 announcement dates, circular, all currencies together"
cny50_quarter_direct_mature5_urgent_cap2,20,cny50_hazard_hist_h5_urgent_cap2,1.3968937498491947,1.7485441380779456,-0.07682367894112867,0.0661238103324981,1000,"20 announcement dates, circular, all currencies together"
cny50_quarter_direct_mature5_urgent_cap2,mean,cny50_hazard_hist_h5_urgent_cap2,,,-0.05098432426275338,0.041883812762454446,1000,
quarter_coarse_full20_h5_urgent_cap2,1,cny50_hazard_hist_h5_urgent_cap2,1.3660121089598583,1.5377083743094837,-0.08228609297048523,0.02499790986934312,1000,"20 announcement dates, circular, all currencies together"
quarter_coarse_full20_h5_urgent_cap2,3,cny50_hazard_hist_h5_urgent_cap2,1.3922560476644816,1.6537687809896993,-0.08329595225257314,0.07166771003474058,1000,"20 announcement dates, circular, all currencies together"
quarter_coarse_full20_h5_urgent_cap2,5,cny50_hazard_hist_h5_urgent_cap2,1.4653650703178567,1.7824200668875878,-0.11306260669318764,0.06100634528203795,1000,"20 announcement dates, circular, all currencies together"
quarter_coarse_full20_h5_urgent_cap2,10,cny50_hazard_hist_h5_urgent_cap2,1.4238525409753842,1.7614043880620793,-0.09247944855608625,0.09600741801933728,1000,"20 announcement dates, circular, all currencies together"
quarter_coarse_full20_h5_urgent_cap2,20,cny50_hazard_hist_h5_urgent_cap2,1.4013442154662443,1.7858438779636798,-0.13052178112938326,0.15589829860058266,1000,"20 announcement dates, circular, all currencies together"
quarter_coarse_full20_h5_urgent_cap2,mean,cny50_hazard_hist_h5_urgent_cap2,,,-0.094942438789232,0.06874060421262554,1000,
quarter_coarse_full20_mean_urgent_cap2,1,cny50_hazard_hist_h5_urgent_cap2,1.3758972412347703,1.5447948279625061,-0.06706972078315596,0.023270702852350954,1000,"20 announcement dates, circular, all currencies together"
quarter_coarse_full20_mean_urgent_cap2,3,cny50_hazard_hist_h5_urgent_cap2,1.3914506664681758,1.6482665814552087,-0.07007204968007726,0.057196791783173974,1000,"20 announcement dates, circular, all currencies together"
quarter_coarse_full20_mean_urgent_cap2,5,cny50_hazard_hist_h5_urgent_cap2,1.4821471683490743,1.7866620569121732,-0.0890572012903424,0.0471181930321132,1000,"20 announcement dates, circular, all currencies together"
quarter_coarse_full20_mean_urgent_cap2,10,cny50_hazard_hist_h5_urgent_cap2,1.4097552106185798,1.739079004784328,-0.10191101831095653,0.07471203642659054,1000,"20 announcement dates, circular, all currencies together"
quarter_coarse_full20_mean_urgent_cap2,20,cny50_hazard_hist_h5_urgent_cap2,1.3704718389311423,1.746251156459389,-0.1538172040828664,0.10715315096533794,1000,"20 announcement dates, circular, all currencies together"
quarter_coarse_full20_mean_urgent_cap2,mean,cny50_hazard_hist_h5_urgent_cap2,,,-0.08520067456376626,0.05289718950912949,1000,
cny50_quarter_coarse_full20_urgent_cap2,1,cny50_hazard_hist_h5_urgent_cap2,1.395941078370218,1.5591394039566833,0.0,0.0,1000,"20 announcement dates, circular, all currencies together"
cny50_quarter_coarse_full20_urgent_cap2,3,cny50_hazard_hist_h5_urgent_cap2,1.3996483021205044,1.6509720159022865,0.0,0.0,1000,"20 announcement dates, circular, all currencies together"
cny50_quarter_coarse_full20_urgent_cap2,5,cny50_hazard_hist_h5_urgent_cap2,1.4792803143496882,1.796702299913417,0.0,0.0,1000,"20 announcement dates, circular, all currencies together"
cny50_quarter_coarse_full20_urgent_cap2,10,cny50_hazard_hist_h5_urgent_cap2,1.4192472652132941,1.7308138510541233,0.0,0.0,1000,"20 announcement dates, circular, all currencies together"
cny50_quarter_coarse_full20_urgent_cap2,20,cny50_hazard_hist_h5_urgent_cap2,1.4011210106684928,1.7586698078265852,0.0,0.0,1000,"20 announcement dates, circular, all currencies together"
cny50_quarter_coarse_full20_urgent_cap2,mean,cny50_hazard_hist_h5_urgent_cap2,,,0.0,0.0,1000,
quarter_coarse_partial_h5_urgent_cap2,1,cny50_hazard_hist_h5_urgent_cap2,1.3797065649127442,1.5555076414709763,-0.05805706780011121,0.0382385479306707,1000,"20 announcement dates, circular, all currencies together"
quarter_coarse_partial_h5_urgent_cap2,3,cny50_hazard_hist_h5_urgent_cap2,1.4079789709837216,1.672561320639318,-0.0725392088700878,0.08751109521128742,1000,"20 announcement dates, circular, all currencies together"
quarter_coarse_partial_h5_urgent_cap2,5,cny50_hazard_hist_h5_urgent_cap2,1.4752405042535788,1.7861956194649866,-0.10397672289645458,0.06778515230110349,1000,"20 announcement dates, circular, all currencies together"
quarter_coarse_partial_h5_urgent_cap2,10,cny50_hazard_hist_h5_urgent_cap2,1.4289087030886771,1.763715738302806,-0.09525585194817462,0.10886112446236677,1000,"20 announcement dates, circular, all currencies together"
quarter_coarse_partial_h5_urgent_cap2,20,cny50_hazard_hist_h5_urgent_cap2,1.4359942162206383,1.7962400965933043,-0.10557986605919371,0.1682967906481712,1000,"20 announcement dates, circular, all currencies together"
quarter_coarse_partial_h5_urgent_cap2,mean,cny50_hazard_hist_h5_urgent_cap2,,,-0.0760314700672576,0.08219505508348762,1000,
quarter_coarse_partial_mean_urgent_cap2,1,cny50_hazard_hist_h5_urgent_cap2,1.3742075369651232,1.544595302781802,-0.06455145562241624,0.01991373653470055,1000,"20 announcement dates, circular, all currencies together"
quarter_coarse_partial_mean_urgent_cap2,3,cny50_hazard_hist_h5_urgent_cap2,1.4193349076669917,1.6746368424314078,-0.05412487312179007,0.080574177122704,1000,"20 announcement dates, circular, all currencies together"
quarter_coarse_partial_mean_urgent_cap2,5,cny50_hazard_hist_h5_urgent_cap2,1.4834678893266533,1.7953321471923893,-0.07958954343596779,0.06637008981939212,1000,"20 announcement dates, circular, all currencies together"
quarter_coarse_partial_mean_urgent_cap2,10,cny50_hazard_hist_h5_urgent_cap2,1.4256459557917174,1.7486431215809755,-0.08299474596598372,0.08666736037502447,1000,"20 announcement dates, circular, all currencies together"
quarter_coarse_partial_mean_urgent_cap2,20,cny50_hazard_hist_h5_urgent_cap2,1.4191397471832434,1.7635862781666407,-0.1088432194731727,0.13334333502482895,1000,"20 announcement dates, circular, all currencies together"
quarter_coarse_partial_mean_urgent_cap2,mean,cny50_hazard_hist_h5_urgent_cap2,,,-0.06367948119941709,0.06618946301419767,1000,
cny50_quarter_coarse_partial_urgent_cap2,1,cny50_hazard_hist_h5_urgent_cap2,1.388058076650329,1.547082580040443,-0.034786296978108464,0.01535457891320122,1000,"20 announcement dates, circular, all currencies together"
cny50_quarter_coarse_partial_urgent_cap2,3,cny50_hazard_hist_h5_urgent_cap2,1.3923842635869768,1.648352622756579,-0.05198879411155234,0.02137711381439087,1000,"20 announcement dates, circular, all currencies together"
cny50_quarter_coarse_partial_urgent_cap2,5,cny50_hazard_hist_h5_urgent_cap2,1.482996689015643,1.800227600207341,-0.045729421126916865,0.041008022605384276,1000,"20 announcement dates, circular, all currencies together"
cny50_quarter_coarse_partial_urgent_cap2,10,cny50_hazard_hist_h5_urgent_cap2,1.4327783988138012,1.7506963795201034,-0.04728810566494449,0.05789636003364709,1000,"20 announcement dates, circular, all currencies together"
cny50_quarter_coarse_partial_urgent_cap2,20,cny50_hazard_hist_h5_urgent_cap2,1.4247769385851106,1.7517001559051204,-0.06378696304379115,0.0753037328296221,1000,"20 announcement dates, circular, all currencies together"
cny50_quarter_coarse_partial_urgent_cap2,mean,cny50_hazard_hist_h5_urgent_cap2,,,-0.043452824516754376,0.0395832217864893,1000,
quarter_fine_full20_h5_urgent_cap2,1,cny50_hazard_hist_h5_urgent_cap2,1.3858099383444924,1.5659754611559924,-0.044229341954928544,0.03944347631987758,1000,"20 announcement dates, circular, all currencies together"
quarter_fine_full20_h5_urgent_cap2,3,cny50_hazard_hist_h5_urgent_cap2,1.3952435961117324,1.669195920647974,-0.07799611878130265,0.07848146838387798,1000,"20 announcement dates, circular, all currencies together"
quarter_fine_full20_h5_urgent_cap2,5,cny50_hazard_hist_h5_urgent_cap2,1.4885816149872002,1.8082819535721846,-0.08005044444417106,0.0772119191932991,1000,"20 announcement dates, circular, all currencies together"
quarter_fine_full20_h5_urgent_cap2,10,cny50_hazard_hist_h5_urgent_cap2,1.442453540727822,1.7428931241632892,-0.07394959940451445,0.10122372265356358,1000,"20 announcement dates, circular, all currencies together"
quarter_fine_full20_h5_urgent_cap2,20,cny50_hazard_hist_h5_urgent_cap2,1.372976738579947,1.731745888771671,-0.14106164689314243,0.10787188290148655,1000,"20 announcement dates, circular, all currencies together"
quarter_fine_full20_h5_urgent_cap2,mean,cny50_hazard_hist_h5_urgent_cap2,,,-0.06771197835298512,0.06535332450068009,1000,
quarter_fine_full20_mean_urgent_cap2,1,cny50_hazard_hist_h5_urgent_cap2,1.3954122380081708,1.5741503797523198,-0.03230852597207422,0.04478315545038309,1000,"20 announcement dates, circular, all currencies together"
quarter_fine_full20_mean_urgent_cap2,3,cny50_hazard_hist_h5_urgent_cap2,1.4041508439616996,1.6757393968794654,-0.06637213193702336,0.0884646554968408,1000,"20 announcement dates, circular, all currencies together"
quarter_fine_full20_mean_urgent_cap2,5,cny50_hazard_hist_h5_urgent_cap2,1.495675952498733,1.8151929939474636,-0.06406694547526035,0.08338061998963002,1000,"20 announcement dates, circular, all currencies together"
quarter_fine_full20_mean_urgent_cap2,10,cny50_hazard_hist_h5_urgent_cap2,1.4538259520803576,1.734855211083243,-0.07590881126486924,0.10007722333460219,1000,"20 announcement dates, circular, all currencies together"
quarter_fine_full20_mean_urgent_cap2,20,cny50_hazard_hist_h5_urgent_cap2,1.384882047098966,1.7100310907500478,-0.15951611878618374,0.0942421368913755,1000,"20 announcement dates, circular, all currencies together"
quarter_fine_full20_mean_urgent_cap2,mean,cny50_hazard_hist_h5_urgent_cap2,,,-0.0617628508345047,0.07034276592099724,1000,
cny50_quarter_fine_full20_urgent_cap2,1,cny50_hazard_hist_h5_urgent_cap2,1.3921467473530478,1.5642011377886145,-0.029188823233050297,0.027398964569073748,1000,"20 announcement dates, circular, all currencies together"
cny50_quarter_fine_full20_urgent_cap2,3,cny50_hazard_hist_h5_urgent_cap2,1.3846316852220344,1.655233071041467,-0.051764045495501,0.028460656891356198,1000,"20 announcement dates, circular, all currencies together"
cny50_quarter_fine_full20_urgent_cap2,5,cny50_hazard_hist_h5_urgent_cap2,1.4683677739281327,1.7805625478154945,-0.06582453013209068,0.027324598052937153,1000,"20 announcement dates, circular, all currencies together"
cny50_quarter_fine_full20_urgent_cap2,10,cny50_hazard_hist_h5_urgent_cap2,1.4267255934772995,1.7205398945973003,-0.06193128759032554,0.0505398171864457,1000,"20 announcement dates, circular, all currencies together"
cny50_quarter_fine_full20_urgent_cap2,20,cny50_hazard_hist_h5_urgent_cap2,1.4321045225157119,1.7340052851984118,-0.06818087691120997,0.07383748857338213,1000,"20 announcement dates, circular, all currencies together"
cny50_quarter_fine_full20_urgent_cap2,mean,cny50_hazard_hist_h5_urgent_cap2,,,-0.04863550677378196,0.03513972842627157,1000,
quarter_fine_partial_h5_urgent_cap2,1,cny50_hazard_hist_h5_urgent_cap2,1.3843765225989773,1.5600545176161036,-0.05302564378844983,0.03738042860758995,1000,"20 announcement dates, circular, all currencies together"
quarter_fine_partial_h5_urgent_cap2,3,cny50_hazard_hist_h5_urgent_cap2,1.4244774322679816,1.6762919395809155,-0.050528569255890006,0.09638802918992712,1000,"20 announcement dates, circular, all currencies together"
quarter_fine_partial_h5_urgent_cap2,5,cny50_hazard_hist_h5_urgent_cap2,1.4906648573379602,1.7926094361487257,-0.08821105929761928,0.08497484776785577,1000,"20 announcement dates, circular, all currencies together"
quarter_fine_partial_h5_urgent_cap2,10,cny50_hazard_hist_h5_urgent_cap2,1.4355039872897208,1.7413280624564114,-0.09530472821366517,0.10307232547097854,1000,"20 announcement dates, circular, all currencies together"
quarter_fine_partial_h5_urgent_cap2,20,cny50_hazard_hist_h5_urgent_cap2,1.382516983257268,1.7401329437213264,-0.15539514967337828,0.1306608551010042,1000,"20 announcement dates, circular, all currencies together"
quarter_fine_partial_h5_urgent_cap2,mean,cny50_hazard_hist_h5_urgent_cap2,,,-0.07642101269525617,0.07825057577441191,1000,
quarter_fine_partial_mean_urgent_cap2,1,cny50_hazard_hist_h5_urgent_cap2,1.3932747853337957,1.5650354302812433,-0.05218613898694158,0.04413004371620814,1000,"20 announcement dates, circular, all currencies together"
quarter_fine_partial_mean_urgent_cap2,3,cny50_hazard_hist_h5_urgent_cap2,1.4278609010931849,1.6874564987967022,-0.03797993397211571,0.09662232165439126,1000,"20 announcement dates, circular, all currencies together"
quarter_fine_partial_mean_urgent_cap2,5,cny50_hazard_hist_h5_urgent_cap2,1.5007026527977505,1.8103198006029966,-0.07881855868431911,0.09547786855068027,1000,"20 announcement dates, circular, all currencies together"
quarter_fine_partial_mean_urgent_cap2,10,cny50_hazard_hist_h5_urgent_cap2,1.4443634693547003,1.7528465914506643,-0.07453505401650183,0.112894415580034,1000,"20 announcement dates, circular, all currencies together"
quarter_fine_partial_mean_urgent_cap2,20,cny50_hazard_hist_h5_urgent_cap2,1.4265985417990683,1.7744660735770108,-0.1199678924828696,0.15888010456450502,1000,"20 announcement dates, circular, all currencies together"
quarter_fine_partial_mean_urgent_cap2,mean,cny50_hazard_hist_h5_urgent_cap2,,,-0.06031284115519296,0.09206423071639147,1000,
cny50_quarter_fine_partial_urgent_cap2,1,cny50_hazard_hist_h5_urgent_cap2,1.4164428411327568,1.5794008238831854,-0.004280621750826685,0.046513570539229616,1000,"20 announcement dates, circular, all currencies together"
cny50_quarter_fine_partial_urgent_cap2,3,cny50_hazard_hist_h5_urgent_cap2,1.4181286467253358,1.6656667135512577,-0.03139641645508163,0.0465457250170793,1000,"20 announcement dates, circular, all currencies together"
cny50_quarter_fine_partial_urgent_cap2,5,cny50_hazard_hist_h5_urgent_cap2,1.4918899111730861,1.7838573689073842,-0.04955669598880344,0.04480050221263458,1000,"20 announcement dates, circular, all currencies together"
cny50_quarter_fine_partial_urgent_cap2,10,cny50_hazard_hist_h5_urgent_cap2,1.4576944813270438,1.7361230682590576,-0.03386033291457426,0.07401451304058665,1000,"20 announcement dates, circular, all currencies together"
cny50_quarter_fine_partial_urgent_cap2,20,cny50_hazard_hist_h5_urgent_cap2,1.4455269459242064,1.7504739409140708,-0.05770590087502585,0.09036013875194221,1000,"20 announcement dates, circular, all currencies together"
cny50_quarter_fine_partial_urgent_cap2,mean,cny50_hazard_hist_h5_urgent_cap2,,,-0.02589579570433931,0.05165448576887561,1000,
month_direct_full20_h5_urgent_cap2,1,cny50_hazard_hist_h5_urgent_cap2,1.3775314533491996,1.5565805559160704,-0.07707317820368084,0.04991952828904192,1000,"20 announcement dates, circular, all currencies together"
month_direct_full20_h5_urgent_cap2,3,cny50_hazard_hist_h5_urgent_cap2,1.397250567096383,1.6458245670582667,-0.07980537942887483,0.069385148189616,1000,"20 announcement dates, circular, all currencies together"
month_direct_full20_h5_urgent_cap2,5,cny50_hazard_hist_h5_urgent_cap2,1.4877471563418543,1.7840370054247516,-0.10099058628698646,0.0862973377770581,1000,"20 announcement dates, circular, all currencies together"
month_direct_full20_h5_urgent_cap2,10,cny50_hazard_hist_h5_urgent_cap2,1.4127974979398004,1.7344753406050688,-0.10568798204867655,0.09881272876811997,1000,"20 announcement dates, circular, all currencies together"
month_direct_full20_h5_urgent_cap2,20,cny50_hazard_hist_h5_urgent_cap2,1.404618199944886,1.7547300225239781,-0.12665538669882825,0.1379239536892562,1000,"20 announcement dates, circular, all currencies together"
month_direct_full20_h5_urgent_cap2,mean,cny50_hazard_hist_h5_urgent_cap2,,,-0.08296048951297683,0.07902975634682043,1000,
cny50_month_direct_full20_urgent_cap2,1,cny50_hazard_hist_h5_urgent_cap2,1.4122137091330855,1.5852051879597109,-0.014156787415172806,0.049293707473101286,1000,"20 announcement dates, circular, all currencies together"
cny50_month_direct_full20_urgent_cap2,3,cny50_hazard_hist_h5_urgent_cap2,1.4031661296225575,1.6657678017535458,-0.034972979372065574,0.048517158422070224,1000,"20 announcement dates, circular, all currencies together"
cny50_month_direct_full20_urgent_cap2,5,cny50_hazard_hist_h5_urgent_cap2,1.4994565186474271,1.8114111482513622,-0.0400599445431768,0.06420343315934142,1000,"20 announcement dates, circular, all currencies together"
cny50_month_direct_full20_urgent_cap2,10,cny50_hazard_hist_h5_urgent_cap2,1.4264946787932988,1.7453978220461235,-0.0655382693087475,0.07193206876216837,1000,"20 announcement dates, circular, all currencies together"
cny50_month_direct_full20_urgent_cap2,20,cny50_hazard_hist_h5_urgent_cap2,1.440386275401839,1.7660290445699474,-0.05235150300751759,0.09574808974206958,1000,"20 announcement dates, circular, all currencies together"
cny50_month_direct_full20_urgent_cap2,mean,cny50_hazard_hist_h5_urgent_cap2,,,-0.03286826523689331,0.05686387213949813,1000,
month_direct_mature5_h5_urgent_cap2,1,cny50_hazard_hist_h5_urgent_cap2,1.3664158464011331,1.5462682475285403,-0.08820375581032504,0.03772409670179934,1000,"20 announcement dates, circular, all currencies together"
month_direct_mature5_h5_urgent_cap2,3,cny50_hazard_hist_h5_urgent_cap2,1.3683665854699907,1.597433753239438,-0.13456396815627394,0.033674608022523214,1000,"20 announcement dates, circular, all currencies together"
month_direct_mature5_h5_urgent_cap2,5,cny50_hazard_hist_h5_urgent_cap2,1.4642566741105725,1.7653932766811056,-0.14068989060644496,0.06272695891558414,1000,"20 announcement dates, circular, all currencies together"
month_direct_mature5_h5_urgent_cap2,10,cny50_hazard_hist_h5_urgent_cap2,1.4012416906217984,1.7086629664452138,-0.1415692812271378,0.07910400143739843,1000,"20 announcement dates, circular, all currencies together"
month_direct_mature5_h5_urgent_cap2,20,cny50_hazard_hist_h5_urgent_cap2,1.3888765942934524,1.7289647945133222,-0.1613257410394061,0.12290292791088787,1000,"20 announcement dates, circular, all currencies together"
month_direct_mature5_h5_urgent_cap2,mean,cny50_hazard_hist_h5_urgent_cap2,,,-0.11699379433885708,0.055070985915195,1000,
cny50_month_direct_mature5_urgent_cap2,1,cny50_hazard_hist_h5_urgent_cap2,1.3972208322589412,1.5634189027797698,-0.037704682727818094,0.03940825303485678,1000,"20 announcement dates, circular, all currencies together"
cny50_month_direct_mature5_urgent_cap2,3,cny50_hazard_hist_h5_urgent_cap2,1.362116180826016,1.5910782680963953,-0.11004188815586351,0.010929163438653352,1000,"20 announcement dates, circular, all currencies together"
cny50_month_direct_mature5_urgent_cap2,5,cny50_hazard_hist_h5_urgent_cap2,1.4650397363739343,1.7524713367969253,-0.09099255861918833,0.023013804795286148,1000,"20 announcement dates, circular, all currencies together"
cny50_month_direct_mature5_urgent_cap2,10,cny50_hazard_hist_h5_urgent_cap2,1.3841652156092914,1.6855896459621116,-0.10562866247734629,0.024168853752451612,1000,"20 announcement dates, circular, all currencies together"
cny50_month_direct_mature5_urgent_cap2,20,cny50_hazard_hist_h5_urgent_cap2,1.3681196977220191,1.6924325231354076,-0.12265786404217256,0.02904006404468238,1000,"20 announcement dates, circular, all currencies together"
cny50_month_direct_mature5_urgent_cap2,mean,cny50_hazard_hist_h5_urgent_cap2,,,-0.0816422425786339,0.016431733414961264,1000,
month_coarse_full20_h5_urgent_cap2,1,cny50_hazard_hist_h5_urgent_cap2,1.359220433820209,1.5056013601178848,-0.09660840915761806,0.007318460866718089,1000,"20 announcement dates, circular, all currencies together"
month_coarse_full20_h5_urgent_cap2,3,cny50_hazard_hist_h5_urgent_cap2,1.4017031974509886,1.633113484007234,-0.07680103190360084,0.04277558037167752,1000,"20 announcement dates, circular, all currencies together"
month_coarse_full20_h5_urgent_cap2,5,cny50_hazard_hist_h5_urgent_cap2,1.473744051121177,1.7680895334179203,-0.10458160462040111,0.041163263858876635,1000,"20 announcement dates, circular, all currencies together"
month_coarse_full20_h5_urgent_cap2,10,cny50_hazard_hist_h5_urgent_cap2,1.3940587931659227,1.738092295943494,-0.11748232514478642,0.06751788877530206,1000,"20 announcement dates, circular, all currencies together"
month_coarse_full20_h5_urgent_cap2,20,cny50_hazard_hist_h5_urgent_cap2,1.4107654217218444,1.78928991025069,-0.1076000513051197,0.1417715004261007,1000,"20 announcement dates, circular, all currencies together"
month_coarse_full20_h5_urgent_cap2,mean,cny50_hazard_hist_h5_urgent_cap2,,,-0.09504497185339741,0.047234858645086523,1000,
month_coarse_full20_mean_urgent_cap2,1,cny50_hazard_hist_h5_urgent_cap2,1.3785249502575725,1.5273733011899024,-0.06944805999194914,0.018595038299016677,1000,"20 announcement dates, circular, all currencies together"
month_coarse_full20_mean_urgent_cap2,3,cny50_hazard_hist_h5_urgent_cap2,1.3783166499266837,1.6187467744861892,-0.08560810350279595,0.023796670221372874,1000,"20 announcement dates, circular, all currencies together"
month_coarse_full20_mean_urgent_cap2,5,cny50_hazard_hist_h5_urgent_cap2,1.4621407453932438,1.7666824510160646,-0.10956959892916153,0.026400955202382913,1000,"20 announcement dates, circular, all currencies together"
month_coarse_full20_mean_urgent_cap2,10,cny50_hazard_hist_h5_urgent_cap2,1.3863665860741163,1.7094087826243984,-0.1332501251807125,0.04432181296398093,1000,"20 announcement dates, circular, all currencies together"
month_coarse_full20_mean_urgent_cap2,20,cny50_hazard_hist_h5_urgent_cap2,1.3862167212414174,1.7284512151230338,-0.15055136831410956,0.09278458090559025,1000,"20 announcement dates, circular, all currencies together"
month_coarse_full20_mean_urgent_cap2,mean,cny50_hazard_hist_h5_urgent_cap2,,,-0.10484109179081255,0.03075224416765618,1000,
cny50_month_coarse_full20_urgent_cap2,1,cny50_hazard_hist_h5_urgent_cap2,1.4043785229743322,1.560607132926343,-0.032462230378929764,0.04955763141053974,1000,"20 announcement dates, circular, all currencies together"
cny50_month_coarse_full20_urgent_cap2,3,cny50_hazard_hist_h5_urgent_cap2,1.391576340794584,1.6475011954983263,-0.04250760461428436,0.03300438975143443,1000,"20 announcement dates, circular, all currencies together"
cny50_month_coarse_full20_urgent_cap2,5,cny50_hazard_hist_h5_urgent_cap2,1.470452827880386,1.796978425028092,-0.041327933136631495,0.0376578114198991,1000,"20 announcement dates, circular, all currencies together"
cny50_month_coarse_full20_urgent_cap2,10,cny50_hazard_hist_h5_urgent_cap2,1.4004922345031894,1.733061707089751,-0.06781388144325765,0.03486604274522731,1000,"20 announcement dates, circular, all currencies together"
cny50_month_coarse_full20_urgent_cap2,20,cny50_hazard_hist_h5_urgent_cap2,1.4058008004409113,1.7496905730390602,-0.04881925236114455,0.0609412189620973,1000,"20 announcement dates, circular, all currencies together"
cny50_month_coarse_full20_urgent_cap2,mean,cny50_hazard_hist_h5_urgent_cap2,,,-0.03970132573802458,0.03461829956387194,1000,
month_coarse_partial_h5_urgent_cap2,1,cny50_hazard_hist_h5_urgent_cap2,1.380761039828807,1.5539467967562468,-0.06679261785880022,0.0414120177222308,1000,"20 announcement dates, circular, all currencies together"
month_coarse_partial_h5_urgent_cap2,3,cny50_hazard_hist_h5_urgent_cap2,1.4070688219605627,1.6766075292834106,-0.05483173114729332,0.09633534075885453,1000,"20 announcement dates, circular, all currencies together"
month_coarse_partial_h5_urgent_cap2,5,cny50_hazard_hist_h5_urgent_cap2,1.4887497741303075,1.8302195270507413,-0.07056744177901073,0.09793933808699248,1000,"20 announcement dates, circular, all currencies together"
month_coarse_partial_h5_urgent_cap2,10,cny50_hazard_hist_h5_urgent_cap2,1.429225693070313,1.7765111360854204,-0.07337807427115954,0.135213228799129,1000,"20 announcement dates, circular, all currencies together"
month_coarse_partial_h5_urgent_cap2,20,cny50_hazard_hist_h5_urgent_cap2,1.4544526912777938,1.8287792776745428,-0.056043859009549786,0.19929180969700405,1000,"20 announcement dates, circular, all currencies together"
month_coarse_partial_h5_urgent_cap2,mean,cny50_hazard_hist_h5_urgent_cap2,,,-0.05541407302255886,0.10444797525553134,1000,
month_coarse_partial_mean_urgent_cap2,1,cny50_hazard_hist_h5_urgent_cap2,1.3700689024379555,1.5500039518044513,-0.0716750559475314,0.03522839709159107,1000,"20 announcement dates, circular, all currencies together"
month_coarse_partial_mean_urgent_cap2,3,cny50_hazard_hist_h5_urgent_cap2,1.4059195430655602,1.6813759961375472,-0.06344649723312665,0.09639553464693677,1000,"20 announcement dates, circular, all currencies together"
month_coarse_partial_mean_urgent_cap2,5,cny50_hazard_hist_h5_urgent_cap2,1.493384828638268,1.8354725892322916,-0.07792188473478781,0.10726827308609266,1000,"20 announcement dates, circular, all currencies together"
month_coarse_partial_mean_urgent_cap2,10,cny50_hazard_hist_h5_urgent_cap2,1.4407790212607405,1.7839844228276973,-0.08102342124288624,0.14281107653115394,1000,"20 announcement dates, circular, all currencies together"
month_coarse_partial_mean_urgent_cap2,20,cny50_hazard_hist_h5_urgent_cap2,1.4450624175994284,1.8275292694223424,-0.08919533297507318,0.18532243033964127,1000,"20 announcement dates, circular, all currencies together"
month_coarse_partial_mean_urgent_cap2,mean,cny50_hazard_hist_h5_urgent_cap2,,,-0.0715226408389261,0.10722425864271413,1000,
cny50_month_coarse_partial_urgent_cap2,1,cny50_hazard_hist_h5_urgent_cap2,1.3825375755791298,1.5374100575005478,-0.049545678973857255,0.012706549552377303,1000,"20 announcement dates, circular, all currencies together"
cny50_month_coarse_partial_urgent_cap2,3,cny50_hazard_hist_h5_urgent_cap2,1.3769123425396204,1.634360720370966,-0.08099469237304771,0.01893706861780392,1000,"20 announcement dates, circular, all currencies together"
cny50_month_coarse_partial_urgent_cap2,5,cny50_hazard_hist_h5_urgent_cap2,1.4677008517000294,1.7819760173640458,-0.06658051358737095,0.03841717061445998,1000,"20 announcement dates, circular, all currencies together"
cny50_month_coarse_partial_urgent_cap2,10,cny50_hazard_hist_h5_urgent_cap2,1.3967371333507859,1.7074604342300392,-0.08824217001814272,0.034011415515421355,1000,"20 announcement dates, circular, all currencies together"
cny50_month_coarse_partial_urgent_cap2,20,cny50_hazard_hist_h5_urgent_cap2,1.385441965995917,1.7199283568708608,-0.10796872986520731,0.05582022718035593,1000,"20 announcement dates, circular, all currencies together"
cny50_month_coarse_partial_urgent_cap2,mean,cny50_hazard_hist_h5_urgent_cap2,,,-0.07154495854813679,0.02476835053023831,1000,
month_fine_full20_h5_urgent_cap2,1,cny50_hazard_hist_h5_urgent_cap2,1.4010725921930818,1.5884293363065645,-0.03370682931792302,0.0640130197502452,1000,"20 announcement dates, circular, all currencies together"
month_fine_full20_h5_urgent_cap2,3,cny50_hazard_hist_h5_urgent_cap2,1.4277562946742186,1.7110244862150936,-0.033547541344150125,0.11214683800620753,1000,"20 announcement dates, circular, all currencies together"
month_fine_full20_h5_urgent_cap2,5,cny50_hazard_hist_h5_urgent_cap2,1.495080707809435,1.821920872651067,-0.06798857702631896,0.09733951897865305,1000,"20 announcement dates, circular, all currencies together"
month_fine_full20_h5_urgent_cap2,10,cny50_hazard_hist_h5_urgent_cap2,1.432823989627003,1.7299441470120243,-0.0817897205683702,0.08665411174473689,1000,"20 announcement dates, circular, all currencies together"
month_fine_full20_h5_urgent_cap2,20,cny50_hazard_hist_h5_urgent_cap2,1.3884493423682331,1.719694330472906,-0.14811264567623256,0.11125208936231068,1000,"20 announcement dates, circular, all currencies together"
month_fine_full20_h5_urgent_cap2,mean,cny50_hazard_hist_h5_urgent_cap2,,,-0.05946965744880786,0.07898895062873516,1000,
month_fine_full20_mean_urgent_cap2,1,cny50_hazard_hist_h5_urgent_cap2,1.3914580725789534,1.5794453076652213,-0.037598037084979954,0.048292014727102484,1000,"20 announcement dates, circular, all currencies together"
month_fine_full20_mean_urgent_cap2,3,cny50_hazard_hist_h5_urgent_cap2,1.4364885373296243,1.7048985055256285,-0.02309973729969195,0.10346655102220072,1000,"20 announcement dates, circular, all currencies together"
month_fine_full20_mean_urgent_cap2,5,cny50_hazard_hist_h5_urgent_cap2,1.5099841574118054,1.816304955515297,-0.05481063960627956,0.09081905794487917,1000,"20 announcement dates, circular, all currencies together"
month_fine_full20_mean_urgent_cap2,10,cny50_hazard_hist_h5_urgent_cap2,1.4160292192199835,1.7108887830745747,-0.09959938174936644,0.06691261185402357,1000,"20 announcement dates, circular, all currencies together"
month_fine_full20_mean_urgent_cap2,20,cny50_hazard_hist_h5_urgent_cap2,1.391144782247503,1.7199018676900388,-0.1566000004390028,0.10129310578224378,1000,"20 announcement dates, circular, all currencies together"
month_fine_full20_mean_urgent_cap2,mean,cny50_hazard_hist_h5_urgent_cap2,,,-0.0586044984667768,0.06933759730283455,1000,
cny50_month_fine_full20_urgent_cap2,1,cny50_hazard_hist_h5_urgent_cap2,1.4026146758947804,1.5681481722506476,-0.019961691417318416,0.03693554861815686,1000,"20 announcement dates, circular, all currencies together"
cny50_month_fine_full20_urgent_cap2,3,cny50_hazard_hist_h5_urgent_cap2,1.4157769723354492,1.6827239872905928,-0.014939021117678414,0.0569215483076935,1000,"20 announcement dates, circular, all currencies together"
cny50_month_fine_full20_urgent_cap2,5,cny50_hazard_hist_h5_urgent_cap2,1.4783991418855438,1.784845901139083,-0.05048264504203748,0.036226844554066745,1000,"20 announcement dates, circular, all currencies together"
cny50_month_fine_full20_urgent_cap2,10,cny50_hazard_hist_h5_urgent_cap2,1.4184437473410536,1.7170606138821176,-0.06191118253389103,0.03631073525761637,1000,"20 announcement dates, circular, all currencies together"
cny50_month_fine_full20_urgent_cap2,20,cny50_hazard_hist_h5_urgent_cap2,1.4057597635695827,1.7260732262201728,-0.08531382316838175,0.048846689855346605,1000,"20 announcement dates, circular, all currencies together"
cny50_month_fine_full20_urgent_cap2,mean,cny50_hazard_hist_h5_urgent_cap2,,,-0.037683826415031985,0.03505007965383628,1000,
month_fine_partial_h5_urgent_cap2,1,cny50_hazard_hist_h5_urgent_cap2,1.3830802787438872,1.563158479102694,-0.05765712864202985,0.041591416505969925,1000,"20 announcement dates, circular, all currencies together"
month_fine_partial_h5_urgent_cap2,3,cny50_hazard_hist_h5_urgent_cap2,1.4286287760268939,1.7105686095243662,-0.03537717942003785,0.12192276946798725,1000,"20 announcement dates, circular, all currencies together"
month_fine_partial_h5_urgent_cap2,5,cny50_hazard_hist_h5_urgent_cap2,1.5132933225798662,1.847761800386101,-0.04919245023344374,0.1387873615154234,1000,"20 announcement dates, circular, all currencies together"
month_fine_partial_h5_urgent_cap2,10,cny50_hazard_hist_h5_urgent_cap2,1.4771646665119358,1.8203070505902927,-0.027516387391934908,0.17711829024530246,1000,"20 announcement dates, circular, all currencies together"
month_fine_partial_h5_urgent_cap2,20,cny50_hazard_hist_h5_urgent_cap2,1.4889623412110449,1.8509955635621802,-0.031027421412820527,0.23326330535464293,1000,"20 announcement dates, circular, all currencies together"
month_fine_partial_h5_urgent_cap2,mean,cny50_hazard_hist_h5_urgent_cap2,,,-0.02706639035216484,0.13018773120985416,1000,
month_fine_partial_mean_urgent_cap2,1,cny50_hazard_hist_h5_urgent_cap2,1.386980921184424,1.5660982091294557,-0.060976950630701326,0.051314975717643325,1000,"20 announcement dates, circular, all currencies together"
month_fine_partial_mean_urgent_cap2,3,cny50_hazard_hist_h5_urgent_cap2,1.4274403963298634,1.6958464769450428,-0.03667031261392787,0.1083072519103714,1000,"20 announcement dates, circular, all currencies together"
month_fine_partial_mean_urgent_cap2,5,cny50_hazard_hist_h5_urgent_cap2,1.5158917984611286,1.8329871728338667,-0.05433562039795118,0.11847921872049545,1000,"20 announcement dates, circular, all currencies together"
month_fine_partial_mean_urgent_cap2,10,cny50_hazard_hist_h5_urgent_cap2,1.466263158749387,1.8050864998073641,-0.03439913879019823,0.15490723285912283,1000,"20 announcement dates, circular, all currencies together"
month_fine_partial_mean_urgent_cap2,20,cny50_hazard_hist_h5_urgent_cap2,1.4684099243846052,1.8149384159090312,-0.034652396831102085,0.18414418034555813,1000,"20 announcement dates, circular, all currencies together"
month_fine_partial_mean_urgent_cap2,mean,cny50_hazard_hist_h5_urgent_cap2,,,-0.03307724995206453,0.11208273927355442,1000,
cny50_month_fine_partial_urgent_cap2,1,cny50_hazard_hist_h5_urgent_cap2,1.3935462996688437,1.5559211147702576,-0.03446080591205252,0.02609835242273242,1000,"20 announcement dates, circular, all currencies together"
cny50_month_fine_partial_urgent_cap2,3,cny50_hazard_hist_h5_urgent_cap2,1.3899227953030786,1.6175011761087348,-0.06591246661591697,0.016003320253860358,1000,"20 announcement dates, circular, all currencies together"
cny50_month_fine_partial_urgent_cap2,5,cny50_hazard_hist_h5_urgent_cap2,1.4826570397168937,1.7807730095025023,-0.05205402989110063,0.04620890611416913,1000,"20 announcement dates, circular, all currencies together"
cny50_month_fine_partial_urgent_cap2,10,cny50_hazard_hist_h5_urgent_cap2,1.4268463856406872,1.7208492756167793,-0.05447539465012427,0.05327306507606895,1000,"20 announcement dates, circular, all currencies together"
cny50_month_fine_partial_urgent_cap2,20,cny50_hazard_hist_h5_urgent_cap2,1.4069834163002946,1.7344783994710524,-0.07769152745812986,0.07142125285665366,1000,"20 announcement dates, circular, all currencies together"
cny50_month_fine_partial_urgent_cap2,mean,cny50_hazard_hist_h5_urgent_cap2,,,-0.048821523827872124,0.033511491324010136,1000,
quarter_direct_full20_h5_urgent_cap2,1,quarter_direct_full20_h5_urgent_cap2,1.3848611334983494,1.5583646909984836,0.0,0.0,1000,"20 announcement dates, circular, all currencies together"
quarter_direct_full20_h5_urgent_cap2,3,quarter_direct_full20_h5_urgent_cap2,1.4105527785881025,1.676358508682962,0.0,0.0,1000,"20 announcement dates, circular, all currencies together"
quarter_direct_full20_h5_urgent_cap2,5,quarter_direct_full20_h5_urgent_cap2,1.5095916186049787,1.8243494983156312,0.0,0.0,1000,"20 announcement dates, circular, all currencies together"
quarter_direct_full20_h5_urgent_cap2,10,quarter_direct_full20_h5_urgent_cap2,1.435617824724597,1.7608111017352435,0.0,0.0,1000,"20 announcement dates, circular, all currencies together"
quarter_direct_full20_h5_urgent_cap2,20,quarter_direct_full20_h5_urgent_cap2,1.4370469554631153,1.8063748251355596,0.0,0.0,1000,"20 announcement dates, circular, all currencies together"
quarter_direct_full20_h5_urgent_cap2,mean,quarter_direct_full20_h5_urgent_cap2,,,0.0,0.0,1000,
quarter_direct_mature5_h5_urgent_cap2,1,quarter_direct_full20_h5_urgent_cap2,1.3796155938163952,1.5382421116657996,-0.05843437577422331,0.03564871313560386,1000,"20 announcement dates, circular, all currencies together"
quarter_direct_mature5_h5_urgent_cap2,3,quarter_direct_full20_h5_urgent_cap2,1.38624725092947,1.6307117492154601,-0.08326058774341402,0.02444365067703166,1000,"20 announcement dates, circular, all currencies together"
quarter_direct_mature5_h5_urgent_cap2,5,quarter_direct_full20_h5_urgent_cap2,1.4613781144141427,1.7590955354455158,-0.13251689446346354,0.016522834060148955,1000,"20 announcement dates, circular, all currencies together"
quarter_direct_mature5_h5_urgent_cap2,10,quarter_direct_full20_h5_urgent_cap2,1.387070219014529,1.7225860983356545,-0.1188303971508436,0.03902391453432535,1000,"20 announcement dates, circular, all currencies together"
quarter_direct_mature5_h5_urgent_cap2,20,quarter_direct_full20_h5_urgent_cap2,1.4031024839926909,1.7777641471314536,-0.12969363108480605,0.07386661242573227,1000,"20 announcement dates, circular, all currencies together"
quarter_direct_mature5_h5_urgent_cap2,mean,quarter_direct_full20_h5_urgent_cap2,,,-0.09128794409729435,0.026154011545595775,1000,
cny50_quarter_direct_full20_urgent_cap2,1,cny50_quarter_direct_full20_urgent_cap2,1.4182728133597347,1.592598140733228,0.0,0.0,1000,"20 announcement dates, circular, all currencies together"
cny50_quarter_direct_full20_urgent_cap2,3,cny50_quarter_direct_full20_urgent_cap2,1.419670458556884,1.6949225726362802,0.0,0.0,1000,"20 announcement dates, circular, all currencies together"
cny50_quarter_direct_full20_urgent_cap2,5,cny50_quarter_direct_full20_urgent_cap2,1.4772817926103536,1.799485993768069,0.0,0.0,1000,"20 announcement dates, circular, all currencies together"
cny50_quarter_direct_full20_urgent_cap2,10,cny50_quarter_direct_full20_urgent_cap2,1.3929318910627069,1.69610335211759,0.0,0.0,1000,"20 announcement dates, circular, all currencies together"
cny50_quarter_direct_full20_urgent_cap2,20,cny50_quarter_direct_full20_urgent_cap2,1.3959664270987215,1.7119552411467946,0.0,0.0,1000,"20 announcement dates, circular, all currencies together"
cny50_quarter_direct_full20_urgent_cap2,mean,cny50_quarter_direct_full20_urgent_cap2,,,0.0,0.0,1000,
cny50_quarter_direct_mature5_urgent_cap2,1,cny50_quarter_direct_full20_urgent_cap2,1.3939716867279301,1.5728154784862027,-0.04991265995876276,0.003071203873265257,1000,"20 announcement dates, circular, all currencies together"
cny50_quarter_direct_mature5_urgent_cap2,3,cny50_quarter_direct_full20_urgent_cap2,1.384785663579625,1.645083310571205,-0.08421037299957745,0.0016026874192196295,1000,"20 announcement dates, circular, all currencies together"
cny50_quarter_direct_mature5_urgent_cap2,5,cny50_quarter_direct_full20_urgent_cap2,1.4762576812805226,1.7819623685347357,-0.055619244789635675,0.0361376587518485,1000,"20 announcement dates, circular, all currencies together"
cny50_quarter_direct_mature5_urgent_cap2,10,cny50_quarter_direct_full20_urgent_cap2,1.4086669113925079,1.7249005010030634,-0.03445067190780271,0.08220443312622033,1000,"20 announcement dates, circular, all currencies together"
cny50_quarter_direct_mature5_urgent_cap2,20,cny50_quarter_direct_full20_urgent_cap2,1.3968937498491947,1.7485441380779456,-0.05338784217142526,0.08500834342859157,1000,"20 announcement dates, circular, all currencies together"
cny50_quarter_direct_mature5_urgent_cap2,mean,cny50_quarter_direct_full20_urgent_cap2,,,-0.046227606059328255,0.03129181424072576,1000,
quarter_coarse_full20_h5_urgent_cap2,1,quarter_coarse_full20_h5_urgent_cap2,1.3660121089598583,1.5377083743094837,0.0,0.0,1000,"20 announcement dates, circular, all currencies together"
quarter_coarse_full20_h5_urgent_cap2,3,quarter_coarse_full20_h5_urgent_cap2,1.3922560476644816,1.6537687809896993,0.0,0.0,1000,"20 announcement dates, circular, all currencies together"
quarter_coarse_full20_h5_urgent_cap2,5,quarter_coarse_full20_h5_urgent_cap2,1.4653650703178567,1.7824200668875878,0.0,0.0,1000,"20 announcement dates, circular, all currencies together"
quarter_coarse_full20_h5_urgent_cap2,10,quarter_coarse_full20_h5_urgent_cap2,1.4238525409753842,1.7614043880620793,0.0,0.0,1000,"20 announcement dates, circular, all currencies together"
quarter_coarse_full20_h5_urgent_cap2,20,quarter_coarse_full20_h5_urgent_cap2,1.4013442154662443,1.7858438779636798,0.0,0.0,1000,"20 announcement dates, circular, all currencies together"
quarter_coarse_full20_h5_urgent_cap2,mean,quarter_coarse_full20_h5_urgent_cap2,,,0.0,0.0,1000,
quarter_coarse_partial_h5_urgent_cap2,1,quarter_coarse_full20_h5_urgent_cap2,1.3797065649127442,1.5555076414709763,-0.02439382310392544,0.05955815666370967,1000,"20 announcement dates, circular, all currencies together"
quarter_coarse_partial_h5_urgent_cap2,3,quarter_coarse_full20_h5_urgent_cap2,1.4079789709837216,1.672561320639318,-0.05083844504944938,0.08323871814882328,1000,"20 announcement dates, circular, all currencies together"
quarter_coarse_partial_h5_urgent_cap2,5,quarter_coarse_full20_h5_urgent_cap2,1.4752405042535788,1.7861956194649866,-0.06772653240683832,0.07109640551184047,1000,"20 announcement dates, circular, all currencies together"
quarter_coarse_partial_h5_urgent_cap2,10,quarter_coarse_full20_h5_urgent_cap2,1.4289087030886771,1.763715738302806,-0.07765865296319638,0.07701010654929541,1000,"20 announcement dates, circular, all currencies together"
quarter_coarse_partial_h5_urgent_cap2,20,quarter_coarse_full20_h5_urgent_cap2,1.4359942162206383,1.7962400965933043,-0.0658835274389547,0.09423543191144751,1000,"20 announcement dates, circular, all currencies together"
quarter_coarse_partial_h5_urgent_cap2,mean,quarter_coarse_full20_h5_urgent_cap2,,,-0.04944708844413657,0.0699589266063617,1000,
cny50_quarter_coarse_full20_urgent_cap2,1,cny50_quarter_coarse_full20_urgent_cap2,1.395941078370218,1.5591394039566833,0.0,0.0,1000,"20 announcement dates, circular, all currencies together"
cny50_quarter_coarse_full20_urgent_cap2,3,cny50_quarter_coarse_full20_urgent_cap2,1.3996483021205044,1.6509720159022865,0.0,0.0,1000,"20 announcement dates, circular, all currencies together"
cny50_quarter_coarse_full20_urgent_cap2,5,cny50_quarter_coarse_full20_urgent_cap2,1.4792803143496882,1.796702299913417,0.0,0.0,1000,"20 announcement dates, circular, all currencies together"
cny50_quarter_coarse_full20_urgent_cap2,10,cny50_quarter_coarse_full20_urgent_cap2,1.4192472652132941,1.7308138510541233,0.0,0.0,1000,"20 announcement dates, circular, all currencies together"
cny50_quarter_coarse_full20_urgent_cap2,20,cny50_quarter_coarse_full20_urgent_cap2,1.4011210106684928,1.7586698078265852,0.0,0.0,1000,"20 announcement dates, circular, all currencies together"
cny50_quarter_coarse_full20_urgent_cap2,mean,cny50_quarter_coarse_full20_urgent_cap2,,,0.0,0.0,1000,
cny50_quarter_coarse_partial_urgent_cap2,1,cny50_quarter_coarse_full20_urgent_cap2,1.388058076650329,1.547082580040443,-0.034786296978108464,0.01535457891320122,1000,"20 announcement dates, circular, all currencies together"
cny50_quarter_coarse_partial_urgent_cap2,3,cny50_quarter_coarse_full20_urgent_cap2,1.3923842635869768,1.648352622756579,-0.05198879411155234,0.02137711381439087,1000,"20 announcement dates, circular, all currencies together"
cny50_quarter_coarse_partial_urgent_cap2,5,cny50_quarter_coarse_full20_urgent_cap2,1.482996689015643,1.800227600207341,-0.045729421126916865,0.041008022605384276,1000,"20 announcement dates, circular, all currencies together"
cny50_quarter_coarse_partial_urgent_cap2,10,cny50_quarter_coarse_full20_urgent_cap2,1.4327783988138012,1.7506963795201034,-0.04728810566494449,0.05789636003364709,1000,"20 announcement dates, circular, all currencies together"
cny50_quarter_coarse_partial_urgent_cap2,20,cny50_quarter_coarse_full20_urgent_cap2,1.4247769385851106,1.7517001559051204,-0.06378696304379115,0.0753037328296221,1000,"20 announcement dates, circular, all currencies together"
cny50_quarter_coarse_partial_urgent_cap2,mean,cny50_quarter_coarse_full20_urgent_cap2,,,-0.043452824516754376,0.0395832217864893,1000,
quarter_coarse_full20_mean_urgent_cap2,1,quarter_coarse_full20_mean_urgent_cap2,1.3758972412347703,1.5447948279625061,0.0,0.0,1000,"20 announcement dates, circular, all currencies together"
quarter_coarse_full20_mean_urgent_cap2,3,quarter_coarse_full20_mean_urgent_cap2,1.3914506664681758,1.6482665814552087,0.0,0.0,1000,"20 announcement dates, circular, all currencies together"
quarter_coarse_full20_mean_urgent_cap2,5,quarter_coarse_full20_mean_urgent_cap2,1.4821471683490743,1.7866620569121732,0.0,0.0,1000,"20 announcement dates, circular, all currencies together"
quarter_coarse_full20_mean_urgent_cap2,10,quarter_coarse_full20_mean_urgent_cap2,1.4097552106185798,1.739079004784328,0.0,0.0,1000,"20 announcement dates, circular, all currencies together"
quarter_coarse_full20_mean_urgent_cap2,20,quarter_coarse_full20_mean_urgent_cap2,1.3704718389311423,1.746251156459389,0.0,0.0,1000,"20 announcement dates, circular, all currencies together"
quarter_coarse_full20_mean_urgent_cap2,mean,quarter_coarse_full20_mean_urgent_cap2,,,0.0,0.0,1000,
quarter_coarse_partial_mean_urgent_cap2,1,quarter_coarse_full20_mean_urgent_cap2,1.3742075369651232,1.544595302781802,-0.0362691183332238,0.036914486130965374,1000,"20 announcement dates, circular, all currencies together"
quarter_coarse_partial_mean_urgent_cap2,3,quarter_coarse_full20_mean_urgent_cap2,1.4193349076669917,1.6746368424314078,-0.02498269769741262,0.08016534009301234,1000,"20 announcement dates, circular, all currencies together"
quarter_coarse_partial_mean_urgent_cap2,5,quarter_coarse_full20_mean_urgent_cap2,1.4834678893266533,1.7953321471923893,-0.04382824531939554,0.06270026446263238,1000,"20 announcement dates, circular, all currencies together"
quarter_coarse_partial_mean_urgent_cap2,10,quarter_coarse_full20_mean_urgent_cap2,1.4256459557917174,1.7486431215809755,-0.05742043094033497,0.07230878810455128,1000,"20 announcement dates, circular, all currencies together"
quarter_coarse_partial_mean_urgent_cap2,20,quarter_coarse_full20_mean_urgent_cap2,1.4191397471832434,1.7635862781666407,-0.04710831738931805,0.11286746787604422,1000,"20 announcement dates, circular, all currencies together"
quarter_coarse_partial_mean_urgent_cap2,mean,quarter_coarse_full20_mean_urgent_cap2,,,-0.0349950997811705,0.06454045546755864,1000,
quarter_fine_full20_h5_urgent_cap2,1,quarter_fine_full20_h5_urgent_cap2,1.3858099383444924,1.5659754611559924,0.0,0.0,1000,"20 announcement dates, circular, all currencies together"
quarter_fine_full20_h5_urgent_cap2,3,quarter_fine_full20_h5_urgent_cap2,1.3952435961117324,1.669195920647974,0.0,0.0,1000,"20 announcement dates, circular, all currencies together"
quarter_fine_full20_h5_urgent_cap2,5,quarter_fine_full20_h5_urgent_cap2,1.4885816149872002,1.8082819535721846,0.0,0.0,1000,"20 announcement dates, circular, all currencies together"
quarter_fine_full20_h5_urgent_cap2,10,quarter_fine_full20_h5_urgent_cap2,1.442453540727822,1.7428931241632892,0.0,0.0,1000,"20 announcement dates, circular, all currencies together"
quarter_fine_full20_h5_urgent_cap2,20,quarter_fine_full20_h5_urgent_cap2,1.372976738579947,1.731745888771671,0.0,0.0,1000,"20 announcement dates, circular, all currencies together"
quarter_fine_full20_h5_urgent_cap2,mean,quarter_fine_full20_h5_urgent_cap2,,,0.0,0.0,1000,
quarter_fine_partial_h5_urgent_cap2,1,quarter_fine_full20_h5_urgent_cap2,1.3843765225989773,1.5600545176161036,-0.05353511465684113,0.04075519978105541,1000,"20 announcement dates, circular, all currencies together"
quarter_fine_partial_h5_urgent_cap2,3,quarter_fine_full20_h5_urgent_cap2,1.4244774322679816,1.6762919395809155,-0.057927417199995626,0.10305349967097552,1000,"20 announcement dates, circular, all currencies together"
quarter_fine_partial_h5_urgent_cap2,5,quarter_fine_full20_h5_urgent_cap2,1.4906648573379602,1.7926094361487257,-0.07138019098315668,0.07531483769894382,1000,"20 announcement dates, circular, all currencies together"
quarter_fine_partial_h5_urgent_cap2,10,quarter_fine_full20_h5_urgent_cap2,1.4355039872897208,1.7413280624564114,-0.07654822310264976,0.06791631179827058,1000,"20 announcement dates, circular, all currencies together"
quarter_fine_partial_h5_urgent_cap2,20,quarter_fine_full20_h5_urgent_cap2,1.382516983257268,1.7401329437213264,-0.07357713210536451,0.0980678120104615,1000,"20 announcement dates, circular, all currencies together"
quarter_fine_partial_h5_urgent_cap2,mean,quarter_fine_full20_h5_urgent_cap2,,,-0.05417624381882794,0.06195812105019684,1000,
cny50_quarter_fine_full20_urgent_cap2,1,cny50_quarter_fine_full20_urgent_cap2,1.3921467473530478,1.5642011377886145,0.0,0.0,1000,"20 announcement dates, circular, all currencies together"
cny50_quarter_fine_full20_urgent_cap2,3,cny50_quarter_fine_full20_urgent_cap2,1.3846316852220344,1.655233071041467,0.0,0.0,1000,"20 announcement dates, circular, all currencies together"
cny50_quarter_fine_full20_urgent_cap2,5,cny50_quarter_fine_full20_urgent_cap2,1.4683677739281327,1.7805625478154945,0.0,0.0,1000,"20 announcement dates, circular, all currencies together"
cny50_quarter_fine_full20_urgent_cap2,10,cny50_quarter_fine_full20_urgent_cap2,1.4267255934772995,1.7205398945973003,0.0,0.0,1000,"20 announcement dates, circular, all currencies together"
cny50_quarter_fine_full20_urgent_cap2,20,cny50_quarter_fine_full20_urgent_cap2,1.4321045225157119,1.7340052851984118,0.0,0.0,1000,"20 announcement dates, circular, all currencies together"
cny50_quarter_fine_full20_urgent_cap2,mean,cny50_quarter_fine_full20_urgent_cap2,,,0.0,0.0,1000,
cny50_quarter_fine_partial_urgent_cap2,1,cny50_quarter_fine_full20_urgent_cap2,1.4164428411327568,1.5794008238831854,-0.012104650355310265,0.048801807822703894,1000,"20 announcement dates, circular, all currencies together"
cny50_quarter_fine_partial_urgent_cap2,3,cny50_quarter_fine_full20_urgent_cap2,1.4181286467253358,1.6656667135512577,-0.017823282133083266,0.05808129257485408,1000,"20 announcement dates, circular, all currencies together"
cny50_quarter_fine_partial_urgent_cap2,5,cny50_quarter_fine_full20_urgent_cap2,1.4918899111730861,1.7838573689073842,-0.0247248996703155,0.06502923466247187,1000,"20 announcement dates, circular, all currencies together"
cny50_quarter_fine_partial_urgent_cap2,10,cny50_quarter_fine_full20_urgent_cap2,1.4576944813270438,1.7361230682590576,-0.02357699457634523,0.07692929386883174,1000,"20 announcement dates, circular, all currencies together"
cny50_quarter_fine_partial_urgent_cap2,20,cny50_quarter_fine_full20_urgent_cap2,1.4455269459242064,1.7504739409140708,-0.04854086951711095,0.07609256641299257,1000,"20 announcement dates, circular, all currencies together"
cny50_quarter_fine_partial_urgent_cap2,mean,cny50_quarter_fine_full20_urgent_cap2,,,-0.014884325958209132,0.057773573142309166,1000,
quarter_fine_full20_mean_urgent_cap2,1,quarter_fine_full20_mean_urgent_cap2,1.3954122380081708,1.5741503797523198,0.0,0.0,1000,"20 announcement dates, circular, all currencies together"
quarter_fine_full20_mean_urgent_cap2,3,quarter_fine_full20_mean_urgent_cap2,1.4041508439616996,1.6757393968794654,0.0,0.0,1000,"20 announcement dates, circular, all currencies together"
quarter_fine_full20_mean_urgent_cap2,5,quarter_fine_full20_mean_urgent_cap2,1.495675952498733,1.8151929939474636,0.0,0.0,1000,"20 announcement dates, circular, all currencies together"
quarter_fine_full20_mean_urgent_cap2,10,quarter_fine_full20_mean_urgent_cap2,1.4538259520803576,1.734855211083243,0.0,0.0,1000,"20 announcement dates, circular, all currencies together"
quarter_fine_full20_mean_urgent_cap2,20,quarter_fine_full20_mean_urgent_cap2,1.384882047098966,1.7100310907500478,0.0,0.0,1000,"20 announcement dates, circular, all currencies together"
quarter_fine_full20_mean_urgent_cap2,mean,quarter_fine_full20_mean_urgent_cap2,,,0.0,0.0,1000,
quarter_fine_partial_mean_urgent_cap2,1,quarter_fine_full20_mean_urgent_cap2,1.3932747853337957,1.5650354302812433,-0.05089819052931063,0.03331859476778725,1000,"20 announcement dates, circular, all currencies together"
quarter_fine_partial_mean_urgent_cap2,3,quarter_fine_full20_mean_urgent_cap2,1.4278609010931849,1.6874564987967022,-0.058803798507648386,0.08581168656906872,1000,"20 announcement dates, circular, all currencies together"
quarter_fine_partial_mean_urgent_cap2,5,quarter_fine_full20_mean_urgent_cap2,1.5007026527977505,1.8103198006029966,-0.07267812664887627,0.07547397880786072,1000,"20 announcement dates, circular, all currencies together"
quarter_fine_partial_mean_urgent_cap2,10,quarter_fine_full20_mean_urgent_cap2,1.4443634693547003,1.7528465914506643,-0.07949107324261666,0.08578842735862025,1000,"20 announcement dates, circular, all currencies together"
quarter_fine_partial_mean_urgent_cap2,20,quarter_fine_full20_mean_urgent_cap2,1.4265985417990683,1.7744660735770108,-0.03832110593055038,0.13676604645314475,1000,"20 announcement dates, circular, all currencies together"
quarter_fine_partial_mean_urgent_cap2,mean,quarter_fine_full20_mean_urgent_cap2,,,-0.04596262818365952,0.06634767222016875,1000,
month_direct_full20_h5_urgent_cap2,1,month_direct_full20_h5_urgent_cap2,1.3775314533491996,1.5565805559160704,0.0,0.0,1000,"20 announcement dates, circular, all currencies together"
month_direct_full20_h5_urgent_cap2,3,month_direct_full20_h5_urgent_cap2,1.397250567096383,1.6458245670582667,0.0,0.0,1000,"20 announcement dates, circular, all currencies together"
month_direct_full20_h5_urgent_cap2,5,month_direct_full20_h5_urgent_cap2,1.4877471563418543,1.7840370054247516,0.0,0.0,1000,"20 announcement dates, circular, all currencies together"
month_direct_full20_h5_urgent_cap2,10,month_direct_full20_h5_urgent_cap2,1.4127974979398004,1.7344753406050688,0.0,0.0,1000,"20 announcement dates, circular, all currencies together"
month_direct_full20_h5_urgent_cap2,20,month_direct_full20_h5_urgent_cap2,1.404618199944886,1.7547300225239781,0.0,0.0,1000,"20 announcement dates, circular, all currencies together"
month_direct_full20_h5_urgent_cap2,mean,month_direct_full20_h5_urgent_cap2,,,0.0,0.0,1000,
month_direct_mature5_h5_urgent_cap2,1,month_direct_full20_h5_urgent_cap2,1.3664158464011331,1.5462682475285403,-0.06163292797593926,0.039333804132424446,1000,"20 announcement dates, circular, all currencies together"
month_direct_mature5_h5_urgent_cap2,3,month_direct_full20_h5_urgent_cap2,1.3683665854699907,1.597433753239438,-0.09611897135941394,0.007269950444863638,1000,"20 announcement dates, circular, all currencies together"
month_direct_mature5_h5_urgent_cap2,5,month_direct_full20_h5_urgent_cap2,1.4642566741105725,1.7653932766811056,-0.09130898837850829,0.033016543111251,1000,"20 announcement dates, circular, all currencies together"
month_direct_mature5_h5_urgent_cap2,10,month_direct_full20_h5_urgent_cap2,1.4012416906217984,1.7086629664452138,-0.0954904747296193,0.05155484126864451,1000,"20 announcement dates, circular, all currencies together"
month_direct_mature5_h5_urgent_cap2,20,month_direct_full20_h5_urgent_cap2,1.3888765942934524,1.7289647945133222,-0.12480368045446096,0.08890621959651915,1000,"20 announcement dates, circular, all currencies together"
month_direct_mature5_h5_urgent_cap2,mean,month_direct_full20_h5_urgent_cap2,,,-0.08183314207892882,0.029533684821792416,1000,
cny50_month_direct_full20_urgent_cap2,1,cny50_month_direct_full20_urgent_cap2,1.4122137091330855,1.5852051879597109,0.0,0.0,1000,"20 announcement dates, circular, all currencies together"
cny50_month_direct_full20_urgent_cap2,3,cny50_month_direct_full20_urgent_cap2,1.4031661296225575,1.6657678017535458,0.0,0.0,1000,"20 announcement dates, circular, all currencies together"
cny50_month_direct_full20_urgent_cap2,5,cny50_month_direct_full20_urgent_cap2,1.4994565186474271,1.8114111482513622,0.0,0.0,1000,"20 announcement dates, circular, all currencies together"
cny50_month_direct_full20_urgent_cap2,10,cny50_month_direct_full20_urgent_cap2,1.4264946787932988,1.7453978220461235,0.0,0.0,1000,"20 announcement dates, circular, all currencies together"
cny50_month_direct_full20_urgent_cap2,20,cny50_month_direct_full20_urgent_cap2,1.440386275401839,1.7660290445699474,0.0,0.0,1000,"20 announcement dates, circular, all currencies together"
cny50_month_direct_full20_urgent_cap2,mean,cny50_month_direct_full20_urgent_cap2,,,0.0,0.0,1000,
cny50_month_direct_mature5_urgent_cap2,1,cny50_month_direct_full20_urgent_cap2,1.3972208322589412,1.5634189027797698,-0.049562476237773996,0.015160423016312569,1000,"20 announcement dates, circular, all currencies together"
cny50_month_direct_mature5_urgent_cap2,3,cny50_month_direct_full20_urgent_cap2,1.362116180826016,1.5910782680963953,-0.1121051756352159,-0.003991328909837062,1000,"20 announcement dates, circular, all currencies together"
cny50_month_direct_mature5_urgent_cap2,5,cny50_month_direct_full20_urgent_cap2,1.4650397363739343,1.7524713367969253,-0.09965796784093775,0.004238271727610274,1000,"20 announcement dates, circular, all currencies together"
cny50_month_direct_mature5_urgent_cap2,10,cny50_month_direct_full20_urgent_cap2,1.3841652156092914,1.6855896459621116,-0.10602247391576465,0.012764786654343187,1000,"20 announcement dates, circular, all currencies together"
cny50_month_direct_mature5_urgent_cap2,20,cny50_month_direct_full20_urgent_cap2,1.3681196977220191,1.6924325231354076,-0.1372253790692804,-0.0014404564718596027,1000,"20 announcement dates, circular, all currencies together"
cny50_month_direct_mature5_urgent_cap2,mean,cny50_month_direct_full20_urgent_cap2,,,-0.09153915776700541,0.0008719239429330559,1000,
month_coarse_full20_h5_urgent_cap2,1,month_coarse_full20_h5_urgent_cap2,1.359220433820209,1.5056013601178848,0.0,0.0,1000,"20 announcement dates, circular, all currencies together"
month_coarse_full20_h5_urgent_cap2,3,month_coarse_full20_h5_urgent_cap2,1.4017031974509886,1.633113484007234,0.0,0.0,1000,"20 announcement dates, circular, all currencies together"
month_coarse_full20_h5_urgent_cap2,5,month_coarse_full20_h5_urgent_cap2,1.473744051121177,1.7680895334179203,0.0,0.0,1000,"20 announcement dates, circular, all currencies together"
month_coarse_full20_h5_urgent_cap2,10,month_coarse_full20_h5_urgent_cap2,1.3940587931659227,1.738092295943494,0.0,0.0,1000,"20 announcement dates, circular, all currencies together"
month_coarse_full20_h5_urgent_cap2,20,month_coarse_full20_h5_urgent_cap2,1.4107654217218444,1.78928991025069,0.0,0.0,1000,"20 announcement dates, circular, all currencies together"
month_coarse_full20_h5_urgent_cap2,mean,month_coarse_full20_h5_urgent_cap2,,,0.0,0.0,1000,
month_coarse_partial_h5_urgent_cap2,1,month_coarse_full20_h5_urgent_cap2,1.380761039828807,1.5539467967562468,-0.009393557922866795,0.07953692930666627,1000,"20 announcement dates, circular, all currencies together"
month_coarse_partial_h5_urgent_cap2,3,month_coarse_full20_h5_urgent_cap2,1.4070688219605627,1.6766075292834106,-0.03608584813345026,0.10375025671439068,1000,"20 announcement dates, circular, all currencies together"
month_coarse_partial_h5_urgent_cap2,5,month_coarse_full20_h5_urgent_cap2,1.4887497741303075,1.8302195270507413,-0.03365074759719085,0.12745773029114885,1000,"20 announcement dates, circular, all currencies together"
month_coarse_partial_h5_urgent_cap2,10,month_coarse_full20_h5_urgent_cap2,1.429225693070313,1.7765111360854204,-0.04453361028027207,0.15216591412981165,1000,"20 announcement dates, circular, all currencies together"
month_coarse_partial_h5_urgent_cap2,20,month_coarse_full20_h5_urgent_cap2,1.4544526912777938,1.8287792776745428,-0.06757828541326072,0.17400931731942415,1000,"20 announcement dates, circular, all currencies together"
month_coarse_partial_h5_urgent_cap2,mean,month_coarse_full20_h5_urgent_cap2,,,-0.03039946037635731,0.11573648317925085,1000,
cny50_month_coarse_full20_urgent_cap2,1,cny50_month_coarse_full20_urgent_cap2,1.4043785229743322,1.560607132926343,0.0,0.0,1000,"20 announcement dates, circular, all currencies together"
cny50_month_coarse_full20_urgent_cap2,3,cny50_month_coarse_full20_urgent_cap2,1.391576340794584,1.6475011954983263,0.0,0.0,1000,"20 announcement dates, circular, all currencies together"
cny50_month_coarse_full20_urgent_cap2,5,cny50_month_coarse_full20_urgent_cap2,1.470452827880386,1.796978425028092,0.0,0.0,1000,"20 announcement dates, circular, all currencies together"
cny50_month_coarse_full20_urgent_cap2,10,cny50_month_coarse_full20_urgent_cap2,1.4004922345031894,1.733061707089751,0.0,0.0,1000,"20 announcement dates, circular, all currencies together"
cny50_month_coarse_full20_urgent_cap2,20,cny50_month_coarse_full20_urgent_cap2,1.4058008004409113,1.7496905730390602,0.0,0.0,1000,"20 announcement dates, circular, all currencies together"
cny50_month_coarse_full20_urgent_cap2,mean,cny50_month_coarse_full20_urgent_cap2,,,0.0,0.0,1000,
cny50_month_coarse_partial_urgent_cap2,1,cny50_month_coarse_full20_urgent_cap2,1.3825375755791298,1.5374100575005478,-0.05768108752395719,0.011517176603176454,1000,"20 announcement dates, circular, all currencies together"
cny50_month_coarse_partial_urgent_cap2,3,cny50_month_coarse_full20_urgent_cap2,1.3769123425396204,1.634360720370966,-0.07542707479429642,0.030380472972301353,1000,"20 announcement dates, circular, all currencies together"
cny50_month_coarse_partial_urgent_cap2,5,cny50_month_coarse_full20_urgent_cap2,1.4677008517000294,1.7819760173640458,-0.06421860636176854,0.0398392098867412,1000,"20 announcement dates, circular, all currencies together"
cny50_month_coarse_partial_urgent_cap2,10,cny50_month_coarse_full20_urgent_cap2,1.3967371333507859,1.7074604342300392,-0.07886291101045234,0.051527152643693855,1000,"20 announcement dates, circular, all currencies together"
cny50_month_coarse_partial_urgent_cap2,20,cny50_month_coarse_full20_urgent_cap2,1.385441965995917,1.7199283568708608,-0.10019938519248724,0.034379802814004955,1000,"20 announcement dates, circular, all currencies together"
cny50_month_coarse_partial_urgent_cap2,mean,cny50_month_coarse_full20_urgent_cap2,,,-0.06925991021382101,0.02684343402005918,1000,
month_coarse_full20_mean_urgent_cap2,1,month_coarse_full20_mean_urgent_cap2,1.3785249502575725,1.5273733011899024,0.0,0.0,1000,"20 announcement dates, circular, all currencies together"
month_coarse_full20_mean_urgent_cap2,3,month_coarse_full20_mean_urgent_cap2,1.3783166499266837,1.6187467744861892,0.0,0.0,1000,"20 announcement dates, circular, all currencies together"
month_coarse_full20_mean_urgent_cap2,5,month_coarse_full20_mean_urgent_cap2,1.4621407453932438,1.7666824510160646,0.0,0.0,1000,"20 announcement dates, circular, all currencies together"
month_coarse_full20_mean_urgent_cap2,10,month_coarse_full20_mean_urgent_cap2,1.3863665860741163,1.7094087826243984,0.0,0.0,1000,"20 announcement dates, circular, all currencies together"
month_coarse_full20_mean_urgent_cap2,20,month_coarse_full20_mean_urgent_cap2,1.3862167212414174,1.7284512151230338,0.0,0.0,1000,"20 announcement dates, circular, all currencies together"
month_coarse_full20_mean_urgent_cap2,mean,month_coarse_full20_mean_urgent_cap2,,,0.0,0.0,1000,
month_coarse_partial_mean_urgent_cap2,1,month_coarse_full20_mean_urgent_cap2,1.3700689024379555,1.5500039518044513,-0.028626694645591855,0.04599997596223788,1000,"20 announcement dates, circular, all currencies together"
month_coarse_partial_mean_urgent_cap2,3,month_coarse_full20_mean_urgent_cap2,1.4059195430655602,1.6813759961375472,-0.009373785331154426,0.10660984000134607,1000,"20 announcement dates, circular, all currencies together"
month_coarse_partial_mean_urgent_cap2,5,month_coarse_full20_mean_urgent_cap2,1.493384828638268,1.8354725892322916,-0.009182640802041874,0.12260368816702805,1000,"20 announcement dates, circular, all currencies together"
month_coarse_partial_mean_urgent_cap2,10,month_coarse_full20_mean_urgent_cap2,1.4407790212607405,1.7839844228276973,-0.007685372275239494,0.15437069019011385,1000,"20 announcement dates, circular, all currencies together"
month_coarse_partial_mean_urgent_cap2,20,month_coarse_full20_mean_urgent_cap2,1.4450624175994284,1.8275292694223424,-0.017488162160834264,0.18167402533025578,1000,"20 announcement dates, circular, all currencies together"
month_coarse_partial_mean_urgent_cap2,mean,month_coarse_full20_mean_urgent_cap2,,,-0.007273812053883865,0.11420650663096062,1000,
month_fine_full20_h5_urgent_cap2,1,month_fine_full20_h5_urgent_cap2,1.4010725921930818,1.5884293363065645,0.0,0.0,1000,"20 announcement dates, circular, all currencies together"
month_fine_full20_h5_urgent_cap2,3,month_fine_full20_h5_urgent_cap2,1.4277562946742186,1.7110244862150936,0.0,0.0,1000,"20 announcement dates, circular, all currencies together"
month_fine_full20_h5_urgent_cap2,5,month_fine_full20_h5_urgent_cap2,1.495080707809435,1.821920872651067,0.0,0.0,1000,"20 announcement dates, circular, all currencies together"
month_fine_full20_h5_urgent_cap2,10,month_fine_full20_h5_urgent_cap2,1.432823989627003,1.7299441470120243,0.0,0.0,1000,"20 announcement dates, circular, all currencies together"
month_fine_full20_h5_urgent_cap2,20,month_fine_full20_h5_urgent_cap2,1.3884493423682331,1.719694330472906,0.0,0.0,1000,"20 announcement dates, circular, all currencies together"
month_fine_full20_h5_urgent_cap2,mean,month_fine_full20_h5_urgent_cap2,,,0.0,0.0,1000,
month_fine_partial_h5_urgent_cap2,1,month_fine_full20_h5_urgent_cap2,1.3830802787438872,1.563158479102694,-0.058437700034775705,0.015799383340190338,1000,"20 announcement dates, circular, all currencies together"
month_fine_partial_h5_urgent_cap2,3,month_fine_full20_h5_urgent_cap2,1.4286287760268939,1.7105686095243662,-0.06737399004000638,0.06516636403861512,1000,"20 announcement dates, circular, all currencies together"
month_fine_partial_h5_urgent_cap2,5,month_fine_full20_h5_urgent_cap2,1.5132933225798662,1.847761800386101,-0.05625433089413712,0.11949438366593411,1000,"20 announcement dates, circular, all currencies together"
month_fine_partial_h5_urgent_cap2,10,month_fine_full20_h5_urgent_cap2,1.4771646665119358,1.8203070505902927,-0.022465362612034998,0.17784782558481926,1000,"20 announcement dates, circular, all currencies together"
month_fine_partial_h5_urgent_cap2,20,month_fine_full20_h5_urgent_cap2,1.4889623412110449,1.8509955635621802,-0.00851068893077688,0.26752323636620196,1000,"20 announcement dates, circular, all currencies together"
month_fine_partial_h5_urgent_cap2,mean,month_fine_full20_h5_urgent_cap2,,,-0.03261134328867089,0.12145294604691131,1000,
cny50_month_fine_full20_urgent_cap2,1,cny50_month_fine_full20_urgent_cap2,1.4026146758947804,1.5681481722506476,0.0,0.0,1000,"20 announcement dates, circular, all currencies together"
cny50_month_fine_full20_urgent_cap2,3,cny50_month_fine_full20_urgent_cap2,1.4157769723354492,1.6827239872905928,0.0,0.0,1000,"20 announcement dates, circular, all currencies together"
cny50_month_fine_full20_urgent_cap2,5,cny50_month_fine_full20_urgent_cap2,1.4783991418855438,1.784845901139083,0.0,0.0,1000,"20 announcement dates, circular, all currencies together"
cny50_month_fine_full20_urgent_cap2,10,cny50_month_fine_full20_urgent_cap2,1.4184437473410536,1.7170606138821176,0.0,0.0,1000,"20 announcement dates, circular, all currencies together"
cny50_month_fine_full20_urgent_cap2,20,cny50_month_fine_full20_urgent_cap2,1.4057597635695827,1.7260732262201728,0.0,0.0,1000,"20 announcement dates, circular, all currencies together"
cny50_month_fine_full20_urgent_cap2,mean,cny50_month_fine_full20_urgent_cap2,,,0.0,0.0,1000,
cny50_month_fine_partial_urgent_cap2,1,cny50_month_fine_full20_urgent_cap2,1.3935462996688437,1.5559211147702576,-0.04690712195418094,0.018283519218746994,1000,"20 announcement dates, circular, all currencies together"
cny50_month_fine_partial_urgent_cap2,3,cny50_month_fine_full20_urgent_cap2,1.3899227953030786,1.6175011761087348,-0.09529502564197849,0.0042119313667790285,1000,"20 announcement dates, circular, all currencies together"
cny50_month_fine_partial_urgent_cap2,5,cny50_month_fine_full20_urgent_cap2,1.4826570397168937,1.7807730095025023,-0.052176117726498536,0.062488147851745425,1000,"20 announcement dates, circular, all currencies together"
cny50_month_fine_partial_urgent_cap2,10,cny50_month_fine_full20_urgent_cap2,1.4268463856406872,1.7208492756167793,-0.050053444118611734,0.07351348408216289,1000,"20 announcement dates, circular, all currencies together"
cny50_month_fine_partial_urgent_cap2,20,cny50_month_fine_full20_urgent_cap2,1.4069834163002946,1.7344783994710524,-0.059291631899116425,0.09808973456743289,1000,"20 announcement dates, circular, all currencies together"
cny50_month_fine_partial_urgent_cap2,mean,cny50_month_fine_full20_urgent_cap2,,,-0.054089161239601335,0.04212882199604745,1000,
month_fine_full20_mean_urgent_cap2,1,month_fine_full20_mean_urgent_cap2,1.3914580725789534,1.5794453076652213,0.0,0.0,1000,"20 announcement dates, circular, all currencies together"
month_fine_full20_mean_urgent_cap2,3,month_fine_full20_mean_urgent_cap2,1.4364885373296243,1.7048985055256285,0.0,0.0,1000,"20 announcement dates, circular, all currencies together"
month_fine_full20_mean_urgent_cap2,5,month_fine_full20_mean_urgent_cap2,1.5099841574118054,1.816304955515297,0.0,0.0,1000,"20 announcement dates, circular, all currencies together"
month_fine_full20_mean_urgent_cap2,10,month_fine_full20_mean_urgent_cap2,1.4160292192199835,1.7108887830745747,0.0,0.0,1000,"20 announcement dates, circular, all currencies together"
month_fine_full20_mean_urgent_cap2,20,month_fine_full20_mean_urgent_cap2,1.391144782247503,1.7199018676900388,0.0,0.0,1000,"20 announcement dates, circular, all currencies together"
month_fine_full20_mean_urgent_cap2,mean,month_fine_full20_mean_urgent_cap2,,,0.0,0.0,1000,
month_fine_partial_mean_urgent_cap2,1,month_fine_full20_mean_urgent_cap2,1.386980921184424,1.5660982091294557,-0.041113445803797034,0.019946045585654174,1000,"20 announcement dates, circular, all currencies together"
month_fine_partial_mean_urgent_cap2,3,month_fine_full20_mean_urgent_cap2,1.4274403963298634,1.6958464769450428,-0.06505902393874025,0.04777935506276231,1000,"20 announcement dates, circular, all currencies together"
month_fine_partial_mean_urgent_cap2,5,month_fine_full20_mean_urgent_cap2,1.5158917984611286,1.8329871728338667,-0.056256650983765255,0.09004014868601214,1000,"20 announcement dates, circular, all currencies together"
month_fine_partial_mean_urgent_cap2,10,month_fine_full20_mean_urgent_cap2,1.466263158749387,1.8050864998073641,-0.02109827177132446,0.17917192029700782,1000,"20 announcement dates, circular, all currencies together"
month_fine_partial_mean_urgent_cap2,20,month_fine_full20_mean_urgent_cap2,1.4684099243846052,1.8149384159090312,-0.03334241828856642,0.23141035504253826,1000,"20 announcement dates, circular, all currencies together"
month_fine_partial_mean_urgent_cap2,mean,month_fine_full20_mean_urgent_cap2,,,-0.034923105949827254,0.10814153146329508,1000,
quarter_direct_full20_h5_urgent_cap2,1,quarter_direct_full20_h5_urgent_cap2,1.3848611334983494,1.5583646909984836,0.0,0.0,1000,"20 announcement dates, circular, all currencies together"
quarter_direct_full20_h5_urgent_cap2,3,quarter_direct_full20_h5_urgent_cap2,1.4105527785881025,1.676358508682962,0.0,0.0,1000,"20 announcement dates, circular, all currencies together"
quarter_direct_full20_h5_urgent_cap2,5,quarter_direct_full20_h5_urgent_cap2,1.5095916186049787,1.8243494983156312,0.0,0.0,1000,"20 announcement dates, circular, all currencies together"
quarter_direct_full20_h5_urgent_cap2,10,quarter_direct_full20_h5_urgent_cap2,1.435617824724597,1.7608111017352435,0.0,0.0,1000,"20 announcement dates, circular, all currencies together"
quarter_direct_full20_h5_urgent_cap2,20,quarter_direct_full20_h5_urgent_cap2,1.4370469554631153,1.8063748251355596,0.0,0.0,1000,"20 announcement dates, circular, all currencies together"
quarter_direct_full20_h5_urgent_cap2,mean,quarter_direct_full20_h5_urgent_cap2,,,0.0,0.0,1000,
month_direct_full20_h5_urgent_cap2,1,quarter_direct_full20_h5_urgent_cap2,1.3775314533491996,1.5565805559160704,-0.04360418397936015,0.0338610188230296,1000,"20 announcement dates, circular, all currencies together"
month_direct_full20_h5_urgent_cap2,3,quarter_direct_full20_h5_urgent_cap2,1.397250567096383,1.6458245670582667,-0.06528098671439914,0.033118399464660685,1000,"20 announcement dates, circular, all currencies together"
month_direct_full20_h5_urgent_cap2,5,quarter_direct_full20_h5_urgent_cap2,1.4877471563418543,1.7840370054247516,-0.07643143392596745,0.02008664945300851,1000,"20 announcement dates, circular, all currencies together"
month_direct_full20_h5_urgent_cap2,10,quarter_direct_full20_h5_urgent_cap2,1.4127974979398004,1.7344753406050688,-0.07414321781791032,0.02824158408057028,1000,"20 announcement dates, circular, all currencies together"
month_direct_full20_h5_urgent_cap2,20,quarter_direct_full20_h5_urgent_cap2,1.404618199944886,1.7547300225239781,-0.10672662469330288,0.019009883204169766,1000,"20 announcement dates, circular, all currencies together"
month_direct_full20_h5_urgent_cap2,mean,quarter_direct_full20_h5_urgent_cap2,,,-0.06400853762334882,0.018922027601698317,1000,
cny50_quarter_direct_full20_urgent_cap2,1,cny50_quarter_direct_full20_urgent_cap2,1.4182728133597347,1.592598140733228,0.0,0.0,1000,"20 announcement dates, circular, all currencies together"
cny50_quarter_direct_full20_urgent_cap2,3,cny50_quarter_direct_full20_urgent_cap2,1.419670458556884,1.6949225726362802,0.0,0.0,1000,"20 announcement dates, circular, all currencies together"
cny50_quarter_direct_full20_urgent_cap2,5,cny50_quarter_direct_full20_urgent_cap2,1.4772817926103536,1.799485993768069,0.0,0.0,1000,"20 announcement dates, circular, all currencies together"
cny50_quarter_direct_full20_urgent_cap2,10,cny50_quarter_direct_full20_urgent_cap2,1.3929318910627069,1.69610335211759,0.0,0.0,1000,"20 announcement dates, circular, all currencies together"
cny50_quarter_direct_full20_urgent_cap2,20,cny50_quarter_direct_full20_urgent_cap2,1.3959664270987215,1.7119552411467946,0.0,0.0,1000,"20 announcement dates, circular, all currencies together"
cny50_quarter_direct_full20_urgent_cap2,mean,cny50_quarter_direct_full20_urgent_cap2,,,0.0,0.0,1000,
cny50_month_direct_full20_urgent_cap2,1,cny50_quarter_direct_full20_urgent_cap2,1.4122137091330855,1.5852051879597109,-0.02676751485951598,0.015562705377912678,1000,"20 announcement dates, circular, all currencies together"
cny50_month_direct_full20_urgent_cap2,3,cny50_quarter_direct_full20_urgent_cap2,1.4031661296225575,1.6657678017535458,-0.05096158726409867,0.011024039036993076,1000,"20 announcement dates, circular, all currencies together"
cny50_month_direct_full20_urgent_cap2,5,cny50_quarter_direct_full20_urgent_cap2,1.4994565186474271,1.8114111482513622,-0.02486938676894889,0.05886723603673566,1000,"20 announcement dates, circular, all currencies together"
cny50_month_direct_full20_urgent_cap2,10,cny50_quarter_direct_full20_urgent_cap2,1.4264946787932988,1.7453978220461235,-0.009749789318355694,0.09748034537589996,1000,"20 announcement dates, circular, all currencies together"
cny50_month_direct_full20_urgent_cap2,20,cny50_quarter_direct_full20_urgent_cap2,1.440386275401839,1.7660290445699474,-0.008415604545349398,0.1085931728263839,1000,"20 announcement dates, circular, all currencies together"
cny50_month_direct_full20_urgent_cap2,mean,cny50_quarter_direct_full20_urgent_cap2,,,-0.020179781187197213,0.04972692243811317,1000,
quarter_direct_mature5_h5_urgent_cap2,1,quarter_direct_mature5_h5_urgent_cap2,1.3796155938163952,1.5382421116657996,0.0,0.0,1000,"20 announcement dates, circular, all currencies together"
quarter_direct_mature5_h5_urgent_cap2,3,quarter_direct_mature5_h5_urgent_cap2,1.38624725092947,1.6307117492154601,0.0,0.0,1000,"20 announcement dates, circular, all currencies together"
quarter_direct_mature5_h5_urgent_cap2,5,quarter_direct_mature5_h5_urgent_cap2,1.4613781144141427,1.7590955354455158,0.0,0.0,1000,"20 announcement dates, circular, all currencies together"
quarter_direct_mature5_h5_urgent_cap2,10,quarter_direct_mature5_h5_urgent_cap2,1.387070219014529,1.7225860983356545,0.0,0.0,1000,"20 announcement dates, circular, all currencies together"
quarter_direct_mature5_h5_urgent_cap2,20,quarter_direct_mature5_h5_urgent_cap2,1.4031024839926909,1.7777641471314536,0.0,0.0,1000,"20 announcement dates, circular, all currencies together"
quarter_direct_mature5_h5_urgent_cap2,mean,quarter_direct_mature5_h5_urgent_cap2,,,0.0,0.0,1000,
month_direct_mature5_h5_urgent_cap2,1,quarter_direct_mature5_h5_urgent_cap2,1.3664158464011331,1.5462682475285403,-0.04579386572083931,0.03621339678802352,1000,"20 announcement dates, circular, all currencies together"
month_direct_mature5_h5_urgent_cap2,3,quarter_direct_mature5_h5_urgent_cap2,1.3683665854699907,1.597433753239438,-0.076934356421904,0.020290276470456767,1000,"20 announcement dates, circular, all currencies together"
month_direct_mature5_h5_urgent_cap2,5,quarter_direct_mature5_h5_urgent_cap2,1.4642566741105725,1.7653932766811056,-0.06229002137900326,0.06473364592611817,1000,"20 announcement dates, circular, all currencies together"
month_direct_mature5_h5_urgent_cap2,10,quarter_direct_mature5_h5_urgent_cap2,1.4012416906217984,1.7086629664452138,-0.08215076528195894,0.06973436994444833,1000,"20 announcement dates, circular, all currencies together"
month_direct_mature5_h5_urgent_cap2,20,quarter_direct_mature5_h5_urgent_cap2,1.3888765942934524,1.7289647945133222,-0.14771261720612394,0.08687038999841062,1000,"20 announcement dates, circular, all currencies together"
month_direct_mature5_h5_urgent_cap2,mean,quarter_direct_mature5_h5_urgent_cap2,,,-0.07593656717420433,0.04513978868919659,1000,
cny50_quarter_direct_mature5_urgent_cap2,1,cny50_quarter_direct_mature5_urgent_cap2,1.3939716867279301,1.5728154784862027,0.0,0.0,1000,"20 announcement dates, circular, all currencies together"
cny50_quarter_direct_mature5_urgent_cap2,3,cny50_quarter_direct_mature5_urgent_cap2,1.384785663579625,1.645083310571205,0.0,0.0,1000,"20 announcement dates, circular, all currencies together"
cny50_quarter_direct_mature5_urgent_cap2,5,cny50_quarter_direct_mature5_urgent_cap2,1.4762576812805226,1.7819623685347357,0.0,0.0,1000,"20 announcement dates, circular, all currencies together"
cny50_quarter_direct_mature5_urgent_cap2,10,cny50_quarter_direct_mature5_urgent_cap2,1.4086669113925079,1.7249005010030634,0.0,0.0,1000,"20 announcement dates, circular, all currencies together"
cny50_quarter_direct_mature5_urgent_cap2,20,cny50_quarter_direct_mature5_urgent_cap2,1.3968937498491947,1.7485441380779456,0.0,0.0,1000,"20 announcement dates, circular, all currencies together"
cny50_quarter_direct_mature5_urgent_cap2,mean,cny50_quarter_direct_mature5_urgent_cap2,,,0.0,0.0,1000,
cny50_month_direct_mature5_urgent_cap2,1,cny50_quarter_direct_mature5_urgent_cap2,1.3972208322589412,1.5634189027797698,-0.02954832472999997,0.02754795591451,1000,"20 announcement dates, circular, all currencies together"
cny50_month_direct_mature5_urgent_cap2,3,cny50_quarter_direct_mature5_urgent_cap2,1.362116180826016,1.5910782680963953,-0.08969064466254935,0.01699268835722485,1000,"20 announcement dates, circular, all currencies together"
cny50_month_direct_mature5_urgent_cap2,5,cny50_quarter_direct_mature5_urgent_cap2,1.4650397363739343,1.7524713367969253,-0.05817609665208257,0.009102879303033093,1000,"20 announcement dates, circular, all currencies together"
cny50_month_direct_mature5_urgent_cap2,10,cny50_quarter_direct_mature5_urgent_cap2,1.3841652156092914,1.6855896459621116,-0.06978542641106297,0.012577679397543538,1000,"20 announcement dates, circular, all currencies together"
cny50_month_direct_mature5_urgent_cap2,20,cny50_quarter_direct_mature5_urgent_cap2,1.3681196977220191,1.6924325231354076,-0.08084746266474765,0.00412533645743187,1000,"20 announcement dates, circular, all currencies together"
cny50_month_direct_mature5_urgent_cap2,mean,cny50_quarter_direct_mature5_urgent_cap2,,,-0.057166347377765526,0.00599299791401688,1000,
quarter_coarse_full20_h5_urgent_cap2,1,quarter_coarse_full20_h5_urgent_cap2,1.3660121089598583,1.5377083743094837,0.0,0.0,1000,"20 announcement dates, circular, all currencies together"
quarter_coarse_full20_h5_urgent_cap2,3,quarter_coarse_full20_h5_urgent_cap2,1.3922560476644816,1.6537687809896993,0.0,0.0,1000,"20 announcement dates, circular, all currencies together"
quarter_coarse_full20_h5_urgent_cap2,5,quarter_coarse_full20_h5_urgent_cap2,1.4653650703178567,1.7824200668875878,0.0,0.0,1000,"20 announcement dates, circular, all currencies together"
quarter_coarse_full20_h5_urgent_cap2,10,quarter_coarse_full20_h5_urgent_cap2,1.4238525409753842,1.7614043880620793,0.0,0.0,1000,"20 announcement dates, circular, all currencies together"
quarter_coarse_full20_h5_urgent_cap2,20,quarter_coarse_full20_h5_urgent_cap2,1.4013442154662443,1.7858438779636798,0.0,0.0,1000,"20 announcement dates, circular, all currencies together"
quarter_coarse_full20_h5_urgent_cap2,mean,quarter_coarse_full20_h5_urgent_cap2,,,0.0,0.0,1000,
month_coarse_full20_h5_urgent_cap2,1,quarter_coarse_full20_h5_urgent_cap2,1.359220433820209,1.5056013601178848,-0.05883919632973086,0.01916649366761456,1000,"20 announcement dates, circular, all currencies together"
month_coarse_full20_h5_urgent_cap2,3,quarter_coarse_full20_h5_urgent_cap2,1.4017031974509886,1.633113484007234,-0.059174470593529704,0.039622575271855955,1000,"20 announcement dates, circular, all currencies together"
month_coarse_full20_h5_urgent_cap2,5,quarter_coarse_full20_h5_urgent_cap2,1.473744051121177,1.7680895334179203,-0.06549910050296971,0.05185422192888003,1000,"20 announcement dates, circular, all currencies together"
month_coarse_full20_h5_urgent_cap2,10,quarter_coarse_full20_h5_urgent_cap2,1.3940587931659227,1.738092295943494,-0.08407660632832677,0.03332112899088169,1000,"20 announcement dates, circular, all currencies together"
month_coarse_full20_h5_urgent_cap2,20,quarter_coarse_full20_h5_urgent_cap2,1.4107654217218444,1.78928991025069,-0.07206420634259403,0.06955758884957074,1000,"20 announcement dates, circular, all currencies together"
month_coarse_full20_h5_urgent_cap2,mean,quarter_coarse_full20_h5_urgent_cap2,,,-0.05776356323051997,0.03363522380686328,1000,
cny50_quarter_coarse_full20_urgent_cap2,1,cny50_quarter_coarse_full20_urgent_cap2,1.395941078370218,1.5591394039566833,0.0,0.0,1000,"20 announcement dates, circular, all currencies together"
cny50_quarter_coarse_full20_urgent_cap2,3,cny50_quarter_coarse_full20_urgent_cap2,1.3996483021205044,1.6509720159022865,0.0,0.0,1000,"20 announcement dates, circular, all currencies together"
cny50_quarter_coarse_full20_urgent_cap2,5,cny50_quarter_coarse_full20_urgent_cap2,1.4792803143496882,1.796702299913417,0.0,0.0,1000,"20 announcement dates, circular, all currencies together"
cny50_quarter_coarse_full20_urgent_cap2,10,cny50_quarter_coarse_full20_urgent_cap2,1.4192472652132941,1.7308138510541233,0.0,0.0,1000,"20 announcement dates, circular, all currencies together"
cny50_quarter_coarse_full20_urgent_cap2,20,cny50_quarter_coarse_full20_urgent_cap2,1.4011210106684928,1.7586698078265852,0.0,0.0,1000,"20 announcement dates, circular, all currencies together"
cny50_quarter_coarse_full20_urgent_cap2,mean,cny50_quarter_coarse_full20_urgent_cap2,,,0.0,0.0,1000,
cny50_month_coarse_full20_urgent_cap2,1,cny50_quarter_coarse_full20_urgent_cap2,1.4043785229743322,1.560607132926343,-0.032462230378929764,0.04955763141053974,1000,"20 announcement dates, circular, all currencies together"
cny50_month_coarse_full20_urgent_cap2,3,cny50_quarter_coarse_full20_urgent_cap2,1.391576340794584,1.6475011954983263,-0.04250760461428436,0.03300438975143443,1000,"20 announcement dates, circular, all currencies together"
cny50_month_coarse_full20_urgent_cap2,5,cny50_quarter_coarse_full20_urgent_cap2,1.470452827880386,1.796978425028092,-0.041327933136631495,0.0376578114198991,1000,"20 announcement dates, circular, all currencies together"
cny50_month_coarse_full20_urgent_cap2,10,cny50_quarter_coarse_full20_urgent_cap2,1.4004922345031894,1.733061707089751,-0.06781388144325765,0.03486604274522731,1000,"20 announcement dates, circular, all currencies together"
cny50_month_coarse_full20_urgent_cap2,20,cny50_quarter_coarse_full20_urgent_cap2,1.4058008004409113,1.7496905730390602,-0.04881925236114455,0.0609412189620973,1000,"20 announcement dates, circular, all currencies together"
cny50_month_coarse_full20_urgent_cap2,mean,cny50_quarter_coarse_full20_urgent_cap2,,,-0.03970132573802458,0.03461829956387194,1000,
quarter_coarse_full20_mean_urgent_cap2,1,quarter_coarse_full20_mean_urgent_cap2,1.3758972412347703,1.5447948279625061,0.0,0.0,1000,"20 announcement dates, circular, all currencies together"
quarter_coarse_full20_mean_urgent_cap2,3,quarter_coarse_full20_mean_urgent_cap2,1.3914506664681758,1.6482665814552087,0.0,0.0,1000,"20 announcement dates, circular, all currencies together"
quarter_coarse_full20_mean_urgent_cap2,5,quarter_coarse_full20_mean_urgent_cap2,1.4821471683490743,1.7866620569121732,0.0,0.0,1000,"20 announcement dates, circular, all currencies together"
quarter_coarse_full20_mean_urgent_cap2,10,quarter_coarse_full20_mean_urgent_cap2,1.4097552106185798,1.739079004784328,0.0,0.0,1000,"20 announcement dates, circular, all currencies together"
quarter_coarse_full20_mean_urgent_cap2,20,quarter_coarse_full20_mean_urgent_cap2,1.3704718389311423,1.746251156459389,0.0,0.0,1000,"20 announcement dates, circular, all currencies together"
quarter_coarse_full20_mean_urgent_cap2,mean,quarter_coarse_full20_mean_urgent_cap2,,,0.0,0.0,1000,
month_coarse_full20_mean_urgent_cap2,1,quarter_coarse_full20_mean_urgent_cap2,1.3785249502575725,1.5273733011899024,-0.038303819150250946,0.02941753415577761,1000,"20 announcement dates, circular, all currencies together"
month_coarse_full20_mean_urgent_cap2,3,quarter_coarse_full20_mean_urgent_cap2,1.3783166499266837,1.6187467744861892,-0.05990589190896542,0.01956203486128258,1000,"20 announcement dates, circular, all currencies together"
month_coarse_full20_mean_urgent_cap2,5,quarter_coarse_full20_mean_urgent_cap2,1.4621407453932438,1.7666824510160646,-0.06024546332818775,0.021066435265501397,1000,"20 announcement dates, circular, all currencies together"
month_coarse_full20_mean_urgent_cap2,10,quarter_coarse_full20_mean_urgent_cap2,1.3863665860741163,1.7094087826243984,-0.07066712416047602,0.010720999915567837,1000,"20 announcement dates, circular, all currencies together"
month_coarse_full20_mean_urgent_cap2,20,quarter_coarse_full20_mean_urgent_cap2,1.3862167212414174,1.7284512151230338,-0.05842317303332718,0.05407991552228679,1000,"20 announcement dates, circular, all currencies together"
month_coarse_full20_mean_urgent_cap2,mean,quarter_coarse_full20_mean_urgent_cap2,,,-0.0506743409347929,0.018465306350985304,1000,
quarter_coarse_partial_h5_urgent_cap2,1,quarter_coarse_partial_h5_urgent_cap2,1.3797065649127442,1.5555076414709763,0.0,0.0,1000,"20 announcement dates, circular, all currencies together"
quarter_coarse_partial_h5_urgent_cap2,3,quarter_coarse_partial_h5_urgent_cap2,1.4079789709837216,1.672561320639318,0.0,0.0,1000,"20 announcement dates, circular, all currencies together"
quarter_coarse_partial_h5_urgent_cap2,5,quarter_coarse_partial_h5_urgent_cap2,1.4752405042535788,1.7861956194649866,0.0,0.0,1000,"20 announcement dates, circular, all currencies together"
quarter_coarse_partial_h5_urgent_cap2,10,quarter_coarse_partial_h5_urgent_cap2,1.4289087030886771,1.763715738302806,0.0,0.0,1000,"20 announcement dates, circular, all currencies together"
quarter_coarse_partial_h5_urgent_cap2,20,quarter_coarse_partial_h5_urgent_cap2,1.4359942162206383,1.7962400965933043,0.0,0.0,1000,"20 announcement dates, circular, all currencies together"
quarter_coarse_partial_h5_urgent_cap2,mean,quarter_coarse_partial_h5_urgent_cap2,,,0.0,0.0,1000,
month_coarse_partial_h5_urgent_cap2,1,quarter_coarse_partial_h5_urgent_cap2,1.380761039828807,1.5539467967562468,-0.04481835509712097,0.0394470925553779,1000,"20 announcement dates, circular, all currencies together"
month_coarse_partial_h5_urgent_cap2,3,quarter_coarse_partial_h5_urgent_cap2,1.4070688219605627,1.6766075292834106,-0.046951975853265486,0.06397369511089043,1000,"20 announcement dates, circular, all currencies together"
month_coarse_partial_h5_urgent_cap2,5,quarter_coarse_partial_h5_urgent_cap2,1.4887497741303075,1.8302195270507413,-0.038199481517791053,0.11209183114228799,1000,"20 announcement dates, circular, all currencies together"
month_coarse_partial_h5_urgent_cap2,10,quarter_coarse_partial_h5_urgent_cap2,1.429225693070313,1.7765111360854204,-0.06605364578705188,0.11463608884972448,1000,"20 announcement dates, circular, all currencies together"
month_coarse_partial_h5_urgent_cap2,20,quarter_coarse_partial_h5_urgent_cap2,1.4544526912777938,1.8287792776745428,-0.07567863650196567,0.16690569834054628,1000,"20 announcement dates, circular, all currencies together"
month_coarse_partial_h5_urgent_cap2,mean,quarter_coarse_partial_h5_urgent_cap2,,,-0.04718238265879339,0.0942237819397261,1000,
cny50_quarter_coarse_partial_urgent_cap2,1,cny50_quarter_coarse_partial_urgent_cap2,1.388058076650329,1.547082580040443,0.0,0.0,1000,"20 announcement dates, circular, all currencies together"
cny50_quarter_coarse_partial_urgent_cap2,3,cny50_quarter_coarse_partial_urgent_cap2,1.3923842635869768,1.648352622756579,0.0,0.0,1000,"20 announcement dates, circular, all currencies together"
cny50_quarter_coarse_partial_urgent_cap2,5,cny50_quarter_coarse_partial_urgent_cap2,1.482996689015643,1.800227600207341,0.0,0.0,1000,"20 announcement dates, circular, all currencies together"
cny50_quarter_coarse_partial_urgent_cap2,10,cny50_quarter_coarse_partial_urgent_cap2,1.4327783988138012,1.7506963795201034,0.0,0.0,1000,"20 announcement dates, circular, all currencies together"
cny50_quarter_coarse_partial_urgent_cap2,20,cny50_quarter_coarse_partial_urgent_cap2,1.4247769385851106,1.7517001559051204,0.0,0.0,1000,"20 announcement dates, circular, all currencies together"
cny50_quarter_coarse_partial_urgent_cap2,mean,cny50_quarter_coarse_partial_urgent_cap2,,,0.0,0.0,1000,
cny50_month_coarse_partial_urgent_cap2,1,cny50_quarter_coarse_partial_urgent_cap2,1.3825375755791298,1.5374100575005478,-0.032002221385705146,0.01920229994441935,1000,"20 announcement dates, circular, all currencies together"
cny50_month_coarse_partial_urgent_cap2,3,cny50_quarter_coarse_partial_urgent_cap2,1.3769123425396204,1.634360720370966,-0.050665495636119204,0.025198449903513134,1000,"20 announcement dates, circular, all currencies together"
cny50_month_coarse_partial_urgent_cap2,5,cny50_quarter_coarse_partial_urgent_cap2,1.4677008517000294,1.7819760173640458,-0.051038703624748126,0.02498912910374159,1000,"20 announcement dates, circular, all currencies together"
cny50_month_coarse_partial_urgent_cap2,10,cny50_quarter_coarse_partial_urgent_cap2,1.3967371333507859,1.7074604342300392,-0.0754230376882093,0.005685644833368668,1000,"20 announcement dates, circular, all currencies together"
cny50_month_coarse_partial_urgent_cap2,20,cny50_quarter_coarse_partial_urgent_cap2,1.385441965995917,1.7199283568708608,-0.08364876051972321,0.021000435735833687,1000,"20 announcement dates, circular, all currencies together"
cny50_month_coarse_partial_urgent_cap2,mean,cny50_quarter_coarse_partial_urgent_cap2,,,-0.053331198623469744,0.012569388091064363,1000,
quarter_coarse_partial_mean_urgent_cap2,1,quarter_coarse_partial_mean_urgent_cap2,1.3742075369651232,1.544595302781802,0.0,0.0,1000,"20 announcement dates, circular, all currencies together"
quarter_coarse_partial_mean_urgent_cap2,3,quarter_coarse_partial_mean_urgent_cap2,1.4193349076669917,1.6746368424314078,0.0,0.0,1000,"20 announcement dates, circular, all currencies together"
quarter_coarse_partial_mean_urgent_cap2,5,quarter_coarse_partial_mean_urgent_cap2,1.4834678893266533,1.7953321471923893,0.0,0.0,1000,"20 announcement dates, circular, all currencies together"
quarter_coarse_partial_mean_urgent_cap2,10,quarter_coarse_partial_mean_urgent_cap2,1.4256459557917174,1.7486431215809755,0.0,0.0,1000,"20 announcement dates, circular, all currencies together"
quarter_coarse_partial_mean_urgent_cap2,20,quarter_coarse_partial_mean_urgent_cap2,1.4191397471832434,1.7635862781666407,0.0,0.0,1000,"20 announcement dates, circular, all currencies together"
quarter_coarse_partial_mean_urgent_cap2,mean,quarter_coarse_partial_mean_urgent_cap2,,,0.0,0.0,1000,
month_coarse_partial_mean_urgent_cap2,1,quarter_coarse_partial_mean_urgent_cap2,1.3700689024379555,1.5500039518044513,-0.03878291843911384,0.04148919754901698,1000,"20 announcement dates, circular, all currencies together"
month_coarse_partial_mean_urgent_cap2,3,quarter_coarse_partial_mean_urgent_cap2,1.4059195430655602,1.6813759961375472,-0.053053193547617214,0.05072061385942404,1000,"20 announcement dates, circular, all currencies together"
month_coarse_partial_mean_urgent_cap2,5,quarter_coarse_partial_mean_urgent_cap2,1.493384828638268,1.8354725892322916,-0.03580001352804834,0.09771545844300038,1000,"20 announcement dates, circular, all currencies together"
month_coarse_partial_mean_urgent_cap2,10,quarter_coarse_partial_mean_urgent_cap2,1.4407790212607405,1.7839844228276973,-0.046414065836277954,0.11716414361426712,1000,"20 announcement dates, circular, all currencies together"
month_coarse_partial_mean_urgent_cap2,20,quarter_coarse_partial_mean_urgent_cap2,1.4450624175994284,1.8275292694223424,-0.06956878323814294,0.16268081959586425,1000,"20 announcement dates, circular, all currencies together"
month_coarse_partial_mean_urgent_cap2,mean,quarter_coarse_partial_mean_urgent_cap2,,,-0.04269701830887372,0.08713887544471638,1000,
quarter_fine_full20_h5_urgent_cap2,1,quarter_fine_full20_h5_urgent_cap2,1.3858099383444924,1.5659754611559924,0.0,0.0,1000,"20 announcement dates, circular, all currencies together"
quarter_fine_full20_h5_urgent_cap2,3,quarter_fine_full20_h5_urgent_cap2,1.3952435961117324,1.669195920647974,0.0,0.0,1000,"20 announcement dates, circular, all currencies together"
quarter_fine_full20_h5_urgent_cap2,5,quarter_fine_full20_h5_urgent_cap2,1.4885816149872002,1.8082819535721846,0.0,0.0,1000,"20 announcement dates, circular, all currencies together"
quarter_fine_full20_h5_urgent_cap2,10,quarter_fine_full20_h5_urgent_cap2,1.442453540727822,1.7428931241632892,0.0,0.0,1000,"20 announcement dates, circular, all currencies together"
quarter_fine_full20_h5_urgent_cap2,20,quarter_fine_full20_h5_urgent_cap2,1.372976738579947,1.731745888771671,0.0,0.0,1000,"20 announcement dates, circular, all currencies together"
quarter_fine_full20_h5_urgent_cap2,mean,quarter_fine_full20_h5_urgent_cap2,,,0.0,0.0,1000,
month_fine_full20_h5_urgent_cap2,1,quarter_fine_full20_h5_urgent_cap2,1.4010725921930818,1.5884293363065645,-0.026618882674941464,0.05867450032531473,1000,"20 announcement dates, circular, all currencies together"
month_fine_full20_h5_urgent_cap2,3,quarter_fine_full20_h5_urgent_cap2,1.4277562946742186,1.7110244862150936,-0.02449657437621971,0.11624423812125567,1000,"20 announcement dates, circular, all currencies together"
month_fine_full20_h5_urgent_cap2,5,quarter_fine_full20_h5_urgent_cap2,1.495080707809435,1.821920872651067,-0.04640370623052023,0.08192828317381848,1000,"20 announcement dates, circular, all currencies together"
month_fine_full20_h5_urgent_cap2,10,quarter_fine_full20_h5_urgent_cap2,1.432823989627003,1.7299441470120243,-0.06653317302013476,0.04650644279264725,1000,"20 announcement dates, circular, all currencies together"
month_fine_full20_h5_urgent_cap2,20,quarter_fine_full20_h5_urgent_cap2,1.3884493423682331,1.719694330472906,-0.07244804553234835,0.08160540008213621,1000,"20 announcement dates, circular, all currencies together"
month_fine_full20_h5_urgent_cap2,mean,quarter_fine_full20_h5_urgent_cap2,,,-0.03818984690903791,0.06681588250951144,1000,
cny50_quarter_fine_full20_urgent_cap2,1,cny50_quarter_fine_full20_urgent_cap2,1.3921467473530478,1.5642011377886145,0.0,0.0,1000,"20 announcement dates, circular, all currencies together"
cny50_quarter_fine_full20_urgent_cap2,3,cny50_quarter_fine_full20_urgent_cap2,1.3846316852220344,1.655233071041467,0.0,0.0,1000,"20 announcement dates, circular, all currencies together"
cny50_quarter_fine_full20_urgent_cap2,5,cny50_quarter_fine_full20_urgent_cap2,1.4683677739281327,1.7805625478154945,0.0,0.0,1000,"20 announcement dates, circular, all currencies together"
cny50_quarter_fine_full20_urgent_cap2,10,cny50_quarter_fine_full20_urgent_cap2,1.4267255934772995,1.7205398945973003,0.0,0.0,1000,"20 announcement dates, circular, all currencies together"
cny50_quarter_fine_full20_urgent_cap2,20,cny50_quarter_fine_full20_urgent_cap2,1.4321045225157119,1.7340052851984118,0.0,0.0,1000,"20 announcement dates, circular, all currencies together"
cny50_quarter_fine_full20_urgent_cap2,mean,cny50_quarter_fine_full20_urgent_cap2,,,0.0,0.0,1000,
cny50_month_fine_full20_urgent_cap2,1,cny50_quarter_fine_full20_urgent_cap2,1.4026146758947804,1.5681481722506476,-0.012351588076755937,0.03411084037771994,1000,"20 announcement dates, circular, all currencies together"
cny50_month_fine_full20_urgent_cap2,3,cny50_quarter_fine_full20_urgent_cap2,1.4157769723354492,1.6827239872905928,-0.0038934857983044077,0.0677779295368009,1000,"20 announcement dates, circular, all currencies together"
cny50_month_fine_full20_urgent_cap2,5,cny50_quarter_fine_full20_urgent_cap2,1.4783991418855438,1.784845901139083,-0.03623306521330909,0.06723885569349396,1000,"20 announcement dates, circular, all currencies together"
cny50_month_fine_full20_urgent_cap2,10,cny50_quarter_fine_full20_urgent_cap2,1.4184437473410536,1.7170606138821176,-0.0549943764005366,0.04140855835461976,1000,"20 announcement dates, circular, all currencies together"
cny50_month_fine_full20_urgent_cap2,20,cny50_quarter_fine_full20_urgent_cap2,1.4057597635695827,1.7260732262201728,-0.08005772410968942,0.02934512464746206,1000,"20 announcement dates, circular, all currencies together"
cny50_month_fine_full20_urgent_cap2,mean,cny50_quarter_fine_full20_urgent_cap2,,,-0.03173912053792059,0.04251464371675401,1000,
quarter_fine_full20_mean_urgent_cap2,1,quarter_fine_full20_mean_urgent_cap2,1.3954122380081708,1.5741503797523198,0.0,0.0,1000,"20 announcement dates, circular, all currencies together"
quarter_fine_full20_mean_urgent_cap2,3,quarter_fine_full20_mean_urgent_cap2,1.4041508439616996,1.6757393968794654,0.0,0.0,1000,"20 announcement dates, circular, all currencies together"
quarter_fine_full20_mean_urgent_cap2,5,quarter_fine_full20_mean_urgent_cap2,1.495675952498733,1.8151929939474636,0.0,0.0,1000,"20 announcement dates, circular, all currencies together"
quarter_fine_full20_mean_urgent_cap2,10,quarter_fine_full20_mean_urgent_cap2,1.4538259520803576,1.734855211083243,0.0,0.0,1000,"20 announcement dates, circular, all currencies together"
quarter_fine_full20_mean_urgent_cap2,20,quarter_fine_full20_mean_urgent_cap2,1.384882047098966,1.7100310907500478,0.0,0.0,1000,"20 announcement dates, circular, all currencies together"
quarter_fine_full20_mean_urgent_cap2,mean,quarter_fine_full20_mean_urgent_cap2,,,0.0,0.0,1000,
month_fine_full20_mean_urgent_cap2,1,quarter_fine_full20_mean_urgent_cap2,1.3914580725789534,1.5794453076652213,-0.030389786157620335,0.02730580842079862,1000,"20 announcement dates, circular, all currencies together"
month_fine_full20_mean_urgent_cap2,3,quarter_fine_full20_mean_urgent_cap2,1.4364885373296243,1.7048985055256285,-0.022793215051531028,0.08703890641907754,1000,"20 announcement dates, circular, all currencies together"
month_fine_full20_mean_urgent_cap2,5,quarter_fine_full20_mean_urgent_cap2,1.5099841574118054,1.816304955515297,-0.043656794174518794,0.07675017695275155,1000,"20 announcement dates, circular, all currencies together"
month_fine_full20_mean_urgent_cap2,10,quarter_fine_full20_mean_urgent_cap2,1.4160292192199835,1.7108887830745747,-0.08412151712496031,0.03033554907393597,1000,"20 announcement dates, circular, all currencies together"
month_fine_full20_mean_urgent_cap2,20,quarter_fine_full20_mean_urgent_cap2,1.391144782247503,1.7199018676900388,-0.058603407638113475,0.07594724574786983,1000,"20 announcement dates, circular, all currencies together"
month_fine_full20_mean_urgent_cap2,mean,quarter_fine_full20_mean_urgent_cap2,,,-0.03931645291982176,0.04866806285315309,1000,
quarter_fine_partial_h5_urgent_cap2,1,quarter_fine_partial_h5_urgent_cap2,1.3843765225989773,1.5600545176161036,0.0,0.0,1000,"20 announcement dates, circular, all currencies together"
quarter_fine_partial_h5_urgent_cap2,3,quarter_fine_partial_h5_urgent_cap2,1.4244774322679816,1.6762919395809155,0.0,0.0,1000,"20 announcement dates, circular, all currencies together"
quarter_fine_partial_h5_urgent_cap2,5,quarter_fine_partial_h5_urgent_cap2,1.4906648573379602,1.7926094361487257,0.0,0.0,1000,"20 announcement dates, circular, all currencies together"
quarter_fine_partial_h5_urgent_cap2,10,quarter_fine_partial_h5_urgent_cap2,1.4355039872897208,1.7413280624564114,0.0,0.0,1000,"20 announcement dates, circular, all currencies together"
quarter_fine_partial_h5_urgent_cap2,20,quarter_fine_partial_h5_urgent_cap2,1.382516983257268,1.7401329437213264,0.0,0.0,1000,"20 announcement dates, circular, all currencies together"
quarter_fine_partial_h5_urgent_cap2,mean,quarter_fine_partial_h5_urgent_cap2,,,0.0,0.0,1000,
month_fine_partial_h5_urgent_cap2,1,quarter_fine_partial_h5_urgent_cap2,1.3830802787438872,1.563158479102694,-0.03208744155310774,0.03101028611351619,1000,"20 announcement dates, circular, all currencies together"
month_fine_partial_h5_urgent_cap2,3,quarter_fine_partial_h5_urgent_cap2,1.4286287760268939,1.7105686095243662,-0.03235599702439681,0.07112243860846101,1000,"20 announcement dates, circular, all currencies together"
month_fine_partial_h5_urgent_cap2,5,quarter_fine_partial_h5_urgent_cap2,1.5132933225798662,1.847761800386101,-0.025444779559149304,0.12863023455870362,1000,"20 announcement dates, circular, all currencies together"
month_fine_partial_h5_urgent_cap2,10,quarter_fine_partial_h5_urgent_cap2,1.4771646665119358,1.8203070505902927,-0.02234233184952189,0.18262923614129412,1000,"20 announcement dates, circular, all currencies together"
month_fine_partial_h5_urgent_cap2,20,quarter_fine_partial_h5_urgent_cap2,1.4889623412110449,1.8509955635621802,-0.00543891505671773,0.25602144858947945,1000,"20 announcement dates, circular, all currencies together"
month_fine_partial_h5_urgent_cap2,mean,quarter_fine_partial_h5_urgent_cap2,,,-0.013363448217070622,0.12193286179896387,1000,
cny50_quarter_fine_partial_urgent_cap2,1,cny50_quarter_fine_partial_urgent_cap2,1.4164428411327568,1.5794008238831854,0.0,0.0,1000,"20 announcement dates, circular, all currencies together"
cny50_quarter_fine_partial_urgent_cap2,3,cny50_quarter_fine_partial_urgent_cap2,1.4181286467253358,1.6656667135512577,0.0,0.0,1000,"20 announcement dates, circular, all currencies together"
cny50_quarter_fine_partial_urgent_cap2,5,cny50_quarter_fine_partial_urgent_cap2,1.4918899111730861,1.7838573689073842,0.0,0.0,1000,"20 announcement dates, circular, all currencies together"
cny50_quarter_fine_partial_urgent_cap2,10,cny50_quarter_fine_partial_urgent_cap2,1.4576944813270438,1.7361230682590576,0.0,0.0,1000,"20 announcement dates, circular, all currencies together"
cny50_quarter_fine_partial_urgent_cap2,20,cny50_quarter_fine_partial_urgent_cap2,1.4455269459242064,1.7504739409140708,0.0,0.0,1000,"20 announcement dates, circular, all currencies together"
cny50_quarter_fine_partial_urgent_cap2,mean,cny50_quarter_fine_partial_urgent_cap2,,,0.0,0.0,1000,
cny50_month_fine_partial_urgent_cap2,1,cny50_quarter_fine_partial_urgent_cap2,1.3935462996688437,1.5559211147702576,-0.0561667072591465,0.005816913363766795,1000,"20 announcement dates, circular, all currencies together"
cny50_month_fine_partial_urgent_cap2,3,cny50_quarter_fine_partial_urgent_cap2,1.3899227953030786,1.6175011761087348,-0.08560494239082682,0.013394412679615948,1000,"20 announcement dates, circular, all currencies together"
cny50_month_fine_partial_urgent_cap2,5,cny50_quarter_fine_partial_urgent_cap2,1.4826570397168937,1.7807730095025023,-0.06226017343037905,0.06252024344164452,1000,"20 announcement dates, circular, all currencies together"
cny50_month_fine_partial_urgent_cap2,10,cny50_quarter_fine_partial_urgent_cap2,1.4268463856406872,1.7208492756167793,-0.0780916649281508,0.03323571653872561,1000,"20 announcement dates, circular, all currencies together"
cny50_month_fine_partial_urgent_cap2,20,cny50_quarter_fine_partial_urgent_cap2,1.4069834163002946,1.7344783994710524,-0.08414481874927568,0.05031470657226095,1000,"20 announcement dates, circular, all currencies together"
cny50_month_fine_partial_urgent_cap2,mean,cny50_quarter_fine_partial_urgent_cap2,,,-0.06776427673170884,0.0233919933419164,1000,
quarter_fine_partial_mean_urgent_cap2,1,quarter_fine_partial_mean_urgent_cap2,1.3932747853337957,1.5650354302812433,0.0,0.0,1000,"20 announcement dates, circular, all currencies together"
quarter_fine_partial_mean_urgent_cap2,3,quarter_fine_partial_mean_urgent_cap2,1.4278609010931849,1.6874564987967022,0.0,0.0,1000,"20 announcement dates, circular, all currencies together"
quarter_fine_partial_mean_urgent_cap2,5,quarter_fine_partial_mean_urgent_cap2,1.5007026527977505,1.8103198006029966,0.0,0.0,1000,"20 announcement dates, circular, all currencies together"
quarter_fine_partial_mean_urgent_cap2,10,quarter_fine_partial_mean_urgent_cap2,1.4443634693547003,1.7528465914506643,0.0,0.0,1000,"20 announcement dates, circular, all currencies together"
quarter_fine_partial_mean_urgent_cap2,20,quarter_fine_partial_mean_urgent_cap2,1.4265985417990683,1.7744660735770108,0.0,0.0,1000,"20 announcement dates, circular, all currencies together"
quarter_fine_partial_mean_urgent_cap2,mean,quarter_fine_partial_mean_urgent_cap2,,,0.0,0.0,1000,
month_fine_partial_mean_urgent_cap2,1,quarter_fine_partial_mean_urgent_cap2,1.386980921184424,1.5660982091294557,-0.03861753604571012,0.03242825644603496,1000,"20 announcement dates, circular, all currencies together"
month_fine_partial_mean_urgent_cap2,3,quarter_fine_partial_mean_urgent_cap2,1.4274403963298634,1.6958464769450428,-0.040235984667155854,0.04669505899091835,1000,"20 announcement dates, circular, all currencies together"
month_fine_partial_mean_urgent_cap2,5,quarter_fine_partial_mean_urgent_cap2,1.5158917984611286,1.8329871728338667,-0.039862995341769604,0.09225316148498844,1000,"20 announcement dates, circular, all currencies together"
month_fine_partial_mean_urgent_cap2,10,quarter_fine_partial_mean_urgent_cap2,1.466263158749387,1.8050864998073641,-0.03887998718176462,0.13589656450948234,1000,"20 announcement dates, circular, all currencies together"
month_fine_partial_mean_urgent_cap2,20,quarter_fine_partial_mean_urgent_cap2,1.4684099243846052,1.8149384159090312,-0.06188776610876316,0.18593132335070506,1000,"20 announcement dates, circular, all currencies together"
month_fine_partial_mean_urgent_cap2,mean,quarter_fine_partial_mean_urgent_cap2,,,-0.033059643381294794,0.08702318749137011,1000,
quarter_coarse_full20_h5_urgent_cap2,1,quarter_coarse_full20_h5_urgent_cap2,1.3660121089598583,1.5377083743094837,0.0,0.0,1000,"20 announcement dates, circular, all currencies together"
quarter_coarse_full20_h5_urgent_cap2,3,quarter_coarse_full20_h5_urgent_cap2,1.3922560476644816,1.6537687809896993,0.0,0.0,1000,"20 announcement dates, circular, all currencies together"
quarter_coarse_full20_h5_urgent_cap2,5,quarter_coarse_full20_h5_urgent_cap2,1.4653650703178567,1.7824200668875878,0.0,0.0,1000,"20 announcement dates, circular, all currencies together"
quarter_coarse_full20_h5_urgent_cap2,10,quarter_coarse_full20_h5_urgent_cap2,1.4238525409753842,1.7614043880620793,0.0,0.0,1000,"20 announcement dates, circular, all currencies together"
quarter_coarse_full20_h5_urgent_cap2,20,quarter_coarse_full20_h5_urgent_cap2,1.4013442154662443,1.7858438779636798,0.0,0.0,1000,"20 announcement dates, circular, all currencies together"
quarter_coarse_full20_h5_urgent_cap2,mean,quarter_coarse_full20_h5_urgent_cap2,,,0.0,0.0,1000,
quarter_fine_full20_h5_urgent_cap2,1,quarter_coarse_full20_h5_urgent_cap2,1.3858099383444924,1.5659754611559924,-0.013323728560847408,0.07029949300536398,1000,"20 announcement dates, circular, all currencies together"
quarter_fine_full20_h5_urgent_cap2,3,quarter_coarse_full20_h5_urgent_cap2,1.3952435961117324,1.669195920647974,-0.063206767192864,0.07144017159868166,1000,"20 announcement dates, circular, all currencies together"
quarter_fine_full20_h5_urgent_cap2,5,quarter_coarse_full20_h5_urgent_cap2,1.4885816149872002,1.8082819535721846,-0.06927087715978957,0.10092969205499393,1000,"20 announcement dates, circular, all currencies together"
quarter_fine_full20_h5_urgent_cap2,10,quarter_coarse_full20_h5_urgent_cap2,1.442453540727822,1.7428931241632892,-0.09358820790381407,0.1011850027148161,1000,"20 announcement dates, circular, all currencies together"
quarter_fine_full20_h5_urgent_cap2,20,quarter_coarse_full20_h5_urgent_cap2,1.372976738579947,1.731745888771671,-0.1591719072223787,0.07897542050270837,1000,"20 announcement dates, circular, all currencies together"
quarter_fine_full20_h5_urgent_cap2,mean,quarter_coarse_full20_h5_urgent_cap2,,,-0.06904147651532525,0.07673685084909608,1000,
cny50_quarter_coarse_full20_urgent_cap2,1,cny50_quarter_coarse_full20_urgent_cap2,1.395941078370218,1.5591394039566833,0.0,0.0,1000,"20 announcement dates, circular, all currencies together"
cny50_quarter_coarse_full20_urgent_cap2,3,cny50_quarter_coarse_full20_urgent_cap2,1.3996483021205044,1.6509720159022865,0.0,0.0,1000,"20 announcement dates, circular, all currencies together"
cny50_quarter_coarse_full20_urgent_cap2,5,cny50_quarter_coarse_full20_urgent_cap2,1.4792803143496882,1.796702299913417,0.0,0.0,1000,"20 announcement dates, circular, all currencies together"
cny50_quarter_coarse_full20_urgent_cap2,10,cny50_quarter_coarse_full20_urgent_cap2,1.4192472652132941,1.7308138510541233,0.0,0.0,1000,"20 announcement dates, circular, all currencies together"
cny50_quarter_coarse_full20_urgent_cap2,20,cny50_quarter_coarse_full20_urgent_cap2,1.4011210106684928,1.7586698078265852,0.0,0.0,1000,"20 announcement dates, circular, all currencies together"
cny50_quarter_coarse_full20_urgent_cap2,mean,cny50_quarter_coarse_full20_urgent_cap2,,,0.0,0.0,1000,
cny50_quarter_fine_full20_urgent_cap2,1,cny50_quarter_coarse_full20_urgent_cap2,1.3921467473530478,1.5642011377886145,-0.029188823233050297,0.027398964569073748,1000,"20 announcement dates, circular, all currencies together"
cny50_quarter_fine_full20_urgent_cap2,3,cny50_quarter_coarse_full20_urgent_cap2,1.3846316852220344,1.655233071041467,-0.051764045495501,0.028460656891356198,1000,"20 announcement dates, circular, all currencies together"
cny50_quarter_fine_full20_urgent_cap2,5,cny50_quarter_coarse_full20_urgent_cap2,1.4683677739281327,1.7805625478154945,-0.06582453013209068,0.027324598052937153,1000,"20 announcement dates, circular, all currencies together"
cny50_quarter_fine_full20_urgent_cap2,10,cny50_quarter_coarse_full20_urgent_cap2,1.4267255934772995,1.7205398945973003,-0.06193128759032554,0.0505398171864457,1000,"20 announcement dates, circular, all currencies together"
cny50_quarter_fine_full20_urgent_cap2,20,cny50_quarter_coarse_full20_urgent_cap2,1.4321045225157119,1.7340052851984118,-0.06818087691120997,0.07383748857338213,1000,"20 announcement dates, circular, all currencies together"
cny50_quarter_fine_full20_urgent_cap2,mean,cny50_quarter_coarse_full20_urgent_cap2,,,-0.04863550677378196,0.03513972842627157,1000,
quarter_coarse_full20_mean_urgent_cap2,1,quarter_coarse_full20_mean_urgent_cap2,1.3758972412347703,1.5447948279625061,0.0,0.0,1000,"20 announcement dates, circular, all currencies together"
quarter_coarse_full20_mean_urgent_cap2,3,quarter_coarse_full20_mean_urgent_cap2,1.3914506664681758,1.6482665814552087,0.0,0.0,1000,"20 announcement dates, circular, all currencies together"
quarter_coarse_full20_mean_urgent_cap2,5,quarter_coarse_full20_mean_urgent_cap2,1.4821471683490743,1.7866620569121732,0.0,0.0,1000,"20 announcement dates, circular, all currencies together"
quarter_coarse_full20_mean_urgent_cap2,10,quarter_coarse_full20_mean_urgent_cap2,1.4097552106185798,1.739079004784328,0.0,0.0,1000,"20 announcement dates, circular, all currencies together"
quarter_coarse_full20_mean_urgent_cap2,20,quarter_coarse_full20_mean_urgent_cap2,1.3704718389311423,1.746251156459389,0.0,0.0,1000,"20 announcement dates, circular, all currencies together"
quarter_coarse_full20_mean_urgent_cap2,mean,quarter_coarse_full20_mean_urgent_cap2,,,0.0,0.0,1000,
quarter_fine_full20_mean_urgent_cap2,1,quarter_coarse_full20_mean_urgent_cap2,1.3954122380081708,1.5741503797523198,-0.00758805966210595,0.061758057699723715,1000,"20 announcement dates, circular, all currencies together"
quarter_fine_full20_mean_urgent_cap2,3,quarter_coarse_full20_mean_urgent_cap2,1.4041508439616996,1.6757393968794654,-0.047743644020628015,0.08717724627997317,1000,"20 announcement dates, circular, all currencies together"
quarter_fine_full20_mean_urgent_cap2,5,quarter_coarse_full20_mean_urgent_cap2,1.495675952498733,1.8151929939474636,-0.05468990332479253,0.10083164393649965,1000,"20 announcement dates, circular, all currencies together"
quarter_fine_full20_mean_urgent_cap2,10,quarter_coarse_full20_mean_urgent_cap2,1.4538259520803576,1.734855211083243,-0.07207394133552737,0.10506951163426542,1000,"20 announcement dates, circular, all currencies together"
quarter_fine_full20_mean_urgent_cap2,20,quarter_coarse_full20_mean_urgent_cap2,1.384882047098966,1.7100310907500478,-0.13110837836850045,0.09551255531421257,1000,"20 announcement dates, circular, all currencies together"
quarter_fine_full20_mean_urgent_cap2,mean,quarter_coarse_full20_mean_urgent_cap2,,,-0.05264117680117542,0.0812091950264363,1000,
quarter_coarse_partial_h5_urgent_cap2,1,quarter_coarse_partial_h5_urgent_cap2,1.3797065649127442,1.5555076414709763,0.0,0.0,1000,"20 announcement dates, circular, all currencies together"
quarter_coarse_partial_h5_urgent_cap2,3,quarter_coarse_partial_h5_urgent_cap2,1.4079789709837216,1.672561320639318,0.0,0.0,1000,"20 announcement dates, circular, all currencies together"
quarter_coarse_partial_h5_urgent_cap2,5,quarter_coarse_partial_h5_urgent_cap2,1.4752405042535788,1.7861956194649866,0.0,0.0,1000,"20 announcement dates, circular, all currencies together"
quarter_coarse_partial_h5_urgent_cap2,10,quarter_coarse_partial_h5_urgent_cap2,1.4289087030886771,1.763715738302806,0.0,0.0,1000,"20 announcement dates, circular, all currencies together"
quarter_coarse_partial_h5_urgent_cap2,20,quarter_coarse_partial_h5_urgent_cap2,1.4359942162206383,1.7962400965933043,0.0,0.0,1000,"20 announcement dates, circular, all currencies together"
quarter_coarse_partial_h5_urgent_cap2,mean,quarter_coarse_partial_h5_urgent_cap2,,,0.0,0.0,1000,
quarter_fine_partial_h5_urgent_cap2,1,quarter_coarse_partial_h5_urgent_cap2,1.3843765225989773,1.5600545176161036,-0.03921630825745533,0.04541283499889865,1000,"20 announcement dates, circular, all currencies together"
quarter_fine_partial_h5_urgent_cap2,3,quarter_coarse_partial_h5_urgent_cap2,1.4244774322679816,1.6762919395809155,-0.04545943819650744,0.07487333795052331,1000,"20 announcement dates, circular, all currencies together"
quarter_fine_partial_h5_urgent_cap2,5,quarter_coarse_partial_h5_urgent_cap2,1.4906648573379602,1.7926094361487257,-0.05306678007464473,0.08486531345369609,1000,"20 announcement dates, circular, all currencies together"
quarter_fine_partial_h5_urgent_cap2,10,quarter_coarse_partial_h5_urgent_cap2,1.4355039872897208,1.7413280624564114,-0.09484300257456112,0.08241812511420293,1000,"20 announcement dates, circular, all currencies together"
quarter_fine_partial_h5_urgent_cap2,20,quarter_coarse_partial_h5_urgent_cap2,1.382516983257268,1.7401329437213264,-0.1670494160999998,0.07520546735138987,1000,"20 announcement dates, circular, all currencies together"
quarter_fine_partial_h5_urgent_cap2,mean,quarter_coarse_partial_h5_urgent_cap2,,,-0.0668712038010975,0.06263478153179752,1000,
cny50_quarter_coarse_partial_urgent_cap2,1,cny50_quarter_coarse_partial_urgent_cap2,1.388058076650329,1.547082580040443,0.0,0.0,1000,"20 announcement dates, circular, all currencies together"
cny50_quarter_coarse_partial_urgent_cap2,3,cny50_quarter_coarse_partial_urgent_cap2,1.3923842635869768,1.648352622756579,0.0,0.0,1000,"20 announcement dates, circular, all currencies together"
cny50_quarter_coarse_partial_urgent_cap2,5,cny50_quarter_coarse_partial_urgent_cap2,1.482996689015643,1.800227600207341,0.0,0.0,1000,"20 announcement dates, circular, all currencies together"
cny50_quarter_coarse_partial_urgent_cap2,10,cny50_quarter_coarse_partial_urgent_cap2,1.4327783988138012,1.7506963795201034,0.0,0.0,1000,"20 announcement dates, circular, all currencies together"
cny50_quarter_coarse_partial_urgent_cap2,20,cny50_quarter_coarse_partial_urgent_cap2,1.4247769385851106,1.7517001559051204,0.0,0.0,1000,"20 announcement dates, circular, all currencies together"
cny50_quarter_coarse_partial_urgent_cap2,mean,cny50_quarter_coarse_partial_urgent_cap2,,,0.0,0.0,1000,
cny50_quarter_fine_partial_urgent_cap2,1,cny50_quarter_coarse_partial_urgent_cap2,1.4164428411327568,1.5794008238831854,-0.0007618949478683896,0.060955745013619674,1000,"20 announcement dates, circular, all currencies together"
cny50_quarter_fine_partial_urgent_cap2,3,cny50_quarter_coarse_partial_urgent_cap2,1.4181286467253358,1.6656667135512577,-0.02400920813164276,0.07222578988569081,1000,"20 announcement dates, circular, all currencies together"
cny50_quarter_fine_partial_urgent_cap2,5,cny50_quarter_coarse_partial_urgent_cap2,1.4918899111730861,1.7838573689073842,-0.053854973845660875,0.061280005160655446,1000,"20 announcement dates, circular, all currencies together"
cny50_quarter_fine_partial_urgent_cap2,10,cny50_quarter_coarse_partial_urgent_cap2,1.4576944813270438,1.7361230682590576,-0.04907160605774983,0.08213415642019573,1000,"20 announcement dates, circular, all currencies together"
cny50_quarter_fine_partial_urgent_cap2,20,cny50_quarter_coarse_partial_urgent_cap2,1.4455269459242064,1.7504739409140708,-0.07280759739985486,0.09013695375149829,1000,"20 announcement dates, circular, all currencies together"
cny50_quarter_fine_partial_urgent_cap2,mean,cny50_quarter_coarse_partial_urgent_cap2,,,-0.027048377447051197,0.06439477646754246,1000,
quarter_coarse_partial_mean_urgent_cap2,1,quarter_coarse_partial_mean_urgent_cap2,1.3742075369651232,1.544595302781802,0.0,0.0,1000,"20 announcement dates, circular, all currencies together"
quarter_coarse_partial_mean_urgent_cap2,3,quarter_coarse_partial_mean_urgent_cap2,1.4193349076669917,1.6746368424314078,0.0,0.0,1000,"20 announcement dates, circular, all currencies together"
quarter_coarse_partial_mean_urgent_cap2,5,quarter_coarse_partial_mean_urgent_cap2,1.4834678893266533,1.7953321471923893,0.0,0.0,1000,"20 announcement dates, circular, all currencies together"
quarter_coarse_partial_mean_urgent_cap2,10,quarter_coarse_partial_mean_urgent_cap2,1.4256459557917174,1.7486431215809755,0.0,0.0,1000,"20 announcement dates, circular, all currencies together"
quarter_coarse_partial_mean_urgent_cap2,20,quarter_coarse_partial_mean_urgent_cap2,1.4191397471832434,1.7635862781666407,0.0,0.0,1000,"20 announcement dates, circular, all currencies together"
quarter_coarse_partial_mean_urgent_cap2,mean,quarter_coarse_partial_mean_urgent_cap2,,,0.0,0.0,1000,
quarter_fine_partial_mean_urgent_cap2,1,quarter_coarse_partial_mean_urgent_cap2,1.3932747853337957,1.5650354302812433,-0.022145076872053575,0.05936150228890524,1000,"20 announcement dates, circular, all currencies together"
quarter_fine_partial_mean_urgent_cap2,3,quarter_coarse_partial_mean_urgent_cap2,1.4278609010931849,1.6874564987967022,-0.047660852089075015,0.06848447367506613,1000,"20 announcement dates, circular, all currencies together"
quarter_fine_partial_mean_urgent_cap2,5,quarter_coarse_partial_mean_urgent_cap2,1.5007026527977505,1.8103198006029966,-0.051897446244598154,0.076912300553978,1000,"20 announcement dates, circular, all currencies together"
quarter_fine_partial_mean_urgent_cap2,10,quarter_coarse_partial_mean_urgent_cap2,1.4443634693547003,1.7528465914506643,-0.0651694197901242,0.09072727801181099,1000,"20 announcement dates, circular, all currencies together"
quarter_fine_partial_mean_urgent_cap2,20,quarter_coarse_partial_mean_urgent_cap2,1.4265985417990683,1.7744660735770108,-0.11539832192441273,0.12241378885222585,1000,"20 announcement dates, circular, all currencies together"
quarter_fine_partial_mean_urgent_cap2,mean,quarter_coarse_partial_mean_urgent_cap2,,,-0.048464621824906975,0.07334621045850363,1000,
month_coarse_full20_h5_urgent_cap2,1,month_coarse_full20_h5_urgent_cap2,1.359220433820209,1.5056013601178848,0.0,0.0,1000,"20 announcement dates, circular, all currencies together"
month_coarse_full20_h5_urgent_cap2,3,month_coarse_full20_h5_urgent_cap2,1.4017031974509886,1.633113484007234,0.0,0.0,1000,"20 announcement dates, circular, all currencies together"
month_coarse_full20_h5_urgent_cap2,5,month_coarse_full20_h5_urgent_cap2,1.473744051121177,1.7680895334179203,0.0,0.0,1000,"20 announcement dates, circular, all currencies together"
month_coarse_full20_h5_urgent_cap2,10,month_coarse_full20_h5_urgent_cap2,1.3940587931659227,1.738092295943494,0.0,0.0,1000,"20 announcement dates, circular, all currencies together"
month_coarse_full20_h5_urgent_cap2,20,month_coarse_full20_h5_urgent_cap2,1.4107654217218444,1.78928991025069,0.0,0.0,1000,"20 announcement dates, circular, all currencies together"
month_coarse_full20_h5_urgent_cap2,mean,month_coarse_full20_h5_urgent_cap2,,,0.0,0.0,1000,
month_fine_full20_h5_urgent_cap2,1,month_coarse_full20_h5_urgent_cap2,1.4010725921930818,1.5884293363065645,0.015640355807032377,0.11056551253390981,1000,"20 announcement dates, circular, all currencies together"
month_fine_full20_h5_urgent_cap2,3,month_coarse_full20_h5_urgent_cap2,1.4277562946742186,1.7110244862150936,-0.015478254239179257,0.12787698778877102,1000,"20 announcement dates, circular, all currencies together"
month_fine_full20_h5_urgent_cap2,5,month_coarse_full20_h5_urgent_cap2,1.495080707809435,1.821920872651067,-0.042382387718815695,0.12227870535983161,1000,"20 announcement dates, circular, all currencies together"
month_fine_full20_h5_urgent_cap2,10,month_coarse_full20_h5_urgent_cap2,1.432823989627003,1.7299441470120243,-0.08333748704177357,0.11275027041608207,1000,"20 announcement dates, circular, all currencies together"
month_fine_full20_h5_urgent_cap2,20,month_coarse_full20_h5_urgent_cap2,1.3884493423682331,1.719694330472906,-0.183941531795655,0.09748862892237782,1000,"20 announcement dates, circular, all currencies together"
month_fine_full20_h5_urgent_cap2,mean,month_coarse_full20_h5_urgent_cap2,,,-0.04636681671368634,0.10303034514010886,1000,
cny50_month_coarse_full20_urgent_cap2,1,cny50_month_coarse_full20_urgent_cap2,1.4043785229743322,1.560607132926343,0.0,0.0,1000,"20 announcement dates, circular, all currencies together"
cny50_month_coarse_full20_urgent_cap2,3,cny50_month_coarse_full20_urgent_cap2,1.391576340794584,1.6475011954983263,0.0,0.0,1000,"20 announcement dates, circular, all currencies together"
cny50_month_coarse_full20_urgent_cap2,5,cny50_month_coarse_full20_urgent_cap2,1.470452827880386,1.796978425028092,0.0,0.0,1000,"20 announcement dates, circular, all currencies together"
cny50_month_coarse_full20_urgent_cap2,10,cny50_month_coarse_full20_urgent_cap2,1.4004922345031894,1.733061707089751,0.0,0.0,1000,"20 announcement dates, circular, all currencies together"
cny50_month_coarse_full20_urgent_cap2,20,cny50_month_coarse_full20_urgent_cap2,1.4058008004409113,1.7496905730390602,0.0,0.0,1000,"20 announcement dates, circular, all currencies together"
cny50_month_coarse_full20_urgent_cap2,mean,cny50_month_coarse_full20_urgent_cap2,,,0.0,0.0,1000,
cny50_month_fine_full20_urgent_cap2,1,cny50_month_coarse_full20_urgent_cap2,1.4026146758947804,1.5681481722506476,-0.03646318141571707,0.037130719827157016,1000,"20 announcement dates, circular, all currencies together"
cny50_month_fine_full20_urgent_cap2,3,cny50_month_coarse_full20_urgent_cap2,1.4157769723354492,1.6827239872905928,-0.01518097529876164,0.06425677312676789,1000,"20 announcement dates, circular, all currencies together"
cny50_month_fine_full20_urgent_cap2,5,cny50_month_coarse_full20_urgent_cap2,1.4783991418855438,1.784845901139083,-0.055106812347199295,0.049669180117652784,1000,"20 announcement dates, circular, all currencies together"
cny50_month_fine_full20_urgent_cap2,10,cny50_month_coarse_full20_urgent_cap2,1.4184437473410536,1.7170606138821176,-0.0587428700682618,0.06479033061766037,1000,"20 announcement dates, circular, all currencies together"
cny50_month_fine_full20_urgent_cap2,20,cny50_month_coarse_full20_urgent_cap2,1.4057597635695827,1.7260732262201728,-0.10185902681050998,0.05384572290697633,1000,"20 announcement dates, circular, all currencies together"
cny50_month_fine_full20_urgent_cap2,mean,cny50_month_coarse_full20_urgent_cap2,,,-0.042283744417801986,0.04656713515994328,1000,
month_coarse_full20_mean_urgent_cap2,1,month_coarse_full20_mean_urgent_cap2,1.3785249502575725,1.5273733011899024,0.0,0.0,1000,"20 announcement dates, circular, all currencies together"
month_coarse_full20_mean_urgent_cap2,3,month_coarse_full20_mean_urgent_cap2,1.3783166499266837,1.6187467744861892,0.0,0.0,1000,"20 announcement dates, circular, all currencies together"
month_coarse_full20_mean_urgent_cap2,5,month_coarse_full20_mean_urgent_cap2,1.4621407453932438,1.7666824510160646,0.0,0.0,1000,"20 announcement dates, circular, all currencies together"
month_coarse_full20_mean_urgent_cap2,10,month_coarse_full20_mean_urgent_cap2,1.3863665860741163,1.7094087826243984,0.0,0.0,1000,"20 announcement dates, circular, all currencies together"
month_coarse_full20_mean_urgent_cap2,20,month_coarse_full20_mean_urgent_cap2,1.3862167212414174,1.7284512151230338,0.0,0.0,1000,"20 announcement dates, circular, all currencies together"
month_coarse_full20_mean_urgent_cap2,mean,month_coarse_full20_mean_urgent_cap2,,,0.0,0.0,1000,
month_fine_full20_mean_urgent_cap2,1,month_coarse_full20_mean_urgent_cap2,1.3914580725789534,1.5794453076652213,-0.006478794304977475,0.07132870125607246,1000,"20 announcement dates, circular, all currencies together"
month_fine_full20_mean_urgent_cap2,3,month_coarse_full20_mean_urgent_cap2,1.4364885373296243,1.7048985055256285,0.011631739316371681,0.1370547307667078,1000,"20 announcement dates, circular, all currencies together"
month_fine_full20_mean_urgent_cap2,5,month_coarse_full20_mean_urgent_cap2,1.5099841574118054,1.816304955515297,-0.01437861336171175,0.12783420050110578,1000,"20 announcement dates, circular, all currencies together"
month_fine_full20_mean_urgent_cap2,10,month_coarse_full20_mean_urgent_cap2,1.4160292192199835,1.7108887830745747,-0.06296022299950252,0.09938678878456372,1000,"20 announcement dates, circular, all currencies together"
month_fine_full20_mean_urgent_cap2,20,month_coarse_full20_mean_urgent_cap2,1.391144782247503,1.7199018676900388,-0.11382396525270427,0.11723935353099738,1000,"20 announcement dates, circular, all currencies together"
month_fine_full20_mean_urgent_cap2,mean,month_coarse_full20_mean_urgent_cap2,,,-0.027241354705083685,0.10152899675626441,1000,
month_coarse_partial_h5_urgent_cap2,1,month_coarse_partial_h5_urgent_cap2,1.380761039828807,1.5539467967562468,0.0,0.0,1000,"20 announcement dates, circular, all currencies together"
month_coarse_partial_h5_urgent_cap2,3,month_coarse_partial_h5_urgent_cap2,1.4070688219605627,1.6766075292834106,0.0,0.0,1000,"20 announcement dates, circular, all currencies together"
month_coarse_partial_h5_urgent_cap2,5,month_coarse_partial_h5_urgent_cap2,1.4887497741303075,1.8302195270507413,0.0,0.0,1000,"20 announcement dates, circular, all currencies together"
month_coarse_partial_h5_urgent_cap2,10,month_coarse_partial_h5_urgent_cap2,1.429225693070313,1.7765111360854204,0.0,0.0,1000,"20 announcement dates, circular, all currencies together"
month_coarse_partial_h5_urgent_cap2,20,month_coarse_partial_h5_urgent_cap2,1.4544526912777938,1.8287792776745428,0.0,0.0,1000,"20 announcement dates, circular, all currencies together"
month_coarse_partial_h5_urgent_cap2,mean,month_coarse_partial_h5_urgent_cap2,,,0.0,0.0,1000,
month_fine_partial_h5_urgent_cap2,1,month_coarse_partial_h5_urgent_cap2,1.3830802787438872,1.563158479102694,-0.04891531853720397,0.059363433656687926,1000,"20 announcement dates, circular, all currencies together"
month_fine_partial_h5_urgent_cap2,3,month_coarse_partial_h5_urgent_cap2,1.4286287760268939,1.7105686095243662,-0.03495081143966727,0.08702617074908739,1000,"20 announcement dates, circular, all currencies together"
month_fine_partial_h5_urgent_cap2,5,month_coarse_partial_h5_urgent_cap2,1.5132933225798662,1.847761800386101,-0.03904838051642662,0.09529953138123336,1000,"20 announcement dates, circular, all currencies together"
month_fine_partial_h5_urgent_cap2,10,month_coarse_partial_h5_urgent_cap2,1.4771646665119358,1.8203070505902927,-0.036615262588876825,0.12746702329396742,1000,"20 announcement dates, circular, all currencies together"
month_fine_partial_h5_urgent_cap2,20,month_coarse_partial_h5_urgent_cap2,1.4889623412110449,1.8509955635621802,-0.06876134085105015,0.1428796361324772,1000,"20 announcement dates, circular, all currencies together"
month_fine_partial_h5_urgent_cap2,mean,month_coarse_partial_h5_urgent_cap2,,,-0.03404165415654041,0.09007054289227831,1000,
cny50_month_coarse_partial_urgent_cap2,1,cny50_month_coarse_partial_urgent_cap2,1.3825375755791298,1.5374100575005478,0.0,0.0,1000,"20 announcement dates, circular, all currencies together"
cny50_month_coarse_partial_urgent_cap2,3,cny50_month_coarse_partial_urgent_cap2,1.3769123425396204,1.634360720370966,0.0,0.0,1000,"20 announcement dates, circular, all currencies together"
cny50_month_coarse_partial_urgent_cap2,5,cny50_month_coarse_partial_urgent_cap2,1.4677008517000294,1.7819760173640458,0.0,0.0,1000,"20 announcement dates, circular, all currencies together"
cny50_month_coarse_partial_urgent_cap2,10,cny50_month_coarse_partial_urgent_cap2,1.3967371333507859,1.7074604342300392,0.0,0.0,1000,"20 announcement dates, circular, all currencies together"
cny50_month_coarse_partial_urgent_cap2,20,cny50_month_coarse_partial_urgent_cap2,1.385441965995917,1.7199283568708608,0.0,0.0,1000,"20 announcement dates, circular, all currencies together"
cny50_month_coarse_partial_urgent_cap2,mean,cny50_month_coarse_partial_urgent_cap2,,,0.0,0.0,1000,
cny50_month_fine_partial_urgent_cap2,1,cny50_month_coarse_partial_urgent_cap2,1.3935462996688437,1.5559211147702576,-0.023168821303741916,0.04900467531780166,1000,"20 announcement dates, circular, all currencies together"
cny50_month_fine_partial_urgent_cap2,3,cny50_month_coarse_partial_urgent_cap2,1.3899227953030786,1.6175011761087348,-0.04590056128141414,0.05639928628789054,1000,"20 announcement dates, circular, all currencies together"
cny50_month_fine_partial_urgent_cap2,5,cny50_month_coarse_partial_urgent_cap2,1.4826570397168937,1.7807730095025023,-0.03594627450753396,0.0645885581306668,1000,"20 announcement dates, circular, all currencies together"
cny50_month_fine_partial_urgent_cap2,10,cny50_month_coarse_partial_urgent_cap2,1.4268463856406872,1.7208492756167793,-0.03496276065489962,0.09509524449086207,1000,"20 announcement dates, circular, all currencies together"
cny50_month_fine_partial_urgent_cap2,20,cny50_month_coarse_partial_urgent_cap2,1.4069834163002946,1.7344783994710524,-0.046113183563816156,0.09809400344014561,1000,"20 announcement dates, circular, all currencies together"
cny50_month_fine_partial_urgent_cap2,mean,cny50_month_coarse_partial_urgent_cap2,,,-0.03151094578557063,0.06852237019564777,1000,
month_coarse_partial_mean_urgent_cap2,1,month_coarse_partial_mean_urgent_cap2,1.3700689024379555,1.5500039518044513,0.0,0.0,1000,"20 announcement dates, circular, all currencies together"
month_coarse_partial_mean_urgent_cap2,3,month_coarse_partial_mean_urgent_cap2,1.4059195430655602,1.6813759961375472,0.0,0.0,1000,"20 announcement dates, circular, all currencies together"
month_coarse_partial_mean_urgent_cap2,5,month_coarse_partial_mean_urgent_cap2,1.493384828638268,1.8354725892322916,0.0,0.0,1000,"20 announcement dates, circular, all currencies together"
month_coarse_partial_mean_urgent_cap2,10,month_coarse_partial_mean_urgent_cap2,1.4407790212607405,1.7839844228276973,0.0,0.0,1000,"20 announcement dates, circular, all currencies together"
month_coarse_partial_mean_urgent_cap2,20,month_coarse_partial_mean_urgent_cap2,1.4450624175994284,1.8275292694223424,0.0,0.0,1000,"20 announcement dates, circular, all currencies together"
month_coarse_partial_mean_urgent_cap2,mean,month_coarse_partial_mean_urgent_cap2,,,0.0,0.0,1000,
month_fine_partial_mean_urgent_cap2,1,month_coarse_partial_mean_urgent_cap2,1.386980921184424,1.5660982091294557,-0.03845688603420541,0.06884383209329625,1000,"20 announcement dates, circular, all currencies together"
month_fine_partial_mean_urgent_cap2,3,month_coarse_partial_mean_urgent_cap2,1.4274403963298634,1.6958464769450428,-0.04724928742489958,0.08350478330306094,1000,"20 announcement dates, circular, all currencies together"
month_fine_partial_mean_urgent_cap2,5,month_coarse_partial_mean_urgent_cap2,1.5158917984611286,1.8329871728338667,-0.057784661814058,0.08566918014690608,1000,"20 announcement dates, circular, all currencies together"
month_fine_partial_mean_urgent_cap2,10,month_coarse_partial_mean_urgent_cap2,1.466263158749387,1.8050864998073641,-0.05576822138339112,0.10639721409613884,1000,"20 announcement dates, circular, all currencies together"
month_fine_partial_mean_urgent_cap2,20,month_coarse_partial_mean_urgent_cap2,1.4684099243846052,1.8149384159090312,-0.09114924610300186,0.13922626844147706,1000,"20 announcement dates, circular, all currencies together"
month_fine_partial_mean_urgent_cap2,mean,month_coarse_partial_mean_urgent_cap2,,,-0.04758093457302404,0.08517351661425324,1000,
