origin,cadence,kind,endpoint,n_risk,positive_labels,n_recent_records
2022-07-01,quarter,direct_full20,5,475,104,0
2022-07-01,quarter,direct_mature5,5,550,109,75
2022-07-01,quarter,coarse_full20,1,475,277,0
2022-07-01,quarter,coarse_full20,3,198,73,0
2022-07-01,quarter,coarse_full20,5,125,21,0
2022-07-01,quarter,coarse_full20,10,104,21,0
2022-07-01,quarter,coarse_full20,20,83,31,0
2022-07-01,quarter,coarse_partial,1,570,339,95
2022-07-01,quarter,coarse_partial,3,228,91,30
2022-07-01,quarter,coarse_partial,5,133,24,8
2022-07-01,quarter,coarse_partial,10,109,26,5
2022-07-01,quarter,coarse_partial,20,83,31,0
2022-07-01,quarter,fine_full20,1,475,277,0
2022-07-01,quarter,fine_full20,2,198,44,0
2022-07-01,quarter,fine_full20,3,154,29,0
2022-07-01,quarter,fine_full20,4,125,10,0
2022-07-01,quarter,fine_full20,5,115,11,0
2022-07-01,quarter,fine_full20,6,104,4,0
2022-07-01,quarter,fine_full20,7,100,5,0
2022-07-01,quarter,fine_full20,8,95,5,0
2022-07-01,quarter,fine_full20,9,90,2,0
2022-07-01,quarter,fine_full20,10,88,5,0
2022-07-01,quarter,fine_full20,11,83,6,0
2022-07-01,quarter,fine_full20,12,77,2,0
2022-07-01,quarter,fine_full20,13,75,5,0
2022-07-01,quarter,fine_full20,14,70,1,0
2022-07-01,quarter,fine_full20,15,69,4,0
2022-07-01,quarter,fine_full20,16,65,6,0
2022-07-01,quarter,fine_full20,17,59,2,0
2022-07-01,quarter,fine_full20,18,57,2,0
2022-07-01,quarter,fine_full20,19,55,2,0
2022-07-01,quarter,fine_full20,20,53,1,0
2022-07-01,quarter,fine_partial,1,570,339,95
2022-07-01,quarter,fine_partial,2,230,52,32
2022-07-01,quarter,fine_partial,3,178,41,24
2022-07-01,quarter,fine_partial,4,137,13,12
2022-07-01,quarter,fine_partial,5,122,13,7
2022-07-01,quarter,fine_partial,6,109,6,5
2022-07-01,quarter,fine_partial,7,103,8,3
2022-07-01,quarter,fine_partial,8,95,5,0
2022-07-01,quarter,fine_partial,9,90,2,0
2022-07-01,quarter,fine_partial,10,88,5,0
2022-07-01,quarter,fine_partial,11,83,6,0
2022-07-01,quarter,fine_partial,12,77,2,0
2022-07-01,quarter,fine_partial,13,75,5,0
2022-07-01,quarter,fine_partial,14,70,1,0
2022-07-01,quarter,fine_partial,15,69,4,0
2022-07-01,quarter,fine_partial,16,65,6,0
2022-07-01,quarter,fine_partial,17,59,2,0
2022-07-01,quarter,fine_partial,18,57,2,0
2022-07-01,quarter,fine_partial,19,55,2,0
2022-07-01,quarter,fine_partial,20,53,1,0
2022-07-01,month,direct_full20,5,475,104,0
2022-07-01,month,direct_mature5,5,550,109,75
2022-07-01,month,coarse_full20,1,475,277,0
2022-07-01,month,coarse_full20,3,198,73,0
2022-07-01,month,coarse_full20,5,125,21,0
2022-07-01,month,coarse_full20,10,104,21,0
2022-07-01,month,coarse_full20,20,83,31,0
2022-07-01,month,coarse_partial,1,570,339,95
2022-07-01,month,coarse_partial,3,228,91,30
2022-07-01,month,coarse_partial,5,133,24,8
2022-07-01,month,coarse_partial,10,109,26,5
2022-07-01,month,coarse_partial,20,83,31,0
2022-07-01,month,fine_full20,1,475,277,0
2022-07-01,month,fine_full20,2,198,44,0
2022-07-01,month,fine_full20,3,154,29,0
2022-07-01,month,fine_full20,4,125,10,0
2022-07-01,month,fine_full20,5,115,11,0
2022-07-01,month,fine_full20,6,104,4,0
2022-07-01,month,fine_full20,7,100,5,0
2022-07-01,month,fine_full20,8,95,5,0
2022-07-01,month,fine_full20,9,90,2,0
2022-07-01,month,fine_full20,10,88,5,0
2022-07-01,month,fine_full20,11,83,6,0
2022-07-01,month,fine_full20,12,77,2,0
2022-07-01,month,fine_full20,13,75,5,0
2022-07-01,month,fine_full20,14,70,1,0
2022-07-01,month,fine_full20,15,69,4,0
2022-07-01,month,fine_full20,16,65,6,0
2022-07-01,month,fine_full20,17,59,2,0
2022-07-01,month,fine_full20,18,57,2,0
2022-07-01,month,fine_full20,19,55,2,0
2022-07-01,month,fine_full20,20,53,1,0
2022-07-01,month,fine_partial,1,570,339,95
2022-07-01,month,fine_partial,2,230,52,32
2022-07-01,month,fine_partial,3,178,41,24
2022-07-01,month,fine_partial,4,137,13,12
2022-07-01,month,fine_partial,5,122,13,7
2022-07-01,month,fine_partial,6,109,6,5
2022-07-01,month,fine_partial,7,103,8,3
2022-07-01,month,fine_partial,8,95,5,0
2022-07-01,month,fine_partial,9,90,2,0
2022-07-01,month,fine_partial,10,88,5,0
2022-07-01,month,fine_partial,11,83,6,0
2022-07-01,month,fine_partial,12,77,2,0
2022-07-01,month,fine_partial,13,75,5,0
2022-07-01,month,fine_partial,14,70,1,0
2022-07-01,month,fine_partial,15,69,4,0
2022-07-01,month,fine_partial,16,65,6,0
2022-07-01,month,fine_partial,17,59,2,0
2022-07-01,month,fine_partial,18,57,2,0
2022-07-01,month,fine_partial,19,55,2,0
2022-07-01,month,fine_partial,20,53,1,0
2022-08-01,month,direct_full20,5,590,124,0
2022-08-01,month,direct_mature5,5,665,145,75
2022-08-01,month,coarse_full20,1,590,344,0
2022-08-01,month,coarse_full20,3,246,94,0
2022-08-01,month,coarse_full20,5,152,28,0
2022-08-01,month,coarse_full20,10,124,26,0
2022-08-01,month,coarse_full20,20,98,32,0
2022-08-01,month,coarse_partial,1,685,390,95
2022-08-01,month,coarse_partial,3,288,102,42
2022-08-01,month,coarse_partial,5,176,31,24
2022-08-01,month,coarse_partial,10,131,29,7
2022-08-01,month,coarse_partial,20,98,32,0
2022-08-01,month,fine_full20,1,590,344,0
2022-08-01,month,fine_full20,2,246,53,0
2022-08-01,month,fine_full20,3,193,41,0
2022-08-01,month,fine_full20,4,152,13,0
2022-08-01,month,fine_full20,5,139,15,0
2022-08-01,month,fine_full20,6,124,6,0
2022-08-01,month,fine_full20,7,118,8,0
2022-08-01,month,fine_full20,8,110,5,0
2022-08-01,month,fine_full20,9,105,2,0
2022-08-01,month,fine_full20,10,103,5,0
2022-08-01,month,fine_full20,11,98,6,0
2022-08-01,month,fine_full20,12,92,2,0
2022-08-01,month,fine_full20,13,90,6,0
2022-08-01,month,fine_full20,14,84,1,0
2022-08-01,month,fine_full20,15,83,4,0
2022-08-01,month,fine_full20,16,79,6,0
2022-08-01,month,fine_full20,17,73,2,0
2022-08-01,month,fine_full20,18,71,2,0
2022-08-01,month,fine_full20,19,69,2,0
2022-08-01,month,fine_full20,20,67,1,0
2022-08-01,month,fine_partial,1,685,390,95
2022-08-01,month,fine_partial,2,290,60,44
2022-08-01,month,fine_partial,3,228,42,35
2022-08-01,month,fine_partial,4,181,13,29
2022-08-01,month,fine_partial,5,163,18,24
2022-08-01,month,fine_partial,6,141,8,17
2022-08-01,month,fine_partial,7,128,8,10
2022-08-01,month,fine_partial,8,115,5,5
2022-08-01,month,fine_partial,9,110,2,5
2022-08-01,month,fine_partial,10,108,6,5
2022-08-01,month,fine_partial,11,102,8,4
2022-08-01,month,fine_partial,12,94,3,2
2022-08-01,month,fine_partial,13,91,6,1
2022-08-01,month,fine_partial,14,85,1,1
2022-08-01,month,fine_partial,15,84,4,1
2022-08-01,month,fine_partial,16,80,6,1
2022-08-01,month,fine_partial,17,74,2,1
2022-08-01,month,fine_partial,18,72,2,1
2022-08-01,month,fine_partial,19,70,2,1
2022-08-01,month,fine_partial,20,67,1,0
2022-09-01,month,direct_full20,5,695,157,0
2022-09-01,month,direct_mature5,5,770,193,75
2022-09-01,month,coarse_full20,1,695,395,0
2022-09-01,month,coarse_full20,3,300,111,0
2022-09-01,month,coarse_full20,5,189,32,0
2022-09-01,month,coarse_full20,10,157,29,0
2022-09-01,month,coarse_full20,20,128,38,0
2022-09-01,month,coarse_partial,1,790,424,95
2022-09-01,month,coarse_partial,3,358,125,58
2022-09-01,month,coarse_partial,5,231,38,42
2022-09-01,month,coarse_partial,10,183,44,26
2022-09-01,month,coarse_partial,20,128,38,0
2022-09-01,month,fine_full20,1,695,395,0
2022-09-01,month,fine_full20,2,300,65,0
2022-09-01,month,fine_full20,3,235,46,0
2022-09-01,month,fine_full20,4,189,13,0
2022-09-01,month,fine_full20,5,176,19,0
2022-09-01,month,fine_full20,6,157,8,0
2022-09-01,month,fine_full20,7,149,8,0
2022-09-01,month,fine_full20,8,141,5,0
2022-09-01,month,fine_full20,9,136,2,0
2022-09-01,month,fine_full20,10,134,6,0
2022-09-01,month,fine_full20,11,128,8,0
2022-09-01,month,fine_full20,12,120,3,0
2022-09-01,month,fine_full20,13,117,6,0
2022-09-01,month,fine_full20,14,111,1,0
2022-09-01,month,fine_full20,15,110,4,0
2022-09-01,month,fine_full20,16,106,8,0
2022-09-01,month,fine_full20,17,98,3,0
2022-09-01,month,fine_full20,18,95,2,0
2022-09-01,month,fine_full20,19,93,2,0
2022-09-01,month,fine_full20,20,91,1,0
2022-09-01,month,fine_partial,1,790,424,95
2022-09-01,month,fine_partial,2,362,74,62
2022-09-01,month,fine_partial,3,284,51,49
2022-09-01,month,fine_partial,4,232,15,43
2022-09-01,month,fine_partial,5,216,23,40
2022-09-01,month,fine_partial,6,188,13,31
2022-09-01,month,fine_partial,7,170,12,21
2022-09-01,month,fine_partial,8,158,8,17
2022-09-01,month,fine_partial,9,150,3,14
2022-09-01,month,fine_partial,10,147,8,13
2022-09-01,month,fine_partial,11,139,11,11
2022-09-01,month,fine_partial,12,128,5,8
2022-09-01,month,fine_partial,13,123,7,6
2022-09-01,month,fine_partial,14,116,1,5
2022-09-01,month,fine_partial,15,114,4,4
2022-09-01,month,fine_partial,16,109,8,3
2022-09-01,month,fine_partial,17,101,3,3
2022-09-01,month,fine_partial,18,97,2,2
2022-09-01,month,fine_partial,19,94,2,1
2022-09-01,month,fine_partial,20,91,1,0
2022-10-01,quarter,direct_full20,5,805,205,0
2022-10-01,quarter,direct_mature5,5,880,212,75
2022-10-01,quarter,coarse_full20,1,805,432,0
2022-10-01,quarter,coarse_full20,3,373,130,0
2022-10-01,quarter,coarse_full20,5,243,38,0
2022-10-01,quarter,coarse_full20,10,205,48,0
2022-10-01,quarter,coarse_full20,20,157,57,0
2022-10-01,quarter,coarse_partial,1,900,484,95
2022-10-01,quarter,coarse_partial,3,406,147,33
2022-10-01,quarter,coarse_partial,5,257,45,14
2022-10-01,quarter,coarse_partial,10,211,54,6
2022-10-01,quarter,coarse_partial,20,157,57,0
2022-10-01,quarter,fine_full20,1,805,432,0
2022-10-01,quarter,fine_full20,2,373,79,0
2022-10-01,quarter,fine_full20,3,294,51,0
2022-10-01,quarter,fine_full20,4,243,15,0
2022-10-01,quarter,fine_full20,5,228,23,0
2022-10-01,quarter,fine_full20,6,205,13,0
2022-10-01,quarter,fine_full20,7,192,12,0
2022-10-01,quarter,fine_full20,8,180,8,0
2022-10-01,quarter,fine_full20,9,172,6,0
2022-10-01,quarter,fine_full20,10,166,9,0
2022-10-01,quarter,fine_full20,11,157,11,0
2022-10-01,quarter,fine_full20,12,146,8,0
2022-10-01,quarter,fine_full20,13,138,8,0
2022-10-01,quarter,fine_full20,14,130,4,0
2022-10-01,quarter,fine_full20,15,126,5,0
2022-10-01,quarter,fine_full20,16,121,9,0
2022-10-01,quarter,fine_full20,17,112,5,0
2022-10-01,quarter,fine_full20,18,107,3,0
2022-10-01,quarter,fine_full20,19,104,3,0
2022-10-01,quarter,fine_full20,20,101,1,0
2022-10-01,quarter,fine_partial,1,900,484,95
2022-10-01,quarter,fine_partial,2,411,94,38
2022-10-01,quarter,fine_partial,3,312,53,18
2022-10-01,quarter,fine_partial,4,257,16,14
2022-10-01,quarter,fine_partial,5,241,29,13
2022-10-01,quarter,fine_partial,6,212,16,7
2022-10-01,quarter,fine_partial,7,196,14,4
2022-10-01,quarter,fine_partial,8,182,10,2
2022-10-01,quarter,fine_partial,9,172,6,0
2022-10-01,quarter,fine_partial,10,166,9,0
2022-10-01,quarter,fine_partial,11,157,11,0
2022-10-01,quarter,fine_partial,12,146,8,0
2022-10-01,quarter,fine_partial,13,138,8,0
2022-10-01,quarter,fine_partial,14,130,4,0
2022-10-01,quarter,fine_partial,15,126,5,0
2022-10-01,quarter,fine_partial,16,121,9,0
2022-10-01,quarter,fine_partial,17,112,5,0
2022-10-01,quarter,fine_partial,18,107,3,0
2022-10-01,quarter,fine_partial,19,104,3,0
2022-10-01,quarter,fine_partial,20,101,1,0
2022-10-01,month,direct_full20,5,805,205,0
2022-10-01,month,direct_mature5,5,880,212,75
2022-10-01,month,coarse_full20,1,805,432,0
2022-10-01,month,coarse_full20,3,373,130,0
2022-10-01,month,coarse_full20,5,243,38,0
2022-10-01,month,coarse_full20,10,205,48,0
2022-10-01,month,coarse_full20,20,157,57,0
2022-10-01,month,coarse_partial,1,900,484,95
2022-10-01,month,coarse_partial,3,406,147,33
2022-10-01,month,coarse_partial,5,257,45,14
2022-10-01,month,coarse_partial,10,211,54,6
2022-10-01,month,coarse_partial,20,157,57,0
2022-10-01,month,fine_full20,1,805,432,0
2022-10-01,month,fine_full20,2,373,79,0
2022-10-01,month,fine_full20,3,294,51,0
2022-10-01,month,fine_full20,4,243,15,0
2022-10-01,month,fine_full20,5,228,23,0
2022-10-01,month,fine_full20,6,205,13,0
2022-10-01,month,fine_full20,7,192,12,0
2022-10-01,month,fine_full20,8,180,8,0
2022-10-01,month,fine_full20,9,172,6,0
2022-10-01,month,fine_full20,10,166,9,0
2022-10-01,month,fine_full20,11,157,11,0
2022-10-01,month,fine_full20,12,146,8,0
2022-10-01,month,fine_full20,13,138,8,0
2022-10-01,month,fine_full20,14,130,4,0
2022-10-01,month,fine_full20,15,126,5,0
2022-10-01,month,fine_full20,16,121,9,0
2022-10-01,month,fine_full20,17,112,5,0
2022-10-01,month,fine_full20,18,107,3,0
2022-10-01,month,fine_full20,19,104,3,0
2022-10-01,month,fine_full20,20,101,1,0
2022-10-01,month,fine_partial,1,900,484,95
2022-10-01,month,fine_partial,2,411,94,38
2022-10-01,month,fine_partial,3,312,53,18
2022-10-01,month,fine_partial,4,257,16,14
2022-10-01,month,fine_partial,5,241,29,13
2022-10-01,month,fine_partial,6,212,16,7
2022-10-01,month,fine_partial,7,196,14,4
2022-10-01,month,fine_partial,8,182,10,2
2022-10-01,month,fine_partial,9,172,6,0
2022-10-01,month,fine_partial,10,166,9,0
2022-10-01,month,fine_partial,11,157,11,0
2022-10-01,month,fine_partial,12,146,8,0
2022-10-01,month,fine_partial,13,138,8,0
2022-10-01,month,fine_partial,14,130,4,0
2022-10-01,month,fine_partial,15,126,5,0
2022-10-01,month,fine_partial,16,121,9,0
2022-10-01,month,fine_partial,17,112,5,0
2022-10-01,month,fine_partial,18,107,3,0
2022-10-01,month,fine_partial,19,104,3,0
2022-10-01,month,fine_partial,20,101,1,0
2022-11-01,month,direct_full20,5,915,217,0
2022-11-01,month,direct_mature5,5,990,244,75
2022-11-01,month,coarse_full20,1,915,494,0
2022-11-01,month,coarse_full20,3,421,155,0
2022-11-01,month,coarse_full20,5,266,49,0
2022-11-01,month,coarse_full20,10,217,55,0
2022-11-01,month,coarse_full20,20,162,57,0
2022-11-01,month,coarse_partial,1,1010,536,95
2022-11-01,month,coarse_partial,3,468,162,47
2022-11-01,month,coarse_partial,5,299,55,33
2022-11-01,month,coarse_partial,10,242,60,25
2022-11-01,month,coarse_partial,20,162,57,0
2022-11-01,month,fine_full20,1,915,494,0
2022-11-01,month,fine_full20,2,421,99,0
2022-11-01,month,fine_full20,3,322,56,0
2022-11-01,month,fine_full20,4,266,19,0
2022-11-01,month,fine_full20,5,247,30,0
2022-11-01,month,fine_full20,6,217,16,0
2022-11-01,month,fine_full20,7,201,14,0
2022-11-01,month,fine_full20,8,187,10,0
2022-11-01,month,fine_full20,9,177,6,0
2022-11-01,month,fine_full20,10,171,9,0
2022-11-01,month,fine_full20,11,162,11,0
2022-11-01,month,fine_full20,12,151,8,0
2022-11-01,month,fine_full20,13,143,8,0
2022-11-01,month,fine_full20,14,135,4,0
2022-11-01,month,fine_full20,15,131,5,0
2022-11-01,month,fine_full20,16,126,9,0
2022-11-01,month,fine_full20,17,117,5,0
2022-11-01,month,fine_full20,18,112,3,0
2022-11-01,month,fine_full20,19,109,3,0
2022-11-01,month,fine_full20,20,106,1,0
2022-11-01,month,fine_partial,1,1010,536,95
2022-11-01,month,fine_partial,2,470,104,49
2022-11-01,month,fine_partial,3,364,58,42
2022-11-01,month,fine_partial,4,303,21,37
2022-11-01,month,fine_partial,5,278,34,31
2022-11-01,month,fine_partial,6,242,18,25
2022-11-01,month,fine_partial,7,224,15,23
2022-11-01,month,fine_partial,8,209,11,22
2022-11-01,month,fine_partial,9,198,6,21
2022-11-01,month,fine_partial,10,192,10,21
2022-11-01,month,fine_partial,11,182,11,20
2022-11-01,month,fine_partial,12,171,8,20
2022-11-01,month,fine_partial,13,163,8,20
2022-11-01,month,fine_partial,14,155,4,20
2022-11-01,month,fine_partial,15,151,5,20
2022-11-01,month,fine_partial,16,145,9,19
2022-11-01,month,fine_partial,17,132,6,15
2022-11-01,month,fine_partial,18,122,3,10
2022-11-01,month,fine_partial,19,114,3,5
2022-11-01,month,fine_partial,20,106,1,0
2022-12-01,month,direct_full20,5,1015,256,0
2022-12-01,month,direct_mature5,5,1090,271,75
2022-12-01,month,coarse_full20,1,1015,538,0
2022-12-01,month,coarse_full20,3,477,166,0
2022-12-01,month,coarse_full20,5,311,55,0
2022-12-01,month,coarse_full20,10,256,66,0
2022-12-01,month,coarse_full20,20,190,65,0
2022-12-01,month,coarse_partial,1,1110,585,95
2022-12-01,month,coarse_partial,3,516,185,39
2022-12-01,month,coarse_partial,5,331,60,20
2022-12-01,month,coarse_partial,10,263,68,7
2022-12-01,month,coarse_partial,20,190,65,0
2022-12-01,month,fine_full20,1,1015,538,0
2022-12-01,month,fine_full20,2,477,107,0
2022-12-01,month,fine_full20,3,370,59,0
2022-12-01,month,fine_full20,4,311,21,0
2022-12-01,month,fine_full20,5,290,34,0
2022-12-01,month,fine_full20,6,256,20,0
2022-12-01,month,fine_full20,7,236,15,0
2022-12-01,month,fine_full20,8,221,12,0
2022-12-01,month,fine_full20,9,209,6,0
2022-12-01,month,fine_full20,10,203,13,0
2022-12-01,month,fine_full20,11,190,14,0
2022-12-01,month,fine_full20,12,176,10,0
2022-12-01,month,fine_full20,13,166,10,0
2022-12-01,month,fine_full20,14,156,4,0
2022-12-01,month,fine_full20,15,152,5,0
2022-12-01,month,fine_full20,16,147,9,0
2022-12-01,month,fine_full20,17,138,6,0
2022-12-01,month,fine_full20,18,132,3,0
2022-12-01,month,fine_full20,19,129,3,0
2022-12-01,month,fine_full20,20,126,1,0
2022-12-01,month,fine_partial,1,1110,585,95
2022-12-01,month,fine_partial,2,520,117,43
2022-12-01,month,fine_partial,3,399,68,29
2022-12-01,month,fine_partial,4,331,26,20
2022-12-01,month,fine_partial,5,305,34,15
2022-12-01,month,fine_partial,6,271,20,15
2022-12-01,month,fine_partial,7,249,16,13
2022-12-01,month,fine_partial,8,232,13,11
2022-12-01,month,fine_partial,9,217,6,8
2022-12-01,month,fine_partial,10,208,13,5
2022-12-01,month,fine_partial,11,195,14,5
2022-12-01,month,fine_partial,12,176,10,0
2022-12-01,month,fine_partial,13,166,10,0
2022-12-01,month,fine_partial,14,156,4,0
2022-12-01,month,fine_partial,15,152,5,0
2022-12-01,month,fine_partial,16,147,9,0
2022-12-01,month,fine_partial,17,138,6,0
2022-12-01,month,fine_partial,18,132,3,0
2022-12-01,month,fine_partial,19,129,3,0
2022-12-01,month,fine_partial,20,126,1,0
2023-01-01,quarter,direct_full20,5,1130,294,0
2023-01-01,quarter,direct_mature5,5,1205,337,75
2023-01-01,quarter,coarse_full20,1,1130,591,0
2023-01-01,quarter,coarse_full20,3,539,185,0
2023-01-01,quarter,coarse_full20,5,354,60,0
2023-01-01,quarter,coarse_full20,10,294,68,0
2023-01-01,quarter,coarse_full20,20,226,65,0
2023-01-01,quarter,coarse_partial,1,1225,612,95
2023-01-01,quarter,coarse_partial,3,603,198,64
2023-01-01,quarter,coarse_partial,5,399,62,45
2023-01-01,quarter,coarse_partial,10,327,68,33
2023-01-01,quarter,coarse_partial,20,226,65,0
2023-01-01,quarter,fine_full20,1,1130,591,0
2023-01-01,quarter,fine_full20,2,539,117,0
2023-01-01,quarter,fine_full20,3,422,68,0
2023-01-01,quarter,fine_full20,4,354,26,0
2023-01-01,quarter,fine_full20,5,328,34,0
2023-01-01,quarter,fine_full20,6,294,20,0
2023-01-01,quarter,fine_full20,7,274,16,0
2023-01-01,quarter,fine_full20,8,258,13,0
2023-01-01,quarter,fine_full20,9,245,6,0
2023-01-01,quarter,fine_full20,10,239,13,0
2023-01-01,quarter,fine_full20,11,226,14,0
2023-01-01,quarter,fine_full20,12,212,10,0
2023-01-01,quarter,fine_full20,13,202,10,0
2023-01-01,quarter,fine_full20,14,192,4,0
2023-01-01,quarter,fine_full20,15,188,5,0
2023-01-01,quarter,fine_full20,16,183,9,0
2023-01-01,quarter,fine_full20,17,174,6,0
2023-01-01,quarter,fine_full20,18,168,3,0
2023-01-01,quarter,fine_full20,19,165,3,0
2023-01-01,quarter,fine_full20,20,162,1,0
2023-01-01,quarter,fine_partial,1,1225,612,95
2023-01-01,quarter,fine_partial,2,608,125,69
2023-01-01,quarter,fine_partial,3,478,73,56
2023-01-01,quarter,fine_partial,4,400,28,46
2023-01-01,quarter,fine_partial,5,371,34,43
2023-01-01,quarter,fine_partial,6,337,20,43
2023-01-01,quarter,fine_partial,7,317,16,43
2023-01-01,quarter,fine_partial,8,301,13,43
2023-01-01,quarter,fine_partial,9,283,6,38
2023-01-01,quarter,fine_partial,10,272,13,33
2023-01-01,quarter,fine_partial,11,254,14,28
2023-01-01,quarter,fine_partial,12,235,10,23
2023-01-01,quarter,fine_partial,13,220,10,18
2023-01-01,quarter,fine_partial,14,205,4,13
2023-01-01,quarter,fine_partial,15,196,5,8
2023-01-01,quarter,fine_partial,16,191,9,8
2023-01-01,quarter,fine_partial,17,182,6,8
2023-01-01,quarter,fine_partial,18,176,3,8
2023-01-01,quarter,fine_partial,19,170,3,5
2023-01-01,quarter,fine_partial,20,162,1,0
2023-01-01,month,direct_full20,5,1130,294,0
2023-01-01,month,direct_mature5,5,1205,337,75
2023-01-01,month,coarse_full20,1,1130,591,0
2023-01-01,month,coarse_full20,3,539,185,0
2023-01-01,month,coarse_full20,5,354,60,0
2023-01-01,month,coarse_full20,10,294,68,0
2023-01-01,month,coarse_full20,20,226,65,0
2023-01-01,month,coarse_partial,1,1225,612,95
2023-01-01,month,coarse_partial,3,603,198,64
2023-01-01,month,coarse_partial,5,399,62,45
2023-01-01,month,coarse_partial,10,327,68,33
2023-01-01,month,coarse_partial,20,226,65,0
2023-01-01,month,fine_full20,1,1130,591,0
2023-01-01,month,fine_full20,2,539,117,0
2023-01-01,month,fine_full20,3,422,68,0
2023-01-01,month,fine_full20,4,354,26,0
2023-01-01,month,fine_full20,5,328,34,0
2023-01-01,month,fine_full20,6,294,20,0
2023-01-01,month,fine_full20,7,274,16,0
2023-01-01,month,fine_full20,8,258,13,0
2023-01-01,month,fine_full20,9,245,6,0
2023-01-01,month,fine_full20,10,239,13,0
2023-01-01,month,fine_full20,11,226,14,0
2023-01-01,month,fine_full20,12,212,10,0
2023-01-01,month,fine_full20,13,202,10,0
2023-01-01,month,fine_full20,14,192,4,0
2023-01-01,month,fine_full20,15,188,5,0
2023-01-01,month,fine_full20,16,183,9,0
2023-01-01,month,fine_full20,17,174,6,0
2023-01-01,month,fine_full20,18,168,3,0
2023-01-01,month,fine_full20,19,165,3,0
2023-01-01,month,fine_full20,20,162,1,0
2023-01-01,month,fine_partial,1,1225,612,95
2023-01-01,month,fine_partial,2,608,125,69
2023-01-01,month,fine_partial,3,478,73,56
2023-01-01,month,fine_partial,4,400,28,46
2023-01-01,month,fine_partial,5,371,34,43
2023-01-01,month,fine_partial,6,337,20,43
2023-01-01,month,fine_partial,7,317,16,43
2023-01-01,month,fine_partial,8,301,13,43
2023-01-01,month,fine_partial,9,283,6,38
2023-01-01,month,fine_partial,10,272,13,33
2023-01-01,month,fine_partial,11,254,14,28
2023-01-01,month,fine_partial,12,235,10,23
2023-01-01,month,fine_partial,13,220,10,18
2023-01-01,month,fine_partial,14,205,4,13
2023-01-01,month,fine_partial,15,196,5,8
2023-01-01,month,fine_partial,16,191,9,8
2023-01-01,month,fine_partial,17,182,6,8
2023-01-01,month,fine_partial,18,176,3,8
2023-01-01,month,fine_partial,19,170,3,5
2023-01-01,month,fine_partial,20,162,1,0
2023-02-01,month,direct_full20,5,1210,338,0
2023-02-01,month,direct_mature5,5,1285,354,75
2023-02-01,month,coarse_full20,1,1210,612,0
2023-02-01,month,coarse_full20,3,598,198,0
2023-02-01,month,coarse_full20,5,400,62,0
2023-02-01,month,coarse_full20,10,338,69,0
2023-02-01,month,coarse_full20,20,269,65,0
2023-02-01,month,coarse_partial,1,1305,655,95
2023-02-01,month,coarse_partial,3,640,207,42
2023-02-01,month,coarse_partial,5,423,69,23
2023-02-01,month,coarse_partial,10,348,74,10
2023-02-01,month,coarse_partial,20,269,65,0
2023-02-01,month,fine_full20,1,1210,612,0
2023-02-01,month,fine_full20,2,598,125,0
2023-02-01,month,fine_full20,3,473,73,0
2023-02-01,month,fine_full20,4,400,28,0
2023-02-01,month,fine_full20,5,372,34,0
2023-02-01,month,fine_full20,6,338,20,0
2023-02-01,month,fine_full20,7,318,16,0
2023-02-01,month,fine_full20,8,302,13,0
2023-02-01,month,fine_full20,9,289,7,0
2023-02-01,month,fine_full20,10,282,13,0
2023-02-01,month,fine_full20,11,269,14,0
2023-02-01,month,fine_full20,12,255,10,0
2023-02-01,month,fine_full20,13,245,10,0
2023-02-01,month,fine_full20,14,235,4,0
2023-02-01,month,fine_full20,15,231,5,0
2023-02-01,month,fine_full20,16,226,9,0
2023-02-01,month,fine_full20,17,217,6,0
2023-02-01,month,fine_full20,18,211,3,0
2023-02-01,month,fine_full20,19,208,3,0
2023-02-01,month,fine_full20,20,205,1,0
2023-02-01,month,fine_partial,1,1305,655,95
2023-02-01,month,fine_partial,2,645,132,47
2023-02-01,month,fine_partial,3,508,75,35
2023-02-01,month,fine_partial,4,428,30,28
2023-02-01,month,fine_partial,5,393,39,21
2023-02-01,month,fine_partial,6,354,20,16
2023-02-01,month,fine_partial,7,333,17,15
2023-02-01,month,fine_partial,8,316,17,14
2023-02-01,month,fine_partial,9,298,7,9
2023-02-01,month,fine_partial,10,287,13,5
2023-02-01,month,fine_partial,11,269,14,0
2023-02-01,month,fine_partial,12,255,10,0
2023-02-01,month,fine_partial,13,245,10,0
2023-02-01,month,fine_partial,14,235,4,0
2023-02-01,month,fine_partial,15,231,5,0
2023-02-01,month,fine_partial,16,226,9,0
2023-02-01,month,fine_partial,17,217,6,0
2023-02-01,month,fine_partial,18,211,3,0
2023-02-01,month,fine_partial,19,208,3,0
2023-02-01,month,fine_partial,20,205,1,0
2023-03-01,month,direct_full20,5,1300,369,0
2023-03-01,month,direct_mature5,5,1375,423,75
2023-03-01,month,coarse_full20,1,1300,655,0
2023-03-01,month,coarse_full20,3,645,207,0
2023-03-01,month,coarse_full20,5,438,69,0
2023-03-01,month,coarse_full20,10,369,74,0
2023-03-01,month,coarse_full20,20,295,65,0
2023-03-01,month,coarse_partial,1,1395,679,95
2023-03-01,month,coarse_partial,3,709,213,64
2023-03-01,month,coarse_partial,5,496,73,58
2023-03-01,month,coarse_partial,10,408,74,39
2023-03-01,month,coarse_partial,20,295,65,0
2023-03-01,month,fine_full20,1,1300,655,0
2023-03-01,month,fine_full20,2,645,132,0
2023-03-01,month,fine_full20,3,513,75,0
2023-03-01,month,fine_full20,4,438,30,0
2023-03-01,month,fine_full20,5,408,39,0
2023-03-01,month,fine_full20,6,369,20,0
2023-03-01,month,fine_full20,7,349,17,0
2023-03-01,month,fine_full20,8,332,17,0
2023-03-01,month,fine_full20,9,315,7,0
2023-03-01,month,fine_full20,10,308,13,0
2023-03-01,month,fine_full20,11,295,14,0
2023-03-01,month,fine_full20,12,281,10,0
2023-03-01,month,fine_full20,13,271,10,0
2023-03-01,month,fine_full20,14,261,4,0
2023-03-01,month,fine_full20,15,257,5,0
2023-03-01,month,fine_full20,16,252,9,0
2023-03-01,month,fine_full20,17,243,6,0
2023-03-01,month,fine_full20,18,237,3,0
2023-03-01,month,fine_full20,19,234,3,0
2023-03-01,month,fine_full20,20,231,1,0
2023-03-01,month,fine_partial,1,1395,679,95
2023-03-01,month,fine_partial,2,714,137,69
2023-03-01,month,fine_partial,3,573,77,60
2023-03-01,month,fine_partial,4,496,32,58
2023-03-01,month,fine_partial,5,464,41,56
2023-03-01,month,fine_partial,6,421,21,52
2023-03-01,month,fine_partial,7,397,17,48
2023-03-01,month,fine_partial,8,378,17,46
2023-03-01,month,fine_partial,9,357,7,42
2023-03-01,month,fine_partial,10,347,13,39
2023-03-01,month,fine_partial,11,329,14,34
2023-03-01,month,fine_partial,12,310,10,29
2023-03-01,month,fine_partial,13,296,10,25
2023-03-01,month,fine_partial,14,281,4,20
2023-03-01,month,fine_partial,15,272,5,15
2023-03-01,month,fine_partial,16,267,9,15
2023-03-01,month,fine_partial,17,258,6,15
2023-03-01,month,fine_partial,18,247,3,10
2023-03-01,month,fine_partial,19,239,3,5
2023-03-01,month,fine_partial,20,231,1,0
2023-04-01,quarter,direct_full20,5,1410,436,0
2023-04-01,quarter,direct_mature5,5,1485,453,75
2023-04-01,quarter,coarse_full20,1,1410,685,0
2023-04-01,quarter,coarse_full20,3,725,216,0
2023-04-01,quarter,coarse_full20,5,509,73,0
2023-04-01,quarter,coarse_full20,10,436,77,0
2023-04-01,quarter,coarse_full20,20,359,70,0
2023-04-01,quarter,coarse_partial,1,1505,721,95
2023-04-01,quarter,coarse_partial,3,775,230,50
2023-04-01,quarter,coarse_partial,5,537,84,28
2023-04-01,quarter,coarse_partial,10,451,84,15
2023-04-01,quarter,coarse_partial,20,359,70,0
2023-04-01,quarter,fine_full20,1,1410,685,0
2023-04-01,quarter,fine_full20,2,725,138,0
2023-04-01,quarter,fine_full20,3,587,78,0
2023-04-01,quarter,fine_full20,4,509,32,0
2023-04-01,quarter,fine_full20,5,477,41,0
2023-04-01,quarter,fine_full20,6,436,21,0
2023-04-01,quarter,fine_full20,7,415,17,0
2023-04-01,quarter,fine_full20,8,398,17,0
2023-04-01,quarter,fine_full20,9,381,9,0
2023-04-01,quarter,fine_full20,10,372,13,0
2023-04-01,quarter,fine_full20,11,359,16,0
2023-04-01,quarter,fine_full20,12,343,10,0
2023-04-01,quarter,fine_full20,13,333,12,0
2023-04-01,quarter,fine_full20,14,321,4,0
2023-04-01,quarter,fine_full20,15,317,5,0
2023-04-01,quarter,fine_full20,16,312,9,0
2023-04-01,quarter,fine_full20,17,303,6,0
2023-04-01,quarter,fine_full20,18,297,4,0
2023-04-01,quarter,fine_full20,19,293,3,0
2023-04-01,quarter,fine_full20,20,290,1,0
2023-04-01,quarter,fine_partial,1,1505,721,95
2023-04-01,quarter,fine_partial,2,779,149,54
2023-04-01,quarter,fine_partial,3,626,81,39
2023-04-01,quarter,fine_partial,4,541,40,32
2023-04-01,quarter,fine_partial,5,497,44,20
2023-04-01,quarter,fine_partial,6,453,23,17
2023-04-01,quarter,fine_partial,7,430,18,15
2023-04-01,quarter,fine_partial,8,412,21,14
2023-04-01,quarter,fine_partial,9,390,9,9
2023-04-01,quarter,fine_partial,10,380,13,8
2023-04-01,quarter,fine_partial,11,363,16,4
2023-04-01,quarter,fine_partial,12,343,10,0
2023-04-01,quarter,fine_partial,13,333,12,0
2023-04-01,quarter,fine_partial,14,321,4,0
2023-04-01,quarter,fine_partial,15,317,5,0
2023-04-01,quarter,fine_partial,16,312,9,0
2023-04-01,quarter,fine_partial,17,303,6,0
2023-04-01,quarter,fine_partial,18,297,4,0
2023-04-01,quarter,fine_partial,19,293,3,0
2023-04-01,quarter,fine_partial,20,290,1,0
2023-04-01,month,direct_full20,5,1410,436,0
2023-04-01,month,direct_mature5,5,1485,453,75
2023-04-01,month,coarse_full20,1,1410,685,0
2023-04-01,month,coarse_full20,3,725,216,0
2023-04-01,month,coarse_full20,5,509,73,0
2023-04-01,month,coarse_full20,10,436,77,0
2023-04-01,month,coarse_full20,20,359,70,0
2023-04-01,month,coarse_partial,1,1505,721,95
2023-04-01,month,coarse_partial,3,775,230,50
2023-04-01,month,coarse_partial,5,537,84,28
2023-04-01,month,coarse_partial,10,451,84,15
2023-04-01,month,coarse_partial,20,359,70,0
2023-04-01,month,fine_full20,1,1410,685,0
2023-04-01,month,fine_full20,2,725,138,0
2023-04-01,month,fine_full20,3,587,78,0
2023-04-01,month,fine_full20,4,509,32,0
2023-04-01,month,fine_full20,5,477,41,0
2023-04-01,month,fine_full20,6,436,21,0
2023-04-01,month,fine_full20,7,415,17,0
2023-04-01,month,fine_full20,8,398,17,0
2023-04-01,month,fine_full20,9,381,9,0
2023-04-01,month,fine_full20,10,372,13,0
2023-04-01,month,fine_full20,11,359,16,0
2023-04-01,month,fine_full20,12,343,10,0
2023-04-01,month,fine_full20,13,333,12,0
2023-04-01,month,fine_full20,14,321,4,0
2023-04-01,month,fine_full20,15,317,5,0
2023-04-01,month,fine_full20,16,312,9,0
2023-04-01,month,fine_full20,17,303,6,0
2023-04-01,month,fine_full20,18,297,4,0
2023-04-01,month,fine_full20,19,293,3,0
2023-04-01,month,fine_full20,20,290,1,0
2023-04-01,month,fine_partial,1,1505,721,95
2023-04-01,month,fine_partial,2,779,149,54
2023-04-01,month,fine_partial,3,626,81,39
2023-04-01,month,fine_partial,4,541,40,32
2023-04-01,month,fine_partial,5,497,44,20
2023-04-01,month,fine_partial,6,453,23,17
2023-04-01,month,fine_partial,7,430,18,15
2023-04-01,month,fine_partial,8,412,21,14
2023-04-01,month,fine_partial,9,390,9,9
2023-04-01,month,fine_partial,10,380,13,8
2023-04-01,month,fine_partial,11,363,16,4
2023-04-01,month,fine_partial,12,343,10,0
2023-04-01,month,fine_partial,13,333,12,0
2023-04-01,month,fine_partial,14,321,4,0
2023-04-01,month,fine_partial,15,317,5,0
2023-04-01,month,fine_partial,16,312,9,0
2023-04-01,month,fine_partial,17,303,6,0
2023-04-01,month,fine_partial,18,297,4,0
2023-04-01,month,fine_partial,19,293,3,0
2023-04-01,month,fine_partial,20,290,1,0
2023-05-01,month,direct_full20,5,1520,483,0
2023-05-01,month,direct_mature5,5,1595,503,75
2023-05-01,month,coarse_full20,1,1520,723,0
2023-05-01,month,coarse_full20,3,797,230,0
2023-05-01,month,coarse_full20,5,567,84,0
2023-05-01,month,coarse_full20,10,483,84,0
2023-05-01,month,coarse_full20,20,399,70,0
2023-05-01,month,coarse_partial,1,1615,768,95
2023-05-01,month,coarse_partial,3,844,246,47
2023-05-01,month,coarse_partial,5,593,90,26
2023-05-01,month,coarse_partial,10,503,85,20
2023-05-01,month,coarse_partial,20,399,70,0
2023-05-01,month,fine_full20,1,1520,723,0
2023-05-01,month,fine_full20,2,797,149,0
2023-05-01,month,fine_full20,3,648,81,0
2023-05-01,month,fine_full20,4,567,40,0
2023-05-01,month,fine_full20,5,527,44,0
2023-05-01,month,fine_full20,6,483,23,0
2023-05-01,month,fine_full20,7,460,18,0
2023-05-01,month,fine_full20,8,442,21,0
2023-05-01,month,fine_full20,9,421,9,0
2023-05-01,month,fine_full20,10,412,13,0
2023-05-01,month,fine_full20,11,399,16,0
2023-05-01,month,fine_full20,12,383,10,0
2023-05-01,month,fine_full20,13,373,12,0
2023-05-01,month,fine_full20,14,361,4,0
2023-05-01,month,fine_full20,15,357,5,0
2023-05-01,month,fine_full20,16,352,9,0
2023-05-01,month,fine_full20,17,343,6,0
2023-05-01,month,fine_full20,18,337,4,0
2023-05-01,month,fine_full20,19,333,3,0
2023-05-01,month,fine_full20,20,330,1,0
2023-05-01,month,fine_partial,1,1615,768,95
2023-05-01,month,fine_partial,2,847,156,50
2023-05-01,month,fine_partial,3,691,93,43
2023-05-01,month,fine_partial,4,598,47,31
2023-05-01,month,fine_partial,5,551,48,24
2023-05-01,month,fine_partial,6,503,24,20
2023-05-01,month,fine_partial,7,479,18,19
2023-05-01,month,fine_partial,8,461,21,19
2023-05-01,month,fine_partial,9,440,9,19
2023-05-01,month,fine_partial,10,431,13,19
2023-05-01,month,fine_partial,11,418,16,19
2023-05-01,month,fine_partial,12,402,10,19
2023-05-01,month,fine_partial,13,392,12,19
2023-05-01,month,fine_partial,14,380,4,19
2023-05-01,month,fine_partial,15,376,5,19
2023-05-01,month,fine_partial,16,371,12,19
2023-05-01,month,fine_partial,17,358,7,15
2023-05-01,month,fine_partial,18,347,4,10
2023-05-01,month,fine_partial,19,338,3,5
2023-05-01,month,fine_partial,20,330,1,0
2023-06-01,month,direct_full20,5,1610,503,0
2023-06-01,month,direct_mature5,5,1685,526,75
2023-06-01,month,coarse_full20,1,1610,763,0
2023-06-01,month,coarse_full20,3,847,249,0
2023-06-01,month,coarse_full20,5,598,95,0
2023-06-01,month,coarse_full20,10,503,85,0
2023-06-01,month,coarse_full20,20,418,82,0
2023-06-01,month,coarse_partial,1,1705,819,95
2023-06-01,month,coarse_partial,3,881,258,34
2023-06-01,month,coarse_partial,5,622,96,24
2023-06-01,month,coarse_partial,10,518,85,15
2023-06-01,month,coarse_partial,20,418,82,0
2023-06-01,month,fine_full20,1,1610,763,0
2023-06-01,month,fine_full20,2,847,156,0
2023-06-01,month,fine_full20,3,691,93,0
2023-06-01,month,fine_full20,4,598,47,0
2023-06-01,month,fine_full20,5,551,48,0
2023-06-01,month,fine_full20,6,503,24,0
2023-06-01,month,fine_full20,7,479,18,0
2023-06-01,month,fine_full20,8,461,21,0
2023-06-01,month,fine_full20,9,440,9,0
2023-06-01,month,fine_full20,10,431,13,0
2023-06-01,month,fine_full20,11,418,16,0
2023-06-01,month,fine_full20,12,402,10,0
2023-06-01,month,fine_full20,13,392,12,0
2023-06-01,month,fine_full20,14,380,4,0
2023-06-01,month,fine_full20,15,376,5,0
2023-06-01,month,fine_full20,16,371,12,0
2023-06-01,month,fine_full20,17,359,8,0
2023-06-01,month,fine_full20,18,351,4,0
2023-06-01,month,fine_full20,19,347,6,0
2023-06-01,month,fine_full20,20,341,5,0
2023-06-01,month,fine_partial,1,1705,819,95
2023-06-01,month,fine_partial,2,881,161,34
2023-06-01,month,fine_partial,3,720,97,29
2023-06-01,month,fine_partial,4,622,47,24
2023-06-01,month,fine_partial,5,575,49,24
2023-06-01,month,fine_partial,6,522,24,19
2023-06-01,month,fine_partial,7,495,18,16
2023-06-01,month,fine_partial,8,477,21,16
2023-06-01,month,fine_partial,9,456,9,16
2023-06-01,month,fine_partial,10,446,13,15
2023-06-01,month,fine_partial,11,428,16,10
2023-06-01,month,fine_partial,12,407,10,5
2023-06-01,month,fine_partial,13,392,12,0
2023-06-01,month,fine_partial,14,380,4,0
2023-06-01,month,fine_partial,15,376,5,0
2023-06-01,month,fine_partial,16,371,12,0
2023-06-01,month,fine_partial,17,359,8,0
2023-06-01,month,fine_partial,18,351,4,0
2023-06-01,month,fine_partial,19,347,6,0
2023-06-01,month,fine_partial,20,341,5,0
2023-07-01,quarter,direct_full20,5,1715,541,0
2023-07-01,quarter,direct_mature5,5,1790,572,75
2023-07-01,quarter,coarse_full20,1,1715,820,0
2023-07-01,quarter,coarse_full20,3,895,258,0
2023-07-01,quarter,coarse_full20,5,637,96,0
2023-07-01,quarter,coarse_full20,10,541,85,0
2023-07-01,quarter,coarse_full20,20,456,82,0
2023-07-01,quarter,coarse_partial,1,1810,852,95
2023-07-01,quarter,coarse_partial,3,949,268,54
2023-07-01,quarter,coarse_partial,5,671,99,34
2023-07-01,quarter,coarse_partial,10,568,86,27
2023-07-01,quarter,coarse_partial,20,456,82,0
2023-07-01,quarter,fine_full20,1,1715,820,0
2023-07-01,quarter,fine_full20,2,895,161,0
2023-07-01,quarter,fine_full20,3,734,97,0
2023-07-01,quarter,fine_full20,4,637,47,0
2023-07-01,quarter,fine_full20,5,590,49,0
2023-07-01,quarter,fine_full20,6,541,24,0
2023-07-01,quarter,fine_full20,7,517,18,0
2023-07-01,quarter,fine_full20,8,499,21,0
2023-07-01,quarter,fine_full20,9,478,9,0
2023-07-01,quarter,fine_full20,10,469,13,0
2023-07-01,quarter,fine_full20,11,456,16,0
2023-07-01,quarter,fine_full20,12,440,10,0
2023-07-01,quarter,fine_full20,13,430,12,0
2023-07-01,quarter,fine_full20,14,418,4,0
2023-07-01,quarter,fine_full20,15,414,5,0
2023-07-01,quarter,fine_full20,16,409,12,0
2023-07-01,quarter,fine_full20,17,397,8,0
2023-07-01,quarter,fine_full20,18,389,4,0
2023-07-01,quarter,fine_full20,19,385,6,0
2023-07-01,quarter,fine_full20,20,379,5,0
2023-07-01,quarter,fine_partial,1,1810,852,95
2023-07-01,quarter,fine_partial,2,953,166,58
2023-07-01,quarter,fine_partial,3,783,102,49
2023-07-01,quarter,fine_partial,4,676,50,39
2023-07-01,quarter,fine_partial,5,621,49,31
2023-07-01,quarter,fine_partial,6,572,24,31
2023-07-01,quarter,fine_partial,7,548,19,31
2023-07-01,quarter,fine_partial,8,528,21,29
2023-07-01,quarter,fine_partial,9,504,9,26
2023-07-01,quarter,fine_partial,10,495,13,26
2023-07-01,quarter,fine_partial,11,482,16,26
2023-07-01,quarter,fine_partial,12,464,10,24
2023-07-01,quarter,fine_partial,13,450,12,20
2023-07-01,quarter,fine_partial,14,433,4,15
2023-07-01,quarter,fine_partial,15,424,5,10
2023-07-01,quarter,fine_partial,16,414,12,5
2023-07-01,quarter,fine_partial,17,402,8,5
2023-07-01,quarter,fine_partial,18,389,4,0
2023-07-01,quarter,fine_partial,19,385,6,0
2023-07-01,quarter,fine_partial,20,379,5,0
2023-07-01,month,direct_full20,5,1715,541,0
2023-07-01,month,direct_mature5,5,1790,572,75
2023-07-01,month,coarse_full20,1,1715,820,0
2023-07-01,month,coarse_full20,3,895,258,0
2023-07-01,month,coarse_full20,5,637,96,0
2023-07-01,month,coarse_full20,10,541,85,0
2023-07-01,month,coarse_full20,20,456,82,0
2023-07-01,month,coarse_partial,1,1810,852,95
2023-07-01,month,coarse_partial,3,949,268,54
2023-07-01,month,coarse_partial,5,671,99,34
2023-07-01,month,coarse_partial,10,568,86,27
2023-07-01,month,coarse_partial,20,456,82,0
2023-07-01,month,fine_full20,1,1715,820,0
2023-07-01,month,fine_full20,2,895,161,0
2023-07-01,month,fine_full20,3,734,97,0
2023-07-01,month,fine_full20,4,637,47,0
2023-07-01,month,fine_full20,5,590,49,0
2023-07-01,month,fine_full20,6,541,24,0
2023-07-01,month,fine_full20,7,517,18,0
2023-07-01,month,fine_full20,8,499,21,0
2023-07-01,month,fine_full20,9,478,9,0
2023-07-01,month,fine_full20,10,469,13,0
2023-07-01,month,fine_full20,11,456,16,0
2023-07-01,month,fine_full20,12,440,10,0
2023-07-01,month,fine_full20,13,430,12,0
2023-07-01,month,fine_full20,14,418,4,0
2023-07-01,month,fine_full20,15,414,5,0
2023-07-01,month,fine_full20,16,409,12,0
2023-07-01,month,fine_full20,17,397,8,0
2023-07-01,month,fine_full20,18,389,4,0
2023-07-01,month,fine_full20,19,385,6,0
2023-07-01,month,fine_full20,20,379,5,0
2023-07-01,month,fine_partial,1,1810,852,95
2023-07-01,month,fine_partial,2,953,166,58
2023-07-01,month,fine_partial,3,783,102,49
2023-07-01,month,fine_partial,4,676,50,39
2023-07-01,month,fine_partial,5,621,49,31
2023-07-01,month,fine_partial,6,572,24,31
2023-07-01,month,fine_partial,7,548,19,31
2023-07-01,month,fine_partial,8,528,21,29
2023-07-01,month,fine_partial,9,504,9,26
2023-07-01,month,fine_partial,10,495,13,26
2023-07-01,month,fine_partial,11,482,16,26
2023-07-01,month,fine_partial,12,464,10,24
2023-07-01,month,fine_partial,13,450,12,20
2023-07-01,month,fine_partial,14,433,4,15
2023-07-01,month,fine_partial,15,424,5,10
2023-07-01,month,fine_partial,16,414,12,5
2023-07-01,month,fine_partial,17,402,8,5
2023-07-01,month,fine_partial,18,389,4,0
2023-07-01,month,fine_partial,19,385,6,0
2023-07-01,month,fine_partial,20,379,5,0
2023-08-01,month,direct_full20,5,1825,606,0
2023-08-01,month,direct_mature5,5,1900,626,75
2023-08-01,month,coarse_full20,1,1825,852,0
2023-08-01,month,coarse_full20,3,973,268,0
2023-08-01,month,coarse_full20,5,705,99,0
2023-08-01,month,coarse_full20,10,606,86,0
2023-08-01,month,coarse_full20,20,520,82,0
2023-08-01,month,coarse_partial,1,1920,902,95
2023-08-01,month,coarse_partial,3,1011,277,38
2023-08-01,month,coarse_partial,5,732,106,27
2023-08-01,month,coarse_partial,10,625,93,19
2023-08-01,month,coarse_partial,20,520,82,0
2023-08-01,month,fine_full20,1,1825,852,0
2023-08-01,month,fine_full20,2,973,166,0
2023-08-01,month,fine_full20,3,807,102,0
2023-08-01,month,fine_full20,4,705,50,0
2023-08-01,month,fine_full20,5,655,49,0
2023-08-01,month,fine_full20,6,606,24,0
2023-08-01,month,fine_full20,7,582,19,0
2023-08-01,month,fine_full20,8,563,21,0
2023-08-01,month,fine_full20,9,542,9,0
2023-08-01,month,fine_full20,10,533,13,0
2023-08-01,month,fine_full20,11,520,16,0
2023-08-01,month,fine_full20,12,504,10,0
2023-08-01,month,fine_full20,13,494,12,0
2023-08-01,month,fine_full20,14,482,4,0
2023-08-01,month,fine_full20,15,478,5,0
2023-08-01,month,fine_full20,16,473,12,0
2023-08-01,month,fine_full20,17,461,8,0
2023-08-01,month,fine_full20,18,453,4,0
2023-08-01,month,fine_full20,19,449,6,0
2023-08-01,month,fine_full20,20,443,5,0
2023-08-01,month,fine_partial,1,1920,902,95
2023-08-01,month,fine_partial,2,1013,170,40
2023-08-01,month,fine_partial,3,841,107,34
2023-08-01,month,fine_partial,4,732,56,27
2023-08-01,month,fine_partial,5,676,50,21
2023-08-01,month,fine_partial,6,626,27,20
2023-08-01,month,fine_partial,7,599,23,17
2023-08-01,month,fine_partial,8,576,22,13
2023-08-01,month,fine_partial,9,554,9,12
2023-08-01,month,fine_partial,10,545,13,12
2023-08-01,month,fine_partial,11,532,16,12
2023-08-01,month,fine_partial,12,515,10,11
2023-08-01,month,fine_partial,13,505,12,11
2023-08-01,month,fine_partial,14,493,4,11
2023-08-01,month,fine_partial,15,489,5,11
2023-08-01,month,fine_partial,16,484,13,11
2023-08-01,month,fine_partial,17,471,8,10
2023-08-01,month,fine_partial,18,462,5,9
2023-08-01,month,fine_partial,19,453,6,4
2023-08-01,month,fine_partial,20,443,5,0
2023-09-01,month,direct_full20,5,1935,650,0
2023-09-01,month,direct_mature5,5,2010,680,75
2023-09-01,month,coarse_full20,1,1935,902,0
2023-09-01,month,coarse_full20,3,1033,277,0
2023-09-01,month,coarse_full20,5,756,106,0
2023-09-01,month,coarse_full20,10,650,94,0
2023-09-01,month,coarse_full20,20,556,93,0
2023-09-01,month,coarse_partial,1,2030,940,95
2023-09-01,month,coarse_partial,3,1081,288,48
2023-09-01,month,coarse_partial,5,787,107,31
2023-09-01,month,coarse_partial,10,668,107,18
2023-09-01,month,coarse_partial,20,556,93,0
2023-09-01,month,fine_full20,1,1935,902,0
2023-09-01,month,fine_full20,2,1033,170,0
2023-09-01,month,fine_full20,3,863,107,0
2023-09-01,month,fine_full20,4,756,56,0
2023-09-01,month,fine_full20,5,700,50,0
2023-09-01,month,fine_full20,6,650,27,0
2023-09-01,month,fine_full20,7,623,23,0
2023-09-01,month,fine_full20,8,600,22,0
2023-09-01,month,fine_full20,9,578,9,0
2023-09-01,month,fine_full20,10,569,13,0
2023-09-01,month,fine_full20,11,556,16,0
2023-09-01,month,fine_full20,12,540,11,0
2023-09-01,month,fine_full20,13,529,14,0
2023-09-01,month,fine_full20,14,515,6,0
2023-09-01,month,fine_full20,15,509,6,0
2023-09-01,month,fine_full20,16,503,15,0
2023-09-01,month,fine_full20,17,488,9,0
2023-09-01,month,fine_full20,18,479,5,0
2023-09-01,month,fine_full20,19,474,6,0
2023-09-01,month,fine_full20,20,468,5,0
2023-09-01,month,fine_partial,1,2030,940,95
2023-09-01,month,fine_partial,2,1086,176,53
2023-09-01,month,fine_partial,3,905,112,42
2023-09-01,month,fine_partial,4,789,56,33
2023-09-01,month,fine_partial,5,731,51,31
2023-09-01,month,fine_partial,6,676,27,26
2023-09-01,month,fine_partial,7,646,27,23
2023-09-01,month,fine_partial,8,614,22,14
2023-09-01,month,fine_partial,9,592,14,14
2023-09-01,month,fine_partial,10,578,17,9
2023-09-01,month,fine_partial,11,561,18,5
2023-09-01,month,fine_partial,12,543,11,3
2023-09-01,month,fine_partial,13,532,14,3
2023-09-01,month,fine_partial,14,518,6,3
2023-09-01,month,fine_partial,15,512,6,3
2023-09-01,month,fine_partial,16,506,15,3
2023-09-01,month,fine_partial,17,491,9,3
2023-09-01,month,fine_partial,18,482,5,3
2023-09-01,month,fine_partial,19,477,6,3
2023-09-01,month,fine_partial,20,468,5,0
2023-10-01,quarter,direct_full20,5,2045,709,0
2023-10-01,quarter,direct_mature5,5,2120,722,75
2023-10-01,quarter,coarse_full20,1,2045,941,0
2023-10-01,quarter,coarse_full20,3,1104,288,0
2023-10-01,quarter,coarse_full20,5,816,107,0
2023-10-01,quarter,coarse_full20,10,709,121,0
2023-10-01,quarter,coarse_full20,20,588,105,0
2023-10-01,quarter,coarse_partial,1,2140,980,95
2023-10-01,quarter,coarse_partial,3,1153,303,49
2023-10-01,quarter,coarse_partial,5,842,120,26
2023-10-01,quarter,coarse_partial,10,722,129,13
2023-10-01,quarter,coarse_partial,20,588,105,0
2023-10-01,quarter,fine_full20,1,2045,941,0
2023-10-01,quarter,fine_full20,2,1104,176,0
2023-10-01,quarter,fine_full20,3,928,112,0
2023-10-01,quarter,fine_full20,4,816,56,0
2023-10-01,quarter,fine_full20,5,760,51,0
2023-10-01,quarter,fine_full20,6,709,27,0
2023-10-01,quarter,fine_full20,7,682,29,0
2023-10-01,quarter,fine_full20,8,653,25,0
2023-10-01,quarter,fine_full20,9,628,18,0
2023-10-01,quarter,fine_full20,10,610,22,0
2023-10-01,quarter,fine_full20,11,588,22,0
2023-10-01,quarter,fine_full20,12,566,15,0
2023-10-01,quarter,fine_full20,13,551,15,0
2023-10-01,quarter,fine_full20,14,536,7,0
2023-10-01,quarter,fine_full20,15,529,6,0
2023-10-01,quarter,fine_full20,16,523,15,0
2023-10-01,quarter,fine_full20,17,508,9,0
2023-10-01,quarter,fine_full20,18,499,5,0
2023-10-01,quarter,fine_full20,19,494,6,0
2023-10-01,quarter,fine_full20,20,488,5,0
2023-10-01,quarter,fine_partial,1,2140,980,95
2023-10-01,quarter,fine_partial,2,1157,187,53
2023-10-01,quarter,fine_partial,3,967,117,39
2023-10-01,quarter,fine_partial,4,846,62,30
2023-10-01,quarter,fine_partial,5,781,59,21
2023-10-01,quarter,fine_partial,6,722,29,13
2023-10-01,quarter,fine_partial,7,693,35,11
2023-10-01,quarter,fine_partial,8,658,25,5
2023-10-01,quarter,fine_partial,9,633,18,5
2023-10-01,quarter,fine_partial,10,615,22,5
2023-10-01,quarter,fine_partial,11,593,22,5
2023-10-01,quarter,fine_partial,12,570,15,4
2023-10-01,quarter,fine_partial,13,551,15,0
2023-10-01,quarter,fine_partial,14,536,7,0
2023-10-01,quarter,fine_partial,15,529,6,0
2023-10-01,quarter,fine_partial,16,523,15,0
2023-10-01,quarter,fine_partial,17,508,9,0
2023-10-01,quarter,fine_partial,18,499,5,0
2023-10-01,quarter,fine_partial,19,494,6,0
2023-10-01,quarter,fine_partial,20,488,5,0
2023-10-01,month,direct_full20,5,2045,709,0
2023-10-01,month,direct_mature5,5,2120,722,75
2023-10-01,month,coarse_full20,1,2045,941,0
2023-10-01,month,coarse_full20,3,1104,288,0
2023-10-01,month,coarse_full20,5,816,107,0
2023-10-01,month,coarse_full20,10,709,121,0
2023-10-01,month,coarse_full20,20,588,105,0
2023-10-01,month,coarse_partial,1,2140,980,95
2023-10-01,month,coarse_partial,3,1153,303,49
2023-10-01,month,coarse_partial,5,842,120,26
2023-10-01,month,coarse_partial,10,722,129,13
2023-10-01,month,coarse_partial,20,588,105,0
2023-10-01,month,fine_full20,1,2045,941,0
2023-10-01,month,fine_full20,2,1104,176,0
2023-10-01,month,fine_full20,3,928,112,0
2023-10-01,month,fine_full20,4,816,56,0
2023-10-01,month,fine_full20,5,760,51,0
2023-10-01,month,fine_full20,6,709,27,0
2023-10-01,month,fine_full20,7,682,29,0
2023-10-01,month,fine_full20,8,653,25,0
2023-10-01,month,fine_full20,9,628,18,0
2023-10-01,month,fine_full20,10,610,22,0
2023-10-01,month,fine_full20,11,588,22,0
2023-10-01,month,fine_full20,12,566,15,0
2023-10-01,month,fine_full20,13,551,15,0
2023-10-01,month,fine_full20,14,536,7,0
2023-10-01,month,fine_full20,15,529,6,0
2023-10-01,month,fine_full20,16,523,15,0
2023-10-01,month,fine_full20,17,508,9,0
2023-10-01,month,fine_full20,18,499,5,0
2023-10-01,month,fine_full20,19,494,6,0
2023-10-01,month,fine_full20,20,488,5,0
2023-10-01,month,fine_partial,1,2140,980,95
2023-10-01,month,fine_partial,2,1157,187,53
2023-10-01,month,fine_partial,3,967,117,39
2023-10-01,month,fine_partial,4,846,62,30
2023-10-01,month,fine_partial,5,781,59,21
2023-10-01,month,fine_partial,6,722,29,13
2023-10-01,month,fine_partial,7,693,35,11
2023-10-01,month,fine_partial,8,658,25,5
2023-10-01,month,fine_partial,9,633,18,5
2023-10-01,month,fine_partial,10,615,22,5
2023-10-01,month,fine_partial,11,593,22,5
2023-10-01,month,fine_partial,12,570,15,4
2023-10-01,month,fine_partial,13,551,15,0
2023-10-01,month,fine_partial,14,536,7,0
2023-10-01,month,fine_partial,15,529,6,0
2023-10-01,month,fine_partial,16,523,15,0
2023-10-01,month,fine_partial,17,508,9,0
2023-10-01,month,fine_partial,18,499,5,0
2023-10-01,month,fine_partial,19,494,6,0
2023-10-01,month,fine_partial,20,488,5,0
2023-11-01,month,direct_full20,5,2150,741,0
2023-11-01,month,direct_mature5,5,2225,758,75
2023-11-01,month,coarse_full20,1,2150,982,0
2023-11-01,month,coarse_full20,3,1168,304,0
2023-11-01,month,coarse_full20,5,864,123,0
2023-11-01,month,coarse_full20,10,741,136,0
2023-11-01,month,coarse_full20,20,605,118,0
2023-11-01,month,coarse_partial,1,2245,1031,95
2023-11-01,month,coarse_partial,3,1209,318,41
2023-11-01,month,coarse_partial,5,890,132,26
2023-11-01,month,coarse_partial,10,758,151,17
2023-11-01,month,coarse_partial,20,605,118,0
2023-11-01,month,fine_full20,1,2150,982,0
2023-11-01,month,fine_full20,2,1168,187,0
2023-11-01,month,fine_full20,3,981,117,0
2023-11-01,month,fine_full20,4,864,63,0
2023-11-01,month,fine_full20,5,801,60,0
2023-11-01,month,fine_full20,6,741,29,0
2023-11-01,month,fine_full20,7,712,35,0
2023-11-01,month,fine_full20,8,677,25,0
2023-11-01,month,fine_full20,9,652,22,0
2023-11-01,month,fine_full20,10,630,25,0
2023-11-01,month,fine_full20,11,605,23,0
2023-11-01,month,fine_full20,12,582,15,0
2023-11-01,month,fine_full20,13,567,15,0
2023-11-01,month,fine_full20,14,552,8,0
2023-11-01,month,fine_full20,15,544,6,0
2023-11-01,month,fine_full20,16,538,16,0
2023-11-01,month,fine_full20,17,522,11,0
2023-11-01,month,fine_full20,18,511,8,0
2023-11-01,month,fine_full20,19,503,9,0
2023-11-01,month,fine_full20,20,494,7,0
2023-11-01,month,fine_partial,1,2245,1031,95
2023-11-01,month,fine_partial,2,1214,200,46
2023-11-01,month,fine_partial,3,1011,120,30
2023-11-01,month,fine_partial,4,890,66,26
2023-11-01,month,fine_partial,5,824,66,23
2023-11-01,month,fine_partial,6,758,37,17
2023-11-01,month,fine_partial,7,721,39,9
2023-11-01,month,fine_partial,8,682,28,5
2023-11-01,month,fine_partial,9,654,22,2
2023-11-01,month,fine_partial,10,632,25,2
2023-11-01,month,fine_partial,11,607,23,2
2023-11-01,month,fine_partial,12,584,16,2
2023-11-01,month,fine_partial,13,568,15,1
2023-11-01,month,fine_partial,14,553,8,1
2023-11-01,month,fine_partial,15,545,7,1
2023-11-01,month,fine_partial,16,538,16,0
2023-11-01,month,fine_partial,17,522,11,0
2023-11-01,month,fine_partial,18,511,8,0
2023-11-01,month,fine_partial,19,503,9,0
2023-11-01,month,fine_partial,20,494,7,0
2023-12-01,month,direct_full20,5,2255,758,0
2023-12-01,month,direct_mature5,5,2330,767,75
2023-12-01,month,coarse_full20,1,2255,1037,0
2023-12-01,month,coarse_full20,3,1218,324,0
2023-12-01,month,coarse_full20,5,894,136,0
2023-12-01,month,coarse_full20,10,758,151,0
2023-12-01,month,coarse_full20,20,607,120,0
2023-12-01,month,coarse_partial,1,2350,1100,95
2023-12-01,month,coarse_partial,3,1249,339,31
2023-12-01,month,coarse_partial,5,905,138,11
2023-12-01,month,coarse_partial,10,762,155,4
2023-12-01,month,coarse_partial,20,607,120,0
2023-12-01,month,fine_full20,1,2255,1037,0
2023-12-01,month,fine_full20,2,1218,204,0
2023-12-01,month,fine_full20,3,1014,120,0
2023-12-01,month,fine_full20,4,894,69,0
2023-12-01,month,fine_full20,5,825,67,0
2023-12-01,month,fine_full20,6,758,37,0
2023-12-01,month,fine_full20,7,721,39,0
2023-12-01,month,fine_full20,8,682,28,0
2023-12-01,month,fine_full20,9,654,22,0
2023-12-01,month,fine_full20,10,632,25,0
2023-12-01,month,fine_full20,11,607,23,0
2023-12-01,month,fine_full20,12,584,16,0
2023-12-01,month,fine_full20,13,568,15,0
2023-12-01,month,fine_full20,14,553,8,0
2023-12-01,month,fine_full20,15,545,7,0
2023-12-01,month,fine_full20,16,538,16,0
2023-12-01,month,fine_full20,17,522,11,0
2023-12-01,month,fine_full20,18,511,8,0
2023-12-01,month,fine_full20,19,503,9,0
2023-12-01,month,fine_full20,20,494,7,0
2023-12-01,month,fine_partial,1,2350,1100,95
2023-12-01,month,fine_partial,2,1249,214,31
2023-12-01,month,fine_partial,3,1035,125,21
2023-12-01,month,fine_partial,4,906,70,12
2023-12-01,month,fine_partial,5,835,68,10
2023-12-01,month,fine_partial,6,762,40,4
2023-12-01,month,fine_partial,7,722,39,1
2023-12-01,month,fine_partial,8,683,28,1
2023-12-01,month,fine_partial,9,655,22,1
2023-12-01,month,fine_partial,10,633,26,1
2023-12-01,month,fine_partial,11,607,23,0
2023-12-01,month,fine_partial,12,584,16,0
2023-12-01,month,fine_partial,13,568,15,0
2023-12-01,month,fine_partial,14,553,8,0
2023-12-01,month,fine_partial,15,545,7,0
2023-12-01,month,fine_partial,16,538,16,0
2023-12-01,month,fine_partial,17,522,11,0
2023-12-01,month,fine_partial,18,511,8,0
2023-12-01,month,fine_partial,19,503,9,0
2023-12-01,month,fine_partial,20,494,7,0
2024-01-01,quarter,direct_full20,5,2370,785,0
2024-01-01,quarter,direct_mature5,5,2445,810,75
2024-01-01,quarter,coarse_full20,1,2370,1105,0
2024-01-01,quarter,coarse_full20,3,1265,342,0
2024-01-01,quarter,coarse_full20,5,923,138,0
2024-01-01,quarter,coarse_full20,10,785,158,0
2024-01-01,quarter,coarse_full20,20,627,120,0
2024-01-01,quarter,coarse_partial,1,2465,1158,95
2024-01-01,quarter,coarse_partial,3,1307,354,42
2024-01-01,quarter,coarse_partial,5,953,143,30
2024-01-01,quarter,coarse_partial,10,800,165,15
2024-01-01,quarter,coarse_partial,20,627,120,0
2024-01-01,quarter,fine_full20,1,2370,1105,0
2024-01-01,quarter,fine_full20,2,1265,217,0
2024-01-01,quarter,fine_full20,3,1048,125,0
2024-01-01,quarter,fine_full20,4,923,70,0
2024-01-01,quarter,fine_full20,5,853,68,0
2024-01-01,quarter,fine_full20,6,785,40,0
2024-01-01,quarter,fine_full20,7,745,39,0
2024-01-01,quarter,fine_full20,8,706,30,0
2024-01-01,quarter,fine_full20,9,676,23,0
2024-01-01,quarter,fine_full20,10,653,26,0
2024-01-01,quarter,fine_full20,11,627,23,0
2024-01-01,quarter,fine_full20,12,604,16,0
2024-01-01,quarter,fine_full20,13,588,15,0
2024-01-01,quarter,fine_full20,14,573,8,0
2024-01-01,quarter,fine_full20,15,565,7,0
2024-01-01,quarter,fine_full20,16,558,16,0
2024-01-01,quarter,fine_full20,17,542,11,0
2024-01-01,quarter,fine_full20,18,531,8,0
2024-01-01,quarter,fine_full20,19,523,9,0
2024-01-01,quarter,fine_full20,20,514,7,0
2024-01-01,quarter,fine_partial,1,2465,1158,95
2024-01-01,quarter,fine_partial,2,1307,225,42
2024-01-01,quarter,fine_partial,3,1082,129,34
2024-01-01,quarter,fine_partial,4,953,72,30
2024-01-01,quarter,fine_partial,5,881,71,28
2024-01-01,quarter,fine_partial,6,810,48,25
2024-01-01,quarter,fine_partial,7,762,40,17
2024-01-01,quarter,fine_partial,8,721,34,15
2024-01-01,quarter,fine_partial,9,686,23,10
2024-01-01,quarter,fine_partial,10,663,28,10
2024-01-01,quarter,fine_partial,11,632,23,5
2024-01-01,quarter,fine_partial,12,605,16,1
2024-01-01,quarter,fine_partial,13,589,15,1
2024-01-01,quarter,fine_partial,14,573,8,0
2024-01-01,quarter,fine_partial,15,565,7,0
2024-01-01,quarter,fine_partial,16,558,16,0
2024-01-01,quarter,fine_partial,17,542,11,0
2024-01-01,quarter,fine_partial,18,531,8,0
2024-01-01,quarter,fine_partial,19,523,9,0
2024-01-01,quarter,fine_partial,20,514,7,0
2024-01-01,month,direct_full20,5,2370,785,0
2024-01-01,month,direct_mature5,5,2445,810,75
2024-01-01,month,coarse_full20,1,2370,1105,0
2024-01-01,month,coarse_full20,3,1265,342,0
2024-01-01,month,coarse_full20,5,923,138,0
2024-01-01,month,coarse_full20,10,785,158,0
2024-01-01,month,coarse_full20,20,627,120,0
2024-01-01,month,coarse_partial,1,2465,1158,95
2024-01-01,month,coarse_partial,3,1307,354,42
2024-01-01,month,coarse_partial,5,953,143,30
2024-01-01,month,coarse_partial,10,800,165,15
2024-01-01,month,coarse_partial,20,627,120,0
2024-01-01,month,fine_full20,1,2370,1105,0
2024-01-01,month,fine_full20,2,1265,217,0
2024-01-01,month,fine_full20,3,1048,125,0
2024-01-01,month,fine_full20,4,923,70,0
2024-01-01,month,fine_full20,5,853,68,0
2024-01-01,month,fine_full20,6,785,40,0
2024-01-01,month,fine_full20,7,745,39,0
2024-01-01,month,fine_full20,8,706,30,0
2024-01-01,month,fine_full20,9,676,23,0
2024-01-01,month,fine_full20,10,653,26,0
2024-01-01,month,fine_full20,11,627,23,0
2024-01-01,month,fine_full20,12,604,16,0
2024-01-01,month,fine_full20,13,588,15,0
2024-01-01,month,fine_full20,14,573,8,0
2024-01-01,month,fine_full20,15,565,7,0
2024-01-01,month,fine_full20,16,558,16,0
2024-01-01,month,fine_full20,17,542,11,0
2024-01-01,month,fine_full20,18,531,8,0
2024-01-01,month,fine_full20,19,523,9,0
2024-01-01,month,fine_full20,20,514,7,0
2024-01-01,month,fine_partial,1,2465,1158,95
2024-01-01,month,fine_partial,2,1307,225,42
2024-01-01,month,fine_partial,3,1082,129,34
2024-01-01,month,fine_partial,4,953,72,30
2024-01-01,month,fine_partial,5,881,71,28
2024-01-01,month,fine_partial,6,810,48,25
2024-01-01,month,fine_partial,7,762,40,17
2024-01-01,month,fine_partial,8,721,34,15
2024-01-01,month,fine_partial,9,686,23,10
2024-01-01,month,fine_partial,10,663,28,10
2024-01-01,month,fine_partial,11,632,23,5
2024-01-01,month,fine_partial,12,605,16,1
2024-01-01,month,fine_partial,13,589,15,1
2024-01-01,month,fine_partial,14,573,8,0
2024-01-01,month,fine_partial,15,565,7,0
2024-01-01,month,fine_partial,16,558,16,0
2024-01-01,month,fine_partial,17,542,11,0
2024-01-01,month,fine_partial,18,531,8,0
2024-01-01,month,fine_partial,19,523,9,0
2024-01-01,month,fine_partial,20,514,7,0
2024-02-01,month,direct_full20,5,2445,810,0
2024-02-01,month,direct_mature5,5,2520,816,75
2024-02-01,month,coarse_full20,1,2445,1141,0
2024-02-01,month,coarse_full20,3,1304,351,0
2024-02-01,month,coarse_full20,5,953,143,0
2024-02-01,month,coarse_full20,10,810,174,0
2024-02-01,month,coarse_full20,20,636,129,0
2024-02-01,month,coarse_partial,1,2540,1198,95
2024-02-01,month,coarse_partial,3,1333,364,29
2024-02-01,month,coarse_partial,5,959,143,6
2024-02-01,month,coarse_partial,10,810,174,0
2024-02-01,month,coarse_partial,20,636,129,0
2024-02-01,month,fine_full20,1,2445,1141,0
2024-02-01,month,fine_full20,2,1304,223,0
2024-02-01,month,fine_full20,3,1081,128,0
2024-02-01,month,fine_full20,4,953,72,0
2024-02-01,month,fine_full20,5,881,71,0
2024-02-01,month,fine_full20,6,810,48,0
2024-02-01,month,fine_full20,7,762,40,0
2024-02-01,month,fine_full20,8,722,34,0
2024-02-01,month,fine_full20,9,688,24,0
2024-02-01,month,fine_full20,10,664,28,0
2024-02-01,month,fine_full20,11,636,24,0
2024-02-01,month,fine_full20,12,612,18,0
2024-02-01,month,fine_full20,13,594,19,0
2024-02-01,month,fine_full20,14,575,9,0
2024-02-01,month,fine_full20,15,566,7,0
2024-02-01,month,fine_full20,16,559,17,0
2024-02-01,month,fine_full20,17,542,11,0
2024-02-01,month,fine_full20,18,531,8,0
2024-02-01,month,fine_full20,19,523,9,0
2024-02-01,month,fine_full20,20,514,7,0
2024-02-01,month,fine_partial,1,2540,1198,95
2024-02-01,month,fine_partial,2,1338,231,34
2024-02-01,month,fine_partial,3,1102,133,21
2024-02-01,month,fine_partial,4,964,72,11
2024-02-01,month,fine_partial,5,887,71,6
2024-02-01,month,fine_partial,6,815,48,5
2024-02-01,month,fine_partial,7,767,40,5
2024-02-01,month,fine_partial,8,727,34,5
2024-02-01,month,fine_partial,9,693,24,5
2024-02-01,month,fine_partial,10,664,28,0
2024-02-01,month,fine_partial,11,636,24,0
2024-02-01,month,fine_partial,12,612,18,0
2024-02-01,month,fine_partial,13,594,19,0
2024-02-01,month,fine_partial,14,575,9,0
2024-02-01,month,fine_partial,15,566,7,0
2024-02-01,month,fine_partial,16,559,17,0
2024-02-01,month,fine_partial,17,542,11,0
2024-02-01,month,fine_partial,18,531,8,0
2024-02-01,month,fine_partial,19,523,9,0
2024-02-01,month,fine_partial,20,514,7,0
2024-03-01,month,direct_full20,5,2545,830,0
2024-03-01,month,direct_mature5,5,2620,873,75
2024-03-01,month,coarse_full20,1,2545,1203,0
2024-03-01,month,coarse_full20,3,1342,369,0
2024-03-01,month,coarse_full20,5,973,143,0
2024-03-01,month,coarse_full20,10,830,174,0
2024-03-01,month,coarse_full20,20,656,129,0
2024-03-01,month,coarse_partial,1,2640,1233,95
2024-03-01,month,coarse_partial,3,1406,383,64
2024-03-01,month,coarse_partial,5,1018,145,45
2024-03-01,month,coarse_partial,10,861,174,31
2024-03-01,month,coarse_partial,20,656,129,0
2024-03-01,month,fine_full20,1,2545,1203,0
2024-03-01,month,fine_full20,2,1342,235,0
2024-03-01,month,fine_full20,3,1107,134,0
2024-03-01,month,fine_full20,4,973,72,0
2024-03-01,month,fine_full20,5,901,71,0
2024-03-01,month,fine_full20,6,830,48,0
2024-03-01,month,fine_full20,7,782,40,0
2024-03-01,month,fine_full20,8,742,34,0
2024-03-01,month,fine_full20,9,708,24,0
2024-03-01,month,fine_full20,10,684,28,0
2024-03-01,month,fine_full20,11,656,24,0
2024-03-01,month,fine_full20,12,632,18,0
2024-03-01,month,fine_full20,13,614,19,0
2024-03-01,month,fine_full20,14,595,9,0
2024-03-01,month,fine_full20,15,586,7,0
2024-03-01,month,fine_full20,16,579,17,0
2024-03-01,month,fine_full20,17,562,11,0
2024-03-01,month,fine_full20,18,551,8,0
2024-03-01,month,fine_full20,19,543,9,0
2024-03-01,month,fine_full20,20,534,7,0
2024-03-01,month,fine_partial,1,2640,1233,95
2024-03-01,month,fine_partial,2,1407,244,65
2024-03-01,month,fine_partial,3,1163,140,56
2024-03-01,month,fine_partial,4,1022,76,49
2024-03-01,month,fine_partial,5,946,73,45
2024-03-01,month,fine_partial,6,873,48,43
2024-03-01,month,fine_partial,7,825,40,43
2024-03-01,month,fine_partial,8,781,34,39
2024-03-01,month,fine_partial,9,743,24,35
2024-03-01,month,fine_partial,10,715,28,31
2024-03-01,month,fine_partial,11,682,24,26
2024-03-01,month,fine_partial,12,653,18,21
2024-03-01,month,fine_partial,13,635,19,21
2024-03-01,month,fine_partial,14,615,9,20
2024-03-01,month,fine_partial,15,601,7,15
2024-03-01,month,fine_partial,16,594,17,15
2024-03-01,month,fine_partial,17,576,11,14
2024-03-01,month,fine_partial,18,561,8,10
2024-03-01,month,fine_partial,19,548,9,5
2024-03-01,month,fine_partial,20,534,7,0
2024-04-01,quarter,direct_full20,5,2655,873,0
2024-04-01,quarter,direct_mature5,5,2730,909,75
2024-04-01,quarter,coarse_full20,1,2655,1242,0
2024-04-01,quarter,coarse_full20,3,1413,386,0
2024-04-01,quarter,coarse_full20,5,1027,154,0
2024-04-01,quarter,coarse_full20,10,873,182,0
2024-04-01,quarter,coarse_full20,20,691,147,0
2024-04-01,quarter,coarse_partial,1,2750,1280,95
2024-04-01,quarter,coarse_partial,3,1466,401,53
2024-04-01,quarter,coarse_partial,5,1064,155,37
2024-04-01,quarter,coarse_partial,10,900,182,27
2024-04-01,quarter,coarse_partial,20,691,147,0
2024-04-01,quarter,fine_full20,1,2655,1242,0
2024-04-01,quarter,fine_full20,2,1413,245,0
2024-04-01,quarter,fine_full20,3,1168,141,0
2024-04-01,quarter,fine_full20,4,1027,80,0
2024-04-01,quarter,fine_full20,5,947,74,0
2024-04-01,quarter,fine_full20,6,873,48,0
2024-04-01,quarter,fine_full20,7,825,40,0
2024-04-01,quarter,fine_full20,8,785,35,0
2024-04-01,quarter,fine_full20,9,750,27,0
2024-04-01,quarter,fine_full20,10,723,32,0
2024-04-01,quarter,fine_full20,11,691,28,0
2024-04-01,quarter,fine_full20,12,663,23,0
2024-04-01,quarter,fine_full20,13,640,23,0
2024-04-01,quarter,fine_full20,14,617,9,0
2024-04-01,quarter,fine_full20,15,608,7,0
2024-04-01,quarter,fine_full20,16,601,17,0
2024-04-01,quarter,fine_full20,17,584,12,0
2024-04-01,quarter,fine_full20,18,572,8,0
2024-04-01,quarter,fine_full20,19,564,9,0
2024-04-01,quarter,fine_full20,20,555,11,0
2024-04-01,quarter,fine_partial,1,2750,1280,95
2024-04-01,quarter,fine_partial,2,1466,257,53
2024-04-01,quarter,fine_partial,3,1209,144,41
2024-04-01,quarter,fine_partial,4,1064,81,37
2024-04-01,quarter,fine_partial,5,983,74,36
2024-04-01,quarter,fine_partial,6,908,49,35
2024-04-01,quarter,fine_partial,7,855,40,30
2024-04-01,quarter,fine_partial,8,815,35,30
2024-04-01,quarter,fine_partial,9,779,27,29
2024-04-01,quarter,fine_partial,10,750,32,27
2024-04-01,quarter,fine_partial,11,714,28,23
2024-04-01,quarter,fine_partial,12,681,23,18
2024-04-01,quarter,fine_partial,13,654,23,14
2024-04-01,quarter,fine_partial,14,626,9,9
2024-04-01,quarter,fine_partial,15,613,7,5
2024-04-01,quarter,fine_partial,16,606,17,5
2024-04-01,quarter,fine_partial,17,584,12,0
2024-04-01,quarter,fine_partial,18,572,8,0
2024-04-01,quarter,fine_partial,19,564,9,0
2024-04-01,quarter,fine_partial,20,555,11,0
2024-04-01,month,direct_full20,5,2655,873,0
2024-04-01,month,direct_mature5,5,2730,909,75
2024-04-01,month,coarse_full20,1,2655,1242,0
2024-04-01,month,coarse_full20,3,1413,386,0
2024-04-01,month,coarse_full20,5,1027,154,0
2024-04-01,month,coarse_full20,10,873,182,0
2024-04-01,month,coarse_full20,20,691,147,0
2024-04-01,month,coarse_partial,1,2750,1280,95
2024-04-01,month,coarse_partial,3,1466,401,53
2024-04-01,month,coarse_partial,5,1064,155,37
2024-04-01,month,coarse_partial,10,900,182,27
2024-04-01,month,coarse_partial,20,691,147,0
2024-04-01,month,fine_full20,1,2655,1242,0
2024-04-01,month,fine_full20,2,1413,245,0
2024-04-01,month,fine_full20,3,1168,141,0
2024-04-01,month,fine_full20,4,1027,80,0
2024-04-01,month,fine_full20,5,947,74,0
2024-04-01,month,fine_full20,6,873,48,0
2024-04-01,month,fine_full20,7,825,40,0
2024-04-01,month,fine_full20,8,785,35,0
2024-04-01,month,fine_full20,9,750,27,0
2024-04-01,month,fine_full20,10,723,32,0
2024-04-01,month,fine_full20,11,691,28,0
2024-04-01,month,fine_full20,12,663,23,0
2024-04-01,month,fine_full20,13,640,23,0
2024-04-01,month,fine_full20,14,617,9,0
2024-04-01,month,fine_full20,15,608,7,0
2024-04-01,month,fine_full20,16,601,17,0
2024-04-01,month,fine_full20,17,584,12,0
2024-04-01,month,fine_full20,18,572,8,0
2024-04-01,month,fine_full20,19,564,9,0
2024-04-01,month,fine_full20,20,555,11,0
2024-04-01,month,fine_partial,1,2750,1280,95
2024-04-01,month,fine_partial,2,1466,257,53
2024-04-01,month,fine_partial,3,1209,144,41
2024-04-01,month,fine_partial,4,1064,81,37
2024-04-01,month,fine_partial,5,983,74,36
2024-04-01,month,fine_partial,6,908,49,35
2024-04-01,month,fine_partial,7,855,40,30
2024-04-01,month,fine_partial,8,815,35,30
2024-04-01,month,fine_partial,9,779,27,29
2024-04-01,month,fine_partial,10,750,32,27
2024-04-01,month,fine_partial,11,714,28,23
2024-04-01,month,fine_partial,12,681,23,18
2024-04-01,month,fine_partial,13,654,23,14
2024-04-01,month,fine_partial,14,626,9,9
2024-04-01,month,fine_partial,15,613,7,5
2024-04-01,month,fine_partial,16,606,17,5
2024-04-01,month,fine_partial,17,584,12,0
2024-04-01,month,fine_partial,18,572,8,0
2024-04-01,month,fine_partial,19,564,9,0
2024-04-01,month,fine_partial,20,555,11,0
2024-05-01,month,direct_full20,5,2760,918,0
2024-05-01,month,direct_mature5,5,2835,945,75
2024-05-01,month,coarse_full20,1,2760,1283,0
2024-05-01,month,coarse_full20,3,1477,404,0
2024-05-01,month,coarse_full20,5,1073,155,0
2024-05-01,month,coarse_full20,10,918,184,0
2024-05-01,month,coarse_full20,20,734,150,0
2024-05-01,month,coarse_partial,1,2855,1328,95
2024-05-01,month,coarse_partial,3,1525,418,48
2024-05-01,month,coarse_partial,5,1107,162,34
2024-05-01,month,coarse_partial,10,945,193,27
2024-05-01,month,coarse_partial,20,734,150,0
2024-05-01,month,fine_full20,1,2760,1283,0
2024-05-01,month,fine_full20,2,1477,258,0
2024-05-01,month,fine_full20,3,1219,146,0
2024-05-01,month,fine_full20,4,1073,81,0
2024-05-01,month,fine_full20,5,992,74,0
2024-05-01,month,fine_full20,6,918,49,0
2024-05-01,month,fine_full20,7,869,40,0
2024-05-01,month,fine_full20,8,829,35,0
2024-05-01,month,fine_full20,9,794,27,0
2024-05-01,month,fine_full20,10,767,33,0
2024-05-01,month,fine_full20,11,734,29,0
2024-05-01,month,fine_full20,12,705,23,0
2024-05-01,month,fine_full20,13,682,23,0
2024-05-01,month,fine_full20,14,659,9,0
2024-05-01,month,fine_full20,15,650,8,0
2024-05-01,month,fine_full20,16,642,18,0
2024-05-01,month,fine_full20,17,624,12,0
2024-05-01,month,fine_full20,18,612,8,0
2024-05-01,month,fine_full20,19,604,9,0
2024-05-01,month,fine_full20,20,595,11,0
2024-05-01,month,fine_partial,1,2855,1328,95
2024-05-01,month,fine_partial,2,1527,267,50
2024-05-01,month,fine_partial,3,1259,152,40
2024-05-01,month,fine_partial,4,1107,86,34
2024-05-01,month,fine_partial,5,1021,76,29
2024-05-01,month,fine_partial,6,945,51,27
2024-05-01,month,fine_partial,7,894,40,25
2024-05-01,month,fine_partial,8,854,39,25
2024-05-01,month,fine_partial,9,815,28,21
2024-05-01,month,fine_partial,10,787,35,20
2024-05-01,month,fine_partial,11,751,31,17
2024-05-01,month,fine_partial,12,720,26,15
2024-05-01,month,fine_partial,13,694,26,12
2024-05-01,month,fine_partial,14,668,12,9
2024-05-01,month,fine_partial,15,656,9,6
2024-05-01,month,fine_partial,16,647,19,5
2024-05-01,month,fine_partial,17,627,12,3
2024-05-01,month,fine_partial,18,613,8,1
2024-05-01,month,fine_partial,19,604,9,0
2024-05-01,month,fine_partial,20,595,11,0
2024-06-01,month,direct_full20,5,2850,945,0
2024-06-01,month,direct_mature5,5,2925,947,75
2024-06-01,month,coarse_full20,1,2850,1323,0
2024-06-01,month,coarse_full20,3,1527,419,0
2024-06-01,month,coarse_full20,5,1108,163,0
2024-06-01,month,coarse_full20,10,945,193,0
2024-06-01,month,coarse_full20,20,752,166,0
2024-06-01,month,coarse_partial,1,2945,1391,95
2024-06-01,month,coarse_partial,3,1549,436,22
2024-06-01,month,coarse_partial,5,1113,166,5
2024-06-01,month,coarse_partial,10,947,195,2
2024-06-01,month,coarse_partial,20,752,166,0
2024-06-01,month,fine_full20,1,2850,1323,0
2024-06-01,month,fine_full20,2,1527,267,0
2024-06-01,month,fine_full20,3,1260,152,0
2024-06-01,month,fine_full20,4,1108,87,0
2024-06-01,month,fine_full20,5,1021,76,0
2024-06-01,month,fine_full20,6,945,51,0
2024-06-01,month,fine_full20,7,894,40,0
2024-06-01,month,fine_full20,8,854,39,0
2024-06-01,month,fine_full20,9,815,28,0
2024-06-01,month,fine_full20,10,787,35,0
2024-06-01,month,fine_full20,11,752,31,0
2024-06-01,month,fine_full20,12,721,26,0
2024-06-01,month,fine_full20,13,695,27,0
2024-06-01,month,fine_full20,14,668,12,0
2024-06-01,month,fine_full20,15,656,9,0
2024-06-01,month,fine_full20,16,647,19,0
2024-06-01,month,fine_full20,17,628,12,0
2024-06-01,month,fine_full20,18,616,9,0
2024-06-01,month,fine_full20,19,607,9,0
2024-06-01,month,fine_full20,20,598,12,0
2024-06-01,month,fine_partial,1,2945,1391,95
2024-06-01,month,fine_partial,2,1549,277,22
2024-06-01,month,fine_partial,3,1272,159,12
2024-06-01,month,fine_partial,4,1113,88,5
2024-06-01,month,fine_partial,5,1025,78,4
2024-06-01,month,fine_partial,6,947,52,2
2024-06-01,month,fine_partial,7,895,41,1
2024-06-01,month,fine_partial,8,854,39,0
2024-06-01,month,fine_partial,9,815,28,0
2024-06-01,month,fine_partial,10,787,35,0
2024-06-01,month,fine_partial,11,752,31,0
2024-06-01,month,fine_partial,12,721,26,0
2024-06-01,month,fine_partial,13,695,27,0
2024-06-01,month,fine_partial,14,668,12,0
2024-06-01,month,fine_partial,15,656,9,0
2024-06-01,month,fine_partial,16,647,19,0
2024-06-01,month,fine_partial,17,628,12,0
2024-06-01,month,fine_partial,18,616,9,0
2024-06-01,month,fine_partial,19,607,9,0
2024-06-01,month,fine_partial,20,598,12,0
2024-07-01,quarter,direct_full20,5,2955,951,0
2024-07-01,quarter,direct_mature5,5,3030,958,75
2024-07-01,quarter,coarse_full20,1,2955,1391,0
2024-07-01,quarter,coarse_full20,3,1564,442,0
2024-07-01,quarter,coarse_full20,5,1122,171,0
2024-07-01,quarter,coarse_full20,10,951,195,0
2024-07-01,quarter,coarse_full20,20,756,170,0
2024-07-01,quarter,coarse_partial,1,3050,1439,95
2024-07-01,quarter,coarse_partial,3,1606,465,42
2024-07-01,quarter,coarse_partial,5,1141,183,19
2024-07-01,quarter,coarse_partial,10,953,197,2
2024-07-01,quarter,coarse_partial,20,756,170,0
2024-07-01,quarter,fine_full20,1,2955,1391,0
2024-07-01,quarter,fine_full20,2,1564,282,0
2024-07-01,quarter,fine_full20,3,1282,160,0
2024-07-01,quarter,fine_full20,4,1122,92,0
2024-07-01,quarter,fine_full20,5,1030,79,0
2024-07-01,quarter,fine_full20,6,951,52,0
2024-07-01,quarter,fine_full20,7,899,41,0
2024-07-01,quarter,fine_full20,8,858,39,0
2024-07-01,quarter,fine_full20,9,819,28,0
2024-07-01,quarter,fine_full20,10,791,35,0
2024-07-01,quarter,fine_full20,11,756,32,0
2024-07-01,quarter,fine_full20,12,724,26,0
2024-07-01,quarter,fine_full20,13,698,27,0
2024-07-01,quarter,fine_full20,14,671,15,0
2024-07-01,quarter,fine_full20,15,656,9,0
2024-07-01,quarter,fine_full20,16,647,19,0
2024-07-01,quarter,fine_full20,17,628,12,0
2024-07-01,quarter,fine_full20,18,616,9,0
2024-07-01,quarter,fine_full20,19,607,9,0
2024-07-01,quarter,fine_full20,20,598,12,0
2024-07-01,quarter,fine_partial,1,3050,1439,95
2024-07-01,quarter,fine_partial,2,1606,293,42
2024-07-01,quarter,fine_partial,3,1313,172,31
2024-07-01,quarter,fine_partial,4,1141,96,19
2024-07-01,quarter,fine_partial,5,1045,87,15
2024-07-01,quarter,fine_partial,6,958,54,7
2024-07-01,quarter,fine_partial,7,904,41,5
2024-07-01,quarter,fine_partial,8,858,39,0
2024-07-01,quarter,fine_partial,9,819,28,0
2024-07-01,quarter,fine_partial,10,791,35,0
2024-07-01,quarter,fine_partial,11,756,32,0
2024-07-01,quarter,fine_partial,12,724,26,0
2024-07-01,quarter,fine_partial,13,698,27,0
2024-07-01,quarter,fine_partial,14,671,15,0
2024-07-01,quarter,fine_partial,15,656,9,0
2024-07-01,quarter,fine_partial,16,647,19,0
2024-07-01,quarter,fine_partial,17,628,12,0
2024-07-01,quarter,fine_partial,18,616,9,0
2024-07-01,quarter,fine_partial,19,607,9,0
2024-07-01,quarter,fine_partial,20,598,12,0
2024-07-01,month,direct_full20,5,2955,951,0
2024-07-01,month,direct_mature5,5,3030,958,75
2024-07-01,month,coarse_full20,1,2955,1391,0
2024-07-01,month,coarse_full20,3,1564,442,0
2024-07-01,month,coarse_full20,5,1122,171,0
2024-07-01,month,coarse_full20,10,951,195,0
2024-07-01,month,coarse_full20,20,756,170,0
2024-07-01,month,coarse_partial,1,3050,1439,95
2024-07-01,month,coarse_partial,3,1606,465,42
2024-07-01,month,coarse_partial,5,1141,183,19
2024-07-01,month,coarse_partial,10,953,197,2
2024-07-01,month,coarse_partial,20,756,170,0
2024-07-01,month,fine_full20,1,2955,1391,0
2024-07-01,month,fine_full20,2,1564,282,0
2024-07-01,month,fine_full20,3,1282,160,0
2024-07-01,month,fine_full20,4,1122,92,0
2024-07-01,month,fine_full20,5,1030,79,0
2024-07-01,month,fine_full20,6,951,52,0
2024-07-01,month,fine_full20,7,899,41,0
2024-07-01,month,fine_full20,8,858,39,0
2024-07-01,month,fine_full20,9,819,28,0
2024-07-01,month,fine_full20,10,791,35,0
2024-07-01,month,fine_full20,11,756,32,0
2024-07-01,month,fine_full20,12,724,26,0
2024-07-01,month,fine_full20,13,698,27,0
2024-07-01,month,fine_full20,14,671,15,0
2024-07-01,month,fine_full20,15,656,9,0
2024-07-01,month,fine_full20,16,647,19,0
2024-07-01,month,fine_full20,17,628,12,0
2024-07-01,month,fine_full20,18,616,9,0
2024-07-01,month,fine_full20,19,607,9,0
2024-07-01,month,fine_full20,20,598,12,0
2024-07-01,month,fine_partial,1,3050,1439,95
2024-07-01,month,fine_partial,2,1606,293,42
2024-07-01,month,fine_partial,3,1313,172,31
2024-07-01,month,fine_partial,4,1141,96,19
2024-07-01,month,fine_partial,5,1045,87,15
2024-07-01,month,fine_partial,6,958,54,7
2024-07-01,month,fine_partial,7,904,41,5
2024-07-01,month,fine_partial,8,858,39,0
2024-07-01,month,fine_partial,9,819,28,0
2024-07-01,month,fine_partial,10,791,35,0
2024-07-01,month,fine_partial,11,756,32,0
2024-07-01,month,fine_partial,12,724,26,0
2024-07-01,month,fine_partial,13,698,27,0
2024-07-01,month,fine_partial,14,671,15,0
2024-07-01,month,fine_partial,15,656,9,0
2024-07-01,month,fine_partial,16,647,19,0
2024-07-01,month,fine_partial,17,628,12,0
2024-07-01,month,fine_partial,18,616,9,0
2024-07-01,month,fine_partial,19,607,9,0
2024-07-01,month,fine_partial,20,598,12,0
2024-08-01,month,direct_full20,5,3060,972,0
2024-08-01,month,direct_mature5,5,3135,986,75
2024-08-01,month,coarse_full20,1,3060,1439,0
2024-08-01,month,coarse_full20,3,1621,465,0
2024-08-01,month,coarse_full20,5,1156,184,0
2024-08-01,month,coarse_full20,10,972,200,0
2024-08-01,month,coarse_full20,20,772,175,0
2024-08-01,month,coarse_partial,1,3155,1488,95
2024-08-01,month,coarse_partial,3,1657,479,36
2024-08-01,month,coarse_partial,5,1178,192,22
2024-08-01,month,coarse_partial,10,986,208,14
2024-08-01,month,coarse_partial,20,772,175,0
2024-08-01,month,fine_full20,1,3060,1439,0
2024-08-01,month,fine_full20,2,1621,293,0
2024-08-01,month,fine_full20,3,1328,172,0
2024-08-01,month,fine_full20,4,1156,96,0
2024-08-01,month,fine_full20,5,1060,88,0
2024-08-01,month,fine_full20,6,972,54,0
2024-08-01,month,fine_full20,7,918,41,0
2024-08-01,month,fine_full20,8,877,40,0
2024-08-01,month,fine_full20,9,837,30,0
2024-08-01,month,fine_full20,10,807,35,0
2024-08-01,month,fine_full20,11,772,32,0
2024-08-01,month,fine_full20,12,740,26,0
2024-08-01,month,fine_full20,13,714,27,0
2024-08-01,month,fine_full20,14,687,15,0
2024-08-01,month,fine_full20,15,672,9,0
2024-08-01,month,fine_full20,16,663,19,0
2024-08-01,month,fine_full20,17,644,14,0
2024-08-01,month,fine_full20,18,630,9,0
2024-08-01,month,fine_full20,19,621,12,0
2024-08-01,month,fine_full20,20,609,12,0
2024-08-01,month,fine_partial,1,3155,1488,95
2024-08-01,month,fine_partial,2,1662,305,41
2024-08-01,month,fine_partial,3,1352,174,24
2024-08-01,month,fine_partial,4,1178,98,22
2024-08-01,month,fine_partial,5,1080,94,20
2024-08-01,month,fine_partial,6,986,55,14
2024-08-01,month,fine_partial,7,931,46,13
2024-08-01,month,fine_partial,8,885,41,8
2024-08-01,month,fine_partial,9,844,30,7
2024-08-01,month,fine_partial,10,814,36,7
2024-08-01,month,fine_partial,11,778,33,6
2024-08-01,month,fine_partial,12,745,27,5
2024-08-01,month,fine_partial,13,718,27,4
2024-08-01,month,fine_partial,14,691,16,4
2024-08-01,month,fine_partial,15,675,10,3
2024-08-01,month,fine_partial,16,665,20,2
2024-08-01,month,fine_partial,17,645,15,1
2024-08-01,month,fine_partial,18,630,9,0
2024-08-01,month,fine_partial,19,621,12,0
2024-08-01,month,fine_partial,20,609,12,0
2024-09-01,month,direct_full20,5,3175,996,0
2024-09-01,month,direct_mature5,5,3250,1041,75
2024-09-01,month,coarse_full20,1,3175,1506,0
2024-09-01,month,coarse_full20,3,1669,481,0
2024-09-01,month,coarse_full20,5,1188,192,0
2024-09-01,month,coarse_full20,10,996,218,0
2024-09-01,month,coarse_full20,20,778,181,0
2024-09-01,month,coarse_partial,1,3270,1539,95
2024-09-01,month,coarse_partial,3,1725,489,56
2024-09-01,month,coarse_partial,5,1235,194,47
2024-09-01,month,coarse_partial,10,1024,218,28
2024-09-01,month,coarse_partial,20,778,181,0
2024-09-01,month,fine_full20,1,3175,1506,0
2024-09-01,month,fine_full20,2,1669,307,0
2024-09-01,month,fine_full20,3,1362,174,0
2024-09-01,month,fine_full20,4,1188,98,0
2024-09-01,month,fine_full20,5,1090,94,0
2024-09-01,month,fine_full20,6,996,60,0
2024-09-01,month,fine_full20,7,936,51,0
2024-09-01,month,fine_full20,8,885,41,0
2024-09-01,month,fine_full20,9,844,30,0
2024-09-01,month,fine_full20,10,814,36,0
2024-09-01,month,fine_full20,11,778,33,0
2024-09-01,month,fine_full20,12,745,27,0
2024-09-01,month,fine_full20,13,718,27,0
2024-09-01,month,fine_full20,14,691,16,0
2024-09-01,month,fine_full20,15,675,10,0
2024-09-01,month,fine_full20,16,665,20,0
2024-09-01,month,fine_full20,17,645,15,0
2024-09-01,month,fine_full20,18,630,9,0
2024-09-01,month,fine_full20,19,621,12,0
2024-09-01,month,fine_full20,20,609,12,0
2024-09-01,month,fine_partial,1,3270,1539,95
2024-09-01,month,fine_partial,2,1729,315,60
2024-09-01,month,fine_partial,3,1412,176,50
2024-09-01,month,fine_partial,4,1236,98,48
2024-09-01,month,fine_partial,5,1137,96,47
2024-09-01,month,fine_partial,6,1038,60,42
2024-09-01,month,fine_partial,7,978,51,42
2024-09-01,month,fine_partial,8,923,41,38
2024-09-01,month,fine_partial,9,877,30,33
2024-09-01,month,fine_partial,10,842,36,28
2024-09-01,month,fine_partial,11,802,33,24
2024-09-01,month,fine_partial,12,769,27,24
2024-09-01,month,fine_partial,13,742,27,24
2024-09-01,month,fine_partial,14,715,16,24
2024-09-01,month,fine_partial,15,694,10,19
2024-09-01,month,fine_partial,16,679,20,14
2024-09-01,month,fine_partial,17,654,15,9
2024-09-01,month,fine_partial,18,634,9,4
2024-09-01,month,fine_partial,19,621,12,0
2024-09-01,month,fine_partial,20,609,12,0
2024-10-01,quarter,direct_full20,5,3280,1042,0
2024-10-01,quarter,direct_mature5,5,3355,1085,75
2024-10-01,quarter,coarse_full20,1,3280,1548,0
2024-10-01,quarter,coarse_full20,3,1732,495,0
2024-10-01,quarter,coarse_full20,5,1237,195,0
2024-10-01,quarter,coarse_full20,10,1042,227,0
2024-10-01,quarter,coarse_full20,20,815,192,0
2024-10-01,quarter,coarse_partial,1,3375,1579,95
2024-10-01,quarter,coarse_partial,3,1787,505,55
2024-10-01,quarter,coarse_partial,5,1282,197,45
2024-10-01,quarter,coarse_partial,10,1070,227,28
2024-10-01,quarter,coarse_partial,20,815,192,0
2024-10-01,quarter,fine_full20,1,3280,1548,0
2024-10-01,quarter,fine_full20,2,1732,318,0
2024-10-01,quarter,fine_full20,3,1414,177,0
2024-10-01,quarter,fine_full20,4,1237,99,0
2024-10-01,quarter,fine_full20,5,1138,96,0
2024-10-01,quarter,fine_full20,6,1042,62,0
2024-10-01,quarter,fine_full20,7,980,53,0
2024-10-01,quarter,fine_full20,8,927,41,0
2024-10-01,quarter,fine_full20,9,886,33,0
2024-10-01,quarter,fine_full20,10,853,38,0
2024-10-01,quarter,fine_full20,11,815,36,0
2024-10-01,quarter,fine_full20,12,779,31,0
2024-10-01,quarter,fine_full20,13,748,29,0
2024-10-01,quarter,fine_full20,14,719,16,0
2024-10-01,quarter,fine_full20,15,703,10,0
2024-10-01,quarter,fine_full20,16,693,20,0
2024-10-01,quarter,fine_full20,17,673,17,0
2024-10-01,quarter,fine_full20,18,656,9,0
2024-10-01,quarter,fine_full20,19,647,12,0
2024-10-01,quarter,fine_full20,20,635,12,0
2024-10-01,quarter,fine_partial,1,3375,1579,95
2024-10-01,quarter,fine_partial,2,1791,324,59
2024-10-01,quarter,fine_partial,3,1463,181,49
2024-10-01,quarter,fine_partial,4,1282,101,45
2024-10-01,quarter,fine_partial,5,1181,96,43
2024-10-01,quarter,fine_partial,6,1085,62,43
2024-10-01,quarter,fine_partial,7,1023,53,43
2024-10-01,quarter,fine_partial,8,965,41,38
2024-10-01,quarter,fine_partial,9,919,33,33
2024-10-01,quarter,fine_partial,10,881,38,28
2024-10-01,quarter,fine_partial,11,839,36,24
2024-10-01,quarter,fine_partial,12,803,31,24
2024-10-01,quarter,fine_partial,13,772,29,24
2024-10-01,quarter,fine_partial,14,743,16,24
2024-10-01,quarter,fine_partial,15,722,10,19
2024-10-01,quarter,fine_partial,16,707,20,14
2024-10-01,quarter,fine_partial,17,683,17,10
2024-10-01,quarter,fine_partial,18,661,9,5
2024-10-01,quarter,fine_partial,19,647,12,0
2024-10-01,quarter,fine_partial,20,635,12,0
2024-10-01,month,direct_full20,5,3280,1042,0
2024-10-01,month,direct_mature5,5,3355,1085,75
2024-10-01,month,coarse_full20,1,3280,1548,0
2024-10-01,month,coarse_full20,3,1732,495,0
2024-10-01,month,coarse_full20,5,1237,195,0
2024-10-01,month,coarse_full20,10,1042,227,0
2024-10-01,month,coarse_full20,20,815,192,0
2024-10-01,month,coarse_partial,1,3375,1579,95
2024-10-01,month,coarse_partial,3,1787,505,55
2024-10-01,month,coarse_partial,5,1282,197,45
2024-10-01,month,coarse_partial,10,1070,227,28
2024-10-01,month,coarse_partial,20,815,192,0
2024-10-01,month,fine_full20,1,3280,1548,0
2024-10-01,month,fine_full20,2,1732,318,0
2024-10-01,month,fine_full20,3,1414,177,0
2024-10-01,month,fine_full20,4,1237,99,0
2024-10-01,month,fine_full20,5,1138,96,0
2024-10-01,month,fine_full20,6,1042,62,0
2024-10-01,month,fine_full20,7,980,53,0
2024-10-01,month,fine_full20,8,927,41,0
2024-10-01,month,fine_full20,9,886,33,0
2024-10-01,month,fine_full20,10,853,38,0
2024-10-01,month,fine_full20,11,815,36,0
2024-10-01,month,fine_full20,12,779,31,0
2024-10-01,month,fine_full20,13,748,29,0
2024-10-01,month,fine_full20,14,719,16,0
2024-10-01,month,fine_full20,15,703,10,0
2024-10-01,month,fine_full20,16,693,20,0
2024-10-01,month,fine_full20,17,673,17,0
2024-10-01,month,fine_full20,18,656,9,0
2024-10-01,month,fine_full20,19,647,12,0
2024-10-01,month,fine_full20,20,635,12,0
2024-10-01,month,fine_partial,1,3375,1579,95
2024-10-01,month,fine_partial,2,1791,324,59
2024-10-01,month,fine_partial,3,1463,181,49
2024-10-01,month,fine_partial,4,1282,101,45
2024-10-01,month,fine_partial,5,1181,96,43
2024-10-01,month,fine_partial,6,1085,62,43
2024-10-01,month,fine_partial,7,1023,53,43
2024-10-01,month,fine_partial,8,965,41,38
2024-10-01,month,fine_partial,9,919,33,33
2024-10-01,month,fine_partial,10,881,38,28
2024-10-01,month,fine_partial,11,839,36,24
2024-10-01,month,fine_partial,12,803,31,24
2024-10-01,month,fine_partial,13,772,29,24
2024-10-01,month,fine_partial,14,743,16,24
2024-10-01,month,fine_partial,15,722,10,19
2024-10-01,month,fine_partial,16,707,20,14
2024-10-01,month,fine_partial,17,683,17,10
2024-10-01,month,fine_partial,18,661,9,5
2024-10-01,month,fine_partial,19,647,12,0
2024-10-01,month,fine_partial,20,635,12,0
2024-11-01,month,direct_full20,5,3390,1108,0
2024-11-01,month,direct_mature5,5,3465,1129,75
2024-11-01,month,coarse_full20,1,3390,1580,0
2024-11-01,month,coarse_full20,3,1810,505,0
2024-11-01,month,coarse_full20,5,1305,197,0
2024-11-01,month,coarse_full20,10,1108,227,0
2024-11-01,month,coarse_full20,20,881,192,0
2024-11-01,month,coarse_partial,1,3485,1621,95
2024-11-01,month,coarse_partial,3,1855,518,45
2024-11-01,month,coarse_partial,5,1331,202,26
2024-11-01,month,coarse_partial,10,1123,228,15
2024-11-01,month,coarse_partial,20,881,192,0
2024-11-01,month,fine_full20,1,3390,1580,0
2024-11-01,month,fine_full20,2,1810,324,0
2024-11-01,month,fine_full20,3,1486,181,0
2024-11-01,month,fine_full20,4,1305,101,0
2024-11-01,month,fine_full20,5,1204,96,0
2024-11-01,month,fine_full20,6,1108,62,0
2024-11-01,month,fine_full20,7,1046,53,0
2024-11-01,month,fine_full20,8,993,41,0
2024-11-01,month,fine_full20,9,952,33,0
2024-11-01,month,fine_full20,10,919,38,0
2024-11-01,month,fine_full20,11,881,36,0
2024-11-01,month,fine_full20,12,845,31,0
2024-11-01,month,fine_full20,13,814,29,0
2024-11-01,month,fine_full20,14,785,16,0
2024-11-01,month,fine_full20,15,769,10,0
2024-11-01,month,fine_full20,16,759,20,0
2024-11-01,month,fine_full20,17,739,17,0
2024-11-01,month,fine_full20,18,722,9,0
2024-11-01,month,fine_full20,19,713,12,0
2024-11-01,month,fine_full20,20,701,12,0
2024-11-01,month,fine_partial,1,3485,1621,95
2024-11-01,month,fine_partial,2,1860,330,50
2024-11-01,month,fine_partial,3,1525,188,39
2024-11-01,month,fine_partial,4,1334,101,29
2024-11-01,month,fine_partial,5,1230,101,26
2024-11-01,month,fine_partial,6,1129,62,21
2024-11-01,month,fine_partial,7,1062,53,16
2024-11-01,month,fine_partial,8,1008,41,15
2024-11-01,month,fine_partial,9,967,34,15
2024-11-01,month,fine_partial,10,933,38,14
2024-11-01,month,fine_partial,11,895,36,14
2024-11-01,month,fine_partial,12,858,31,13
2024-11-01,month,fine_partial,13,823,29,9
2024-11-01,month,fine_partial,14,794,16,9
2024-11-01,month,fine_partial,15,778,10,9
2024-11-01,month,fine_partial,16,767,20,8
2024-11-01,month,fine_partial,17,747,17,8
2024-11-01,month,fine_partial,18,726,9,4
2024-11-01,month,fine_partial,19,717,12,4
2024-11-01,month,fine_partial,20,701,12,0
2024-12-01,month,direct_full20,5,3500,1146,0
2024-12-01,month,direct_mature5,5,3575,1190,75
2024-12-01,month,coarse_full20,1,3500,1629,0
2024-12-01,month,coarse_full20,3,1871,522,0
2024-12-01,month,coarse_full20,5,1349,203,0
2024-12-01,month,coarse_full20,10,1146,230,0
2024-12-01,month,coarse_full20,20,916,192,0
2024-12-01,month,coarse_partial,1,3595,1649,95
2024-12-01,month,coarse_partial,3,1936,530,65
2024-12-01,month,coarse_partial,5,1396,206,47
2024-12-01,month,coarse_partial,10,1172,230,26
2024-12-01,month,coarse_partial,20,916,192,0
2024-12-01,month,fine_full20,1,3500,1629,0
2024-12-01,month,fine_full20,2,1871,333,0
2024-12-01,month,fine_full20,3,1538,189,0
2024-12-01,month,fine_full20,4,1349,102,0
2024-12-01,month,fine_full20,5,1247,101,0
2024-12-01,month,fine_full20,6,1146,62,0
2024-12-01,month,fine_full20,7,1084,54,0
2024-12-01,month,fine_full20,8,1030,42,0
2024-12-01,month,fine_full20,9,988,34,0
2024-12-01,month,fine_full20,10,954,38,0
2024-12-01,month,fine_full20,11,916,36,0
2024-12-01,month,fine_full20,12,880,31,0
2024-12-01,month,fine_full20,13,849,29,0
2024-12-01,month,fine_full20,14,820,16,0
2024-12-01,month,fine_full20,15,804,10,0
2024-12-01,month,fine_full20,16,794,20,0
2024-12-01,month,fine_full20,17,774,17,0
2024-12-01,month,fine_full20,18,757,9,0
2024-12-01,month,fine_full20,19,748,12,0
2024-12-01,month,fine_full20,20,736,12,0
2024-12-01,month,fine_partial,1,3595,1649,95
2024-12-01,month,fine_partial,2,1941,335,70
2024-12-01,month,fine_partial,3,1601,195,63
2024-12-01,month,fine_partial,4,1401,104,52
2024-12-01,month,fine_partial,5,1292,102,45
2024-12-01,month,fine_partial,6,1185,62,39
2024-12-01,month,fine_partial,7,1118,54,34
2024-12-01,month,fine_partial,8,1059,42,29
2024-12-01,month,fine_partial,9,1014,34,26
2024-12-01,month,fine_partial,10,980,38,26
2024-12-01,month,fine_partial,11,938,36,22
2024-12-01,month,fine_partial,12,897,31,17
2024-12-01,month,fine_partial,13,862,29,13
2024-12-01,month,fine_partial,14,830,16,10
2024-12-01,month,fine_partial,15,810,10,6
2024-12-01,month,fine_partial,16,800,20,6
2024-12-01,month,fine_partial,17,780,17,6
2024-12-01,month,fine_partial,18,763,9,6
2024-12-01,month,fine_partial,19,751,12,3
2024-12-01,month,fine_partial,20,736,12,0
2025-01-01,quarter,direct_full20,5,3610,1202,0
2025-01-01,quarter,direct_mature5,5,3685,1215,75
2025-01-01,quarter,coarse_full20,1,3610,1664,0
2025-01-01,quarter,coarse_full20,3,1946,536,0
2025-01-01,quarter,coarse_full20,5,1410,208,0
2025-01-01,quarter,coarse_full20,10,1202,245,0
2025-01-01,quarter,coarse_full20,20,957,218,0
2025-01-01,quarter,coarse_partial,1,3705,1723,95
2025-01-01,quarter,coarse_partial,3,1973,547,27
2025-01-01,quarter,coarse_partial,5,1425,210,15
2025-01-01,quarter,coarse_partial,10,1215,250,13
2025-01-01,quarter,coarse_partial,20,957,218,0
2025-01-01,quarter,fine_full20,1,3610,1664,0
2025-01-01,quarter,fine_full20,2,1946,340,0
2025-01-01,quarter,fine_full20,3,1606,196,0
2025-01-01,quarter,fine_full20,4,1410,105,0
2025-01-01,quarter,fine_full20,5,1305,103,0
2025-01-01,quarter,fine_full20,6,1202,66,0
2025-01-01,quarter,fine_full20,7,1136,56,0
2025-01-01,quarter,fine_full20,8,1080,47,0
2025-01-01,quarter,fine_full20,9,1033,34,0
2025-01-01,quarter,fine_full20,10,999,42,0
2025-01-01,quarter,fine_full20,11,957,41,0
2025-01-01,quarter,fine_full20,12,916,35,0
2025-01-01,quarter,fine_full20,13,881,33,0
2025-01-01,quarter,fine_full20,14,848,18,0
2025-01-01,quarter,fine_full20,15,830,10,0
2025-01-01,quarter,fine_full20,16,820,24,0
2025-01-01,quarter,fine_full20,17,796,19,0
2025-01-01,quarter,fine_full20,18,777,11,0
2025-01-01,quarter,fine_full20,19,766,13,0
2025-01-01,quarter,fine_full20,20,753,14,0
2025-01-01,quarter,fine_partial,1,3705,1723,95
2025-01-01,quarter,fine_partial,2,1978,348,32
2025-01-01,quarter,fine_partial,3,1625,199,19
2025-01-01,quarter,fine_partial,4,1426,107,16
2025-01-01,quarter,fine_partial,5,1318,103,13
2025-01-01,quarter,fine_partial,6,1215,67,13
2025-01-01,quarter,fine_partial,7,1148,56,12
2025-01-01,quarter,fine_partial,8,1092,47,12
2025-01-01,quarter,fine_partial,9,1045,34,12
2025-01-01,quarter,fine_partial,10,1011,46,12
2025-01-01,quarter,fine_partial,11,965,43,8
2025-01-01,quarter,fine_partial,12,922,36,6
2025-01-01,quarter,fine_partial,13,886,35,5
2025-01-01,quarter,fine_partial,14,851,19,3
2025-01-01,quarter,fine_partial,15,832,10,2
2025-01-01,quarter,fine_partial,16,822,24,2
2025-01-01,quarter,fine_partial,17,796,19,0
2025-01-01,quarter,fine_partial,18,777,11,0
2025-01-01,quarter,fine_partial,19,766,13,0
2025-01-01,quarter,fine_partial,20,753,14,0
2025-01-01,month,direct_full20,5,3610,1202,0
2025-01-01,month,direct_mature5,5,3685,1215,75
2025-01-01,month,coarse_full20,1,3610,1664,0
2025-01-01,month,coarse_full20,3,1946,536,0
2025-01-01,month,coarse_full20,5,1410,208,0
2025-01-01,month,coarse_full20,10,1202,245,0
2025-01-01,month,coarse_full20,20,957,218,0
2025-01-01,month,coarse_partial,1,3705,1723,95
2025-01-01,month,coarse_partial,3,1973,547,27
2025-01-01,month,coarse_partial,5,1425,210,15
2025-01-01,month,coarse_partial,10,1215,250,13
2025-01-01,month,coarse_partial,20,957,218,0
2025-01-01,month,fine_full20,1,3610,1664,0
2025-01-01,month,fine_full20,2,1946,340,0
2025-01-01,month,fine_full20,3,1606,196,0
2025-01-01,month,fine_full20,4,1410,105,0
2025-01-01,month,fine_full20,5,1305,103,0
2025-01-01,month,fine_full20,6,1202,66,0
2025-01-01,month,fine_full20,7,1136,56,0
2025-01-01,month,fine_full20,8,1080,47,0
2025-01-01,month,fine_full20,9,1033,34,0
2025-01-01,month,fine_full20,10,999,42,0
2025-01-01,month,fine_full20,11,957,41,0
2025-01-01,month,fine_full20,12,916,35,0
2025-01-01,month,fine_full20,13,881,33,0
2025-01-01,month,fine_full20,14,848,18,0
2025-01-01,month,fine_full20,15,830,10,0
2025-01-01,month,fine_full20,16,820,24,0
2025-01-01,month,fine_full20,17,796,19,0
2025-01-01,month,fine_full20,18,777,11,0
2025-01-01,month,fine_full20,19,766,13,0
2025-01-01,month,fine_full20,20,753,14,0
2025-01-01,month,fine_partial,1,3705,1723,95
2025-01-01,month,fine_partial,2,1978,348,32
2025-01-01,month,fine_partial,3,1625,199,19
2025-01-01,month,fine_partial,4,1426,107,16
2025-01-01,month,fine_partial,5,1318,103,13
2025-01-01,month,fine_partial,6,1215,67,13
2025-01-01,month,fine_partial,7,1148,56,12
2025-01-01,month,fine_partial,8,1092,47,12
2025-01-01,month,fine_partial,9,1045,34,12
2025-01-01,month,fine_partial,10,1011,46,12
2025-01-01,month,fine_partial,11,965,43,8
2025-01-01,month,fine_partial,12,922,36,6
2025-01-01,month,fine_partial,13,886,35,5
2025-01-01,month,fine_partial,14,851,19,3
2025-01-01,month,fine_partial,15,832,10,2
2025-01-01,month,fine_partial,16,822,24,2
2025-01-01,month,fine_partial,17,796,19,0
2025-01-01,month,fine_partial,18,777,11,0
2025-01-01,month,fine_partial,19,766,13,0
2025-01-01,month,fine_partial,20,753,14,0
2025-02-01,month,direct_full20,5,3685,1215,0
2025-02-01,month,direct_mature5,5,3760,1232,75
2025-02-01,month,coarse_full20,1,3685,1713,0
2025-02-01,month,coarse_full20,3,1972,547,0
2025-02-01,month,coarse_full20,5,1425,210,0
2025-02-01,month,coarse_full20,10,1215,250,0
2025-02-01,month,coarse_full20,20,965,224,0
2025-02-01,month,coarse_partial,1,3780,1765,95
2025-02-01,month,coarse_partial,3,2006,561,34
2025-02-01,month,coarse_partial,5,1445,213,20
2025-02-01,month,coarse_partial,10,1231,261,16
2025-02-01,month,coarse_partial,20,965,224,0
2025-02-01,month,fine_full20,1,3685,1713,0
2025-02-01,month,fine_full20,2,1972,348,0
2025-02-01,month,fine_full20,3,1624,199,0
2025-02-01,month,fine_full20,4,1425,107,0
2025-02-01,month,fine_full20,5,1318,103,0
2025-02-01,month,fine_full20,6,1215,67,0
2025-02-01,month,fine_full20,7,1148,56,0
2025-02-01,month,fine_full20,8,1092,47,0
2025-02-01,month,fine_full20,9,1045,34,0
2025-02-01,month,fine_full20,10,1011,46,0
2025-02-01,month,fine_full20,11,965,43,0
2025-02-01,month,fine_full20,12,922,36,0
2025-02-01,month,fine_full20,13,886,35,0
2025-02-01,month,fine_full20,14,851,19,0
2025-02-01,month,fine_full20,15,832,10,0
2025-02-01,month,fine_full20,16,822,24,0
2025-02-01,month,fine_full20,17,798,19,0
2025-02-01,month,fine_full20,18,779,11,0
2025-02-01,month,fine_full20,19,768,13,0
2025-02-01,month,fine_full20,20,755,14,0
2025-02-01,month,fine_partial,1,3780,1765,95
2025-02-01,month,fine_partial,2,2011,358,39
2025-02-01,month,fine_partial,3,1648,203,24
2025-02-01,month,fine_partial,4,1445,109,20
2025-02-01,month,fine_partial,5,1336,104,18
2025-02-01,month,fine_partial,6,1231,68,16
2025-02-01,month,fine_partial,7,1163,57,15
2025-02-01,month,fine_partial,8,1106,50,14
2025-02-01,month,fine_partial,9,1056,35,11
2025-02-01,month,fine_partial,10,1021,51,10
2025-02-01,month,fine_partial,11,970,43,5
2025-02-01,month,fine_partial,12,927,40,5
2025-02-01,month,fine_partial,13,887,36,1
2025-02-01,month,fine_partial,14,851,19,0
2025-02-01,month,fine_partial,15,832,10,0
2025-02-01,month,fine_partial,16,822,24,0
2025-02-01,month,fine_partial,17,798,19,0
2025-02-01,month,fine_partial,18,779,11,0
2025-02-01,month,fine_partial,19,768,13,0
2025-02-01,month,fine_partial,20,755,14,0
2025-03-01,month,direct_full20,5,3785,1240,0
2025-03-01,month,direct_mature5,5,3860,1240,75
2025-03-01,month,coarse_full20,1,3785,1767,0
2025-03-01,month,coarse_full20,3,2018,565,0
2025-03-01,month,coarse_full20,5,1453,213,0
2025-03-01,month,coarse_full20,10,1240,267,0
2025-03-01,month,coarse_full20,20,973,232,0
2025-03-01,month,coarse_partial,1,3880,1840,95
2025-03-01,month,coarse_partial,3,2039,577,21
2025-03-01,month,coarse_partial,5,1462,222,9
2025-03-01,month,coarse_partial,10,1240,267,0
2025-03-01,month,coarse_partial,20,973,232,0
2025-03-01,month,fine_full20,1,3785,1767,0
2025-03-01,month,fine_full20,2,2018,360,0
2025-03-01,month,fine_full20,3,1658,205,0
2025-03-01,month,fine_full20,4,1453,109,0
2025-03-01,month,fine_full20,5,1344,104,0
2025-03-01,month,fine_full20,6,1240,69,0
2025-03-01,month,fine_full20,7,1171,59,0
2025-03-01,month,fine_full20,8,1112,53,0
2025-03-01,month,fine_full20,9,1059,35,0
2025-03-01,month,fine_full20,10,1024,51,0
2025-03-01,month,fine_full20,11,973,44,0
2025-03-01,month,fine_full20,12,929,41,0
2025-03-01,month,fine_full20,13,888,36,0
2025-03-01,month,fine_full20,14,852,19,0
2025-03-01,month,fine_full20,15,833,11,0
2025-03-01,month,fine_full20,16,822,24,0
2025-03-01,month,fine_full20,17,798,19,0
2025-03-01,month,fine_full20,18,779,11,0
2025-03-01,month,fine_full20,19,768,13,0
2025-03-01,month,fine_full20,20,755,14,0
2025-03-01,month,fine_partial,1,3880,1840,95
2025-03-01,month,fine_partial,2,2039,369,21
2025-03-01,month,fine_partial,3,1670,208,12
2025-03-01,month,fine_partial,4,1462,118,9
2025-03-01,month,fine_partial,5,1344,104,0
2025-03-01,month,fine_partial,6,1240,69,0
2025-03-01,month,fine_partial,7,1171,59,0
2025-03-01,month,fine_partial,8,1112,53,0
2025-03-01,month,fine_partial,9,1059,35,0
2025-03-01,month,fine_partial,10,1024,51,0
2025-03-01,month,fine_partial,11,973,44,0
2025-03-01,month,fine_partial,12,929,41,0
2025-03-01,month,fine_partial,13,888,36,0
2025-03-01,month,fine_partial,14,852,19,0
2025-03-01,month,fine_partial,15,833,11,0
2025-03-01,month,fine_partial,16,822,24,0
2025-03-01,month,fine_partial,17,798,19,0
2025-03-01,month,fine_partial,18,779,11,0
2025-03-01,month,fine_partial,19,768,13,0
2025-03-01,month,fine_partial,20,755,14,0
2025-04-01,quarter,direct_full20,5,3895,1256,0
2025-04-01,quarter,direct_mature5,5,3970,1264,75
2025-04-01,quarter,coarse_full20,1,3895,1840,0
2025-04-01,quarter,coarse_full20,3,2055,577,0
2025-04-01,quarter,coarse_full20,5,1478,222,0
2025-04-01,quarter,coarse_full20,10,1256,277,0
2025-04-01,quarter,coarse_full20,20,979,238,0
2025-04-01,quarter,coarse_partial,1,3990,1895,95
2025-04-01,quarter,coarse_partial,3,2093,602,38
2025-04-01,quarter,coarse_partial,5,1488,224,10
2025-04-01,quarter,coarse_partial,10,1256,277,0
2025-04-01,quarter,coarse_partial,20,979,238,0
2025-04-01,quarter,fine_full20,1,3895,1840,0
2025-04-01,quarter,fine_full20,2,2055,369,0
2025-04-01,quarter,fine_full20,3,1686,208,0
2025-04-01,quarter,fine_full20,4,1478,118,0
2025-04-01,quarter,fine_full20,5,1360,104,0
2025-04-01,quarter,fine_full20,6,1256,72,0
2025-04-01,quarter,fine_full20,7,1184,61,0
2025-04-01,quarter,fine_full20,8,1123,58,0
2025-04-01,quarter,fine_full20,9,1065,35,0
2025-04-01,quarter,fine_full20,10,1030,51,0
2025-04-01,quarter,fine_full20,11,979,44,0
2025-04-01,quarter,fine_full20,12,935,44,0
2025-04-01,quarter,fine_full20,13,891,38,0
2025-04-01,quarter,fine_full20,14,853,20,0
2025-04-01,quarter,fine_full20,15,833,11,0
2025-04-01,quarter,fine_full20,16,822,24,0
2025-04-01,quarter,fine_full20,17,798,19,0
2025-04-01,quarter,fine_full20,18,779,11,0
2025-04-01,quarter,fine_full20,19,768,13,0
2025-04-01,quarter,fine_full20,20,755,14,0
2025-04-01,quarter,fine_partial,1,3990,1895,95
2025-04-01,quarter,fine_partial,2,2093,380,38
2025-04-01,quarter,fine_partial,3,1713,222,27
2025-04-01,quarter,fine_partial,4,1491,120,13
2025-04-01,quarter,fine_partial,5,1369,105,9
2025-04-01,quarter,fine_partial,6,1264,72,8
2025-04-01,quarter,fine_partial,7,1192,61,8
2025-04-01,quarter,fine_partial,8,1128,58,5
2025-04-01,quarter,fine_partial,9,1065,35,0
2025-04-01,quarter,fine_partial,10,1030,51,0
2025-04-01,quarter,fine_partial,11,979,44,0
2025-04-01,quarter,fine_partial,12,935,44,0
2025-04-01,quarter,fine_partial,13,891,38,0
2025-04-01,quarter,fine_partial,14,853,20,0
2025-04-01,quarter,fine_partial,15,833,11,0
2025-04-01,quarter,fine_partial,16,822,24,0
2025-04-01,quarter,fine_partial,17,798,19,0
2025-04-01,quarter,fine_partial,18,779,11,0
2025-04-01,quarter,fine_partial,19,768,13,0
2025-04-01,quarter,fine_partial,20,755,14,0
2025-04-01,month,direct_full20,5,3895,1256,0
2025-04-01,month,direct_mature5,5,3970,1264,75
2025-04-01,month,coarse_full20,1,3895,1840,0
2025-04-01,month,coarse_full20,3,2055,577,0
2025-04-01,month,coarse_full20,5,1478,222,0
2025-04-01,month,coarse_full20,10,1256,277,0
2025-04-01,month,coarse_full20,20,979,238,0
2025-04-01,month,coarse_partial,1,3990,1895,95
2025-04-01,month,coarse_partial,3,2093,602,38
2025-04-01,month,coarse_partial,5,1488,224,10
2025-04-01,month,coarse_partial,10,1256,277,0
2025-04-01,month,coarse_partial,20,979,238,0
2025-04-01,month,fine_full20,1,3895,1840,0
2025-04-01,month,fine_full20,2,2055,369,0
2025-04-01,month,fine_full20,3,1686,208,0
2025-04-01,month,fine_full20,4,1478,118,0
2025-04-01,month,fine_full20,5,1360,104,0
2025-04-01,month,fine_full20,6,1256,72,0
2025-04-01,month,fine_full20,7,1184,61,0
2025-04-01,month,fine_full20,8,1123,58,0
2025-04-01,month,fine_full20,9,1065,35,0
2025-04-01,month,fine_full20,10,1030,51,0
2025-04-01,month,fine_full20,11,979,44,0
2025-04-01,month,fine_full20,12,935,44,0
2025-04-01,month,fine_full20,13,891,38,0
2025-04-01,month,fine_full20,14,853,20,0
2025-04-01,month,fine_full20,15,833,11,0
2025-04-01,month,fine_full20,16,822,24,0
2025-04-01,month,fine_full20,17,798,19,0
2025-04-01,month,fine_full20,18,779,11,0
2025-04-01,month,fine_full20,19,768,13,0
2025-04-01,month,fine_full20,20,755,14,0
2025-04-01,month,fine_partial,1,3990,1895,95
2025-04-01,month,fine_partial,2,2093,380,38
2025-04-01,month,fine_partial,3,1713,222,27
2025-04-01,month,fine_partial,4,1491,120,13
2025-04-01,month,fine_partial,5,1369,105,9
2025-04-01,month,fine_partial,6,1264,72,8
2025-04-01,month,fine_partial,7,1192,61,8
2025-04-01,month,fine_partial,8,1128,58,5
2025-04-01,month,fine_partial,9,1065,35,0
2025-04-01,month,fine_partial,10,1030,51,0
2025-04-01,month,fine_partial,11,979,44,0
2025-04-01,month,fine_partial,12,935,44,0
2025-04-01,month,fine_partial,13,891,38,0
2025-04-01,month,fine_partial,14,853,20,0
2025-04-01,month,fine_partial,15,833,11,0
2025-04-01,month,fine_partial,16,822,24,0
2025-04-01,month,fine_partial,17,798,19,0
2025-04-01,month,fine_partial,18,779,11,0
2025-04-01,month,fine_partial,19,768,13,0
2025-04-01,month,fine_partial,20,755,14,0
2025-05-01,month,direct_full20,5,4000,1272,0
2025-05-01,month,direct_mature5,5,4075,1278,75
2025-05-01,month,coarse_full20,1,4000,1900,0
2025-05-01,month,coarse_full20,3,2100,602,0
2025-05-01,month,coarse_full20,5,1498,226,0
2025-05-01,month,coarse_full20,10,1272,280,0
2025-05-01,month,coarse_full20,20,992,247,0
2025-05-01,month,coarse_partial,1,4095,1959,95
2025-05-01,month,coarse_partial,3,2133,617,33
2025-05-01,month,coarse_partial,5,1508,230,10
2025-05-01,month,coarse_partial,10,1272,280,0
2025-05-01,month,coarse_partial,20,992,247,0
2025-05-01,month,fine_full20,1,4000,1900,0
2025-05-01,month,fine_full20,2,2100,380,0
2025-05-01,month,fine_full20,3,1720,222,0
2025-05-01,month,fine_full20,4,1498,121,0
2025-05-01,month,fine_full20,5,1377,105,0
2025-05-01,month,fine_full20,6,1272,72,0
2025-05-01,month,fine_full20,7,1200,61,0
2025-05-01,month,fine_full20,8,1139,59,0
2025-05-01,month,fine_full20,9,1080,35,0
2025-05-01,month,fine_full20,10,1045,53,0
2025-05-01,month,fine_full20,11,992,47,0
2025-05-01,month,fine_full20,12,945,45,0
2025-05-01,month,fine_full20,13,900,38,0
2025-05-01,month,fine_full20,14,862,21,0
2025-05-01,month,fine_full20,15,841,11,0
2025-05-01,month,fine_full20,16,830,24,0
2025-05-01,month,fine_full20,17,806,19,0
2025-05-01,month,fine_full20,18,787,13,0
2025-05-01,month,fine_full20,19,774,15,0
2025-05-01,month,fine_full20,20,759,14,0
2025-05-01,month,fine_partial,1,4095,1959,95
2025-05-01,month,fine_partial,2,2133,394,33
2025-05-01,month,fine_partial,3,1739,223,19
2025-05-01,month,fine_partial,4,1513,121,15
2025-05-01,month,fine_partial,5,1387,109,10
2025-05-01,month,fine_partial,6,1273,72,1
2025-05-01,month,fine_partial,7,1200,61,0
2025-05-01,month,fine_partial,8,1139,59,0
2025-05-01,month,fine_partial,9,1080,35,0
2025-05-01,month,fine_partial,10,1045,53,0
2025-05-01,month,fine_partial,11,992,47,0
2025-05-01,month,fine_partial,12,945,45,0
2025-05-01,month,fine_partial,13,900,38,0
2025-05-01,month,fine_partial,14,862,21,0
2025-05-01,month,fine_partial,15,841,11,0
2025-05-01,month,fine_partial,16,830,24,0
2025-05-01,month,fine_partial,17,806,19,0
2025-05-01,month,fine_partial,18,787,13,0
2025-05-01,month,fine_partial,19,774,15,0
2025-05-01,month,fine_partial,20,759,14,0
2025-06-01,month,direct_full20,5,4095,1281,0
2025-06-01,month,direct_mature5,5,4170,1291,75
2025-06-01,month,coarse_full20,1,4095,1959,0
2025-06-01,month,coarse_full20,3,2136,620,0
2025-06-01,month,coarse_full20,5,1516,235,0
2025-06-01,month,coarse_full20,10,1281,283,0
2025-06-01,month,coarse_full20,20,998,249,0
2025-06-01,month,coarse_partial,1,4190,2018,95
2025-06-01,month,coarse_partial,3,2170,636,34
2025-06-01,month,coarse_partial,5,1532,241,16
2025-06-01,month,coarse_partial,10,1289,286,8
2025-06-01,month,coarse_partial,20,998,249,0
2025-06-01,month,fine_full20,1,4095,1959,0
2025-06-01,month,fine_full20,2,2136,397,0
2025-06-01,month,fine_full20,3,1739,223,0
2025-06-01,month,fine_full20,4,1516,124,0
2025-06-01,month,fine_full20,5,1392,111,0
2025-06-01,month,fine_full20,6,1281,72,0
2025-06-01,month,fine_full20,7,1209,61,0
2025-06-01,month,fine_full20,8,1148,61,0
2025-06-01,month,fine_full20,9,1087,36,0
2025-06-01,month,fine_full20,10,1051,53,0
2025-06-01,month,fine_full20,11,998,47,0
2025-06-01,month,fine_full20,12,951,45,0
2025-06-01,month,fine_full20,13,906,40,0
2025-06-01,month,fine_full20,14,866,21,0
2025-06-01,month,fine_full20,15,845,11,0
2025-06-01,month,fine_full20,16,834,24,0
2025-06-01,month,fine_full20,17,810,19,0
2025-06-01,month,fine_full20,18,791,13,0
2025-06-01,month,fine_full20,19,778,15,0
2025-06-01,month,fine_full20,20,763,14,0
2025-06-01,month,fine_partial,1,4190,2018,95
2025-06-01,month,fine_partial,2,2172,411,36
2025-06-01,month,fine_partial,3,1760,226,21
2025-06-01,month,fine_partial,4,1533,128,17
2025-06-01,month,fine_partial,5,1404,113,12
2025-06-01,month,fine_partial,6,1290,73,9
2025-06-01,month,fine_partial,7,1216,62,7
2025-06-01,month,fine_partial,8,1154,61,6
2025-06-01,month,fine_partial,9,1093,37,6
2025-06-01,month,fine_partial,10,1056,53,5
2025-06-01,month,fine_partial,11,1002,48,4
2025-06-01,month,fine_partial,12,953,45,2
2025-06-01,month,fine_partial,13,908,40,2
2025-06-01,month,fine_partial,14,868,21,2
2025-06-01,month,fine_partial,15,847,11,2
2025-06-01,month,fine_partial,16,836,24,2
2025-06-01,month,fine_partial,17,812,19,2
2025-06-01,month,fine_partial,18,792,13,1
2025-06-01,month,fine_partial,19,778,15,0
2025-06-01,month,fine_partial,20,763,14,0
2025-07-01,quarter,direct_full20,5,4190,1294,0
2025-07-01,quarter,direct_mature5,5,4265,1310,75
2025-07-01,quarter,coarse_full20,1,4190,2018,0
2025-07-01,quarter,coarse_full20,3,2172,637,0
2025-07-01,quarter,coarse_full20,5,1535,241,0
2025-07-01,quarter,coarse_full20,10,1294,286,0
2025-07-01,quarter,coarse_full20,20,1008,253,0
2025-07-01,quarter,coarse_partial,1,4285,2059,95
2025-07-01,quarter,coarse_partial,3,2219,660,47
2025-07-01,quarter,coarse_partial,5,1556,246,21
2025-07-01,quarter,coarse_partial,10,1303,291,9
2025-07-01,quarter,coarse_partial,20,1008,253,0
2025-07-01,quarter,fine_full20,1,4190,2018,0
2025-07-01,quarter,fine_full20,2,2172,411,0
2025-07-01,quarter,fine_full20,3,1761,226,0
2025-07-01,quarter,fine_full20,4,1535,128,0
2025-07-01,quarter,fine_full20,5,1407,113,0
2025-07-01,quarter,fine_full20,6,1294,73,0
2025-07-01,quarter,fine_full20,7,1221,62,0
2025-07-01,quarter,fine_full20,8,1159,61,0
2025-07-01,quarter,fine_full20,9,1098,37,0
2025-07-01,quarter,fine_full20,10,1061,53,0
2025-07-01,quarter,fine_full20,11,1008,48,0
2025-07-01,quarter,fine_full20,12,960,46,0
2025-07-01,quarter,fine_full20,13,914,41,0
2025-07-01,quarter,fine_full20,14,873,22,0
2025-07-01,quarter,fine_full20,15,851,11,0
2025-07-01,quarter,fine_full20,16,840,24,0
2025-07-01,quarter,fine_full20,17,816,19,0
2025-07-01,quarter,fine_full20,18,797,13,0
2025-07-01,quarter,fine_full20,19,784,15,0
2025-07-01,quarter,fine_full20,20,769,14,0
2025-07-01,quarter,fine_partial,1,4285,2059,95
2025-07-01,quarter,fine_partial,2,2222,426,50
2025-07-01,quarter,fine_partial,3,1793,234,32
2025-07-01,quarter,fine_partial,4,1558,132,23
2025-07-01,quarter,fine_partial,5,1424,114,17
2025-07-01,quarter,fine_partial,6,1310,73,16
2025-07-01,quarter,fine_partial,7,1236,62,15
2025-07-01,quarter,fine_partial,8,1172,62,13
2025-07-01,quarter,fine_partial,9,1108,40,10
2025-07-01,quarter,fine_partial,10,1066,54,5
2025-07-01,quarter,fine_partial,11,1012,48,4
2025-07-01,quarter,fine_partial,12,964,47,4
2025-07-01,quarter,fine_partial,13,917,43,3
2025-07-01,quarter,fine_partial,14,874,22,1
2025-07-01,quarter,fine_partial,15,852,11,1
2025-07-01,quarter,fine_partial,16,840,24,0
2025-07-01,quarter,fine_partial,17,816,19,0
2025-07-01,quarter,fine_partial,18,797,13,0
2025-07-01,quarter,fine_partial,19,784,15,0
2025-07-01,quarter,fine_partial,20,769,14,0
2025-07-01,month,direct_full20,5,4190,1294,0
2025-07-01,month,direct_mature5,5,4265,1310,75
2025-07-01,month,coarse_full20,1,4190,2018,0
2025-07-01,month,coarse_full20,3,2172,637,0
2025-07-01,month,coarse_full20,5,1535,241,0
2025-07-01,month,coarse_full20,10,1294,286,0
2025-07-01,month,coarse_full20,20,1008,253,0
2025-07-01,month,coarse_partial,1,4285,2059,95
2025-07-01,month,coarse_partial,3,2219,660,47
2025-07-01,month,coarse_partial,5,1556,246,21
2025-07-01,month,coarse_partial,10,1303,291,9
2025-07-01,month,coarse_partial,20,1008,253,0
2025-07-01,month,fine_full20,1,4190,2018,0
2025-07-01,month,fine_full20,2,2172,411,0
2025-07-01,month,fine_full20,3,1761,226,0
2025-07-01,month,fine_full20,4,1535,128,0
2025-07-01,month,fine_full20,5,1407,113,0
2025-07-01,month,fine_full20,6,1294,73,0
2025-07-01,month,fine_full20,7,1221,62,0
2025-07-01,month,fine_full20,8,1159,61,0
2025-07-01,month,fine_full20,9,1098,37,0
2025-07-01,month,fine_full20,10,1061,53,0
2025-07-01,month,fine_full20,11,1008,48,0
2025-07-01,month,fine_full20,12,960,46,0
2025-07-01,month,fine_full20,13,914,41,0
2025-07-01,month,fine_full20,14,873,22,0
2025-07-01,month,fine_full20,15,851,11,0
2025-07-01,month,fine_full20,16,840,24,0
2025-07-01,month,fine_full20,17,816,19,0
2025-07-01,month,fine_full20,18,797,13,0
2025-07-01,month,fine_full20,19,784,15,0
2025-07-01,month,fine_full20,20,769,14,0
2025-07-01,month,fine_partial,1,4285,2059,95
2025-07-01,month,fine_partial,2,2222,426,50
2025-07-01,month,fine_partial,3,1793,234,32
2025-07-01,month,fine_partial,4,1558,132,23
2025-07-01,month,fine_partial,5,1424,114,17
2025-07-01,month,fine_partial,6,1310,73,16
2025-07-01,month,fine_partial,7,1236,62,15
2025-07-01,month,fine_partial,8,1172,62,13
2025-07-01,month,fine_partial,9,1108,40,10
2025-07-01,month,fine_partial,10,1066,54,5
2025-07-01,month,fine_partial,11,1012,48,4
2025-07-01,month,fine_partial,12,964,47,4
2025-07-01,month,fine_partial,13,917,43,3
2025-07-01,month,fine_partial,14,874,22,1
2025-07-01,month,fine_partial,15,852,11,1
2025-07-01,month,fine_partial,16,840,24,0
2025-07-01,month,fine_partial,17,816,19,0
2025-07-01,month,fine_partial,18,797,13,0
2025-07-01,month,fine_partial,19,784,15,0
2025-07-01,month,fine_partial,20,769,14,0
2025-08-01,month,direct_full20,5,4300,1324,0
2025-08-01,month,direct_mature5,5,4375,1340,75
2025-08-01,month,coarse_full20,1,4300,2064,0
2025-08-01,month,coarse_full20,3,2236,662,0
2025-08-01,month,coarse_full20,5,1574,250,0
2025-08-01,month,coarse_full20,10,1324,299,0
2025-08-01,month,coarse_full20,20,1025,260,0
2025-08-01,month,coarse_partial,1,4395,2100,95
2025-08-01,month,coarse_partial,3,2287,682,51
2025-08-01,month,coarse_partial,5,1597,257,23
2025-08-01,month,coarse_partial,10,1332,299,8
2025-08-01,month,coarse_partial,20,1025,260,0
2025-08-01,month,fine_full20,1,4300,2064,0
2025-08-01,month,fine_full20,2,2236,428,0
2025-08-01,month,fine_full20,3,1808,234,0
2025-08-01,month,fine_full20,4,1574,132,0
2025-08-01,month,fine_full20,5,1442,118,0
2025-08-01,month,fine_full20,6,1324,74,0
2025-08-01,month,fine_full20,7,1250,63,0
2025-08-01,month,fine_full20,8,1187,65,0
2025-08-01,month,fine_full20,9,1122,41,0
2025-08-01,month,fine_full20,10,1081,56,0
2025-08-01,month,fine_full20,11,1025,49,0
2025-08-01,month,fine_full20,12,976,48,0
2025-08-01,month,fine_full20,13,928,43,0
2025-08-01,month,fine_full20,14,885,22,0
2025-08-01,month,fine_full20,15,863,12,0
2025-08-01,month,fine_full20,16,851,24,0
2025-08-01,month,fine_full20,17,827,20,0
2025-08-01,month,fine_full20,18,807,13,0
2025-08-01,month,fine_full20,19,794,15,0
2025-08-01,month,fine_full20,20,779,14,0
2025-08-01,month,fine_partial,1,4395,2100,95
2025-08-01,month,fine_partial,2,2290,440,54
2025-08-01,month,fine_partial,3,1847,242,39
2025-08-01,month,fine_partial,4,1601,138,27
2025-08-01,month,fine_partial,5,1459,119,17
2025-08-01,month,fine_partial,6,1337,74,13
2025-08-01,month,fine_partial,7,1263,63,13
2025-08-01,month,fine_partial,8,1200,65,13
2025-08-01,month,fine_partial,9,1134,41,12
2025-08-01,month,fine_partial,10,1089,56,8
2025-08-01,month,fine_partial,11,1030,49,5
2025-08-01,month,fine_partial,12,980,48,4
2025-08-01,month,fine_partial,13,929,43,1
2025-08-01,month,fine_partial,14,886,22,1
2025-08-01,month,fine_partial,15,864,12,1
2025-08-01,month,fine_partial,16,852,24,1
2025-08-01,month,fine_partial,17,828,20,1
2025-08-01,month,fine_partial,18,808,13,1
2025-08-01,month,fine_partial,19,795,15,1
2025-08-01,month,fine_partial,20,779,14,0
2025-09-01,month,direct_full20,5,4415,1354,0
2025-09-01,month,direct_mature5,5,4490,1383,75
2025-09-01,month,coarse_full20,1,4415,2116,0
2025-09-01,month,coarse_full20,3,2299,686,0
2025-09-01,month,coarse_full20,5,1613,259,0
2025-09-01,month,coarse_full20,10,1354,303,0
2025-09-01,month,coarse_full20,20,1051,260,0
2025-09-01,month,coarse_partial,1,4510,2161,95
2025-09-01,month,coarse_partial,3,2345,700,46
2025-09-01,month,coarse_partial,5,1645,262,32
2025-09-01,month,coarse_partial,10,1375,306,21
2025-09-01,month,coarse_partial,20,1051,260,0
2025-09-01,month,fine_full20,1,4415,2116,0
2025-09-01,month,fine_full20,2,2299,444,0
2025-09-01,month,fine_full20,3,1855,242,0
2025-09-01,month,fine_full20,4,1613,138,0
2025-09-01,month,fine_full20,5,1475,121,0
2025-09-01,month,fine_full20,6,1354,76,0
2025-09-01,month,fine_full20,7,1278,63,0
2025-09-01,month,fine_full20,8,1215,66,0
2025-09-01,month,fine_full20,9,1149,42,0
2025-09-01,month,fine_full20,10,1107,56,0
2025-09-01,month,fine_full20,11,1051,49,0
2025-09-01,month,fine_full20,12,1002,48,0
2025-09-01,month,fine_full20,13,954,43,0
2025-09-01,month,fine_full20,14,911,22,0
2025-09-01,month,fine_full20,15,889,12,0
2025-09-01,month,fine_full20,16,877,24,0
2025-09-01,month,fine_full20,17,853,20,0
2025-09-01,month,fine_full20,18,833,13,0
2025-09-01,month,fine_full20,19,820,15,0
2025-09-01,month,fine_full20,20,805,14,0
2025-09-01,month,fine_partial,1,4510,2161,95
2025-09-01,month,fine_partial,2,2345,453,46
2025-09-01,month,fine_partial,3,1892,247,37
2025-09-01,month,fine_partial,4,1645,140,32
2025-09-01,month,fine_partial,5,1505,122,30
2025-09-01,month,fine_partial,6,1383,77,29
2025-09-01,month,fine_partial,7,1304,64,26
2025-09-01,month,fine_partial,8,1236,67,21
2025-09-01,month,fine_partial,9,1169,42,20
2025-09-01,month,fine_partial,10,1126,57,19
2025-09-01,month,fine_partial,11,1066,49,15
2025-09-01,month,fine_partial,12,1014,49,12
2025-09-01,month,fine_partial,13,962,43,8
2025-09-01,month,fine_partial,14,918,22,7
2025-09-01,month,fine_partial,15,894,12,5
2025-09-01,month,fine_partial,16,882,25,5
2025-09-01,month,fine_partial,17,855,20,2
2025-09-01,month,fine_partial,18,835,13,2
2025-09-01,month,fine_partial,19,822,15,2
2025-09-01,month,fine_partial,20,805,14,0
2025-10-01,quarter,direct_full20,5,4515,1390,0
2025-10-01,quarter,direct_mature5,5,4590,1434,75
2025-10-01,quarter,coarse_full20,1,4515,2162,0
2025-10-01,quarter,coarse_full20,3,2353,701,0
2025-10-01,quarter,coarse_full20,5,1652,262,0
2025-10-01,quarter,coarse_full20,10,1390,307,0
2025-10-01,quarter,coarse_full20,20,1083,262,0
2025-10-01,quarter,coarse_partial,1,4610,2188,95
2025-10-01,quarter,coarse_partial,3,2417,711,64
2025-10-01,quarter,coarse_partial,5,1701,267,49
2025-10-01,quarter,coarse_partial,10,1418,308,28
2025-10-01,quarter,coarse_partial,20,1083,262,0
2025-10-01,quarter,fine_full20,1,4515,2162,0
2025-10-01,quarter,fine_full20,2,2353,454,0
2025-10-01,quarter,fine_full20,3,1899,247,0
2025-10-01,quarter,fine_full20,4,1652,140,0
2025-10-01,quarter,fine_full20,5,1512,122,0
2025-10-01,quarter,fine_full20,6,1390,77,0
2025-10-01,quarter,fine_full20,7,1313,64,0
2025-10-01,quarter,fine_full20,8,1249,67,0
2025-10-01,quarter,fine_full20,9,1182,42,0
2025-10-01,quarter,fine_full20,10,1140,57,0
2025-10-01,quarter,fine_full20,11,1083,49,0
2025-10-01,quarter,fine_full20,12,1034,49,0
2025-10-01,quarter,fine_full20,13,985,43,0
2025-10-01,quarter,fine_full20,14,942,22,0
2025-10-01,quarter,fine_full20,15,920,12,0
2025-10-01,quarter,fine_full20,16,908,25,0
2025-10-01,quarter,fine_full20,17,883,20,0
2025-10-01,quarter,fine_full20,18,863,13,0
2025-10-01,quarter,fine_full20,19,850,15,0
2025-10-01,quarter,fine_full20,20,835,14,0
2025-10-01,quarter,fine_partial,1,4610,2188,95
2025-10-01,quarter,fine_partial,2,2417,463,64
2025-10-01,quarter,fine_partial,3,1954,248,55
2025-10-01,quarter,fine_partial,4,1701,145,49
2025-10-01,quarter,fine_partial,5,1556,122,44
2025-10-01,quarter,fine_partial,6,1433,78,43
2025-10-01,quarter,fine_partial,7,1351,64,38
2025-10-01,quarter,fine_partial,8,1283,67,34
2025-10-01,quarter,fine_partial,9,1211,42,29
2025-10-01,quarter,fine_partial,10,1167,57,27
2025-10-01,quarter,fine_partial,11,1110,49,27
2025-10-01,quarter,fine_partial,12,1061,49,27
2025-10-01,quarter,fine_partial,13,1012,43,27
2025-10-01,quarter,fine_partial,14,969,22,27
2025-10-01,quarter,fine_partial,15,943,12,23
2025-10-01,quarter,fine_partial,16,926,25,18
2025-10-01,quarter,fine_partial,17,897,20,14
2025-10-01,quarter,fine_partial,18,873,13,10
2025-10-01,quarter,fine_partial,19,855,15,5
2025-10-01,quarter,fine_partial,20,835,14,0
2025-10-01,month,direct_full20,5,4515,1390,0
2025-10-01,month,direct_mature5,5,4590,1434,75
2025-10-01,month,coarse_full20,1,4515,2162,0
2025-10-01,month,coarse_full20,3,2353,701,0
2025-10-01,month,coarse_full20,5,1652,262,0
2025-10-01,month,coarse_full20,10,1390,307,0
2025-10-01,month,coarse_full20,20,1083,262,0
2025-10-01,month,coarse_partial,1,4610,2188,95
2025-10-01,month,coarse_partial,3,2417,711,64
2025-10-01,month,coarse_partial,5,1701,267,49
2025-10-01,month,coarse_partial,10,1418,308,28
2025-10-01,month,coarse_partial,20,1083,262,0
2025-10-01,month,fine_full20,1,4515,2162,0
2025-10-01,month,fine_full20,2,2353,454,0
2025-10-01,month,fine_full20,3,1899,247,0
2025-10-01,month,fine_full20,4,1652,140,0
2025-10-01,month,fine_full20,5,1512,122,0
2025-10-01,month,fine_full20,6,1390,77,0
2025-10-01,month,fine_full20,7,1313,64,0
2025-10-01,month,fine_full20,8,1249,67,0
2025-10-01,month,fine_full20,9,1182,42,0
2025-10-01,month,fine_full20,10,1140,57,0
2025-10-01,month,fine_full20,11,1083,49,0
2025-10-01,month,fine_full20,12,1034,49,0
2025-10-01,month,fine_full20,13,985,43,0
2025-10-01,month,fine_full20,14,942,22,0
2025-10-01,month,fine_full20,15,920,12,0
2025-10-01,month,fine_full20,16,908,25,0
2025-10-01,month,fine_full20,17,883,20,0
2025-10-01,month,fine_full20,18,863,13,0
2025-10-01,month,fine_full20,19,850,15,0
2025-10-01,month,fine_full20,20,835,14,0
2025-10-01,month,fine_partial,1,4610,2188,95
2025-10-01,month,fine_partial,2,2417,463,64
2025-10-01,month,fine_partial,3,1954,248,55
2025-10-01,month,fine_partial,4,1701,145,49
2025-10-01,month,fine_partial,5,1556,122,44
2025-10-01,month,fine_partial,6,1433,78,43
2025-10-01,month,fine_partial,7,1351,64,38
2025-10-01,month,fine_partial,8,1283,67,34
2025-10-01,month,fine_partial,9,1211,42,29
2025-10-01,month,fine_partial,10,1167,57,27
2025-10-01,month,fine_partial,11,1110,49,27
2025-10-01,month,fine_partial,12,1061,49,27
2025-10-01,month,fine_partial,13,1012,43,27
2025-10-01,month,fine_partial,14,969,22,27
2025-10-01,month,fine_partial,15,943,12,23
2025-10-01,month,fine_partial,16,926,25,18
2025-10-01,month,fine_partial,17,897,20,14
2025-10-01,month,fine_partial,18,873,13,10
2025-10-01,month,fine_partial,19,855,15,5
2025-10-01,month,fine_partial,20,835,14,0
2025-11-01,month,direct_full20,5,4630,1435,0
2025-11-01,month,direct_mature5,5,4705,1451,75
2025-11-01,month,coarse_full20,1,4630,2207,0
2025-11-01,month,coarse_full20,3,2423,717,0
2025-11-01,month,coarse_full20,5,1706,271,0
2025-11-01,month,coarse_full20,10,1435,321,0
2025-11-01,month,coarse_full20,20,1114,276,0
2025-11-01,month,coarse_partial,1,4725,2262,95
2025-11-01,month,coarse_partial,3,2458,730,35
2025-11-01,month,coarse_partial,5,1728,277,22
2025-11-01,month,coarse_partial,10,1445,328,10
2025-11-01,month,coarse_partial,20,1114,276,0
2025-11-01,month,fine_full20,1,4630,2207,0
2025-11-01,month,fine_full20,2,2423,469,0
2025-11-01,month,fine_full20,3,1954,248,0
2025-11-01,month,fine_full20,4,1706,149,0
2025-11-01,month,fine_full20,5,1557,122,0
2025-11-01,month,fine_full20,6,1435,79,0
2025-11-01,month,fine_full20,7,1356,66,0
2025-11-01,month,fine_full20,8,1290,71,0
2025-11-01,month,fine_full20,9,1219,44,0
2025-11-01,month,fine_full20,10,1175,61,0
2025-11-01,month,fine_full20,11,1114,50,0
2025-11-01,month,fine_full20,12,1064,51,0
2025-11-01,month,fine_full20,13,1013,43,0
2025-11-01,month,fine_full20,14,970,22,0
2025-11-01,month,fine_full20,15,948,12,0
2025-11-01,month,fine_full20,16,936,25,0
2025-11-01,month,fine_full20,17,911,24,0
2025-11-01,month,fine_full20,18,887,15,0
2025-11-01,month,fine_full20,19,872,16,0
2025-11-01,month,fine_full20,20,856,18,0
2025-11-01,month,fine_partial,1,4725,2262,95
2025-11-01,month,fine_partial,2,2463,476,40
2025-11-01,month,fine_partial,3,1982,254,28
2025-11-01,month,fine_partial,4,1728,151,22
2025-11-01,month,fine_partial,5,1577,126,20
2025-11-01,month,fine_partial,6,1451,81,16
2025-11-01,month,fine_partial,7,1370,71,14
2025-11-01,month,fine_partial,8,1299,73,9
2025-11-01,month,fine_partial,9,1226,46,7
2025-11-01,month,fine_partial,10,1178,61,3
2025-11-01,month,fine_partial,11,1114,50,0
2025-11-01,month,fine_partial,12,1064,51,0
2025-11-01,month,fine_partial,13,1013,43,0
2025-11-01,month,fine_partial,14,970,22,0
2025-11-01,month,fine_partial,15,948,12,0
2025-11-01,month,fine_partial,16,936,25,0
2025-11-01,month,fine_partial,17,911,24,0
2025-11-01,month,fine_partial,18,887,15,0
2025-11-01,month,fine_partial,19,872,16,0
2025-11-01,month,fine_partial,20,856,18,0
2025-12-01,month,direct_full20,5,4735,1466,0
2025-12-01,month,direct_mature5,5,4810,1477,75
2025-12-01,month,coarse_full20,1,4735,2262,0
2025-12-01,month,coarse_full20,3,2473,730,0
2025-12-01,month,coarse_full20,5,1743,277,0
2025-12-01,month,coarse_full20,10,1466,332,0
2025-12-01,month,coarse_full20,20,1134,286,0
2025-12-01,month,coarse_partial,1,4830,2321,95
2025-12-01,month,coarse_partial,3,2507,751,34
2025-12-01,month,coarse_partial,5,1756,279,13
2025-12-01,month,coarse_partial,10,1477,342,11
2025-12-01,month,coarse_partial,20,1134,286,0
2025-12-01,month,fine_full20,1,4735,2262,0
2025-12-01,month,fine_full20,2,2473,476,0
2025-12-01,month,fine_full20,3,1997,254,0
2025-12-01,month,fine_full20,4,1743,151,0
2025-12-01,month,fine_full20,5,1592,126,0
2025-12-01,month,fine_full20,6,1466,81,0
2025-12-01,month,fine_full20,7,1385,71,0
2025-12-01,month,fine_full20,8,1314,73,0
2025-12-01,month,fine_full20,9,1241,46,0
2025-12-01,month,fine_full20,10,1195,61,0
2025-12-01,month,fine_full20,11,1134,50,0
2025-12-01,month,fine_full20,12,1084,51,0
2025-12-01,month,fine_full20,13,1033,43,0
2025-12-01,month,fine_full20,14,990,22,0
2025-12-01,month,fine_full20,15,968,16,0
2025-12-01,month,fine_full20,16,952,28,0
2025-12-01,month,fine_full20,17,924,25,0
2025-12-01,month,fine_full20,18,899,16,0
2025-12-01,month,fine_full20,19,883,17,0
2025-12-01,month,fine_full20,20,866,18,0
2025-12-01,month,fine_partial,1,4830,2321,95
2025-12-01,month,fine_partial,2,2508,489,35
2025-12-01,month,fine_partial,3,2019,263,22
2025-12-01,month,fine_partial,4,1756,153,13
2025-12-01,month,fine_partial,5,1603,126,11
2025-12-01,month,fine_partial,6,1477,86,11
2025-12-01,month,fine_partial,7,1391,74,6
2025-12-01,month,fine_partial,8,1317,74,3
2025-12-01,month,fine_partial,9,1243,47,2
2025-12-01,month,fine_partial,10,1196,61,1
2025-12-01,month,fine_partial,11,1135,50,1
2025-12-01,month,fine_partial,12,1085,51,1
2025-12-01,month,fine_partial,13,1034,43,1
2025-12-01,month,fine_partial,14,991,23,1
2025-12-01,month,fine_partial,15,968,16,0
2025-12-01,month,fine_partial,16,952,28,0
2025-12-01,month,fine_partial,17,924,25,0
2025-12-01,month,fine_partial,18,899,16,0
2025-12-01,month,fine_partial,19,883,17,0
2025-12-01,month,fine_partial,20,866,18,0
2026-01-01,quarter,direct_full20,5,4840,1478,0
2026-01-01,quarter,direct_mature5,5,4915,1497,75
2026-01-01,quarter,coarse_full20,1,4840,2329,0
2026-01-01,quarter,coarse_full20,3,2511,754,0
2026-01-01,quarter,coarse_full20,5,1757,279,0
2026-01-01,quarter,coarse_full20,10,1478,342,0
2026-01-01,quarter,coarse_full20,20,1136,287,0
2026-01-01,quarter,coarse_partial,1,4935,2384,95
2026-01-01,quarter,coarse_partial,3,2550,768,39
2026-01-01,quarter,coarse_partial,5,1782,285,25
2026-01-01,quarter,coarse_partial,10,1497,346,19
2026-01-01,quarter,coarse_partial,20,1136,287,0
2026-01-01,quarter,fine_full20,1,4840,2329,0
2026-01-01,quarter,fine_full20,2,2511,490,0
2026-01-01,quarter,fine_full20,3,2021,264,0
2026-01-01,quarter,fine_full20,4,1757,153,0
2026-01-01,quarter,fine_full20,5,1604,126,0
2026-01-01,quarter,fine_full20,6,1478,86,0
2026-01-01,quarter,fine_full20,7,1392,74,0
2026-01-01,quarter,fine_full20,8,1318,74,0
2026-01-01,quarter,fine_full20,9,1244,47,0
2026-01-01,quarter,fine_full20,10,1197,61,0
2026-01-01,quarter,fine_full20,11,1136,50,0
2026-01-01,quarter,fine_full20,12,1086,51,0
2026-01-01,quarter,fine_full20,13,1035,43,0
2026-01-01,quarter,fine_full20,14,992,23,0
2026-01-01,quarter,fine_full20,15,969,16,0
2026-01-01,quarter,fine_full20,16,953,28,0
2026-01-01,quarter,fine_full20,17,925,25,0
2026-01-01,quarter,fine_full20,18,900,16,0
2026-01-01,quarter,fine_full20,19,884,17,0
2026-01-01,quarter,fine_full20,20,867,18,0
2026-01-01,quarter,fine_partial,1,4935,2384,95
2026-01-01,quarter,fine_partial,2,2550,503,39
2026-01-01,quarter,fine_partial,3,2047,265,26
2026-01-01,quarter,fine_partial,4,1782,156,25
2026-01-01,quarter,fine_partial,5,1626,129,22
2026-01-01,quarter,fine_partial,6,1497,86,19
2026-01-01,quarter,fine_partial,7,1411,76,19
2026-01-01,quarter,fine_partial,8,1335,75,17
2026-01-01,quarter,fine_partial,9,1260,48,16
2026-01-01,quarter,fine_partial,10,1212,61,15
2026-01-01,quarter,fine_partial,11,1151,53,15
2026-01-01,quarter,fine_partial,12,1098,52,12
2026-01-01,quarter,fine_partial,13,1046,43,11
2026-01-01,quarter,fine_partial,14,1002,23,10
2026-01-01,quarter,fine_partial,15,974,16,5
2026-01-01,quarter,fine_partial,16,958,28,5
2026-01-01,quarter,fine_partial,17,926,25,1
2026-01-01,quarter,fine_partial,18,901,16,1
2026-01-01,quarter,fine_partial,19,885,17,1
2026-01-01,quarter,fine_partial,20,867,18,0
2026-01-01,month,direct_full20,5,4840,1478,0
2026-01-01,month,direct_mature5,5,4915,1497,75
2026-01-01,month,coarse_full20,1,4840,2329,0
2026-01-01,month,coarse_full20,3,2511,754,0
2026-01-01,month,coarse_full20,5,1757,279,0
2026-01-01,month,coarse_full20,10,1478,342,0
2026-01-01,month,coarse_full20,20,1136,287,0
2026-01-01,month,coarse_partial,1,4935,2384,95
2026-01-01,month,coarse_partial,3,2550,768,39
2026-01-01,month,coarse_partial,5,1782,285,25
2026-01-01,month,coarse_partial,10,1497,346,19
2026-01-01,month,coarse_partial,20,1136,287,0
2026-01-01,month,fine_full20,1,4840,2329,0
2026-01-01,month,fine_full20,2,2511,490,0
2026-01-01,month,fine_full20,3,2021,264,0
2026-01-01,month,fine_full20,4,1757,153,0
2026-01-01,month,fine_full20,5,1604,126,0
2026-01-01,month,fine_full20,6,1478,86,0
2026-01-01,month,fine_full20,7,1392,74,0
2026-01-01,month,fine_full20,8,1318,74,0
2026-01-01,month,fine_full20,9,1244,47,0
2026-01-01,month,fine_full20,10,1197,61,0
2026-01-01,month,fine_full20,11,1136,50,0
2026-01-01,month,fine_full20,12,1086,51,0
2026-01-01,month,fine_full20,13,1035,43,0
2026-01-01,month,fine_full20,14,992,23,0
2026-01-01,month,fine_full20,15,969,16,0
2026-01-01,month,fine_full20,16,953,28,0
2026-01-01,month,fine_full20,17,925,25,0
2026-01-01,month,fine_full20,18,900,16,0
2026-01-01,month,fine_full20,19,884,17,0
2026-01-01,month,fine_full20,20,867,18,0
2026-01-01,month,fine_partial,1,4935,2384,95
2026-01-01,month,fine_partial,2,2550,503,39
2026-01-01,month,fine_partial,3,2047,265,26
2026-01-01,month,fine_partial,4,1782,156,25
2026-01-01,month,fine_partial,5,1626,129,22
2026-01-01,month,fine_partial,6,1497,86,19
2026-01-01,month,fine_partial,7,1411,76,19
2026-01-01,month,fine_partial,8,1335,75,17
2026-01-01,month,fine_partial,9,1260,48,16
2026-01-01,month,fine_partial,10,1212,61,15
2026-01-01,month,fine_partial,11,1151,53,15
2026-01-01,month,fine_partial,12,1098,52,12
2026-01-01,month,fine_partial,13,1046,43,11
2026-01-01,month,fine_partial,14,1002,23,10
2026-01-01,month,fine_partial,15,974,16,5
2026-01-01,month,fine_partial,16,958,28,5
2026-01-01,month,fine_partial,17,926,25,1
2026-01-01,month,fine_partial,18,901,16,1
2026-01-01,month,fine_partial,19,885,17,1
2026-01-01,month,fine_partial,20,867,18,0
2026-02-01,month,direct_full20,5,4915,1497,0
2026-02-01,month,direct_mature5,5,4990,1504,75
2026-02-01,month,coarse_full20,1,4915,2366,0
2026-02-01,month,coarse_full20,3,2549,767,0
2026-02-01,month,coarse_full20,5,1782,285,0
2026-02-01,month,coarse_full20,10,1497,346,0
2026-02-01,month,coarse_full20,20,1151,291,0
2026-02-01,month,coarse_partial,1,5010,2426,95
2026-02-01,month,coarse_partial,3,2584,786,35
2026-02-01,month,coarse_partial,5,1793,289,11
2026-02-01,month,coarse_partial,10,1503,351,6
2026-02-01,month,coarse_partial,20,1151,291,0
2026-02-01,month,fine_full20,1,4915,2366,0
2026-02-01,month,fine_full20,2,2549,502,0
2026-02-01,month,fine_full20,3,2047,265,0
2026-02-01,month,fine_full20,4,1782,156,0
2026-02-01,month,fine_full20,5,1626,129,0
2026-02-01,month,fine_full20,6,1497,86,0
2026-02-01,month,fine_full20,7,1411,76,0
2026-02-01,month,fine_full20,8,1335,75,0
2026-02-01,month,fine_full20,9,1260,48,0
2026-02-01,month,fine_full20,10,1212,61,0
2026-02-01,month,fine_full20,11,1151,53,0
2026-02-01,month,fine_full20,12,1098,52,0
2026-02-01,month,fine_full20,13,1046,43,0
2026-02-01,month,fine_full20,14,1003,23,0
2026-02-01,month,fine_full20,15,980,16,0
2026-02-01,month,fine_full20,16,964,28,0
2026-02-01,month,fine_full20,17,936,25,0
2026-02-01,month,fine_full20,18,911,16,0
2026-02-01,month,fine_full20,19,895,17,0
2026-02-01,month,fine_full20,20,878,18,0
2026-02-01,month,fine_partial,1,5010,2426,95
2026-02-01,month,fine_partial,2,2584,514,35
2026-02-01,month,fine_partial,3,2070,272,23
2026-02-01,month,fine_partial,4,1797,158,15
2026-02-01,month,fine_partial,5,1636,132,10
2026-02-01,month,fine_partial,6,1503,88,6
2026-02-01,month,fine_partial,7,1415,76,4
2026-02-01,month,fine_partial,8,1339,75,4
2026-02-01,month,fine_partial,9,1264,49,4
2026-02-01,month,fine_partial,10,1215,63,3
2026-02-01,month,fine_partial,11,1152,54,1
2026-02-01,month,fine_partial,12,1098,52,0
2026-02-01,month,fine_partial,13,1046,43,0
2026-02-01,month,fine_partial,14,1003,23,0
2026-02-01,month,fine_partial,15,980,16,0
2026-02-01,month,fine_partial,16,964,28,0
2026-02-01,month,fine_partial,17,936,25,0
2026-02-01,month,fine_partial,18,911,16,0
2026-02-01,month,fine_partial,19,895,17,0
2026-02-01,month,fine_partial,20,878,18,0
2026-03-01,month,direct_full20,5,5010,1505,0
2026-03-01,month,direct_mature5,5,5085,1526,75
2026-03-01,month,coarse_full20,1,5010,2426,0
2026-03-01,month,coarse_full20,3,2584,786,0
2026-03-01,month,coarse_full20,5,1798,293,0
2026-03-01,month,coarse_full20,10,1505,351,0
2026-03-01,month,coarse_full20,20,1154,292,0
2026-03-01,month,coarse_partial,1,5105,2473,95
2026-03-01,month,coarse_partial,3,2626,802,42
2026-03-01,month,coarse_partial,5,1823,297,25
2026-03-01,month,coarse_partial,10,1522,357,17
2026-03-01,month,coarse_partial,20,1154,292,0
2026-03-01,month,fine_full20,1,5010,2426,0
2026-03-01,month,fine_full20,2,2584,514,0
2026-03-01,month,fine_full20,3,2070,272,0
2026-03-01,month,fine_full20,4,1798,159,0
2026-03-01,month,fine_full20,5,1639,134,0
2026-03-01,month,fine_full20,6,1505,88,0
2026-03-01,month,fine_full20,7,1417,76,0
2026-03-01,month,fine_full20,8,1341,75,0
2026-03-01,month,fine_full20,9,1266,49,0
2026-03-01,month,fine_full20,10,1217,63,0
2026-03-01,month,fine_full20,11,1154,54,0
2026-03-01,month,fine_full20,12,1100,52,0
2026-03-01,month,fine_full20,13,1048,43,0
2026-03-01,month,fine_full20,14,1005,23,0
2026-03-01,month,fine_full20,15,982,16,0
2026-03-01,month,fine_full20,16,966,28,0
2026-03-01,month,fine_full20,17,938,25,0
2026-03-01,month,fine_full20,18,913,16,0
2026-03-01,month,fine_full20,19,897,17,0
2026-03-01,month,fine_full20,20,880,18,0
2026-03-01,month,fine_partial,1,5105,2473,95
2026-03-01,month,fine_partial,2,2628,528,44
2026-03-01,month,fine_partial,3,2098,274,28
2026-03-01,month,fine_partial,4,1823,162,25
2026-03-01,month,fine_partial,5,1661,135,22
2026-03-01,month,fine_partial,6,1522,91,17
2026-03-01,month,fine_partial,7,1431,77,14
2026-03-01,month,fine_partial,8,1354,75,13
2026-03-01,month,fine_partial,9,1279,51,13
2026-03-01,month,fine_partial,10,1228,63,11
2026-03-01,month,fine_partial,11,1165,54,11
2026-03-01,month,fine_partial,12,1110,52,10
2026-03-01,month,fine_partial,13,1058,44,10
2026-03-01,month,fine_partial,14,1013,23,8
2026-03-01,month,fine_partial,15,988,16,6
2026-03-01,month,fine_partial,16,971,28,5
2026-03-01,month,fine_partial,17,942,25,4
2026-03-01,month,fine_partial,18,917,16,4
2026-03-01,month,fine_partial,19,897,17,0
2026-03-01,month,fine_partial,20,880,18,0
2026-04-01,quarter,direct_full20,5,5110,1536,0
2026-04-01,quarter,direct_mature5,5,5185,1578,75
2026-04-01,quarter,coarse_full20,1,5110,2474,0
2026-04-01,quarter,coarse_full20,3,2636,803,0
2026-04-01,quarter,coarse_full20,5,1833,297,0
2026-04-01,quarter,coarse_full20,10,1536,357,0
2026-04-01,quarter,coarse_full20,20,1179,293,0
2026-04-01,quarter,coarse_partial,1,5205,2511,95
2026-04-01,quarter,coarse_partial,3,2689,808,53
2026-04-01,quarter,coarse_partial,5,1881,303,48
2026-04-01,quarter,coarse_partial,10,1573,358,37
2026-04-01,quarter,coarse_partial,20,1179,293,0
2026-04-01,quarter,fine_full20,1,5110,2474,0
2026-04-01,quarter,fine_full20,2,2636,529,0
2026-04-01,quarter,fine_full20,3,2107,274,0
2026-04-01,quarter,fine_full20,4,1833,162,0
2026-04-01,quarter,fine_full20,5,1671,135,0
2026-04-01,quarter,fine_full20,6,1536,91,0
2026-04-01,quarter,fine_full20,7,1445,77,0
2026-04-01,quarter,fine_full20,8,1368,75,0
2026-04-01,quarter,fine_full20,9,1293,51,0
2026-04-01,quarter,fine_full20,10,1242,63,0
2026-04-01,quarter,fine_full20,11,1179,54,0
2026-04-01,quarter,fine_full20,12,1125,52,0
2026-04-01,quarter,fine_full20,13,1073,44,0
2026-04-01,quarter,fine_full20,14,1029,23,0
2026-04-01,quarter,fine_full20,15,1006,16,0
2026-04-01,quarter,fine_full20,16,990,28,0
2026-04-01,quarter,fine_full20,17,962,25,0
2026-04-01,quarter,fine_full20,18,937,16,0
2026-04-01,quarter,fine_full20,19,921,17,0
2026-04-01,quarter,fine_full20,20,904,18,0
2026-04-01,quarter,fine_partial,1,5205,2511,95
2026-04-01,quarter,fine_partial,2,2694,530,58
2026-04-01,quarter,fine_partial,3,2159,278,52
2026-04-01,quarter,fine_partial,4,1881,166,48
2026-04-01,quarter,fine_partial,5,1715,137,44
2026-04-01,quarter,fine_partial,6,1578,94,42
2026-04-01,quarter,fine_partial,7,1484,78,39
2026-04-01,quarter,fine_partial,8,1406,75,38
2026-04-01,quarter,fine_partial,9,1331,51,38
2026-04-01,quarter,fine_partial,10,1278,63,36
2026-04-01,quarter,fine_partial,11,1211,54,32
2026-04-01,quarter,fine_partial,12,1152,52,27
2026-04-01,quarter,fine_partial,13,1098,44,25
2026-04-01,quarter,fine_partial,14,1049,23,20
2026-04-01,quarter,fine_partial,15,1026,16,20
2026-04-01,quarter,fine_partial,16,1005,28,15
2026-04-01,quarter,fine_partial,17,972,25,10
2026-04-01,quarter,fine_partial,18,942,16,5
2026-04-01,quarter,fine_partial,19,922,17,1
2026-04-01,quarter,fine_partial,20,904,18,0
2026-04-01,month,direct_full20,5,5110,1536,0
2026-04-01,month,direct_mature5,5,5185,1578,75
2026-04-01,month,coarse_full20,1,5110,2474,0
2026-04-01,month,coarse_full20,3,2636,803,0
2026-04-01,month,coarse_full20,5,1833,297,0
2026-04-01,month,coarse_full20,10,1536,357,0
2026-04-01,month,coarse_full20,20,1179,293,0
2026-04-01,month,coarse_partial,1,5205,2511,95
2026-04-01,month,coarse_partial,3,2689,808,53
2026-04-01,month,coarse_partial,5,1881,303,48
2026-04-01,month,coarse_partial,10,1573,358,37
2026-04-01,month,coarse_partial,20,1179,293,0
2026-04-01,month,fine_full20,1,5110,2474,0
2026-04-01,month,fine_full20,2,2636,529,0
2026-04-01,month,fine_full20,3,2107,274,0
2026-04-01,month,fine_full20,4,1833,162,0
2026-04-01,month,fine_full20,5,1671,135,0
2026-04-01,month,fine_full20,6,1536,91,0
2026-04-01,month,fine_full20,7,1445,77,0
2026-04-01,month,fine_full20,8,1368,75,0
2026-04-01,month,fine_full20,9,1293,51,0
2026-04-01,month,fine_full20,10,1242,63,0
2026-04-01,month,fine_full20,11,1179,54,0
2026-04-01,month,fine_full20,12,1125,52,0
2026-04-01,month,fine_full20,13,1073,44,0
2026-04-01,month,fine_full20,14,1029,23,0
2026-04-01,month,fine_full20,15,1006,16,0
2026-04-01,month,fine_full20,16,990,28,0
2026-04-01,month,fine_full20,17,962,25,0
2026-04-01,month,fine_full20,18,937,16,0
2026-04-01,month,fine_full20,19,921,17,0
2026-04-01,month,fine_full20,20,904,18,0
2026-04-01,month,fine_partial,1,5205,2511,95
2026-04-01,month,fine_partial,2,2694,530,58
2026-04-01,month,fine_partial,3,2159,278,52
2026-04-01,month,fine_partial,4,1881,166,48
2026-04-01,month,fine_partial,5,1715,137,44
2026-04-01,month,fine_partial,6,1578,94,42
2026-04-01,month,fine_partial,7,1484,78,39
2026-04-01,month,fine_partial,8,1406,75,38
2026-04-01,month,fine_partial,9,1331,51,38
2026-04-01,month,fine_partial,10,1278,63,36
2026-04-01,month,fine_partial,11,1211,54,32
2026-04-01,month,fine_partial,12,1152,52,27
2026-04-01,month,fine_partial,13,1098,44,25
2026-04-01,month,fine_partial,14,1049,23,20
2026-04-01,month,fine_partial,15,1026,16,20
2026-04-01,month,fine_partial,16,1005,28,15
2026-04-01,month,fine_partial,17,972,25,10
2026-04-01,month,fine_partial,18,942,16,5
2026-04-01,month,fine_partial,19,922,17,1
2026-04-01,month,fine_partial,20,904,18,0
2026-05-01,month,direct_full20,5,5220,1580,0
2026-05-01,month,direct_mature5,5,5295,1587,75
2026-05-01,month,coarse_full20,1,5220,2518,0
2026-05-01,month,coarse_full20,3,2702,815,0
2026-05-01,month,coarse_full20,5,1887,307,0
2026-05-01,month,coarse_full20,10,1580,363,0
2026-05-01,month,coarse_full20,20,1217,306,0
2026-05-01,month,coarse_partial,1,5315,2583,95
2026-05-01,month,coarse_partial,3,2730,833,28
2026-05-01,month,coarse_partial,5,1897,310,10
2026-05-01,month,coarse_partial,10,1580,363,0
2026-05-01,month,coarse_partial,20,1217,306,0
2026-05-01,month,fine_full20,1,5220,2518,0
2026-05-01,month,fine_full20,2,2702,533,0
2026-05-01,month,fine_full20,3,2169,282,0
2026-05-01,month,fine_full20,4,1887,167,0
2026-05-01,month,fine_full20,5,1720,140,0
2026-05-01,month,fine_full20,6,1580,95,0
2026-05-01,month,fine_full20,7,1485,78,0
2026-05-01,month,fine_full20,8,1407,76,0
2026-05-01,month,fine_full20,9,1331,51,0
2026-05-01,month,fine_full20,10,1280,63,0
2026-05-01,month,fine_full20,11,1217,54,0
2026-05-01,month,fine_full20,12,1163,53,0
2026-05-01,month,fine_full20,13,1110,44,0
2026-05-01,month,fine_full20,14,1066,23,0
2026-05-01,month,fine_full20,15,1043,19,0
2026-05-01,month,fine_full20,16,1024,28,0
2026-05-01,month,fine_full20,17,996,29,0
2026-05-01,month,fine_full20,18,967,18,0
2026-05-01,month,fine_full20,19,949,19,0
2026-05-01,month,fine_full20,20,930,19,0
2026-05-01,month,fine_partial,1,5315,2583,95
2026-05-01,month,fine_partial,2,2730,545,28
2026-05-01,month,fine_partial,3,2185,288,16
2026-05-01,month,fine_partial,4,1897,170,10
2026-05-01,month,fine_partial,5,1727,140,7
2026-05-01,month,fine_partial,6,1582,95,2
2026-05-01,month,fine_partial,7,1487,78,2
2026-05-01,month,fine_partial,8,1409,76,2
2026-05-01,month,fine_partial,9,1333,51,2
2026-05-01,month,fine_partial,10,1280,63,0
2026-05-01,month,fine_partial,11,1217,54,0
2026-05-01,month,fine_partial,12,1163,53,0
2026-05-01,month,fine_partial,13,1110,44,0
2026-05-01,month,fine_partial,14,1066,23,0
2026-05-01,month,fine_partial,15,1043,19,0
2026-05-01,month,fine_partial,16,1024,28,0
2026-05-01,month,fine_partial,17,996,29,0
2026-05-01,month,fine_partial,18,967,18,0
2026-05-01,month,fine_partial,19,949,19,0
2026-05-01,month,fine_partial,20,930,19,0
2026-06-01,month,direct_full20,5,5325,1595,0
2026-06-01,month,direct_mature5,5,5400,1601,75
2026-06-01,month,coarse_full20,1,5325,2585,0
2026-06-01,month,coarse_full20,3,2740,834,0
2026-06-01,month,coarse_full20,5,1906,311,0
2026-06-01,month,coarse_full20,10,1595,371,0
2026-06-01,month,coarse_full20,20,1224,313,0
2026-06-01,month,coarse_partial,1,5420,2650,95
2026-06-01,month,coarse_partial,3,2765,849,25
2026-06-01,month,coarse_partial,5,1916,315,10
2026-06-01,month,coarse_partial,10,1595,371,0
2026-06-01,month,coarse_partial,20,1224,313,0
2026-06-01,month,fine_full20,1,5325,2585,0
2026-06-01,month,fine_full20,2,2740,546,0
2026-06-01,month,fine_full20,3,2194,288,0
2026-06-01,month,fine_full20,4,1906,171,0
2026-06-01,month,fine_full20,5,1735,140,0
2026-06-01,month,fine_full20,6,1595,99,0
2026-06-01,month,fine_full20,7,1496,79,0
2026-06-01,month,fine_full20,8,1417,79,0
2026-06-01,month,fine_full20,9,1338,51,0
2026-06-01,month,fine_full20,10,1287,63,0
2026-06-01,month,fine_full20,11,1224,55,0
2026-06-01,month,fine_full20,12,1169,54,0
2026-06-01,month,fine_full20,13,1115,46,0
2026-06-01,month,fine_full20,14,1069,24,0
2026-06-01,month,fine_full20,15,1045,20,0
2026-06-01,month,fine_full20,16,1025,28,0
2026-06-01,month,fine_full20,17,997,29,0
2026-06-01,month,fine_full20,18,968,18,0
2026-06-01,month,fine_full20,19,950,20,0
2026-06-01,month,fine_full20,20,930,19,0
2026-06-01,month,fine_partial,1,5420,2650,95
2026-06-01,month,fine_partial,2,2770,555,30
2026-06-01,month,fine_partial,3,2211,295,17
2026-06-01,month,fine_partial,4,1916,173,10
2026-06-01,month,fine_partial,5,1743,142,8
2026-06-01,month,fine_partial,6,1601,99,6
2026-06-01,month,fine_partial,7,1498,79,2
2026-06-01,month,fine_partial,8,1417,79,0
2026-06-01,month,fine_partial,9,1338,51,0
2026-06-01,month,fine_partial,10,1287,63,0
2026-06-01,month,fine_partial,11,1224,55,0
2026-06-01,month,fine_partial,12,1169,54,0
2026-06-01,month,fine_partial,13,1115,46,0
2026-06-01,month,fine_partial,14,1069,24,0
2026-06-01,month,fine_partial,15,1045,20,0
2026-06-01,month,fine_partial,16,1025,28,0
2026-06-01,month,fine_partial,17,997,29,0
2026-06-01,month,fine_partial,18,968,18,0
2026-06-01,month,fine_partial,19,950,20,0
2026-06-01,month,fine_partial,20,930,19,0
2026-07-01,quarter,direct_full20,5,5420,1605,0
2026-07-01,quarter,direct_mature5,5,5495,1647,75
2026-07-01,quarter,coarse_full20,1,5420,2650,0
2026-07-01,quarter,coarse_full20,3,2770,850,0
2026-07-01,quarter,coarse_full20,5,1920,315,0
2026-07-01,quarter,coarse_full20,10,1605,371,0
2026-07-01,quarter,coarse_full20,20,1234,313,0
2026-07-01,quarter,coarse_partial,1,5515,2671,95
2026-07-01,quarter,coarse_partial,3,2834,856,64
2026-07-01,quarter,coarse_partial,5,1968,321,48
2026-07-01,quarter,coarse_partial,10,1627,375,22
2026-07-01,quarter,coarse_partial,20,1234,313,0
2026-07-01,quarter,fine_full20,1,5420,2650,0
2026-07-01,quarter,fine_full20,2,2770,555,0
2026-07-01,quarter,fine_full20,3,2215,295,0
2026-07-01,quarter,fine_full20,4,1920,173,0
2026-07-01,quarter,fine_full20,5,1747,142,0
2026-07-01,quarter,fine_full20,6,1605,99,0
2026-07-01,quarter,fine_full20,7,1506,79,0
2026-07-01,quarter,fine_full20,8,1427,79,0
2026-07-01,quarter,fine_full20,9,1348,51,0
2026-07-01,quarter,fine_full20,10,1297,63,0
2026-07-01,quarter,fine_full20,11,1234,55,0
2026-07-01,quarter,fine_full20,12,1179,54,0
2026-07-01,quarter,fine_full20,13,1125,46,0
2026-07-01,quarter,fine_full20,14,1079,24,0
2026-07-01,quarter,fine_full20,15,1055,20,0
2026-07-01,quarter,fine_full20,16,1035,28,0
2026-07-01,quarter,fine_full20,17,1007,29,0
2026-07-01,quarter,fine_full20,18,978,18,0
2026-07-01,quarter,fine_full20,19,960,20,0
2026-07-01,quarter,fine_full20,20,940,19,0
2026-07-01,quarter,fine_partial,1,5515,2671,95
2026-07-01,quarter,fine_partial,2,2839,557,69
2026-07-01,quarter,fine_partial,3,2277,299,62
2026-07-01,quarter,fine_partial,4,1973,175,53
2026-07-01,quarter,fine_partial,5,1793,146,46
2026-07-01,quarter,fine_partial,6,1642,101,37
2026-07-01,quarter,fine_partial,7,1536,81,30
2026-07-01,quarter,fine_partial,8,1450,79,23
2026-07-01,quarter,fine_partial,9,1366,51,18
2026-07-01,quarter,fine_partial,10,1315,63,18
2026-07-01,quarter,fine_partial,11,1248,55,14
2026-07-01,quarter,fine_partial,12,1188,54,9
2026-07-01,quarter,fine_partial,13,1131,46,6
2026-07-01,quarter,fine_partial,14,1085,24,6
2026-07-01,quarter,fine_partial,15,1061,20,6
2026-07-01,quarter,fine_partial,16,1041,28,6
2026-07-01,quarter,fine_partial,17,1013,29,6
2026-07-01,quarter,fine_partial,18,984,18,6
2026-07-01,quarter,fine_partial,19,964,20,4
2026-07-01,quarter,fine_partial,20,940,19,0
2026-07-01,month,direct_full20,5,5420,1605,0
2026-07-01,month,direct_mature5,5,5495,1647,75
2026-07-01,month,coarse_full20,1,5420,2650,0
2026-07-01,month,coarse_full20,3,2770,850,0
2026-07-01,month,coarse_full20,5,1920,315,0
2026-07-01,month,coarse_full20,10,1605,371,0
2026-07-01,month,coarse_full20,20,1234,313,0
2026-07-01,month,coarse_partial,1,5515,2671,95
2026-07-01,month,coarse_partial,3,2834,856,64
2026-07-01,month,coarse_partial,5,1968,321,48
2026-07-01,month,coarse_partial,10,1627,375,22
2026-07-01,month,coarse_partial,20,1234,313,0
2026-07-01,month,fine_full20,1,5420,2650,0
2026-07-01,month,fine_full20,2,2770,555,0
2026-07-01,month,fine_full20,3,2215,295,0
2026-07-01,month,fine_full20,4,1920,173,0
2026-07-01,month,fine_full20,5,1747,142,0
2026-07-01,month,fine_full20,6,1605,99,0
2026-07-01,month,fine_full20,7,1506,79,0
2026-07-01,month,fine_full20,8,1427,79,0
2026-07-01,month,fine_full20,9,1348,51,0
2026-07-01,month,fine_full20,10,1297,63,0
2026-07-01,month,fine_full20,11,1234,55,0
2026-07-01,month,fine_full20,12,1179,54,0
2026-07-01,month,fine_full20,13,1125,46,0
2026-07-01,month,fine_full20,14,1079,24,0
2026-07-01,month,fine_full20,15,1055,20,0
2026-07-01,month,fine_full20,16,1035,28,0
2026-07-01,month,fine_full20,17,1007,29,0
2026-07-01,month,fine_full20,18,978,18,0
2026-07-01,month,fine_full20,19,960,20,0
2026-07-01,month,fine_full20,20,940,19,0
2026-07-01,month,fine_partial,1,5515,2671,95
2026-07-01,month,fine_partial,2,2839,557,69
2026-07-01,month,fine_partial,3,2277,299,62
2026-07-01,month,fine_partial,4,1973,175,53
2026-07-01,month,fine_partial,5,1793,146,46
2026-07-01,month,fine_partial,6,1642,101,37
2026-07-01,month,fine_partial,7,1536,81,30
2026-07-01,month,fine_partial,8,1450,79,23
2026-07-01,month,fine_partial,9,1366,51,18
2026-07-01,month,fine_partial,10,1315,63,18
2026-07-01,month,fine_partial,11,1248,55,14
2026-07-01,month,fine_partial,12,1188,54,9
2026-07-01,month,fine_partial,13,1131,46,6
2026-07-01,month,fine_partial,14,1085,24,6
2026-07-01,month,fine_partial,15,1061,20,6
2026-07-01,month,fine_partial,16,1041,28,6
2026-07-01,month,fine_partial,17,1013,29,6
2026-07-01,month,fine_partial,18,984,18,6
2026-07-01,month,fine_partial,19,964,20,4
2026-07-01,month,fine_partial,20,940,19,0
2026-08-01,month,direct_full20,5,5535,1675,0
2026-08-01,month,direct_mature5,5,5610,1700,75
2026-08-01,month,coarse_full20,1,5535,2679,0
2026-08-01,month,coarse_full20,3,2856,857,0
2026-08-01,month,coarse_full20,5,1999,324,0
2026-08-01,month,coarse_full20,10,1675,380,0
2026-08-01,month,coarse_full20,20,1295,313,0
2026-08-01,month,coarse_partial,1,5630,2713,95
2026-08-01,month,coarse_partial,3,2907,875,51
2026-08-01,month,coarse_partial,5,2029,329,30
2026-08-01,month,coarse_partial,10,1697,381,22
2026-08-01,month,coarse_partial,20,1295,313,0
2026-08-01,month,fine_full20,1,5535,2679,0
2026-08-01,month,fine_full20,2,2856,557,0
2026-08-01,month,fine_full20,3,2299,300,0
2026-08-01,month,fine_full20,4,1999,178,0
2026-08-01,month,fine_full20,5,1821,146,0
2026-08-01,month,fine_full20,6,1675,102,0
2026-08-01,month,fine_full20,7,1573,85,0
2026-08-01,month,fine_full20,8,1488,79,0
2026-08-01,month,fine_full20,9,1409,51,0
2026-08-01,month,fine_full20,10,1358,63,0
2026-08-01,month,fine_full20,11,1295,55,0
2026-08-01,month,fine_full20,12,1240,54,0
2026-08-01,month,fine_full20,13,1186,46,0
2026-08-01,month,fine_full20,14,1140,24,0
2026-08-01,month,fine_full20,15,1116,20,0
2026-08-01,month,fine_full20,16,1096,28,0
2026-08-01,month,fine_full20,17,1068,29,0
2026-08-01,month,fine_full20,18,1039,18,0
2026-08-01,month,fine_full20,19,1021,20,0
2026-08-01,month,fine_full20,20,1001,19,0
2026-08-01,month,fine_partial,1,5630,2713,95
2026-08-01,month,fine_partial,2,2912,572,56
2026-08-01,month,fine_partial,3,2335,303,36
2026-08-01,month,fine_partial,4,2030,181,31
2026-08-01,month,fine_partial,5,1848,148,27
2026-08-01,month,fine_partial,6,1700,104,25
2026-08-01,month,fine_partial,7,1596,86,23
2026-08-01,month,fine_partial,8,1510,79,22
2026-08-01,month,fine_partial,9,1431,51,22
2026-08-01,month,fine_partial,10,1379,63,21
2026-08-01,month,fine_partial,11,1313,55,18
2026-08-01,month,fine_partial,12,1253,54,13
2026-08-01,month,fine_partial,13,1195,46,9
2026-08-01,month,fine_partial,14,1148,24,8
2026-08-01,month,fine_partial,15,1119,20,3
2026-08-01,month,fine_partial,16,1098,28,2
2026-08-01,month,fine_partial,17,1068,29,0
2026-08-01,month,fine_partial,18,1039,18,0
2026-08-01,month,fine_partial,19,1021,20,0
2026-08-01,month,fine_partial,20,1001,19,0
2026-09-01,month,direct_full20,5,5645,1724,0
2026-09-01,month,direct_mature5,5,5720,1765,75
2026-09-01,month,coarse_full20,1,5645,2717,0
2026-09-01,month,coarse_full20,3,2928,875,0
2026-09-01,month,coarse_full20,5,2053,329,0
2026-09-01,month,coarse_full20,10,1724,383,0
2026-09-01,month,coarse_full20,20,1341,313,0
2026-09-01,month,coarse_partial,1,5740,2745,95
2026-09-01,month,coarse_partial,3,2990,883,62
2026-09-01,month,coarse_partial,5,2102,337,49
2026-09-01,month,coarse_partial,10,1759,385,35
2026-09-01,month,coarse_partial,20,1341,313,0
2026-09-01,month,fine_full20,1,5645,2717,0
2026-09-01,month,fine_full20,2,2928,572,0
2026-09-01,month,fine_full20,3,2356,303,0
2026-09-01,month,fine_full20,4,2053,181,0
2026-09-01,month,fine_full20,5,1872,148,0
2026-09-01,month,fine_full20,6,1724,104,0
2026-09-01,month,fine_full20,7,1620,86,0
2026-09-01,month,fine_full20,8,1534,79,0
2026-09-01,month,fine_full20,9,1455,51,0
2026-09-01,month,fine_full20,10,1404,63,0
2026-09-01,month,fine_full20,11,1341,55,0
2026-09-01,month,fine_full20,12,1286,54,0
2026-09-01,month,fine_full20,13,1232,46,0
2026-09-01,month,fine_full20,14,1186,24,0
2026-09-01,month,fine_full20,15,1162,20,0
2026-09-01,month,fine_full20,16,1142,28,0
2026-09-01,month,fine_full20,17,1114,29,0
2026-09-01,month,fine_full20,18,1085,18,0
2026-09-01,month,fine_full20,19,1067,20,0
2026-09-01,month,fine_full20,20,1047,19,0
2026-09-01,month,fine_partial,1,5740,2745,95
2026-09-01,month,fine_partial,2,2995,575,67
2026-09-01,month,fine_partial,3,2415,308,59
2026-09-01,month,fine_partial,4,2107,186,54
2026-09-01,month,fine_partial,5,1916,151,44
2026-09-01,month,fine_partial,6,1760,105,36
2026-09-01,month,fine_partial,7,1654,87,34
2026-09-01,month,fine_partial,8,1567,79,33
2026-09-01,month,fine_partial,9,1488,51,33
2026-09-01,month,fine_partial,10,1437,63,33
2026-09-01,month,fine_partial,11,1374,55,33
2026-09-01,month,fine_partial,12,1318,54,32
2026-09-01,month,fine_partial,13,1260,46,28
2026-09-01,month,fine_partial,14,1209,24,23
2026-09-01,month,fine_partial,15,1184,20,22
2026-09-01,month,fine_partial,16,1159,28,17
2026-09-01,month,fine_partial,17,1126,29,12
2026-09-01,month,fine_partial,18,1092,18,7
2026-09-01,month,fine_partial,19,1072,20,5
2026-09-01,month,fine_partial,20,1047,19,0
