rate_target,n,frequency,rolling_window,cooldown_days,hit_rate,base_rate,lift,auc,forward_benefit_bps,year_lift_min,year_lift_median,year_lift_positive,years,corridor_freq_min,corridor_freq_max,corridor_lift_min,cluster_share_7d,macro_year_lift,year_frequency_min,year_frequency_max,candidate,rate,rolling,cooldown
0.18,295,1.1666666666666667,0,0,0.4033898305084746,0.3379032258064516,1.193802839690951,0.5608039558254531,34.18175389677806,1.193802839690951,1.193802839690951,1,1,1.1468926553672316,1.2062146892655368,1.103448275862069,0.8793103448275862,1.193802839690951,1.1666666666666667,1.1666666666666667,quarterly_reset_hist,0.18,0,0
0.18,222,0.8779661016949153,120,0,0.45495495495495497,0.3379032258064516,1.3464060719430648,0.5608039558254531,53.33386525072793,1.3464060719430648,1.3464060719430648,1,1,0.8502824858757062,0.9096045197740114,1.217391304347826,0.8110599078341014,1.3464060719430648,0.8779661016949153,0.8779661016949153,quarterly_reset_hist,0.18,120,0
0.18,228,0.9016949152542374,250,0,0.43859649122807015,0.3379032258064516,1.2979943893145751,0.5608039558254531,44.10773943990086,1.2979943893145751,1.2979943893145751,1,1,0.8700564971751413,0.9293785310734464,1.1594202898550725,0.8699551569506726,1.2979943893145751,0.9016949152542374,0.9016949152542374,quarterly_reset_hist,0.18,250,0
0.18,271,1.0717514124293785,500,0,0.42066420664206644,0.3379032258064516,1.2449250984156621,0.5608039558254531,37.36145248136278,1.2449250984156621,1.2449250984156621,1,1,1.0282485875706215,1.1073446327683616,1.115151515151515,0.8909774436090225,1.2449250984156621,1.0717514124293785,1.0717514124293785,quarterly_reset_hist,0.18,500,0
0.18,128,0.5062146892655368,250,3,0.40625,0.3379032258064516,1.2022673031026254,0.5608039558254531,27.332139539021803,1.2022673031026254,1.2022673031026254,1,1,0.4745762711864407,0.5338983050847458,1.0756626506024096,0.6910569105691057,1.2022673031026254,0.5062146892655368,0.5062146892655368,quarterly_reset_hist,0.18,250,3
0.2,314,1.2418079096045198,0,0,0.3980891719745223,0.3379032258064516,1.1781159266071783,0.5608039558254531,30.333630886221435,1.1781159266071783,1.1781159266071783,1,1,1.1864406779661016,1.3248587570621468,1.0803030303030303,0.8737864077669902,1.1781159266071783,1.2418079096045198,1.2418079096045198,quarterly_reset_hist,0.2,0,0
0.2,238,0.9412429378531074,120,0,0.44537815126050423,0.3379032258064516,1.3180642185275067,0.5608039558254531,51.12982413444281,1.3180642185275067,1.3180642185275067,1,1,0.8700564971751413,0.9887005649717514,1.1733333333333333,0.8326180257510729,1.3180642185275067,0.9412429378531074,0.9412429378531074,quarterly_reset_hist,0.2,120,0
0.2,248,0.9807909604519774,250,0,0.4153225806451613,0.3379032258064516,1.2291169451073987,0.5608039558254531,38.49859300961047,1.2291169451073987,1.2291169451073987,1,1,0.9491525423728814,1.0084745762711864,1.0980392156862744,0.8806584362139918,1.2291169451073987,0.9807909604519774,0.9807909604519774,quarterly_reset_hist,0.2,250,0
0.2,293,1.1587570621468928,500,0,0.40273037542662116,0.3379032258064516,1.1918512303794995,0.5608039558254531,34.07106863380917,1.1918512303794995,1.1918512303794995,1,1,1.1271186440677967,1.2062146892655368,1.103448275862069,0.8854166666666666,1.1918512303794995,1.1587570621468928,1.1587570621468928,quarterly_reset_hist,0.2,500,0
0.2,136,0.5378531073446328,250,3,0.375,0.3379032258064516,1.1097852028639619,0.5608039558254531,22.684917662564832,1.1097852028639619,1.1097852028639619,1,1,0.5141242937853108,0.5734463276836158,0.9965556831228474,0.7175572519083969,1.1097852028639619,0.5378531073446328,0.5378531073446328,quarterly_reset_hist,0.2,250,3
0.22,365,1.4435028248587571,0,0,0.40273972602739727,0.3379032258064516,1.191878902801844,0.5608039558254531,27.760695866896995,1.191878902801844,1.191878902801844,1,1,1.305084745762712,1.5225988700564972,1.1082251082251082,0.875,1.191878902801844,1.4435028248587571,1.4435028248587571,quarterly_reset_hist,0.22,0,0
0.22,259,1.0242937853107343,120,0,0.43243243243243246,0.3379032258064516,1.2797523060052893,0.5608039558254531,47.08082866886626,1.2797523060052893,1.2797523060052893,1,1,0.9491525423728814,1.1073446327683616,1.1904761904761905,0.8622047244094488,1.2797523060052893,1.0242937853107343,1.0242937853107343,quarterly_reset_hist,0.22,120,0
0.22,275,1.0875706214689267,250,0,0.4109090909090909,0.3379032258064516,1.2160555435018443,0.5608039558254531,37.743661011355655,1.2160555435018443,1.2160555435018443,1,1,1.0677966101694916,1.1073446327683616,1.115151515151515,0.8925925925925926,1.2160555435018443,1.0875706214689267,1.0875706214689267,quarterly_reset_hist,0.22,250,0
0.22,326,1.289265536723164,500,0,0.4110429447852761,0.3379032258064516,1.2164516743048743,0.5608039558254531,33.0060274378851,1.2164516743048743,1.2164516743048743,1,1,1.265536723163842,1.344632768361582,1.1008522727272727,0.881619937694704,1.2164516743048743,1.289265536723164,1.289265536723164,quarterly_reset_hist,0.22,500,0
0.22,145,0.5734463276836158,250,3,0.3724137931034483,0.3379032258064516,1.1021315118097277,0.5608039558254531,24.490426670422053,1.1021315118097277,1.1021315118097277,1,1,0.5338983050847458,0.612994350282486,0.9596462133775566,0.7428571428571429,1.1021315118097277,0.5734463276836158,0.5734463276836158,quarterly_reset_hist,0.22,250,3
0.25,402,1.5898305084745765,0,0,0.39800995024875624,0.3379032258064516,1.1778814756765101,0.5608039558254531,25.778259549541918,1.1778814756765101,1.1778814756765101,1,1,1.5819209039548023,1.6214689265536724,1.0999999999999999,0.8816120906801007,1.1778814756765101,1.5898305084745765,1.5898305084745765,quarterly_reset_hist,0.25,0,0
0.25,293,1.1587570621468928,120,0,0.4197952218430034,0.3379032258064516,1.2423534011582917,0.5608039558254531,42.30772283486788,1.2423534011582917,1.2423534011582917,1,1,1.0875706214689267,1.2457627118644068,1.1111111111111112,0.8923611111111112,1.2423534011582917,1.1587570621468928,1.1587570621468928,quarterly_reset_hist,0.25,120,0
0.25,313,1.2378531073446328,250,0,0.4249201277955272,0.3379032258064516,1.2575201872707726,0.5608039558254531,35.91162815170238,1.2575201872707726,1.2575201872707726,1,1,1.1864406779661016,1.265536723163842,1.163059163059163,0.8798701298701299,1.2575201872707726,1.2378531073446328,1.2378531073446328,quarterly_reset_hist,0.25,250,0
0.25,375,1.4830508474576272,500,0,0.408,0.3379032258064516,1.2074463007159904,0.5608039558254531,29.057643093088206,1.2074463007159904,1.2074463007159904,1,1,1.423728813559322,1.5423728813559323,1.1282051282051282,0.8810810810810811,1.2074463007159904,1.4830508474576272,1.4830508474576272,quarterly_reset_hist,0.25,500,0
0.25,164,0.6485875706214689,250,3,0.42073170731707316,0.3379032258064516,1.2451248617498107,0.5608039558254531,24.606937945902633,1.2451248617498107,1.2451248617498107,1,1,0.5932203389830508,0.672316384180791,1.11044776119403,0.7484276729559748,1.2451248617498107,0.6485875706214689,0.6485875706214689,quarterly_reset_hist,0.25,250,3
0.3,482,1.906214689265537,0,0,0.3941908713692946,0.3379032258064516,1.1665791897325186,0.5608039558254531,23.17708172009596,1.1665791897325186,1.1665791897325186,1,1,1.8389830508474576,1.9774011299435028,1.0666666666666667,0.9203354297693921,1.1665791897325186,1.906214689265537,1.906214689265537,quarterly_reset_hist,0.3,0,0
0.3,341,1.348587570621469,120,0,0.40175953079178883,0.3379032258064516,1.188978086352788,0.5608039558254531,32.648813202165044,1.188978086352788,1.188978086352788,1,1,1.305084745762712,1.4039548022598871,1.0674931129476584,0.9077380952380952,1.188978086352788,1.348587570621469,1.348587570621469,quarterly_reset_hist,0.3,120,0
0.3,368,1.455367231638418,250,0,0.4157608695652174,0.3379032258064516,1.2304140292622185,0.5608039558254531,31.12460986654057,1.2304140292622185,1.2304140292622185,1,1,1.384180790960452,1.4830508474576272,1.1689497716894977,0.8842975206611571,1.2304140292622185,1.455367231638418,1.455367231638418,quarterly_reset_hist,0.3,250,0
0.3,449,1.7757062146892655,500,0,0.38752783964365256,0.3379032258064516,1.1468604323583036,0.5608039558254531,25.077280645169314,1.1468604323583036,1.1468604323583036,1,1,1.7203389830508475,1.8389830508474576,1.1086142322097379,0.8918918918918919,1.1468604323583036,1.7757062146892655,1.7757062146892655,quarterly_reset_hist,0.3,500,0
0.3,196,0.7751412429378532,250,3,0.40816326530612246,0.3379032258064516,1.2079294725049925,0.5608039558254531,18.485191386066994,1.2079294725049925,1.2079294725049925,1,1,0.692090395480226,0.8305084745762712,1.1204819277108435,0.7643979057591623,1.2079294725049925,0.7751412429378532,0.7751412429378532,quarterly_reset_hist,0.3,250,3
0.35,553,2.187005649717514,0,0,0.3707052441229656,0.3379032258064516,1.0970751854713063,0.5608039558254531,17.93924411715047,1.0970751854713063,1.0970751854713063,1,1,2.076271186440678,2.3135593220338984,0.9629629629629629,0.9379562043795621,1.0970751854713063,2.187005649717514,2.187005649717514,quarterly_reset_hist,0.35,0,0
0.35,398,1.5740112994350282,120,0,0.39195979899497485,0.3379032258064516,1.159976493445749,0.5608039558254531,28.82910879889292,1.159976493445749,1.159976493445749,1,1,1.5225988700564972,1.6412429378531075,1.080168776371308,0.910941475826972,1.159976493445749,1.5740112994350282,1.5740112994350282,quarterly_reset_hist,0.35,120,0
0.35,434,1.7163841807909606,250,0,0.3778801843317972,0.3379032258064516,1.118308898738493,0.5608039558254531,21.36055232336119,1.118308898738493,1.118308898738493,1,1,1.6412429378531075,1.8192090395480227,1.0602409638554218,0.8834498834498834,1.118308898738493,1.7163841807909606,1.7163841807909606,quarterly_reset_hist,0.35,250,0
0.35,519,2.052542372881356,500,0,0.37764932562620424,0.3379032258064516,1.1176256892040413,0.5608039558254531,20.40237400685575,1.1176256892040413,1.1176256892040413,1,1,1.9378531073446328,2.115819209039548,0.9650793650793651,0.9241245136186771,1.1176256892040413,2.052542372881356,2.052542372881356,quarterly_reset_hist,0.35,500,0
0.35,232,0.9175141242937853,250,3,0.375,0.3379032258064516,1.1097852028639619,0.5608039558254531,11.924357815216162,1.1097852028639619,1.1097852028639619,1,1,0.8305084745762712,1.0084745762711864,1.0193423597678917,0.775330396475771,1.1097852028639619,0.9175141242937853,0.9175141242937853,quarterly_reset_hist,0.35,250,3
0.4,628,2.4836158192090396,0,0,0.35828025477707004,0.3379032258064516,1.0603043339464604,0.5608039558254531,15.721223577276016,1.0603043339464604,1.0603043339464604,1,1,2.4322033898305087,2.531073446327684,0.910569105691057,0.9614767255216693,1.0603043339464604,2.4836158192090396,2.4836158192090396,quarterly_reset_hist,0.4,0,0
0.4,468,1.8508474576271186,120,0,0.3888888888888889,0.3379032258064516,1.15088835852559,0.5608039558254531,26.23039508339235,1.15088835852559,1.15088835852559,1,1,1.7994350282485876,1.9180790960451979,1.054945054945055,0.9157667386609071,1.15088835852559,1.8508474576271186,1.8508474576271186,quarterly_reset_hist,0.4,120,0
0.4,496,1.961581920903955,250,0,0.375,0.3379032258064516,1.1097852028639619,0.5608039558254531,18.96739561551553,1.1097852028639619,1.1097852028639619,1,1,1.8192090395480227,2.036723163841808,1.0133333333333334,0.9144602851323829,1.1097852028639619,1.961581920903955,1.961581920903955,quarterly_reset_hist,0.4,250,0
0.4,580,2.2937853107344632,500,0,0.36724137931034484,0.3379032258064516,1.0868241297012593,0.5608039558254531,16.841657867825965,1.0868241297012593,1.0868241297012593,1,1,2.194915254237288,2.3728813559322033,0.9344729344729344,0.9478260869565217,1.0868241297012593,2.2937853107344632,2.2937853107344632,quarterly_reset_hist,0.4,500,0
0.4,258,1.0203389830508476,250,3,0.35658914728682173,0.3379032258064516,1.0552996244287802,0.5608039558254531,9.164540015732035,1.0552996244287802,1.0552996244287802,1,1,0.9491525423728814,1.0677966101694916,0.8872053872053872,0.8260869565217391,1.0552996244287802,1.0203389830508476,1.0203389830508476,quarterly_reset_hist,0.4,250,3
0.18,198,0.7830508474576272,0,0,0.4595959595959596,0.3379032258064516,1.3601407873484246,0.5517690458402496,60.95826420702592,1.3601407873484246,1.3601407873484246,1,1,0.672316384180791,0.9689265536723164,1.3202577752871953,0.844559585492228,1.3601407873484246,0.7830508474576272,0.7830508474576272,quarterly_reset_extra,0.18,0,0
0.18,235,0.9293785310734464,120,0,0.5148936170212766,0.3379032258064516,1.5237901792515107,0.5517690458402496,83.8114794023558,1.5237901792515107,1.5237901792515107,1,1,0.8502824858757062,1.0282485875706215,1.3643410852713178,0.8869565217391304,1.5237901792515107,0.9293785310734464,0.9293785310734464,quarterly_reset_extra,0.18,120,0
0.18,169,0.6683615819209039,250,0,0.47337278106508873,0.3379032258064516,1.4009122876389262,0.5517690458402496,64.8041647142401,1.4009122876389262,1.4009122876389262,1,1,0.5734463276836158,0.7711864406779662,1.2549019607843137,0.8353658536585366,1.4009122876389262,0.6683615819209039,0.6683615819209039,quarterly_reset_extra,0.18,250,0
0.18,200,0.7909604519774012,500,0,0.445,0.3379032258064516,1.316945107398568,0.5517690458402496,57.52483257763433,1.316945107398568,1.316945107398568,1,1,0.672316384180791,0.9491525423728814,1.2389068468997944,0.8512820512820513,1.316945107398568,0.7909604519774012,0.7909604519774012,quarterly_reset_extra,0.18,500,0
0.18,87,0.34406779661016945,250,3,0.42528735632183906,0.3379032258064516,1.2586069733629606,0.5517690458402496,60.59316935044116,1.2586069733629606,1.2586069733629606,1,1,0.3163841807909605,0.3954802259887006,0.9253731343283582,0.6707317073170732,1.2586069733629606,0.34406779661016945,0.34406779661016945,quarterly_reset_extra,0.18,250,3
0.2,221,0.8740112994350283,0,0,0.43891402714932126,0.3379032258064516,1.298934113759328,0.5517690458402496,52.68687260065606,1.298934113759328,1.298934113759328,1,1,0.7711864406779662,1.0084745762711864,1.2341540073336827,0.8564814814814815,1.298934113759328,0.8740112994350283,0.8740112994350283,quarterly_reset_extra,0.2,0,0
0.2,253,1.0005649717514125,120,0,0.5019762845849802,0.3379032258064516,1.4855622741894403,0.5517690458402496,80.09280616432893,1.4855622741894403,1.4855622741894403,1,1,0.8898305084745763,1.1271186440677967,1.3037037037037036,0.8991935483870968,1.4855622741894403,1.0005649717514125,1.0005649717514125,quarterly_reset_extra,0.2,120,0
0.2,191,0.7553672316384181,250,0,0.4712041884816754,0.3379032258064516,1.3944944957452923,0.5517690458402496,65.152308893954,1.3944944957452923,1.3944944957452923,1,1,0.632768361581921,0.8502824858757062,1.2991452991452992,0.8655913978494624,1.3944944957452923,0.7553672316384181,0.7553672316384181,quarterly_reset_extra,0.2,250,0
0.2,227,0.8977401129943503,500,0,0.43171806167400884,0.3379032258064516,1.27763817774647,0.5517690458402496,52.41473102208204,1.27763817774647,1.27763817774647,1,1,0.8305084745762712,0.9887005649717514,1.2403100775193798,0.8558558558558559,1.27763817774647,0.8977401129943503,0.8977401129943503,quarterly_reset_extra,0.2,500,0
0.2,100,0.3954802259887006,250,3,0.42,0.3379032258064516,1.2429594272076372,0.5517690458402496,60.44243312551622,1.2429594272076372,1.2429594272076372,1,1,0.3559322033898305,0.4548022598870057,1.168892380204242,0.7263157894736842,1.2429594272076372,0.3954802259887006,0.3954802259887006,quarterly_reset_extra,0.2,250,3
0.22,238,0.9412429378531074,0,0,0.4327731092436975,0.3379032258064516,1.2807605142295582,0.5517690458402496,50.24421297147674,1.2807605142295582,1.2807605142295582,1,1,0.8502824858757062,1.0677966101694916,1.219572166215884,0.8669527896995708,1.2807605142295582,0.9412429378531074,0.9412429378531074,quarterly_reset_extra,0.22,0,0
0.22,283,1.1192090395480228,120,0,0.46996466431095407,0.3379032258064516,1.3908262141899357,0.5517690458402496,65.54356313915943,1.3908262141899357,1.3908262141899357,1,1,1.0480225988700564,1.2457627118644068,1.1069182389937107,0.9028776978417267,1.3908262141899357,1.1192090395480228,1.1192090395480228,quarterly_reset_extra,0.22,120,0
0.22,216,0.8542372881355933,250,0,0.46296296296296297,0.3379032258064516,1.3701051887209406,0.5517690458402496,60.5868178480354,1.3701051887209406,1.3701051887209406,1,1,0.711864406779661,0.9491525423728814,1.2444444444444445,0.8909952606635071,1.3701051887209406,0.8542372881355933,0.8542372881355933,quarterly_reset_extra,0.22,250,0
0.22,251,0.9926553672316385,500,0,0.4302788844621514,0.3379032258064516,1.2733790375490877,0.5517690458402496,50.38690273148543,1.2733790375490877,1.2733790375490877,1,1,0.8700564971751413,1.0875706214689267,1.1666666666666667,0.8780487804878049,1.2733790375490877,0.9926553672316385,0.9926553672316385,quarterly_reset_extra,0.22,500,0
0.22,109,0.43107344632768363,250,3,0.3944954128440367,0.3379032258064516,1.1674804580587244,0.5517690458402496,45.01351616954166,1.1674804580587244,1.1674804580587244,1,1,0.3954802259887006,0.4745762711864407,0.9253731343283582,0.75,1.1674804580587244,0.43107344632768363,0.43107344632768363,quarterly_reset_extra,0.22,250,3
0.25,262,1.0361581920903955,0,0,0.41603053435114506,0.3379032258064516,1.2312120825666346,0.5517690458402496,45.329788889509935,1.2312120825666346,1.2312120825666346,1,1,0.9293785310734464,1.1468926553672316,1.1199999999999999,0.8871595330739299,1.2312120825666346,1.0361581920903955,1.0361581920903955,quarterly_reset_extra,0.25,0,0
0.25,317,1.2536723163841808,120,0,0.45741324921135645,0.3379032258064516,1.3536812148498378,0.5517690458402496,61.04928545065436,1.3536812148498378,1.3536812148498378,1,1,1.1271186440677967,1.423728813559322,1.1366120218579234,0.9006410256410257,1.3536812148498378,1.2536723163841808,1.2536723163841808,quarterly_reset_extra,0.25,120,0
0.25,256,1.0124293785310736,250,0,0.40625,0.3379032258064516,1.2022673031026254,0.5517690458402496,42.0810319206484,1.2022673031026254,1.2022673031026254,1,1,0.8502824858757062,1.1073446327683616,1.0980392156862744,0.900398406374502,1.2022673031026254,1.0124293785310736,1.0124293785310736,quarterly_reset_extra,0.25,250,0
0.25,284,1.1231638418079095,500,0,0.4119718309859155,0.3379032258064516,1.2192006453998454,0.5517690458402496,38.13017391633915,1.2192006453998454,1.2192006453998454,1,1,0.9887005649717514,1.225988700564972,1.1358024691358024,0.899641577060932,1.2192006453998454,1.1231638418079095,1.1231638418079095,quarterly_reset_extra,0.25,500,0
0.25,120,0.4745762711864407,250,3,0.35,0.3379032258064516,1.035799522673031,0.5517690458402496,28.763084641597136,1.035799522673031,1.035799522673031,1,1,0.43502824858757067,0.5141242937853108,0.6729986431478969,0.7565217391304347,1.035799522673031,0.4745762711864407,0.4745762711864407,quarterly_reset_extra,0.25,250,3
0.3,303,1.1983050847457628,0,0,0.40594059405940597,0.3379032258064516,1.2013516387438268,0.5517690458402496,35.04657158592174,1.2013516387438268,1.2013516387438268,1,1,1.0084745762711864,1.2853107344632768,1.0847457627118644,0.9026845637583892,1.2013516387438268,1.1983050847457628,1.1983050847457628,quarterly_reset_extra,0.3,0,0
0.3,385,1.5225988700564972,120,0,0.4103896103896104,0.3379032258064516,1.214518178718656,0.5517690458402496,44.22056735431219,1.214518178718656,1.214518178718656,1,1,1.364406779661017,1.7005649717514124,1.0740740740740742,0.8973684210526316,1.214518178718656,1.5225988700564972,1.5225988700564972,quarterly_reset_extra,0.3,120,0
0.3,292,1.1548022598870056,250,0,0.3972602739726027,0.3379032258064516,1.1756628633079413,0.5517690458402496,33.92818126271663,1.1756628633079413,1.1756628633079413,1,1,1.0480225988700564,1.225988700564972,1.0574712643678161,0.9128919860627178,1.1756628633079413,1.1548022598870056,1.1548022598870056,quarterly_reset_extra,0.3,250,0
0.3,335,1.3248587570621468,500,0,0.4,0.3379032258064516,1.1837708830548928,0.5517690458402496,33.31835501196439,1.1837708830548928,1.1837708830548928,1,1,1.2062146892655368,1.4435028248587571,1.0491803278688525,0.9090909090909091,1.1837708830548928,1.3248587570621468,1.3248587570621468,quarterly_reset_extra,0.3,500,0
0.3,132,0.5220338983050847,250,3,0.3484848484848485,0.3379032258064516,1.031315542055399,0.5517690458402496,20.826521644544837,1.031315542055399,1.031315542055399,1,1,0.4943502824858757,0.5536723163841808,0.923076923076923,0.7716535433070866,1.031315542055399,0.5220338983050847,0.5220338983050847,quarterly_reset_extra,0.3,250,3
0.35,360,1.423728813559322,0,0,0.3888888888888889,0.3379032258064516,1.15088835852559,0.5517690458402496,29.50532945297095,1.15088835852559,1.15088835852559,1,1,1.2457627118644068,1.7796610169491527,1.0582010582010581,0.9154929577464789,1.15088835852559,1.423728813559322,1.423728813559322,quarterly_reset_extra,0.35,0,0
0.35,445,1.7598870056497176,120,0,0.39101123595505616,0.3379032258064516,1.1571692901772546,0.5517690458402496,35.21153830204136,1.1571692901772546,1.1571692901772546,1,1,1.7005649717514124,1.8785310734463279,1.0303030303030303,0.9159090909090909,1.1571692901772546,1.7598870056497176,1.7598870056497176,quarterly_reset_extra,0.35,120,0
0.35,323,1.2774011299435029,250,0,0.39009287925696595,0.3379032258064516,1.1544514803786106,0.5517690458402496,30.641002504639115,1.1544514803786106,1.1544514803786106,1,1,1.1864406779661016,1.384180790960452,1.0666666666666667,0.9119496855345912,1.1544514803786106,1.2774011299435029,1.2774011299435029,quarterly_reset_extra,0.35,250,0
0.35,420,1.6610169491525424,500,0,0.36904761904761907,0.3379032258064516,1.092169564723264,0.5517690458402496,30.65376823540602,1.092169564723264,1.092169564723264,1,1,1.5621468926553672,1.8192090395480227,0.8780487804878049,0.9156626506024096,1.092169564723264,1.6610169491525424,1.6610169491525424,quarterly_reset_extra,0.35,500,0
0.35,147,0.5813559322033899,250,3,0.3197278911564626,0.3379032258064516,0.9462114201289108,0.5517690458402496,13.40136762411533,0.9462114201289108,0.9462114201289108,0,1,0.5141242937853108,0.632768361581921,0.8806818181818181,0.7676056338028169,0.9462114201289108,0.5813559322033899,0.5813559322033899,quarterly_reset_extra,0.35,250,3
0.4,473,1.8706214689265537,0,0,0.36363636363636365,0.3379032258064516,1.0761553482317205,0.5517690458402496,28.5392055771743,1.0761553482317205,1.0761553482317205,1,1,1.7598870056497176,1.957627118644068,0.8701754385964913,0.9209401709401709,1.0761553482317205,1.8706214689265537,1.8706214689265537,quarterly_reset_extra,0.4,0,0
0.4,490,1.9378531073446328,120,0,0.3816326530612245,0.3379032258064516,1.129414056792168,0.5517690458402496,30.39554187999926,1.129414056792168,1.129414056792168,1,1,1.8389830508474576,2.036723163841808,0.9929078014184397,0.9216494845360824,1.129414056792168,1.9378531073446328,1.9378531073446328,quarterly_reset_extra,0.4,120,0
0.4,371,1.4672316384180792,250,0,0.3665768194070081,0.3379032258064516,1.0848574130422197,0.5517690458402496,25.205376334369834,1.0848574130422197,1.0848574130422197,1,1,1.4039548022598871,1.6016949152542375,0.9014084507042254,0.9043715846994536,1.0848574130422197,1.4672316384180792,1.4672316384180792,quarterly_reset_extra,0.4,250,0
0.4,496,1.961581920903955,500,0,0.3629032258064516,0.3379032258064516,1.0739856801909309,0.5517690458402496,28.712355914760646,1.0739856801909309,1.0739856801909309,1,1,1.9180790960451979,2.056497175141243,0.8712871287128713,0.9205702647657841,1.0739856801909309,1.961581920903955,1.961581920903955,quarterly_reset_extra,0.4,500,0
0.4,178,0.703954802259887,250,3,0.29775280898876405,0.3379032258064516,0.88117776407176,0.5517690458402496,10.600327810132239,0.88117776407176,0.88117776407176,0,1,0.632768361581921,0.8107344632768362,0.6666666666666666,0.7630057803468208,0.88117776407176,0.703954802259887,0.703954802259887,quarterly_reset_extra,0.4,250,3
0.18,651,2.5745762711864404,0,0,0.3210445468509985,0.3379032258064516,0.9501079668144108,0.49234445448969333,10.02615497897589,0.9501079668144108,0.9501079668144108,0,1,2.096045197740113,3.38135593220339,0.8571428571428572,0.9504643962848297,0.9501079668144108,2.5745762711864404,2.5745762711864404,quarterly_reset_logit,0.18,0,0
0.18,300,1.1864406779661016,120,0,0.29333333333333333,0.3379032258064516,0.8680986475735879,0.49234445448969333,3.095037435029693,0.8680986475735879,0.8680986475735879,0,1,0.8700564971751413,1.6016949152542375,0.746987951807229,0.8847457627118644,0.8680986475735879,1.1864406779661016,1.1864406779661016,quarterly_reset_logit,0.18,120,0
0.18,394,1.5581920903954802,250,0,0.29441624365482233,0.3379032258064516,0.8713034418424337,0.49234445448969333,10.554746675592838,0.8713034418424337,0.8713034418424337,0,1,1.2457627118644068,1.8587570621468927,0.7049808429118775,0.9383033419023136,0.8713034418424337,1.5581920903954802,1.5581920903954802,quarterly_reset_logit,0.18,250,0
0.18,445,1.7598870056497176,500,0,0.3056179775280899,0.3379032258064516,0.9044541578396933,0.49234445448969333,9.322480180970897,0.9044541578396933,0.9044541578396933,0,1,1.4435028248587571,2.1553672316384183,0.8080808080808081,0.9431818181818182,0.9044541578396933,1.7598870056497176,1.7598870056497176,quarterly_reset_logit,0.18,500,0
0.18,189,0.747457627118644,250,3,0.2275132275132275,0.3379032258064516,0.673308835600005,0.49234445448969333,5.541291955265349,0.673308835600005,0.673308835600005,0,1,0.5734463276836158,0.8305084745762712,0.5105506948018528,0.8641304347826086,0.673308835600005,0.747457627118644,0.747457627118644,quarterly_reset_logit,0.18,250,3
0.2,681,2.6932203389830507,0,0,0.328928046989721,0.3379032258064516,0.9734386116163581,0.49234445448969333,12.656625688413401,0.9734386116163581,0.9734386116163581,0,1,2.115819209039548,3.4802259887005653,0.894854586129754,0.9556213017751479,0.9734386116163581,2.6932203389830507,2.6932203389830507,quarterly_reset_logit,0.2,0,0
0.2,319,1.2615819209039547,120,0,0.29153605015673983,0.3379032258064516,0.8627797188409485,0.49234445448969333,2.8008716275988816,0.8627797188409485,0.8627797188409485,0,1,0.9689265536723164,1.6016949152542375,0.6707646914187362,0.89171974522293,0.8627797188409485,1.2615819209039547,1.2615819209039547,quarterly_reset_logit,0.2,120,0
0.2,411,1.6254237288135593,250,0,0.29683698296836986,0.3379032258064516,0.8784674436295433,0.49234445448969333,10.118153676846315,0.8784674436295433,0.8784674436295433,0,1,1.2457627118644068,1.8983050847457628,0.7659574468085107,0.9433497536945813,0.8784674436295433,1.6254237288135593,1.6254237288135593,quarterly_reset_logit,0.2,250,0
0.2,472,1.866666666666667,500,0,0.3029661016949153,0.3379032258064516,0.8966061243477207,0.49234445448969333,8.708956308482176,0.8966061243477207,0.8966061243477207,0,1,1.5819209039548023,2.2542372881355934,0.8205128205128206,0.9486081370449678,0.8966061243477207,1.866666666666667,1.866666666666667,quarterly_reset_logit,0.2,500,0
0.2,192,0.7593220338983051,250,3,0.22916666666666666,0.3379032258064516,0.6782020684168656,0.49234445448969333,6.14724319168289,0.6782020684168656,0.6782020684168656,0,1,0.5734463276836158,0.8305084745762712,0.5105506948018528,0.8663101604278075,0.6782020684168656,0.7593220338983051,0.7593220338983051,quarterly_reset_logit,0.2,250,3
0.22,722,2.8553672316384184,0,0,0.33240997229916897,0.3379032258064516,0.9837431161120991,0.49234445448969333,13.329261609010763,0.9837431161120991,0.9837431161120991,0,1,2.1751412429378534,3.6186440677966103,0.9085481682496609,0.9665271966527197,0.9837431161120991,2.8553672316384184,2.8553672316384184,quarterly_reset_logit,0.22,0,0
0.22,338,1.3367231638418078,120,0,0.29289940828402367,0.3379032258064516,0.8668144779765856,0.49234445448969333,2.704798173754944,0.8668144779765856,0.8668144779765856,0,1,1.0677966101694916,1.6412429378531075,0.7719298245614036,0.8978978978978979,0.8668144779765856,1.3367231638418078,1.3367231638418078,quarterly_reset_logit,0.22,120,0
0.22,428,1.6926553672316385,250,0,0.3037383177570093,0.3379032258064516,0.8988914415720562,0.49234445448969333,10.378643387145466,0.8988914415720562,0.8988914415720562,0,1,1.305084745762712,1.997175141242938,0.8055555555555555,0.9456264775413712,0.8988914415720562,1.6926553672316385,1.6926553672316385,quarterly_reset_logit,0.22,250,0
0.22,497,1.965536723163842,500,0,0.3158953722334004,0.3379032258064516,0.9348693593542161,0.49234445448969333,9.028169641829868,0.9348693593542161,0.9348693593542161,0,1,1.6807909604519775,2.3531073446327686,0.830188679245283,0.9491869918699187,0.9348693593542161,1.965536723163842,1.965536723163842,quarterly_reset_logit,0.22,500,0
0.22,198,0.7830508474576272,250,3,0.2474747474747475,0.3379032258064516,0.732383500879921,0.49234445448969333,6.245791666797328,0.732383500879921,0.732383500879921,0,1,0.5932203389830508,0.8898305084745763,0.4935323383084577,0.8601036269430051,0.732383500879921,0.7830508474576272,0.7830508474576272,quarterly_reset_logit,0.22,250,3
0.25,761,3.0096045197740113,0,0,0.3416557161629435,0.3379032258064516,1.0111052220573984,0.49234445448969333,15.73844873986369,1.0111052220573984,1.0111052220573984,1,1,2.3333333333333335,3.7570621468926557,0.8783202630913232,0.966931216931217,1.0111052220573984,3.0096045197740113,3.0096045197740113,quarterly_reset_logit,0.25,0,0
0.25,364,1.4395480225988702,120,0,0.30494505494505497,0.3379032258064516,0.9024626924388262,0.49234445448969333,6.227572359441571,0.9024626924388262,0.9024626924388262,0,1,1.1666666666666667,1.7796610169491527,0.7763713080168776,0.9052924791086351,0.9024626924388262,1.4395480225988702,1.4395480225988702,quarterly_reset_logit,0.25,120,0
0.25,457,1.8073446327683618,250,0,0.3041575492341357,0.3379032258064516,0.900132126611762,0.49234445448969333,9.551493090873198,0.900132126611762,0.900132126611762,0,1,1.4830508474576272,2.1751412429378534,0.8080808080808081,0.9491150442477876,0.900132126611762,1.8073446327683618,1.8073446327683618,quarterly_reset_logit,0.25,250,0
0.25,530,2.096045197740113,500,0,0.3113207547169811,0.3379032258064516,0.9213311118115909,0.49234445448969333,8.284417366304519,0.9213311118115909,0.9213311118115909,0,1,1.8192090395480227,2.4915254237288136,0.8333333333333334,0.9523809523809523,0.9213311118115909,2.096045197740113,2.096045197740113,quarterly_reset_logit,0.25,500,0
0.25,216,0.8542372881355933,250,3,0.24537037037037038,0.3379032258064516,0.7261557500220985,0.49234445448969333,4.157578342498825,0.7261557500220985,0.7261557500220985,0,1,0.731638418079096,1.0282485875706215,0.5925925925925926,0.8720379146919431,0.7261557500220985,0.8542372881355933,0.8542372881355933,quarterly_reset_logit,0.25,250,3
0.3,843,3.333898305084746,0,0,0.34638196915776986,0.3379032258064516,1.0250922237604645,0.49234445448969333,18.632702047849317,1.0250922237604645,1.0250922237604645,1,1,2.6497175141242937,3.9745762711864407,0.8563154377366897,0.9749403341288783,1.0250922237604645,3.333898305084746,3.333898305084746,quarterly_reset_logit,0.3,0,0
0.3,418,1.6531073446327682,120,0,0.3062200956937799,0.3379032258064516,0.9062360827214488,0.49234445448969333,6.4718865920809705,0.9062360827214488,0.9062360827214488,0,1,1.344632768361582,1.9774011299435028,0.7703703703703703,0.9225181598062954,0.9062360827214488,1.6531073446327682,1.6531073446327682,quarterly_reset_logit,0.3,120,0
0.3,494,1.9536723163841807,250,0,0.305668016194332,0.3379032258064516,0.904602243630004,0.49234445448969333,7.854165487598295,0.904602243630004,0.904602243630004,0,1,1.6610169491525424,2.2937853107344632,0.8104575163398692,0.9529652351738241,0.904602243630004,1.9536723163841807,1.9536723163841807,quarterly_reset_logit,0.3,250,0
0.3,588,2.3254237288135595,500,0,0.3163265306122449,0.3379032258064516,0.9361453411913693,0.49234445448969333,7.285821066622498,0.9361453411913693,0.9361453411913693,0,1,1.9774011299435028,2.709039548022599,0.8306010928961749,0.9536878216123499,0.9361453411913693,2.3254237288135595,2.3254237288135595,quarterly_reset_logit,0.3,500,0
0.3,229,0.9056497175141243,250,3,0.24017467248908297,0.3379032258064516,0.7107794603495534,0.49234445448969333,0.7630385924047374,0.7107794603495534,0.7107794603495534,0,1,0.7514124293785311,1.0480225988700564,0.584446190102121,0.8794642857142857,0.7107794603495534,0.9056497175141243,0.9056497175141243,quarterly_reset_logit,0.3,250,3
0.35,896,3.543502824858757,0,0,0.35267857142857145,0.3379032258064516,1.0437265598363452,0.49234445448969333,22.0355315735782,1.0437265598363452,1.0437265598363452,1,1,2.9067796610169494,4.073446327683616,0.9316681896639254,0.978675645342312,1.0437265598363452,3.543502824858757,3.543502824858757,quarterly_reset_logit,0.35,0,0
0.35,455,1.7994350282485876,120,0,0.3098901098901099,0.3379032258064516,0.9170972225864827,0.49234445448969333,8.598703734567701,0.9170972225864827,0.9170972225864827,0,1,1.5819209039548023,2.056497175141243,0.7811447811447811,0.9244444444444444,0.9170972225864827,1.7994350282485876,1.7994350282485876,quarterly_reset_logit,0.35,120,0
0.35,535,2.115819209039548,250,0,0.30654205607476637,0.3379032258064516,0.9071889010327215,0.49234445448969333,6.739509455445537,0.9071889010327215,0.9071889010327215,0,1,1.7994350282485876,2.451977401129944,0.8484848484848485,0.960377358490566,0.9071889010327215,2.115819209039548,2.115819209039548,quarterly_reset_logit,0.35,250,0
0.35,643,2.5429378531073445,500,0,0.3250388802488336,0.3379032258064516,0.9619289057483381,0.49234445448969333,10.339729486929482,0.9619289057483381,0.9619289057483381,0,1,2.115819209039548,3.0056497175141246,0.8557213930348259,0.9529780564263323,0.9619289057483381,2.5429378531073445,2.5429378531073445,quarterly_reset_logit,0.35,500,0
0.35,244,0.9649717514124294,250,3,0.26229508196721313,0.3379032258064516,0.7762432020032083,0.49234445448969333,1.2170846590454976,0.7762432020032083,0.7762432020032083,0,1,0.7711864406779662,1.1468926553672316,0.6643704554152315,0.8828451882845189,0.7762432020032083,0.9649717514124294,0.9649717514124294,quarterly_reset_logit,0.35,250,3
0.4,936,3.701694915254237,0,0,0.35149572649572647,0.3379032258064516,1.040226016359668,0.49234445448969333,22.132270915422108,1.040226016359668,1.040226016359668,1,1,3.0649717514124295,4.192090395480226,0.9790660225442834,0.9817400644468314,1.040226016359668,3.701694915254237,3.701694915254237,quarterly_reset_logit,0.4,0,0
0.4,496,1.961581920903955,120,0,0.3125,0.3379032258064516,0.9248210023866349,0.49234445448969333,10.159470651503339,0.9248210023866349,0.9248210023866349,0,1,1.7401129943502827,2.1751412429378534,0.8148148148148149,0.9287169042769857,0.9248210023866349,1.961581920903955,1.961581920903955,quarterly_reset_logit,0.4,120,0
0.4,566,2.2384180790960455,250,0,0.30212014134275617,0.3379032258064516,0.8941025662649587,0.49234445448969333,6.014095280547272,0.8941025662649587,0.8941025662649587,0,1,1.9180790960451979,2.629943502824859,0.8270223752151464,0.9607843137254902,0.8941025662649587,2.2384180790960455,2.2384180790960455,quarterly_reset_logit,0.4,250,0
0.4,711,2.811864406779661,500,0,0.33052039381153303,0.3379032258064516,0.9781510461248233,0.49234445448969333,12.109085635477864,0.9781510461248233,0.9781510461248233,0,1,2.3531073446327686,3.26271186440678,0.902044399849492,0.9560906515580736,0.9781510461248233,2.811864406779661,2.811864406779661,quarterly_reset_logit,0.4,500,0
0.4,256,1.0124293785310736,250,3,0.265625,0.3379032258064516,0.7860978520286397,0.49234445448969333,0.6931646363159198,0.7860978520286397,0.7860978520286397,0,1,0.8700564971751413,1.2062146892655368,0.6729986431478969,0.8844621513944223,0.7860978520286397,1.0124293785310736,1.0124293785310736,quarterly_reset_logit,0.4,250,3
0.18,661,2.6141242937853106,0,0,0.4009077155824508,0.3379032258064516,1.1864572012463939,0.5995947662638554,29.050429629120977,1.1864572012463939,1.1864572012463939,1,1,2.531073446327684,2.669491525423729,1.0426065162907268,0.9695121951219512,1.1864572012463939,2.6141242937853106,2.6141242937853106,quarterly_window2_hist,0.18,0,0
0.18,328,1.2971751412429378,120,0,0.4451219512195122,0.3379032258064516,1.317306013155597,0.5995947662638554,54.227236651369935,1.317306013155597,1.317306013155597,1,1,1.2062146892655368,1.384180790960452,1.2240437158469946,0.891640866873065,1.317306013155597,1.2971751412429378,1.2971751412429378,quarterly_window2_hist,0.18,120,0
0.18,413,1.6333333333333333,250,0,0.45278450363196127,0.3379032258064516,1.339982779244945,0.5995947662638554,46.947257928506005,1.339982779244945,1.339982779244945,1,1,1.5225988700564972,1.7401129943502827,1.2181069958847737,0.9313725490196079,1.339982779244945,1.6333333333333333,1.6333333333333333,quarterly_window2_hist,0.18,250,0
0.18,511,2.02090395480226,500,0,0.4246575342465753,0.3379032258064516,1.2567430607774543,0.5995947662638554,37.69468144902365,1.2567430607774543,1.2567430607774543,1,1,1.9180790960451979,2.096045197740113,1.1043771043771045,0.958498023715415,1.2567430607774543,2.02090395480226,2.02090395480226,quarterly_window2_hist,0.18,500,0
0.18,212,0.8384180790960452,250,3,0.37735849056603776,0.3379032258064516,1.1167649840140497,0.5995947662638554,26.46192050495704,1.1167649840140497,1.1167649840140497,1,1,0.7514124293785311,0.8898305084745763,1.0202762268586543,0.8309178743961353,1.1167649840140497,0.8384180790960452,0.8384180790960452,quarterly_window2_hist,0.18,250,3
0.2,693,2.740677966101695,0,0,0.3997113997113997,0.3379032258064516,1.182916791508677,0.5995947662638554,28.99504579876171,1.182916791508677,1.182916791508677,1,1,2.629943502824859,2.8870056497175143,1.0285714285714287,0.9694767441860465,1.182916791508677,2.740677966101695,2.740677966101695,quarterly_window2_hist,0.2,0,0
0.2,361,1.4276836158192092,120,0,0.4404432132963989,0.3379032258064516,1.3034596288485314,0.5995947662638554,50.73647375170192,1.3034596288485314,1.3034596288485314,1,1,1.344632768361582,1.5621468926553672,1.1372549019607843,0.9073033707865169,1.3034596288485314,1.4276836158192092,1.4276836158192092,quarterly_window2_hist,0.2,120,0
0.2,445,1.7598870056497176,250,0,0.44269662921348313,0.3379032258064516,1.3101284492236733,0.5995947662638554,45.08832956045973,1.3101284492236733,1.3101284492236733,1,1,1.6412429378531075,1.8587570621468927,1.198501872659176,0.9409090909090909,1.3101284492236733,1.7598870056497176,1.7598870056497176,quarterly_window2_hist,0.2,250,0
0.2,555,2.194915254237288,500,0,0.418018018018018,0.3379032258064516,1.237093895805113,0.5995947662638554,34.287759826299975,1.237093895805113,1.237093895805113,1,1,2.016949152542373,2.2937853107344632,1.1253822629969419,0.96,1.237093895805113,2.194915254237288,2.194915254237288,quarterly_window2_hist,0.2,500,0
0.2,223,0.8819209039548023,250,3,0.36771300448430494,0.3379032258064516,1.0882198700728833,0.5995947662638554,25.02034954130305,1.0882198700728833,1.0882198700728833,1,1,0.8305084745762712,0.9293785310734464,1.0303030303030303,0.8486238532110092,1.0882198700728833,0.8819209039548023,0.8819209039548023,quarterly_window2_hist,0.2,250,3
0.22,723,2.859322033898305,0,0,0.3983402489626556,0.3379032258064516,1.1788589706770713,0.5995947662638554,27.814127030661087,1.1788589706770713,1.1788589706770713,1,1,2.689265536723164,3.0451977401129944,1.0328638497652582,0.9721448467966574,1.1788589706770713,2.859322033898305,2.859322033898305,quarterly_window2_hist,0.22,0,0
0.22,388,1.5344632768361581,120,0,0.4484536082474227,0.3379032258064516,1.3271658096105112,0.5995947662638554,51.17946549547404,1.3271658096105112,1.3271658096105112,1,1,1.4435028248587571,1.6412429378531075,1.1531531531531531,0.9138381201044387,1.3271658096105112,1.5344632768361581,1.5344632768361581,quarterly_window2_hist,0.22,120,0
0.22,489,1.9338983050847458,250,0,0.4437627811860941,0.3379032258064516,1.313283648378894,0.5995947662638554,42.035878285750925,1.313283648378894,1.313283648378894,1,1,1.8192090395480227,1.997175141242938,1.2371134020618557,0.9462809917355371,1.313283648378894,1.9338983050847458,1.9338983050847458,quarterly_window2_hist,0.22,250,0
0.22,583,2.3056497175141244,500,0,0.4099485420240137,0.3379032258064516,1.2132128689970811,0.5995947662638554,33.4168022271023,1.2132128689970811,1.2132128689970811,1,1,2.194915254237288,2.3926553672316384,1.103448275862069,0.9653979238754326,1.2132128689970811,2.3056497175141244,2.3056497175141244,quarterly_window2_hist,0.22,500,0
0.22,241,0.9531073446327685,250,3,0.4024896265560166,0.3379032258064516,1.1911387516216243,0.5995947662638554,28.428115719953013,1.1911387516216243,1.1911387516216243,1,1,0.9293785310734464,0.9689265536723164,1.1025722451571929,0.8771186440677966,1.1911387516216243,0.9531073446327685,0.9531073446327685,quarterly_window2_hist,0.22,250,3
0.25,758,2.99774011299435,0,0,0.391820580474934,0.3379032258064516,1.1595644863697332,0.5995947662638554,24.41394858628456,1.1595644863697332,1.1595644863697332,1,1,2.9067796610169494,3.1045197740112997,1.0066225165562914,0.9747675962815405,1.1595644863697332,2.99774011299435,2.99774011299435,quarterly_window2_hist,0.25,0,0
0.25,427,1.6887005649717517,120,0,0.4449648711943794,0.3379032258064516,1.3168411462554426,0.5995947662638554,47.905831075223986,1.3168411462554426,1.3168411462554426,1,1,1.6214689265536724,1.7401129943502827,1.170731707317073,0.9289099526066351,1.3168411462554426,1.6887005649717517,1.6887005649717517,quarterly_window2_hist,0.25,120,0
0.25,522,2.064406779661017,250,0,0.43486590038314177,0.3379032258064516,1.2869539772675318,0.5995947662638554,39.424346921852084,1.2869539772675318,1.2869539772675318,1,1,1.9180790960451979,2.135593220338983,1.1713395638629283,0.9516441005802708,1.2869539772675318,2.064406779661017,2.064406779661017,quarterly_window2_hist,0.25,250,0
0.25,627,2.479661016949153,500,0,0.40350877192982454,0.3379032258064516,1.1941548381694091,0.5995947662638554,31.607646331463204,1.1941548381694091,1.1941548381694091,1,1,2.3728813559322033,2.550847457627119,1.0708661417322836,0.9678456591639871,1.1941548381694091,2.479661016949153,2.479661016949153,quarterly_window2_hist,0.25,500,0
0.25,255,1.0084745762711864,250,3,0.4,0.3379032258064516,1.1837708830548928,0.5995947662638554,27.45187101992978,1.1837708830548928,1.1837708830548928,1,1,0.9491525423728814,1.0677966101694916,1.1567164179104479,0.872,1.1837708830548928,1.0084745762711864,1.0084745762711864,quarterly_window2_hist,0.25,250,3
0.3,819,3.238983050847458,0,0,0.38583638583638585,0.3379032258064516,1.1418546979406168,0.5995947662638554,22.173448688829737,1.1418546979406168,1.1418546979406168,1,1,3.0254237288135593,3.361581920903955,0.9725490196078431,0.9754299754299754,1.1418546979406168,3.238983050847458,3.238983050847458,quarterly_window2_hist,0.3,0,0
0.3,498,1.9694915254237289,120,0,0.42771084337349397,0.3379032258064516,1.2657791068809845,0.5995947662638554,40.516794224481416,1.2657791068809845,1.2657791068809845,1,1,1.9180790960451979,1.997175141242938,1.1353135313531353,0.949290060851927,1.2657791068809845,1.9694915254237289,1.9694915254237289,quarterly_window2_hist,0.3,120,0
0.3,567,2.2423728813559323,250,0,0.41975308641975306,0.3379032258064516,1.2422287044403193,0.5995947662638554,35.1717206313036,1.2422287044403193,1.2422287044403193,1,1,2.1751412429378534,2.3531073446327686,1.1327433628318584,0.9608540925266904,1.2422287044403193,2.2423728813559323,2.2423728813559323,quarterly_window2_hist,0.3,250,0
0.3,697,2.7564971751412433,500,0,0.39741750358680056,0.3379032258064516,1.1761281729060447,0.5995947662638554,28.423904019118666,1.1761281729060447,1.1761281729060447,1,1,2.629943502824859,2.8276836158192094,1.0285714285714287,0.9725433526011561,1.1761281729060447,2.7564971751412433,2.7564971751412433,quarterly_window2_hist,0.3,500,0
0.3,276,1.0915254237288137,250,3,0.3804347826086957,0.3379032258064516,1.1258690463837295,0.5995947662638554,24.025601678752256,1.1258690463837295,1.1258690463837295,1,1,1.0282485875706215,1.1468926553672316,1.0677382319173363,0.8929889298892989,1.1258690463837295,1.0915254237288137,1.0915254237288137,quarterly_window2_hist,0.3,250,3
0.35,874,3.4564971751412434,0,0,0.37871853546910755,0.3379032258064516,1.1207899379038029,0.5995947662638554,18.70054079750987,1.1207899379038029,1.1207899379038029,1,1,3.18361581920904,3.6186440677966103,0.97632058287796,0.9758342922899885,1.1207899379038029,3.4564971751412434,3.4564971751412434,quarterly_window2_hist,0.35,0,0
0.35,554,2.1909604519774013,120,0,0.41696750902527074,0.3379032258064516,1.2339849909101093,0.5995947662638554,34.31403799545388,1.2339849909101093,1.2339849909101093,1,1,2.1751412429378534,2.214689265536723,1.1393939393939394,0.9617486338797814,1.2339849909101093,2.1909604519774013,2.1909604519774013,quarterly_window2_hist,0.35,120,0
0.35,632,2.499435028248588,250,0,0.41139240506329117,0.3379032258064516,1.2174858765596206,0.5995947662638554,32.6660442457932,1.2174858765596206,1.2174858765596206,1,1,2.4124293785310735,2.629943502824859,1.1093333333333333,0.9665071770334929,1.2174858765596206,2.499435028248588,2.499435028248588,quarterly_window2_hist,0.35,250,0
0.35,751,2.970056497175141,500,0,0.38881491344873503,0.3379032258064516,1.1506694335953018,0.5995947662638554,24.693456464518732,1.1506694335953018,1.1506694335953018,1,1,2.847457627118644,3.0451977401129944,1.0133333333333334,0.9745308310991957,1.1506694335953018,2.970056497175141,2.970056497175141,quarterly_window2_hist,0.35,500,0
0.35,305,1.2062146892655368,250,3,0.39344262295081966,0.3379032258064516,1.1643648030048124,0.5995947662638554,27.42206326516243,1.1643648030048124,1.1643648030048124,1,1,1.1468926553672316,1.305084745762712,1.1111111111111112,0.9,1.1643648030048124,1.2062146892655368,1.2062146892655368,quarterly_window2_hist,0.35,250,3
0.4,930,3.6779661016949152,0,0,0.3688172043010753,0.3379032258064516,1.0914876690533015,0.5995947662638554,17.692659459907933,1.0914876690533015,1.0914876690533015,1,1,3.3220338983050848,3.8163841807909606,0.9810017271157166,0.9805405405405405,1.0914876690533015,3.6779661016949152,3.6779661016949152,quarterly_window2_hist,0.4,0,0
0.4,608,2.4045197740112996,120,0,0.4161184210526316,0.3379032258064516,1.2314721768622032,0.5995947662638554,32.660839549833845,1.2314721768622032,1.2314721768622032,1,1,2.3531073446327686,2.4915254237288136,1.1333333333333333,0.9684908789386402,1.2314721768622032,2.4045197740112996,2.4045197740112996,quarterly_window2_hist,0.4,120,0
0.4,677,2.677401129943503,250,0,0.40472673559822747,0.3379032258064516,1.1977593129875945,0.5995947662638554,31.044992881363083,1.1977593129875945,1.1977593129875945,1,1,2.531073446327684,2.748587570621469,1.0666666666666667,0.9702380952380952,1.1977593129875945,2.677401129943503,2.677401129943503,quarterly_window2_hist,0.4,250,0
0.4,806,3.1875706214689266,500,0,0.3858560794044665,0.3379032258064516,1.1419129796218102,0.5995947662638554,22.59017985612205,1.1419129796218102,1.1419129796218102,1,1,3.0254237288135593,3.3220338983050848,1.0143149284253579,0.9762796504369539,1.1419129796218102,3.1875706214689266,3.1875706214689266,quarterly_window2_hist,0.4,500,0
0.4,322,1.2734463276836159,250,3,0.37577639751552794,0.3379032258064516,1.1120828947953572,0.5995947662638554,25.77546407092721,1.1120828947953572,1.1120828947953572,1,1,1.1864406779661016,1.344632768361582,1.0256410256410258,0.9116719242902208,1.1120828947953572,1.2734463276836159,1.2734463276836159,quarterly_window2_hist,0.4,250,3
0.18,540,2.135593220338983,0,0,0.4,0.3379032258064516,1.1837708830548928,0.6197314527077113,31.640232106217514,1.1837708830548928,1.1837708830548928,1,1,1.7796610169491527,2.451977401129944,1.010752688172043,0.9439252336448598,1.1837708830548928,2.135593220338983,2.135593220338983,quarterly_window3_hist,0.18,0,0
0.18,330,1.305084745762712,120,0,0.45454545454545453,0.3379032258064516,1.3451941852896507,0.6197314527077113,50.63794826464022,1.3451941852896507,1.3451941852896507,1,1,1.1864406779661016,1.384180790960452,1.2338308457711442,0.92,1.3451941852896507,1.305084745762712,1.305084745762712,quarterly_window3_hist,0.18,120,0
0.18,383,1.514689265536723,250,0,0.4255874673629243,0.3379032258064516,1.2594951301432604,0.6197314527077113,39.09472162118398,1.2594951301432604,1.2594951301432604,1,1,1.384180790960452,1.7005649717514124,1.1333333333333333,0.9153439153439153,1.2594951301432604,1.514689265536723,1.514689265536723,quarterly_window3_hist,0.18,250,0
0.18,422,1.6689265536723166,500,0,0.4075829383886256,0.3379032258064516,1.206212037236028,0.6197314527077113,31.8661946620146,1.206212037236028,1.206212037236028,1,1,1.5621468926553672,1.8983050847457628,1.0727969348659003,0.9232613908872902,1.206212037236028,1.6689265536723166,1.6689265536723166,quarterly_window3_hist,0.18,500,0
0.18,183,0.7237288135593221,250,3,0.3770491803278688,0.3379032258064516,1.1158496028796119,0.6197314527077113,30.582396704657075,1.1158496028796119,1.1158496028796119,1,1,0.632768361581921,0.8107344632768362,1.0666666666666667,0.797752808988764,1.1158496028796119,0.7237288135593221,0.7237288135593221,quarterly_window3_hist,0.18,250,3
0.2,567,2.2423728813559323,0,0,0.3985890652557319,0.3379032258064516,1.179595324384505,0.6197314527077113,29.336830384791963,1.179595324384505,1.179595324384505,1,1,1.957627118644068,2.5112994350282487,1.010752688172043,0.9483985765124555,1.179595324384505,2.2423728813559323,2.2423728813559323,quarterly_window3_hist,0.2,0,0
0.2,358,1.415819209039548,120,0,0.4301675977653631,0.3379032258064516,1.2730496926707644,0.6197314527077113,42.072302094327995,1.2730496926707644,1.2730496926707644,1,1,1.3248587570621468,1.5028248587570623,1.117117117117117,0.9291784702549575,1.2730496926707644,1.415819209039548,1.415819209039548,quarterly_window3_hist,0.2,120,0
0.2,407,1.6096045197740114,250,0,0.4201474201474201,0.3379032258064516,1.2433957064028662,0.6197314527077113,35.82654417707587,1.2433957064028662,1.2433957064028662,1,1,1.463276836158192,1.7598870056497176,1.1244979919678715,0.917910447761194,1.2433957064028662,1.6096045197740114,1.6096045197740114,quarterly_window3_hist,0.2,250,0
0.2,455,1.7994350282485876,500,0,0.4021978021978022,0.3379032258064516,1.1902751186760734,0.6197314527077113,30.113643956410357,1.1902751186760734,1.1902751186760734,1,1,1.6214689265536724,2.036723163841808,1.0,0.9311111111111111,1.1902751186760734,1.7994350282485876,1.7994350282485876,quarterly_window3_hist,0.2,500,0
0.2,196,0.7751412429378532,250,3,0.37244897959183676,0.3379032258064516,1.1022356436608056,0.6197314527077113,26.709548322549345,1.1022356436608056,1.1022356436608056,1,1,0.692090395480226,0.8502824858757062,1.0406504065040652,0.8115183246073299,1.1022356436608056,0.7751412429378532,0.7751412429378532,quarterly_window3_hist,0.2,250,3
0.22,591,2.3372881355932207,0,0,0.4027072758037225,0.3379032258064516,1.191782868727007,0.6197314527077113,31.274113037020904,1.191782868727007,1.191782868727007,1,1,2.056497175141243,2.610169491525424,1.0505050505050504,0.9539249146757679,1.191782868727007,2.3372881355932207,2.3372881355932207,quarterly_window3_hist,0.22,0,0
0.22,385,1.5225988700564972,120,0,0.4155844155844156,0.3379032258064516,1.2298918265505379,0.6197314527077113,38.364484307401746,1.2298918265505379,1.2298918265505379,1,1,1.463276836158192,1.6412429378531075,1.117117117117117,0.9315789473684211,1.2298918265505379,1.5225988700564972,1.5225988700564972,quarterly_window3_hist,0.22,120,0
0.22,429,1.6966101694915254,250,0,0.4125874125874126,0.3379032258064516,1.221022414339837,0.6197314527077113,31.596596379156725,1.221022414339837,1.221022414339837,1,1,1.5621468926553672,1.8192090395480227,1.1014492753623188,0.9198113207547169,1.221022414339837,1.6966101694915254,1.6966101694915254,quarterly_window3_hist,0.22,250,0
0.22,476,1.8824858757062148,500,0,0.39705882352941174,0.3379032258064516,1.1750666853853713,0.6197314527077113,28.36236601945336,1.1750666853853713,1.1750666853853713,1,1,1.7005649717514124,2.096045197740113,1.0062893081761006,0.9341825902335457,1.1750666853853713,1.8824858757062148,1.8824858757062148,quarterly_window3_hist,0.22,500,0
0.22,207,0.8186440677966101,250,3,0.36231884057971014,0.3379032258064516,1.0722562346511708,0.6197314527077113,21.583860579008654,1.0722562346511708,1.0722562346511708,1,1,0.7514124293785311,0.9096045197740114,0.9855072463768115,0.8168316831683168,1.0722562346511708,0.8186440677966101,0.8186440677966101,quarterly_window3_hist,0.22,250,3
0.25,633,2.5033898305084747,0,0,0.40126382306477093,0.3379032258064516,1.1875110754184153,0.6197314527077113,31.573076359290713,1.1875110754184153,1.1875110754184153,1,1,2.214689265536723,2.8079096045197742,1.1267605633802817,0.9554140127388535,1.1875110754184153,2.5033898305084747,2.5033898305084747,quarterly_window3_hist,0.25,0,0
0.25,419,1.6570621468926554,120,0,0.4081145584725537,0.3379032258064516,1.2077853281765312,0.6197314527077113,33.62316347817153,1.2077853281765312,1.2077853281765312,1,1,1.6016949152542375,1.7796610169491527,1.1295915368792242,0.9468599033816425,1.2077853281765312,1.6570621468926554,1.6570621468926554,quarterly_window3_hist,0.25,120,0
0.25,467,1.8468926553672318,250,0,0.4025695931477516,0.3379032258064516,1.1913754069289069,0.6197314527077113,26.48125891059412,1.1913754069289069,1.1913754069289069,1,1,1.6807909604519775,1.9774011299435028,1.099656357388316,0.9307359307359307,1.1913754069289069,1.8468926553672318,1.8468926553672318,quarterly_window3_hist,0.25,250,0
0.25,520,2.056497175141243,500,0,0.3923076923076923,0.3379032258064516,1.16100605838076,0.6197314527077113,26.088095342724152,1.16100605838076,1.16100605838076,1,1,1.8785310734463279,2.214689265536723,0.9761904761904762,0.9436893203883495,1.16100605838076,2.056497175141243,2.056497175141243,quarterly_window3_hist,0.25,500,0
0.25,228,0.9016949152542374,250,3,0.3508771929824561,0.3379032258064516,1.03839551145166,0.6197314527077113,15.100740705737802,1.03839551145166,1.03839551145166,1,1,0.8107344632768362,0.9887005649717514,0.9444444444444445,0.8430493273542601,1.03839551145166,0.9016949152542374,0.9016949152542374,quarterly_window3_hist,0.25,250,3
0.3,698,2.76045197740113,0,0,0.4068767908309456,0.3379032258064516,1.2041222449412232,0.6197314527077113,33.64827222115599,1.2041222449412232,1.2041222449412232,1,1,2.4915254237288136,2.9858757062146895,1.130242825607064,0.9653679653679653,1.2041222449412232,2.76045197740113,2.76045197740113,quarterly_window3_hist,0.3,0,0
0.3,469,1.8548022598870058,120,0,0.40298507462686567,0.3379032258064516,1.1926049941224666,0.6197314527077113,28.54500555201352,1.1926049941224666,1.1926049941224666,1,1,1.7203389830508475,1.9180790960451979,1.0721649484536082,0.9353448275862069,1.1926049941224666,1.8548022598870058,1.8548022598870058,quarterly_window3_hist,0.3,120,0
0.3,520,2.056497175141243,250,0,0.4,0.3379032258064516,1.1837708830548928,0.6197314527077113,28.670623388302698,1.1837708830548928,1.1837708830548928,1,1,1.7796610169491527,2.2344632768361583,1.0619469026548674,0.9436893203883495,1.1837708830548928,2.056497175141243,2.056497175141243,quarterly_window3_hist,0.3,250,0
0.3,601,2.3768361581920905,500,0,0.39434276206322794,0.3379032258064516,1.1670286991847318,0.6197314527077113,27.0715692457548,1.1670286991847318,1.1670286991847318,1,1,2.1751412429378534,2.5903954802259888,1.078880407124682,0.9496644295302014,1.1670286991847318,2.3768361581920905,2.3768361581920905,quarterly_window3_hist,0.3,500,0
0.3,256,1.0124293785310736,250,3,0.3515625,0.3379032258064516,1.0404236276849643,0.6197314527077113,17.668839263094853,1.0404236276849643,1.0404236276849643,1,1,0.8700564971751413,1.1271186440677967,0.8727272727272727,0.8725099601593626,1.0404236276849643,1.0124293785310736,1.0124293785310736,quarterly_window3_hist,0.3,250,3
0.35,740,2.926553672316384,0,0,0.4081081081081081,0.3379032258064516,1.207766238792492,0.6197314527077113,35.16742745454318,1.207766238792492,1.207766238792492,1,1,2.728813559322034,3.0649717514124295,1.1010752688172043,0.9727891156462585,1.207766238792492,2.926553672316384,2.926553672316384,quarterly_window3_hist,0.35,0,0
0.35,514,2.0327683615819208,120,0,0.4085603112840467,0.3379032258064516,1.2091045011747443,0.6197314527077113,30.593409925955257,1.2091045011747443,1.2091045011747443,1,1,1.8587570621468927,2.096045197740113,1.1572327044025157,0.9410609037328095,1.2091045011747443,2.0327683615819208,2.0327683615819208,quarterly_window3_hist,0.35,120,0
0.35,591,2.3372881355932207,250,0,0.3976311336717428,0.3379032258064516,1.1767603955917925,0.6197314527077113,28.253601788960417,1.1767603955917925,1.1767603955917925,1,1,2.056497175141243,2.550847457627119,1.0542635658914727,0.9488054607508533,1.1767603955917925,2.3372881355932207,2.3372881355932207,quarterly_window3_hist,0.35,250,0
0.35,667,2.637853107344633,500,0,0.39580209895052476,0.3379032258064516,1.1713475004741067,0.6197314527077113,30.260586358140067,1.1713475004741067,1.1713475004741067,1,1,2.4322033898305087,2.867231638418079,1.0482758620689656,0.959214501510574,1.1713475004741067,2.637853107344633,2.637853107344633,quarterly_window3_hist,0.35,500,0
0.35,289,1.1429378531073446,250,3,0.370242214532872,0.3379032258064516,1.0957048831044423,0.6197314527077113,19.408616825929748,1.0957048831044423,1.0957048831044423,1,1,0.9887005649717514,1.225988700564972,0.989247311827957,0.8908450704225352,1.0957048831044423,1.1429378531073446,1.1429378531073446,quarterly_window3_hist,0.35,250,3
0.4,795,3.1440677966101696,0,0,0.39748427672955977,0.3379032258064516,1.1763257831614657,0.6197314527077113,31.895071372246573,1.1763257831614657,1.1763257831614657,1,1,2.9661016949152543,3.38135593220339,1.0760233918128654,0.9772151898734177,1.1763257831614657,3.1440677966101696,3.1440677966101696,quarterly_window3_hist,0.4,0,0
0.4,556,2.1988700564971753,120,0,0.4028776978417266,0.3379032258064516,1.1922872203430572,0.6197314527077113,28.907380659632437,1.1922872203430572,1.1922872203430572,1,1,2.096045197740113,2.2344632768361583,1.1563421828908556,0.9528130671506352,1.1922872203430572,2.1988700564971753,2.1988700564971753,quarterly_window3_hist,0.4,120,0
0.4,668,2.6418079096045197,250,0,0.38772455089820357,0.3379032258064516,1.1474425849970702,0.6197314527077113,24.77195306253414,1.1474425849970702,1.1474425849970702,1,1,2.4915254237288136,2.788135593220339,1.0212765957446808,0.9577677224736049,1.1474425849970702,2.6418079096045197,2.6418079096045197,quarterly_window3_hist,0.4,250,0
0.4,726,2.871186440677966,500,0,0.3925619834710744,0.3379032258064516,1.1617586145683347,0.6197314527077113,28.869449951078423,1.1617586145683347,1.1617586145683347,1,1,2.709039548022599,3.0056497175141246,1.0701754385964912,0.9680998613037448,1.1617586145683347,2.871186440677966,2.871186440677966,quarterly_window3_hist,0.4,500,0
0.4,322,1.2734463276836159,250,3,0.35093167701863354,0.3379032258064516,1.0385567529907054,0.6197314527077113,13.610975239324306,1.0385567529907054,1.0385567529907054,1,1,1.1666666666666667,1.344632768361582,0.9411764705882354,0.9085173501577287,1.0385567529907054,1.2734463276836159,1.2734463276836159,quarterly_window3_hist,0.4,250,3
0.18,563,2.2265536723163843,0,0,0.39431616341030196,0.3379032258064516,1.1669499824075762,0.589809854098413,27.150489073470762,1.1669499824075762,1.1669499824075762,1,1,2.115819209039548,2.3728813559322033,1.0,0.946236559139785,1.1669499824075762,2.2265536723163843,2.2265536723163843,quarterly_decay1_hist,0.18,0,0
0.18,346,1.368361581920904,120,0,0.407514450867052,0.3379032258064516,1.2060093534012997,0.589809854098413,23.143461607581568,1.2060093534012997,1.2060093534012997,1,1,1.2853107344632768,1.4830508474576272,1.1777476255088195,0.9002932551319648,1.2060093534012997,1.368361581920904,1.368361581920904,quarterly_decay1_hist,0.18,120,0
0.18,375,1.4830508474576272,250,0,0.368,0.3379032258064516,1.0890692124105013,0.589809854098413,17.727513745536655,1.0890692124105013,1.0890692124105013,1,1,1.423728813559322,1.5225988700564972,1.0089187920513223,0.9108108108108108,1.0890692124105013,1.4830508474576272,1.4830508474576272,quarterly_decay1_hist,0.18,250,0
0.18,467,1.8468926553672318,500,0,0.3854389721627409,0.3379032258064516,1.140678581102145,0.589809854098413,19.534398903707277,1.140678581102145,1.140678581102145,1,1,1.7401129943502827,1.957627118644068,1.0235690235690236,0.9285714285714286,1.140678581102145,1.8468926553672318,1.8468926553672318,quarterly_decay1_hist,0.18,500,0
0.18,194,0.7672316384180791,250,3,0.3402061855670103,0.3379032258064516,1.0068154417734911,0.589809854098413,13.099406176049134,1.0068154417734911,1.0068154417734911,1,1,0.731638418079096,0.7909604519774012,0.821686746987952,0.8042328042328042,1.0068154417734911,0.7672316384180791,0.7672316384180791,quarterly_decay1_hist,0.18,250,3
0.2,588,2.3254237288135595,0,0,0.39965986394557823,0.3379032258064516,1.1827642751611385,0.589809854098413,28.669115655410568,1.1827642751611385,1.1827642751611385,1,1,2.194915254237288,2.5112994350282487,1.0288713910761154,0.9468267581475128,1.1827642751611385,2.3254237288135595,2.3254237288135595,quarterly_decay1_hist,0.2,0,0
0.2,363,1.435593220338983,120,0,0.4049586776859504,0.3379032258064516,1.1984457287125978,0.589809854098413,23.790957831227345,1.1984457287125978,1.1984457287125978,1,1,1.364406779661017,1.5225988700564972,1.1675324675324676,0.9106145251396648,1.1984457287125978,1.435593220338983,1.435593220338983,quarterly_decay1_hist,0.2,120,0
0.2,410,1.6214689265536724,250,0,0.3829268292682927,0.3379032258064516,1.1332440770708423,0.589809854098413,19.670591630229172,1.1332440770708423,1.1332440770708423,1,1,1.5621468926553672,1.7005649717514124,1.0232558139534884,0.9234567901234568,1.1332440770708423,1.6214689265536724,1.6214689265536724,quarterly_decay1_hist,0.2,250,0
0.2,507,2.005084745762712,500,0,0.39250493096646943,0.3379032258064516,1.161589771833943,0.589809854098413,20.56606536373754,1.161589771833943,1.161589771833943,1,1,1.9378531073446328,2.096045197740113,1.0062893081761006,0.9362549800796812,1.161589771833943,2.005084745762712,2.005084745762712,quarterly_decay1_hist,0.2,500,0
0.2,209,0.8265536723163841,250,3,0.3349282296650718,0.3379032258064516,0.9911957154765848,0.589809854098413,13.023699218434695,0.9911957154765848,0.9911957154765848,0,1,0.7711864406779662,0.8502824858757062,0.8541905855338692,0.8284313725490197,0.9911957154765848,0.8265536723163841,0.8265536723163841,quarterly_decay1_hist,0.2,250,3
0.22,616,2.4361581920903954,0,0,0.39285714285714285,0.3379032258064516,1.1626321172860552,0.589809854098413,26.901493600232726,1.1626321172860552,1.1626321172860552,1,1,2.3333333333333335,2.5903954802259888,0.9974554707379135,0.9459901800327333,1.1626321172860552,2.4361581920903954,2.4361581920903954,quarterly_decay1_hist,0.22,0,0
0.22,385,1.5225988700564972,120,0,0.4025974025974026,0.3379032258064516,1.1914577069708336,0.589809854098413,24.574416792393798,1.1914577069708336,1.1914577069708336,1,1,1.4435028248587571,1.6610169491525424,1.1428571428571428,0.9131578947368421,1.1914577069708336,1.5225988700564972,1.5225988700564972,quarterly_decay1_hist,0.22,120,0
0.22,443,1.7519774011299434,250,0,0.39954853273137697,0.3379032258064516,1.182434798536772,0.589809854098413,23.242878614398563,1.182434798536772,1.182434798536772,1,1,1.6807909604519775,1.8389830508474576,1.0724637681159421,0.9360730593607306,1.182434798536772,1.7519774011299434,1.7519774011299434,quarterly_decay1_hist,0.22,250,0
0.22,538,2.127683615819209,500,0,0.395910780669145,0.3379032258064516,1.1716691361091642,0.589809854098413,24.048493180945353,1.1716691361091642,1.1716691361091642,1,1,2.016949152542373,2.2740112994350286,1.0434782608695652,0.9399624765478424,1.1716691361091642,2.127683615819209,2.127683615819209,quarterly_decay1_hist,0.22,500,0
0.22,224,0.8858757062146893,250,3,0.3392857142857143,0.3379032258064516,1.004091374019775,0.589809854098413,16.092102058817296,1.004091374019775,1.004091374019775,1,1,0.8700564971751413,0.9293785310734464,0.8484848484848485,0.8584474885844748,1.004091374019775,0.8858757062146893,0.8858757062146893,quarterly_decay1_hist,0.22,250,3
0.25,675,2.669491525423729,0,0,0.3940740740740741,0.3379032258064516,1.1662335366392647,0.589809854098413,28.052840068483288,1.1662335366392647,1.1662335366392647,1,1,2.550847457627119,2.8079096045197742,0.9953051643192489,0.9432835820895522,1.1662335366392647,2.669491525423729,2.669491525423729,quarterly_decay1_hist,0.25,0,0
0.25,415,1.6412429378531075,120,0,0.4,0.3379032258064516,1.1837708830548928,0.589809854098413,24.214126306125447,1.1837708830548928,1.1837708830548928,1,1,1.5819209039548023,1.7203389830508475,1.0666666666666667,0.9195121951219513,1.1837708830548928,1.6412429378531075,1.6412429378531075,quarterly_decay1_hist,0.25,120,0
0.25,478,1.8903954802259886,250,0,0.39539748953974896,0.3379032258064516,1.1701500883753908,0.589809854098413,23.24176305937354,1.1701500883753908,1.1701500883753908,1,1,1.8389830508474576,1.9378531073446328,1.0612244897959184,0.9365750528541226,1.1701500883753908,1.8903954802259886,1.8903954802259886,quarterly_decay1_hist,0.25,250,0
0.25,579,2.2898305084745765,500,0,0.3955094991364421,0.3379032258064516,1.170481572623361,0.589809854098413,25.44501057380417,1.170481572623361,1.170481572623361,1,1,2.1553672316384183,2.4915254237288136,1.037037037037037,0.9494773519163763,1.170481572623361,2.2898305084745765,2.2898305084745765,quarterly_decay1_hist,0.25,500,0
0.25,235,0.9293785310734464,250,3,0.3276595744680851,0.3379032258064516,0.9696846595236885,0.589809854098413,14.01724054029861,0.9696846595236885,0.9696846595236885,0,1,0.9096045197740114,0.9689265536723164,0.8707482993197279,0.8565217391304348,0.9696846595236885,0.9293785310734464,0.9293785310734464,quarterly_decay1_hist,0.25,250,3
0.3,752,2.9740112994350283,0,0,0.39228723404255317,0.3379032258064516,1.1609455136342863,0.589809854098413,30.618381176641726,1.1609455136342863,1.1609455136342863,1,1,2.8079096045197742,3.0847457627118646,1.0085470085470085,0.9558232931726908,1.1609455136342863,2.9740112994350283,2.9740112994350283,quarterly_decay1_hist,0.3,0,0
0.3,468,1.8508474576271186,120,0,0.3803418803418803,0.3379032258064516,1.1255941088876649,0.589809854098413,21.924829485577725,1.1255941088876649,1.1255941088876649,1,1,1.8192090395480227,1.8983050847457628,1.03859649122807,0.9287257019438445,1.1255941088876649,1.8508474576271186,1.8508474576271186,quarterly_decay1_hist,0.3,120,0
0.3,552,2.1830508474576273,250,0,0.38405797101449274,0.3379032258064516,1.136591608730241,0.589809854098413,21.0613410608917,1.136591608730241,1.136591608730241,1,1,2.076271186440678,2.3531073446327686,1.0084033613445378,0.943327239488117,1.136591608730241,2.1830508474576273,2.1830508474576273,quarterly_decay1_hist,0.3,250,0
0.3,665,2.629943502824859,500,0,0.3894736842105263,0.3379032258064516,1.152619017711343,0.589809854098413,24.500931339647448,1.152619017711343,1.152619017711343,1,1,2.4717514124293785,2.8079096045197742,0.9765258215962441,0.946969696969697,1.152619017711343,2.629943502824859,2.629943502824859,quarterly_decay1_hist,0.3,500,0
0.3,257,1.0163841807909604,250,3,0.3035019455252918,0.3379032258064516,0.8981919151583815,0.589809854098413,10.043566323220766,0.8981919151583815,0.8981919151583815,0,1,0.9689265536723164,1.0875706214689267,0.7757575757575758,0.8690476190476191,0.8981919151583815,1.0163841807909604,1.0163841807909604,quarterly_decay1_hist,0.3,250,3
0.35,782,3.0926553672316386,0,0,0.38618925831202044,0.3379032258064516,1.1428989983458362,0.589809854098413,29.674118405800293,1.1428989983458362,1.1428989983458362,1,1,2.9661016949152543,3.3022598870056497,1.0059880239520957,0.9626769626769627,1.1428989983458362,3.0926553672316386,3.0926553672316386,quarterly_decay1_hist,0.35,0,0
0.35,516,2.040677966101695,120,0,0.3856589147286822,0.3379032258064516,1.141329485115909,0.589809854098413,21.180023254750026,1.141329485115909,1.141329485115909,1,1,2.016949152542373,2.076271186440678,1.035598705501618,0.9412915851272016,1.141329485115909,2.040677966101695,2.040677966101695,quarterly_decay1_hist,0.35,120,0
0.35,620,2.451977401129944,250,0,0.3935483870967742,0.3379032258064516,1.1646778042959427,0.589809854098413,23.763356587990717,1.1646778042959427,1.1646778042959427,1,1,2.3333333333333335,2.5903954802259888,1.0178117048346056,0.943089430894309,1.1646778042959427,2.451977401129944,2.451977401129944,quarterly_decay1_hist,0.35,250,0
0.35,730,2.8870056497175143,500,0,0.3821917808219178,0.3379032258064516,1.131068754699709,0.589809854098413,24.921560515922586,1.131068754699709,1.131068754699709,1,1,2.768361581920904,2.9858757062146895,0.9889624724061811,0.9517241379310345,1.131068754699709,2.8870056497175143,2.8870056497175143,quarterly_decay1_hist,0.35,500,0
0.35,280,1.1073446327683616,250,3,0.33214285714285713,0.3379032258064516,0.9829526082509376,0.589809854098413,17.55192466293107,0.9829526082509376,0.9829526082509376,0,1,1.0677966101694916,1.1666666666666667,0.8911000552791598,0.8654545454545455,0.9829526082509376,1.1073446327683616,1.1073446327683616,quarterly_decay1_hist,0.35,250,3
0.4,846,3.3457627118644067,0,0,0.37943262411347517,0.3379032258064516,1.1229032312666092,0.589809854098413,27.024650269338576,1.1229032312666092,1.1229032312666092,1,1,3.1045197740112997,3.519774011299435,1.00374531835206,0.9738406658739596,1.1229032312666092,3.3457627118644067,3.3457627118644067,quarterly_decay1_hist,0.4,0,0
0.4,558,2.2067796610169492,120,0,0.38530465949820786,0.3379032258064516,1.1402810925483957,0.589809854098413,21.479188439628594,1.1402810925483957,1.1402810925483957,1,1,2.1751412429378534,2.2740112994350286,1.0202898550724637,0.9403254972875226,1.1402810925483957,2.2067796610169492,2.2067796610169492,quarterly_decay1_hist,0.4,120,0
0.4,688,2.7209039548022598,250,0,0.3866279069767442,0.3379032258064516,1.1441971471388135,0.589809854098413,23.280968084377047,1.1441971471388135,1.1441971471388135,1,1,2.531073446327684,2.867231638418079,0.9747126436781609,0.9531478770131772,1.1441971471388135,2.7209039548022598,2.7209039548022598,quarterly_decay1_hist,0.4,250,0
0.4,774,3.0610169491525427,500,0,0.3785529715762274,0.3379032258064516,1.120299963614611,0.589809854098413,24.731061534379858,1.120299963614611,1.120299963614611,1,1,2.926553672316384,3.2231638418079096,0.9979550102249489,0.9570871261378413,1.120299963614611,3.0610169491525427,3.0610169491525427,quarterly_decay1_hist,0.4,500,0
0.4,310,1.225988700564972,250,3,0.3258064516129032,0.3379032258064516,0.964200477326969,0.589809854098413,18.468672083995045,0.964200477326969,0.964200477326969,0,1,1.1666666666666667,1.305084745762712,0.8484848484848485,0.8885245901639345,0.964200477326969,1.225988700564972,1.225988700564972,quarterly_decay1_hist,0.4,250,3
0.18,124,0.4903954802259887,0,0,0.45161290322580644,0.3379032258064516,1.3365155131264916,0.5386788915084055,58.24564953603831,1.3365155131264916,1.3365155131264916,1,1,0.09887005649717515,0.7711864406779662,1.107142857142857,0.9495798319327731,1.3365155131264916,0.4903954802259887,0.4903954802259887,anchor_multiscale_locked,0.18,0,0
0.18,456,1.8033898305084748,120,0,0.3793859649122807,0.3379032258064516,1.1227651467571076,0.5386788915084055,28.07519688893534,1.1227651467571076,1.1227651467571076,1,1,1.6610169491525424,2.056497175141243,1.0058403634003894,0.9645232815964523,1.1227651467571076,1.8033898305084748,1.8033898305084748,anchor_multiscale_locked,0.18,120,0
0.18,334,1.3209039548022599,250,0,0.41916167664670656,0.3379032258064516,1.240478470267103,0.5386788915084055,39.839742827930365,1.240478470267103,1.240478470267103,1,1,0.8700564971751413,1.5028248587570623,0.9253731343283582,0.9878419452887538,1.240478470267103,1.3209039548022599,1.3209039548022599,anchor_multiscale_locked,0.18,250,0
0.18,173,0.684180790960452,500,0,0.44508670520231214,0.3379032258064516,1.3172017051333342,0.5386788915084055,51.927297831246186,1.3172017051333342,1.3172017051333342,1,1,0.3163841807909605,0.9293785310734464,0.6940298507462687,0.9464285714285714,1.3172017051333342,0.684180790960452,0.684180790960452,anchor_multiscale_locked,0.18,500,0
0.18,144,0.5694915254237288,250,3,0.4166666666666667,0.3379032258064516,1.2330946698488465,0.5386788915084055,40.02531609402716,1.2330946698488465,1.2330946698488465,1,1,0.4152542372881356,0.652542372881356,1.0505050505050504,0.9424460431654677,1.2330946698488465,0.5694915254237288,0.5694915254237288,anchor_multiscale_locked,0.18,250,3
0.2,133,0.5259887005649718,0,0,0.47368421052631576,0.3379032258064516,1.4018339404597413,0.5386788915084055,63.50030973845521,1.4018339404597413,1.4018339404597413,1,1,0.1384180790960452,0.7909604519774012,1.1272727272727272,0.953125,1.4018339404597413,0.5259887005649718,0.5259887005649718,anchor_multiscale_locked,0.2,0,0
0.2,474,1.8745762711864407,120,0,0.379746835443038,0.3379032258064516,1.1238331168242652,0.5386788915084055,26.68441657482916,1.1238331168242652,1.1238331168242652,1,1,1.7401129943502827,2.096045197740113,1.0130400628436764,0.9658848614072495,1.1238331168242652,1.8745762711864407,1.8745762711864407,anchor_multiscale_locked,0.2,120,0
0.2,343,1.356497175141243,250,0,0.4227405247813411,0.3379032258064516,1.2510698108087421,0.5386788915084055,37.98733021963308,1.2510698108087421,1.2510698108087421,1,1,0.9491525423728814,1.5621468926553672,1.0024875621890548,0.9881656804733728,1.2510698108087421,1.356497175141243,1.356497175141243,anchor_multiscale_locked,0.2,250,0
0.2,191,0.7553672316384181,500,0,0.43455497382198954,0.3379032258064516,1.2860338127428808,0.5386788915084055,49.751466780712065,1.2860338127428808,1.2860338127428808,1,1,0.3361581920903955,0.9887005649717514,0.6532045654082529,0.956989247311828,1.2860338127428808,0.7553672316384181,0.7553672316384181,anchor_multiscale_locked,0.2,500,0
0.2,147,0.5813559322033899,250,3,0.42857142857142855,0.3379032258064516,1.268325946130242,0.5386788915084055,37.95914872837123,1.268325946130242,1.268325946130242,1,1,0.43502824858757067,0.672316384180791,1.1661442006269591,0.9436619718309859,1.268325946130242,0.5813559322033899,0.5813559322033899,anchor_multiscale_locked,0.2,250,3
0.22,145,0.5734463276836158,0,0,0.4827586206896552,0.3379032258064516,1.4286889967903877,0.5386788915084055,63.117385946402344,1.4286889967903877,1.4286889967903877,1,1,0.1384180790960452,0.8305084745762712,1.2077922077922076,0.9571428571428572,1.4286889967903877,0.5734463276836158,0.5734463276836158,anchor_multiscale_locked,0.22,0,0
0.22,507,2.005084745762712,120,0,0.378698224852071,0.3379032258064516,1.120729830111141,0.5386788915084055,25.338861542409337,1.120729830111141,1.120729830111141,1,1,1.9378531073446328,2.1751412429378534,0.972109151213629,0.9701195219123506,1.120729830111141,2.005084745762712,2.005084745762712,anchor_multiscale_locked,0.22,120,0
0.22,357,1.4118644067796613,250,0,0.4173669467787115,0.3379032258064516,1.2351670978653992,0.5386788915084055,35.08160392008821,1.2351670978653992,1.2351670978653992,1,1,1.0084745762711864,1.6214689265536724,1.0160959906350602,0.9829545454545454,1.2351670978653992,1.4118644067796613,1.4118644067796613,anchor_multiscale_locked,0.22,250,0
0.22,213,0.8423728813559322,500,0,0.4413145539906103,0.3379032258064516,1.306038298206102,0.5386788915084055,48.41533438392171,1.306038298206102,1.306038298206102,1,1,0.4548022598870057,1.0282485875706215,0.6437378325762492,0.9615384615384616,1.306038298206102,0.8423728813559322,0.8423728813559322,anchor_multiscale_locked,0.22,500,0
0.22,155,0.612994350282486,250,3,0.4129032258064516,0.3379032258064516,1.2219570405727924,0.5386788915084055,36.36214440511137,1.2219570405727924,1.2219570405727924,1,1,0.4943502824858757,0.711864406779661,1.0364179104477613,0.9333333333333333,1.2219570405727924,0.612994350282486,0.612994350282486,anchor_multiscale_locked,0.22,250,3
0.25,171,0.6762711864406781,0,0,0.43859649122807015,0.3379032258064516,1.2979943893145751,0.5386788915084055,53.003475277850974,1.2979943893145751,1.2979943893145751,1,1,0.2768361581920904,0.9096045197740114,0.7931769722814499,0.9457831325301205,1.2979943893145751,0.6762711864406781,0.6762711864406781,anchor_multiscale_locked,0.25,0,0
0.25,538,2.127683615819209,120,0,0.3754646840148699,0.3379032258064516,1.1111604013805219,0.5386788915084055,25.248631616511812,1.1111604013805219,1.1111604013805219,1,1,2.036723163841808,2.2542372881355934,1.032146957520092,0.9699812382739212,1.1111604013805219,2.127683615819209,2.127683615819209,anchor_multiscale_locked,0.25,120,0
0.25,390,1.5423728813559323,250,0,0.41794871794871796,0.3379032258064516,1.2368888072945352,0.5386788915084055,34.4277980644741,1.2368888072945352,1.2368888072945352,1,1,1.1666666666666667,1.8389830508474576,1.0665317480394638,0.9818181818181818,1.2368888072945352,1.5423728813559323,1.5423728813559323,anchor_multiscale_locked,0.25,250,0
0.25,243,0.9610169491525424,500,0,0.43209876543209874,0.3379032258064516,1.278764842806211,0.5386788915084055,46.33843170212668,1.278764842806211,1.278764842806211,1,1,0.612994350282486,1.1468926553672316,0.7164179104477613,0.9621848739495799,1.278764842806211,0.9610169491525424,0.9610169491525424,anchor_multiscale_locked,0.25,500,0
0.25,165,0.652542372881356,250,3,0.43636363636363634,0.3379032258064516,1.2913864178780647,0.5386788915084055,38.11644740087513,1.2913864178780647,1.2913864178780647,1,1,0.5141242937853108,0.7711864406779662,1.1272727272727272,0.9375,1.2913864178780647,0.652542372881356,0.652542372881356,anchor_multiscale_locked,0.25,250,3
0.3,204,0.8067796610169491,0,0,0.4264705882352941,0.3379032258064516,1.262108662080584,0.5386788915084055,47.5356726205881,1.262108662080584,1.262108662080584,1,1,0.43502824858757067,1.1073446327683616,0.6729986431478969,0.9447236180904522,1.262108662080584,0.8067796610169491,0.8067796610169491,anchor_multiscale_locked,0.3,0,0
0.3,584,2.309604519774011,120,0,0.3681506849315068,0.3379032258064516,1.0895151534965835,0.5386788915084055,23.254959129161655,1.0895151534965835,1.0895151534965835,1,1,2.1751412429378534,2.4717514124293785,1.0656990068754775,0.9740932642487047,1.0895151534965835,2.309604519774011,2.309604519774011,anchor_multiscale_locked,0.3,120,0
0.3,432,1.7084745762711866,250,0,0.4166666666666667,0.3379032258064516,1.2330946698488465,0.5386788915084055,28.159250003631648,1.2330946698488465,1.2330946698488465,1,1,1.3248587570621468,2.036723163841808,1.13915857605178,0.9742388758782201,1.2330946698488465,1.7084745762711866,1.7084745762711866,anchor_multiscale_locked,0.3,250,0
0.3,280,1.1073446327683616,500,0,0.425,0.3379032258064516,1.2577565632458234,0.5386788915084055,42.304429411719255,1.2577565632458234,1.2577565632458234,1,1,0.7514124293785311,1.2853107344632768,0.8766692851531814,0.9490909090909091,1.2577565632458234,1.1073446327683616,1.1073446327683616,anchor_multiscale_locked,0.3,500,0
0.3,187,0.7395480225988701,250,3,0.4117647058823529,0.3379032258064516,1.2185876737329777,0.5386788915084055,29.596820928435896,1.2185876737329777,1.2185876737329777,1,1,0.612994350282486,0.8700564971751413,1.074626865671642,0.9285714285714286,1.2185876737329777,0.7395480225988701,0.7395480225988701,anchor_multiscale_locked,0.3,250,3
0.35,244,0.9649717514124294,0,0,0.4262295081967213,0.3379032258064516,1.2613952032552134,0.5386788915084055,43.26632821307419,1.2613952032552134,1.2613952032552134,1,1,0.672316384180791,1.2062146892655368,0.762071992976295,0.9539748953974896,1.2613952032552134,0.9649717514124294,0.9649717514124294,anchor_multiscale_locked,0.35,0,0
0.35,642,2.538983050847458,120,0,0.3598130841121495,0.3379032258064516,1.064840630785359,0.5386788915084055,21.355243635097693,1.064840630785359,1.064840630785359,1,1,2.3135593220338984,2.689265536723164,1.0196078431372548,0.9733124018838305,1.064840630785359,2.538983050847458,2.538983050847458,anchor_multiscale_locked,0.35,120,0
0.35,487,1.9259887005649718,250,0,0.40451745379876797,0.3379032258064516,1.1971399587362108,0.5386788915084055,23.368452761516536,1.1971399587362108,1.1971399587362108,1,1,1.5621468926553672,2.2344632768361583,1.077649726053278,0.9688796680497925,1.1971399587362108,1.9259887005649718,1.9259887005649718,anchor_multiscale_locked,0.35,250,0
0.35,365,1.4435028248587571,500,0,0.40273972602739727,0.3379032258064516,1.191878902801844,0.5386788915084055,29.19498382219045,1.191878902801844,1.191878902801844,1,1,1.0480225988700564,1.6807909604519775,1.0475922275415377,0.9555555555555556,1.191878902801844,1.4435028248587571,1.4435028248587571,anchor_multiscale_locked,0.35,500,0
0.35,211,0.8344632768361583,250,3,0.38388625592417064,0.3379032258064516,1.13608343041998,0.5386788915084055,22.528595255798017,1.13608343041998,1.13608343041998,1,1,0.711864406779661,0.9689265536723164,0.9253731343283582,0.9223300970873787,1.13608343041998,0.8344632768361583,0.8344632768361583,anchor_multiscale_locked,0.35,250,3
0.4,292,1.1548022598870056,0,0,0.410958904109589,0.3379032258064516,1.216202962042698,0.5386788915084055,36.315746358552005,1.216202962042698,1.216202962042698,1,1,0.7711864406779662,1.4039548022598871,0.7592805204745503,0.9477351916376306,1.216202962042698,1.1548022598870056,1.1548022598870056,anchor_multiscale_locked,0.4,0,0
0.4,706,2.792090395480226,120,0,0.3597733711048159,0.3379032258064516,1.0647231030309587,0.5386788915084055,18.521079806387856,1.0647231030309587,1.0647231030309587,1,1,2.531073446327684,2.946327683615819,1.0282555282555281,0.9814550641940085,1.0647231030309587,2.792090395480226,2.792090395480226,anchor_multiscale_locked,0.4,120,0
0.4,539,2.131638418079096,250,0,0.3877551020408163,0.3379032258064516,1.147532998879743,0.5386788915084055,16.778307815066302,1.147532998879743,1.147532998879743,1,1,1.8587570621468927,2.4124293785310735,1.0631946649730075,0.9775280898876404,1.147532998879743,2.131638418079096,2.131638418079096,anchor_multiscale_locked,0.4,250,0
0.4,402,1.5898305084745765,500,0,0.39552238805970147,0.3379032258064516,1.170519716453532,0.5386788915084055,25.264995743194813,1.170519716453532,1.170519716453532,1,1,1.2457627118644068,1.8785310734463279,0.9988154465766406,0.9672544080604534,1.170519716453532,1.5898305084745765,1.5898305084745765,anchor_multiscale_locked,0.4,500,0
0.4,231,0.9135593220338984,250,3,0.3722943722943723,0.3379032258064516,1.10177809461819,0.5386788915084055,16.06626852634911,1.10177809461819,1.10177809461819,1,1,0.8305084745762712,1.0084745762711864,0.8813077469793887,0.9380530973451328,1.10177809461819,0.9135593220338984,0.9135593220338984,anchor_multiscale_locked,0.4,250,3
0.18,185,0.731638418079096,0,0,0.43783783783783786,0.3379032258064516,1.2957492098303556,0.5655321672446723,31.615248959466083,1.2957492098303556,1.2957492098303556,1,1,0.692090395480226,0.7711864406779662,1.2113318137414524,0.8222222222222222,1.2957492098303556,0.731638418079096,0.731638418079096,quarterly_reset_tree_consensus,0.18,0,0
0.18,226,0.8937853107344633,120,0,0.4823008849557522,0.3379032258064516,1.4273343612055673,0.5655321672446723,52.23713961298726,1.4273343612055673,1.4273343612055673,1,1,0.8305084745762712,0.9887005649717514,1.2748917748917747,0.832579185520362,1.4273343612055673,0.8937853107344633,0.8937853107344633,quarterly_reset_tree_consensus,0.18,120,0
0.18,171,0.6762711864406781,250,0,0.4327485380116959,0.3379032258064516,1.2806877974570474,0.5655321672446723,28.62184075123284,1.2806877974570474,1.2806877974570474,1,1,0.652542372881356,0.692090395480226,1.1951807228915663,0.8132530120481928,1.2806877974570474,0.6762711864406781,0.6762711864406781,quarterly_reset_tree_consensus,0.18,250,0
0.18,198,0.7830508474576272,500,0,0.4444444444444444,0.3379032258064516,1.3153009811721028,0.5655321672446723,38.38562637274924,1.3153009811721028,1.3153009811721028,1,1,0.731638418079096,0.8305084745762712,1.2252252252252254,0.8186528497409327,1.3153009811721028,0.7830508474576272,0.7830508474576272,quarterly_reset_tree_consensus,0.18,500,0
0.18,93,0.36779661016949156,250,3,0.40860215053763443,0.3379032258064516,1.2092283214001591,0.5655321672446723,24.537419241814597,1.2092283214001591,1.2092283214001591,1,1,0.3559322033898305,0.37570621468926557,0.584446190102121,0.6022727272727273,1.2092283214001591,0.36779661016949156,0.36779661016949156,quarterly_reset_tree_consensus,0.18,250,3
0.2,210,0.8305084745762712,0,0,0.43333333333333335,0.3379032258064516,1.2824184566428003,0.5655321672446723,37.46279688010205,1.2824184566428003,1.2824184566428003,1,1,0.7909604519774012,0.9096045197740114,1.2,0.824390243902439,1.2824184566428003,0.8305084745762712,0.8305084745762712,quarterly_reset_tree_consensus,0.2,0,0
0.2,241,0.9531073446327685,120,0,0.48132780082987553,0.3379032258064516,1.4244545895681282,0.5655321672446723,52.66028275241465,1.4244545895681282,1.4244545895681282,1,1,0.8700564971751413,1.0677966101694916,1.3333333333333333,0.847457627118644,1.4244545895681282,0.9531073446327685,0.9531073446327685,quarterly_reset_tree_consensus,0.2,120,0
0.2,188,0.7435028248587571,250,0,0.42021276595744683,0.3379032258064516,1.2435890925709645,0.5655321672446723,28.942504290723168,1.2435890925709645,1.2435890925709645,1,1,0.711864406779661,0.7711864406779662,1.1305763594920222,0.8142076502732241,1.2435890925709645,0.7435028248587571,0.7435028248587571,quarterly_reset_tree_consensus,0.2,250,0
0.2,219,0.8661016949152542,500,0,0.4246575342465753,0.3379032258064516,1.2567430607774543,0.5655321672446723,41.80334736425812,1.2567430607774543,1.2567430607774543,1,1,0.7909604519774012,0.9293785310734464,1.1333333333333333,0.8271028037383178,1.2567430607774543,0.8661016949152542,0.8661016949152542,quarterly_reset_tree_consensus,0.2,500,0
0.2,103,0.40734463276836164,250,3,0.39805825242718446,0.3379032258064516,1.1780244224575387,0.5655321672446723,21.98882641944268,1.1780244224575387,1.1780244224575387,1,1,0.37570621468926557,0.4548022598870057,0.7402985074626867,0.6122448979591837,1.1780244224575387,0.40734463276836164,0.40734463276836164,quarterly_reset_tree_consensus,0.2,250,3
0.22,238,0.9412429378531074,0,0,0.41596638655462187,0.3379032258064516,1.2310222418322938,0.5655321672446723,37.685066033739375,1.2310222418322938,1.2310222418322938,1,1,0.8305084745762712,1.0480225988700564,1.1428571428571428,0.8412017167381974,1.2310222418322938,0.9412429378531074,0.9412429378531074,quarterly_reset_tree_consensus,0.22,0,0
0.22,258,1.0203389830508476,120,0,0.47674418604651164,0.3379032258064516,1.4108897152689128,0.5655321672446723,54.11484869988543,1.4108897152689128,1.4108897152689128,1,1,0.9689265536723164,1.0875706214689267,1.3081761006289307,0.8656126482213439,1.4108897152689128,1.0203389830508476,1.0203389830508476,quarterly_reset_tree_consensus,0.22,120,0
0.22,208,0.8225988700564972,250,0,0.42788461538461536,0.3379032258064516,1.2662933724986232,0.5655321672446723,35.39561875509163,1.2662933724986232,1.2662933724986232,1,1,0.7909604519774012,0.8700564971751413,1.1333333333333333,0.8325123152709359,1.2662933724986232,0.8225988700564972,0.8225988700564972,quarterly_reset_tree_consensus,0.22,250,0
0.22,244,0.9649717514124294,500,0,0.42213114754098363,0.3379032258064516,1.2492664032239134,0.5655321672446723,37.47859226826268,1.2492664032239134,1.2492664032239134,1,1,0.8700564971751413,1.0677966101694916,1.125925925925926,0.8451882845188284,1.2492664032239134,0.9649717514124294,0.9649717514124294,quarterly_reset_tree_consensus,0.22,500,0
0.22,114,0.4508474576271187,250,3,0.40350877192982454,0.3379032258064516,1.1941548381694091,0.5655321672446723,23.103579578634537,1.1941548381694091,1.1941548381694091,1,1,0.4152542372881356,0.4745762711864407,1.0575692963752665,0.6422018348623854,1.1941548381694091,0.4508474576271187,0.4508474576271187,quarterly_reset_tree_consensus,0.22,250,3
0.25,278,1.0994350282485876,0,0,0.41007194244604317,0.3379032258064516,1.213578063563469,0.5655321672446723,34.2957577231619,1.213578063563469,1.213578063563469,1,1,0.9689265536723164,1.2062146892655368,1.08843537414966,0.8388278388278388,1.213578063563469,1.0994350282485876,1.0994350282485876,quarterly_reset_tree_consensus,0.25,0,0
0.25,282,1.1152542372881356,120,0,0.46808510638297873,0.3379032258064516,1.3852637993195553,0.5655321672446723,51.121103860659694,1.3852637993195553,1.3852637993195553,1,1,1.0875706214689267,1.1271186440677967,1.263157894736842,0.8736462093862816,1.3852637993195553,1.1152542372881356,1.1152542372881356,quarterly_reset_tree_consensus,0.25,120,0
0.25,242,0.9570621468926553,250,0,0.4256198347107438,0.3379032258064516,1.2595909189530368,0.5655321672446723,38.383941880853904,1.2595909189530368,1.2595909189530368,1,1,0.9096045197740114,0.9887005649717514,1.1594202898550725,0.8565400843881856,1.2595909189530368,0.9570621468926553,0.9570621468926553,quarterly_reset_tree_consensus,0.25,250,0
0.25,294,1.1627118644067798,500,0,0.4217687074829932,0.3379032258064516,1.248193788255159,0.5655321672446723,37.95302850504189,1.248193788255159,1.248193788255159,1,1,1.1073446327683616,1.225988700564972,1.1904761904761905,0.8615916955017301,1.248193788255159,1.1627118644067798,1.1627118644067798,quarterly_reset_tree_consensus,0.25,500,0
0.25,131,0.5180790960451978,250,3,0.3969465648854962,0.3379032258064516,1.174734464100275,0.5655321672446723,28.806303416230985,1.174734464100275,1.174734464100275,1,1,0.4745762711864407,0.5734463276836158,1.0796019900497513,0.6904761904761905,1.174734464100275,0.5180790960451978,0.5180790960451978,quarterly_reset_tree_consensus,0.25,250,3
0.3,371,1.4672316384180792,0,0,0.40700808625336926,0.3379032258064516,1.2045108041865822,0.5655321672446723,33.12128028515483,1.2045108041865822,1.2045108041865822,1,1,1.2457627118644068,1.6412429378531075,1.1481481481481481,0.8961748633879781,1.2045108041865822,1.4672316384180792,1.4672316384180792,quarterly_reset_tree_consensus,0.3,0,0
0.3,340,1.344632768361582,120,0,0.4470588235294118,0.3379032258064516,1.323038045767233,0.5655321672446723,44.10992545777055,1.323038045767233,1.323038045767233,1,1,1.305084745762712,1.423728813559322,1.2121212121212122,0.9014925373134328,1.323038045767233,1.344632768361582,1.344632768361582,quarterly_reset_tree_consensus,0.3,120,0
0.3,296,1.1706214689265537,250,0,0.4155405405405405,0.3379032258064516,1.2297619815519576,0.5655321672446723,37.12630415047714,1.2297619815519576,1.2297619815519576,1,1,1.1271186440677967,1.225988700564972,1.1228070175438596,0.8900343642611683,1.2297619815519576,1.1706214689265537,1.1706214689265537,quarterly_reset_tree_consensus,0.3,250,0
0.3,371,1.4672316384180792,500,0,0.41778975741239893,0.3379032258064516,1.2364183751584121,0.5655321672446723,36.44295319806598,1.2364183751584121,1.2364183751584121,1,1,1.364406779661017,1.6016949152542375,1.1111111111111112,0.8934426229508197,1.2364183751584121,1.4672316384180792,1.4672316384180792,quarterly_reset_tree_consensus,0.3,500,0
0.3,156,0.6169491525423729,250,3,0.3717948717948718,0.3379032258064516,1.10029985924974,0.5655321672446723,29.736351109631205,1.10029985924974,1.10029985924974,1,1,0.5932203389830508,0.652542372881356,0.9870646766169154,0.7417218543046358,1.10029985924974,0.6169491525423729,0.6169491525423729,quarterly_reset_tree_consensus,0.3,250,3
0.35,503,1.9892655367231638,0,0,0.3817097415506958,0.3379032258064516,1.129642194565305,0.5655321672446723,25.081715210100658,1.129642194565305,1.129642194565305,1,1,1.8983050847457628,2.096045197740113,1.0068027210884354,0.9357429718875502,1.129642194565305,1.9892655367231638,1.9892655367231638,quarterly_reset_tree_consensus,0.35,0,0
0.35,384,1.5186440677966102,120,0,0.4270833333333333,0.3379032258064516,1.2639220365950676,0.5655321672446723,39.0440171427292,1.2639220365950676,1.2639220365950676,1,1,1.463276836158192,1.6016949152542375,1.117117117117117,0.9129287598944591,1.2639220365950676,1.5186440677966102,1.5186440677966102,quarterly_reset_tree_consensus,0.35,120,0
0.35,368,1.455367231638418,250,0,0.41032608695652173,0.3379032258064516,1.2143301857424509,0.5655321672446723,32.89781143168124,1.2143301857424509,1.2143301857424509,1,1,1.4039548022598871,1.5423728813559323,1.1111111111111112,0.90633608815427,1.2143301857424509,1.455367231638418,1.455367231638418,quarterly_reset_tree_consensus,0.35,250,0
0.35,457,1.8073446327683618,500,0,0.3982494529540481,0.3379032258064516,1.1785902664988537,0.5655321672446723,28.528298607097135,1.1785902664988537,1.1785902664988537,1,1,1.7203389830508475,1.8785310734463279,1.03859649122807,0.9292035398230089,1.1785902664988537,1.8073446327683618,1.8073446327683618,quarterly_reset_tree_consensus,0.35,500,0
0.35,186,0.7355932203389831,250,3,0.3817204301075269,0.3379032258064516,1.1296738265712012,0.5655321672446723,18.609051749858207,1.1296738265712012,1.1296738265712012,1,1,0.672316384180791,0.7909604519774012,1.083916083916084,0.7790055248618785,1.1296738265712012,0.7355932203389831,0.7355932203389831,quarterly_reset_tree_consensus,0.35,250,3
0.4,578,2.2858757062146893,0,0,0.3754325259515571,0.3379032258064516,1.111065231933009,0.5655321672446723,24.011842090358158,1.111065231933009,1.111065231933009,1,1,2.1751412429378534,2.4322033898305087,0.9696969696969697,0.9458987783595113,1.111065231933009,2.2858757062146893,2.2858757062146893,quarterly_reset_tree_consensus,0.4,0,0
0.4,430,1.7005649717514124,120,0,0.4046511627906977,0.3379032258064516,1.1975356607648333,0.5655321672446723,31.004044981495284,1.1975356607648333,1.1975356607648333,1,1,1.5819209039548023,1.7796610169491527,1.0333333333333334,0.9223529411764706,1.1975356607648333,1.7005649717514124,1.7005649717514124,quarterly_reset_tree_consensus,0.4,120,0
0.4,430,1.7005649717514124,250,0,0.4046511627906977,0.3379032258064516,1.1975356607648333,0.5655321672446723,32.02275173524288,1.1975356607648333,1.1975356607648333,1,1,1.6214689265536724,1.7796610169491527,1.0666666666666667,0.9152941176470588,1.1975356607648333,1.7005649717514124,1.7005649717514124,quarterly_reset_tree_consensus,0.4,250,0
0.4,547,2.163276836158192,500,0,0.3857404021937843,0.3379032258064516,1.1415706413372138,0.5655321672446723,25.428698890645865,1.1415706413372138,1.1415706413372138,1,1,2.076271186440678,2.2937853107344632,0.9904761904761905,0.948339483394834,1.1415706413372138,2.163276836158192,2.163276836158192,quarterly_reset_tree_consensus,0.4,500,0
0.4,211,0.8344632768361583,250,3,0.38388625592417064,0.3379032258064516,1.13608343041998,0.5655321672446723,22.1512342046797,1.13608343041998,1.13608343041998,1,1,0.7514124293785311,0.9293785310734464,1.0666666666666667,0.8009708737864077,1.13608343041998,0.8344632768361583,0.8344632768361583,quarterly_reset_tree_consensus,0.4,250,3
0.18,255,1.0084745762711864,0,0,0.403921568627451,0.3379032258064516,1.1953764799475877,0.5730757938249821,41.090252129858165,1.1953764799475877,1.1953764799475877,1,1,0.8502824858757062,1.0875706214689267,0.9876543209876543,0.816,1.1953764799475877,1.0084745762711864,1.0084745762711864,quarterly_reset_hist_anchor25,0.18,0,0
0.18,254,1.0045197740112994,120,0,0.452755905511811,0.3379032258064516,1.339898145190085,0.5730757938249821,53.849646033379315,1.339898145190085,1.339898145190085,1,1,0.9096045197740114,1.0677966101694916,1.217391304347826,0.8714859437751004,1.339898145190085,1.0045197740112994,1.0045197740112994,quarterly_reset_hist_anchor25,0.18,120,0
0.18,237,0.9372881355932203,250,0,0.4219409282700422,0.3379032258064516,1.2487034631380725,0.5730757938249821,46.954996937143825,1.2487034631380725,1.2487034631380725,1,1,0.8502824858757062,1.0084745762711864,1.08843537414966,0.8448275862068966,1.2487034631380725,0.9372881355932203,0.9372881355932203,quarterly_reset_hist_anchor25,0.18,250,0
0.18,260,1.0282485875706215,500,0,0.4115384615384615,0.3379032258064516,1.2179181200660913,0.5730757938249821,42.12045185086326,1.2179181200660913,1.2179181200660913,1,1,0.9096045197740114,1.1271186440677967,1.0181818181818183,0.8509803921568627,1.2179181200660913,1.0282485875706215,1.0282485875706215,quarterly_reset_hist_anchor25,0.18,500,0
0.18,136,0.5378531073446328,250,3,0.39705882352941174,0.3379032258064516,1.1750666853853713,0.5730757938249821,35.09100854358277,1.1750666853853713,1.1750666853853713,1,1,0.4745762711864407,0.5734463276836158,1.011494252873563,0.7099236641221374,1.1750666853853713,0.5378531073446328,0.5378531073446328,quarterly_reset_hist_anchor25,0.18,250,3
0.2,290,1.1468926553672316,0,0,0.4,0.3379032258064516,1.1837708830548928,0.5730757938249821,37.6816991089336,1.1837708830548928,1.1837708830548928,1,1,0.8898305084745763,1.2457627118644068,0.946236559139785,0.856140350877193,1.1837708830548928,1.1468926553672316,1.1468926553672316,quarterly_reset_hist_anchor25,0.2,0,0
0.2,274,1.0836158192090395,120,0,0.4416058394160584,0.3379032258064516,1.3069003362193614,0.5730757938249821,51.96499957284029,1.3069003362193614,1.3069003362193614,1,1,1.0282485875706215,1.1864406779661016,1.2075471698113207,0.8475836431226765,1.3069003362193614,1.0836158192090395,1.0836158192090395,quarterly_reset_hist_anchor25,0.2,120,0
0.2,264,1.0440677966101695,250,0,0.42424242424242425,0.3379032258064516,1.2555145729370074,0.5730757938249821,44.59818209307456,1.2555145729370074,1.2555145729370074,1,1,0.9293785310734464,1.1468926553672316,1.0864197530864197,0.8687258687258688,1.2555145729370074,1.0440677966101695,1.0440677966101695,quarterly_reset_hist_anchor25,0.2,250,0
0.2,293,1.1587570621468928,500,0,0.40273037542662116,0.3379032258064516,1.1918512303794995,0.5730757938249821,38.8526469373459,1.1918512303794995,1.1918512303794995,1,1,1.0084745762711864,1.305084745762712,1.005464480874317,0.8680555555555556,1.1918512303794995,1.1587570621468928,1.1587570621468928,quarterly_reset_hist_anchor25,0.2,500,0
0.2,146,0.5774011299435028,250,3,0.3972602739726027,0.3379032258064516,1.1756628633079413,0.5730757938249821,33.182476250465996,1.1756628633079413,1.1756628633079413,1,1,0.5338983050847458,0.632768361581921,1.0437710437710437,0.7446808510638298,1.1756628633079413,0.5774011299435028,0.5774011299435028,quarterly_reset_hist_anchor25,0.2,250,3
0.22,327,1.293220338983051,0,0,0.39755351681957185,0.3379032258064516,1.1765306941677067,0.5730757938249821,36.03851255094143,1.1765306941677067,1.1765306941677067,1,1,1.1468926553672316,1.423728813559322,0.9583333333333334,0.8850931677018633,1.1765306941677067,1.293220338983051,1.293220338983051,quarterly_reset_hist_anchor25,0.22,0,0
0.22,294,1.1627118644067798,120,0,0.42857142857142855,0.3379032258064516,1.268325946130242,0.5730757938249821,46.451843995854084,1.268325946130242,1.268325946130242,1,1,1.1073446327683616,1.225988700564972,1.1494252873563218,0.8685121107266436,1.268325946130242,1.1627118644067798,1.1627118644067798,quarterly_reset_hist_anchor25,0.22,120,0
0.22,291,1.1508474576271188,250,0,0.41237113402061853,0.3379032258064516,1.2203823536648377,0.5730757938249821,40.856264184132115,1.2203823536648377,1.2203823536648377,1,1,1.0282485875706215,1.2853107344632768,1.0222222222222224,0.8741258741258742,1.2203823536648377,1.1508474576271188,1.1508474576271188,quarterly_reset_hist_anchor25,0.22,250,0
0.22,320,1.265536723163842,500,0,0.396875,0.3379032258064516,1.1745226730310263,0.5730757938249821,37.83447706436938,1.1745226730310263,1.1745226730310263,1,1,1.1864406779661016,1.4039548022598871,1.0256410256410258,0.8825396825396825,1.1745226730310263,1.265536723163842,1.265536723163842,quarterly_reset_hist_anchor25,0.22,500,0
0.22,159,0.628813559322034,250,3,0.37735849056603776,0.3379032258064516,1.1167649840140497,0.5730757938249821,27.697543450275795,1.1167649840140497,1.1167649840140497,1,1,0.5734463276836158,0.692090395480226,1.032258064516129,0.7467532467532467,1.1167649840140497,0.628813559322034,0.628813559322034,quarterly_reset_hist_anchor25,0.22,250,3
0.25,352,1.3920903954802262,0,0,0.39204545454545453,0.3379032258064516,1.1602299848123236,0.5730757938249821,33.81274180468191,1.1602299848123236,1.1602299848123236,1,1,1.3248587570621468,1.463276836158192,1.0196078431372548,0.899135446685879,1.1602299848123236,1.3920903954802262,1.3920903954802262,quarterly_reset_hist_anchor25,0.25,0,0
0.25,324,1.2813559322033898,120,0,0.41358024691358025,0.3379032258064516,1.2239606352573735,0.5730757938249821,42.230142634243215,1.2239606352573735,1.2239606352573735,1,1,1.2062146892655368,1.384180790960452,1.1182795698924732,0.890282131661442,1.2239606352573735,1.2813559322033898,1.2813559322033898,quarterly_reset_hist_anchor25,0.25,120,0
0.25,331,1.309039548022599,250,0,0.3987915407854985,0.3379032258064516,1.180194535976177,0.5730757938249821,36.92807142435868,1.180194535976177,1.180194535976177,1,1,1.225988700564972,1.4830508474576272,1.0101010101010102,0.8926380368098159,1.180194535976177,1.309039548022599,1.309039548022599,quarterly_reset_hist_anchor25,0.25,250,0
0.25,354,1.4,500,0,0.3870056497175141,0.3379032258064516,1.1453150492833353,0.5730757938249821,31.26517522582847,1.1453150492833353,1.1453150492833353,1,1,1.364406779661017,1.4830508474576272,0.9904761904761905,0.9025787965616046,1.1453150492833353,1.4,1.4,quarterly_reset_hist_anchor25,0.25,500,0
0.25,172,0.6802259887005649,250,3,0.3546511627906977,0.3379032258064516,1.0495643003829718,0.5730757938249821,22.311604262991285,1.0495643003829718,1.0495643003829718,1,1,0.632768361581921,0.731638418079096,0.9142857142857143,0.7664670658682635,1.0495643003829718,0.6802259887005649,0.6802259887005649,quarterly_reset_hist_anchor25,0.25,250,3
0.3,395,1.5621468926553672,0,0,0.3949367088607595,0.3379032258064516,1.1687864414972358,0.5730757938249821,28.939800670935515,1.1687864414972358,1.1687864414972358,1,1,1.463276836158192,1.7005649717514124,1.0542635658914727,0.8974358974358975,1.1687864414972358,1.5621468926553672,1.5621468926553672,quarterly_reset_hist_anchor25,0.3,0,0
0.3,379,1.498870056497175,120,0,0.40105540897097625,0.3379032258064516,1.1868942890787841,0.5730757938249821,34.29610414381396,1.1868942890787841,1.1868942890787841,1,1,1.384180790960452,1.5819209039548023,1.0666666666666667,0.9251336898395722,1.1868942890787841,1.498870056497175,1.498870056497175,quarterly_reset_hist_anchor25,0.3,120,0
0.3,378,1.494915254237288,250,0,0.3941798941798942,0.3379032258064516,1.1665467035395436,0.5730757938249821,30.65963774814523,1.1665467035395436,1.1665467035395436,1,1,1.423728813559322,1.5621468926553672,1.0613931523022433,0.903485254691689,1.1665467035395436,1.494915254237288,1.494915254237288,quarterly_reset_hist_anchor25,0.3,250,0
0.3,403,1.5937853107344633,500,0,0.3920595533498759,0.3379032258064516,1.1602717091977235,0.5730757938249821,27.87278052300444,1.1602717091977235,1.1602717091977235,1,1,1.5028248587570623,1.6412429378531075,1.028112449799197,0.9045226130653267,1.1602717091977235,1.5937853107344633,1.5937853107344633,quarterly_reset_hist_anchor25,0.3,500,0
0.3,191,0.7553672316384181,250,3,0.3403141361256545,0.3379032258064516,1.0071349135938223,0.5730757938249821,12.983037278762662,1.0071349135938223,1.0071349135938223,1,1,0.731638418079096,0.7711864406779662,0.8157894736842105,0.7849462365591398,1.0071349135938223,0.7553672316384181,0.7553672316384181,quarterly_reset_hist_anchor25,0.3,250,3
0.35,480,1.8983050847457628,0,0,0.38333333333333336,0.3379032258064516,1.1344470962609388,0.5730757938249821,24.119428295919292,1.1344470962609388,1.1344470962609388,1,1,1.7994350282485876,2.016949152542373,1.0446735395189004,0.9094736842105263,1.1344470962609388,1.8983050847457628,1.8983050847457628,quarterly_reset_hist_anchor25,0.35,0,0
0.35,433,1.7124293785310734,120,0,0.37644341801385683,0.3379032258064516,1.1140568934061634,0.5730757938249821,27.257400945300382,1.1140568934061634,1.1140568934061634,1,1,1.6016949152542375,1.7796610169491527,0.9876543209876543,0.9299065420560748,1.1140568934061634,1.7124293785310734,1.7124293785310734,quarterly_reset_hist_anchor25,0.35,120,0
0.35,436,1.7242937853107345,250,0,0.39908256880733944,0.3379032258064516,1.181055812222198,0.5730757938249821,27.603373959374316,1.181055812222198,1.181055812222198,1,1,1.5819209039548023,1.7994350282485876,1.0486891385767791,0.9071925754060325,1.181055812222198,1.7242937853107345,1.7242937853107345,quarterly_reset_hist_anchor25,0.35,250,0
0.35,480,1.8983050847457628,500,0,0.38958333333333334,0.3379032258064516,1.1529435163086714,0.5730757938249821,24.136866003560108,1.1529435163086714,1.1529435163086714,1,1,1.7796610169491527,1.9378531073446328,1.0612244897959184,0.92,1.1529435163086714,1.8983050847457628,1.8983050847457628,quarterly_reset_hist_anchor25,0.35,500,0
0.35,220,0.8700564971751413,250,3,0.36818181818181817,0.3379032258064516,1.089607290084617,0.5730757938249821,11.016603836105306,1.089607290084617,1.089607290084617,1,1,0.8305084745762712,0.9293785310734464,1.0074074074074073,0.8046511627906977,1.089607290084617,0.8700564971751413,0.8700564971751413,quarterly_reset_hist_anchor25,0.35,250,3
0.4,549,2.171186440677966,0,0,0.3806921675774135,0.3379032258064516,1.1266307584629898,0.5730757938249821,22.508525070954327,1.1266307584629898,1.1266307584629898,1,1,2.056497175141243,2.2344632768361583,0.9876543209876543,0.9375,1.1266307584629898,2.171186440677966,2.171186440677966,quarterly_reset_hist_anchor25,0.4,0,0
0.4,493,1.9497175141242937,120,0,0.3813387423935091,0.3379032258064516,1.1285442495655162,0.5730757938249821,25.827009523933302,1.1285442495655162,1.1285442495655162,1,1,1.8587570621468927,2.036723163841808,1.0,0.9364754098360656,1.1285442495655162,1.9497175141242937,1.9497175141242937,quarterly_reset_hist_anchor25,0.4,120,0
0.4,495,1.957627118644068,250,0,0.3878787878787879,0.3379032258064516,1.1478990381138352,0.5730757938249821,24.106339302450703,1.1478990381138352,1.1478990381138352,1,1,1.8389830508474576,2.016949152542373,1.04,0.9204081632653062,1.1478990381138352,1.957627118644068,1.957627118644068,quarterly_reset_hist_anchor25,0.4,250,0
0.4,541,2.1395480225988703,500,0,0.37707948243992606,0.3379032258064516,1.115939279774483,0.5730757938249821,21.684042033524527,1.115939279774483,1.115939279774483,1,1,2.016949152542373,2.214689265536723,0.9876543209876543,0.9309701492537313,1.115939279774483,2.1395480225988703,2.1395480225988703,quarterly_reset_hist_anchor25,0.4,500,0
0.4,247,0.9768361581920904,250,3,0.3603238866396761,0.3379032258064516,1.066352313683051,0.5730757938249821,10.085007950498026,1.066352313683051,1.066352313683051,1,1,0.9096045197740114,1.0282485875706215,1.046073977936405,0.8264462809917356,1.066352313683051,0.9768361581920904,0.9768361581920904,quarterly_reset_hist_anchor25,0.4,250,3
0.18,216,0.8542372881355933,0,0,0.4212962962962963,0.3379032258064516,1.246795721736056,0.5825743679487441,59.08314907823501,1.246795721736056,1.246795721736056,1,1,0.5536723163841808,1.0282485875706215,0.6609808102345416,0.957345971563981,1.246795721736056,0.8542372881355933,0.8542372881355933,quarterly_reset_hist_anchor50,0.18,0,0
0.18,295,1.1666666666666667,120,0,0.4135593220338983,0.3379032258064516,1.2238987095991263,0.5825743679487441,36.81281040156415,1.2238987095991263,1.2238987095991263,1,1,1.0677966101694916,1.265536723163842,1.1358024691358024,0.9241379310344827,1.2238987095991263,1.1666666666666667,1.1666666666666667,quarterly_reset_hist_anchor50,0.18,120,0
0.18,280,1.1073446327683616,250,0,0.44285714285714284,0.3379032258064516,1.3106034776679167,0.5825743679487441,55.05275428102168,1.3106034776679167,1.3106034776679167,1,1,0.8305084745762712,1.225988700564972,0.8813077469793887,0.9563636363636364,1.3106034776679167,1.1073446327683616,1.1073446327683616,quarterly_reset_hist_anchor50,0.18,250,0
0.18,239,0.9451977401129943,500,0,0.42677824267782427,0.3379032258064516,1.2630191430083582,0.5825743679487441,56.2354759840031,1.2630191430083582,1.2630191430083582,1,1,0.731638418079096,1.1073446327683616,0.800322710770472,0.9615384615384616,1.2630191430083582,0.9451977401129943,0.9451977401129943,quarterly_reset_hist_anchor50,0.18,500,0
0.18,133,0.5259887005649718,250,3,0.42857142857142855,0.3379032258064516,1.268325946130242,0.5825743679487441,50.55390643674864,1.268325946130242,1.268325946130242,1,1,0.4548022598870057,0.5734463276836158,0.9656067488643738,0.8671875,1.268325946130242,0.5259887005649718,0.5259887005649718,quarterly_reset_hist_anchor50,0.18,250,3
0.2,231,0.9135593220338984,0,0,0.4199134199134199,0.3379032258064516,1.2427031997437725,0.5825743679487441,58.36407558365606,1.2427031997437725,1.2427031997437725,1,1,0.711864406779661,1.0875706214689267,0.8225538971807629,0.9601769911504425,1.2427031997437725,0.9135593220338984,0.9135593220338984,quarterly_reset_hist_anchor50,0.2,0,0
0.2,319,1.2615819209039547,120,0,0.40752351097178685,0.3379032258064516,1.2060361661217558,0.5825743679487441,35.42609038636146,1.2060361661217558,1.2060361661217558,1,1,1.1666666666666667,1.344632768361582,1.0847457627118644,0.9235668789808917,1.2060361661217558,1.2615819209039547,1.2615819209039547,quarterly_reset_hist_anchor50,0.2,120,0
0.2,301,1.1903954802259888,250,0,0.44518272425249167,0.3379032258064516,1.317485866522887,0.5825743679487441,56.131181538134804,1.317485866522887,1.317485866522887,1,1,0.9491525423728814,1.3248587570621468,1.0024875621890548,0.9527027027027027,1.317485866522887,1.1903954802259888,1.1903954802259888,quarterly_reset_hist_anchor50,0.2,250,0
0.2,258,1.0203389830508476,500,0,0.43410852713178294,0.3379032258064516,1.2847125862611237,0.5825743679487441,56.36353984908792,1.2847125862611237,1.2847125862611237,1,1,0.8502824858757062,1.1468926553672316,0.946893439777855,0.9683794466403162,1.2847125862611237,1.0203389830508476,1.0203389830508476,quarterly_reset_hist_anchor50,0.2,500,0
0.2,144,0.5694915254237288,250,3,0.4305555555555556,0.3379032258064516,1.274197825510475,0.5825743679487441,52.680328383631576,1.274197825510475,1.274197825510475,1,1,0.5141242937853108,0.652542372881356,0.9965556831228474,0.8561151079136691,1.274197825510475,0.5694915254237288,0.5694915254237288,quarterly_reset_hist_anchor50,0.2,250,3
0.22,242,0.9570621468926553,0,0,0.4214876033057851,0.3379032258064516,1.2473618809049487,0.5825743679487441,58.93623689243682,1.2473618809049487,1.2473618809049487,1,1,0.8305084745762712,1.0875706214689267,0.8813077469793887,0.9662447257383966,1.2473618809049487,0.9570621468926553,0.9570621468926553,quarterly_reset_hist_anchor50,0.22,0,0
0.22,342,1.3525423728813561,120,0,0.4093567251461988,0.3379032258064516,1.2114614300269368,0.5825743679487441,36.189313253079455,1.2114614300269368,1.2114614300269368,1,1,1.2457627118644068,1.4039548022598871,1.0582010582010581,0.9287833827893175,1.2114614300269368,1.3525423728813561,1.3525423728813561,quarterly_reset_hist_anchor50,0.22,120,0
0.22,320,1.265536723163842,250,0,0.4375,0.3379032258064516,1.2947494033412887,0.5825743679487441,53.02737159588406,1.2947494033412887,1.2947494033412887,1,1,1.0282485875706215,1.423728813559322,1.0677382319173363,0.9492063492063492,1.2947494033412887,1.265536723163842,1.265536723163842,quarterly_reset_hist_anchor50,0.22,250,0
0.22,268,1.0598870056497176,500,0,0.43283582089552236,0.3379032258064516,1.2809461047982047,0.5825743679487441,55.448047479751665,1.2809461047982047,1.2809461047982047,1,1,0.9293785310734464,1.1864406779661016,0.9450619244204509,0.9695817490494296,1.2809461047982047,1.0598870056497176,1.0598870056497176,quarterly_reset_hist_anchor50,0.22,500,0
0.22,152,0.6011299435028249,250,3,0.4144736842105263,0.3379032258064516,1.2266046979022736,0.5825743679487441,45.1970818117174,1.2266046979022736,1.2266046979022736,1,1,0.5141242937853108,0.672316384180791,1.0196078431372548,0.8571428571428571,1.2266046979022736,0.6011299435028249,0.6011299435028249,quarterly_reset_hist_anchor50,0.22,250,3
0.25,259,1.0242937853107343,0,0,0.43243243243243246,0.3379032258064516,1.2797523060052893,0.5825743679487441,59.737439053908666,1.2797523060052893,1.2797523060052893,1,1,0.8305084745762712,1.1666666666666667,0.9965556831228474,0.9724409448818898,1.2797523060052893,1.0242937853107343,1.0242937853107343,quarterly_reset_hist_anchor50,0.25,0,0
0.25,375,1.4830508474576272,120,0,0.4053333333333333,0.3379032258064516,1.1995544948289578,0.5825743679487441,34.91424970255963,1.1995544948289578,1.1995544948289578,1,1,1.423728813559322,1.5423728813559323,1.0526315789473684,0.9297297297297298,1.1995544948289578,1.4830508474576272,1.4830508474576272,quarterly_reset_hist_anchor50,0.25,120,0
0.25,343,1.356497175141243,250,0,0.4314868804664723,0.3379032258064516,1.276954013790992,0.5825743679487441,50.7046711143832,1.276954013790992,1.276954013790992,1,1,1.1864406779661016,1.5028248587570623,1.0487562189054727,0.9408284023668639,1.276954013790992,1.356497175141243,1.356497175141243,quarterly_reset_hist_anchor50,0.25,250,0
0.25,291,1.1508474576271188,500,0,0.42955326460481097,0.3379032258064516,1.2712316184008725,0.5825743679487441,52.104287257655756,1.2712316184008725,1.2712316184008725,1,1,1.0282485875706215,1.2853107344632768,0.9965556831228474,0.9545454545454546,1.2712316184008725,1.1508474576271188,1.1508474576271188,quarterly_reset_hist_anchor50,0.25,500,0
0.25,159,0.628813559322034,250,3,0.41509433962264153,0.3379032258064516,1.2284414824154546,0.5825743679487441,41.658847603017875,1.2284414824154546,1.2284414824154546,1,1,0.5734463276836158,0.672316384180791,1.0196078431372548,0.8246753246753247,1.2284414824154546,0.628813559322034,0.628813559322034,quarterly_reset_hist_anchor50,0.25,250,3
0.3,288,1.1389830508474577,0,0,0.4236111111111111,0.3379032258064516,1.2536462476796606,0.5825743679487441,55.5335468343885,1.2536462476796606,1.2536462476796606,1,1,0.9293785310734464,1.305084745762712,1.0094979647218454,0.9646643109540636,1.2536462476796606,1.1389830508474577,1.1389830508474577,quarterly_reset_hist_anchor50,0.3,0,0
0.3,447,1.7677966101694917,120,0,0.39149888143176736,0.3379032258064516,1.158612441468715,0.5825743679487441,35.41793567780754,1.158612441468715,1.158612441468715,1,1,1.6610169491525424,1.8785310734463279,1.042145593869732,0.9366515837104072,1.158612441468715,1.7677966101694917,1.7677966101694917,quarterly_reset_hist_anchor50,0.3,120,0
0.3,390,1.5423728813559323,250,0,0.4307692307692308,0.3379032258064516,1.274830181751423,0.5825743679487441,49.82786761898459,1.274830181751423,1.274830181751423,1,1,1.4435028248587571,1.6412429378531075,1.0602409638554218,0.9402597402597402,1.274830181751423,1.5423728813559323,1.5423728813559323,quarterly_reset_hist_anchor50,0.3,250,0
0.3,346,1.368361581920904,500,0,0.42196531791907516,0.3379032258064516,1.2487756425290053,0.5825743679487441,49.43729581539595,1.2487756425290053,1.2487756425290053,1,1,1.305084745762712,1.463276836158192,1.0886742756804215,0.9354838709677419,1.2487756425290053,1.368361581920904,1.368361581920904,quarterly_reset_hist_anchor50,0.3,500,0
0.3,181,0.7158192090395481,250,3,0.39779005524861877,0.3379032258064516,1.1772307124302799,0.5825743679487441,35.13809664876288,1.1772307124302799,1.1772307124302799,1,1,0.692090395480226,0.7514124293785311,0.912280701754386,0.8295454545454546,1.1772307124302799,0.7158192090395481,0.7158192090395481,quarterly_reset_hist_anchor50,0.3,250,3
0.35,330,1.305084745762712,0,0,0.40606060606060607,0.3379032258064516,1.2017068055254214,0.5825743679487441,45.57640972857586,1.2017068055254214,1.2017068055254214,1,1,1.1666666666666667,1.6016949152542375,1.0980392156862744,0.9415384615384615,1.2017068055254214,1.305084745762712,1.305084745762712,quarterly_reset_hist_anchor50,0.35,0,0
0.35,514,2.0327683615819208,120,0,0.40077821011673154,0.3379032258064516,1.1860739392476065,0.5825743679487441,38.2073358592464,1.1860739392476065,1.1860739392476065,1,1,1.8983050847457628,2.1553672316384183,1.0297029702970297,0.9567779960707269,1.1860739392476065,2.0327683615819208,2.0327683615819208,quarterly_reset_hist_anchor50,0.35,120,0
0.35,433,1.7124293785310734,250,0,0.4110854503464203,0.3379032258064516,1.2165774664190006,0.5825743679487441,42.8527902054467,1.2165774664190006,1.2165774664190006,1,1,1.6214689265536724,1.7994350282485876,1.0256410256410258,0.9369158878504673,1.2165774664190006,1.7124293785310734,1.7124293785310734,quarterly_reset_hist_anchor50,0.35,250,0
0.35,416,1.6451977401129945,500,0,0.40384615384615385,0.3379032258064516,1.195153295391959,0.5825743679487441,40.689694073572895,1.195153295391959,1.195153295391959,1,1,1.6016949152542375,1.7203389830508475,1.011494252873563,0.927007299270073,1.195153295391959,1.6451977401129945,1.6451977401129945,quarterly_reset_hist_anchor50,0.35,500,0
0.35,200,0.7909604519774012,250,3,0.385,0.3379032258064516,1.139379474940334,0.5825743679487441,33.655417033520095,1.139379474940334,1.139379474940334,1,1,0.7711864406779662,0.8305084745762712,1.0158730158730158,0.8256410256410256,1.139379474940334,0.7909604519774012,0.7909604519774012,quarterly_reset_hist_anchor50,0.35,250,3
0.4,402,1.5898305084745765,0,0,0.39303482587064675,0.3379032258064516,1.1631579572305537,0.5825743679487441,39.44481746812553,1.1631579572305537,1.1631579572305537,1,1,1.423728813559322,1.9180790960451979,0.9876543209876543,0.9193954659949622,1.1631579572305537,1.5898305084745765,1.5898305084745765,quarterly_reset_hist_anchor50,0.4,0,0
0.4,574,2.2700564971751414,120,0,0.4024390243902439,0.3379032258064516,1.1909889981954713,0.5825743679487441,36.93383285548417,1.1909889981954713,1.1909889981954713,1,1,2.016949152542373,2.3531073446327686,1.0532212885154062,0.9543057996485061,1.1909889981954713,2.2700564971751414,2.2700564971751414,quarterly_reset_hist_anchor50,0.4,120,0
0.4,487,1.9259887005649718,250,0,0.38809034907597534,0.3379032258064516,1.1485251380768722,0.5825743679487441,33.98663590530077,1.1485251380768722,1.1485251380768722,1,1,1.7598870056497176,2.016949152542373,0.9934640522875817,0.9398340248962656,1.1485251380768722,1.9259887005649718,1.9259887005649718,quarterly_reset_hist_anchor50,0.4,250,0
0.4,471,1.8627118644067797,500,0,0.39065817409766457,0.3379032258064516,1.1561244293105108,0.5825743679487441,35.76258825274648,1.1561244293105108,1.1561244293105108,1,1,1.7796610169491527,1.9378531073446328,0.9523809523809524,0.9313304721030042,1.1561244293105108,1.8627118644067797,1.8627118644067797,quarterly_reset_hist_anchor50,0.4,500,0
0.4,228,0.9016949152542374,250,3,0.36403508771929827,0.3379032258064516,1.0773353431310975,0.5825743679487441,25.119850572314938,1.0773353431310975,1.0773353431310975,1,1,0.8107344632768362,0.9491525423728814,0.9645390070921986,0.8430493273542601,1.0773353431310975,0.9016949152542374,0.9016949152542374,quarterly_reset_hist_anchor50,0.4,250,3
0.18,522,2.064406779661017,0,0,0.39080459770114945,0.3379032258064516,1.1565577593065044,0.5884900828200083,24.709793978082963,1.1565577593065044,1.1565577593065044,1,1,1.8587570621468927,2.2937853107344632,0.935672514619883,0.9245647969052224,1.1565577593065044,2.064406779661017,2.064406779661017,quarterly_decay_hist_anchor25,0.18,0,0
0.18,390,1.5423728813559323,120,0,0.40512820512820513,0.3379032258064516,1.1989474328376477,0.5884900828200083,29.996440908799432,1.1989474328376477,1.1989474328376477,1,1,1.344632768361582,1.6412429378531075,1.0588235294117647,0.9454545454545454,1.1989474328376477,1.5423728813559323,1.5423728813559323,quarterly_decay_hist_anchor25,0.18,120,0
0.18,407,1.6096045197740114,250,0,0.3857493857493858,0.3379032258064516,1.141597227516082,0.5884900828200083,24.95454143073727,1.141597227516082,1.141597227516082,1,1,1.423728813559322,1.7401129943502827,0.975609756097561,0.9154228855721394,1.141597227516082,1.6096045197740114,1.6096045197740114,quarterly_decay_hist_anchor25,0.18,250,0
0.18,462,1.827118644067797,500,0,0.38311688311688313,0.3379032258064516,1.1338065276012772,0.5884900828200083,20.791620275461536,1.1338065276012772,1.1338065276012772,1,1,1.6016949152542375,2.036723163841808,0.9824561403508771,0.9168490153172867,1.1338065276012772,1.827118644067797,1.827118644067797,quarterly_decay_hist_anchor25,0.18,500,0
0.18,185,0.731638418079096,250,3,0.31891891891891894,0.3379032258064516,0.943817325678901,0.5884900828200083,12.549598770349306,0.943817325678901,0.943817325678901,0,1,0.692090395480226,0.8107344632768362,0.7402985074626867,0.8055555555555556,0.943817325678901,0.731638418079096,0.731638418079096,quarterly_decay_hist_anchor25,0.18,250,3
0.2,535,2.115819209039548,0,0,0.3925233644859813,0.3379032258064516,1.161644324493119,0.5884900828200083,27.489023971997092,1.161644324493119,1.161644324493119,1,1,1.8983050847457628,2.4124293785310735,0.9617486338797815,0.9264150943396227,1.161644324493119,2.115819209039548,2.115819209039548,quarterly_decay_hist_anchor25,0.2,0,0
0.2,414,1.6372881355932203,120,0,0.39855072463768115,0.3379032258064516,1.179481858116288,0.5884900828200083,27.162551087253146,1.179481858116288,1.179481858116288,1,1,1.463276836158192,1.7401129943502827,1.0090090090090091,0.9339853300733496,1.179481858116288,1.6372881355932203,1.6372881355932203,quarterly_decay_hist_anchor25,0.2,120,0
0.2,432,1.7084745762711866,250,0,0.3888888888888889,0.3379032258064516,1.15088835852559,0.5884900828200083,25.30058791085203,1.15088835852559,1.15088835852559,1,1,1.5621468926553672,1.8192090395480227,0.9808429118773946,0.9227166276346604,1.15088835852559,1.7084745762711866,1.7084745762711866,quarterly_decay_hist_anchor25,0.2,250,0
0.2,486,1.9220338983050849,500,0,0.38271604938271603,0.3379032258064516,1.132620289342644,0.5884900828200083,19.893541012730434,1.132620289342644,1.132620289342644,1,1,1.7203389830508475,2.096045197740113,0.9150326797385621,0.9126819126819127,1.132620289342644,1.9220338983050849,1.9220338983050849,quarterly_decay_hist_anchor25,0.2,500,0
0.2,195,0.7711864406779662,250,3,0.3435897435897436,0.3379032258064516,1.0168288354445874,0.5884900828200083,17.958692866397286,1.0168288354445874,1.0168288354445874,1,1,0.7514124293785311,0.8305084745762712,0.779261586802828,0.8157894736842105,1.0168288354445874,0.7711864406779662,0.7711864406779662,quarterly_decay_hist_anchor25,0.2,250,3
0.22,572,2.2621468926553674,0,0,0.3951048951048951,0.3379032258064516,1.1692841764440811,0.5884900828200083,29.030676176547054,1.1692841764440811,1.1692841764440811,1,1,2.016949152542373,2.4915254237288136,0.9735449735449735,0.9365079365079365,1.1692841764440811,2.2621468926553674,2.2621468926553674,quarterly_decay_hist_anchor25,0.22,0,0
0.22,437,1.7282485875706217,120,0,0.39816933638443935,0.3379032258064516,1.178353167342971,0.5884900828200083,28.59525218004093,1.178353167342971,1.178353167342971,1,1,1.6610169491525424,1.8192090395480227,1.0158730158730158,0.9328703703703703,1.178353167342971,1.7282485875706217,1.7282485875706217,quarterly_decay_hist_anchor25,0.22,120,0
0.22,455,1.7994350282485876,250,0,0.3934065934065934,0.3379032258064516,1.1642581761913504,0.5884900828200083,27.81814445780796,1.1642581761913504,1.1642581761913504,1,1,1.6610169491525424,1.9180790960451979,0.974910394265233,0.9222222222222223,1.1642581761913504,1.7994350282485876,1.7994350282485876,quarterly_decay_hist_anchor25,0.22,250,0
0.22,511,2.02090395480226,500,0,0.3796477495107632,0.3379032258064516,1.123539879220397,0.5884900828200083,20.136753067639752,1.123539879220397,1.123539879220397,1,1,1.8587570621468927,2.1751412429378534,0.9454545454545454,0.9110671936758893,1.123539879220397,2.02090395480226,2.02090395480226,quarterly_decay_hist_anchor25,0.22,500,0
0.22,206,0.8146892655367233,250,3,0.35436893203883496,0.3379032258064516,1.0487290590170772,0.5884900828200083,21.18307646157802,1.0487290590170772,1.0487290590170772,1,1,0.7711864406779662,0.8898305084745763,0.8541905855338692,0.8059701492537313,1.0487290590170772,0.8146892655367233,0.8146892655367233,quarterly_decay_hist_anchor25,0.22,250,3
0.25,613,2.4242937853107343,0,0,0.3964110929853181,0.3379032258064516,1.173149773989963,0.5884900828200083,29.97810004300732,1.173149773989963,1.173149773989963,1,1,2.135593220338983,2.689265536723164,1.0196078431372548,0.9473684210526315,1.173149773989963,2.4242937853107343,2.4242937853107343,quarterly_decay_hist_anchor25,0.25,0,0
0.25,460,1.8192090395480227,120,0,0.39565217391304347,0.3379032258064516,1.1709038082390786,0.5884900828200083,26.888551741309712,1.1709038082390786,1.1709038082390786,1,1,1.7401129943502827,1.9378531073446328,1.0303030303030303,0.9296703296703297,1.1709038082390786,1.8192090395480227,1.8192090395480227,quarterly_decay_hist_anchor25,0.25,120,0
0.25,490,1.9378531073446328,250,0,0.39183673469387753,0.3379032258064516,1.1596122936047928,0.5884900828200083,25.322042528533604,1.1596122936047928,1.1596122936047928,1,1,1.7796610169491527,2.076271186440678,0.9673202614379085,0.9154639175257732,1.1596122936047928,1.9378531073446328,1.9378531073446328,quarterly_decay_hist_anchor25,0.25,250,0
0.25,548,2.167231638418079,500,0,0.3813868613138686,0.3379032258064516,1.1286866540076304,0.5884900828200083,21.269135980048052,1.1286866540076304,1.1286866540076304,1,1,1.9378531073446328,2.3333333333333335,0.9491525423728814,0.9208103130755064,1.1286866540076304,2.167231638418079,2.167231638418079,quarterly_decay_hist_anchor25,0.25,500,0
0.25,225,0.8898305084745763,250,3,0.35555555555555557,0.3379032258064516,1.0522407849376825,0.5884900828200083,20.09200614045721,1.0522407849376825,1.0522407849376825,1,1,0.8107344632768362,0.9491525423728814,0.9028030578813251,0.8,1.0522407849376825,0.8898305084745763,0.8898305084745763,quarterly_decay_hist_anchor25,0.25,250,3
0.3,666,2.6338983050847458,0,0,0.4039039039039039,0.3379032258064516,1.195324202484107,0.5884900828200083,33.45167832418383,1.195324202484107,1.195324202484107,1,1,2.3926553672316384,2.847457627118644,1.0740740740740742,0.9546142208774584,1.195324202484107,2.6338983050847458,2.6338983050847458,quarterly_decay_hist_anchor25,0.3,0,0
0.3,497,1.965536723163842,120,0,0.3903420523138833,0.3379032258064516,1.1551888899026619,0.5884900828200083,29.146271300409566,1.1551888899026619,1.1551888899026619,1,1,1.8785310734463279,2.056497175141243,1.0171821305841924,0.9308943089430894,1.1551888899026619,1.965536723163842,1.965536723163842,quarterly_decay_hist_anchor25,0.3,120,0
0.3,559,2.210734463276836,250,0,0.3881932021466905,0.3379032258064516,1.1488295242527358,0.5884900828200083,23.552424027437652,1.1488295242527358,1.1488295242527358,1,1,2.016949152542373,2.3135593220338984,0.9800569800569802,0.927797833935018,1.1488295242527358,2.210734463276836,2.210734463276836,quarterly_decay_hist_anchor25,0.3,250,0
0.3,622,2.4598870056497177,500,0,0.39389067524115756,0.3379032258064516,1.1656907811432826,0.5884900828200083,28.182252923039222,1.1656907811432826,1.1656907811432826,1,1,2.2344632768361583,2.610169491525424,1.0101010101010102,0.9367909238249594,1.1656907811432826,2.4598870056497177,2.4598870056497177,quarterly_decay_hist_anchor25,0.3,500,0
0.3,255,1.0084745762711864,250,3,0.34509803921568627,0.3379032258064516,1.0212925265571622,0.5884900828200083,18.941512811094917,1.0212925265571622,1.0212925265571622,1,1,0.9293785310734464,1.0282485875706215,0.9253731343283582,0.832,1.0212925265571622,1.0084745762711864,1.0084745762711864,quarterly_decay_hist_anchor25,0.3,250,3
0.35,717,2.8355932203389833,0,0,0.4100418410041841,0.3379032258064516,1.2134889805374423,0.5884900828200083,34.92266396603703,1.2134889805374423,1.2134889805374423,1,1,2.629943502824859,2.9858757062146895,1.0772626931567328,0.9578651685393258,1.2134889805374423,2.8355932203389833,2.8355932203389833,quarterly_decay_hist_anchor25,0.35,0,0
0.35,531,2.1,120,0,0.3935969868173258,0.3379032258064516,1.1648216316312268,0.5884900828200083,28.103393113920614,1.1648216316312268,1.1648216316312268,1,1,2.016949152542373,2.1751412429378534,1.0218068535825544,0.9239543726235742,1.1648216316312268,2.1,2.1,quarterly_decay_hist_anchor25,0.35,120,0
0.35,600,2.3728813559322033,250,0,0.385,0.3379032258064516,1.139379474940334,0.5884900828200083,22.609988582953733,1.139379474940334,1.139379474940334,1,1,2.194915254237288,2.4915254237288136,1.0158730158730158,0.934453781512605,1.139379474940334,2.3728813559322033,2.3728813559322033,quarterly_decay_hist_anchor25,0.35,250,0
0.35,680,2.689265536723164,500,0,0.40441176470588236,0.3379032258064516,1.1968271795591745,0.5884900828200083,32.65904624309987,1.1968271795591745,1.1968271795591745,1,1,2.550847457627119,2.867231638418079,1.0850574712643677,0.9555555555555556,1.1968271795591745,2.689265536723164,2.689265536723164,quarterly_decay_hist_anchor25,0.35,500,0
0.35,275,1.0875706214689267,250,3,0.33454545454545453,0.3379032258064516,0.9900629203731829,0.5884900828200083,16.50307886481338,0.9900629203731829,0.9900629203731829,0,1,0.9887005649717514,1.1468926553672316,0.8934637159032425,0.8296296296296296,0.9900629203731829,1.0875706214689267,1.0875706214689267,quarterly_decay_hist_anchor25,0.35,250,3
0.4,777,3.0728813559322035,0,0,0.4041184041184041,0.3379032258064516,1.195959000254943,0.5884900828200083,34.86770254800035,1.195959000254943,1.195959000254943,1,1,2.9661016949152543,3.1638418079096047,1.0833333333333333,0.966321243523316,1.195959000254943,3.0728813559322035,3.0728813559322035,quarterly_decay_hist_anchor25,0.4,0,0
0.4,567,2.2423728813559323,120,0,0.3880070546737213,0.3379032258064516,1.1482786343565978,0.5884900828200083,27.214240787225524,1.1482786343565978,1.1482786343565978,1,1,2.1553672316384183,2.3333333333333335,1.0476190476190477,0.9341637010676157,1.1482786343565978,2.2423728813559323,2.2423728813559323,quarterly_decay_hist_anchor25,0.4,120,0
0.4,663,2.6220338983050846,250,0,0.3951734539969834,0.3379032258064516,1.1694870714946526,0.5884900828200083,27.460046059993207,1.1694870714946526,1.1694870714946526,1,1,2.531073446327684,2.689265536723164,1.0074074074074073,0.9422492401215805,1.1694870714946526,2.6220338983050846,2.6220338983050846,quarterly_decay_hist_anchor25,0.4,250,0
0.4,749,2.9621468926553676,500,0,0.40053404539385845,0.3379032258064516,1.1853513515235907,0.5884900828200083,33.754737675531835,1.1853513515235907,1.1853513515235907,1,1,2.847457627118644,3.0649717514124295,1.0666666666666667,0.9596774193548387,1.1853513515235907,2.9621468926553676,2.9621468926553676,quarterly_decay_hist_anchor25,0.4,500,0
0.4,302,1.1943502824858758,250,3,0.3543046357615894,0.3379032258064516,1.0485387788648468,0.5884900828200083,22.76349038863012,1.0485387788648468,1.0485387788648468,1,1,1.1468926553672316,1.2457627118644068,0.9253731343283582,0.8585858585858586,1.0485387788648468,1.1943502824858758,1.1943502824858758,quarterly_decay_hist_anchor25,0.4,250,3
