Code,Quantity,Rate,Diff,Name,Date,ValidFromDate
CNY,10,3.8931,0.0026,ჩინური იუანი,9/4/2026,9/5/2026
RUB,100,3.0189,0.0015,რუსული რუბლი,9/4/2026,9/5/2026
USD,1,2.6126,0.0054,აშშ დოლარი,9/4/2026,9/5/2026
CNY,10,3.8957,0.0022,ჩინური იუანი,9/3/2026,9/4/2026
RUB,100,3.0204,0.0020,რუსული რუბლი,9/3/2026,9/4/2026
USD,1,2.6180,0.0025,აშშ დოლარი,9/3/2026,9/4/2026
CNY,10,3.8979,0.0068,ჩინური იუანი,9/2/2026,9/3/2026
RUB,100,3.0184,0.0080,რუსული რუბლი,9/2/2026,9/3/2026
USD,1,2.6205,0.0045,აშშ დოლარი,9/2/2026,9/3/2026
CNY,10,3.9047,0.0127,ჩინური იუანი,9/1/2026,9/2/2026
RUB,100,3.0264,0.0003,რუსული რუბლი,9/1/2026,9/2/2026
USD,1,2.6250,0.0094,აშშ დოლარი,9/1/2026,9/2/2026
CNY,10,3.8920,0.0052,ჩინური იუანი,8/31/2026,9/1/2026
RUB,100,3.0261,0.0235,რუსული რუბლი,8/31/2026,9/1/2026
USD,1,2.6156,0.0031,აშშ დოლარი,8/31/2026,9/1/2026
CNY,10,3.8868,0.0106,ჩინური იუანი,8/27/2026,8/28/2026
RUB,100,3.0496,0.0622,რუსული რუბლი,8/27/2026,8/28/2026
USD,1,2.6125,0.0070,აშშ დოლარი,8/27/2026,8/28/2026
CNY,10,3.8974,0.0064,ჩინური იუანი,8/26/2026,8/27/2026
RUB,100,3.1118,0.0140,რუსული რუბლი,8/26/2026,8/27/2026
USD,1,2.6195,0.0042,აშშ დოლარი,8/26/2026,8/27/2026
CNY,10,3.8910,0.0061,ჩინური იუანი,8/25/2026,8/26/2026
RUB,100,3.0978,0.0382,რუსული რუბლი,8/25/2026,8/26/2026
USD,1,2.6153,0.0032,აშშ დოლარი,8/25/2026,8/26/2026
CNY,10,3.8849,0.0015,ჩინური იუანი,8/24/2026,8/25/2026
RUB,100,3.1360,0.0149,რუსული რუბლი,8/24/2026,8/25/2026
USD,1,2.6121,0.0004,აშშ დოლარი,8/24/2026,8/25/2026
CNY,10,3.8864,0.0002,ჩინური იუანი,8/21/2026,8/22/2026
RUB,100,3.1509,0.0126,რუსული რუბლი,8/21/2026,8/22/2026
USD,1,2.6125,0.0005,აშშ დოლარი,8/21/2026,8/22/2026
CNY,10,3.8866,0.0076,ჩინური იუანი,8/20/2026,8/21/2026
RUB,100,3.1383,0.0610,რუსული რუბლი,8/20/2026,8/21/2026
USD,1,2.6130,0.0008,აშშ დოლარი,8/20/2026,8/21/2026
CNY,10,3.8790,0.0026,ჩინური იუანი,8/19/2026,8/20/2026
RUB,100,3.0773,0.0023,რუსული რუბლი,8/19/2026,8/20/2026
USD,1,2.6138,0.0007,აშშ დოლარი,8/19/2026,8/20/2026
CNY,10,3.8764,0.0042,ჩინური იუანი,8/18/2026,8/19/2026
RUB,100,3.0750,0.0064,რუსული რუბლი,8/18/2026,8/19/2026
USD,1,2.6145,0.0007,აშშ დოლარი,8/18/2026,8/19/2026
CNY,10,3.8806,0.0003,ჩინური იუანი,8/17/2026,8/18/2026
RUB,100,3.0686,0.0419,რუსული რუბლი,8/17/2026,8/18/2026
USD,1,2.6152,0.0010,აშშ დოლარი,8/17/2026,8/18/2026
CNY,10,3.8803,0.0004,ჩინური იუანი,8/14/2026,8/15/2026
RUB,100,3.1105,0.0181,რუსული რუბლი,8/14/2026,8/15/2026
USD,1,2.6162,0.0009,აშშ დოლარი,8/14/2026,8/15/2026
CNY,10,3.8807,0.0012,ჩინური იუანი,8/13/2026,8/14/2026
RUB,100,3.1286,0.0297,რუსული რუბლი,8/13/2026,8/14/2026
USD,1,2.6171,0.0010,აშშ დოლარი,8/13/2026,8/14/2026
CNY,10,3.8819,0.0007,ჩინური იუანი,8/12/2026,8/13/2026
RUB,100,3.1583,0.0263,რუსული რუბლი,8/12/2026,8/13/2026
USD,1,2.6181,0.0010,აშშ დოლარი,8/12/2026,8/13/2026
CNY,10,3.8826,0.0016,ჩინური იუანი,8/11/2026,8/12/2026
RUB,100,3.1846,0.0159,რუსული რუბლი,8/11/2026,8/12/2026
USD,1,2.6191,0.0007,აშშ დოლარი,8/11/2026,8/12/2026
CNY,10,3.8842,0.0018,ჩინური იუანი,8/10/2026,8/11/2026
RUB,100,3.1687,0.0337,რუსული რუბლი,8/10/2026,8/11/2026
USD,1,2.6198,0.0012,აშშ დოლარი,8/10/2026,8/11/2026
CNY,10,3.8824,0.0025,ჩინური იუანი,8/7/2026,8/8/2026
RUB,100,3.2024,0.0257,რუსული რუბლი,8/7/2026,8/8/2026
USD,1,2.6210,0.0013,აშშ დოლარი,8/7/2026,8/8/2026
CNY,10,3.8849,0.0005,ჩინური იუანი,8/6/2026,8/7/2026
RUB,100,3.2281,0.0059,რუსული რუბლი,8/6/2026,8/7/2026
USD,1,2.6223,0.0006,აშშ დოლარი,8/6/2026,8/7/2026
CNY,10,3.8854,0.0008,ჩინური იუანი,8/5/2026,8/6/2026
RUB,100,3.2340,0.0217,რუსული რუბლი,8/5/2026,8/6/2026
USD,1,2.6229,0.0010,აშშ დოლარი,8/5/2026,8/6/2026
CNY,10,3.8846,0.0020,ჩინური იუანი,8/4/2026,8/5/2026
RUB,100,3.2557,0.0295,რუსული რუბლი,8/4/2026,8/5/2026
USD,1,2.6239,0.0010,აშშ დოლარი,8/4/2026,8/5/2026
CNY,10,3.8866,0.0030,ჩინური იუანი,8/3/2026,8/4/2026
RUB,100,3.2852,0.0158,რუსული რუბლი,8/3/2026,8/4/2026
USD,1,2.6249,0.0010,აშშ დოლარი,8/3/2026,8/4/2026
CNY,10,3.8896,0.0020,ჩინური იუანი,7/31/2026,8/1/2026
RUB,100,3.3010,0.0203,რუსული რუბლი,7/31/2026,8/1/2026
USD,1,2.6259,0.0007,აშშ დოლარი,7/31/2026,8/1/2026
CNY,10,3.8876,0.0057,ჩინური იუანი,7/30/2026,7/31/2026
RUB,100,3.2807,0.0313,რუსული რუბლი,7/30/2026,7/31/2026
USD,1,2.6266,0.0006,აშშ დოლარი,7/30/2026,7/31/2026
CNY,10,3.8819,0.0025,ჩინური იუანი,7/29/2026,7/30/2026
RUB,100,3.3120,0.0339,რუსული რუბლი,7/29/2026,7/30/2026
USD,1,2.6272,0.0006,აშშ დოლარი,7/29/2026,7/30/2026
CNY,10,3.8794,0.0040,ჩინური იუანი,7/28/2026,7/29/2026
RUB,100,3.3459,0.0207,რუსული რუბლი,7/28/2026,7/29/2026
USD,1,2.6278,0.0003,აშშ დოლარი,7/28/2026,7/29/2026
CNY,10,3.8834,0.0027,ჩინური იუანი,7/27/2026,7/28/2026
RUB,100,3.3666,0.0031,რუსული რუბლი,7/27/2026,7/28/2026
USD,1,2.6281,0.0004,აშშ დოლარი,7/27/2026,7/28/2026
CNY,10,3.8807,0.0010,ჩინური იუანი,7/24/2026,7/25/2026
RUB,100,3.3635,0.0122,რუსული რუბლი,7/24/2026,7/25/2026
USD,1,2.6285,0.0000,აშშ დოლარი,7/24/2026,7/25/2026
CNY,10,3.8817,0.0007,ჩინური იუანი,7/23/2026,7/24/2026
RUB,100,3.3513,0.0009,რუსული რუბლი,7/23/2026,7/24/2026
USD,1,2.6285,0.0005,აშშ დოლარი,7/23/2026,7/24/2026
CNY,10,3.8810,0.0054,ჩინური იუანი,7/22/2026,7/23/2026
RUB,100,3.3522,0.0061,რუსული რუბლი,7/22/2026,7/23/2026
USD,1,2.6290,0.0011,აშშ დოლარი,7/22/2026,7/23/2026
CNY,10,3.8864,0.0007,ჩინური იუანი,7/21/2026,7/22/2026
RUB,100,3.3461,0.0148,რუსული რუბლი,7/21/2026,7/22/2026
USD,1,2.6301,0.0014,აშშ დოლარი,7/21/2026,7/22/2026
CNY,10,3.8871,0.0045,ჩინური იუანი,7/20/2026,7/21/2026
RUB,100,3.3609,0.0006,რუსული რუბლი,7/20/2026,7/21/2026
USD,1,2.6315,0.0012,აშშ დოლარი,7/20/2026,7/21/2026
CNY,10,3.8826,0.0079,ჩინური იუანი,7/17/2026,7/18/2026
RUB,100,3.3603,0.0173,რუსული რუბლი,7/17/2026,7/18/2026
USD,1,2.6327,0.0006,აშშ დოლარი,7/17/2026,7/18/2026
CNY,10,3.8905,0.0029,ჩინური იუანი,7/16/2026,7/17/2026
RUB,100,3.3776,0.0040,რუსული რუბლი,7/16/2026,7/17/2026
USD,1,2.6333,0.0011,აშშ დოლარი,7/16/2026,7/17/2026
CNY,10,3.8876,0.0020,ჩინური იუანი,7/15/2026,7/16/2026
RUB,100,3.3816,0.0210,რუსული რუბლი,7/15/2026,7/16/2026
USD,1,2.6344,0.0006,აშშ დოლარი,7/15/2026,7/16/2026
CNY,10,3.8856,0.0027,ჩინური იუანი,7/14/2026,7/15/2026
RUB,100,3.4026,0.0305,რუსული რუბლი,7/14/2026,7/15/2026
USD,1,2.6350,0.0009,აშშ დოლარი,7/14/2026,7/15/2026
CNY,10,3.8883,0.0036,ჩინური იუანი,7/13/2026,7/14/2026
RUB,100,3.4331,0.0118,რუსული რუბლი,7/13/2026,7/14/2026
USD,1,2.6359,0.0012,აშშ დოლარი,7/13/2026,7/14/2026
CNY,10,3.8919,0.0101,ჩინური იუანი,7/10/2026,7/11/2026
RUB,100,3.4449,0.0183,რუსული რუბლი,7/10/2026,7/11/2026
USD,1,2.6371,0.0005,აშშ დოლარი,7/10/2026,7/11/2026
CNY,10,3.8818,0.0013,ჩინური იუანი,7/9/2026,7/10/2026
RUB,100,3.4632,0.0173,რუსული რუბლი,7/9/2026,7/10/2026
USD,1,2.6376,0.0008,აშშ დოლარი,7/9/2026,7/10/2026
CNY,10,3.8805,0.0044,ჩინური იუანი,7/8/2026,7/9/2026
RUB,100,3.4459,0.0165,რუსული რუბლი,7/8/2026,7/9/2026
USD,1,2.6384,0.0009,აშშ დოლარი,7/8/2026,7/9/2026
CNY,10,3.8849,0.0009,ჩინური იუანი,7/7/2026,7/8/2026
RUB,100,3.4624,0.0625,რუსული რუბლი,7/7/2026,7/8/2026
USD,1,2.6393,0.0010,აშშ დოლარი,7/7/2026,7/8/2026
CNY,10,3.8858,0.0076,ჩინური იუანი,7/6/2026,7/7/2026
RUB,100,3.3999,0.0215,რუსული რუბლი,7/6/2026,7/7/2026
USD,1,2.6403,0.0012,აშშ დოლარი,7/6/2026,7/7/2026
CNY,10,3.8934,0.0027,ჩინური იუანი,7/3/2026,7/4/2026
RUB,100,3.4214,0.0207,რუსული რუბლი,7/3/2026,7/4/2026
USD,1,2.6415,0.0009,აშშ დოლარი,7/3/2026,7/4/2026
CNY,10,3.8907,0.0005,ჩინური იუანი,7/2/2026,7/3/2026
RUB,100,3.4007,0.0109,რუსული რუბლი,7/2/2026,7/3/2026
USD,1,2.6424,0.0007,აშშ დოლარი,7/2/2026,7/3/2026
CNY,10,3.8902,0.0065,ჩინური იუანი,7/1/2026,7/2/2026
RUB,100,3.3898,0.0005,რუსული რუბლი,7/1/2026,7/2/2026
USD,1,2.6431,0.0013,აშშ დოლარი,7/1/2026,7/2/2026
CNY,10,3.8967,0.0033,ჩინური იუანი,6/30/2026,7/1/2026
RUB,100,3.3893,0.0185,რუსული რუბლი,6/30/2026,7/1/2026
USD,1,2.6444,0.0009,აშშ დოლარი,6/30/2026,7/1/2026
CNY,10,3.8934,0.0019,ჩინური იუანი,6/29/2026,6/30/2026
RUB,100,3.4078,0.0026,რუსული რუბლი,6/29/2026,6/30/2026
USD,1,2.6453,0.0009,აშშ დოლარი,6/29/2026,6/30/2026
CNY,10,3.8915,0.0011,ჩინური იუანი,6/26/2026,6/27/2026
RUB,100,3.4052,0.1105,რუსული რუბლი,6/26/2026,6/27/2026
USD,1,2.6462,0.0006,აშშ დოლარი,6/26/2026,6/27/2026
CNY,10,3.8926,0.0055,ჩინური იუანი,6/25/2026,6/26/2026
RUB,100,3.5157,0.0239,რუსული რუბლი,6/25/2026,6/26/2026
USD,1,2.6468,0.0005,აშშ დოლარი,6/25/2026,6/26/2026
CNY,10,3.8871,0.0159,ჩინური იუანი,6/24/2026,6/25/2026
RUB,100,3.5396,0.0130,რუსული რუბლი,6/24/2026,6/25/2026
USD,1,2.6473,0.0007,აშშ დოლარი,6/24/2026,6/25/2026
CNY,10,3.9030,0.0059,ჩინური იუანი,6/23/2026,6/24/2026
RUB,100,3.5526,0.0433,რუსული რუბლი,6/23/2026,6/24/2026
USD,1,2.6480,0.0007,აშშ დოლარი,6/23/2026,6/24/2026
CNY,10,3.9089,0.0072,ჩინური იუანი,6/22/2026,6/23/2026
RUB,100,3.5959,0.0277,რუსული რუბლი,6/22/2026,6/23/2026
USD,1,2.6487,0.0018,აშშ დოლარი,6/22/2026,6/23/2026
CNY,10,3.9161,0.0023,ჩინური იუანი,6/19/2026,6/20/2026
RUB,100,3.6236,0.0037,რუსული რუბლი,6/19/2026,6/20/2026
USD,1,2.6505,0.0022,აშშ დოლარი,6/19/2026,6/20/2026
CNY,10,3.9184,0.0090,ჩინური იუანი,6/18/2026,6/19/2026
RUB,100,3.6199,0.0283,რუსული რუბლი,6/18/2026,6/19/2026
USD,1,2.6527,0.0016,აშშ დოლარი,6/18/2026,6/19/2026
CNY,10,3.9274,0.0027,ჩინური იუანი,6/17/2026,6/18/2026
RUB,100,3.6482,0.0252,რუსული რუბლი,6/17/2026,6/18/2026
USD,1,2.6543,0.0011,აშშ დოლარი,6/17/2026,6/18/2026
CNY,10,3.9301,0.0006,ჩინური იუანი,6/16/2026,6/17/2026
RUB,100,3.6734,0.0080,რუსული რუბლი,6/16/2026,6/17/2026
USD,1,2.6554,0.0009,აშშ დოლარი,6/16/2026,6/17/2026
CNY,10,3.9307,0.0008,ჩინური იუანი,6/15/2026,6/16/2026
RUB,100,3.6654,0.0038,რუსული რუბლი,6/15/2026,6/16/2026
USD,1,2.6563,0.0014,აშშ დოლარი,6/15/2026,6/16/2026
CNY,10,3.9299,0.0076,ჩინური იუანი,6/12/2026,6/13/2026
RUB,100,3.6692,0.0227,რუსული რუბლი,6/12/2026,6/13/2026
USD,1,2.6577,0.0009,აშშ დოლარი,6/12/2026,6/13/2026
CNY,10,3.9223,0.0007,ჩინური იუანი,6/11/2026,6/12/2026
RUB,100,3.6919,0.0050,რუსული რუბლი,6/11/2026,6/12/2026
USD,1,2.6586,0.0007,აშშ დოლარი,6/11/2026,6/12/2026
CNY,10,3.9230,0.0061,ჩინური იუანი,6/10/2026,6/11/2026
RUB,100,3.6969,0.0141,რუსული რუბლი,6/10/2026,6/11/2026
USD,1,2.6593,0.0014,აშშ დოლარი,6/10/2026,6/11/2026
CNY,10,3.9291,0.0048,ჩინური იუანი,6/9/2026,6/10/2026
RUB,100,3.7110,0.0785,რუსული რუბლი,6/9/2026,6/10/2026
USD,1,2.6607,0.0018,აშშ დოლარი,6/9/2026,6/10/2026
CNY,10,3.9243,0.0124,ჩინური იუანი,6/8/2026,6/9/2026
RUB,100,3.6325,0.0019,რუსული რუბლი,6/8/2026,6/9/2026
USD,1,2.6625,0.0013,აშშ დოლარი,6/8/2026,6/9/2026
CNY,10,3.9367,0.0033,ჩინური იუანი,6/5/2026,6/6/2026
RUB,100,3.6306,0.0321,რუსული რუბლი,6/5/2026,6/6/2026
USD,1,2.6638,0.0009,აშშ დოლარი,6/5/2026,6/6/2026
CNY,10,3.9334,0.0034,ჩინური იუანი,6/4/2026,6/5/2026
RUB,100,3.5985,0.0352,რუსული რუბლი,6/4/2026,6/5/2026
USD,1,2.6647,0.0006,აშშ დოლარი,6/4/2026,6/5/2026
CNY,10,3.9368,0.0054,ჩინური იუანი,6/3/2026,6/4/2026
RUB,100,3.6337,0.0322,რუსული რუბლი,6/3/2026,6/4/2026
USD,1,2.6653,0.0007,აშშ დოლარი,6/3/2026,6/4/2026
CNY,10,3.9422,0.0005,ჩინური იუანი,6/2/2026,6/3/2026
RUB,100,3.6659,0.0502,რუსული რუბლი,6/2/2026,6/3/2026
USD,1,2.6660,0.0013,აშშ დოლარი,6/2/2026,6/3/2026
CNY,10,3.9427,0.0017,ჩინური იუანი,6/1/2026,6/2/2026
RUB,100,3.7161,0.0494,რუსული რუბლი,6/1/2026,6/2/2026
USD,1,2.6673,0.0020,აშშ დოლარი,6/1/2026,6/2/2026
CNY,10,3.9444,0.0054,ჩინური იუანი,5/29/2026,5/30/2026
RUB,100,3.7655,0.0055,რუსული რუბლი,5/29/2026,5/30/2026
USD,1,2.6693,0.0015,აშშ დოლარი,5/29/2026,5/30/2026
CNY,10,3.9390,0.0007,ჩინური იუანი,5/28/2026,5/29/2026
RUB,100,3.7600,0.0071,რუსული რუბლი,5/28/2026,5/29/2026
USD,1,2.6708,0.0008,აშშ დოლარი,5/28/2026,5/29/2026
CNY,10,3.9397,0.0002,ჩინური იუანი,5/27/2026,5/28/2026
RUB,100,3.7529,0.0063,რუსული რუბლი,5/27/2026,5/28/2026
USD,1,2.6716,0.0016,აშშ დოლარი,5/27/2026,5/28/2026
CNY,10,3.9395,0.0044,ჩინური იუანი,5/25/2026,5/26/2026
RUB,100,3.7466,0.0065,რუსული რუბლი,5/25/2026,5/26/2026
USD,1,2.6732,0.0012,აშშ დოლარი,5/25/2026,5/26/2026
CNY,10,3.9351,0.0024,ჩინური იუანი,5/22/2026,5/23/2026
RUB,100,3.7531,0.0299,რუსული რუბლი,5/22/2026,5/23/2026
USD,1,2.6744,0.0006,აშშ დოლარი,5/22/2026,5/23/2026
CNY,10,3.9327,0.0009,ჩინური იუანი,5/21/2026,5/22/2026
RUB,100,3.7830,0.0232,რუსული რუბლი,5/21/2026,5/22/2026
USD,1,2.6750,0.0001,აშშ დოლარი,5/21/2026,5/22/2026
CNY,10,3.9318,0.0002,ჩინური იუანი,5/20/2026,5/21/2026
RUB,100,3.7598,0.0082,რუსული რუბლი,5/20/2026,5/21/2026
USD,1,2.6751,0.0007,აშშ დოლარი,5/20/2026,5/21/2026
CNY,10,3.9316,0.0052,ჩინური იუანი,5/19/2026,5/20/2026
RUB,100,3.7680,0.0760,რუსული რუბლი,5/19/2026,5/20/2026
USD,1,2.6758,0.0016,აშშ დოლარი,5/19/2026,5/20/2026
CNY,10,3.9368,0.0001,ჩინური იუანი,5/18/2026,5/19/2026
RUB,100,3.6920,0.0258,რუსული რუბლი,5/18/2026,5/19/2026
USD,1,2.6774,0.0015,აშშ დოლარი,5/18/2026,5/19/2026
CNY,10,3.9367,0.0133,ჩინური იუანი,5/15/2026,5/16/2026
RUB,100,3.6662,0.0066,რუსული რუბლი,5/15/2026,5/16/2026
USD,1,2.6789,0.0013,აშშ დოლარი,5/15/2026,5/16/2026
CNY,10,3.9500,0.0012,ჩინური იუანი,5/14/2026,5/15/2026
RUB,100,3.6596,0.0023,რუსული რუბლი,5/14/2026,5/15/2026
USD,1,2.6802,0.0016,აშშ დოლარი,5/14/2026,5/15/2026
CNY,10,3.9488,0.0006,ჩინური იუანი,5/13/2026,5/14/2026
RUB,100,3.6573,0.0293,რუსული რუბლი,5/13/2026,5/14/2026
USD,1,2.6818,0.0025,აშშ დოლარი,5/13/2026,5/14/2026
CNY,10,3.9494,0.0004,ჩინური იუანი,5/11/2026,5/12/2026
RUB,100,3.6280,0.0107,რუსული რუბლი,5/11/2026,5/12/2026
USD,1,2.6843,0.0016,აშშ დოლარი,5/11/2026,5/12/2026
CNY,10,3.9490,0.0020,ჩინური იუანი,5/8/2026,5/9/2026
RUB,100,3.6173,0.0188,რუსული რუბლი,5/8/2026,5/9/2026
USD,1,2.6859,0.0015,აშშ დოლარი,5/8/2026,5/9/2026
CNY,10,3.9510,0.0044,ჩინური იუანი,5/7/2026,5/8/2026
RUB,100,3.5985,0.0011,რუსული რუბლი,5/7/2026,5/8/2026
USD,1,2.6874,0.0009,აშშ დოლარი,5/7/2026,5/8/2026
CNY,10,3.9466,0.0086,ჩინური იუანი,5/6/2026,5/7/2026
RUB,100,3.5974,0.0326,რუსული რუბლი,5/6/2026,5/7/2026
USD,1,2.6883,0.0009,აშშ დოლარი,5/6/2026,5/7/2026
CNY,10,3.9380,0.0010,ჩინური იუანი,5/5/2026,5/6/2026
RUB,100,3.5648,0.0008,რუსული რუბლი,5/5/2026,5/6/2026
USD,1,2.6892,0.0007,აშშ დოლარი,5/5/2026,5/6/2026
CNY,10,3.9390,0.0013,ჩინური იუანი,5/4/2026,5/5/2026
RUB,100,3.5640,0.0240,რუსული რუბლი,5/4/2026,5/5/2026
USD,1,2.6899,0.0009,აშშ დოლარი,5/4/2026,5/5/2026
CNY,10,3.9403,0.0019,ჩინური იუანი,5/1/2026,5/2/2026
RUB,100,3.5880,0.0100,რუსული რუბლი,5/1/2026,5/2/2026
USD,1,2.6908,0.0008,აშშ დოლარი,5/1/2026,5/2/2026
CNY,10,3.9422,0.0031,ჩინური იუანი,4/30/2026,5/1/2026
RUB,100,3.5980,0.0074,რუსული რუბლი,4/30/2026,5/1/2026
USD,1,2.6916,0.0004,აშშ დოლარი,4/30/2026,5/1/2026
CNY,10,3.9391,0.0007,ჩინური იუანი,4/29/2026,4/30/2026
RUB,100,3.5906,0.0006,რუსული რუბლი,4/29/2026,4/30/2026
USD,1,2.6920,0.0005,აშშ დოლარი,4/29/2026,4/30/2026
CNY,10,3.9384,0.0092,ჩინური იუანი,4/28/2026,4/29/2026
RUB,100,3.5900,0.0063,რუსული რუბლი,4/28/2026,4/29/2026
USD,1,2.6925,0.0005,აშშ დოლარი,4/28/2026,4/29/2026
CNY,10,3.9476,0.0079,ჩინური იუანი,4/27/2026,4/28/2026
RUB,100,3.5963,0.0250,რუსული რუბლი,4/27/2026,4/28/2026
USD,1,2.6930,0.0002,აშშ დოლარი,4/27/2026,4/28/2026
CNY,10,3.9397,0.0013,ჩინური იუანი,4/24/2026,4/25/2026
RUB,100,3.5713,0.0280,რუსული რუბლი,4/24/2026,4/25/2026
USD,1,2.6932,0.0004,აშშ დოლარი,4/24/2026,4/25/2026
CNY,10,3.9410,0.0063,ჩინური იუანი,4/23/2026,4/24/2026
RUB,100,3.5993,0.0034,რუსული რუბლი,4/23/2026,4/24/2026
USD,1,2.6936,0.0002,აშშ დოლარი,4/23/2026,4/24/2026
CNY,10,3.9473,0.0046,ჩინური იუანი,4/22/2026,4/23/2026
RUB,100,3.5959,0.0025,რუსული რუბლი,4/22/2026,4/23/2026
USD,1,2.6938,0.0000,აშშ დოლარი,4/22/2026,4/23/2026
CNY,10,3.9519,0.0021,ჩინური იუანი,4/21/2026,4/22/2026
RUB,100,3.5984,0.0181,რუსული რუბლი,4/21/2026,4/22/2026
USD,1,2.6938,0.0007,აშშ დოლარი,4/21/2026,4/22/2026
CNY,10,3.9498,0.0019,ჩინური იუანი,4/20/2026,4/21/2026
RUB,100,3.5803,0.0414,რუსული რუბლი,4/20/2026,4/21/2026
USD,1,2.6931,0.0005,აშშ დოლარი,4/20/2026,4/21/2026
CNY,10,3.9479,0.0022,ჩინური იუანი,4/17/2026,4/18/2026
RUB,100,3.5389,0.0045,რუსული რუბლი,4/17/2026,4/18/2026
USD,1,2.6936,0.0010,აშშ დოლარი,4/17/2026,4/18/2026
CNY,10,3.9501,0.0007,ჩინური იუანი,4/16/2026,4/17/2026
RUB,100,3.5344,0.0470,რუსული რუბლი,4/16/2026,4/17/2026
USD,1,2.6946,0.0008,აშშ დოლარი,4/16/2026,4/17/2026
CNY,10,3.9508,0.0049,ჩინური იუანი,4/15/2026,4/16/2026
RUB,100,3.5814,0.0062,რუსული რუბლი,4/15/2026,4/16/2026
USD,1,2.6954,0.0009,აშშ დოლარი,4/15/2026,4/16/2026
CNY,10,3.9557,0.0075,ჩინური იუანი,4/14/2026,4/15/2026
RUB,100,3.5752,0.1431,რუსული რუბლი,4/14/2026,4/15/2026
USD,1,2.6963,0.0002,აშშ დოლარი,4/14/2026,4/15/2026
CNY,10,3.9482,0.0189,ჩინური იუანი,4/8/2026,4/9/2026
RUB,100,3.4321,0.0110,რუსული რუბლი,4/8/2026,4/9/2026
USD,1,2.6965,0.0005,აშშ დოლარი,4/8/2026,4/9/2026
CNY,10,3.9293,0.0098,ჩინური იუანი,4/7/2026,4/8/2026
RUB,100,3.4211,0.0011,რუსული რუბლი,4/7/2026,4/8/2026
USD,1,2.6970,0.0005,აშშ დოლარი,4/7/2026,4/8/2026
CNY,10,3.9195,0.0014,ჩინური იუანი,4/6/2026,4/7/2026
RUB,100,3.4222,0.0518,რუსული რუბლი,4/6/2026,4/7/2026
USD,1,2.6975,0.0006,აშშ დოლარი,4/6/2026,4/7/2026
CNY,10,3.9209,0.0078,ჩინური იუანი,4/3/2026,4/4/2026
RUB,100,3.3704,0.0092,რუსული რუბლი,4/3/2026,4/4/2026
USD,1,2.6981,0.0008,აშშ დოლარი,4/3/2026,4/4/2026
CNY,10,3.9131,0.0132,ჩინური იუანი,4/2/2026,4/3/2026
RUB,100,3.3612,0.0076,რუსული რუბლი,4/2/2026,4/3/2026
USD,1,2.6989,0.0005,აშშ დოლარი,4/2/2026,4/3/2026
CNY,10,3.9263,0.0161,ჩინური იუანი,4/1/2026,4/2/2026
RUB,100,3.3536,0.0300,რუსული რუბლი,4/1/2026,4/2/2026
USD,1,2.6994,0.0021,აშშ დოლარი,4/1/2026,4/2/2026
CNY,10,3.9102,0.0037,ჩინური იუანი,3/31/2026,4/1/2026
RUB,100,3.3236,0.0079,რუსული რუბლი,3/31/2026,4/1/2026
USD,1,2.7015,0.0017,აშშ დოლარი,3/31/2026,4/1/2026
CNY,10,3.9065,0.0044,ჩინური იუანი,3/30/2026,3/31/2026
RUB,100,3.3315,0.0179,რუსული რუბლი,3/30/2026,3/31/2026
USD,1,2.6998,0.0027,აშშ დოლარი,3/30/2026,3/31/2026
CNY,10,3.9109,0.0081,ჩინური იუანი,3/27/2026,3/28/2026
RUB,100,3.3136,0.0240,რუსული რუბლი,3/27/2026,3/28/2026
USD,1,2.7025,0.0041,აშშ დოლარი,3/27/2026,3/28/2026
CNY,10,3.9190,0.0054,ჩინური იუანი,3/26/2026,3/27/2026
RUB,100,3.2896,0.0566,რუსული რუბლი,3/26/2026,3/27/2026
USD,1,2.7066,0.0009,აშშ დოლარი,3/26/2026,3/27/2026
CNY,10,3.9244,0.0176,ჩინური იუანი,3/25/2026,3/26/2026
RUB,100,3.3462,0.0248,რუსული რუბლი,3/25/2026,3/26/2026
USD,1,2.7075,0.0091,აშშ დოლარი,3/25/2026,3/26/2026
CNY,10,3.9420,0.0030,ჩინური იუანი,3/24/2026,3/25/2026
RUB,100,3.3710,0.0560,რუსული რუბლი,3/24/2026,3/25/2026
USD,1,2.7166,0.0057,აშშ დოლარი,3/24/2026,3/25/2026
CNY,10,3.9390,0.0131,ჩინური იუანი,3/23/2026,3/24/2026
RUB,100,3.3150,0.0687,რუსული რუბლი,3/23/2026,3/24/2026
USD,1,2.7223,0.0008,აშშ დოლარი,3/23/2026,3/24/2026
CNY,10,3.9521,0.0012,ჩინური იუანი,3/20/2026,3/21/2026
RUB,100,3.2463,0.0515,რუსული რუბლი,3/20/2026,3/21/2026
USD,1,2.7231,0.0033,აშშ დოლარი,3/20/2026,3/21/2026
CNY,10,3.9533,0.0023,ჩინური იუანი,3/19/2026,3/20/2026
RUB,100,3.1948,0.0807,რუსული რუბლი,3/19/2026,3/20/2026
USD,1,2.7264,0.0075,აშშ დოლარი,3/19/2026,3/20/2026
CNY,10,3.9556,0.0038,ჩინური იუანი,3/18/2026,3/19/2026
RUB,100,3.2755,0.0450,რუსული რუბლი,3/18/2026,3/19/2026
USD,1,2.7189,0.0034,აშშ დოლარი,3/18/2026,3/19/2026
CNY,10,3.9518,0.0185,ჩინური იუანი,3/17/2026,3/18/2026
RUB,100,3.3205,0.0556,რუსული რუბლი,3/17/2026,3/18/2026
USD,1,2.7223,0.0142,აშშ დოლარი,3/17/2026,3/18/2026
CNY,10,3.9703,0.0132,ჩინური იუანი,3/16/2026,3/17/2026
RUB,100,3.3761,0.0056,რუსული რუბლი,3/16/2026,3/17/2026
USD,1,2.7365,0.0075,აშშ დოლარი,3/16/2026,3/17/2026
CNY,10,3.9571,0.0194,ჩინური იუანი,3/13/2026,3/14/2026
RUB,100,3.3817,0.0693,რუსული რუბლი,3/13/2026,3/14/2026
USD,1,2.7290,0.0031,აშშ დოლარი,3/13/2026,3/14/2026
CNY,10,3.9765,0.0016,ჩინური იუანი,3/12/2026,3/13/2026
RUB,100,3.4510,0.0088,რუსული რუბლი,3/12/2026,3/13/2026
USD,1,2.7321,0.0021,აშშ დოლარი,3/12/2026,3/13/2026
CNY,10,3.9749,0.0160,ჩინური იუანი,3/11/2026,3/12/2026
RUB,100,3.4422,0.0409,რუსული რუბლი,3/11/2026,3/12/2026
USD,1,2.7300,0.0138,აშშ დოლარი,3/11/2026,3/12/2026
CNY,10,3.9909,0.0189,ჩინური იუანი,3/10/2026,3/11/2026
RUB,100,3.4831,0.0318,რუსული რუბლი,3/10/2026,3/11/2026
USD,1,2.7438,0.0032,აშშ დოლარი,3/10/2026,3/11/2026
CNY,10,3.9720,0.0112,ჩინური იუანი,3/9/2026,3/10/2026
RUB,100,3.5149,0.0547,რუსული რუბლი,3/9/2026,3/10/2026
USD,1,2.7470,0.0108,აშშ დოლარი,3/9/2026,3/10/2026
CNY,10,3.9608,0.0166,ჩინური იუანი,3/6/2026,3/7/2026
RUB,100,3.4602,0.0324,რუსული რუბლი,3/6/2026,3/7/2026
USD,1,2.7362,0.0057,აშშ დოლარი,3/6/2026,3/7/2026
CNY,10,3.9774,0.0287,ჩინური იუანი,3/5/2026,3/6/2026
RUB,100,3.4926,0.0105,რუსული რუბლი,3/5/2026,3/6/2026
USD,1,2.7419,0.0185,აშშ დოლარი,3/5/2026,3/6/2026
CNY,10,3.9487,0.0366,ჩინური იუანი,3/4/2026,3/5/2026
RUB,100,3.5031,0.0205,რუსული რუბლი,3/4/2026,3/5/2026
USD,1,2.7234,0.0312,აშშ დოლარი,3/4/2026,3/5/2026
CNY,10,3.9121,0.0111,ჩინური იუანი,3/2/2026,3/3/2026
RUB,100,3.4826,0.0207,რუსული რუბლი,3/2/2026,3/3/2026
USD,1,2.6922,0.0163,აშშ დოლარი,3/2/2026,3/3/2026
CNY,10,3.9010,0.0076,ჩინური იუანი,2/27/2026,2/28/2026
RUB,100,3.4619,0.0119,რუსული რუბლი,2/27/2026,2/28/2026
USD,1,2.6759,0.0018,აშშ დოლარი,2/27/2026,2/28/2026
CNY,10,3.9086,0.0160,ჩინური იუანი,2/26/2026,2/27/2026
RUB,100,3.4738,0.0204,რუსული რუბლი,2/26/2026,2/27/2026
USD,1,2.6741,0.0001,აშშ დოლარი,2/26/2026,2/27/2026
CNY,10,3.8926,0.0056,ჩინური იუანი,2/25/2026,2/26/2026
RUB,100,3.4942,0.0043,რუსული რუბლი,2/25/2026,2/26/2026
USD,1,2.6740,0.0002,აშშ დოლარი,2/25/2026,2/26/2026
CNY,10,3.8870,0.0127,ჩინური იუანი,2/24/2026,2/25/2026
RUB,100,3.4899,0.0098,რუსული რუბლი,2/24/2026,2/25/2026
USD,1,2.6742,0.0009,აშშ დოლარი,2/24/2026,2/25/2026
CNY,10,3.8743,0.0013,ჩინური იუანი,2/23/2026,2/24/2026
RUB,100,3.4801,0.0047,რუსული რუბლი,2/23/2026,2/24/2026
USD,1,2.6751,0.0009,აშშ დოლარი,2/23/2026,2/24/2026
CNY,10,3.8756,0.0013,ჩინური იუანი,2/20/2026,2/21/2026
RUB,100,3.4848,0.0030,რუსული რუბლი,2/20/2026,2/21/2026
USD,1,2.6760,0.0009,აშშ დოლარი,2/20/2026,2/21/2026
CNY,10,3.8769,0.0013,ჩინური იუანი,2/19/2026,2/20/2026
RUB,100,3.4878,0.0212,რუსული რუბლი,2/19/2026,2/20/2026
USD,1,2.6769,0.0009,აშშ დოლარი,2/19/2026,2/20/2026
CNY,10,3.8782,0.0016,ჩინური იუანი,2/18/2026,2/19/2026
RUB,100,3.5090,0.0212,რუსული რუბლი,2/18/2026,2/19/2026
USD,1,2.6778,0.0011,აშშ დოლარი,2/18/2026,2/19/2026
CNY,10,3.8798,0.0014,ჩინური იუანი,2/17/2026,2/18/2026
RUB,100,3.4878,0.0090,რუსული რუბლი,2/17/2026,2/18/2026
USD,1,2.6789,0.0010,აშშ დოლარი,2/17/2026,2/18/2026
CNY,10,3.8812,0.0007,ჩინური იუანი,2/16/2026,2/17/2026
RUB,100,3.4968,0.0285,რუსული რუბლი,2/16/2026,2/17/2026
USD,1,2.6799,0.0008,აშშ დოლარი,2/16/2026,2/17/2026
CNY,10,3.8805,0.0058,ჩინური იუანი,2/13/2026,2/14/2026
RUB,100,3.4683,0.0062,რუსული რუბლი,2/13/2026,2/14/2026
USD,1,2.6807,0.0012,აშშ დოლარი,2/13/2026,2/14/2026
CNY,10,3.8863,0.0038,ჩინური იუანი,2/12/2026,2/13/2026
RUB,100,3.4745,0.0032,რუსული რუბლი,2/12/2026,2/13/2026
USD,1,2.6819,0.0011,აშშ დოლარი,2/12/2026,2/13/2026
CNY,10,3.8825,0.0005,ჩინური იუანი,2/11/2026,2/12/2026
RUB,100,3.4713,0.0046,რუსული რუბლი,2/11/2026,2/12/2026
USD,1,2.6830,0.0008,აშშ დოლარი,2/11/2026,2/12/2026
CNY,10,3.8830,0.0047,ჩინური იუანი,2/10/2026,2/11/2026
RUB,100,3.4759,0.0012,რუსული რუბლი,2/10/2026,2/11/2026
USD,1,2.6838,0.0018,აშშ დოლარი,2/10/2026,2/11/2026
CNY,10,3.8783,0.0060,ჩინური იუანი,2/9/2026,2/10/2026
RUB,100,3.4747,0.0342,რუსული რუბლი,2/9/2026,2/10/2026
USD,1,2.6856,0.0014,აშშ დოლარი,2/9/2026,2/10/2026
CNY,10,3.8723,0.0004,ჩინური იუანი,2/6/2026,2/7/2026
RUB,100,3.5089,0.0064,რუსული რუბლი,2/6/2026,2/7/2026
USD,1,2.6870,0.0006,აშშ დოლარი,2/6/2026,2/7/2026
CNY,10,3.8719,0.0004,ჩინური იუანი,2/5/2026,2/6/2026
RUB,100,3.5025,0.0025,რუსული რუბლი,2/5/2026,2/6/2026
USD,1,2.6876,0.0007,აშშ დოლარი,2/5/2026,2/6/2026
CNY,10,3.8723,0.0038,ჩინური იუანი,2/4/2026,2/5/2026
RUB,100,3.5050,0.0079,რუსული რუბლი,2/4/2026,2/5/2026
USD,1,2.6883,0.0010,აშშ დოლარი,2/4/2026,2/5/2026
CNY,10,3.8761,0.0023,ჩინური იუანი,2/3/2026,2/4/2026
RUB,100,3.4971,0.0097,რუსული რუბლი,2/3/2026,2/4/2026
USD,1,2.6893,0.0009,აშშ დოლარი,2/3/2026,2/4/2026
CNY,10,3.8738,0.0032,ჩინური იუანი,2/2/2026,2/3/2026
RUB,100,3.5068,0.0494,რუსული რუბლი,2/2/2026,2/3/2026
USD,1,2.6902,0.0006,აშშ დოლარი,2/2/2026,2/3/2026
CNY,10,3.8706,0.0056,ჩინური იუანი,1/30/2026,1/31/2026
RUB,100,3.5562,0.0072,რუსული რუბლი,1/30/2026,1/31/2026
USD,1,2.6908,0.0014,აშშ დოლარი,1/30/2026,1/31/2026
CNY,10,3.8762,0.0007,ჩინური იუანი,1/29/2026,1/30/2026
RUB,100,3.5490,0.0146,რუსული რუბლი,1/29/2026,1/30/2026
USD,1,2.6922,0.0005,აშშ დოლარი,1/29/2026,1/30/2026
CNY,10,3.8769,0.0045,ჩინური იუანი,1/28/2026,1/29/2026
RUB,100,3.5344,0.0071,რუსული რუბლი,1/28/2026,1/29/2026
USD,1,2.6927,0.0005,აშშ დოლარი,1/28/2026,1/29/2026
CNY,10,3.8724,0.0011,ჩინური იუანი,1/27/2026,1/28/2026
RUB,100,3.5273,0.0018,რუსული რუბლი,1/27/2026,1/28/2026
USD,1,2.6932,0.0005,აშშ დოლარი,1/27/2026,1/28/2026
CNY,10,3.8735,0.0051,ჩინური იუანი,1/26/2026,1/27/2026
RUB,100,3.5255,0.0231,რუსული რუბლი,1/26/2026,1/27/2026
USD,1,2.6937,0.0004,აშშ დოლარი,1/26/2026,1/27/2026
CNY,10,3.8684,0.0039,ჩინური იუანი,1/23/2026,1/24/2026
RUB,100,3.5486,0.0104,რუსული რუბლი,1/23/2026,1/24/2026
USD,1,2.6941,0.0005,აშშ დოლარი,1/23/2026,1/24/2026
CNY,10,3.8645,0.0055,ჩინური იუანი,1/22/2026,1/23/2026
RUB,100,3.5590,0.0848,რუსული რუბლი,1/22/2026,1/23/2026
USD,1,2.6946,0.0004,აშშ დოლარი,1/22/2026,1/23/2026
CNY,10,3.8700,0.0026,ჩინური იუანი,1/21/2026,1/22/2026
RUB,100,3.4742,0.0154,რუსული რუბლი,1/21/2026,1/22/2026
USD,1,2.6950,0.0000,აშშ დოლარი,1/21/2026,1/22/2026
CNY,10,3.8726,0.0048,ჩინური იუანი,1/20/2026,1/21/2026
RUB,100,3.4588,0.0070,რუსული რუბლი,1/20/2026,1/21/2026
USD,1,2.6950,0.0007,აშშ დოლარი,1/20/2026,1/21/2026
CNY,10,3.8678,0.0016,ჩინური იუანი,1/16/2026,1/17/2026
RUB,100,3.4658,0.0240,რუსული რუბლი,1/16/2026,1/17/2026
USD,1,2.6957,0.0004,აშშ დოლარი,1/16/2026,1/17/2026
CNY,10,3.8694,0.0008,ჩინური იუანი,1/15/2026,1/16/2026
RUB,100,3.4418,0.0130,რუსული რუბლი,1/15/2026,1/16/2026
USD,1,2.6961,0.0014,აშშ დოლარი,1/15/2026,1/16/2026
CNY,10,3.8686,0.0027,ჩინური იუანი,1/14/2026,1/15/2026
RUB,100,3.4288,0.0059,რუსული რუბლი,1/14/2026,1/15/2026
USD,1,2.6975,0.0006,აშშ დოლარი,1/14/2026,1/15/2026
CNY,10,3.8659,0.0012,ჩინური იუანი,1/13/2026,1/14/2026
RUB,100,3.4229,0.0012,რუსული რუბლი,1/13/2026,1/14/2026
USD,1,2.6969,0.0002,აშშ დოლარი,1/13/2026,1/14/2026
CNY,10,3.8671,0.0052,ჩინური იუანი,1/12/2026,1/13/2026
RUB,100,3.4241,0.0107,რუსული რუბლი,1/12/2026,1/13/2026
USD,1,2.6967,0.0004,აშშ დოლარი,1/12/2026,1/13/2026
CNY,10,3.8619,0.0016,ჩინური იუანი,1/9/2026,1/10/2026
RUB,100,3.4134,0.0601,რუსული რუბლი,1/9/2026,1/10/2026
USD,1,2.6971,0.0011,აშშ დოლარი,1/9/2026,1/10/2026
CNY,10,3.8635,0.0014,ჩინური იუანი,1/8/2026,1/9/2026
RUB,100,3.3533,0.0235,რუსული რუბლი,1/8/2026,1/9/2026
USD,1,2.6982,0.0008,აშშ დოლარი,1/8/2026,1/9/2026
CNY,10,3.8621,0.0015,ჩინური იუანი,1/6/2026,1/7/2026
RUB,100,3.3298,0.0156,რუსული რუბლი,1/6/2026,1/7/2026
USD,1,2.6974,0.0006,აშშ დოლარი,1/6/2026,1/7/2026
CNY,10,3.8606,0.0024,ჩინური იუანი,1/5/2026,1/6/2026
RUB,100,3.3454,0.0305,რუსული რუბლი,1/5/2026,1/6/2026
USD,1,2.6968,0.0005,აშშ დოლარი,1/5/2026,1/6/2026
CNY,10,3.8582,0.0026,ჩინური იუანი,12/31/2025,1/1/2026
RUB,100,3.3149,0.1101,რუსული რუბლი,12/31/2025,1/1/2026
USD,1,2.6963,0.0012,აშშ დოლარი,12/31/2025,1/1/2026
CNY,10,3.8556,0.0082,ჩინური იუანი,12/30/2025,12/31/2025
RUB,100,3.4250,0.0518,რუსული რუბლი,12/30/2025,12/31/2025
USD,1,2.6951,0.0004,აშშ დოლარი,12/30/2025,12/31/2025
CNY,10,3.8474,0.0000,ჩინური იუანი,12/29/2025,12/30/2025
RUB,100,3.4768,0.0403,რუსული რუბლი,12/29/2025,12/30/2025
USD,1,2.6955,0.0004,აშშ დოლარი,12/29/2025,12/30/2025
CNY,10,3.8474,0.0016,ჩინური იუანი,12/26/2025,12/27/2025
RUB,100,3.4365,0.0321,რუსული რუბლი,12/26/2025,12/27/2025
USD,1,2.6959,0.0007,აშშ დოლარი,12/26/2025,12/27/2025
CNY,10,3.8490,0.0040,ჩინური იუანი,12/25/2025,12/26/2025
RUB,100,3.4686,0.0291,რუსული რუბლი,12/25/2025,12/26/2025
USD,1,2.6966,0.0004,აშშ დოლარი,12/25/2025,12/26/2025
CNY,10,3.8450,0.0068,ჩინური იუანი,12/24/2025,12/25/2025
RUB,100,3.4395,0.0006,რუსული რუბლი,12/24/2025,12/25/2025
USD,1,2.6970,0.0005,აშშ დოლარი,12/24/2025,12/25/2025
CNY,10,3.8382,0.0008,ჩინური იუანი,12/23/2025,12/24/2025
RUB,100,3.4401,0.0294,რუსული რუბლი,12/23/2025,12/24/2025
USD,1,2.6975,0.0040,აშშ დოლარი,12/23/2025,12/24/2025
CNY,10,3.8390,0.0065,ჩინური იუანი,12/22/2025,12/23/2025
RUB,100,3.4107,0.0559,რუსული რუბლი,12/22/2025,12/23/2025
USD,1,2.7015,0.0031,აშშ დოლარი,12/22/2025,12/23/2025
CNY,10,3.8325,0.0011,ჩინური იუანი,12/19/2025,12/20/2025
RUB,100,3.3548,0.0232,რუსული რუბლი,12/19/2025,12/20/2025
USD,1,2.6984,0.0005,აშშ დოლარი,12/19/2025,12/20/2025
CNY,10,3.8314,0.0016,ჩინური იუანი,12/18/2025,12/19/2025
RUB,100,3.3780,0.0276,რუსული რუბლი,12/18/2025,12/19/2025
USD,1,2.6979,0.0000,აშშ დოლარი,12/18/2025,12/19/2025
CNY,10,3.8298,0.0009,ჩინური იუანი,12/17/2025,12/18/2025
RUB,100,3.3504,0.0475,რუსული რუბლი,12/17/2025,12/18/2025
USD,1,2.6979,0.0001,აშშ დოლარი,12/17/2025,12/18/2025
CNY,10,3.8307,0.0024,ჩინური იუანი,12/16/2025,12/17/2025
RUB,100,3.3979,0.0064,რუსული რუბლი,12/16/2025,12/17/2025
USD,1,2.6978,0.0003,აშშ დოლარი,12/16/2025,12/17/2025
CNY,10,3.8283,0.0038,ჩინური იუანი,12/15/2025,12/16/2025
RUB,100,3.4043,0.0188,რუსული რუბლი,12/15/2025,12/16/2025
USD,1,2.6981,0.0004,აშშ დოლარი,12/15/2025,12/16/2025
CNY,10,3.8245,0.0004,ჩინური იუანი,12/12/2025,12/13/2025
RUB,100,3.3855,0.0275,რუსული რუბლი,12/12/2025,12/13/2025
USD,1,2.6985,0.0006,აშშ დოლარი,12/12/2025,12/13/2025
CNY,10,3.8241,0.0026,ჩინური იუანი,12/11/2025,12/12/2025
RUB,100,3.4130,0.0791,რუსული რუბლი,12/11/2025,12/12/2025
USD,1,2.6991,0.0004,აშშ დოლარი,12/11/2025,12/12/2025
CNY,10,3.8215,0.0001,ჩინური იუანი,12/10/2025,12/11/2025
RUB,100,3.4921,0.0200,რუსული რუბლი,12/10/2025,12/11/2025
USD,1,2.6995,0.0001,აშშ დოლარი,12/10/2025,12/11/2025
CNY,10,3.8214,0.0009,ჩინური იუანი,12/9/2025,12/10/2025
RUB,100,3.5121,0.0037,რუსული რუბლი,12/9/2025,12/10/2025
USD,1,2.6996,0.0009,აშშ დოლარი,12/9/2025,12/10/2025
CNY,10,3.8205,0.0004,ჩინური იუანი,12/8/2025,12/9/2025
RUB,100,3.5158,0.0336,რუსული რუბლი,12/8/2025,12/9/2025
USD,1,2.7005,0.0000,აშშ დოლარი,12/8/2025,12/9/2025
CNY,10,3.8201,0.0005,ჩინური იუანი,12/5/2025,12/6/2025
RUB,100,3.5494,0.0416,რუსული რუბლი,12/5/2025,12/6/2025
USD,1,2.7005,0.0011,აშშ დოლარი,12/5/2025,12/6/2025
CNY,10,3.8206,0.0029,ჩინური იუანი,12/4/2025,12/5/2025
RUB,100,3.5078,0.0193,რუსული რუბლი,12/4/2025,12/5/2025
USD,1,2.7016,0.0006,აშშ დოლარი,12/4/2025,12/5/2025
CNY,10,3.8235,0.0024,ჩინური იუანი,12/3/2025,12/4/2025
RUB,100,3.4885,0.0109,რუსული რუბლი,12/3/2025,12/4/2025
USD,1,2.7010,0.0005,აშშ დოლარი,12/3/2025,12/4/2025
CNY,10,3.8211,0.0003,ჩინური იუანი,12/2/2025,12/3/2025
RUB,100,3.4776,0.0021,რუსული რუბლი,12/2/2025,12/3/2025
USD,1,2.7015,0.0005,აშშ დოლარი,12/2/2025,12/3/2025
CNY,10,3.8208,0.0009,ჩინური იუანი,12/1/2025,12/2/2025
RUB,100,3.4797,0.0078,რუსული რუბლი,12/1/2025,12/2/2025
USD,1,2.7020,0.0009,აშშ დოლარი,12/1/2025,12/2/2025
CNY,10,3.8199,0.0027,ჩინური იუანი,11/28/2025,11/29/2025
RUB,100,3.4719,0.0092,რუსული რუბლი,11/28/2025,11/29/2025
USD,1,2.7029,0.0010,აშშ დოლარი,11/28/2025,11/29/2025
CNY,10,3.8172,0.0033,ჩინური იუანი,11/27/2025,11/28/2025
RUB,100,3.4627,0.0262,რუსული რუბლი,11/27/2025,11/28/2025
USD,1,2.7039,0.0008,აშშ დოლარი,11/27/2025,11/28/2025
CNY,10,3.8205,0.0026,ჩინური იუანი,11/26/2025,11/27/2025
RUB,100,3.4365,0.0147,რუსული რუბლი,11/26/2025,11/27/2025
USD,1,2.7047,0.0005,აშშ დოლარი,11/26/2025,11/27/2025
CNY,10,3.8179,0.0111,ჩინური იუანი,11/25/2025,11/26/2025
RUB,100,3.4218,0.0137,რუსული რუბლი,11/25/2025,11/26/2025
USD,1,2.7052,0.0004,აშშ დოლარი,11/25/2025,11/26/2025
CNY,10,3.8068,0.0011,ჩინური იუანი,11/24/2025,11/25/2025
RUB,100,3.4355,0.0105,რუსული რუბლი,11/24/2025,11/25/2025
USD,1,2.7056,0.0006,აშშ დოლარი,11/24/2025,11/25/2025
CNY,10,3.8057,0.0013,ჩინური იუანი,11/21/2025,11/22/2025
RUB,100,3.4250,0.0527,რუსული რუბლი,11/21/2025,11/22/2025
USD,1,2.7062,0.0005,აშშ დოლარი,11/21/2025,11/22/2025
CNY,10,3.8044,0.0026,ჩინური იუანი,11/20/2025,11/21/2025
RUB,100,3.3723,0.0189,რუსული რუბლი,11/20/2025,11/21/2025
USD,1,2.7067,0.0006,აშშ დოლარი,11/20/2025,11/21/2025
CNY,10,3.8070,0.0005,ჩინური იუანი,11/19/2025,11/20/2025
RUB,100,3.3534,0.0140,რუსული რუბლი,11/19/2025,11/20/2025
USD,1,2.7073,0.0005,აშშ დოლარი,11/19/2025,11/20/2025
CNY,10,3.8075,0.0027,ჩინური იუანი,11/18/2025,11/19/2025
RUB,100,3.3394,0.0062,რუსული რუბლი,11/18/2025,11/19/2025
USD,1,2.7078,0.0002,აშშ დოლარი,11/18/2025,11/19/2025
CNY,10,3.8102,0.0048,ჩინური იუანი,11/17/2025,11/18/2025
RUB,100,3.3332,0.0100,რუსული რუბლი,11/17/2025,11/18/2025
USD,1,2.7080,0.0005,აშშ დოლარი,11/17/2025,11/18/2025
CNY,10,3.8150,0.0022,ჩინური იუანი,11/14/2025,11/15/2025
RUB,100,3.3432,0.0152,რუსული რუბლი,11/14/2025,11/15/2025
USD,1,2.7085,0.0006,აშშ დოლარი,11/14/2025,11/15/2025
CNY,10,3.8172,0.0156,ჩინური იუანი,11/13/2025,11/14/2025
RUB,100,3.3584,0.0231,რუსული რუბლი,11/13/2025,11/14/2025
USD,1,2.7091,0.0032,აშშ დოლარი,11/13/2025,11/14/2025
CNY,10,3.8016,0.0003,ჩინური იუანი,11/12/2025,11/13/2025
RUB,100,3.3353,0.0098,რუსული რუბლი,11/12/2025,11/13/2025
USD,1,2.7059,0.0005,აშშ დოლარი,11/12/2025,11/13/2025
CNY,10,3.8013,0.0000,ჩინური იუანი,11/11/2025,11/12/2025
RUB,100,3.3255,0.0183,რუსული რუბლი,11/11/2025,11/12/2025
USD,1,2.7064,0.0001,აშშ დოლარი,11/11/2025,11/12/2025
CNY,10,3.8013,0.0006,ჩინური იუანი,11/10/2025,11/11/2025
RUB,100,3.3438,0.0014,რუსული რუბლი,11/10/2025,11/11/2025
USD,1,2.7065,0.0010,აშშ დოლარი,11/10/2025,11/11/2025
CNY,10,3.8019,0.0015,ჩინური იუანი,11/7/2025,11/8/2025
RUB,100,3.3424,0.0022,რუსული რუბლი,11/7/2025,11/8/2025
USD,1,2.7075,0.0014,აშშ დოლარი,11/7/2025,11/8/2025
CNY,10,3.8034,0.0008,ჩინური იუანი,11/6/2025,11/7/2025
RUB,100,3.3402,0.0041,რუსული რუბლი,11/6/2025,11/7/2025
USD,1,2.7089,0.0013,აშშ დოლარი,11/6/2025,11/7/2025
CNY,10,3.8026,0.0022,ჩინური იუანი,11/5/2025,11/6/2025
RUB,100,3.3361,0.0056,რუსული რუბლი,11/5/2025,11/6/2025
USD,1,2.7102,0.0007,აშშ დოლარი,11/5/2025,11/6/2025
CNY,10,3.8048,0.0030,ჩინური იუანი,11/4/2025,11/5/2025
RUB,100,3.3417,0.0070,რუსული რუბლი,11/4/2025,11/5/2025
USD,1,2.7109,0.0008,აშშ დოლარი,11/4/2025,11/5/2025
CNY,10,3.8078,0.0056,ჩინური იუანი,11/3/2025,11/4/2025
RUB,100,3.3487,0.0065,რუსული რუბლი,11/3/2025,11/4/2025
USD,1,2.7117,0.0010,აშშ დოლარი,11/3/2025,11/4/2025
CNY,10,3.8134,0.0027,ჩინური იუანი,10/31/2025,11/1/2025
RUB,100,3.3552,0.0104,რუსული რუბლი,10/31/2025,11/1/2025
USD,1,2.7127,0.0012,აშშ დოლარი,10/31/2025,11/1/2025
CNY,10,3.8161,0.0085,ჩინური იუანი,10/31/2025,10/31/2025
RUB,100,3.3656,0.0329,რუსული რუბლი,10/31/2025,10/31/2025
USD,1,2.7139,0.0015,აშშ დოლარი,10/31/2025,10/31/2025
CNY,10,3.8246,0.0083,ჩინური იუანი,10/29/2025,10/30/2025
RUB,100,3.3985,0.0019,რუსული რუბლი,10/29/2025,10/30/2025
USD,1,2.7154,0.0058,აშშ დოლარი,10/29/2025,10/30/2025
CNY,10,3.8329,0.0113,ჩინური იუანი,10/28/2025,10/29/2025
RUB,100,3.4004,0.0236,რუსული რუბლი,10/28/2025,10/29/2025
USD,1,2.7212,0.0060,აშშ დოლარი,10/28/2025,10/29/2025
CNY,10,3.8216,0.0032,ჩინური იუანი,10/27/2025,10/28/2025
RUB,100,3.4240,0.0632,რუსული რუბლი,10/27/2025,10/28/2025
USD,1,2.7152,0.0089,აშშ დოლარი,10/27/2025,10/28/2025
CNY,10,3.8248,0.0065,ჩინური იუანი,10/24/2025,10/25/2025
RUB,100,3.3608,0.0161,რუსული რუბლი,10/24/2025,10/25/2025
USD,1,2.7241,0.0041,აშშ დოლარი,10/24/2025,10/25/2025
CNY,10,3.8183,0.0142,ჩინური იუანი,10/23/2025,10/24/2025
RUB,100,3.3447,0.0291,რუსული რუბლი,10/23/2025,10/24/2025
USD,1,2.7200,0.0095,აშშ დოლარი,10/23/2025,10/24/2025
CNY,10,3.8041,0.0036,ჩინური იუანი,10/22/2025,10/23/2025
RUB,100,3.3156,0.0164,რუსული რუბლი,10/22/2025,10/23/2025
USD,1,2.7105,0.0005,აშშ დოლარი,10/22/2025,10/23/2025
CNY,10,3.8077,0.0065,ჩინური იუანი,10/21/2025,10/22/2025
RUB,100,3.3320,0.0105,რუსული რუბლი,10/21/2025,10/22/2025
USD,1,2.7110,0.0034,აშშ დოლარი,10/21/2025,10/22/2025
CNY,10,3.8012,0.0013,ჩინური იუანი,10/20/2025,10/21/2025
RUB,100,3.3425,0.0071,რუსული რუბლი,10/20/2025,10/21/2025
USD,1,2.7076,0.0003,აშშ დოლარი,10/20/2025,10/21/2025
CNY,10,3.7999,0.0024,ჩინური იუანი,10/17/2025,10/18/2025
RUB,100,3.3354,0.0936,რუსული რუბლი,10/17/2025,10/18/2025
USD,1,2.7079,0.0016,აშშ დოლარი,10/17/2025,10/18/2025
CNY,10,3.8023,0.0014,ჩინური იუანი,10/16/2025,10/17/2025
RUB,100,3.4290,0.0009,რუსული რუბლი,10/16/2025,10/17/2025
USD,1,2.7095,0.0013,აშშ დოლარი,10/16/2025,10/17/2025
CNY,10,3.8037,0.0025,ჩინური იუანი,10/15/2025,10/16/2025
RUB,100,3.4281,0.0697,რუსული რუბლი,10/15/2025,10/16/2025
USD,1,2.7108,0.0003,აშშ დოლარი,10/15/2025,10/16/2025
CNY,10,3.8012,0.0059,ჩინური იუანი,10/13/2025,10/14/2025
RUB,100,3.3584,0.0168,რუსული რუბლი,10/13/2025,10/14/2025
USD,1,2.7111,0.0006,აშშ დოლარი,10/13/2025,10/14/2025
CNY,10,3.8071,0.0007,ჩინური იუანი,10/10/2025,10/11/2025
RUB,100,3.3416,0.0057,რუსული რუბლი,10/10/2025,10/11/2025
USD,1,2.7117,0.0008,აშშ დოლარი,10/10/2025,10/11/2025
CNY,10,3.8078,0.0016,ჩინური იუანი,10/9/2025,10/10/2025
RUB,100,3.3359,0.0088,რუსული რუბლი,10/9/2025,10/10/2025
USD,1,2.7125,0.0003,აშშ დოლარი,10/9/2025,10/10/2025
CNY,10,3.8094,0.0002,ჩინური იუანი,10/8/2025,10/9/2025
RUB,100,3.3271,0.0297,რუსული რუბლი,10/8/2025,10/9/2025
USD,1,2.7128,0.0002,აშშ დოლარი,10/8/2025,10/9/2025
CNY,10,3.8096,0.0100,ჩინური იუანი,10/7/2025,10/8/2025
RUB,100,3.2974,0.0256,რუსული რუბლი,10/7/2025,10/8/2025
USD,1,2.7130,0.0071,აშშ დოლარი,10/7/2025,10/8/2025
CNY,10,3.8196,0.0052,ჩინური იუანი,10/6/2025,10/7/2025
RUB,100,3.2718,0.0434,რუსული რუბლი,10/6/2025,10/7/2025
USD,1,2.7201,0.0037,აშშ დოლარი,10/6/2025,10/7/2025
CNY,10,3.8248,0.0035,ჩინური იუანი,10/6/2025,10/4/2025
RUB,100,3.3152,0.0374,რუსული რუბლი,10/6/2025,10/4/2025
USD,1,2.7238,0.0025,აშშ დოლარი,10/6/2025,10/4/2025
CNY,10,3.8283,0.0007,ჩინური იუანი,10/2/2025,10/3/2025
RUB,100,3.3526,0.0139,რუსული რუბლი,10/2/2025,10/3/2025
USD,1,2.7263,0.0005,აშშ დოლარი,10/2/2025,10/3/2025
CNY,10,3.8276,0.0003,ჩინური იუანი,10/1/2025,10/2/2025
RUB,100,3.3665,0.0560,რუსული რუბლი,10/1/2025,10/2/2025
USD,1,2.7258,0.0006,აშშ დოლარი,10/1/2025,10/2/2025
CNY,10,3.8279,0.0240,ჩინური იუანი,9/30/2025,10/1/2025
RUB,100,3.3105,0.0525,რუსული რუბლი,9/30/2025,10/1/2025
USD,1,2.7252,0.0164,აშშ დოლარი,9/30/2025,10/1/2025
CNY,10,3.8039,0.0095,ჩინური იუანი,9/29/2025,9/30/2025
RUB,100,3.2580,0.0204,რუსული რუბლი,9/29/2025,9/30/2025
USD,1,2.7088,0.0011,აშშ დოლარი,9/29/2025,9/30/2025
CNY,10,3.7944,0.0121,ჩინური იუანი,9/26/2025,9/27/2025
RUB,100,3.2376,0.0053,რუსული რუბლი,9/26/2025,9/27/2025
USD,1,2.7077,0.0036,აშშ დოლარი,9/26/2025,9/27/2025
CNY,10,3.8065,0.0016,ჩინური იუანი,9/25/2025,9/26/2025
RUB,100,3.2429,0.0099,რუსული რუბლი,9/25/2025,9/26/2025
USD,1,2.7113,0.0003,აშშ დოლარი,9/25/2025,9/26/2025
CNY,10,3.8049,0.0123,ჩინური იუანი,9/24/2025,9/25/2025
RUB,100,3.2330,0.0074,რუსული რუბლი,9/24/2025,9/25/2025
USD,1,2.7110,0.0031,აშშ დოლარი,9/24/2025,9/25/2025
CNY,10,3.8172,0.0151,ჩინური იუანი,9/23/2025,9/24/2025
RUB,100,3.2404,0.0235,რუსული რუბლი,9/23/2025,9/24/2025
USD,1,2.7141,0.0117,აშშ დოლარი,9/23/2025,9/24/2025
CNY,10,3.8323,0.0202,ჩინური იუანი,9/22/2025,9/23/2025
RUB,100,3.2639,0.0145,რუსული რუბლი,9/22/2025,9/23/2025
USD,1,2.7258,0.0147,აშშ დოლარი,9/22/2025,9/23/2025
CNY,10,3.8525,0.0027,ჩინური იუანი,9/19/2025,9/20/2025
RUB,100,3.2784,0.0154,რუსული რუბლი,9/19/2025,9/20/2025
USD,1,2.7405,0.0049,აშშ დოლარი,9/19/2025,9/20/2025
CNY,10,3.8498,0.0290,ჩინური იუანი,9/18/2025,9/19/2025
RUB,100,3.2938,0.0244,რუსული რუბლი,9/18/2025,9/19/2025
USD,1,2.7356,0.0213,აშშ დოლარი,9/18/2025,9/19/2025
CNY,10,3.8208,0.0149,ჩინური იუანი,9/17/2025,9/18/2025
RUB,100,3.2694,0.0012,რუსული რუბლი,9/17/2025,9/18/2025
USD,1,2.7143,0.0063,აშშ დოლარი,9/17/2025,9/18/2025
CNY,10,3.8059,0.0075,ჩინური იუანი,9/16/2025,9/17/2025
RUB,100,3.2706,0.0134,რუსული რუბლი,9/16/2025,9/17/2025
USD,1,2.7080,0.0029,აშშ დოლარი,9/16/2025,9/17/2025
CNY,10,3.7984,0.0068,ჩინური იუანი,9/15/2025,9/16/2025
RUB,100,3.2840,0.0726,რუსული რუბლი,9/15/2025,9/16/2025
USD,1,2.7051,0.0049,აშშ დოლარი,9/15/2025,9/16/2025
CNY,10,3.7916,0.0099,ჩინური იუანი,9/12/2025,9/13/2025
RUB,100,3.2114,0.0591,რუსული რუბლი,9/12/2025,9/13/2025
USD,1,2.7002,0.0063,აშშ დოლარი,9/12/2025,9/13/2025
CNY,10,3.7817,0.0018,ჩინური იუანი,9/11/2025,9/12/2025
RUB,100,3.1523,0.0161,რუსული რუბლი,9/11/2025,9/12/2025
USD,1,2.6939,0.0019,აშშ დოლარი,9/11/2025,9/12/2025
CNY,10,3.7799,0.0005,ჩინური იუანი,9/10/2025,9/11/2025
RUB,100,3.1684,0.0616,რუსული რუბლი,9/10/2025,9/11/2025
USD,1,2.6920,0.0001,აშშ დოლარი,9/10/2025,9/11/2025
CNY,10,3.7804,0.0043,ჩინური იუანი,9/9/2025,9/10/2025
RUB,100,3.2300,0.0417,რუსული რუბლი,9/9/2025,9/10/2025
USD,1,2.6921,0.0004,აშშ დოლარი,9/9/2025,9/10/2025
CNY,10,3.7761,0.0032,ჩინური იუანი,9/8/2025,9/9/2025
RUB,100,3.2717,0.0318,რუსული რუბლი,9/8/2025,9/9/2025
USD,1,2.6925,0.0005,აშშ დოლარი,9/8/2025,9/9/2025
CNY,10,3.7729,0.0003,ჩინური იუანი,9/5/2025,9/6/2025
RUB,100,3.3035,0.0005,რუსული რუბლი,9/5/2025,9/6/2025
USD,1,2.6930,0.0006,აშშ დოლარი,9/5/2025,9/6/2025
CNY,10,3.7726,0.0015,ჩინური იუანი,9/4/2025,9/5/2025
RUB,100,3.3040,0.0079,რუსული რუბლი,9/4/2025,9/5/2025
USD,1,2.6936,0.0035,აშშ დოლარი,9/4/2025,9/5/2025
CNY,10,3.7741,0.0048,ჩინური იუანი,9/3/2025,9/4/2025
RUB,100,3.3119,0.0278,რუსული რუბლი,9/3/2025,9/4/2025
USD,1,2.6971,0.0036,აშშ დოლარი,9/3/2025,9/4/2025
CNY,10,3.7693,0.0067,ჩინური იუანი,9/2/2025,9/3/2025
RUB,100,3.3397,0.0078,რუსული რუბლი,9/2/2025,9/3/2025
USD,1,2.6935,0.0005,აშშ დოლარი,9/2/2025,9/3/2025
CNY,10,3.7760,0.0016,ჩინური იუანი,9/1/2025,9/2/2025
RUB,100,3.3319,0.0087,რუსული რუბლი,9/1/2025,9/2/2025
USD,1,2.6940,0.0006,აშშ დოლარი,9/1/2025,9/2/2025
CNY,10,3.7776,0.0124,ჩინური იუანი,8/29/2025,8/30/2025
RUB,100,3.3406,0.0233,რუსული რუბლი,8/29/2025,8/30/2025
USD,1,2.6946,0.0022,აშშ დოლარი,8/29/2025,8/30/2025
CNY,10,3.7652,0.0020,ჩინური იუანი,8/27/2025,8/28/2025
RUB,100,3.3173,0.0295,რუსული რუბლი,8/27/2025,8/28/2025
USD,1,2.6968,0.0006,აშშ დოლარი,8/27/2025,8/28/2025
CNY,10,3.7672,0.0034,ჩინური იუანი,8/26/2025,8/27/2025
RUB,100,3.3468,0.0098,რუსული რუბლი,8/26/2025,8/27/2025
USD,1,2.6974,0.0010,აშშ დოლარი,8/26/2025,8/27/2025
CNY,10,3.7706,0.0028,ჩინური იუანი,8/25/2025,8/26/2025
RUB,100,3.3370,0.0139,რუსული რუბლი,8/25/2025,8/26/2025
USD,1,2.6984,0.0067,აშშ დოლარი,8/25/2025,8/26/2025
CNY,10,3.7678,0.0029,ჩინური იუანი,8/22/2025,8/23/2025
RUB,100,3.3509,0.0016,რუსული რუბლი,8/22/2025,8/23/2025
USD,1,2.7051,0.0017,აშშ დოლარი,8/22/2025,8/23/2025
CNY,10,3.7707,0.0084,ჩინური იუანი,8/21/2025,8/22/2025
RUB,100,3.3525,0.0111,რუსული რუბლი,8/21/2025,8/22/2025
USD,1,2.7068,0.0068,აშშ დოლარი,8/21/2025,8/22/2025
CNY,10,3.7623,0.0043,ჩინური იუანი,8/20/2025,8/21/2025
RUB,100,3.3636,0.0237,რუსული რუბლი,8/20/2025,8/21/2025
USD,1,2.7000,0.0019,აშშ დოლარი,8/20/2025,8/21/2025
CNY,10,3.7580,0.0012,ჩინური იუანი,8/19/2025,8/20/2025
RUB,100,3.3399,0.0108,რუსული რუბლი,8/19/2025,8/20/2025
USD,1,2.6981,0.0013,აშშ დოლარი,8/19/2025,8/20/2025
CNY,10,3.7568,0.0058,ჩინური იუანი,8/18/2025,8/19/2025
RUB,100,3.3507,0.0326,რუსული რუბლი,8/18/2025,8/19/2025
USD,1,2.6968,0.0042,აშშ დოლარი,8/18/2025,8/19/2025
CNY,10,3.7626,0.0391,ჩინური იუანი,8/15/2025,8/16/2025
RUB,100,3.3833,0.0354,რუსული რუბლი,8/15/2025,8/16/2025
USD,1,2.7010,0.0253,აშშ დოლარი,8/15/2025,8/16/2025
CNY,10,3.8017,0.0071,ჩინური იუანი,8/14/2025,8/15/2025
RUB,100,3.4187,0.0067,რუსული რუბლი,8/14/2025,8/15/2025
USD,1,2.7263,0.0037,აშშ დოლარი,8/14/2025,8/15/2025
CNY,10,3.7946,0.0471,ჩინური იუანი,8/13/2025,8/14/2025
RUB,100,3.4120,0.0403,რუსული რუბლი,8/13/2025,8/14/2025
USD,1,2.7226,0.0284,აშშ დოლარი,8/13/2025,8/14/2025
CNY,10,3.7475,0.0040,ჩინური იუანი,8/12/2025,8/13/2025
RUB,100,3.3717,0.0072,რუსული რუბლი,8/12/2025,8/13/2025
USD,1,2.6942,0.0006,აშშ დოლარი,8/12/2025,8/13/2025
CNY,10,3.7515,0.0019,ჩინური იუანი,8/11/2025,8/12/2025
RUB,100,3.3789,0.0003,რუსული რუბლი,8/11/2025,8/12/2025
USD,1,2.6948,0.0016,აშშ დოლარი,8/11/2025,8/12/2025
CNY,10,3.7534,0.0035,ჩინური იუანი,8/8/2025,8/9/2025
RUB,100,3.3786,0.0088,რუსული რუბლი,8/8/2025,8/9/2025
USD,1,2.6964,0.0006,აშშ დოლარი,8/8/2025,8/9/2025
CNY,10,3.7569,0.0005,ჩინური იუანი,8/7/2025,8/8/2025
RUB,100,3.3874,0.0205,რუსული რუბლი,8/7/2025,8/8/2025
USD,1,2.6970,0.0023,აშშ დოლარი,8/7/2025,8/8/2025
CNY,10,3.7564,0.0023,ჩინური იუანი,8/6/2025,8/7/2025
RUB,100,3.3669,0.0057,რუსული რუბლი,8/6/2025,8/7/2025
USD,1,2.6993,0.0020,აშშ დოლარი,8/6/2025,8/7/2025
CNY,10,3.7587,0.0077,ჩინური იუანი,8/5/2025,8/6/2025
RUB,100,3.3726,0.0235,რუსული რუბლი,8/5/2025,8/6/2025
USD,1,2.7013,0.0016,აშშ დოლარი,8/5/2025,8/6/2025
CNY,10,3.7664,0.0158,ჩინური იუანი,8/4/2025,8/5/2025
RUB,100,3.3961,0.0280,რუსული რუბლი,8/4/2025,8/5/2025
USD,1,2.7029,0.0021,აშშ დოლარი,8/4/2025,8/5/2025
CNY,10,3.7506,0.0099,ჩინური იუანი,8/1/2025,8/2/2025
RUB,100,3.3681,0.0080,რუსული რუბლი,8/1/2025,8/2/2025
USD,1,2.7050,0.0011,აშშ დოლარი,8/1/2025,8/2/2025
CNY,10,3.7605,0.0088,ჩინური იუანი,7/31/2025,8/1/2025
RUB,100,3.3761,0.0658,რუსული რუბლი,7/31/2025,8/1/2025
USD,1,2.7061,0.0006,აშშ დოლარი,7/31/2025,8/1/2025
CNY,10,3.7693,0.0032,ჩინური იუანი,7/30/2025,7/31/2025
RUB,100,3.3103,0.0045,რუსული რუბლი,7/30/2025,7/31/2025
USD,1,2.7067,0.0003,აშშ დოლარი,7/30/2025,7/31/2025
CNY,10,3.7725,0.0014,ჩინური იუანი,7/29/2025,7/30/2025
RUB,100,3.3058,0.0729,რუსული რუბლი,7/29/2025,7/30/2025
USD,1,2.7070,0.0005,აშშ დოლარი,7/29/2025,7/30/2025
CNY,10,3.7739,0.0049,ჩინური იუანი,7/28/2025,7/29/2025
RUB,100,3.3787,0.0423,რუსული რუბლი,7/28/2025,7/29/2025
USD,1,2.7075,0.0011,აშშ დოლარი,7/28/2025,7/29/2025
CNY,10,3.7788,0.0070,ჩინური იუანი,7/25/2025,7/26/2025
RUB,100,3.4210,0.0142,რუსული რუბლი,7/25/2025,7/26/2025
USD,1,2.7086,0.0008,აშშ დოლარი,7/25/2025,7/26/2025
CNY,10,3.7858,0.0013,ჩინური იუანი,7/24/2025,7/25/2025
RUB,100,3.4068,0.0443,რუსული რუბლი,7/24/2025,7/25/2025
USD,1,2.7094,0.0006,აშშ დოლარი,7/24/2025,7/25/2025
CNY,10,3.7845,0.0067,ჩინური იუანი,7/23/2025,7/24/2025
RUB,100,3.4511,0.0092,რუსული რუბლი,7/23/2025,7/24/2025
USD,1,2.7100,0.0006,აშშ დოლარი,7/23/2025,7/24/2025
CNY,10,3.7778,0.0005,ჩინური იუანი,7/22/2025,7/23/2025
RUB,100,3.4603,0.0057,რუსული რუბლი,7/22/2025,7/23/2025
USD,1,2.7106,0.0007,აშშ დოლარი,7/22/2025,7/23/2025
CNY,10,3.7783,0.0001,ჩინური იუანი,7/21/2025,7/22/2025
RUB,100,3.4660,0.0126,რუსული რუბლი,7/21/2025,7/22/2025
USD,1,2.7113,0.0005,აშშ დოლარი,7/21/2025,7/22/2025
CNY,10,3.7782,0.0010,ჩინური იუანი,7/18/2025,7/19/2025
RUB,100,3.4534,0.0138,რუსული რუბლი,7/18/2025,7/19/2025
USD,1,2.7118,0.0003,აშშ დოლარი,7/18/2025,7/19/2025
CNY,10,3.7772,0.0014,ჩინური იუანი,7/17/2025,7/18/2025
RUB,100,3.4672,0.0047,რუსული რუბლი,7/17/2025,7/18/2025
USD,1,2.7121,0.0006,აშშ დოლარი,7/17/2025,7/18/2025
CNY,10,3.7786,0.0044,ჩინური იუანი,7/16/2025,7/17/2025
RUB,100,3.4719,0.0009,რუსული რუბლი,7/16/2025,7/17/2025
USD,1,2.7127,0.0011,აშშ დოლარი,7/16/2025,7/17/2025
CNY,10,3.7830,0.0048,ჩინური იუანი,7/15/2025,7/16/2025
RUB,100,3.4710,0.0020,რუსული რუბლი,7/15/2025,7/16/2025
USD,1,2.7138,0.0011,აშშ დოლარი,7/15/2025,7/16/2025
CNY,10,3.7878,0.0013,ჩინური იუანი,7/14/2025,7/15/2025
RUB,100,3.4690,0.0103,რუსული რუბლი,7/14/2025,7/15/2025
USD,1,2.7149,0.0011,აშშ დოლარი,7/14/2025,7/15/2025
CNY,10,3.7891,0.0014,ჩინური იუანი,7/11/2025,7/12/2025
RUB,100,3.4793,0.0182,რუსული რუბლი,7/11/2025,7/12/2025
USD,1,2.7160,0.0014,აშშ დოლარი,7/11/2025,7/12/2025
CNY,10,3.7877,0.0035,ჩინური იუანი,7/10/2025,7/11/2025
RUB,100,3.4975,0.0210,რუსული რუბლი,7/10/2025,7/11/2025
USD,1,2.7174,0.0002,აშშ დოლარი,7/10/2025,7/11/2025
CNY,10,3.7842,0.0036,ჩინური იუანი,7/9/2025,7/10/2025
RUB,100,3.4765,0.0027,რუსული რუბლი,7/9/2025,7/10/2025
USD,1,2.7172,0.0009,აშშ დოლარი,7/9/2025,7/10/2025
CNY,10,3.7878,0.0007,ჩინური იუანი,7/8/2025,7/9/2025
RUB,100,3.4792,0.0168,რუსული რუბლი,7/8/2025,7/9/2025
USD,1,2.7181,0.0001,აშშ დოლარი,7/8/2025,7/9/2025
CNY,10,3.7885,0.0079,ჩინური იუანი,7/7/2025,7/8/2025
RUB,100,3.4624,0.0161,რუსული რუბლი,7/7/2025,7/8/2025
USD,1,2.7180,0.0011,აშშ დოლარი,7/7/2025,7/8/2025
CNY,10,3.7964,0.0015,ჩინური იუანი,7/4/2025,7/5/2025
RUB,100,3.4463,0.0083,რუსული რუბლი,7/4/2025,7/5/2025
USD,1,2.7191,0.0004,აშშ დოლარი,7/4/2025,7/5/2025
CNY,10,3.7979,0.0029,ჩინური იუანი,7/3/2025,7/4/2025
RUB,100,3.4546,0.0004,რუსული რუბლი,7/3/2025,7/4/2025
USD,1,2.7195,0.0008,აშშ დოლარი,7/3/2025,7/4/2025
CNY,10,3.7950,0.0051,ჩინური იუანი,7/2/2025,7/3/2025
RUB,100,3.4550,0.0108,რუსული რუბლი,7/2/2025,7/3/2025
USD,1,2.7203,0.0012,აშშ დოლარი,7/2/2025,7/3/2025
CNY,10,3.8001,0.0004,ჩინური იუანი,7/1/2025,7/2/2025
RUB,100,3.4658,0.0016,რუსული რუბლი,7/1/2025,7/2/2025
USD,1,2.7215,0.0012,აშშ დოლარი,7/1/2025,7/2/2025
CNY,10,3.8005,0.0030,ჩინური იუანი,6/30/2025,7/1/2025
RUB,100,3.4642,0.0033,რუსული რუბლი,6/30/2025,7/1/2025
USD,1,2.7227,0.0009,აშშ დოლარი,6/30/2025,7/1/2025
CNY,10,3.7975,0.0016,ჩინური იუანი,6/27/2025,6/28/2025
RUB,100,3.4609,0.0170,რუსული რუბლი,6/27/2025,6/28/2025
USD,1,2.7236,0.0006,აშშ დოლარი,6/27/2025,6/28/2025
CNY,10,3.7991,0.0007,ჩინური იუანი,6/26/2025,6/27/2025
RUB,100,3.4779,0.0049,რუსული რუბლი,6/26/2025,6/27/2025
USD,1,2.7242,0.0006,აშშ დოლარი,6/26/2025,6/27/2025
CNY,10,3.7984,0.0003,ჩინური იუანი,6/25/2025,6/26/2025
RUB,100,3.4828,0.0137,რუსული რუბლი,6/25/2025,6/26/2025
USD,1,2.7248,0.0004,აშშ დოლარი,6/25/2025,6/26/2025
CNY,10,3.7987,0.0063,ჩინური იუანი,6/24/2025,6/25/2025
RUB,100,3.4691,0.0026,რუსული რუბლი,6/24/2025,6/25/2025
USD,1,2.7252,0.0008,აშშ დოლარი,6/24/2025,6/25/2025
CNY,10,3.7924,0.0051,ჩინური იუანი,6/23/2025,6/24/2025
RUB,100,3.4717,0.0104,რუსული რუბლი,6/23/2025,6/24/2025
USD,1,2.7260,0.0008,აშშ დოლარი,6/23/2025,6/24/2025
CNY,10,3.7975,0.0032,ჩინური იუანი,6/20/2025,6/21/2025
RUB,100,3.4821,0.0076,რუსული რუბლი,6/20/2025,6/21/2025
USD,1,2.7268,0.0002,აშშ დოლარი,6/20/2025,6/21/2025
CNY,10,3.7943,0.0002,ჩინური იუანი,6/19/2025,6/20/2025
RUB,100,3.4745,0.0069,რუსული რუბლი,6/19/2025,6/20/2025
USD,1,2.7270,0.0006,აშშ დოლარი,6/19/2025,6/20/2025
CNY,10,3.7945,0.0039,ჩინური იუანი,6/18/2025,6/19/2025
RUB,100,3.4814,0.0103,რუსული რუბლი,6/18/2025,6/19/2025
USD,1,2.7276,0.0007,აშშ დოლარი,6/18/2025,6/19/2025
CNY,10,3.7984,0.0022,ჩინური იუანი,6/17/2025,6/18/2025
RUB,100,3.4711,0.0060,რუსული რუბლი,6/17/2025,6/18/2025
USD,1,2.7283,0.0005,აშშ დოლარი,6/17/2025,6/18/2025
CNY,10,3.8006,0.0008,ჩინური იუანი,6/16/2025,6/17/2025
RUB,100,3.4651,0.0477,რუსული რუბლი,6/16/2025,6/17/2025
USD,1,2.7288,0.0008,აშშ დოლარი,6/16/2025,6/17/2025
CNY,10,3.7998,0.0039,ჩინური იუანი,6/13/2025,6/14/2025
RUB,100,3.4174,0.0105,რუსული რუბლი,6/13/2025,6/14/2025
USD,1,2.7296,0.0005,აშშ დოლარი,6/13/2025,6/14/2025
CNY,10,3.8037,0.0041,ჩინური იუანი,6/12/2025,6/13/2025
RUB,100,3.4069,0.0559,რუსული რუბლი,6/12/2025,6/13/2025
USD,1,2.7301,0.0005,აშშ დოლარი,6/12/2025,6/13/2025
CNY,10,3.7996,0.0009,ჩინური იუანი,6/11/2025,6/12/2025
RUB,100,3.4628,0.0101,რუსული რუბლი,6/11/2025,6/12/2025
USD,1,2.7306,0.0000,აშშ დოლარი,6/11/2025,6/12/2025
CNY,10,3.8005,0.0029,ჩინური იუანი,6/10/2025,6/11/2025
RUB,100,3.4729,0.0168,რუსული რუბლი,6/10/2025,6/11/2025
USD,1,2.7306,0.0005,აშშ დოლარი,6/10/2025,6/11/2025
CNY,10,3.8034,0.0001,ჩინური იუანი,6/9/2025,6/10/2025
RUB,100,3.4561,0.0138,რუსული რუბლი,6/9/2025,6/10/2025
USD,1,2.7311,0.0004,აშშ დოლარი,6/9/2025,6/10/2025
CNY,10,3.8033,0.0022,ჩინური იუანი,6/6/2025,6/7/2025
RUB,100,3.4423,0.0029,რუსული რუბლი,6/6/2025,6/7/2025
USD,1,2.7315,0.0003,აშშ დოლარი,6/6/2025,6/7/2025
CNY,10,3.8055,0.0052,ჩინური იუანი,6/5/2025,6/6/2025
RUB,100,3.4452,0.0323,რუსული რუბლი,6/5/2025,6/6/2025
USD,1,2.7318,0.0002,აშშ დოლარი,6/5/2025,6/6/2025
CNY,10,3.8003,0.0005,ჩინური იუანი,6/4/2025,6/5/2025
RUB,100,3.4775,0.0100,რუსული რუბლი,6/4/2025,6/5/2025
USD,1,2.7320,0.0001,აშშ დოლარი,6/4/2025,6/5/2025
CNY,10,3.8008,0.0047,ჩინური იუანი,6/3/2025,6/4/2025
RUB,100,3.4675,0.0177,რუსული რუბლი,6/3/2025,6/4/2025
USD,1,2.7321,0.0007,აშშ დოლარი,6/3/2025,6/4/2025
CNY,10,3.7961,0.0034,ჩინური იუანი,6/2/2025,6/3/2025
RUB,100,3.4498,0.0248,რუსული რუბლი,6/2/2025,6/3/2025
USD,1,2.7328,0.0006,აშშ დოლარი,6/2/2025,6/3/2025
CNY,10,3.7995,0.0043,ჩინური იუანი,5/30/2025,5/31/2025
RUB,100,3.4746,0.0044,რუსული რუბლი,5/30/2025,5/31/2025
USD,1,2.7334,0.0008,აშშ დოლარი,5/30/2025,5/31/2025
CNY,10,3.8038,0.0012,ჩინური იუანი,5/29/2025,5/30/2025
RUB,100,3.4790,0.0443,რუსული რუბლი,5/29/2025,5/30/2025
USD,1,2.7342,0.0007,აშშ დოლარი,5/29/2025,5/30/2025
CNY,10,3.8026,0.0005,ჩინური იუანი,5/28/2025,5/29/2025
RUB,100,3.4347,0.0133,რუსული რუბლი,5/28/2025,5/29/2025
USD,1,2.7349,0.0008,აშშ დოლარი,5/28/2025,5/29/2025
CNY,10,3.8021,0.0091,ჩინური იუანი,5/27/2025,5/28/2025
RUB,100,3.4214,0.0221,რუსული რუბლი,5/27/2025,5/28/2025
USD,1,2.7357,0.0019,აშშ დოლარი,5/27/2025,5/28/2025
CNY,10,3.8112,0.0114,ჩინური იუანი,5/23/2025,5/24/2025
RUB,100,3.4435,0.0044,რუსული რუბლი,5/23/2025,5/24/2025
USD,1,2.7376,0.0007,აშშ დოლარი,5/23/2025,5/24/2025
CNY,10,3.7998,0.0042,ჩინური იუანი,5/22/2025,5/23/2025
RUB,100,3.4391,0.0165,რუსული რუბლი,5/22/2025,5/23/2025
USD,1,2.7383,0.0014,აშშ დოლარი,5/22/2025,5/23/2025
CNY,10,3.8040,0.0089,ჩინური იუანი,5/21/2025,5/22/2025
RUB,100,3.4226,0.0255,რუსული რუბლი,5/21/2025,5/22/2025
USD,1,2.7397,0.0004,აშშ დოლარი,5/21/2025,5/22/2025
CNY,10,3.7951,0.0055,ჩინური იუანი,5/20/2025,5/21/2025
RUB,100,3.3971,0.0138,რუსული რუბლი,5/20/2025,5/21/2025
USD,1,2.7401,0.0005,აშშ დოლარი,5/20/2025,5/21/2025
CNY,10,3.8006,0.0042,ჩინური იუანი,5/19/2025,5/20/2025
RUB,100,3.4109,0.0136,რუსული რუბლი,5/19/2025,5/20/2025
USD,1,2.7406,0.0009,აშშ დოლარი,5/19/2025,5/20/2025
CNY,10,3.8048,0.0005,ჩინური იუანი,5/16/2025,5/17/2025
RUB,100,3.3973,0.0127,რუსული რუბლი,5/16/2025,5/17/2025
USD,1,2.7415,0.0010,აშშ დოლარი,5/16/2025,5/17/2025
CNY,10,3.8043,0.0039,ჩინური იუანი,5/15/2025,5/16/2025
RUB,100,3.4100,0.0090,რუსული რუბლი,5/15/2025,5/16/2025
USD,1,2.7425,0.0011,აშშ დოლარი,5/15/2025,5/16/2025
CNY,10,3.8082,0.0027,ჩინური იუანი,5/14/2025,5/15/2025
RUB,100,3.4190,0.0103,რუსული რუბლი,5/14/2025,5/15/2025
USD,1,2.7436,0.0004,აშშ დოლარი,5/14/2025,5/15/2025
CNY,10,3.8109,0.0174,ჩინური იუანი,5/13/2025,5/14/2025
RUB,100,3.4087,0.0731,რუსული რუბლი,5/13/2025,5/14/2025
USD,1,2.7440,0.0016,აშშ დოლარი,5/13/2025,5/14/2025
CNY,10,3.7935,0.0080,ჩინური იუანი,5/8/2025,5/9/2025
RUB,100,3.3356,0.0609,რუსული რუბლი,5/8/2025,5/9/2025
USD,1,2.7456,0.0011,აშშ დოლარი,5/8/2025,5/9/2025
CNY,10,3.8015,0.0048,ჩინური იუანი,5/7/2025,5/8/2025
RUB,100,3.3965,0.0090,რუსული რუბლი,5/7/2025,5/8/2025
USD,1,2.7467,0.0006,აშშ დოლარი,5/7/2025,5/8/2025
CNY,10,3.8063,0.0275,ჩინური იუანი,5/6/2025,5/7/2025
RUB,100,3.4055,0.0007,რუსული რუბლი,5/6/2025,5/7/2025
USD,1,2.7473,0.0004,აშშ დოლარი,5/6/2025,5/7/2025
CNY,10,3.7788,0.0009,ჩინური იუანი,5/5/2025,5/6/2025
RUB,100,3.4048,0.0899,რუსული რუბლი,5/5/2025,5/6/2025
USD,1,2.7477,0.0006,აშშ დოლარი,5/5/2025,5/6/2025
CNY,10,3.7797,0.0005,ჩინური იუანი,5/2/2025,5/3/2025
RUB,100,3.3149,0.0449,რუსული რუბლი,5/2/2025,5/3/2025
USD,1,2.7483,0.0004,აშშ დოლარი,5/2/2025,5/3/2025
CNY,10,3.7802,0.0039,ჩინური იუანი,5/1/2025,5/2/2025
RUB,100,3.3598,0.0140,რუსული რუბლი,5/1/2025,5/2/2025
USD,1,2.7487,0.0005,აშშ დოლარი,5/1/2025,5/2/2025
CNY,10,3.7841,0.0008,ჩინური იუანი,4/30/2025,5/1/2025
RUB,100,3.3738,0.0066,რუსული რუბლი,4/30/2025,5/1/2025
USD,1,2.7492,0.0024,აშშ დოლარი,4/30/2025,5/1/2025
CNY,10,3.7833,0.0156,ჩინური იუანი,4/29/2025,4/30/2025
RUB,100,3.3672,0.0237,რუსული რუბლი,4/29/2025,4/30/2025
USD,1,2.7516,0.0020,აშშ დოლარი,4/29/2025,4/30/2025
CNY,10,3.7677,0.0052,ჩინური იუანი,4/28/2025,4/29/2025
RUB,100,3.3435,0.0134,რუსული რუბლი,4/28/2025,4/29/2025
USD,1,2.7496,0.0000,აშშ დოლარი,4/28/2025,4/29/2025
CNY,10,3.7729,0.0007,ჩინური იუანი,4/25/2025,4/26/2025
RUB,100,3.3301,0.0209,რუსული რუბლი,4/25/2025,4/26/2025
USD,1,2.7496,0.0004,აშშ დოლარი,4/25/2025,4/26/2025
CNY,10,3.7722,0.0002,ჩინური იუანი,4/24/2025,4/25/2025
RUB,100,3.3092,0.0246,რუსული რუბლი,4/24/2025,4/25/2025
USD,1,2.7492,0.0004,აშშ დოლარი,4/24/2025,4/25/2025
CNY,10,3.7724,0.0123,ჩინური იუანი,4/23/2025,4/24/2025
RUB,100,3.3338,0.0467,რუსული რუბლი,4/23/2025,4/24/2025
USD,1,2.7496,0.0004,აშშ დოლარი,4/23/2025,4/24/2025
CNY,10,3.7601,0.0077,ჩინური იუანი,4/22/2025,4/23/2025
RUB,100,3.3805,0.0376,რუსული რუბლი,4/22/2025,4/23/2025
USD,1,2.7500,0.0003,აშშ დოლარი,4/22/2025,4/23/2025
CNY,10,3.7678,0.0001,ჩინური იუანი,4/17/2025,4/18/2025
RUB,100,3.3429,0.0037,რუსული რუბლი,4/17/2025,4/18/2025
USD,1,2.7503,0.0020,აშშ დოლარი,4/17/2025,4/18/2025
CNY,10,3.7677,0.0029,ჩინური იუანი,4/16/2025,4/17/2025
RUB,100,3.3392,0.0136,რუსული რუბლი,4/16/2025,4/17/2025
USD,1,2.7523,0.0021,აშშ დოლარი,4/16/2025,4/17/2025
CNY,10,3.7648,0.0016,ჩინური იუანი,4/15/2025,4/16/2025
RUB,100,3.3528,0.0068,რუსული რუბლი,4/15/2025,4/16/2025
USD,1,2.7544,0.0001,აშშ დოლარი,4/15/2025,4/16/2025
CNY,10,3.7664,0.0073,ჩინური იუანი,4/14/2025,4/15/2025
RUB,100,3.3460,0.0707,რუსული რუბლი,4/14/2025,4/15/2025
USD,1,2.7545,0.0013,აშშ დოლარი,4/14/2025,4/15/2025
CNY,10,3.7737,0.0075,ჩინური იუანი,4/11/2025,4/12/2025
RUB,100,3.2753,0.0338,რუსული რუბლი,4/11/2025,4/12/2025
USD,1,2.7558,0.0015,აშშ დოლარი,4/11/2025,4/12/2025
CNY,10,3.7662,0.0105,ჩინური იუანი,4/10/2025,4/11/2025
RUB,100,3.2415,0.0253,რუსული რუბლი,4/10/2025,4/11/2025
USD,1,2.7573,0.0010,აშშ დოლარი,4/10/2025,4/11/2025
CNY,10,3.7557,0.0130,ჩინური იუანი,4/8/2025,4/9/2025
RUB,100,3.2162,0.0157,რუსული რუბლი,4/8/2025,4/9/2025
USD,1,2.7563,0.0002,აშშ დოლარი,4/8/2025,4/9/2025
CNY,10,3.7687,0.0180,ჩინური იუანი,4/7/2025,4/8/2025
RUB,100,3.2005,0.0692,რუსული რუბლი,4/7/2025,4/8/2025
USD,1,2.7561,0.0015,აშშ დოლარი,4/7/2025,4/8/2025
CNY,10,3.7867,0.0024,ჩინური იუანი,4/4/2025,4/5/2025
RUB,100,3.2697,0.0110,რუსული რუბლი,4/4/2025,4/5/2025
USD,1,2.7576,0.0023,აშშ დოლარი,4/4/2025,4/5/2025
CNY,10,3.7843,0.0147,ჩინური იუანი,4/3/2025,4/4/2025
RUB,100,3.2807,0.0049,რუსული რუბლი,4/3/2025,4/4/2025
USD,1,2.7599,0.0024,აშშ დოლარი,4/3/2025,4/4/2025
CNY,10,3.7990,0.0018,ჩინური იუანი,4/2/2025,4/3/2025
RUB,100,3.2758,0.0118,რუსული რუბლი,4/2/2025,4/3/2025
USD,1,2.7623,0.0009,აშშ დოლარი,4/2/2025,4/3/2025
CNY,10,3.8008,0.0107,ჩინური იუანი,4/1/2025,4/2/2025
RUB,100,3.2640,0.0180,რუსული რუბლი,4/1/2025,4/2/2025
USD,1,2.7632,0.0016,აშშ დოლარი,4/1/2025,4/2/2025
CNY,10,3.8115,0.0016,ჩინური იუანი,3/31/2025,4/1/2025
RUB,100,3.2460,0.0513,რუსული რუბლი,3/31/2025,4/1/2025
USD,1,2.7648,0.0025,აშშ დოლარი,3/31/2025,4/1/2025
CNY,10,3.8099,0.0040,ჩინური იუანი,3/28/2025,3/29/2025
RUB,100,3.2973,0.0003,რუსული რუბლი,3/28/2025,3/29/2025
USD,1,2.7673,0.0039,აშშ დოლარი,3/28/2025,3/29/2025
CNY,10,3.8139,0.0043,ჩინური იუანი,3/27/2025,3/28/2025
RUB,100,3.2976,0.0027,რუსული რუბლი,3/27/2025,3/28/2025
USD,1,2.7712,0.0027,აშშ დოლარი,3/27/2025,3/28/2025
CNY,10,3.8182,0.0100,ჩინური იუანი,3/26/2025,3/27/2025
RUB,100,3.2949,0.0053,რუსული რუბლი,3/26/2025,3/27/2025
USD,1,2.7739,0.0055,აშშ დოლარი,3/26/2025,3/27/2025
CNY,10,3.8282,0.0069,ჩინური იუანი,3/25/2025,3/26/2025
RUB,100,3.2896,0.0173,რუსული რუბლი,3/25/2025,3/26/2025
USD,1,2.7794,0.0021,აშშ დოლარი,3/25/2025,3/26/2025
CNY,10,3.8351,0.0099,ჩინური იუანი,3/24/2025,3/25/2025
RUB,100,3.3069,0.0250,რუსული რუბლი,3/24/2025,3/25/2025
USD,1,2.7815,0.0077,აშშ დოლარი,3/24/2025,3/25/2025
CNY,10,3.8252,0.0056,ჩინური იუანი,3/21/2025,3/22/2025
RUB,100,3.2819,0.0053,რუსული რუბლი,3/21/2025,3/22/2025
USD,1,2.7738,0.0005,აშშ დოლარი,3/21/2025,3/22/2025
CNY,10,3.8308,0.0196,ჩინური იუანი,3/20/2025,3/21/2025
RUB,100,3.2766,0.0689,რუსული რუბლი,3/20/2025,3/21/2025
USD,1,2.7743,0.0107,აშშ დოლარი,3/20/2025,3/21/2025
CNY,10,3.8504,0.0046,ჩინური იუანი,3/19/2025,3/20/2025
RUB,100,3.3455,0.0685,რუსული რუბლი,3/19/2025,3/20/2025
USD,1,2.7850,0.0015,აშშ დოლარი,3/19/2025,3/20/2025
CNY,10,3.8550,0.0175,ჩინური იუანი,3/18/2025,3/19/2025
RUB,100,3.4140,0.1171,რუსული რუბლი,3/18/2025,3/19/2025
USD,1,2.7865,0.0106,აშშ დოლარი,3/18/2025,3/19/2025
CNY,10,3.8375,0.0000,ჩინური იუანი,3/17/2025,3/18/2025
RUB,100,3.2969,0.0464,რუსული რუბლი,3/17/2025,3/18/2025
USD,1,2.7759,0.0004,აშშ დოლარი,3/17/2025,3/18/2025
CNY,10,3.8375,0.0045,ჩინური იუანი,3/14/2025,3/15/2025
RUB,100,3.2505,0.0331,რუსული რუბლი,3/14/2025,3/15/2025
USD,1,2.7755,0.0020,აშშ დოლარი,3/14/2025,3/15/2025
CNY,10,3.8330,0.0013,ჩინური იუანი,3/13/2025,3/14/2025
RUB,100,3.2174,0.0101,რუსული რუბლი,3/13/2025,3/14/2025
USD,1,2.7775,0.0000,აშშ დოლარი,3/13/2025,3/14/2025
CNY,10,3.8343,0.0210,ჩინური იუანი,3/12/2025,3/13/2025
RUB,100,3.2073,0.0535,რუსული რუბლი,3/12/2025,3/13/2025
USD,1,2.7775,0.0119,აშშ დოლარი,3/12/2025,3/13/2025
CNY,10,3.8553,0.0308,ჩინური იუანი,3/11/2025,3/12/2025
RUB,100,3.2608,0.1047,რუსული რუბლი,3/11/2025,3/12/2025
USD,1,2.7894,0.0128,აშშ დოლარი,3/11/2025,3/12/2025
CNY,10,3.8245,0.0155,ჩინური იუანი,3/10/2025,3/11/2025
RUB,100,3.1561,0.0313,რუსული რუბლი,3/10/2025,3/11/2025
USD,1,2.7766,0.0010,აშშ დოლარი,3/10/2025,3/11/2025
CNY,10,3.8400,0.0008,ჩინური იუანი,3/7/2025,3/8/2025
RUB,100,3.1248,0.0133,რუსული რუბლი,3/7/2025,3/8/2025
USD,1,2.7776,0.0054,აშშ დოლარი,3/7/2025,3/8/2025
CNY,10,3.8392,0.0038,ჩინური იუანი,3/6/2025,3/7/2025
RUB,100,3.1115,0.0058,რუსული რუბლი,3/6/2025,3/7/2025
USD,1,2.7830,0.0028,აშშ დოლარი,3/6/2025,3/7/2025
CNY,10,3.8354,0.0025,ჩინური იუანი,3/5/2025,3/6/2025
RUB,100,3.1057,0.0199,რუსული რუბლი,3/5/2025,3/6/2025
USD,1,2.7858,0.0047,აშშ დოლარი,3/5/2025,3/6/2025
CNY,10,3.8379,0.0049,ჩინური იუანი,3/4/2025,3/5/2025
RUB,100,3.1256,0.0340,რუსული რუბლი,3/4/2025,3/5/2025
USD,1,2.7905,0.0001,აშშ დოლარი,3/4/2025,3/5/2025
CNY,10,3.8330,0.0425,ჩინური იუანი,2/28/2025,3/1/2025
RUB,100,3.1596,0.0805,რუსული რუბლი,2/28/2025,3/1/2025
USD,1,2.7904,0.0268,აშშ დოლარი,2/28/2025,3/1/2025
CNY,10,3.8755,0.0014,ჩინური იუანი,2/27/2025,2/28/2025
RUB,100,3.2401,0.0472,რუსული რუბლი,2/27/2025,2/28/2025
USD,1,2.8172,0.0031,აშშ დოლარი,2/27/2025,2/28/2025
CNY,10,3.8769,0.0002,ჩინური იუანი,2/26/2025,2/27/2025
RUB,100,3.2873,0.0274,რუსული რუბლი,2/26/2025,2/27/2025
USD,1,2.8141,0.0027,აშშ დოლარი,2/26/2025,2/27/2025
CNY,10,3.8767,0.0059,ჩინური იუანი,2/25/2025,2/26/2025
RUB,100,3.2599,0.0610,რუსული რუბლი,2/25/2025,2/26/2025
USD,1,2.8168,0.0015,აშშ დოლარი,2/25/2025,2/26/2025
CNY,10,3.8826,0.0166,ჩინური იუანი,2/24/2025,2/25/2025
RUB,100,3.1989,0.0254,რუსული რუბლი,2/24/2025,2/25/2025
USD,1,2.8153,0.0104,აშშ დოლარი,2/24/2025,2/25/2025
CNY,10,3.8660,0.0102,ჩინური იუანი,2/21/2025,2/22/2025
RUB,100,3.1735,0.0111,რუსული რუბლი,2/21/2025,2/22/2025
USD,1,2.8049,0.0087,აშშ დოლარი,2/21/2025,2/22/2025
CNY,10,3.8762,0.0147,ჩინური იუანი,2/20/2025,2/21/2025
RUB,100,3.1846,0.0692,რუსული რუბლი,2/20/2025,2/21/2025
USD,1,2.8136,0.0001,აშშ დოლარი,2/20/2025,2/21/2025
CNY,10,3.8615,0.0109,ჩინური იუანი,2/19/2025,2/20/2025
RUB,100,3.1154,0.0257,რუსული რუბლი,2/19/2025,2/20/2025
USD,1,2.8137,0.0049,აშშ დოლარი,2/19/2025,2/20/2025
CNY,10,3.8724,0.0066,ჩინური იუანი,2/18/2025,2/19/2025
RUB,100,3.0897,0.0152,რუსული რუბლი,2/18/2025,2/19/2025
USD,1,2.8186,0.0016,აშშ დოლარი,2/18/2025,2/19/2025
CNY,10,3.8790,0.0251,ჩინური იუანი,2/17/2025,2/18/2025
RUB,100,3.0745,0.0495,რუსული რუბლი,2/17/2025,2/18/2025
USD,1,2.8170,0.0192,აშშ დოლარი,2/17/2025,2/18/2025
CNY,10,3.9041,0.0436,ჩინური იუანი,2/14/2025,2/15/2025
RUB,100,3.1240,0.0226,რუსული რუბლი,2/14/2025,2/15/2025
USD,1,2.8362,0.0205,აშშ დოლარი,2/14/2025,2/15/2025
CNY,10,3.8605,0.0174,ჩინური იუანი,2/13/2025,2/14/2025
RUB,100,3.1014,0.1134,რუსული რუბლი,2/13/2025,2/14/2025
USD,1,2.8157,0.0068,აშშ დოლარი,2/13/2025,2/14/2025
CNY,10,3.8431,0.0107,ჩინური იუანი,2/12/2025,2/13/2025
RUB,100,2.9880,0.0696,რუსული რუბლი,2/12/2025,2/13/2025
USD,1,2.8089,0.0085,აშშ დოლარი,2/12/2025,2/13/2025
CNY,10,3.8324,0.0253,ჩინური იუანი,2/11/2025,2/12/2025
RUB,100,2.9184,0.0506,რუსული რუბლი,2/11/2025,2/12/2025
USD,1,2.8004,0.0191,აშშ დოლარი,2/11/2025,2/12/2025
CNY,10,3.8071,0.0262,ჩინური იუანი,2/10/2025,2/11/2025
RUB,100,2.8678,0.0162,რუსული რუბლი,2/10/2025,2/11/2025
USD,1,2.7813,0.0127,აშშ დოლარი,2/10/2025,2/11/2025
CNY,10,3.8333,0.0202,ჩინური იუანი,2/7/2025,2/8/2025
RUB,100,2.8840,0.0124,რუსული რუბლი,2/7/2025,2/8/2025
USD,1,2.7940,0.0155,აშშ დოლარი,2/7/2025,2/8/2025
CNY,10,3.8535,0.0280,ჩინური იუანი,2/6/2025,2/7/2025
RUB,100,2.8964,0.0236,რუსული რუბლი,2/6/2025,2/7/2025
USD,1,2.8095,0.0129,აშშ დოლარი,2/6/2025,2/7/2025
CNY,10,3.8815,0.0356,ჩინური იუანი,2/5/2025,2/6/2025
RUB,100,2.8728,0.0152,რუსული რუბლი,2/5/2025,2/6/2025
USD,1,2.8224,0.0154,აშშ დოლარი,2/5/2025,2/6/2025
CNY,10,3.9171,0.0035,ჩინური იუანი,2/4/2025,2/5/2025
RUB,100,2.8576,0.0208,რუსული რუბლი,2/4/2025,2/5/2025
USD,1,2.8378,0.0025,აშშ დოლარი,2/4/2025,2/5/2025
CNY,10,3.9206,0.0221,ჩინური იუანი,2/3/2025,2/4/2025
RUB,100,2.8368,0.0557,რუსული რუბლი,2/3/2025,2/4/2025
USD,1,2.8403,0.0160,აშშ დოლარი,2/3/2025,2/4/2025
CNY,10,3.9427,0.0273,ჩინური იუანი,1/31/2025,2/1/2025
RUB,100,2.8925,0.0543,რუსული რუბლი,1/31/2025,2/1/2025
USD,1,2.8563,0.0198,აშშ დოლარი,1/31/2025,2/1/2025
CNY,10,3.9700,0.0032,ჩინური იუანი,1/30/2025,1/31/2025
RUB,100,2.9468,0.0295,რუსული რუბლი,1/30/2025,1/31/2025
USD,1,2.8761,0.0023,აშშ დოლარი,1/30/2025,1/31/2025
CNY,10,3.9732,0.0025,ჩინური იუანი,1/29/2025,1/30/2025
RUB,100,2.9173,0.0233,რუსული რუბლი,1/29/2025,1/30/2025
USD,1,2.8784,0.0018,აშშ დოლარი,1/29/2025,1/30/2025
CNY,10,3.9707,0.0005,ჩინური იუანი,1/28/2025,1/29/2025
RUB,100,2.9406,0.0327,რუსული რუბლი,1/28/2025,1/29/2025
USD,1,2.8766,0.0042,აშშ დოლარი,1/28/2025,1/29/2025
CNY,10,3.9702,0.0107,ჩინური იუანი,1/27/2025,1/28/2025
RUB,100,2.9733,0.0269,რუსული რუბლი,1/27/2025,1/28/2025
USD,1,2.8808,0.0026,აშშ დოლარი,1/27/2025,1/28/2025
CNY,10,3.9809,0.0528,ჩინური იუანი,1/24/2025,1/25/2025
RUB,100,2.9464,0.0526,რუსული რუბლი,1/24/2025,1/25/2025
USD,1,2.8834,0.0207,აშშ დოლარი,1/24/2025,1/25/2025
CNY,10,3.9281,0.0007,ჩინური იუანი,1/23/2025,1/24/2025
RUB,100,2.8938,0.0080,რუსული რუბლი,1/23/2025,1/24/2025
USD,1,2.8627,0.0015,აშშ დოლარი,1/23/2025,1/24/2025
CNY,10,3.9288,0.0141,ჩინური იუანი,1/22/2025,1/23/2025
RUB,100,2.9018,0.0437,რუსული რუბლი,1/22/2025,1/23/2025
USD,1,2.8612,0.0097,აშშ დოლარი,1/22/2025,1/23/2025
CNY,10,3.9147,0.0247,ჩინური იუანი,1/21/2025,1/22/2025
RUB,100,2.8581,0.0618,რუსული რუბლი,1/21/2025,1/22/2025
USD,1,2.8515,0.0063,აშშ დოლარი,1/21/2025,1/22/2025
CNY,10,3.8900,0.0132,ჩინური იუანი,1/20/2025,1/21/2025
RUB,100,2.7963,0.0218,რუსული რუბლი,1/20/2025,1/21/2025
USD,1,2.8452,0.0040,აშშ დოლარი,1/20/2025,1/21/2025
CNY,10,3.8768,0.0015,ჩინური იუანი,1/17/2025,1/18/2025
RUB,100,2.7745,0.0002,რუსული რუბლი,1/17/2025,1/18/2025
USD,1,2.8412,0.0000,აშშ დოლარი,1/17/2025,1/18/2025
CNY,10,3.8753,0.0045,ჩინური იუანი,1/16/2025,1/17/2025
RUB,100,2.7747,0.0020,რუსული რუბლი,1/16/2025,1/17/2025
USD,1,2.8412,0.0034,აშშ დოლარი,1/16/2025,1/17/2025
CNY,10,3.8798,0.0007,ჩინური იუანი,1/15/2025,1/16/2025
RUB,100,2.7727,0.0044,რუსული რუბლი,1/15/2025,1/16/2025
USD,1,2.8446,0.0002,აშშ დოლარი,1/15/2025,1/16/2025
CNY,10,3.8805,0.0218,ჩინური იუანი,1/14/2025,1/15/2025
RUB,100,2.7683,0.0149,რუსული რუბლი,1/14/2025,1/15/2025
USD,1,2.8448,0.0156,აშშ დოლარი,1/14/2025,1/15/2025
CNY,10,3.8587,0.0024,ჩინური იუანი,1/13/2025,1/14/2025
RUB,100,2.7534,0.0299,რუსული რუბლი,1/13/2025,1/14/2025
USD,1,2.8292,0.0018,აშშ დოლარი,1/13/2025,1/14/2025
CNY,10,3.8611,0.0078,ჩინური იუანი,1/10/2025,1/11/2025
RUB,100,2.7833,0.0306,რუსული რუბლი,1/10/2025,1/11/2025
USD,1,2.8310,0.0057,აშშ დოლარი,1/10/2025,1/11/2025
CNY,10,3.8689,0.0041,ჩინური იუანი,1/9/2025,1/10/2025
RUB,100,2.7527,0.0381,რუსული რუბლი,1/9/2025,1/10/2025
USD,1,2.8367,0.0028,აშშ დოლარი,1/9/2025,1/10/2025
CNY,10,3.8730,0.0271,ჩინური იუანი,1/8/2025,1/9/2025
RUB,100,2.7146,0.1041,რუსული რუბლი,1/8/2025,1/9/2025
USD,1,2.8395,0.0210,აშშ დოლარი,1/8/2025,1/9/2025
CNY,10,3.8459,0.0015,ჩინური იუანი,1/6/2025,1/7/2025
RUB,100,2.6105,0.0908,რუსული რუბლი,1/6/2025,1/7/2025
USD,1,2.8185,0.0027,აშშ დოლარი,1/6/2025,1/7/2025
CNY,10,3.8474,0.0075,ჩინური იუანი,1/3/2025,1/4/2025
RUB,100,2.5197,0.0641,რუსული რუბლი,1/3/2025,1/4/2025
USD,1,2.8158,0.0020,აშშ დოლარი,1/3/2025,1/4/2025
CNY,10,3.8549,0.0097,ჩინური იუანი,12/31/2024,1/1/2025
RUB,100,2.5838,0.0433,რუსული რუბლი,12/31/2024,1/1/2025
USD,1,2.8138,0.0070,აშშ დოლარი,12/31/2024,1/1/2025
CNY,10,3.8452,0.0170,ჩინური იუანი,12/30/2024,12/31/2024
RUB,100,2.5405,0.0770,რუსული რუბლი,12/30/2024,12/31/2024
USD,1,2.8068,0.0125,აშშ დოლარი,12/30/2024,12/31/2024
CNY,10,3.8282,0.0110,ჩინური იუანი,12/27/2024,12/28/2024
RUB,100,2.6175,0.1987,რუსული რუბლი,12/27/2024,12/28/2024
USD,1,2.7943,0.0078,აშშ დოლარი,12/27/2024,12/28/2024
CNY,10,3.8392,0.0148,ჩინური იუანი,12/26/2024,12/27/2024
RUB,100,2.8162,0.0035,რუსული რუბლი,12/26/2024,12/27/2024
USD,1,2.8021,0.0109,აშშ დოლარი,12/26/2024,12/27/2024
CNY,10,3.8540,0.0007,ჩინური იუანი,12/25/2024,12/26/2024
RUB,100,2.8127,0.0099,რუსული რუბლი,12/25/2024,12/26/2024
USD,1,2.8130,0.0011,აშშ დოლარი,12/25/2024,12/26/2024
CNY,10,3.8533,0.0003,ჩინური იუანი,12/24/2024,12/25/2024
RUB,100,2.8226,0.0307,რუსული რუბლი,12/24/2024,12/25/2024
USD,1,2.8119,0.0009,აშშ დოლარი,12/24/2024,12/25/2024
CNY,10,3.8536,0.0061,ჩინური იუანი,12/23/2024,12/24/2024
RUB,100,2.7919,0.0721,რუსული რუბლი,12/23/2024,12/24/2024
USD,1,2.8128,0.0046,აშშ დოლარი,12/23/2024,12/24/2024
CNY,10,3.8475,0.0022,ჩინური იუანი,12/20/2024,12/21/2024
RUB,100,2.7198,0.0075,რუსული რუბლი,12/20/2024,12/21/2024
USD,1,2.8082,0.0009,აშშ დოლარი,12/20/2024,12/21/2024
CNY,10,3.8497,0.0031,ჩინური იუანი,12/19/2024,12/20/2024
RUB,100,2.7123,0.0086,რუსული რუბლი,12/19/2024,12/20/2024
USD,1,2.8091,0.0068,აშშ დოლარი,12/19/2024,12/20/2024
CNY,10,3.8466,0.0130,ჩინური იუანი,12/18/2024,12/19/2024
RUB,100,2.7209,0.0078,რუსული რუბლი,12/18/2024,12/19/2024
USD,1,2.8023,0.0094,აშშ დოლარი,12/18/2024,12/19/2024
CNY,10,3.8596,0.0062,ჩინური იუანი,12/17/2024,12/18/2024
RUB,100,2.7287,0.0149,რუსული რუბლი,12/17/2024,12/18/2024
USD,1,2.8117,0.0043,აშშ დოლარი,12/17/2024,12/18/2024
CNY,10,3.8658,0.0444,ჩინური იუანი,12/16/2024,12/17/2024
RUB,100,2.7138,0.0166,რუსული რუბლი,12/16/2024,12/17/2024
USD,1,2.8160,0.0288,აშშ დოლარი,12/16/2024,12/17/2024
CNY,10,3.9102,0.0138,ჩინური იუანი,12/13/2024,12/14/2024
RUB,100,2.7304,0.0161,რუსული რუბლი,12/13/2024,12/14/2024
USD,1,2.8448,0.0064,აშშ დოლარი,12/13/2024,12/14/2024
CNY,10,3.9240,0.0276,ჩინური იუანი,12/12/2024,12/13/2024
RUB,100,2.7465,0.0165,რუსული რუბლი,12/12/2024,12/13/2024
USD,1,2.8512,0.0189,აშშ დოლარი,12/12/2024,12/13/2024
CNY,10,3.8964,0.0442,ჩინური იუანი,12/11/2024,12/12/2024
RUB,100,2.7300,0.0459,რუსული რუბლი,12/11/2024,12/12/2024
USD,1,2.8323,0.0379,აშშ დოლარი,12/11/2024,12/12/2024
CNY,10,3.8522,0.0072,ჩინური იუანი,12/10/2024,12/11/2024
RUB,100,2.7759,0.0332,რუსული რუბლი,12/10/2024,12/11/2024
USD,1,2.7944,0.0006,აშშ დოლარი,12/10/2024,12/11/2024
CNY,10,3.8450,0.0251,ჩინური იუანი,12/9/2024,12/10/2024
RUB,100,2.8091,0.0256,რუსული რუბლი,12/9/2024,12/10/2024
USD,1,2.7938,0.0185,აშშ დოლარი,12/9/2024,12/10/2024
CNY,10,3.8199,0.0724,ჩინური იუანი,12/6/2024,12/7/2024
RUB,100,2.7835,0.0308,რუსული რუბლი,12/6/2024,12/7/2024
USD,1,2.7753,0.0521,აშშ დოლარი,12/6/2024,12/7/2024
CNY,10,3.8923,0.0217,ჩინური იუანი,12/5/2024,12/6/2024
RUB,100,2.7527,0.0425,რუსული რუბლი,12/5/2024,12/6/2024
USD,1,2.8274,0.0194,აშშ დოლარი,12/5/2024,12/6/2024
CNY,10,3.9140,0.0314,ჩინური იუანი,12/4/2024,12/5/2024
RUB,100,2.7102,0.0091,რუსული რუბლი,12/4/2024,12/5/2024
USD,1,2.8468,0.0278,აშშ დოლარი,12/4/2024,12/5/2024
CNY,10,3.9454,0.0302,ჩინური იუანი,12/3/2024,12/4/2024
RUB,100,2.7011,0.0231,რუსული რუბლი,12/3/2024,12/4/2024
USD,1,2.8746,0.0268,აშშ დოლარი,12/3/2024,12/4/2024
CNY,10,3.9152,0.0763,ჩინური იუანი,12/2/2024,12/3/2024
RUB,100,2.6780,0.1030,რუსული რუბლი,12/2/2024,12/3/2024
USD,1,2.8478,0.0684,აშშ დოლარი,12/2/2024,12/3/2024
CNY,10,3.8389,0.0583,ჩინური იუანი,11/29/2024,11/30/2024
RUB,100,2.5750,0.0764,რუსული რუბლი,11/29/2024,11/30/2024
USD,1,2.7794,0.0376,აშშ დოლარი,11/29/2024,11/30/2024
CNY,10,3.7806,0.0016,ჩინური იუანი,11/28/2024,11/29/2024
RUB,100,2.4986,0.0065,რუსული რუბლი,11/28/2024,11/29/2024
USD,1,2.7418,0.0004,აშშ დოლარი,11/28/2024,11/29/2024
CNY,10,3.7822,0.0008,ჩინური იუანი,11/27/2024,11/28/2024
RUB,100,2.5051,0.0956,რუსული რუბლი,11/27/2024,11/28/2024
USD,1,2.7422,0.0001,აშშ დოლარი,11/27/2024,11/28/2024
CNY,10,3.7814,0.0046,ჩინური იუანი,11/26/2024,11/27/2024
RUB,100,2.6007,0.0380,რუსული რუბლი,11/26/2024,11/27/2024
USD,1,2.7421,0.0007,აშშ დოლარი,11/26/2024,11/27/2024
CNY,10,3.7860,0.0070,ჩინური იუანი,11/25/2024,11/26/2024
RUB,100,2.6387,0.0232,რუსული რუბლი,11/25/2024,11/26/2024
USD,1,2.7428,0.0044,აშშ დოლარი,11/25/2024,11/26/2024
CNY,10,3.7790,0.0096,ჩინური იუანი,11/22/2024,11/23/2024
RUB,100,2.6619,0.0595,რუსული რუბლი,11/22/2024,11/23/2024
USD,1,2.7384,0.0049,აშშ დოლარი,11/22/2024,11/23/2024
CNY,10,3.7886,0.0041,ჩინური იუანი,11/21/2024,11/22/2024
RUB,100,2.7214,0.0147,რუსული რუბლი,11/21/2024,11/22/2024
USD,1,2.7433,0.0051,აშშ დოლარი,11/21/2024,11/22/2024
CNY,10,3.7927,0.0086,ჩინური იუანი,11/20/2024,11/21/2024
RUB,100,2.7361,0.0029,რუსული რუბლი,11/20/2024,11/21/2024
USD,1,2.7484,0.0087,აშშ დოლარი,11/20/2024,11/21/2024
CNY,10,3.7841,0.0138,ჩინური იუანი,11/19/2024,11/20/2024
RUB,100,2.7332,0.0073,რუსული რუბლი,11/19/2024,11/20/2024
USD,1,2.7397,0.0084,აშშ დოლარი,11/19/2024,11/20/2024
CNY,10,3.7703,0.0085,ჩინური იუანი,11/18/2024,11/19/2024
RUB,100,2.7405,0.0038,რუსული რუბლი,11/18/2024,11/19/2024
USD,1,2.7313,0.0002,აშშ დოლარი,11/18/2024,11/19/2024
CNY,10,3.7788,0.0066,ჩინური იუანი,11/15/2024,11/16/2024
RUB,100,2.7367,0.0095,რუსული რუბლი,11/15/2024,11/16/2024
USD,1,2.7311,0.0023,აშშ დოლარი,11/15/2024,11/16/2024
CNY,10,3.7722,0.0237,ჩინური იუანი,11/14/2024,11/15/2024
RUB,100,2.7462,0.0291,რუსული რუბლი,11/14/2024,11/15/2024
USD,1,2.7334,0.0040,აშშ დოლარი,11/14/2024,11/15/2024
CNY,10,3.7959,0.0200,ჩინური იუანი,11/13/2024,11/14/2024
RUB,100,2.7753,0.0101,რუსული რუბლი,11/13/2024,11/14/2024
USD,1,2.7374,0.0045,აშშ დოლარი,11/13/2024,11/14/2024
CNY,10,3.7759,0.0167,ჩინური იუანი,11/12/2024,11/13/2024
RUB,100,2.7854,0.0022,რუსული რუბლი,11/12/2024,11/13/2024
USD,1,2.7329,0.0041,აშშ დოლარი,11/12/2024,11/13/2024
CNY,10,3.7926,0.0110,ჩინური იუანი,11/11/2024,11/12/2024
RUB,100,2.7832,0.0041,რუსული რუბლი,11/11/2024,11/12/2024
USD,1,2.7288,0.0041,აშშ დოლარი,11/11/2024,11/12/2024
CNY,10,3.8036,0.0123,ჩინური იუანი,11/8/2024,11/9/2024
RUB,100,2.7873,0.0000,რუსული რუბლი,11/8/2024,11/9/2024
USD,1,2.7247,0.0081,აშშ დოლარი,11/8/2024,11/9/2024
CNY,10,3.8159,0.0123,ჩინური იუანი,11/7/2024,11/8/2024
RUB,100,2.7873,0.0126,რუსული რუბლი,11/7/2024,11/8/2024
USD,1,2.7328,0.0081,აშშ დოლარი,11/7/2024,11/8/2024
CNY,10,3.8036,0.0321,ჩინური იუანი,11/6/2024,11/7/2024
RUB,100,2.7747,0.0085,რუსული რუბლი,11/6/2024,11/7/2024
USD,1,2.7247,0.0000,აშშ დოლარი,11/6/2024,11/7/2024
CNY,10,3.8357,0.0090,ჩინური იუანი,11/5/2024,11/6/2024
RUB,100,2.7832,0.0284,რუსული რუბლი,11/5/2024,11/6/2024
USD,1,2.7247,0.0033,აშშ დოლარი,11/5/2024,11/6/2024
CNY,10,3.8447,0.0176,ჩინური იუანი,11/4/2024,11/5/2024
RUB,100,2.7548,0.0295,რუსული რუბლი,11/4/2024,11/5/2024
USD,1,2.7280,0.0016,აშშ დოლარი,11/4/2024,11/5/2024
CNY,10,3.8271,0.0258,ჩინური იუანი,11/1/2024,11/2/2024
RUB,100,2.7843,0.0358,რუსული რუბლი,11/1/2024,11/2/2024
USD,1,2.7264,0.0163,აშშ დოლარი,11/1/2024,11/2/2024
CNY,10,3.8529,0.0040,ჩინური იუანი,10/31/2024,11/1/2024
RUB,100,2.8201,0.0097,რუსული რუბლი,10/31/2024,11/1/2024
USD,1,2.7427,0.0041,აშშ დოლარი,10/31/2024,11/1/2024
CNY,10,3.8569,0.0166,ჩინური იუანი,10/30/2024,10/31/2024
RUB,100,2.8298,0.0119,რუსული რუბლი,10/30/2024,10/31/2024
USD,1,2.7468,0.0060,აშშ დოლარი,10/30/2024,10/31/2024
CNY,10,3.8403,0.0161,ჩინური იუანი,10/29/2024,10/30/2024
RUB,100,2.8179,0.0165,რუსული რუბლი,10/29/2024,10/30/2024
USD,1,2.7408,0.0153,აშშ დოლარი,10/29/2024,10/30/2024
CNY,10,3.8242,0.0066,ჩინური იუანი,10/28/2024,10/29/2024
RUB,100,2.8014,0.0177,რუსული რუბლი,10/28/2024,10/29/2024
USD,1,2.7255,0.0057,აშშ დოლარი,10/28/2024,10/29/2024
CNY,10,3.8176,0.0017,ჩინური იუანი,10/25/2024,10/26/2024
RUB,100,2.8191,0.0105,რუსული რუბლი,10/25/2024,10/26/2024
USD,1,2.7198,0.0024,აშშ დოლარი,10/25/2024,10/26/2024
CNY,10,3.8193,0.0098,ჩინური იუანი,10/24/2024,10/25/2024
RUB,100,2.8086,0.0015,რუსული რუბლი,10/24/2024,10/25/2024
USD,1,2.7174,0.0017,აშშ დოლარი,10/24/2024,10/25/2024
CNY,10,3.8095,0.0191,ჩინური იუანი,10/23/2024,10/24/2024
RUB,100,2.8101,0.0180,რუსული რუბლი,10/23/2024,10/24/2024
USD,1,2.7157,0.0105,აშშ დოლარი,10/23/2024,10/24/2024
CNY,10,3.8286,0.0035,ჩინური იუანი,10/22/2024,10/23/2024
RUB,100,2.8281,0.0033,რუსული რუბლი,10/22/2024,10/23/2024
USD,1,2.7262,0.0055,აშშ დოლარი,10/22/2024,10/23/2024
CNY,10,3.8251,0.0028,ჩინური იუანი,10/21/2024,10/22/2024
RUB,100,2.8314,0.0129,რუსული რუბლი,10/21/2024,10/22/2024
USD,1,2.7207,0.0050,აშშ დოლარი,10/21/2024,10/22/2024
CNY,10,3.8223,0.0068,ჩინური იუანი,10/18/2024,10/19/2024
RUB,100,2.8185,0.0193,რუსული რუბლი,10/18/2024,10/19/2024
USD,1,2.7157,0.0014,აშშ დოლარი,10/18/2024,10/19/2024
CNY,10,3.8155,0.0007,ჩინური იუანი,10/17/2024,10/18/2024
RUB,100,2.7992,0.0053,რუსული რუბლი,10/17/2024,10/18/2024
USD,1,2.7171,0.0028,აშშ დოლარი,10/17/2024,10/18/2024
CNY,10,3.8162,0.0174,ჩინური იუანი,10/16/2024,10/17/2024
RUB,100,2.7939,0.0113,რუსული რუბლი,10/16/2024,10/17/2024
USD,1,2.7143,0.0131,აშშ დოლარი,10/16/2024,10/17/2024
CNY,10,3.8336,0.0240,ჩინური იუანი,10/15/2024,10/16/2024
RUB,100,2.8052,0.0315,რუსული რუბლი,10/15/2024,10/16/2024
USD,1,2.7274,0.0011,აშშ დოლარი,10/15/2024,10/16/2024
CNY,10,3.8576,0.0051,ჩინური იუანი,10/11/2024,10/12/2024
RUB,100,2.8367,0.0377,რუსული რუბლი,10/11/2024,10/12/2024
USD,1,2.7263,0.0008,აშშ დოლარი,10/11/2024,10/12/2024
CNY,10,3.8525,0.0045,ჩინური იუანი,10/10/2024,10/11/2024
RUB,100,2.7990,0.0087,რუსული რუბლი,10/10/2024,10/11/2024
USD,1,2.7255,0.0002,აშშ დოლარი,10/10/2024,10/11/2024
CNY,10,3.8570,0.0037,ჩინური იუანი,10/9/2024,10/10/2024
RUB,100,2.8077,0.0214,რუსული რუბლი,10/9/2024,10/10/2024
USD,1,2.7257,0.0027,აშშ დოლარი,10/9/2024,10/10/2024
CNY,10,3.8607,0.0504,ჩინური იუანი,10/8/2024,10/9/2024
RUB,100,2.8291,0.0219,რუსული რუბლი,10/8/2024,10/9/2024
USD,1,2.7230,0.0221,აშშ დოლარი,10/8/2024,10/9/2024
CNY,10,3.9111,0.0138,ჩინური იუანი,10/7/2024,10/8/2024
RUB,100,2.8510,0.0238,რუსული რუბლი,10/7/2024,10/8/2024
USD,1,2.7451,0.0097,აშშ დოლარი,10/7/2024,10/8/2024
CNY,10,3.8973,0.0027,ჩინური იუანი,10/4/2024,10/5/2024
RUB,100,2.8748,0.0025,რუსული რუბლი,10/4/2024,10/5/2024
USD,1,2.7354,0.0019,აშშ დოლარი,10/4/2024,10/5/2024
CNY,10,3.8946,0.0011,ჩინური იუანი,10/3/2024,10/4/2024
RUB,100,2.8723,0.0204,რუსული რუბლი,10/3/2024,10/4/2024
USD,1,2.7335,0.0008,აშშ დოლარი,10/3/2024,10/4/2024
CNY,10,3.8935,0.0019,ჩინური იუანი,10/2/2024,10/3/2024
RUB,100,2.8927,0.0266,რუსული რუბლი,10/2/2024,10/3/2024
USD,1,2.7327,0.0013,აშშ დოლარი,10/2/2024,10/3/2024
CNY,10,3.8916,0.0017,ჩინური იუანი,10/1/2024,10/2/2024
RUB,100,2.9193,0.0141,რუსული რუბლი,10/1/2024,10/2/2024
USD,1,2.7314,0.0014,აშშ დოლარი,10/1/2024,10/2/2024
CNY,10,3.8933,0.0001,ჩინური იუანი,9/30/2024,10/1/2024
RUB,100,2.9334,0.0065,რუსული რუბლი,9/30/2024,10/1/2024
USD,1,2.7300,0.0003,აშშ დოლარი,9/30/2024,10/1/2024
CNY,10,3.8932,0.0020,ჩინური იუანი,9/27/2024,9/28/2024
RUB,100,2.9399,0.0010,რუსული რუბლი,9/27/2024,9/28/2024
USD,1,2.7297,0.0012,აშშ დოლარი,9/27/2024,9/28/2024
CNY,10,3.8912,0.0088,ჩინური იუანი,9/26/2024,9/27/2024
RUB,100,2.9409,0.0101,რუსული რუბლი,9/26/2024,9/27/2024
USD,1,2.7285,0.0016,აშშ დოლარი,9/26/2024,9/27/2024
CNY,10,3.8824,0.0053,ჩინური იუანი,9/25/2024,9/26/2024
RUB,100,2.9510,0.0224,რუსული რუბლი,9/25/2024,9/26/2024
USD,1,2.7269,0.0003,აშშ დოლარი,9/25/2024,9/26/2024
CNY,10,3.8771,0.0141,ჩინური იუანი,9/24/2024,9/25/2024
RUB,100,2.9286,0.0008,რუსული რუბლი,9/24/2024,9/25/2024
USD,1,2.7266,0.0017,აშშ დოლარი,9/24/2024,9/25/2024
CNY,10,3.8630,0.0038,ჩინური იუანი,9/23/2024,9/24/2024
RUB,100,2.9278,0.0195,რუსული რუბლი,9/23/2024,9/24/2024
USD,1,2.7249,0.0028,აშშ დოლარი,9/23/2024,9/24/2024
CNY,10,3.8668,0.0116,ჩინური იუანი,9/20/2024,9/21/2024
RUB,100,2.9473,0.0173,რუსული რუბლი,9/20/2024,9/21/2024
USD,1,2.7277,0.0041,აშშ დოლარი,9/20/2024,9/21/2024
CNY,10,3.8552,0.0239,ჩინური იუანი,9/19/2024,9/20/2024
RUB,100,2.9300,0.0247,რუსული რუბლი,9/19/2024,9/20/2024
USD,1,2.7236,0.0100,აშშ დოლარი,9/19/2024,9/20/2024
CNY,10,3.8313,0.0273,ჩინური იუანი,9/18/2024,9/19/2024
RUB,100,2.9547,0.0030,რუსული რუბლი,9/18/2024,9/19/2024
USD,1,2.7136,0.0138,აშშ დოლარი,9/18/2024,9/19/2024
CNY,10,3.8040,0.0018,ჩინური იუანი,9/17/2024,9/18/2024
RUB,100,2.9577,0.0049,რუსული რუბლი,9/17/2024,9/18/2024
USD,1,2.6998,0.0013,აშშ დოლარი,9/17/2024,9/18/2024
CNY,10,3.8022,0.0020,ჩინური იუანი,9/16/2024,9/17/2024
RUB,100,2.9626,0.0082,რუსული რუბლი,9/16/2024,9/17/2024
USD,1,2.6985,0.0001,აშშ დოლარი,9/16/2024,9/17/2024
CNY,10,3.8042,0.0150,ჩინური იუანი,9/13/2024,9/14/2024
RUB,100,2.9708,0.0195,რუსული რუბლი,9/13/2024,9/14/2024
USD,1,2.6984,0.0000,აშშ დოლარი,9/13/2024,9/14/2024
CNY,10,3.7892,0.0028,ჩინური იუანი,9/12/2024,9/13/2024
RUB,100,2.9513,0.0084,რუსული რუბლი,9/12/2024,9/13/2024
USD,1,2.6984,0.0014,აშშ დოლარი,9/12/2024,9/13/2024
CNY,10,3.7920,0.0051,ჩინური იუანი,9/11/2024,9/12/2024
RUB,100,2.9597,0.0037,რუსული რუბლი,9/11/2024,9/12/2024
USD,1,2.6970,0.0011,აშშ დოლარი,9/11/2024,9/12/2024
CNY,10,3.7869,0.0002,ჩინური იუანი,9/10/2024,9/11/2024
RUB,100,2.9560,0.0155,რუსული რუბლი,9/10/2024,9/11/2024
USD,1,2.6959,0.0010,აშშ დოლარი,9/10/2024,9/11/2024
CNY,10,3.7867,0.0161,ჩინური იუანი,9/9/2024,9/10/2024
RUB,100,2.9715,0.0246,რუსული რუბლი,9/9/2024,9/10/2024
USD,1,2.6949,0.0014,აშშ დოლარი,9/9/2024,9/10/2024
CNY,10,3.8028,0.0022,ჩინური იუანი,9/6/2024,9/7/2024
RUB,100,2.9961,0.0074,რუსული რუბლი,9/6/2024,9/7/2024
USD,1,2.6935,0.0037,აშშ დოლარი,9/6/2024,9/7/2024
CNY,10,3.8006,0.0132,ჩინური იუანი,9/5/2024,9/6/2024
RUB,100,2.9887,0.0202,რუსული რუბლი,9/5/2024,9/6/2024
USD,1,2.6972,0.0016,აშშ დოლარი,9/5/2024,9/6/2024
CNY,10,3.7874,0.0089,ჩინური იუანი,9/4/2024,9/5/2024
RUB,100,3.0089,0.0301,რუსული რუბლი,9/4/2024,9/5/2024
USD,1,2.6956,0.0050,აშშ დოლარი,9/4/2024,9/5/2024
CNY,10,3.7785,0.0029,ჩინური იუანი,9/3/2024,9/4/2024
RUB,100,3.0390,0.0372,რუსული რუბლი,9/3/2024,9/4/2024
USD,1,2.6906,0.0010,აშშ დოლარი,9/3/2024,9/4/2024
CNY,10,3.7814,0.0139,ჩინური იუანი,9/2/2024,9/3/2024
RUB,100,3.0018,0.0463,რუსული რუბლი,9/2/2024,9/3/2024
USD,1,2.6896,0.0015,აშშ დოლარი,9/2/2024,9/3/2024
CNY,10,3.7953,0.0009,ჩინური იუანი,8/30/2024,8/31/2024
RUB,100,2.9555,0.0046,რუსული რუბლი,8/30/2024,8/31/2024
USD,1,2.6911,0.0009,აშშ დოლარი,8/30/2024,8/31/2024
CNY,10,3.7944,0.0074,ჩინური იუანი,8/29/2024,8/30/2024
RUB,100,2.9509,0.0136,რუსული რუბლი,8/29/2024,8/30/2024
USD,1,2.6920,0.0070,აშშ დოლარი,8/29/2024,8/30/2024
CNY,10,3.7870,0.0059,ჩინური იუანი,8/27/2024,8/28/2024
RUB,100,2.9645,0.0255,რუსული რუბლი,8/27/2024,8/28/2024
USD,1,2.6990,0.0008,აშშ დოლარი,8/27/2024,8/28/2024
CNY,10,3.7929,0.0128,ჩინური იუანი,8/26/2024,8/27/2024
RUB,100,2.9390,0.0025,რუსული რუბლი,8/26/2024,8/27/2024
USD,1,2.6998,0.0021,აშშ დოლარი,8/26/2024,8/27/2024
CNY,10,3.7801,0.0159,ჩინური იუანი,8/23/2024,8/24/2024
RUB,100,2.9415,0.0391,რუსული რუბლი,8/23/2024,8/24/2024
USD,1,2.6977,0.0122,აშშ დოლარი,8/23/2024,8/24/2024
CNY,10,3.7960,0.0020,ჩინური იუანი,8/22/2024,8/23/2024
RUB,100,2.9806,0.0357,რუსული რუბლი,8/22/2024,8/23/2024
USD,1,2.7099,0.0035,აშშ დოლარი,8/22/2024,8/23/2024
CNY,10,3.7940,0.0156,ჩინური იუანი,8/21/2024,8/22/2024
RUB,100,2.9449,0.0079,რუსული რუბლი,8/21/2024,8/22/2024
USD,1,2.7064,0.0069,აშშ დოლარი,8/21/2024,8/22/2024
CNY,10,3.7784,0.0138,ჩინური იუანი,8/20/2024,8/21/2024
RUB,100,2.9528,0.0498,რუსული რუბლი,8/20/2024,8/21/2024
USD,1,2.6995,0.0104,აშშ დოლარი,8/20/2024,8/21/2024
CNY,10,3.7646,0.0098,ჩინური იუანი,8/19/2024,8/20/2024
RUB,100,3.0026,0.0223,რუსული რუბლი,8/19/2024,8/20/2024
USD,1,2.6891,0.0012,აშშ დოლარი,8/19/2024,8/20/2024
CNY,10,3.7548,0.0068,ჩინური იუანი,8/16/2024,8/17/2024
RUB,100,3.0249,0.0017,რუსული რუბლი,8/16/2024,8/17/2024
USD,1,2.6903,0.0025,აშშ დოლარი,8/16/2024,8/17/2024
CNY,10,3.7548,0.0068,ჩინური იუანი,8/16/2024,8/17/2024
RUB,100,3.0249,0.0017,რუსული რუბლი,8/16/2024,8/17/2024
USD,1,2.6903,0.0025,აშშ დოლარი,8/16/2024,8/17/2024
CNY,10,3.7616,0.0090,ჩინური იუანი,8/15/2024,8/16/2024
RUB,100,3.0266,0.0319,რუსული რუბლი,8/15/2024,8/16/2024
USD,1,2.6928,0.0001,აშშ დოლარი,8/15/2024,8/16/2024
CNY,10,3.7706,0.0079,ჩინური იუანი,8/14/2024,8/15/2024
RUB,100,2.9947,0.0756,რუსული რუბლი,8/14/2024,8/15/2024
USD,1,2.6927,0.0039,აშშ დოლარი,8/14/2024,8/15/2024
CNY,10,3.7627,0.0096,ჩინური იუანი,8/13/2024,8/14/2024
RUB,100,2.9191,0.0477,რუსული რუბლი,8/13/2024,8/14/2024
USD,1,2.6966,0.0024,აშშ დოლარი,8/13/2024,8/14/2024
CNY,10,3.7531,0.0078,ჩინური იუანი,8/12/2024,8/13/2024
RUB,100,2.9668,0.0806,რუსული რუბლი,8/12/2024,8/13/2024
USD,1,2.6942,0.0025,აშშ დოლარი,8/12/2024,8/13/2024
CNY,10,3.7609,0.0125,ჩინური იუანი,8/9/2024,8/10/2024
RUB,100,3.0474,0.0656,რუსული რუბლი,8/9/2024,8/10/2024
USD,1,2.6967,0.0101,აშშ დოლარი,8/9/2024,8/10/2024
CNY,10,3.7734,0.0073,ჩინური იუანი,8/8/2024,8/9/2024
RUB,100,3.1130,0.0366,რუსული რუბლი,8/8/2024,8/9/2024
USD,1,2.7068,0.0021,აშშ დოლარი,8/8/2024,8/9/2024
CNY,10,3.7661,0.0106,ჩინური იუანი,8/7/2024,8/8/2024
RUB,100,3.1496,0.0091,რუსული რუბლი,8/7/2024,8/8/2024
USD,1,2.7047,0.0037,აშშ დოლარი,8/7/2024,8/8/2024
CNY,10,3.7767,0.0180,ჩინური იუანი,8/6/2024,8/7/2024
RUB,100,3.1587,0.0227,რუსული რუბლი,8/6/2024,8/7/2024
USD,1,2.7010,0.0049,აშშ დოლარი,8/6/2024,8/7/2024
CNY,10,3.7947,0.0363,ჩინური იუანი,8/5/2024,8/6/2024
RUB,100,3.1814,0.0245,რუსული რუბლი,8/5/2024,8/6/2024
USD,1,2.7059,0.0016,აშშ დოლარი,8/5/2024,8/6/2024
CNY,10,3.7584,0.0144,ჩინური იუანი,8/2/2024,8/3/2024
RUB,100,3.1569,0.0055,რუსული რუბლი,8/2/2024,8/3/2024
USD,1,2.7075,0.0058,აშშ დოლარი,8/2/2024,8/3/2024
CNY,10,3.7440,0.0152,ჩინური იუანი,8/1/2024,8/2/2024
RUB,100,3.1624,0.0109,რუსული რუბლი,8/1/2024,8/2/2024
USD,1,2.7133,0.0014,აშშ დოლარი,8/1/2024,8/2/2024
CNY,10,3.7592,0.0062,ჩინური იუანი,7/31/2024,8/1/2024
RUB,100,3.1515,0.0021,რუსული რუბლი,7/31/2024,8/1/2024
USD,1,2.7147,0.0067,აშშ დოლარი,7/31/2024,8/1/2024
CNY,10,3.7530,0.0131,ჩინური იუანი,7/30/2024,7/31/2024
RUB,100,3.1536,0.0187,რუსული რუბლი,7/30/2024,7/31/2024
USD,1,2.7214,0.0071,აშშ დოლარი,7/30/2024,7/31/2024
CNY,10,3.7399,0.0045,ჩინური იუანი,7/29/2024,7/30/2024
RUB,100,3.1349,0.0285,რუსული რუბლი,7/29/2024,7/30/2024
USD,1,2.7143,0.0056,აშშ დოლარი,7/29/2024,7/30/2024
CNY,10,3.7354,0.0282,ჩინური იუანი,7/26/2024,7/27/2024
RUB,100,3.1634,0.0341,რუსული რუბლი,7/26/2024,7/27/2024
USD,1,2.7087,0.0073,აშშ დოლარი,7/26/2024,7/27/2024
CNY,10,3.7636,0.0325,ჩინური იუანი,7/25/2024,7/26/2024
RUB,100,3.1975,0.0662,რუსული რუბლი,7/25/2024,7/26/2024
USD,1,2.7160,0.0008,აშშ დოლარი,7/25/2024,7/26/2024
CNY,10,3.7311,0.0136,ჩინური იუანი,7/24/2024,7/25/2024
RUB,100,3.1313,0.0000,რუსული რუბლი,7/24/2024,7/25/2024
USD,1,2.7152,0.0090,აშშ დოლარი,7/24/2024,7/25/2024
CNY,10,3.7447,0.0182,ჩინური იუანი,7/23/2024,7/24/2024
RUB,100,3.1313,0.0424,რუსული რუბლი,7/23/2024,7/24/2024
USD,1,2.7242,0.0138,აშშ დოლარი,7/23/2024,7/24/2024
CNY,10,3.7265,0.0127,ჩინური იუანი,7/22/2024,7/23/2024
RUB,100,3.0889,0.0166,რუსული რუბლი,7/22/2024,7/23/2024
USD,1,2.7104,0.0108,აშშ დოლარი,7/22/2024,7/23/2024
CNY,10,3.7265,0.0127,ჩინური იუანი,7/22/2024,7/23/2024
RUB,100,3.0889,0.0166,რუსული რუბლი,7/22/2024,7/23/2024
USD,1,2.7104,0.0108,აშშ დოლარი,7/22/2024,7/23/2024
CNY,10,3.7138,0.0014,ჩინური იუანი,7/19/2024,7/20/2024
RUB,100,3.0723,0.0109,რუსული რუბლი,7/19/2024,7/20/2024
USD,1,2.6996,0.0043,აშშ დოლარი,7/19/2024,7/20/2024
CNY,10,3.7124,0.0040,ჩინური იუანი,7/18/2024,7/19/2024
RUB,100,3.0614,0.0035,რუსული რუბლი,7/18/2024,7/19/2024
USD,1,2.6953,0.0022,აშშ დოლარი,7/18/2024,7/19/2024
CNY,10,3.7164,0.0073,ჩინური იუანი,7/17/2024,7/18/2024
RUB,100,3.0579,0.0142,რუსული რუბლი,7/17/2024,7/18/2024
USD,1,2.6975,0.0023,აშშ დოლარი,7/17/2024,7/18/2024
CNY,10,3.7091,0.0250,ჩინური იუანი,7/16/2024,7/17/2024
RUB,100,3.0437,0.0429,რუსული რუბლი,7/16/2024,7/17/2024
USD,1,2.6952,0.0165,აშშ დოლარი,7/16/2024,7/17/2024
CNY,10,3.7341,0.0264,ჩინური იუანი,7/15/2024,7/16/2024
RUB,100,3.0866,0.0215,რუსული რუბლი,7/15/2024,7/16/2024
USD,1,2.7117,0.0157,აშშ დოლარი,7/15/2024,7/16/2024
CNY,10,3.7605,0.0123,ჩინური იუანი,7/12/2024,7/13/2024
RUB,100,3.1081,0.0042,რუსული რუბლი,7/12/2024,7/13/2024
USD,1,2.7274,0.0041,აშშ დოლარი,7/12/2024,7/13/2024
CNY,10,3.7482,0.0298,ჩინური იუანი,7/11/2024,7/12/2024
RUB,100,3.1123,0.0123,რუსული რუბლი,7/11/2024,7/12/2024
USD,1,2.7233,0.0255,აშშ დოლარი,7/11/2024,7/12/2024
CNY,10,3.7780,0.0052,ჩინური იუანი,7/10/2024,7/11/2024
RUB,100,3.1246,0.0089,რუსული რუბლი,7/10/2024,7/11/2024
USD,1,2.7488,0.0023,აშშ დოლარი,7/10/2024,7/11/2024
CNY,10,3.7832,0.0142,ჩინური იუანი,7/9/2024,7/10/2024
RUB,100,3.1157,0.0143,რუსული რუბლი,7/9/2024,7/10/2024
USD,1,2.7511,0.0112,აშშ დოლარი,7/9/2024,7/10/2024
CNY,10,3.7690,0.0317,ჩინური იუანი,7/8/2024,7/9/2024
RUB,100,3.1014,0.0332,რუსული რუბლი,7/8/2024,7/9/2024
USD,1,2.7399,0.0214,აშშ დოლარი,7/8/2024,7/9/2024
CNY,10,3.8007,0.0313,ჩინური იუანი,7/5/2024,7/6/2024
RUB,100,3.1346,0.0195,რუსული რუბლი,7/5/2024,7/6/2024
USD,1,2.7613,0.0247,აშშ დოლარი,7/5/2024,7/6/2024
CNY,10,3.8320,0.0171,ჩინური იუანი,7/4/2024,7/5/2024
RUB,100,3.1541,0.0190,რუსული რუბლი,7/4/2024,7/5/2024
USD,1,2.7860,0.0136,აშშ დოლარი,7/4/2024,7/5/2024
CNY,10,3.8491,0.0070,ჩინური იუანი,7/3/2024,7/4/2024
RUB,100,3.1731,0.0014,რუსული რუბლი,7/3/2024,7/4/2024
USD,1,2.7996,0.0059,აშშ დოლარი,7/3/2024,7/4/2024
CNY,10,3.8421,0.0126,ჩინური იუანი,7/2/2024,7/3/2024
RUB,100,3.1717,0.0383,რუსული რუბლი,7/2/2024,7/3/2024
USD,1,2.7937,0.0079,აშშ დოლარი,7/2/2024,7/3/2024
CNY,10,3.8547,0.0146,ჩინური იუანი,7/1/2024,7/2/2024
RUB,100,3.2100,0.0932,რუსული რუბლი,7/1/2024,7/2/2024
USD,1,2.8016,0.0085,აშშ დოლარი,7/1/2024,7/2/2024
CNY,10,3.8693,0.0280,ჩინური იუანი,6/28/2024,6/29/2024
RUB,100,3.3032,0.0052,რუსული რუბლი,6/28/2024,6/29/2024
USD,1,2.8101,0.0226,აშშ დოლარი,6/28/2024,6/29/2024
CNY,10,3.8973,0.0136,ჩინური იუანი,6/27/2024,6/28/2024
RUB,100,3.3084,0.0697,რუსული რუბლი,6/27/2024,6/28/2024
USD,1,2.8327,0.0106,აშშ დოლარი,6/27/2024,6/28/2024
CNY,10,3.8837,0.0209,ჩინური იუანი,6/26/2024,6/27/2024
RUB,100,3.2387,0.0117,რუსული რუბლი,6/26/2024,6/27/2024
USD,1,2.8221,0.0136,აშშ დოლარი,6/26/2024,6/27/2024
CNY,10,3.9046,0.0428,ჩინური იუანი,6/25/2024,6/26/2024
RUB,100,3.2270,0.0271,რუსული რუბლი,6/25/2024,6/26/2024
USD,1,2.8357,0.0326,აშშ დოლარი,6/25/2024,6/26/2024
CNY,10,3.8618,0.0055,ჩინური იუანი,6/24/2024,6/25/2024
RUB,100,3.1999,0.0184,რუსული რუბლი,6/24/2024,6/25/2024
USD,1,2.8031,0.0030,აშშ დოლარი,6/24/2024,6/25/2024
CNY,10,3.8563,0.0004,ჩინური იუანი,6/21/2024,6/22/2024
RUB,100,3.1815,0.0652,რუსული რუბლი,6/21/2024,6/22/2024
USD,1,2.8001,0.0000,აშშ დოლარი,6/21/2024,6/22/2024
CNY,10,3.8567,0.0114,ჩინური იუანი,6/20/2024,6/21/2024
RUB,100,3.2467,0.1160,რუსული რუბლი,6/20/2024,6/21/2024
USD,1,2.8001,0.0070,აშშ დოლარი,6/20/2024,6/21/2024
CNY,10,3.8681,0.0768,ჩინური იუანი,6/19/2024,6/20/2024
RUB,100,3.3627,0.0775,რუსული რუბლი,6/19/2024,6/20/2024
USD,1,2.8071,0.0554,აშშ დოლარი,6/19/2024,6/20/2024
CNY,10,3.9449,0.0090,ჩინური იუანი,6/18/2024,6/19/2024
RUB,100,3.2852,0.0500,რუსული რუბლი,6/18/2024,6/19/2024
USD,1,2.8625,0.0064,აშშ დოლარი,6/18/2024,6/19/2024
CNY,10,3.9539,0.0003,ჩინური იუანი,6/17/2024,6/18/2024
RUB,100,3.2352,0.0237,რუსული რუბლი,6/17/2024,6/18/2024
USD,1,2.8689,0.0001,აშშ დოლარი,6/17/2024,6/18/2024
CNY,10,3.9536,0.0027,ჩინური იუანი,6/14/2024,6/15/2024
RUB,100,3.2115,0.0550,რუსული რუბლი,6/14/2024,6/15/2024
USD,1,2.8688,0.0005,აშშ დოლარი,6/14/2024,6/15/2024
CNY,10,3.9563,0.0047,ჩინური იუანი,6/13/2024,6/14/2024
RUB,100,3.2665,0.0577,რუსული რუბლი,6/13/2024,6/14/2024
USD,1,2.8693,0.0029,აშშ დოლარი,6/13/2024,6/14/2024
CNY,10,3.9516,0.0028,ჩინური იუანი,6/12/2024,6/13/2024
RUB,100,3.2088,0.0040,რუსული რუბლი,6/12/2024,6/13/2024
USD,1,2.8664,0.0018,აშშ დოლარი,6/12/2024,6/13/2024
CNY,10,3.9488,0.0180,ჩინური იუანი,6/11/2024,6/12/2024
RUB,100,3.2128,0.0128,რუსული რუბლი,6/11/2024,6/12/2024
USD,1,2.8646,0.0156,აშშ დოლარი,6/11/2024,6/12/2024
CNY,10,3.9308,0.0308,ჩინური იუანი,6/10/2024,6/11/2024
RUB,100,3.2000,0.0213,რუსული რუბლი,6/10/2024,6/11/2024
USD,1,2.8490,0.0243,აშშ დოლარი,6/10/2024,6/11/2024
CNY,10,3.9000,0.0040,ჩინური იუანი,6/7/2024,6/8/2024
RUB,100,3.1787,0.0050,რუსული რუბლი,6/7/2024,6/8/2024
USD,1,2.8247,0.0025,აშშ დოლარი,6/7/2024,6/8/2024
CNY,10,3.8960,0.0345,ჩინური იუანი,6/6/2024,6/7/2024
RUB,100,3.1737,0.0224,რუსული რუბლი,6/6/2024,6/7/2024
USD,1,2.8222,0.0238,აშშ დოლარი,6/6/2024,6/7/2024
CNY,10,3.8615,0.0025,ჩინური იუანი,6/5/2024,6/6/2024
RUB,100,3.1513,0.0031,რუსული რუბლი,6/5/2024,6/6/2024
USD,1,2.7984,0.0045,აშშ დოლარი,6/5/2024,6/6/2024
CNY,10,3.8590,0.0069,ჩინური იუანი,6/4/2024,6/5/2024
RUB,100,3.1482,0.0207,რუსული რუბლი,6/4/2024,6/5/2024
USD,1,2.7939,0.0025,აშშ დოლარი,6/4/2024,6/5/2024
CNY,10,3.8521,0.0076,ჩინური იუანი,6/3/2024,6/4/2024
RUB,100,3.1275,0.0303,რუსული რუბლი,6/3/2024,6/4/2024
USD,1,2.7914,0.0035,აშშ დოლარი,6/3/2024,6/4/2024
CNY,10,3.8597,0.0054,ჩინური იუანი,5/31/2024,6/1/2024
RUB,100,3.0972,0.0129,რუსული რუბლი,5/31/2024,6/1/2024
USD,1,2.7949,0.0019,აშშ დოლარი,5/31/2024,6/1/2024
CNY,10,3.8651,0.0201,ჩინური იუანი,5/30/2024,5/31/2024
RUB,100,3.1101,0.0003,რუსული რუბლი,5/30/2024,5/31/2024
USD,1,2.7968,0.0094,აშშ დოლარი,5/30/2024,5/31/2024
CNY,10,3.8450,0.0016,ჩინური იუანი,5/29/2024,5/30/2024
RUB,100,3.1098,0.0393,რუსული რუბლი,5/29/2024,5/30/2024
USD,1,2.7874,0.0027,აშშ დოლარი,5/29/2024,5/30/2024
CNY,10,3.8434,0.0221,ჩინური იუანი,5/28/2024,5/29/2024
RUB,100,3.1491,0.0250,რუსული რუბლი,5/28/2024,5/29/2024
USD,1,2.7847,0.0167,აშშ დოლარი,5/28/2024,5/29/2024
CNY,10,3.8213,0.0600,ჩინური იუანი,5/27/2024,5/28/2024
RUB,100,3.1241,0.0894,რუსული რუბლი,5/27/2024,5/28/2024
USD,1,2.7680,0.0434,აშშ დოლარი,5/27/2024,5/28/2024
CNY,10,3.7613,0.0047,ჩინური იუანი,5/24/2024,5/25/2024
RUB,100,3.0347,0.0175,რუსული რუბლი,5/24/2024,5/25/2024
USD,1,2.7246,0.0022,აშშ დოლარი,5/24/2024,5/25/2024
CNY,10,3.7660,0.0008,ჩინური იუანი,5/23/2024,5/24/2024
RUB,100,3.0172,0.0035,რუსული რუბლი,5/23/2024,5/24/2024
USD,1,2.7268,0.0009,აშშ დოლარი,5/23/2024,5/24/2024
CNY,10,3.7652,0.0040,ჩინური იუანი,5/22/2024,5/23/2024
RUB,100,3.0207,0.0095,რუსული რუბლი,5/22/2024,5/23/2024
USD,1,2.7259,0.0015,აშშ დოლარი,5/22/2024,5/23/2024
CNY,10,3.7692,0.0381,ჩინური იუანი,5/21/2024,5/22/2024
RUB,100,3.0112,0.0149,რუსული რუბლი,5/21/2024,5/22/2024
USD,1,2.7274,0.0262,აშშ დოლარი,5/21/2024,5/22/2024
CNY,10,3.7692,0.0381,ჩინური იუანი,5/21/2024,5/22/2024
RUB,100,3.0112,0.0149,რუსული რუბლი,5/21/2024,5/22/2024
USD,1,2.7274,0.0262,აშშ დოლარი,5/21/2024,5/22/2024
CNY,10,3.8073,0.0096,ჩინური იუანი,5/20/2024,5/21/2024
RUB,100,3.0261,0.0076,რუსული რუბლი,5/20/2024,5/21/2024
USD,1,2.7536,0.0049,აშშ დოლარი,5/20/2024,5/21/2024
CNY,10,3.8169,0.0071,ჩინური იუანი,5/17/2024,5/18/2024
RUB,100,3.0337,0.0040,რუსული რუბლი,5/17/2024,5/18/2024
USD,1,2.7585,0.0011,აშშ დოლარი,5/17/2024,5/18/2024
CNY,10,3.8240,0.0412,ჩინური იუანი,5/16/2024,5/17/2024
RUB,100,3.0377,0.0443,რუსული რუბლი,5/16/2024,5/17/2024
USD,1,2.7596,0.0273,აშშ დოლარი,5/16/2024,5/17/2024
CNY,10,3.7828,0.0693,ჩინური იუანი,5/15/2024,5/16/2024
RUB,100,2.9934,0.0535,რუსული რუბლი,5/15/2024,5/16/2024
USD,1,2.7323,0.0457,აშშ დოლარი,5/15/2024,5/16/2024
CNY,10,3.7828,0.0693,ჩინური იუანი,5/15/2024,5/16/2024
RUB,100,2.9934,0.0535,რუსული რუბლი,5/15/2024,5/16/2024
USD,1,2.7323,0.0457,აშშ დოლარი,5/15/2024,5/16/2024
CNY,10,3.7828,0.0693,ჩინური იუანი,5/15/2024,5/16/2024
RUB,100,2.9934,0.0535,რუსული რუბლი,5/15/2024,5/16/2024
USD,1,2.7323,0.0457,აშშ დოლარი,5/15/2024,5/16/2024
CNY,10,3.7135,0.0091,ჩინური იუანი,5/14/2024,5/15/2024
RUB,100,2.9399,0.0133,რუსული რუბლი,5/14/2024,5/15/2024
USD,1,2.6866,0.0062,აშშ დოლარი,5/14/2024,5/15/2024
CNY,10,3.7044,0.0012,ჩინური იუანი,5/13/2024,5/14/2024
RUB,100,2.9266,0.0352,რუსული რუბლი,5/13/2024,5/14/2024
USD,1,2.6804,0.0049,აშშ დოლარი,5/13/2024,5/14/2024
CNY,10,3.7032,0.0054,ჩინური იუანი,5/10/2024,5/11/2024
RUB,100,2.8914,0.0224,რუსული რუბლი,5/10/2024,5/11/2024
USD,1,2.6755,0.0042,აშშ დოლარი,5/10/2024,5/11/2024
CNY,10,3.7086,0.0044,ჩინური იუანი,5/8/2024,5/9/2024
RUB,100,2.9138,0.0240,რუსული რუბლი,5/8/2024,5/9/2024
USD,1,2.6797,0.0003,აშშ დოლარი,5/8/2024,5/9/2024
CNY,10,3.7130,0.0123,ჩინური იუანი,5/7/2024,5/8/2024
RUB,100,2.9378,0.0126,რუსული რუბლი,5/7/2024,5/8/2024
USD,1,2.6800,0.0003,აშშ დოლარი,5/7/2024,5/8/2024
CNY,10,3.7007,0.0000,ჩინური იუანი,5/3/2024,5/4/2024
RUB,100,2.9252,0.0080,რუსული რუბლი,5/3/2024,5/4/2024
USD,1,2.6797,0.0000,აშშ დოლარი,5/3/2024,5/4/2024
CNY,10,3.7007,0.0013,ჩინური იუანი,5/2/2024,5/3/2024
RUB,100,2.9172,0.0674,რუსული რუბლი,5/2/2024,5/3/2024
USD,1,2.6797,0.0009,აშშ დოლარი,5/2/2024,5/3/2024
CNY,10,3.6994,0.0098,ჩინური იუანი,5/1/2024,5/2/2024
RUB,100,2.8498,0.0249,რუსული რუბლი,5/1/2024,5/2/2024
USD,1,2.6788,0.0061,აშშ დოლარი,5/1/2024,5/2/2024
CNY,10,3.7092,0.0037,ჩინური იუანი,4/30/2024,5/1/2024
RUB,100,2.8747,0.0038,რუსული რუბლი,4/30/2024,5/1/2024
USD,1,2.6849,0.0014,აშშ დოლარი,4/30/2024,5/1/2024
CNY,10,3.7055,0.0128,ჩინური იუანი,4/29/2024,4/30/2024
RUB,100,2.8785,0.0311,რუსული რუბლი,4/29/2024,4/30/2024
USD,1,2.6835,0.0075,აშშ დოლარი,4/29/2024,4/30/2024
CNY,10,3.6927,0.0134,ჩინური იუანი,4/26/2024,4/27/2024
RUB,100,2.9096,0.0049,რუსული რუბლი,4/26/2024,4/27/2024
USD,1,2.6760,0.0099,აშშ დოლარი,4/26/2024,4/27/2024
CNY,10,3.7061,0.0077,ჩინური იუანი,4/25/2024,4/26/2024
RUB,100,2.9145,0.0063,რუსული რუბლი,4/25/2024,4/26/2024
USD,1,2.6859,0.0051,აშშ დოლარი,4/25/2024,4/26/2024
CNY,10,3.7138,0.0153,ჩინური იუანი,4/24/2024,4/25/2024
RUB,100,2.9082,0.0412,რუსული რუბლი,4/24/2024,4/25/2024
USD,1,2.6910,0.0108,აშშ დოლარი,4/24/2024,4/25/2024
CNY,10,3.6985,0.0085,ჩინური იუანი,4/23/2024,4/24/2024
RUB,100,2.8670,0.0042,რუსული რუბლი,4/23/2024,4/24/2024
USD,1,2.6802,0.0073,აშშ დოლარი,4/23/2024,4/24/2024
CNY,10,3.6900,0.0011,ჩინური იუანი,4/22/2024,4/23/2024
RUB,100,2.8628,0.0005,რუსული რუბლი,4/22/2024,4/23/2024
USD,1,2.6729,0.0018,აშშ დოლარი,4/22/2024,4/23/2024
CNY,10,3.6889,0.0036,ჩინური იუანი,4/19/2024,4/20/2024
RUB,100,2.8623,0.0215,რუსული რუბლი,4/19/2024,4/20/2024
USD,1,2.6711,0.0017,აშშ დოლარი,4/19/2024,4/20/2024
CNY,10,3.6925,0.0035,ჩინური იუანი,4/18/2024,4/19/2024
RUB,100,2.8408,0.0060,რუსული რუბლი,4/18/2024,4/19/2024
USD,1,2.6728,0.0025,აშშ დოლარი,4/18/2024,4/19/2024
CNY,10,3.6960,0.0061,ჩინური იუანი,4/17/2024,4/18/2024
RUB,100,2.8348,0.0075,რუსული რუბლი,4/17/2024,4/18/2024
USD,1,2.6753,0.0043,აშშ დოლარი,4/17/2024,4/18/2024
CNY,10,3.6899,0.0015,ჩინური იუანი,4/16/2024,4/17/2024
RUB,100,2.8423,0.0107,რუსული რუბლი,4/16/2024,4/17/2024
USD,1,2.6710,0.0011,აშშ დოლარი,4/16/2024,4/17/2024
CNY,10,3.6884,0.0020,ჩინური იუანი,4/15/2024,4/16/2024
RUB,100,2.8530,0.0043,რუსული რუბლი,4/15/2024,4/16/2024
USD,1,2.6699,0.0010,აშშ დოლარი,4/15/2024,4/16/2024
CNY,10,3.6904,0.0018,ჩინური იუანი,4/12/2024,4/13/2024
RUB,100,2.8573,0.0035,რუსული რუბლი,4/12/2024,4/13/2024
USD,1,2.6709,0.0011,აშშ დოლარი,4/12/2024,4/13/2024
CNY,10,3.6922,0.0033,ჩინური იუანი,4/11/2024,4/12/2024
RUB,100,2.8538,0.0129,რუსული რუბლი,4/11/2024,4/12/2024
USD,1,2.6720,0.0009,აშშ დოლარი,4/11/2024,4/12/2024
CNY,10,3.6955,0.0068,ჩინური იუანი,4/10/2024,4/11/2024
RUB,100,2.8667,0.0283,რუსული რუბლი,4/10/2024,4/11/2024
USD,1,2.6729,0.0048,აშშ დოლარი,4/10/2024,4/11/2024
CNY,10,3.7023,0.0006,ჩინური იუანი,4/8/2024,4/9/2024
RUB,100,2.8950,0.0033,რუსული რუბლი,4/8/2024,4/9/2024
USD,1,2.6777,0.0007,აშშ დოლარი,4/8/2024,4/9/2024
CNY,10,3.7029,0.0069,ჩინური იუანი,4/5/2024,4/6/2024
RUB,100,2.8983,0.0115,რუსული რუბლი,4/5/2024,4/6/2024
USD,1,2.6784,0.0050,აშშ დოლარი,4/5/2024,4/6/2024
CNY,10,3.7098,0.0005,ჩინური იუანი,4/4/2024,4/5/2024
RUB,100,2.9098,0.0001,რუსული რუბლი,4/4/2024,4/5/2024
USD,1,2.6834,0.0006,აშშ დოლარი,4/4/2024,4/5/2024
CNY,10,3.7093,0.0036,ჩინური იუანი,4/3/2024,4/4/2024
RUB,100,2.9097,0.0084,რუსული რუბლი,4/3/2024,4/4/2024
USD,1,2.6840,0.0026,აშშ დოლარი,4/3/2024,4/4/2024
CNY,10,3.7057,0.0142,ჩინური იუანი,4/2/2024,4/3/2024
RUB,100,2.9013,0.0081,რუსული რუბლი,4/2/2024,4/3/2024
USD,1,2.6814,0.0083,აშშ დოლარი,4/2/2024,4/3/2024
CNY,10,3.7199,0.0132,ჩინური იუანი,4/1/2024,4/2/2024
RUB,100,2.9094,0.0017,რუსული რუბლი,4/1/2024,4/2/2024
USD,1,2.6897,0.0056,აშშ დოლარი,4/1/2024,4/2/2024
CNY,10,3.7331,0.0012,ჩინური იუანი,3/29/2024,3/30/2024
RUB,100,2.9111,0.0066,რუსული რუბლი,3/29/2024,3/30/2024
USD,1,2.6953,0.0025,აშშ დოლარი,3/29/2024,3/30/2024
CNY,10,3.7319,0.0163,ჩინური იუანი,3/28/2024,3/29/2024
RUB,100,2.9177,0.0056,რუსული რუბლი,3/28/2024,3/29/2024
USD,1,2.6978,0.0106,აშშ დოლარი,3/28/2024,3/29/2024
CNY,10,3.7482,0.0001,ჩინური იუანი,3/27/2024,3/28/2024
RUB,100,2.9233,0.0038,რუსული რუბლი,3/27/2024,3/28/2024
USD,1,2.7084,0.0029,აშშ დოლარი,3/27/2024,3/28/2024
CNY,10,3.7481,0.0044,ჩინური იუანი,3/26/2024,3/27/2024
RUB,100,2.9195,0.0071,რუსული რუბლი,3/26/2024,3/27/2024
USD,1,2.7055,0.0052,აშშ დოლარი,3/26/2024,3/27/2024
CNY,10,3.7437,0.0089,ჩინური იუანი,3/25/2024,3/26/2024
RUB,100,2.9124,0.0204,რუსული რუბლი,3/25/2024,3/26/2024
USD,1,2.7003,0.0003,აშშ დოლარი,3/25/2024,3/26/2024
CNY,10,3.7348,0.0242,ჩინური იუანი,3/22/2024,3/23/2024
RUB,100,2.8920,0.0618,რუსული რუბლი,3/22/2024,3/23/2024
USD,1,2.7000,0.0060,აშშ დოლარი,3/22/2024,3/23/2024
CNY,10,3.7590,0.0066,ჩინური იუანი,3/21/2024,3/22/2024
RUB,100,2.9538,0.0305,რუსული რუბლი,3/21/2024,3/22/2024
USD,1,2.7060,0.0046,აშშ დოლარი,3/21/2024,3/22/2024
CNY,10,3.7656,0.0025,ჩინური იუანი,3/20/2024,3/21/2024
RUB,100,2.9233,0.0079,რუსული რუბლი,3/20/2024,3/21/2024
USD,1,2.7106,0.0022,აშშ დოლარი,3/20/2024,3/21/2024
CNY,10,3.7681,0.0035,ჩინური იუანი,3/19/2024,3/20/2024
RUB,100,2.9312,0.0090,რუსული რუბლი,3/19/2024,3/20/2024
USD,1,2.7128,0.0030,აშშ დოლარი,3/19/2024,3/20/2024
CNY,10,3.7646,0.0127,ჩინური იუანი,3/18/2024,3/19/2024
RUB,100,2.9402,0.0009,რუსული რუბლი,3/18/2024,3/19/2024
USD,1,2.7098,0.0099,აშშ დოლარი,3/18/2024,3/19/2024
CNY,10,3.7519,0.0301,ჩინური იუანი,3/15/2024,3/16/2024
RUB,100,2.9411,0.0185,რუსული რუბლი,3/15/2024,3/16/2024
USD,1,2.6999,0.0241,აშშ დოლარი,3/15/2024,3/16/2024
CNY,10,3.7218,0.0258,ჩინური იუანი,3/14/2024,3/15/2024
RUB,100,2.9226,0.0190,რუსული რუბლი,3/14/2024,3/15/2024
USD,1,2.6758,0.0172,აშშ დოლარი,3/14/2024,3/15/2024
CNY,10,3.6960,0.0064,ჩინური იუანი,3/13/2024,3/14/2024
RUB,100,2.9036,0.0126,რუსული რუბლი,3/13/2024,3/14/2024
USD,1,2.6586,0.0016,აშშ დოლარი,3/13/2024,3/14/2024
CNY,10,3.7024,0.0041,ჩინური იუანი,3/12/2024,3/13/2024
RUB,100,2.9162,0.0164,რუსული რუბლი,3/12/2024,3/13/2024
USD,1,2.6570,0.0003,აშშ დოლარი,3/12/2024,3/13/2024
CNY,10,3.6983,0.0063,ჩინური იუანი,3/11/2024,3/12/2024
RUB,100,2.9326,0.0049,რუსული რუბლი,3/11/2024,3/12/2024
USD,1,2.6573,0.0003,აშშ დოლარი,3/11/2024,3/12/2024
CNY,10,3.6920,0.0003,ჩინური იუანი,3/7/2024,3/8/2024
RUB,100,2.9277,0.0176,რუსული რუბლი,3/7/2024,3/8/2024
USD,1,2.6576,0.0005,აშშ დოლარი,3/7/2024,3/8/2024
CNY,10,3.6923,0.0006,ჩინური იუანი,3/6/2024,3/7/2024
RUB,100,2.9453,0.0269,რუსული რუბლი,3/6/2024,3/7/2024
USD,1,2.6581,0.0005,აშშ დოლარი,3/6/2024,3/7/2024
CNY,10,3.6929,0.0005,ჩინური იუანი,3/5/2024,3/6/2024
RUB,100,2.9184,0.0073,რუსული რუბლი,3/5/2024,3/6/2024
USD,1,2.6586,0.0004,აშშ დოლარი,3/5/2024,3/6/2024
CNY,10,3.6934,0.0008,ჩინური იუანი,3/4/2024,3/5/2024
RUB,100,2.9111,0.0005,რუსული რუბლი,3/4/2024,3/5/2024
USD,1,2.6590,0.0006,აშშ დოლარი,3/4/2024,3/5/2024
CNY,10,3.6942,0.0022,ჩინური იუანი,3/1/2024,3/2/2024
RUB,100,2.9106,0.0171,რუსული რუბლი,3/1/2024,3/2/2024
USD,1,2.6596,0.0003,აშშ დოლარი,3/1/2024,3/2/2024
CNY,10,3.6964,0.0008,ჩინური იუანი,2/29/2024,3/1/2024
RUB,100,2.9277,0.0269,რუსული რუბლი,2/29/2024,3/1/2024
USD,1,2.6599,0.0007,აშშ დოლარი,2/29/2024,3/1/2024
CNY,10,3.6956,0.0056,ჩინური იუანი,2/28/2024,2/29/2024
RUB,100,2.9008,0.0115,რუსული რუბლი,2/28/2024,2/29/2024
USD,1,2.6606,0.0044,აშშ დოლარი,2/28/2024,2/29/2024
CNY,10,3.6900,0.0046,ჩინური იუანი,2/27/2024,2/28/2024
RUB,100,2.8893,0.0163,რუსული რუბლი,2/27/2024,2/28/2024
USD,1,2.6562,0.0037,აშშ დოლარი,2/27/2024,2/28/2024
CNY,10,3.6854,0.0003,ჩინური იუანი,2/26/2024,2/27/2024
RUB,100,2.8730,0.0768,რუსული რუბლი,2/26/2024,2/27/2024
USD,1,2.6525,0.0005,აშშ დოლარი,2/26/2024,2/27/2024
CNY,10,3.6857,0.0003,ჩინური იუანი,2/23/2024,2/24/2024
RUB,100,2.7962,0.0457,რუსული რუბლი,2/23/2024,2/24/2024
USD,1,2.6530,0.0025,აშშ დოლარი,2/23/2024,2/24/2024
CNY,10,3.6860,0.0000,ჩინური იუანი,2/22/2024,2/23/2024
RUB,100,2.8419,0.0193,რუსული რუბლი,2/22/2024,2/23/2024
USD,1,2.6505,0.0004,აშშ დოლარი,2/22/2024,2/23/2024
CNY,10,3.6860,0.0072,ჩინური იუანი,2/21/2024,2/22/2024
RUB,100,2.8612,0.0002,რუსული რუბლი,2/21/2024,2/22/2024
USD,1,2.6501,0.0034,აშშ დოლარი,2/21/2024,2/22/2024
CNY,10,3.6788,0.0043,ჩინური იუანი,2/20/2024,2/21/2024
RUB,100,2.8614,0.0010,რუსული რუბლი,2/20/2024,2/21/2024
USD,1,2.6467,0.0018,აშშ დოლარი,2/20/2024,2/21/2024
CNY,10,3.6745,0.0001,ჩინური იუანი,2/19/2024,2/20/2024
RUB,100,2.8604,0.0130,რუსული რუბლი,2/19/2024,2/20/2024
USD,1,2.6449,0.0017,აშშ დოლარი,2/19/2024,2/20/2024
CNY,10,3.6744,0.0029,ჩინური იუანი,2/16/2024,2/17/2024
RUB,100,2.8474,0.0226,რუსული რუბლი,2/16/2024,2/17/2024
USD,1,2.6432,0.0021,აშშ დოლარი,2/16/2024,2/17/2024
CNY,10,3.6773,0.0042,ჩინური იუანი,2/15/2024,2/16/2024
RUB,100,2.8700,0.0264,რუსული რუბლი,2/15/2024,2/16/2024
USD,1,2.6453,0.0030,აშშ დოლარი,2/15/2024,2/16/2024
CNY,10,3.6815,0.0047,ჩინური იუანი,2/14/2024,2/15/2024
RUB,100,2.8964,0.0072,რუსული რუბლი,2/14/2024,2/15/2024
USD,1,2.6483,0.0034,აშშ დოლარი,2/14/2024,2/15/2024
CNY,10,3.6862,0.0010,ჩინური იუანი,2/13/2024,2/14/2024
RUB,100,2.9036,0.0093,რუსული რუბლი,2/13/2024,2/14/2024
USD,1,2.6517,0.0007,აშშ დოლარი,2/13/2024,2/14/2024
CNY,10,3.6872,0.0010,ჩინური იუანი,2/12/2024,2/13/2024
RUB,100,2.9129,0.0084,რუსული რუბლი,2/12/2024,2/13/2024
USD,1,2.6524,0.0019,აშშ დოლარი,2/12/2024,2/13/2024
CNY,10,3.6882,0.0043,ჩინური იუანი,2/9/2024,2/10/2024
RUB,100,2.9213,0.0117,რუსული რუბლი,2/9/2024,2/10/2024
USD,1,2.6543,0.0030,აშშ დოლარი,2/9/2024,2/10/2024
CNY,10,3.6925,0.0035,ჩინური იუანი,2/8/2024,2/9/2024
RUB,100,2.9096,0.0078,რუსული რუბლი,2/8/2024,2/9/2024
USD,1,2.6573,0.0019,აშშ დოლარი,2/8/2024,2/9/2024
CNY,10,3.6960,0.0062,ჩინური იუანი,2/7/2024,2/8/2024
RUB,100,2.9174,0.0113,რუსული რუბლი,2/7/2024,2/8/2024
USD,1,2.6592,0.0030,აშშ დოლარი,2/7/2024,2/8/2024
CNY,10,3.7022,0.0001,ჩინური იუანი,2/6/2024,2/7/2024
RUB,100,2.9287,0.0088,რუსული რუბლი,2/6/2024,2/7/2024
USD,1,2.6622,0.0026,აშშ დოლარი,2/6/2024,2/7/2024
CNY,10,3.7021,0.0163,ჩინური იუანი,2/5/2024,2/6/2024
RUB,100,2.9199,0.0299,რუსული რუბლი,2/5/2024,2/6/2024
USD,1,2.6648,0.0040,აშშ დოლარი,2/5/2024,2/6/2024
CNY,10,3.7184,0.0087,ჩინური იუანი,2/2/2024,2/3/2024
RUB,100,2.9498,0.0152,რუსული რუბლი,2/2/2024,2/3/2024
USD,1,2.6688,0.0083,აშშ დოლარი,2/2/2024,2/3/2024
CNY,10,3.7271,0.0088,ჩინური იუანი,2/1/2024,2/2/2024
RUB,100,2.9650,0.0263,რუსული რუბლი,2/1/2024,2/2/2024
USD,1,2.6771,0.0047,აშშ დოლარი,2/1/2024,2/2/2024
CNY,10,3.7359,0.0009,ჩინური იუანი,1/31/2024,2/1/2024
RUB,100,2.9913,0.0142,რუსული რუბლი,1/31/2024,2/1/2024
USD,1,2.6818,0.0009,აშშ დოლარი,1/31/2024,2/1/2024
CNY,10,3.7368,0.0089,ჩინური იუანი,1/30/2024,1/31/2024
RUB,100,3.0055,0.0209,რუსული რუბლი,1/30/2024,1/31/2024
USD,1,2.6827,0.0054,აშშ დოლარი,1/30/2024,1/31/2024
CNY,10,3.7279,0.0011,ჩინური იუანი,1/29/2024,1/30/2024
RUB,100,2.9846,0.0011,რუსული რუბლი,1/29/2024,1/30/2024
USD,1,2.6773,0.0023,აშშ დოლარი,1/29/2024,1/30/2024
CNY,10,3.7290,0.0047,ჩინური იუანი,1/26/2024,1/27/2024
RUB,100,2.9857,0.0284,რუსული რუბლი,1/26/2024,1/27/2024
USD,1,2.6750,0.0019,აშშ დოლარი,1/26/2024,1/27/2024
CNY,10,3.7337,0.0068,ჩინური იუანი,1/25/2024,1/26/2024
RUB,100,3.0141,0.0056,რუსული რუბლი,1/25/2024,1/26/2024
USD,1,2.6769,0.0077,აშშ დოლარი,1/25/2024,1/26/2024
CNY,10,3.7269,0.0120,ჩინური იუანი,1/24/2024,1/25/2024
RUB,100,3.0197,0.0044,რუსული რუბლი,1/24/2024,1/25/2024
USD,1,2.6692,0.0059,აშშ დოლარი,1/24/2024,1/25/2024
CNY,10,3.7149,0.0194,ჩინური იუანი,1/23/2024,1/24/2024
RUB,100,3.0241,0.0002,რუსული რუბლი,1/23/2024,1/24/2024
USD,1,2.6633,0.0045,აშშ დოლარი,1/23/2024,1/24/2024
CNY,10,3.6955,0.0005,ჩინური იუანი,1/22/2024,1/23/2024
RUB,100,3.0239,0.0315,რუსული რუბლი,1/22/2024,1/23/2024
USD,1,2.6588,0.0012,აშშ დოლარი,1/22/2024,1/23/2024
CNY,10,3.6950,0.0017,ჩინური იუანი,1/18/2024,1/19/2024
RUB,100,2.9924,0.0152,რუსული რუბლი,1/18/2024,1/19/2024
USD,1,2.6576,0.0019,აშშ დოლარი,1/18/2024,1/19/2024
CNY,10,3.6967,0.0027,ჩინური იუანი,1/17/2024,1/18/2024
RUB,100,3.0076,0.0188,რუსული რუბლი,1/17/2024,1/18/2024
USD,1,2.6595,0.0022,აშშ დოლარი,1/17/2024,1/18/2024
CNY,10,3.6940,0.0103,ჩინური იუანი,1/16/2024,1/17/2024
RUB,100,3.0264,0.0072,რუსული რუბლი,1/16/2024,1/17/2024
USD,1,2.6573,0.0009,აშშ დოლარი,1/16/2024,1/17/2024
CNY,10,3.7043,0.0269,ჩინური იუანი,1/15/2024,1/16/2024
RUB,100,3.0336,0.0003,რუსული რუბლი,1/15/2024,1/16/2024
USD,1,2.6582,0.0159,აშშ დოლარი,1/15/2024,1/16/2024
CNY,10,3.7312,0.0145,ჩინური იუანი,1/12/2024,1/13/2024
RUB,100,3.0339,0.0158,რუსული რუბლი,1/12/2024,1/13/2024
USD,1,2.6741,0.0085,აშშ დოლარი,1/12/2024,1/13/2024
CNY,10,3.7457,0.0042,ჩინური იუანი,1/11/2024,1/12/2024
RUB,100,3.0181,0.0076,რუსული რუბლი,1/11/2024,1/12/2024
USD,1,2.6826,0.0053,აშშ დოლარი,1/11/2024,1/12/2024
CNY,10,3.7499,0.0032,ჩინური იუანი,1/10/2024,1/11/2024
RUB,100,3.0105,0.0184,რუსული რუბლი,1/10/2024,1/11/2024
USD,1,2.6879,0.0001,აშშ დოლარი,1/10/2024,1/11/2024
CNY,10,3.7531,0.0012,ჩინური იუანი,1/9/2024,1/10/2024
RUB,100,2.9921,0.0363,რუსული რუბლი,1/9/2024,1/10/2024
USD,1,2.6878,0.0001,აშშ დოლარი,1/9/2024,1/10/2024
CNY,10,3.7543,0.0004,ჩინური იუანი,1/8/2024,1/9/2024
RUB,100,2.9558,0.0036,რუსული რუბლი,1/8/2024,1/9/2024
USD,1,2.6879,0.0014,აშშ დოლარი,1/8/2024,1/9/2024
CNY,10,3.7547,0.0040,ჩინური იუანი,1/5/2024,1/6/2024
RUB,100,2.9522,0.0077,რუსული რუბლი,1/5/2024,1/6/2024
USD,1,2.6865,0.0004,აშშ დოლარი,1/5/2024,1/6/2024
CNY,10,3.7587,0.0037,ჩინური იუანი,1/4/2024,1/5/2024
RUB,100,2.9445,0.0138,რუსული რუბლი,1/4/2024,1/5/2024
USD,1,2.6869,0.0020,აშშ დოლარი,1/4/2024,1/5/2024
CNY,10,3.7624,0.0195,ჩინური იუანი,1/3/2024,1/4/2024
RUB,100,2.9307,0.0609,რუსული რუბლი,1/3/2024,1/4/2024
USD,1,2.6889,0.0005,აშშ დოლარი,1/3/2024,1/4/2024
CNY,10,3.7819,0.0099,ჩინური იუანი,12/29/2023,12/30/2023
RUB,100,2.9916,0.0157,რუსული რუბლი,12/29/2023,12/30/2023
USD,1,2.6894,0.0036,აშშ დოლარი,12/29/2023,12/30/2023
CNY,10,3.7918,0.0258,ჩინური იუანი,12/28/2023,12/29/2023
RUB,100,2.9759,0.0484,რუსული რუბლი,12/28/2023,12/29/2023
USD,1,2.6930,0.0010,აშშ დოლარი,12/28/2023,12/29/2023
CNY,10,3.7660,0.0003,ჩინური იუანი,12/27/2023,12/28/2023
RUB,100,2.9275,0.0129,რუსული რუბლი,12/27/2023,12/28/2023
USD,1,2.6920,0.0012,აშშ დოლარი,12/27/2023,12/28/2023
CNY,10,3.7657,0.0044,ჩინური იუანი,12/26/2023,12/27/2023
RUB,100,2.9146,0.0003,რუსული რუბლი,12/26/2023,12/27/2023
USD,1,2.6908,0.0003,აშშ დოლარი,12/26/2023,12/27/2023
CNY,10,3.7701,0.0006,ჩინური იუანი,12/25/2023,12/26/2023
RUB,100,2.9143,0.0147,რუსული რუბლი,12/25/2023,12/26/2023
USD,1,2.6905,0.0027,აშშ დოლარი,12/25/2023,12/26/2023
CNY,10,3.7707,0.0107,ჩინური იუანი,12/22/2023,12/23/2023
RUB,100,2.9290,0.0102,რუსული რუბლი,12/22/2023,12/23/2023
USD,1,2.6878,0.0004,აშშ დოლარი,12/22/2023,12/23/2023
CNY,10,3.7600,0.0019,ჩინური იუანი,12/21/2023,12/22/2023
RUB,100,2.9188,0.0485,რუსული რუბლი,12/21/2023,12/22/2023
USD,1,2.6882,0.0028,აშშ დოლარი,12/21/2023,12/22/2023
CNY,10,3.7619,0.0064,ჩინური იუანი,12/20/2023,12/21/2023
RUB,100,2.9673,0.0088,რუსული რუბლი,12/20/2023,12/21/2023
USD,1,2.6854,0.0032,აშშ დოლარი,12/20/2023,12/21/2023
CNY,10,3.7555,0.0015,ჩინური იუანი,12/19/2023,12/20/2023
RUB,100,2.9761,0.0198,რუსული რუბლი,12/19/2023,12/20/2023
USD,1,2.6822,0.0020,აშშ დოლარი,12/19/2023,12/20/2023
CNY,10,3.7570,0.0150,ჩინური იუანი,12/18/2023,12/19/2023
RUB,100,2.9563,0.0332,რუსული რუბლი,12/18/2023,12/19/2023
USD,1,2.6802,0.0014,აშშ დოლარი,12/18/2023,12/19/2023
CNY,10,3.7720,0.0079,ჩინური იუანი,12/15/2023,12/16/2023
RUB,100,2.9895,0.0051,რუსული რუბლი,12/15/2023,12/16/2023
USD,1,2.6816,0.0043,აშშ დოლარი,12/15/2023,12/16/2023
CNY,10,3.7641,0.0393,ჩინური იუანი,12/14/2023,12/15/2023
RUB,100,2.9844,0.0118,რუსული რუბლი,12/14/2023,12/15/2023
USD,1,2.6859,0.0114,აშშ დოლარი,12/14/2023,12/15/2023
CNY,10,3.7248,0.0014,ჩინური იუანი,12/13/2023,12/14/2023
RUB,100,2.9726,0.0053,რუსული რუბლი,12/13/2023,12/14/2023
USD,1,2.6745,0.0011,აშშ დოლარი,12/13/2023,12/14/2023
CNY,10,3.7262,0.0096,ჩინური იუანი,12/12/2023,12/13/2023
RUB,100,2.9673,0.0341,რუსული რუბლი,12/12/2023,12/13/2023
USD,1,2.6734,0.0050,აშშ დოლარი,12/12/2023,12/13/2023
CNY,10,3.7166,0.0110,ჩინური იუანი,12/11/2023,12/12/2023
RUB,100,2.9332,0.0175,რუსული რუბლი,12/11/2023,12/12/2023
USD,1,2.6684,0.0011,აშშ დოლარი,12/11/2023,12/12/2023
CNY,10,3.7276,0.0185,ჩინური იუანი,12/8/2023,12/9/2023
RUB,100,2.9157,0.0273,რუსული რუბლი,12/8/2023,12/9/2023
USD,1,2.6695,0.0095,აშშ დოლარი,12/8/2023,12/9/2023
CNY,10,3.7461,0.0067,ჩინური იუანი,12/7/2023,12/8/2023
RUB,100,2.8884,0.0098,რუსული რუბლი,12/7/2023,12/8/2023
USD,1,2.6790,0.0070,აშშ დოლარი,12/7/2023,12/8/2023
CNY,10,3.7528,0.0189,ჩინური იუანი,12/6/2023,12/7/2023
RUB,100,2.8982,0.0348,რუსული რუბლი,12/6/2023,12/7/2023
USD,1,2.6860,0.0077,აშშ დოლარი,12/6/2023,12/7/2023
CNY,10,3.7717,0.0028,ჩინური იუანი,12/5/2023,12/6/2023
RUB,100,2.9330,0.0312,რუსული რუბლი,12/5/2023,12/6/2023
USD,1,2.6937,0.0006,აშშ დოლარი,12/5/2023,12/6/2023
CNY,10,3.7745,0.0104,ჩინური იუანი,12/4/2023,12/5/2023
RUB,100,2.9642,0.0367,რუსული რუბლი,12/4/2023,12/5/2023
USD,1,2.6943,0.0083,აშშ დოლარი,12/4/2023,12/5/2023
CNY,10,3.7849,0.0096,ჩინური იუანი,12/1/2023,12/2/2023
RUB,100,3.0009,0.0558,რუსული რუბლი,12/1/2023,12/2/2023
USD,1,2.7026,0.0060,აშშ დოლარი,12/1/2023,12/2/2023
CNY,10,3.7945,0.0099,ჩინური იუანი,11/30/2023,12/1/2023
RUB,100,3.0567,0.0064,რუსული რუბლი,11/30/2023,12/1/2023
USD,1,2.7086,0.0043,აშშ დოლარი,11/30/2023,12/1/2023
CNY,10,3.8044,0.0120,ჩინური იუანი,11/29/2023,11/30/2023
RUB,100,3.0503,0.0071,რუსული რუბლი,11/29/2023,11/30/2023
USD,1,2.7129,0.0001,აშშ დოლარი,11/29/2023,11/30/2023
CNY,10,3.8044,0.0120,ჩინური იუანი,11/29/2023,11/30/2023
RUB,100,3.0503,0.0071,რუსული რუბლი,11/29/2023,11/30/2023
USD,1,2.7129,0.0001,აშშ დოლარი,11/29/2023,11/30/2023
CNY,10,3.7924,0.0028,ჩინური იუანი,11/28/2023,11/29/2023
RUB,100,3.0574,0.0049,რუსული რუბლი,11/28/2023,11/29/2023
USD,1,2.7128,0.0015,აშშ დოლარი,11/28/2023,11/29/2023
CNY,10,3.7896,0.0028,ჩინური იუანი,11/27/2023,11/28/2023
RUB,100,3.0525,0.0007,რუსული რუბლი,11/27/2023,11/28/2023
USD,1,2.7113,0.0015,აშშ დოლარი,11/27/2023,11/28/2023
CNY,10,3.7924,0.0002,ჩინური იუანი,11/24/2023,11/25/2023
RUB,100,3.0518,0.0203,რუსული რუბლი,11/24/2023,11/25/2023
USD,1,2.7128,0.0006,აშშ დოლარი,11/24/2023,11/25/2023
CNY,10,3.7922,0.0039,ჩინური იუანი,11/22/2023,11/23/2023
RUB,100,3.0721,0.0002,რუსული რუბლი,11/22/2023,11/23/2023
USD,1,2.7122,0.0085,აშშ დოლარი,11/22/2023,11/23/2023
CNY,10,3.7883,0.0237,ჩინური იუანი,11/21/2023,11/22/2023
RUB,100,3.0723,0.0226,რუსული რუბლი,11/21/2023,11/22/2023
USD,1,2.7037,0.0056,აშშ დოლარი,11/21/2023,11/22/2023
CNY,10,3.7646,0.0200,ჩინური იუანი,11/20/2023,11/21/2023
RUB,100,3.0497,0.0201,რუსული რუბლი,11/20/2023,11/21/2023
USD,1,2.6981,0.0004,აშშ დოლარი,11/20/2023,11/21/2023
CNY,10,3.7446,0.0183,ჩინური იუანი,11/17/2023,11/18/2023
RUB,100,3.0296,0.0082,რუსული რუბლი,11/17/2023,11/18/2023
USD,1,2.6985,0.0026,აშშ დოლარი,11/17/2023,11/18/2023
CNY,10,3.7263,0.0019,ჩინური იუანი,11/16/2023,11/17/2023
RUB,100,3.0378,0.0009,რუსული რუბლი,11/16/2023,11/17/2023
USD,1,2.7011,0.0003,აშშ დოლარი,11/16/2023,11/17/2023
CNY,10,3.7282,0.0264,ჩინური იუანი,11/15/2023,11/16/2023
RUB,100,3.0369,0.0788,რუსული რუბლი,11/15/2023,11/16/2023
USD,1,2.7008,0.0027,აშშ დოლარი,11/15/2023,11/16/2023
CNY,10,3.7018,0.0025,ჩინური იუანი,11/14/2023,11/15/2023
RUB,100,2.9581,0.0302,რუსული რუბლი,11/14/2023,11/15/2023
USD,1,2.6981,0.0011,აშშ დოლარი,11/14/2023,11/15/2023
CNY,10,3.6993,0.0028,ჩინური იუანი,11/13/2023,11/14/2023
RUB,100,2.9279,0.0036,რუსული რუბლი,11/13/2023,11/14/2023
USD,1,2.6970,0.0019,აშშ დოლარი,11/13/2023,11/14/2023
CNY,10,3.7021,0.0104,ჩინური იუანი,11/10/2023,11/11/2023
RUB,100,2.9315,0.0051,რუსული რუბლი,11/10/2023,11/11/2023
USD,1,2.6989,0.0059,აშშ დოლარი,11/10/2023,11/11/2023
CNY,10,3.7125,0.0010,ჩინური იუანი,11/9/2023,11/10/2023
RUB,100,2.9366,0.0025,რუსული რუბლი,11/9/2023,11/10/2023
USD,1,2.7048,0.0023,აშშ დოლარი,11/9/2023,11/10/2023
CNY,10,3.7115,0.0047,ჩინური იუანი,11/8/2023,11/9/2023
RUB,100,2.9341,0.0150,რუსული რუბლი,11/8/2023,11/9/2023
USD,1,2.7025,0.0025,აშშ დოლარი,11/8/2023,11/9/2023
CNY,10,3.7068,0.0166,ჩინური იუანი,11/7/2023,11/8/2023
RUB,100,2.9191,0.0094,რუსული რუბლი,11/7/2023,11/8/2023
USD,1,2.7000,0.0061,აშშ დოლარი,11/7/2023,11/8/2023
CNY,10,3.7234,0.0142,ჩინური იუანი,11/6/2023,11/7/2023
RUB,100,2.9285,0.0110,რუსული რუბლი,11/6/2023,11/7/2023
USD,1,2.7061,0.0077,აშშ დოლარი,11/6/2023,11/7/2023
CNY,10,3.7092,0.0010,ჩინური იუანი,11/3/2023,11/4/2023
RUB,100,2.9175,0.0090,რუსული რუბლი,11/3/2023,11/4/2023
USD,1,2.7138,0.0014,აშშ დოლარი,11/3/2023,11/4/2023
CNY,10,3.7102,0.0008,ჩინური იუანი,11/2/2023,11/3/2023
RUB,100,2.9085,0.0186,რუსული რუბლი,11/2/2023,11/3/2023
USD,1,2.7152,0.0003,აშშ დოლარი,11/2/2023,11/3/2023
CNY,10,3.7094,0.0076,ჩინური იუანი,11/1/2023,11/2/2023
RUB,100,2.9271,0.0135,რუსული რუბლი,11/1/2023,11/2/2023
USD,1,2.7149,0.0070,აშშ დოლარი,11/1/2023,11/2/2023
CNY,10,3.7018,0.0050,ჩინური იუანი,10/31/2023,11/1/2023
RUB,100,2.9406,0.0410,რუსული რუბლი,10/31/2023,11/1/2023
USD,1,2.7079,0.0031,აშშ დოლარი,10/31/2023,11/1/2023
CNY,10,3.6968,0.0025,ჩინური იუანი,10/30/2023,10/31/2023
RUB,100,2.8996,0.0103,რუსული რუბლი,10/30/2023,10/31/2023
USD,1,2.7048,0.0011,აშშ დოლარი,10/30/2023,10/31/2023
CNY,10,3.6943,0.0025,ჩინური იუანი,10/27/2023,10/28/2023
RUB,100,2.9099,0.0221,რუსული რუბლი,10/27/2023,10/28/2023
USD,1,2.7037,0.0021,აშშ დოლარი,10/27/2023,10/28/2023
CNY,10,3.6968,0.0003,ჩინური იუანი,10/26/2023,10/27/2023
RUB,100,2.8878,0.0108,რუსული რუბლი,10/26/2023,10/27/2023
USD,1,2.7058,0.0006,აშშ დოლარი,10/26/2023,10/27/2023
CNY,10,3.6971,0.0052,ჩინური იუანი,10/25/2023,10/26/2023
RUB,100,2.8986,0.0159,რუსული რუბლი,10/25/2023,10/26/2023
USD,1,2.7052,0.0055,აშშ დოლარი,10/25/2023,10/26/2023
CNY,10,3.6919,0.0059,ჩინური იუანი,10/24/2023,10/25/2023
RUB,100,2.8827,0.0363,რუსული რუბლი,10/24/2023,10/25/2023
USD,1,2.6997,0.0026,აშშ დოლარი,10/24/2023,10/25/2023
CNY,10,3.6860,0.0011,ჩინური იუანი,10/23/2023,10/24/2023
RUB,100,2.8464,0.0338,რუსული რუბლი,10/23/2023,10/24/2023
USD,1,2.6971,0.0013,აშშ დოლარი,10/23/2023,10/24/2023
CNY,10,3.6849,0.0002,ჩინური იუანი,10/20/2023,10/21/2023
RUB,100,2.8126,0.0434,რუსული რუბლი,10/20/2023,10/21/2023
USD,1,2.6958,0.0002,აშშ დოლარი,10/20/2023,10/21/2023
CNY,10,3.6851,0.0049,ჩინური იუანი,10/19/2023,10/20/2023
RUB,100,2.7692,0.0045,რუსული რუბლი,10/19/2023,10/20/2023
USD,1,2.6960,0.0035,აშშ დოლარი,10/19/2023,10/20/2023
CNY,10,3.6802,0.0020,ჩინური იუანი,10/18/2023,10/19/2023
RUB,100,2.7647,0.0012,რუსული რუბლი,10/18/2023,10/19/2023
USD,1,2.6925,0.0000,აშშ დოლარი,10/18/2023,10/19/2023
CNY,10,3.6822,0.0071,ჩინური იუანი,10/17/2023,10/18/2023
RUB,100,2.7659,0.0048,რუსული რუბლი,10/17/2023,10/18/2023
USD,1,2.6925,0.0052,აშშ დოლარი,10/17/2023,10/18/2023
CNY,10,3.6893,0.0034,ჩინური იუანი,10/16/2023,10/17/2023
RUB,100,2.7707,0.0034,რუსული რუბლი,10/16/2023,10/17/2023
USD,1,2.6977,0.0007,აშშ დოლარი,10/16/2023,10/17/2023
CNY,10,3.6927,0.0034,ჩინური იუანი,10/13/2023,10/14/2023
RUB,100,2.7741,0.0076,რუსული რუბლი,10/13/2023,10/14/2023
USD,1,2.6984,0.0004,აშშ დოლარი,10/13/2023,10/14/2023
CNY,10,3.6961,0.0042,ჩინური იუანი,10/12/2023,10/13/2023
RUB,100,2.7817,0.0843,რუსული რუბლი,10/12/2023,10/13/2023
USD,1,2.6980,0.0020,აშშ დოლარი,10/12/2023,10/13/2023
CNY,10,3.6919,0.0210,ჩინური იუანი,10/11/2023,10/12/2023
RUB,100,2.6974,0.0217,რუსული რუბლი,10/11/2023,10/12/2023
USD,1,2.6960,0.0167,აშშ დოლარი,10/11/2023,10/12/2023
CNY,10,3.6709,0.0122,ჩინური იუანი,10/10/2023,10/11/2023
RUB,100,2.6757,0.0433,რუსული რუბლი,10/10/2023,10/11/2023
USD,1,2.6793,0.0118,აშშ დოლარი,10/10/2023,10/11/2023
CNY,10,3.6587,0.0024,ჩინური იუანი,10/9/2023,10/10/2023
RUB,100,2.6324,0.0297,რუსული რუბლი,10/9/2023,10/10/2023
USD,1,2.6675,0.0044,აშშ დოლარი,10/9/2023,10/10/2023
CNY,10,3.6611,0.0088,ჩინური იუანი,10/6/2023,10/7/2023
RUB,100,2.6621,0.0173,რუსული რუბლი,10/6/2023,10/7/2023
USD,1,2.6719,0.0064,აშშ დოლარი,10/6/2023,10/7/2023
CNY,10,3.6699,0.0032,ჩინური იუანი,10/5/2023,10/6/2023
RUB,100,2.6794,0.0160,რუსული რუბლი,10/5/2023,10/6/2023
USD,1,2.6783,0.0023,აშშ დოლარი,10/5/2023,10/6/2023
CNY,10,3.6731,0.0006,ჩინური იუანი,10/4/2023,10/5/2023
RUB,100,2.6954,0.0053,რუსული რუბლი,10/4/2023,10/5/2023
USD,1,2.6806,0.0004,აშშ დოლარი,10/4/2023,10/5/2023
CNY,10,3.6725,0.0012,ჩინური იუანი,10/3/2023,10/4/2023
RUB,100,2.7007,0.0208,რუსული რუბლი,10/3/2023,10/4/2023
USD,1,2.6802,0.0009,აშშ დოლარი,10/3/2023,10/4/2023
CNY,10,3.6737,0.0038,ჩინური იუანი,10/2/2023,10/3/2023
RUB,100,2.7215,0.0210,რუსული რუბლი,10/2/2023,10/3/2023
USD,1,2.6811,0.0028,აშშ დოლარი,10/2/2023,10/3/2023
CNY,10,3.6699,0.0041,ჩინური იუანი,9/29/2023,9/30/2023
RUB,100,2.7425,0.0211,რუსული რუბლი,9/29/2023,9/30/2023
USD,1,2.6783,0.0049,აშშ დოლარი,9/29/2023,9/30/2023
CNY,10,3.6740,0.0119,ჩინური იუანი,9/28/2023,9/29/2023
RUB,100,2.7636,0.0067,რუსული რუბლი,9/28/2023,9/29/2023
USD,1,2.6832,0.0054,აშშ დოლარი,9/28/2023,9/29/2023
CNY,10,3.6621,0.0049,ჩინური იუანი,9/27/2023,9/28/2023
RUB,100,2.7703,0.0056,რუსული რუბლი,9/27/2023,9/28/2023
USD,1,2.6778,0.0046,აშშ დოლარი,9/27/2023,9/28/2023
CNY,10,3.6572,0.0074,ჩინური იუანი,9/26/2023,9/27/2023
RUB,100,2.7759,0.0011,რუსული რუბლი,9/26/2023,9/27/2023
USD,1,2.6732,0.0051,აშშ დოლარი,9/26/2023,9/27/2023
CNY,10,3.6498,0.0219,ჩინური იუანი,9/25/2023,9/26/2023
RUB,100,2.7748,0.0071,რუსული რუბლი,9/25/2023,9/26/2023
USD,1,2.6681,0.0135,აშშ დოლარი,9/25/2023,9/26/2023
CNY,10,3.6717,0.0074,ჩინური იუანი,9/22/2023,9/23/2023
RUB,100,2.7819,0.0163,რუსული რუბლი,9/22/2023,9/23/2023
USD,1,2.6816,0.0063,აშშ დოლარი,9/22/2023,9/23/2023
CNY,10,3.6791,0.0129,ჩინური იუანი,9/21/2023,9/22/2023
RUB,100,2.7982,0.0327,რუსული რუბლი,9/21/2023,9/22/2023
USD,1,2.6879,0.0129,აშშ დოლარი,9/21/2023,9/22/2023
CNY,10,3.6662,0.0433,ჩინური იუანი,9/20/2023,9/21/2023
RUB,100,2.7655,0.0188,რუსული რუბლი,9/20/2023,9/21/2023
USD,1,2.6750,0.0338,აშშ დოლარი,9/20/2023,9/21/2023
CNY,10,3.6229,0.0097,ჩინური იუანი,9/19/2023,9/20/2023
RUB,100,2.7467,0.0147,რუსული რუბლი,9/19/2023,9/20/2023
USD,1,2.6412,0.0052,აშშ დოლარი,9/19/2023,9/20/2023
CNY,10,3.6132,0.0050,ჩინური იუანი,9/18/2023,9/19/2023
RUB,100,2.7320,0.0001,რუსული რუბლი,9/18/2023,9/19/2023
USD,1,2.6360,0.0027,აშშ დოლარი,9/18/2023,9/19/2023
CNY,10,3.6182,0.0040,ჩინური იუანი,9/15/2023,9/16/2023
RUB,100,2.7321,0.0109,რუსული რუბლი,9/15/2023,9/16/2023
USD,1,2.6333,0.0029,აშშ დოლარი,9/15/2023,9/16/2023
CNY,10,3.6222,0.0124,ჩინური იუანი,9/14/2023,9/15/2023
RUB,100,2.7430,0.0032,რუსული რუბლი,9/14/2023,9/15/2023
USD,1,2.6362,0.0080,აშშ დოლარი,9/14/2023,9/15/2023
CNY,10,3.6098,0.0112,ჩინური იუანი,9/13/2023,9/14/2023
RUB,100,2.7462,0.0228,რუსული რუბლი,9/13/2023,9/14/2023
USD,1,2.6282,0.0044,აშშ დოლარი,9/13/2023,9/14/2023
CNY,10,3.5986,0.0040,ჩინური იუანი,9/12/2023,9/13/2023
RUB,100,2.7690,0.0450,რუსული რუბლი,9/12/2023,9/13/2023
USD,1,2.6238,0.0004,აშშ დოლარი,9/12/2023,9/13/2023
CNY,10,3.5946,0.0179,ჩინური იუანი,9/11/2023,9/12/2023
RUB,100,2.7240,0.0407,რუსული რუბლი,9/11/2023,9/12/2023
USD,1,2.6234,0.0017,აშშ დოლარი,9/11/2023,9/12/2023
CNY,10,3.5767,0.0055,ჩინური იუანი,9/8/2023,9/9/2023
RUB,100,2.6833,0.0149,რუსული რუბლი,9/8/2023,9/9/2023
USD,1,2.6251,0.0000,აშშ დოლარი,9/8/2023,9/9/2023
CNY,10,3.5822,0.0139,ჩინური იუანი,9/7/2023,9/8/2023
RUB,100,2.6684,0.0129,რუსული რუბლი,9/7/2023,9/8/2023
USD,1,2.6251,0.0017,აშშ დოლარი,9/7/2023,9/8/2023
CNY,10,3.5961,0.0015,ჩინური იუანი,9/6/2023,9/7/2023
RUB,100,2.6813,0.0143,რუსული რუბლი,9/6/2023,9/7/2023
USD,1,2.6268,0.0011,აშშ დოლარი,9/6/2023,9/7/2023
CNY,10,3.5976,0.0131,ჩინური იუანი,9/5/2023,9/6/2023
RUB,100,2.6956,0.0190,რუსული რუბლი,9/5/2023,9/6/2023
USD,1,2.6279,0.0031,აშშ დოლარი,9/5/2023,9/6/2023
CNY,10,3.6107,0.0074,ჩინური იუანი,9/4/2023,9/5/2023
RUB,100,2.7146,0.0029,რუსული რუბლი,9/4/2023,9/5/2023
USD,1,2.6248,0.0004,აშშ დოლარი,9/4/2023,9/5/2023
CNY,10,3.6181,0.0102,ჩინური იუანი,9/1/2023,9/2/2023
RUB,100,2.7175,0.0072,რუსული რუბლი,9/1/2023,9/2/2023
USD,1,2.6252,0.0041,აშშ დოლარი,9/1/2023,9/2/2023
CNY,10,3.6079,0.0007,ჩინური იუანი,8/31/2023,9/1/2023
RUB,100,2.7247,0.0140,რუსული რუბლი,8/31/2023,9/1/2023
USD,1,2.6293,0.0001,აშშ დოლარი,8/31/2023,9/1/2023
CNY,10,3.6072,0.0053,ჩინური იუანი,8/30/2023,8/31/2023
RUB,100,2.7387,0.0018,რუსული რუბლი,8/30/2023,8/31/2023
USD,1,2.6292,0.0024,აშშ დოლარი,8/30/2023,8/31/2023
CNY,10,3.6019,0.0060,ჩინური იუანი,8/29/2023,8/30/2023
RUB,100,2.7405,0.0324,რუსული რუბლი,8/29/2023,8/30/2023
USD,1,2.6268,0.0031,აშშ დოლარი,8/29/2023,8/30/2023
CNY,10,3.6079,0.0172,ჩინური იუანი,8/25/2023,8/26/2023
RUB,100,2.7729,0.0169,რუსული რუბლი,8/25/2023,8/26/2023
USD,1,2.6299,0.0088,აშშ დოლარი,8/25/2023,8/26/2023
CNY,10,3.6251,0.0137,ჩინური იუანი,8/24/2023,8/25/2023
RUB,100,2.7898,0.0083,რუსული რუბლი,8/24/2023,8/25/2023
USD,1,2.6387,0.0053,აშშ დოლარი,8/24/2023,8/25/2023
CNY,10,3.6114,0.0174,ჩინური იუანი,8/23/2023,8/24/2023
RUB,100,2.7815,0.0014,რუსული რუბლი,8/23/2023,8/24/2023
USD,1,2.6334,0.0119,აშშ დოლარი,8/23/2023,8/24/2023
CNY,10,3.5940,0.0048,ჩინური იუანი,8/22/2023,8/23/2023
RUB,100,2.7801,0.0013,რუსული რუბლი,8/22/2023,8/23/2023
USD,1,2.6215,0.0023,აშშ დოლარი,8/22/2023,8/23/2023
CNY,10,3.5892,0.0066,ჩინური იუანი,8/21/2023,8/22/2023
RUB,100,2.7788,0.0147,რუსული რუბლი,8/21/2023,8/22/2023
USD,1,2.6192,0.0027,აშშ დოლარი,8/21/2023,8/22/2023
CNY,10,3.5958,0.0012,ჩინური იუანი,8/18/2023,8/19/2023
RUB,100,2.7935,0.0357,რუსული რუბლი,8/18/2023,8/19/2023
USD,1,2.6219,0.0040,აშშ დოლარი,8/18/2023,8/19/2023
CNY,10,3.5946,0.0006,ჩინური იუანი,8/17/2023,8/18/2023
RUB,100,2.8292,0.1221,რუსული რუბლი,8/17/2023,8/18/2023
USD,1,2.6179,0.0047,აშშ დოლარი,8/17/2023,8/18/2023
CNY,10,3.5940,0.0039,ჩინური იუანი,8/16/2023,8/17/2023
RUB,100,2.7071,0.0485,რუსული რუბლი,8/16/2023,8/17/2023
USD,1,2.6226,0.0017,აშშ დოლარი,8/16/2023,8/17/2023
CNY,10,3.5979,0.0095,ჩინური იუანი,8/15/2023,8/16/2023
RUB,100,2.6586,0.0641,რუსული რუბლი,8/15/2023,8/16/2023
USD,1,2.6209,0.0023,აშშ დოლარი,8/15/2023,8/16/2023
CNY,10,3.6074,0.0161,ჩინური იუანი,8/14/2023,8/15/2023
RUB,100,2.5945,0.0709,რუსული რუბლი,8/14/2023,8/15/2023
USD,1,2.6186,0.0025,აშშ დოლარი,8/14/2023,8/15/2023
CNY,10,3.6235,0.0270,ჩინური იუანი,8/11/2023,8/12/2023
RUB,100,2.6654,0.0330,რუსული რუბლი,8/11/2023,8/12/2023
USD,1,2.6211,0.0104,აშშ დოლარი,8/11/2023,8/12/2023
CNY,10,3.6505,0.0221,ჩინური იუანი,8/10/2023,8/11/2023
RUB,100,2.6984,0.0084,რუსული რუბლი,8/10/2023,8/11/2023
USD,1,2.6315,0.0168,აშშ დოლარი,8/10/2023,8/11/2023
CNY,10,3.6284,0.0057,ჩინური იუანი,8/9/2023,8/10/2023
RUB,100,2.6900,0.0353,რუსული რუბლი,8/9/2023,8/10/2023
USD,1,2.6147,0.0011,აშშ დოლარი,8/9/2023,8/10/2023
CNY,10,3.6227,0.0076,ჩინური იუანი,8/8/2023,8/9/2023
RUB,100,2.7253,0.0135,რუსული რუბლი,8/8/2023,8/9/2023
USD,1,2.6136,0.0030,აშშ დოლარი,8/8/2023,8/9/2023
CNY,10,3.6303,0.0053,ჩინური იუანი,8/7/2023,8/8/2023
RUB,100,2.7118,0.0462,რუსული რუბლი,8/7/2023,8/8/2023
USD,1,2.6106,0.0011,აშშ დოლარი,8/7/2023,8/8/2023
CNY,10,3.6356,0.0095,ჩინური იუანი,8/4/2023,8/5/2023
RUB,100,2.7580,0.0308,რუსული რუბლი,8/4/2023,8/5/2023
USD,1,2.6117,0.0033,აშშ დოლარი,8/4/2023,8/5/2023
CNY,10,3.6451,0.0026,ჩინური იუანი,8/3/2023,8/4/2023
RUB,100,2.7888,0.0129,რუსული რუბლი,8/3/2023,8/4/2023
USD,1,2.6150,0.0035,აშშ დოლარი,8/3/2023,8/4/2023
CNY,10,3.6477,0.0103,ჩინური იუანი,8/2/2023,8/3/2023
RUB,100,2.8017,0.0558,რუსული რუბლი,8/2/2023,8/3/2023
USD,1,2.6185,0.0030,აშშ დოლარი,8/2/2023,8/3/2023
CNY,10,3.6580,0.0225,ჩინური იუანი,8/1/2023,8/2/2023
RUB,100,2.8575,0.0180,რუსული რუბლი,8/1/2023,8/2/2023
USD,1,2.6215,0.0107,აშშ დოლარი,8/1/2023,8/2/2023
CNY,10,3.6805,0.0127,ჩინური იუანი,7/31/2023,8/1/2023
RUB,100,2.8755,0.0336,რუსული რუბლი,7/31/2023,8/1/2023
USD,1,2.6322,0.0111,აშშ დოლარი,7/31/2023,8/1/2023
CNY,10,3.6932,0.0139,ჩინური იუანი,7/28/2023,7/29/2023
RUB,100,2.9091,0.0365,რუსული რუბლი,7/28/2023,7/29/2023
USD,1,2.6433,0.0058,აშშ დოლარი,7/28/2023,7/29/2023
CNY,10,3.7071,0.0373,ჩინური იუანი,7/27/2023,7/28/2023
RUB,100,2.9456,0.0282,რუსული რუბლი,7/27/2023,7/28/2023
USD,1,2.6491,0.0244,აშშ დოლარი,7/27/2023,7/28/2023
CNY,10,3.6698,0.0276,ჩინური იუანი,7/26/2023,7/27/2023
RUB,100,2.9174,0.0284,რუსული რუბლი,7/26/2023,7/27/2023
USD,1,2.6247,0.0218,აშშ დოლარი,7/26/2023,7/27/2023
CNY,10,3.6422,0.0268,ჩინური იუანი,7/25/2023,7/26/2023
RUB,100,2.8890,0.0126,რუსული რუბლი,7/25/2023,7/26/2023
USD,1,2.6029,0.0026,აშშ დოლარი,7/25/2023,7/26/2023
CNY,10,3.6154,0.0260,ჩინური იუანი,7/24/2023,7/25/2023
RUB,100,2.8764,0.0138,რუსული რუბლი,7/24/2023,7/25/2023
USD,1,2.6003,0.0232,აშშ დოლარი,7/24/2023,7/25/2023
CNY,10,3.5894,0.0040,ჩინური იუანი,7/21/2023,7/22/2023
RUB,100,2.8626,0.0246,რუსული რუბლი,7/21/2023,7/22/2023
USD,1,2.5771,0.0078,აშშ დოლარი,7/21/2023,7/22/2023
CNY,10,3.5854,0.0263,ჩინური იუანი,7/20/2023,7/21/2023
RUB,100,2.8380,0.0169,რუსული რუბლი,7/20/2023,7/21/2023
USD,1,2.5693,0.0001,აშშ დოლარი,7/20/2023,7/21/2023
CNY,10,3.5591,0.0242,ჩინური იუანი,7/19/2023,7/20/2023
RUB,100,2.8211,0.0149,რუსული რუბლი,7/19/2023,7/20/2023
USD,1,2.5692,0.0010,აშშ დოლარი,7/19/2023,7/20/2023
CNY,10,3.5833,0.0071,ჩინური იუანი,7/18/2023,7/19/2023
RUB,100,2.8360,0.0129,რუსული რუბლი,7/18/2023,7/19/2023
USD,1,2.5702,0.0029,აშშ დოლარი,7/18/2023,7/19/2023
CNY,10,3.5904,0.0201,ჩინური იუანი,7/17/2023,7/18/2023
RUB,100,2.8489,0.0106,რუსული რუბლი,7/17/2023,7/18/2023
USD,1,2.5731,0.0040,აშშ დოლარი,7/17/2023,7/18/2023
CNY,10,3.6105,0.0085,ჩინური იუანი,7/14/2023,7/15/2023
RUB,100,2.8595,0.0044,რუსული რუბლი,7/14/2023,7/15/2023
USD,1,2.5771,0.0032,აშშ დოლარი,7/14/2023,7/15/2023
CNY,10,3.6105,0.0085,ჩინური იუანი,7/14/2023,7/15/2023
RUB,100,2.8595,0.0044,რუსული რუბლი,7/14/2023,7/15/2023
USD,1,2.5771,0.0032,აშშ დოლარი,7/14/2023,7/15/2023
CNY,10,3.6020,0.0101,ჩინური იუანი,7/13/2023,7/14/2023
RUB,100,2.8639,0.0083,რუსული რუბლი,7/13/2023,7/14/2023
USD,1,2.5803,0.0031,აშშ დოლარი,7/13/2023,7/14/2023
CNY,10,3.5919,0.0013,ჩინური იუანი,7/12/2023,7/13/2023
RUB,100,2.8556,0.0123,რუსული რუბლი,7/12/2023,7/13/2023
USD,1,2.5834,0.0036,აშშ დოლარი,7/12/2023,7/13/2023
CNY,10,3.5932,0.0158,ჩინური იუანი,7/11/2023,7/12/2023
RUB,100,2.8679,0.0379,რუსული რუბლი,7/11/2023,7/12/2023
USD,1,2.5870,0.0024,აშშ დოლარი,7/11/2023,7/12/2023
CNY,10,3.5774,0.0064,ჩინური იუანი,7/10/2023,7/11/2023
RUB,100,2.8300,0.0054,რუსული რუბლი,7/10/2023,7/11/2023
USD,1,2.5894,0.0036,აშშ დოლარი,7/10/2023,7/11/2023
CNY,10,3.5838,0.0038,ჩინური იუანი,7/7/2023,7/8/2023
RUB,100,2.8354,0.0070,რუსული რუბლი,7/7/2023,7/8/2023
USD,1,2.5930,0.0039,აშშ დოლარი,7/7/2023,7/8/2023
CNY,10,3.5876,0.0041,ჩინური იუანი,7/6/2023,7/7/2023
RUB,100,2.8284,0.0426,რუსული რუბლი,7/6/2023,7/7/2023
USD,1,2.5969,0.0050,აშშ დოლარი,7/6/2023,7/7/2023
CNY,10,3.5917,0.0175,ჩინური იუანი,7/5/2023,7/6/2023
RUB,100,2.8710,0.0305,რუსული რუბლი,7/5/2023,7/6/2023
USD,1,2.6019,0.0036,აშშ დოლარი,7/5/2023,7/6/2023
CNY,10,3.6092,0.0093,ჩინური იუანი,7/4/2023,7/5/2023
RUB,100,2.9015,0.0168,რუსული რუბლი,7/4/2023,7/5/2023
USD,1,2.6055,0.0037,აშშ დოლარი,7/4/2023,7/5/2023
CNY,10,3.5999,0.0046,ჩინური იუანი,7/3/2023,7/4/2023
RUB,100,2.9183,0.0356,რუსული რუბლი,7/3/2023,7/4/2023
USD,1,2.6092,0.0039,აშშ დოლარი,7/3/2023,7/4/2023
CNY,10,3.5953,0.0223,ჩინური იუანი,6/30/2023,7/1/2023
RUB,100,2.9539,0.0550,რუსული რუბლი,6/30/2023,7/1/2023
USD,1,2.6131,0.0046,აშშ დოლარი,6/30/2023,7/1/2023
CNY,10,3.6176,0.0023,ჩინური იუანი,6/29/2023,6/30/2023
RUB,100,3.0089,0.0507,რუსული რუბლი,6/29/2023,6/30/2023
USD,1,2.6177,0.0043,აშშ დოლარი,6/29/2023,6/30/2023
CNY,10,3.6199,0.0217,ჩინური იუანი,6/28/2023,6/29/2023
RUB,100,3.0596,0.0337,რუსული რუბლი,6/28/2023,6/29/2023
USD,1,2.6220,0.0065,აშშ დოლარი,6/28/2023,6/29/2023
CNY,10,3.6416,0.0083,ჩინური იუანი,6/27/2023,6/28/2023
RUB,100,3.0933,0.0124,რუსული რუბლი,6/27/2023,6/28/2023
USD,1,2.6285,0.0001,აშშ დოლარი,6/27/2023,6/28/2023
CNY,10,3.6333,0.0277,ჩინური იუანი,6/26/2023,6/27/2023
RUB,100,3.1057,0.0189,რუსული რუბლი,6/26/2023,6/27/2023
USD,1,2.6284,0.0000,აშშ დოლარი,6/26/2023,6/27/2023
CNY,10,3.6610,0.0033,ჩინური იუანი,6/23/2023,6/24/2023
RUB,100,3.1246,0.0147,რუსული რუბლი,6/23/2023,6/24/2023
USD,1,2.6284,0.0024,აშშ დოლარი,6/23/2023,6/24/2023
CNY,10,3.6577,0.0119,ჩინური იუანი,6/22/2023,6/23/2023
RUB,100,3.1393,0.0261,რუსული რუბლი,6/22/2023,6/23/2023
USD,1,2.6260,0.0052,აშშ დოლარი,6/22/2023,6/23/2023
CNY,10,3.6458,0.0002,ჩინური იუანი,6/21/2023,6/22/2023
RUB,100,3.1132,0.0056,რუსული რუბლი,6/21/2023,6/22/2023
USD,1,2.6208,0.0044,აშშ დოლარი,6/21/2023,6/22/2023
CNY,10,3.6456,0.0055,ჩინური იუანი,6/20/2023,6/21/2023
RUB,100,3.1076,0.0070,რუსული რუბლი,6/20/2023,6/21/2023
USD,1,2.6164,0.0107,აშშ დოლარი,6/20/2023,6/21/2023
CNY,10,3.6401,0.0294,ჩინური იუანი,6/19/2023,6/20/2023
RUB,100,3.1006,0.0232,რუსული რუბლი,6/19/2023,6/20/2023
USD,1,2.6057,0.0032,აშშ დოლარი,6/19/2023,6/20/2023
CNY,10,3.6695,0.0198,ჩინური იუანი,6/16/2023,6/17/2023
RUB,100,3.1238,0.0062,რუსული რუბლი,6/16/2023,6/17/2023
USD,1,2.6089,0.0029,აშშ დოლარი,6/16/2023,6/17/2023
CNY,10,3.6497,0.0043,ჩინური იუანი,6/15/2023,6/16/2023
RUB,100,3.1176,0.0065,რუსული რუბლი,6/15/2023,6/16/2023
USD,1,2.6118,0.0035,აშშ დოლარი,6/15/2023,6/16/2023
CNY,10,3.6540,0.0105,ჩინური იუანი,6/14/2023,6/15/2023
RUB,100,3.1111,0.0082,რუსული რუბლი,6/14/2023,6/15/2023
USD,1,2.6153,0.0096,აშშ დოლარი,6/14/2023,6/15/2023
CNY,10,3.6435,0.0014,ჩინური იუანი,6/13/2023,6/14/2023
RUB,100,3.1193,0.0396,რუსული რუბლი,6/13/2023,6/14/2023
USD,1,2.6057,0.0023,აშშ დოლარი,6/13/2023,6/14/2023
CNY,10,3.6449,0.0106,ჩინური იუანი,6/12/2023,6/13/2023
RUB,100,3.1589,0.0042,რუსული რუბლი,6/12/2023,6/13/2023
USD,1,2.6034,0.0035,აშშ დოლარი,6/12/2023,6/13/2023
CNY,10,3.6555,0.0057,ჩინური იუანი,6/9/2023,6/10/2023
RUB,100,3.1547,0.0283,რუსული რუბლი,6/9/2023,6/10/2023
USD,1,2.6069,0.0033,აშშ დოლარი,6/9/2023,6/10/2023
CNY,10,3.6612,0.0124,ჩინური იუანი,6/8/2023,6/9/2023
RUB,100,3.1830,0.0245,რუსული რუბლი,6/8/2023,6/9/2023
USD,1,2.6102,0.0035,აშშ დოლარი,6/8/2023,6/9/2023
CNY,10,3.6736,0.0028,ჩინური იუანი,6/7/2023,6/8/2023
RUB,100,3.2075,0.0163,რუსული რუბლი,6/7/2023,6/8/2023
USD,1,2.6137,0.0036,აშშ დოლარი,6/7/2023,6/8/2023
CNY,10,3.6764,0.0046,ჩინური იუანი,6/6/2023,6/7/2023
RUB,100,3.2238,0.0038,რუსული რუბლი,6/6/2023,6/7/2023
USD,1,2.6173,0.0036,აშშ დოლარი,6/6/2023,6/7/2023
CNY,10,3.6810,0.0495,ჩინური იუანი,6/5/2023,6/6/2023
RUB,100,3.2276,0.0269,რუსული რუბლი,6/5/2023,6/6/2023
USD,1,2.6209,0.0126,აშშ დოლარი,6/5/2023,6/6/2023
CNY,10,3.7305,0.0175,ჩინური იუანი,6/2/2023,6/3/2023
RUB,100,3.2545,0.0032,რუსული რუბლი,6/2/2023,6/3/2023
USD,1,2.6335,0.0061,აშშ დოლარი,6/2/2023,6/3/2023
CNY,10,3.7130,0.0597,ჩინური იუანი,6/1/2023,6/2/2023
RUB,100,3.2577,0.0556,რუსული რუბლი,6/1/2023,6/2/2023
USD,1,2.6396,0.0424,აშშ დოლარი,6/1/2023,6/2/2023
CNY,10,3.6533,0.0095,ჩინური იუანი,5/31/2023,6/1/2023
RUB,100,3.2021,0.0089,რუსული რუბლი,5/31/2023,6/1/2023
USD,1,2.5972,0.0053,აშშ დოლარი,5/31/2023,6/1/2023
CNY,10,3.6628,0.0141,ჩინური იუანი,5/30/2023,5/31/2023
RUB,100,3.2110,0.0145,რუსული რუბლი,5/30/2023,5/31/2023
USD,1,2.5919,0.0096,აშშ დოლარი,5/30/2023,5/31/2023
CNY,10,3.6487,0.0123,ჩინური იუანი,5/29/2023,5/30/2023
RUB,100,3.2255,0.0102,რუსული რუბლი,5/29/2023,5/30/2023
USD,1,2.5823,0.0053,აშშ დოლარი,5/29/2023,5/30/2023
CNY,10,3.6610,0.0097,ჩინური იუანი,5/25/2023,5/26/2023
RUB,100,3.2357,0.0031,რუსული რუბლი,5/25/2023,5/26/2023
USD,1,2.5876,0.0003,აშშ დოლარი,5/25/2023,5/26/2023
CNY,10,3.6707,0.0465,ჩინური იუანი,5/24/2023,5/25/2023
RUB,100,3.2326,0.0393,რუსული რუბლი,5/24/2023,5/25/2023
USD,1,2.5879,0.0309,აშშ დოლარი,5/24/2023,5/25/2023
CNY,10,3.6242,0.0136,ჩინური იუანი,5/23/2023,5/24/2023
RUB,100,3.1933,0.0203,რუსული რუბლი,5/23/2023,5/24/2023
USD,1,2.5570,0.0194,აშშ დოლარი,5/23/2023,5/24/2023
CNY,10,3.6106,0.0038,ჩინური იუანი,5/22/2023,5/23/2023
RUB,100,3.1730,0.0065,რუსული რუბლი,5/22/2023,5/23/2023
USD,1,2.5376,0.0036,აშშ დოლარი,5/22/2023,5/23/2023
CNY,10,3.6144,0.0148,ჩინური იუანი,5/19/2023,5/20/2023
RUB,100,3.1665,0.0115,რუსული რუბლი,5/19/2023,5/20/2023
USD,1,2.5340,0.0030,აშშ დოლარი,5/19/2023,5/20/2023
CNY,10,3.5996,0.0241,ჩინური იუანი,5/18/2023,5/19/2023
RUB,100,3.1550,0.0203,რუსული რუბლი,5/18/2023,5/19/2023
USD,1,2.5310,0.0037,აშშ დოლარი,5/18/2023,5/19/2023
CNY,10,3.6237,0.0572,ჩინური იუანი,5/17/2023,5/18/2023
RUB,100,3.1347,0.0728,რუსული რუბლი,5/17/2023,5/18/2023
USD,1,2.5347,0.0291,აშშ დოლარი,5/17/2023,5/18/2023
CNY,10,3.6809,0.0282,ჩინური იუანი,5/16/2023,5/17/2023
RUB,100,3.2075,0.0037,რუსული რუბლი,5/16/2023,5/17/2023
USD,1,2.5638,0.0243,აშშ დოლარი,5/16/2023,5/17/2023
CNY,10,3.6527,0.0167,ჩინური იუანი,5/15/2023,5/16/2023
RUB,100,3.2038,0.1390,რუსული რუბლი,5/15/2023,5/16/2023
USD,1,2.5395,0.0063,აშშ დოლარი,5/15/2023,5/16/2023
CNY,10,3.6694,0.0167,ჩინური იუანი,5/11/2023,5/12/2023
RUB,100,3.3428,0.0217,რუსული რუბლი,5/11/2023,5/12/2023
USD,1,2.5458,0.0164,აშშ დოლარი,5/11/2023,5/12/2023
CNY,10,3.6527,0.0631,ჩინური იუანი,5/10/2023,5/11/2023
RUB,100,3.3211,0.0954,რუსული რუბლი,5/10/2023,5/11/2023
USD,1,2.5294,0.0464,აშშ დოლარი,5/10/2023,5/11/2023
CNY,10,3.5896,0.0053,ჩინური იუანი,5/8/2023,5/9/2023
RUB,100,3.2257,0.0024,რუსული რუბლი,5/8/2023,5/9/2023
USD,1,2.4830,0.0004,აშშ დოლარი,5/8/2023,5/9/2023
CNY,10,3.5949,0.0002,ჩინური იუანი,5/5/2023,5/6/2023
RUB,100,3.2233,0.0534,რუსული რუბლი,5/5/2023,5/6/2023
USD,1,2.4834,0.0024,აშშ დოლარი,5/5/2023,5/6/2023
CNY,10,3.5951,0.0021,ჩინური იუანი,5/4/2023,5/5/2023
RUB,100,3.1699,0.0347,რუსული რუბლი,5/4/2023,5/5/2023
USD,1,2.4858,0.0029,აშშ დოლარი,5/4/2023,5/5/2023
CNY,10,3.5972,0.0035,ჩინური იუანი,5/3/2023,5/4/2023
RUB,100,3.1352,0.0182,რუსული რუბლი,5/3/2023,5/4/2023
USD,1,2.4887,0.0024,აშშ დოლარი,5/3/2023,5/4/2023
CNY,10,3.6007,0.0042,ჩინური იუანი,5/2/2023,5/3/2023
RUB,100,3.1170,0.0017,რუსული რუბლი,5/2/2023,5/3/2023
USD,1,2.4911,0.0029,აშშ დოლარი,5/2/2023,5/3/2023
CNY,10,3.6049,0.0039,ჩინური იუანი,5/1/2023,5/2/2023
RUB,100,3.1153,0.0051,რუსული რუბლი,5/1/2023,5/2/2023
USD,1,2.4940,0.0027,აშშ დოლარი,5/1/2023,5/2/2023
CNY,10,3.6088,0.0008,ჩინური იუანი,4/28/2023,4/29/2023
RUB,100,3.1102,0.0470,რუსული რუბლი,4/28/2023,4/29/2023
USD,1,2.4967,0.0024,აშშ დოლარი,4/28/2023,4/29/2023
CNY,10,3.6096,0.0041,ჩინური იუანი,4/27/2023,4/28/2023
RUB,100,3.0632,0.0028,რუსული რუბლი,4/27/2023,4/28/2023
USD,1,2.4991,0.0028,აშშ დოლარი,4/27/2023,4/28/2023
CNY,10,3.6137,0.0044,ჩინური იუანი,4/26/2023,4/27/2023
RUB,100,3.0604,0.0134,რუსული რუბლი,4/26/2023,4/27/2023
USD,1,2.5019,0.0027,აშშ დოლარი,4/26/2023,4/27/2023
CNY,10,3.6181,0.0182,ჩინური იუანი,4/25/2023,4/26/2023
RUB,100,3.0738,0.0100,რუსული რუბლი,4/25/2023,4/26/2023
USD,1,2.5046,0.0023,აშშ დოლარი,4/25/2023,4/26/2023
CNY,10,3.6363,0.0081,ჩინური იუანი,4/24/2023,4/25/2023
RUB,100,3.0838,0.0031,რუსული რუბლი,4/24/2023,4/25/2023
USD,1,2.5069,0.0036,აშშ დოლარი,4/24/2023,4/25/2023
CNY,10,3.6444,0.0094,ჩინური იუანი,4/21/2023,4/22/2023
RUB,100,3.0807,0.0017,რუსული რუბლი,4/21/2023,4/22/2023
USD,1,2.5105,0.0035,აშშ დოლარი,4/21/2023,4/22/2023
CNY,10,3.6538,0.0032,ჩინური იუანი,4/20/2023,4/21/2023
RUB,100,3.0790,0.0015,რუსული რუბლი,4/20/2023,4/21/2023
USD,1,2.5140,0.0030,აშშ დოლარი,4/20/2023,4/21/2023
CNY,10,3.6506,0.0131,ჩინური იუანი,4/19/2023,4/20/2023
RUB,100,3.0805,0.0056,რუსული რუბლი,4/19/2023,4/20/2023
USD,1,2.5170,0.0027,აშშ დოლარი,4/19/2023,4/20/2023
CNY,10,3.6637,0.0047,ჩინური იუანი,4/18/2023,4/19/2023
RUB,100,3.0861,0.0013,რუსული რუბლი,4/18/2023,4/19/2023
USD,1,2.5197,0.0032,აშშ დოლარი,4/18/2023,4/19/2023
CNY,10,3.6684,0.0020,ჩინური იუანი,4/13/2023,4/14/2023
RUB,100,3.0848,0.0111,რუსული რუბლი,4/13/2023,4/14/2023
USD,1,2.5229,0.0032,აშშ დოლარი,4/13/2023,4/14/2023
CNY,10,3.6704,0.0007,ჩინური იუანი,4/12/2023,4/13/2023
RUB,100,3.0737,0.0044,რუსული რუბლი,4/12/2023,4/13/2023
USD,1,2.5261,0.0013,აშშ დოლარი,4/12/2023,4/13/2023
CNY,10,3.6711,0.0085,ჩინური იუანი,4/11/2023,4/12/2023
RUB,100,3.0781,0.0040,რუსული რუბლი,4/11/2023,4/12/2023
USD,1,2.5274,0.0025,აშშ დოლარი,4/11/2023,4/12/2023
CNY,10,3.6796,0.0090,ჩინური იუანი,4/10/2023,4/11/2023
RUB,100,3.0821,0.0129,რუსული რუბლი,4/10/2023,4/11/2023
USD,1,2.5299,0.0031,აშშ დოლარი,4/10/2023,4/11/2023
CNY,10,3.6886,0.0011,ჩინური იუანი,4/7/2023,4/8/2023
RUB,100,3.0692,0.0690,რუსული რუბლი,4/7/2023,4/8/2023
USD,1,2.5330,0.0045,აშშ დოლარი,4/7/2023,4/8/2023
CNY,10,3.6886,0.0011,ჩინური იუანი,4/7/2023,4/8/2023
RUB,100,3.0692,0.0690,რუსული რუბლი,4/7/2023,4/8/2023
USD,1,2.5330,0.0045,აშშ დოლარი,4/7/2023,4/8/2023
CNY,10,3.6897,0.0054,ჩინური იუანი,4/6/2023,4/7/2023
RUB,100,3.1382,0.0609,რუსული რუბლი,4/6/2023,4/7/2023
USD,1,2.5375,0.0045,აშშ დოლარი,4/6/2023,4/7/2023
CNY,10,3.6951,0.0042,ჩინური იუანი,4/5/2023,4/6/2023
RUB,100,3.1991,0.0043,რუსული რუბლი,4/5/2023,4/6/2023
USD,1,2.5420,0.0041,აშშ დოლარი,4/5/2023,4/6/2023
CNY,10,3.6993,0.0054,ჩინური იუანი,4/4/2023,4/5/2023
RUB,100,3.2034,0.0734,რუსული რუბლი,4/4/2023,4/5/2023
USD,1,2.5461,0.0056,აშშ დოლარი,4/4/2023,4/5/2023
CNY,10,3.7047,0.0131,ჩინური იუანი,4/3/2023,4/4/2023
RUB,100,3.2768,0.0272,რუსული რუბლი,4/3/2023,4/4/2023
USD,1,2.5517,0.0046,აშშ დოლარი,4/3/2023,4/4/2023
CNY,10,3.7178,0.0028,ჩინური იუანი,3/31/2023,4/1/2023
RUB,100,3.3040,0.0109,რუსული რუბლი,3/31/2023,4/1/2023
USD,1,2.5563,0.0041,აშშ დოლარი,3/31/2023,4/1/2023
CNY,10,3.7206,0.0056,ჩინური იუანი,3/30/2023,3/31/2023
RUB,100,3.3149,0.0128,რუსული რუბლი,3/30/2023,3/31/2023
USD,1,2.5604,0.0051,აშშ დოლარი,3/30/2023,3/31/2023
CNY,10,3.7262,0.0098,ჩინური იუანი,3/29/2023,3/30/2023
RUB,100,3.3277,0.0255,რუსული რუბლი,3/29/2023,3/30/2023
USD,1,2.5655,0.0057,აშშ დოლარი,3/29/2023,3/30/2023
CNY,10,3.7360,0.0062,ჩინური იუანი,3/28/2023,3/29/2023
RUB,100,3.3532,0.0088,რუსული რუბლი,3/28/2023,3/29/2023
USD,1,2.5712,0.0042,აშშ დოლარი,3/28/2023,3/29/2023
CNY,10,3.7422,0.0037,ჩინური იუანი,3/27/2023,3/28/2023
RUB,100,3.3620,0.0035,რუსული რუბლი,3/27/2023,3/28/2023
USD,1,2.5754,0.0010,აშშ დოლარი,3/27/2023,3/28/2023
CNY,10,3.7459,0.0277,ჩინური იუანი,3/24/2023,3/25/2023
RUB,100,3.3585,0.0252,რუსული რუბლი,3/24/2023,3/25/2023
USD,1,2.5764,0.0004,აშშ დოლარი,3/24/2023,3/25/2023
CNY,10,3.7736,0.0327,ჩინური იუანი,3/23/2023,3/24/2023
RUB,100,3.3837,0.0430,რუსული რუბლი,3/23/2023,3/24/2023
USD,1,2.5768,0.0014,აშშ დოლარი,3/23/2023,3/24/2023
CNY,10,3.7409,0.0074,ჩინური იუანი,3/22/2023,3/23/2023
RUB,100,3.3407,0.0050,რუსული რუბლი,3/22/2023,3/23/2023
USD,1,2.5754,0.0008,აშშ დოლარი,3/22/2023,3/23/2023
CNY,10,3.7483,0.0028,ჩინური იუანი,3/21/2023,3/22/2023
RUB,100,3.3457,0.0041,რუსული რუბლი,3/21/2023,3/22/2023
USD,1,2.5762,0.0001,აშშ დოლარი,3/21/2023,3/22/2023
CNY,10,3.7455,0.0022,ჩინური იუანი,3/20/2023,3/21/2023
RUB,100,3.3416,0.0183,რუსული რუბლი,3/20/2023,3/21/2023
USD,1,2.5763,0.0037,აშშ დოლარი,3/20/2023,3/21/2023
CNY,10,3.7433,0.0014,ჩინური იუანი,3/17/2023,3/18/2023
RUB,100,3.3599,0.0260,რუსული რუბლი,3/17/2023,3/18/2023
USD,1,2.5800,0.0032,აშშ დოლარი,3/17/2023,3/18/2023
CNY,10,3.7447,0.0016,ჩინური იუანი,3/16/2023,3/17/2023
RUB,100,3.3859,0.0238,რუსული რუბლი,3/16/2023,3/17/2023
USD,1,2.5832,0.0035,აშშ დოლარი,3/16/2023,3/17/2023
CNY,10,3.7463,0.0128,ჩინური იუანი,3/15/2023,3/16/2023
RUB,100,3.4097,0.0214,რუსული რუბლი,3/15/2023,3/16/2023
USD,1,2.5867,0.0016,აშშ დოლარი,3/15/2023,3/16/2023
CNY,10,3.7591,0.0016,ჩინური იუანი,3/14/2023,3/15/2023
RUB,100,3.4311,0.0057,რუსული რუბლი,3/14/2023,3/15/2023
USD,1,2.5851,0.0047,აშშ დოლარი,3/14/2023,3/15/2023
CNY,10,3.7607,0.0306,ჩინური იუანი,3/13/2023,3/14/2023
RUB,100,3.4368,0.0241,რუსული რუბლი,3/13/2023,3/14/2023
USD,1,2.5898,0.0027,აშშ დოლარი,3/13/2023,3/14/2023
CNY,10,3.7301,0.0061,ჩინური იუანი,3/10/2023,3/11/2023
RUB,100,3.4127,0.0031,რუსული რუბლი,3/10/2023,3/11/2023
USD,1,2.5925,0.0008,აშშ დოლარი,3/10/2023,3/11/2023
CNY,10,3.7240,0.0214,ჩინური იუანი,3/9/2023,3/10/2023
RUB,100,3.4158,0.0206,რუსული რუბლი,3/9/2023,3/10/2023
USD,1,2.5933,0.0040,აშშ დოლარი,3/9/2023,3/10/2023
CNY,10,3.7454,0.0070,ჩინური იუანი,3/7/2023,3/8/2023
RUB,100,3.4364,0.0128,რუსული რუბლი,3/7/2023,3/8/2023
USD,1,2.5973,0.0036,აშშ დოლარი,3/7/2023,3/8/2023
CNY,10,3.7524,0.0232,ჩინური იუანი,3/6/2023,3/7/2023
RUB,100,3.4492,0.0000,რუსული რუბლი,3/6/2023,3/7/2023
USD,1,2.6009,0.0055,აშშ დოლარი,3/6/2023,3/7/2023
CNY,10,3.7756,0.0239,ჩინური იუანი,3/2/2023,3/3/2023
RUB,100,3.4492,0.0197,რუსული რუბლი,3/2/2023,3/3/2023
USD,1,2.6064,0.0063,აშშ დოლარი,3/2/2023,3/3/2023
CNY,10,3.7995,0.0236,ჩინური იუანი,3/1/2023,3/2/2023
RUB,100,3.4689,0.0243,რუსული რუბლი,3/1/2023,3/2/2023
USD,1,2.6127,0.0069,აშშ დოლარი,3/1/2023,3/2/2023
CNY,10,3.7759,0.0018,ჩინური იუანი,2/28/2023,3/1/2023
RUB,100,3.4932,0.0008,რუსული რუბლი,2/28/2023,3/1/2023
USD,1,2.6196,0.0076,აშშ დოლარი,2/28/2023,3/1/2023
CNY,10,3.7777,0.0164,ჩინური იუანი,2/27/2023,2/28/2023
RUB,100,3.4940,0.0180,რუსული რუბლი,2/27/2023,2/28/2023
USD,1,2.6272,0.0053,აშშ დოლარი,2/27/2023,2/28/2023
CNY,10,3.7941,0.0257,ჩინური იუანი,2/24/2023,2/25/2023
RUB,100,3.4760,0.0297,რუსული რუბლი,2/24/2023,2/25/2023
USD,1,2.6325,0.0026,აშშ დოლარი,2/24/2023,2/25/2023
CNY,10,3.8198,0.0082,ჩინური იუანი,2/23/2023,2/24/2023
RUB,100,3.5057,0.0102,რუსული რუბლი,2/23/2023,2/24/2023
USD,1,2.6351,0.0045,აშშ დოლარი,2/23/2023,2/24/2023
CNY,10,3.8280,0.0053,ჩინური იუანი,2/22/2023,2/23/2023
RUB,100,3.5159,0.0049,რუსული რუბლი,2/22/2023,2/23/2023
USD,1,2.6396,0.0031,აშშ დოლარი,2/22/2023,2/23/2023
CNY,10,3.8333,0.0129,ჩინური იუანი,2/21/2023,2/22/2023
RUB,100,3.5208,0.0368,რუსული რუბლი,2/21/2023,2/22/2023
USD,1,2.6365,0.0020,აშშ დოლარი,2/21/2023,2/22/2023
CNY,10,3.8462,0.0119,ჩინური იუანი,2/20/2023,2/21/2023
RUB,100,3.5576,0.0176,რუსული რუბლი,2/20/2023,2/21/2023
USD,1,2.6385,0.0001,აშშ დოლარი,2/20/2023,2/21/2023
CNY,10,3.8343,0.0221,ჩინური იუანი,2/17/2023,2/18/2023
RUB,100,3.5400,0.0073,რუსული რუბლი,2/17/2023,2/18/2023
USD,1,2.6386,0.0048,აშშ დოლარი,2/17/2023,2/18/2023
CNY,10,3.8564,0.0235,ჩინური იუანი,2/16/2023,2/17/2023
RUB,100,3.5327,0.0224,რუსული რუბლი,2/16/2023,2/17/2023
USD,1,2.6434,0.0098,აშშ დოლარი,2/16/2023,2/17/2023
CNY,10,3.8799,0.0206,ჩინური იუანი,2/15/2023,2/16/2023
RUB,100,3.5551,0.0474,რუსული რუბლი,2/15/2023,2/16/2023
USD,1,2.6532,0.0051,აშშ დოლარი,2/15/2023,2/16/2023
CNY,10,3.9005,0.0013,ჩინური იუანი,2/14/2023,2/15/2023
RUB,100,3.6025,0.0103,რუსული რუბლი,2/14/2023,2/15/2023
USD,1,2.6583,0.0036,აშშ დოლარი,2/14/2023,2/15/2023
CNY,10,3.8992,0.0186,ჩინური იუანი,2/13/2023,2/14/2023
RUB,100,3.6128,0.0412,რუსული რუბლი,2/13/2023,2/14/2023
USD,1,2.6619,0.0051,აშშ დოლარი,2/13/2023,2/14/2023
CNY,10,3.9178,0.0217,ჩინური იუანი,2/10/2023,2/11/2023
RUB,100,3.6540,0.0122,რუსული რუბლი,2/10/2023,2/11/2023
USD,1,2.6670,0.0032,აშშ დოლარი,2/10/2023,2/11/2023
CNY,10,3.9395,0.0250,ჩინური იუანი,2/9/2023,2/10/2023
RUB,100,3.6662,0.0393,რუსული რუბლი,2/9/2023,2/10/2023
USD,1,2.6702,0.0144,აშშ დოლარი,2/9/2023,2/10/2023
CNY,10,3.9145,0.0146,ჩინური იუანი,2/8/2023,2/9/2023
RUB,100,3.7055,0.0250,რუსული რუბლი,2/8/2023,2/9/2023
USD,1,2.6558,0.0099,აშშ დოლარი,2/8/2023,2/9/2023
CNY,10,3.8999,0.0056,ჩინური იუანი,2/7/2023,2/8/2023
RUB,100,3.7305,0.0043,რუსული რუბლი,2/7/2023,2/8/2023
USD,1,2.6459,0.0035,აშშ დოლარი,2/7/2023,2/8/2023
CNY,10,3.8943,0.0287,ჩინური იუანი,2/6/2023,2/7/2023
RUB,100,3.7348,0.0144,რუსული რუბლი,2/6/2023,2/7/2023
USD,1,2.6424,0.0017,აშშ დოლარი,2/6/2023,2/7/2023
CNY,10,3.9230,0.0131,ჩინური იუანი,2/3/2023,2/4/2023
RUB,100,3.7492,0.0301,რუსული რუბლი,2/3/2023,2/4/2023
USD,1,2.6441,0.0033,აშშ დოლარი,2/3/2023,2/4/2023
CNY,10,3.9361,0.0033,ჩინური იუანი,2/2/2023,2/3/2023
RUB,100,3.7793,0.0058,რუსული რუბლი,2/2/2023,2/3/2023
USD,1,2.6474,0.0078,აშშ დოლარი,2/2/2023,2/3/2023
CNY,10,3.9394,0.0154,ჩინური იუანი,2/1/2023,2/2/2023
RUB,100,3.7851,0.0308,რუსული რუბლი,2/1/2023,2/2/2023
USD,1,2.6552,0.0034,აშშ დოლარი,2/1/2023,2/2/2023
CNY,10,3.9240,0.0122,ჩინური იუანი,1/31/2023,2/1/2023
RUB,100,3.7543,0.0345,რუსული რუბლი,1/31/2023,2/1/2023
USD,1,2.6518,0.0108,აშშ დოლარი,1/31/2023,2/1/2023
CNY,10,3.9118,0.0216,ჩინური იუანი,1/30/2023,1/31/2023
RUB,100,3.7888,0.0116,რუსული რუბლი,1/30/2023,1/31/2023
USD,1,2.6410,0.0017,აშშ დოლარი,1/30/2023,1/31/2023
CNY,10,3.8902,0.0038,ჩინური იუანი,1/27/2023,1/28/2023
RUB,100,3.8004,0.0201,რუსული რუბლი,1/27/2023,1/28/2023
USD,1,2.6393,0.0058,აშშ დოლარი,1/27/2023,1/28/2023
CNY,10,3.8940,0.0059,ჩინური იუანი,1/26/2023,1/27/2023
RUB,100,3.8205,0.0079,რუსული რუბლი,1/26/2023,1/27/2023
USD,1,2.6451,0.0040,აშშ დოლარი,1/26/2023,1/27/2023
CNY,10,3.8999,0.0012,ჩინური იუანი,1/25/2023,1/26/2023
RUB,100,3.8284,0.0179,რუსული რუბლი,1/25/2023,1/26/2023
USD,1,2.6491,0.0008,აშშ დოლარი,1/25/2023,1/26/2023
CNY,10,3.9011,0.0055,ჩინური იუანი,1/24/2023,1/25/2023
RUB,100,3.8463,0.0091,რუსული რუბლი,1/24/2023,1/25/2023
USD,1,2.6499,0.0005,აშშ დოლარი,1/24/2023,1/25/2023
CNY,10,3.9066,0.0163,ჩინური იუანი,1/23/2023,1/24/2023
RUB,100,3.8554,0.0103,რუსული რუბლი,1/23/2023,1/24/2023
USD,1,2.6504,0.0090,აშშ დოლარი,1/23/2023,1/24/2023
CNY,10,3.9229,0.0309,ჩინური იუანი,1/20/2023,1/21/2023
RUB,100,3.8657,0.0123,რუსული რუბლი,1/20/2023,1/21/2023
USD,1,2.6594,0.0101,აშშ დოლარი,1/20/2023,1/21/2023
CNY,10,3.9538,0.0128,ჩინური იუანი,1/18/2023,1/19/2023
RUB,100,3.8780,0.0067,რუსული რუბლი,1/18/2023,1/19/2023
USD,1,2.6695,0.0031,აშშ დოლარი,1/18/2023,1/19/2023
CNY,10,3.9410,0.0324,ჩინური იუანი,1/17/2023,1/18/2023
RUB,100,3.8847,0.0232,რუსული რუბლი,1/17/2023,1/18/2023
USD,1,2.6726,0.0012,აშშ დოლარი,1/17/2023,1/18/2023
CNY,10,3.9734,0.0150,ჩინური იუანი,1/16/2023,1/17/2023
RUB,100,3.9079,0.0652,რუსული რუბლი,1/16/2023,1/17/2023
USD,1,2.6738,0.0051,აშშ დოლარი,1/16/2023,1/17/2023
CNY,10,3.9884,0.0107,ჩინური იუანი,1/13/2023,1/14/2023
RUB,100,3.9731,0.0214,რუსული რუბლი,1/13/2023,1/14/2023
USD,1,2.6789,0.0048,აშშ დოლარი,1/13/2023,1/14/2023
CNY,10,3.9777,0.0096,ჩინური იუანი,1/12/2023,1/13/2023
RUB,100,3.9517,0.0369,რუსული რუბლი,1/12/2023,1/13/2023
USD,1,2.6837,0.0030,აშშ დოლარი,1/12/2023,1/13/2023
CNY,10,3.9681,0.0068,ჩინური იუანი,1/11/2023,1/12/2023
RUB,100,3.9148,0.0347,რუსული რუბლი,1/11/2023,1/12/2023
USD,1,2.6867,0.0074,აშშ დოლარი,1/11/2023,1/12/2023
CNY,10,3.9749,0.0024,ჩინური იუანი,1/10/2023,1/11/2023
RUB,100,3.8801,0.0288,რუსული რუბლი,1/10/2023,1/11/2023
USD,1,2.6941,0.0049,აშშ დოლარი,1/10/2023,1/11/2023
CNY,10,3.9773,0.0326,ჩინური იუანი,1/9/2023,1/10/2023
RUB,100,3.8513,0.0894,რუსული რუბლი,1/9/2023,1/10/2023
USD,1,2.6990,0.0082,აშშ დოლარი,1/9/2023,1/10/2023
CNY,10,3.9447,0.0030,ჩინური იუანი,1/6/2023,1/7/2023
RUB,100,3.7619,0.0063,რუსული რუბლი,1/6/2023,1/7/2023
USD,1,2.7072,0.0014,აშშ დოლარი,1/6/2023,1/7/2023
CNY,10,3.9417,0.0037,ჩინური იუანი,1/5/2023,1/6/2023
RUB,100,3.7682,0.0039,რუსული რუბლი,1/5/2023,1/6/2023
USD,1,2.7086,0.0008,აშშ დოლარი,1/5/2023,1/6/2023
CNY,10,3.9380,0.0234,ჩინური იუანი,1/4/2023,1/5/2023
RUB,100,3.7643,0.0558,რუსული რუბლი,1/4/2023,1/5/2023
USD,1,2.7094,0.0056,აშშ დოლარი,1/4/2023,1/5/2023
CNY,10,3.9146,0.0083,ჩინური იუანი,1/3/2023,1/4/2023
RUB,100,3.7085,0.0315,რუსული რუბლი,1/3/2023,1/4/2023
USD,1,2.7038,0.0018,აშშ დოლარი,1/3/2023,1/4/2023
CNY,10,3.9063,0.0134,ჩინური იუანი,12/30/2022,12/31/2022
RUB,100,3.6770,0.0734,რუსული რუბლი,12/30/2022,12/31/2022
USD,1,2.7020,0.0083,აშშ დოლარი,12/30/2022,12/31/2022
CNY,10,3.8929,0.0139,ჩინური იუანი,12/29/2022,12/30/2022
RUB,100,3.7504,0.0358,რუსული რუბლი,12/29/2022,12/30/2022
USD,1,2.7103,0.0048,აშშ დოლარი,12/29/2022,12/30/2022
CNY,10,3.8790,0.0004,ჩინური იუანი,12/28/2022,12/29/2022
RUB,100,3.7862,0.0624,რუსული რუბლი,12/28/2022,12/29/2022
USD,1,2.7055,0.0046,აშშ დოლარი,12/28/2022,12/29/2022
CNY,10,3.8794,0.0037,ჩინური იუანი,12/27/2022,12/28/2022
RUB,100,3.8486,0.0544,რუსული რუბლი,12/27/2022,12/28/2022
USD,1,2.7009,0.0019,აშშ დოლარი,12/27/2022,12/28/2022
CNY,10,3.8831,0.0353,ჩინური იუანი,12/26/2022,12/27/2022
RUB,100,3.9030,0.0055,რუსული რუბლი,12/26/2022,12/27/2022
USD,1,2.7028,0.0145,აშშ დოლარი,12/26/2022,12/27/2022
CNY,10,3.8478,0.0167,ჩინური იუანი,12/23/2022,12/24/2022
RUB,100,3.9085,0.2152,რუსული რუბლი,12/23/2022,12/24/2022
USD,1,2.6883,0.0143,აშშ დოლარი,12/23/2022,12/24/2022
CNY,10,3.8311,0.0106,ჩინური იუანი,12/22/2022,12/23/2022
RUB,100,3.6933,0.0788,რუსული რუბლი,12/22/2022,12/23/2022
USD,1,2.6740,0.0094,აშშ დოლარი,12/22/2022,12/23/2022
CNY,10,3.8205,0.0067,ჩინური იუანი,12/21/2022,12/22/2022
RUB,100,3.7721,0.0914,რუსული რუბლი,12/21/2022,12/22/2022
USD,1,2.6646,0.0021,აშშ დოლარი,12/21/2022,12/22/2022
CNY,10,3.8272,0.0009,ჩინური იუანი,12/20/2022,12/21/2022
RUB,100,3.8635,0.1436,რუსული რუბლი,12/20/2022,12/21/2022
USD,1,2.6667,0.0015,აშშ დოლარი,12/20/2022,12/21/2022
CNY,10,3.8263,0.0020,ჩინური იუანი,12/19/2022,12/20/2022
RUB,100,4.0071,0.1154,რუსული რუბლი,12/19/2022,12/20/2022
USD,1,2.6682,0.0008,აშშ დოლარი,12/19/2022,12/20/2022
CNY,10,3.8243,0.0052,ჩინური იუანი,12/16/2022,12/17/2022
RUB,100,4.1225,0.0285,რუსული რუბლი,12/16/2022,12/17/2022
USD,1,2.6674,0.0017,აშშ დოლარი,12/16/2022,12/17/2022
CNY,10,3.8295,0.0196,ჩინური იუანი,12/15/2022,12/16/2022
RUB,100,4.1510,0.0653,რუსული რუბლი,12/15/2022,12/16/2022
USD,1,2.6691,0.0045,აშშ დოლარი,12/15/2022,12/16/2022
CNY,10,3.8295,0.0196,ჩინური იუანი,12/15/2022,12/16/2022
RUB,100,4.1510,0.0653,რუსული რუბლი,12/15/2022,12/16/2022
USD,1,2.6691,0.0045,აშშ დოლარი,12/15/2022,12/16/2022
CNY,10,3.8491,0.0148,ჩინური იუანი,12/14/2022,12/15/2022
RUB,100,4.2163,0.0230,რუსული რუბლი,12/14/2022,12/15/2022
USD,1,2.6736,0.0030,აშშ დოლარი,12/14/2022,12/15/2022
CNY,10,3.8343,0.0046,ჩინური იუანი,12/13/2022,12/14/2022
RUB,100,4.2393,0.0314,რუსული რუბლი,12/13/2022,12/14/2022
USD,1,2.6766,0.0007,აშშ დოლარი,12/13/2022,12/14/2022
CNY,10,3.8389,0.0156,ჩინური იუანი,12/12/2022,12/13/2022
RUB,100,4.2707,0.0155,რუსული რუბლი,12/12/2022,12/13/2022
USD,1,2.6773,0.0029,აშშ დოლარი,12/12/2022,12/13/2022
CNY,10,3.8545,0.0039,ჩინური იუანი,12/9/2022,12/10/2022
RUB,100,4.2862,0.0066,რუსული რუბლი,12/9/2022,12/10/2022
USD,1,2.6802,0.0046,აშშ დოლარი,12/9/2022,12/10/2022
CNY,10,3.8506,0.0038,ჩინური იუანი,12/8/2022,12/9/2022
RUB,100,4.2796,0.0156,რუსული რუბლი,12/8/2022,12/9/2022
USD,1,2.6848,0.0054,აშშ დოლარი,12/8/2022,12/9/2022
CNY,10,3.8544,0.0042,ჩინური იუანი,12/7/2022,12/8/2022
RUB,100,4.2640,0.0014,რუსული რუბლი,12/7/2022,12/8/2022
USD,1,2.6902,0.0041,აშშ დოლარი,12/7/2022,12/8/2022
CNY,10,3.8502,0.0284,ჩინური იუანი,12/6/2022,12/7/2022
RUB,100,4.2626,0.0727,რუსული რუბლი,12/6/2022,12/7/2022
USD,1,2.6943,0.0044,აშშ დოლარი,12/6/2022,12/7/2022
CNY,10,3.8786,0.0269,ჩინური იუანი,12/5/2022,12/6/2022
RUB,100,4.3353,0.0289,რუსული რუბლი,12/5/2022,12/6/2022
USD,1,2.6987,0.0069,აშშ დოლარი,12/5/2022,12/6/2022
CNY,10,3.8517,0.0261,ჩინური იუანი,12/2/2022,12/3/2022
RUB,100,4.3642,0.0616,რუსული რუბლი,12/2/2022,12/3/2022
USD,1,2.7056,0.0056,აშშ დოლარი,12/2/2022,12/3/2022
CNY,10,3.8256,0.0109,ჩინური იუანი,12/1/2022,12/2/2022
RUB,100,4.4258,0.0268,რუსული რუბლი,12/1/2022,12/2/2022
USD,1,2.7112,0.0065,აშშ დოლარი,12/1/2022,12/2/2022
CNY,10,3.8365,0.0477,ჩინური იუანი,11/30/2022,12/1/2022
RUB,100,4.4526,0.0007,რუსული რუბლი,11/30/2022,12/1/2022
USD,1,2.7177,0.0024,აშშ დოლარი,11/30/2022,12/1/2022
CNY,10,3.7888,0.0207,ჩინური იუანი,11/29/2022,11/30/2022
RUB,100,4.4519,0.0080,რუსული რუბლი,11/29/2022,11/30/2022
USD,1,2.7153,0.0050,აშშ დოლარი,11/29/2022,11/30/2022
CNY,10,3.7681,0.0124,ჩინური იუანი,11/28/2022,11/29/2022
RUB,100,4.4599,0.0091,რუსული რუბლი,11/28/2022,11/29/2022
USD,1,2.7103,0.0015,აშშ დოლარი,11/28/2022,11/29/2022
CNY,10,3.7805,0.0148,ჩინური იუანი,11/25/2022,11/26/2022
RUB,100,4.4690,0.0181,რუსული რუბლი,11/25/2022,11/26/2022
USD,1,2.7088,0.0029,აშშ დოლარი,11/25/2022,11/26/2022
CNY,10,3.7953,0.0145,ჩინური იუანი,11/24/2022,11/25/2022
RUB,100,4.4871,0.0063,რუსული რუბლი,11/24/2022,11/25/2022
USD,1,2.7117,0.0075,აშშ დოლარი,11/24/2022,11/25/2022
CNY,10,3.8098,0.0175,ჩინური იუანი,11/22/2022,11/23/2022
RUB,100,4.4808,0.0052,რუსული რუბლი,11/22/2022,11/23/2022
USD,1,2.7192,0.0014,აშშ დოლარი,11/22/2022,11/23/2022
CNY,10,3.7923,0.0284,ჩინური იუანი,11/21/2022,11/22/2022
RUB,100,4.4756,0.0230,რუსული რუბლი,11/21/2022,11/22/2022
USD,1,2.7178,0.0010,აშშ დოლარი,11/21/2022,11/22/2022
CNY,10,3.8207,0.0077,ჩინური იუანი,11/18/2022,11/19/2022
RUB,100,4.4986,0.0212,რუსული რუბლი,11/18/2022,11/19/2022
USD,1,2.7188,0.0084,აშშ დოლარი,11/18/2022,11/19/2022
CNY,10,3.8130,0.0580,ჩინური იუანი,11/17/2022,11/18/2022
RUB,100,4.5198,0.0034,რუსული რუბლი,11/17/2022,11/18/2022
USD,1,2.7272,0.0124,აშშ დოლარი,11/17/2022,11/18/2022
CNY,10,3.8710,0.0021,ჩინური იუანი,11/16/2022,11/17/2022
RUB,100,4.5232,0.0055,რუსული რუბლი,11/16/2022,11/17/2022
USD,1,2.7396,0.0147,აშშ დოლარი,11/16/2022,11/17/2022
CNY,10,3.8731,0.0298,ჩინური იუანი,11/15/2022,11/16/2022
RUB,100,4.5177,0.0330,რუსული რუბლი,11/15/2022,11/16/2022
USD,1,2.7249,0.0077,აშშ დოლარი,11/15/2022,11/16/2022
CNY,10,3.8433,0.0302,ჩინური იუანი,11/14/2022,11/15/2022
RUB,100,4.4847,0.0200,რუსული რუბლი,11/14/2022,11/15/2022
USD,1,2.7172,0.0007,აშშ დოლარი,11/14/2022,11/15/2022
CNY,10,3.8131,0.0554,ჩინური იუანი,11/11/2022,11/12/2022
RUB,100,4.5047,0.0570,რუსული რუბლი,11/11/2022,11/12/2022
USD,1,2.7179,0.0082,აშშ დოლარი,11/11/2022,11/12/2022
CNY,10,3.7577,0.0134,ჩინური იუანი,11/10/2022,11/11/2022
RUB,100,4.4477,0.0192,რუსული რუბლი,11/10/2022,11/11/2022
USD,1,2.7261,0.0067,აშშ დოლარი,11/10/2022,11/11/2022
CNY,10,3.7711,0.0015,ჩინური იუანი,11/9/2022,11/10/2022
RUB,100,4.4669,0.0174,რუსული რუბლი,11/9/2022,11/10/2022
USD,1,2.7328,0.0038,აშშ დოლარი,11/9/2022,11/10/2022
CNY,10,3.7726,0.0113,ჩინური იუანი,11/8/2022,11/9/2022
RUB,100,4.4843,0.0292,რუსული რუბლი,11/8/2022,11/9/2022
USD,1,2.7366,0.0026,აშშ დოლარი,11/8/2022,11/9/2022
CNY,10,3.7839,0.0007,ჩინური იუანი,11/7/2022,11/8/2022
RUB,100,4.4551,0.0447,რუსული რუბლი,11/7/2022,11/8/2022
USD,1,2.7340,0.0079,აშშ დოლარი,11/7/2022,11/8/2022
CNY,10,3.7832,0.0262,ჩინური იუანი,11/4/2022,11/5/2022
RUB,100,4.4104,0.0027,რუსული რუბლი,11/4/2022,11/5/2022
USD,1,2.7419,0.0072,აშშ დოლარი,11/4/2022,11/5/2022
CNY,10,3.7570,0.0332,ჩინური იუანი,11/3/2022,11/4/2022
RUB,100,4.4077,0.0646,რუსული რუბლი,11/3/2022,11/4/2022
USD,1,2.7491,0.0105,აშშ დოლარი,11/3/2022,11/4/2022
CNY,10,3.7902,0.0164,ჩინური იუანი,11/2/2022,11/3/2022
RUB,100,4.4723,0.0295,რუსული რუბლი,11/2/2022,11/3/2022
USD,1,2.7596,0.0080,აშშ დოლარი,11/2/2022,11/3/2022
CNY,10,3.8066,0.0038,ჩინური იუანი,11/1/2022,11/2/2022
RUB,100,4.5018,0.0165,რუსული რუბლი,11/1/2022,11/2/2022
USD,1,2.7676,0.0078,აშშ დოლარი,11/1/2022,11/2/2022
CNY,10,3.8028,0.0236,ჩინური იუანი,10/31/2022,11/1/2022
RUB,100,4.4853,0.0129,რუსული რუბლი,10/31/2022,11/1/2022
USD,1,2.7754,0.0004,აშშ დოლარი,10/31/2022,11/1/2022
CNY,10,3.8264,0.0209,ჩინური იუანი,10/28/2022,10/29/2022
RUB,100,4.4982,0.0390,რუსული რუბლი,10/28/2022,10/29/2022
USD,1,2.7758,0.0082,აშშ დოლარი,10/28/2022,10/29/2022
CNY,10,3.8473,0.0281,ჩინური იუანი,10/28/2022,10/28/2022
RUB,100,4.5372,0.0300,რუსული რუბლი,10/28/2022,10/28/2022
USD,1,2.7840,0.0019,აშშ დოლარი,10/28/2022,10/28/2022
CNY,10,3.8754,0.0822,ჩინური იუანი,10/26/2022,10/27/2022
RUB,100,4.5072,0.0191,რუსული რუბლი,10/26/2022,10/27/2022
USD,1,2.7821,0.0098,აშშ დოლარი,10/26/2022,10/27/2022
CNY,10,3.7932,0.0041,ჩინური იუანი,10/25/2022,10/26/2022
RUB,100,4.4881,0.0064,რუსული რუბლი,10/25/2022,10/26/2022
USD,1,2.7723,0.0145,აშშ დოლარი,10/25/2022,10/26/2022
CNY,10,3.7973,0.0066,ჩინური იუანი,10/24/2022,10/25/2022
RUB,100,4.4945,0.0136,რუსული რუბლი,10/24/2022,10/25/2022
USD,1,2.7578,0.0009,აშშ დოლარი,10/24/2022,10/25/2022
CNY,10,3.8039,0.0254,ჩინური იუანი,10/21/2022,10/22/2022
RUB,100,4.4809,0.0104,რუსული რუბლი,10/21/2022,10/22/2022
USD,1,2.7569,0.0088,აშშ დოლარი,10/21/2022,10/22/2022
CNY,10,3.8293,0.0011,ჩინური იუანი,10/20/2022,10/21/2022
RUB,100,4.4913,0.0219,რუსული რუბლი,10/20/2022,10/21/2022
USD,1,2.7657,0.0003,აშშ დოლარი,10/20/2022,10/21/2022
CNY,10,3.8282,0.0087,ჩინური იუანი,10/19/2022,10/20/2022
RUB,100,4.4694,0.0020,რუსული რუბლი,10/19/2022,10/20/2022
USD,1,2.7660,0.0033,აშშ დოლარი,10/19/2022,10/20/2022
CNY,10,3.8369,0.0021,ჩინური იუანი,10/18/2022,10/19/2022
RUB,100,4.4714,0.0131,რუსული რუბლი,10/18/2022,10/19/2022
USD,1,2.7627,0.0018,აშშ დოლარი,10/18/2022,10/19/2022
CNY,10,3.8390,0.0202,ჩინური იუანი,10/17/2022,10/18/2022
RUB,100,4.4583,0.0910,რუსული რუბლი,10/17/2022,10/18/2022
USD,1,2.7645,0.0096,აშშ დოლარი,10/17/2022,10/18/2022
CNY,10,3.8592,0.0255,ჩინური იუანი,10/13/2022,10/14/2022
RUB,100,4.3673,0.0340,რუსული რუბლი,10/13/2022,10/14/2022
USD,1,2.7741,0.0118,აშშ დოლარი,10/13/2022,10/14/2022
CNY,10,3.8847,0.0070,ჩინური იუანი,10/12/2022,10/13/2022
RUB,100,4.3333,0.0121,რუსული რუბლი,10/12/2022,10/13/2022
USD,1,2.7859,0.0061,აშშ დოლარი,10/12/2022,10/13/2022
CNY,10,3.8917,0.0227,ჩინური იუანი,10/11/2022,10/12/2022
RUB,100,4.3454,0.1235,რუსული რუბლი,10/11/2022,10/12/2022
USD,1,2.7920,0.0060,აშშ დოლარი,10/11/2022,10/12/2022
CNY,10,3.9144,0.0200,ჩინური იუანი,10/10/2022,10/11/2022
RUB,100,4.4689,0.1021,რუსული რუბლი,10/10/2022,10/11/2022
USD,1,2.7980,0.0017,აშშ დოლარი,10/10/2022,10/11/2022
CNY,10,3.9344,0.0065,ჩინური იუანი,10/7/2022,10/8/2022
RUB,100,4.5710,0.0371,რუსული რუბლი,10/7/2022,10/8/2022
USD,1,2.7997,0.0046,აშშ დოლარი,10/7/2022,10/8/2022
CNY,10,3.9409,0.0017,ჩინური იუანი,10/6/2022,10/7/2022
RUB,100,4.6081,0.1097,რუსული რუბლი,10/6/2022,10/7/2022
USD,1,2.8043,0.0012,აშშ დოლარი,10/6/2022,10/7/2022
CNY,10,3.9409,0.0017,ჩინური იუანი,10/6/2022,10/7/2022
RUB,100,4.6081,0.1097,რუსული რუბლი,10/6/2022,10/7/2022
USD,1,2.8043,0.0012,აშშ დოლარი,10/6/2022,10/7/2022
CNY,10,3.9426,0.0133,ჩინური იუანი,10/5/2022,10/6/2022
RUB,100,4.7178,0.0277,რუსული რუბლი,10/5/2022,10/6/2022
USD,1,2.8055,0.0095,აშშ დოლარი,10/5/2022,10/6/2022
CNY,10,3.9559,0.0110,ჩინური იუანი,10/4/2022,10/5/2022
RUB,100,4.7455,0.0757,რუსული რუბლი,10/4/2022,10/5/2022
USD,1,2.8150,0.0078,აშშ დოლარი,10/4/2022,10/5/2022
CNY,10,3.9669,0.0090,ჩინური იუანი,10/3/2022,10/4/2022
RUB,100,4.8212,0.0358,რუსული რუბლი,10/3/2022,10/4/2022
USD,1,2.8228,0.0063,აშშ დოლარი,10/3/2022,10/4/2022
CNY,10,3.9759,0.0073,ჩინური იუანი,9/30/2022,10/1/2022
RUB,100,4.7854,0.1118,რუსული რუბლი,9/30/2022,10/1/2022
USD,1,2.8291,0.0061,აშშ დოლარი,9/30/2022,10/1/2022
CNY,10,3.9686,0.0508,ჩინური იუანი,9/29/2022,9/30/2022
RUB,100,4.8972,0.0816,რუსული რუბლი,9/29/2022,9/30/2022
USD,1,2.8352,0.0016,აშშ დოლარი,9/29/2022,9/30/2022
CNY,10,3.9178,0.0392,ჩინური იუანი,9/28/2022,9/29/2022
RUB,100,4.8156,0.0519,რუსული რუბლი,9/28/2022,9/29/2022
USD,1,2.8336,0.0049,აშშ დოლარი,9/28/2022,9/29/2022
CNY,10,3.9570,0.0002,ჩინური იუანი,9/27/2022,9/28/2022
RUB,100,4.8675,0.0013,რუსული რუბლი,9/27/2022,9/28/2022
USD,1,2.8385,0.0041,აშშ დოლარი,9/27/2022,9/28/2022
CNY,10,3.9572,0.0159,ჩინური იუანი,9/26/2022,9/27/2022
RUB,100,4.8662,0.0326,რუსული რუბლი,9/26/2022,9/27/2022
USD,1,2.8344,0.0058,აშშ დოლარი,9/26/2022,9/27/2022
CNY,10,3.9731,0.0357,ჩინური იუანი,9/23/2022,9/24/2022
RUB,100,4.8336,0.1172,რუსული რუბლი,9/23/2022,9/24/2022
USD,1,2.8286,0.0086,აშშ დოლარი,9/23/2022,9/24/2022
CNY,10,4.0088,0.0259,ჩინური იუანი,9/22/2022,9/23/2022
RUB,100,4.7164,0.0503,რუსული რუბლი,9/22/2022,9/23/2022
USD,1,2.8372,0.0054,აშშ დოლარი,9/22/2022,9/23/2022
CNY,10,4.0347,0.0239,ჩინური იუანი,9/21/2022,9/22/2022
RUB,100,4.6661,0.0739,რუსული რუბლი,9/21/2022,9/22/2022
USD,1,2.8426,0.0036,აშშ დოლარი,9/21/2022,9/22/2022
CNY,10,4.0586,0.0091,ჩინური იუანი,9/20/2022,9/21/2022
RUB,100,4.7400,0.0305,რუსული რუბლი,9/20/2022,9/21/2022
USD,1,2.8462,0.0050,აშშ დოლარი,9/20/2022,9/21/2022
CNY,10,4.0495,0.0190,ჩინური იუანი,9/19/2022,9/20/2022
RUB,100,4.7095,0.0133,რუსული რუბლი,9/19/2022,9/20/2022
USD,1,2.8412,0.0151,აშშ დოლარი,9/19/2022,9/20/2022
CNY,10,4.0305,0.0148,ჩინური იუანი,9/16/2022,9/17/2022
RUB,100,4.6962,0.0281,რუსული რუბლი,9/16/2022,9/17/2022
USD,1,2.8261,0.0040,აშშ დოლარი,9/16/2022,9/17/2022
CNY,10,4.0453,0.0221,ჩინური იუანი,9/15/2022,9/16/2022
RUB,100,4.7243,0.0029,რუსული რუბლი,9/15/2022,9/16/2022
USD,1,2.8301,0.0002,აშშ დოლარი,9/15/2022,9/16/2022
CNY,10,4.0674,0.0279,ჩინური იუანი,9/14/2022,9/15/2022
RUB,100,4.7272,0.0087,რუსული რუბლი,9/14/2022,9/15/2022
USD,1,2.8299,0.0079,აშშ დოლარი,9/14/2022,9/15/2022
CNY,10,4.0953,0.0035,ჩინური იუანი,9/13/2022,9/14/2022
RUB,100,4.7185,0.0354,რუსული რუბლი,9/13/2022,9/14/2022
USD,1,2.8378,0.0036,აშშ დოლარი,9/13/2022,9/14/2022
CNY,10,4.0953,0.0035,ჩინური იუანი,9/13/2022,9/14/2022
RUB,100,4.7185,0.0354,რუსული რუბლი,9/13/2022,9/14/2022
USD,1,2.8378,0.0036,აშშ დოლარი,9/13/2022,9/14/2022
CNY,10,4.0918,0.0175,ჩინური იუანი,9/12/2022,9/13/2022
RUB,100,4.6831,0.0236,რუსული რუბლი,9/12/2022,9/13/2022
USD,1,2.8342,0.0107,აშშ დოლარი,9/12/2022,9/13/2022
CNY,10,4.1093,0.0066,ჩინური იუანი,9/9/2022,9/10/2022
RUB,100,4.7067,0.0160,რუსული რუბლი,9/9/2022,9/10/2022
USD,1,2.8449,0.0094,აშშ დოლარი,9/9/2022,9/10/2022
CNY,10,4.1027,0.0049,ჩინური იუანი,9/8/2022,9/9/2022
RUB,100,4.6907,0.0037,რუსული რუბლი,9/8/2022,9/9/2022
USD,1,2.8543,0.0114,აშშ დოლარი,9/8/2022,9/9/2022
CNY,10,4.1027,0.0049,ჩინური იუანი,9/8/2022,9/9/2022
RUB,100,4.6907,0.0037,რუსული რუბლი,9/8/2022,9/9/2022
USD,1,2.8543,0.0114,აშშ დოლარი,9/8/2022,9/9/2022
CNY,10,4.1076,0.0172,ჩინური იუანი,9/7/2022,9/8/2022
RUB,100,4.6944,0.0142,რუსული რუბლი,9/7/2022,9/8/2022
USD,1,2.8657,0.0048,აშშ დოლარი,9/7/2022,9/8/2022
CNY,10,4.1248,0.0289,ჩინური იუანი,9/6/2022,9/7/2022
RUB,100,4.6802,0.0330,რუსული რუბლი,9/6/2022,9/7/2022
USD,1,2.8705,0.0090,აშშ დოლარი,9/6/2022,9/7/2022
CNY,10,4.1537,0.0385,ჩინური იუანი,9/5/2022,9/6/2022
RUB,100,4.7132,0.0522,რუსული რუბლი,9/5/2022,9/6/2022
USD,1,2.8795,0.0161,აშშ დოლარი,9/5/2022,9/6/2022
CNY,10,4.1922,0.0166,ჩინური იუანი,9/2/2022,9/3/2022
RUB,100,4.7654,0.0322,რუსული რუბლი,9/2/2022,9/3/2022
USD,1,2.8956,0.0080,აშშ დოლარი,9/2/2022,9/3/2022
CNY,10,4.2088,0.0048,ჩინური იუანი,9/1/2022,9/2/2022
RUB,100,4.7976,0.0064,რუსული რუბლი,9/1/2022,9/2/2022
USD,1,2.9036,0.0034,აშშ დოლარი,9/1/2022,9/2/2022
CNY,10,4.2040,0.0046,ჩინური იუანი,8/31/2022,9/1/2022
RUB,100,4.7912,0.0100,რუსული რუბლი,8/31/2022,9/1/2022
USD,1,2.9002,0.0043,აშშ დოლარი,8/31/2022,9/1/2022
CNY,10,4.2040,0.0046,ჩინური იუანი,8/31/2022,9/1/2022
RUB,100,4.7912,0.0100,რუსული რუბლი,8/31/2022,9/1/2022
USD,1,2.9002,0.0043,აშშ დოლარი,8/31/2022,9/1/2022
CNY,10,4.2086,0.0720,ჩინური იუანი,8/30/2022,8/31/2022
RUB,100,4.7812,0.0952,რუსული რუბლი,8/30/2022,8/31/2022
USD,1,2.9045,0.0438,აშშ დოლარი,8/30/2022,8/31/2022
CNY,10,4.1366,0.0334,ჩინური იუანი,8/29/2022,8/30/2022
RUB,100,4.6860,0.0561,რუსული რუბლი,8/29/2022,8/30/2022
USD,1,2.8607,0.0001,აშშ დოლარი,8/29/2022,8/30/2022
CNY,10,4.1700,0.0195,ჩინური იუანი,8/26/2022,8/27/2022
RUB,100,4.7421,0.0314,რუსული რუბლი,8/26/2022,8/27/2022
USD,1,2.8608,0.0097,აშშ დოლარი,8/26/2022,8/27/2022
CNY,10,4.1895,0.0842,ჩინური იუანი,8/25/2022,8/26/2022
RUB,100,4.7735,0.1019,რუსული რუბლი,8/25/2022,8/26/2022
USD,1,2.8705,0.0513,აშშ დოლარი,8/25/2022,8/26/2022
CNY,10,4.1053,0.0172,ჩინური იუანი,8/24/2022,8/25/2022
RUB,100,4.6716,0.0195,რუსული რუბლი,8/24/2022,8/25/2022
USD,1,2.8192,0.0192,აშშ დოლარი,8/24/2022,8/25/2022
CNY,10,4.0881,0.0096,ჩინური იუანი,8/23/2022,8/24/2022
RUB,100,4.6521,0.0247,რუსული რუბლი,8/23/2022,8/24/2022
USD,1,2.8000,0.0104,აშშ დოლარი,8/23/2022,8/24/2022
CNY,10,4.0785,0.0186,ჩინური იუანი,8/22/2022,8/23/2022
RUB,100,4.6768,0.0305,რუსული რუბლი,8/22/2022,8/23/2022
USD,1,2.7896,0.0012,აშშ დოლარი,8/22/2022,8/23/2022
CNY,10,4.0971,0.0098,ჩინური იუანი,8/19/2022,8/20/2022
RUB,100,4.7073,0.0394,რუსული რუბლი,8/19/2022,8/20/2022
USD,1,2.7908,0.0017,აშშ დოლარი,8/19/2022,8/20/2022
CNY,10,4.1069,0.0262,ჩინური იუანი,8/18/2022,8/19/2022
RUB,100,4.6679,0.0383,რუსული რუბლი,8/18/2022,8/19/2022
USD,1,2.7891,0.0128,აშშ დოლარი,8/18/2022,8/19/2022
CNY,10,4.1331,0.0049,ჩინური იუანი,8/17/2022,8/18/2022
RUB,100,4.6296,0.0766,რუსული რუბლი,8/17/2022,8/18/2022
USD,1,2.8019,0.0000,აშშ დოლარი,8/17/2022,8/18/2022
CNY,10,4.1282,0.0099,ჩინური იუანი,8/16/2022,8/17/2022
RUB,100,4.5530,0.0350,რუსული რუბლი,8/16/2022,8/17/2022
USD,1,2.8019,0.0142,აშშ დოლარი,8/16/2022,8/17/2022
CNY,10,4.1183,0.1006,ჩინური იუანი,8/15/2022,8/16/2022
RUB,100,4.5180,0.1097,რუსული რუბლი,8/15/2022,8/16/2022
USD,1,2.7877,0.0788,აშშ დოლარი,8/15/2022,8/16/2022
CNY,10,4.0177,0.0093,ჩინური იუანი,8/12/2022,8/13/2022
RUB,100,4.4083,0.0426,რუსული რუბლი,8/12/2022,8/13/2022
USD,1,2.7089,0.0073,აშშ დოლარი,8/12/2022,8/13/2022
CNY,10,4.0084,0.0007,ჩინური იუანი,8/11/2022,8/12/2022
RUB,100,4.4509,0.0175,რუსული რუბლი,8/11/2022,8/12/2022
USD,1,2.7016,0.0070,აშშ დოლარი,8/11/2022,8/12/2022
CNY,10,4.0091,0.0044,ჩინური იუანი,8/10/2022,8/11/2022
RUB,100,4.4684,0.0050,რუსული რუბლი,8/10/2022,8/11/2022
USD,1,2.7086,0.0014,აშშ დოლარი,8/10/2022,8/11/2022
CNY,10,4.0135,0.0007,ჩინური იუანი,8/9/2022,8/10/2022
RUB,100,4.4734,0.0337,რუსული რუბლი,8/9/2022,8/10/2022
USD,1,2.7100,0.0041,აშშ დოლარი,8/9/2022,8/10/2022
CNY,10,4.0142,0.0115,ჩინური იუანი,8/8/2022,8/9/2022
RUB,100,4.5071,0.0290,რუსული რუბლი,8/8/2022,8/9/2022
USD,1,2.7141,0.0037,აშშ დოლარი,8/8/2022,8/9/2022
CNY,10,4.0257,0.0066,ჩინური იუანი,8/5/2022,8/6/2022
RUB,100,4.4781,0.0204,რუსული რუბლი,8/5/2022,8/6/2022
USD,1,2.7178,0.0066,აშშ დოლარი,8/5/2022,8/6/2022
CNY,10,4.0323,0.0133,ჩინური იუანი,8/4/2022,8/5/2022
RUB,100,4.4985,0.0099,რუსული რუბლი,8/4/2022,8/5/2022
USD,1,2.7244,0.0088,აშშ დოლარი,8/4/2022,8/5/2022
CNY,10,4.0456,0.0093,ჩინური იუანი,8/3/2022,8/4/2022
RUB,100,4.5084,0.0317,რუსული რუბლი,8/3/2022,8/4/2022
USD,1,2.7332,0.0079,აშშ დოლარი,8/3/2022,8/4/2022
CNY,10,4.0549,0.0151,ჩინური იუანი,8/2/2022,8/3/2022
RUB,100,4.5401,0.1747,რუსული რუბლი,8/2/2022,8/3/2022
USD,1,2.7411,0.0073,აშშ დოლარი,8/2/2022,8/3/2022
CNY,10,4.0700,0.0341,ჩინური იუანი,8/1/2022,8/2/2022
RUB,100,4.3654,0.0927,რუსული რუბლი,8/1/2022,8/2/2022
USD,1,2.7484,0.0168,აშშ დოლარი,8/1/2022,8/2/2022
CNY,10,4.1041,0.0010,ჩინური იუანი,7/29/2022,7/30/2022
RUB,100,4.4581,0.1020,რუსული რუბლი,7/29/2022,7/30/2022
USD,1,2.7652,0.0051,აშშ დოლარი,7/29/2022,7/30/2022
CNY,10,4.1051,0.0110,ჩინური იუანი,7/28/2022,7/29/2022
RUB,100,4.5601,0.0082,რუსული რუბლი,7/28/2022,7/29/2022
USD,1,2.7703,0.0088,აშშ დოლარი,7/28/2022,7/29/2022
CNY,10,4.1161,0.0079,ჩინური იუანი,7/27/2022,7/28/2022
RUB,100,4.5683,0.1517,რუსული რუბლი,7/27/2022,7/28/2022
USD,1,2.7791,0.0095,აშშ დოლარი,7/27/2022,7/28/2022
CNY,10,4.1240,0.0141,ჩინური იუანი,7/26/2022,7/27/2022
RUB,100,4.7200,0.0526,რუსული რუბლი,7/26/2022,7/27/2022
USD,1,2.7886,0.0031,აშშ დოლარი,7/26/2022,7/27/2022
CNY,10,4.1381,0.0000,ჩინური იუანი,7/25/2022,7/26/2022
RUB,100,4.7726,0.0176,რუსული რუბლი,7/25/2022,7/26/2022
USD,1,2.7917,0.0069,აშშ დოლარი,7/25/2022,7/26/2022
CNY,10,4.1381,0.0000,ჩინური იუანი,7/25/2022,7/26/2022
RUB,100,4.7726,0.0176,რუსული რუბლი,7/25/2022,7/26/2022
USD,1,2.7917,0.0069,აშშ დოლარი,7/25/2022,7/26/2022
CNY,10,4.1381,0.0065,ჩინური იუანი,7/22/2022,7/23/2022
RUB,100,4.7550,0.0880,რუსული რუბლი,7/22/2022,7/23/2022
USD,1,2.7986,0.0059,აშშ დოლარი,7/22/2022,7/23/2022
CNY,10,4.1446,0.0307,ჩინური იუანი,7/21/2022,7/22/2022
RUB,100,4.8430,0.2555,რუსული რუბლი,7/21/2022,7/22/2022
USD,1,2.8045,0.0158,აშშ დოლარი,7/21/2022,7/22/2022
CNY,10,4.1753,0.0198,ჩინური იუანი,7/20/2022,7/21/2022
RUB,100,5.0985,0.0705,რუსული რუბლი,7/20/2022,7/21/2022
USD,1,2.8203,0.0078,აშშ დოლარი,7/20/2022,7/21/2022
CNY,10,4.1951,0.0139,ჩინური იუანი,7/19/2022,7/20/2022
RUB,100,5.0280,0.0568,რუსული რუბლი,7/19/2022,7/20/2022
USD,1,2.8281,0.0067,აშშ დოლარი,7/19/2022,7/20/2022
CNY,10,4.2090,0.0094,ჩინური იუანი,7/18/2022,7/19/2022
RUB,100,4.9712,0.0740,რუსული რუბლი,7/18/2022,7/19/2022
USD,1,2.8348,0.0156,აშშ დოლარი,7/18/2022,7/19/2022
CNY,10,4.2184,0.0153,ჩინური იუანი,7/15/2022,7/16/2022
RUB,100,4.8972,0.0812,რუსული რუბლი,7/15/2022,7/16/2022
USD,1,2.8504,0.0055,აშშ დოლარი,7/15/2022,7/16/2022
CNY,10,4.2337,0.0261,ჩინური იუანი,7/14/2022,7/15/2022
RUB,100,4.8160,0.0344,რუსული რუბლი,7/14/2022,7/15/2022
USD,1,2.8559,0.0084,აშშ დოლარი,7/14/2022,7/15/2022
CNY,10,4.2598,0.0147,ჩინური იუანი,7/13/2022,7/14/2022
RUB,100,4.8504,0.0176,რუსული რუბლი,7/13/2022,7/14/2022
USD,1,2.8643,0.0102,აშშ დოლარი,7/13/2022,7/14/2022
CNY,10,4.2745,0.0232,ჩინური იუანი,7/12/2022,7/13/2022
RUB,100,4.8328,0.2016,რუსული რუბლი,7/12/2022,7/13/2022
USD,1,2.8745,0.0085,აშშ დოლარი,7/12/2022,7/13/2022
CNY,10,4.2977,0.0138,ჩინური იუანი,7/11/2022,7/12/2022
RUB,100,4.6312,0.0456,რუსული რუბლი,7/11/2022,7/12/2022
USD,1,2.8830,0.0066,აშშ დოლარი,7/11/2022,7/12/2022
CNY,10,4.3115,0.0331,ჩინური იუანი,7/8/2022,7/9/2022
RUB,100,4.5856,0.0330,რუსული რუბლი,7/8/2022,7/9/2022
USD,1,2.8896,0.0223,აშშ დოლარი,7/8/2022,7/9/2022
CNY,10,4.3446,0.0133,ჩინური იუანი,7/7/2022,7/8/2022
RUB,100,4.5526,0.0026,რუსული რუბლი,7/7/2022,7/8/2022
USD,1,2.9119,0.0081,აშშ დოლარი,7/7/2022,7/8/2022
CNY,10,4.3313,0.0487,ჩინური იუანი,7/6/2022,7/7/2022
RUB,100,4.5552,0.1066,რუსული რუბლი,7/6/2022,7/7/2022
USD,1,2.9038,0.0328,აშშ დოლარი,7/6/2022,7/7/2022
CNY,10,4.2826,0.0176,ჩინური იუანი,7/5/2022,7/6/2022
RUB,100,4.6618,0.5327,რუსული რუბლი,7/5/2022,7/6/2022
USD,1,2.8710,0.0052,აშშ დოლარი,7/5/2022,7/6/2022
CNY,10,4.3002,0.0403,ჩინური იუანი,7/4/2022,7/5/2022
RUB,100,5.1945,0.1164,რუსული რუბლი,7/4/2022,7/5/2022
USD,1,2.8762,0.0315,აშშ დოლარი,7/4/2022,7/5/2022
CNY,10,4.3405,0.0317,ჩინური იუანი,7/1/2022,7/2/2022
RUB,100,5.3109,0.1114,რუსული რუბლი,7/1/2022,7/2/2022
USD,1,2.9077,0.0206,აშშ დოლარი,7/1/2022,7/2/2022
CNY,10,4.3722,0.0028,ჩინური იუანი,6/30/2022,7/1/2022
RUB,100,5.4223,0.2288,რუსული რუბლი,6/30/2022,7/1/2022
USD,1,2.9283,0.0006,აშშ დოლარი,6/30/2022,7/1/2022
CNY,10,4.3750,0.0104,ჩინური იუანი,6/29/2022,6/30/2022
RUB,100,5.6511,0.1582,რუსული რუბლი,6/29/2022,6/30/2022
USD,1,2.9289,0.0047,აშშ დოლარი,6/29/2022,6/30/2022
CNY,10,4.3854,0.0023,ჩინური იუანი,6/28/2022,6/29/2022
RUB,100,5.4929,0.0679,რუსული რუბლი,6/28/2022,6/29/2022
USD,1,2.9336,0.0013,აშშ დოლარი,6/28/2022,6/29/2022
CNY,10,4.3877,0.0027,ჩინური იუანი,6/27/2022,6/28/2022
RUB,100,5.4250,0.0404,რუსული რუბლი,6/27/2022,6/28/2022
USD,1,2.9349,0.0011,აშშ დოლარი,6/27/2022,6/28/2022
CNY,10,4.3850,0.0082,ჩინური იუანი,6/24/2022,6/25/2022
RUB,100,5.4654,0.0269,რუსული რუბლი,6/24/2022,6/25/2022
USD,1,2.9360,0.0005,აშშ დოლარი,6/24/2022,6/25/2022
CNY,10,4.3768,0.0092,ჩინური იუანი,6/23/2022,6/24/2022
RUB,100,5.4385,0.1173,რუსული რუბლი,6/23/2022,6/24/2022
USD,1,2.9355,0.0029,აშშ დოლარი,6/23/2022,6/24/2022
CNY,10,4.3676,0.0033,ჩინური იუანი,6/22/2022,6/23/2022
RUB,100,5.5558,0.2039,რუსული რუბლი,6/22/2022,6/23/2022
USD,1,2.9326,0.0049,აშშ დოლარი,6/22/2022,6/23/2022
CNY,10,4.3676,0.0033,ჩინური იუანი,6/22/2022,6/23/2022
RUB,100,5.5558,0.2039,რუსული რუბლი,6/22/2022,6/23/2022
USD,1,2.9326,0.0049,აშშ დოლარი,6/22/2022,6/23/2022
CNY,10,4.3709,0.0154,ჩინური იუანი,6/21/2022,6/22/2022
RUB,100,5.3519,0.0840,რუსული რუბლი,6/21/2022,6/22/2022
USD,1,2.9277,0.0063,აშშ დოლარი,6/21/2022,6/22/2022
CNY,10,4.3863,0.0246,ჩინური იუანი,6/20/2022,6/21/2022
RUB,100,5.2679,0.1604,რუსული რუბლი,6/20/2022,6/21/2022
USD,1,2.9340,0.0101,აშშ დოლარი,6/20/2022,6/21/2022
CNY,10,4.3617,0.0094,ჩინური იუანი,6/17/2022,6/18/2022
RUB,100,5.1075,0.0412,რუსული რუბლი,6/17/2022,6/18/2022
USD,1,2.9239,0.0119,აშშ დოლარი,6/17/2022,6/18/2022
CNY,10,4.3711,0.0144,ჩინური იუანი,6/16/2022,6/17/2022
RUB,100,5.1487,0.0815,რუსული რუბლი,6/16/2022,6/17/2022
USD,1,2.9358,0.0078,აშშ დოლარი,6/16/2022,6/17/2022
CNY,10,4.3855,0.0141,ჩინური იუანი,6/15/2022,6/16/2022
RUB,100,5.2302,0.0665,რუსული რუბლი,6/15/2022,6/16/2022
USD,1,2.9436,0.0195,აშშ დოლარი,6/15/2022,6/16/2022
CNY,10,4.3996,0.0087,ჩინური იუანი,6/14/2022,6/15/2022
RUB,100,5.1637,0.0303,რუსული რუბლი,6/14/2022,6/15/2022
USD,1,2.9631,0.0056,აშშ დოლარი,6/14/2022,6/15/2022
CNY,10,4.4083,0.0171,ჩინური იუანი,6/13/2022,6/14/2022
RUB,100,5.1940,0.1063,რუსული რუბლი,6/13/2022,6/14/2022
USD,1,2.9687,0.0065,აშშ დოლარი,6/13/2022,6/14/2022
CNY,10,4.4254,0.0240,ჩინური იუანი,6/10/2022,6/11/2022
RUB,100,5.0877,0.1439,რუსული რუბლი,6/10/2022,6/11/2022
USD,1,2.9622,0.0065,აშშ დოლარი,6/10/2022,6/11/2022
CNY,10,4.4494,0.0203,ჩინური იუანი,6/9/2022,6/10/2022
RUB,100,5.2316,0.3397,რუსული რუბლი,6/9/2022,6/10/2022
USD,1,2.9687,0.0053,აშშ დოლარი,6/9/2022,6/10/2022
CNY,10,4.4291,0.0110,ჩინური იუანი,6/8/2022,6/9/2022
RUB,100,4.8919,0.0861,რუსული რუბლი,6/8/2022,6/9/2022
USD,1,2.9634,0.0030,აშშ დოლარი,6/8/2022,6/9/2022
CNY,10,4.4401,0.0205,ჩინური იუანი,6/7/2022,6/8/2022
RUB,100,4.8058,0.0003,რუსული რუბლი,6/7/2022,6/8/2022
USD,1,2.9604,0.0020,აშშ დოლარი,6/7/2022,6/8/2022
CNY,10,4.4606,0.0003,ჩინური იუანი,6/6/2022,6/7/2022
RUB,100,4.8061,0.0288,რუსული რუბლი,6/6/2022,6/7/2022
USD,1,2.9624,0.0083,აშშ დოლარი,6/6/2022,6/7/2022
CNY,10,4.4603,0.0482,ჩინური იუანი,6/3/2022,6/4/2022
RUB,100,4.7773,0.0426,რუსული რუბლი,6/3/2022,6/4/2022
USD,1,2.9707,0.0369,აშშ დოლარი,6/3/2022,6/4/2022
CNY,10,4.5085,0.0234,ჩინური იუანი,6/2/2022,6/3/2022
RUB,100,4.8199,0.0241,რუსული რუბლი,6/2/2022,6/3/2022
USD,1,3.0076,0.0231,აშშ დოლარი,6/2/2022,6/3/2022
CNY,10,4.5319,0.0109,ჩინური იუანი,6/1/2022,6/2/2022
RUB,100,4.8440,0.0378,რუსული რუბლი,6/1/2022,6/2/2022
USD,1,3.0307,0.0058,აშშ დოლარი,6/1/2022,6/2/2022
CNY,10,4.5428,0.1088,ჩინური იუანი,5/31/2022,6/1/2022
RUB,100,4.8818,0.1471,რუსული რუბლი,5/31/2022,6/1/2022
USD,1,3.0249,0.0703,აშშ დოლარი,5/31/2022,6/1/2022
CNY,10,4.4340,0.1631,ჩინური იუანი,5/30/2022,5/31/2022
RUB,100,4.7347,0.4088,რუსული რუბლი,5/30/2022,5/31/2022
USD,1,2.9546,0.0889,აშშ დოლარი,5/30/2022,5/31/2022
CNY,10,4.2709,0.0128,ჩინური იუანი,5/27/2022,5/28/2022
RUB,100,4.3259,0.6753,რუსული რუბლი,5/27/2022,5/28/2022
USD,1,2.8657,0.0059,აშშ დოლარი,5/27/2022,5/28/2022
CNY,10,4.2837,0.0144,ჩინური იუანი,5/25/2022,5/26/2022
RUB,100,5.0012,0.0938,რუსული რუბლი,5/25/2022,5/26/2022
USD,1,2.8598,0.0070,აშშ დოლარი,5/25/2022,5/26/2022
CNY,10,4.2981,0.0261,ჩინური იუანი,5/24/2022,5/25/2022
RUB,100,5.0950,0.1670,რუსული რუბლი,5/24/2022,5/25/2022
USD,1,2.8668,0.0099,აშშ დოლარი,5/24/2022,5/25/2022
CNY,10,4.3242,0.0277,ჩინური იუანი,5/23/2022,5/24/2022
RUB,100,4.9280,0.1676,რუსული რუბლი,5/23/2022,5/24/2022
USD,1,2.8767,0.0269,აშშ დოლარი,5/23/2022,5/24/2022
CNY,10,4.3519,0.0222,ჩინური იუანი,5/20/2022,5/21/2022
RUB,100,4.7604,0.0502,რუსული რუბლი,5/20/2022,5/21/2022
USD,1,2.9036,0.0226,აშშ დოლარი,5/20/2022,5/21/2022
CNY,10,4.3297,0.0385,ჩინური იუანი,5/19/2022,5/20/2022
RUB,100,4.7102,0.1526,რუსული რუბლი,5/19/2022,5/20/2022
USD,1,2.9262,0.0180,აშშ დოლარი,5/19/2022,5/20/2022
CNY,10,4.3682,0.0299,ჩინური იუანი,5/18/2022,5/19/2022
RUB,100,4.5576,0.0348,რუსული რუბლი,5/18/2022,5/19/2022
USD,1,2.9442,0.0212,აშშ დოლარი,5/18/2022,5/19/2022
CNY,10,4.3981,0.0137,ჩინური იუანი,5/17/2022,5/18/2022
RUB,100,4.5924,0.0772,რუსული რუბლი,5/17/2022,5/18/2022
USD,1,2.9654,0.0115,აშშ დოლარი,5/17/2022,5/18/2022
CNY,10,4.3844,0.0536,ჩინური იუანი,5/16/2022,5/17/2022
RUB,100,4.6696,0.0286,რუსული რუბლი,5/16/2022,5/17/2022
USD,1,2.9769,0.0360,აშშ დოლარი,5/16/2022,5/17/2022
CNY,10,4.4380,0.0637,ჩინური იუანი,5/13/2022,5/14/2022
RUB,100,4.6982,0.2785,რუსული რუბლი,5/13/2022,5/14/2022
USD,1,3.0129,0.0132,აშშ დოლარი,5/13/2022,5/14/2022
CNY,10,4.5017,0.0070,ჩინური იუანი,5/11/2022,5/12/2022
RUB,100,4.4197,0.0429,რუსული რუბლი,5/11/2022,5/12/2022
USD,1,3.0261,0.0060,აშშ დოლარი,5/11/2022,5/12/2022
CNY,10,4.5087,0.0345,ჩინური იუანი,5/10/2022,5/11/2022
RUB,100,4.3768,0.1941,რუსული რუბლი,5/10/2022,5/11/2022
USD,1,3.0321,0.0003,აშშ დოლარი,5/10/2022,5/11/2022
CNY,10,4.5432,0.0497,ჩინური იუანი,5/6/2022,5/7/2022
RUB,100,4.5709,0.0842,რუსული რუბლი,5/6/2022,5/7/2022
USD,1,3.0318,0.0080,აშშ დოლარი,5/6/2022,5/7/2022
CNY,10,4.5929,0.0048,ჩინური იუანი,5/5/2022,5/6/2022
RUB,100,4.6551,0.1205,რუსული რუბლი,5/5/2022,5/6/2022
USD,1,3.0398,0.0014,აშშ დოლარი,5/5/2022,5/6/2022
CNY,10,4.5977,0.0080,ჩინური იუანი,5/4/2022,5/5/2022
RUB,100,4.5346,0.1751,რუსული რუბლი,5/4/2022,5/5/2022
USD,1,3.0384,0.0053,აშშ დოლარი,5/4/2022,5/5/2022
CNY,10,4.5897,0.0392,ჩინური იუანი,5/3/2022,5/4/2022
RUB,100,4.3595,0.0552,რუსული რუბლი,5/3/2022,5/4/2022
USD,1,3.0331,0.0259,აშშ დოლარი,5/3/2022,5/4/2022
CNY,10,4.6289,0.0136,ჩინური იუანი,5/2/2022,5/3/2022
RUB,100,4.3043,0.0134,რუსული რუბლი,5/2/2022,5/3/2022
USD,1,3.0590,0.0001,აშშ დოლარი,5/2/2022,5/3/2022
CNY,10,4.6425,0.0154,ჩინური იუანი,4/29/2022,4/30/2022
RUB,100,4.2909,0.0816,რუსული რუბლი,4/29/2022,4/30/2022
USD,1,3.0591,0.0006,აშშ დოლარი,4/29/2022,4/30/2022
CNY,10,4.6271,0.0316,ჩინური იუანი,4/28/2022,4/29/2022
RUB,100,4.2093,0.1019,რუსული რუბლი,4/28/2022,4/29/2022
USD,1,3.0597,0.0080,აშშ დოლარი,4/28/2022,4/29/2022
CNY,10,4.6587,0.0188,ჩინური იუანი,4/27/2022,4/28/2022
RUB,100,4.1074,0.0220,რუსული რუბლი,4/27/2022,4/28/2022
USD,1,3.0517,0.0149,აშშ დოლარი,4/27/2022,4/28/2022
CNY,10,4.6399,0.0682,ჩინური იუანი,4/26/2022,4/27/2022
RUB,100,4.1294,0.3295,რუსული რუბლი,4/26/2022,4/27/2022
USD,1,3.0368,0.0010,აშშ დოლარი,4/26/2022,4/27/2022
CNY,10,4.7081,0.0142,ჩინური იუანი,4/21/2022,4/22/2022
RUB,100,3.7999,0.0657,რუსული რუბლი,4/21/2022,4/22/2022
USD,1,3.0358,0.0085,აშშ დოლარი,4/21/2022,4/22/2022
CNY,10,4.7223,0.0612,ჩინური იუანი,4/20/2022,4/21/2022
RUB,100,3.7342,0.1077,რუსული რუბლი,4/20/2022,4/21/2022
USD,1,3.0273,0.0257,აშშ დოლარი,4/20/2022,4/21/2022
CNY,10,4.7835,0.0244,ჩინური იუანი,4/19/2022,4/20/2022
RUB,100,3.8419,0.0644,რუსული რუბლი,4/19/2022,4/20/2022
USD,1,3.0530,0.0083,აშშ დოლარი,4/19/2022,4/20/2022
CNY,10,4.8079,0.0112,ჩინური იუანი,4/18/2022,4/19/2022
RUB,100,3.7775,0.0020,რუსული რუბლი,4/18/2022,4/19/2022
USD,1,3.0613,0.0093,აშშ დოლარი,4/18/2022,4/19/2022
CNY,10,4.8191,0.0057,ჩინური იუანი,4/15/2022,4/16/2022
RUB,100,3.7795,0.0471,რუსული რუბლი,4/15/2022,4/16/2022
USD,1,3.0706,0.0035,აშშ დოლარი,4/15/2022,4/16/2022
CNY,10,4.8248,0.0182,ჩინური იუანი,4/14/2022,4/15/2022
RUB,100,3.7324,0.0272,რუსული რუბლი,4/14/2022,4/15/2022
USD,1,3.0741,0.0089,აშშ დოლარი,4/14/2022,4/15/2022
CNY,10,4.8430,0.0015,ჩინური იუანი,4/13/2022,4/14/2022
RUB,100,3.7596,0.0711,რუსული რუბლი,4/13/2022,4/14/2022
USD,1,3.0830,0.0011,აშშ დოლარი,4/13/2022,4/14/2022
CNY,10,4.8415,0.0123,ჩინური იუანი,4/12/2022,4/13/2022
RUB,100,3.6885,0.0976,რუსული რუბლი,4/12/2022,4/13/2022
USD,1,3.0841,0.0086,აშშ დოლარი,4/12/2022,4/13/2022
CNY,10,4.8292,0.0024,ჩინური იუანი,4/11/2022,4/12/2022
RUB,100,3.7861,0.0845,რუსული რუბლი,4/11/2022,4/12/2022
USD,1,3.0755,0.0006,აშშ დოლარი,4/11/2022,4/12/2022
CNY,10,4.8316,0.0151,ჩინური იუანი,4/8/2022,4/9/2022
RUB,100,3.8706,0.0046,რუსული რუბლი,4/8/2022,4/9/2022
USD,1,3.0749,0.0087,აშშ დოლარი,4/8/2022,4/9/2022
CNY,10,4.8467,0.0001,ჩინური იუანი,4/7/2022,4/8/2022
RUB,100,3.8660,0.1697,რუსული რუბლი,4/7/2022,4/8/2022
USD,1,3.0836,0.0003,აშშ დოლარი,4/7/2022,4/8/2022
CNY,10,4.8468,0.0027,ჩინური იუანი,4/6/2022,4/7/2022
RUB,100,3.6963,0.0339,რუსული რუბლი,4/6/2022,4/7/2022
USD,1,3.0839,0.0018,აშშ დოლარი,4/6/2022,4/7/2022
CNY,10,4.8495,0.0071,ჩინური იუანი,4/5/2022,4/6/2022
RUB,100,3.6624,0.0002,რუსული რუბლი,4/5/2022,4/6/2022
USD,1,3.0857,0.0045,აშშ დოლარი,4/5/2022,4/6/2022
CNY,10,4.8566,0.0038,ჩინური იუანი,4/4/2022,4/5/2022
RUB,100,3.6626,0.0585,რუსული რუბლი,4/4/2022,4/5/2022
USD,1,3.0902,0.0016,აშშ დოლარი,4/4/2022,4/5/2022
CNY,10,4.8604,0.0112,ჩინური იუანი,4/1/2022,4/2/2022
RUB,100,3.7211,0.0382,რუსული რუბლი,4/1/2022,4/2/2022
USD,1,3.0918,0.0022,აშშ დოლარი,4/1/2022,4/2/2022
CNY,10,4.8716,0.0110,ჩინური იუანი,3/31/2022,4/1/2022
RUB,100,3.7593,0.0820,რუსული რუბლი,3/31/2022,4/1/2022
USD,1,3.0896,0.0117,აშშ დოლარი,3/31/2022,4/1/2022
CNY,10,4.8826,0.0404,ჩინური იუანი,3/30/2022,3/31/2022
RUB,100,3.6773,0.1058,რუსული რუბლი,3/30/2022,3/31/2022
USD,1,3.1013,0.0341,აშშ დოლარი,3/30/2022,3/31/2022
CNY,10,4.9230,0.0881,ჩინური იუანი,3/29/2022,3/30/2022
RUB,100,3.5715,0.3272,რუსული რუბლი,3/29/2022,3/30/2022
USD,1,3.1354,0.0563,აშშ დოლარი,3/29/2022,3/30/2022
CNY,10,5.0111,0.0549,ჩინური იუანი,3/28/2022,3/29/2022
RUB,100,3.2443,0.0138,რუსული რუბლი,3/28/2022,3/29/2022
USD,1,3.1917,0.0317,აშშ დოლარი,3/28/2022,3/29/2022
CNY,10,5.0111,0.0549,ჩინური იუანი,3/28/2022,3/29/2022
RUB,100,3.2443,0.0138,რუსული რუბლი,3/28/2022,3/29/2022
USD,1,3.1917,0.0317,აშშ დოლარი,3/28/2022,3/29/2022
CNY,10,5.0660,0.0148,ჩინური იუანი,3/25/2022,3/26/2022
RUB,100,3.2581,0.1068,რუსული რუბლი,3/25/2022,3/26/2022
USD,1,3.2234,0.0138,აშშ დოლარი,3/25/2022,3/26/2022
CNY,10,5.0808,0.0015,ჩინური იუანი,3/24/2022,3/25/2022
RUB,100,3.3649,0.2245,რუსული რუბლი,3/24/2022,3/25/2022
USD,1,3.2372,0.0013,აშშ დოლარი,3/24/2022,3/25/2022
CNY,10,5.0823,0.0008,ჩინური იუანი,3/23/2022,3/24/2022
RUB,100,3.1404,0.0450,რუსული რუბლი,3/23/2022,3/24/2022
USD,1,3.2385,0.0037,აშშ დოლარი,3/23/2022,3/24/2022
CNY,10,5.0831,0.0141,ჩინური იუანი,3/22/2022,3/23/2022
RUB,100,3.0954,0.0276,რუსული რუბლი,3/22/2022,3/23/2022
USD,1,3.2348,0.0129,აშშ დოლარი,3/22/2022,3/23/2022
CNY,10,5.0690,0.0252,ჩინური იუანი,3/21/2022,3/22/2022
RUB,100,3.0678,0.0617,რუსული რუბლი,3/21/2022,3/22/2022
USD,1,3.2219,0.0123,აშშ დოლარი,3/21/2022,3/22/2022
CNY,10,5.0438,0.0274,ჩინური იუანი,3/18/2022,3/19/2022
RUB,100,3.1295,0.0547,რუსული რუბლი,3/18/2022,3/19/2022
USD,1,3.2096,0.0113,აშშ დოლარი,3/18/2022,3/19/2022
CNY,10,5.0712,0.0098,ჩინური იუანი,3/17/2022,3/18/2022
RUB,100,3.0748,0.1321,რუსული რუბლი,3/17/2022,3/18/2022
USD,1,3.2209,0.0065,აშშ დოლარი,3/17/2022,3/18/2022
CNY,10,5.0810,0.0335,ჩინური იუანი,3/16/2022,3/17/2022
RUB,100,3.2069,0.3556,რუსული რუბლი,3/16/2022,3/17/2022
USD,1,3.2274,0.0096,აშშ დოლარი,3/16/2022,3/17/2022
CNY,10,5.0475,0.0316,ჩინური იუანი,3/15/2022,3/16/2022
RUB,100,2.8513,0.1068,რუსული რუბლი,3/15/2022,3/16/2022
USD,1,3.2178,0.0144,აშშ დოლარი,3/15/2022,3/16/2022
CNY,10,5.0791,0.0201,ჩინური იუანი,3/14/2022,3/15/2022
RUB,100,2.7445,0.2560,რუსული რუბლი,3/14/2022,3/15/2022
USD,1,3.2322,0.0014,აშშ დოლარი,3/14/2022,3/15/2022
CNY,10,5.0992,0.1495,ჩინური იუანი,3/11/2022,3/12/2022
RUB,100,2.4885,0.1160,რუსული რუბლი,3/11/2022,3/12/2022
USD,1,3.2308,0.0881,აშშ დოლარი,3/11/2022,3/12/2022
CNY,10,5.2487,0.1382,ჩინური იუანი,3/10/2022,3/11/2022
RUB,100,2.6045,0.1649,რუსული რუბლი,3/10/2022,3/11/2022
USD,1,3.3189,0.0830,აშშ დოლარი,3/10/2022,3/11/2022
CNY,10,5.3869,0.0087,ჩინური იუანი,3/9/2022,3/10/2022
RUB,100,2.4396,0.0245,რუსული რუბლი,3/9/2022,3/10/2022
USD,1,3.4019,0.0028,აშშ დოლარი,3/9/2022,3/10/2022
CNY,10,5.3782,0.1941,ჩინური იუანი,3/7/2022,3/8/2022
RUB,100,2.4641,0.4652,რუსული რუბლი,3/7/2022,3/8/2022
USD,1,3.3991,0.1247,აშშ დოლარი,3/7/2022,3/8/2022
CNY,10,5.1841,0.0514,ჩინური იუანი,3/4/2022,3/5/2022
RUB,100,2.9293,0.0104,რუსული რუბლი,3/4/2022,3/5/2022
USD,1,3.2744,0.0325,აშშ დოლარი,3/4/2022,3/5/2022
CNY,10,5.1327,0.0248,ჩინური იუანი,3/2/2022,3/3/2022
RUB,100,2.9189,0.2170,რუსული რუბლი,3/2/2022,3/3/2022
USD,1,3.2419,0.0175,აშშ დოლარი,3/2/2022,3/3/2022
CNY,10,5.1079,0.0259,ჩინური იუანი,3/1/2022,3/2/2022
RUB,100,3.1359,0.0665,რუსული რუბლი,3/1/2022,3/2/2022
USD,1,3.2244,0.0190,აშშ დოლარი,3/1/2022,3/2/2022
CNY,10,5.0820,0.0882,ჩინური იუანი,2/28/2022,3/1/2022
RUB,100,3.2024,0.5392,რუსული რუბლი,2/28/2022,3/1/2022
USD,1,3.2054,0.0514,აშშ დოლარი,2/28/2022,3/1/2022
CNY,10,4.9938,0.0397,ჩინური იუანი,2/25/2022,2/26/2022
RUB,100,3.7416,0.0192,რუსული რუბლი,2/25/2022,2/26/2022
USD,1,3.1540,0.0209,აშშ დოლარი,2/25/2022,2/26/2022
CNY,10,4.9541,0.1798,ჩინური იუანი,2/24/2022,2/25/2022
RUB,100,3.7224,0.0695,რუსული რუბლი,2/24/2022,2/25/2022
USD,1,3.1331,0.1169,აშშ დოლარი,2/24/2022,2/25/2022
CNY,10,4.7743,0.0316,ჩინური იუანი,2/23/2022,2/24/2022
RUB,100,3.7919,0.0212,რუსული რუბლი,2/23/2022,2/24/2022
USD,1,3.0162,0.0132,აშშ დოლარი,2/23/2022,2/24/2022
CNY,10,4.7427,0.0427,ჩინური იუანი,2/22/2022,2/23/2022
RUB,100,3.8131,0.0501,რუსული რუბლი,2/22/2022,2/23/2022
USD,1,3.0030,0.0261,აშშ დოლარი,2/22/2022,2/23/2022
CNY,10,4.7000,0.0056,ჩინური იუანი,2/21/2022,2/22/2022
RUB,100,3.8632,0.0682,რუსული რუბლი,2/21/2022,2/22/2022
USD,1,2.9769,0.0009,აშშ დოლარი,2/21/2022,2/22/2022
CNY,10,4.7056,0.0284,ჩინური იუანი,2/18/2022,2/19/2022
RUB,100,3.9314,0.0289,რუსული რუბლი,2/18/2022,2/19/2022
USD,1,2.9778,0.0230,აშშ დოლარი,2/18/2022,2/19/2022
CNY,10,4.7340,0.0119,ჩინური იუანი,2/17/2022,2/18/2022
RUB,100,3.9603,0.0274,რუსული რუბლი,2/17/2022,2/18/2022
USD,1,3.0008,0.0074,აშშ დოლარი,2/17/2022,2/18/2022
CNY,10,4.7221,0.0445,ჩინური იუანი,2/16/2022,2/17/2022
RUB,100,3.9877,0.0093,რუსული რუბლი,2/16/2022,2/17/2022
USD,1,2.9934,0.0342,აშშ დოლარი,2/16/2022,2/17/2022
CNY,10,4.7666,0.0983,ჩინური იუანი,2/15/2022,2/16/2022
RUB,100,3.9970,0.1248,რუსული რუბლი,2/15/2022,2/16/2022
USD,1,3.0276,0.0589,აშშ დოლარი,2/15/2022,2/16/2022
CNY,10,4.6683,0.0283,ჩინური იუანი,2/14/2022,2/15/2022
RUB,100,3.8722,0.0617,რუსული რუბლი,2/14/2022,2/15/2022
USD,1,2.9687,0.0181,აშშ დოლარი,2/14/2022,2/15/2022
CNY,10,4.6400,0.0067,ჩინური იუანი,2/11/2022,2/12/2022
RUB,100,3.9339,0.0174,რუსული რუბლი,2/11/2022,2/12/2022
USD,1,2.9506,0.0038,აშშ დოლარი,2/11/2022,2/12/2022
CNY,10,4.6400,0.0067,ჩინური იუანი,2/11/2022,2/12/2022
RUB,100,3.9339,0.0174,რუსული რუბლი,2/11/2022,2/12/2022
USD,1,2.9506,0.0038,აშშ დოლარი,2/11/2022,2/12/2022
CNY,10,4.6467,0.0368,ჩინური იუანი,2/10/2022,2/11/2022
RUB,100,3.9513,0.0260,რუსული რუბლი,2/10/2022,2/11/2022
USD,1,2.9544,0.0213,აშშ დოლარი,2/10/2022,2/11/2022
CNY,10,4.6099,0.0227,ჩინური იუანი,2/9/2022,2/10/2022
RUB,100,3.9253,0.0427,რუსული რუბლი,2/9/2022,2/10/2022
USD,1,2.9331,0.0131,აშშ დოლარი,2/9/2022,2/10/2022
CNY,10,4.5872,0.0477,ჩინური იუანი,2/8/2022,2/9/2022
RUB,100,3.8826,0.0253,რუსული რუბლი,2/8/2022,2/9/2022
USD,1,2.9200,0.0280,აშშ დოლარი,2/8/2022,2/9/2022
CNY,10,4.6349,0.0603,ჩინური იუანი,2/7/2022,2/8/2022
RUB,100,3.9079,0.0288,რუსული რუბლი,2/7/2022,2/8/2022
USD,1,2.9480,0.0387,აშშ დოლარი,2/7/2022,2/8/2022
CNY,10,4.6952,0.0490,ჩინური იუანი,2/4/2022,2/5/2022
RUB,100,3.9367,0.0068,რუსული რუბლი,2/4/2022,2/5/2022
USD,1,2.9867,0.0312,აშშ დოლარი,2/4/2022,2/5/2022
CNY,10,4.7442,0.0169,ჩინური იუანი,2/3/2022,2/4/2022
RUB,100,3.9435,0.0353,რუსული რუბლი,2/3/2022,2/4/2022
USD,1,3.0179,0.0107,აშშ დოლარი,2/3/2022,2/4/2022
CNY,10,4.7611,0.0259,ჩინური იუანი,2/2/2022,2/3/2022
RUB,100,3.9788,0.0154,რუსული რუბლი,2/2/2022,2/3/2022
USD,1,3.0286,0.0165,აშშ დოლარი,2/2/2022,2/3/2022
CNY,10,4.7870,0.0105,ჩინური იუანი,2/1/2022,2/2/2022
RUB,100,3.9634,0.0322,რუსული რუბლი,2/1/2022,2/2/2022
USD,1,3.0451,0.0067,აშშ დოლარი,2/1/2022,2/2/2022
CNY,10,4.7975,0.0005,ჩინური იუანი,1/31/2022,2/1/2022
RUB,100,3.9312,0.0152,რუსული რუბლი,1/31/2022,2/1/2022
USD,1,3.0518,0.0003,აშშ დოლარი,1/31/2022,2/1/2022
CNY,10,4.7980,0.0169,ჩინური იუანი,1/28/2022,1/29/2022
RUB,100,3.9160,0.0092,რუსული რუბლი,1/28/2022,1/29/2022
USD,1,3.0521,0.0116,აშშ დოლარი,1/28/2022,1/29/2022
CNY,10,4.8149,0.0404,ჩინური იუანი,1/27/2022,1/28/2022
RUB,100,3.9068,0.0309,რუსული რუბლი,1/27/2022,1/28/2022
USD,1,3.0637,0.0059,აშშ დოლარი,1/27/2022,1/28/2022
CNY,10,4.8553,0.0021,ჩინური იუანი,1/26/2022,1/27/2022
RUB,100,3.8759,0.0322,რუსული რუბლი,1/26/2022,1/27/2022
USD,1,3.0696,0.0024,აშშ დოლარი,1/26/2022,1/27/2022
CNY,10,4.8532,0.0091,ჩინური იუანი,1/25/2022,1/26/2022
RUB,100,3.9081,0.0068,რუსული რუბლი,1/25/2022,1/26/2022
USD,1,3.0720,0.0043,აშშ დოლარი,1/25/2022,1/26/2022
CNY,10,4.8623,0.0057,ჩინური იუანი,1/24/2022,1/25/2022
RUB,100,3.9149,0.1110,რუსული რუბლი,1/24/2022,1/25/2022
USD,1,3.0763,0.0031,აშშ დოლარი,1/24/2022,1/25/2022
CNY,10,4.8566,0.0012,ჩინური იუანი,1/21/2022,1/22/2022
RUB,100,4.0259,0.0046,რუსული რუბლი,1/21/2022,1/22/2022
USD,1,3.0794,0.0031,აშშ დოლარი,1/21/2022,1/22/2022
CNY,10,4.8578,0.0030,ჩინური იუანი,1/20/2022,1/21/2022
RUB,100,4.0305,0.0066,რუსული რუბლი,1/20/2022,1/21/2022
USD,1,3.0825,0.0015,აშშ დოლარი,1/20/2022,1/21/2022
CNY,10,4.8548,0.0010,ჩინური იუანი,1/18/2022,1/19/2022
RUB,100,4.0371,0.0158,რუსული რუბლი,1/18/2022,1/19/2022
USD,1,3.0840,0.0029,აშშ დოლარი,1/18/2022,1/19/2022
CNY,10,4.8538,0.0083,ჩინური იუანი,1/17/2022,1/18/2022
RUB,100,4.0213,0.0221,რუსული რუბლი,1/17/2022,1/18/2022
USD,1,3.0811,0.0036,აშშ დოლარი,1/17/2022,1/18/2022
CNY,10,4.8455,0.0071,ჩინური იუანი,1/14/2022,1/15/2022
RUB,100,4.0434,0.0923,რუსული რუბლი,1/14/2022,1/15/2022
USD,1,3.0775,0.0091,აშშ დოლარი,1/14/2022,1/15/2022
CNY,10,4.8526,0.0023,ჩინური იუანი,1/13/2022,1/14/2022
RUB,100,4.1357,0.0050,რუსული რუბლი,1/13/2022,1/14/2022
USD,1,3.0866,0.0009,აშშ დოლარი,1/13/2022,1/14/2022
CNY,10,4.8503,0.0034,ჩინური იუანი,1/12/2022,1/13/2022
RUB,100,4.1407,0.0171,რუსული რუბლი,1/12/2022,1/13/2022
USD,1,3.0875,0.0018,აშშ დოლარი,1/12/2022,1/13/2022
CNY,10,4.8469,0.0015,ჩინური იუანი,1/11/2022,1/12/2022
RUB,100,4.1236,0.0056,რუსული რუბლი,1/11/2022,1/12/2022
USD,1,3.0893,0.0007,აშშ დოლარი,1/11/2022,1/12/2022
CNY,10,4.8484,0.0049,ჩინური იუანი,1/10/2022,1/11/2022
RUB,100,4.1180,0.0564,რუსული რუბლი,1/10/2022,1/11/2022
USD,1,3.0900,0.0010,აშშ დოლარი,1/10/2022,1/11/2022
CNY,10,4.8435,0.0186,ჩინური იუანი,1/6/2022,1/7/2022
RUB,100,4.0616,0.0260,რუსული რუბლი,1/6/2022,1/7/2022
USD,1,3.0890,0.0074,აშშ დოლარი,1/6/2022,1/7/2022
CNY,10,4.8621,0.0169,ჩინური იუანი,1/5/2022,1/6/2022
RUB,100,4.0876,0.0333,რუსული რუბლი,1/5/2022,1/6/2022
USD,1,3.0964,0.0081,აშშ დოლარი,1/5/2022,1/6/2022
CNY,10,4.8452,0.0142,ჩინური იუანი,1/4/2022,1/5/2022
RUB,100,4.1209,0.0367,რუსული რუბლი,1/4/2022,1/5/2022
USD,1,3.0883,0.0004,აშშ დოლარი,1/4/2022,1/5/2022
CNY,10,4.8594,0.0082,ჩინური იუანი,1/3/2022,1/4/2022
RUB,100,4.1576,0.0340,რუსული რუბლი,1/3/2022,1/4/2022
USD,1,3.0887,0.0005,აშშ დოლარი,1/3/2022,1/4/2022
CNY,10,4.8676,0.0084,ჩინური იუანი,12/31/2021,1/1/2022
RUB,100,4.1236,0.0243,რუსული რუბლი,12/31/2021,1/1/2022
USD,1,3.0892,0.0084,აშშ დოლარი,12/31/2021,1/1/2022
CNY,10,4.8592,0.0022,ჩინური იუანი,12/30/2021,12/31/2021
RUB,100,4.1479,0.0493,რუსული რუბლი,12/30/2021,12/31/2021
USD,1,3.0976,0.0015,აშშ დოლარი,12/30/2021,12/31/2021
CNY,10,4.8614,0.0102,ჩინური იუანი,12/29/2021,12/30/2021
RUB,100,4.1972,0.0014,რუსული რუბლი,12/29/2021,12/30/2021
USD,1,3.0961,0.0062,აშშ დოლარი,12/29/2021,12/30/2021
CNY,10,4.8512,0.0200,ჩინური იუანი,12/28/2021,12/29/2021
RUB,100,4.1986,0.0096,რუსული რუბლი,12/28/2021,12/29/2021
USD,1,3.0899,0.0110,აშშ დოლარი,12/28/2021,12/29/2021
CNY,10,4.8312,0.0013,ჩინური იუანი,12/27/2021,12/28/2021
RUB,100,4.1890,0.0029,რუსული რუბლი,12/27/2021,12/28/2021
USD,1,3.0789,0.0015,აშშ დოლარი,12/27/2021,12/28/2021
CNY,10,4.8325,0.0153,ჩინური იუანი,12/24/2021,12/25/2021
RUB,100,4.1919,0.0166,რუსული რუბლი,12/24/2021,12/25/2021
USD,1,3.0774,0.0104,აშშ დოლარი,12/24/2021,12/25/2021
CNY,10,4.8478,0.0079,ჩინური იუანი,12/23/2021,12/24/2021
RUB,100,4.2085,0.0123,რუსული რუბლი,12/23/2021,12/24/2021
USD,1,3.0878,0.0061,აშშ დოლარი,12/23/2021,12/24/2021
CNY,10,4.8557,0.0039,ჩინური იუანი,12/22/2021,12/23/2021
RUB,100,4.1962,0.0100,რუსული რუბლი,12/22/2021,12/23/2021
USD,1,3.0939,0.0019,აშშ დოლარი,12/22/2021,12/23/2021
CNY,10,4.8596,0.0110,ჩინური იუანი,12/21/2021,12/22/2021
RUB,100,4.1862,0.0246,რუსული რუბლი,12/21/2021,12/22/2021
USD,1,3.0958,0.0044,აშშ დოლარი,12/21/2021,12/22/2021
CNY,10,4.8486,0.0094,ჩინური იუანი,12/20/2021,12/21/2021
RUB,100,4.1616,0.0211,რუსული რუბლი,12/20/2021,12/21/2021
USD,1,3.0914,0.0030,აშშ დოლარი,12/20/2021,12/21/2021
CNY,10,4.8392,0.0242,ჩინური იუანი,12/17/2021,12/18/2021
RUB,100,4.1827,0.0313,რუსული რუბლი,12/17/2021,12/18/2021
USD,1,3.0884,0.0088,აშშ დოლარი,12/17/2021,12/18/2021
CNY,10,4.8634,0.0001,ჩინური იუანი,12/16/2021,12/17/2021
RUB,100,4.2140,0.0198,რუსული რუბლი,12/16/2021,12/17/2021
USD,1,3.0972,0.0015,აშშ დოლარი,12/16/2021,12/17/2021
CNY,10,4.8634,0.0001,ჩინური იუანი,12/16/2021,12/17/2021
RUB,100,4.2140,0.0198,რუსული რუბლი,12/16/2021,12/17/2021
USD,1,3.0972,0.0015,აშშ დოლარი,12/16/2021,12/17/2021
CNY,10,4.8633,0.0055,ჩინური იუანი,12/15/2021,12/16/2021
RUB,100,4.1942,0.0152,რუსული რუბლი,12/15/2021,12/16/2021
USD,1,3.0957,0.0021,აშშ დოლარი,12/15/2021,12/16/2021
CNY,10,4.8688,0.0030,ჩინური იუანი,12/14/2021,12/15/2021
RUB,100,4.2094,0.0140,რუსული რუბლი,12/14/2021,12/15/2021
USD,1,3.0978,0.0024,აშშ დოლარი,12/14/2021,12/15/2021
CNY,10,4.8718,0.0039,ჩინური იუანი,12/13/2021,12/14/2021
RUB,100,4.2234,0.0051,რუსული რუბლი,12/13/2021,12/14/2021
USD,1,3.1002,0.0002,აშშ დოლარი,12/13/2021,12/14/2021
CNY,10,4.8679,0.0377,ჩინური იუანი,12/10/2021,12/11/2021
RUB,100,4.2183,0.0074,რუსული რუბლი,12/10/2021,12/11/2021
USD,1,3.1004,0.0136,აშშ დოლარი,12/10/2021,12/11/2021
CNY,10,4.9056,0.0241,ჩინური იუანი,12/9/2021,12/10/2021
RUB,100,4.2257,0.0207,რუსული რუბლი,12/9/2021,12/10/2021
USD,1,3.1140,0.0149,აშშ დოლარი,12/9/2021,12/10/2021
CNY,10,4.8815,0.0272,ჩინური იუანი,12/8/2021,12/9/2021
RUB,100,4.2050,0.0489,რუსული რუბლი,12/8/2021,12/9/2021
USD,1,3.0991,0.0082,აშშ დოლარი,12/8/2021,12/9/2021
CNY,10,4.8543,0.0012,ჩინური იუანი,12/7/2021,12/8/2021
RUB,100,4.1561,0.0394,რუსული რუბლი,12/7/2021,12/8/2021
USD,1,3.0909,0.0058,აშშ დოლარი,12/7/2021,12/8/2021
CNY,10,4.8555,0.0435,ჩინური იუანი,12/6/2021,12/7/2021
RUB,100,4.1955,0.0426,რუსული რუბლი,12/6/2021,12/7/2021
USD,1,3.0967,0.0243,აშშ დოლარი,12/6/2021,12/7/2021
CNY,10,4.8990,0.0081,ჩინური იუანი,12/3/2021,12/4/2021
RUB,100,4.2381,0.0064,რუსული რუბლი,12/3/2021,12/4/2021
USD,1,3.1210,0.0073,აშშ დოლარი,12/3/2021,12/4/2021
CNY,10,4.9071,0.0025,ჩინური იუანი,12/2/2021,12/3/2021
RUB,100,4.2317,0.0027,რუსული რუბლი,12/2/2021,12/3/2021
USD,1,3.1283,0.0004,აშშ დოლარი,12/2/2021,12/3/2021
CNY,10,4.9096,0.0153,ჩინური იუანი,12/1/2021,12/2/2021
RUB,100,4.2290,0.0630,რუსული რუბლი,12/1/2021,12/2/2021
USD,1,3.1279,0.0100,აშშ დოლარი,12/1/2021,12/2/2021
CNY,10,4.8943,0.0576,ჩინური იუანი,11/30/2021,12/1/2021
RUB,100,4.1660,0.0460,რუსული რუბლი,11/30/2021,12/1/2021
USD,1,3.1179,0.0312,აშშ დოლარი,11/30/2021,12/1/2021
CNY,10,4.8367,0.0104,ჩინური იუანი,11/29/2021,11/30/2021
RUB,100,4.1200,0.0152,რუსული რუბლი,11/29/2021,11/30/2021
USD,1,3.0867,0.0100,აშშ დოლარი,11/29/2021,11/30/2021
CNY,10,4.8471,0.0269,ჩინური იუანი,11/26/2021,11/27/2021
RUB,100,4.1048,0.0684,რუსული რუბლი,11/26/2021,11/27/2021
USD,1,3.0967,0.0162,აშშ დოლარი,11/26/2021,11/27/2021
CNY,10,4.8740,0.0028,ჩინური იუანი,11/25/2021,11/26/2021
RUB,100,4.1732,0.0020,რუსული რუბლი,11/25/2021,11/26/2021
USD,1,3.1129,0.0024,აშშ დოლარი,11/25/2021,11/26/2021
CNY,10,4.8768,0.0032,ჩინური იუანი,11/24/2021,11/25/2021
RUB,100,4.1752,0.0186,რუსული რუბლი,11/24/2021,11/25/2021
USD,1,3.1153,0.0019,აშშ დოლარი,11/24/2021,11/25/2021
CNY,10,4.8800,0.0092,ჩინური იუანი,11/22/2021,11/23/2021
RUB,100,4.1938,0.0466,რუსული რუბლი,11/22/2021,11/23/2021
USD,1,3.1134,0.0014,აშშ დოლარი,11/22/2021,11/23/2021
CNY,10,4.8708,0.0329,ჩინური იუანი,11/19/2021,11/20/2021
RUB,100,4.2404,0.0569,რუსული რუბლი,11/19/2021,11/20/2021
USD,1,3.1120,0.0183,აშშ დოლარი,11/19/2021,11/20/2021
CNY,10,4.9037,0.0228,ჩინური იუანი,11/18/2021,11/19/2021
RUB,100,4.2973,0.0211,რუსული რუბლი,11/18/2021,11/19/2021
USD,1,3.1303,0.0132,აშშ დოლარი,11/18/2021,11/19/2021
CNY,10,4.9265,0.0044,ჩინური იუანი,11/17/2021,11/18/2021
RUB,100,4.3184,0.0122,რუსული რუბლი,11/17/2021,11/18/2021
USD,1,3.1435,0.0054,აშშ დოლარი,11/17/2021,11/18/2021
CNY,10,4.9309,0.0104,ჩინური იუანი,11/16/2021,11/17/2021
RUB,100,4.3306,0.0347,რუსული რუბლი,11/16/2021,11/17/2021
USD,1,3.1489,0.0061,აშშ დოლარი,11/16/2021,11/17/2021
CNY,10,4.9413,0.0063,ჩინური იუანი,11/15/2021,11/16/2021
RUB,100,4.3653,0.0043,რუსული რუბლი,11/15/2021,11/16/2021
USD,1,3.1550,0.0057,აშშ დოლარი,11/15/2021,11/16/2021
CNY,10,4.9350,0.0148,ჩინური იუანი,11/12/2021,11/13/2021
RUB,100,4.3610,0.0631,რუსული რუბლი,11/12/2021,11/13/2021
USD,1,3.1493,0.0001,აშშ დოლარი,11/12/2021,11/13/2021
CNY,10,4.9202,0.0127,ჩინური იუანი,11/11/2021,11/12/2021
RUB,100,4.4241,0.0298,რუსული რუბლი,11/11/2021,11/12/2021
USD,1,3.1492,0.0031,აშშ დოლარი,11/11/2021,11/12/2021
CNY,10,4.9329,0.0071,ჩინური იუანი,11/10/2021,11/11/2021
RUB,100,4.4539,0.0071,რუსული რუბლი,11/10/2021,11/11/2021
USD,1,3.1523,0.0048,აშშ დოლარი,11/10/2021,11/11/2021
CNY,10,4.9400,0.0036,ჩინური იუანი,11/9/2021,11/10/2021
RUB,100,4.4468,0.0192,რუსული რუბლი,11/9/2021,11/10/2021
USD,1,3.1571,0.0051,აშშ დოლარი,11/9/2021,11/10/2021
CNY,10,4.9436,0.0032,ჩინური იუანი,11/8/2021,11/9/2021
RUB,100,4.4276,0.0098,რუსული რუბლი,11/8/2021,11/9/2021
USD,1,3.1622,0.0015,აშშ დოლარი,11/8/2021,11/9/2021
CNY,10,4.9404,0.0032,ჩინური იუანი,11/5/2021,11/6/2021
RUB,100,4.4178,0.0038,რუსული რუბლი,11/5/2021,11/6/2021
USD,1,3.1637,0.0006,აშშ დოლარი,11/5/2021,11/6/2021
CNY,10,4.9436,0.0063,ჩინური იუანი,11/4/2021,11/5/2021
RUB,100,4.4140,0.0235,რუსული რუბლი,11/4/2021,11/5/2021
USD,1,3.1631,0.0055,აშშ დოლარი,11/4/2021,11/5/2021
CNY,10,4.9373,0.0139,ჩინური იუანი,11/3/2021,11/4/2021
RUB,100,4.3905,0.0210,რუსული რუბლი,11/3/2021,11/4/2021
USD,1,3.1576,0.0102,აშშ დოლარი,11/3/2021,11/4/2021
CNY,10,4.9512,0.0022,ჩინური იუანი,11/2/2021,11/3/2021
RUB,100,4.4115,0.0603,რუსული რუბლი,11/2/2021,11/3/2021
USD,1,3.1678,0.0012,აშშ დოლარი,11/2/2021,11/3/2021
CNY,10,4.9534,0.0131,ჩინური იუანი,11/1/2021,11/2/2021
RUB,100,4.4718,0.0004,რუსული რუბლი,11/1/2021,11/2/2021
USD,1,3.1690,0.0089,აშშ დოლარი,11/1/2021,11/2/2021
CNY,10,4.9403,0.0026,ჩინური იუანი,10/29/2021,10/30/2021
RUB,100,4.4714,0.0148,რუსული რუბლი,10/29/2021,10/30/2021
USD,1,3.1601,0.0022,აშშ დოლარი,10/29/2021,10/30/2021
CNY,10,4.9429,0.0073,ჩინური იუანი,10/28/2021,10/29/2021
RUB,100,4.4862,0.0053,რუსული რუბლი,10/28/2021,10/29/2021
USD,1,3.1623,0.0066,აშშ დოლარი,10/28/2021,10/29/2021
CNY,10,4.9356,0.0102,ჩინური იუანი,10/27/2021,10/28/2021
RUB,100,4.4915,0.0372,რუსული რუბლი,10/27/2021,10/28/2021
USD,1,3.1557,0.0129,აშშ დოლარი,10/27/2021,10/28/2021
CNY,10,4.9254,0.0088,ჩინური იუანი,10/26/2021,10/27/2021
RUB,100,4.5287,0.0366,რუსული რუბლი,10/26/2021,10/27/2021
USD,1,3.1428,0.0027,აშშ დოლარი,10/26/2021,10/27/2021
CNY,10,4.9166,0.0003,ჩინური იუანი,10/25/2021,10/26/2021
RUB,100,4.4921,0.0157,რუსული რუბლი,10/25/2021,10/26/2021
USD,1,3.1401,0.0001,აშშ დოლარი,10/25/2021,10/26/2021
CNY,10,4.9169,0.0072,ჩინური იუანი,10/22/2021,10/23/2021
RUB,100,4.4764,0.0600,რუსული რუბლი,10/22/2021,10/23/2021
USD,1,3.1400,0.0010,აშშ დოლარი,10/22/2021,10/23/2021
CNY,10,4.9097,0.0025,ჩინური იუანი,10/21/2021,10/22/2021
RUB,100,4.4164,0.0088,რუსული რუბლი,10/21/2021,10/22/2021
USD,1,3.1410,0.0001,აშშ დოლარი,10/21/2021,10/22/2021
CNY,10,4.9122,0.0018,ჩინური იუანი,10/20/2021,10/21/2021
RUB,100,4.4252,0.0012,რუსული რუბლი,10/20/2021,10/21/2021
USD,1,3.1411,0.0042,აშშ დოლარი,10/20/2021,10/21/2021
CNY,10,4.9104,0.0367,ჩინური იუანი,10/19/2021,10/20/2021
RUB,100,4.4264,0.0283,რუსული რუბლი,10/19/2021,10/20/2021
USD,1,3.1369,0.0025,აშშ დოლარი,10/19/2021,10/20/2021
CNY,10,4.8737,0.0047,ჩინური იუანი,10/18/2021,10/19/2021
RUB,100,4.3981,0.0094,რუსული რუბლი,10/18/2021,10/19/2021
USD,1,3.1344,0.0039,აშშ დოლარი,10/18/2021,10/19/2021
CNY,10,4.8784,0.0081,ჩინური იუანი,10/15/2021,10/16/2021
RUB,100,4.4075,0.0386,რუსული რუბლი,10/15/2021,10/16/2021
USD,1,3.1383,0.0000,აშშ დოლარი,10/15/2021,10/16/2021
CNY,10,4.8703,0.0124,ჩინური იუანი,10/13/2021,10/14/2021
RUB,100,4.3689,0.0078,რუსული რუბლი,10/13/2021,10/14/2021
USD,1,3.1383,0.0054,აშშ დოლარი,10/13/2021,10/14/2021
CNY,10,4.8579,0.0047,ჩინური იუანი,10/12/2021,10/13/2021
RUB,100,4.3611,0.0077,რუსული რუბლი,10/12/2021,10/13/2021
USD,1,3.1329,0.0029,აშშ დოლარი,10/12/2021,10/13/2021
CNY,10,4.8532,0.0015,ჩინური იუანი,10/11/2021,10/12/2021
RUB,100,4.3688,0.0235,რუსული რუბლი,10/11/2021,10/12/2021
USD,1,3.1300,0.0002,აშშ დოლარი,10/11/2021,10/12/2021
CNY,10,4.8547,0.0250,ჩინური იუანი,10/8/2021,10/9/2021
RUB,100,4.3453,0.0139,რუსული რუბლი,10/8/2021,10/9/2021
USD,1,3.1298,0.0151,აშშ დოლარი,10/8/2021,10/9/2021
CNY,10,4.8797,0.0055,ჩინური იუანი,10/7/2021,10/8/2021
RUB,100,4.3592,0.0243,რუსული რუბლი,10/7/2021,10/8/2021
USD,1,3.1449,0.0035,აშშ დოლარი,10/7/2021,10/8/2021
CNY,10,4.8852,0.0079,ჩინური იუანი,10/6/2021,10/7/2021
RUB,100,4.3349,0.0063,რუსული რუბლი,10/6/2021,10/7/2021
USD,1,3.1484,0.0051,აშშ დოლარი,10/6/2021,10/7/2021
CNY,10,4.8773,0.0034,ჩინური იუანი,10/5/2021,10/6/2021
RUB,100,4.3286,0.0239,რუსული რუბლი,10/5/2021,10/6/2021
USD,1,3.1433,0.0022,აშშ დოლარი,10/5/2021,10/6/2021
CNY,10,4.8739,0.0103,ჩინური იუანი,10/4/2021,10/5/2021
RUB,100,4.3047,0.0222,რუსული რუბლი,10/4/2021,10/5/2021
USD,1,3.1411,0.0066,აშშ დოლარი,10/4/2021,10/5/2021
CNY,10,4.8636,0.0383,ჩინური იუანი,10/1/2021,10/2/2021
RUB,100,4.2825,0.0004,რუსული რუბლი,10/1/2021,10/2/2021
USD,1,3.1345,0.0156,აშშ დოლარი,10/1/2021,10/2/2021
CNY,10,4.8253,0.0046,ჩინური იუანი,9/30/2021,10/1/2021
RUB,100,4.2829,0.0095,რუსული რუბლი,9/30/2021,10/1/2021
USD,1,3.1189,0.0039,აშშ დოლარი,9/30/2021,10/1/2021
CNY,10,4.8299,0.0005,ჩინური იუანი,9/29/2021,9/30/2021
RUB,100,4.2924,0.0029,რუსული რუბლი,9/29/2021,9/30/2021
USD,1,3.1228,0.0021,აშშ დოლარი,9/29/2021,9/30/2021
CNY,10,4.8304,0.0067,ჩინური იუანი,9/28/2021,9/29/2021
RUB,100,4.2953,0.0034,რუსული რუბლი,9/28/2021,9/29/2021
USD,1,3.1207,0.0035,აშშ დოლარი,9/28/2021,9/29/2021
CNY,10,4.8237,0.0014,ჩინური იუანი,9/27/2021,9/28/2021
RUB,100,4.2919,0.0154,რუსული რუბლი,9/27/2021,9/28/2021
USD,1,3.1172,0.0009,აშშ დოლარი,9/27/2021,9/28/2021
CNY,10,4.8223,0.0058,ჩინური იუანი,9/24/2021,9/25/2021
RUB,100,4.2765,0.0107,რუსული რუბლი,9/24/2021,9/25/2021
USD,1,3.1181,0.0002,აშშ დოლარი,9/24/2021,9/25/2021
CNY,10,4.8281,0.0104,ჩინური იუანი,9/23/2021,9/24/2021
RUB,100,4.2872,0.0058,რუსული რუბლი,9/23/2021,9/24/2021
USD,1,3.1179,0.0024,აშშ დოლარი,9/23/2021,9/24/2021
CNY,10,4.8177,0.0017,ჩინური იუანი,9/22/2021,9/23/2021
RUB,100,4.2814,0.0280,რუსული რუბლი,9/22/2021,9/23/2021
USD,1,3.1155,0.0008,აშშ დოლარი,9/22/2021,9/23/2021
CNY,10,4.8194,0.0099,ჩინური იუანი,9/21/2021,9/22/2021
RUB,100,4.2534,0.0162,რუსული რუბლი,9/21/2021,9/22/2021
USD,1,3.1163,0.0064,აშშ დოლარი,9/21/2021,9/22/2021
CNY,10,4.8095,0.0099,ჩინური იუანი,9/20/2021,9/21/2021
RUB,100,4.2372,0.0445,რუსული რუბლი,9/20/2021,9/21/2021
USD,1,3.1099,0.0013,აშშ დოლარი,9/20/2021,9/21/2021
CNY,10,4.8194,0.0111,ჩინური იუანი,9/17/2021,9/18/2021
RUB,100,4.2817,0.0139,რუსული რუბლი,9/17/2021,9/18/2021
USD,1,3.1112,0.0029,აშშ დოლარი,9/17/2021,9/18/2021
CNY,10,4.8305,0.0092,ჩინური იუანი,9/16/2021,9/17/2021
RUB,100,4.2956,0.0110,რუსული რუბლი,9/16/2021,9/17/2021
USD,1,3.1141,0.0012,აშშ დოლარი,9/16/2021,9/17/2021
CNY,10,4.8397,0.0088,ჩინური იუანი,9/15/2021,9/16/2021
RUB,100,4.2846,0.0157,რუსული რუბლი,9/15/2021,9/16/2021
USD,1,3.1129,0.0012,აშშ დოლარი,9/15/2021,9/16/2021
CNY,10,4.8309,0.0053,ჩინური იუანი,9/14/2021,9/15/2021
RUB,100,4.2689,0.0018,რუსული რუბლი,9/14/2021,9/15/2021
USD,1,3.1141,0.0011,აშშ დოლარი,9/14/2021,9/15/2021
CNY,10,4.8256,0.0107,ჩინური იუანი,9/13/2021,9/14/2021
RUB,100,4.2671,0.0099,რუსული რუბლი,9/13/2021,9/14/2021
USD,1,3.1152,0.0012,აშშ დოლარი,9/13/2021,9/14/2021
CNY,10,4.8363,0.0095,ჩინური იუანი,9/10/2021,9/11/2021
RUB,100,4.2770,0.0088,რუსული რუბლი,9/10/2021,9/11/2021
USD,1,3.1140,0.0017,აშშ დოლარი,9/10/2021,9/11/2021
CNY,10,4.8268,0.0046,ჩინური იუანი,9/9/2021,9/10/2021
RUB,100,4.2682,0.0225,რუსული რუბლი,9/9/2021,9/10/2021
USD,1,3.1157,0.0014,აშშ დოლარი,9/9/2021,9/10/2021
CNY,10,4.8222,0.0092,ჩინური იუანი,9/8/2021,9/9/2021
RUB,100,4.2457,0.0012,რუსული რუბლი,9/8/2021,9/9/2021
USD,1,3.1143,0.0028,აშშ დოლარი,9/8/2021,9/9/2021
CNY,10,4.8130,0.0084,ჩინური იუანი,9/7/2021,9/8/2021
RUB,100,4.2469,0.0200,რუსული რუბლი,9/7/2021,9/8/2021
USD,1,3.1115,0.0017,აშშ დოლარი,9/7/2021,9/8/2021
CNY,10,4.8214,0.0144,ჩინური იუანი,9/6/2021,9/7/2021
RUB,100,4.2669,0.0186,რუსული რუბლი,9/6/2021,9/7/2021
USD,1,3.1132,0.0064,აშშ დოლარი,9/6/2021,9/7/2021
CNY,10,4.8358,0.0000,ჩინური იუანი,9/6/2021,9/6/2021
RUB,100,4.2855,0.0000,რუსული რუბლი,9/6/2021,9/6/2021
USD,1,3.1196,0.0000,აშშ დოლარი,9/6/2021,9/6/2021
CNY,10,4.8358,0.0000,ჩინური იუანი,9/5/2021,9/5/2021
RUB,100,4.2855,0.0000,რუსული რუბლი,9/5/2021,9/5/2021
USD,1,3.1196,0.0000,აშშ დოლარი,9/5/2021,9/5/2021
CNY,10,4.8358,0.0076,ჩინური იუანი,9/3/2021,9/4/2021
RUB,100,4.2855,0.0015,რუსული რუბლი,9/3/2021,9/4/2021
USD,1,3.1196,0.0013,აშშ დოლარი,9/3/2021,9/4/2021
CNY,10,4.8282,0.0113,ჩინური იუანი,9/2/2021,9/3/2021
RUB,100,4.2840,0.0193,რუსული რუბლი,9/2/2021,9/3/2021
USD,1,3.1183,0.0035,აშშ დოლარი,9/2/2021,9/3/2021
CNY,10,4.8169,0.0034,ჩინური იუანი,9/1/2021,9/2/2021
RUB,100,4.2647,0.0196,რუსული რუბლი,9/1/2021,9/2/2021
USD,1,3.1148,0.0041,აშშ დოლარი,9/1/2021,9/2/2021
CNY,10,4.8135,0.0055,ჩინური იუანი,8/31/2021,9/1/2021
RUB,100,4.2451,0.0070,რუსული რუბლი,8/31/2021,9/1/2021
USD,1,3.1107,0.0063,აშშ დოლარი,8/31/2021,9/1/2021
CNY,10,4.8190,0.0041,ჩინური იუანი,8/30/2021,8/31/2021
RUB,100,4.2381,0.0185,რუსული რუბლი,8/30/2021,8/31/2021
USD,1,3.1170,0.0078,აშშ დოლარი,8/30/2021,8/31/2021
CNY,10,4.8231,0.0000,ჩინური იუანი,8/30/2021,8/30/2021
RUB,100,4.2196,0.0000,რუსული რუბლი,8/30/2021,8/30/2021
USD,1,3.1248,0.0000,აშშ დოლარი,8/30/2021,8/30/2021
CNY,10,4.8231,0.0000,ჩინური იუანი,8/29/2021,8/29/2021
RUB,100,4.2196,0.0000,რუსული რუბლი,8/29/2021,8/29/2021
USD,1,3.1248,0.0000,აშშ დოლარი,8/29/2021,8/29/2021
CNY,10,4.8231,0.0040,ჩინური იუანი,8/27/2021,8/28/2021
RUB,100,4.2196,0.0074,რუსული რუბლი,8/27/2021,8/28/2021
USD,1,3.1248,0.0040,აშშ დოლარი,8/27/2021,8/28/2021
CNY,10,4.8271,0.0063,ჩინური იუანი,8/26/2021,8/27/2021
RUB,100,4.2270,0.0192,რუსული რუბლი,8/26/2021,8/27/2021
USD,1,3.1288,0.0017,აშშ დოლარი,8/26/2021,8/27/2021
CNY,10,4.8334,0.0185,ჩინური იუანი,8/25/2021,8/26/2021
RUB,100,4.2462,0.0269,რუსული რუბლი,8/25/2021,8/26/2021
USD,1,3.1305,0.0114,აშშ დოლარი,8/25/2021,8/26/2021
CNY,10,4.8149,0.0075,ჩინური იუანი,8/24/2021,8/25/2021
RUB,100,4.2193,0.0092,რუსული რუბლი,8/24/2021,8/25/2021
USD,1,3.1191,0.0011,აშშ დოლარი,8/24/2021,8/25/2021
CNY,10,4.8074,0.0022,ჩინური იუანი,8/23/2021,8/24/2021
RUB,100,4.2101,0.0157,რუსული რუბლი,8/23/2021,8/24/2021
USD,1,3.1180,0.0077,აშშ დოლარი,8/23/2021,8/24/2021
CNY,10,4.8096,0.0000,ჩინური იუანი,8/23/2021,8/23/2021
RUB,100,4.1944,0.0000,რუსული რუბლი,8/23/2021,8/23/2021
USD,1,3.1257,0.0000,აშშ დოლარი,8/23/2021,8/23/2021
CNY,10,4.8096,0.0000,ჩინური იუანი,8/22/2021,8/22/2021
RUB,100,4.1944,0.0000,რუსული რუბლი,8/22/2021,8/22/2021
USD,1,3.1257,0.0000,აშშ დოლარი,8/22/2021,8/22/2021
CNY,10,4.8096,0.0166,ჩინური იუანი,8/20/2021,8/21/2021
RUB,100,4.1944,0.0323,რუსული რუბლი,8/20/2021,8/21/2021
USD,1,3.1257,0.0066,აშშ დოლარი,8/20/2021,8/21/2021
CNY,10,4.8262,0.0010,ჩინური იუანი,8/19/2021,8/20/2021
RUB,100,4.2267,0.0194,რუსული რუბლი,8/19/2021,8/20/2021
USD,1,3.1323,0.0040,აშშ დოლარი,8/19/2021,8/20/2021
CNY,10,4.8272,0.0133,ჩინური იუანი,8/18/2021,8/19/2021
RUB,100,4.2461,0.0003,რუსული რუბლი,8/18/2021,8/19/2021
USD,1,3.1283,0.0092,აშშ დოლარი,8/18/2021,8/19/2021
CNY,10,4.8139,0.0009,ჩინური იუანი,8/17/2021,8/18/2021
RUB,100,4.2464,0.0006,რუსული რუბლი,8/17/2021,8/18/2021
USD,1,3.1191,0.0016,აშშ დოლარი,8/17/2021,8/18/2021
CNY,10,4.8148,0.0050,ჩინური იუანი,8/16/2021,8/17/2021
RUB,100,4.2470,0.0064,რუსული რუბლი,8/16/2021,8/17/2021
USD,1,3.1175,0.0063,აშშ დოლარი,8/16/2021,8/17/2021
CNY,10,4.8198,0.0000,ჩინური იუანი,8/16/2021,8/16/2021
RUB,100,4.2534,0.0000,რუსული რუბლი,8/16/2021,8/16/2021
USD,1,3.1238,0.0000,აშშ დოლარი,8/16/2021,8/16/2021
CNY,10,4.8198,0.0000,ჩინური იუანი,8/15/2021,8/15/2021
RUB,100,4.2534,0.0000,რუსული რუბლი,8/15/2021,8/15/2021
USD,1,3.1238,0.0000,აშშ დოლარი,8/15/2021,8/15/2021
CNY,10,4.8198,0.0123,ჩინური იუანი,8/13/2021,8/14/2021
RUB,100,4.2534,0.0165,რუსული რუბლი,8/13/2021,8/14/2021
USD,1,3.1238,0.0100,აშშ დოლარი,8/13/2021,8/14/2021
CNY,10,4.8075,0.0157,ჩინური იუანი,8/12/2021,8/13/2021
RUB,100,4.2369,0.0403,რუსული რუბლი,8/12/2021,8/13/2021
USD,1,3.1138,0.0059,აშშ დოლარი,8/12/2021,8/13/2021
CNY,10,4.7918,0.0019,ჩინური იუანი,8/11/2021,8/12/2021
RUB,100,4.1966,0.0236,რუსული რუბლი,8/11/2021,8/12/2021
USD,1,3.1079,0.0009,აშშ დოლარი,8/11/2021,8/12/2021
CNY,10,4.7937,0.0007,ჩინური იუანი,8/10/2021,8/11/2021
RUB,100,4.2202,0.0068,რუსული რუბლი,8/10/2021,8/11/2021
USD,1,3.1070,0.0020,აშშ დოლარი,8/10/2021,8/11/2021
CNY,10,4.7930,0.0015,ჩინური იუანი,8/9/2021,8/10/2021
RUB,100,4.2270,0.0077,რუსული რუბლი,8/9/2021,8/10/2021
USD,1,3.1050,0.0057,აშშ დოლარი,8/9/2021,8/10/2021
CNY,10,4.7915,0.0000,ჩინური იუანი,8/9/2021,8/9/2021
RUB,100,4.2347,0.0000,რუსული რუბლი,8/9/2021,8/9/2021
USD,1,3.0993,0.0000,აშშ დოლარი,8/9/2021,8/9/2021
CNY,10,4.7915,0.0000,ჩინური იუანი,8/8/2021,8/8/2021
RUB,100,4.2347,0.0000,რუსული რუბლი,8/8/2021,8/8/2021
USD,1,3.0993,0.0000,აშშ დოლარი,8/8/2021,8/8/2021
CNY,10,4.7915,0.0054,ჩინური იუანი,8/6/2021,8/7/2021
RUB,100,4.2347,0.0065,რუსული რუბლი,8/6/2021,8/7/2021
USD,1,3.0993,0.0066,აშშ დოლარი,8/6/2021,8/7/2021
CNY,10,4.7861,0.0150,ჩინური იუანი,8/5/2021,8/6/2021
RUB,100,4.2282,0.0268,რუსული რუბლი,8/5/2021,8/6/2021
USD,1,3.0927,0.0095,აშშ დოლარი,8/5/2021,8/6/2021
CNY,10,4.8011,0.0024,ჩინური იუანი,8/4/2021,8/5/2021
RUB,100,4.2550,0.0083,რუსული რუბლი,8/4/2021,8/5/2021
USD,1,3.1022,0.0026,აშშ დოლარი,8/4/2021,8/5/2021
CNY,10,4.8035,0.0007,ჩინური იუანი,8/3/2021,8/4/2021
RUB,100,4.2633,0.0055,რუსული რუბლი,8/3/2021,8/4/2021
USD,1,3.1048,0.0006,აშშ დოლარი,8/3/2021,8/4/2021
CNY,10,4.8042,0.0308,ჩინური იუანი,8/2/2021,8/3/2021
RUB,100,4.2578,0.0251,რუსული რუბლი,8/2/2021,8/3/2021
USD,1,3.1042,0.0202,აშშ დოლარი,8/2/2021,8/3/2021
CNY,10,4.8350,0.0000,ჩინური იუანი,8/2/2021,8/2/2021
RUB,100,4.2829,0.0000,რუსული რუბლი,8/2/2021,8/2/2021
USD,1,3.1244,0.0000,აშშ დოლარი,8/2/2021,8/2/2021
CNY,10,4.8350,0.0000,ჩინური იუანი,8/1/2021,8/1/2021
RUB,100,4.2829,0.0000,რუსული რუბლი,8/1/2021,8/1/2021
USD,1,3.1244,0.0000,აშშ დოლარი,8/1/2021,8/1/2021
CNY,10,4.8350,0.0045,ჩინური იუანი,7/30/2021,7/31/2021
RUB,100,4.2829,0.0188,რუსული რუბლი,7/30/2021,7/31/2021
USD,1,3.1244,0.0047,აშშ დოლარი,7/30/2021,7/31/2021
CNY,10,4.8305,0.0522,ჩინური იუანი,7/29/2021,7/30/2021
RUB,100,4.2641,0.0406,რუსული რუბლი,7/29/2021,7/30/2021
USD,1,3.1197,0.0145,აშშ დოლარი,7/29/2021,7/30/2021
CNY,10,4.7783,0.0272,ჩინური იუანი,7/28/2021,7/29/2021
RUB,100,4.2235,0.0340,რუსული რუბლი,7/28/2021,7/29/2021
USD,1,3.1052,0.0160,აშშ დოლარი,7/28/2021,7/29/2021
CNY,10,4.7511,0.0042,ჩინური იუანი,7/27/2021,7/28/2021
RUB,100,4.1895,0.0274,რუსული რუბლი,7/27/2021,7/28/2021
USD,1,3.0892,0.0064,აშშ დოლარი,7/27/2021,7/28/2021
CNY,10,4.7553,0.0306,ჩინური იუანი,7/26/2021,7/27/2021
RUB,100,4.1621,0.0517,რუსული რუბლი,7/26/2021,7/27/2021
USD,1,3.0828,0.0172,აშშ დოლარი,7/26/2021,7/27/2021
CNY,10,4.7859,0.0000,ჩინური იუანი,7/26/2021,7/26/2021
RUB,100,4.2138,0.0000,რუსული რუბლი,7/26/2021,7/26/2021
USD,1,3.1000,0.0000,აშშ დოლარი,7/26/2021,7/26/2021
CNY,10,4.7859,0.0000,ჩინური იუანი,7/25/2021,7/25/2021
RUB,100,4.2138,0.0000,რუსული რუბლი,7/25/2021,7/25/2021
USD,1,3.1000,0.0000,აშშ დოლარი,7/25/2021,7/25/2021
CNY,10,4.7859,0.0374,ჩინური იუანი,7/23/2021,7/24/2021
RUB,100,4.2138,0.0127,რუსული რუბლი,7/23/2021,7/24/2021
USD,1,3.1000,0.0191,აშშ დოლარი,7/23/2021,7/24/2021
CNY,10,4.8233,0.0405,ჩინური იუანი,7/22/2021,7/23/2021
RUB,100,4.2265,0.0612,რუსული რუბლი,7/22/2021,7/23/2021
USD,1,3.1191,0.0241,აშშ დოლარი,7/22/2021,7/23/2021
CNY,10,4.7828,0.0038,ჩინური იუანი,7/21/2021,7/22/2021
RUB,100,4.1653,0.0084,რუსული რუბლი,7/21/2021,7/22/2021
USD,1,3.0950,0.0012,აშშ დოლარი,7/21/2021,7/22/2021
CNY,10,4.7790,0.0114,ჩინური იუანი,7/20/2021,7/21/2021
RUB,100,4.1569,0.0098,რუსული რუბლი,7/20/2021,7/21/2021
USD,1,3.0962,0.0114,აშშ დოლარი,7/20/2021,7/21/2021
CNY,10,4.7904,0.0364,ჩინური იუანი,7/19/2021,7/20/2021
RUB,100,4.1667,0.0467,რუსული რუბლი,7/19/2021,7/20/2021
USD,1,3.1076,0.0145,აშშ დოლარი,7/19/2021,7/20/2021
CNY,10,4.8268,0.0000,ჩინური იუანი,7/19/2021,7/19/2021
RUB,100,4.2134,0.0000,რუსული რუბლი,7/19/2021,7/19/2021
USD,1,3.1221,0.0000,აშშ დოლარი,7/19/2021,7/19/2021
CNY,10,4.8268,0.0000,ჩინური იუანი,7/18/2021,7/18/2021
RUB,100,4.2134,0.0000,რუსული რუბლი,7/18/2021,7/18/2021
USD,1,3.1221,0.0000,აშშ დოლარი,7/18/2021,7/18/2021
CNY,10,4.8268,0.0329,ჩინური იუანი,7/18/2021,7/17/2021
RUB,100,4.2134,0.0182,რუსული რუბლი,7/18/2021,7/17/2021
USD,1,3.1221,0.0165,აშშ დოლარი,7/18/2021,7/17/2021
CNY,10,4.8597,0.0005,ჩინური იუანი,7/15/2021,7/16/2021
RUB,100,4.2316,0.0065,რუსული რუბლი,7/15/2021,7/16/2021
USD,1,3.1386,0.0044,აშშ დოლარი,7/15/2021,7/16/2021
CNY,10,4.8602,0.0043,ჩინური იუანი,7/14/2021,7/15/2021
RUB,100,4.2381,0.0043,რუსული რუბლი,7/14/2021,7/15/2021
USD,1,3.1430,0.0026,აშშ დოლარი,7/14/2021,7/15/2021
CNY,10,4.8559,0.0025,ჩინური იუანი,7/13/2021,7/14/2021
RUB,100,4.2424,0.0367,რუსული რუბლი,7/13/2021,7/14/2021
USD,1,3.1404,0.0025,აშშ დოლარი,7/13/2021,7/14/2021
CNY,10,4.8534,0.0012,ჩინური იუანი,7/12/2021,7/13/2021
RUB,100,4.2057,0.0300,რუსული რუბლი,7/12/2021,7/13/2021
USD,1,3.1429,0.0026,აშშ დოლარი,7/12/2021,7/13/2021
CNY,10,4.8522,0.0000,ჩინური იუანი,7/12/2021,7/12/2021
RUB,100,4.2357,0.0000,რუსული რუბლი,7/12/2021,7/12/2021
USD,1,3.1455,0.0000,აშშ დოლარი,7/12/2021,7/12/2021
CNY,10,4.8522,0.0000,ჩინური იუანი,7/11/2021,7/11/2021
RUB,100,4.2357,0.0000,რუსული რუბლი,7/11/2021,7/11/2021
USD,1,3.1455,0.0000,აშშ დოლარი,7/11/2021,7/11/2021
CNY,10,4.8522,0.0073,ჩინური იუანი,7/11/2021,7/10/2021
RUB,100,4.2357,0.0530,რუსული რუბლი,7/11/2021,7/10/2021
USD,1,3.1455,0.0009,აშშ დოლარი,7/11/2021,7/10/2021
CNY,10,4.8449,0.0084,ჩინური იუანი,7/8/2021,7/9/2021
RUB,100,4.1827,0.0440,რუსული რუბლი,7/8/2021,7/9/2021
USD,1,3.1446,0.0076,აშშ დოლარი,7/8/2021,7/9/2021
CNY,10,4.8533,0.0155,ჩინური იუანი,7/7/2021,7/8/2021
RUB,100,4.2267,0.0607,რუსული რუბლი,7/7/2021,7/8/2021
USD,1,3.1370,0.0108,აშშ დოლარი,7/7/2021,7/8/2021
CNY,10,4.8688,0.0092,ჩინური იუანი,7/6/2021,7/7/2021
RUB,100,4.2874,0.0101,რუსული რუბლი,7/6/2021,7/7/2021
USD,1,3.1478,0.0040,აშშ დოლარი,7/6/2021,7/7/2021
CNY,10,4.8780,0.0031,ჩინური იუანი,7/5/2021,7/6/2021
RUB,100,4.2975,0.0055,რუსული რუბლი,7/5/2021,7/6/2021
USD,1,3.1518,0.0075,აშშ დოლარი,7/5/2021,7/6/2021
CNY,10,4.8749,0.0000,ჩინური იუანი,7/5/2021,7/5/2021
RUB,100,4.2920,0.0000,რუსული რუბლი,7/5/2021,7/5/2021
USD,1,3.1593,0.0000,აშშ დოლარი,7/5/2021,7/5/2021
CNY,10,4.8749,0.0000,ჩინური იუანი,7/4/2021,7/4/2021
RUB,100,4.2920,0.0000,რუსული რუბლი,7/4/2021,7/4/2021
USD,1,3.1593,0.0000,აშშ დოლარი,7/4/2021,7/4/2021
CNY,10,4.8749,0.0137,ჩინური იუანი,7/4/2021,7/3/2021
RUB,100,4.2920,0.0427,რუსული რუბლი,7/4/2021,7/3/2021
USD,1,3.1593,0.0026,აშშ დოლარი,7/4/2021,7/3/2021
CNY,10,4.8886,0.0140,ჩინური იუანი,7/1/2021,7/2/2021
RUB,100,4.3347,0.0073,რუსული რუბლი,7/1/2021,7/2/2021
USD,1,3.1619,0.0040,აშშ დოლარი,7/1/2021,7/2/2021
CNY,10,4.9026,0.0111,ჩინური იუანი,6/30/2021,7/1/2021
RUB,100,4.3274,0.0263,რუსული რუბლი,6/30/2021,7/1/2021
USD,1,3.1659,0.0056,აშშ დოლარი,6/30/2021,7/1/2021
CNY,10,4.8915,0.0004,ჩინური იუანი,6/29/2021,6/30/2021
RUB,100,4.3537,0.0206,რუსული რუბლი,6/29/2021,6/30/2021
USD,1,3.1603,0.0024,აშშ დოლარი,6/29/2021,6/30/2021
CNY,10,4.8911,0.0138,ჩინური იუანი,6/28/2021,6/29/2021
RUB,100,4.3743,0.0104,რუსული რუბლი,6/28/2021,6/29/2021
USD,1,3.1579,0.0090,აშშ დოლარი,6/28/2021,6/29/2021
CNY,10,4.8773,0.0000,ჩინური იუანი,6/28/2021,6/28/2021
RUB,100,4.3639,0.0000,რუსული რუბლი,6/28/2021,6/28/2021
USD,1,3.1489,0.0000,აშშ დოლარი,6/28/2021,6/28/2021
CNY,10,4.8773,0.0000,ჩინური იუანი,6/27/2021,6/27/2021
RUB,100,4.3639,0.0000,რუსული რუბლი,6/27/2021,6/27/2021
USD,1,3.1489,0.0000,აშშ დოლარი,6/27/2021,6/27/2021
CNY,10,4.8773,0.0106,ჩინური იუანი,6/27/2021,6/26/2021
RUB,100,4.3639,0.0104,რუსული რუბლი,6/27/2021,6/26/2021
USD,1,3.1489,0.0019,აშშ დოლარი,6/27/2021,6/26/2021
CNY,10,4.8667,0.0048,ჩინური იუანი,6/24/2021,6/25/2021
RUB,100,4.3535,0.0100,რუსული რუბლი,6/24/2021,6/25/2021
USD,1,3.1470,0.0079,აშშ დოლარი,6/24/2021,6/25/2021
CNY,10,4.8715,0.0029,ჩინური იუანი,6/23/2021,6/24/2021
RUB,100,4.3435,0.0295,რუსული რუბლი,6/23/2021,6/24/2021
USD,1,3.1549,0.0017,აშშ დოლარი,6/23/2021,6/24/2021
CNY,10,4.8744,0.0206,ჩინური იუანი,6/22/2021,6/23/2021
RUB,100,4.3140,0.0181,რუსული რუბლი,6/22/2021,6/23/2021
USD,1,3.1566,0.0087,აშშ დოლარი,6/22/2021,6/23/2021
CNY,10,4.8950,0.0269,ჩინური იუანი,6/21/2021,6/22/2021
RUB,100,4.3321,0.0558,რუსული რუბლი,6/21/2021,6/22/2021
USD,1,3.1653,0.0028,აშშ დოლარი,6/21/2021,6/22/2021
CNY,10,4.9219,0.0000,ჩინური იუანი,6/21/2021,6/21/2021
RUB,100,4.3879,0.0000,რუსული რუბლი,6/21/2021,6/21/2021
USD,1,3.1681,0.0000,აშშ დოლარი,6/21/2021,6/21/2021
CNY,10,4.9219,0.0000,ჩინური იუანი,6/20/2021,6/20/2021
RUB,100,4.3879,0.0000,რუსული რუბლი,6/20/2021,6/20/2021
USD,1,3.1681,0.0000,აშშ დოლარი,6/20/2021,6/20/2021
CNY,10,4.9219,0.0141,ჩინური იუანი,6/20/2021,6/19/2021
RUB,100,4.3879,0.0380,რუსული რუბლი,6/20/2021,6/19/2021
USD,1,3.1681,0.0094,აშშ დოლარი,6/20/2021,6/19/2021
CNY,10,4.9078,0.0405,ჩინური იუანი,6/17/2021,6/18/2021
RUB,100,4.3499,0.0469,რუსული რუბლი,6/17/2021,6/18/2021
USD,1,3.1587,0.0070,აშშ დოლარი,6/17/2021,6/18/2021
CNY,10,4.9483,0.0127,ჩინური იუანი,6/16/2021,6/17/2021
RUB,100,4.3968,0.0192,რუსული რუბლი,6/16/2021,6/17/2021
USD,1,3.1657,0.0094,აშშ დოლარი,6/16/2021,6/17/2021
CNY,10,4.9610,0.0463,ჩინური იუანი,6/15/2021,6/16/2021
RUB,100,4.4160,0.0160,რუსული რუბლი,6/15/2021,6/16/2021
USD,1,3.1751,0.0289,აშშ დოლარი,6/15/2021,6/16/2021
CNY,10,5.0073,0.0470,ჩინური იუანი,6/14/2021,6/15/2021
RUB,100,4.4320,0.0067,რუსული რუბლი,6/14/2021,6/15/2021
USD,1,3.2040,0.0339,აშშ დოლარი,6/14/2021,6/15/2021
CNY,10,4.9603,0.0000,ჩინური იუანი,6/14/2021,6/14/2021
RUB,100,4.4253,0.0000,რუსული რუბლი,6/14/2021,6/14/2021
USD,1,3.1701,0.0000,აშშ დოლარი,6/14/2021,6/14/2021
CNY,10,4.9603,0.0000,ჩინური იუანი,6/13/2021,6/13/2021
RUB,100,4.4253,0.0000,რუსული რუბლი,6/13/2021,6/13/2021
USD,1,3.1701,0.0000,აშშ დოლარი,6/13/2021,6/13/2021
CNY,10,4.9603,0.0154,ჩინური იუანი,6/13/2021,6/12/2021
RUB,100,4.4253,0.0470,რუსული რუბლი,6/13/2021,6/12/2021
USD,1,3.1701,0.0088,აშშ დოლარი,6/13/2021,6/12/2021
CNY,10,4.9449,0.0301,ჩინური იუანი,6/10/2021,6/11/2021
RUB,100,4.3783,0.0263,რუსული რუბლი,6/10/2021,6/11/2021
USD,1,3.1613,0.0226,აშშ დოლარი,6/10/2021,6/11/2021
CNY,10,4.9148,0.0042,ჩინური იუანი,6/9/2021,6/10/2021
RUB,100,4.3520,0.0198,რუსული რუბლი,6/9/2021,6/10/2021
USD,1,3.1387,0.0084,აშშ დოლარი,6/9/2021,6/10/2021
CNY,10,4.9190,0.0150,ჩინური იუანი,6/8/2021,6/9/2021
RUB,100,4.3322,0.0003,რუსული რუბლი,6/8/2021,6/9/2021
USD,1,3.1471,0.0098,აშშ დოლარი,6/8/2021,6/9/2021
CNY,10,4.9340,0.1304,ჩინური იუანი,6/7/2021,6/8/2021
RUB,100,4.3325,0.1304,რუსული რუბლი,6/7/2021,6/8/2021
USD,1,3.1569,0.0778,აშშ დოლარი,6/7/2021,6/8/2021
CNY,10,4.8036,0.0000,ჩინური იუანი,6/7/2021,6/7/2021
RUB,100,4.2021,0.0000,რუსული რუბლი,6/7/2021,6/7/2021
USD,1,3.0791,0.0000,აშშ დოლარი,6/7/2021,6/7/2021
CNY,10,4.8036,0.0000,ჩინური იუანი,6/6/2021,6/6/2021
RUB,100,4.2021,0.0000,რუსული რუბლი,6/6/2021,6/6/2021
USD,1,3.0791,0.0000,აშშ დოლარი,6/6/2021,6/6/2021
CNY,10,4.8036,0.1302,ჩინური იუანი,6/6/2021,6/5/2021
RUB,100,4.2021,0.1055,რუსული რუბლი,6/6/2021,6/5/2021
USD,1,3.0791,0.0733,აშშ დოლარი,6/6/2021,6/5/2021
CNY,10,4.9338,0.1129,ჩინური იუანი,6/3/2021,6/4/2021
RUB,100,4.3076,0.0772,რუსული რუბლი,6/3/2021,6/4/2021
USD,1,3.1524,0.0704,აშშ დოლარი,6/3/2021,6/4/2021
CNY,10,5.0467,0.0000,ჩინური იუანი,6/3/2021,6/3/2021
RUB,100,4.3848,0.0000,რუსული რუბლი,6/3/2021,6/3/2021
USD,1,3.2228,0.0000,აშშ დოლარი,6/3/2021,6/3/2021
CNY,10,5.0986,0.0315,ჩინური იუანი,6/1/2021,6/2/2021
RUB,100,4.4304,0.0212,რუსული რუბლი,6/1/2021,6/2/2021
USD,1,3.2547,0.0141,აშშ დოლარი,6/1/2021,6/2/2021
CNY,10,5.1301,0.0200,ჩინური იუანი,5/31/2021,6/1/2021
RUB,100,4.4516,0.0039,რუსული რუბლი,5/31/2021,6/1/2021
USD,1,3.2688,0.0091,აშშ დოლარი,5/31/2021,6/1/2021
CNY,10,5.1501,0.0000,ჩინური იუანი,5/31/2021,5/31/2021
RUB,100,4.4555,0.0000,რუსული რუბლი,5/31/2021,5/31/2021
USD,1,3.2779,0.0000,აშშ დოლარი,5/31/2021,5/31/2021
CNY,10,5.1501,0.0000,ჩინური იუანი,5/30/2021,5/30/2021
RUB,100,4.4555,0.0000,რუსული რუბლი,5/30/2021,5/30/2021
USD,1,3.2779,0.0000,აშშ დოლარი,5/30/2021,5/30/2021
CNY,10,5.1501,0.0302,ჩინური იუანი,5/30/2021,5/29/2021
RUB,100,4.4555,0.0096,რუსული რუბლი,5/30/2021,5/29/2021
USD,1,3.2779,0.0144,აშშ დოლარი,5/30/2021,5/29/2021
CNY,10,5.1199,0.0301,ჩინური იუანი,5/27/2021,5/28/2021
RUB,100,4.4459,0.0463,რუსული რუბლი,5/27/2021,5/28/2021
USD,1,3.2635,0.0358,აშშ დოლარი,5/27/2021,5/28/2021
CNY,10,5.1500,0.0000,ჩინური იუანი,5/27/2021,5/27/2021
RUB,100,4.4922,0.0000,რუსული რუბლი,5/27/2021,5/27/2021
USD,1,3.2993,0.0000,აშშ დოლარი,5/27/2021,5/27/2021
CNY,10,5.1500,0.0031,ჩინური იუანი,5/26/2021,5/26/2021
RUB,100,4.4922,0.0070,რუსული რუბლი,5/26/2021,5/26/2021
USD,1,3.2993,0.0133,აშშ დოლარი,5/26/2021,5/26/2021
CNY,10,5.1531,0.0127,ჩინური იუანი,5/24/2021,5/25/2021
RUB,100,4.4992,0.0025,რუსული რუბლი,5/24/2021,5/25/2021
USD,1,3.3126,0.0070,აშშ დოლარი,5/24/2021,5/25/2021
CNY,10,5.1404,0.0000,ჩინური იუანი,5/24/2021,5/24/2021
RUB,100,4.5017,0.0000,რუსული რუბლი,5/24/2021,5/24/2021
USD,1,3.3056,0.0000,აშშ დოლარი,5/24/2021,5/24/2021
CNY,10,5.1404,0.0000,ჩინური იუანი,5/23/2021,5/23/2021
RUB,100,4.5017,0.0000,რუსული რუბლი,5/23/2021,5/23/2021
USD,1,3.3056,0.0000,აშშ დოლარი,5/23/2021,5/23/2021
CNY,10,5.1404,0.0677,ჩინური იუანი,5/23/2021,5/22/2021
RUB,100,4.5017,0.0535,რუსული რუბლი,5/23/2021,5/22/2021
USD,1,3.3056,0.0481,აშშ დოლარი,5/23/2021,5/22/2021
CNY,10,5.2081,0.0373,ჩინური იუანი,5/20/2021,5/21/2021
RUB,100,4.5552,0.0249,რუსული რუბლი,5/20/2021,5/21/2021
USD,1,3.3537,0.0233,აშშ დოლარი,5/20/2021,5/21/2021
CNY,10,5.2454,0.0301,ჩინური იუანი,5/19/2021,5/20/2021
RUB,100,4.5801,0.0202,რუსული რუბლი,5/19/2021,5/20/2021
USD,1,3.3770,0.0129,აშშ დოლარი,5/19/2021,5/20/2021
CNY,10,5.2755,0.0004,ჩინური იუანი,5/18/2021,5/19/2021
RUB,100,4.6003,0.0085,რუსული რუბლი,5/18/2021,5/19/2021
USD,1,3.3899,0.0080,აშშ დოლარი,5/18/2021,5/19/2021
CNY,10,5.2759,0.0345,ჩინური იუანი,5/17/2021,5/18/2021
RUB,100,4.5918,0.0252,რუსული რუბლი,5/17/2021,5/18/2021
USD,1,3.3979,0.0207,აშშ დოლარი,5/17/2021,5/18/2021
CNY,10,5.3104,0.0000,ჩინური იუანი,5/17/2021,5/17/2021
RUB,100,4.6170,0.0000,რუსული რუბლი,5/17/2021,5/17/2021
USD,1,3.4186,0.0000,აშშ დოლარი,5/17/2021,5/17/2021
CNY,10,5.3104,0.0000,ჩინური იუანი,5/16/2021,5/16/2021
RUB,100,4.6170,0.0000,რუსული რუბლი,5/16/2021,5/16/2021
USD,1,3.4186,0.0000,აშშ დოლარი,5/16/2021,5/16/2021
CNY,10,5.3104,0.0010,ჩინური იუანი,5/16/2021,5/15/2021
RUB,100,4.6170,0.0124,რუსული რუბლი,5/16/2021,5/15/2021
USD,1,3.4186,0.0097,აშშ დოლარი,5/16/2021,5/15/2021
CNY,10,5.3094,0.0245,ჩინური იუანი,5/13/2021,5/14/2021
RUB,100,4.6046,0.0311,რუსული რუბლი,5/13/2021,5/14/2021
USD,1,3.4283,0.0012,აშშ დოლარი,5/13/2021,5/14/2021
CNY,10,5.3339,0.0000,ჩინური იუანი,5/13/2021,5/13/2021
RUB,100,4.6357,0.0000,რუსული რუბლი,5/13/2021,5/13/2021
USD,1,3.4271,0.0000,აშშ დოლარი,5/13/2021,5/13/2021
CNY,10,5.3339,0.0037,ჩინური იუანი,5/12/2021,5/12/2021
RUB,100,4.6357,0.0126,რუსული რუბლი,5/12/2021,5/12/2021
USD,1,3.4271,0.0097,აშშ დოლარი,5/12/2021,5/12/2021
CNY,10,5.3302,0.0098,ჩინური იუანი,5/10/2021,5/11/2021
RUB,100,4.6231,0.0088,რუსული რუბლი,5/10/2021,5/11/2021
USD,1,3.4174,0.0150,აშშ დოლარი,5/10/2021,5/11/2021
CNY,10,5.3204,0.0000,ჩინური იუანი,5/10/2021,5/10/2021
RUB,100,4.6319,0.0000,რუსული რუბლი,5/10/2021,5/10/2021
USD,1,3.4324,0.0000,აშშ დოლარი,5/10/2021,5/10/2021
CNY,10,5.3204,0.0000,ჩინური იუანი,5/9/2021,5/9/2021
RUB,100,4.6319,0.0000,რუსული რუბლი,5/9/2021,5/9/2021
USD,1,3.4324,0.0000,აშშ დოლარი,5/9/2021,5/9/2021
CNY,10,5.3204,0.0012,ჩინური იუანი,5/9/2021,5/8/2021
RUB,100,4.6319,0.0180,რუსული რუბლი,5/9/2021,5/8/2021
USD,1,3.4324,0.0106,აშშ დოლარი,5/9/2021,5/8/2021
CNY,10,5.3192,0.0065,ჩინური იუანი,5/6/2021,5/7/2021
RUB,100,4.6139,0.0129,რუსული რუბლი,5/6/2021,5/7/2021
USD,1,3.4430,0.0031,აშშ დოლარი,5/6/2021,5/7/2021
CNY,10,5.3127,0.0002,ჩინური იუანი,5/5/2021,5/6/2021
RUB,100,4.6010,0.0098,რუსული რუბლი,5/5/2021,5/6/2021
USD,1,3.4399,0.0001,აშშ დოლარი,5/5/2021,5/6/2021
CNY,10,5.3125,0.0218,ჩინური იუანი,5/4/2021,5/5/2021
RUB,100,4.5912,0.0527,რუსული რუბლი,5/4/2021,5/5/2021
USD,1,3.4398,0.0105,აშშ დოლარი,5/4/2021,5/5/2021
CNY,10,5.3343,0.0000,ჩინური იუანი,5/4/2021,5/4/2021
RUB,100,4.6439,0.0000,რუსული რუბლი,5/4/2021,5/4/2021
USD,1,3.4503,0.0000,აშშ დოლარი,5/4/2021,5/4/2021
CNY,10,5.3343,0.0000,ჩინური იუანი,5/3/2021,5/3/2021
RUB,100,4.6439,0.0000,რუსული რუბლი,5/3/2021,5/3/2021
USD,1,3.4503,0.0000,აშშ დოლარი,5/3/2021,5/3/2021
CNY,10,5.3343,0.0000,ჩინური იუანი,5/2/2021,5/2/2021
RUB,100,4.6439,0.0000,რუსული რუბლი,5/2/2021,5/2/2021
USD,1,3.4503,0.0000,აშშ დოლარი,5/2/2021,5/2/2021
CNY,10,5.3343,0.0000,ჩინური იუანი,5/1/2021,5/1/2021
RUB,100,4.6439,0.0000,რუსული რუბლი,5/1/2021,5/1/2021
USD,1,3.4503,0.0000,აშშ დოლარი,5/1/2021,5/1/2021
CNY,10,5.3343,0.0091,ჩინური იუანი,5/3/2021,4/30/2021
RUB,100,4.6439,0.0222,რუსული რუბლი,5/3/2021,4/30/2021
USD,1,3.4503,0.0026,აშშ დოლარი,5/3/2021,4/30/2021
CNY,10,5.3252,0.0034,ჩინური იუანი,4/28/2021,4/29/2021
RUB,100,4.6217,0.0096,რუსული რუბლი,4/28/2021,4/29/2021
USD,1,3.4529,0.0019,აშშ დოლარი,4/28/2021,4/29/2021
CNY,10,5.3286,0.0029,ჩინური იუანი,4/27/2021,4/28/2021
RUB,100,4.6121,0.0062,რუსული რუბლი,4/27/2021,4/28/2021
USD,1,3.4548,0.0014,აშშ დოლარი,4/27/2021,4/28/2021
CNY,10,5.3257,0.0181,ჩინური იუანი,4/26/2021,4/27/2021
RUB,100,4.6059,0.0099,რუსული რუბლი,4/26/2021,4/27/2021
USD,1,3.4534,0.0070,აშშ დოლარი,4/26/2021,4/27/2021
CNY,10,5.3076,0.0000,ჩინური იუანი,4/26/2021,4/26/2021
RUB,100,4.5960,0.0000,რუსული რუბლი,4/26/2021,4/26/2021
USD,1,3.4464,0.0000,აშშ დოლარი,4/26/2021,4/26/2021
CNY,10,5.3076,0.0000,ჩინური იუანი,4/25/2021,4/25/2021
RUB,100,4.5960,0.0000,რუსული რუბლი,4/25/2021,4/25/2021
USD,1,3.4464,0.0000,აშშ დოლარი,4/25/2021,4/25/2021
CNY,10,5.3076,0.0028,ჩინური იუანი,4/25/2021,4/24/2021
RUB,100,4.5960,0.0740,რუსული რუბლი,4/25/2021,4/24/2021
USD,1,3.4464,0.0002,აშშ დოლარი,4/25/2021,4/24/2021
CNY,10,5.3104,0.0020,ჩინური იუანი,4/22/2021,4/23/2021
RUB,100,4.5220,0.0088,რუსული რუბლი,4/22/2021,4/23/2021
USD,1,3.4462,0.0059,აშშ დოლარი,4/22/2021,4/23/2021
CNY,10,5.3124,0.0023,ჩინური იუანი,4/21/2021,4/22/2021
RUB,100,4.5132,0.0092,რუსული რუბლი,4/21/2021,4/22/2021
USD,1,3.4521,0.0022,აშშ დოლარი,4/21/2021,4/22/2021
CNY,10,5.3101,0.0298,ჩინური იუანი,4/20/2021,4/21/2021
RUB,100,4.5224,0.0112,რუსული რუბლი,4/20/2021,4/21/2021
USD,1,3.4499,0.0140,აშშ დოლარი,4/20/2021,4/21/2021
CNY,10,5.2803,0.0105,ჩინური იუანი,4/19/2021,4/20/2021
RUB,100,4.5112,0.0243,რუსული რუბლი,4/19/2021,4/20/2021
USD,1,3.4359,0.0004,აშშ დოლარი,4/19/2021,4/20/2021
CNY,10,5.2698,0.0000,ჩინური იუანი,4/19/2021,4/19/2021
RUB,100,4.5355,0.0000,რუსული რუბლი,4/19/2021,4/19/2021
USD,1,3.4363,0.0000,აშშ დოლარი,4/19/2021,4/19/2021
CNY,10,5.2698,0.0000,ჩინური იუანი,4/18/2021,4/18/2021
RUB,100,4.5355,0.0000,რუსული რუბლი,4/18/2021,4/18/2021
USD,1,3.4363,0.0000,აშშ დოლარი,4/18/2021,4/18/2021
CNY,10,5.2698,0.0047,ჩინური იუანი,4/18/2021,4/17/2021
RUB,100,4.5355,0.0693,რუსული რუბლი,4/18/2021,4/17/2021
USD,1,3.4363,0.0000,აშშ დოლარი,4/18/2021,4/17/2021
CNY,10,5.2651,0.0065,ჩინური იუანი,4/15/2021,4/16/2021
RUB,100,4.4662,0.0769,რუსული რუბლი,4/15/2021,4/16/2021
USD,1,3.4363,0.0069,აშშ დოლარი,4/15/2021,4/16/2021
CNY,10,5.2716,0.0438,ჩინური იუანი,4/14/2021,4/15/2021
RUB,100,4.5431,0.1034,რუსული რუბლი,4/14/2021,4/15/2021
USD,1,3.4432,0.0197,აშშ დოლარი,4/14/2021,4/15/2021
CNY,10,5.2278,0.0019,ჩინური იუანი,4/13/2021,4/14/2021
RUB,100,4.4397,0.0063,რუსული რუბლი,4/13/2021,4/14/2021
USD,1,3.4235,0.0003,აშშ დოლარი,4/13/2021,4/14/2021
CNY,10,5.2297,0.0013,ჩინური იუანი,4/12/2021,4/13/2021
RUB,100,4.4334,0.0065,რუსული რუბლი,4/12/2021,4/13/2021
USD,1,3.4232,0.0028,აშშ დოლარი,4/12/2021,4/13/2021
CNY,10,5.2310,0.0000,ჩინური იუანი,4/12/2021,4/12/2021
RUB,100,4.4399,0.0000,რუსული რუბლი,4/12/2021,4/12/2021
USD,1,3.4260,0.0000,აშშ დოლარი,4/12/2021,4/12/2021
CNY,10,5.2310,0.0000,ჩინური იუანი,4/11/2021,4/11/2021
RUB,100,4.4399,0.0000,რუსული რუბლი,4/11/2021,4/11/2021
USD,1,3.4260,0.0000,აშშ დოლარი,4/11/2021,4/11/2021
CNY,10,5.2310,0.0000,ჩინური იუანი,4/10/2021,4/10/2021
RUB,100,4.4399,0.0000,რუსული რუბლი,4/10/2021,4/10/2021
USD,1,3.4260,0.0000,აშშ დოლარი,4/10/2021,4/10/2021
CNY,10,5.2310,0.0144,ჩინური იუანი,4/11/2021,4/9/2021
RUB,100,4.4399,0.0429,რუსული რუბლი,4/11/2021,4/9/2021
USD,1,3.4260,0.0126,აშშ დოლარი,4/11/2021,4/9/2021
CNY,10,5.2166,0.0166,ჩინური იუანი,4/7/2021,4/8/2021
RUB,100,4.3970,0.0584,რუსული რუბლი,4/7/2021,4/8/2021
USD,1,3.4134,0.0065,აშშ დოლარი,4/7/2021,4/8/2021
CNY,10,5.2000,0.0037,ჩინური იუანი,4/6/2021,4/7/2021
RUB,100,4.4554,0.0193,რუსული რუბლი,4/6/2021,4/7/2021
USD,1,3.4069,0.0104,აშშ დოლარი,4/6/2021,4/7/2021
CNY,10,5.2037,0.0296,ჩინური იუანი,4/5/2021,4/6/2021
RUB,100,4.4747,0.0301,რუსული რუბლი,4/5/2021,4/6/2021
USD,1,3.4173,0.0170,აშშ დოლარი,4/5/2021,4/6/2021
CNY,10,5.2333,0.0000,ჩინური იუანი,4/5/2021,4/5/2021
RUB,100,4.5048,0.0000,რუსული რუბლი,4/5/2021,4/5/2021
USD,1,3.4343,0.0000,აშშ დოლარი,4/5/2021,4/5/2021
CNY,10,5.2333,0.0000,ჩინური იუანი,4/4/2021,4/4/2021
RUB,100,4.5048,0.0000,რუსული რუბლი,4/4/2021,4/4/2021
USD,1,3.4343,0.0000,აშშ დოლარი,4/4/2021,4/4/2021
CNY,10,5.2333,0.0012,ჩინური იუანი,4/4/2021,4/3/2021
RUB,100,4.5048,0.0143,რუსული რუბლი,4/4/2021,4/3/2021
USD,1,3.4343,0.0067,აშშ დოლარი,4/4/2021,4/3/2021
CNY,10,5.2345,0.0246,ჩინური იუანი,4/1/2021,4/2/2021
RUB,100,4.5191,0.0441,რუსული რუბლი,4/1/2021,4/2/2021
USD,1,3.4410,0.0054,აშშ დოლარი,4/1/2021,4/2/2021
CNY,10,5.2591,0.0632,ჩინური იუანი,3/31/2021,4/1/2021
RUB,100,4.5632,0.0706,რუსული რუბლი,3/31/2021,4/1/2021
USD,1,3.4464,0.0346,აშშ დოლარი,3/31/2021,4/1/2021
CNY,10,5.1959,0.0370,ჩინური იუანი,3/30/2021,3/31/2021
RUB,100,4.4926,0.0407,რუსული რუბლი,3/30/2021,3/31/2021
USD,1,3.4118,0.0272,აშშ დოლარი,3/30/2021,3/31/2021
CNY,10,5.1589,0.0039,ჩინური იუანი,3/29/2021,3/30/2021
RUB,100,4.4519,0.0153,რუსული რუბლი,3/29/2021,3/30/2021
USD,1,3.3846,0.0128,აშშ დოლარი,3/29/2021,3/30/2021
CNY,10,5.1550,0.0000,ჩინური იუანი,3/29/2021,3/29/2021
RUB,100,4.4366,0.0000,რუსული რუბლი,3/29/2021,3/29/2021
USD,1,3.3718,0.0000,აშშ დოლარი,3/29/2021,3/29/2021
CNY,10,5.1550,0.0000,ჩინური იუანი,3/28/2021,3/28/2021
RUB,100,4.4366,0.0000,რუსული რუბლი,3/28/2021,3/28/2021
USD,1,3.3718,0.0000,აშშ დოლარი,3/28/2021,3/28/2021
CNY,10,5.1550,0.0363,ჩინური იუანი,3/28/2021,3/27/2021
RUB,100,4.4366,0.0280,რუსული რუბლი,3/28/2021,3/27/2021
USD,1,3.3718,0.0245,აშშ დოლარი,3/28/2021,3/27/2021
CNY,10,5.1187,0.0058,ჩინური იუანი,3/25/2021,3/26/2021
RUB,100,4.4086,0.0151,რუსული რუბლი,3/25/2021,3/26/2021
USD,1,3.3473,0.0060,აშშ დოლარი,3/25/2021,3/26/2021
CNY,10,5.1245,0.0053,ჩინური იუანი,3/24/2021,3/25/2021
RUB,100,4.3935,0.0031,რუსული რუბლი,3/24/2021,3/25/2021
USD,1,3.3413,0.0070,აშშ დოლარი,3/24/2021,3/25/2021
CNY,10,5.1192,0.0040,ჩინური იუანი,3/23/2021,3/24/2021
RUB,100,4.3904,0.0792,რუსული რუბლი,3/23/2021,3/24/2021
USD,1,3.3343,0.0044,აშშ დოლარი,3/23/2021,3/24/2021
CNY,10,5.1152,0.0060,ჩინური იუანი,3/22/2021,3/23/2021
RUB,100,4.4696,0.0474,რუსული რუბლი,3/22/2021,3/23/2021
USD,1,3.3299,0.0027,აშშ დოლარი,3/22/2021,3/23/2021
CNY,10,5.1212,0.0000,ჩინური იუანი,3/22/2021,3/22/2021
RUB,100,4.5170,0.0000,რუსული რუბლი,3/22/2021,3/22/2021
USD,1,3.3326,0.0000,აშშ დოლარი,3/22/2021,3/22/2021
CNY,10,5.1212,0.0000,ჩინური იუანი,3/21/2021,3/21/2021
RUB,100,4.5170,0.0000,რუსული რუბლი,3/21/2021,3/21/2021
USD,1,3.3326,0.0000,აშშ დოლარი,3/21/2021,3/21/2021
CNY,10,5.1212,0.0002,ჩინური იუანი,3/21/2021,3/20/2021
RUB,100,4.5170,0.0008,რუსული რუბლი,3/21/2021,3/20/2021
USD,1,3.3326,0.0028,აშშ დოლარი,3/21/2021,3/20/2021
CNY,10,5.1214,0.0067,ჩინური იუანი,3/18/2021,3/19/2021
RUB,100,4.5178,0.0312,რუსული რუბლი,3/18/2021,3/19/2021
USD,1,3.3298,0.0046,აშშ დოლარი,3/18/2021,3/19/2021
CNY,10,5.1147,0.0051,ჩინური იუანი,3/17/2021,3/18/2021
RUB,100,4.5490,0.0066,რუსული რუბლი,3/17/2021,3/18/2021
USD,1,3.3252,0.0047,აშშ დოლარი,3/17/2021,3/18/2021
CNY,10,5.1096,0.0021,ჩინური იუანი,3/16/2021,3/17/2021
RUB,100,4.5556,0.0121,რუსული რუბლი,3/16/2021,3/17/2021
USD,1,3.3205,0.0001,აშშ დოლარი,3/16/2021,3/17/2021
CNY,10,5.1075,0.0005,ჩინური იუანი,3/15/2021,3/16/2021
RUB,100,4.5435,0.0261,რუსული რუბლი,3/15/2021,3/16/2021
USD,1,3.3204,0.0028,აშშ დოლარი,3/15/2021,3/16/2021
CNY,10,5.1070,0.0000,ჩინური იუანი,3/15/2021,3/15/2021
RUB,100,4.5174,0.0000,რუსული რუბლი,3/15/2021,3/15/2021
USD,1,3.3232,0.0000,აშშ დოლარი,3/15/2021,3/15/2021
CNY,10,5.1070,0.0000,ჩინური იუანი,3/14/2021,3/14/2021
RUB,100,4.5174,0.0000,რუსული რუბლი,3/14/2021,3/14/2021
USD,1,3.3232,0.0000,აშშ დოლარი,3/14/2021,3/14/2021
CNY,10,5.1070,0.0175,ჩინური იუანი,3/14/2021,3/13/2021
RUB,100,4.5174,0.0086,რუსული რუბლი,3/14/2021,3/13/2021
USD,1,3.3232,0.0009,აშშ დოლარი,3/14/2021,3/13/2021
CNY,10,5.1245,0.0183,ჩინური იუანი,3/11/2021,3/12/2021
RUB,100,4.5088,0.0193,რუსული რუბლი,3/11/2021,3/12/2021
USD,1,3.3241,0.0003,აშშ დოლარი,3/11/2021,3/12/2021
CNY,10,5.1062,0.0036,ჩინური იუანი,3/10/2021,3/11/2021
RUB,100,4.4895,0.0023,რუსული რუბლი,3/10/2021,3/11/2021
USD,1,3.3238,0.0004,აშშ დოლარი,3/10/2021,3/11/2021
CNY,10,5.1026,0.0158,ჩინური იუანი,3/9/2021,3/10/2021
RUB,100,4.4918,0.0400,რუსული რუბლი,3/9/2021,3/10/2021
USD,1,3.3242,0.0040,აშშ დოლარი,3/9/2021,3/10/2021
CNY,10,5.1184,0.0000,ჩინური იუანი,3/9/2021,3/9/2021
RUB,100,4.4518,0.0000,რუსული რუბლი,3/9/2021,3/9/2021
USD,1,3.3202,0.0000,აშშ დოლარი,3/9/2021,3/9/2021
CNY,10,5.1184,0.0000,ჩინური იუანი,3/8/2021,3/8/2021
RUB,100,4.4518,0.0000,რუსული რუბლი,3/8/2021,3/8/2021
USD,1,3.3202,0.0000,აშშ დოლარი,3/8/2021,3/8/2021
CNY,10,5.1184,0.0000,ჩინური იუანი,3/7/2021,3/7/2021
RUB,100,4.4518,0.0000,რუსული რუბლი,3/7/2021,3/7/2021
USD,1,3.3202,0.0000,აშშ დოლარი,3/7/2021,3/7/2021
CNY,10,5.1184,0.0129,ჩინური იუანი,3/8/2021,3/6/2021
RUB,100,4.4518,0.0467,რუსული რუბლი,3/8/2021,3/6/2021
USD,1,3.3202,0.0012,აშშ დოლარი,3/8/2021,3/6/2021
CNY,10,5.1313,0.0076,ჩინური იუანი,3/4/2021,3/5/2021
RUB,100,4.4985,0.0428,რუსული რუბლი,3/4/2021,3/5/2021
USD,1,3.3190,0.0062,აშშ დოლარი,3/4/2021,3/5/2021
CNY,10,5.1389,0.0000,ჩინური იუანი,3/4/2021,3/4/2021
RUB,100,4.4557,0.0000,რუსული რუბლი,3/4/2021,3/4/2021
USD,1,3.3252,0.0000,აშშ დოლარი,3/4/2021,3/4/2021
CNY,10,5.1389,0.0082,ჩინური იუანი,3/3/2021,3/3/2021
RUB,100,4.4557,0.0360,რუსული რუბლი,3/3/2021,3/3/2021
USD,1,3.3252,0.0016,აშშ დოლარი,3/3/2021,3/3/2021
CNY,10,5.1471,0.0001,ჩინური იუანი,3/1/2021,3/2/2021
RUB,100,4.4917,0.0284,რუსული რუბლი,3/1/2021,3/2/2021
USD,1,3.3268,0.0013,აშშ დოლარი,3/1/2021,3/2/2021
CNY,10,5.1472,0.0000,ჩინური იუანი,3/1/2021,3/1/2021
RUB,100,4.4633,0.0000,რუსული რუბლი,3/1/2021,3/1/2021
USD,1,3.3255,0.0000,აშშ დოლარი,3/1/2021,3/1/2021
CNY,10,5.1472,0.0000,ჩინური იუანი,2/28/2021,2/28/2021
RUB,100,4.4633,0.0000,რუსული რუბლი,2/28/2021,2/28/2021
USD,1,3.3255,0.0000,აშშ დოლარი,2/28/2021,2/28/2021
CNY,10,5.1472,0.0106,ჩინური იუანი,2/28/2021,2/27/2021
RUB,100,4.4633,0.0585,რუსული რუბლი,2/28/2021,2/27/2021
USD,1,3.3255,0.0010,აშშ დოლარი,2/28/2021,2/27/2021
CNY,10,5.1578,0.0111,ჩინური იუანი,2/25/2021,2/26/2021
RUB,100,4.5218,0.0153,რუსული რუბლი,2/25/2021,2/26/2021
USD,1,3.3265,0.0067,აშშ დოლარი,2/25/2021,2/26/2021
CNY,10,5.1467,0.0154,ჩინური იუანი,2/24/2021,2/25/2021
RUB,100,4.5065,0.0394,რუსული რუბლი,2/24/2021,2/25/2021
USD,1,3.3198,0.0029,აშშ დოლარი,2/24/2021,2/25/2021
CNY,10,5.1313,0.0123,ჩინური იუანი,2/23/2021,2/24/2021
RUB,100,4.4671,0.0336,რუსული რუბლი,2/23/2021,2/24/2021
USD,1,3.3169,0.0085,აშშ დოლარი,2/23/2021,2/24/2021
CNY,10,5.1190,0.0038,ჩინური იუანი,2/22/2021,2/23/2021
RUB,100,4.4335,0.0401,რუსული რუბლი,2/22/2021,2/23/2021
USD,1,3.3084,0.0015,აშშ დოლარი,2/22/2021,2/23/2021
CNY,10,5.1228,0.0000,ჩინური იუანი,2/22/2021,2/22/2021
RUB,100,4.4736,0.0000,რუსული რუბლი,2/22/2021,2/22/2021
USD,1,3.3069,0.0000,აშშ დოლარი,2/22/2021,2/22/2021
CNY,10,5.1228,0.0000,ჩინური იუანი,2/21/2021,2/21/2021
RUB,100,4.4736,0.0000,რუსული რუბლი,2/21/2021,2/21/2021
USD,1,3.3069,0.0000,აშშ დოლარი,2/21/2021,2/21/2021
CNY,10,5.1228,0.0189,ჩინური იუანი,2/21/2021,2/20/2021
RUB,100,4.4736,0.0030,რუსული რუბლი,2/21/2021,2/20/2021
USD,1,3.3069,0.0048,აშშ დოლარი,2/21/2021,2/20/2021
CNY,10,5.1039,0.0127,ჩინური იუანი,2/18/2021,2/19/2021
RUB,100,4.4766,0.0025,რუსული რუბლი,2/18/2021,2/19/2021
USD,1,3.3021,0.0023,აშშ დოლარი,2/18/2021,2/19/2021
CNY,10,5.1166,0.0091,ჩინური იუანი,2/17/2021,2/18/2021
RUB,100,4.4741,0.0284,რუსული რუბლი,2/17/2021,2/18/2021
USD,1,3.3044,0.0059,აშშ დოლარი,2/17/2021,2/18/2021
CNY,10,5.1075,0.0135,ჩინური იუანი,2/16/2021,2/17/2021
RUB,100,4.5025,0.0160,რუსული რუბლი,2/16/2021,2/17/2021
USD,1,3.2985,0.0087,აშშ დოლარი,2/16/2021,2/17/2021
CNY,10,5.0940,0.0016,ჩინური იუანი,2/15/2021,2/16/2021
RUB,100,4.4865,0.0588,რუსული რუბლი,2/15/2021,2/16/2021
USD,1,3.2898,0.0010,აშშ დოლარი,2/15/2021,2/16/2021
CNY,10,5.0924,0.0000,ჩინური იუანი,2/15/2021,2/15/2021
RUB,100,4.4277,0.0000,რუსული რუბლი,2/15/2021,2/15/2021
USD,1,3.2888,0.0000,აშშ დოლარი,2/15/2021,2/15/2021
CNY,10,5.0924,0.0000,ჩინური იუანი,2/14/2021,2/14/2021
RUB,100,4.4277,0.0000,რუსული რუბლი,2/14/2021,2/14/2021
USD,1,3.2888,0.0000,აშშ დოლარი,2/14/2021,2/14/2021
CNY,10,5.0924,0.0096,ჩინური იუანი,2/14/2021,2/13/2021
RUB,100,4.4277,0.0406,რუსული რუბლი,2/14/2021,2/13/2021
USD,1,3.2888,0.0062,აშშ დოლარი,2/14/2021,2/13/2021
CNY,10,5.1020,0.0348,ჩინური იუანი,2/11/2021,2/12/2021
RUB,100,4.4683,0.0169,რუსული რუბლი,2/11/2021,2/12/2021
USD,1,3.2950,0.0162,აშშ დოლარი,2/11/2021,2/12/2021
CNY,10,5.1368,0.0170,ჩინური იუანი,2/10/2021,2/11/2021
RUB,100,4.4852,0.0068,რუსული რუბლი,2/10/2021,2/11/2021
USD,1,3.3112,0.0049,აშშ დოლარი,2/10/2021,2/11/2021
CNY,10,5.1538,0.0130,ჩინური იუანი,2/9/2021,2/10/2021
RUB,100,4.4784,0.0256,რუსული რუბლი,2/9/2021,2/10/2021
USD,1,3.3161,0.0029,აშშ დოლარი,2/9/2021,2/10/2021
CNY,10,5.1408,0.0073,ჩინური იუანი,2/8/2021,2/9/2021
RUB,100,4.4528,0.0195,რუსული რუბლი,2/8/2021,2/9/2021
USD,1,3.3190,0.0025,აშშ დოლარი,2/8/2021,2/9/2021
CNY,10,5.1335,0.0000,ჩინური იუანი,2/8/2021,2/8/2021
RUB,100,4.4333,0.0000,რუსული რუბლი,2/8/2021,2/8/2021
USD,1,3.3215,0.0000,აშშ დოლარი,2/8/2021,2/8/2021
CNY,10,5.1335,0.0000,ჩინური იუანი,2/7/2021,2/7/2021
RUB,100,4.4333,0.0000,რუსული რუბლი,2/7/2021,2/7/2021
USD,1,3.3215,0.0000,აშშ დოლარი,2/7/2021,2/7/2021
CNY,10,5.1335,0.0007,ჩინური იუანი,2/7/2021,2/6/2021
RUB,100,4.4333,0.0342,რუსული რუბლი,2/7/2021,2/6/2021
USD,1,3.3215,0.0041,აშშ დოლარი,2/7/2021,2/6/2021
CNY,10,5.1328,0.0038,ჩინური იუანი,2/4/2021,2/5/2021
RUB,100,4.3991,0.0415,რუსული რუბლი,2/4/2021,2/5/2021
USD,1,3.3174,0.0034,აშშ დოლარი,2/4/2021,2/5/2021
CNY,10,5.1290,0.0074,ჩინური იუანი,2/3/2021,2/4/2021
RUB,100,4.3576,0.0005,რუსული რუბლი,2/3/2021,2/4/2021
USD,1,3.3140,0.0068,აშშ დოლარი,2/3/2021,2/4/2021
CNY,10,5.1216,0.0000,ჩინური იუანი,2/3/2021,2/3/2021
RUB,100,4.3571,0.0000,რუსული რუბლი,2/3/2021,2/3/2021
USD,1,3.3072,0.0000,აშშ დოლარი,2/3/2021,2/3/2021
CNY,10,5.1103,0.0200,ჩინური იუანი,2/2/2021,2/2/2021
RUB,100,4.3625,0.0242,რუსული რუბლი,2/2/2021,2/2/2021
USD,1,3.3048,0.0022,აშშ დოლარი,2/2/2021,2/2/2021
CNY,10,5.1303,0.0000,ჩინური იუანი,2/1/2021,2/1/2021
RUB,100,4.3383,0.0000,რუსული რუბლი,2/1/2021,2/1/2021
USD,1,3.3026,0.0000,აშშ დოლარი,2/1/2021,2/1/2021
CNY,10,5.1303,0.0000,ჩინური იუანი,1/31/2021,1/31/2021
RUB,100,4.3383,0.0000,რუსული რუბლი,1/31/2021,1/31/2021
USD,1,3.3026,0.0000,აშშ დოლარი,1/31/2021,1/31/2021
CNY,10,5.1303,0.0275,ჩინური იუანი,1/31/2021,1/30/2021
RUB,100,4.3383,0.0047,რუსული რუბლი,1/31/2021,1/30/2021
USD,1,3.3026,0.0031,აშშ დოლარი,1/31/2021,1/30/2021
CNY,10,5.1028,0.0056,ჩინური იუანი,1/28/2021,1/29/2021
RUB,100,4.3336,0.0416,რუსული რუბლი,1/28/2021,1/29/2021
USD,1,3.2995,0.0026,აშშ დოლარი,1/28/2021,1/29/2021
CNY,10,5.0972,0.0039,ჩინური იუანი,1/27/2021,1/28/2021
RUB,100,4.3752,0.0038,რუსული რუბლი,1/27/2021,1/28/2021
USD,1,3.2969,0.0042,აშშ დოლარი,1/27/2021,1/28/2021
CNY,10,5.1011,0.0002,ჩინური იუანი,1/26/2021,1/27/2021
RUB,100,4.3714,0.0217,რუსული რუბლი,1/26/2021,1/27/2021
USD,1,3.3011,0.0032,აშშ დოლარი,1/26/2021,1/27/2021
CNY,10,5.1009,0.0005,ჩინური იუანი,1/25/2021,1/26/2021
RUB,100,4.3931,0.0190,რუსული რუბლი,1/25/2021,1/26/2021
USD,1,3.3043,0.0001,აშშ დოლარი,1/25/2021,1/26/2021
CNY,10,5.1014,0.0000,ჩინური იუანი,1/25/2021,1/25/2021
RUB,100,4.4121,0.0000,რუსული რუბლი,1/25/2021,1/25/2021
USD,1,3.3044,0.0000,აშშ დოლარი,1/25/2021,1/25/2021
CNY,10,5.1014,0.0000,ჩინური იუანი,1/24/2021,1/24/2021
RUB,100,4.4121,0.0000,რუსული რუბლი,1/24/2021,1/24/2021
USD,1,3.3044,0.0000,აშშ დოლარი,1/24/2021,1/24/2021
CNY,10,5.1014,0.0070,ჩინური იუანი,1/24/2021,1/23/2021
RUB,100,4.4121,0.0705,რუსული რუბლი,1/24/2021,1/23/2021
USD,1,3.3044,0.0034,აშშ დოლარი,1/24/2021,1/23/2021
CNY,10,5.1084,0.0082,ჩინური იუანი,1/21/2021,1/22/2021
RUB,100,4.4826,0.0038,რუსული რუბლი,1/21/2021,1/22/2021
USD,1,3.3010,0.0028,აშშ დოლარი,1/21/2021,1/22/2021
CNY,10,5.1002,0.0195,ჩინური იუანი,1/20/2021,1/21/2021
RUB,100,4.4864,0.0418,რუსული რუბლი,1/20/2021,1/21/2021
USD,1,3.2982,0.0012,აშშ დოლარი,1/20/2021,1/21/2021
CNY,10,5.0807,0.0000,ჩინური იუანი,1/20/2021,1/20/2021
RUB,100,4.4446,0.0000,რუსული რუბლი,1/20/2021,1/20/2021
USD,1,3.2994,0.0000,აშშ დოლარი,1/20/2021,1/20/2021
CNY,10,5.0807,0.0164,ჩინური იუანი,1/19/2021,1/19/2021
RUB,100,4.4446,0.0510,რუსული რუბლი,1/19/2021,1/19/2021
USD,1,3.2994,0.0007,აშშ დოლარი,1/19/2021,1/19/2021
CNY,10,5.0971,0.0000,ჩინური იუანი,1/18/2021,1/18/2021
RUB,100,4.4956,0.0000,რუსული რუბლი,1/18/2021,1/18/2021
USD,1,3.2987,0.0000,აშშ დოლარი,1/18/2021,1/18/2021
CNY,10,5.0971,0.0000,ჩინური იუანი,1/17/2021,1/17/2021
RUB,100,4.4956,0.0000,რუსული რუბლი,1/17/2021,1/17/2021
USD,1,3.2987,0.0000,აშშ დოლარი,1/17/2021,1/17/2021
CNY,10,5.0971,0.0009,ჩინური იუანი,1/17/2021,1/16/2021
RUB,100,4.4956,0.0019,რუსული რუბლი,1/17/2021,1/16/2021
USD,1,3.2987,0.0052,აშშ დოლარი,1/17/2021,1/16/2021
CNY,10,5.0962,0.0096,ჩინური იუანი,1/14/2021,1/15/2021
RUB,100,4.4937,0.0392,რუსული რუბლი,1/14/2021,1/15/2021
USD,1,3.2935,0.0026,აშშ დოლარი,1/14/2021,1/15/2021
CNY,10,5.0866,0.0043,ჩინური იუანი,1/13/2021,1/14/2021
RUB,100,4.4545,0.0176,რუსული რუბლი,1/13/2021,1/14/2021
USD,1,3.2909,0.0021,აშშ დოლარი,1/13/2021,1/14/2021
CNY,10,5.0909,0.0054,ჩინური იუანი,1/12/2021,1/13/2021
RUB,100,4.4369,0.0118,რუსული რუბლი,1/12/2021,1/13/2021
USD,1,3.2888,0.0124,აშშ დოლარი,1/12/2021,1/13/2021
CNY,10,5.0963,0.0141,ჩინური იუანი,1/11/2021,1/12/2021
RUB,100,4.4251,0.0133,რუსული რუბლი,1/11/2021,1/12/2021
USD,1,3.3012,0.0023,აშშ დოლარი,1/11/2021,1/12/2021
CNY,10,5.1104,0.0000,ჩინური იუანი,1/11/2021,1/11/2021
RUB,100,4.4384,0.0000,რუსული რუბლი,1/11/2021,1/11/2021
USD,1,3.3035,0.0000,აშშ დოლარი,1/11/2021,1/11/2021
CNY,10,5.1104,0.0000,ჩინური იუანი,1/10/2021,1/10/2021
RUB,100,4.4384,0.0000,რუსული რუბლი,1/10/2021,1/10/2021
USD,1,3.3035,0.0000,აშშ დოლარი,1/10/2021,1/10/2021
CNY,10,5.1104,0.0025,ჩინური იუანი,1/10/2021,1/9/2021
RUB,100,4.4384,0.0440,რუსული რუბლი,1/10/2021,1/9/2021
USD,1,3.3035,0.0034,აშშ დოლარი,1/10/2021,1/9/2021
CNY,10,5.1129,0.0000,ჩინური იუანი,1/8/2021,1/8/2021
RUB,100,4.4824,0.0000,რუსული რუბლი,1/8/2021,1/8/2021
USD,1,3.3001,0.0000,აშშ დოლარი,1/8/2021,1/8/2021
CNY,10,5.1129,0.0038,ჩინური იუანი,1/7/2021,1/7/2021
RUB,100,4.4824,0.0488,რუსული რუბლი,1/7/2021,1/7/2021
USD,1,3.3001,0.0073,აშშ დოლარი,1/7/2021,1/7/2021
CNY,10,5.1167,0.0065,ჩინური იუანი,1/5/2021,1/6/2021
RUB,100,4.4336,0.0725,რუსული რუბლი,1/5/2021,1/6/2021
USD,1,3.3074,0.0046,აშშ დოლარი,1/5/2021,1/6/2021
CNY,10,5.1102,0.1011,ჩინური იუანი,1/4/2021,1/5/2021
RUB,100,4.5061,0.1149,რუსული რუბლი,1/4/2021,1/5/2021
USD,1,3.3028,0.0262,აშშ დოლარი,1/4/2021,1/5/2021
CNY,10,5.0091,0.0000,ჩინური იუანი,1/4/2021,1/4/2021
RUB,100,4.3912,0.0000,რუსული რუბლი,1/4/2021,1/4/2021
USD,1,3.2766,0.0000,აშშ დოლარი,1/4/2021,1/4/2021
CNY,10,5.0091,0.0000,ჩინური იუანი,1/3/2021,1/3/2021
RUB,100,4.3912,0.0000,რუსული რუბლი,1/3/2021,1/3/2021
USD,1,3.2766,0.0000,აშშ დოლარი,1/3/2021,1/3/2021
CNY,10,5.0091,0.0000,ჩინური იუანი,1/2/2021,1/2/2021
RUB,100,4.3912,0.0000,რუსული რუბლი,1/2/2021,1/2/2021
USD,1,3.2766,0.0000,აშშ დოლარი,1/2/2021,1/2/2021
CNY,10,5.0091,0.0124,ჩინური იუანი,1/3/2021,1/1/2021
RUB,100,4.3912,0.0119,რუსული რუბლი,1/3/2021,1/1/2021
USD,1,3.2766,0.0000,აშშ დოლარი,1/3/2021,1/1/2021
CNY,10,5.0215,0.0004,ჩინური იუანი,12/30/2020,12/31/2020
RUB,100,4.4031,0.0636,რუსული რუბლი,12/30/2020,12/31/2020
USD,1,3.2766,0.0029,აშშ დოლარი,12/30/2020,12/31/2020
CNY,10,5.0211,0.0196,ჩინური იუანი,12/29/2020,12/30/2020
RUB,100,4.4667,0.0308,რუსული რუბლი,12/29/2020,12/30/2020
USD,1,3.2795,0.0079,აშშ დოლარი,12/29/2020,12/30/2020
CNY,10,5.0015,0.0016,ჩინური იუანი,12/28/2020,12/29/2020
RUB,100,4.4359,0.0104,რუსული რუბლი,12/28/2020,12/29/2020
USD,1,3.2716,0.0017,აშშ დოლარი,12/28/2020,12/29/2020
CNY,10,5.0031,0.0000,ჩინური იუანი,12/28/2020,12/28/2020
RUB,100,4.4255,0.0000,რუსული რუბლი,12/28/2020,12/28/2020
USD,1,3.2699,0.0000,აშშ დოლარი,12/28/2020,12/28/2020
CNY,10,5.0031,0.0000,ჩინური იუანი,12/27/2020,12/27/2020
RUB,100,4.4255,0.0000,რუსული რუბლი,12/27/2020,12/27/2020
USD,1,3.2699,0.0000,აშშ დოლარი,12/27/2020,12/27/2020
CNY,10,5.0031,0.0046,ჩინური იუანი,12/27/2020,12/26/2020
RUB,100,4.4255,0.0409,რუსული რუბლი,12/27/2020,12/26/2020
USD,1,3.2699,0.0004,აშშ დოლარი,12/27/2020,12/26/2020
CNY,10,5.0077,0.0046,ჩინური იუანი,12/24/2020,12/25/2020
RUB,100,4.3846,0.0376,რუსული რუბლი,12/24/2020,12/25/2020
USD,1,3.2703,0.0001,აშშ დოლარი,12/24/2020,12/25/2020
CNY,10,5.0031,0.0072,ჩინური იუანი,12/23/2020,12/24/2020
RUB,100,4.3470,0.0102,რუსული რუბლი,12/23/2020,12/24/2020
USD,1,3.2704,0.0020,აშშ დოლარი,12/23/2020,12/24/2020
CNY,10,4.9959,0.0128,ჩინური იუანი,12/22/2020,12/23/2020
RUB,100,4.3368,0.0005,რუსული რუბლი,12/22/2020,12/23/2020
USD,1,3.2684,0.0024,აშშ დოლარი,12/22/2020,12/23/2020
CNY,10,4.9831,0.0000,ჩინური იუანი,12/22/2020,12/22/2020
RUB,100,4.3373,0.0000,რუსული რუბლი,12/22/2020,12/22/2020
USD,1,3.2660,0.0000,აშშ დოლარი,12/22/2020,12/22/2020
CNY,10,5.0083,0.0000,ჩინური იუანი,12/21/2020,12/21/2020
RUB,100,4.4449,0.0000,რუსული რუბლი,12/21/2020,12/21/2020
USD,1,3.2747,0.0000,აშშ დოლარი,12/21/2020,12/21/2020
CNY,10,5.0083,0.0000,ჩინური იუანი,12/20/2020,12/20/2020
RUB,100,4.4449,0.0000,რუსული რუბლი,12/20/2020,12/20/2020
USD,1,3.2747,0.0000,აშშ დოლარი,12/20/2020,12/20/2020
CNY,10,5.0083,0.0183,ჩინური იუანი,12/21/2020,12/19/2020
RUB,100,4.4449,0.0618,რუსული რუბლი,12/21/2020,12/19/2020
USD,1,3.2747,0.0099,აშშ დოლარი,12/21/2020,12/19/2020
CNY,10,5.0266,0.0015,ჩინური იუანი,12/17/2020,12/18/2020
RUB,100,4.5067,0.0373,რუსული რუბლი,12/17/2020,12/18/2020
USD,1,3.2846,0.0035,აშშ დოლარი,12/17/2020,12/18/2020
CNY,10,5.0251,0.0013,ჩინური იუანი,12/16/2020,12/17/2020
RUB,100,4.4694,0.0174,რუსული რუბლი,12/16/2020,12/17/2020
USD,1,3.2811,0.0094,აშშ დოლარი,12/16/2020,12/17/2020
CNY,10,5.0264,0.0008,ჩინური იუანი,12/15/2020,12/16/2020
RUB,100,4.4868,0.0148,რუსული რუბლი,12/15/2020,12/16/2020
USD,1,3.2905,0.0016,აშშ დოლარი,12/15/2020,12/16/2020
CNY,10,5.0272,0.0047,ჩინური იუანი,12/14/2020,12/15/2020
RUB,100,4.5016,0.0110,რუსული რუბლი,12/14/2020,12/15/2020
USD,1,3.2889,0.0019,აშშ დოლარი,12/14/2020,12/15/2020
CNY,10,5.0225,0.0000,ჩინური იუანი,12/14/2020,12/14/2020
RUB,100,4.4906,0.0000,რუსული რუბლი,12/14/2020,12/14/2020
USD,1,3.2870,0.0000,აშშ დოლარი,12/14/2020,12/14/2020
CNY,10,5.0225,0.0000,ჩინური იუანი,12/13/2020,12/13/2020
RUB,100,4.4906,0.0000,რუსული რუბლი,12/13/2020,12/13/2020
USD,1,3.2870,0.0000,აშშ დოლარი,12/13/2020,12/13/2020
CNY,10,5.0225,0.0025,ჩინური იუანი,12/13/2020,12/12/2020
RUB,100,4.4906,0.0174,რუსული რუბლი,12/13/2020,12/12/2020
USD,1,3.2870,0.0032,აშშ დოლარი,12/13/2020,12/12/2020
CNY,10,5.0200,0.0032,ჩინური იუანი,12/10/2020,12/11/2020
RUB,100,4.4732,0.0008,რუსული რუბლი,12/10/2020,12/11/2020
USD,1,3.2838,0.0026,აშშ დოლარი,12/10/2020,12/11/2020
CNY,10,5.0232,0.0162,ჩინური იუანი,12/9/2020,12/10/2020
RUB,100,4.4740,0.0118,რუსული რუბლი,12/9/2020,12/10/2020
USD,1,3.2812,0.0112,აშშ დოლარი,12/9/2020,12/10/2020
CNY,10,5.0070,0.0257,ჩინური იუანი,12/8/2020,12/9/2020
RUB,100,4.4622,0.0378,რუსული რუბლი,12/8/2020,12/9/2020
USD,1,3.2700,0.0210,აშშ დოლარი,12/8/2020,12/9/2020
CNY,10,5.0327,0.0354,ჩინური იუანი,12/7/2020,12/8/2020
RUB,100,4.4244,0.0307,რუსული რუბლი,12/7/2020,12/8/2020
USD,1,3.2910,0.0205,აშშ დოლარი,12/7/2020,12/8/2020
CNY,10,5.0681,0.0000,ჩინური იუანი,12/7/2020,12/7/2020
RUB,100,4.4551,0.0000,რუსული რუბლი,12/7/2020,12/7/2020
USD,1,3.3115,0.0000,აშშ დოლარი,12/7/2020,12/7/2020
CNY,10,5.0681,0.0000,ჩინური იუანი,12/6/2020,12/6/2020
RUB,100,4.4551,0.0000,რუსული რუბლი,12/6/2020,12/6/2020
USD,1,3.3115,0.0000,აშშ დოლარი,12/6/2020,12/6/2020
CNY,10,5.0681,0.0178,ჩინური იუანი,12/6/2020,12/5/2020
RUB,100,4.4551,0.0467,რუსული რუბლი,12/6/2020,12/5/2020
USD,1,3.3115,0.0004,აშშ დოლარი,12/6/2020,12/5/2020
CNY,10,5.0503,0.0062,ჩინური იუანი,12/3/2020,12/4/2020
RUB,100,4.4084,0.0239,რუსული რუბლი,12/3/2020,12/4/2020
USD,1,3.3119,0.0070,აშშ დოლარი,12/3/2020,12/4/2020
CNY,10,5.0565,0.0074,ჩინური იუანი,12/2/2020,12/3/2020
RUB,100,4.3845,0.0211,რუსული რუბლი,12/2/2020,12/3/2020
USD,1,3.3189,0.0004,აშშ დოლარი,12/2/2020,12/3/2020
CNY,10,5.0491,0.0090,ჩინური იუანი,12/1/2020,12/2/2020
RUB,100,4.3634,0.0070,რუსული რუბლი,12/1/2020,12/2/2020
USD,1,3.3185,0.0068,აშშ დოლარი,12/1/2020,12/2/2020
CNY,10,5.0581,0.0143,ჩინური იუანი,11/30/2020,12/1/2020
RUB,100,4.3704,0.0012,რუსული რუბლი,11/30/2020,12/1/2020
USD,1,3.3253,0.0089,აშშ დოლარი,11/30/2020,12/1/2020
CNY,10,5.0438,0.0000,ჩინური იუანი,11/30/2020,11/30/2020
RUB,100,4.3692,0.0000,რუსული რუბლი,11/30/2020,11/30/2020
USD,1,3.3164,0.0000,აშშ დოლარი,11/30/2020,11/30/2020
CNY,10,5.0438,0.0000,ჩინური იუანი,11/29/2020,11/29/2020
RUB,100,4.3692,0.0000,რუსული რუბლი,11/29/2020,11/29/2020
USD,1,3.3164,0.0000,აშშ დოლარი,11/29/2020,11/29/2020
CNY,10,5.0438,0.0042,ჩინური იუანი,11/29/2020,11/28/2020
RUB,100,4.3692,0.0136,რუსული რუბლი,11/29/2020,11/28/2020
USD,1,3.3164,0.0027,აშშ დოლარი,11/29/2020,11/28/2020
CNY,10,5.0396,0.0013,ჩინური იუანი,11/26/2020,11/27/2020
RUB,100,4.3828,0.0022,რუსული რუბლი,11/26/2020,11/27/2020
USD,1,3.3137,0.0001,აშშ დოლარი,11/26/2020,11/27/2020
CNY,10,5.0409,0.0055,ჩინური იუანი,11/25/2020,11/26/2020
RUB,100,4.3806,0.0177,რუსული რუბლი,11/25/2020,11/26/2020
USD,1,3.3138,0.0055,აშშ დოლარი,11/25/2020,11/26/2020
CNY,10,5.0464,0.0130,ჩინური იუანი,11/24/2020,11/25/2020
RUB,100,4.3629,0.0148,რუსული რუბლი,11/24/2020,11/25/2020
USD,1,3.3193,0.0120,აშშ დოლარი,11/24/2020,11/25/2020
CNY,10,5.0334,0.0000,ჩინური იუანი,11/24/2020,11/24/2020
RUB,100,4.3481,0.0000,რუსული რუბლი,11/24/2020,11/24/2020
USD,1,3.3073,0.0000,აშშ დოლარი,11/24/2020,11/24/2020
CNY,10,5.0334,0.0000,ჩინური იუანი,11/23/2020,11/23/2020
RUB,100,4.3481,0.0000,რუსული რუბლი,11/23/2020,11/23/2020
USD,1,3.3073,0.0000,აშშ დოლარი,11/23/2020,11/23/2020
CNY,10,5.0334,0.0000,ჩინური იუანი,11/22/2020,11/22/2020
RUB,100,4.3481,0.0000,რუსული რუბლი,11/22/2020,11/22/2020
USD,1,3.3073,0.0000,აშშ დოლარი,11/22/2020,11/22/2020
CNY,10,5.0334,0.0313,ჩინური იუანი,11/23/2020,11/21/2020
RUB,100,4.3481,0.0372,რუსული რუბლი,11/23/2020,11/21/2020
USD,1,3.3073,0.0125,აშშ დოლარი,11/23/2020,11/21/2020
CNY,10,5.0021,0.0233,ჩინური იუანი,11/19/2020,11/20/2020
RUB,100,4.3109,0.0412,რუსული რუბლი,11/19/2020,11/20/2020
USD,1,3.2948,0.0029,აშშ დოლარი,11/19/2020,11/20/2020
CNY,10,5.0254,0.0138,ჩინური იუანი,11/18/2020,11/19/2020
RUB,100,4.3521,0.0371,რუსული რუბლი,11/18/2020,11/19/2020
USD,1,3.2919,0.0102,აშშ დოლარი,11/18/2020,11/19/2020
CNY,10,5.0392,0.0253,ჩინური იუანი,11/17/2020,11/18/2020
RUB,100,4.3150,0.0201,რუსული რუბლი,11/17/2020,11/18/2020
USD,1,3.3021,0.0017,აშშ დოლარი,11/17/2020,11/18/2020
CNY,10,5.0139,0.0280,ჩინური იუანი,11/16/2020,11/17/2020
RUB,100,4.2949,0.0368,რუსული რუბლი,11/16/2020,11/17/2020
USD,1,3.3004,0.0053,აშშ დოლარი,11/16/2020,11/17/2020
CNY,10,4.9859,0.0000,ჩინური იუანი,11/16/2020,11/16/2020
RUB,100,4.2581,0.0000,რუსული რუბლი,11/16/2020,11/16/2020
USD,1,3.2951,0.0000,აშშ დოლარი,11/16/2020,11/16/2020
CNY,10,4.9859,0.0000,ჩინური იუანი,11/15/2020,11/15/2020
RUB,100,4.2581,0.0000,რუსული რუბლი,11/15/2020,11/15/2020
USD,1,3.2951,0.0000,აშშ დოლარი,11/15/2020,11/15/2020
CNY,10,4.9859,0.0135,ჩინური იუანი,11/15/2020,11/14/2020
RUB,100,4.2581,0.0304,რუსული რუბლი,11/15/2020,11/14/2020
USD,1,3.2951,0.0037,აშშ დოლარი,11/15/2020,11/14/2020
CNY,10,4.9724,0.0062,ჩინური იუანი,11/12/2020,11/13/2020
RUB,100,4.2885,0.0259,რუსული რუბლი,11/12/2020,11/13/2020
USD,1,3.2914,0.0051,აშშ დოლარი,11/12/2020,11/13/2020
CNY,10,4.9662,0.0530,ჩინური იუანი,11/11/2020,11/12/2020
RUB,100,4.3144,0.0304,რუსული რუბლი,11/11/2020,11/12/2020
USD,1,3.2863,0.0323,აშშ დოლარი,11/11/2020,11/12/2020
CNY,10,5.0192,0.0407,ჩინური იუანი,11/10/2020,11/11/2020
RUB,100,4.3448,0.0278,რუსული რუბლი,11/10/2020,11/11/2020
USD,1,3.3186,0.0122,აშშ დოლარი,11/10/2020,11/11/2020
CNY,10,5.0599,0.0237,ჩინური იუანი,11/9/2020,11/10/2020
RUB,100,4.3170,0.0209,რუსული რუბლი,11/9/2020,11/10/2020
USD,1,3.3308,0.0305,აშშ დოლარი,11/9/2020,11/10/2020
CNY,10,5.0836,0.0000,ჩინური იუანი,11/9/2020,11/9/2020
RUB,100,4.3379,0.0000,რუსული რუბლი,11/9/2020,11/9/2020
USD,1,3.3613,0.0000,აშშ დოლარი,11/9/2020,11/9/2020
CNY,10,5.0836,0.0000,ჩინური იუანი,11/8/2020,11/8/2020
RUB,100,4.3379,0.0000,რუსული რუბლი,11/8/2020,11/8/2020
USD,1,3.3613,0.0000,აშშ დოლარი,11/8/2020,11/8/2020
CNY,10,5.0836,0.0562,ჩინური იუანი,11/8/2020,11/7/2020
RUB,100,4.3379,0.0377,რუსული რუბლი,11/8/2020,11/7/2020
USD,1,3.3613,0.0387,აშშ დოლარი,11/8/2020,11/7/2020
CNY,10,5.1398,0.1562,ჩინური იუანი,11/5/2020,11/6/2020
RUB,100,4.3756,0.1608,რუსული რუბლი,11/5/2020,11/6/2020
USD,1,3.4000,0.0591,აშშ დოლარი,11/5/2020,11/6/2020
CNY,10,4.9836,0.0475,ჩინური იუანი,11/4/2020,11/5/2020
RUB,100,4.2148,0.0740,რუსული რუბლი,11/4/2020,11/5/2020
USD,1,3.3409,0.0421,აშშ დოლარი,11/4/2020,11/5/2020
CNY,10,4.9361,0.0880,ჩინური იუანი,11/3/2020,11/4/2020
RUB,100,4.1408,0.1101,რუსული რუბლი,11/3/2020,11/4/2020
USD,1,3.2988,0.0550,აშშ დოლარი,11/3/2020,11/4/2020
CNY,10,4.8481,0.0150,ჩინური იუანი,11/2/2020,11/3/2020
RUB,100,4.0307,0.0469,რუსული რუბლი,11/2/2020,11/3/2020
USD,1,3.2438,0.0111,აშშ დოლარი,11/2/2020,11/3/2020
CNY,10,4.8331,0.0000,ჩინური იუანი,11/2/2020,11/2/2020
RUB,100,4.0776,0.0000,რუსული რუბლი,11/2/2020,11/2/2020
USD,1,3.2327,0.0000,აშშ დოლარი,11/2/2020,11/2/2020
CNY,10,4.8331,0.0000,ჩინური იუანი,11/1/2020,11/1/2020
RUB,100,4.0776,0.0000,რუსული რუბლი,11/1/2020,11/1/2020
USD,1,3.2327,0.0000,აშშ დოლარი,11/1/2020,11/1/2020
CNY,10,4.8331,0.0128,ჩინური იუანი,11/1/2020,10/31/2020
RUB,100,4.0776,0.0018,რუსული რუბლი,11/1/2020,10/31/2020
USD,1,3.2327,0.0011,აშშ დოლარი,11/1/2020,10/31/2020
CNY,10,4.8203,0.0002,ჩინური იუანი,10/29/2020,10/30/2020
RUB,100,4.0794,0.0436,რუსული რუბლი,10/29/2020,10/30/2020
USD,1,3.2338,0.0007,აშშ დოლარი,10/29/2020,10/30/2020
CNY,10,4.8201,0.0165,ჩინური იუანი,10/28/2020,10/29/2020
RUB,100,4.1230,0.0906,რუსული რუბლი,10/28/2020,10/29/2020
USD,1,3.2345,0.0103,აშშ დოლარი,10/28/2020,10/29/2020
CNY,10,4.8036,0.0139,ჩინური იუანი,10/27/2020,10/28/2020
RUB,100,4.2136,0.0073,რუსული რუბლი,10/27/2020,10/28/2020
USD,1,3.2242,0.0043,აშშ დოლარი,10/27/2020,10/28/2020
CNY,10,4.8175,0.0105,ჩინური იუანი,10/26/2020,10/27/2020
RUB,100,4.2209,0.0035,რუსული რუბლი,10/26/2020,10/27/2020
USD,1,3.2285,0.0083,აშშ დოლარი,10/26/2020,10/27/2020
CNY,10,4.8280,0.0000,ჩინური იუანი,10/26/2020,10/26/2020
RUB,100,4.2174,0.0000,რუსული რუბლი,10/26/2020,10/26/2020
USD,1,3.2202,0.0000,აშშ დოლარი,10/26/2020,10/26/2020
CNY,10,4.8280,0.0000,ჩინური იუანი,10/25/2020,10/25/2020
RUB,100,4.2174,0.0000,რუსული რუბლი,10/25/2020,10/25/2020
USD,1,3.2202,0.0000,აშშ დოლარი,10/25/2020,10/25/2020
CNY,10,4.8280,0.0090,ჩინური იუანი,10/25/2020,10/24/2020
RUB,100,4.2174,0.0332,რუსული რუბლი,10/25/2020,10/24/2020
USD,1,3.2202,0.0021,აშშ დოლარი,10/25/2020,10/24/2020
CNY,10,4.8190,0.0317,ჩინური იუანი,10/22/2020,10/23/2020
RUB,100,4.1842,0.0027,რუსული რუბლი,10/22/2020,10/23/2020
USD,1,3.2181,0.0093,აშშ დოლარი,10/22/2020,10/23/2020
CNY,10,4.8507,0.0271,ჩინური იუანი,10/21/2020,10/22/2020
RUB,100,4.1869,0.0456,რუსული რუბლი,10/21/2020,10/22/2020
USD,1,3.2274,0.0052,აშშ დოლარი,10/21/2020,10/22/2020
CNY,10,4.8236,0.0190,ჩინური იუანი,10/20/2020,10/21/2020
RUB,100,4.1413,0.0081,რუსული რუბლი,10/20/2020,10/21/2020
USD,1,3.2222,0.0105,აშშ დოლარი,10/20/2020,10/21/2020
CNY,10,4.8046,0.0009,ჩინური იუანი,10/19/2020,10/20/2020
RUB,100,4.1332,0.0112,რუსული რუბლი,10/19/2020,10/20/2020
USD,1,3.2117,0.0069,აშშ დოლარი,10/19/2020,10/20/2020
CNY,10,4.8037,0.0000,ჩინური იუანი,10/19/2020,10/19/2020
RUB,100,4.1220,0.0000,რუსული რუბლი,10/19/2020,10/19/2020
USD,1,3.2186,0.0000,აშშ დოლარი,10/19/2020,10/19/2020
CNY,10,4.8037,0.0000,ჩინური იუანი,10/18/2020,10/18/2020
RUB,100,4.1220,0.0000,რუსული რუბლი,10/18/2020,10/18/2020
USD,1,3.2186,0.0000,აშშ დოლარი,10/18/2020,10/18/2020
CNY,10,4.8037,0.0112,ჩინური იუანი,10/18/2020,10/17/2020
RUB,100,4.1220,0.0193,რუსული რუბლი,10/18/2020,10/17/2020
USD,1,3.2186,0.0063,აშშ დოლარი,10/18/2020,10/17/2020
CNY,10,4.7925,0.0107,ჩინური იუანი,10/15/2020,10/16/2020
RUB,100,4.1413,0.0368,რუსული რუბლი,10/15/2020,10/16/2020
USD,1,3.2249,0.0040,აშშ დოლარი,10/15/2020,10/16/2020
CNY,10,4.7818,0.0000,ჩინური იუანი,10/15/2020,10/15/2020
RUB,100,4.1781,0.0000,რუსული რუბლი,10/15/2020,10/15/2020
USD,1,3.2209,0.0000,აშშ დოლარი,10/15/2020,10/15/2020
CNY,10,4.7818,0.0117,ჩინური იუანი,10/14/2020,10/14/2020
RUB,100,4.1781,0.0006,რუსული რუბლი,10/14/2020,10/14/2020
USD,1,3.2209,0.0012,აშშ დოლარი,10/14/2020,10/14/2020
CNY,10,4.7701,0.0282,ჩინური იუანი,10/12/2020,10/13/2020
RUB,100,4.1787,0.0108,რუსული რუბლი,10/12/2020,10/13/2020
USD,1,3.2197,0.0025,აშშ დოლარი,10/12/2020,10/13/2020
CNY,10,4.7983,0.0000,ჩინური იუანი,10/12/2020,10/12/2020
RUB,100,4.1679,0.0000,რუსული რუბლი,10/12/2020,10/12/2020
USD,1,3.2172,0.0000,აშშ დოლარი,10/12/2020,10/12/2020
CNY,10,4.7983,0.0000,ჩინური იუანი,10/11/2020,10/11/2020
RUB,100,4.1679,0.0000,რუსული რუბლი,10/11/2020,10/11/2020
USD,1,3.2172,0.0000,აშშ დოლარი,10/11/2020,10/11/2020
CNY,10,4.7983,0.0519,ჩინური იუანი,10/11/2020,10/10/2020
RUB,100,4.1679,0.0144,რუსული რუბლი,10/11/2020,10/10/2020
USD,1,3.2172,0.0061,აშშ დოლარი,10/11/2020,10/10/2020
CNY,10,4.7464,0.0092,ჩინური იუანი,10/8/2020,10/9/2020
RUB,100,4.1535,0.0526,რუსული რუბლი,10/8/2020,10/9/2020
USD,1,3.2233,0.0063,აშშ დოლარი,10/8/2020,10/9/2020
CNY,10,4.7372,0.0057,ჩინური იუანი,10/7/2020,10/8/2020
RUB,100,4.1009,0.0153,რუსული რუბლი,10/7/2020,10/8/2020
USD,1,3.2170,0.0039,აშშ დოლარი,10/7/2020,10/8/2020
CNY,10,4.7429,0.0283,ჩინური იუანი,10/6/2020,10/7/2020
RUB,100,4.1162,0.0372,რუსული რუბლი,10/6/2020,10/7/2020
USD,1,3.2209,0.0192,აშშ დოლარი,10/6/2020,10/7/2020
CNY,10,4.7146,0.0062,ჩინური იუანი,10/5/2020,10/6/2020
RUB,100,4.0790,0.0065,რუსული რუბლი,10/5/2020,10/6/2020
USD,1,3.2017,0.0042,აშშ დოლარი,10/5/2020,10/6/2020
CNY,10,4.7084,0.0000,ჩინური იუანი,10/5/2020,10/5/2020
RUB,100,4.0725,0.0000,რუსული რუბლი,10/5/2020,10/5/2020
USD,1,3.1975,0.0000,აშშ დოლარი,10/5/2020,10/5/2020
CNY,10,4.7084,0.0000,ჩინური იუანი,10/4/2020,10/4/2020
RUB,100,4.0725,0.0000,რუსული რუბლი,10/4/2020,10/4/2020
USD,1,3.1975,0.0000,აშშ დოლარი,10/4/2020,10/4/2020
CNY,10,4.7084,0.0020,ჩინური იუანი,10/4/2020,10/3/2020
RUB,100,4.0725,0.0688,რუსული რუბლი,10/4/2020,10/3/2020
USD,1,3.1975,0.0013,აშშ დოლარი,10/4/2020,10/3/2020
CNY,10,4.7104,0.0005,ჩინური იუანი,10/1/2020,10/2/2020
RUB,100,4.1413,0.0437,რუსული რუბლი,10/1/2020,10/2/2020
USD,1,3.1988,0.0071,აშშ დოლარი,10/1/2020,10/2/2020
CNY,10,4.7109,0.1103,ჩინური იუანი,9/30/2020,10/1/2020
RUB,100,4.0976,0.0735,რუსული რუბლი,9/30/2020,10/1/2020
USD,1,3.2059,0.0819,აშშ დოლარი,9/30/2020,10/1/2020
CNY,10,4.8212,0.0528,ჩინური იუანი,9/29/2020,9/30/2020
RUB,100,4.1711,0.0429,რუსული რუბლი,9/29/2020,9/30/2020
USD,1,3.2878,0.0325,აშშ დოლარი,9/29/2020,9/30/2020
CNY,10,4.8740,0.0069,ჩინური იუანი,9/28/2020,9/29/2020
RUB,100,4.2140,0.0735,რუსული რუბლი,9/28/2020,9/29/2020
USD,1,3.3203,0.0129,აშშ დოლარი,9/28/2020,9/29/2020
CNY,10,4.8809,0.0000,ჩინური იუანი,9/28/2020,9/28/2020
RUB,100,4.2875,0.0000,რუსული რუბლი,9/28/2020,9/28/2020
USD,1,3.3332,0.0000,აშშ დოლარი,9/28/2020,9/28/2020
CNY,10,4.8809,0.0000,ჩინური იუანი,9/27/2020,9/27/2020
RUB,100,4.2875,0.0000,რუსული რუბლი,9/27/2020,9/27/2020
USD,1,3.3332,0.0000,აშშ დოლარი,9/27/2020,9/27/2020
CNY,10,4.8809,0.0613,ჩინური იუანი,9/27/2020,9/26/2020
RUB,100,4.2875,0.0157,რუსული რუბლი,9/27/2020,9/26/2020
USD,1,3.3332,0.0435,აშშ დოლარი,9/27/2020,9/26/2020
CNY,10,4.8196,0.0113,ჩინური იუანი,9/24/2020,9/25/2020
RUB,100,4.2718,0.0019,რუსული რუბლი,9/24/2020,9/25/2020
USD,1,3.2897,0.0256,აშშ დოლარი,9/24/2020,9/25/2020
CNY,10,4.8083,0.0049,ჩინური იუანი,9/24/2020,9/24/2020
RUB,100,4.2699,0.0151,რუსული რუბლი,9/24/2020,9/24/2020
USD,1,3.2641,0.0104,აშშ დოლარი,9/24/2020,9/24/2020
CNY,10,4.8034,0.0000,ჩინური იუანი,9/23/2020,9/23/2020
RUB,100,4.2850,0.0000,რუსული რუბლი,9/23/2020,9/23/2020
USD,1,3.2537,0.0000,აშშ დოლარი,9/23/2020,9/23/2020
CNY,10,4.7627,0.0000,ჩინური იუანი,9/22/2020,9/22/2020
RUB,100,4.2349,0.0000,რუსული რუბლი,9/22/2020,9/22/2020
USD,1,3.2295,0.0000,აშშ დოლარი,9/22/2020,9/22/2020
CNY,10,4.7549,0.0000,ჩინური იუანი,9/21/2020,9/21/2020
RUB,100,4.2817,0.0000,რუსული რუბლი,9/21/2020,9/21/2020
USD,1,3.2140,0.0000,აშშ დოლარი,9/21/2020,9/21/2020
CNY,10,4.7549,0.0000,ჩინური იუანი,9/20/2020,9/20/2020
RUB,100,4.2817,0.0000,რუსული რუბლი,9/20/2020,9/20/2020
USD,1,3.2140,0.0000,აშშ დოლარი,9/20/2020,9/20/2020
CNY,10,4.7549,0.0000,ჩინური იუანი,9/19/2020,9/19/2020
RUB,100,4.2817,0.0000,რუსული რუბლი,9/19/2020,9/19/2020
USD,1,3.2140,0.0000,აშშ დოლარი,9/19/2020,9/19/2020
CNY,10,4.7095,0.0000,ჩინური იუანი,9/18/2020,9/18/2020
RUB,100,4.2518,0.0000,რუსული რუბლი,9/18/2020,9/18/2020
USD,1,3.1886,0.0000,აშშ დოლარი,9/18/2020,9/18/2020
CNY,10,4.6674,0.0000,ჩინური იუანი,9/17/2020,9/17/2020
RUB,100,4.2189,0.0000,რუსული რუბლი,9/17/2020,9/17/2020
USD,1,3.1547,0.0000,აშშ დოლარი,9/17/2020,9/17/2020
CNY,10,4.6569,0.0000,ჩინური იუანი,9/16/2020,9/16/2020
RUB,100,4.2015,0.0000,რუსული რუბლი,9/16/2020,9/16/2020
USD,1,3.1546,0.0000,აშშ დოლარი,9/16/2020,9/16/2020
CNY,10,4.5900,0.0000,ჩინური იუანი,9/15/2020,9/15/2020
RUB,100,4.1641,0.0000,რუსული რუბლი,9/15/2020,9/15/2020
USD,1,3.1308,0.0000,აშშ დოლარი,9/15/2020,9/15/2020
CNY,10,4.5545,0.0000,ჩინური იუანი,9/14/2020,9/14/2020
RUB,100,4.1599,0.0000,რუსული რუბლი,9/14/2020,9/14/2020
USD,1,3.1140,0.0000,აშშ დოლარი,9/14/2020,9/14/2020
CNY,10,4.5545,0.0000,ჩინური იუანი,9/13/2020,9/13/2020
RUB,100,4.1599,0.0000,რუსული რუბლი,9/13/2020,9/13/2020
USD,1,3.1140,0.0000,აშშ დოლარი,9/13/2020,9/13/2020
CNY,10,4.5545,0.0000,ჩინური იუანი,9/12/2020,9/12/2020
RUB,100,4.1599,0.0000,რუსული რუბლი,9/12/2020,9/12/2020
USD,1,3.1140,0.0000,აშშ დოლარი,9/12/2020,9/12/2020
CNY,10,4.5312,0.0000,ჩინური იუანი,9/11/2020,9/11/2020
RUB,100,4.1138,0.0000,რუსული რუბლი,9/11/2020,9/11/2020
USD,1,3.0989,0.0000,აშშ დოლარი,9/11/2020,9/11/2020
CNY,10,4.5240,0.0000,ჩინური იუანი,9/10/2020,9/10/2020
RUB,100,4.0813,0.0000,რუსული რუბლი,9/10/2020,9/10/2020
USD,1,3.0975,0.0000,აშშ დოლარი,9/10/2020,9/10/2020
CNY,10,4.5152,0.0000,ჩინური იუანი,9/9/2020,9/9/2020
RUB,100,4.0447,0.0000,რუსული რუბლი,9/9/2020,9/9/2020
USD,1,3.0890,0.0000,აშშ დოლარი,9/9/2020,9/9/2020
CNY,10,4.5121,0.0000,ჩინური იუანი,9/8/2020,9/8/2020
RUB,100,4.0497,0.0000,რუსული რუბლი,9/8/2020,9/8/2020
USD,1,3.0829,0.0000,აშშ დოლარი,9/8/2020,9/8/2020
CNY,10,4.5061,0.0000,ჩინური იუანი,9/7/2020,9/7/2020
RUB,100,4.1035,0.0000,რუსული რუბლი,9/7/2020,9/7/2020
USD,1,3.0804,0.0000,აშშ დოლარი,9/7/2020,9/7/2020
CNY,10,4.5061,0.0000,ჩინური იუანი,9/6/2020,9/6/2020
RUB,100,4.1035,0.0000,რუსული რუბლი,9/6/2020,9/6/2020
USD,1,3.0804,0.0000,აშშ დოლარი,9/6/2020,9/6/2020
CNY,10,4.5061,0.0000,ჩინური იუანი,9/5/2020,9/5/2020
RUB,100,4.1035,0.0000,რუსული რუბლი,9/5/2020,9/5/2020
USD,1,3.0804,0.0000,აშშ დოლარი,9/5/2020,9/5/2020
CNY,10,4.5023,0.0000,ჩინური იუანი,9/4/2020,9/4/2020
RUB,100,4.0819,0.0000,რუსული რუბლი,9/4/2020,9/4/2020
USD,1,3.0782,0.0000,აშშ დოლარი,9/4/2020,9/4/2020
CNY,10,4.5068,0.0000,ჩინური იუანი,9/3/2020,9/3/2020
RUB,100,4.1513,0.0000,რუსული რუბლი,9/3/2020,9/3/2020
USD,1,3.0751,0.0000,აშშ დოლარი,9/3/2020,9/3/2020
CNY,10,4.5094,0.0000,ჩინური იუანი,9/2/2020,9/2/2020
RUB,100,4.1827,0.0000,რუსული რუბლი,9/2/2020,9/2/2020
USD,1,3.0762,0.0000,აშშ დოლარი,9/2/2020,9/2/2020
CNY,10,4.4863,0.0000,ჩინური იუანი,9/1/2020,9/1/2020
RUB,100,4.1608,0.0000,რუსული რუბლი,9/1/2020,9/1/2020
USD,1,3.0714,0.0000,აშშ დოლარი,9/1/2020,9/1/2020
CNY,10,4.4568,0.0000,ჩინური იუანი,8/31/2020,8/31/2020
RUB,100,4.0769,0.0000,რუსული რუბლი,8/31/2020,8/31/2020
USD,1,3.0696,0.0000,აშშ დოლარი,8/31/2020,8/31/2020
CNY,10,4.4568,0.0000,ჩინური იუანი,8/30/2020,8/30/2020
RUB,100,4.0769,0.0000,რუსული რუბლი,8/30/2020,8/30/2020
USD,1,3.0696,0.0000,აშშ დოლარი,8/30/2020,8/30/2020
CNY,10,4.4568,0.0000,ჩინური იუანი,8/29/2020,8/29/2020
RUB,100,4.0769,0.0000,რუსული რუბლი,8/29/2020,8/29/2020
USD,1,3.0696,0.0000,აშშ დოლარი,8/29/2020,8/29/2020
CNY,10,4.4568,0.0000,ჩინური იუანი,8/28/2020,8/28/2020
RUB,100,4.0769,0.0000,რუსული რუბლი,8/28/2020,8/28/2020
USD,1,3.0696,0.0000,აშშ დოლარი,8/28/2020,8/28/2020
CNY,10,4.4700,0.0000,ჩინური იუანი,8/27/2020,8/27/2020
RUB,100,4.0636,0.0000,რუსული რუბლი,8/27/2020,8/27/2020
USD,1,3.0804,0.0000,აშშ დოლარი,8/27/2020,8/27/2020
CNY,10,4.4528,0.0000,ჩინური იუანი,8/26/2020,8/26/2020
RUB,100,4.1219,0.0000,რუსული რუბლი,8/26/2020,8/26/2020
USD,1,3.0778,0.0000,აშშ დოლარი,8/26/2020,8/26/2020
CNY,10,4.4473,0.0000,ჩინური იუანი,8/25/2020,8/25/2020
RUB,100,4.1383,0.0000,რუსული რუბლი,8/25/2020,8/25/2020
USD,1,3.0743,0.0000,აშშ დოლარი,8/25/2020,8/25/2020
CNY,10,4.4422,0.0000,ჩინური იუანი,8/24/2020,8/24/2020
RUB,100,4.1282,0.0000,რუსული რუბლი,8/24/2020,8/24/2020
USD,1,3.0737,0.0000,აშშ დოლარი,8/24/2020,8/24/2020
CNY,10,4.4422,0.0000,ჩინური იუანი,8/23/2020,8/23/2020
RUB,100,4.1282,0.0000,რუსული რუბლი,8/23/2020,8/23/2020
USD,1,3.0737,0.0000,აშშ დოლარი,8/23/2020,8/23/2020
CNY,10,4.4422,0.0000,ჩინური იუანი,8/22/2020,8/22/2020
RUB,100,4.1282,0.0000,რუსული რუბლი,8/22/2020,8/22/2020
USD,1,3.0737,0.0000,აშშ დოლარი,8/22/2020,8/22/2020
CNY,10,4.4390,0.0000,ჩინური იუანი,8/21/2020,8/21/2020
RUB,100,4.1649,0.0000,რუსული რუბლი,8/21/2020,8/21/2020
USD,1,3.0718,0.0000,აშშ დოლარი,8/21/2020,8/21/2020
CNY,10,4.4509,0.0000,ჩინური იუანი,8/20/2020,8/20/2020
RUB,100,4.1887,0.0000,რუსული რუბლი,8/20/2020,8/20/2020
USD,1,3.0746,0.0000,აშშ დოლარი,8/20/2020,8/20/2020
CNY,10,4.4386,0.0000,ჩინური იუანი,8/19/2020,8/19/2020
RUB,100,4.2080,0.0000,რუსული რუბლი,8/19/2020,8/19/2020
USD,1,3.0726,0.0000,აშშ დოლარი,8/19/2020,8/19/2020
CNY,10,4.4208,0.0000,ჩინური იუანი,8/18/2020,8/18/2020
RUB,100,4.1742,0.0000,რუსული რუბლი,8/18/2020,8/18/2020
USD,1,3.0686,0.0000,აშშ დოლარი,8/18/2020,8/18/2020
CNY,10,4.4225,0.0000,ჩინური იუანი,8/17/2020,8/17/2020
RUB,100,4.1886,0.0000,რუსული რუბლი,8/17/2020,8/17/2020
USD,1,3.0738,0.0000,აშშ დოლარი,8/17/2020,8/17/2020
CNY,10,4.4225,0.0000,ჩინური იუანი,8/16/2020,8/16/2020
RUB,100,4.1886,0.0000,რუსული რუბლი,8/16/2020,8/16/2020
USD,1,3.0738,0.0000,აშშ დოლარი,8/16/2020,8/16/2020
CNY,10,4.4225,0.0000,ჩინური იუანი,8/15/2020,8/15/2020
RUB,100,4.1886,0.0000,რუსული რუბლი,8/15/2020,8/15/2020
USD,1,3.0738,0.0000,აშშ დოლარი,8/15/2020,8/15/2020
CNY,10,4.4251,0.0000,ჩინური იუანი,8/14/2020,8/14/2020
RUB,100,4.1862,0.0000,რუსული რუბლი,8/14/2020,8/14/2020
USD,1,3.0728,0.0000,აშშ დოლარი,8/14/2020,8/14/2020
CNY,10,4.4325,0.0000,ჩინური იუანი,8/13/2020,8/13/2020
RUB,100,4.2107,0.0000,რუსული რუბლი,8/13/2020,8/13/2020
USD,1,3.0785,0.0000,აშშ დოლარი,8/13/2020,8/13/2020
CNY,10,4.4285,0.0000,ჩინური იუანი,8/12/2020,8/12/2020
RUB,100,4.2244,0.0000,რუსული რუბლი,8/12/2020,8/12/2020
USD,1,3.0747,0.0000,აშშ დოლარი,8/12/2020,8/12/2020
CNY,10,4.4103,0.0000,ჩინური იუანი,8/11/2020,8/11/2020
RUB,100,4.1709,0.0000,რუსული რუბლი,8/11/2020,8/11/2020
USD,1,3.0743,0.0000,აშშ დოლარი,8/11/2020,8/11/2020
CNY,10,4.4206,0.0000,ჩინური იუანი,8/10/2020,8/10/2020
RUB,100,4.1811,0.0000,რუსული რუბლი,8/10/2020,8/10/2020
USD,1,3.0758,0.0000,აშშ დოლარი,8/10/2020,8/10/2020
CNY,10,4.4206,0.0000,ჩინური იუანი,8/9/2020,8/9/2020
RUB,100,4.1811,0.0000,რუსული რუბლი,8/9/2020,8/9/2020
USD,1,3.0758,0.0000,აშშ დოლარი,8/9/2020,8/9/2020
CNY,10,4.4206,0.0000,ჩინური იუანი,8/8/2020,8/8/2020
RUB,100,4.1811,0.0000,რუსული რუბლი,8/8/2020,8/8/2020
USD,1,3.0758,0.0000,აშშ დოლარი,8/8/2020,8/8/2020
CNY,10,4.4255,0.0000,ჩინური იუანი,8/7/2020,8/7/2020
RUB,100,4.1843,0.0000,რუსული რუბლი,8/7/2020,8/7/2020
USD,1,3.0737,0.0000,აშშ დოლარი,8/7/2020,8/7/2020
CNY,10,4.4281,0.0000,ჩინური იუანი,8/6/2020,8/6/2020
RUB,100,4.2064,0.0000,რუსული რუბლი,8/6/2020,8/6/2020
USD,1,3.0739,0.0000,აშშ დოლარი,8/6/2020,8/6/2020
CNY,10,4.4009,0.0000,ჩინური იუანი,8/5/2020,8/5/2020
RUB,100,4.1656,0.0000,რუსული რუბლი,8/5/2020,8/5/2020
USD,1,3.0729,0.0000,აშშ დოლარი,8/5/2020,8/5/2020
CNY,10,4.3979,0.0000,ჩინური იუანი,8/4/2020,8/4/2020
RUB,100,4.1678,0.0000,რუსული რუბლი,8/4/2020,8/4/2020
USD,1,3.0719,0.0000,აშშ დოლარი,8/4/2020,8/4/2020
CNY,10,4.4059,0.0000,ჩინური იუანი,8/3/2020,8/3/2020
RUB,100,4.1573,0.0000,რუსული რუბლი,8/3/2020,8/3/2020
USD,1,3.0721,0.0000,აშშ დოლარი,8/3/2020,8/3/2020
CNY,10,4.4059,0.0000,ჩინური იუანი,8/2/2020,8/2/2020
RUB,100,4.1573,0.0000,რუსული რუბლი,8/2/2020,8/2/2020
USD,1,3.0721,0.0000,აშშ დოლარი,8/2/2020,8/2/2020
CNY,10,4.4059,0.0000,ჩინური იუანი,8/1/2020,8/1/2020
RUB,100,4.1573,0.0000,რუსული რუბლი,8/1/2020,8/1/2020
USD,1,3.0721,0.0000,აშშ დოლარი,8/1/2020,8/1/2020
CNY,10,4.3863,0.0000,ჩინური იუანი,7/31/2020,7/31/2020
RUB,100,4.1728,0.0000,რუსული რუბლი,7/31/2020,7/31/2020
USD,1,3.0719,0.0000,აშშ დოლარი,7/31/2020,7/31/2020
CNY,10,4.3972,0.0000,ჩინური იუანი,7/30/2020,7/30/2020
RUB,100,4.2455,0.0000,რუსული რუბლი,7/30/2020,7/30/2020
USD,1,3.0771,0.0000,აშშ დოლარი,7/30/2020,7/30/2020
CNY,10,4.3957,0.0000,ჩინური იუანი,7/29/2020,7/29/2020
RUB,100,4.2625,0.0000,რუსული რუბლი,7/29/2020,7/29/2020
USD,1,3.0779,0.0000,აშშ დოლარი,7/29/2020,7/29/2020
CNY,10,4.3872,0.0000,ჩინური იუანი,7/28/2020,7/28/2020
RUB,100,4.2999,0.0000,რუსული რუბლი,7/28/2020,7/28/2020
USD,1,3.0727,0.0000,აშშ დოლარი,7/28/2020,7/28/2020
CNY,10,4.3806,0.0000,ჩინური იუანი,7/27/2020,7/27/2020
RUB,100,4.2835,0.0000,რუსული რუბლი,7/27/2020,7/27/2020
USD,1,3.0731,0.0000,აშშ დოლარი,7/27/2020,7/27/2020
CNY,10,4.3806,0.0000,ჩინური იუანი,7/26/2020,7/26/2020
RUB,100,4.2835,0.0000,რუსული რუბლი,7/26/2020,7/26/2020
USD,1,3.0731,0.0000,აშშ დოლარი,7/26/2020,7/26/2020
CNY,10,4.3806,0.0000,ჩინური იუანი,7/25/2020,7/25/2020
RUB,100,4.2835,0.0000,რუსული რუბლი,7/25/2020,7/25/2020
USD,1,3.0731,0.0000,აშშ დოლარი,7/25/2020,7/25/2020
CNY,10,4.3794,0.0000,ჩინური იუანი,7/24/2020,7/24/2020
RUB,100,4.2990,0.0000,რუსული რუბლი,7/24/2020,7/24/2020
USD,1,3.0653,0.0000,აშშ დოლარი,7/24/2020,7/24/2020
CNY,10,4.3720,0.0000,ჩინური იუანი,7/23/2020,7/23/2020
RUB,100,4.3153,0.0000,რუსული რუბლი,7/23/2020,7/23/2020
USD,1,3.0592,0.0000,აშშ დოლარი,7/23/2020,7/23/2020
CNY,10,4.3926,0.0000,ჩინური იუანი,7/22/2020,7/22/2020
RUB,100,4.3433,0.0000,რუსული რუბლი,7/22/2020,7/22/2020
USD,1,3.0701,0.0000,აშშ დოლარი,7/22/2020,7/22/2020
CNY,10,4.3887,0.0000,ჩინური იუანი,7/21/2020,7/21/2020
RUB,100,4.2867,0.0000,რუსული რუბლი,7/21/2020,7/21/2020
USD,1,3.0672,0.0000,აშშ დოლარი,7/21/2020,7/21/2020
CNY,10,4.3795,0.0000,ჩინური იუანი,7/20/2020,7/20/2020
RUB,100,4.2744,0.0000,რუსული რუბლი,7/20/2020,7/20/2020
USD,1,3.0651,0.0000,აშშ დოლარი,7/20/2020,7/20/2020
CNY,10,4.3795,0.0000,ჩინური იუანი,7/19/2020,7/19/2020
RUB,100,4.2744,0.0000,რუსული რუბლი,7/19/2020,7/19/2020
USD,1,3.0651,0.0000,აშშ დოლარი,7/19/2020,7/19/2020
CNY,10,4.3795,0.0000,ჩინური იუანი,7/18/2020,7/18/2020
RUB,100,4.2744,0.0000,რუსული რუბლი,7/18/2020,7/18/2020
USD,1,3.0651,0.0000,აშშ დოლარი,7/18/2020,7/18/2020
CNY,10,4.3798,0.0000,ჩინური იუანი,7/17/2020,7/17/2020
RUB,100,4.3036,0.0000,რუსული რუბლი,7/17/2020,7/17/2020
USD,1,3.0652,0.0000,აშშ დოლარი,7/17/2020,7/17/2020
CNY,10,4.3859,0.0000,ჩინური იუანი,7/16/2020,7/16/2020
RUB,100,4.3127,0.0000,რუსული რუბლი,7/16/2020,7/16/2020
USD,1,3.0651,0.0000,აშშ დოლარი,7/16/2020,7/16/2020
CNY,10,4.3653,0.0000,ჩინური იუანი,7/15/2020,7/15/2020
RUB,100,4.3094,0.0000,რუსული რუბლი,7/15/2020,7/15/2020
USD,1,3.0633,0.0000,აშშ დოლარი,7/15/2020,7/15/2020
CNY,10,4.3722,0.0000,ჩინური იუანი,7/14/2020,7/14/2020
RUB,100,4.3180,0.0000,რუსული რუბლი,7/14/2020,7/14/2020
USD,1,3.0614,0.0000,აშშ დოლარი,7/14/2020,7/14/2020
CNY,10,4.3748,0.0000,ჩინური იუანი,7/13/2020,7/13/2020
RUB,100,4.3016,0.0000,რუსული რუბლი,7/13/2020,7/13/2020
USD,1,3.0624,0.0000,აშშ დოლარი,7/13/2020,7/13/2020
CNY,10,4.3748,0.0000,ჩინური იუანი,7/12/2020,7/12/2020
RUB,100,4.3016,0.0000,რუსული რუბლი,7/12/2020,7/12/2020
USD,1,3.0624,0.0000,აშშ დოლარი,7/12/2020,7/12/2020
CNY,10,4.3748,0.0000,ჩინური იუანი,7/11/2020,7/11/2020
RUB,100,4.3016,0.0000,რუსული რუბლი,7/11/2020,7/11/2020
USD,1,3.0624,0.0000,აშშ დოლარი,7/11/2020,7/11/2020
CNY,10,4.3813,0.0000,ჩინური იუანი,7/10/2020,7/10/2020
RUB,100,4.3263,0.0000,რუსული რუბლი,7/10/2020,7/10/2020
USD,1,3.0600,0.0000,აშშ დოლარი,7/10/2020,7/10/2020
CNY,10,4.3621,0.0000,ჩინური იუანი,7/9/2020,7/9/2020
RUB,100,4.3040,0.0000,რუსული რუბლი,7/9/2020,7/9/2020
USD,1,3.0594,0.0000,აშშ დოლარი,7/9/2020,7/9/2020
CNY,10,4.3503,0.0000,ჩინური იუანი,7/8/2020,7/8/2020
RUB,100,4.2402,0.0000,რუსული რუბლი,7/8/2020,7/8/2020
USD,1,3.0552,0.0000,აშშ დოლარი,7/8/2020,7/8/2020
CNY,10,4.3456,0.0000,ჩინური იუანი,7/7/2020,7/7/2020
RUB,100,4.2454,0.0000,რუსული რუბლი,7/7/2020,7/7/2020
USD,1,3.0532,0.0000,აშშ დოლარი,7/7/2020,7/7/2020
CNY,10,4.3111,0.0000,ჩინური იუანი,7/6/2020,7/6/2020
RUB,100,4.2811,0.0000,რუსული რუბლი,7/6/2020,7/6/2020
USD,1,3.0465,0.0000,აშშ დოლარი,7/6/2020,7/6/2020
CNY,10,4.3111,0.0000,ჩინური იუანი,7/5/2020,7/5/2020
RUB,100,4.2811,0.0000,რუსული რუბლი,7/5/2020,7/5/2020
USD,1,3.0465,0.0000,აშშ დოლარი,7/5/2020,7/5/2020
CNY,10,4.3111,0.0000,ჩინური იუანი,7/4/2020,7/4/2020
RUB,100,4.2811,0.0000,რუსული რუბლი,7/4/2020,7/4/2020
USD,1,3.0465,0.0000,აშშ დოლარი,7/4/2020,7/4/2020
CNY,10,4.3102,0.0000,ჩინური იუანი,7/3/2020,7/3/2020
RUB,100,4.3310,0.0000,რუსული რუბლი,7/3/2020,7/3/2020
USD,1,3.0463,0.0000,აშშ დოლარი,7/3/2020,7/3/2020
CNY,10,4.3263,0.0000,ჩინური იუანი,7/2/2020,7/2/2020
RUB,100,4.3017,0.0000,რუსული რუბლი,7/2/2020,7/2/2020
USD,1,3.0567,0.0000,აშშ დოლარი,7/2/2020,7/2/2020
CNY,10,4.3217,0.0000,ჩინური იუანი,7/1/2020,7/1/2020
RUB,100,4.3126,0.0000,რუსული რუბლი,7/1/2020,7/1/2020
USD,1,3.0568,0.0000,აშშ დოლარი,7/1/2020,7/1/2020
CNY,10,4.3176,0.0000,ჩინური იუანი,6/30/2020,6/30/2020
RUB,100,4.3705,0.0000,რუსული რუბლი,6/30/2020,6/30/2020
USD,1,3.0552,0.0000,აშშ დოლარი,6/30/2020,6/30/2020
CNY,10,4.3169,0.0000,ჩინური იუანი,6/29/2020,6/29/2020
RUB,100,4.4060,0.0000,რუსული რუბლი,6/29/2020,6/29/2020
USD,1,3.0556,0.0000,აშშ დოლარი,6/29/2020,6/29/2020
CNY,10,4.3169,0.0000,ჩინური იუანი,6/28/2020,6/28/2020
RUB,100,4.4060,0.0000,რუსული რუბლი,6/28/2020,6/28/2020
USD,1,3.0556,0.0000,აშშ დოლარი,6/28/2020,6/28/2020
CNY,10,4.3169,0.0000,ჩინური იუანი,6/27/2020,6/27/2020
RUB,100,4.4060,0.0000,რუსული რუბლი,6/27/2020,6/27/2020
USD,1,3.0556,0.0000,აშშ დოლარი,6/27/2020,6/27/2020
CNY,10,4.3162,0.0000,ჩინური იუანი,6/26/2020,6/26/2020
RUB,100,4.4045,0.0000,რუსული რუბლი,6/26/2020,6/26/2020
USD,1,3.0551,0.0000,აშშ დოლარი,6/26/2020,6/26/2020
CNY,10,4.3213,0.0000,ჩინური იუანი,6/25/2020,6/25/2020
RUB,100,4.4222,0.0000,რუსული რუბლი,6/25/2020,6/25/2020
USD,1,3.0556,0.0000,აშშ დოლარი,6/25/2020,6/25/2020
CNY,10,4.3208,0.0000,ჩინური იუანი,6/24/2020,6/24/2020
RUB,100,4.4362,0.0000,რუსული რუბლი,6/24/2020,6/24/2020
USD,1,3.0535,0.0000,აშშ დოლარი,6/24/2020,6/24/2020
CNY,10,4.3025,0.0000,ჩინური იუანი,6/23/2020,6/23/2020
RUB,100,4.3844,0.0000,რუსული რუბლი,6/23/2020,6/23/2020
USD,1,3.0442,0.0000,აშშ დოლარი,6/23/2020,6/23/2020
CNY,10,4.2932,0.0000,ჩინური იუანი,6/22/2020,6/22/2020
RUB,100,4.3743,0.0000,რუსული რუბლი,6/22/2020,6/22/2020
USD,1,3.0385,0.0000,აშშ დოლარი,6/22/2020,6/22/2020
CNY,10,4.2932,0.0000,ჩინური იუანი,6/21/2020,6/21/2020
RUB,100,4.3743,0.0000,რუსული რუბლი,6/21/2020,6/21/2020
USD,1,3.0385,0.0000,აშშ დოლარი,6/21/2020,6/21/2020
CNY,10,4.2932,0.0000,ჩინური იუანი,6/20/2020,6/20/2020
RUB,100,4.3743,0.0000,რუსული რუბლი,6/20/2020,6/20/2020
USD,1,3.0385,0.0000,აშშ დოლარი,6/20/2020,6/20/2020
CNY,10,4.2889,0.0000,ჩინური იუანი,6/19/2020,6/19/2020
RUB,100,4.3783,0.0000,რუსული რუბლი,6/19/2020,6/19/2020
USD,1,3.0372,0.0000,აშშ დოლარი,6/19/2020,6/19/2020
CNY,10,4.2902,0.0000,ჩინური იუანი,6/18/2020,6/18/2020
RUB,100,4.3638,0.0000,რუსული რუბლი,6/18/2020,6/18/2020
USD,1,3.0404,0.0000,აშშ დოლარი,6/18/2020,6/18/2020
CNY,10,4.3294,0.0000,ჩინური იუანი,6/17/2020,6/17/2020
RUB,100,4.4021,0.0000,რუსული რუბლი,6/17/2020,6/17/2020
USD,1,3.0643,0.0000,აშშ დოლარი,6/17/2020,6/17/2020
CNY,10,4.3131,0.0000,ჩინური იუანი,6/16/2020,6/16/2020
RUB,100,4.3507,0.0000,რუსული რუბლი,6/16/2020,6/16/2020
USD,1,3.0608,0.0000,აშშ დოლარი,6/16/2020,6/16/2020
CNY,10,4.2954,0.0000,ჩინური იუანი,6/15/2020,6/15/2020
RUB,100,4.3561,0.0000,რუსული რუბლი,6/15/2020,6/15/2020
USD,1,3.0401,0.0000,აშშ დოლარი,6/15/2020,6/15/2020
CNY,10,4.2954,0.0000,ჩინური იუანი,6/14/2020,6/14/2020
RUB,100,4.3561,0.0000,რუსული რუბლი,6/14/2020,6/14/2020
USD,1,3.0401,0.0000,აშშ დოლარი,6/14/2020,6/14/2020
CNY,10,4.2954,0.0000,ჩინური იუანი,6/13/2020,6/13/2020
RUB,100,4.3561,0.0000,რუსული რუბლი,6/13/2020,6/13/2020
USD,1,3.0401,0.0000,აშშ დოლარი,6/13/2020,6/13/2020
CNY,10,4.3001,0.0000,ჩინური იუანი,6/12/2020,6/12/2020
RUB,100,4.4059,0.0000,რუსული რუბლი,6/12/2020,6/12/2020
USD,1,3.0387,0.0000,აშშ დოლარი,6/12/2020,6/12/2020
CNY,10,4.3026,0.0000,ჩინური იუანი,6/11/2020,6/11/2020
RUB,100,4.4205,0.0000,რუსული რუბლი,6/11/2020,6/11/2020
USD,1,3.0393,0.0000,აშშ დოლარი,6/11/2020,6/11/2020
CNY,10,4.3237,0.0000,ჩინური იუანი,6/10/2020,6/10/2020
RUB,100,4.4513,0.0000,რუსული რუბლი,6/10/2020,6/10/2020
USD,1,3.0648,0.0000,აშშ დოლარი,6/10/2020,6/10/2020
CNY,10,4.2130,0.0000,ჩინური იუანი,6/9/2020,6/9/2020
RUB,100,4.3688,0.0000,რუსული რუბლი,6/9/2020,6/9/2020
USD,1,2.9805,0.0000,აშშ დოლარი,6/9/2020,6/9/2020
CNY,10,4.1666,0.0000,ჩინური იუანი,6/8/2020,6/8/2020
RUB,100,4.2963,0.0000,რუსული რუბლი,6/8/2020,6/8/2020
USD,1,2.9562,0.0000,აშშ დოლარი,6/8/2020,6/8/2020
CNY,10,4.1666,0.0000,ჩინური იუანი,6/7/2020,6/7/2020
RUB,100,4.2963,0.0000,რუსული რუბლი,6/7/2020,6/7/2020
USD,1,2.9562,0.0000,აშშ დოლარი,6/7/2020,6/7/2020
CNY,10,4.1666,0.0000,ჩინური იუანი,6/6/2020,6/6/2020
RUB,100,4.2963,0.0000,რუსული რუბლი,6/6/2020,6/6/2020
USD,1,2.9562,0.0000,აშშ დოლარი,6/6/2020,6/6/2020
CNY,10,4.1913,0.0000,ჩინური იუანი,6/5/2020,6/5/2020
RUB,100,4.3130,0.0000,რუსული რუბლი,6/5/2020,6/5/2020
USD,1,2.9841,0.0000,აშშ დოლარი,6/5/2020,6/5/2020
CNY,10,4.2794,0.0000,ჩინური იუანი,6/4/2020,6/4/2020
RUB,100,4.4290,0.0000,რუსული რუბლი,6/4/2020,6/4/2020
USD,1,3.0416,0.0000,აშშ დოლარი,6/4/2020,6/4/2020
CNY,10,4.3312,0.0000,ჩინური იუანი,6/3/2020,6/3/2020
RUB,100,4.4862,0.0000,რუსული რუბლი,6/3/2020,6/3/2020
USD,1,3.0772,0.0000,აშშ დოლარი,6/3/2020,6/3/2020
CNY,10,4.3694,0.0000,ჩინური იუანი,6/2/2020,6/2/2020
RUB,100,4.4772,0.0000,რუსული რუბლი,6/2/2020,6/2/2020
USD,1,3.1172,0.0000,აშშ დოლარი,6/2/2020,6/2/2020
CNY,10,4.4494,0.0000,ჩინური იუანი,6/1/2020,6/1/2020
RUB,100,4.5026,0.0000,რუსული რუბლი,6/1/2020,6/1/2020
USD,1,3.1761,0.0000,აშშ დოლარი,6/1/2020,6/1/2020
CNY,10,4.4494,0.0000,ჩინური იუანი,5/31/2020,5/31/2020
RUB,100,4.5026,0.0000,რუსული რუბლი,5/31/2020,5/31/2020
USD,1,3.1761,0.0000,აშშ დოლარი,5/31/2020,5/31/2020
CNY,10,4.4494,0.0000,ჩინური იუანი,5/30/2020,5/30/2020
RUB,100,4.5026,0.0000,რუსული რუბლი,5/30/2020,5/30/2020
USD,1,3.1761,0.0000,აშშ დოლარი,5/30/2020,5/30/2020
CNY,10,4.4522,0.0000,ჩინური იუანი,5/29/2020,5/29/2020
RUB,100,4.4949,0.0000,რუსული რუბლი,5/29/2020,5/29/2020
USD,1,3.1865,0.0000,აშშ დოლარი,5/29/2020,5/29/2020
CNY,10,4.4585,0.0000,ჩინური იუანი,5/28/2020,5/28/2020
RUB,100,4.4993,0.0000,რუსული რუბლი,5/28/2020,5/28/2020
USD,1,3.1901,0.0000,აშშ დოლარი,5/28/2020,5/28/2020
CNY,10,4.4722,0.0000,ჩინური იუანი,5/27/2020,5/27/2020
RUB,100,4.4615,0.0000,რუსული რუბლი,5/27/2020,5/27/2020
USD,1,3.1916,0.0000,აშშ დოლარი,5/27/2020,5/27/2020
CNY,10,4.4722,0.0000,ჩინური იუანი,5/26/2020,5/26/2020
RUB,100,4.4615,0.0000,რუსული რუბლი,5/26/2020,5/26/2020
USD,1,3.1916,0.0000,აშშ დოლარი,5/26/2020,5/26/2020
CNY,10,4.4727,0.0000,ჩინური იუანი,5/25/2020,5/25/2020
RUB,100,4.4459,0.0000,რუსული რუბლი,5/25/2020,5/25/2020
USD,1,3.1916,0.0000,აშშ დოლარი,5/25/2020,5/25/2020
CNY,10,4.4727,0.0000,ჩინური იუანი,5/24/2020,5/24/2020
RUB,100,4.4459,0.0000,რუსული რუბლი,5/24/2020,5/24/2020
USD,1,3.1916,0.0000,აშშ დოლარი,5/24/2020,5/24/2020
CNY,10,4.4727,0.0000,ჩინური იუანი,5/23/2020,5/23/2020
RUB,100,4.4459,0.0000,რუსული რუბლი,5/23/2020,5/23/2020
USD,1,3.1916,0.0000,აშშ დოლარი,5/23/2020,5/23/2020
CNY,10,4.4927,0.0000,ჩინური იუანი,5/22/2020,5/22/2020
RUB,100,4.5088,0.0000,რუსული რუბლი,5/22/2020,5/22/2020
USD,1,3.1920,0.0000,აშშ დოლარი,5/22/2020,5/22/2020
CNY,10,4.5075,0.0000,ჩინური იუანი,5/21/2020,5/21/2020
RUB,100,4.4617,0.0000,რუსული რუბლი,5/21/2020,5/21/2020
USD,1,3.2012,0.0000,აშშ დოლარი,5/21/2020,5/21/2020
CNY,10,4.5040,0.0000,ჩინური იუანი,5/20/2020,5/20/2020
RUB,100,4.4290,0.0000,რუსული რუბლი,5/20/2020,5/20/2020
USD,1,3.2010,0.0000,აშშ დოლარი,5/20/2020,5/20/2020
CNY,10,4.4983,0.0000,ჩინური იუანი,5/19/2020,5/19/2020
RUB,100,4.3906,0.0000,რუსული რუბლი,5/19/2020,5/19/2020
USD,1,3.2012,0.0000,აშშ დოლარი,5/19/2020,5/19/2020
CNY,10,4.5050,0.0000,ჩინური იუანი,5/18/2020,5/18/2020
RUB,100,4.3481,0.0000,რუსული რუბლი,5/18/2020,5/18/2020
USD,1,3.2005,0.0000,აშშ დოლარი,5/18/2020,5/18/2020
CNY,10,4.5050,0.0000,ჩინური იუანი,5/17/2020,5/17/2020
RUB,100,4.3481,0.0000,რუსული რუბლი,5/17/2020,5/17/2020
USD,1,3.2005,0.0000,აშშ დოლარი,5/17/2020,5/17/2020
CNY,10,4.5050,0.0000,ჩინური იუანი,5/16/2020,5/16/2020
RUB,100,4.3481,0.0000,რუსული რუბლი,5/16/2020,5/16/2020
USD,1,3.2005,0.0000,აშშ დოლარი,5/16/2020,5/16/2020
CNY,10,4.5128,0.0000,ჩინური იუანი,5/15/2020,5/15/2020
RUB,100,4.3340,0.0000,რუსული რუბლი,5/15/2020,5/15/2020
USD,1,3.2033,0.0000,აშშ დოლარი,5/15/2020,5/15/2020
CNY,10,4.5163,0.0000,ჩინური იუანი,5/14/2020,5/14/2020
RUB,100,4.3684,0.0000,რუსული რუბლი,5/14/2020,5/14/2020
USD,1,3.2037,0.0000,აშშ დოლარი,5/14/2020,5/14/2020
CNY,10,4.5266,0.0000,ჩინური იუანი,5/13/2020,5/13/2020
RUB,100,4.3488,0.0000,რუსული რუბლი,5/13/2020,5/13/2020
USD,1,3.2106,0.0000,აშშ დოლარი,5/13/2020,5/13/2020
CNY,10,4.5266,0.0000,ჩინური იუანი,5/12/2020,5/12/2020
RUB,100,4.3488,0.0000,რუსული რუბლი,5/12/2020,5/12/2020
USD,1,3.2106,0.0000,აშშ დოლარი,5/12/2020,5/12/2020
CNY,10,4.5368,0.0000,ჩინური იუანი,5/11/2020,5/11/2020
RUB,100,4.3595,0.0000,რუსული რუბლი,5/11/2020,5/11/2020
USD,1,3.2100,0.0000,აშშ დოლარი,5/11/2020,5/11/2020
CNY,10,4.5368,0.0000,ჩინური იუანი,5/10/2020,5/10/2020
RUB,100,4.3595,0.0000,რუსული რუბლი,5/10/2020,5/10/2020
USD,1,3.2100,0.0000,აშშ დოლარი,5/10/2020,5/10/2020
CNY,10,4.5368,0.0000,ჩინური იუანი,5/9/2020,5/9/2020
RUB,100,4.3595,0.0000,რუსული რუბლი,5/9/2020,5/9/2020
USD,1,3.2100,0.0000,აშშ დოლარი,5/9/2020,5/9/2020
CNY,10,4.5201,0.0000,ჩინური იუანი,5/8/2020,5/8/2020
RUB,100,4.3343,0.0000,რუსული რუბლი,5/8/2020,5/8/2020
USD,1,3.2032,0.0000,აშშ დოლარი,5/8/2020,5/8/2020
CNY,10,4.5076,0.0000,ჩინური იუანი,5/7/2020,5/7/2020
RUB,100,4.3031,0.0000,რუსული რუბლი,5/7/2020,5/7/2020
USD,1,3.1999,0.0000,აშშ დოლარი,5/7/2020,5/7/2020
CNY,10,4.5302,0.0000,ჩინური იუანი,5/6/2020,5/6/2020
RUB,100,4.3176,0.0000,რუსული რუბლი,5/6/2020,5/6/2020
USD,1,3.1998,0.0000,აშშ დოლარი,5/6/2020,5/6/2020
CNY,10,4.5440,0.0000,ჩინური იუანი,5/5/2020,5/5/2020
RUB,100,4.2625,0.0000,რუსული რუბლი,5/5/2020,5/5/2020
USD,1,3.2095,0.0000,აშშ დოლარი,5/5/2020,5/5/2020
CNY,10,4.5196,0.0000,ჩინური იუანი,5/4/2020,5/4/2020
RUB,100,4.2341,0.0000,რუსული რუბლი,5/4/2020,5/4/2020
USD,1,3.1923,0.0000,აშშ დოლარი,5/4/2020,5/4/2020
CNY,10,4.5196,0.0000,ჩინური იუანი,5/3/2020,5/3/2020
RUB,100,4.2341,0.0000,რუსული რუბლი,5/3/2020,5/3/2020
USD,1,3.1923,0.0000,აშშ დოლარი,5/3/2020,5/3/2020
CNY,10,4.5196,0.0000,ჩინური იუანი,5/2/2020,5/2/2020
RUB,100,4.2341,0.0000,რუსული რუბლი,5/2/2020,5/2/2020
USD,1,3.1923,0.0000,აშშ დოლარი,5/2/2020,5/2/2020
CNY,10,4.5486,0.0000,ჩინური იუანი,5/1/2020,5/1/2020
RUB,100,4.3783,0.0000,რუსული რუბლი,5/1/2020,5/1/2020
USD,1,3.2060,0.0000,აშშ დოლარი,5/1/2020,5/1/2020
CNY,10,4.5260,0.0000,ჩინური იუანი,4/30/2020,4/30/2020
RUB,100,4.3469,0.0000,რუსული რუბლი,4/30/2020,4/30/2020
USD,1,3.2032,0.0000,აშშ დოლარი,4/30/2020,4/30/2020
CNY,10,4.5235,0.0000,ჩინური იუანი,4/29/2020,4/29/2020
RUB,100,4.3320,0.0000,რუსული რუბლი,4/29/2020,4/29/2020
USD,1,3.2014,0.0000,აშშ დოლარი,4/29/2020,4/29/2020
CNY,10,4.5246,0.0000,ჩინური იუანი,4/28/2020,4/28/2020
RUB,100,4.3180,0.0000,რუსული რუბლი,4/28/2020,4/28/2020
USD,1,3.2044,0.0000,აშშ დოლარი,4/28/2020,4/28/2020
CNY,10,4.5242,0.0000,ჩინური იუანი,4/27/2020,4/27/2020
RUB,100,4.3031,0.0000,რუსული რუბლი,4/27/2020,4/27/2020
USD,1,3.2027,0.0000,აშშ დოლარი,4/27/2020,4/27/2020
CNY,10,4.5242,0.0000,ჩინური იუანი,4/26/2020,4/26/2020
RUB,100,4.3031,0.0000,რუსული რუბლი,4/26/2020,4/26/2020
USD,1,3.2027,0.0000,აშშ დოლარი,4/26/2020,4/26/2020
CNY,10,4.5242,0.0000,ჩინური იუანი,4/25/2020,4/25/2020
RUB,100,4.3031,0.0000,რუსული რუბლი,4/25/2020,4/25/2020
USD,1,3.2027,0.0000,აშშ დოლარი,4/25/2020,4/25/2020
CNY,10,4.4973,0.0000,ჩინური იუანი,4/24/2020,4/24/2020
RUB,100,4.2429,0.0000,რუსული რუბლი,4/24/2020,4/24/2020
USD,1,3.1854,0.0000,აშშ დოლარი,4/24/2020,4/24/2020
CNY,10,4.4822,0.0000,ჩინური იუანი,4/23/2020,4/23/2020
RUB,100,4.1542,0.0000,რუსული რუბლი,4/23/2020,4/23/2020
USD,1,3.1749,0.0000,აშშ დოლარი,4/23/2020,4/23/2020
CNY,10,4.4690,0.0000,ჩინური იუანი,4/22/2020,4/22/2020
RUB,100,4.1409,0.0000,რუსული რუბლი,4/22/2020,4/22/2020
USD,1,3.1696,0.0000,აშშ დოლარი,4/22/2020,4/22/2020
CNY,10,4.4327,0.0000,ჩინური იუანი,4/21/2020,4/21/2020
RUB,100,4.2319,0.0000,რუსული რუბლი,4/21/2020,4/21/2020
USD,1,3.1361,0.0000,აშშ დოლარი,4/21/2020,4/21/2020
CNY,10,4.4327,0.0000,ჩინური იუანი,4/20/2020,4/20/2020
RUB,100,4.2319,0.0000,რუსული რუბლი,4/20/2020,4/20/2020
USD,1,3.1361,0.0000,აშშ დოლარი,4/20/2020,4/20/2020
CNY,10,4.4327,0.0000,ჩინური იუანი,4/19/2020,4/19/2020
RUB,100,4.2319,0.0000,რუსული რუბლი,4/19/2020,4/19/2020
USD,1,3.1361,0.0000,აშშ დოლარი,4/19/2020,4/19/2020
CNY,10,4.4327,0.0000,ჩინური იუანი,4/18/2020,4/18/2020
RUB,100,4.2319,0.0000,რუსული რუბლი,4/18/2020,4/18/2020
USD,1,3.1361,0.0000,აშშ დოლარი,4/18/2020,4/18/2020
CNY,10,4.4327,0.0000,ჩინური იუანი,4/17/2020,4/17/2020
RUB,100,4.2319,0.0000,რუსული რუბლი,4/17/2020,4/17/2020
USD,1,3.1361,0.0000,აშშ დოლარი,4/17/2020,4/17/2020
CNY,10,4.4360,0.0000,ჩინური იუანი,4/16/2020,4/16/2020
RUB,100,4.2165,0.0000,რუსული რუბლი,4/16/2020,4/16/2020
USD,1,3.1334,0.0000,აშშ დოლარი,4/16/2020,4/16/2020
CNY,10,4.4398,0.0000,ჩინური იუანი,4/15/2020,4/15/2020
RUB,100,4.2656,0.0000,რუსული რუბლი,4/15/2020,4/15/2020
USD,1,3.1349,0.0000,აშშ დოლარი,4/15/2020,4/15/2020
CNY,10,4.4439,0.0000,ჩინური იუანი,4/14/2020,4/14/2020
RUB,100,4.2649,0.0000,რუსული რუბლი,4/14/2020,4/14/2020
USD,1,3.1349,0.0000,აშშ დოლარი,4/14/2020,4/14/2020
CNY,10,4.4717,0.0000,ჩინური იუანი,4/13/2020,4/13/2020
RUB,100,4.2612,0.0000,რუსული რუბლი,4/13/2020,4/13/2020
USD,1,3.1456,0.0000,აშშ დოლარი,4/13/2020,4/13/2020
CNY,10,4.4717,0.0000,ჩინური იუანი,4/12/2020,4/12/2020
RUB,100,4.2612,0.0000,რუსული რუბლი,4/12/2020,4/12/2020
USD,1,3.1456,0.0000,აშშ დოლარი,4/12/2020,4/12/2020
CNY,10,4.4717,0.0000,ჩინური იუანი,4/11/2020,4/11/2020
RUB,100,4.2612,0.0000,რუსული რუბლი,4/11/2020,4/11/2020
USD,1,3.1456,0.0000,აშშ დოლარი,4/11/2020,4/11/2020
CNY,10,4.5016,0.0000,ჩინური იუანი,4/10/2020,4/10/2020
RUB,100,4.2035,0.0000,რუსული რუბლი,4/10/2020,4/10/2020
USD,1,3.1794,0.0000,აშშ დოლარი,4/10/2020,4/10/2020
CNY,10,4.5016,0.0000,ჩინური იუანი,4/9/2020,4/9/2020
RUB,100,4.2035,0.0000,რუსული რუბლი,4/9/2020,4/9/2020
USD,1,3.1794,0.0000,აშშ დოლარი,4/9/2020,4/9/2020
CNY,10,4.5010,0.0000,ჩინური იუანი,4/8/2020,4/8/2020
RUB,100,4.2058,0.0000,რუსული რუბლი,4/8/2020,4/8/2020
USD,1,3.1748,0.0000,აშშ დოლარი,4/8/2020,4/8/2020
CNY,10,4.4758,0.0000,ჩინური იუანი,4/7/2020,4/7/2020
RUB,100,4.1547,0.0000,რუსული რუბლი,4/7/2020,4/7/2020
USD,1,3.1740,0.0000,აშშ დოლარი,4/7/2020,4/7/2020
CNY,10,4.4522,0.0000,ჩინური იუანი,4/6/2020,4/6/2020
RUB,100,4.1072,0.0000,რუსული რუბლი,4/6/2020,4/6/2020
USD,1,3.1576,0.0000,აშშ დოლარი,4/6/2020,4/6/2020
CNY,10,4.4522,0.0000,ჩინური იუანი,4/5/2020,4/5/2020
RUB,100,4.1072,0.0000,რუსული რუბლი,4/5/2020,4/5/2020
USD,1,3.1576,0.0000,აშშ დოლარი,4/5/2020,4/5/2020
CNY,10,4.4522,0.0000,ჩინური იუანი,4/4/2020,4/4/2020
RUB,100,4.1072,0.0000,რუსული რუბლი,4/4/2020,4/4/2020
USD,1,3.1576,0.0000,აშშ დოლარი,4/4/2020,4/4/2020
CNY,10,4.4827,0.0000,ჩინური იუანი,4/3/2020,4/3/2020
RUB,100,4.0593,0.0000,რუსული რუბლი,4/3/2020,4/3/2020
USD,1,3.1813,0.0000,აშშ დოლარი,4/3/2020,4/3/2020
CNY,10,4.5669,0.0000,ჩინური იუანი,4/2/2020,4/2/2020
RUB,100,4.1164,0.0000,რუსული რუბლი,4/2/2020,4/2/2020
USD,1,3.2413,0.0000,აშშ დოლარი,4/2/2020,4/2/2020
CNY,10,4.6229,0.0000,ჩინური იუანი,4/1/2020,4/1/2020
RUB,100,4.2022,0.0000,რუსული რუბლი,4/1/2020,4/1/2020
USD,1,3.2816,0.0000,აშშ დოლარი,4/1/2020,4/1/2020
CNY,10,4.6273,0.0000,ჩინური იუანი,3/31/2020,3/31/2020
RUB,100,4.1226,0.0000,რუსული რუბლი,3/31/2020,3/31/2020
USD,1,3.2845,0.0000,აშშ დოლარი,3/31/2020,3/31/2020
CNY,10,4.6387,0.0000,ჩინური იუანი,3/30/2020,3/30/2020
RUB,100,4.2168,0.0000,რუსული რუბლი,3/30/2020,3/30/2020
USD,1,3.2896,0.0000,აშშ დოლარი,3/30/2020,3/30/2020
CNY,10,4.6387,0.0000,ჩინური იუანი,3/29/2020,3/29/2020
RUB,100,4.2168,0.0000,რუსული რუბლი,3/29/2020,3/29/2020
USD,1,3.2896,0.0000,აშშ დოლარი,3/29/2020,3/29/2020
CNY,10,4.6387,0.0000,ჩინური იუანი,3/28/2020,3/28/2020
RUB,100,4.2168,0.0000,რუსული რუბლი,3/28/2020,3/28/2020
USD,1,3.2896,0.0000,აშშ დოლარი,3/28/2020,3/28/2020
CNY,10,4.9206,0.0000,ჩინური იუანი,3/27/2020,3/27/2020
RUB,100,4.4618,0.0000,რუსული რუბლი,3/27/2020,3/27/2020
USD,1,3.4842,0.0000,აშშ დოლარი,3/27/2020,3/27/2020
CNY,10,4.8704,0.0000,ჩინური იუანი,3/26/2020,3/26/2020
RUB,100,4.4135,0.0000,რუსული რუბლი,3/26/2020,3/26/2020
USD,1,3.4576,0.0000,აშშ დოლარი,3/26/2020,3/26/2020
CNY,10,4.8873,0.0000,ჩინური იუანი,3/25/2020,3/25/2020
RUB,100,4.3828,0.0000,რუსული რუბლი,3/25/2020,3/25/2020
USD,1,3.4494,0.0000,აშშ დოლარი,3/25/2020,3/25/2020
CNY,10,4.5496,0.0000,ჩინური იუანი,3/24/2020,3/24/2020
RUB,100,4.0193,0.0000,რუსული რუბლი,3/24/2020,3/24/2020
USD,1,3.2389,0.0000,აშშ დოლარი,3/24/2020,3/24/2020
CNY,10,4.5047,0.0000,ჩინური იუანი,3/23/2020,3/23/2020
RUB,100,4.0410,0.0000,რუსული რუბლი,3/23/2020,3/23/2020
USD,1,3.1880,0.0000,აშშ დოლარი,3/23/2020,3/23/2020
CNY,10,4.5047,0.0000,ჩინური იუანი,3/22/2020,3/22/2020
RUB,100,4.0410,0.0000,რუსული რუბლი,3/22/2020,3/22/2020
USD,1,3.1880,0.0000,აშშ დოლარი,3/22/2020,3/22/2020
CNY,10,4.5047,0.0000,ჩინური იუანი,3/21/2020,3/21/2020
RUB,100,4.0410,0.0000,რუსული რუბლი,3/21/2020,3/21/2020
USD,1,3.1880,0.0000,აშშ დოლარი,3/21/2020,3/21/2020
CNY,10,4.4412,0.0000,ჩინური იუანი,3/20/2020,3/20/2020
RUB,100,3.9323,0.0000,რუსული რუბლი,3/20/2020,3/20/2020
USD,1,3.1568,0.0000,აშშ დოლარი,3/20/2020,3/20/2020
CNY,10,4.5292,0.0000,ჩინური იუანი,3/19/2020,3/19/2020
RUB,100,4.0835,0.0000,რუსული რუბლი,3/19/2020,3/19/2020
USD,1,3.1804,0.0000,აშშ დოლარი,3/19/2020,3/19/2020
CNY,10,4.3880,0.0000,ჩინური იუანი,3/18/2020,3/18/2020
RUB,100,4.1163,0.0000,რუსული რუბლი,3/18/2020,3/18/2020
USD,1,3.0807,0.0000,აშშ დოლარი,3/18/2020,3/18/2020
CNY,10,4.2981,0.0000,ჩინური იუანი,3/17/2020,3/17/2020
RUB,100,4.0213,0.0000,რუსული რუბლი,3/17/2020,3/17/2020
USD,1,3.0118,0.0000,აშშ დოლარი,3/17/2020,3/17/2020
CNY,10,4.2862,0.0000,ჩინური იუანი,3/16/2020,3/16/2020
RUB,100,4.1028,0.0000,რუსული რუბლი,3/16/2020,3/16/2020
USD,1,2.9942,0.0000,აშშ დოლარი,3/16/2020,3/16/2020
CNY,10,4.2862,0.0000,ჩინური იუანი,3/15/2020,3/15/2020
RUB,100,4.1028,0.0000,რუსული რუბლი,3/15/2020,3/15/2020
USD,1,2.9942,0.0000,აშშ დოლარი,3/15/2020,3/15/2020
CNY,10,4.2862,0.0000,ჩინური იუანი,3/14/2020,3/14/2020
RUB,100,4.1028,0.0000,რუსული რუბლი,3/14/2020,3/14/2020
USD,1,2.9942,0.0000,აშშ დოლარი,3/14/2020,3/14/2020
CNY,10,4.2155,0.0000,ჩინური იუანი,3/13/2020,3/13/2020
RUB,100,3.9416,0.0000,რუსული რუბლი,3/13/2020,3/13/2020
USD,1,2.9494,0.0000,აშშ დოლარი,3/13/2020,3/13/2020
CNY,10,4.1428,0.0000,ჩინური იუანი,3/12/2020,3/12/2020
RUB,100,4.0224,0.0000,რუსული რუბლი,3/12/2020,3/12/2020
USD,1,2.8791,0.0000,აშშ დოლარი,3/12/2020,3/12/2020
CNY,10,4.0930,0.0000,ჩინური იუანი,3/11/2020,3/11/2020
RUB,100,3.9955,0.0000,რუსული რუბლი,3/11/2020,3/11/2020
USD,1,2.8463,0.0000,აშშ დოლარი,3/11/2020,3/11/2020
CNY,10,4.0236,0.0000,ჩინური იუანი,3/10/2020,3/10/2020
RUB,100,3.7546,0.0000,რუსული რუბლი,3/10/2020,3/10/2020
USD,1,2.7963,0.0000,აშშ დოლარი,3/10/2020,3/10/2020
CNY,10,4.0051,0.0000,ჩინური იუანი,3/9/2020,3/9/2020
RUB,100,4.0872,0.0000,რუსული რუბლი,3/9/2020,3/9/2020
USD,1,2.7748,0.0000,აშშ დოლარი,3/9/2020,3/9/2020
CNY,10,4.0051,0.0000,ჩინური იუანი,3/8/2020,3/8/2020
RUB,100,4.0872,0.0000,რუსული რუბლი,3/8/2020,3/8/2020
USD,1,2.7748,0.0000,აშშ დოლარი,3/8/2020,3/8/2020
CNY,10,4.0051,0.0000,ჩინური იუანი,3/7/2020,3/7/2020
RUB,100,4.0872,0.0000,რუსული რუბლი,3/7/2020,3/7/2020
USD,1,2.7748,0.0000,აშშ დოლარი,3/7/2020,3/7/2020
CNY,10,3.9988,0.0000,ჩინური იუანი,3/6/2020,3/6/2020
RUB,100,4.1748,0.0000,რუსული რუბლი,3/6/2020,3/6/2020
USD,1,2.7735,0.0000,აშშ დოლარი,3/6/2020,3/6/2020
CNY,10,4.0240,0.0000,ჩინური იუანი,3/5/2020,3/5/2020
RUB,100,4.2438,0.0000,რუსული რუბლი,3/5/2020,3/5/2020
USD,1,2.7860,0.0000,აშშ დოლარი,3/5/2020,3/5/2020
CNY,10,3.9973,0.0000,ჩინური იუანი,3/4/2020,3/4/2020
RUB,100,4.1660,0.0000,რუსული რუბლი,3/4/2020,3/4/2020
USD,1,2.7835,0.0000,აშშ დოლარი,3/4/2020,3/4/2020
CNY,10,3.9973,0.0000,ჩინური იუანი,3/3/2020,3/3/2020
RUB,100,4.1660,0.0000,რუსული რუბლი,3/3/2020,3/3/2020
USD,1,2.7835,0.0000,აშშ დოლარი,3/3/2020,3/3/2020
CNY,10,3.9926,0.0000,ჩინური იუანი,3/2/2020,3/2/2020
RUB,100,4.1597,0.0000,რუსული რუბლი,3/2/2020,3/2/2020
USD,1,2.7905,0.0000,აშშ დოლარი,3/2/2020,3/2/2020
CNY,10,3.9926,0.0000,ჩინური იუანი,3/1/2020,3/1/2020
RUB,100,4.1597,0.0000,რუსული რუბლი,3/1/2020,3/1/2020
USD,1,2.7905,0.0000,აშშ დოლარი,3/1/2020,3/1/2020
CNY,10,3.9926,0.0000,ჩინური იუანი,2/29/2020,2/29/2020
RUB,100,4.1597,0.0000,რუსული რუბლი,2/29/2020,2/29/2020
USD,1,2.7905,0.0000,აშშ დოლარი,2/29/2020,2/29/2020
CNY,10,4.0013,0.0000,ჩინური იუანი,2/28/2020,2/28/2020
RUB,100,4.2697,0.0000,რუსული რუბლი,2/28/2020,2/28/2020
USD,1,2.8042,0.0000,აშშ დოლარი,2/28/2020,2/28/2020
CNY,10,3.9796,0.0000,ჩინური იუანი,2/27/2020,2/27/2020
RUB,100,4.2578,0.0000,რუსული რუბლი,2/27/2020,2/27/2020
USD,1,2.7928,0.0000,აშშ დოლარი,2/27/2020,2/27/2020
CNY,10,3.9819,0.0000,ჩინური იუანი,2/26/2020,2/26/2020
RUB,100,4.2607,0.0000,რუსული რუბლი,2/26/2020,2/26/2020
USD,1,2.7946,0.0000,აშშ დოლარი,2/26/2020,2/26/2020
CNY,10,3.9935,0.0000,ჩინური იუანი,2/25/2020,2/25/2020
RUB,100,4.2987,0.0000,რუსული რუბლი,2/25/2020,2/25/2020
USD,1,2.8079,0.0000,აშშ დოლარი,2/25/2020,2/25/2020
CNY,10,4.0244,0.0000,ჩინური იუანი,2/24/2020,2/24/2020
RUB,100,4.3980,0.0000,რუსული რუბლი,2/24/2020,2/24/2020
USD,1,2.8299,0.0000,აშშ დოლარი,2/24/2020,2/24/2020
CNY,10,4.0244,0.0000,ჩინური იუანი,2/23/2020,2/23/2020
RUB,100,4.3980,0.0000,რუსული რუბლი,2/23/2020,2/23/2020
USD,1,2.8299,0.0000,აშშ დოლარი,2/23/2020,2/23/2020
CNY,10,4.0244,0.0000,ჩინური იუანი,2/22/2020,2/22/2020
RUB,100,4.3980,0.0000,რუსული რუბლი,2/22/2020,2/22/2020
USD,1,2.8299,0.0000,აშშ დოლარი,2/22/2020,2/22/2020
CNY,10,4.0246,0.0000,ჩინური იუანი,2/21/2020,2/21/2020
RUB,100,4.4316,0.0000,რუსული რუბლი,2/21/2020,2/21/2020
USD,1,2.8265,0.0000,აშშ დოლარი,2/21/2020,2/21/2020
CNY,10,4.0647,0.0000,ჩინური იუანი,2/20/2020,2/20/2020
RUB,100,4.4678,0.0000,რუსული რუბლი,2/20/2020,2/20/2020
USD,1,2.8422,0.0000,აშშ დოლარი,2/20/2020,2/20/2020
CNY,10,4.0887,0.0000,ჩინური იუანი,2/19/2020,2/19/2020
RUB,100,4.4902,0.0000,რუსული რუბლი,2/19/2020,2/19/2020
USD,1,2.8631,0.0000,აშშ დოლარი,2/19/2020,2/19/2020
CNY,10,4.1079,0.0000,ჩინური იუანი,2/18/2020,2/18/2020
RUB,100,4.5283,0.0000,რუსული რუბლი,2/18/2020,2/18/2020
USD,1,2.8678,0.0000,აშშ დოლარი,2/18/2020,2/18/2020
CNY,10,4.1124,0.0000,ჩინური იუანი,2/17/2020,2/17/2020
RUB,100,4.5228,0.0000,რუსული რუბლი,2/17/2020,2/17/2020
USD,1,2.8718,0.0000,აშშ დოლარი,2/17/2020,2/17/2020
CNY,10,4.1124,0.0000,ჩინური იუანი,2/16/2020,2/16/2020
RUB,100,4.5228,0.0000,რუსული რუბლი,2/16/2020,2/16/2020
USD,1,2.8718,0.0000,აშშ დოლარი,2/16/2020,2/16/2020
CNY,10,4.1124,0.0000,ჩინური იუანი,2/15/2020,2/15/2020
RUB,100,4.5228,0.0000,რუსული რუბლი,2/15/2020,2/15/2020
USD,1,2.8718,0.0000,აშშ დოლარი,2/15/2020,2/15/2020
CNY,10,4.1158,0.0000,ჩინური იუანი,2/14/2020,2/14/2020
RUB,100,4.5141,0.0000,რუსული რუბლი,2/14/2020,2/14/2020
USD,1,2.8741,0.0000,აშშ დოლარი,2/14/2020,2/14/2020
CNY,10,4.1152,0.0000,ჩინური იუანი,2/13/2020,2/13/2020
RUB,100,4.5363,0.0000,რუსული რუბლი,2/13/2020,2/13/2020
USD,1,2.8686,0.0000,აშშ დოლარი,2/13/2020,2/13/2020
CNY,10,4.1146,0.0000,ჩინური იუანი,2/12/2020,2/12/2020
RUB,100,4.4947,0.0000,რუსული რუბლი,2/12/2020,2/12/2020
USD,1,2.8698,0.0000,აშშ დოლარი,2/12/2020,2/12/2020
CNY,10,4.1078,0.0000,ჩინური იუანი,2/11/2020,2/11/2020
RUB,100,4.4900,0.0000,რუსული რუბლი,2/11/2020,2/11/2020
USD,1,2.8671,0.0000,აშშ დოლარი,2/11/2020,2/11/2020
CNY,10,4.0911,0.0000,ჩინური იუანი,2/10/2020,2/10/2020
RUB,100,4.4852,0.0000,რუსული რუბლი,2/10/2020,2/10/2020
USD,1,2.8629,0.0000,აშშ დოლარი,2/10/2020,2/10/2020
CNY,10,4.0911,0.0000,ჩინური იუანი,2/9/2020,2/9/2020
RUB,100,4.4852,0.0000,რუსული რუბლი,2/9/2020,2/9/2020
USD,1,2.8629,0.0000,აშშ დოლარი,2/9/2020,2/9/2020
CNY,10,4.0911,0.0000,ჩინური იუანი,2/8/2020,2/8/2020
RUB,100,4.4852,0.0000,რუსული რუბლი,2/8/2020,2/8/2020
USD,1,2.8629,0.0000,აშშ დოლარი,2/8/2020,2/8/2020
CNY,10,4.1040,0.0000,ჩინური იუანი,2/7/2020,2/7/2020
RUB,100,4.5314,0.0000,რუსული რუბლი,2/7/2020,2/7/2020
USD,1,2.8612,0.0000,აშშ დოლარი,2/7/2020,2/7/2020
CNY,10,4.0950,0.0000,ჩინური იუანი,2/6/2020,2/6/2020
RUB,100,4.5567,0.0000,რუსული რუბლი,2/6/2020,2/6/2020
USD,1,2.8577,0.0000,აშშ დოლარი,2/6/2020,2/6/2020
CNY,10,4.0891,0.0000,ჩინური იუანი,2/5/2020,2/5/2020
RUB,100,4.5155,0.0000,რუსული რუბლი,2/5/2020,2/5/2020
USD,1,2.8603,0.0000,აშშ დოლარი,2/5/2020,2/5/2020
CNY,10,4.1070,0.0000,ჩინური იუანი,2/4/2020,2/4/2020
RUB,100,4.5155,0.0000,რუსული რუბლი,2/4/2020,2/4/2020
USD,1,2.8834,0.0000,აშშ დოლარი,2/4/2020,2/4/2020
CNY,10,4.1815,0.0000,ჩინური იუანი,2/3/2020,2/3/2020
RUB,100,4.5523,0.0000,რუსული რუბლი,2/3/2020,2/3/2020
USD,1,2.8898,0.0000,აშშ დოლარი,2/3/2020,2/3/2020
CNY,10,4.1815,0.0000,ჩინური იუანი,2/2/2020,2/2/2020
RUB,100,4.5523,0.0000,რუსული რუბლი,2/2/2020,2/2/2020
USD,1,2.8898,0.0000,აშშ დოლარი,2/2/2020,2/2/2020
CNY,10,4.1815,0.0000,ჩინური იუანი,2/1/2020,2/1/2020
RUB,100,4.5523,0.0000,რუსული რუბლი,2/1/2020,2/1/2020
USD,1,2.8898,0.0000,აშშ დოლარი,2/1/2020,2/1/2020
CNY,10,4.1867,0.0000,ჩინური იუანი,1/31/2020,1/31/2020
RUB,100,4.5904,0.0000,რუსული რუბლი,1/31/2020,1/31/2020
USD,1,2.8934,0.0000,აშშ დოლარი,1/31/2020,1/31/2020
CNY,10,4.1961,0.0000,ჩინური იუანი,1/30/2020,1/30/2020
RUB,100,4.6321,0.0000,რუსული რუბლი,1/30/2020,1/30/2020
USD,1,2.8999,0.0000,აშშ დოლარი,1/30/2020,1/30/2020
CNY,10,4.1860,0.0000,ჩინური იუანი,1/29/2020,1/29/2020
RUB,100,4.6063,0.0000,რუსული რუბლი,1/29/2020,1/29/2020
USD,1,2.8929,0.0000,აშშ დოლარი,1/29/2020,1/29/2020
CNY,10,4.1882,0.0000,ჩინური იუანი,1/28/2020,1/28/2020
RUB,100,4.6313,0.0000,რუსული რუბლი,1/28/2020,1/28/2020
USD,1,2.8944,0.0000,აშშ დოლარი,1/28/2020,1/28/2020
CNY,10,4.1747,0.0000,ჩინური იუანი,1/27/2020,1/27/2020
RUB,100,4.6730,0.0000,რუსული რუბლი,1/27/2020,1/27/2020
USD,1,2.8870,0.0000,აშშ დოლარი,1/27/2020,1/27/2020
CNY,10,4.1747,0.0000,ჩინური იუანი,1/26/2020,1/26/2020
RUB,100,4.6730,0.0000,რუსული რუბლი,1/26/2020,1/26/2020
USD,1,2.8870,0.0000,აშშ დოლარი,1/26/2020,1/26/2020
CNY,10,4.1747,0.0000,ჩინური იუანი,1/25/2020,1/25/2020
RUB,100,4.6730,0.0000,რუსული რუბლი,1/25/2020,1/25/2020
USD,1,2.8870,0.0000,აშშ დოლარი,1/25/2020,1/25/2020
CNY,10,4.1642,0.0000,ჩინური იუანი,1/24/2020,1/24/2020
RUB,100,4.6592,0.0000,რუსული რუბლი,1/24/2020,1/24/2020
USD,1,2.8867,0.0000,აშშ დოლარი,1/24/2020,1/24/2020
CNY,10,4.1857,0.0000,ჩინური იუანი,1/23/2020,1/23/2020
RUB,100,4.6576,0.0000,რუსული რუბლი,1/23/2020,1/23/2020
USD,1,2.8895,0.0000,აშშ დოლარი,1/23/2020,1/23/2020
CNY,10,4.1842,0.0000,ჩინური იუანი,1/22/2020,1/22/2020
RUB,100,4.6777,0.0000,რუსული რუბლი,1/22/2020,1/22/2020
USD,1,2.8877,0.0000,აშშ დოლარი,1/22/2020,1/22/2020
CNY,10,4.1913,0.0000,ჩინური იუანი,1/21/2020,1/21/2020
RUB,100,4.6737,0.0000,რუსული რუბლი,1/21/2020,1/21/2020
USD,1,2.8770,0.0000,აშშ დოლარი,1/21/2020,1/21/2020
CNY,10,4.1958,0.0000,ჩინური იუანი,1/20/2020,1/20/2020
RUB,100,4.6888,0.0000,რუსული რუბლი,1/20/2020,1/20/2020
USD,1,2.8781,0.0000,აშშ დოლარი,1/20/2020,1/20/2020
CNY,10,4.1958,0.0000,ჩინური იუანი,1/19/2020,1/19/2020
RUB,100,4.6888,0.0000,რუსული რუბლი,1/19/2020,1/19/2020
USD,1,2.8781,0.0000,აშშ დოლარი,1/19/2020,1/19/2020
CNY,10,4.1958,0.0000,ჩინური იუანი,1/18/2020,1/18/2020
RUB,100,4.6888,0.0000,რუსული რუბლი,1/18/2020,1/18/2020
USD,1,2.8781,0.0000,აშშ დოლარი,1/18/2020,1/18/2020
CNY,10,4.1890,0.0000,ჩინური იუანი,1/17/2020,1/17/2020
RUB,100,4.6718,0.0000,რუსული რუბლი,1/17/2020,1/17/2020
USD,1,2.8818,0.0000,აშშ დოლარი,1/17/2020,1/17/2020
CNY,10,4.1910,0.0000,ჩინური იუანი,1/16/2020,1/16/2020
RUB,100,4.6881,0.0000,რუსული რუბლი,1/16/2020,1/16/2020
USD,1,2.8862,0.0000,აშშ დოლარი,1/16/2020,1/16/2020
CNY,10,4.1946,0.0000,ჩინური იუანი,1/15/2020,1/15/2020
RUB,100,4.7059,0.0000,რუსული რუბლი,1/15/2020,1/15/2020
USD,1,2.8876,0.0000,აშშ დოლარი,1/15/2020,1/15/2020
CNY,10,4.2048,0.0000,ჩინური იუანი,1/14/2020,1/14/2020
RUB,100,4.7403,0.0000,რუსული რუბლი,1/14/2020,1/14/2020
USD,1,2.8980,0.0000,აშშ დოლარი,1/14/2020,1/14/2020
CNY,10,4.1876,0.0000,ჩინური იუანი,1/13/2020,1/13/2020
RUB,100,4.7284,0.0000,რუსული რუბლი,1/13/2020,1/13/2020
USD,1,2.8986,0.0000,აშშ დოლარი,1/13/2020,1/13/2020
CNY,10,4.1876,0.0000,ჩინური იუანი,1/12/2020,1/12/2020
RUB,100,4.7284,0.0000,რუსული რუბლი,1/12/2020,1/12/2020
USD,1,2.8986,0.0000,აშშ დოლარი,1/12/2020,1/12/2020
CNY,10,4.1876,0.0000,ჩინური იუანი,1/11/2020,1/11/2020
RUB,100,4.7284,0.0000,რუსული რუბლი,1/11/2020,1/11/2020
USD,1,2.8986,0.0000,აშშ დოლარი,1/11/2020,1/11/2020
CNY,10,4.1649,0.0000,ჩინური იუანი,1/10/2020,1/10/2020
RUB,100,4.7174,0.0000,რუსული რუბლი,1/10/2020,1/10/2020
USD,1,2.8870,0.0000,აშშ დოლარი,1/10/2020,1/10/2020
CNY,10,4.1383,0.0000,ჩინური იუანი,1/9/2020,1/9/2020
RUB,100,4.6392,0.0000,რუსული რუბლი,1/9/2020,1/9/2020
USD,1,2.8734,0.0000,აშშ დოლარი,1/9/2020,1/9/2020
CNY,10,4.1189,0.0000,ჩინური იუანი,1/8/2020,1/8/2020
RUB,100,4.6264,0.0000,რუსული რუბლი,1/8/2020,1/8/2020
USD,1,2.8716,0.0000,აშშ დოლარი,1/8/2020,1/8/2020
CNY,10,4.1189,0.0000,ჩინური იუანი,1/7/2020,1/7/2020
RUB,100,4.6264,0.0000,რუსული რუბლი,1/7/2020,1/7/2020
USD,1,2.8716,0.0000,აშშ დოლარი,1/7/2020,1/7/2020
CNY,10,4.1123,0.0000,ჩინური იუანი,1/6/2020,1/6/2020
RUB,100,4.6208,0.0000,რუსული რუბლი,1/6/2020,1/6/2020
USD,1,2.8672,0.0000,აშშ დოლარი,1/6/2020,1/6/2020
CNY,10,4.1123,0.0000,ჩინური იუანი,1/5/2020,1/5/2020
RUB,100,4.6208,0.0000,რუსული რუბლი,1/5/2020,1/5/2020
USD,1,2.8672,0.0000,აშშ დოლარი,1/5/2020,1/5/2020
CNY,10,4.1123,0.0000,ჩინური იუანი,1/4/2020,1/4/2020
RUB,100,4.6208,0.0000,რუსული რუბლი,1/4/2020,1/4/2020
USD,1,2.8672,0.0000,აშშ დოლარი,1/4/2020,1/4/2020
CNY,10,4.1181,0.0000,ჩინური იუანი,1/3/2020,1/3/2020
RUB,100,4.6100,0.0000,რუსული რუბლი,1/3/2020,1/3/2020
USD,1,2.8661,0.0000,აშშ დოლარი,1/3/2020,1/3/2020
CNY,10,4.1181,0.0000,ჩინური იუანი,1/2/2020,1/2/2020
RUB,100,4.6100,0.0000,რუსული რუბლი,1/2/2020,1/2/2020
USD,1,2.8661,0.0000,აშშ დოლარი,1/2/2020,1/2/2020
CNY,10,4.1181,0.0000,ჩინური იუანი,1/1/2020,1/1/2020
RUB,100,4.6100,0.0000,რუსული რუბლი,1/1/2020,1/1/2020
USD,1,2.8661,0.0000,აშშ დოლარი,1/1/2020,1/1/2020
CNY,10,4.1046,0.0000,ჩინური იუანი,12/31/2019,12/31/2019
RUB,100,4.6423,0.0000,რუსული რუბლი,12/31/2019,12/31/2019
USD,1,2.8677,0.0000,აშშ დოლარი,12/31/2019,12/31/2019
CNY,10,4.1019,0.0000,ჩინური იუანი,12/30/2019,12/30/2019
RUB,100,4.6362,0.0000,რუსული რუბლი,12/30/2019,12/30/2019
USD,1,2.8696,0.0000,აშშ დოლარი,12/30/2019,12/30/2019
CNY,10,4.1019,0.0000,ჩინური იუანი,12/29/2019,12/29/2019
RUB,100,4.6362,0.0000,რუსული რუბლი,12/29/2019,12/29/2019
USD,1,2.8696,0.0000,აშშ დოლარი,12/29/2019,12/29/2019
CNY,10,4.1019,0.0000,ჩინური იუანი,12/28/2019,12/28/2019
RUB,100,4.6362,0.0000,რუსული რუბლი,12/28/2019,12/28/2019
USD,1,2.8696,0.0000,აშშ დოლარი,12/28/2019,12/28/2019
CNY,10,4.0992,0.0000,ჩინური იუანი,12/27/2019,12/27/2019
RUB,100,4.6437,0.0000,რუსული რუბლი,12/27/2019,12/27/2019
USD,1,2.8694,0.0000,აშშ დოლარი,12/27/2019,12/27/2019
CNY,10,4.1130,0.0000,ჩინური იუანი,12/26/2019,12/26/2019
RUB,100,4.6632,0.0000,რუსული რუბლი,12/26/2019,12/26/2019
USD,1,2.8746,0.0000,აშშ დოლარი,12/26/2019,12/26/2019
CNY,10,4.0930,0.0000,ჩინური იუანი,12/25/2019,12/25/2019
RUB,100,4.6217,0.0000,რუსული რუბლი,12/25/2019,12/25/2019
USD,1,2.8680,0.0000,აშშ დოლარი,12/25/2019,12/25/2019
CNY,10,4.1024,0.0000,ჩინური იუანი,12/24/2019,12/24/2019
RUB,100,4.6169,0.0000,რუსული რუბლი,12/24/2019,12/24/2019
USD,1,2.8760,0.0000,აშშ დოლარი,12/24/2019,12/24/2019
CNY,10,4.1314,0.0000,ჩინური იუანი,12/23/2019,12/23/2019
RUB,100,4.6589,0.0000,რუსული რუბლი,12/23/2019,12/23/2019
USD,1,2.8957,0.0000,აშშ დოლარი,12/23/2019,12/23/2019
CNY,10,4.1314,0.0000,ჩინური იუანი,12/22/2019,12/22/2019
RUB,100,4.6589,0.0000,რუსული რუბლი,12/22/2019,12/22/2019
USD,1,2.8957,0.0000,აშშ დოლარი,12/22/2019,12/22/2019
CNY,10,4.1314,0.0000,ჩინური იუანი,12/21/2019,12/21/2019
RUB,100,4.6589,0.0000,რუსული რუბლი,12/21/2019,12/21/2019
USD,1,2.8957,0.0000,აშშ დოლარი,12/21/2019,12/21/2019
CNY,10,4.1440,0.0000,ჩინური იუანი,12/20/2019,12/20/2019
RUB,100,4.6496,0.0000,რუსული რუბლი,12/20/2019,12/20/2019
USD,1,2.9043,0.0000,აშშ დოლარი,12/20/2019,12/20/2019
CNY,10,4.1532,0.0000,ჩინური იუანი,12/19/2019,12/19/2019
RUB,100,4.6421,0.0000,რუსული რუბლი,12/19/2019,12/19/2019
USD,1,2.9055,0.0000,აშშ დოლარი,12/19/2019,12/19/2019
CNY,10,4.1513,0.0000,ჩინური იუანი,12/18/2019,12/18/2019
RUB,100,4.6357,0.0000,რუსული რუბლი,12/18/2019,12/18/2019
USD,1,2.9044,0.0000,აშშ დოლარი,12/18/2019,12/18/2019
CNY,10,4.1100,0.0000,ჩინური იუანი,12/17/2019,12/17/2019
RUB,100,4.5941,0.0000,რუსული რუბლი,12/17/2019,12/17/2019
USD,1,2.8787,0.0000,აშშ დოლარი,12/17/2019,12/17/2019
CNY,10,4.1050,0.0000,ჩინური იუანი,12/16/2019,12/16/2019
RUB,100,4.6032,0.0000,რუსული რუბლი,12/16/2019,12/16/2019
USD,1,2.8647,0.0000,აშშ დოლარი,12/16/2019,12/16/2019
CNY,10,4.1050,0.0000,ჩინური იუანი,12/15/2019,12/15/2019
RUB,100,4.6032,0.0000,რუსული რუბლი,12/15/2019,12/15/2019
USD,1,2.8647,0.0000,აშშ დოლარი,12/15/2019,12/15/2019
CNY,10,4.1050,0.0000,ჩინური იუანი,12/14/2019,12/14/2019
RUB,100,4.6032,0.0000,რუსული რუბლი,12/14/2019,12/14/2019
USD,1,2.8647,0.0000,აშშ დოლარი,12/14/2019,12/14/2019
CNY,10,4.0735,0.0000,ჩინური იუანი,12/13/2019,12/13/2019
RUB,100,4.5362,0.0000,რუსული რუბლი,12/13/2019,12/13/2019
USD,1,2.8661,0.0000,აშშ დოლარი,12/13/2019,12/13/2019
CNY,10,4.1047,0.0000,ჩინური იუანი,12/12/2019,12/12/2019
RUB,100,4.5482,0.0000,რუსული რუბლი,12/12/2019,12/12/2019
USD,1,2.8896,0.0000,აშშ დოლარი,12/12/2019,12/12/2019
CNY,10,4.1325,0.0000,ჩინური იუანი,12/11/2019,12/11/2019
RUB,100,4.5697,0.0000,რუსული რუბლი,12/11/2019,12/11/2019
USD,1,2.9089,0.0000,აშშ დოლარი,12/11/2019,12/11/2019
CNY,10,4.1830,0.0000,ჩინური იუანი,12/10/2019,12/10/2019
RUB,100,4.6194,0.0000,რუსული რუბლი,12/10/2019,12/10/2019
USD,1,2.9446,0.0000,აშშ დოლარი,12/10/2019,12/10/2019
CNY,10,4.1900,0.0000,ჩინური იუანი,12/9/2019,12/9/2019
RUB,100,4.6218,0.0000,რუსული რუბლი,12/9/2019,12/9/2019
USD,1,2.9466,0.0000,აშშ დოლარი,12/9/2019,12/9/2019
CNY,10,4.1900,0.0000,ჩინური იუანი,12/8/2019,12/8/2019
RUB,100,4.6218,0.0000,რუსული რუბლი,12/8/2019,12/8/2019
USD,1,2.9466,0.0000,აშშ დოლარი,12/8/2019,12/8/2019
CNY,10,4.1900,0.0000,ჩინური იუანი,12/7/2019,12/7/2019
RUB,100,4.6218,0.0000,რუსული რუბლი,12/7/2019,12/7/2019
USD,1,2.9466,0.0000,აშშ დოლარი,12/7/2019,12/7/2019
CNY,10,4.2008,0.0000,ჩინური იუანი,12/6/2019,12/6/2019
RUB,100,4.6333,0.0000,რუსული რუბლი,12/6/2019,12/6/2019
USD,1,2.9573,0.0000,აშშ დოლარი,12/6/2019,12/6/2019
CNY,10,4.1934,0.0000,ჩინური იუანი,12/5/2019,12/5/2019
RUB,100,4.6197,0.0000,რუსული რუბლი,12/5/2019,12/5/2019
USD,1,2.9573,0.0000,აშშ დოლარი,12/5/2019,12/5/2019
CNY,10,4.1974,0.0000,ჩინური იუანი,12/4/2019,12/4/2019
RUB,100,4.6174,0.0000,რუსული რუბლი,12/4/2019,12/4/2019
USD,1,2.9627,0.0000,აშშ დოლარი,12/4/2019,12/4/2019
CNY,10,4.2140,0.0000,ჩინური იუანი,12/3/2019,12/3/2019
RUB,100,4.6163,0.0000,რუსული რუბლი,12/3/2019,12/3/2019
USD,1,2.9675,0.0000,აშშ დოლარი,12/3/2019,12/3/2019
CNY,10,4.2295,0.0000,ჩინური იუანი,12/2/2019,12/2/2019
RUB,100,4.6268,0.0000,რუსული რუბლი,12/2/2019,12/2/2019
USD,1,2.9695,0.0000,აშშ დოლარი,12/2/2019,12/2/2019
CNY,10,4.2295,0.0000,ჩინური იუანი,12/1/2019,12/1/2019
RUB,100,4.6268,0.0000,რუსული რუბლი,12/1/2019,12/1/2019
USD,1,2.9695,0.0000,აშშ დოლარი,12/1/2019,12/1/2019
CNY,10,4.2295,0.0000,ჩინური იუანი,11/30/2019,11/30/2019
RUB,100,4.6268,0.0000,რუსული რუბლი,11/30/2019,11/30/2019
USD,1,2.9695,0.0000,აშშ დოლარი,11/30/2019,11/30/2019
CNY,10,4.2294,0.0000,ჩინური იუანი,11/29/2019,11/29/2019
RUB,100,4.6400,0.0000,რუსული რუბლი,11/29/2019,11/29/2019
USD,1,2.9744,0.0000,აშშ დოლარი,11/29/2019,11/29/2019
CNY,10,4.2373,0.0000,ჩინური იუანი,11/28/2019,11/28/2019
RUB,100,4.6504,0.0000,რუსული რუბლი,11/28/2019,11/28/2019
USD,1,2.9754,0.0000,აშშ დოლარი,11/28/2019,11/28/2019
CNY,10,4.2200,0.0000,ჩინური იუანი,11/27/2019,11/27/2019
RUB,100,4.6397,0.0000,რუსული რუბლი,11/27/2019,11/27/2019
USD,1,2.9712,0.0000,აშშ დოლარი,11/27/2019,11/27/2019
CNY,10,4.2304,0.0000,ჩინური იუანი,11/26/2019,11/26/2019
RUB,100,4.6556,0.0000,რუსული რუბლი,11/26/2019,11/26/2019
USD,1,2.9753,0.0000,აშშ დოლარი,11/26/2019,11/26/2019
CNY,10,4.2253,0.0000,ჩინური იუანი,11/25/2019,11/25/2019
RUB,100,4.6709,0.0000,რუსული რუბლი,11/25/2019,11/25/2019
USD,1,2.9749,0.0000,აშშ დოლარი,11/25/2019,11/25/2019
CNY,10,4.2253,0.0000,ჩინური იუანი,11/24/2019,11/24/2019
RUB,100,4.6709,0.0000,რუსული რუბლი,11/24/2019,11/24/2019
USD,1,2.9749,0.0000,აშშ დოლარი,11/24/2019,11/24/2019
CNY,10,4.2253,0.0000,ჩინური იუანი,11/23/2019,11/23/2019
RUB,100,4.6709,0.0000,რუსული რუბლი,11/23/2019,11/23/2019
USD,1,2.9749,0.0000,აშშ დოლარი,11/23/2019,11/23/2019
CNY,10,4.2357,0.0000,ჩინური იუანი,11/22/2019,11/22/2019
RUB,100,4.6712,0.0000,რუსული რუბლი,11/22/2019,11/22/2019
USD,1,2.9781,0.0000,აშშ დოლარი,11/22/2019,11/22/2019
CNY,10,4.2324,0.0000,ჩინური იუანი,11/21/2019,11/21/2019
RUB,100,4.6553,0.0000,რუსული რუბლი,11/21/2019,11/21/2019
USD,1,2.9776,0.0000,აშშ დოლარი,11/21/2019,11/21/2019
CNY,10,4.2338,0.0000,ჩინური იუანი,11/20/2019,11/20/2019
RUB,100,4.6667,0.0000,რუსული რუბლი,11/20/2019,11/20/2019
USD,1,2.9735,0.0000,აშშ დოლარი,11/20/2019,11/20/2019
CNY,10,4.2390,0.0000,ჩინური იუანი,11/19/2019,11/19/2019
RUB,100,4.6555,0.0000,რუსული რუბლი,11/19/2019,11/19/2019
USD,1,2.9736,0.0000,აშშ დოლარი,11/19/2019,11/19/2019
CNY,10,4.2385,0.0000,ჩინური იუანი,11/18/2019,11/18/2019
RUB,100,4.6531,0.0000,რუსული რუბლი,11/18/2019,11/18/2019
USD,1,2.9723,0.0000,აშშ დოლარი,11/18/2019,11/18/2019
CNY,10,4.2385,0.0000,ჩინური იუანი,11/17/2019,11/17/2019
RUB,100,4.6531,0.0000,რუსული რუბლი,11/17/2019,11/17/2019
USD,1,2.9723,0.0000,აშშ დოლარი,11/17/2019,11/17/2019
CNY,10,4.2385,0.0000,ჩინური იუანი,11/16/2019,11/16/2019
RUB,100,4.6531,0.0000,რუსული რუბლი,11/16/2019,11/16/2019
USD,1,2.9723,0.0000,აშშ დოლარი,11/16/2019,11/16/2019
CNY,10,4.2180,0.0000,ჩინური იუანი,11/15/2019,11/15/2019
RUB,100,4.6227,0.0000,რუსული რუბლი,11/15/2019,11/15/2019
USD,1,2.9608,0.0000,აშშ დოლარი,11/15/2019,11/15/2019
CNY,10,4.2117,0.0000,ჩინური იუანი,11/14/2019,11/14/2019
RUB,100,4.5941,0.0000,რუსული რუბლი,11/14/2019,11/14/2019
USD,1,2.9568,0.0000,აშშ დოლარი,11/14/2019,11/14/2019
CNY,10,4.2264,0.0000,ჩინური იუანი,11/13/2019,11/13/2019
RUB,100,4.6247,0.0000,რუსული რუბლი,11/13/2019,11/13/2019
USD,1,2.9618,0.0000,აშშ დოლარი,11/13/2019,11/13/2019
CNY,10,4.2280,0.0000,ჩინური იუანი,11/12/2019,11/12/2019
RUB,100,4.6355,0.0000,რუსული რუბლი,11/12/2019,11/12/2019
USD,1,2.9633,0.0000,აშშ დოლარი,11/12/2019,11/12/2019
CNY,10,4.2363,0.0000,ჩინური იუანი,11/11/2019,11/11/2019
RUB,100,4.6386,0.0000,რუსული რუბლი,11/11/2019,11/11/2019
USD,1,2.9613,0.0000,აშშ დოლარი,11/11/2019,11/11/2019
CNY,10,4.2363,0.0000,ჩინური იუანი,11/10/2019,11/10/2019
RUB,100,4.6386,0.0000,რუსული რუბლი,11/10/2019,11/10/2019
USD,1,2.9613,0.0000,აშშ დოლარი,11/10/2019,11/10/2019
CNY,10,4.2363,0.0000,ჩინური იუანი,11/9/2019,11/9/2019
RUB,100,4.6386,0.0000,რუსული რუბლი,11/9/2019,11/9/2019
USD,1,2.9613,0.0000,აშშ დოლარი,11/9/2019,11/9/2019
CNY,10,4.2420,0.0000,ჩინური იუანი,11/8/2019,11/8/2019
RUB,100,4.6420,0.0000,რუსული რუბლი,11/8/2019,11/8/2019
USD,1,2.9586,0.0000,აშშ დოლარი,11/8/2019,11/8/2019
CNY,10,4.2286,0.0000,ჩინური იუანი,11/7/2019,11/7/2019
RUB,100,4.6446,0.0000,რუსული რუბლი,11/7/2019,11/7/2019
USD,1,2.9608,0.0000,აშშ დოლარი,11/7/2019,11/7/2019
CNY,10,4.2401,0.0000,ჩინური იუანი,11/6/2019,11/6/2019
RUB,100,4.6790,0.0000,რუსული რუბლი,11/6/2019,11/6/2019
USD,1,2.9644,0.0000,აშშ დოლარი,11/6/2019,11/6/2019
CNY,10,4.2176,0.0000,ჩინური იუანი,11/5/2019,11/5/2019
RUB,100,4.6865,0.0000,რუსული რუბლი,11/5/2019,11/5/2019
USD,1,2.9653,0.0000,აშშ დოლარი,11/5/2019,11/5/2019
CNY,10,4.2041,0.0000,ჩინური იუანი,11/4/2019,11/4/2019
RUB,100,4.6178,0.0000,რუსული რუბლი,11/4/2019,11/4/2019
USD,1,2.9582,0.0000,აშშ დოლარი,11/4/2019,11/4/2019
CNY,10,4.2041,0.0000,ჩინური იუანი,11/3/2019,11/3/2019
RUB,100,4.6178,0.0000,რუსული რუბლი,11/3/2019,11/3/2019
USD,1,2.9582,0.0000,აშშ დოლარი,11/3/2019,11/3/2019
CNY,10,4.2041,0.0000,ჩინური იუანი,11/2/2019,11/2/2019
RUB,100,4.6178,0.0000,რუსული რუბლი,11/2/2019,11/2/2019
USD,1,2.9582,0.0000,აშშ დოლარი,11/2/2019,11/2/2019
CNY,10,4.2015,0.0000,ჩინური იუანი,11/1/2019,11/1/2019
RUB,100,4.6251,0.0000,რუსული რუბლი,11/1/2019,11/1/2019
USD,1,2.9597,0.0000,აშშ დოლარი,11/1/2019,11/1/2019
CNY,10,4.1990,0.0000,ჩინური იუანი,10/31/2019,10/31/2019
RUB,100,4.6445,0.0000,რუსული რუბლი,10/31/2019,10/31/2019
USD,1,2.9632,0.0000,აშშ დოლარი,10/31/2019,10/31/2019
CNY,10,4.1820,0.0000,ჩინური იუანი,10/30/2019,10/30/2019
RUB,100,4.6160,0.0000,რუსული რუბლი,10/30/2019,10/30/2019
USD,1,2.9545,0.0000,აშშ დოლარი,10/30/2019,10/30/2019
CNY,10,4.1695,0.0000,ჩინური იუანი,10/29/2019,10/29/2019
RUB,100,4.6276,0.0000,რუსული რუბლი,10/29/2019,10/29/2019
USD,1,2.9460,0.0000,აშშ დოლარი,10/29/2019,10/29/2019
CNY,10,4.1657,0.0000,ჩინური იუანი,10/28/2019,10/28/2019
RUB,100,4.6054,0.0000,რუსული რუბლი,10/28/2019,10/28/2019
USD,1,2.9453,0.0000,აშშ დოლარი,10/28/2019,10/28/2019
CNY,10,4.1657,0.0000,ჩინური იუანი,10/27/2019,10/27/2019
RUB,100,4.6054,0.0000,რუსული რუბლი,10/27/2019,10/27/2019
USD,1,2.9453,0.0000,აშშ დოლარი,10/27/2019,10/27/2019
CNY,10,4.1657,0.0000,ჩინური იუანი,10/26/2019,10/26/2019
RUB,100,4.6054,0.0000,რუსული რუბლი,10/26/2019,10/26/2019
USD,1,2.9453,0.0000,აშშ დოლარი,10/26/2019,10/26/2019
CNY,10,4.1729,0.0000,ჩინური იუანი,10/25/2019,10/25/2019
RUB,100,4.6183,0.0000,რუსული რუბლი,10/25/2019,10/25/2019
USD,1,2.9515,0.0000,აშშ დოლარი,10/25/2019,10/25/2019
CNY,10,4.1933,0.0000,ჩინური იუანი,10/24/2019,10/24/2019
RUB,100,4.6397,0.0000,რუსული რუბლი,10/24/2019,10/24/2019
USD,1,2.9661,0.0000,აშშ დოლარი,10/24/2019,10/24/2019
CNY,10,4.1966,0.0000,ჩინური იუანი,10/23/2019,10/23/2019
RUB,100,4.6653,0.0000,რუსული რუბლი,10/23/2019,10/23/2019
USD,1,2.9710,0.0000,აშშ დოლარი,10/23/2019,10/23/2019
CNY,10,4.1991,0.0000,ჩინური იუანი,10/22/2019,10/22/2019
RUB,100,4.6607,0.0000,რუსული რუბლი,10/22/2019,10/22/2019
USD,1,2.9701,0.0000,აშშ დოლარი,10/22/2019,10/22/2019
CNY,10,4.1934,0.0000,ჩინური იუანი,10/21/2019,10/21/2019
RUB,100,4.6461,0.0000,რუსული რუბლი,10/21/2019,10/21/2019
USD,1,2.9718,0.0000,აშშ დოლარი,10/21/2019,10/21/2019
CNY,10,4.1934,0.0000,ჩინური იუანი,10/20/2019,10/20/2019
RUB,100,4.6461,0.0000,რუსული რუბლი,10/20/2019,10/20/2019
USD,1,2.9718,0.0000,აშშ დოლარი,10/20/2019,10/20/2019
CNY,10,4.1934,0.0000,ჩინური იუანი,10/19/2019,10/19/2019
RUB,100,4.6461,0.0000,რუსული რუბლი,10/19/2019,10/19/2019
USD,1,2.9718,0.0000,აშშ დოლარი,10/19/2019,10/19/2019
CNY,10,4.1956,0.0000,ჩინური იუანი,10/18/2019,10/18/2019
RUB,100,4.6380,0.0000,რუსული რუბლი,10/18/2019,10/18/2019
USD,1,2.9682,0.0000,აშშ დოლარი,10/18/2019,10/18/2019
CNY,10,4.1779,0.0000,ჩინური იუანი,10/17/2019,10/17/2019
RUB,100,4.6123,0.0000,რუსული რუბლი,10/17/2019,10/17/2019
USD,1,2.9663,0.0000,აშშ დოლარი,10/17/2019,10/17/2019
CNY,10,4.1948,0.0000,ჩინური იუანი,10/16/2019,10/16/2019
RUB,100,4.6078,0.0000,რუსული რუბლი,10/16/2019,10/16/2019
USD,1,2.9701,0.0000,აშშ დოლარი,10/16/2019,10/16/2019
CNY,10,4.1854,0.0000,ჩინური იუანი,10/15/2019,10/15/2019
RUB,100,4.6307,0.0000,რუსული რუბლი,10/15/2019,10/15/2019
USD,1,2.9701,0.0000,აშშ დოლარი,10/15/2019,10/15/2019
CNY,10,4.1854,0.0000,ჩინური იუანი,10/14/2019,10/14/2019
RUB,100,4.6307,0.0000,რუსული რუბლი,10/14/2019,10/14/2019
USD,1,2.9701,0.0000,აშშ დოლარი,10/14/2019,10/14/2019
CNY,10,4.1854,0.0000,ჩინური იუანი,10/13/2019,10/13/2019
RUB,100,4.6307,0.0000,რუსული რუბლი,10/13/2019,10/13/2019
USD,1,2.9701,0.0000,აშშ დოლარი,10/13/2019,10/13/2019
CNY,10,4.1854,0.0000,ჩინური იუანი,10/12/2019,10/12/2019
RUB,100,4.6307,0.0000,რუსული რუბლი,10/12/2019,10/12/2019
USD,1,2.9701,0.0000,აშშ დოლარი,10/12/2019,10/12/2019
CNY,10,4.1726,0.0000,ჩინური იუანი,10/11/2019,10/11/2019
RUB,100,4.5902,0.0000,რუსული რუბლი,10/11/2019,10/11/2019
USD,1,2.9714,0.0000,აშშ დოლარი,10/11/2019,10/11/2019
CNY,10,4.1595,0.0000,ჩინური იუანი,10/10/2019,10/10/2019
RUB,100,4.5624,0.0000,რუსული რუბლი,10/10/2019,10/10/2019
USD,1,2.9633,0.0000,აშშ დოლარი,10/10/2019,10/10/2019
CNY,10,4.1582,0.0000,ჩინური იუანი,10/9/2019,10/9/2019
RUB,100,4.5614,0.0000,რუსული რუბლი,10/9/2019,10/9/2019
USD,1,2.9683,0.0000,აშშ დოლარი,10/9/2019,10/9/2019
CNY,10,4.1516,0.0000,ჩინური იუანი,10/8/2019,10/8/2019
RUB,100,4.5687,0.0000,რუსული რუბლი,10/8/2019,10/8/2019
USD,1,2.9677,0.0000,აშშ დოლარი,10/8/2019,10/8/2019
CNY,10,4.1488,0.0000,ჩინური იუანი,10/7/2019,10/7/2019
RUB,100,4.5763,0.0000,რუსული რუბლი,10/7/2019,10/7/2019
USD,1,2.9657,0.0000,აშშ დოლარი,10/7/2019,10/7/2019
CNY,10,4.1488,0.0000,ჩინური იუანი,10/6/2019,10/6/2019
RUB,100,4.5763,0.0000,რუსული რუბლი,10/6/2019,10/6/2019
USD,1,2.9657,0.0000,აშშ დოლარი,10/6/2019,10/6/2019
CNY,10,4.1488,0.0000,ჩინური იუანი,10/5/2019,10/5/2019
RUB,100,4.5763,0.0000,რუსული რუბლი,10/5/2019,10/5/2019
USD,1,2.9657,0.0000,აშშ დოლარი,10/5/2019,10/5/2019
CNY,10,4.1548,0.0000,ჩინური იუანი,10/4/2019,10/4/2019
RUB,100,4.5650,0.0000,რუსული რუბლი,10/4/2019,10/4/2019
USD,1,2.9700,0.0000,აშშ დოლარი,10/4/2019,10/4/2019
CNY,10,4.1625,0.0000,ჩინური იუანი,10/3/2019,10/3/2019
RUB,100,4.5513,0.0000,რუსული რუბლი,10/3/2019,10/3/2019
USD,1,2.9755,0.0000,აშშ დოლარი,10/3/2019,10/3/2019
CNY,10,4.1622,0.0000,ჩინური იუანი,10/2/2019,10/2/2019
RUB,100,4.5718,0.0000,რუსული რუბლი,10/2/2019,10/2/2019
USD,1,2.9753,0.0000,აშშ დოლარი,10/2/2019,10/2/2019
CNY,10,4.1705,0.0000,ჩინური იუანი,10/1/2019,10/1/2019
RUB,100,4.5918,0.0000,რუსული რუბლი,10/1/2019,10/1/2019
USD,1,2.9770,0.0000,აშშ დოლარი,10/1/2019,10/1/2019
CNY,10,4.1468,0.0000,ჩინური იუანი,9/30/2019,9/30/2019
RUB,100,4.5891,0.0000,რუსული რუბლი,9/30/2019,9/30/2019
USD,1,2.9552,0.0000,აშშ დოლარი,9/30/2019,9/30/2019
CNY,10,4.1468,0.0000,ჩინური იუანი,9/29/2019,9/29/2019
RUB,100,4.5891,0.0000,რუსული რუბლი,9/29/2019,9/29/2019
USD,1,2.9552,0.0000,აშშ დოლარი,9/29/2019,9/29/2019
CNY,10,4.1468,0.0000,ჩინური იუანი,9/28/2019,9/28/2019
RUB,100,4.5891,0.0000,რუსული რუბლი,9/28/2019,9/28/2019
USD,1,2.9552,0.0000,აშშ დოლარი,9/28/2019,9/28/2019
CNY,10,4.1807,0.0000,ჩინური იუანი,9/27/2019,9/27/2019
RUB,100,4.6411,0.0000,რუსული რუბლი,9/27/2019,9/27/2019
USD,1,2.9808,0.0000,აშშ დოლარი,9/27/2019,9/27/2019
CNY,10,4.1741,0.0000,ჩინური იუანი,9/26/2019,9/26/2019
RUB,100,4.6231,0.0000,რუსული რუბლი,9/26/2019,9/26/2019
USD,1,2.9737,0.0000,აშშ დოლარი,9/26/2019,9/26/2019
CNY,10,4.1790,0.0000,ჩინური იუანი,9/25/2019,9/25/2019
RUB,100,4.6626,0.0000,რუსული რუბლი,9/25/2019,9/25/2019
USD,1,2.9694,0.0000,აშშ დოლარი,9/25/2019,9/25/2019
CNY,10,4.1687,0.0000,ჩინური იუანი,9/24/2019,9/24/2019
RUB,100,4.6462,0.0000,რუსული რუბლი,9/24/2019,9/24/2019
USD,1,2.9709,0.0000,აშშ დოლარი,9/24/2019,9/24/2019
CNY,10,4.1988,0.0000,ჩინური იუანი,9/23/2019,9/23/2019
RUB,100,4.6659,0.0000,რუსული რუბლი,9/23/2019,9/23/2019
USD,1,2.9759,0.0000,აშშ დოლარი,9/23/2019,9/23/2019
CNY,10,4.1988,0.0000,ჩინური იუანი,9/22/2019,9/22/2019
RUB,100,4.6659,0.0000,რუსული რუბლი,9/22/2019,9/22/2019
USD,1,2.9759,0.0000,აშშ დოლარი,9/22/2019,9/22/2019
CNY,10,4.1988,0.0000,ჩინური იუანი,9/21/2019,9/21/2019
RUB,100,4.6659,0.0000,რუსული რუბლი,9/21/2019,9/21/2019
USD,1,2.9759,0.0000,აშშ დოლარი,9/21/2019,9/21/2019
CNY,10,4.1906,0.0000,ჩინური იუანი,9/20/2019,9/20/2019
RUB,100,4.6406,0.0000,რუსული რუბლი,9/20/2019,9/20/2019
USD,1,2.9738,0.0000,აშშ დოლარი,9/20/2019,9/20/2019
CNY,10,4.1883,0.0000,ჩინური იუანი,9/19/2019,9/19/2019
RUB,100,4.6131,0.0000,რუსული რუბლი,9/19/2019,9/19/2019
USD,1,2.9691,0.0000,აშშ დოლარი,9/19/2019,9/19/2019
CNY,10,4.1746,0.0000,ჩინური იუანი,9/18/2019,9/18/2019
RUB,100,4.6163,0.0000,რუსული რუბლი,9/18/2019,9/18/2019
USD,1,2.9626,0.0000,აშშ დოლარი,9/18/2019,9/18/2019
CNY,10,4.1908,0.0000,ჩინური იუანი,9/17/2019,9/17/2019
RUB,100,4.6206,0.0000,რუსული რუბლი,9/17/2019,9/17/2019
USD,1,2.9608,0.0000,აშშ დოლარი,9/17/2019,9/17/2019
CNY,10,4.1825,0.0000,ჩინური იუანი,9/16/2019,9/16/2019
RUB,100,4.6066,0.0000,რუსული რუბლი,9/16/2019,9/16/2019
USD,1,2.9607,0.0000,აშშ დოლარი,9/16/2019,9/16/2019
CNY,10,4.1825,0.0000,ჩინური იუანი,9/15/2019,9/15/2019
RUB,100,4.6066,0.0000,რუსული რუბლი,9/15/2019,9/15/2019
USD,1,2.9607,0.0000,აშშ დოლარი,9/15/2019,9/15/2019
CNY,10,4.1825,0.0000,ჩინური იუანი,9/14/2019,9/14/2019
RUB,100,4.6066,0.0000,რუსული რუბლი,9/14/2019,9/14/2019
USD,1,2.9607,0.0000,აშშ დოლარი,9/14/2019,9/14/2019
CNY,10,4.1835,0.0000,ჩინური იუანი,9/13/2019,9/13/2019
RUB,100,4.5569,0.0000,რუსული რუბლი,9/13/2019,9/13/2019
USD,1,2.9638,0.0000,აშშ დოლარი,9/13/2019,9/13/2019
CNY,10,4.1632,0.0000,ჩინური იუანი,9/12/2019,9/12/2019
RUB,100,4.5293,0.0000,რუსული რუბლი,9/12/2019,9/12/2019
USD,1,2.9624,0.0000,აშშ დოლარი,9/12/2019,9/12/2019
CNY,10,4.1785,0.0000,ჩინური იუანი,9/11/2019,9/11/2019
RUB,100,4.5373,0.0000,რუსული რუბლი,9/11/2019,9/11/2019
USD,1,2.9688,0.0000,აშშ დოლარი,9/11/2019,9/11/2019
CNY,10,4.1680,0.0000,ჩინური იუანი,9/10/2019,9/10/2019
RUB,100,4.5379,0.0000,რუსული რუბლი,9/10/2019,9/10/2019
USD,1,2.9700,0.0000,აშშ დოლარი,9/10/2019,9/10/2019
CNY,10,4.1669,0.0000,ჩინური იუანი,9/9/2019,9/9/2019
RUB,100,4.4981,0.0000,რუსული რუბლი,9/9/2019,9/9/2019
USD,1,2.9636,0.0000,აშშ დოლარი,9/9/2019,9/9/2019
CNY,10,4.1669,0.0000,ჩინური იუანი,9/8/2019,9/8/2019
RUB,100,4.4981,0.0000,რუსული რუბლი,9/8/2019,9/8/2019
USD,1,2.9636,0.0000,აშშ დოლარი,9/8/2019,9/8/2019
CNY,10,4.1669,0.0000,ჩინური იუანი,9/7/2019,9/7/2019
RUB,100,4.4981,0.0000,რუსული რუბლი,9/7/2019,9/7/2019
USD,1,2.9636,0.0000,აშშ დოლარი,9/7/2019,9/7/2019
CNY,10,4.1424,0.0000,ჩინური იუანი,9/6/2019,9/6/2019
RUB,100,4.4839,0.0000,რუსული რუბლი,9/6/2019,9/6/2019
USD,1,2.9598,0.0000,აშშ დოლარი,9/6/2019,9/6/2019
CNY,10,4.1481,0.0000,ჩინური იუანი,9/5/2019,9/5/2019
RUB,100,4.4651,0.0000,რუსული რუბლი,9/5/2019,9/5/2019
USD,1,2.9660,0.0000,აშშ დოლარი,9/5/2019,9/5/2019
CNY,10,4.1358,0.0000,ჩინური იუანი,9/4/2019,9/4/2019
RUB,100,4.4296,0.0000,რუსული რუბლი,9/4/2019,9/4/2019
USD,1,2.9683,0.0000,აშშ დოლარი,9/4/2019,9/4/2019
CNY,10,4.1297,0.0000,ჩინური იუანი,9/3/2019,9/3/2019
RUB,100,4.4407,0.0000,რუსული რუბლი,9/3/2019,9/3/2019
USD,1,2.9614,0.0000,აშშ დოლარი,9/3/2019,9/3/2019
CNY,10,4.1206,0.0000,ჩინური იუანი,9/2/2019,9/2/2019
RUB,100,4.4367,0.0000,რუსული რუბლი,9/2/2019,9/2/2019
USD,1,2.9457,0.0000,აშშ დოლარი,9/2/2019,9/2/2019
CNY,10,4.1206,0.0000,ჩინური იუანი,9/1/2019,9/1/2019
RUB,100,4.4367,0.0000,რუსული რუბლი,9/1/2019,9/1/2019
USD,1,2.9457,0.0000,აშშ დოლარი,9/1/2019,9/1/2019
CNY,10,4.1206,0.0000,ჩინური იუანი,8/31/2019,8/31/2019
RUB,100,4.4367,0.0000,რუსული რუბლი,8/31/2019,8/31/2019
USD,1,2.9457,0.0000,აშშ დოლარი,8/31/2019,8/31/2019
CNY,10,4.1091,0.0000,ჩინური იუანი,8/30/2019,8/30/2019
RUB,100,4.4052,0.0000,რუსული რუბლი,8/30/2019,8/30/2019
USD,1,2.9379,0.0000,აშშ დოლარი,8/30/2019,8/30/2019
CNY,10,4.1077,0.0000,ჩინური იუანი,8/29/2019,8/29/2019
RUB,100,4.4307,0.0000,რუსული რუბლი,8/29/2019,8/29/2019
USD,1,2.9415,0.0000,აშშ დოლარი,8/29/2019,8/29/2019
CNY,10,4.1077,0.0000,ჩინური იუანი,8/28/2019,8/28/2019
RUB,100,4.4307,0.0000,რუსული რუბლი,8/28/2019,8/28/2019
USD,1,2.9415,0.0000,აშშ დოლარი,8/28/2019,8/28/2019
CNY,10,4.1141,0.0000,ჩინური იუანი,8/27/2019,8/27/2019
RUB,100,4.4462,0.0000,რუსული რუბლი,8/27/2019,8/27/2019
USD,1,2.9399,0.0000,აშშ დოლარი,8/27/2019,8/27/2019
CNY,10,4.1344,0.0000,ჩინური იუანი,8/26/2019,8/26/2019
RUB,100,4.4581,0.0000,რუსული რუბლი,8/26/2019,8/26/2019
USD,1,2.9279,0.0000,აშშ დოლარი,8/26/2019,8/26/2019
CNY,10,4.1344,0.0000,ჩინური იუანი,8/25/2019,8/25/2019
RUB,100,4.4581,0.0000,რუსული რუბლი,8/25/2019,8/25/2019
USD,1,2.9279,0.0000,აშშ დოლარი,8/25/2019,8/25/2019
CNY,10,4.1344,0.0000,ჩინური იუანი,8/24/2019,8/24/2019
RUB,100,4.4581,0.0000,რუსული რუბლი,8/24/2019,8/24/2019
USD,1,2.9279,0.0000,აშშ დოლარი,8/24/2019,8/24/2019
CNY,10,4.1386,0.0000,ჩინური იუანი,8/23/2019,8/23/2019
RUB,100,4.4689,0.0000,რუსული რუბლი,8/23/2019,8/23/2019
USD,1,2.9336,0.0000,აშშ დოლარი,8/23/2019,8/23/2019
CNY,10,4.1548,0.0000,ჩინური იუანი,8/22/2019,8/22/2019
RUB,100,4.4507,0.0000,რუსული რუბლი,8/22/2019,8/22/2019
USD,1,2.9354,0.0000,აშშ დოლარი,8/22/2019,8/22/2019
CNY,10,4.1459,0.0000,ჩინური იუანი,8/21/2019,8/21/2019
RUB,100,4.3846,0.0000,რუსული რუბლი,8/21/2019,8/21/2019
USD,1,2.9275,0.0000,აშშ დოლარი,8/21/2019,8/21/2019
CNY,10,4.1462,0.0000,ჩინური იუანი,8/20/2019,8/20/2019
RUB,100,4.3709,0.0000,რუსული რუბლი,8/20/2019,8/20/2019
USD,1,2.9225,0.0000,აშშ დოლარი,8/20/2019,8/20/2019
CNY,10,4.1518,0.0000,ჩინური იუანი,8/19/2019,8/19/2019
RUB,100,4.4227,0.0000,რუსული რუბლი,8/19/2019,8/19/2019
USD,1,2.9232,0.0000,აშშ დოლარი,8/19/2019,8/19/2019
CNY,10,4.1518,0.0000,ჩინური იუანი,8/18/2019,8/18/2019
RUB,100,4.4227,0.0000,რუსული რუბლი,8/18/2019,8/18/2019
USD,1,2.9232,0.0000,აშშ დოლარი,8/18/2019,8/18/2019
CNY,10,4.1518,0.0000,ჩინური იუანი,8/17/2019,8/17/2019
RUB,100,4.4227,0.0000,რუსული რუბლი,8/17/2019,8/17/2019
USD,1,2.9232,0.0000,აშშ დოლარი,8/17/2019,8/17/2019
CNY,10,4.1433,0.0000,ჩინური იუანი,8/16/2019,8/16/2019
RUB,100,4.3899,0.0000,რუსული რუბლი,8/16/2019,8/16/2019
USD,1,2.9182,0.0000,აშშ დოლარი,8/16/2019,8/16/2019
CNY,10,4.1504,0.0000,ჩინური იუანი,8/15/2019,8/15/2019
RUB,100,4.4611,0.0000,რუსული რუბლი,8/15/2019,8/15/2019
USD,1,2.9121,0.0000,აშშ დოლარი,8/15/2019,8/15/2019
CNY,10,4.1170,0.0000,ჩინური იუანი,8/14/2019,8/14/2019
RUB,100,4.4424,0.0000,რუსული რუბლი,8/14/2019,8/14/2019
USD,1,2.9090,0.0000,აშშ დოლარი,8/14/2019,8/14/2019
CNY,10,4.1333,0.0000,ჩინური იუანი,8/13/2019,8/13/2019
RUB,100,4.4475,0.0000,რუსული რუბლი,8/13/2019,8/13/2019
USD,1,2.9173,0.0000,აშშ დოლარი,8/13/2019,8/13/2019
CNY,10,4.1595,0.0000,ჩინური იუანი,8/12/2019,8/12/2019
RUB,100,4.4852,0.0000,რუსული რუბლი,8/12/2019,8/12/2019
USD,1,2.9360,0.0000,აშშ დოლარი,8/12/2019,8/12/2019
CNY,10,4.1595,0.0000,ჩინური იუანი,8/11/2019,8/11/2019
RUB,100,4.4852,0.0000,რუსული რუბლი,8/11/2019,8/11/2019
USD,1,2.9360,0.0000,აშშ დოლარი,8/11/2019,8/11/2019
CNY,10,4.1595,0.0000,ჩინური იუანი,8/10/2019,8/10/2019
RUB,100,4.4852,0.0000,რუსული რუბლი,8/10/2019,8/10/2019
USD,1,2.9360,0.0000,აშშ დოლარი,8/10/2019,8/10/2019
CNY,10,4.1857,0.0000,ჩინური იუანი,8/9/2019,8/9/2019
RUB,100,4.5182,0.0000,რუსული რუბლი,8/9/2019,8/9/2019
USD,1,2.9488,0.0000,აშშ დოლარი,8/9/2019,8/9/2019
CNY,10,4.1632,0.0000,ჩინური იუანი,8/8/2019,8/8/2019
RUB,100,4.5118,0.0000,რუსული რუბლი,8/8/2019,8/8/2019
USD,1,2.9338,0.0000,აშშ დოლარი,8/8/2019,8/8/2019
CNY,10,4.1696,0.0000,ჩინური იუანი,8/7/2019,8/7/2019
RUB,100,4.4992,0.0000,რუსული რუბლი,8/7/2019,8/7/2019
USD,1,2.9321,0.0000,აშშ დოლარი,8/7/2019,8/7/2019
CNY,10,4.1141,0.0000,ჩინური იუანი,8/6/2019,8/6/2019
RUB,100,4.4509,0.0000,რუსული რუბლი,8/6/2019,8/6/2019
USD,1,2.8946,0.0000,აშშ დოლარი,8/6/2019,8/6/2019
CNY,10,4.1610,0.0000,ჩინური იუანი,8/5/2019,8/5/2019
RUB,100,4.4431,0.0000,რუსული რუბლი,8/5/2019,8/5/2019
USD,1,2.8870,0.0000,აშშ დოლარი,8/5/2019,8/5/2019
CNY,10,4.1610,0.0000,ჩინური იუანი,8/4/2019,8/4/2019
RUB,100,4.4431,0.0000,რუსული რუბლი,8/4/2019,8/4/2019
USD,1,2.8870,0.0000,აშშ დოლარი,8/4/2019,8/4/2019
CNY,10,4.1610,0.0000,ჩინური იუანი,8/3/2019,8/3/2019
RUB,100,4.4431,0.0000,რუსული რუბლი,8/3/2019,8/3/2019
USD,1,2.8870,0.0000,აშშ დოლარი,8/3/2019,8/3/2019
CNY,10,4.2452,0.0000,ჩინური იუანი,8/2/2019,8/2/2019
RUB,100,4.5907,0.0000,რუსული რუბლი,8/2/2019,8/2/2019
USD,1,2.9296,0.0000,აშშ დოლარი,8/2/2019,8/2/2019
CNY,10,4.3178,0.0000,ჩინური იუანი,8/1/2019,8/1/2019
RUB,100,4.6833,0.0000,რუსული რუბლი,8/1/2019,8/1/2019
USD,1,2.9718,0.0000,აშშ დოლარი,8/1/2019,8/1/2019
CNY,10,4.2886,0.0000,ჩინური იუანი,7/31/2019,7/31/2019
RUB,100,4.6554,0.0000,რუსული რუბლი,7/31/2019,7/31/2019
USD,1,2.9507,0.0000,აშშ დოლარი,7/31/2019,7/31/2019
CNY,10,4.2574,0.0000,ჩინური იუანი,7/30/2019,7/30/2019
RUB,100,4.6223,0.0000,რუსული რუბლი,7/30/2019,7/30/2019
USD,1,2.9346,0.0000,აშშ დოლარი,7/30/2019,7/30/2019
CNY,10,4.2625,0.0000,ჩინური იუანი,7/29/2019,7/29/2019
RUB,100,4.6456,0.0000,რუსული რუბლი,7/29/2019,7/29/2019
USD,1,2.9321,0.0000,აშშ დოლარი,7/29/2019,7/29/2019
CNY,10,4.2625,0.0000,ჩინური იუანი,7/28/2019,7/28/2019
RUB,100,4.6456,0.0000,რუსული რუბლი,7/28/2019,7/28/2019
USD,1,2.9321,0.0000,აშშ დოლარი,7/28/2019,7/28/2019
CNY,10,4.2625,0.0000,ჩინური იუანი,7/27/2019,7/27/2019
RUB,100,4.6456,0.0000,რუსული რუბლი,7/27/2019,7/27/2019
USD,1,2.9321,0.0000,აშშ დოლარი,7/27/2019,7/27/2019
CNY,10,4.2437,0.0000,ჩინური იუანი,7/26/2019,7/26/2019
RUB,100,4.6236,0.0000,რუსული რუბლი,7/26/2019,7/26/2019
USD,1,2.9171,0.0000,აშშ დოლარი,7/26/2019,7/26/2019
CNY,10,4.2201,0.0000,ჩინური იუანი,7/25/2019,7/25/2019
RUB,100,4.5990,0.0000,რუსული რუბლი,7/25/2019,7/25/2019
USD,1,2.9010,0.0000,აშშ დოლარი,7/25/2019,7/25/2019
CNY,10,4.2113,0.0000,ჩინური იუანი,7/24/2019,7/24/2019
RUB,100,4.5838,0.0000,რუსული რუბლი,7/24/2019,7/24/2019
USD,1,2.8971,0.0000,აშშ დოლარი,7/24/2019,7/24/2019
CNY,10,4.1904,0.0000,ჩინური იუანი,7/23/2019,7/23/2019
RUB,100,4.5779,0.0000,რუსული რუბლი,7/23/2019,7/23/2019
USD,1,2.8831,0.0000,აშშ დოლარი,7/23/2019,7/23/2019
CNY,10,4.1937,0.0000,ჩინური იუანი,7/22/2019,7/22/2019
RUB,100,4.5787,0.0000,რუსული რუბლი,7/22/2019,7/22/2019
USD,1,2.8845,0.0000,აშშ დოლარი,7/22/2019,7/22/2019
CNY,10,4.1937,0.0000,ჩინური იუანი,7/21/2019,7/21/2019
RUB,100,4.5787,0.0000,რუსული რუბლი,7/21/2019,7/21/2019
USD,1,2.8845,0.0000,აშშ დოლარი,7/21/2019,7/21/2019
CNY,10,4.1937,0.0000,ჩინური იუანი,7/20/2019,7/20/2019
RUB,100,4.5787,0.0000,რუსული რუბლი,7/20/2019,7/20/2019
USD,1,2.8845,0.0000,აშშ დოლარი,7/20/2019,7/20/2019
CNY,10,4.1729,0.0000,ჩინური იუანი,7/19/2019,7/19/2019
RUB,100,4.5608,0.0000,რუსული რუბლი,7/19/2019,7/19/2019
USD,1,2.8714,0.0000,აშშ დოლარი,7/19/2019,7/19/2019
CNY,10,4.1710,0.0000,ჩინური იუანი,7/18/2019,7/18/2019
RUB,100,4.5670,0.0000,რუსული რუბლი,7/18/2019,7/18/2019
USD,1,2.8687,0.0000,აშშ დოლარი,7/18/2019,7/18/2019
CNY,10,4.1596,0.0000,ჩინური იუანი,7/17/2019,7/17/2019
RUB,100,4.5529,0.0000,რუსული რუბლი,7/17/2019,7/17/2019
USD,1,2.8608,0.0000,აშშ დოლარი,7/17/2019,7/17/2019
CNY,10,4.1534,0.0000,ჩინური იუანი,7/16/2019,7/16/2019
RUB,100,4.5596,0.0000,რუსული რუბლი,7/16/2019,7/16/2019
USD,1,2.8555,0.0000,აშშ დოლარი,7/16/2019,7/16/2019
CNY,10,4.1443,0.0000,ჩინური იუანი,7/15/2019,7/15/2019
RUB,100,4.5215,0.0000,რუსული რუბლი,7/15/2019,7/15/2019
USD,1,2.8513,0.0000,აშშ დოლარი,7/15/2019,7/15/2019
CNY,10,4.1443,0.0000,ჩინური იუანი,7/14/2019,7/14/2019
RUB,100,4.5215,0.0000,რუსული რუბლი,7/14/2019,7/14/2019
USD,1,2.8513,0.0000,აშშ დოლარი,7/14/2019,7/14/2019
CNY,10,4.1443,0.0000,ჩინური იუანი,7/13/2019,7/13/2019
RUB,100,4.5215,0.0000,რუსული რუბლი,7/13/2019,7/13/2019
USD,1,2.8513,0.0000,აშშ დოლარი,7/13/2019,7/13/2019
CNY,10,4.1470,0.0000,ჩინური იუანი,7/12/2019,7/12/2019
RUB,100,4.5207,0.0000,რუსული რუბლი,7/12/2019,7/12/2019
USD,1,2.8476,0.0000,აშშ დოლარი,7/12/2019,7/12/2019
CNY,10,4.1466,0.0000,ჩინური იუანი,7/11/2019,7/11/2019
RUB,100,4.4841,0.0000,რუსული რუბლი,7/11/2019,7/11/2019
USD,1,2.8542,0.0000,აშშ დოლარი,7/11/2019,7/11/2019
CNY,10,4.2258,0.0000,ჩინური იუანი,7/10/2019,7/10/2019
RUB,100,4.5624,0.0000,რუსული რუბლი,7/10/2019,7/10/2019
USD,1,2.9096,0.0000,აშშ დოლარი,7/10/2019,7/10/2019
CNY,10,4.1156,0.0000,ჩინური იუანი,7/9/2019,7/9/2019
RUB,100,4.4369,0.0000,რუსული რუბლი,7/9/2019,7/9/2019
USD,1,2.8320,0.0000,აშშ დოლარი,7/9/2019,7/9/2019
CNY,10,4.0739,0.0000,ჩინური იუანი,7/8/2019,7/8/2019
RUB,100,4.4134,0.0000,რუსული რუბლი,7/8/2019,7/8/2019
USD,1,2.8012,0.0000,აშშ დოლარი,7/8/2019,7/8/2019
CNY,10,4.0739,0.0000,ჩინური იუანი,7/7/2019,7/7/2019
RUB,100,4.4134,0.0000,რუსული რუბლი,7/7/2019,7/7/2019
USD,1,2.8012,0.0000,აშშ დოლარი,7/7/2019,7/7/2019
CNY,10,4.0739,0.0000,ჩინური იუანი,7/6/2019,7/6/2019
RUB,100,4.4134,0.0000,რუსული რუბლი,7/6/2019,7/6/2019
USD,1,2.8012,0.0000,აშშ დოლარი,7/6/2019,7/6/2019
CNY,10,4.0835,0.0000,ჩინური იუანი,7/5/2019,7/5/2019
RUB,100,4.4217,0.0000,რუსული რუბლი,7/5/2019,7/5/2019
USD,1,2.8064,0.0000,აშშ დოლარი,7/5/2019,7/5/2019
CNY,10,4.0918,0.0000,ჩინური იუანი,7/4/2019,7/4/2019
RUB,100,4.4339,0.0000,რუსული რუბლი,7/4/2019,7/4/2019
USD,1,2.8155,0.0000,აშშ დოლარი,7/4/2019,7/4/2019
CNY,10,4.1064,0.0000,ჩინური იუანი,7/3/2019,7/3/2019
RUB,100,4.4627,0.0000,რუსული რუბლი,7/3/2019,7/3/2019
USD,1,2.8237,0.0000,აშშ დოლარი,7/3/2019,7/3/2019
CNY,10,4.1231,0.0000,ჩინური იუანი,7/2/2019,7/2/2019
RUB,100,4.4733,0.0000,რუსული რუბლი,7/2/2019,7/2/2019
USD,1,2.8225,0.0000,აშშ დოლარი,7/2/2019,7/2/2019
CNY,10,4.1766,0.0000,ჩინური იუანი,7/1/2019,7/1/2019
RUB,100,4.5482,0.0000,რუსული რუბლი,7/1/2019,7/1/2019
USD,1,2.8687,0.0000,აშშ დოლარი,7/1/2019,7/1/2019
CNY,10,4.1766,0.0000,ჩინური იუანი,6/30/2019,6/30/2019
RUB,100,4.5482,0.0000,რუსული რუბლი,6/30/2019,6/30/2019
USD,1,2.8687,0.0000,აშშ დოლარი,6/30/2019,6/30/2019
CNY,10,4.1766,0.0000,ჩინური იუანი,6/29/2019,6/29/2019
RUB,100,4.5482,0.0000,რუსული რუბლი,6/29/2019,6/29/2019
USD,1,2.8687,0.0000,აშშ დოლარი,6/29/2019,6/29/2019
CNY,10,4.1857,0.0000,ჩინური იუანი,6/28/2019,6/28/2019
RUB,100,4.5679,0.0000,რუსული რუბლი,6/28/2019,6/28/2019
USD,1,2.8791,0.0000,აშშ დოლარი,6/28/2019,6/28/2019
CNY,10,4.1408,0.0000,ჩინური იუანი,6/27/2019,6/27/2019
RUB,100,4.5039,0.0000,რუსული რუბლი,6/27/2019,6/27/2019
USD,1,2.8470,0.0000,აშშ დოლარი,6/27/2019,6/27/2019
CNY,10,4.1178,0.0000,ჩინური იუანი,6/26/2019,6/26/2019
RUB,100,4.5177,0.0000,რუსული რუბლი,6/26/2019,6/26/2019
USD,1,2.8333,0.0000,აშშ დოლარი,6/26/2019,6/26/2019
CNY,10,4.0618,0.0000,ჩინური იუანი,6/25/2019,6/25/2019
RUB,100,4.4436,0.0000,რუსული რუბლი,6/25/2019,6/25/2019
USD,1,2.7945,0.0000,აშშ დოლარი,6/25/2019,6/25/2019
CNY,10,4.0432,0.0000,ჩინური იუანი,6/24/2019,6/24/2019
RUB,100,4.4129,0.0000,რუსული რუბლი,6/24/2019,6/24/2019
USD,1,2.7798,0.0000,აშშ დოლარი,6/24/2019,6/24/2019
CNY,10,4.0432,0.0000,ჩინური იუანი,6/23/2019,6/23/2019
RUB,100,4.4129,0.0000,რუსული რუბლი,6/23/2019,6/23/2019
USD,1,2.7798,0.0000,აშშ დოლარი,6/23/2019,6/23/2019
CNY,10,4.0432,0.0000,ჩინური იუანი,6/22/2019,6/22/2019
RUB,100,4.4129,0.0000,რუსული რუბლი,6/22/2019,6/22/2019
USD,1,2.7798,0.0000,აშშ დოლარი,6/22/2019,6/22/2019
CNY,10,4.0546,0.0000,ჩინური იუანი,6/21/2019,6/21/2019
RUB,100,4.3922,0.0000,რუსული რუბლი,6/21/2019,6/21/2019
USD,1,2.7798,0.0000,აშშ დოლარი,6/21/2019,6/21/2019
CNY,10,4.0368,0.0000,ჩინური იუანი,6/20/2019,6/20/2019
RUB,100,4.3536,0.0000,რუსული რუბლი,6/20/2019,6/20/2019
USD,1,2.7871,0.0000,აშშ დოლარი,6/20/2019,6/20/2019
CNY,10,3.9938,0.0000,ჩინური იუანი,6/19/2019,6/19/2019
RUB,100,4.3046,0.0000,რუსული რუბლი,6/19/2019,6/19/2019
USD,1,2.7664,0.0000,აშშ დოლარი,6/19/2019,6/19/2019
CNY,10,3.9796,0.0000,ჩინური იუანი,6/18/2019,6/18/2019
RUB,100,4.2851,0.0000,რუსული რუბლი,6/18/2019,6/18/2019
USD,1,2.7559,0.0000,აშშ დოლარი,6/18/2019,6/18/2019
CNY,10,3.9709,0.0000,ჩინური იუანი,6/17/2019,6/17/2019
RUB,100,4.2700,0.0000,რუსული რუბლი,6/17/2019,6/17/2019
USD,1,2.7468,0.0000,აშშ დოლარი,6/17/2019,6/17/2019
CNY,10,3.9709,0.0000,ჩინური იუანი,6/16/2019,6/16/2019
RUB,100,4.2700,0.0000,რუსული რუბლი,6/16/2019,6/16/2019
USD,1,2.7468,0.0000,აშშ დოლარი,6/16/2019,6/16/2019
CNY,10,3.9709,0.0000,ჩინური იუანი,6/15/2019,6/15/2019
RUB,100,4.2700,0.0000,რუსული რუბლი,6/15/2019,6/15/2019
USD,1,2.7468,0.0000,აშშ დოლარი,6/15/2019,6/15/2019
CNY,10,3.9571,0.0000,ჩინური იუანი,6/14/2019,6/14/2019
RUB,100,4.2402,0.0000,რუსული რუბლი,6/14/2019,6/14/2019
USD,1,2.7389,0.0000,აშშ დოლარი,6/14/2019,6/14/2019
CNY,10,3.9513,0.0000,ჩინური იუანი,6/13/2019,6/13/2019
RUB,100,4.2246,0.0000,რუსული რუბლი,6/13/2019,6/13/2019
USD,1,2.7342,0.0000,აშშ დოლარი,6/13/2019,6/13/2019
CNY,10,3.9565,0.0000,ჩინური იუანი,6/12/2019,6/12/2019
RUB,100,4.2370,0.0000,რუსული რუბლი,6/12/2019,6/12/2019
USD,1,2.7347,0.0000,აშშ დოლარი,6/12/2019,6/12/2019
CNY,10,3.9454,0.0000,ჩინური იუანი,6/11/2019,6/11/2019
RUB,100,4.2244,0.0000,რუსული რუბლი,6/11/2019,6/11/2019
USD,1,2.7348,0.0000,აშშ დოლარი,6/11/2019,6/11/2019
CNY,10,3.9573,0.0000,ჩინური იუანი,6/10/2019,6/10/2019
RUB,100,4.2031,0.0000,რუსული რუბლი,6/10/2019,6/10/2019
USD,1,2.7344,0.0000,აშშ დოლარი,6/10/2019,6/10/2019
CNY,10,3.9573,0.0000,ჩინური იუანი,6/9/2019,6/9/2019
RUB,100,4.2031,0.0000,რუსული რუბლი,6/9/2019,6/9/2019
USD,1,2.7344,0.0000,აშშ დოლარი,6/9/2019,6/9/2019
CNY,10,3.9573,0.0000,ჩინური იუანი,6/8/2019,6/8/2019
RUB,100,4.2031,0.0000,რუსული რუბლი,6/8/2019,6/8/2019
USD,1,2.7344,0.0000,აშშ დოლარი,6/8/2019,6/8/2019
CNY,10,3.9636,0.0000,ჩინური იუანი,6/7/2019,6/7/2019
RUB,100,4.2057,0.0000,რუსული რუბლი,6/7/2019,6/7/2019
USD,1,2.7411,0.0000,აშშ დოლარი,6/7/2019,6/7/2019
CNY,10,3.9817,0.0000,ჩინური იუანი,6/6/2019,6/6/2019
RUB,100,4.2260,0.0000,რუსული რუბლი,6/6/2019,6/6/2019
USD,1,2.7500,0.0000,აშშ დოლარი,6/6/2019,6/6/2019
CNY,10,4.0015,0.0000,ჩინური იუანი,6/5/2019,6/5/2019
RUB,100,4.2369,0.0000,რუსული რუბლი,6/5/2019,6/5/2019
USD,1,2.7648,0.0000,აშშ დოლარი,6/5/2019,6/5/2019
CNY,10,4.0238,0.0000,ჩინური იუანი,6/4/2019,6/4/2019
RUB,100,4.2516,0.0000,რუსული რუბლი,6/4/2019,6/4/2019
USD,1,2.7793,0.0000,აშშ დოლარი,6/4/2019,6/4/2019
CNY,10,4.0313,0.0000,ჩინური იუანი,6/3/2019,6/3/2019
RUB,100,4.2553,0.0000,რუსული რუბლი,6/3/2019,6/3/2019
USD,1,2.7870,0.0000,აშშ დოლარი,6/3/2019,6/3/2019
CNY,10,4.0313,0.0000,ჩინური იუანი,6/2/2019,6/2/2019
RUB,100,4.2553,0.0000,რუსული რუბლი,6/2/2019,6/2/2019
USD,1,2.7870,0.0000,აშშ დოლარი,6/2/2019,6/2/2019
CNY,10,4.0313,0.0000,ჩინური იუანი,6/1/2019,6/1/2019
RUB,100,4.2553,0.0000,რუსული რუბლი,6/1/2019,6/1/2019
USD,1,2.7870,0.0000,აშშ დოლარი,6/1/2019,6/1/2019
CNY,10,4.0572,0.0000,ჩინური იუანი,5/31/2019,5/31/2019
RUB,100,4.3145,0.0000,რუსული რუბლი,5/31/2019,5/31/2019
USD,1,2.8023,0.0000,აშშ დოლარი,5/31/2019,5/31/2019
CNY,10,4.0521,0.0000,ჩინური იუანი,5/30/2019,5/30/2019
RUB,100,4.2985,0.0000,რუსული რუბლი,5/30/2019,5/30/2019
USD,1,2.7997,0.0000,აშშ დოლარი,5/30/2019,5/30/2019
CNY,10,4.0348,0.0000,ჩინური იუანი,5/29/2019,5/29/2019
RUB,100,4.3125,0.0000,რუსული რუბლი,5/29/2019,5/29/2019
USD,1,2.7876,0.0000,აშშ დოლარი,5/29/2019,5/29/2019
CNY,10,4.0315,0.0000,ჩინური იუანი,5/28/2019,5/28/2019
RUB,100,4.3157,0.0000,რუსული რუბლი,5/28/2019,5/28/2019
USD,1,2.7811,0.0000,აშშ დოლარი,5/28/2019,5/28/2019
CNY,10,4.0290,0.0000,ჩინური იუანი,5/27/2019,5/27/2019
RUB,100,4.3044,0.0000,რუსული რუბლი,5/27/2019,5/27/2019
USD,1,2.7802,0.0000,აშშ დოლარი,5/27/2019,5/27/2019
CNY,10,4.0290,0.0000,ჩინური იუანი,5/26/2019,5/26/2019
RUB,100,4.3044,0.0000,რუსული რუბლი,5/26/2019,5/26/2019
USD,1,2.7802,0.0000,აშშ დოლარი,5/26/2019,5/26/2019
CNY,10,4.0290,0.0000,ჩინური იუანი,5/25/2019,5/25/2019
RUB,100,4.3044,0.0000,რუსული რუბლი,5/25/2019,5/25/2019
USD,1,2.7802,0.0000,აშშ დოლარი,5/25/2019,5/25/2019
CNY,10,4.0177,0.0000,ჩინური იუანი,5/24/2019,5/24/2019
RUB,100,4.2930,0.0000,რუსული რუბლი,5/24/2019,5/24/2019
USD,1,2.7799,0.0000,აშშ დოლარი,5/24/2019,5/24/2019
CNY,10,4.0213,0.0000,ჩინური იუანი,5/23/2019,5/23/2019
RUB,100,4.3239,0.0000,რუსული რუბლი,5/23/2019,5/23/2019
USD,1,2.7756,0.0000,აშშ დოლარი,5/23/2019,5/23/2019
CNY,10,4.0067,0.0000,ჩინური იუანი,5/22/2019,5/22/2019
RUB,100,4.2905,0.0000,რუსული რუბლი,5/22/2019,5/22/2019
USD,1,2.7676,0.0000,აშშ დოლარი,5/22/2019,5/22/2019
CNY,10,3.9721,0.0000,ჩინური იუანი,5/21/2019,5/21/2019
RUB,100,4.2559,0.0000,რუსული რუბლი,5/21/2019,5/21/2019
USD,1,2.7470,0.0000,აშშ დოლარი,5/21/2019,5/21/2019
CNY,10,3.9662,0.0000,ჩინური იუანი,5/20/2019,5/20/2019
RUB,100,4.2434,0.0000,რუსული რუბლი,5/20/2019,5/20/2019
USD,1,2.7424,0.0000,აშშ დოლარი,5/20/2019,5/20/2019
CNY,10,3.9662,0.0000,ჩინური იუანი,5/19/2019,5/19/2019
RUB,100,4.2434,0.0000,რუსული რუბლი,5/19/2019,5/19/2019
USD,1,2.7424,0.0000,აშშ დოლარი,5/19/2019,5/19/2019
CNY,10,3.9662,0.0000,ჩინური იუანი,5/18/2019,5/18/2019
RUB,100,4.2434,0.0000,რუსული რუბლი,5/18/2019,5/18/2019
USD,1,2.7424,0.0000,აშშ დოლარი,5/18/2019,5/18/2019
CNY,10,3.9873,0.0000,ჩინური იუანი,5/17/2019,5/17/2019
RUB,100,4.2542,0.0000,რუსული რუბლი,5/17/2019,5/17/2019
USD,1,2.7426,0.0000,აშშ დოლარი,5/17/2019,5/17/2019
CNY,10,3.9896,0.0000,ჩინური იუანი,5/16/2019,5/16/2019
RUB,100,4.2348,0.0000,რუსული რუბლი,5/16/2019,5/16/2019
USD,1,2.7425,0.0000,აშშ დოლარი,5/16/2019,5/16/2019
CNY,10,3.9851,0.0000,ჩინური იუანი,5/15/2019,5/15/2019
RUB,100,4.2010,0.0000,რუსული რუბლი,5/15/2019,5/15/2019
USD,1,2.7422,0.0000,აშშ დოლარი,5/15/2019,5/15/2019
CNY,10,3.9905,0.0000,ჩინური იუანი,5/14/2019,5/14/2019
RUB,100,4.1994,0.0000,რუსული რუბლი,5/14/2019,5/14/2019
USD,1,2.7435,0.0000,აშშ დოლარი,5/14/2019,5/14/2019
CNY,10,4.0195,0.0000,ჩინური იუანი,5/13/2019,5/13/2019
RUB,100,4.2049,0.0000,რუსული რუბლი,5/13/2019,5/13/2019
USD,1,2.7400,0.0000,აშშ დოლარი,5/13/2019,5/13/2019
CNY,10,4.0195,0.0000,ჩინური იუანი,5/12/2019,5/12/2019
RUB,100,4.2049,0.0000,რუსული რუბლი,5/12/2019,5/12/2019
USD,1,2.7400,0.0000,აშშ დოლარი,5/12/2019,5/12/2019
CNY,10,4.0195,0.0000,ჩინური იუანი,5/11/2019,5/11/2019
RUB,100,4.2049,0.0000,რუსული რუბლი,5/11/2019,5/11/2019
USD,1,2.7400,0.0000,აშშ დოლარი,5/11/2019,5/11/2019
CNY,10,4.0368,0.0000,ჩინური იუანი,5/10/2019,5/10/2019
RUB,100,4.1957,0.0000,რუსული რუბლი,5/10/2019,5/10/2019
USD,1,2.7384,0.0000,აშშ დოლარი,5/10/2019,5/10/2019
CNY,10,4.0368,0.0000,ჩინური იუანი,5/9/2019,5/9/2019
RUB,100,4.1957,0.0000,რუსული რუბლი,5/9/2019,5/9/2019
USD,1,2.7384,0.0000,აშშ დოლარი,5/9/2019,5/9/2019
CNY,10,4.0268,0.0000,ჩინური იუანი,5/8/2019,5/8/2019
RUB,100,4.1818,0.0000,რუსული რუბლი,5/8/2019,5/8/2019
USD,1,2.7248,0.0000,აშშ დოლარი,5/8/2019,5/8/2019
CNY,10,4.0033,0.0000,ჩინური იუანი,5/7/2019,5/7/2019
RUB,100,4.1604,0.0000,რუსული რუბლი,5/7/2019,5/7/2019
USD,1,2.7083,0.0000,აშშ დოლარი,5/7/2019,5/7/2019
CNY,10,4.0191,0.0000,ჩინური იუანი,5/6/2019,5/6/2019
RUB,100,4.1400,0.0000,რუსული რუბლი,5/6/2019,5/6/2019
USD,1,2.7070,0.0000,აშშ დოლარი,5/6/2019,5/6/2019
CNY,10,4.0191,0.0000,ჩინური იუანი,5/5/2019,5/5/2019
RUB,100,4.1400,0.0000,რუსული რუბლი,5/5/2019,5/5/2019
USD,1,2.7070,0.0000,აშშ დოლარი,5/5/2019,5/5/2019
CNY,10,4.0191,0.0000,ჩინური იუანი,5/4/2019,5/4/2019
RUB,100,4.1400,0.0000,რუსული რუბლი,5/4/2019,5/4/2019
USD,1,2.7070,0.0000,აშშ დოლარი,5/4/2019,5/4/2019
CNY,10,4.0168,0.0000,ჩინური იუანი,5/3/2019,5/3/2019
RUB,100,4.1443,0.0000,რუსული რუბლი,5/3/2019,5/3/2019
USD,1,2.7051,0.0000,აშშ დოლარი,5/3/2019,5/3/2019
CNY,10,4.0159,0.0000,ჩინური იუანი,5/2/2019,5/2/2019
RUB,100,4.1854,0.0000,რუსული რუბლი,5/2/2019,5/2/2019
USD,1,2.7044,0.0000,აშშ დოლარი,5/2/2019,5/2/2019
CNY,10,4.0135,0.0000,ჩინური იუანი,5/1/2019,5/1/2019
RUB,100,4.1971,0.0000,რუსული რუბლი,5/1/2019,5/1/2019
USD,1,2.7029,0.0000,აშშ დოლარი,5/1/2019,5/1/2019
CNY,10,4.0047,0.0000,ჩინური იუანი,4/30/2019,4/30/2019
RUB,100,4.1654,0.0000,რუსული რუბლი,4/30/2019,4/30/2019
USD,1,2.7007,0.0000,აშშ დოლარი,4/30/2019,4/30/2019
CNY,10,4.0047,0.0000,ჩინური იუანი,4/29/2019,4/29/2019
RUB,100,4.1654,0.0000,რუსული რუბლი,4/29/2019,4/29/2019
USD,1,2.7007,0.0000,აშშ დოლარი,4/29/2019,4/29/2019
CNY,10,4.0047,0.0000,ჩინური იუანი,4/28/2019,4/28/2019
RUB,100,4.1654,0.0000,რუსული რუბლი,4/28/2019,4/28/2019
USD,1,2.7007,0.0000,აშშ დოლარი,4/28/2019,4/28/2019
CNY,10,4.0047,0.0000,ჩინური იუანი,4/27/2019,4/27/2019
RUB,100,4.1654,0.0000,რუსული რუბლი,4/27/2019,4/27/2019
USD,1,2.7007,0.0000,აშშ დოლარი,4/27/2019,4/27/2019
CNY,10,4.0047,0.0000,ჩინური იუანი,4/26/2019,4/26/2019
RUB,100,4.1654,0.0000,რუსული რუბლი,4/26/2019,4/26/2019
USD,1,2.7007,0.0000,აშშ დოლარი,4/26/2019,4/26/2019
CNY,10,4.0168,0.0000,ჩინური იუანი,4/25/2019,4/25/2019
RUB,100,4.2125,0.0000,რუსული რუბლი,4/25/2019,4/25/2019
USD,1,2.6984,0.0000,აშშ დოლარი,4/25/2019,4/25/2019
CNY,10,4.0155,0.0000,ჩინური იუანი,4/24/2019,4/24/2019
RUB,100,4.2361,0.0000,რუსული რუბლი,4/24/2019,4/24/2019
USD,1,2.6981,0.0000,აშშ დოლარი,4/24/2019,4/24/2019
CNY,10,4.0195,0.0000,ჩინური იუანი,4/23/2019,4/23/2019
RUB,100,4.2277,0.0000,რუსული რუბლი,4/23/2019,4/23/2019
USD,1,2.6975,0.0000,აშშ დოლარი,4/23/2019,4/23/2019
CNY,10,4.0175,0.0000,ჩინური იუანი,4/22/2019,4/22/2019
RUB,100,4.2126,0.0000,რუსული რუბლი,4/22/2019,4/22/2019
USD,1,2.6935,0.0000,აშშ დოლარი,4/22/2019,4/22/2019
CNY,10,4.0175,0.0000,ჩინური იუანი,4/21/2019,4/21/2019
RUB,100,4.2126,0.0000,რუსული რუბლი,4/21/2019,4/21/2019
USD,1,2.6935,0.0000,აშშ დოლარი,4/21/2019,4/21/2019
CNY,10,4.0175,0.0000,ჩინური იუანი,4/20/2019,4/20/2019
RUB,100,4.2126,0.0000,რუსული რუბლი,4/20/2019,4/20/2019
USD,1,2.6935,0.0000,აშშ დოლარი,4/20/2019,4/20/2019
CNY,10,4.0166,0.0000,ჩინური იუანი,4/19/2019,4/19/2019
RUB,100,4.2087,0.0000,რუსული რუბლი,4/19/2019,4/19/2019
USD,1,2.6939,0.0000,აშშ დოლარი,4/19/2019,4/19/2019
CNY,10,4.0265,0.0000,ჩინური იუანი,4/18/2019,4/18/2019
RUB,100,4.2150,0.0000,რუსული რუბლი,4/18/2019,4/18/2019
USD,1,2.6931,0.0000,აშშ დოლარი,4/18/2019,4/18/2019
CNY,10,4.0101,0.0000,ჩინური იუანი,4/17/2019,4/17/2019
RUB,100,4.1792,0.0000,რუსული რუბლი,4/17/2019,4/17/2019
USD,1,2.6906,0.0000,აშშ დოლარი,4/17/2019,4/17/2019
CNY,10,4.0131,0.0000,ჩინური იუანი,4/16/2019,4/16/2019
RUB,100,4.1909,0.0000,რუსული რუბლი,4/16/2019,4/16/2019
USD,1,2.6916,0.0000,აშშ დოლარი,4/16/2019,4/16/2019
CNY,10,4.0173,0.0000,ჩინური იუანი,4/15/2019,4/15/2019
RUB,100,4.1943,0.0000,რუსული რუბლი,4/15/2019,4/15/2019
USD,1,2.6953,0.0000,აშშ დოლარი,4/15/2019,4/15/2019
CNY,10,4.0173,0.0000,ჩინური იუანი,4/14/2019,4/14/2019
RUB,100,4.1943,0.0000,რუსული რუბლი,4/14/2019,4/14/2019
USD,1,2.6953,0.0000,აშშ დოლარი,4/14/2019,4/14/2019
CNY,10,4.0173,0.0000,ჩინური იუანი,4/13/2019,4/13/2019
RUB,100,4.1943,0.0000,რუსული რუბლი,4/13/2019,4/13/2019
USD,1,2.6953,0.0000,აშშ დოლარი,4/13/2019,4/13/2019
CNY,10,4.0139,0.0000,ჩინური იუანი,4/12/2019,4/12/2019
RUB,100,4.1865,0.0000,რუსული რუბლი,4/12/2019,4/12/2019
USD,1,2.6960,0.0000,აშშ დოლარი,4/12/2019,4/12/2019
CNY,10,4.0061,0.0000,ჩინური იუანი,4/11/2019,4/11/2019
RUB,100,4.1622,0.0000,რუსული რუბლი,4/11/2019,4/11/2019
USD,1,2.6912,0.0000,აშშ დოლარი,4/11/2019,4/11/2019
CNY,10,4.0021,0.0000,ჩინური იუანი,4/10/2019,4/10/2019
RUB,100,4.1202,0.0000,რუსული რუბლი,4/10/2019,4/10/2019
USD,1,2.6893,0.0000,აშშ დოლარი,4/10/2019,4/10/2019
CNY,10,4.0021,0.0000,ჩინური იუანი,4/9/2019,4/9/2019
RUB,100,4.1202,0.0000,რუსული რუბლი,4/9/2019,4/9/2019
USD,1,2.6893,0.0000,აშშ დოლარი,4/9/2019,4/9/2019
CNY,10,4.0106,0.0000,ჩინური იუანი,4/8/2019,4/8/2019
RUB,100,4.1142,0.0000,რუსული რუბლი,4/8/2019,4/8/2019
USD,1,2.6903,0.0000,აშშ დოლარი,4/8/2019,4/8/2019
CNY,10,4.0106,0.0000,ჩინური იუანი,4/7/2019,4/7/2019
RUB,100,4.1142,0.0000,რუსული რუბლი,4/7/2019,4/7/2019
USD,1,2.6903,0.0000,აშშ დოლარი,4/7/2019,4/7/2019
CNY,10,4.0106,0.0000,ჩინური იუანი,4/6/2019,4/6/2019
RUB,100,4.1142,0.0000,რუსული რუბლი,4/6/2019,4/6/2019
USD,1,2.6903,0.0000,აშშ დოლარი,4/6/2019,4/6/2019
CNY,10,4.0065,0.0000,ჩინური იუანი,4/5/2019,4/5/2019
RUB,100,4.1146,0.0000,რუსული რუბლი,4/5/2019,4/5/2019
USD,1,2.6903,0.0000,აშშ დოლარი,4/5/2019,4/5/2019
CNY,10,4.0107,0.0000,ჩინური იუანი,4/4/2019,4/4/2019
RUB,100,4.1231,0.0000,რუსული რუბლი,4/4/2019,4/4/2019
USD,1,2.6904,0.0000,აშშ დოლარი,4/4/2019,4/4/2019
CNY,10,4.0077,0.0000,ჩინური იუანი,4/3/2019,4/3/2019
RUB,100,4.1147,0.0000,რუსული რუბლი,4/3/2019,4/3/2019
USD,1,2.6937,0.0000,აშშ დოლარი,4/3/2019,4/3/2019
CNY,10,4.0124,0.0000,ჩინური იუანი,4/2/2019,4/2/2019
RUB,100,4.1088,0.0000,რუსული რუბლი,4/2/2019,4/2/2019
USD,1,2.6927,0.0000,აშშ დოლარი,4/2/2019,4/2/2019
CNY,10,4.0077,0.0000,ჩინური იუანი,4/1/2019,4/1/2019
RUB,100,4.1638,0.0000,რუსული რუბლი,4/1/2019,4/1/2019
USD,1,2.6914,0.0000,აშშ დოლარი,4/1/2019,4/1/2019
CNY,10,4.0077,0.0000,ჩინური იუანი,3/31/2019,3/31/2019
RUB,100,4.1638,0.0000,რუსული რუბლი,3/31/2019,3/31/2019
USD,1,2.6914,0.0000,აშშ დოლარი,3/31/2019,3/31/2019
CNY,10,4.0077,0.0000,ჩინური იუანი,3/30/2019,3/30/2019
RUB,100,4.1638,0.0000,რუსული რუბლი,3/30/2019,3/30/2019
USD,1,2.6914,0.0000,აშშ დოლარი,3/30/2019,3/30/2019
CNY,10,4.0090,0.0000,ჩინური იუანი,3/29/2019,3/29/2019
RUB,100,4.1505,0.0000,რუსული რუბლი,3/29/2019,3/29/2019
USD,1,2.6969,0.0000,აშშ დოლარი,3/29/2019,3/29/2019
CNY,10,4.0092,0.0000,ჩინური იუანი,3/28/2019,3/28/2019
RUB,100,4.1594,0.0000,რუსული რუბლი,3/28/2019,3/28/2019
USD,1,2.6956,0.0000,აშშ დოლარი,3/28/2019,3/28/2019
CNY,10,4.0058,0.0000,ჩინური იუანი,3/27/2019,3/27/2019
RUB,100,4.1878,0.0000,რუსული რუბლი,3/27/2019,3/27/2019
USD,1,2.6892,0.0000,აშშ დოლარი,3/27/2019,3/27/2019
CNY,10,3.9955,0.0000,ჩინური იუანი,3/26/2019,3/26/2019
RUB,100,4.1725,0.0000,რუსული რუბლი,3/26/2019,3/26/2019
USD,1,2.6822,0.0000,აშშ დოლარი,3/26/2019,3/26/2019
CNY,10,3.9954,0.0000,ჩინური იუანი,3/25/2019,3/25/2019
RUB,100,4.1751,0.0000,რუსული რუბლი,3/25/2019,3/25/2019
USD,1,2.6821,0.0000,აშშ დოლარი,3/25/2019,3/25/2019
CNY,10,3.9954,0.0000,ჩინური იუანი,3/24/2019,3/24/2019
RUB,100,4.1751,0.0000,რუსული რუბლი,3/24/2019,3/24/2019
USD,1,2.6821,0.0000,აშშ დოლარი,3/24/2019,3/24/2019
CNY,10,3.9954,0.0000,ჩინური იუანი,3/23/2019,3/23/2019
RUB,100,4.1751,0.0000,რუსული რუბლი,3/23/2019,3/23/2019
USD,1,2.6821,0.0000,აშშ დოლარი,3/23/2019,3/23/2019
CNY,10,4.0039,0.0000,ჩინური იუანი,3/22/2019,3/22/2019
RUB,100,4.2031,0.0000,რუსული რუბლი,3/22/2019,3/22/2019
USD,1,2.6793,0.0000,აშშ დოლარი,3/22/2019,3/22/2019
CNY,10,4.0055,0.0000,ჩინური იუანი,3/21/2019,3/21/2019
RUB,100,4.1689,0.0000,რუსული რუბლი,3/21/2019,3/21/2019
USD,1,2.6816,0.0000,აშშ დოლარი,3/21/2019,3/21/2019
CNY,10,3.9984,0.0000,ჩინური იუანი,3/20/2019,3/20/2019
RUB,100,4.1721,0.0000,რუსული რუბლი,3/20/2019,3/20/2019
USD,1,2.6840,0.0000,აშშ დოლარი,3/20/2019,3/20/2019
CNY,10,3.9976,0.0000,ჩინური იუანი,3/19/2019,3/19/2019
RUB,100,4.1590,0.0000,რუსული რუბლი,3/19/2019,3/19/2019
USD,1,2.6840,0.0000,აშშ დოლარი,3/19/2019,3/19/2019
CNY,10,4.0010,0.0000,ჩინური იუანი,3/18/2019,3/18/2019
RUB,100,4.1133,0.0000,რუსული რუბლი,3/18/2019,3/18/2019
USD,1,2.6861,0.0000,აშშ დოლარი,3/18/2019,3/18/2019
CNY,10,4.0010,0.0000,ჩინური იუანი,3/17/2019,3/17/2019
RUB,100,4.1133,0.0000,რუსული რუბლი,3/17/2019,3/17/2019
USD,1,2.6861,0.0000,აშშ დოლარი,3/17/2019,3/17/2019
CNY,10,4.0010,0.0000,ჩინური იუანი,3/16/2019,3/16/2019
RUB,100,4.1133,0.0000,რუსული რუბლი,3/16/2019,3/16/2019
USD,1,2.6861,0.0000,აშშ დოლარი,3/16/2019,3/16/2019
CNY,10,3.9935,0.0000,ჩინური იუანი,3/15/2019,3/15/2019
RUB,100,4.1034,0.0000,რუსული რუბლი,3/15/2019,3/15/2019
USD,1,2.6864,0.0000,აშშ დოლარი,3/15/2019,3/15/2019
CNY,10,4.0051,0.0000,ჩინური იუანი,3/14/2019,3/14/2019
RUB,100,4.1033,0.0000,რუსული რუბლი,3/14/2019,3/14/2019
USD,1,2.6872,0.0000,აშშ დოლარი,3/14/2019,3/14/2019
CNY,10,4.0052,0.0000,ჩინური იუანი,3/13/2019,3/13/2019
RUB,100,4.0852,0.0000,რუსული რუბლი,3/13/2019,3/13/2019
USD,1,2.6877,0.0000,აშშ დოლარი,3/13/2019,3/13/2019
CNY,10,3.9958,0.0000,ჩინური იუანი,3/12/2019,3/12/2019
RUB,100,4.0675,0.0000,რუსული რუბლი,3/12/2019,3/12/2019
USD,1,2.6866,0.0000,აშშ დოლარი,3/12/2019,3/12/2019
CNY,10,4.0074,0.0000,ჩინური იუანი,3/11/2019,3/11/2019
RUB,100,4.0740,0.0000,რუსული რუბლი,3/11/2019,3/11/2019
USD,1,2.6878,0.0000,აშშ დოლარი,3/11/2019,3/11/2019
CNY,10,4.0074,0.0000,ჩინური იუანი,3/10/2019,3/10/2019
RUB,100,4.0740,0.0000,რუსული რუბლი,3/10/2019,3/10/2019
USD,1,2.6878,0.0000,აშშ დოლარი,3/10/2019,3/10/2019
CNY,10,4.0074,0.0000,ჩინური იუანი,3/9/2019,3/9/2019
RUB,100,4.0740,0.0000,რუსული რუბლი,3/9/2019,3/9/2019
USD,1,2.6878,0.0000,აშშ დოლარი,3/9/2019,3/9/2019
CNY,10,4.0074,0.0000,ჩინური იუანი,3/8/2019,3/8/2019
RUB,100,4.0740,0.0000,რუსული რუბლი,3/8/2019,3/8/2019
USD,1,2.6878,0.0000,აშშ დოლარი,3/8/2019,3/8/2019
CNY,10,3.9974,0.0000,ჩინური იუანი,3/7/2019,3/7/2019
RUB,100,4.0709,0.0000,რუსული რუბლი,3/7/2019,3/7/2019
USD,1,2.6810,0.0000,აშშ დოლარი,3/7/2019,3/7/2019
CNY,10,3.9906,0.0000,ჩინური იუანი,3/6/2019,3/6/2019
RUB,100,4.0650,0.0000,რუსული რუბლი,3/6/2019,3/6/2019
USD,1,2.6749,0.0000,აშშ დოლარი,3/6/2019,3/6/2019
CNY,10,3.9861,0.0000,ჩინური იუანი,3/5/2019,3/5/2019
RUB,100,4.0596,0.0000,რუსული რუბლი,3/5/2019,3/5/2019
USD,1,2.6706,0.0000,აშშ დოლარი,3/5/2019,3/5/2019
CNY,10,3.9876,0.0000,ჩინური იუანი,3/4/2019,3/4/2019
RUB,100,4.0624,0.0000,რუსული რუბლი,3/4/2019,3/4/2019
USD,1,2.6736,0.0000,აშშ დოლარი,3/4/2019,3/4/2019
CNY,10,3.9876,0.0000,ჩინური იუანი,3/3/2019,3/3/2019
RUB,100,4.0624,0.0000,რუსული რუბლი,3/3/2019,3/3/2019
USD,1,2.6736,0.0000,აშშ დოლარი,3/3/2019,3/3/2019
CNY,10,3.9876,0.0000,ჩინური იუანი,3/2/2019,3/2/2019
RUB,100,4.0624,0.0000,რუსული რუბლი,3/2/2019,3/2/2019
USD,1,2.6736,0.0000,აშშ დოლარი,3/2/2019,3/2/2019
CNY,10,4.0063,0.0000,ჩინური იუანი,3/1/2019,3/1/2019
RUB,100,4.0700,0.0000,რუსული რუბლი,3/1/2019,3/1/2019
USD,1,2.6794,0.0000,აშშ დოლარი,3/1/2019,3/1/2019
CNY,10,4.0330,0.0000,ჩინური იუანი,2/28/2019,2/28/2019
RUB,100,4.0939,0.0000,რუსული რუბლი,2/28/2019,2/28/2019
USD,1,2.6940,0.0000,აშშ დოლარი,2/28/2019,2/28/2019
CNY,10,4.0008,0.0000,ჩინური იუანი,2/27/2019,2/27/2019
RUB,100,4.0805,0.0000,რუსული რუბლი,2/27/2019,2/27/2019
USD,1,2.6770,0.0000,აშშ დოლარი,2/27/2019,2/27/2019
CNY,10,4.0019,0.0000,ჩინური იუანი,2/26/2019,2/26/2019
RUB,100,4.1046,0.0000,რუსული რუბლი,2/26/2019,2/26/2019
USD,1,2.6751,0.0000,აშშ დოლარი,2/26/2019,2/26/2019
CNY,10,3.9574,0.0000,ჩინური იუანი,2/25/2019,2/25/2019
RUB,100,4.0543,0.0000,რუსული რუბლი,2/25/2019,2/25/2019
USD,1,2.6598,0.0000,აშშ დოლარი,2/25/2019,2/25/2019
CNY,10,3.9574,0.0000,ჩინური იუანი,2/24/2019,2/24/2019
RUB,100,4.0543,0.0000,რუსული რუბლი,2/24/2019,2/24/2019
USD,1,2.6598,0.0000,აშშ დოლარი,2/24/2019,2/24/2019
CNY,10,3.9574,0.0000,ჩინური იუანი,2/23/2019,2/23/2019
RUB,100,4.0543,0.0000,რუსული რუბლი,2/23/2019,2/23/2019
USD,1,2.6598,0.0000,აშშ დოლარი,2/23/2019,2/23/2019
CNY,10,3.9543,0.0000,ჩინური იუანი,2/22/2019,2/22/2019
RUB,100,4.0560,0.0000,რუსული რუბლი,2/22/2019,2/22/2019
USD,1,2.6570,0.0000,აშშ დოლარი,2/22/2019,2/22/2019
CNY,10,3.9546,0.0000,ჩინური იუანი,2/21/2019,2/21/2019
RUB,100,4.0421,0.0000,რუსული რუბლი,2/21/2019,2/21/2019
USD,1,2.6574,0.0000,აშშ დოლარი,2/21/2019,2/21/2019
CNY,10,3.9168,0.0000,ჩინური იუანი,2/20/2019,2/20/2019
RUB,100,4.0023,0.0000,რუსული რუბლი,2/20/2019,2/20/2019
USD,1,2.6498,0.0000,აშშ დოლარი,2/20/2019,2/20/2019
CNY,10,3.9023,0.0000,ჩინური იუანი,2/19/2019,2/19/2019
RUB,100,3.9898,0.0000,რუსული რუბლი,2/19/2019,2/19/2019
USD,1,2.6404,0.0000,აშშ დოლარი,2/19/2019,2/19/2019
CNY,10,3.9003,0.0000,ჩინური იუანი,2/18/2019,2/18/2019
RUB,100,3.9608,0.0000,რუსული რუბლი,2/18/2019,2/18/2019
USD,1,2.6413,0.0000,აშშ დოლარი,2/18/2019,2/18/2019
CNY,10,3.9003,0.0000,ჩინური იუანი,2/17/2019,2/17/2019
RUB,100,3.9608,0.0000,რუსული რუბლი,2/17/2019,2/17/2019
USD,1,2.6413,0.0000,აშშ დოლარი,2/17/2019,2/17/2019
CNY,10,3.9003,0.0000,ჩინური იუანი,2/16/2019,2/16/2019
RUB,100,3.9608,0.0000,რუსული რუბლი,2/16/2019,2/16/2019
USD,1,2.6413,0.0000,აშშ დოლარი,2/16/2019,2/16/2019
CNY,10,3.8994,0.0000,ჩინური იუანი,2/15/2019,2/15/2019
RUB,100,3.9577,0.0000,რუსული რუბლი,2/15/2019,2/15/2019
USD,1,2.6420,0.0000,აშშ დოლარი,2/15/2019,2/15/2019
CNY,10,3.9096,0.0000,ჩინური იუანი,2/14/2019,2/14/2019
RUB,100,4.0208,0.0000,რუსული რუბლი,2/14/2019,2/14/2019
USD,1,2.6438,0.0000,აშშ დოლარი,2/14/2019,2/14/2019
CNY,10,3.9039,0.0000,ჩინური იუანი,2/13/2019,2/13/2019
RUB,100,4.0308,0.0000,რუსული რუბლი,2/13/2019,2/13/2019
USD,1,2.6442,0.0000,აშშ დოლარი,2/13/2019,2/13/2019
CNY,10,3.8967,0.0000,ჩინური იუანი,2/12/2019,2/12/2019
RUB,100,4.0253,0.0000,რუსული რუბლი,2/12/2019,2/12/2019
USD,1,2.6460,0.0000,აშშ დოლარი,2/12/2019,2/12/2019
CNY,10,3.9230,0.0000,ჩინური იუანი,2/11/2019,2/11/2019
RUB,100,4.0075,0.0000,რუსული რუბლი,2/11/2019,2/11/2019
USD,1,2.6461,0.0000,აშშ დოლარი,2/11/2019,2/11/2019
CNY,10,3.9230,0.0000,ჩინური იუანი,2/10/2019,2/10/2019
RUB,100,4.0075,0.0000,რუსული რუბლი,2/10/2019,2/10/2019
USD,1,2.6461,0.0000,აშშ დოლარი,2/10/2019,2/10/2019
CNY,10,3.9230,0.0000,ჩინური იუანი,2/9/2019,2/9/2019
RUB,100,4.0075,0.0000,რუსული რუბლი,2/9/2019,2/9/2019
USD,1,2.6461,0.0000,აშშ დოლარი,2/9/2019,2/9/2019
CNY,10,3.9245,0.0000,ჩინური იუანი,2/8/2019,2/8/2019
RUB,100,4.0056,0.0000,რუსული რუბლი,2/8/2019,2/8/2019
USD,1,2.6471,0.0000,აშშ დოლარი,2/8/2019,2/8/2019
CNY,10,3.9285,0.0000,ჩინური იუანი,2/7/2019,2/7/2019
RUB,100,4.0293,0.0000,რუსული რუბლი,2/7/2019,2/7/2019
USD,1,2.6487,0.0000,აშშ დოლარი,2/7/2019,2/7/2019
CNY,10,3.9314,0.0000,ჩინური იუანი,2/6/2019,2/6/2019
RUB,100,4.0465,0.0000,რუსული რუბლი,2/6/2019,2/6/2019
USD,1,2.6506,0.0000,აშშ დოლარი,2/6/2019,2/6/2019
CNY,10,3.9340,0.0000,ჩინური იუანი,2/5/2019,2/5/2019
RUB,100,4.0431,0.0000,რუსული რუბლი,2/5/2019,2/5/2019
USD,1,2.6524,0.0000,აშშ დოლარი,2/5/2019,2/5/2019
CNY,10,3.9426,0.0000,ჩინური იუანი,2/4/2019,2/4/2019
RUB,100,4.0559,0.0000,რუსული რუბლი,2/4/2019,2/4/2019
USD,1,2.6554,0.0000,აშშ დოლარი,2/4/2019,2/4/2019
CNY,10,3.9426,0.0000,ჩინური იუანი,2/3/2019,2/3/2019
RUB,100,4.0559,0.0000,რუსული რუბლი,2/3/2019,2/3/2019
USD,1,2.6554,0.0000,აშშ დოლარი,2/3/2019,2/3/2019
CNY,10,3.9426,0.0000,ჩინური იუანი,2/2/2019,2/2/2019
RUB,100,4.0559,0.0000,რუსული რუბლი,2/2/2019,2/2/2019
USD,1,2.6554,0.0000,აშშ დოლარი,2/2/2019,2/2/2019
CNY,10,3.9565,0.0000,ჩინური იუანი,2/1/2019,2/1/2019
RUB,100,4.0666,0.0000,რუსული რუბლი,2/1/2019,2/1/2019
USD,1,2.6547,0.0000,აშშ დოლარი,2/1/2019,2/1/2019
CNY,10,3.9537,0.0000,ჩინური იუანი,1/31/2019,1/31/2019
RUB,100,4.0246,0.0000,რუსული რუბლი,1/31/2019,1/31/2019
USD,1,2.6550,0.0000,აშშ დოლარი,1/31/2019,1/31/2019
CNY,10,3.9421,0.0000,ჩინური იუანი,1/30/2019,1/30/2019
RUB,100,4.0068,0.0000,რუსული რუბლი,1/30/2019,1/30/2019
USD,1,2.6552,0.0000,აშშ დოლარი,1/30/2019,1/30/2019
CNY,10,3.9416,0.0000,ჩინური იუანი,1/29/2019,1/29/2019
RUB,100,4.0238,0.0000,რუსული რუბლი,1/29/2019,1/29/2019
USD,1,2.6570,0.0000,აშშ დოლარი,1/29/2019,1/29/2019
CNY,10,3.9293,0.0000,ჩინური იუანი,1/28/2019,1/28/2019
RUB,100,4.0221,0.0000,რუსული რუბლი,1/28/2019,1/28/2019
USD,1,2.6573,0.0000,აშშ დოლარი,1/28/2019,1/28/2019
CNY,10,3.9293,0.0000,ჩინური იუანი,1/27/2019,1/27/2019
RUB,100,4.0221,0.0000,რუსული რუბლი,1/27/2019,1/27/2019
USD,1,2.6573,0.0000,აშშ დოლარი,1/27/2019,1/27/2019
CNY,10,3.9293,0.0000,ჩინური იუანი,1/26/2019,1/26/2019
RUB,100,4.0221,0.0000,რუსული რუბლი,1/26/2019,1/26/2019
USD,1,2.6573,0.0000,აშშ დოლარი,1/26/2019,1/26/2019
CNY,10,3.9152,0.0000,ჩინური იუანი,1/25/2019,1/25/2019
RUB,100,4.0393,0.0000,რუსული რუბლი,1/25/2019,1/25/2019
USD,1,2.6595,0.0000,აშშ დოლარი,1/25/2019,1/25/2019
CNY,10,3.9187,0.0000,ჩინური იუანი,1/24/2019,1/24/2019
RUB,100,4.0200,0.0000,რუსული რუბლი,1/24/2019,1/24/2019
USD,1,2.6599,0.0000,აშშ დოლარი,1/24/2019,1/24/2019
CNY,10,3.9090,0.0000,ჩინური იუანი,1/23/2019,1/23/2019
RUB,100,3.9996,0.0000,რუსული რუბლი,1/23/2019,1/23/2019
USD,1,2.6611,0.0000,აშშ დოლარი,1/23/2019,1/23/2019
CNY,10,3.9155,0.0000,ჩინური იუანი,1/22/2019,1/22/2019
RUB,100,4.0074,0.0000,რუსული რუბლი,1/22/2019,1/22/2019
USD,1,2.6613,0.0000,აშშ დოლარი,1/22/2019,1/22/2019
CNY,10,3.9300,0.0000,ჩინური იუანი,1/21/2019,1/21/2019
RUB,100,4.0103,0.0000,რუსული რუბლი,1/21/2019,1/21/2019
USD,1,2.6629,0.0000,აშშ დოლარი,1/21/2019,1/21/2019
CNY,10,3.9300,0.0000,ჩინური იუანი,1/20/2019,1/20/2019
RUB,100,4.0103,0.0000,რუსული რუბლი,1/20/2019,1/20/2019
USD,1,2.6629,0.0000,აშშ დოლარი,1/20/2019,1/20/2019
CNY,10,3.9300,0.0000,ჩინური იუანი,1/19/2019,1/19/2019
RUB,100,4.0103,0.0000,რუსული რუბლი,1/19/2019,1/19/2019
USD,1,2.6629,0.0000,აშშ დოლარი,1/19/2019,1/19/2019
CNY,10,3.9339,0.0000,ჩინური იუანი,1/18/2019,1/18/2019
RUB,100,4.0034,0.0000,რუსული რუბლი,1/18/2019,1/18/2019
USD,1,2.6633,0.0000,აშშ დოლარი,1/18/2019,1/18/2019
CNY,10,3.9396,0.0000,ჩინური იუანი,1/17/2019,1/17/2019
RUB,100,3.9891,0.0000,რუსული რუბლი,1/17/2019,1/17/2019
USD,1,2.6634,0.0000,აშშ დოლარი,1/17/2019,1/17/2019
CNY,10,3.9409,0.0000,ჩინური იუანი,1/16/2019,1/16/2019
RUB,100,3.9687,0.0000,რუსული რუბლი,1/16/2019,1/16/2019
USD,1,2.6644,0.0000,აშშ დოლარი,1/16/2019,1/16/2019
CNY,10,3.9383,0.0000,ჩინური იუანი,1/15/2019,1/15/2019
RUB,100,3.9631,0.0000,რუსული რუბლი,1/15/2019,1/15/2019
USD,1,2.6650,0.0000,აშშ დოლარი,1/15/2019,1/15/2019
CNY,10,3.9591,0.0000,ჩინური იუანი,1/14/2019,1/14/2019
RUB,100,3.9875,0.0000,რუსული რუბლი,1/14/2019,1/14/2019
USD,1,2.6686,0.0000,აშშ დოლარი,1/14/2019,1/14/2019
CNY,10,3.9591,0.0000,ჩინური იუანი,1/13/2019,1/13/2019
RUB,100,3.9875,0.0000,რუსული რუბლი,1/13/2019,1/13/2019
USD,1,2.6686,0.0000,აშშ დოლარი,1/13/2019,1/13/2019
CNY,10,3.9591,0.0000,ჩინური იუანი,1/12/2019,1/12/2019
RUB,100,3.9875,0.0000,რუსული რუბლი,1/12/2019,1/12/2019
USD,1,2.6686,0.0000,აშშ დოლარი,1/12/2019,1/12/2019
CNY,10,3.9300,0.0000,ჩინური იუანი,1/11/2019,1/11/2019
RUB,100,3.9790,0.0000,რუსული რუბლი,1/11/2019,1/11/2019
USD,1,2.6675,0.0000,აშშ დოლარი,1/11/2019,1/11/2019
CNY,10,3.9042,0.0000,ჩინური იუანი,1/10/2019,1/10/2019
RUB,100,3.9804,0.0000,რუსული რუბლი,1/10/2019,1/10/2019
USD,1,2.6675,0.0000,აშშ დოლარი,1/10/2019,1/10/2019
CNY,10,3.8963,0.0000,ჩინური იუანი,1/9/2019,1/9/2019
RUB,100,3.9826,0.0000,რუსული რუბლი,1/9/2019,1/9/2019
USD,1,2.6702,0.0000,აშშ დოლარი,1/9/2019,1/9/2019
CNY,10,3.8951,0.0000,ჩინური იუანი,1/8/2019,1/8/2019
RUB,100,3.9241,0.0000,რუსული რუბლი,1/8/2019,1/8/2019
USD,1,2.6744,0.0000,აშშ დოლარი,1/8/2019,1/8/2019
CNY,10,3.8951,0.0000,ჩინური იუანი,1/7/2019,1/7/2019
RUB,100,3.9241,0.0000,რუსული რუბლი,1/7/2019,1/7/2019
USD,1,2.6744,0.0000,აშშ დოლარი,1/7/2019,1/7/2019
CNY,10,3.8951,0.0000,ჩინური იუანი,1/6/2019,1/6/2019
RUB,100,3.9241,0.0000,რუსული რუბლი,1/6/2019,1/6/2019
USD,1,2.6744,0.0000,აშშ დოლარი,1/6/2019,1/6/2019
CNY,10,3.8951,0.0000,ჩინური იუანი,1/5/2019,1/5/2019
RUB,100,3.9241,0.0000,რუსული რუბლი,1/5/2019,1/5/2019
USD,1,2.6744,0.0000,აშშ დოლარი,1/5/2019,1/5/2019
CNY,10,3.8917,0.0000,ჩინური იუანი,1/4/2019,1/4/2019
RUB,100,3.8703,0.0000,რუსული რუბლი,1/4/2019,1/4/2019
USD,1,2.6752,0.0000,აშშ დოლარი,1/4/2019,1/4/2019
CNY,10,3.8856,0.0000,ჩინური იუანი,1/3/2019,1/3/2019
RUB,100,3.8393,0.0000,რუსული რუბლი,1/3/2019,1/3/2019
USD,1,2.6727,0.0000,აშშ დოლარი,1/3/2019,1/3/2019
CNY,10,3.8856,0.0000,ჩინური იუანი,1/2/2019,1/2/2019
RUB,100,3.8393,0.0000,რუსული რუბლი,1/2/2019,1/2/2019
USD,1,2.6727,0.0000,აშშ დოლარი,1/2/2019,1/2/2019
CNY,10,3.8856,0.0000,ჩინური იუანი,1/1/2019,1/1/2019
RUB,100,3.8393,0.0000,რუსული რუბლი,1/1/2019,1/1/2019
USD,1,2.6727,0.0000,აშშ დოლარი,1/1/2019,1/1/2019
CNY,10,3.8958,0.0000,ჩინური იუანი,12/31/2018,12/31/2018
RUB,100,3.8588,0.0000,რუსული რუბლი,12/31/2018,12/31/2018
USD,1,2.6766,0.0000,აშშ დოლარი,12/31/2018,12/31/2018
CNY,10,3.8958,0.0000,ჩინური იუანი,12/30/2018,12/30/2018
RUB,100,3.8588,0.0000,რუსული რუბლი,12/30/2018,12/30/2018
USD,1,2.6766,0.0000,აშშ დოლარი,12/30/2018,12/30/2018
CNY,10,3.8958,0.0000,ჩინური იუანი,12/29/2018,12/29/2018
RUB,100,3.8588,0.0000,რუსული რუბლი,12/29/2018,12/29/2018
USD,1,2.6766,0.0000,აშშ დოლარი,12/29/2018,12/29/2018
CNY,10,3.8876,0.0000,ჩინური იუანი,12/28/2018,12/28/2018
RUB,100,3.8540,0.0000,რუსული რუბლი,12/28/2018,12/28/2018
USD,1,2.6689,0.0000,აშშ დოლარი,12/28/2018,12/28/2018
CNY,10,3.8670,0.0000,ჩინური იუანი,12/27/2018,12/27/2018
RUB,100,3.8449,0.0000,რუსული რუბლი,12/27/2018,12/27/2018
USD,1,2.6639,0.0000,აშშ დოლარი,12/27/2018,12/27/2018
CNY,10,3.8675,0.0000,ჩინური იუანი,12/26/2018,12/26/2018
RUB,100,3.8703,0.0000,რუსული რუბლი,12/26/2018,12/26/2018
USD,1,2.6627,0.0000,აშშ დოლარი,12/26/2018,12/26/2018
CNY,10,3.8578,0.0000,ჩინური იუანი,12/25/2018,12/25/2018
RUB,100,3.8909,0.0000,რუსული რუბლი,12/25/2018,12/25/2018
USD,1,2.6617,0.0000,აშშ დოლარი,12/25/2018,12/25/2018
CNY,10,3.8557,0.0000,ჩინური იუანი,12/24/2018,12/24/2018
RUB,100,3.8939,0.0000,რუსული რუბლი,12/24/2018,12/24/2018
USD,1,2.6627,0.0000,აშშ დოლარი,12/24/2018,12/24/2018
CNY,10,3.8557,0.0000,ჩინური იუანი,12/23/2018,12/23/2018
RUB,100,3.8939,0.0000,რუსული რუბლი,12/23/2018,12/23/2018
USD,1,2.6627,0.0000,აშშ დოლარი,12/23/2018,12/23/2018
CNY,10,3.8557,0.0000,ჩინური იუანი,12/22/2018,12/22/2018
RUB,100,3.8939,0.0000,რუსული რუბლი,12/22/2018,12/22/2018
USD,1,2.6627,0.0000,აშშ დოლარი,12/22/2018,12/22/2018
CNY,10,3.8658,0.0000,ჩინური იუანი,12/21/2018,12/21/2018
RUB,100,3.9552,0.0000,რუსული რუბლი,12/21/2018,12/21/2018
USD,1,2.6626,0.0000,აშშ დოლარი,12/21/2018,12/21/2018
CNY,10,3.8632,0.0000,ჩინური იუანი,12/20/2018,12/20/2018
RUB,100,3.9642,0.0000,რუსული რუბლი,12/20/2018,12/20/2018
USD,1,2.6647,0.0000,აშშ დოლარი,12/20/2018,12/20/2018
CNY,10,3.8643,0.0000,ჩინური იუანი,12/19/2018,12/19/2018
RUB,100,3.9895,0.0000,რუსული რუბლი,12/19/2018,12/19/2018
USD,1,2.6655,0.0000,აშშ დოლარი,12/19/2018,12/19/2018
CNY,10,3.8646,0.0000,ჩინური იუანი,12/18/2018,12/18/2018
RUB,100,4.0048,0.0000,რუსული რუბლი,12/18/2018,12/18/2018
USD,1,2.6656,0.0000,აშშ დოლარი,12/18/2018,12/18/2018
CNY,10,3.8667,0.0000,ჩინური იუანი,12/17/2018,12/17/2018
RUB,100,4.0173,0.0000,რუსული რუბლი,12/17/2018,12/17/2018
USD,1,2.6678,0.0000,აშშ დოლარი,12/17/2018,12/17/2018
CNY,10,3.8667,0.0000,ჩინური იუანი,12/16/2018,12/16/2018
RUB,100,4.0173,0.0000,რუსული რუბლი,12/16/2018,12/16/2018
USD,1,2.6678,0.0000,აშშ დოლარი,12/16/2018,12/16/2018
CNY,10,3.8667,0.0000,ჩინური იუანი,12/15/2018,12/15/2018
RUB,100,4.0173,0.0000,რუსული რუბლი,12/15/2018,12/15/2018
USD,1,2.6678,0.0000,აშშ დოლარი,12/15/2018,12/15/2018
CNY,10,3.8725,0.0000,ჩინური იუანი,12/14/2018,12/14/2018
RUB,100,4.0143,0.0000,რუსული რუბლი,12/14/2018,12/14/2018
USD,1,2.6642,0.0000,აშშ დოლარი,12/14/2018,12/14/2018
CNY,10,3.8601,0.0000,ჩინური იუანი,12/13/2018,12/13/2018
RUB,100,4.0028,0.0000,რუსული რუბლი,12/13/2018,12/13/2018
USD,1,2.6594,0.0000,აშშ დოლარი,12/13/2018,12/13/2018
CNY,10,3.8536,0.0000,ჩინური იუანი,12/12/2018,12/12/2018
RUB,100,4.0071,0.0000,რუსული რუბლი,12/12/2018,12/12/2018
USD,1,2.6609,0.0000,აშშ დოლარი,12/12/2018,12/12/2018
CNY,10,3.8577,0.0000,ჩინური იუანი,12/11/2018,12/11/2018
RUB,100,4.0143,0.0000,რუსული რუბლი,12/11/2018,12/11/2018
USD,1,2.6670,0.0000,აშშ დოლარი,12/11/2018,12/11/2018
CNY,10,3.8763,0.0000,ჩინური იუანი,12/10/2018,12/10/2018
RUB,100,3.9852,0.0000,რუსული რუბლი,12/10/2018,12/10/2018
USD,1,2.6682,0.0000,აშშ დოლარი,12/10/2018,12/10/2018
CNY,10,3.8763,0.0000,ჩინური იუანი,12/9/2018,12/9/2018
RUB,100,3.9852,0.0000,რუსული რუბლი,12/9/2018,12/9/2018
USD,1,2.6682,0.0000,აშშ დოლარი,12/9/2018,12/9/2018
CNY,10,3.8763,0.0000,ჩინური იუანი,12/8/2018,12/8/2018
RUB,100,3.9852,0.0000,რუსული რუბლი,12/8/2018,12/8/2018
USD,1,2.6682,0.0000,აშშ დოლარი,12/8/2018,12/8/2018
CNY,10,3.8667,0.0000,ჩინური იუანი,12/7/2018,12/7/2018
RUB,100,3.9761,0.0000,რუსული რუბლი,12/7/2018,12/7/2018
USD,1,2.6668,0.0000,აშშ დოლარი,12/7/2018,12/7/2018
CNY,10,3.8965,0.0000,ჩინური იუანი,12/6/2018,12/6/2018
RUB,100,4.0045,0.0000,რუსული რუბლი,12/6/2018,12/6/2018
USD,1,2.6733,0.0000,აშშ დოლარი,12/6/2018,12/6/2018
CNY,10,3.9193,0.0000,ჩინური იუანი,12/5/2018,12/5/2018
RUB,100,4.0366,0.0000,რუსული რუბლი,12/5/2018,12/5/2018
USD,1,2.6800,0.0000,აშშ დოლარი,12/5/2018,12/5/2018
CNY,10,3.9053,0.0000,ჩინური იუანი,12/4/2018,12/4/2018
RUB,100,4.0413,0.0000,რუსული რუბლი,12/4/2018,12/4/2018
USD,1,2.6894,0.0000,აშშ დოლარი,12/4/2018,12/4/2018
CNY,10,3.8506,0.0000,ჩინური იუანი,12/3/2018,12/3/2018
RUB,100,4.0063,0.0000,რუსული რუბლი,12/3/2018,12/3/2018
USD,1,2.6744,0.0000,აშშ დოლარი,12/3/2018,12/3/2018
CNY,10,3.8506,0.0000,ჩინური იუანი,12/2/2018,12/2/2018
RUB,100,4.0063,0.0000,რუსული რუბლი,12/2/2018,12/2/2018
USD,1,2.6744,0.0000,აშშ დოლარი,12/2/2018,12/2/2018
CNY,10,3.8506,0.0000,ჩინური იუანი,12/1/2018,12/1/2018
RUB,100,4.0063,0.0000,რუსული რუბლი,12/1/2018,12/1/2018
USD,1,2.6744,0.0000,აშშ დოლარი,12/1/2018,12/1/2018
CNY,10,3.8723,0.0000,ჩინური იუანი,11/30/2018,11/30/2018
RUB,100,4.0345,0.0000,რუსული რუბლი,11/30/2018,11/30/2018
USD,1,2.6896,0.0000,აშშ დოლარი,11/30/2018,11/30/2018
CNY,10,3.8297,0.0000,ჩინური იუანი,11/29/2018,11/29/2018
RUB,100,3.9914,0.0000,რუსული რუბლი,11/29/2018,11/29/2018
USD,1,2.6611,0.0000,აშშ დოლარი,11/29/2018,11/29/2018
CNY,10,3.8297,0.0000,ჩინური იუანი,11/28/2018,11/28/2018
RUB,100,3.9914,0.0000,რუსული რუბლი,11/28/2018,11/28/2018
USD,1,2.6611,0.0000,აშშ დოლარი,11/28/2018,11/28/2018
CNY,10,3.8444,0.0000,ჩინური იუანი,11/27/2018,11/27/2018
RUB,100,4.0007,0.0000,რუსული რუბლი,11/27/2018,11/27/2018
USD,1,2.6680,0.0000,აშშ დოლარი,11/27/2018,11/27/2018
CNY,10,3.8347,0.0000,ჩინური იუანი,11/26/2018,11/26/2018
RUB,100,4.0568,0.0000,რუსული რუბლი,11/26/2018,11/26/2018
USD,1,2.6585,0.0000,აშშ დოლარი,11/26/2018,11/26/2018
CNY,10,3.8347,0.0000,ჩინური იუანი,11/25/2018,11/25/2018
RUB,100,4.0568,0.0000,რუსული რუბლი,11/25/2018,11/25/2018
USD,1,2.6585,0.0000,აშშ დოლარი,11/25/2018,11/25/2018
CNY,10,3.8347,0.0000,ჩინური იუანი,11/24/2018,11/24/2018
RUB,100,4.0568,0.0000,რუსული რუბლი,11/24/2018,11/24/2018
USD,1,2.6585,0.0000,აშშ დოლარი,11/24/2018,11/24/2018
CNY,10,3.8347,0.0000,ჩინური იუანი,11/23/2018,11/23/2018
RUB,100,4.0568,0.0000,რუსული რუბლი,11/23/2018,11/23/2018
USD,1,2.6585,0.0000,აშშ დოლარი,11/23/2018,11/23/2018
CNY,10,3.8391,0.0000,ჩინური იუანი,11/22/2018,11/22/2018
RUB,100,4.0369,0.0000,რუსული რუბლი,11/22/2018,11/22/2018
USD,1,2.6640,0.0000,აშშ დოლარი,11/22/2018,11/22/2018
CNY,10,3.8514,0.0000,ჩინური იუანი,11/21/2018,11/21/2018
RUB,100,4.0707,0.0000,რუსული რუბლი,11/21/2018,11/21/2018
USD,1,2.6741,0.0000,აშშ დოლარი,11/21/2018,11/21/2018
CNY,10,3.8302,0.0000,ჩინური იუანი,11/20/2018,11/20/2018
RUB,100,4.0356,0.0000,რუსული რუბლი,11/20/2018,11/20/2018
USD,1,2.6593,0.0000,აშშ დოლარი,11/20/2018,11/20/2018
CNY,10,3.8444,0.0000,ჩინური იუანი,11/19/2018,11/19/2018
RUB,100,4.0447,0.0000,რუსული რუბლი,11/19/2018,11/19/2018
USD,1,2.6727,0.0000,აშშ დოლარი,11/19/2018,11/19/2018
CNY,10,3.8444,0.0000,ჩინური იუანი,11/18/2018,11/18/2018
RUB,100,4.0447,0.0000,რუსული რუბლი,11/18/2018,11/18/2018
USD,1,2.6727,0.0000,აშშ დოლარი,11/18/2018,11/18/2018
CNY,10,3.8444,0.0000,ჩინური იუანი,11/17/2018,11/17/2018
RUB,100,4.0447,0.0000,რუსული რუბლი,11/17/2018,11/17/2018
USD,1,2.6727,0.0000,აშშ დოლარი,11/17/2018,11/17/2018
CNY,10,3.8633,0.0000,ჩინური იუანი,11/16/2018,11/16/2018
RUB,100,4.0185,0.0000,რუსული რუბლი,11/16/2018,11/16/2018
USD,1,2.6818,0.0000,აშშ დოლარი,11/16/2018,11/16/2018
CNY,10,3.8891,0.0000,ჩინური იუანი,11/15/2018,11/15/2018
RUB,100,3.9893,0.0000,რუსული რუბლი,11/15/2018,11/15/2018
USD,1,2.7045,0.0000,აშშ დოლარი,11/15/2018,11/15/2018
CNY,10,3.9025,0.0000,ჩინური იუანი,11/14/2018,11/14/2018
RUB,100,4.0048,0.0000,რუსული რუბლი,11/14/2018,11/14/2018
USD,1,2.7155,0.0000,აშშ დოლარი,11/14/2018,11/14/2018
CNY,10,3.9001,0.0000,ჩინური იუანი,11/13/2018,11/13/2018
RUB,100,4.0131,0.0000,რუსული რუბლი,11/13/2018,11/13/2018
USD,1,2.7166,0.0000,აშშ დოლარი,11/13/2018,11/13/2018
CNY,10,3.9073,0.0000,ჩინური იუანი,11/12/2018,11/12/2018
RUB,100,4.0430,0.0000,რუსული რუბლი,11/12/2018,11/12/2018
USD,1,2.7146,0.0000,აშშ დოლარი,11/12/2018,11/12/2018
CNY,10,3.9073,0.0000,ჩინური იუანი,11/11/2018,11/11/2018
RUB,100,4.0430,0.0000,რუსული რუბლი,11/11/2018,11/11/2018
USD,1,2.7146,0.0000,აშშ დოლარი,11/11/2018,11/11/2018
CNY,10,3.9073,0.0000,ჩინური იუანი,11/10/2018,11/10/2018
RUB,100,4.0430,0.0000,რუსული რუბლი,11/10/2018,11/10/2018
USD,1,2.7146,0.0000,აშშ დოლარი,11/10/2018,11/10/2018
CNY,10,3.9678,0.0000,ჩინური იუანი,11/9/2018,11/9/2018
RUB,100,4.1433,0.0000,რუსული რუბლი,11/9/2018,11/9/2018
USD,1,2.7505,0.0000,აშშ დოლარი,11/9/2018,11/9/2018
CNY,10,3.9996,0.0000,ჩინური იუანი,11/8/2018,11/8/2018
RUB,100,4.1953,0.0000,რუსული რუბლი,11/8/2018,11/8/2018
USD,1,2.7656,0.0000,აშშ დოლარი,11/8/2018,11/8/2018
CNY,10,3.9790,0.0000,ჩინური იუანი,11/7/2018,11/7/2018
RUB,100,4.1712,0.0000,რუსული რუბლი,11/7/2018,11/7/2018
USD,1,2.7524,0.0000,აშშ დოლარი,11/7/2018,11/7/2018
CNY,10,3.9538,0.0000,ჩინური იუანი,11/6/2018,11/6/2018
RUB,100,4.1226,0.0000,რუსული რუბლი,11/6/2018,11/6/2018
USD,1,2.7383,0.0000,აშშ დოლარი,11/6/2018,11/6/2018
CNY,10,3.9647,0.0000,ჩინური იუანი,11/5/2018,11/5/2018
RUB,100,4.1504,0.0000,რუსული რუბლი,11/5/2018,11/5/2018
USD,1,2.7251,0.0000,აშშ დოლარი,11/5/2018,11/5/2018
CNY,10,3.9647,0.0000,ჩინური იუანი,11/4/2018,11/4/2018
RUB,100,4.1504,0.0000,რუსული რუბლი,11/4/2018,11/4/2018
USD,1,2.7251,0.0000,აშშ დოლარი,11/4/2018,11/4/2018
CNY,10,3.9647,0.0000,ჩინური იუანი,11/3/2018,11/3/2018
RUB,100,4.1504,0.0000,რუსული რუბლი,11/3/2018,11/3/2018
USD,1,2.7251,0.0000,აშშ დოლარი,11/3/2018,11/3/2018
CNY,10,3.9121,0.0000,ჩინური იუანი,11/2/2018,11/2/2018
RUB,100,4.1370,0.0000,რუსული რუბლი,11/2/2018,11/2/2018
USD,1,2.7170,0.0000,აშშ დოლარი,11/2/2018,11/2/2018
CNY,10,3.9015,0.0000,ჩინური იუანი,11/1/2018,11/1/2018
RUB,100,4.1366,0.0000,რუსული რუბლი,11/1/2018,11/1/2018
USD,1,2.7203,0.0000,აშშ დოლარი,11/1/2018,11/1/2018
CNY,10,3.8815,0.0000,ჩინური იუანი,10/31/2018,10/31/2018
RUB,100,4.1156,0.0000,რუსული რუბლი,10/31/2018,10/31/2018
USD,1,2.7027,0.0000,აშშ დოლარი,10/31/2018,10/31/2018
CNY,10,3.8842,0.0000,ჩინური იუანი,10/30/2018,10/30/2018
RUB,100,4.1236,0.0000,რუსული რუბლი,10/30/2018,10/30/2018
USD,1,2.7020,0.0000,აშშ დოლარი,10/30/2018,10/30/2018
CNY,10,3.8853,0.0000,ჩინური იუანი,10/29/2018,10/29/2018
RUB,100,4.1018,0.0000,რუსული რუბლი,10/29/2018,10/29/2018
USD,1,2.6986,0.0000,აშშ დოლარი,10/29/2018,10/29/2018
CNY,10,3.8853,0.0000,ჩინური იუანი,10/28/2018,10/28/2018
RUB,100,4.1018,0.0000,რუსული რუბლი,10/28/2018,10/28/2018
USD,1,2.6986,0.0000,აშშ დოლარი,10/28/2018,10/28/2018
CNY,10,3.8853,0.0000,ჩინური იუანი,10/27/2018,10/27/2018
RUB,100,4.1018,0.0000,რუსული რუბლი,10/27/2018,10/27/2018
USD,1,2.6986,0.0000,აშშ დოლარი,10/27/2018,10/27/2018
CNY,10,3.8890,0.0000,ჩინური იუანი,10/26/2018,10/26/2018
RUB,100,4.1101,0.0000,რუსული რუბლი,10/26/2018,10/26/2018
USD,1,2.7015,0.0000,აშშ დოლარი,10/26/2018,10/26/2018
CNY,10,3.8937,0.0000,ჩინური იუანი,10/25/2018,10/25/2018
RUB,100,4.1219,0.0000,რუსული რუბლი,10/25/2018,10/25/2018
USD,1,2.7029,0.0000,აშშ დოლარი,10/25/2018,10/25/2018
CNY,10,3.9044,0.0000,ჩინური იუანი,10/24/2018,10/24/2018
RUB,100,4.1425,0.0000,რუსული რუბლი,10/24/2018,10/24/2018
USD,1,2.7082,0.0000,აშშ დოლარი,10/24/2018,10/24/2018
CNY,10,3.8821,0.0000,ჩინური იუანი,10/23/2018,10/23/2018
RUB,100,4.1338,0.0000,რუსული რუბლი,10/23/2018,10/23/2018
USD,1,2.6951,0.0000,აშშ დოლარი,10/23/2018,10/23/2018
CNY,10,3.8907,0.0000,ჩინური იუანი,10/22/2018,10/22/2018
RUB,100,4.1098,0.0000,რუსული რუბლი,10/22/2018,10/22/2018
USD,1,2.6972,0.0000,აშშ დოლარი,10/22/2018,10/22/2018
CNY,10,3.8907,0.0000,ჩინური იუანი,10/21/2018,10/21/2018
RUB,100,4.1098,0.0000,რუსული რუბლი,10/21/2018,10/21/2018
USD,1,2.6972,0.0000,აშშ დოლარი,10/21/2018,10/21/2018
CNY,10,3.8907,0.0000,ჩინური იუანი,10/20/2018,10/20/2018
RUB,100,4.1098,0.0000,რუსული რუბლი,10/20/2018,10/20/2018
USD,1,2.6972,0.0000,აშშ დოლარი,10/20/2018,10/20/2018
CNY,10,3.8955,0.0000,ჩინური იუანი,10/19/2018,10/19/2018
RUB,100,4.1226,0.0000,რუსული რუბლი,10/19/2018,10/19/2018
USD,1,2.7026,0.0000,აშშ დოლარი,10/19/2018,10/19/2018
CNY,10,3.8736,0.0000,ჩინური იუანი,10/18/2018,10/18/2018
RUB,100,4.0978,0.0000,რუსული რუბლი,10/18/2018,10/18/2018
USD,1,2.6838,0.0000,აშშ დოლარი,10/18/2018,10/18/2018
CNY,10,3.8812,0.0000,ჩინური იუანი,10/17/2018,10/17/2018
RUB,100,4.1008,0.0000,რუსული რუბლი,10/17/2018,10/17/2018
USD,1,2.6855,0.0000,აშშ დოლარი,10/17/2018,10/17/2018
CNY,10,3.8533,0.0000,ჩინური იუანი,10/16/2018,10/16/2018
RUB,100,4.0628,0.0000,რუსული რუბლი,10/16/2018,10/16/2018
USD,1,2.6664,0.0000,აშშ დოლარი,10/16/2018,10/16/2018
CNY,10,3.8122,0.0000,ჩინური იუანი,10/15/2018,10/15/2018
RUB,100,4.0001,0.0000,რუსული რუბლი,10/15/2018,10/15/2018
USD,1,2.6376,0.0000,აშშ დოლარი,10/15/2018,10/15/2018
CNY,10,3.8122,0.0000,ჩინური იუანი,10/14/2018,10/14/2018
RUB,100,4.0001,0.0000,რუსული რუბლი,10/14/2018,10/14/2018
USD,1,2.6376,0.0000,აშშ დოლარი,10/14/2018,10/14/2018
CNY,10,3.8122,0.0000,ჩინური იუანი,10/13/2018,10/13/2018
RUB,100,4.0001,0.0000,რუსული რუბლი,10/13/2018,10/13/2018
USD,1,2.6376,0.0000,აშშ დოლარი,10/13/2018,10/13/2018
CNY,10,3.7990,0.0000,ჩინური იუანი,10/12/2018,10/12/2018
RUB,100,3.9512,0.0000,რუსული რუბლი,10/12/2018,10/12/2018
USD,1,2.6296,0.0000,აშშ დოლარი,10/12/2018,10/12/2018
CNY,10,3.7938,0.0000,ჩინური იუანი,10/11/2018,10/11/2018
RUB,100,3.9751,0.0000,რუსული რუბლი,10/11/2018,10/11/2018
USD,1,2.6262,0.0000,აშშ დოლარი,10/11/2018,10/11/2018
CNY,10,3.7921,0.0000,ჩინური იუანი,10/10/2018,10/10/2018
RUB,100,3.9432,0.0000,რუსული რუბლი,10/10/2018,10/10/2018
USD,1,2.6255,0.0000,აშშ დოლარი,10/10/2018,10/10/2018
CNY,10,3.7820,0.0000,ჩინური იუანი,10/9/2018,10/9/2018
RUB,100,3.9155,0.0000,რუსული რუბლი,10/9/2018,10/9/2018
USD,1,2.6184,0.0000,აშშ დოლარი,10/9/2018,10/9/2018
CNY,10,3.8123,0.0000,ჩინური იუანი,10/8/2018,10/8/2018
RUB,100,3.9227,0.0000,რუსული რუბლი,10/8/2018,10/8/2018
USD,1,2.6186,0.0000,აშშ დოლარი,10/8/2018,10/8/2018
CNY,10,3.8123,0.0000,ჩინური იუანი,10/7/2018,10/7/2018
RUB,100,3.9227,0.0000,რუსული რუბლი,10/7/2018,10/7/2018
USD,1,2.6186,0.0000,აშშ დოლარი,10/7/2018,10/7/2018
CNY,10,3.8123,0.0000,ჩინური იუანი,10/6/2018,10/6/2018
RUB,100,3.9227,0.0000,რუსული რუბლი,10/6/2018,10/6/2018
USD,1,2.6186,0.0000,აშშ დოლარი,10/6/2018,10/6/2018
CNY,10,3.8141,0.0000,ჩინური იუანი,10/5/2018,10/5/2018
RUB,100,3.9512,0.0000,რუსული რუბლი,10/5/2018,10/5/2018
USD,1,2.6198,0.0000,აშშ დოლარი,10/5/2018,10/5/2018
CNY,10,3.8084,0.0000,ჩინური იუანი,10/4/2018,10/4/2018
RUB,100,3.9885,0.0000,რუსული რუბლი,10/4/2018,10/4/2018
USD,1,2.6159,0.0000,აშშ დოლარი,10/4/2018,10/4/2018
CNY,10,3.8046,0.0000,ჩინური იუანი,10/3/2018,10/3/2018
RUB,100,3.9882,0.0000,რუსული რუბლი,10/3/2018,10/3/2018
USD,1,2.6133,0.0000,აშშ დოლარი,10/3/2018,10/3/2018
CNY,10,3.8063,0.0000,ჩინური იუანი,10/2/2018,10/2/2018
RUB,100,3.9850,0.0000,რუსული რუბლი,10/2/2018,10/2/2018
USD,1,2.6145,0.0000,აშშ დოლარი,10/2/2018,10/2/2018
CNY,10,3.7993,0.0000,ჩინური იუანი,10/1/2018,10/1/2018
RUB,100,3.9742,0.0000,რუსული რუბლი,10/1/2018,10/1/2018
USD,1,2.6151,0.0000,აშშ დოლარი,10/1/2018,10/1/2018
CNY,10,3.7993,0.0000,ჩინური იუანი,9/30/2018,9/30/2018
RUB,100,3.9742,0.0000,რუსული რუბლი,9/30/2018,9/30/2018
USD,1,2.6151,0.0000,აშშ დოლარი,9/30/2018,9/30/2018
CNY,10,3.7993,0.0000,ჩინური იუანი,9/29/2018,9/29/2018
RUB,100,3.9742,0.0000,რუსული რუბლი,9/29/2018,9/29/2018
USD,1,2.6151,0.0000,აშშ დოლარი,9/29/2018,9/29/2018
CNY,10,3.8036,0.0000,ჩინური იუანი,9/28/2018,9/28/2018
RUB,100,3.9832,0.0000,რუსული რუბლი,9/28/2018,9/28/2018
USD,1,2.6165,0.0000,აშშ დოლარი,9/28/2018,9/28/2018
CNY,10,3.8119,0.0000,ჩინური იუანი,9/27/2018,9/27/2018
RUB,100,3.9796,0.0000,რუსული რუბლი,9/27/2018,9/27/2018
USD,1,2.6199,0.0000,აშშ დოლარი,9/27/2018,9/27/2018
CNY,10,3.8077,0.0000,ჩინური იუანი,9/26/2018,9/26/2018
RUB,100,3.9875,0.0000,რუსული რუბლი,9/26/2018,9/26/2018
USD,1,2.6184,0.0000,აშშ დოლარი,9/26/2018,9/26/2018
CNY,10,3.8246,0.0000,ჩინური იუანი,9/25/2018,9/25/2018
RUB,100,3.9814,0.0000,რუსული რუბლი,9/25/2018,9/25/2018
USD,1,2.6226,0.0000,აშშ დოლარი,9/25/2018,9/25/2018
CNY,10,3.8294,0.0000,ჩინური იუანი,9/24/2018,9/24/2018
RUB,100,3.9340,0.0000,რუსული რუბლი,9/24/2018,9/24/2018
USD,1,2.6216,0.0000,აშშ დოლარი,9/24/2018,9/24/2018
CNY,10,3.8294,0.0000,ჩინური იუანი,9/23/2018,9/23/2018
RUB,100,3.9340,0.0000,რუსული რუბლი,9/23/2018,9/23/2018
USD,1,2.6216,0.0000,აშშ დოლარი,9/23/2018,9/23/2018
CNY,10,3.8294,0.0000,ჩინური იუანი,9/22/2018,9/22/2018
RUB,100,3.9340,0.0000,რუსული რუბლი,9/22/2018,9/22/2018
USD,1,2.6216,0.0000,აშშ დოლარი,9/22/2018,9/22/2018
CNY,10,3.8234,0.0000,ჩინური იუანი,9/21/2018,9/21/2018
RUB,100,3.9538,0.0000,რუსული რუბლი,9/21/2018,9/21/2018
USD,1,2.6193,0.0000,აშშ დოლარი,9/21/2018,9/21/2018
CNY,10,3.8191,0.0000,ჩინური იუანი,9/20/2018,9/20/2018
RUB,100,3.9087,0.0000,რუსული რუბლი,9/20/2018,9/20/2018
USD,1,2.6179,0.0000,აშშ დოლარი,9/20/2018,9/20/2018
CNY,10,3.8124,0.0000,ჩინური იუანი,9/19/2018,9/19/2018
RUB,100,3.8673,0.0000,რუსული რუბლი,9/19/2018,9/19/2018
USD,1,2.6188,0.0000,აშშ დოლარი,9/19/2018,9/19/2018
CNY,10,3.8075,0.0000,ჩინური იუანი,9/18/2018,9/18/2018
RUB,100,3.8379,0.0000,რუსული რუბლი,9/18/2018,9/18/2018
USD,1,2.6156,0.0000,აშშ დოლარი,9/18/2018,9/18/2018
CNY,10,3.8129,0.0000,ჩინური იუანი,9/17/2018,9/17/2018
RUB,100,3.8669,0.0000,რუსული რუბლი,9/17/2018,9/17/2018
USD,1,2.6128,0.0000,აშშ დოლარი,9/17/2018,9/17/2018
CNY,10,3.8129,0.0000,ჩინური იუანი,9/16/2018,9/16/2018
RUB,100,3.8669,0.0000,რუსული რუბლი,9/16/2018,9/16/2018
USD,1,2.6128,0.0000,აშშ დოლარი,9/16/2018,9/16/2018
CNY,10,3.8129,0.0000,ჩინური იუანი,9/15/2018,9/15/2018
RUB,100,3.8669,0.0000,რუსული რუბლი,9/15/2018,9/15/2018
USD,1,2.6128,0.0000,აშშ დოლარი,9/15/2018,9/15/2018
CNY,10,3.8294,0.0000,ჩინური იუანი,9/14/2018,9/14/2018
RUB,100,3.8278,0.0000,რუსული რუბლი,9/14/2018,9/14/2018
USD,1,2.6222,0.0000,აშშ დოლარი,9/14/2018,9/14/2018
CNY,10,3.8092,0.0000,ჩინური იუანი,9/13/2018,9/13/2018
RUB,100,3.7664,0.0000,რუსული რუბლი,9/13/2018,9/13/2018
USD,1,2.6158,0.0000,აშშ დოლარი,9/13/2018,9/13/2018
CNY,10,3.7877,0.0000,ჩინური იუანი,9/12/2018,9/12/2018
RUB,100,3.7062,0.0000,რუსული რუბლი,9/12/2018,9/12/2018
USD,1,2.6017,0.0000,აშშ დოლარი,9/12/2018,9/12/2018
CNY,10,3.7862,0.0000,ჩინური იუანი,9/11/2018,9/11/2018
RUB,100,3.6879,0.0000,რუსული რუბლი,9/11/2018,9/11/2018
USD,1,2.5980,0.0000,აშშ დოლარი,9/11/2018,9/11/2018
CNY,10,3.8184,0.0000,ჩინური იუანი,9/10/2018,9/10/2018
RUB,100,3.7699,0.0000,რუსული რუბლი,9/10/2018,9/10/2018
USD,1,2.6126,0.0000,აშშ დოლარი,9/10/2018,9/10/2018
CNY,10,3.8184,0.0000,ჩინური იუანი,9/9/2018,9/9/2018
RUB,100,3.7699,0.0000,რუსული რუბლი,9/9/2018,9/9/2018
USD,1,2.6126,0.0000,აშშ დოლარი,9/9/2018,9/9/2018
CNY,10,3.8184,0.0000,ჩინური იუანი,9/8/2018,9/8/2018
RUB,100,3.7699,0.0000,რუსული რუბლი,9/8/2018,9/8/2018
USD,1,2.6126,0.0000,აშშ დოლარი,9/8/2018,9/8/2018
CNY,10,3.8351,0.0000,ჩინური იუანი,9/7/2018,9/7/2018
RUB,100,3.8345,0.0000,რუსული რუბლი,9/7/2018,9/7/2018
USD,1,2.6202,0.0000,აშშ დოლარი,9/7/2018,9/7/2018
CNY,10,3.8292,0.0000,ჩინური იუანი,9/6/2018,9/6/2018
RUB,100,3.8307,0.0000,რუსული რუბლი,9/6/2018,9/6/2018
USD,1,2.6165,0.0000,აშშ დოლარი,9/6/2018,9/6/2018
CNY,10,3.7797,0.0000,ჩინური იუანი,9/5/2018,9/5/2018
RUB,100,3.7877,0.0000,რუსული რუბლი,9/5/2018,9/5/2018
USD,1,2.5844,0.0000,აშშ დოლარი,9/5/2018,9/5/2018
CNY,10,3.7786,0.0000,ჩინური იუანი,9/4/2018,9/4/2018
RUB,100,3.7916,0.0000,რუსული რუბლი,9/4/2018,9/4/2018
USD,1,2.5783,0.0000,აშშ დოლარი,9/4/2018,9/4/2018
CNY,10,3.7730,0.0000,ჩინური იუანი,9/3/2018,9/3/2018
RUB,100,3.7956,0.0000,რუსული რუბლი,9/3/2018,9/3/2018
USD,1,2.5789,0.0000,აშშ დოლარი,9/3/2018,9/3/2018
CNY,10,3.7730,0.0000,ჩინური იუანი,9/2/2018,9/2/2018
RUB,100,3.7956,0.0000,რუსული რუბლი,9/2/2018,9/2/2018
USD,1,2.5789,0.0000,აშშ დოლარი,9/2/2018,9/2/2018
CNY,10,3.7730,0.0000,ჩინური იუანი,9/1/2018,9/1/2018
RUB,100,3.7956,0.0000,რუსული რუბლი,9/1/2018,9/1/2018
USD,1,2.5789,0.0000,აშშ დოლარი,9/1/2018,9/1/2018
CNY,10,3.7771,0.0000,ჩინური იუანი,8/31/2018,8/31/2018
RUB,100,3.7901,0.0000,რუსული რუბლი,8/31/2018,8/31/2018
USD,1,2.5803,0.0000,აშშ დოლარი,8/31/2018,8/31/2018
CNY,10,3.7726,0.0000,ჩინური იუანი,8/30/2018,8/30/2018
RUB,100,3.7863,0.0000,რუსული რუბლი,8/30/2018,8/30/2018
USD,1,2.5752,0.0000,აშშ დოლარი,8/30/2018,8/30/2018
CNY,10,3.7668,0.0000,ჩინური იუანი,8/29/2018,8/29/2018
RUB,100,3.8149,0.0000,რუსული რუბლი,8/29/2018,8/29/2018
USD,1,2.5712,0.0000,აშშ დოლარი,8/29/2018,8/29/2018
CNY,10,3.7668,0.0000,ჩინური იუანი,8/28/2018,8/28/2018
RUB,100,3.8149,0.0000,რუსული რუბლი,8/28/2018,8/28/2018
USD,1,2.5712,0.0000,აშშ დოლარი,8/28/2018,8/28/2018
CNY,10,3.7537,0.0000,ჩინური იუანი,8/27/2018,8/27/2018
RUB,100,3.7990,0.0000,რუსული რუბლი,8/27/2018,8/27/2018
USD,1,2.5720,0.0000,აშშ დოლარი,8/27/2018,8/27/2018
CNY,10,3.7537,0.0000,ჩინური იუანი,8/26/2018,8/26/2018
RUB,100,3.7990,0.0000,რუსული რუბლი,8/26/2018,8/26/2018
USD,1,2.5720,0.0000,აშშ დოლარი,8/26/2018,8/26/2018
CNY,10,3.7537,0.0000,ჩინური იუანი,8/25/2018,8/25/2018
RUB,100,3.7990,0.0000,რუსული რუბლი,8/25/2018,8/25/2018
USD,1,2.5720,0.0000,აშშ დოლარი,8/25/2018,8/25/2018
CNY,10,3.7609,0.0000,ჩინური იუანი,8/24/2018,8/24/2018
RUB,100,3.7934,0.0000,რუსული რუბლი,8/24/2018,8/24/2018
USD,1,2.5862,0.0000,აშშ დოლარი,8/24/2018,8/24/2018
CNY,10,3.7772,0.0000,ჩინური იუანი,8/23/2018,8/23/2018
RUB,100,3.8077,0.0000,რუსული რუბლი,8/23/2018,8/23/2018
USD,1,2.5851,0.0000,აშშ დოლარი,8/23/2018,8/23/2018
CNY,10,3.7562,0.0000,ჩინური იუანი,8/22/2018,8/22/2018
RUB,100,3.8165,0.0000,რუსული რუბლი,8/22/2018,8/22/2018
USD,1,2.5703,0.0000,აშშ დოლარი,8/22/2018,8/22/2018
CNY,10,3.7241,0.0000,ჩინური იუანი,8/21/2018,8/21/2018
RUB,100,3.8054,0.0000,რუსული რუბლი,8/21/2018,8/21/2018
USD,1,2.5558,0.0000,აშშ დოლარი,8/21/2018,8/21/2018
CNY,10,3.7454,0.0000,ჩინური იუანი,8/20/2018,8/20/2018
RUB,100,3.8267,0.0000,რუსული რუბლი,8/20/2018,8/20/2018
USD,1,2.5779,0.0000,აშშ დოლარი,8/20/2018,8/20/2018
CNY,10,3.7454,0.0000,ჩინური იუანი,8/19/2018,8/19/2018
RUB,100,3.8267,0.0000,რუსული რუბლი,8/19/2018,8/19/2018
USD,1,2.5779,0.0000,აშშ დოლარი,8/19/2018,8/19/2018
CNY,10,3.7454,0.0000,ჩინური იუანი,8/18/2018,8/18/2018
RUB,100,3.8267,0.0000,რუსული რუბლი,8/18/2018,8/18/2018
USD,1,2.5779,0.0000,აშშ დოლარი,8/18/2018,8/18/2018
CNY,10,3.7356,0.0000,ჩინური იუანი,8/17/2018,8/17/2018
RUB,100,3.8499,0.0000,რუსული რუბლი,8/17/2018,8/17/2018
USD,1,2.5773,0.0000,აშშ დოლარი,8/17/2018,8/17/2018
CNY,10,3.7728,0.0000,ჩინური იუანი,8/16/2018,8/16/2018
RUB,100,3.8839,0.0000,რუსული რუბლი,8/16/2018,8/16/2018
USD,1,2.6074,0.0000,აშშ დოლარი,8/16/2018,8/16/2018
CNY,10,3.8279,0.0000,ჩინური იუანი,8/15/2018,8/15/2018
RUB,100,3.9453,0.0000,რუსული რუბლი,8/15/2018,8/15/2018
USD,1,2.6343,0.0000,აშშ დოლარი,8/15/2018,8/15/2018
CNY,10,3.7332,0.0000,ჩინური იუანი,8/14/2018,8/14/2018
RUB,100,3.7778,0.0000,რუსული რუბლი,8/14/2018,8/14/2018
USD,1,2.5694,0.0000,აშშ დოლარი,8/14/2018,8/14/2018
CNY,10,3.6978,0.0000,ჩინური იუანი,8/13/2018,8/13/2018
RUB,100,3.7912,0.0000,რუსული რუბლი,8/13/2018,8/13/2018
USD,1,2.5339,0.0000,აშშ დოლარი,8/13/2018,8/13/2018
CNY,10,3.6978,0.0000,ჩინური იუანი,8/12/2018,8/12/2018
RUB,100,3.7912,0.0000,რუსული რუბლი,8/12/2018,8/12/2018
USD,1,2.5339,0.0000,აშშ დოლარი,8/12/2018,8/12/2018
CNY,10,3.6978,0.0000,ჩინური იუანი,8/11/2018,8/11/2018
RUB,100,3.7912,0.0000,რუსული რუბლი,8/11/2018,8/11/2018
USD,1,2.5339,0.0000,აშშ დოლარი,8/11/2018,8/11/2018
CNY,10,3.6205,0.0000,ჩინური იუანი,8/10/2018,8/10/2018
RUB,100,3.7416,0.0000,რუსული რუბლი,8/10/2018,8/10/2018
USD,1,2.4687,0.0000,აშშ დოლარი,8/10/2018,8/10/2018
CNY,10,3.6057,0.0000,ჩინური იუანი,8/9/2018,8/9/2018
RUB,100,3.8124,0.0000,რუსული რუბლი,8/9/2018,8/9/2018
USD,1,2.4647,0.0000,აშშ დოლარი,8/9/2018,8/9/2018
CNY,10,3.6038,0.0000,ჩინური იუანი,8/8/2018,8/8/2018
RUB,100,3.8721,0.0000,რუსული რუბლი,8/8/2018,8/8/2018
USD,1,2.4604,0.0000,აშშ დოლარი,8/8/2018,8/8/2018
CNY,10,3.5775,0.0000,ჩინური იუანი,8/7/2018,8/7/2018
RUB,100,3.8498,0.0000,რუსული რუბლი,8/7/2018,8/7/2018
USD,1,2.4500,0.0000,აშშ დოლარი,8/7/2018,8/7/2018
CNY,10,3.5655,0.0000,ჩინური იუანი,8/6/2018,8/6/2018
RUB,100,3.8593,0.0000,რუსული რუბლი,8/6/2018,8/6/2018
USD,1,2.4484,0.0000,აშშ დოლარი,8/6/2018,8/6/2018
CNY,10,3.5655,0.0000,ჩინური იუანი,8/5/2018,8/5/2018
RUB,100,3.8593,0.0000,რუსული რუბლი,8/5/2018,8/5/2018
USD,1,2.4484,0.0000,აშშ დოლარი,8/5/2018,8/5/2018
CNY,10,3.5655,0.0000,ჩინური იუანი,8/4/2018,8/4/2018
RUB,100,3.8593,0.0000,რუსული რუბლი,8/4/2018,8/4/2018
USD,1,2.4484,0.0000,აშშ დოლარი,8/4/2018,8/4/2018
CNY,10,3.5777,0.0000,ჩინური იუანი,8/3/2018,8/3/2018
RUB,100,3.8660,0.0000,რუსული რუბლი,8/3/2018,8/3/2018
USD,1,2.4469,0.0000,აშშ დოლარი,8/3/2018,8/3/2018
CNY,10,3.6015,0.0000,ჩინური იუანი,8/2/2018,8/2/2018
RUB,100,3.9056,0.0000,რუსული რუბლი,8/2/2018,8/2/2018
USD,1,2.4482,0.0000,აშშ დოლარი,8/2/2018,8/2/2018
CNY,10,3.5829,0.0000,ჩინური იუანი,8/1/2018,8/1/2018
RUB,100,3.9226,0.0000,რუსული რუბლი,8/1/2018,8/1/2018
USD,1,2.4484,0.0000,აშშ დოლარი,8/1/2018,8/1/2018
CNY,10,3.5876,0.0000,ჩინური იუანი,7/31/2018,7/31/2018
RUB,100,3.9028,0.0000,რუსული რუბლი,7/31/2018,7/31/2018
USD,1,2.4474,0.0000,აშშ დოლარი,7/31/2018,7/31/2018
CNY,10,3.5841,0.0000,ჩინური იუანი,7/30/2018,7/30/2018
RUB,100,3.8874,0.0000,რუსული რუბლი,7/30/2018,7/30/2018
USD,1,2.4490,0.0000,აშშ დოლარი,7/30/2018,7/30/2018
CNY,10,3.5841,0.0000,ჩინური იუანი,7/29/2018,7/29/2018
RUB,100,3.8874,0.0000,რუსული რუბლი,7/29/2018,7/29/2018
USD,1,2.4490,0.0000,აშშ დოლარი,7/29/2018,7/29/2018
CNY,10,3.5841,0.0000,ჩინური იუანი,7/28/2018,7/28/2018
RUB,100,3.8874,0.0000,რუსული რუბლი,7/28/2018,7/28/2018
USD,1,2.4490,0.0000,აშშ დოლარი,7/28/2018,7/28/2018
CNY,10,3.6171,0.0000,ჩინური იუანი,7/27/2018,7/27/2018
RUB,100,3.8932,0.0000,რუსული რუბლი,7/27/2018,7/27/2018
USD,1,2.4526,0.0000,აშშ დოლარი,7/27/2018,7/27/2018
CNY,10,3.6216,0.0000,ჩინური იუანი,7/26/2018,7/26/2018
RUB,100,3.8919,0.0000,რუსული რუბლი,7/26/2018,7/26/2018
USD,1,2.4492,0.0000,აშშ დოლარი,7/26/2018,7/26/2018
CNY,10,3.5987,0.0000,ჩინური იუანი,7/25/2018,7/25/2018
RUB,100,3.9011,0.0000,რუსული რუბლი,7/25/2018,7/25/2018
USD,1,2.4476,0.0000,აშშ დოლარი,7/25/2018,7/25/2018
CNY,10,3.6005,0.0000,ჩინური იუანი,7/24/2018,7/24/2018
RUB,100,3.8789,0.0000,რუსული რუბლი,7/24/2018,7/24/2018
USD,1,2.4454,0.0000,აშშ დოლარი,7/24/2018,7/24/2018
CNY,10,3.5949,0.0000,ჩინური იუანი,7/23/2018,7/23/2018
RUB,100,3.8430,0.0000,რუსული რუბლი,7/23/2018,7/23/2018
USD,1,2.4417,0.0000,აშშ დოლარი,7/23/2018,7/23/2018
CNY,10,3.5949,0.0000,ჩინური იუანი,7/22/2018,7/22/2018
RUB,100,3.8430,0.0000,რუსული რუბლი,7/22/2018,7/22/2018
USD,1,2.4417,0.0000,აშშ დოლარი,7/22/2018,7/22/2018
CNY,10,3.5949,0.0000,ჩინური იუანი,7/21/2018,7/21/2018
RUB,100,3.8430,0.0000,რუსული რუბლი,7/21/2018,7/21/2018
USD,1,2.4417,0.0000,აშშ დოლარი,7/21/2018,7/21/2018
CNY,10,3.6151,0.0000,ჩინური იუანი,7/20/2018,7/20/2018
RUB,100,3.8570,0.0000,რუსული რუბლი,7/20/2018,7/20/2018
USD,1,2.4503,0.0000,აშშ დოლარი,7/20/2018,7/20/2018
CNY,10,3.6530,0.0000,ჩინური იუანი,7/19/2018,7/19/2018
RUB,100,3.8927,0.0000,რუსული რუბლი,7/19/2018,7/19/2018
USD,1,2.4546,0.0000,აშშ დოლარი,7/19/2018,7/19/2018
CNY,10,3.6615,0.0000,ჩინური იუანი,7/18/2018,7/18/2018
RUB,100,3.9137,0.0000,რუსული რუბლი,7/18/2018,7/18/2018
USD,1,2.4488,0.0000,აშშ დოლარი,7/18/2018,7/18/2018
CNY,10,3.6663,0.0000,ჩინური იუანი,7/17/2018,7/17/2018
RUB,100,3.9322,0.0000,რუსული რუბლი,7/17/2018,7/17/2018
USD,1,2.4479,0.0000,აშშ დოლარი,7/17/2018,7/17/2018
CNY,10,3.6542,0.0000,ჩინური იუანი,7/16/2018,7/16/2018
RUB,100,3.9292,0.0000,რუსული რუბლი,7/16/2018,7/16/2018
USD,1,2.4478,0.0000,აშშ დოლარი,7/16/2018,7/16/2018
CNY,10,3.6542,0.0000,ჩინური იუანი,7/15/2018,7/15/2018
RUB,100,3.9292,0.0000,რუსული რუბლი,7/15/2018,7/15/2018
USD,1,2.4478,0.0000,აშშ დოლარი,7/15/2018,7/15/2018
CNY,10,3.6542,0.0000,ჩინური იუანი,7/14/2018,7/14/2018
RUB,100,3.9292,0.0000,რუსული რუბლი,7/14/2018,7/14/2018
USD,1,2.4478,0.0000,აშშ დოლარი,7/14/2018,7/14/2018
CNY,10,3.6596,0.0000,ჩინური იუანი,7/13/2018,7/13/2018
RUB,100,3.9291,0.0000,რუსული რუბლი,7/13/2018,7/13/2018
USD,1,2.4401,0.0000,აშშ დოლარი,7/13/2018,7/13/2018
CNY,10,3.6555,0.0000,ჩინური იუანი,7/12/2018,7/12/2018
RUB,100,3.9329,0.0000,რუსული რუბლი,7/12/2018,7/12/2018
USD,1,2.4403,0.0000,აშშ დოლარი,7/12/2018,7/12/2018
CNY,10,3.6812,0.0000,ჩინური იუანი,7/11/2018,7/11/2018
RUB,100,3.9008,0.0000,რუსული რუბლი,7/11/2018,7/11/2018
USD,1,2.4422,0.0000,აშშ დოლარი,7/11/2018,7/11/2018
CNY,10,3.6949,0.0000,ჩინური იუანი,7/10/2018,7/10/2018
RUB,100,3.8945,0.0000,რუსული რუბლი,7/10/2018,7/10/2018
USD,1,2.4448,0.0000,აშშ დოლარი,7/10/2018,7/10/2018
CNY,10,3.6801,0.0000,ჩინური იუანი,7/9/2018,7/9/2018
RUB,100,3.8692,0.0000,რუსული რუბლი,7/9/2018,7/9/2018
USD,1,2.4460,0.0000,აშშ დოლარი,7/9/2018,7/9/2018
CNY,10,3.6801,0.0000,ჩინური იუანი,7/8/2018,7/8/2018
RUB,100,3.8692,0.0000,რუსული რუბლი,7/8/2018,7/8/2018
USD,1,2.4460,0.0000,აშშ დოლარი,7/8/2018,7/8/2018
CNY,10,3.6801,0.0000,ჩინური იუანი,7/7/2018,7/7/2018
RUB,100,3.8692,0.0000,რუსული რუბლი,7/7/2018,7/7/2018
USD,1,2.4460,0.0000,აშშ დოლარი,7/7/2018,7/7/2018
CNY,10,3.6871,0.0000,ჩინური იუანი,7/6/2018,7/6/2018
RUB,100,3.8711,0.0000,რუსული რუბლი,7/6/2018,7/6/2018
USD,1,2.4475,0.0000,აშშ დოლარი,7/6/2018,7/6/2018
CNY,10,3.6890,0.0000,ჩინური იუანი,7/5/2018,7/5/2018
RUB,100,3.8684,0.0000,რუსული რუბლი,7/5/2018,7/5/2018
USD,1,2.4474,0.0000,აშშ დოლარი,7/5/2018,7/5/2018
CNY,10,3.6750,0.0000,ჩინური იუანი,7/4/2018,7/4/2018
RUB,100,3.8664,0.0000,რუსული რუბლი,7/4/2018,7/4/2018
USD,1,2.4441,0.0000,აშშ დოლარი,7/4/2018,7/4/2018
CNY,10,3.6727,0.0000,ჩინური იუანი,7/3/2018,7/3/2018
RUB,100,3.8757,0.0000,რუსული რუბლი,7/3/2018,7/3/2018
USD,1,2.4469,0.0000,აშშ დოლარი,7/3/2018,7/3/2018
CNY,10,3.7010,0.0000,ჩინური იუანი,7/2/2018,7/2/2018
RUB,100,3.9019,0.0000,რუსული რუბლი,7/2/2018,7/2/2018
USD,1,2.4516,0.0000,აშშ დოლარი,7/2/2018,7/2/2018
CNY,10,3.7010,0.0000,ჩინური იუანი,7/1/2018,7/1/2018
RUB,100,3.9019,0.0000,რუსული რუბლი,7/1/2018,7/1/2018
USD,1,2.4516,0.0000,აშშ დოლარი,7/1/2018,7/1/2018
CNY,10,3.7010,0.0000,ჩინური იუანი,6/30/2018,6/30/2018
RUB,100,3.9019,0.0000,რუსული რუბლი,6/30/2018,6/30/2018
USD,1,2.4516,0.0000,აშშ დოლარი,6/30/2018,6/30/2018
CNY,10,3.7051,0.0000,ჩინური იუანი,6/29/2018,6/29/2018
RUB,100,3.8967,0.0000,რუსული რუბლი,6/29/2018,6/29/2018
USD,1,2.4535,0.0000,აშშ დოლარი,6/29/2018,6/29/2018
CNY,10,3.7183,0.0000,ჩინური იუანი,6/28/2018,6/28/2018
RUB,100,3.8797,0.0000,რუსული რუბლი,6/28/2018,6/28/2018
USD,1,2.4553,0.0000,აშშ დოლარი,6/28/2018,6/28/2018
CNY,10,3.7352,0.0000,ჩინური იუანი,6/27/2018,6/27/2018
RUB,100,3.8999,0.0000,რუსული რუბლი,6/27/2018,6/27/2018
USD,1,2.4559,0.0000,აშშ დოლარი,6/27/2018,6/27/2018
CNY,10,3.7500,0.0000,ჩინური იუანი,6/26/2018,6/26/2018
RUB,100,3.8977,0.0000,რუსული რუბლი,6/26/2018,6/26/2018
USD,1,2.4531,0.0000,აშშ დოლარი,6/26/2018,6/26/2018
CNY,10,3.7825,0.0000,ჩინური იუანი,6/25/2018,6/25/2018
RUB,100,3.8955,0.0000,რუსული რუბლი,6/25/2018,6/25/2018
USD,1,2.4578,0.0000,აშშ დოლარი,6/25/2018,6/25/2018
CNY,10,3.7825,0.0000,ჩინური იუანი,6/24/2018,6/24/2018
RUB,100,3.8955,0.0000,რუსული რუბლი,6/24/2018,6/24/2018
USD,1,2.4578,0.0000,აშშ დოლარი,6/24/2018,6/24/2018
CNY,10,3.7825,0.0000,ჩინური იუანი,6/23/2018,6/23/2018
RUB,100,3.8955,0.0000,რუსული რუბლი,6/23/2018,6/23/2018
USD,1,2.4578,0.0000,აშშ დოლარი,6/23/2018,6/23/2018
CNY,10,3.7814,0.0000,ჩინური იუანი,6/22/2018,6/22/2018
RUB,100,3.8519,0.0000,რუსული რუბლი,6/22/2018,6/22/2018
USD,1,2.4579,0.0000,აშშ დოლარი,6/22/2018,6/22/2018
CNY,10,3.7961,0.0000,ჩინური იუანი,6/21/2018,6/21/2018
RUB,100,3.8647,0.0000,რუსული რუბლი,6/21/2018,6/21/2018
USD,1,2.4573,0.0000,აშშ დოლარი,6/21/2018,6/21/2018
CNY,10,3.7924,0.0000,ჩინური იუანი,6/20/2018,6/20/2018
RUB,100,3.8355,0.0000,რუსული რუბლი,6/20/2018,6/20/2018
USD,1,2.4561,0.0000,აშშ დოლარი,6/20/2018,6/20/2018
CNY,10,3.8185,0.0000,ჩინური იუანი,6/19/2018,6/19/2018
RUB,100,3.8785,0.0000,რუსული რუბლი,6/19/2018,6/19/2018
USD,1,2.4586,0.0000,აშშ დოლარი,6/19/2018,6/19/2018
CNY,10,3.8314,0.0000,ჩინური იუანი,6/18/2018,6/18/2018
RUB,100,3.9193,0.0000,რუსული რუბლი,6/18/2018,6/18/2018
USD,1,2.4602,0.0000,აშშ დოლარი,6/18/2018,6/18/2018
CNY,10,3.8314,0.0000,ჩინური იუანი,6/17/2018,6/17/2018
RUB,100,3.9193,0.0000,რუსული რუბლი,6/17/2018,6/17/2018
USD,1,2.4602,0.0000,აშშ დოლარი,6/17/2018,6/17/2018
CNY,10,3.8314,0.0000,ჩინური იუანი,6/16/2018,6/16/2018
RUB,100,3.9193,0.0000,რუსული რუბლი,6/16/2018,6/16/2018
USD,1,2.4602,0.0000,აშშ დოლარი,6/16/2018,6/16/2018
CNY,10,3.8529,0.0000,ჩინური იუანი,6/15/2018,6/15/2018
RUB,100,3.9574,0.0000,რუსული რუბლი,6/15/2018,6/15/2018
USD,1,2.4628,0.0000,აშშ დოლარი,6/15/2018,6/15/2018
CNY,10,3.8467,0.0000,ჩინური იუანი,6/14/2018,6/14/2018
RUB,100,3.9209,0.0000,რუსული რუბლი,6/14/2018,6/14/2018
USD,1,2.4623,0.0000,აშშ დოლარი,6/14/2018,6/14/2018
CNY,10,3.8363,0.0000,ჩინური იუანი,6/13/2018,6/13/2018
RUB,100,3.9125,0.0000,რუსული რუბლი,6/13/2018,6/13/2018
USD,1,2.4569,0.0000,აშშ დოლარი,6/13/2018,6/13/2018
CNY,10,3.8212,0.0000,ჩინური იუანი,6/12/2018,6/12/2018
RUB,100,3.9094,0.0000,რუსული რუბლი,6/12/2018,6/12/2018
USD,1,2.4473,0.0000,აშშ დოლარი,6/12/2018,6/12/2018
CNY,10,3.8271,0.0000,ჩინური იუანი,6/11/2018,6/11/2018
RUB,100,3.9029,0.0000,რუსული რუბლი,6/11/2018,6/11/2018
USD,1,2.4538,0.0000,აშშ დოლარი,6/11/2018,6/11/2018
CNY,10,3.8271,0.0000,ჩინური იუანი,6/10/2018,6/10/2018
RUB,100,3.9029,0.0000,რუსული რუბლი,6/10/2018,6/10/2018
USD,1,2.4538,0.0000,აშშ დოლარი,6/10/2018,6/10/2018
CNY,10,3.8271,0.0000,ჩინური იუანი,6/9/2018,6/9/2018
RUB,100,3.9029,0.0000,რუსული რუბლი,6/9/2018,6/9/2018
USD,1,2.4538,0.0000,აშშ დოლარი,6/9/2018,6/9/2018
CNY,10,3.8328,0.0000,ჩინური იუანი,6/8/2018,6/8/2018
RUB,100,3.9527,0.0000,რუსული რუბლი,6/8/2018,6/8/2018
USD,1,2.4506,0.0000,აშშ დოლარი,6/8/2018,6/8/2018
CNY,10,3.8256,0.0000,ჩინური იუანი,6/7/2018,6/7/2018
RUB,100,3.9474,0.0000,რუსული რუბლი,6/7/2018,6/7/2018
USD,1,2.4464,0.0000,აშშ დოლარი,6/7/2018,6/7/2018
CNY,10,3.8282,0.0000,ჩინური იუანი,6/6/2018,6/6/2018
RUB,100,3.9464,0.0000,რუსული რუბლი,6/6/2018,6/6/2018
USD,1,2.4511,0.0000,აშშ დოლარი,6/6/2018,6/6/2018
CNY,10,3.8347,0.0000,ჩინური იუანი,6/5/2018,6/5/2018
RUB,100,3.9656,0.0000,რუსული რუბლი,6/5/2018,6/5/2018
USD,1,2.4558,0.0000,აშშ დოლარი,6/5/2018,6/5/2018
CNY,10,3.8557,0.0000,ჩინური იუანი,6/4/2018,6/4/2018
RUB,100,3.9770,0.0000,რუსული რუბლი,6/4/2018,6/4/2018
USD,1,2.4735,0.0000,აშშ დოლარი,6/4/2018,6/4/2018
CNY,10,3.8557,0.0000,ჩინური იუანი,6/3/2018,6/3/2018
RUB,100,3.9770,0.0000,რუსული რუბლი,6/3/2018,6/3/2018
USD,1,2.4735,0.0000,აშშ დოლარი,6/3/2018,6/3/2018
CNY,10,3.8557,0.0000,ჩინური იუანი,6/2/2018,6/2/2018
RUB,100,3.9770,0.0000,რუსული რუბლი,6/2/2018,6/2/2018
USD,1,2.4735,0.0000,აშშ დოლარი,6/2/2018,6/2/2018
CNY,10,3.8497,0.0000,ჩინური იუანი,6/1/2018,6/1/2018
RUB,100,3.9731,0.0000,რუსული რუბლი,6/1/2018,6/1/2018
USD,1,2.4664,0.0000,აშშ დოლარი,6/1/2018,6/1/2018
CNY,10,3.8494,0.0000,ჩინური იუანი,5/31/2018,5/31/2018
RUB,100,3.9548,0.0000,რუსული რუბლი,5/31/2018,5/31/2018
USD,1,2.4719,0.0000,აშშ დოლარი,5/31/2018,5/31/2018
CNY,10,3.8507,0.0000,ჩინური იუანი,5/30/2018,5/30/2018
RUB,100,3.9422,0.0000,რუსული რუბლი,5/30/2018,5/30/2018
USD,1,2.4717,0.0000,აშშ დოლარი,5/30/2018,5/30/2018
CNY,10,3.8546,0.0000,ჩინური იუანი,5/29/2018,5/29/2018
RUB,100,3.9550,0.0000,რუსული რუბლი,5/29/2018,5/29/2018
USD,1,2.4663,0.0000,აშშ დოლარი,5/29/2018,5/29/2018
CNY,10,3.8836,0.0000,ჩინური იუანი,5/28/2018,5/28/2018
RUB,100,4.0050,0.0000,რუსული რუბლი,5/28/2018,5/28/2018
USD,1,2.4805,0.0000,აშშ დოლარი,5/28/2018,5/28/2018
CNY,10,3.8836,0.0000,ჩინური იუანი,5/27/2018,5/27/2018
RUB,100,4.0050,0.0000,რუსული რუბლი,5/27/2018,5/27/2018
USD,1,2.4805,0.0000,აშშ დოლარი,5/27/2018,5/27/2018
CNY,10,3.8836,0.0000,ჩინური იუანი,5/26/2018,5/26/2018
RUB,100,4.0050,0.0000,რუსული რუბლი,5/26/2018,5/26/2018
USD,1,2.4805,0.0000,აშშ დოლარი,5/26/2018,5/26/2018
CNY,10,3.8748,0.0000,ჩინური იუანი,5/25/2018,5/25/2018
RUB,100,4.0339,0.0000,რუსული რუბლი,5/25/2018,5/25/2018
USD,1,2.4734,0.0000,აშშ დოლარი,5/25/2018,5/25/2018
CNY,10,3.8346,0.0000,ჩინური იუანი,5/24/2018,5/24/2018
RUB,100,3.9712,0.0000,რუსული რუბლი,5/24/2018,5/24/2018
USD,1,2.4491,0.0000,აშშ დოლარი,5/24/2018,5/24/2018
CNY,10,3.8373,0.0000,ჩინური იუანი,5/23/2018,5/23/2018
RUB,100,3.9817,0.0000,რუსული რუბლი,5/23/2018,5/23/2018
USD,1,2.4438,0.0000,აშშ დოლარი,5/23/2018,5/23/2018
CNY,10,3.8152,0.0000,ჩინური იუანი,5/22/2018,5/22/2018
RUB,100,3.9179,0.0000,რუსული რუბლი,5/22/2018,5/22/2018
USD,1,2.4365,0.0000,აშშ დოლარი,5/22/2018,5/22/2018
CNY,10,3.8287,0.0000,ჩინური იუანი,5/21/2018,5/21/2018
RUB,100,3.9332,0.0000,რუსული რუბლი,5/21/2018,5/21/2018
USD,1,2.4423,0.0000,აშშ დოლარი,5/21/2018,5/21/2018
CNY,10,3.8287,0.0000,ჩინური იუანი,5/20/2018,5/20/2018
RUB,100,3.9332,0.0000,რუსული რუბლი,5/20/2018,5/20/2018
USD,1,2.4423,0.0000,აშშ დოლარი,5/20/2018,5/20/2018
CNY,10,3.8287,0.0000,ჩინური იუანი,5/19/2018,5/19/2018
RUB,100,3.9332,0.0000,რუსული რუბლი,5/19/2018,5/19/2018
USD,1,2.4423,0.0000,აშშ დოლარი,5/19/2018,5/19/2018
CNY,10,3.8309,0.0000,ჩინური იუანი,5/18/2018,5/18/2018
RUB,100,3.9369,0.0000,რუსული რუბლი,5/18/2018,5/18/2018
USD,1,2.4400,0.0000,აშშ დოლარი,5/18/2018,5/18/2018
CNY,10,3.8132,0.0000,ჩინური იუანი,5/17/2018,5/17/2018
RUB,100,3.8911,0.0000,რუსული რუბლი,5/17/2018,5/17/2018
USD,1,2.4315,0.0000,აშშ დოლარი,5/17/2018,5/17/2018
CNY,10,3.8292,0.0000,ჩინური იუანი,5/16/2018,5/16/2018
RUB,100,3.9292,0.0000,რუსული რუბლი,5/16/2018,5/16/2018
USD,1,2.4344,0.0000,აშშ დოლარი,5/16/2018,5/16/2018
CNY,10,3.8549,0.0000,ჩინური იუანი,5/15/2018,5/15/2018
RUB,100,3.9591,0.0000,რუსული რუბლი,5/15/2018,5/15/2018
USD,1,2.4434,0.0000,აშშ დოლარი,5/15/2018,5/15/2018
CNY,10,3.8683,0.0000,ჩინური იუანი,5/14/2018,5/14/2018
RUB,100,3.9741,0.0000,რუსული რუბლი,5/14/2018,5/14/2018
USD,1,2.4496,0.0000,აშშ დოლარი,5/14/2018,5/14/2018
CNY,10,3.8683,0.0000,ჩინური იუანი,5/13/2018,5/13/2018
RUB,100,3.9741,0.0000,რუსული რუბლი,5/13/2018,5/13/2018
USD,1,2.4496,0.0000,აშშ დოლარი,5/13/2018,5/13/2018
CNY,10,3.8683,0.0000,ჩინური იუანი,5/12/2018,5/12/2018
RUB,100,3.9741,0.0000,რუსული რუბლი,5/12/2018,5/12/2018
USD,1,2.4496,0.0000,აშშ დოლარი,5/12/2018,5/12/2018
CNY,10,3.8592,0.0000,ჩინური იუანი,5/11/2018,5/11/2018
RUB,100,3.9418,0.0000,რუსული რუბლი,5/11/2018,5/11/2018
USD,1,2.4505,0.0000,აშშ დოლარი,5/11/2018,5/11/2018
CNY,10,3.8469,0.0000,ჩინური იუანი,5/10/2018,5/10/2018
RUB,100,3.8756,0.0000,რუსული რუბლი,5/10/2018,5/10/2018
USD,1,2.4495,0.0000,აშშ დოლარი,5/10/2018,5/10/2018
CNY,10,3.8469,0.0000,ჩინური იუანი,5/9/2018,5/9/2018
RUB,100,3.8756,0.0000,რუსული რუბლი,5/9/2018,5/9/2018
USD,1,2.4495,0.0000,აშშ დოლარი,5/9/2018,5/9/2018
CNY,10,3.8511,0.0000,ჩინური იუანი,5/8/2018,5/8/2018
RUB,100,3.8948,0.0000,რუსული რუბლი,5/8/2018,5/8/2018
USD,1,2.4512,0.0000,აშშ დოლარი,5/8/2018,5/8/2018
CNY,10,3.8635,0.0000,ჩინური იუანი,5/7/2018,5/7/2018
RUB,100,3.8911,0.0000,რუსული რუბლი,5/7/2018,5/7/2018
USD,1,2.4577,0.0000,აშშ დოლარი,5/7/2018,5/7/2018
CNY,10,3.8635,0.0000,ჩინური იუანი,5/6/2018,5/6/2018
RUB,100,3.8911,0.0000,რუსული რუბლი,5/6/2018,5/6/2018
USD,1,2.4577,0.0000,აშშ დოლარი,5/6/2018,5/6/2018
CNY,10,3.8635,0.0000,ჩინური იუანი,5/5/2018,5/5/2018
RUB,100,3.8911,0.0000,რუსული რუბლი,5/5/2018,5/5/2018
USD,1,2.4577,0.0000,აშშ დოლარი,5/5/2018,5/5/2018
CNY,10,3.8764,0.0000,ჩინური იუანი,5/4/2018,5/4/2018
RUB,100,3.8807,0.0000,რუსული რუბლი,5/4/2018,5/4/2018
USD,1,2.4608,0.0000,აშშ დოლარი,5/4/2018,5/4/2018
CNY,10,3.8632,0.0000,ჩინური იუანი,5/3/2018,5/3/2018
RUB,100,3.8531,0.0000,რუსული რუბლი,5/3/2018,5/3/2018
USD,1,2.4563,0.0000,აშშ დოლარი,5/3/2018,5/3/2018
CNY,10,3.8773,0.0000,ჩინური იუანი,5/2/2018,5/2/2018
RUB,100,3.8694,0.0000,რუსული რუბლი,5/2/2018,5/2/2018
USD,1,2.4552,0.0000,აშშ დოლარი,5/2/2018,5/2/2018
CNY,10,3.8797,0.0000,ჩინური იუანი,5/1/2018,5/1/2018
RUB,100,3.9094,0.0000,რუსული რუბლი,5/1/2018,5/1/2018
USD,1,2.4570,0.0000,აშშ დოლარი,5/1/2018,5/1/2018
CNY,10,3.8840,0.0000,ჩინური იუანი,4/30/2018,4/30/2018
RUB,100,3.9379,0.0000,რუსული რუბლი,4/30/2018,4/30/2018
USD,1,2.4617,0.0000,აშშ დოლარი,4/30/2018,4/30/2018
CNY,10,3.8840,0.0000,ჩინური იუანი,4/29/2018,4/29/2018
RUB,100,3.9379,0.0000,რუსული რუბლი,4/29/2018,4/29/2018
USD,1,2.4617,0.0000,აშშ დოლარი,4/29/2018,4/29/2018
CNY,10,3.8840,0.0000,ჩინური იუანი,4/28/2018,4/28/2018
RUB,100,3.9379,0.0000,რუსული რუბლი,4/28/2018,4/28/2018
USD,1,2.4617,0.0000,აშშ დოლარი,4/28/2018,4/28/2018
CNY,10,3.8959,0.0000,ჩინური იუანი,4/27/2018,4/27/2018
RUB,100,3.9209,0.0000,რუსული რუბლი,4/27/2018,4/27/2018
USD,1,2.4640,0.0000,აშშ დოლარი,4/27/2018,4/27/2018
CNY,10,3.9214,0.0000,ჩინური იუანი,4/26/2018,4/26/2018
RUB,100,4.0102,0.0000,რუსული რუბლი,4/26/2018,4/26/2018
USD,1,2.4787,0.0000,აშშ დოლარი,4/26/2018,4/26/2018
CNY,10,3.9316,0.0000,ჩინური იუანი,4/25/2018,4/25/2018
RUB,100,4.0254,0.0000,რუსული რუბლი,4/25/2018,4/25/2018
USD,1,2.4791,0.0000,აშშ დოლარი,4/25/2018,4/25/2018
CNY,10,3.8822,0.0000,ჩინური იუანი,4/24/2018,4/24/2018
RUB,100,3.9406,0.0000,რუსული რუბლი,4/24/2018,4/24/2018
USD,1,2.4488,0.0000,აშშ დოლარი,4/24/2018,4/24/2018
CNY,10,3.8776,0.0000,ჩინური იუანი,4/23/2018,4/23/2018
RUB,100,3.9729,0.0000,რუსული რუბლი,4/23/2018,4/23/2018
USD,1,2.4402,0.0000,აშშ დოლარი,4/23/2018,4/23/2018
CNY,10,3.8776,0.0000,ჩინური იუანი,4/22/2018,4/22/2018
RUB,100,3.9729,0.0000,რუსული რუბლი,4/22/2018,4/22/2018
USD,1,2.4402,0.0000,აშშ დოლარი,4/22/2018,4/22/2018
CNY,10,3.8776,0.0000,ჩინური იუანი,4/21/2018,4/21/2018
RUB,100,3.9729,0.0000,რუსული რუბლი,4/21/2018,4/21/2018
USD,1,2.4402,0.0000,აშშ დოლარი,4/21/2018,4/21/2018
CNY,10,3.8792,0.0000,ჩინური იუანი,4/20/2018,4/20/2018
RUB,100,3.9843,0.0000,რუსული რუბლი,4/20/2018,4/20/2018
USD,1,2.4351,0.0000,აშშ დოლარი,4/20/2018,4/20/2018
CNY,10,3.8630,0.0000,ჩინური იუანი,4/19/2018,4/19/2018
RUB,100,3.9387,0.0000,რუსული რუბლი,4/19/2018,4/19/2018
USD,1,2.4277,0.0000,აშშ დოლარი,4/19/2018,4/19/2018
CNY,10,3.8659,0.0000,ჩინური იუანი,4/18/2018,4/18/2018
RUB,100,3.9491,0.0000,რუსული რუბლი,4/18/2018,4/18/2018
USD,1,2.4292,0.0000,აშშ დოლარი,4/18/2018,4/18/2018
CNY,10,3.8457,0.0000,ჩინური იუანი,4/17/2018,4/17/2018
RUB,100,3.8982,0.0000,რუსული რუბლი,4/17/2018,4/17/2018
USD,1,2.4172,0.0000,აშშ დოლარი,4/17/2018,4/17/2018
CNY,10,3.8481,0.0000,ჩინური იუანი,4/16/2018,4/16/2018
RUB,100,3.9216,0.0000,რუსული რუბლი,4/16/2018,4/16/2018
USD,1,2.4162,0.0000,აშშ დოლარი,4/16/2018,4/16/2018
CNY,10,3.8481,0.0000,ჩინური იუანი,4/15/2018,4/15/2018
RUB,100,3.9216,0.0000,რუსული რუბლი,4/15/2018,4/15/2018
USD,1,2.4162,0.0000,აშშ დოლარი,4/15/2018,4/15/2018
CNY,10,3.8481,0.0000,ჩინური იუანი,4/14/2018,4/14/2018
RUB,100,3.9216,0.0000,რუსული რუბლი,4/14/2018,4/14/2018
USD,1,2.4162,0.0000,აშშ დოლარი,4/14/2018,4/14/2018
CNY,10,3.8296,0.0000,ჩინური იუანი,4/13/2018,4/13/2018
RUB,100,3.9015,0.0000,რუსული რუბლი,4/13/2018,4/13/2018
USD,1,2.4070,0.0000,აშშ დოლარი,4/13/2018,4/13/2018
CNY,10,3.8192,0.0000,ჩინური იუანი,4/12/2018,4/12/2018
RUB,100,3.7483,0.0000,რუსული რუბლი,4/12/2018,4/12/2018
USD,1,2.4008,0.0000,აშშ დოლარი,4/12/2018,4/12/2018
CNY,10,3.8190,0.0000,ჩინური იუანი,4/11/2018,4/11/2018
RUB,100,3.7977,0.0000,რუსული რუბლი,4/11/2018,4/11/2018
USD,1,2.4037,0.0000,აშშ დოლარი,4/11/2018,4/11/2018
CNY,10,3.8093,0.0000,ჩინური იუანი,4/10/2018,4/10/2018
RUB,100,4.1707,0.0000,რუსული რუბლი,4/10/2018,4/10/2018
USD,1,2.4011,0.0000,აშშ დოლარი,4/10/2018,4/10/2018
CNY,10,3.8093,0.0000,ჩინური იუანი,4/9/2018,4/9/2018
RUB,100,4.1707,0.0000,რუსული რუბლი,4/9/2018,4/9/2018
USD,1,2.4011,0.0000,აშშ დოლარი,4/9/2018,4/9/2018
CNY,10,3.8093,0.0000,ჩინური იუანი,4/8/2018,4/8/2018
RUB,100,4.1707,0.0000,რუსული რუბლი,4/8/2018,4/8/2018
USD,1,2.4011,0.0000,აშშ დოლარი,4/8/2018,4/8/2018
CNY,10,3.8093,0.0000,ჩინური იუანი,4/7/2018,4/7/2018
RUB,100,4.1707,0.0000,რუსული რუბლი,4/7/2018,4/7/2018
USD,1,2.4011,0.0000,აშშ დოლარი,4/7/2018,4/7/2018
CNY,10,3.8093,0.0000,ჩინური იუანი,4/6/2018,4/6/2018
RUB,100,4.1707,0.0000,რუსული რუბლი,4/6/2018,4/6/2018
USD,1,2.4011,0.0000,აშშ დოლარი,4/6/2018,4/6/2018
CNY,10,3.7914,0.0000,ჩინური იუანი,4/5/2018,4/5/2018
RUB,100,4.1333,0.0000,რუსული რუბლი,4/5/2018,4/5/2018
USD,1,2.3912,0.0000,აშშ დოლარი,4/5/2018,4/5/2018
CNY,10,3.8079,0.0000,ჩინური იუანი,4/4/2018,4/4/2018
RUB,100,4.1553,0.0000,რუსული რუბლი,4/4/2018,4/4/2018
USD,1,2.3929,0.0000,აშშ დოლარი,4/4/2018,4/4/2018
CNY,10,3.8280,0.0000,ჩინური იუანი,4/3/2018,4/3/2018
RUB,100,4.1921,0.0000,რუსული რუბლი,4/3/2018,4/3/2018
USD,1,2.4052,0.0000,აშშ დოლარი,4/3/2018,4/3/2018
CNY,10,3.8473,0.0000,ჩინური იუანი,4/2/2018,4/2/2018
RUB,100,4.2081,0.0000,რუსული რუბლი,4/2/2018,4/2/2018
USD,1,2.4144,0.0000,აშშ დოლარი,4/2/2018,4/2/2018
CNY,10,3.8473,0.0000,ჩინური იუანი,4/1/2018,4/1/2018
RUB,100,4.2081,0.0000,რუსული რუბლი,4/1/2018,4/1/2018
USD,1,2.4144,0.0000,აშშ დოლარი,4/1/2018,4/1/2018
CNY,10,3.8473,0.0000,ჩინური იუანი,3/31/2018,3/31/2018
RUB,100,4.2081,0.0000,რუსული რუბლი,3/31/2018,3/31/2018
USD,1,2.4144,0.0000,აშშ დოლარი,3/31/2018,3/31/2018
CNY,10,3.8585,0.0000,ჩინური იუანი,3/30/2018,3/30/2018
RUB,100,4.2091,0.0000,რუსული რუბლი,3/30/2018,3/30/2018
USD,1,2.4263,0.0000,აშშ დოლარი,3/30/2018,3/30/2018
CNY,10,3.8566,0.0000,ჩინური იუანი,3/29/2018,3/29/2018
RUB,100,4.2154,0.0000,რუსული რუბლი,3/29/2018,3/29/2018
USD,1,2.4272,0.0000,აშშ დოლარი,3/29/2018,3/29/2018
CNY,10,3.8625,0.0000,ჩინური იუანი,3/28/2018,3/28/2018
RUB,100,4.2447,0.0000,რუსული რუბლი,3/28/2018,3/28/2018
USD,1,2.4266,0.0000,აშშ დოლარი,3/28/2018,3/28/2018
CNY,10,3.8694,0.0000,ჩინური იუანი,3/27/2018,3/27/2018
RUB,100,4.2704,0.0000,რუსული რუბლი,3/27/2018,3/27/2018
USD,1,2.4298,0.0000,აშშ დოლარი,3/27/2018,3/27/2018
CNY,10,3.8450,0.0000,ჩინური იუანი,3/26/2018,3/26/2018
RUB,100,4.2485,0.0000,რუსული რუბლი,3/26/2018,3/26/2018
USD,1,2.4314,0.0000,აშშ დოლარი,3/26/2018,3/26/2018
CNY,10,3.8450,0.0000,ჩინური იუანი,3/25/2018,3/25/2018
RUB,100,4.2485,0.0000,რუსული რუბლი,3/25/2018,3/25/2018
USD,1,2.4314,0.0000,აშშ დოლარი,3/25/2018,3/25/2018
CNY,10,3.8450,0.0000,ჩინური იუანი,3/24/2018,3/24/2018
RUB,100,4.2485,0.0000,რუსული რუბლი,3/24/2018,3/24/2018
USD,1,2.4314,0.0000,აშშ დოლარი,3/24/2018,3/24/2018
CNY,10,3.8461,0.0000,ჩინური იუანი,3/23/2018,3/23/2018
RUB,100,4.2791,0.0000,რუსული რუბლი,3/23/2018,3/23/2018
USD,1,2.4356,0.0000,აშშ დოლარი,3/23/2018,3/23/2018
CNY,10,3.8419,0.0000,ჩინური იუანი,3/22/2018,3/22/2018
RUB,100,4.2302,0.0000,რუსული რუბლი,3/22/2018,3/22/2018
USD,1,2.4320,0.0000,აშშ დოლარი,3/22/2018,3/22/2018
CNY,10,3.8515,0.0000,ჩინური იუანი,3/21/2018,3/21/2018
RUB,100,4.2160,0.0000,რუსული რუბლი,3/21/2018,3/21/2018
USD,1,2.4383,0.0000,აშშ დოლარი,3/21/2018,3/21/2018
CNY,10,3.8535,0.0000,ჩინური იუანი,3/20/2018,3/20/2018
RUB,100,4.2328,0.0000,რუსული რუბლი,3/20/2018,3/20/2018
USD,1,2.4401,0.0000,აშშ დოლარი,3/20/2018,3/20/2018
CNY,10,3.8664,0.0000,ჩინური იუანი,3/19/2018,3/19/2018
RUB,100,4.2479,0.0000,რუსული რუბლი,3/19/2018,3/19/2018
USD,1,2.4457,0.0000,აშშ დოლარი,3/19/2018,3/19/2018
CNY,10,3.8664,0.0000,ჩინური იუანი,3/18/2018,3/18/2018
RUB,100,4.2479,0.0000,რუსული რუბლი,3/18/2018,3/18/2018
USD,1,2.4457,0.0000,აშშ დოლარი,3/18/2018,3/18/2018
CNY,10,3.8664,0.0000,ჩინური იუანი,3/17/2018,3/17/2018
RUB,100,4.2479,0.0000,რუსული რუბლი,3/17/2018,3/17/2018
USD,1,2.4457,0.0000,აშშ დოლარი,3/17/2018,3/17/2018
CNY,10,3.8680,0.0000,ჩინური იუანი,3/16/2018,3/16/2018
RUB,100,4.2759,0.0000,რუსული რუბლი,3/16/2018,3/16/2018
USD,1,2.4438,0.0000,აშშ დოლარი,3/16/2018,3/16/2018
CNY,10,3.8628,0.0000,ჩინური იუანი,3/15/2018,3/15/2018
RUB,100,4.2896,0.0000,რუსული რუბლი,3/15/2018,3/15/2018
USD,1,2.4394,0.0000,აშშ დოლარი,3/15/2018,3/15/2018
CNY,10,3.8567,0.0000,ჩინური იუანი,3/14/2018,3/14/2018
RUB,100,4.2866,0.0000,რუსული რუბლი,3/14/2018,3/14/2018
USD,1,2.4400,0.0000,აშშ დოლარი,3/14/2018,3/14/2018
CNY,10,3.8447,0.0000,ჩინური იუანი,3/13/2018,3/13/2018
RUB,100,4.2803,0.0000,რუსული რუბლი,3/13/2018,3/13/2018
USD,1,2.4328,0.0000,აშშ დოლარი,3/13/2018,3/13/2018
CNY,10,3.8612,0.0000,ჩინური იუანი,3/12/2018,3/12/2018
RUB,100,4.2920,0.0000,რუსული რუბლი,3/12/2018,3/12/2018
USD,1,2.4462,0.0000,აშშ დოლარი,3/12/2018,3/12/2018
CNY,10,3.8612,0.0000,ჩინური იუანი,3/11/2018,3/11/2018
RUB,100,4.2920,0.0000,რუსული რუბლი,3/11/2018,3/11/2018
USD,1,2.4462,0.0000,აშშ დოლარი,3/11/2018,3/11/2018
CNY,10,3.8612,0.0000,ჩინური იუანი,3/10/2018,3/10/2018
RUB,100,4.2920,0.0000,რუსული რუბლი,3/10/2018,3/10/2018
USD,1,2.4462,0.0000,აშშ დოლარი,3/10/2018,3/10/2018
CNY,10,3.8708,0.0000,ჩინური იუანი,3/9/2018,3/9/2018
RUB,100,4.3018,0.0000,რუსული რუბლი,3/9/2018,3/9/2018
USD,1,2.4462,0.0000,აშშ დოლარი,3/9/2018,3/9/2018
CNY,10,3.8708,0.0000,ჩინური იუანი,3/8/2018,3/8/2018
RUB,100,4.3018,0.0000,რუსული რუბლი,3/8/2018,3/8/2018
USD,1,2.4462,0.0000,აშშ დოლარი,3/8/2018,3/8/2018
CNY,10,3.8566,0.0000,ჩინური იუანი,3/7/2018,3/7/2018
RUB,100,4.3328,0.0000,რუსული რუბლი,3/7/2018,3/7/2018
USD,1,2.4459,0.0000,აშშ დოლარი,3/7/2018,3/7/2018
CNY,10,3.8779,0.0000,ჩინური იუანი,3/6/2018,3/6/2018
RUB,100,4.3112,0.0000,რუსული რუბლი,3/6/2018,3/6/2018
USD,1,2.4585,0.0000,აშშ დოლარი,3/6/2018,3/6/2018
CNY,10,3.8816,0.0000,ჩინური იუანი,3/5/2018,3/5/2018
RUB,100,4.3429,0.0000,რუსული რუბლი,3/5/2018,3/5/2018
USD,1,2.4634,0.0000,აშშ დოლარი,3/5/2018,3/5/2018
CNY,10,3.8816,0.0000,ჩინური იუანი,3/4/2018,3/4/2018
RUB,100,4.3429,0.0000,რუსული რუბლი,3/4/2018,3/4/2018
USD,1,2.4634,0.0000,აშშ დოლარი,3/4/2018,3/4/2018
CNY,10,3.8816,0.0000,ჩინური იუანი,3/3/2018,3/3/2018
RUB,100,4.3429,0.0000,რუსული რუბლი,3/3/2018,3/3/2018
USD,1,2.4634,0.0000,აშშ დოლარი,3/3/2018,3/3/2018
CNY,10,3.8831,0.0000,ჩინური იუანი,3/2/2018,3/2/2018
RUB,100,4.3425,0.0000,რუსული რუბლი,3/2/2018,3/2/2018
USD,1,2.4649,0.0000,აშშ დოლარი,3/2/2018,3/2/2018
CNY,10,3.9028,0.0000,ჩინური იუანი,3/1/2018,3/1/2018
RUB,100,4.3876,0.0000,რუსული რუბლი,3/1/2018,3/1/2018
USD,1,2.4692,0.0000,აშშ დოლარი,3/1/2018,3/1/2018
CNY,10,3.9280,0.0000,ჩინური იუანი,2/28/2018,2/28/2018
RUB,100,4.4378,0.0000,რუსული რუბლი,2/28/2018,2/28/2018
USD,1,2.4795,0.0000,აშშ დოლარი,2/28/2018,2/28/2018
CNY,10,3.9265,0.0000,ჩინური იუანი,2/27/2018,2/27/2018
RUB,100,4.4274,0.0000,რუსული რუბლი,2/27/2018,2/27/2018
USD,1,2.4763,0.0000,აშშ დოლარი,2/27/2018,2/27/2018
CNY,10,3.8942,0.0000,ჩინური იუანი,2/26/2018,2/26/2018
RUB,100,4.3763,0.0000,რუსული რუბლი,2/26/2018,2/26/2018
USD,1,2.4671,0.0000,აშშ დოლარი,2/26/2018,2/26/2018
CNY,10,3.8942,0.0000,ჩინური იუანი,2/25/2018,2/25/2018
RUB,100,4.3763,0.0000,რუსული რუბლი,2/25/2018,2/25/2018
USD,1,2.4671,0.0000,აშშ დოლარი,2/25/2018,2/25/2018
CNY,10,3.8942,0.0000,ჩინური იუანი,2/24/2018,2/24/2018
RUB,100,4.3763,0.0000,რუსული რუბლი,2/24/2018,2/24/2018
USD,1,2.4671,0.0000,აშშ დოლარი,2/24/2018,2/24/2018
CNY,10,3.8782,0.0000,ჩინური იუანი,2/23/2018,2/23/2018
RUB,100,4.3466,0.0000,რუსული რუბლი,2/23/2018,2/23/2018
USD,1,2.4669,0.0000,აშშ დოლარი,2/23/2018,2/23/2018
CNY,10,3.8924,0.0000,ჩინური იუანი,2/22/2018,2/22/2018
RUB,100,4.3637,0.0000,რუსული რუბლი,2/22/2018,2/22/2018
USD,1,2.4686,0.0000,აშშ დოლარი,2/22/2018,2/22/2018
CNY,10,3.9055,0.0000,ჩინური იუანი,2/21/2018,2/21/2018
RUB,100,4.3679,0.0000,რუსული რუბლი,2/21/2018,2/21/2018
USD,1,2.4767,0.0000,აშშ დოლარი,2/21/2018,2/21/2018
CNY,10,3.8852,0.0000,ჩინური იუანი,2/20/2018,2/20/2018
RUB,100,4.3690,0.0000,რუსული რუბლი,2/20/2018,2/20/2018
USD,1,2.4638,0.0000,აშშ დოლარი,2/20/2018,2/20/2018
CNY,10,3.8857,0.0000,ჩინური იუანი,2/19/2018,2/19/2018
RUB,100,4.3669,0.0000,რუსული რუბლი,2/19/2018,2/19/2018
USD,1,2.4641,0.0000,აშშ დოლარი,2/19/2018,2/19/2018
CNY,10,3.8857,0.0000,ჩინური იუანი,2/18/2018,2/18/2018
RUB,100,4.3669,0.0000,რუსული რუბლი,2/18/2018,2/18/2018
USD,1,2.4641,0.0000,აშშ დოლარი,2/18/2018,2/18/2018
CNY,10,3.8857,0.0000,ჩინური იუანი,2/17/2018,2/17/2018
RUB,100,4.3669,0.0000,რუსული რუბლი,2/17/2018,2/17/2018
USD,1,2.4641,0.0000,აშშ დოლარი,2/17/2018,2/17/2018
CNY,10,3.8779,0.0000,ჩინური იუანი,2/16/2018,2/16/2018
RUB,100,4.3332,0.0000,რუსული რუბლი,2/16/2018,2/16/2018
USD,1,2.4592,0.0000,აშშ დოლარი,2/16/2018,2/16/2018
CNY,10,3.8585,0.0000,ჩინური იუანი,2/15/2018,2/15/2018
RUB,100,4.2624,0.0000,რუსული რუბლი,2/15/2018,2/15/2018
USD,1,2.4480,0.0000,აშშ დოლარი,2/15/2018,2/15/2018
CNY,10,3.8498,0.0000,ჩინური იუანი,2/14/2018,2/14/2018
RUB,100,4.2305,0.0000,რუსული რუბლი,2/14/2018,2/14/2018
USD,1,2.4427,0.0000,აშშ დოლარი,2/14/2018,2/14/2018
CNY,10,3.8694,0.0000,ჩინური იუანი,2/13/2018,2/13/2018
RUB,100,4.2254,0.0000,რუსული რუბლი,2/13/2018,2/13/2018
USD,1,2.4488,0.0000,აშშ დოლარი,2/13/2018,2/13/2018
CNY,10,3.8873,0.0000,ჩინური იუანი,2/12/2018,2/12/2018
RUB,100,4.2257,0.0000,რუსული რუბლი,2/12/2018,2/12/2018
USD,1,2.4501,0.0000,აშშ დოლარი,2/12/2018,2/12/2018
CNY,10,3.8873,0.0000,ჩინური იუანი,2/11/2018,2/11/2018
RUB,100,4.2257,0.0000,რუსული რუბლი,2/11/2018,2/11/2018
USD,1,2.4501,0.0000,აშშ დოლარი,2/11/2018,2/11/2018
CNY,10,3.8873,0.0000,ჩინური იუანი,2/10/2018,2/10/2018
RUB,100,4.2257,0.0000,რუსული რუბლი,2/10/2018,2/10/2018
USD,1,2.4501,0.0000,აშშ დოლარი,2/10/2018,2/10/2018
CNY,10,3.8926,0.0000,ჩინური იუანი,2/9/2018,2/9/2018
RUB,100,4.2547,0.0000,რუსული რუბლი,2/9/2018,2/9/2018
USD,1,2.4621,0.0000,აშშ დოლარი,2/9/2018,2/9/2018
CNY,10,3.9375,0.0000,ჩინური იუანი,2/8/2018,2/8/2018
RUB,100,4.3145,0.0000,რუსული რუბლი,2/8/2018,2/8/2018
USD,1,2.4681,0.0000,აშშ დოლარი,2/8/2018,2/8/2018
CNY,10,3.9342,0.0000,ჩინური იუანი,2/7/2018,2/7/2018
RUB,100,4.3212,0.0000,რუსული რუბლი,2/7/2018,2/7/2018
USD,1,2.4691,0.0000,აშშ დოლარი,2/7/2018,2/7/2018
CNY,10,3.9169,0.0000,ჩინური იუანი,2/6/2018,2/6/2018
RUB,100,4.3533,0.0000,რუსული რუბლი,2/6/2018,2/6/2018
USD,1,2.4637,0.0000,აშშ დოლარი,2/6/2018,2/6/2018
CNY,10,3.9186,0.0000,ჩინური იუანი,2/5/2018,2/5/2018
RUB,100,4.3768,0.0000,რუსული რუბლი,2/5/2018,2/5/2018
USD,1,2.4638,0.0000,აშშ დოლარი,2/5/2018,2/5/2018
CNY,10,3.9186,0.0000,ჩინური იუანი,2/4/2018,2/4/2018
RUB,100,4.3768,0.0000,რუსული რუბლი,2/4/2018,2/4/2018
USD,1,2.4638,0.0000,აშშ დოლარი,2/4/2018,2/4/2018
CNY,10,3.9186,0.0000,ჩინური იუანი,2/3/2018,2/3/2018
RUB,100,4.3768,0.0000,რუსული რუბლი,2/3/2018,2/3/2018
USD,1,2.4638,0.0000,აშშ დოლარი,2/3/2018,2/3/2018
CNY,10,3.9315,0.0000,ჩინური იუანი,2/2/2018,2/2/2018
RUB,100,4.3994,0.0000,რუსული რუბლი,2/2/2018,2/2/2018
USD,1,2.4749,0.0000,აშშ დოლარი,2/2/2018,2/2/2018
CNY,10,3.9700,0.0000,ჩინური იუანი,2/1/2018,2/1/2018
RUB,100,4.4384,0.0000,რუსული რუბლი,2/1/2018,2/1/2018
USD,1,2.4962,0.0000,აშშ დოლარი,2/1/2018,2/1/2018
CNY,10,3.9464,0.0000,ჩინური იუანი,1/31/2018,1/31/2018
RUB,100,4.4647,0.0000,რუსული რუბლი,1/31/2018,1/31/2018
USD,1,2.4969,0.0000,აშშ დოლარი,1/31/2018,1/31/2018
CNY,10,3.9432,0.0000,ჩინური იუანი,1/30/2018,1/30/2018
RUB,100,4.4331,0.0000,რუსული რუბლი,1/30/2018,1/30/2018
USD,1,2.4950,0.0000,აშშ დოლარი,1/30/2018,1/30/2018
CNY,10,3.8848,0.0000,ჩინური იუანი,1/29/2018,1/29/2018
RUB,100,4.4037,0.0000,რუსული რუბლი,1/29/2018,1/29/2018
USD,1,2.4578,0.0000,აშშ დოლარი,1/29/2018,1/29/2018
CNY,10,3.8848,0.0000,ჩინური იუანი,1/28/2018,1/28/2018
RUB,100,4.4037,0.0000,რუსული რუბლი,1/28/2018,1/28/2018
USD,1,2.4578,0.0000,აშშ დოლარი,1/28/2018,1/28/2018
CNY,10,3.8848,0.0000,ჩინური იუანი,1/27/2018,1/27/2018
RUB,100,4.4037,0.0000,რუსული რუბლი,1/27/2018,1/27/2018
USD,1,2.4578,0.0000,აშშ დოლარი,1/27/2018,1/27/2018
CNY,10,3.9512,0.0000,ჩინური იუანი,1/26/2018,1/26/2018
RUB,100,4.4820,0.0000,რუსული რუბლი,1/26/2018,1/26/2018
USD,1,2.4999,0.0000,აშშ დოლარი,1/26/2018,1/26/2018
CNY,10,3.9354,0.0000,ჩინური იუანი,1/25/2018,1/25/2018
RUB,100,4.4547,0.0000,რუსული რუბლი,1/25/2018,1/25/2018
USD,1,2.5098,0.0000,აშშ დოლარი,1/25/2018,1/25/2018
CNY,10,3.9212,0.0000,ჩინური იუანი,1/24/2018,1/24/2018
RUB,100,4.4451,0.0000,რუსული რუბლი,1/24/2018,1/24/2018
USD,1,2.5117,0.0000,აშშ დოლარი,1/24/2018,1/24/2018
CNY,10,3.9575,0.0000,ჩინური იუანი,1/23/2018,1/23/2018
RUB,100,4.4789,0.0000,რუსული რუბლი,1/23/2018,1/23/2018
USD,1,2.5340,0.0000,აშშ დოლარი,1/23/2018,1/23/2018
CNY,10,3.9586,0.0000,ჩინური იუანი,1/22/2018,1/22/2018
RUB,100,4.4825,0.0000,რუსული რუბლი,1/22/2018,1/22/2018
USD,1,2.5429,0.0000,აშშ დოლარი,1/22/2018,1/22/2018
CNY,10,3.9586,0.0000,ჩინური იუანი,1/21/2018,1/21/2018
RUB,100,4.4825,0.0000,რუსული რუბლი,1/21/2018,1/21/2018
USD,1,2.5429,0.0000,აშშ დოლარი,1/21/2018,1/21/2018
CNY,10,3.9586,0.0000,ჩინური იუანი,1/20/2018,1/20/2018
RUB,100,4.4825,0.0000,რუსული რუბლი,1/20/2018,1/20/2018
USD,1,2.5429,0.0000,აშშ დოლარი,1/20/2018,1/20/2018
CNY,10,3.9586,0.0000,ჩინური იუანი,1/19/2018,1/19/2018
RUB,100,4.4825,0.0000,რუსული რუბლი,1/19/2018,1/19/2018
USD,1,2.5429,0.0000,აშშ დოლარი,1/19/2018,1/19/2018
CNY,10,3.9566,0.0000,ჩინური იუანი,1/18/2018,1/18/2018
RUB,100,4.4951,0.0000,რუსული რუბლი,1/18/2018,1/18/2018
USD,1,2.5463,0.0000,აშშ დოლარი,1/18/2018,1/18/2018
CNY,10,3.9502,0.0000,ჩინური იუანი,1/17/2018,1/17/2018
RUB,100,4.5069,0.0000,რუსული რუბლი,1/17/2018,1/17/2018
USD,1,2.5451,0.0000,აშშ დოლარი,1/17/2018,1/17/2018
CNY,10,3.9527,0.0000,ჩინური იუანი,1/16/2018,1/16/2018
RUB,100,4.5034,0.0000,რუსული რუბლი,1/16/2018,1/16/2018
USD,1,2.5423,0.0000,აშშ დოლარი,1/16/2018,1/16/2018
CNY,10,3.9647,0.0000,ჩინური იუანი,1/15/2018,1/15/2018
RUB,100,4.5303,0.0000,რუსული რუბლი,1/15/2018,1/15/2018
USD,1,2.5616,0.0000,აშშ დოლარი,1/15/2018,1/15/2018
CNY,10,3.9647,0.0000,ჩინური იუანი,1/14/2018,1/14/2018
RUB,100,4.5303,0.0000,რუსული რუბლი,1/14/2018,1/14/2018
USD,1,2.5616,0.0000,აშშ დოლარი,1/14/2018,1/14/2018
CNY,10,3.9647,0.0000,ჩინური იუანი,1/13/2018,1/13/2018
RUB,100,4.5303,0.0000,რუსული რუბლი,1/13/2018,1/13/2018
USD,1,2.5616,0.0000,აშშ დოლარი,1/13/2018,1/13/2018
CNY,10,3.9439,0.0000,ჩინური იუანი,1/12/2018,1/12/2018
RUB,100,4.5016,0.0000,რუსული რუბლი,1/12/2018,1/12/2018
USD,1,2.5671,0.0000,აშშ დოლარი,1/12/2018,1/12/2018
CNY,10,3.9613,0.0000,ჩინური იუანი,1/11/2018,1/11/2018
RUB,100,4.5155,0.0000,რუსული რუბლი,1/11/2018,1/11/2018
USD,1,2.5778,0.0000,აშშ დოლარი,1/11/2018,1/11/2018
CNY,10,3.9530,0.0000,ჩინური იუანი,1/10/2018,1/10/2018
RUB,100,4.5243,0.0000,რუსული რუბლი,1/10/2018,1/10/2018
USD,1,2.5803,0.0000,აშშ დოლარი,1/10/2018,1/10/2018
CNY,10,3.9851,0.0000,ჩინური იუანი,1/9/2018,1/9/2018
RUB,100,4.5400,0.0000,რუსული რუბლი,1/9/2018,1/9/2018
USD,1,2.5895,0.0000,აშშ დოლარი,1/9/2018,1/9/2018
CNY,10,4.0027,0.0000,ჩინური იუანი,1/8/2018,1/8/2018
RUB,100,4.5524,0.0000,რუსული რუბლი,1/8/2018,1/8/2018
USD,1,2.5967,0.0000,აშშ დოლარი,1/8/2018,1/8/2018
CNY,10,4.0027,0.0000,ჩინური იუანი,1/7/2018,1/7/2018
RUB,100,4.5524,0.0000,რუსული რუბლი,1/7/2018,1/7/2018
USD,1,2.5967,0.0000,აშშ დოლარი,1/7/2018,1/7/2018
CNY,10,4.0027,0.0000,ჩინური იუანი,1/6/2018,1/6/2018
RUB,100,4.5524,0.0000,რუსული რუბლი,1/6/2018,1/6/2018
USD,1,2.5967,0.0000,აშშ დოლარი,1/6/2018,1/6/2018
CNY,10,3.9797,0.0000,ჩინური იუანი,1/5/2018,1/5/2018
RUB,100,4.5191,0.0000,რუსული რუბლი,1/5/2018,1/5/2018
USD,1,2.5851,0.0000,აშშ დოლარი,1/5/2018,1/5/2018
CNY,10,3.9854,0.0000,ჩინური იუანი,1/4/2018,1/4/2018
RUB,100,4.5145,0.0000,რუსული რუბლი,1/4/2018,1/4/2018
USD,1,2.5902,0.0000,აშშ დოლარი,1/4/2018,1/4/2018
CNY,10,3.9831,0.0000,ჩინური იუანი,1/3/2018,1/3/2018
RUB,100,4.4935,0.0000,რუსული რუბლი,1/3/2018,1/3/2018
USD,1,2.5922,0.0000,აშშ დოლარი,1/3/2018,1/3/2018
CNY,10,3.9831,0.0000,ჩინური იუანი,1/2/2018,1/2/2018
RUB,100,4.4935,0.0000,რუსული რუბლი,1/2/2018,1/2/2018
USD,1,2.5922,0.0000,აშშ დოლარი,1/2/2018,1/2/2018
CNY,10,3.9831,0.0000,ჩინური იუანი,1/1/2018,1/1/2018
RUB,100,4.4935,0.0000,რუსული რუბლი,1/1/2018,1/1/2018
USD,1,2.5922,0.0000,აშშ დოლარი,1/1/2018,1/1/2018
CNY,10,3.9831,0.0000,ჩინური იუანი,12/31/2017,12/31/2017
RUB,100,4.4935,0.0000,რუსული რუბლი,12/31/2017,12/31/2017
USD,1,2.5922,0.0000,აშშ დოლარი,12/31/2017,12/31/2017
CNY,10,3.9831,0.0000,ჩინური იუანი,12/30/2017,12/30/2017
RUB,100,4.4935,0.0000,რუსული რუბლი,12/30/2017,12/30/2017
USD,1,2.5922,0.0000,აშშ დოლარი,12/30/2017,12/30/2017
CNY,10,3.9980,0.0000,ჩინური იუანი,12/29/2017,12/29/2017
RUB,100,4.5424,0.0000,რუსული რუბლი,12/29/2017,12/29/2017
USD,1,2.6131,0.0000,აშშ დოლარი,12/29/2017,12/29/2017
CNY,10,3.9467,0.0000,ჩინური იუანი,12/28/2017,12/28/2017
RUB,100,4.4705,0.0000,რუსული რუბლი,12/28/2017,12/28/2017
USD,1,2.5876,0.0000,აშშ დოლარი,12/28/2017,12/28/2017
CNY,10,3.9323,0.0000,ჩინური იუანი,12/27/2017,12/27/2017
RUB,100,4.4602,0.0000,რუსული რუბლი,12/27/2017,12/27/2017
USD,1,2.5751,0.0000,აშშ დოლარი,12/27/2017,12/27/2017
CNY,10,3.8796,0.0000,ჩინური იუანი,12/26/2017,12/26/2017
RUB,100,4.3705,0.0000,რუსული რუბლი,12/26/2017,12/26/2017
USD,1,2.5372,0.0000,აშშ დოლარი,12/26/2017,12/26/2017
CNY,10,3.8544,0.0000,ჩინური იუანი,12/25/2017,12/25/2017
RUB,100,4.3486,0.0000,რუსული რუბლი,12/25/2017,12/25/2017
USD,1,2.5342,0.0000,აშშ დოლარი,12/25/2017,12/25/2017
CNY,10,3.8544,0.0000,ჩინური იუანი,12/24/2017,12/24/2017
RUB,100,4.3486,0.0000,რუსული რუბლი,12/24/2017,12/24/2017
USD,1,2.5342,0.0000,აშშ დოლარი,12/24/2017,12/24/2017
CNY,10,3.8544,0.0000,ჩინური იუანი,12/23/2017,12/23/2017
RUB,100,4.3486,0.0000,რუსული რუბლი,12/23/2017,12/23/2017
USD,1,2.5342,0.0000,აშშ დოლარი,12/23/2017,12/23/2017
CNY,10,3.8371,0.0000,ჩინური იუანი,12/22/2017,12/22/2017
RUB,100,4.3213,0.0000,რუსული რუბლი,12/22/2017,12/22/2017
USD,1,2.5266,0.0000,აშშ დოლარი,12/22/2017,12/22/2017
CNY,10,3.8435,0.0000,ჩინური იუანი,12/21/2017,12/21/2017
RUB,100,4.3133,0.0000,რუსული რუბლი,12/21/2017,12/21/2017
USD,1,2.5283,0.0000,აშშ დოლარი,12/21/2017,12/21/2017
CNY,10,3.8567,0.0000,ჩინური იუანი,12/20/2017,12/20/2017
RUB,100,4.3471,0.0000,რუსული რუბლი,12/20/2017,12/20/2017
USD,1,2.5473,0.0000,აშშ დოლარი,12/20/2017,12/20/2017
CNY,10,3.8460,0.0000,ჩინური იუანი,12/19/2017,12/19/2017
RUB,100,4.3412,0.0000,რუსული რუბლი,12/19/2017,12/19/2017
USD,1,2.5453,0.0000,აშშ დოლარი,12/19/2017,12/19/2017
CNY,10,3.8443,0.0000,ჩინური იუანი,12/18/2017,12/18/2017
RUB,100,4.3152,0.0000,რუსული რუბლი,12/18/2017,12/18/2017
USD,1,2.5405,0.0000,აშშ დოლარი,12/18/2017,12/18/2017
CNY,10,3.8443,0.0000,ჩინური იუანი,12/17/2017,12/17/2017
RUB,100,4.3152,0.0000,რუსული რუბლი,12/17/2017,12/17/2017
USD,1,2.5405,0.0000,აშშ დოლარი,12/17/2017,12/17/2017
CNY,10,3.8443,0.0000,ჩინური იუანი,12/16/2017,12/16/2017
RUB,100,4.3152,0.0000,რუსული რუბლი,12/16/2017,12/16/2017
USD,1,2.5405,0.0000,აშშ დოლარი,12/16/2017,12/16/2017
CNY,10,3.8732,0.0000,ჩინური იუანი,12/15/2017,12/15/2017
RUB,100,4.3642,0.0000,რუსული რუბლი,12/15/2017,12/15/2017
USD,1,2.5597,0.0000,აშშ დოლარი,12/15/2017,12/15/2017
CNY,10,3.8931,0.0000,ჩინური იუანი,12/14/2017,12/14/2017
RUB,100,4.3608,0.0000,რუსული რუბლი,12/14/2017,12/14/2017
USD,1,2.5772,0.0000,აშშ დოლარი,12/14/2017,12/14/2017
CNY,10,3.9672,0.0000,ჩინური იუანი,12/13/2017,12/13/2017
RUB,100,4.4624,0.0000,რუსული რუბლი,12/13/2017,12/13/2017
USD,1,2.6258,0.0000,აშშ დოლარი,12/13/2017,12/13/2017
CNY,10,4.0305,0.0000,ჩინური იუანი,12/12/2017,12/12/2017
RUB,100,4.5043,0.0000,რუსული რუბლი,12/12/2017,12/12/2017
USD,1,2.6673,0.0000,აშშ დოლარი,12/12/2017,12/12/2017
CNY,10,4.0477,0.0000,ჩინური იუანი,12/11/2017,12/11/2017
RUB,100,4.5141,0.0000,რუსული რუბლი,12/11/2017,12/11/2017
USD,1,2.6794,0.0000,აშშ დოლარი,12/11/2017,12/11/2017
CNY,10,4.0477,0.0000,ჩინური იუანი,12/10/2017,12/10/2017
RUB,100,4.5141,0.0000,რუსული რუბლი,12/10/2017,12/10/2017
USD,1,2.6794,0.0000,აშშ დოლარი,12/10/2017,12/10/2017
CNY,10,4.0477,0.0000,ჩინური იუანი,12/9/2017,12/9/2017
RUB,100,4.5141,0.0000,რუსული რუბლი,12/9/2017,12/9/2017
USD,1,2.6794,0.0000,აშშ დოლარი,12/9/2017,12/9/2017
CNY,10,4.0820,0.0000,ჩინური იუანი,12/8/2017,12/8/2017
RUB,100,4.5632,0.0000,რუსული რუბლი,12/8/2017,12/8/2017
USD,1,2.7008,0.0000,აშშ დოლარი,12/8/2017,12/8/2017
CNY,10,4.0780,0.0000,ჩინური იუანი,12/7/2017,12/7/2017
RUB,100,4.5642,0.0000,რუსული რუბლი,12/7/2017,12/7/2017
USD,1,2.6975,0.0000,აშშ დოლარი,12/7/2017,12/7/2017
CNY,10,4.0873,0.0000,ჩინური იუანი,12/6/2017,12/6/2017
RUB,100,4.6090,0.0000,რუსული რუბლი,12/6/2017,12/6/2017
USD,1,2.7031,0.0000,აშშ დოლარი,12/6/2017,12/6/2017
CNY,10,4.0878,0.0000,ჩინური იუანი,12/5/2017,12/5/2017
RUB,100,4.5899,0.0000,რუსული რუბლი,12/5/2017,12/5/2017
USD,1,2.7055,0.0000,აშშ დოლარი,12/5/2017,12/5/2017
CNY,10,4.0982,0.0000,ჩინური იუანი,12/4/2017,12/4/2017
RUB,100,4.6188,0.0000,რუსული რუბლი,12/4/2017,12/4/2017
USD,1,2.7085,0.0000,აშშ დოლარი,12/4/2017,12/4/2017
CNY,10,4.0982,0.0000,ჩინური იუანი,12/3/2017,12/3/2017
RUB,100,4.6188,0.0000,რუსული რუბლი,12/3/2017,12/3/2017
USD,1,2.7085,0.0000,აშშ დოლარი,12/3/2017,12/3/2017
CNY,10,4.0982,0.0000,ჩინური იუანი,12/2/2017,12/2/2017
RUB,100,4.6188,0.0000,რუსული რუბლი,12/2/2017,12/2/2017
USD,1,2.7085,0.0000,აშშ დოლარი,12/2/2017,12/2/2017
CNY,10,4.1104,0.0000,ჩინური იუანი,12/1/2017,12/1/2017
RUB,100,4.6518,0.0000,რუსული რუბლი,12/1/2017,12/1/2017
USD,1,2.7193,0.0000,აშშ დოლარი,12/1/2017,12/1/2017
CNY,10,4.1255,0.0000,ჩინური იუანი,11/30/2017,11/30/2017
RUB,100,4.6665,0.0000,რუსული რუბლი,11/30/2017,11/30/2017
USD,1,2.7225,0.0000,აშშ დოლარი,11/30/2017,11/30/2017
CNY,10,4.1267,0.0000,ჩინური იუანი,11/29/2017,11/29/2017
RUB,100,4.6672,0.0000,რუსული რუბლი,11/29/2017,11/29/2017
USD,1,2.7228,0.0000,აშშ დოლარი,11/29/2017,11/29/2017
CNY,10,4.1152,0.0000,ჩინური იუანი,11/28/2017,11/28/2017
RUB,100,4.6829,0.0000,რუსული რუბლი,11/28/2017,11/28/2017
USD,1,2.7183,0.0000,აშშ დოლარი,11/28/2017,11/28/2017
CNY,10,4.0980,0.0000,ჩინური იუანი,11/27/2017,11/27/2017
RUB,100,4.6278,0.0000,რუსული რუბლი,11/27/2017,11/27/2017
USD,1,2.7062,0.0000,აშშ დოლარი,11/27/2017,11/27/2017
CNY,10,4.0980,0.0000,ჩინური იუანი,11/26/2017,11/26/2017
RUB,100,4.6278,0.0000,რუსული რუბლი,11/26/2017,11/26/2017
USD,1,2.7062,0.0000,აშშ დოლარი,11/26/2017,11/26/2017
CNY,10,4.0980,0.0000,ჩინური იუანი,11/25/2017,11/25/2017
RUB,100,4.6278,0.0000,რუსული რუბლი,11/25/2017,11/25/2017
USD,1,2.7062,0.0000,აშშ დოლარი,11/25/2017,11/25/2017
CNY,10,4.1014,0.0000,ჩინური იუანი,11/24/2017,11/24/2017
RUB,100,4.6071,0.0000,რუსული რუბლი,11/24/2017,11/24/2017
USD,1,2.7137,0.0000,აშშ დოლარი,11/24/2017,11/24/2017
CNY,10,4.1014,0.0000,ჩინური იუანი,11/23/2017,11/23/2017
RUB,100,4.6071,0.0000,რუსული რუბლი,11/23/2017,11/23/2017
USD,1,2.7137,0.0000,აშშ დოლარი,11/23/2017,11/23/2017
CNY,10,4.0789,0.0000,ჩინური იუანი,11/22/2017,11/22/2017
RUB,100,4.5532,0.0000,რუსული რუბლი,11/22/2017,11/22/2017
USD,1,2.7060,0.0000,აშშ დოლარი,11/22/2017,11/22/2017
CNY,10,4.0564,0.0000,ჩინური იუანი,11/21/2017,11/21/2017
RUB,100,4.5384,0.0000,რუსული რუბლი,11/21/2017,11/21/2017
USD,1,2.6890,0.0000,აშშ დოლარი,11/21/2017,11/21/2017
CNY,10,4.1104,0.0000,ჩინური იუანი,11/20/2017,11/20/2017
RUB,100,4.5750,0.0000,რუსული რუბლი,11/20/2017,11/20/2017
USD,1,2.7268,0.0000,აშშ დოლარი,11/20/2017,11/20/2017
CNY,10,4.1104,0.0000,ჩინური იუანი,11/19/2017,11/19/2017
RUB,100,4.5750,0.0000,რუსული რუბლი,11/19/2017,11/19/2017
USD,1,2.7268,0.0000,აშშ დოლარი,11/19/2017,11/19/2017
CNY,10,4.1104,0.0000,ჩინური იუანი,11/18/2017,11/18/2017
RUB,100,4.5750,0.0000,რუსული რუბლი,11/18/2017,11/18/2017
USD,1,2.7268,0.0000,აშშ დოლარი,11/18/2017,11/18/2017
CNY,10,4.0778,0.0000,ჩინური იუანი,11/17/2017,11/17/2017
RUB,100,4.5143,0.0000,რუსული რუბლი,11/17/2017,11/17/2017
USD,1,2.7039,0.0000,აშშ დოლარი,11/17/2017,11/17/2017
CNY,10,4.0688,0.0000,ჩინური იუანი,11/16/2017,11/16/2017
RUB,100,4.4719,0.0000,რუსული რუბლი,11/16/2017,11/16/2017
USD,1,2.6955,0.0000,აშშ დოლარი,11/16/2017,11/16/2017
CNY,10,4.0422,0.0000,ჩინური იუანი,11/15/2017,11/15/2017
RUB,100,4.4961,0.0000,რუსული რუბლი,11/15/2017,11/15/2017
USD,1,2.6830,0.0000,აშშ დოლარი,11/15/2017,11/15/2017
CNY,10,3.9958,0.0000,ჩინური იუანი,11/14/2017,11/14/2017
RUB,100,4.4633,0.0000,რუსული რუბლი,11/14/2017,11/14/2017
USD,1,2.6538,0.0000,აშშ დოლარი,11/14/2017,11/14/2017
CNY,10,3.9900,0.0000,ჩინური იუანი,11/13/2017,11/13/2017
RUB,100,4.4699,0.0000,რუსული რუბლი,11/13/2017,11/13/2017
USD,1,2.6499,0.0000,აშშ დოლარი,11/13/2017,11/13/2017
CNY,10,3.9900,0.0000,ჩინური იუანი,11/12/2017,11/12/2017
RUB,100,4.4699,0.0000,რუსული რუბლი,11/12/2017,11/12/2017
USD,1,2.6499,0.0000,აშშ დოლარი,11/12/2017,11/12/2017
CNY,10,3.9900,0.0000,ჩინური იუანი,11/11/2017,11/11/2017
RUB,100,4.4699,0.0000,რუსული რუბლი,11/11/2017,11/11/2017
USD,1,2.6499,0.0000,აშშ დოლარი,11/11/2017,11/11/2017
CNY,10,3.9707,0.0000,ჩინური იუანი,11/10/2017,11/10/2017
RUB,100,4.4474,0.0000,რუსული რუბლი,11/10/2017,11/10/2017
USD,1,2.6370,0.0000,აშშ დოლარი,11/10/2017,11/10/2017
CNY,10,3.9624,0.0000,ჩინური იუანი,11/9/2017,11/9/2017
RUB,100,4.4295,0.0000,რუსული რუბლი,11/9/2017,11/9/2017
USD,1,2.6272,0.0000,აშშ დოლარი,11/9/2017,11/9/2017
CNY,10,3.9166,0.0000,ჩინური იუანი,11/8/2017,11/8/2017
RUB,100,4.4244,0.0000,რუსული რუბლი,11/8/2017,11/8/2017
USD,1,2.6008,0.0000,აშშ დოლარი,11/8/2017,11/8/2017
CNY,10,3.9369,0.0000,ჩინური იუანი,11/7/2017,11/7/2017
RUB,100,4.4283,0.0000,რუსული რუბლი,11/7/2017,11/7/2017
USD,1,2.6108,0.0000,აშშ დოლარი,11/7/2017,11/7/2017
CNY,10,3.9660,0.0000,ჩინური იუანი,11/6/2017,11/6/2017
RUB,100,4.4819,0.0000,რუსული რუბლი,11/6/2017,11/6/2017
USD,1,2.6284,0.0000,აშშ დოლარი,11/6/2017,11/6/2017
CNY,10,3.9660,0.0000,ჩინური იუანი,11/5/2017,11/5/2017
RUB,100,4.4819,0.0000,რუსული რუბლი,11/5/2017,11/5/2017
USD,1,2.6284,0.0000,აშშ დოლარი,11/5/2017,11/5/2017
CNY,10,3.9660,0.0000,ჩინური იუანი,11/4/2017,11/4/2017
RUB,100,4.4819,0.0000,რუსული რუბლი,11/4/2017,11/4/2017
USD,1,2.6284,0.0000,აშშ დოლარი,11/4/2017,11/4/2017
CNY,10,3.9773,0.0000,ჩინური იუანი,11/3/2017,11/3/2017
RUB,100,4.5218,0.0000,რუსული რუბლი,11/3/2017,11/3/2017
USD,1,2.6297,0.0000,აშშ დოლარი,11/3/2017,11/3/2017
CNY,10,3.9488,0.0000,ჩინური იუანი,11/2/2017,11/2/2017
RUB,100,4.4928,0.0000,რუსული რუბლი,11/2/2017,11/2/2017
USD,1,2.6106,0.0000,აშშ დოლარი,11/2/2017,11/2/2017
CNY,10,3.9376,0.0000,ჩინური იუანი,11/1/2017,11/1/2017
RUB,100,4.4724,0.0000,რუსული რუბლი,11/1/2017,11/1/2017
USD,1,2.6112,0.0000,აშშ დოლარი,11/1/2017,11/1/2017
CNY,10,3.8930,0.0000,ჩინური იუანი,10/31/2017,10/31/2017
RUB,100,4.4788,0.0000,რუსული რუბლი,10/31/2017,10/31/2017
USD,1,2.5873,0.0000,აშშ დოლარი,10/31/2017,10/31/2017
CNY,10,3.8506,0.0000,ჩინური იუანი,10/30/2017,10/30/2017
RUB,100,4.3941,0.0000,რუსული რუბლი,10/30/2017,10/30/2017
USD,1,2.5612,0.0000,აშშ დოლარი,10/30/2017,10/30/2017
CNY,10,3.8506,0.0000,ჩინური იუანი,10/29/2017,10/29/2017
RUB,100,4.3941,0.0000,რუსული რუბლი,10/29/2017,10/29/2017
USD,1,2.5612,0.0000,აშშ დოლარი,10/29/2017,10/29/2017
CNY,10,3.8506,0.0000,ჩინური იუანი,10/28/2017,10/28/2017
RUB,100,4.3941,0.0000,რუსული რუბლი,10/28/2017,10/28/2017
USD,1,2.5612,0.0000,აშშ დოლარი,10/28/2017,10/28/2017
CNY,10,3.8429,0.0000,ჩინური იუანი,10/27/2017,10/27/2017
RUB,100,4.4193,0.0000,რუსული რუბლი,10/27/2017,10/27/2017
USD,1,2.5496,0.0000,აშშ დოლარი,10/27/2017,10/27/2017
CNY,10,3.8096,0.0000,ჩინური იუანი,10/26/2017,10/26/2017
RUB,100,4.4003,0.0000,რუსული რუბლი,10/26/2017,10/26/2017
USD,1,2.5317,0.0000,აშშ დოლარი,10/26/2017,10/26/2017
CNY,10,3.8011,0.0000,ჩინური იუანი,10/25/2017,10/25/2017
RUB,100,4.3885,0.0000,რუსული რუბლი,10/25/2017,10/25/2017
USD,1,2.5206,0.0000,აშშ დოლარი,10/25/2017,10/25/2017
CNY,10,3.7491,0.0000,ჩინური იუანი,10/24/2017,10/24/2017
RUB,100,4.3300,0.0000,რუსული რუბლი,10/24/2017,10/24/2017
USD,1,2.4894,0.0000,აშშ დოლარი,10/24/2017,10/24/2017
CNY,10,3.7555,0.0000,ჩინური იუანი,10/23/2017,10/23/2017
RUB,100,4.3213,0.0000,რუსული რუბლი,10/23/2017,10/23/2017
USD,1,2.4864,0.0000,აშშ დოლარი,10/23/2017,10/23/2017
CNY,10,3.7555,0.0000,ჩინური იუანი,10/22/2017,10/22/2017
RUB,100,4.3213,0.0000,რუსული რუბლი,10/22/2017,10/22/2017
USD,1,2.4864,0.0000,აშშ დოლარი,10/22/2017,10/22/2017
CNY,10,3.7555,0.0000,ჩინური იუანი,10/21/2017,10/21/2017
RUB,100,4.3213,0.0000,რუსული რუბლი,10/21/2017,10/21/2017
USD,1,2.4864,0.0000,აშშ დოლარი,10/21/2017,10/21/2017
CNY,10,3.7557,0.0000,ჩინური იუანი,10/20/2017,10/20/2017
RUB,100,4.3181,0.0000,რუსული რუბლი,10/20/2017,10/20/2017
USD,1,2.4863,0.0000,აშშ დოლარი,10/20/2017,10/20/2017
CNY,10,3.7501,0.0000,ჩინური იუანი,10/19/2017,10/19/2017
RUB,100,4.3347,0.0000,რუსული რუბლი,10/19/2017,10/19/2017
USD,1,2.4844,0.0000,აშშ დოლარი,10/19/2017,10/19/2017
CNY,10,3.7517,0.0000,ჩინური იუანი,10/18/2017,10/18/2017
RUB,100,4.3318,0.0000,რუსული რუბლი,10/18/2017,10/18/2017
USD,1,2.4839,0.0000,აშშ დოლარი,10/18/2017,10/18/2017
CNY,10,3.7672,0.0000,ჩინური იუანი,10/17/2017,10/17/2017
RUB,100,4.3371,0.0000,რუსული რუბლი,10/17/2017,10/17/2017
USD,1,2.4826,0.0000,აშშ დოლარი,10/17/2017,10/17/2017
CNY,10,3.7662,0.0000,ჩინური იუანი,10/16/2017,10/16/2017
RUB,100,4.3011,0.0000,რუსული რუბლი,10/16/2017,10/16/2017
USD,1,2.4808,0.0000,აშშ დოლარი,10/16/2017,10/16/2017
CNY,10,3.7662,0.0000,ჩინური იუანი,10/15/2017,10/15/2017
RUB,100,4.3011,0.0000,რუსული რუბლი,10/15/2017,10/15/2017
USD,1,2.4808,0.0000,აშშ დოლარი,10/15/2017,10/15/2017
CNY,10,3.7662,0.0000,ჩინური იუანი,10/14/2017,10/14/2017
RUB,100,4.3011,0.0000,რუსული რუბლი,10/14/2017,10/14/2017
USD,1,2.4808,0.0000,აშშ დოლარი,10/14/2017,10/14/2017
CNY,10,3.7693,0.0000,ჩინური იუანი,10/13/2017,10/13/2017
RUB,100,4.3027,0.0000,რუსული რუბლი,10/13/2017,10/13/2017
USD,1,2.4831,0.0000,აშშ დოლარი,10/13/2017,10/13/2017
CNY,10,3.7644,0.0000,ჩინური იუანი,10/12/2017,10/12/2017
RUB,100,4.2971,0.0000,რუსული რუბლი,10/12/2017,10/12/2017
USD,1,2.4830,0.0000,აშშ დოლარი,10/12/2017,10/12/2017
CNY,10,3.7694,0.0000,ჩინური იუანი,10/11/2017,10/11/2017
RUB,100,4.2761,0.0000,რუსული რუბლი,10/11/2017,10/11/2017
USD,1,2.4798,0.0000,აშშ დოლარი,10/11/2017,10/11/2017
CNY,10,3.7428,0.0000,ჩინური იუანი,10/10/2017,10/10/2017
RUB,100,4.2432,0.0000,რუსული რუბლი,10/10/2017,10/10/2017
USD,1,2.4786,0.0000,აშშ დოლარი,10/10/2017,10/10/2017
CNY,10,3.7263,0.0000,ჩინური იუანი,10/9/2017,10/9/2017
RUB,100,4.2899,0.0000,რუსული რუბლი,10/9/2017,10/9/2017
USD,1,2.4790,0.0000,აშშ დოლარი,10/9/2017,10/9/2017
CNY,10,3.7263,0.0000,ჩინური იუანი,10/8/2017,10/8/2017
RUB,100,4.2899,0.0000,რუსული რუბლი,10/8/2017,10/8/2017
USD,1,2.4790,0.0000,აშშ დოლარი,10/8/2017,10/8/2017
CNY,10,3.7263,0.0000,ჩინური იუანი,10/7/2017,10/7/2017
RUB,100,4.2899,0.0000,რუსული რუბლი,10/7/2017,10/7/2017
USD,1,2.4790,0.0000,აშშ დოლარი,10/7/2017,10/7/2017
CNY,10,3.7266,0.0000,ჩინური იუანი,10/6/2017,10/6/2017
RUB,100,4.3114,0.0000,რუსული რუბლი,10/6/2017,10/6/2017
USD,1,2.4792,0.0000,აშშ დოლარი,10/6/2017,10/6/2017
CNY,10,3.7108,0.0000,ჩინური იუანი,10/5/2017,10/5/2017
RUB,100,4.2840,0.0000,რუსული რუბლი,10/5/2017,10/5/2017
USD,1,2.4687,0.0000,აშშ დოლარი,10/5/2017,10/5/2017
CNY,10,3.7174,0.0000,ჩინური იუანი,10/4/2017,10/4/2017
RUB,100,4.2673,0.0000,რუსული რუბლი,10/4/2017,10/4/2017
USD,1,2.4731,0.0000,აშშ დოლარი,10/4/2017,10/4/2017
CNY,10,3.7223,0.0000,ჩინური იუანი,10/3/2017,10/3/2017
RUB,100,4.2743,0.0000,რუსული რუბლი,10/3/2017,10/3/2017
USD,1,2.4764,0.0000,აშშ დოლარი,10/3/2017,10/3/2017
CNY,10,3.7218,0.0000,ჩინური იუანი,10/2/2017,10/2/2017
RUB,100,4.2843,0.0000,რუსული რუბლი,10/2/2017,10/2/2017
USD,1,2.4767,0.0000,აშშ დოლარი,10/2/2017,10/2/2017
CNY,10,3.7218,0.0000,ჩინური იუანი,10/1/2017,10/1/2017
RUB,100,4.2843,0.0000,რუსული რუბლი,10/1/2017,10/1/2017
USD,1,2.4767,0.0000,აშშ დოლარი,10/1/2017,10/1/2017
CNY,10,3.7218,0.0000,ჩინური იუანი,9/30/2017,9/30/2017
RUB,100,4.2843,0.0000,რუსული რუბლი,9/30/2017,9/30/2017
USD,1,2.4767,0.0000,აშშ დოლარი,9/30/2017,9/30/2017
CNY,10,3.7249,0.0000,ჩინური იუანი,9/29/2017,9/29/2017
RUB,100,4.2748,0.0000,რუსული რუბლი,9/29/2017,9/29/2017
USD,1,2.4835,0.0000,აშშ დოლარი,9/29/2017,9/29/2017
CNY,10,3.7381,0.0000,ჩინური იუანი,9/28/2017,9/28/2017
RUB,100,4.2649,0.0000,რუსული რუბლი,9/28/2017,9/28/2017
USD,1,2.4817,0.0000,აშშ დოლარი,9/28/2017,9/28/2017
CNY,10,3.7407,0.0000,ჩინური იუანი,9/27/2017,9/27/2017
RUB,100,4.3080,0.0000,რუსული რუბლი,9/27/2017,9/27/2017
USD,1,2.4806,0.0000,აშშ დოლარი,9/27/2017,9/27/2017
CNY,10,3.7492,0.0000,ჩინური იუანი,9/26/2017,9/26/2017
RUB,100,4.3289,0.0000,რუსული რუბლი,9/26/2017,9/26/2017
USD,1,2.4829,0.0000,აშშ დოლარი,9/26/2017,9/26/2017
CNY,10,3.7628,0.0000,ჩინური იუანი,9/25/2017,9/25/2017
RUB,100,4.3075,0.0000,რუსული რუბლი,9/25/2017,9/25/2017
USD,1,2.4804,0.0000,აშშ დოლარი,9/25/2017,9/25/2017
CNY,10,3.7628,0.0000,ჩინური იუანი,9/24/2017,9/24/2017
RUB,100,4.3075,0.0000,რუსული რუბლი,9/24/2017,9/24/2017
USD,1,2.4804,0.0000,აშშ დოლარი,9/24/2017,9/24/2017
CNY,10,3.7628,0.0000,ჩინური იუანი,9/23/2017,9/23/2017
RUB,100,4.3075,0.0000,რუსული რუბლი,9/23/2017,9/23/2017
USD,1,2.4804,0.0000,აშშ დოლარი,9/23/2017,9/23/2017
CNY,10,3.7645,0.0000,ჩინური იუანი,9/22/2017,9/22/2017
RUB,100,4.2708,0.0000,რუსული რუბლი,9/22/2017,9/22/2017
USD,1,2.4808,0.0000,აშშ დოლარი,9/22/2017,9/22/2017
CNY,10,3.7686,0.0000,ჩინური იუანი,9/21/2017,9/21/2017
RUB,100,4.2802,0.0000,რუსული რუბლი,9/21/2017,9/21/2017
USD,1,2.4778,0.0000,აშშ დოლარი,9/21/2017,9/21/2017
CNY,10,3.7569,0.0000,ჩინური იუანი,9/20/2017,9/20/2017
RUB,100,4.2619,0.0000,რუსული რუბლი,9/20/2017,9/20/2017
USD,1,2.4738,0.0000,აშშ დოლარი,9/20/2017,9/20/2017
CNY,10,3.7633,0.0000,ჩინური იუანი,9/19/2017,9/19/2017
RUB,100,4.2894,0.0000,რუსული რუბლი,9/19/2017,9/19/2017
USD,1,2.4727,0.0000,აშშ დოლარი,9/19/2017,9/19/2017
CNY,10,3.7687,0.0000,ჩინური იუანი,9/18/2017,9/18/2017
RUB,100,4.2789,0.0000,რუსული რუბლი,9/18/2017,9/18/2017
USD,1,2.4663,0.0000,აშშ დოლარი,9/18/2017,9/18/2017
CNY,10,3.7687,0.0000,ჩინური იუანი,9/17/2017,9/17/2017
RUB,100,4.2789,0.0000,რუსული რუბლი,9/17/2017,9/17/2017
USD,1,2.4663,0.0000,აშშ დოლარი,9/17/2017,9/17/2017
CNY,10,3.7687,0.0000,ჩინური იუანი,9/16/2017,9/16/2017
RUB,100,4.2789,0.0000,რუსული რუბლი,9/16/2017,9/16/2017
USD,1,2.4663,0.0000,აშშ დოლარი,9/16/2017,9/16/2017
CNY,10,3.7529,0.0000,ჩინური იუანი,9/15/2017,9/15/2017
RUB,100,4.2629,0.0000,რუსული რუბლი,9/15/2017,9/15/2017
USD,1,2.4604,0.0000,აშშ დოლარი,9/15/2017,9/15/2017
CNY,10,3.7633,0.0000,ჩინური იუანი,9/14/2017,9/14/2017
RUB,100,4.2641,0.0000,რუსული რუბლი,9/14/2017,9/14/2017
USD,1,2.4587,0.0000,აშშ დოლარი,9/14/2017,9/14/2017
CNY,10,3.7623,0.0000,ჩინური იუანი,9/13/2017,9/13/2017
RUB,100,4.2759,0.0000,რუსული რუბლი,9/13/2017,9/13/2017
USD,1,2.4589,0.0000,აშშ დოლარი,9/13/2017,9/13/2017
CNY,10,3.7719,0.0000,ჩინური იუანი,9/12/2017,9/12/2017
RUB,100,4.3088,0.0000,რუსული რუბლი,9/12/2017,9/12/2017
USD,1,2.4616,0.0000,აშშ დოლარი,9/12/2017,9/12/2017
CNY,10,3.8100,0.0000,ჩინური იუანი,9/11/2017,9/11/2017
RUB,100,4.3150,0.0000,რუსული რუბლი,9/11/2017,9/11/2017
USD,1,2.4618,0.0000,აშშ დოლარი,9/11/2017,9/11/2017
CNY,10,3.8100,0.0000,ჩინური იუანი,9/10/2017,9/10/2017
RUB,100,4.3150,0.0000,რუსული რუბლი,9/10/2017,9/10/2017
USD,1,2.4618,0.0000,აშშ დოლარი,9/10/2017,9/10/2017
CNY,10,3.8100,0.0000,ჩინური იუანი,9/9/2017,9/9/2017
RUB,100,4.3150,0.0000,რუსული რუბლი,9/9/2017,9/9/2017
USD,1,2.4618,0.0000,აშშ დოლარი,9/9/2017,9/9/2017
CNY,10,3.7927,0.0000,ჩინური იუანი,9/8/2017,9/8/2017
RUB,100,4.3194,0.0000,რუსული რუბლი,9/8/2017,9/8/2017
USD,1,2.4630,0.0000,აშშ დოლარი,9/8/2017,9/8/2017
CNY,10,3.7993,0.0000,ჩინური იუანი,9/7/2017,9/7/2017
RUB,100,4.3173,0.0000,რუსული რუბლი,9/7/2017,9/7/2017
USD,1,2.4802,0.0000,აშშ დოლარი,9/7/2017,9/7/2017
CNY,10,3.8063,0.0000,ჩინური იუანი,9/6/2017,9/6/2017
RUB,100,4.3029,0.0000,რუსული რუბლი,9/6/2017,9/6/2017
USD,1,2.4926,0.0000,აშშ დოლარი,9/6/2017,9/6/2017
CNY,10,3.7539,0.0000,ჩინური იუანი,9/5/2017,9/5/2017
RUB,100,4.2366,0.0000,რუსული რუბლი,9/5/2017,9/5/2017
USD,1,2.4502,0.0000,აშშ დოლარი,9/5/2017,9/5/2017
CNY,10,3.7179,0.0000,ჩინური იუანი,9/4/2017,9/4/2017
RUB,100,4.2132,0.0000,რუსული რუბლი,9/4/2017,9/4/2017
USD,1,2.4387,0.0000,აშშ დოლარი,9/4/2017,9/4/2017
CNY,10,3.7179,0.0000,ჩინური იუანი,9/3/2017,9/3/2017
RUB,100,4.2132,0.0000,რუსული რუბლი,9/3/2017,9/3/2017
USD,1,2.4387,0.0000,აშშ დოლარი,9/3/2017,9/3/2017
CNY,10,3.7179,0.0000,ჩინური იუანი,9/2/2017,9/2/2017
RUB,100,4.2132,0.0000,რუსული რუბლი,9/2/2017,9/2/2017
USD,1,2.4387,0.0000,აშშ დოლარი,9/2/2017,9/2/2017
CNY,10,3.6815,0.0000,ჩინური იუანი,9/1/2017,9/1/2017
RUB,100,4.1637,0.0000,რუსული რუბლი,9/1/2017,9/1/2017
USD,1,2.4301,0.0000,აშშ დოლარი,9/1/2017,9/1/2017
CNY,10,3.6825,0.0000,ჩინური იუანი,8/31/2017,8/31/2017
RUB,100,4.1397,0.0000,რუსული რუბლი,8/31/2017,8/31/2017
USD,1,2.4274,0.0000,აშშ დოლარი,8/31/2017,8/31/2017
CNY,10,3.6667,0.0000,ჩინური იუანი,8/30/2017,8/30/2017
RUB,100,4.1175,0.0000,რუსული რუბლი,8/30/2017,8/30/2017
USD,1,2.4184,0.0000,აშშ დოლარი,8/30/2017,8/30/2017
CNY,10,3.6295,0.0000,ჩინური იუანი,8/29/2017,8/29/2017
RUB,100,4.0848,0.0000,რუსული რუბლი,8/29/2017,8/29/2017
USD,1,2.4158,0.0000,აშშ დოლარი,8/29/2017,8/29/2017
CNY,10,3.6295,0.0000,ჩინური იუანი,8/28/2017,8/28/2017
RUB,100,4.0848,0.0000,რუსული რუბლი,8/28/2017,8/28/2017
USD,1,2.4158,0.0000,აშშ დოლარი,8/28/2017,8/28/2017
CNY,10,3.6295,0.0000,ჩინური იუანი,8/27/2017,8/27/2017
RUB,100,4.0848,0.0000,რუსული რუბლი,8/27/2017,8/27/2017
USD,1,2.4158,0.0000,აშშ დოლარი,8/27/2017,8/27/2017
CNY,10,3.6295,0.0000,ჩინური იუანი,8/26/2017,8/26/2017
RUB,100,4.0848,0.0000,რუსული რუბლი,8/26/2017,8/26/2017
USD,1,2.4158,0.0000,აშშ დოლარი,8/26/2017,8/26/2017
CNY,10,3.6281,0.0000,ჩინური იუანი,8/25/2017,8/25/2017
RUB,100,4.0865,0.0000,რუსული რუბლი,8/25/2017,8/25/2017
USD,1,2.4169,0.0000,აშშ დოლარი,8/25/2017,8/25/2017
CNY,10,3.5933,0.0000,ჩინური იუანი,8/24/2017,8/24/2017
RUB,100,4.0493,0.0000,რუსული რუბლი,8/24/2017,8/24/2017
USD,1,2.3946,0.0000,აშშ დოლარი,8/24/2017,8/24/2017
CNY,10,3.5889,0.0000,ჩინური იუანი,8/23/2017,8/23/2017
RUB,100,4.0489,0.0000,რუსული რუბლი,8/23/2017,8/23/2017
USD,1,2.3913,0.0000,აშშ დოლარი,8/23/2017,8/23/2017
CNY,10,3.5836,0.0000,ჩინური იუანი,8/22/2017,8/22/2017
RUB,100,4.0530,0.0000,რუსული რუბლი,8/22/2017,8/22/2017
USD,1,2.3910,0.0000,აშშ დოლარი,8/22/2017,8/22/2017
CNY,10,3.5815,0.0000,ჩინური იუანი,8/21/2017,8/21/2017
RUB,100,4.0213,0.0000,რუსული რუბლი,8/21/2017,8/21/2017
USD,1,2.3895,0.0000,აშშ დოლარი,8/21/2017,8/21/2017
CNY,10,3.5815,0.0000,ჩინური იუანი,8/20/2017,8/20/2017
RUB,100,4.0213,0.0000,რუსული რუბლი,8/20/2017,8/20/2017
USD,1,2.3895,0.0000,აშშ დოლარი,8/20/2017,8/20/2017
CNY,10,3.5815,0.0000,ჩინური იუანი,8/19/2017,8/19/2017
RUB,100,4.0213,0.0000,რუსული რუბლი,8/19/2017,8/19/2017
USD,1,2.3895,0.0000,აშშ დოლარი,8/19/2017,8/19/2017
CNY,10,3.5773,0.0000,ჩინური იუანი,8/18/2017,8/18/2017
RUB,100,4.0193,0.0000,რუსული რუბლი,8/18/2017,8/18/2017
USD,1,2.3885,0.0000,აშშ დოლარი,8/18/2017,8/18/2017
CNY,10,3.5676,0.0000,ჩინური იუანი,8/17/2017,8/17/2017
RUB,100,4.0090,0.0000,რუსული რუბლი,8/17/2017,8/17/2017
USD,1,2.3885,0.0000,აშშ დოლარი,8/17/2017,8/17/2017
CNY,10,3.5748,0.0000,ჩინური იუანი,8/16/2017,8/16/2017
RUB,100,3.9855,0.0000,რუსული რუბლი,8/16/2017,8/16/2017
USD,1,2.3888,0.0000,აშშ დოლარი,8/16/2017,8/16/2017
CNY,10,3.5811,0.0000,ჩინური იუანი,8/15/2017,8/15/2017
RUB,100,3.9964,0.0000,რუსული რუბლი,8/15/2017,8/15/2017
USD,1,2.3895,0.0000,აშშ დოლარი,8/15/2017,8/15/2017
CNY,10,3.5860,0.0000,ჩინური იუანი,8/14/2017,8/14/2017
RUB,100,3.9724,0.0000,რუსული რუბლი,8/14/2017,8/14/2017
USD,1,2.3902,0.0000,აშშ დოლარი,8/14/2017,8/14/2017
CNY,10,3.5860,0.0000,ჩინური იუანი,8/13/2017,8/13/2017
RUB,100,3.9724,0.0000,რუსული რუბლი,8/13/2017,8/13/2017
USD,1,2.3902,0.0000,აშშ დოლარი,8/13/2017,8/13/2017
CNY,10,3.5860,0.0000,ჩინური იუანი,8/12/2017,8/12/2017
RUB,100,3.9724,0.0000,რუსული რუბლი,8/12/2017,8/12/2017
USD,1,2.3902,0.0000,აშშ დოლარი,8/12/2017,8/12/2017
CNY,10,3.5917,0.0000,ჩინური იუანი,8/11/2017,8/11/2017
RUB,100,3.9857,0.0000,რუსული რუბლი,8/11/2017,8/11/2017
USD,1,2.3901,0.0000,აშშ დოლარი,8/11/2017,8/11/2017
CNY,10,3.5797,0.0000,ჩინური იუანი,8/10/2017,8/10/2017
RUB,100,3.9884,0.0000,რუსული რუბლი,8/10/2017,8/10/2017
USD,1,2.3902,0.0000,აშშ დოლარი,8/10/2017,8/10/2017
CNY,10,3.5657,0.0000,ჩინური იუანი,8/9/2017,8/9/2017
RUB,100,3.9808,0.0000,რუსული რუბლი,8/9/2017,8/9/2017
USD,1,2.3903,0.0000,აშშ დოლარი,8/9/2017,8/9/2017
CNY,10,3.5570,0.0000,ჩინური იუანი,8/8/2017,8/8/2017
RUB,100,3.9754,0.0000,რუსული რუბლი,8/8/2017,8/8/2017
USD,1,2.3904,0.0000,აშშ დოლარი,8/8/2017,8/8/2017
CNY,10,3.5580,0.0000,ჩინური იუანი,8/7/2017,8/7/2017
RUB,100,3.9548,0.0000,რუსული რუბლი,8/7/2017,8/7/2017
USD,1,2.3910,0.0000,აშშ დოლარი,8/7/2017,8/7/2017
CNY,10,3.5580,0.0000,ჩინური იუანი,8/6/2017,8/6/2017
RUB,100,3.9548,0.0000,რუსული რუბლი,8/6/2017,8/6/2017
USD,1,2.3910,0.0000,აშშ დოლარი,8/6/2017,8/6/2017
CNY,10,3.5580,0.0000,ჩინური იუანი,8/5/2017,8/5/2017
RUB,100,3.9548,0.0000,რუსული რუბლი,8/5/2017,8/5/2017
USD,1,2.3910,0.0000,აშშ დოლარი,8/5/2017,8/5/2017
CNY,10,3.5595,0.0000,ჩინური იუანი,8/4/2017,8/4/2017
RUB,100,3.9554,0.0000,რუსული რუბლი,8/4/2017,8/4/2017
USD,1,2.3928,0.0000,აშშ დოლარი,8/4/2017,8/4/2017
CNY,10,3.5629,0.0000,ჩინური იუანი,8/3/2017,8/3/2017
RUB,100,3.9492,0.0000,რუსული რუბლი,8/3/2017,8/3/2017
USD,1,2.3951,0.0000,აშშ დოლარი,8/3/2017,8/3/2017
CNY,10,3.5641,0.0000,ჩინური იუანი,8/2/2017,8/2/2017
RUB,100,3.9838,0.0000,რუსული რუბლი,8/2/2017,8/2/2017
USD,1,2.3952,0.0000,აშშ დოლარი,8/2/2017,8/2/2017
CNY,10,3.5608,0.0000,ჩინური იუანი,8/1/2017,8/1/2017
RUB,100,3.9825,0.0000,რუსული რუბლი,8/1/2017,8/1/2017
USD,1,2.3956,0.0000,აშშ დოლარი,8/1/2017,8/1/2017
CNY,10,3.5608,0.0000,ჩინური იუანი,7/31/2017,7/31/2017
RUB,100,4.0362,0.0000,რუსული რუბლი,7/31/2017,7/31/2017
USD,1,2.4009,0.0000,აშშ დოლარი,7/31/2017,7/31/2017
CNY,10,3.5608,0.0000,ჩინური იუანი,7/30/2017,7/30/2017
RUB,100,4.0362,0.0000,რუსული რუბლი,7/30/2017,7/30/2017
USD,1,2.4009,0.0000,აშშ დოლარი,7/30/2017,7/30/2017
CNY,10,3.5608,0.0000,ჩინური იუანი,7/29/2017,7/29/2017
RUB,100,4.0362,0.0000,რუსული რუბლი,7/29/2017,7/29/2017
USD,1,2.4009,0.0000,აშშ დოლარი,7/29/2017,7/29/2017
CNY,10,3.5645,0.0000,ჩინური იუანი,7/28/2017,7/28/2017
RUB,100,4.0430,0.0000,რუსული რუბლი,7/28/2017,7/28/2017
USD,1,2.4022,0.0000,აშშ დოლარი,7/28/2017,7/28/2017
CNY,10,3.5531,0.0000,ჩინური იუანი,7/27/2017,7/27/2017
RUB,100,4.0016,0.0000,რუსული რუბლი,7/27/2017,7/27/2017
USD,1,2.3993,0.0000,აშშ დოლარი,7/27/2017,7/27/2017
CNY,10,3.5529,0.0000,ჩინური იუანი,7/26/2017,7/26/2017
RUB,100,3.9995,0.0000,რუსული რუბლი,7/26/2017,7/26/2017
USD,1,2.3987,0.0000,აშშ დოლარი,7/26/2017,7/26/2017
CNY,10,3.5541,0.0000,ჩინური იუანი,7/25/2017,7/25/2017
RUB,100,4.0042,0.0000,რუსული რუბლი,7/25/2017,7/25/2017
USD,1,2.3987,0.0000,აშშ დოლარი,7/25/2017,7/25/2017
CNY,10,3.5435,0.0000,ჩინური იუანი,7/24/2017,7/24/2017
RUB,100,4.0713,0.0000,რუსული რუბლი,7/24/2017,7/24/2017
USD,1,2.3983,0.0000,აშშ დოლარი,7/24/2017,7/24/2017
CNY,10,3.5435,0.0000,ჩინური იუანი,7/23/2017,7/23/2017
RUB,100,4.0713,0.0000,რუსული რუბლი,7/23/2017,7/23/2017
USD,1,2.3983,0.0000,აშშ დოლარი,7/23/2017,7/23/2017
CNY,10,3.5435,0.0000,ჩინური იუანი,7/22/2017,7/22/2017
RUB,100,4.0713,0.0000,რუსული რუბლი,7/22/2017,7/22/2017
USD,1,2.3983,0.0000,აშშ დოლარი,7/22/2017,7/22/2017
CNY,10,3.5441,0.0000,ჩინური იუანი,7/21/2017,7/21/2017
RUB,100,4.0621,0.0000,რუსული რუბლი,7/21/2017,7/21/2017
USD,1,2.3995,0.0000,აშშ დოლარი,7/21/2017,7/21/2017
CNY,10,3.5553,0.0000,ჩინური იუანი,7/20/2017,7/20/2017
RUB,100,4.0655,0.0000,რუსული რუბლი,7/20/2017,7/20/2017
USD,1,2.4014,0.0000,აშშ დოლარი,7/20/2017,7/20/2017
CNY,10,3.5611,0.0000,ჩინური იუანი,7/19/2017,7/19/2017
RUB,100,4.0635,0.0000,რუსული რუბლი,7/19/2017,7/19/2017
USD,1,2.4039,0.0000,აშშ დოლარი,7/19/2017,7/19/2017
CNY,10,3.5516,0.0000,ჩინური იუანი,7/18/2017,7/18/2017
RUB,100,4.0575,0.0000,რუსული რუბლი,7/18/2017,7/18/2017
USD,1,2.4047,0.0000,აშშ დოლარი,7/18/2017,7/18/2017
CNY,10,3.5406,0.0000,ჩინური იუანი,7/17/2017,7/17/2017
RUB,100,4.0304,0.0000,რუსული რუბლი,7/17/2017,7/17/2017
USD,1,2.4015,0.0000,აშშ დოლარი,7/17/2017,7/17/2017
CNY,10,3.5406,0.0000,ჩინური იუანი,7/16/2017,7/16/2017
RUB,100,4.0304,0.0000,რუსული რუბლი,7/16/2017,7/16/2017
USD,1,2.4015,0.0000,აშშ დოლარი,7/16/2017,7/16/2017
CNY,10,3.5406,0.0000,ჩინური იუანი,7/15/2017,7/15/2017
RUB,100,4.0304,0.0000,რუსული რუბლი,7/15/2017,7/15/2017
USD,1,2.4015,0.0000,აშშ დოლარი,7/15/2017,7/15/2017
CNY,10,3.5341,0.0000,ჩინური იუანი,7/14/2017,7/14/2017
RUB,100,4.0073,0.0000,რუსული რუბლი,7/14/2017,7/14/2017
USD,1,2.3970,0.0000,აშშ დოლარი,7/14/2017,7/14/2017
CNY,10,3.5267,0.0000,ჩინური იუანი,7/13/2017,7/13/2017
RUB,100,3.9485,0.0000,რუსული რუბლი,7/13/2017,7/13/2017
USD,1,2.3941,0.0000,აშშ დოლარი,7/13/2017,7/13/2017
CNY,10,3.5207,0.0000,ჩინური იუანი,7/12/2017,7/12/2017
RUB,100,3.9344,0.0000,რუსული რუბლი,7/12/2017,7/12/2017
USD,1,2.3943,0.0000,აშშ დოლარი,7/12/2017,7/12/2017
CNY,10,3.5195,0.0000,ჩინური იუანი,7/11/2017,7/11/2017
RUB,100,3.9635,0.0000,რუსული რუბლი,7/11/2017,7/11/2017
USD,1,2.3949,0.0000,აშშ დოლარი,7/11/2017,7/11/2017
CNY,10,3.5248,0.0000,ჩინური იუანი,7/10/2017,7/10/2017
RUB,100,3.9663,0.0000,რუსული რუბლი,7/10/2017,7/10/2017
USD,1,2.3966,0.0000,აშშ დოლარი,7/10/2017,7/10/2017
CNY,10,3.5248,0.0000,ჩინური იუანი,7/9/2017,7/9/2017
RUB,100,3.9663,0.0000,რუსული რუბლი,7/9/2017,7/9/2017
USD,1,2.3966,0.0000,აშშ დოლარი,7/9/2017,7/9/2017
CNY,10,3.5248,0.0000,ჩინური იუანი,7/8/2017,7/8/2017
RUB,100,3.9663,0.0000,რუსული რუბლი,7/8/2017,7/8/2017
USD,1,2.3966,0.0000,აშშ დოლარი,7/8/2017,7/8/2017
CNY,10,3.5233,0.0000,ჩინური იუანი,7/7/2017,7/7/2017
RUB,100,3.9881,0.0000,რუსული რუბლი,7/7/2017,7/7/2017
USD,1,2.3969,0.0000,აშშ დოლარი,7/7/2017,7/7/2017
CNY,10,3.5254,0.0000,ჩინური იუანი,7/6/2017,7/6/2017
RUB,100,3.9958,0.0000,რუსული რუბლი,7/6/2017,7/6/2017
USD,1,2.3980,0.0000,აშშ დოლარი,7/6/2017,7/6/2017
CNY,10,3.5279,0.0000,ჩინური იუანი,7/5/2017,7/5/2017
RUB,100,4.0458,0.0000,რუსული რუბლი,7/5/2017,7/5/2017
USD,1,2.3993,0.0000,აშშ დოლარი,7/5/2017,7/5/2017
CNY,10,3.5320,0.0000,ჩინური იუანი,7/4/2017,7/4/2017
RUB,100,4.0469,0.0000,რუსული რუბლი,7/4/2017,7/4/2017
USD,1,2.4000,0.0000,აშშ დოლარი,7/4/2017,7/4/2017
CNY,10,3.5448,0.0000,ჩინური იუანი,7/3/2017,7/3/2017
RUB,100,4.0581,0.0000,რუსული რუბლი,7/3/2017,7/3/2017
USD,1,2.4036,0.0000,აშშ დოლარი,7/3/2017,7/3/2017
CNY,10,3.5448,0.0000,ჩინური იუანი,7/2/2017,7/2/2017
RUB,100,4.0581,0.0000,რუსული რუბლი,7/2/2017,7/2/2017
USD,1,2.4036,0.0000,აშშ დოლარი,7/2/2017,7/2/2017
CNY,10,3.5448,0.0000,ჩინური იუანი,7/1/2017,7/1/2017
RUB,100,4.0581,0.0000,რუსული რუბლი,7/1/2017,7/1/2017
USD,1,2.4036,0.0000,აშშ დოლარი,7/1/2017,7/1/2017
CNY,10,3.5499,0.0000,ჩინური იუანი,6/30/2017,6/30/2017
RUB,100,4.0792,0.0000,რუსული რუბლი,6/30/2017,6/30/2017
USD,1,2.4072,0.0000,აშშ დოლარი,6/30/2017,6/30/2017
CNY,10,3.5404,0.0000,ჩინური იუანი,6/29/2017,6/29/2017
RUB,100,4.0398,0.0000,რუსული რუბლი,6/29/2017,6/29/2017
USD,1,2.4074,0.0000,აშშ დოლარი,6/29/2017,6/29/2017
CNY,10,3.5329,0.0000,ჩინური იუანი,6/28/2017,6/28/2017
RUB,100,4.0840,0.0000,რუსული რუბლი,6/28/2017,6/28/2017
USD,1,2.4075,0.0000,აშშ დოლარი,6/28/2017,6/28/2017
CNY,10,3.5194,0.0000,ჩინური იუანი,6/27/2017,6/27/2017
RUB,100,4.0771,0.0000,რუსული რუბლი,6/27/2017,6/27/2017
USD,1,2.4075,0.0000,აშშ დოლარი,6/27/2017,6/27/2017
CNY,10,3.5258,0.0000,ჩინური იუანი,6/26/2017,6/26/2017
RUB,100,4.0425,0.0000,რუსული რუბლი,6/26/2017,6/26/2017
USD,1,2.4110,0.0000,აშშ დოლარი,6/26/2017,6/26/2017
CNY,10,3.5258,0.0000,ჩინური იუანი,6/25/2017,6/25/2017
RUB,100,4.0425,0.0000,რუსული რუბლი,6/25/2017,6/25/2017
USD,1,2.4110,0.0000,აშშ დოლარი,6/25/2017,6/25/2017
CNY,10,3.5258,0.0000,ჩინური იუანი,6/24/2017,6/24/2017
RUB,100,4.0425,0.0000,რუსული რუბლი,6/24/2017,6/24/2017
USD,1,2.4110,0.0000,აშშ დოლარი,6/24/2017,6/24/2017
CNY,10,3.5243,0.0000,ჩინური იუანი,6/23/2017,6/23/2017
RUB,100,4.0271,0.0000,რუსული რუბლი,6/23/2017,6/23/2017
USD,1,2.4080,0.0000,აშშ დოლარი,6/23/2017,6/23/2017
CNY,10,3.5273,0.0000,ჩინური იუანი,6/22/2017,6/22/2017
RUB,100,4.0412,0.0000,რუსული რუბლი,6/22/2017,6/22/2017
USD,1,2.4081,0.0000,აშშ დოლარი,6/22/2017,6/22/2017
CNY,10,3.5275,0.0000,ჩინური იუანი,6/21/2017,6/21/2017
RUB,100,4.0731,0.0000,რუსული რუბლი,6/21/2017,6/21/2017
USD,1,2.4081,0.0000,აშშ დოლარი,6/21/2017,6/21/2017
CNY,10,3.5345,0.0000,ჩინური იუანი,6/20/2017,6/20/2017
RUB,100,4.1401,0.0000,რუსული რუბლი,6/20/2017,6/20/2017
USD,1,2.4094,0.0000,აშშ დოლარი,6/20/2017,6/20/2017
CNY,10,3.5375,0.0000,ჩინური იუანი,6/19/2017,6/19/2017
RUB,100,4.1834,0.0000,რუსული რუბლი,6/19/2017,6/19/2017
USD,1,2.4106,0.0000,აშშ დოლარი,6/19/2017,6/19/2017
CNY,10,3.5375,0.0000,ჩინური იუანი,6/18/2017,6/18/2017
RUB,100,4.1834,0.0000,რუსული რუბლი,6/18/2017,6/18/2017
USD,1,2.4106,0.0000,აშშ დოლარი,6/18/2017,6/18/2017
CNY,10,3.5375,0.0000,ჩინური იუანი,6/17/2017,6/17/2017
RUB,100,4.1834,0.0000,რუსული რუბლი,6/17/2017,6/17/2017
USD,1,2.4106,0.0000,აშშ დოლარი,6/17/2017,6/17/2017
CNY,10,3.5396,0.0000,ჩინური იუანი,6/16/2017,6/16/2017
RUB,100,4.1888,0.0000,რუსული რუბლი,6/16/2017,6/16/2017
USD,1,2.4083,0.0000,აშშ დოლარი,6/16/2017,6/16/2017
CNY,10,3.5462,0.0000,ჩინური იუანი,6/15/2017,6/15/2017
RUB,100,4.2241,0.0000,რუსული რუბლი,6/15/2017,6/15/2017
USD,1,2.4101,0.0000,აშშ დოლარი,6/15/2017,6/15/2017
CNY,10,3.5463,0.0000,ჩინური იუანი,6/14/2017,6/14/2017
RUB,100,4.2363,0.0000,რუსული რუბლი,6/14/2017,6/14/2017
USD,1,2.4105,0.0000,აშშ დოლარი,6/14/2017,6/14/2017
CNY,10,3.5390,0.0000,ჩინური იუანი,6/13/2017,6/13/2017
RUB,100,4.2188,0.0000,რუსული რუბლი,6/13/2017,6/13/2017
USD,1,2.4062,0.0000,აშშ დოლარი,6/13/2017,6/13/2017
CNY,10,3.5420,0.0000,ჩინური იუანი,6/12/2017,6/12/2017
RUB,100,4.2290,0.0000,რუსული რუბლი,6/12/2017,6/12/2017
USD,1,2.4075,0.0000,აშშ დოლარი,6/12/2017,6/12/2017
CNY,10,3.5420,0.0000,ჩინური იუანი,6/11/2017,6/11/2017
RUB,100,4.2290,0.0000,რუსული რუბლი,6/11/2017,6/11/2017
USD,1,2.4075,0.0000,აშშ დოლარი,6/11/2017,6/11/2017
CNY,10,3.5420,0.0000,ჩინური იუანი,6/10/2017,6/10/2017
RUB,100,4.2290,0.0000,რუსული რუბლი,6/10/2017,6/10/2017
USD,1,2.4075,0.0000,აშშ დოლარი,6/10/2017,6/10/2017
CNY,10,3.5444,0.0000,ჩინური იუანი,6/9/2017,6/9/2017
RUB,100,4.2302,0.0000,რუსული რუბლი,6/9/2017,6/9/2017
USD,1,2.4085,0.0000,აშშ დოლარი,6/9/2017,6/9/2017
CNY,10,3.5436,0.0000,ჩინური იუანი,6/8/2017,6/8/2017
RUB,100,4.2482,0.0000,რუსული რუბლი,6/8/2017,6/8/2017
USD,1,2.4088,0.0000,აშშ დოლარი,6/8/2017,6/8/2017
CNY,10,3.5446,0.0000,ჩინური იუანი,6/7/2017,6/7/2017
RUB,100,4.2469,0.0000,რუსული რუბლი,6/7/2017,6/7/2017
USD,1,2.4086,0.0000,აშშ დოლარი,6/7/2017,6/7/2017
CNY,10,3.5615,0.0000,ჩინური იუანი,6/6/2017,6/6/2017
RUB,100,4.2725,0.0000,რუსული რუბლი,6/6/2017,6/6/2017
USD,1,2.4233,0.0000,აშშ დოლარი,6/6/2017,6/6/2017
CNY,10,3.5559,0.0000,ჩინური იუანი,6/5/2017,6/5/2017
RUB,100,4.2785,0.0000,რუსული რუბლი,6/5/2017,6/5/2017
USD,1,2.4253,0.0000,აშშ დოლარი,6/5/2017,6/5/2017
CNY,10,3.5559,0.0000,ჩინური იუანი,6/4/2017,6/4/2017
RUB,100,4.2785,0.0000,რუსული რუბლი,6/4/2017,6/4/2017
USD,1,2.4253,0.0000,აშშ დოლარი,6/4/2017,6/4/2017
CNY,10,3.5559,0.0000,ჩინური იუანი,6/3/2017,6/3/2017
RUB,100,4.2785,0.0000,რუსული რუბლი,6/3/2017,6/3/2017
USD,1,2.4253,0.0000,აშშ დოლარი,6/3/2017,6/3/2017
CNY,10,3.5517,0.0000,ჩინური იუანი,6/2/2017,6/2/2017
RUB,100,4.2690,0.0000,რუსული რუბლი,6/2/2017,6/2/2017
USD,1,2.4179,0.0000,აშშ დოლარი,6/2/2017,6/2/2017
CNY,10,3.5496,0.0000,ჩინური იუანი,6/1/2017,6/1/2017
RUB,100,4.2638,0.0000,რუსული რუბლი,6/1/2017,6/1/2017
USD,1,2.4181,0.0000,აშშ დოლარი,6/1/2017,6/1/2017
CNY,10,3.5408,0.0000,ჩინური იუანი,5/31/2017,5/31/2017
RUB,100,4.2974,0.0000,რუსული რუბლი,5/31/2017,5/31/2017
USD,1,2.4274,0.0000,აშშ დოლარი,5/31/2017,5/31/2017
CNY,10,3.5382,0.0000,ჩინური იუანი,5/30/2017,5/30/2017
RUB,100,4.2947,0.0000,რუსული რუბლი,5/30/2017,5/30/2017
USD,1,2.4256,0.0000,აშშ დოლარი,5/30/2017,5/30/2017
CNY,10,3.5175,0.0000,ჩინური იუანი,5/29/2017,5/29/2017
RUB,100,4.2921,0.0000,რუსული რუბლი,5/29/2017,5/29/2017
USD,1,2.4172,0.0000,აშშ დოლარი,5/29/2017,5/29/2017
CNY,10,3.5175,0.0000,ჩინური იუანი,5/28/2017,5/28/2017
RUB,100,4.2921,0.0000,რუსული რუბლი,5/28/2017,5/28/2017
USD,1,2.4172,0.0000,აშშ დოლარი,5/28/2017,5/28/2017
CNY,10,3.5175,0.0000,ჩინური იუანი,5/27/2017,5/27/2017
RUB,100,4.2921,0.0000,რუსული რუბლი,5/27/2017,5/27/2017
USD,1,2.4172,0.0000,აშშ დოლარი,5/27/2017,5/27/2017
CNY,10,3.5175,0.0000,ჩინური იუანი,5/26/2017,5/26/2017
RUB,100,4.2921,0.0000,რუსული რუბლი,5/26/2017,5/26/2017
USD,1,2.4172,0.0000,აშშ დოლარი,5/26/2017,5/26/2017
CNY,10,3.4941,0.0000,ჩინური იუანი,5/25/2017,5/25/2017
RUB,100,4.2663,0.0000,რუსული რუბლი,5/25/2017,5/25/2017
USD,1,2.4076,0.0000,აშშ დოლარი,5/25/2017,5/25/2017
CNY,10,3.5050,0.0000,ჩინური იუანი,5/24/2017,5/24/2017
RUB,100,4.2758,0.0000,რუსული რუბლი,5/24/2017,5/24/2017
USD,1,2.4144,0.0000,აშშ დოლარი,5/24/2017,5/24/2017
CNY,10,3.5138,0.0000,ჩინური იუანი,5/23/2017,5/23/2017
RUB,100,4.2722,0.0000,რუსული რუბლი,5/23/2017,5/23/2017
USD,1,2.4217,0.0000,აშშ დოლარი,5/23/2017,5/23/2017
CNY,10,3.4988,0.0000,ჩინური იუანი,5/22/2017,5/22/2017
RUB,100,4.2182,0.0000,რუსული რუბლი,5/22/2017,5/22/2017
USD,1,2.4104,0.0000,აშშ დოლარი,5/22/2017,5/22/2017
CNY,10,3.4988,0.0000,ჩინური იუანი,5/21/2017,5/21/2017
RUB,100,4.2182,0.0000,რუსული რუბლი,5/21/2017,5/21/2017
USD,1,2.4104,0.0000,აშშ დოლარი,5/21/2017,5/21/2017
CNY,10,3.4988,0.0000,ჩინური იუანი,5/20/2017,5/20/2017
RUB,100,4.2182,0.0000,რუსული რუბლი,5/20/2017,5/20/2017
USD,1,2.4104,0.0000,აშშ დოლარი,5/20/2017,5/20/2017
CNY,10,3.4949,0.0000,ჩინური იუანი,5/19/2017,5/19/2017
RUB,100,4.1614,0.0000,რუსული რუბლი,5/19/2017,5/19/2017
USD,1,2.4086,0.0000,აშშ დოლარი,5/19/2017,5/19/2017
CNY,10,3.5005,0.0000,ჩინური იუანი,5/18/2017,5/18/2017
RUB,100,4.2530,0.0000,რუსული რუბლი,5/18/2017,5/18/2017
USD,1,2.4115,0.0000,აშშ დოლარი,5/18/2017,5/18/2017
CNY,10,3.5182,0.0000,ჩინური იუანი,5/17/2017,5/17/2017
RUB,100,4.3005,0.0000,რუსული რუბლი,5/17/2017,5/17/2017
USD,1,2.4242,0.0000,აშშ დოლარი,5/17/2017,5/17/2017
CNY,10,3.5255,0.0000,ჩინური იუანი,5/16/2017,5/16/2017
RUB,100,4.3118,0.0000,რუსული რუბლი,5/16/2017,5/16/2017
USD,1,2.4307,0.0000,აშშ დოლარი,5/16/2017,5/16/2017
CNY,10,3.5373,0.0000,ჩინური იუანი,5/15/2017,5/15/2017
RUB,100,4.2775,0.0000,რუსული რუბლი,5/15/2017,5/15/2017
USD,1,2.4415,0.0000,აშშ დოლარი,5/15/2017,5/15/2017
CNY,10,3.5373,0.0000,ჩინური იუანი,5/14/2017,5/14/2017
RUB,100,4.2775,0.0000,რუსული რუბლი,5/14/2017,5/14/2017
USD,1,2.4415,0.0000,აშშ დოლარი,5/14/2017,5/14/2017
CNY,10,3.5373,0.0000,ჩინური იუანი,5/13/2017,5/13/2017
RUB,100,4.2775,0.0000,რუსული რუბლი,5/13/2017,5/13/2017
USD,1,2.4415,0.0000,აშშ დოლარი,5/13/2017,5/13/2017
CNY,10,3.5373,0.0000,ჩინური იუანი,5/12/2017,5/12/2017
RUB,100,4.2775,0.0000,რუსული რუბლი,5/12/2017,5/12/2017
USD,1,2.4415,0.0000,აშშ დოლარი,5/12/2017,5/12/2017
CNY,10,3.5285,0.0000,ჩინური იუანი,5/11/2017,5/11/2017
RUB,100,4.1925,0.0000,რუსული რუბლი,5/11/2017,5/11/2017
USD,1,2.4362,0.0000,აშშ დოლარი,5/11/2017,5/11/2017
CNY,10,3.5300,0.0000,ჩინური იუანი,5/10/2017,5/10/2017
RUB,100,4.1831,0.0000,რუსული რუბლი,5/10/2017,5/10/2017
USD,1,2.4370,0.0000,აშშ დოლარი,5/10/2017,5/10/2017
CNY,10,3.5300,0.0000,ჩინური იუანი,5/9/2017,5/9/2017
RUB,100,4.1831,0.0000,რუსული რუბლი,5/9/2017,5/9/2017
USD,1,2.4370,0.0000,აშშ დოლარი,5/9/2017,5/9/2017
CNY,10,3.5331,0.0000,ჩინური იუანი,5/8/2017,5/8/2017
RUB,100,4.1734,0.0000,რუსული რუბლი,5/8/2017,5/8/2017
USD,1,2.4384,0.0000,აშშ დოლარი,5/8/2017,5/8/2017
CNY,10,3.5331,0.0000,ჩინური იუანი,5/7/2017,5/7/2017
RUB,100,4.1734,0.0000,რუსული რუბლი,5/7/2017,5/7/2017
USD,1,2.4384,0.0000,აშშ დოლარი,5/7/2017,5/7/2017
CNY,10,3.5331,0.0000,ჩინური იუანი,5/6/2017,5/6/2017
RUB,100,4.1734,0.0000,რუსული რუბლი,5/6/2017,5/6/2017
USD,1,2.4384,0.0000,აშშ დოლარი,5/6/2017,5/6/2017
CNY,10,3.5385,0.0000,ჩინური იუანი,5/5/2017,5/5/2017
RUB,100,4.2262,0.0000,რუსული რუბლი,5/5/2017,5/5/2017
USD,1,2.4399,0.0000,აშშ დოლარი,5/5/2017,5/5/2017
CNY,10,3.5423,0.0000,ჩინური იუანი,5/4/2017,5/4/2017
RUB,100,4.2694,0.0000,რუსული რუბლი,5/4/2017,5/4/2017
USD,1,2.4416,0.0000,აშშ დოლარი,5/4/2017,5/4/2017
CNY,10,3.5411,0.0000,ჩინური იუანი,5/3/2017,5/3/2017
RUB,100,4.2820,0.0000,რუსული რუბლი,5/3/2017,5/3/2017
USD,1,2.4416,0.0000,აშშ დოლარი,5/3/2017,5/3/2017
CNY,10,3.5412,0.0000,ჩინური იუანი,5/2/2017,5/2/2017
RUB,100,4.2885,0.0000,რუსული რუბლი,5/2/2017,5/2/2017
USD,1,2.4411,0.0000,აშშ დოლარი,5/2/2017,5/2/2017
CNY,10,3.5406,0.0000,ჩინური იუანი,5/1/2017,5/1/2017
RUB,100,4.2768,0.0000,რუსული რუბლი,5/1/2017,5/1/2017
USD,1,2.4416,0.0000,აშშ დოლარი,5/1/2017,5/1/2017
CNY,10,3.5406,0.0000,ჩინური იუანი,4/30/2017,4/30/2017
RUB,100,4.2768,0.0000,რუსული რუბლი,4/30/2017,4/30/2017
USD,1,2.4416,0.0000,აშშ დოლარი,4/30/2017,4/30/2017
CNY,10,3.5406,0.0000,ჩინური იუანი,4/29/2017,4/29/2017
RUB,100,4.2768,0.0000,რუსული რუბლი,4/29/2017,4/29/2017
USD,1,2.4416,0.0000,აშშ დოლარი,4/29/2017,4/29/2017
CNY,10,3.5903,0.0000,ჩინური იუანი,4/28/2017,4/28/2017
RUB,100,4.3579,0.0000,რუსული რუბლი,4/28/2017,4/28/2017
USD,1,2.4751,0.0000,აშშ დოლარი,4/28/2017,4/28/2017
CNY,10,3.5947,0.0000,ჩინური იუანი,4/27/2017,4/27/2017
RUB,100,4.3797,0.0000,რუსული რუბლი,4/27/2017,4/27/2017
USD,1,2.4773,0.0000,აშშ დოლარი,4/27/2017,4/27/2017
CNY,10,3.5502,0.0000,ჩინური იუანი,4/26/2017,4/26/2017
RUB,100,4.3614,0.0000,რუსული რუბლი,4/26/2017,4/26/2017
USD,1,2.4444,0.0000,აშშ დოლარი,4/26/2017,4/26/2017
CNY,10,3.5002,0.0000,ჩინური იუანი,4/25/2017,4/25/2017
RUB,100,4.3181,0.0000,რუსული რუბლი,4/25/2017,4/25/2017
USD,1,2.4100,0.0000,აშშ დოლარი,4/25/2017,4/25/2017
CNY,10,3.4910,0.0000,ჩინური იუანი,4/24/2017,4/24/2017
RUB,100,4.2720,0.0000,რუსული რუბლი,4/24/2017,4/24/2017
USD,1,2.4038,0.0000,აშშ დოლარი,4/24/2017,4/24/2017
CNY,10,3.4910,0.0000,ჩინური იუანი,4/23/2017,4/23/2017
RUB,100,4.2720,0.0000,რუსული რუბლი,4/23/2017,4/23/2017
USD,1,2.4038,0.0000,აშშ დოლარი,4/23/2017,4/23/2017
CNY,10,3.4910,0.0000,ჩინური იუანი,4/22/2017,4/22/2017
RUB,100,4.2720,0.0000,რუსული რუბლი,4/22/2017,4/22/2017
USD,1,2.4038,0.0000,აშშ დოლარი,4/22/2017,4/22/2017
CNY,10,3.4783,0.0000,ჩინური იუანი,4/21/2017,4/21/2017
RUB,100,4.2538,0.0000,რუსული რუბლი,4/21/2017,4/21/2017
USD,1,2.3943,0.0000,აშშ დოლარი,4/21/2017,4/21/2017
CNY,10,3.4798,0.0000,ჩინური იუანი,4/20/2017,4/20/2017
RUB,100,4.2692,0.0000,რუსული რუბლი,4/20/2017,4/20/2017
USD,1,2.3963,0.0000,აშშ დოლარი,4/20/2017,4/20/2017
CNY,10,3.4603,0.0000,ჩინური იუანი,4/19/2017,4/19/2017
RUB,100,4.2494,0.0000,რუსული რუბლი,4/19/2017,4/19/2017
USD,1,2.3824,0.0000,აშშ დოლარი,4/19/2017,4/19/2017
CNY,10,3.4698,0.0000,ჩინური იუანი,4/18/2017,4/18/2017
RUB,100,4.2223,0.0000,რუსული რუბლი,4/18/2017,4/18/2017
USD,1,2.3896,0.0000,აშშ დოლარი,4/18/2017,4/18/2017
CNY,10,3.4698,0.0000,ჩინური იუანი,4/17/2017,4/17/2017
RUB,100,4.2223,0.0000,რუსული რუბლი,4/17/2017,4/17/2017
USD,1,2.3896,0.0000,აშშ დოლარი,4/17/2017,4/17/2017
CNY,10,3.4698,0.0000,ჩინური იუანი,4/16/2017,4/16/2017
RUB,100,4.2223,0.0000,რუსული რუბლი,4/16/2017,4/16/2017
USD,1,2.3896,0.0000,აშშ დოლარი,4/16/2017,4/16/2017
CNY,10,3.4698,0.0000,ჩინური იუანი,4/15/2017,4/15/2017
RUB,100,4.2223,0.0000,რუსული რუბლი,4/15/2017,4/15/2017
USD,1,2.3896,0.0000,აშშ დოლარი,4/15/2017,4/15/2017
CNY,10,3.4698,0.0000,ჩინური იუანი,4/14/2017,4/14/2017
RUB,100,4.2223,0.0000,რუსული რუბლი,4/14/2017,4/14/2017
USD,1,2.3896,0.0000,აშშ დოლარი,4/14/2017,4/14/2017
CNY,10,3.4691,0.0000,ჩინური იუანი,4/13/2017,4/13/2017
RUB,100,4.2011,0.0000,რუსული რუბლი,4/13/2017,4/13/2017
USD,1,2.3915,0.0000,აშშ დოლარი,4/13/2017,4/13/2017
CNY,10,3.4912,0.0000,ჩინური იუანი,4/12/2017,4/12/2017
RUB,100,4.2322,0.0000,რუსული რუბლი,4/12/2017,4/12/2017
USD,1,2.4097,0.0000,აშშ დოლარი,4/12/2017,4/12/2017
CNY,10,3.4995,0.0000,ჩინური იუანი,4/11/2017,4/11/2017
RUB,100,4.2151,0.0000,რუსული რუბლი,4/11/2017,4/11/2017
USD,1,2.4158,0.0000,აშშ დოლარი,4/11/2017,4/11/2017
CNY,10,3.5015,0.0000,ჩინური იუანი,4/10/2017,4/10/2017
RUB,100,4.2441,0.0000,რუსული რუბლი,4/10/2017,4/10/2017
USD,1,2.4151,0.0000,აშშ დოლარი,4/10/2017,4/10/2017
CNY,10,3.5015,0.0000,ჩინური იუანი,4/9/2017,4/9/2017
RUB,100,4.2441,0.0000,რუსული რუბლი,4/9/2017,4/9/2017
USD,1,2.4151,0.0000,აშშ დოლარი,4/9/2017,4/9/2017
CNY,10,3.5015,0.0000,ჩინური იუანი,4/8/2017,4/8/2017
RUB,100,4.2441,0.0000,რუსული რუბლი,4/8/2017,4/8/2017
USD,1,2.4151,0.0000,აშშ დოლარი,4/8/2017,4/8/2017
CNY,10,3.5179,0.0000,ჩინური იუანი,4/7/2017,4/7/2017
RUB,100,4.3035,0.0000,რუსული რუბლი,4/7/2017,4/7/2017
USD,1,2.4270,0.0000,აშშ დოლარი,4/7/2017,4/7/2017
CNY,10,3.5203,0.0000,ჩინური იუანი,4/6/2017,4/6/2017
RUB,100,4.3279,0.0000,რუსული რუბლი,4/6/2017,4/6/2017
USD,1,2.4276,0.0000,აშშ დოლარი,4/6/2017,4/6/2017
CNY,10,3.5167,0.0000,ჩინური იუანი,4/5/2017,4/5/2017
RUB,100,4.2933,0.0000,რუსული რუბლი,4/5/2017,4/5/2017
USD,1,2.4220,0.0000,აშშ დოლარი,4/5/2017,4/5/2017
CNY,10,3.5361,0.0000,ჩინური იუანი,4/4/2017,4/4/2017
RUB,100,4.3238,0.0000,რუსული რუბლი,4/4/2017,4/4/2017
USD,1,2.4354,0.0000,აშშ დოლარი,4/4/2017,4/4/2017
CNY,10,3.5287,0.0000,ჩინური იუანი,4/3/2017,4/3/2017
RUB,100,4.3139,0.0000,რუსული რუბლი,4/3/2017,4/3/2017
USD,1,2.4313,0.0000,აშშ დოლარი,4/3/2017,4/3/2017
CNY,10,3.5287,0.0000,ჩინური იუანი,4/2/2017,4/2/2017
RUB,100,4.3139,0.0000,რუსული რუბლი,4/2/2017,4/2/2017
USD,1,2.4313,0.0000,აშშ დოლარი,4/2/2017,4/2/2017
CNY,10,3.5287,0.0000,ჩინური იუანი,4/1/2017,4/1/2017
RUB,100,4.3139,0.0000,რუსული რუბლი,4/1/2017,4/1/2017
USD,1,2.4313,0.0000,აშშ დოლარი,4/1/2017,4/1/2017
CNY,10,3.5490,0.0000,ჩინური იუანი,3/31/2017,3/31/2017
RUB,100,4.3422,0.0000,რუსული რუბლი,3/31/2017,3/31/2017
USD,1,2.4452,0.0000,აშშ დოლარი,3/31/2017,3/31/2017
CNY,10,3.5516,0.0000,ჩინური იუანი,3/30/2017,3/30/2017
RUB,100,4.2951,0.0000,რუსული რუბლი,3/30/2017,3/30/2017
USD,1,2.4472,0.0000,აშშ დოლარი,3/30/2017,3/30/2017
CNY,10,3.5484,0.0000,ჩინური იუანი,3/29/2017,3/29/2017
RUB,100,4.2753,0.0000,რუსული რუბლი,3/29/2017,3/29/2017
USD,1,2.4432,0.0000,აშშ დოლარი,3/29/2017,3/29/2017
CNY,10,3.5561,0.0000,ჩინური იუანი,3/28/2017,3/28/2017
RUB,100,4.3079,0.0000,რუსული რუბლი,3/28/2017,3/28/2017
USD,1,2.4455,0.0000,აშშ დოლარი,3/28/2017,3/28/2017
CNY,10,3.5598,0.0000,ჩინური იუანი,3/27/2017,3/27/2017
RUB,100,4.2821,0.0000,რუსული რუბლი,3/27/2017,3/27/2017
USD,1,2.4513,0.0000,აშშ დოლარი,3/27/2017,3/27/2017
CNY,10,3.5598,0.0000,ჩინური იუანი,3/26/2017,3/26/2017
RUB,100,4.2821,0.0000,რუსული რუბლი,3/26/2017,3/26/2017
USD,1,2.4513,0.0000,აშშ დოლარი,3/26/2017,3/26/2017
CNY,10,3.5598,0.0000,ჩინური იუანი,3/25/2017,3/25/2017
RUB,100,4.2821,0.0000,რუსული რუბლი,3/25/2017,3/25/2017
USD,1,2.4513,0.0000,აშშ დოლარი,3/25/2017,3/25/2017
CNY,10,3.5584,0.0000,ჩინური იუანი,3/24/2017,3/24/2017
RUB,100,4.2605,0.0000,რუსული რუბლი,3/24/2017,3/24/2017
USD,1,2.4509,0.0000,აშშ დოლარი,3/24/2017,3/24/2017
CNY,10,3.5570,0.0000,ჩინური იუანი,3/23/2017,3/23/2017
RUB,100,4.2270,0.0000,რუსული რუბლი,3/23/2017,3/23/2017
USD,1,2.4498,0.0000,აშშ დოლარი,3/23/2017,3/23/2017
CNY,10,3.5548,0.0000,ჩინური იუანი,3/22/2017,3/22/2017
RUB,100,4.2862,0.0000,რუსული რუბლი,3/22/2017,3/22/2017
USD,1,2.4491,0.0000,აშშ დოლარი,3/22/2017,3/22/2017
CNY,10,3.5928,0.0000,ჩინური იუანი,3/21/2017,3/21/2017
RUB,100,4.3181,0.0000,რუსული რუბლი,3/21/2017,3/21/2017
USD,1,2.4816,0.0000,აშშ დოლარი,3/21/2017,3/21/2017
CNY,10,3.5940,0.0000,ჩინური იუანი,3/20/2017,3/20/2017
RUB,100,4.2974,0.0000,რუსული რუბლი,3/20/2017,3/20/2017
USD,1,2.4817,0.0000,აშშ დოლარი,3/20/2017,3/20/2017
CNY,10,3.5940,0.0000,ჩინური იუანი,3/19/2017,3/19/2017
RUB,100,4.2974,0.0000,რუსული რუბლი,3/19/2017,3/19/2017
USD,1,2.4817,0.0000,აშშ დოლარი,3/19/2017,3/19/2017
CNY,10,3.5940,0.0000,ჩინური იუანი,3/18/2017,3/18/2017
RUB,100,4.2974,0.0000,რუსული რუბლი,3/18/2017,3/18/2017
USD,1,2.4817,0.0000,აშშ დოლარი,3/18/2017,3/18/2017
CNY,10,3.6277,0.0000,ჩინური იუანი,3/17/2017,3/17/2017
RUB,100,4.3141,0.0000,რუსული რუბლი,3/17/2017,3/17/2017
USD,1,2.5039,0.0000,აშშ დოლარი,3/17/2017,3/17/2017
CNY,10,3.6037,0.0000,ჩინური იუანი,3/16/2017,3/16/2017
RUB,100,4.2175,0.0000,რუსული რუბლი,3/16/2017,3/16/2017
USD,1,2.4910,0.0000,აშშ დოლარი,3/16/2017,3/16/2017
CNY,10,3.5950,0.0000,ჩინური იუანი,3/15/2017,3/15/2017
RUB,100,4.2137,0.0000,რუსული რუბლი,3/15/2017,3/15/2017
USD,1,2.4854,0.0000,აშშ დოლარი,3/15/2017,3/15/2017
CNY,10,3.6253,0.0000,ჩინური იუანი,3/14/2017,3/14/2017
RUB,100,4.2372,0.0000,რუსული რუბლი,3/14/2017,3/14/2017
USD,1,2.5052,0.0000,აშშ დოლარი,3/14/2017,3/14/2017
CNY,10,3.6309,0.0000,ჩინური იუანი,3/13/2017,3/13/2017
RUB,100,4.2481,0.0000,რუსული რუბლი,3/13/2017,3/13/2017
USD,1,2.5111,0.0000,აშშ დოლარი,3/13/2017,3/13/2017
CNY,10,3.6309,0.0000,ჩინური იუანი,3/12/2017,3/12/2017
RUB,100,4.2481,0.0000,რუსული რუბლი,3/12/2017,3/12/2017
USD,1,2.5111,0.0000,აშშ დოლარი,3/12/2017,3/12/2017
CNY,10,3.6309,0.0000,ჩინური იუანი,3/11/2017,3/11/2017
RUB,100,4.2481,0.0000,რუსული რუბლი,3/11/2017,3/11/2017
USD,1,2.5111,0.0000,აშშ დოლარი,3/11/2017,3/11/2017
CNY,10,3.5845,0.0000,ჩინური იუანი,3/10/2017,3/10/2017
RUB,100,4.1845,0.0000,რუსული რუბლი,3/10/2017,3/10/2017
USD,1,2.4767,0.0000,აშშ დოლარი,3/10/2017,3/10/2017
CNY,10,3.5647,0.0000,ჩინური იუანი,3/9/2017,3/9/2017
RUB,100,4.2386,0.0000,რუსული რუბლი,3/9/2017,3/9/2017
USD,1,2.4596,0.0000,აშშ დოლარი,3/9/2017,3/9/2017
CNY,10,3.5647,0.0000,ჩინური იუანი,3/8/2017,3/8/2017
RUB,100,4.2386,0.0000,რუსული რუბლი,3/8/2017,3/8/2017
USD,1,2.4596,0.0000,აშშ დოლარი,3/8/2017,3/8/2017
CNY,10,3.5675,0.0000,ჩინური იუანი,3/7/2017,3/7/2017
RUB,100,4.2363,0.0000,რუსული რუბლი,3/7/2017,3/7/2017
USD,1,2.4604,0.0000,აშშ დოლარი,3/7/2017,3/7/2017
CNY,10,3.5283,0.0000,ჩინური იუანი,3/6/2017,3/6/2017
RUB,100,4.1506,0.0000,რუსული რუბლი,3/6/2017,3/6/2017
USD,1,2.4289,0.0000,აშშ დოლარი,3/6/2017,3/6/2017
CNY,10,3.5283,0.0000,ჩინური იუანი,3/5/2017,3/5/2017
RUB,100,4.1506,0.0000,რუსული რუბლი,3/5/2017,3/5/2017
USD,1,2.4289,0.0000,აშშ დოლარი,3/5/2017,3/5/2017
CNY,10,3.5283,0.0000,ჩინური იუანი,3/4/2017,3/4/2017
RUB,100,4.1506,0.0000,რუსული რუბლი,3/4/2017,3/4/2017
USD,1,2.4289,0.0000,აშშ დოლარი,3/4/2017,3/4/2017
CNY,10,3.5283,0.0000,ჩინური იუანი,3/3/2017,3/3/2017
RUB,100,4.1506,0.0000,რუსული რუბლი,3/3/2017,3/3/2017
USD,1,2.4289,0.0000,აშშ დოლარი,3/3/2017,3/3/2017
CNY,10,3.6085,0.0000,ჩინური იუანი,3/2/2017,3/2/2017
RUB,100,4.2718,0.0000,რუსული რუბლი,3/2/2017,3/2/2017
USD,1,2.4828,0.0000,აშშ დოლარი,3/2/2017,3/2/2017
CNY,10,3.7112,0.0000,ჩინური იუანი,3/1/2017,3/1/2017
RUB,100,4.3961,0.0000,რუსული რუბლი,3/1/2017,3/1/2017
USD,1,2.5494,0.0000,აშშ დოლარი,3/1/2017,3/1/2017
CNY,10,3.7613,0.0000,ჩინური იუანი,2/28/2017,2/28/2017
RUB,100,4.4784,0.0000,რუსული რუბლი,2/28/2017,2/28/2017
USD,1,2.5837,0.0000,აშშ დოლარი,2/28/2017,2/28/2017
CNY,10,3.7662,0.0000,ჩინური იუანი,2/27/2017,2/27/2017
RUB,100,4.4717,0.0000,რუსული რუბლი,2/27/2017,2/27/2017
USD,1,2.5883,0.0000,აშშ დოლარი,2/27/2017,2/27/2017
CNY,10,3.7662,0.0000,ჩინური იუანი,2/26/2017,2/26/2017
RUB,100,4.4717,0.0000,რუსული რუბლი,2/26/2017,2/26/2017
USD,1,2.5883,0.0000,აშშ დოლარი,2/26/2017,2/26/2017
CNY,10,3.7662,0.0000,ჩინური იუანი,2/25/2017,2/25/2017
RUB,100,4.4717,0.0000,რუსული რუბლი,2/25/2017,2/25/2017
USD,1,2.5883,0.0000,აშშ დოლარი,2/25/2017,2/25/2017
CNY,10,3.7823,0.0000,ჩინური იუანი,2/24/2017,2/24/2017
RUB,100,4.4836,0.0000,რუსული რუბლი,2/24/2017,2/24/2017
USD,1,2.6014,0.0000,აშშ დოლარი,2/24/2017,2/24/2017
CNY,10,3.7842,0.0000,ჩინური იუანი,2/23/2017,2/23/2017
RUB,100,4.4992,0.0000,რუსული რუბლი,2/23/2017,2/23/2017
USD,1,2.6029,0.0000,აშშ დოლარი,2/23/2017,2/23/2017
CNY,10,3.8240,0.0000,ჩინური იუანი,2/22/2017,2/22/2017
RUB,100,4.5517,0.0000,რუსული რუბლი,2/22/2017,2/22/2017
USD,1,2.6325,0.0000,აშშ დოლარი,2/22/2017,2/22/2017
CNY,10,3.8364,0.0000,ჩინური იუანი,2/21/2017,2/21/2017
RUB,100,4.5439,0.0000,რუსული რუბლი,2/21/2017,2/21/2017
USD,1,2.6386,0.0000,აშშ დოლარი,2/21/2017,2/21/2017
CNY,10,3.8481,0.0000,ჩინური იუანი,2/20/2017,2/20/2017
RUB,100,4.5453,0.0000,რუსული რუბლი,2/20/2017,2/20/2017
USD,1,2.6429,0.0000,აშშ დოლარი,2/20/2017,2/20/2017
CNY,10,3.8481,0.0000,ჩინური იუანი,2/19/2017,2/19/2017
RUB,100,4.5453,0.0000,რუსული რუბლი,2/19/2017,2/19/2017
USD,1,2.6429,0.0000,აშშ დოლარი,2/19/2017,2/19/2017
CNY,10,3.8481,0.0000,ჩინური იუანი,2/18/2017,2/18/2017
RUB,100,4.5453,0.0000,რუსული რუბლი,2/18/2017,2/18/2017
USD,1,2.6429,0.0000,აშშ დოლარი,2/18/2017,2/18/2017
CNY,10,3.8518,0.0000,ჩინური იუანი,2/17/2017,2/17/2017
RUB,100,4.6168,0.0000,რუსული რუბლი,2/17/2017,2/17/2017
USD,1,2.6419,0.0000,აშშ დოლარი,2/17/2017,2/17/2017
CNY,10,3.8492,0.0000,ჩინური იუანი,2/16/2017,2/16/2017
RUB,100,4.6175,0.0000,რუსული რუბლი,2/16/2017,2/16/2017
USD,1,2.6447,0.0000,აშშ დოლარი,2/16/2017,2/16/2017
CNY,10,3.8560,0.0000,ჩინური იუანი,2/15/2017,2/15/2017
RUB,100,4.6008,0.0000,რუსული რუბლი,2/15/2017,2/15/2017
USD,1,2.6467,0.0000,აშშ დოლარი,2/15/2017,2/15/2017
CNY,10,3.8218,0.0000,ჩინური იუანი,2/14/2017,2/14/2017
RUB,100,4.5355,0.0000,რუსული რუბლი,2/14/2017,2/14/2017
USD,1,2.6288,0.0000,აშშ დოლარი,2/14/2017,2/14/2017
CNY,10,3.8115,0.0000,ჩინური იუანი,2/13/2017,2/13/2017
RUB,100,4.4682,0.0000,რუსული რუბლი,2/13/2017,2/13/2017
USD,1,2.6223,0.0000,აშშ დოლარი,2/13/2017,2/13/2017
CNY,10,3.8115,0.0000,ჩინური იუანი,2/12/2017,2/12/2017
RUB,100,4.4682,0.0000,რუსული რუბლი,2/12/2017,2/12/2017
USD,1,2.6223,0.0000,აშშ დოლარი,2/12/2017,2/12/2017
CNY,10,3.8115,0.0000,ჩინური იუანი,2/11/2017,2/11/2017
RUB,100,4.4682,0.0000,რუსული რუბლი,2/11/2017,2/11/2017
USD,1,2.6223,0.0000,აშშ დოლარი,2/11/2017,2/11/2017
CNY,10,3.8528,0.0000,ჩინური იუანი,2/10/2017,2/10/2017
RUB,100,4.4957,0.0000,რუსული რუბლი,2/10/2017,2/10/2017
USD,1,2.6454,0.0000,აშშ დოლარი,2/10/2017,2/10/2017
CNY,10,3.8744,0.0000,ჩინური იუანი,2/9/2017,2/9/2017
RUB,100,4.4741,0.0000,რუსული რუბლი,2/9/2017,2/9/2017
USD,1,2.6627,0.0000,აშშ დოლარი,2/9/2017,2/9/2017
CNY,10,3.8722,0.0000,ჩინური იუანი,2/8/2017,2/8/2017
RUB,100,4.4843,0.0000,რუსული რუბლი,2/8/2017,2/8/2017
USD,1,2.6656,0.0000,აშშ დოლარი,2/8/2017,2/8/2017
CNY,10,3.9046,0.0000,ჩინური იუანი,2/7/2017,2/7/2017
RUB,100,4.5546,0.0000,რუსული რუბლი,2/7/2017,2/7/2017
USD,1,2.6795,0.0000,აშშ დოლარი,2/7/2017,2/7/2017
CNY,10,3.9019,0.0000,ჩინური იუანი,2/6/2017,2/6/2017
RUB,100,4.5118,0.0000,რუსული რუბლი,2/6/2017,2/6/2017
USD,1,2.6816,0.0000,აშშ დოლარი,2/6/2017,2/6/2017
CNY,10,3.9019,0.0000,ჩინური იუანი,2/5/2017,2/5/2017
RUB,100,4.5118,0.0000,რუსული რუბლი,2/5/2017,2/5/2017
USD,1,2.6816,0.0000,აშშ დოლარი,2/5/2017,2/5/2017
CNY,10,3.9019,0.0000,ჩინური იუანი,2/4/2017,2/4/2017
RUB,100,4.5118,0.0000,რუსული რუბლი,2/4/2017,2/4/2017
USD,1,2.6816,0.0000,აშშ დოლარი,2/4/2017,2/4/2017
CNY,10,3.9297,0.0000,ჩინური იუანი,2/3/2017,2/3/2017
RUB,100,4.5359,0.0000,რუსული რუბლი,2/3/2017,2/3/2017
USD,1,2.7052,0.0000,აშშ დოლარი,2/3/2017,2/3/2017
CNY,10,3.9352,0.0000,ჩინური იუანი,2/2/2017,2/2/2017
RUB,100,4.4910,0.0000,რუსული რუბლი,2/2/2017,2/2/2017
USD,1,2.7090,0.0000,აშშ დოლარი,2/2/2017,2/2/2017
CNY,10,3.9333,0.0000,ჩინური იუანი,2/1/2017,2/1/2017
RUB,100,4.5035,0.0000,რუსული რუბლი,2/1/2017,2/1/2017
USD,1,2.7077,0.0000,აშშ დოლარი,2/1/2017,2/1/2017
CNY,10,3.9310,0.0000,ჩინური იუანი,1/31/2017,1/31/2017
RUB,100,4.5211,0.0000,რუსული რუბლი,1/31/2017,1/31/2017
USD,1,2.7061,0.0000,აშშ დოლარი,1/31/2017,1/31/2017
CNY,10,3.9252,0.0000,ჩინური იუანი,1/30/2017,1/30/2017
RUB,100,4.5003,0.0000,რუსული რუბლი,1/30/2017,1/30/2017
USD,1,2.7021,0.0000,აშშ დოლარი,1/30/2017,1/30/2017
CNY,10,3.9252,0.0000,ჩინური იუანი,1/29/2017,1/29/2017
RUB,100,4.5003,0.0000,რუსული რუბლი,1/29/2017,1/29/2017
USD,1,2.7021,0.0000,აშშ დოლარი,1/29/2017,1/29/2017
CNY,10,3.9252,0.0000,ჩინური იუანი,1/28/2017,1/28/2017
RUB,100,4.5003,0.0000,რუსული რუბლი,1/28/2017,1/28/2017
USD,1,2.7021,0.0000,აშშ დოლარი,1/28/2017,1/28/2017
CNY,10,3.9217,0.0000,ჩინური იუანი,1/27/2017,1/27/2017
RUB,100,4.4939,0.0000,რუსული რუბლი,1/27/2017,1/27/2017
USD,1,2.6987,0.0000,აშშ დოლარი,1/27/2017,1/27/2017
CNY,10,3.9111,0.0000,ჩინური იუანი,1/26/2017,1/26/2017
RUB,100,4.5423,0.0000,რუსული რუბლი,1/26/2017,1/26/2017
USD,1,2.6922,0.0000,აშშ დოლარი,1/26/2017,1/26/2017
CNY,10,3.9203,0.0000,ჩინური იუანი,1/25/2017,1/25/2017
RUB,100,4.5436,0.0000,რუსული რუბლი,1/25/2017,1/25/2017
USD,1,2.6891,0.0000,აშშ დოლარი,1/25/2017,1/25/2017
CNY,10,3.9198,0.0000,ჩინური იუანი,1/24/2017,1/24/2017
RUB,100,4.5244,0.0000,რუსული რუბლი,1/24/2017,1/24/2017
USD,1,2.6868,0.0000,აშშ დოლარი,1/24/2017,1/24/2017
CNY,10,3.8908,0.0000,ჩინური იუანი,1/23/2017,1/23/2017
RUB,100,4.4722,0.0000,რუსული რუბლი,1/23/2017,1/23/2017
USD,1,2.6763,0.0000,აშშ დოლარი,1/23/2017,1/23/2017
CNY,10,3.8908,0.0000,ჩინური იუანი,1/22/2017,1/22/2017
RUB,100,4.4722,0.0000,რუსული რუბლი,1/22/2017,1/22/2017
USD,1,2.6763,0.0000,აშშ დოლარი,1/22/2017,1/22/2017
CNY,10,3.8908,0.0000,ჩინური იუანი,1/21/2017,1/21/2017
RUB,100,4.4722,0.0000,რუსული რუბლი,1/21/2017,1/21/2017
USD,1,2.6763,0.0000,აშშ დოლარი,1/21/2017,1/21/2017
CNY,10,3.8933,0.0000,ჩინური იუანი,1/20/2017,1/20/2017
RUB,100,4.4972,0.0000,რუსული რუბლი,1/20/2017,1/20/2017
USD,1,2.6624,0.0000,აშშ დოლარი,1/20/2017,1/20/2017
CNY,10,3.8933,0.0000,ჩინური იუანი,1/19/2017,1/19/2017
RUB,100,4.4972,0.0000,რუსული რუბლი,1/19/2017,1/19/2017
USD,1,2.6624,0.0000,აშშ დოლარი,1/19/2017,1/19/2017
CNY,10,3.8704,0.0000,ჩინური იუანი,1/18/2017,1/18/2017
RUB,100,4.4828,0.0000,რუსული რუბლი,1/18/2017,1/18/2017
USD,1,2.6543,0.0000,აშშ დოლარი,1/18/2017,1/18/2017
CNY,10,3.9254,0.0000,ჩინური იუანი,1/17/2017,1/17/2017
RUB,100,4.5444,0.0000,რუსული რუბლი,1/17/2017,1/17/2017
USD,1,2.7084,0.0000,აშშ დოლარი,1/17/2017,1/17/2017
CNY,10,3.9443,0.0000,ჩინური იუანი,1/16/2017,1/16/2017
RUB,100,4.5745,0.0000,რუსული რუბლი,1/16/2017,1/16/2017
USD,1,2.7211,0.0000,აშშ დოლარი,1/16/2017,1/16/2017
CNY,10,3.9443,0.0000,ჩინური იუანი,1/15/2017,1/15/2017
RUB,100,4.5745,0.0000,რუსული რუბლი,1/15/2017,1/15/2017
USD,1,2.7211,0.0000,აშშ დოლარი,1/15/2017,1/15/2017
CNY,10,3.9443,0.0000,ჩინური იუანი,1/14/2017,1/14/2017
RUB,100,4.5745,0.0000,რუსული რუბლი,1/14/2017,1/14/2017
USD,1,2.7211,0.0000,აშშ დოლარი,1/14/2017,1/14/2017
CNY,10,3.9684,0.0000,ჩინური იუანი,1/13/2017,1/13/2017
RUB,100,4.6129,0.0000,რუსული რუბლი,1/13/2017,1/13/2017
USD,1,2.7372,0.0000,აშშ დოლარი,1/13/2017,1/13/2017
CNY,10,3.9509,0.0000,ჩინური იუანი,1/12/2017,1/12/2017
RUB,100,4.5544,0.0000,რუსული რუბლი,1/12/2017,1/12/2017
USD,1,2.7395,0.0000,აშშ დოლარი,1/12/2017,1/12/2017
CNY,10,3.9579,0.0000,ჩინური იუანი,1/11/2017,1/11/2017
RUB,100,4.5681,0.0000,რუსული რუბლი,1/11/2017,1/11/2017
USD,1,2.7403,0.0000,აშშ დოლარი,1/11/2017,1/11/2017
CNY,10,3.9707,0.0000,ჩინური იუანი,1/10/2017,1/10/2017
RUB,100,4.5988,0.0000,რუსული რუბლი,1/10/2017,1/10/2017
USD,1,2.7550,0.0000,აშშ დოლარი,1/10/2017,1/10/2017
CNY,10,4.0005,0.0000,ჩინური იუანი,1/9/2017,1/9/2017
RUB,100,4.6779,0.0000,რუსული რუბლი,1/9/2017,1/9/2017
USD,1,2.7674,0.0000,აშშ დოლარი,1/9/2017,1/9/2017
CNY,10,4.0005,0.0000,ჩინური იუანი,1/8/2017,1/8/2017
RUB,100,4.6779,0.0000,რუსული რუბლი,1/8/2017,1/8/2017
USD,1,2.7674,0.0000,აშშ დოლარი,1/8/2017,1/8/2017
CNY,10,4.0005,0.0000,ჩინური იუანი,1/7/2017,1/7/2017
RUB,100,4.6779,0.0000,რუსული რუბლი,1/7/2017,1/7/2017
USD,1,2.7674,0.0000,აშშ დოლარი,1/7/2017,1/7/2017
CNY,10,3.9644,0.0000,ჩინური იუანი,1/6/2017,1/6/2017
RUB,100,4.5443,0.0000,რუსული რუბლი,1/6/2017,1/6/2017
USD,1,2.7303,0.0000,აშშ დოლარი,1/6/2017,1/6/2017
CNY,10,3.8448,0.0000,ჩინური იუანი,1/5/2017,1/5/2017
RUB,100,4.3683,0.0000,რუსული რუბლი,1/5/2017,1/5/2017
USD,1,2.6692,0.0000,აშშ დოლარი,1/5/2017,1/5/2017
CNY,10,3.8039,0.0000,ჩინური იუანი,1/4/2017,1/4/2017
RUB,100,4.3634,0.0000,რუსული რუბლი,1/4/2017,1/4/2017
USD,1,2.6478,0.0000,აშშ დოლარი,1/4/2017,1/4/2017
CNY,10,3.8115,0.0000,ჩინური იუანი,1/3/2017,1/3/2017
RUB,100,4.2999,0.0000,რუსული რუბლი,1/3/2017,1/3/2017
USD,1,2.6468,0.0000,აშშ დოლარი,1/3/2017,1/3/2017
CNY,10,3.8115,0.0000,ჩინური იუანი,1/2/2017,1/2/2017
RUB,100,4.2999,0.0000,რუსული რუბლი,1/2/2017,1/2/2017
USD,1,2.6468,0.0000,აშშ დოლარი,1/2/2017,1/2/2017
CNY,10,3.8115,0.0000,ჩინური იუანი,1/1/2017,1/1/2017
RUB,100,4.2999,0.0000,რუსული რუბლი,1/1/2017,1/1/2017
USD,1,2.6468,0.0000,აშშ დოლარი,1/1/2017,1/1/2017
CNY,10,3.8115,0.0000,ჩინური იუანი,12/31/2016,12/31/2016
RUB,100,4.2999,0.0000,რუსული რუბლი,12/31/2016,12/31/2016
USD,1,2.6468,0.0000,აშშ დოლარი,12/31/2016,12/31/2016
CNY,10,3.8205,0.0000,ჩინური იუანი,12/30/2016,12/30/2016
RUB,100,4.4108,0.0000,რუსული რუბლი,12/30/2016,12/30/2016
USD,1,2.6562,0.0000,აშშ დოლარი,12/30/2016,12/30/2016
CNY,10,3.8002,0.0000,ჩინური იუანი,12/29/2016,12/29/2016
RUB,100,4.3631,0.0000,რუსული რუბლი,12/29/2016,12/29/2016
USD,1,2.6441,0.0000,აშშ დოლარი,12/29/2016,12/29/2016
CNY,10,3.8379,0.0000,ჩინური იუანი,12/28/2016,12/28/2016
RUB,100,4.3851,0.0000,რუსული რუბლი,12/28/2016,12/28/2016
USD,1,2.6683,0.0000,აშშ დოლარი,12/28/2016,12/28/2016
CNY,10,3.9290,0.0000,ჩინური იუანი,12/27/2016,12/27/2016
RUB,100,4.4887,0.0000,რუსული რუბლი,12/27/2016,12/27/2016
USD,1,2.7302,0.0000,აშშ დოლარი,12/27/2016,12/27/2016
CNY,10,3.9600,0.0000,ჩინური იუანი,12/26/2016,12/26/2016
RUB,100,4.5036,0.0000,რუსული რუბლი,12/26/2016,12/26/2016
USD,1,2.7507,0.0000,აშშ დოლარი,12/26/2016,12/26/2016
CNY,10,3.9600,0.0000,ჩინური იუანი,12/25/2016,12/25/2016
RUB,100,4.5036,0.0000,რუსული რუბლი,12/25/2016,12/25/2016
USD,1,2.7507,0.0000,აშშ დოლარი,12/25/2016,12/25/2016
CNY,10,3.9600,0.0000,ჩინური იუანი,12/24/2016,12/24/2016
RUB,100,4.5036,0.0000,რუსული რუბლი,12/24/2016,12/24/2016
USD,1,2.7507,0.0000,აშშ დოლარი,12/24/2016,12/24/2016
CNY,10,3.9887,0.0000,ჩინური იუანი,12/23/2016,12/23/2016
RUB,100,4.5547,0.0000,რუსული რუბლი,12/23/2016,12/23/2016
USD,1,2.7710,0.0000,აშშ დოლარი,12/23/2016,12/23/2016
CNY,10,4.0066,0.0000,ჩინური იუანი,12/22/2016,12/22/2016
RUB,100,4.5575,0.0000,რუსული რუბლი,12/22/2016,12/22/2016
USD,1,2.7846,0.0000,აშშ დოლარი,12/22/2016,12/22/2016
CNY,10,4.0046,0.0000,ჩინური იუანი,12/21/2016,12/21/2016
RUB,100,4.5127,0.0000,რუსული რუბლი,12/21/2016,12/21/2016
USD,1,2.7831,0.0000,აშშ დოლარი,12/21/2016,12/21/2016
CNY,10,3.9458,0.0000,ჩინური იუანი,12/20/2016,12/20/2016
RUB,100,4.4363,0.0000,რუსული რუბლი,12/20/2016,12/20/2016
USD,1,2.7412,0.0000,აშშ დოლარი,12/20/2016,12/20/2016
CNY,10,3.8573,0.0000,ჩინური იუანი,12/19/2016,12/19/2016
RUB,100,4.3516,0.0000,რუსული რუბლი,12/19/2016,12/19/2016
USD,1,2.6837,0.0000,აშშ დოლარი,12/19/2016,12/19/2016
CNY,10,3.8573,0.0000,ჩინური იუანი,12/18/2016,12/18/2016
RUB,100,4.3516,0.0000,რუსული რუბლი,12/18/2016,12/18/2016
USD,1,2.6837,0.0000,აშშ დოლარი,12/18/2016,12/18/2016
CNY,10,3.8573,0.0000,ჩინური იუანი,12/17/2016,12/17/2016
RUB,100,4.3516,0.0000,რუსული რუბლი,12/17/2016,12/17/2016
USD,1,2.6837,0.0000,აშშ დოლარი,12/17/2016,12/17/2016
CNY,10,3.8516,0.0000,ჩინური იუანი,12/16/2016,12/16/2016
RUB,100,4.3380,0.0000,რუსული რუბლი,12/16/2016,12/16/2016
USD,1,2.6686,0.0000,აშშ დოლარი,12/16/2016,12/16/2016
CNY,10,3.8543,0.0000,ჩინური იუანი,12/15/2016,12/15/2016
RUB,100,4.3778,0.0000,რუსული რუბლი,12/15/2016,12/15/2016
USD,1,2.6604,0.0000,აშშ დოლარი,12/15/2016,12/15/2016
CNY,10,3.8533,0.0000,ჩინური იუანი,12/14/2016,12/14/2016
RUB,100,4.3577,0.0000,რუსული რუბლი,12/14/2016,12/14/2016
USD,1,2.6599,0.0000,აშშ დოლარი,12/14/2016,12/14/2016
CNY,10,3.7825,0.0000,ჩინური იუანი,12/13/2016,12/13/2016
RUB,100,4.2866,0.0000,რუსული რუბლი,12/13/2016,12/13/2016
USD,1,2.6154,0.0000,აშშ დოლარი,12/13/2016,12/13/2016
CNY,10,3.7498,0.0000,ჩინური იუანი,12/12/2016,12/12/2016
RUB,100,4.1072,0.0000,რუსული რუბლი,12/12/2016,12/12/2016
USD,1,2.5887,0.0000,აშშ დოლარი,12/12/2016,12/12/2016
CNY,10,3.7498,0.0000,ჩინური იუანი,12/11/2016,12/11/2016
RUB,100,4.1072,0.0000,რუსული რუბლი,12/11/2016,12/11/2016
USD,1,2.5887,0.0000,აშშ დოლარი,12/11/2016,12/11/2016
CNY,10,3.7498,0.0000,ჩინური იუანი,12/10/2016,12/10/2016
RUB,100,4.1072,0.0000,რუსული რუბლი,12/10/2016,12/10/2016
USD,1,2.5887,0.0000,აშშ დოლარი,12/10/2016,12/10/2016
CNY,10,3.7428,0.0000,ჩინური იუანი,12/9/2016,12/9/2016
RUB,100,4.0637,0.0000,რუსული რუბლი,12/9/2016,12/9/2016
USD,1,2.5738,0.0000,აშშ დოლარი,12/9/2016,12/9/2016
CNY,10,3.7392,0.0000,ჩინური იუანი,12/8/2016,12/8/2016
RUB,100,4.0432,0.0000,რუსული რუბლი,12/8/2016,12/8/2016
USD,1,2.5739,0.0000,აშშ დოლარი,12/8/2016,12/8/2016
CNY,10,3.7416,0.0000,ჩინური იუანი,12/7/2016,12/7/2016
RUB,100,4.0370,0.0000,რუსული რუბლი,12/7/2016,12/7/2016
USD,1,2.5744,0.0000,აშშ დოლარი,12/7/2016,12/7/2016
CNY,10,3.7172,0.0000,ჩინური იუანი,12/6/2016,12/6/2016
RUB,100,4.0149,0.0000,რუსული რუბლი,12/6/2016,12/6/2016
USD,1,2.5598,0.0000,აშშ დოლარი,12/6/2016,12/6/2016
CNY,10,3.7164,0.0000,ჩინური იუანი,12/5/2016,12/5/2016
RUB,100,3.9854,0.0000,რუსული რუბლი,12/5/2016,12/5/2016
USD,1,2.5599,0.0000,აშშ დოლარი,12/5/2016,12/5/2016
CNY,10,3.7164,0.0000,ჩინური იუანი,12/4/2016,12/4/2016
RUB,100,3.9854,0.0000,რუსული რუბლი,12/4/2016,12/4/2016
USD,1,2.5599,0.0000,აშშ დოლარი,12/4/2016,12/4/2016
CNY,10,3.7164,0.0000,ჩინური იუანი,12/3/2016,12/3/2016
RUB,100,3.9854,0.0000,რუსული რუბლი,12/3/2016,12/3/2016
USD,1,2.5599,0.0000,აშშ დოლარი,12/3/2016,12/3/2016
CNY,10,3.7527,0.0000,ჩინური იუანი,12/2/2016,12/2/2016
RUB,100,4.0403,0.0000,რუსული რუბლი,12/2/2016,12/2/2016
USD,1,2.5871,0.0000,აშშ დოლარი,12/2/2016,12/2/2016
CNY,10,3.6833,0.0000,ჩინური იუანი,12/1/2016,12/1/2016
RUB,100,3.9274,0.0000,რუსული რუბლი,12/1/2016,12/1/2016
USD,1,2.5352,0.0000,აშშ დოლარი,12/1/2016,12/1/2016
CNY,10,3.6693,0.0000,ჩინური იუანი,11/30/2016,11/30/2016
RUB,100,3.8922,0.0000,რუსული რუბლი,11/30/2016,11/30/2016
USD,1,2.5311,0.0000,აშშ დოლარი,11/30/2016,11/30/2016
CNY,10,3.6308,0.0000,ჩინური იუანი,11/29/2016,11/29/2016
RUB,100,3.8591,0.0000,რუსული რუბლი,11/29/2016,11/29/2016
USD,1,2.5078,0.0000,აშშ დოლარი,11/29/2016,11/29/2016
CNY,10,3.6167,0.0000,ჩინური იუანი,11/28/2016,11/28/2016
RUB,100,3.8796,0.0000,რუსული რუბლი,11/28/2016,11/28/2016
USD,1,2.5026,0.0000,აშშ დოლარი,11/28/2016,11/28/2016
CNY,10,3.6167,0.0000,ჩინური იუანი,11/27/2016,11/27/2016
RUB,100,3.8796,0.0000,რუსული რუბლი,11/27/2016,11/27/2016
USD,1,2.5026,0.0000,აშშ დოლარი,11/27/2016,11/27/2016
CNY,10,3.6167,0.0000,ჩინური იუანი,11/26/2016,11/26/2016
RUB,100,3.8796,0.0000,რუსული რუბლი,11/26/2016,11/26/2016
USD,1,2.5026,0.0000,აშშ დოლარი,11/26/2016,11/26/2016
CNY,10,3.5925,0.0000,ჩინური იუანი,11/25/2016,11/25/2016
RUB,100,3.8615,0.0000,რუსული რუბლი,11/25/2016,11/25/2016
USD,1,2.4852,0.0000,აშშ დოლარი,11/25/2016,11/25/2016
CNY,10,3.6281,0.0000,ჩინური იუანი,11/24/2016,11/24/2016
RUB,100,3.9310,0.0000,რუსული რუბლი,11/24/2016,11/24/2016
USD,1,2.4978,0.0000,აშშ დოლარი,11/24/2016,11/24/2016
CNY,10,3.6281,0.0000,ჩინური იუანი,11/23/2016,11/23/2016
RUB,100,3.9310,0.0000,რუსული რუბლი,11/23/2016,11/23/2016
USD,1,2.4978,0.0000,აშშ დოლარი,11/23/2016,11/23/2016
CNY,10,3.6114,0.0000,ჩინური იუანი,11/22/2016,11/22/2016
RUB,100,3.8766,0.0000,რუსული რუბლი,11/22/2016,11/22/2016
USD,1,2.4903,0.0000,აშშ დოლარი,11/22/2016,11/22/2016
CNY,10,3.6132,0.0000,ჩინური იუანი,11/21/2016,11/21/2016
RUB,100,3.8221,0.0000,რუსული რუბლი,11/21/2016,11/21/2016
USD,1,2.4889,0.0000,აშშ დოლარი,11/21/2016,11/21/2016
CNY,10,3.6132,0.0000,ჩინური იუანი,11/20/2016,11/20/2016
RUB,100,3.8221,0.0000,რუსული რუბლი,11/20/2016,11/20/2016
USD,1,2.4889,0.0000,აშშ დოლარი,11/20/2016,11/20/2016
CNY,10,3.6132,0.0000,ჩინური იუანი,11/19/2016,11/19/2016
RUB,100,3.8221,0.0000,რუსული რუბლი,11/19/2016,11/19/2016
USD,1,2.4889,0.0000,აშშ დოლარი,11/19/2016,11/19/2016
CNY,10,3.6180,0.0000,ჩინური იუანი,11/18/2016,11/18/2016
RUB,100,3.8472,0.0000,რუსული რუბლი,11/18/2016,11/18/2016
USD,1,2.4861,0.0000,აშშ დოლარი,11/18/2016,11/18/2016
CNY,10,3.6250,0.0000,ჩინური იუანი,11/17/2016,11/17/2016
RUB,100,3.8143,0.0000,რუსული რუბლი,11/17/2016,11/17/2016
USD,1,2.4926,0.0000,აშშ დოლარი,11/17/2016,11/17/2016
CNY,10,3.6414,0.0000,ჩინური იუანი,11/16/2016,11/16/2016
RUB,100,3.8180,0.0000,რუსული რუბლი,11/16/2016,11/16/2016
USD,1,2.4956,0.0000,აშშ დოლარი,11/16/2016,11/16/2016
CNY,10,3.6368,0.0000,ჩინური იუანი,11/15/2016,11/15/2016
RUB,100,3.7551,0.0000,რუსული რუბლი,11/15/2016,11/15/2016
USD,1,2.4890,0.0000,აშშ დოლარი,11/15/2016,11/15/2016
CNY,10,3.6579,0.0000,ჩინური იუანი,11/14/2016,11/14/2016
RUB,100,3.7825,0.0000,რუსული რუბლი,11/14/2016,11/14/2016
USD,1,2.4899,0.0000,აშშ დოლარი,11/14/2016,11/14/2016
CNY,10,3.6579,0.0000,ჩინური იუანი,11/13/2016,11/13/2016
RUB,100,3.7825,0.0000,რუსული რუბლი,11/13/2016,11/13/2016
USD,1,2.4899,0.0000,აშშ დოლარი,11/13/2016,11/13/2016
CNY,10,3.6579,0.0000,ჩინური იუანი,11/12/2016,11/12/2016
RUB,100,3.7825,0.0000,რუსული რუბლი,11/12/2016,11/12/2016
USD,1,2.4899,0.0000,აშშ დოლარი,11/12/2016,11/12/2016
CNY,10,3.6440,0.0000,ჩინური იუანი,11/11/2016,11/11/2016
RUB,100,3.9032,0.0000,რუსული რუბლი,11/11/2016,11/11/2016
USD,1,2.4773,0.0000,აშშ დოლარი,11/11/2016,11/11/2016
CNY,10,3.6224,0.0000,ჩინური იუანი,11/10/2016,11/10/2016
RUB,100,3.8563,0.0000,რუსული რუბლი,11/10/2016,11/10/2016
USD,1,2.4546,0.0000,აშშ დოლარი,11/10/2016,11/10/2016
CNY,10,3.6071,0.0000,ჩინური იუანი,11/9/2016,11/9/2016
RUB,100,3.8374,0.0000,რუსული რუბლი,11/9/2016,11/9/2016
USD,1,2.4462,0.0000,აშშ დოლარი,11/9/2016,11/9/2016
CNY,10,3.6111,0.0000,ჩინური იუანი,11/8/2016,11/8/2016
RUB,100,3.8342,0.0000,რუსული რუბლი,11/8/2016,11/8/2016
USD,1,2.4466,0.0000,აშშ დოლარი,11/8/2016,11/8/2016
CNY,10,3.6287,0.0000,ჩინური იუანი,11/7/2016,11/7/2016
RUB,100,3.8352,0.0000,რუსული რუბლი,11/7/2016,11/7/2016
USD,1,2.4516,0.0000,აშშ დოლარი,11/7/2016,11/7/2016
CNY,10,3.6287,0.0000,ჩინური იუანი,11/6/2016,11/6/2016
RUB,100,3.8352,0.0000,რუსული რუბლი,11/6/2016,11/6/2016
USD,1,2.4516,0.0000,აშშ დოლარი,11/6/2016,11/6/2016
CNY,10,3.6287,0.0000,ჩინური იუანი,11/5/2016,11/5/2016
RUB,100,3.8352,0.0000,რუსული რუბლი,11/5/2016,11/5/2016
USD,1,2.4516,0.0000,აშშ დოლარი,11/5/2016,11/5/2016
CNY,10,3.6038,0.0000,ჩინური იუანი,11/4/2016,11/4/2016
RUB,100,3.8294,0.0000,რუსული რუბლი,11/4/2016,11/4/2016
USD,1,2.4371,0.0000,აშშ დოლარი,11/4/2016,11/4/2016
CNY,10,3.5779,0.0000,ჩინური იუანი,11/3/2016,11/3/2016
RUB,100,3.8102,0.0000,რუსული რუბლი,11/3/2016,11/3/2016
USD,1,2.4195,0.0000,აშშ დოლარი,11/3/2016,11/3/2016
CNY,10,3.5621,0.0000,ჩინური იუანი,11/2/2016,11/2/2016
RUB,100,3.8175,0.0000,რუსული რუბლი,11/2/2016,11/2/2016
USD,1,2.4123,0.0000,აშშ დოლარი,11/2/2016,11/2/2016
CNY,10,3.5567,0.0000,ჩინური იუანი,11/1/2016,11/1/2016
RUB,100,3.8132,0.0000,რუსული რუბლი,11/1/2016,11/1/2016
USD,1,2.4089,0.0000,აშშ დოლარი,11/1/2016,11/1/2016
CNY,10,3.5531,0.0000,ჩინური იუანი,10/31/2016,10/31/2016
RUB,100,3.8315,0.0000,რუსული რუბლი,10/31/2016,10/31/2016
USD,1,2.4091,0.0000,აშშ დოლარი,10/31/2016,10/31/2016
CNY,10,3.5531,0.0000,ჩინური იუანი,10/30/2016,10/30/2016
RUB,100,3.8315,0.0000,რუსული რუბლი,10/30/2016,10/30/2016
USD,1,2.4091,0.0000,აშშ დოლარი,10/30/2016,10/30/2016
CNY,10,3.5531,0.0000,ჩინური იუანი,10/29/2016,10/29/2016
RUB,100,3.8315,0.0000,რუსული რუბლი,10/29/2016,10/29/2016
USD,1,2.4091,0.0000,აშშ დოლარი,10/29/2016,10/29/2016
CNY,10,3.5501,0.0000,ჩინური იუანი,10/28/2016,10/28/2016
RUB,100,3.8305,0.0000,რუსული რუბლი,10/28/2016,10/28/2016
USD,1,2.4079,0.0000,აშშ დოლარი,10/28/2016,10/28/2016
CNY,10,3.5575,0.0000,ჩინური იუანი,10/27/2016,10/27/2016
RUB,100,3.8679,0.0000,რუსული რუბლი,10/27/2016,10/27/2016
USD,1,2.4080,0.0000,აშშ დოლარი,10/27/2016,10/27/2016
CNY,10,3.5250,0.0000,ჩინური იუანი,10/26/2016,10/26/2016
RUB,100,3.8489,0.0000,რუსული რუბლი,10/26/2016,10/26/2016
USD,1,2.3888,0.0000,აშშ დოლარი,10/26/2016,10/26/2016
CNY,10,3.5146,0.0000,ჩინური იუანი,10/25/2016,10/25/2016
RUB,100,3.8292,0.0000,რუსული რუბლი,10/25/2016,10/25/2016
USD,1,2.3803,0.0000,აშშ დოლარი,10/25/2016,10/25/2016
CNY,10,3.5010,0.0000,ჩინური იუანი,10/24/2016,10/24/2016
RUB,100,3.7977,0.0000,რუსული რუბლი,10/24/2016,10/24/2016
USD,1,2.3679,0.0000,აშშ დოლარი,10/24/2016,10/24/2016
CNY,10,3.5010,0.0000,ჩინური იუანი,10/23/2016,10/23/2016
RUB,100,3.7977,0.0000,რუსული რუბლი,10/23/2016,10/23/2016
USD,1,2.3679,0.0000,აშშ დოლარი,10/23/2016,10/23/2016
CNY,10,3.5010,0.0000,ჩინური იუანი,10/22/2016,10/22/2016
RUB,100,3.7977,0.0000,რუსული რუბლი,10/22/2016,10/22/2016
USD,1,2.3679,0.0000,აშშ დოლარი,10/22/2016,10/22/2016
CNY,10,3.5172,0.0000,ჩინური იუანი,10/21/2016,10/21/2016
RUB,100,3.7939,0.0000,რუსული რუბლი,10/21/2016,10/21/2016
USD,1,2.3699,0.0000,აშშ დოლარი,10/21/2016,10/21/2016
CNY,10,3.5143,0.0000,ჩინური იუანი,10/20/2016,10/20/2016
RUB,100,3.7876,0.0000,რუსული რუბლი,10/20/2016,10/20/2016
USD,1,2.3674,0.0000,აშშ დოლარი,10/20/2016,10/20/2016
CNY,10,3.5152,0.0000,ჩინური იუანი,10/19/2016,10/19/2016
RUB,100,3.7690,0.0000,რუსული რუბლი,10/19/2016,10/19/2016
USD,1,2.3683,0.0000,აშშ დოლარი,10/19/2016,10/19/2016
CNY,10,3.5250,0.0000,ჩინური იუანი,10/18/2016,10/18/2016
RUB,100,3.7664,0.0000,რუსული რუბლი,10/18/2016,10/18/2016
USD,1,2.3752,0.0000,აშშ დოლარი,10/18/2016,10/18/2016
CNY,10,3.4979,0.0000,ჩინური იუანი,10/17/2016,10/17/2016
RUB,100,3.7183,0.0000,რუსული რუბლი,10/17/2016,10/17/2016
USD,1,2.3537,0.0000,აშშ დოლარი,10/17/2016,10/17/2016
CNY,10,3.4979,0.0000,ჩინური იუანი,10/16/2016,10/16/2016
RUB,100,3.7183,0.0000,რუსული რუბლი,10/16/2016,10/16/2016
USD,1,2.3537,0.0000,აშშ დოლარი,10/16/2016,10/16/2016
CNY,10,3.4979,0.0000,ჩინური იუანი,10/15/2016,10/15/2016
RUB,100,3.7183,0.0000,რუსული რუბლი,10/15/2016,10/15/2016
USD,1,2.3537,0.0000,აშშ დოლარი,10/15/2016,10/15/2016
CNY,10,3.4979,0.0000,ჩინური იუანი,10/14/2016,10/14/2016
RUB,100,3.7183,0.0000,რუსული რუბლი,10/14/2016,10/14/2016
USD,1,2.3537,0.0000,აშშ დოლარი,10/14/2016,10/14/2016
CNY,10,3.5030,0.0000,ჩინური იუანი,10/13/2016,10/13/2016
RUB,100,3.7594,0.0000,რუსული რუბლი,10/13/2016,10/13/2016
USD,1,2.3527,0.0000,აშშ დოლარი,10/13/2016,10/13/2016
CNY,10,3.4777,0.0000,ჩინური იუანი,10/12/2016,10/12/2016
RUB,100,3.7418,0.0000,რუსული რუბლი,10/12/2016,10/12/2016
USD,1,2.3365,0.0000,აშშ დოლარი,10/12/2016,10/12/2016
CNY,10,3.4805,0.0000,ჩინური იუანი,10/11/2016,10/11/2016
RUB,100,3.7375,0.0000,რუსული რუბლი,10/11/2016,10/11/2016
USD,1,2.3340,0.0000,აშშ დოლარი,10/11/2016,10/11/2016
CNY,10,3.4979,0.0000,ჩინური იუანი,10/10/2016,10/10/2016
RUB,100,3.7382,0.0000,რუსული რუბლი,10/10/2016,10/10/2016
USD,1,2.3337,0.0000,აშშ დოლარი,10/10/2016,10/10/2016
CNY,10,3.4979,0.0000,ჩინური იუანი,10/9/2016,10/9/2016
RUB,100,3.7382,0.0000,რუსული რუბლი,10/9/2016,10/9/2016
USD,1,2.3337,0.0000,აშშ დოლარი,10/9/2016,10/9/2016
CNY,10,3.4979,0.0000,ჩინური იუანი,10/8/2016,10/8/2016
RUB,100,3.7382,0.0000,რუსული რუბლი,10/8/2016,10/8/2016
USD,1,2.3337,0.0000,აშშ დოლარი,10/8/2016,10/8/2016
CNY,10,3.5018,0.0000,ჩინური იუანი,10/7/2016,10/7/2016
RUB,100,3.7442,0.0000,რუსული რუბლი,10/7/2016,10/7/2016
USD,1,2.3363,0.0000,აშშ დოლარი,10/7/2016,10/7/2016
CNY,10,3.4985,0.0000,ჩინური იუანი,10/6/2016,10/6/2016
RUB,100,3.7375,0.0000,რუსული რუბლი,10/6/2016,10/6/2016
USD,1,2.3341,0.0000,აშშ დოლარი,10/6/2016,10/6/2016
CNY,10,3.4985,0.0000,ჩინური იუანი,10/5/2016,10/5/2016
RUB,100,3.7342,0.0000,რუსული რუბლი,10/5/2016,10/5/2016
USD,1,2.3341,0.0000,აშშ დოლარი,10/5/2016,10/5/2016
CNY,10,3.4889,0.0000,ჩინური იუანი,10/4/2016,10/4/2016
RUB,100,3.7404,0.0000,რუსული რუბლი,10/4/2016,10/4/2016
USD,1,2.3277,0.0000,აშშ დოლარი,10/4/2016,10/4/2016
CNY,10,3.4919,0.0000,ჩინური იუანი,10/3/2016,10/3/2016
RUB,100,3.6790,0.0000,რუსული რუბლი,10/3/2016,10/3/2016
USD,1,2.3297,0.0000,აშშ დოლარი,10/3/2016,10/3/2016
CNY,10,3.4919,0.0000,ჩინური იუანი,10/2/2016,10/2/2016
RUB,100,3.6790,0.0000,რუსული რუბლი,10/2/2016,10/2/2016
USD,1,2.3297,0.0000,აშშ დოლარი,10/2/2016,10/2/2016
CNY,10,3.4919,0.0000,ჩინური იუანი,10/1/2016,10/1/2016
RUB,100,3.6790,0.0000,რუსული რუბლი,10/1/2016,10/1/2016
USD,1,2.3297,0.0000,აშშ დოლარი,10/1/2016,10/1/2016
CNY,10,3.4953,0.0000,ჩინური იუანი,9/30/2016,9/30/2016
RUB,100,3.6850,0.0000,რუსული რუბლი,9/30/2016,9/30/2016
USD,1,2.3297,0.0000,აშშ დოლარი,9/30/2016,9/30/2016
CNY,10,3.4893,0.0000,ჩინური იუანი,9/29/2016,9/29/2016
RUB,100,3.6481,0.0000,რუსული რუბლი,9/29/2016,9/29/2016
USD,1,2.3286,0.0000,აშშ დოლარი,9/29/2016,9/29/2016
CNY,10,3.4903,0.0000,ჩინური იუანი,9/28/2016,9/28/2016
RUB,100,3.6478,0.0000,რუსული რუბლი,9/28/2016,9/28/2016
USD,1,2.3276,0.0000,აშშ დოლარი,9/28/2016,9/28/2016
CNY,10,3.5005,0.0000,ჩინური იუანი,9/27/2016,9/27/2016
RUB,100,3.6493,0.0000,რუსული რუბლი,9/27/2016,9/27/2016
USD,1,2.3345,0.0000,აშშ დოლარი,9/27/2016,9/27/2016
CNY,10,3.4680,0.0000,ჩინური იუანი,9/26/2016,9/26/2016
RUB,100,3.6418,0.0000,რუსული რუბლი,9/26/2016,9/26/2016
USD,1,2.3132,0.0000,აშშ დოლარი,9/26/2016,9/26/2016
CNY,10,3.4680,0.0000,ჩინური იუანი,9/25/2016,9/25/2016
RUB,100,3.6418,0.0000,რუსული რუბლი,9/25/2016,9/25/2016
USD,1,2.3132,0.0000,აშშ დოლარი,9/25/2016,9/25/2016
CNY,10,3.4680,0.0000,ჩინური იუანი,9/24/2016,9/24/2016
RUB,100,3.6418,0.0000,რუსული რუბლი,9/24/2016,9/24/2016
USD,1,2.3132,0.0000,აშშ დოლარი,9/24/2016,9/24/2016
CNY,10,3.4670,0.0000,ჩინური იუანი,9/23/2016,9/23/2016
RUB,100,3.6253,0.0000,რუსული რუბლი,9/23/2016,9/23/2016
USD,1,2.3124,0.0000,აშშ დოლარი,9/23/2016,9/23/2016
CNY,10,3.4762,0.0000,ჩინური იუანი,9/22/2016,9/22/2016
RUB,100,3.6013,0.0000,რუსული რუბლი,9/22/2016,9/22/2016
USD,1,2.3195,0.0000,აშშ დოლარი,9/22/2016,9/22/2016
CNY,10,3.4763,0.0000,ჩინური იუანი,9/21/2016,9/21/2016
RUB,100,3.5702,0.0000,რუსული რუბლი,9/21/2016,9/21/2016
USD,1,2.3191,0.0000,აშშ დოლარი,9/21/2016,9/21/2016
CNY,10,3.4723,0.0000,ჩინური იუანი,9/20/2016,9/20/2016
RUB,100,3.5714,0.0000,რუსული რუბლი,9/20/2016,9/20/2016
USD,1,2.3167,0.0000,აშშ დოლარი,9/20/2016,9/20/2016
CNY,10,3.4625,0.0000,ჩინური იუანი,9/19/2016,9/19/2016
RUB,100,3.5561,0.0000,რუსული რუბლი,9/19/2016,9/19/2016
USD,1,2.3111,0.0000,აშშ დოლარი,9/19/2016,9/19/2016
CNY,10,3.4625,0.0000,ჩინური იუანი,9/18/2016,9/18/2016
RUB,100,3.5561,0.0000,რუსული რუბლი,9/18/2016,9/18/2016
USD,1,2.3111,0.0000,აშშ დოლარი,9/18/2016,9/18/2016
CNY,10,3.4625,0.0000,ჩინური იუანი,9/17/2016,9/17/2016
RUB,100,3.5561,0.0000,რუსული რუბლი,9/17/2016,9/17/2016
USD,1,2.3111,0.0000,აშშ დოლარი,9/17/2016,9/17/2016
CNY,10,3.4616,0.0000,ჩინური იუანი,9/16/2016,9/16/2016
RUB,100,3.5521,0.0000,რუსული რუბლი,9/16/2016,9/16/2016
USD,1,2.3105,0.0000,აშშ დოლარი,9/16/2016,9/16/2016
CNY,10,3.4621,0.0000,ჩინური იუანი,9/15/2016,9/15/2016
RUB,100,3.5545,0.0000,რუსული რუბლი,9/15/2016,9/15/2016
USD,1,2.3105,0.0000,აშშ დოლარი,9/15/2016,9/15/2016
CNY,10,3.4632,0.0000,ჩინური იუანი,9/14/2016,9/14/2016
RUB,100,3.5740,0.0000,რუსული რუბლი,9/14/2016,9/14/2016
USD,1,2.3134,0.0000,აშშ დოლარი,9/14/2016,9/14/2016
CNY,10,3.4640,0.0000,ჩინური იუანი,9/13/2016,9/13/2016
RUB,100,3.5462,0.0000,რუსული რუბლი,9/13/2016,9/13/2016
USD,1,2.3141,0.0000,აშშ დოლარი,9/13/2016,9/13/2016
CNY,10,3.4605,0.0000,ჩინური იუანი,9/12/2016,9/12/2016
RUB,100,3.5900,0.0000,რუსული რუბლი,9/12/2016,9/12/2016
USD,1,2.3117,0.0000,აშშ დოლარი,9/12/2016,9/12/2016
CNY,10,3.4605,0.0000,ჩინური იუანი,9/11/2016,9/11/2016
RUB,100,3.5900,0.0000,რუსული რუბლი,9/11/2016,9/11/2016
USD,1,2.3117,0.0000,აშშ დოლარი,9/11/2016,9/11/2016
CNY,10,3.4605,0.0000,ჩინური იუანი,9/10/2016,9/10/2016
RUB,100,3.5900,0.0000,რუსული რუბლი,9/10/2016,9/10/2016
USD,1,2.3117,0.0000,აშშ დოლარი,9/10/2016,9/10/2016
CNY,10,3.4627,0.0000,ჩინური იუანი,9/9/2016,9/9/2016
RUB,100,3.6058,0.0000,რუსული რუბლი,9/9/2016,9/9/2016
USD,1,2.3069,0.0000,აშშ დოლარი,9/9/2016,9/9/2016
CNY,10,3.4615,0.0000,ჩინური იუანი,9/8/2016,9/8/2016
RUB,100,3.5830,0.0000,რუსული რუბლი,9/8/2016,9/8/2016
USD,1,2.3060,0.0000,აშშ დოლარი,9/8/2016,9/8/2016
CNY,10,3.4484,0.0000,ჩინური იუანი,9/7/2016,9/7/2016
RUB,100,3.5546,0.0000,რუსული რუბლი,9/7/2016,9/7/2016
USD,1,2.3030,0.0000,აშშ დოლარი,9/7/2016,9/7/2016
CNY,10,3.4395,0.0000,ჩინური იუანი,9/6/2016,9/6/2016
RUB,100,3.5387,0.0000,რუსული რუბლი,9/6/2016,9/6/2016
USD,1,2.2967,0.0000,აშშ დოლარი,9/6/2016,9/6/2016
CNY,10,3.4328,0.0000,ჩინური იუანი,9/5/2016,9/5/2016
RUB,100,3.4875,0.0000,რუსული რუბლი,9/5/2016,9/5/2016
USD,1,2.2938,0.0000,აშშ დოლარი,9/5/2016,9/5/2016
CNY,10,3.4328,0.0000,ჩინური იუანი,9/4/2016,9/4/2016
RUB,100,3.4875,0.0000,რუსული რუბლი,9/4/2016,9/4/2016
USD,1,2.2938,0.0000,აშშ დოლარი,9/4/2016,9/4/2016
CNY,10,3.4328,0.0000,ჩინური იუანი,9/3/2016,9/3/2016
RUB,100,3.4875,0.0000,რუსული რუბლი,9/3/2016,9/3/2016
USD,1,2.2938,0.0000,აშშ დოლარი,9/3/2016,9/3/2016
CNY,10,3.4331,0.0000,ჩინური იუანი,9/2/2016,9/2/2016
RUB,100,3.5141,0.0000,რუსული რუბლი,9/2/2016,9/2/2016
USD,1,2.2932,0.0000,აშშ დოლარი,9/2/2016,9/2/2016
CNY,10,3.4531,0.0000,ჩინური იუანი,9/1/2016,9/1/2016
RUB,100,3.5359,0.0000,რუსული რუბლი,9/1/2016,9/1/2016
USD,1,2.3062,0.0000,აშშ დოლარი,9/1/2016,9/1/2016
CNY,10,3.4527,0.0000,ჩინური იუანი,8/31/2016,8/31/2016
RUB,100,3.5537,0.0000,რუსული რუბლი,8/31/2016,8/31/2016
USD,1,2.3056,0.0000,აშშ დოლარი,8/31/2016,8/31/2016
CNY,10,3.4297,0.0000,ჩინური იუანი,8/30/2016,8/30/2016
RUB,100,3.5225,0.0000,რუსული რუბლი,8/30/2016,8/30/2016
USD,1,2.2914,0.0000,აშშ დოლარი,8/30/2016,8/30/2016
CNY,10,3.4257,0.0000,ჩინური იუანი,8/29/2016,8/29/2016
RUB,100,3.5265,0.0000,რუსული რუბლი,8/29/2016,8/29/2016
USD,1,2.2856,0.0000,აშშ დოლარი,8/29/2016,8/29/2016
CNY,10,3.4257,0.0000,ჩინური იუანი,8/28/2016,8/28/2016
RUB,100,3.5265,0.0000,რუსული რუბლი,8/28/2016,8/28/2016
USD,1,2.2856,0.0000,აშშ დოლარი,8/28/2016,8/28/2016
CNY,10,3.4257,0.0000,ჩინური იუანი,8/27/2016,8/27/2016
RUB,100,3.5265,0.0000,რუსული რუბლი,8/27/2016,8/27/2016
USD,1,2.2856,0.0000,აშშ დოლარი,8/27/2016,8/27/2016
CNY,10,3.4344,0.0000,ჩინური იუანი,8/26/2016,8/26/2016
RUB,100,3.5239,0.0000,რუსული რუბლი,8/26/2016,8/26/2016
USD,1,2.2857,0.0000,აშშ დოლარი,8/26/2016,8/26/2016
CNY,10,3.4534,0.0000,ჩინური იუანი,8/25/2016,8/25/2016
RUB,100,3.5471,0.0000,რუსული რუბლი,8/25/2016,8/25/2016
USD,1,2.2976,0.0000,აშშ დოლარი,8/25/2016,8/25/2016
CNY,10,3.4301,0.0000,ჩინური იუანი,8/24/2016,8/24/2016
RUB,100,3.5175,0.0000,რუსული რუბლი,8/24/2016,8/24/2016
USD,1,2.2789,0.0000,აშშ დოლარი,8/24/2016,8/24/2016
CNY,10,3.4245,0.0000,ჩინური იუანი,8/23/2016,8/23/2016
RUB,100,3.5383,0.0000,რუსული რუბლი,8/23/2016,8/23/2016
USD,1,2.2788,0.0000,აშშ დოლარი,8/23/2016,8/23/2016
CNY,10,3.4283,0.0000,ჩინური იუანი,8/22/2016,8/22/2016
RUB,100,3.5639,0.0000,რუსული რუბლი,8/22/2016,8/22/2016
USD,1,2.2814,0.0000,აშშ დოლარი,8/22/2016,8/22/2016
CNY,10,3.4283,0.0000,ჩინური იუანი,8/21/2016,8/21/2016
RUB,100,3.5639,0.0000,რუსული რუბლი,8/21/2016,8/21/2016
USD,1,2.2814,0.0000,აშშ დოლარი,8/21/2016,8/21/2016
CNY,10,3.4283,0.0000,ჩინური იუანი,8/20/2016,8/20/2016
RUB,100,3.5639,0.0000,რუსული რუბლი,8/20/2016,8/20/2016
USD,1,2.2814,0.0000,აშშ დოლარი,8/20/2016,8/20/2016
CNY,10,3.4571,0.0000,ჩინური იუანი,8/19/2016,8/19/2016
RUB,100,3.5994,0.0000,რუსული რუბლი,8/19/2016,8/19/2016
USD,1,2.2930,0.0000,აშშ დოლარი,8/19/2016,8/19/2016
CNY,10,3.4926,0.0000,ჩინური იუანი,8/18/2016,8/18/2016
RUB,100,3.6114,0.0000,რუსული რუბლი,8/18/2016,8/18/2016
USD,1,2.3174,0.0000,აშშ დოლარი,8/18/2016,8/18/2016
CNY,10,3.5073,0.0000,ჩინური იუანი,8/17/2016,8/17/2016
RUB,100,3.6439,0.0000,რუსული რუბლი,8/17/2016,8/17/2016
USD,1,2.3226,0.0000,აშშ დოლარი,8/17/2016,8/17/2016
CNY,10,3.5173,0.0000,ჩინური იუანი,8/16/2016,8/16/2016
RUB,100,3.6278,0.0000,რუსული რუბლი,8/16/2016,8/16/2016
USD,1,2.3354,0.0000,აშშ დოლარი,8/16/2016,8/16/2016
CNY,10,3.5198,0.0000,ჩინური იუანი,8/15/2016,8/15/2016
RUB,100,3.6197,0.0000,რუსული რუბლი,8/15/2016,8/15/2016
USD,1,2.3398,0.0000,აშშ დოლარი,8/15/2016,8/15/2016
CNY,10,3.5198,0.0000,ჩინური იუანი,8/14/2016,8/14/2016
RUB,100,3.6197,0.0000,რუსული რუბლი,8/14/2016,8/14/2016
USD,1,2.3398,0.0000,აშშ დოლარი,8/14/2016,8/14/2016
CNY,10,3.5198,0.0000,ჩინური იუანი,8/13/2016,8/13/2016
RUB,100,3.6197,0.0000,რუსული რუბლი,8/13/2016,8/13/2016
USD,1,2.3398,0.0000,აშშ დოლარი,8/13/2016,8/13/2016
CNY,10,3.5252,0.0000,ჩინური იუანი,8/12/2016,8/12/2016
RUB,100,3.6158,0.0000,რუსული რუბლი,8/12/2016,8/12/2016
USD,1,2.3408,0.0000,აშშ დოლარი,8/12/2016,8/12/2016
CNY,10,3.5281,0.0000,ჩინური იუანი,8/11/2016,8/11/2016
RUB,100,3.6140,0.0000,რუსული რუბლი,8/11/2016,8/11/2016
USD,1,2.3404,0.0000,აშშ დოლარი,8/11/2016,8/11/2016
CNY,10,3.5155,0.0000,ჩინური იუანი,8/10/2016,8/10/2016
RUB,100,3.6238,0.0000,რუსული რუბლი,8/10/2016,8/10/2016
USD,1,2.3416,0.0000,აშშ დოლარი,8/10/2016,8/10/2016
CNY,10,3.5256,0.0000,ჩინური იუანი,8/9/2016,8/9/2016
RUB,100,3.6161,0.0000,რუსული რუბლი,8/9/2016,8/9/2016
USD,1,2.3486,0.0000,აშშ დოლარი,8/9/2016,8/9/2016
CNY,10,3.5342,0.0000,ჩინური იუანი,8/8/2016,8/8/2016
RUB,100,3.5903,0.0000,რუსული რუბლი,8/8/2016,8/8/2016
USD,1,2.3477,0.0000,აშშ დოლარი,8/8/2016,8/8/2016
CNY,10,3.5342,0.0000,ჩინური იუანი,8/7/2016,8/7/2016
RUB,100,3.5903,0.0000,რუსული რუბლი,8/7/2016,8/7/2016
USD,1,2.3477,0.0000,აშშ დოლარი,8/7/2016,8/7/2016
CNY,10,3.5342,0.0000,ჩინური იუანი,8/6/2016,8/6/2016
RUB,100,3.5903,0.0000,რუსული რუბლი,8/6/2016,8/6/2016
USD,1,2.3477,0.0000,აშშ დოლარი,8/6/2016,8/6/2016
CNY,10,3.5344,0.0000,ჩინური იუანი,8/5/2016,8/5/2016
RUB,100,3.5315,0.0000,რუსული რუბლი,8/5/2016,8/5/2016
USD,1,2.3474,0.0000,აშშ დოლარი,8/5/2016,8/5/2016
CNY,10,3.5395,0.0000,ჩინური იუანი,8/4/2016,8/4/2016
RUB,100,3.5223,0.0000,რუსული რუბლი,8/4/2016,8/4/2016
USD,1,2.3470,0.0000,აშშ დოლარი,8/4/2016,8/4/2016
CNY,10,3.5391,0.0000,ჩინური იუანი,8/3/2016,8/3/2016
RUB,100,3.5276,0.0000,რუსული რუბლი,8/3/2016,8/3/2016
USD,1,2.3484,0.0000,აშშ დოლარი,8/3/2016,8/3/2016
CNY,10,3.5365,0.0000,ჩინური იუანი,8/2/2016,8/2/2016
RUB,100,3.5358,0.0000,რუსული რუბლი,8/2/2016,8/2/2016
USD,1,2.3492,0.0000,აშშ დოლარი,8/2/2016,8/2/2016
CNY,10,3.5297,0.0000,ჩინური იუანი,8/1/2016,8/1/2016
RUB,100,3.5119,0.0000,რუსული რუბლი,8/1/2016,8/1/2016
USD,1,2.3479,0.0000,აშშ დოლარი,8/1/2016,8/1/2016
CNY,10,3.5297,0.0000,ჩინური იუანი,7/31/2016,7/31/2016
RUB,100,3.5119,0.0000,რუსული რუბლი,7/31/2016,7/31/2016
USD,1,2.3479,0.0000,აშშ დოლარი,7/31/2016,7/31/2016
CNY,10,3.5297,0.0000,ჩინური იუანი,7/30/2016,7/30/2016
RUB,100,3.5119,0.0000,რუსული რუბლი,7/30/2016,7/30/2016
USD,1,2.3479,0.0000,აშშ დოლარი,7/30/2016,7/30/2016
CNY,10,3.5235,0.0000,ჩინური იუანი,7/29/2016,7/29/2016
RUB,100,3.5353,0.0000,რუსული რუბლი,7/29/2016,7/29/2016
USD,1,2.3460,0.0000,აშშ დოლარი,7/29/2016,7/29/2016
CNY,10,3.5164,0.0000,ჩინური იუანი,7/28/2016,7/28/2016
RUB,100,3.5513,0.0000,რუსული რუბლი,7/28/2016,7/28/2016
USD,1,2.3453,0.0000,აშშ დოლარი,7/28/2016,7/28/2016
CNY,10,3.5135,0.0000,ჩინური იუანი,7/27/2016,7/27/2016
RUB,100,3.5517,0.0000,რუსული რუბლი,7/27/2016,7/27/2016
USD,1,2.3450,0.0000,აშშ დოლარი,7/27/2016,7/27/2016
CNY,10,3.5147,0.0000,ჩინური იუანი,7/26/2016,7/26/2016
RUB,100,3.6180,0.0000,რუსული რუბლი,7/26/2016,7/26/2016
USD,1,2.3473,0.0000,აშშ დოლარი,7/26/2016,7/26/2016
CNY,10,3.5183,0.0000,ჩინური იუანი,7/25/2016,7/25/2016
RUB,100,3.6425,0.0000,რუსული რუბლი,7/25/2016,7/25/2016
USD,1,2.3479,0.0000,აშშ დოლარი,7/25/2016,7/25/2016
CNY,10,3.5183,0.0000,ჩინური იუანი,7/24/2016,7/24/2016
RUB,100,3.6425,0.0000,რუსული რუბლი,7/24/2016,7/24/2016
USD,1,2.3479,0.0000,აშშ დოლარი,7/24/2016,7/24/2016
CNY,10,3.5183,0.0000,ჩინური იუანი,7/23/2016,7/23/2016
RUB,100,3.6425,0.0000,რუსული რუბლი,7/23/2016,7/23/2016
USD,1,2.3479,0.0000,აშშ დოლარი,7/23/2016,7/23/2016
CNY,10,3.5179,0.0000,ჩინური იუანი,7/22/2016,7/22/2016
RUB,100,3.6756,0.0000,რუსული რუბლი,7/22/2016,7/22/2016
USD,1,2.3481,0.0000,აშშ დოლარი,7/22/2016,7/22/2016
CNY,10,3.5173,0.0000,ჩინური იუანი,7/21/2016,7/21/2016
RUB,100,3.7103,0.0000,რუსული რუბლი,7/21/2016,7/21/2016
USD,1,2.3480,0.0000,აშშ დოლარი,7/21/2016,7/21/2016
CNY,10,3.5055,0.0000,ჩინური იუანი,7/20/2016,7/20/2016
RUB,100,3.7198,0.0000,რუსული რუბლი,7/20/2016,7/20/2016
USD,1,2.3459,0.0000,აშშ დოლარი,7/20/2016,7/20/2016
CNY,10,3.4915,0.0000,ჩინური იუანი,7/19/2016,7/19/2016
RUB,100,3.7116,0.0000,რუსული რუბლი,7/19/2016,7/19/2016
USD,1,2.3406,0.0000,აშშ დოლარი,7/19/2016,7/19/2016
CNY,10,3.5025,0.0000,ჩინური იუანი,7/18/2016,7/18/2016
RUB,100,3.7049,0.0000,რუსული რუბლი,7/18/2016,7/18/2016
USD,1,2.3407,0.0000,აშშ დოლარი,7/18/2016,7/18/2016
CNY,10,3.5025,0.0000,ჩინური იუანი,7/17/2016,7/17/2016
RUB,100,3.7049,0.0000,რუსული რუბლი,7/17/2016,7/17/2016
USD,1,2.3407,0.0000,აშშ დოლარი,7/17/2016,7/17/2016
CNY,10,3.5025,0.0000,ჩინური იუანი,7/16/2016,7/16/2016
RUB,100,3.7049,0.0000,რუსული რუბლი,7/16/2016,7/16/2016
USD,1,2.3407,0.0000,აშშ დოლარი,7/16/2016,7/16/2016
CNY,10,3.5071,0.0000,ჩინური იუანი,7/15/2016,7/15/2016
RUB,100,3.7036,0.0000,რუსული რუბლი,7/15/2016,7/15/2016
USD,1,2.3453,0.0000,აშშ დოლარი,7/15/2016,7/15/2016
CNY,10,3.5167,0.0000,ჩინური იუანი,7/14/2016,7/14/2016
RUB,100,3.6855,0.0000,რუსული რუბლი,7/14/2016,7/14/2016
USD,1,2.3527,0.0000,აშშ დოლარი,7/14/2016,7/14/2016
CNY,10,3.5026,0.0000,ჩინური იუანი,7/13/2016,7/13/2016
RUB,100,3.6688,0.0000,რუსული რუბლი,7/13/2016,7/13/2016
USD,1,2.3413,0.0000,აშშ დოლარი,7/13/2016,7/13/2016
CNY,10,3.4967,0.0000,ჩინური იუანი,7/12/2016,7/12/2016
RUB,100,3.6412,0.0000,რუსული რუბლი,7/12/2016,7/12/2016
USD,1,2.3393,0.0000,აშშ დოლარი,7/12/2016,7/12/2016
CNY,10,3.4976,0.0000,ჩინური იუანი,7/11/2016,7/11/2016
RUB,100,3.6429,0.0000,რუსული რუბლი,7/11/2016,7/11/2016
USD,1,2.3391,0.0000,აშშ დოლარი,7/11/2016,7/11/2016
CNY,10,3.4976,0.0000,ჩინური იუანი,7/10/2016,7/10/2016
RUB,100,3.6429,0.0000,რუსული რუბლი,7/10/2016,7/10/2016
USD,1,2.3391,0.0000,აშშ დოლარი,7/10/2016,7/10/2016
CNY,10,3.4976,0.0000,ჩინური იუანი,7/9/2016,7/9/2016
RUB,100,3.6429,0.0000,რუსული რუბლი,7/9/2016,7/9/2016
USD,1,2.3391,0.0000,აშშ დოლარი,7/9/2016,7/9/2016
CNY,10,3.4875,0.0000,ჩინური იუანი,7/8/2016,7/8/2016
RUB,100,3.6373,0.0000,რუსული რუბლი,7/8/2016,7/8/2016
USD,1,2.3302,0.0000,აშშ დოლარი,7/8/2016,7/8/2016
CNY,10,3.4670,0.0000,ჩინური იუანი,7/7/2016,7/7/2016
RUB,100,3.5811,0.0000,რუსული რუბლი,7/7/2016,7/7/2016
USD,1,2.3194,0.0000,აშშ დოლარი,7/7/2016,7/7/2016
CNY,10,3.4620,0.0000,ჩინური იუანი,7/6/2016,7/6/2016
RUB,100,3.5982,0.0000,რუსული რუბლი,7/6/2016,7/6/2016
USD,1,2.3097,0.0000,აშშ დოლარი,7/6/2016,7/6/2016
CNY,10,3.4625,0.0000,ჩინური იუანი,7/5/2016,7/5/2016
RUB,100,3.6128,0.0000,რუსული რუბლი,7/5/2016,7/5/2016
USD,1,2.3076,0.0000,აშშ დოლარი,7/5/2016,7/5/2016
CNY,10,3.4673,0.0000,ჩინური იუანი,7/4/2016,7/4/2016
RUB,100,3.5989,0.0000,რუსული რუბლი,7/4/2016,7/4/2016
USD,1,2.3093,0.0000,აშშ დოლარი,7/4/2016,7/4/2016
CNY,10,3.4673,0.0000,ჩინური იუანი,7/3/2016,7/3/2016
RUB,100,3.5989,0.0000,რუსული რუბლი,7/3/2016,7/3/2016
USD,1,2.3093,0.0000,აშშ დოლარი,7/3/2016,7/3/2016
CNY,10,3.4673,0.0000,ჩინური იუანი,7/2/2016,7/2/2016
RUB,100,3.5989,0.0000,რუსული რუბლი,7/2/2016,7/2/2016
USD,1,2.3093,0.0000,აშშ დოლარი,7/2/2016,7/2/2016
CNY,10,3.4924,0.0000,ჩინური იუანი,7/1/2016,7/1/2016
RUB,100,3.6156,0.0000,რუსული რუბლი,7/1/2016,7/1/2016
USD,1,2.3200,0.0000,აშშ დოლარი,7/1/2016,7/1/2016
CNY,10,3.5236,0.0000,ჩინური იუანი,6/30/2016,6/30/2016
RUB,100,3.6552,0.0000,რუსული რუბლი,6/30/2016,6/30/2016
USD,1,2.3423,0.0000,აშშ დოლარი,6/30/2016,6/30/2016
CNY,10,3.5678,0.0000,ჩინური იუანი,6/29/2016,6/29/2016
RUB,100,3.6653,0.0000,რუსული რუბლი,6/29/2016,6/29/2016
USD,1,2.3709,0.0000,აშშ დოლარი,6/29/2016,6/29/2016
CNY,10,3.5251,0.0000,ჩინური იუანი,6/28/2016,6/28/2016
RUB,100,3.6087,0.0000,რუსული რუბლი,6/28/2016,6/28/2016
USD,1,2.3436,0.0000,აშშ დოლარი,6/28/2016,6/28/2016
CNY,10,3.4642,0.0000,ჩინური იუანი,6/27/2016,6/27/2016
RUB,100,3.5037,0.0000,რუსული რუბლი,6/27/2016,6/27/2016
USD,1,2.2941,0.0000,აშშ დოლარი,6/27/2016,6/27/2016
CNY,10,3.4642,0.0000,ჩინური იუანი,6/26/2016,6/26/2016
RUB,100,3.5037,0.0000,რუსული რუბლი,6/26/2016,6/26/2016
USD,1,2.2941,0.0000,აშშ დოლარი,6/26/2016,6/26/2016
CNY,10,3.4642,0.0000,ჩინური იუანი,6/25/2016,6/25/2016
RUB,100,3.5037,0.0000,რუსული რუბლი,6/25/2016,6/25/2016
USD,1,2.2941,0.0000,აშშ დოლარი,6/25/2016,6/25/2016
CNY,10,3.4131,0.0000,ჩინური იუანი,6/24/2016,6/24/2016
RUB,100,3.4964,0.0000,რუსული რუბლი,6/24/2016,6/24/2016
USD,1,2.2431,0.0000,აშშ დოლარი,6/24/2016,6/24/2016
CNY,10,3.3807,0.0000,ჩინური იუანი,6/23/2016,6/23/2016
RUB,100,3.4750,0.0000,რუსული რუბლი,6/23/2016,6/23/2016
USD,1,2.2240,0.0000,აშშ დოლარი,6/23/2016,6/23/2016
CNY,10,3.3620,0.0000,ჩინური იუანი,6/22/2016,6/22/2016
RUB,100,3.4540,0.0000,რუსული რუბლი,6/22/2016,6/22/2016
USD,1,2.2128,0.0000,აშშ დოლარი,6/22/2016,6/22/2016
CNY,10,3.3126,0.0000,ჩინური იუანი,6/21/2016,6/21/2016
RUB,100,3.4032,0.0000,რუსული რუბლი,6/21/2016,6/21/2016
USD,1,2.1805,0.0000,აშშ დოლარი,6/21/2016,6/21/2016
CNY,10,3.3059,0.0000,ჩინური იუანი,6/20/2016,6/20/2016
RUB,100,3.3368,0.0000,რუსული რუბლი,6/20/2016,6/20/2016
USD,1,2.1790,0.0000,აშშ დოლარი,6/20/2016,6/20/2016
CNY,10,3.3059,0.0000,ჩინური იუანი,6/19/2016,6/19/2016
RUB,100,3.3368,0.0000,რუსული რუბლი,6/19/2016,6/19/2016
USD,1,2.1790,0.0000,აშშ დოლარი,6/19/2016,6/19/2016
CNY,10,3.3059,0.0000,ჩინური იუანი,6/18/2016,6/18/2016
RUB,100,3.3368,0.0000,რუსული რუბლი,6/18/2016,6/18/2016
USD,1,2.1790,0.0000,აშშ დოლარი,6/18/2016,6/18/2016
CNY,10,3.2417,0.0000,ჩინური იუანი,6/17/2016,6/17/2016
RUB,100,3.2431,0.0000,რუსული რუბლი,6/17/2016,6/17/2016
USD,1,2.1360,0.0000,აშშ დოლარი,6/17/2016,6/17/2016
CNY,10,3.2389,0.0000,ჩინური იუანი,6/16/2016,6/16/2016
RUB,100,3.2398,0.0000,რუსული რუბლი,6/16/2016,6/16/2016
USD,1,2.1322,0.0000,აშშ დოლარი,6/16/2016,6/16/2016
CNY,10,3.2342,0.0000,ჩინური იუანი,6/15/2016,6/15/2016
RUB,100,3.2330,0.0000,რუსული რუბლი,6/15/2016,6/15/2016
USD,1,2.1324,0.0000,აშშ დოლარი,6/15/2016,6/15/2016
CNY,10,3.2323,0.0000,ჩინური იუანი,6/14/2016,6/14/2016
RUB,100,3.2381,0.0000,რუსული რუბლი,6/14/2016,6/14/2016
USD,1,2.1291,0.0000,აშშ დოლარი,6/14/2016,6/14/2016
CNY,10,3.2418,0.0000,ჩინური იუანი,6/13/2016,6/13/2016
RUB,100,3.3001,0.0000,რუსული რუბლი,6/13/2016,6/13/2016
USD,1,2.1274,0.0000,აშშ დოლარი,6/13/2016,6/13/2016
CNY,10,3.2418,0.0000,ჩინური იუანი,6/12/2016,6/12/2016
RUB,100,3.3001,0.0000,რუსული რუბლი,6/12/2016,6/12/2016
USD,1,2.1274,0.0000,აშშ დოლარი,6/12/2016,6/12/2016
CNY,10,3.2418,0.0000,ჩინური იუანი,6/11/2016,6/11/2016
RUB,100,3.3001,0.0000,რუსული რუბლი,6/11/2016,6/11/2016
USD,1,2.1274,0.0000,აშშ დოლარი,6/11/2016,6/11/2016
CNY,10,3.2415,0.0000,ჩინური იუანი,6/10/2016,6/10/2016
RUB,100,3.3126,0.0000,რუსული რუბლი,6/10/2016,6/10/2016
USD,1,2.1272,0.0000,აშშ დოლარი,6/10/2016,6/10/2016
CNY,10,3.2384,0.0000,ჩინური იუანი,6/9/2016,6/9/2016
RUB,100,3.3184,0.0000,რუსული რუბლი,6/9/2016,6/9/2016
USD,1,2.1282,0.0000,აშშ დოლარი,6/9/2016,6/9/2016
CNY,10,3.2448,0.0000,ჩინური იუანი,6/8/2016,6/8/2016
RUB,100,3.2814,0.0000,რუსული რუბლი,6/8/2016,6/8/2016
USD,1,2.1323,0.0000,აშშ დოლარი,6/8/2016,6/8/2016
CNY,10,3.2552,0.0000,ჩინური იუანი,6/7/2016,6/7/2016
RUB,100,3.2510,0.0000,რუსული რუბლი,6/7/2016,6/7/2016
USD,1,2.1376,0.0000,აშშ დოლარი,6/7/2016,6/7/2016
CNY,10,3.2520,0.0000,ჩინური იუანი,6/6/2016,6/6/2016
RUB,100,3.1997,0.0000,რუსული რუბლი,6/6/2016,6/6/2016
USD,1,2.1424,0.0000,აშშ დოლარი,6/6/2016,6/6/2016
CNY,10,3.2520,0.0000,ჩინური იუანი,6/5/2016,6/5/2016
RUB,100,3.1997,0.0000,რუსული რუბლი,6/5/2016,6/5/2016
USD,1,2.1424,0.0000,აშშ დოლარი,6/5/2016,6/5/2016
CNY,10,3.2520,0.0000,ჩინური იუანი,6/4/2016,6/4/2016
RUB,100,3.1997,0.0000,რუსული რუბლი,6/4/2016,6/4/2016
USD,1,2.1424,0.0000,აშშ დოლარი,6/4/2016,6/4/2016
CNY,10,3.2538,0.0000,ჩინური იუანი,6/3/2016,6/3/2016
RUB,100,3.1979,0.0000,რუსული რუბლი,6/3/2016,6/3/2016
USD,1,2.1417,0.0000,აშშ დოლარი,6/3/2016,6/3/2016
CNY,10,3.2543,0.0000,ჩინური იუანი,6/2/2016,6/2/2016
RUB,100,3.2011,0.0000,რუსული რუბლი,6/2/2016,6/2/2016
USD,1,2.1418,0.0000,აშშ დოლარი,6/2/2016,6/2/2016
CNY,10,3.2607,0.0000,ჩინური იუანი,6/1/2016,6/1/2016
RUB,100,3.2544,0.0000,რუსული რუბლი,6/1/2016,6/1/2016
USD,1,2.1455,0.0000,აშშ დოლარი,6/1/2016,6/1/2016
CNY,10,3.2625,0.0000,ჩინური იუანი,5/31/2016,5/31/2016
RUB,100,3.2507,0.0000,რუსული რუბლი,5/31/2016,5/31/2016
USD,1,2.1472,0.0000,აშშ დოლარი,5/31/2016,5/31/2016
CNY,10,3.2708,0.0000,ჩინური იუანი,5/30/2016,5/30/2016
RUB,100,3.2531,0.0000,რუსული რუბლი,5/30/2016,5/30/2016
USD,1,2.1461,0.0000,აშშ დოლარი,5/30/2016,5/30/2016
CNY,10,3.2708,0.0000,ჩინური იუანი,5/29/2016,5/29/2016
RUB,100,3.2531,0.0000,რუსული რუბლი,5/29/2016,5/29/2016
USD,1,2.1461,0.0000,აშშ დოლარი,5/29/2016,5/29/2016
CNY,10,3.2708,0.0000,ჩინური იუანი,5/28/2016,5/28/2016
RUB,100,3.2531,0.0000,რუსული რუბლი,5/28/2016,5/28/2016
USD,1,2.1461,0.0000,აშშ დოლარი,5/28/2016,5/28/2016
CNY,10,3.2726,0.0000,ჩინური იუანი,5/27/2016,5/27/2016
RUB,100,3.2568,0.0000,რუსული რუბლი,5/27/2016,5/27/2016
USD,1,2.1473,0.0000,აშშ დოლარი,5/27/2016,5/27/2016
CNY,10,3.2726,0.0000,ჩინური იუანი,5/26/2016,5/26/2016
RUB,100,3.2568,0.0000,რუსული რუბლი,5/26/2016,5/26/2016
USD,1,2.1473,0.0000,აშშ დოლარი,5/26/2016,5/26/2016
CNY,10,3.2760,0.0000,ჩინური იუანი,5/25/2016,5/25/2016
RUB,100,3.2100,0.0000,რუსული რუბლი,5/25/2016,5/25/2016
USD,1,2.1474,0.0000,აშშ დოლარი,5/25/2016,5/25/2016
CNY,10,3.2741,0.0000,ჩინური იუანი,5/24/2016,5/24/2016
RUB,100,3.1996,0.0000,რუსული რუბლი,5/24/2016,5/24/2016
USD,1,2.1459,0.0000,აშშ დოლარი,5/24/2016,5/24/2016
CNY,10,3.2781,0.0000,ჩინური იუანი,5/23/2016,5/23/2016
RUB,100,3.2119,0.0000,რუსული რუბლი,5/23/2016,5/23/2016
USD,1,2.1460,0.0000,აშშ დოლარი,5/23/2016,5/23/2016
CNY,10,3.2781,0.0000,ჩინური იუანი,5/22/2016,5/22/2016
RUB,100,3.2119,0.0000,რუსული რუბლი,5/22/2016,5/22/2016
USD,1,2.1460,0.0000,აშშ დოლარი,5/22/2016,5/22/2016
CNY,10,3.2781,0.0000,ჩინური იუანი,5/21/2016,5/21/2016
RUB,100,3.2119,0.0000,რუსული რუბლი,5/21/2016,5/21/2016
USD,1,2.1460,0.0000,აშშ დოლარი,5/21/2016,5/21/2016
CNY,10,3.2796,0.0000,ჩინური იუანი,5/20/2016,5/20/2016
RUB,100,3.2276,0.0000,რუსული რუბლი,5/20/2016,5/20/2016
USD,1,2.1470,0.0000,აშშ დოლარი,5/20/2016,5/20/2016
CNY,10,3.3090,0.0000,ჩინური იუანი,5/19/2016,5/19/2016
RUB,100,3.3133,0.0000,რუსული რუბლი,5/19/2016,5/19/2016
USD,1,2.1628,0.0000,აშშ დოლარი,5/19/2016,5/19/2016
CNY,10,3.3525,0.0000,ჩინური იუანი,5/18/2016,5/18/2016
RUB,100,3.3856,0.0000,რუსული რუბლი,5/18/2016,5/18/2016
USD,1,2.1878,0.0000,აშშ დოლარი,5/18/2016,5/18/2016
CNY,10,3.3731,0.0000,ჩინური იუანი,5/17/2016,5/17/2016
RUB,100,3.3880,0.0000,რუსული რუბლი,5/17/2016,5/17/2016
USD,1,2.2003,0.0000,აშშ დოლარი,5/17/2016,5/17/2016
CNY,10,3.3841,0.0000,ჩინური იუანი,5/16/2016,5/16/2016
RUB,100,3.3744,0.0000,რუსული რუბლი,5/16/2016,5/16/2016
USD,1,2.2068,0.0000,აშშ დოლარი,5/16/2016,5/16/2016
CNY,10,3.3841,0.0000,ჩინური იუანი,5/15/2016,5/15/2016
RUB,100,3.3744,0.0000,რუსული რუბლი,5/15/2016,5/15/2016
USD,1,2.2068,0.0000,აშშ დოლარი,5/15/2016,5/15/2016
CNY,10,3.3841,0.0000,ჩინური იუანი,5/14/2016,5/14/2016
RUB,100,3.3744,0.0000,რუსული რუბლი,5/14/2016,5/14/2016
USD,1,2.2068,0.0000,აშშ დოლარი,5/14/2016,5/14/2016
CNY,10,3.4007,0.0000,ჩინური იუანი,5/13/2016,5/13/2016
RUB,100,3.3499,0.0000,რუსული რუბლი,5/13/2016,5/13/2016
USD,1,2.2126,0.0000,აშშ დოლარი,5/13/2016,5/13/2016
CNY,10,3.4007,0.0000,ჩინური იუანი,5/12/2016,5/12/2016
RUB,100,3.3499,0.0000,რუსული რუბლი,5/12/2016,5/12/2016
USD,1,2.2126,0.0000,აშშ დოლარი,5/12/2016,5/12/2016
CNY,10,3.3960,0.0000,ჩინური იუანი,5/11/2016,5/11/2016
RUB,100,3.3375,0.0000,რუსული რუბლი,5/11/2016,5/11/2016
USD,1,2.2126,0.0000,აშშ დოლარი,5/11/2016,5/11/2016
CNY,10,3.4058,0.0000,ჩინური იუანი,5/10/2016,5/10/2016
RUB,100,3.3432,0.0000,რუსული რუბლი,5/10/2016,5/10/2016
USD,1,2.2134,0.0000,აშშ დოლარი,5/10/2016,5/10/2016
CNY,10,3.4058,0.0000,ჩინური იუანი,5/9/2016,5/9/2016
RUB,100,3.3432,0.0000,რუსული რუბლი,5/9/2016,5/9/2016
USD,1,2.2134,0.0000,აშშ დოლარი,5/9/2016,5/9/2016
CNY,10,3.4058,0.0000,ჩინური იუანი,5/8/2016,5/8/2016
RUB,100,3.3432,0.0000,რუსული რუბლი,5/8/2016,5/8/2016
USD,1,2.2134,0.0000,აშშ დოლარი,5/8/2016,5/8/2016
CNY,10,3.4058,0.0000,ჩინური იუანი,5/7/2016,5/7/2016
RUB,100,3.3432,0.0000,რუსული რუბლი,5/7/2016,5/7/2016
USD,1,2.2134,0.0000,აშშ დოლარი,5/7/2016,5/7/2016
CNY,10,3.4024,0.0000,ჩინური იუანი,5/6/2016,5/6/2016
RUB,100,3.3532,0.0000,რუსული რუბლი,5/6/2016,5/6/2016
USD,1,2.2140,0.0000,აშშ დოლარი,5/6/2016,5/6/2016
CNY,10,3.4059,0.0000,ჩინური იუანი,5/5/2016,5/5/2016
RUB,100,3.3439,0.0000,რუსული რუბლი,5/5/2016,5/5/2016
USD,1,2.2158,0.0000,აშშ დოლარი,5/5/2016,5/5/2016
CNY,10,3.4321,0.0000,ჩინური იუანი,5/4/2016,5/4/2016
RUB,100,3.3608,0.0000,რუსული რუბლი,5/4/2016,5/4/2016
USD,1,2.2238,0.0000,აშშ დოლარი,5/4/2016,5/4/2016
CNY,10,3.4445,0.0000,ჩინური იუანი,5/3/2016,5/3/2016
RUB,100,3.4476,0.0000,რუსული რუბლი,5/3/2016,5/3/2016
USD,1,2.2309,0.0000,აშშ დოლარი,5/3/2016,5/3/2016
CNY,10,3.4445,0.0000,ჩინური იუანი,5/2/2016,5/2/2016
RUB,100,3.4476,0.0000,რუსული რუბლი,5/2/2016,5/2/2016
USD,1,2.2309,0.0000,აშშ დოლარი,5/2/2016,5/2/2016
CNY,10,3.4445,0.0000,ჩინური იუანი,5/1/2016,5/1/2016
RUB,100,3.4476,0.0000,რუსული რუბლი,5/1/2016,5/1/2016
USD,1,2.2309,0.0000,აშშ დოლარი,5/1/2016,5/1/2016
CNY,10,3.4445,0.0000,ჩინური იუანი,4/30/2016,4/30/2016
RUB,100,3.4476,0.0000,რუსული რუბლი,4/30/2016,4/30/2016
USD,1,2.2309,0.0000,აშშ დოლარი,4/30/2016,4/30/2016
CNY,10,3.4445,0.0000,ჩინური იუანი,4/29/2016,4/29/2016
RUB,100,3.4476,0.0000,რუსული რუბლი,4/29/2016,4/29/2016
USD,1,2.2309,0.0000,აშშ დოლარი,4/29/2016,4/29/2016
CNY,10,3.4367,0.0000,ჩინური იუანი,4/28/2016,4/28/2016
RUB,100,3.4220,0.0000,რუსული რუბლი,4/28/2016,4/28/2016
USD,1,2.2314,0.0000,აშშ დოლარი,4/28/2016,4/28/2016
CNY,10,3.4369,0.0000,ჩინური იუანი,4/27/2016,4/27/2016
RUB,100,3.3598,0.0000,რუსული რუბლი,4/27/2016,4/27/2016
USD,1,2.2319,0.0000,აშშ დოლარი,4/27/2016,4/27/2016
CNY,10,3.4390,0.0000,ჩინური იუანი,4/26/2016,4/26/2016
RUB,100,3.3774,0.0000,რუსული რუბლი,4/26/2016,4/26/2016
USD,1,2.2334,0.0000,აშშ დოლარი,4/26/2016,4/26/2016
CNY,10,3.4362,0.0000,ჩინური იუანი,4/25/2016,4/25/2016
RUB,100,3.3673,0.0000,რუსული რუბლი,4/25/2016,4/25/2016
USD,1,2.2318,0.0000,აშშ დოლარი,4/25/2016,4/25/2016
CNY,10,3.4362,0.0000,ჩინური იუანი,4/24/2016,4/24/2016
RUB,100,3.3673,0.0000,რუსული რუბლი,4/24/2016,4/24/2016
USD,1,2.2318,0.0000,აშშ დოლარი,4/24/2016,4/24/2016
CNY,10,3.4362,0.0000,ჩინური იუანი,4/23/2016,4/23/2016
RUB,100,3.3673,0.0000,რუსული რუბლი,4/23/2016,4/23/2016
USD,1,2.2318,0.0000,აშშ დოლარი,4/23/2016,4/23/2016
CNY,10,3.4448,0.0000,ჩინური იუანი,4/22/2016,4/22/2016
RUB,100,3.4186,0.0000,რუსული რუბლი,4/22/2016,4/22/2016
USD,1,2.2317,0.0000,აშშ დოლარი,4/22/2016,4/22/2016
CNY,10,3.4545,0.0000,ჩინური იუანი,4/21/2016,4/21/2016
RUB,100,3.4005,0.0000,რუსული რუბლი,4/21/2016,4/21/2016
USD,1,2.2340,0.0000,აშშ დოლარი,4/21/2016,4/21/2016
CNY,10,3.4665,0.0000,ჩინური იუანი,4/20/2016,4/20/2016
RUB,100,3.4191,0.0000,რუსული რუბლი,4/20/2016,4/20/2016
USD,1,2.2423,0.0000,აშშ დოლარი,4/20/2016,4/20/2016
CNY,10,3.4650,0.0000,ჩინური იუანი,4/19/2016,4/19/2016
RUB,100,3.3188,0.0000,რუსული რუბლი,4/19/2016,4/19/2016
USD,1,2.2447,0.0000,აშშ დოლარი,4/19/2016,4/19/2016
CNY,10,3.4769,0.0000,ჩინური იუანი,4/18/2016,4/18/2016
RUB,100,3.3933,0.0000,რუსული რუბლი,4/18/2016,4/18/2016
USD,1,2.2519,0.0000,აშშ დოლარი,4/18/2016,4/18/2016
CNY,10,3.4769,0.0000,ჩინური იუანი,4/17/2016,4/17/2016
RUB,100,3.3933,0.0000,რუსული რუბლი,4/17/2016,4/17/2016
USD,1,2.2519,0.0000,აშშ დოლარი,4/17/2016,4/17/2016
CNY,10,3.4769,0.0000,ჩინური იუანი,4/16/2016,4/16/2016
RUB,100,3.3933,0.0000,რუსული რუბლი,4/16/2016,4/16/2016
USD,1,2.2519,0.0000,აშშ დოლარი,4/16/2016,4/16/2016
CNY,10,3.4738,0.0000,ჩინური იუანი,4/15/2016,4/15/2016
RUB,100,3.4037,0.0000,რუსული რუბლი,4/15/2016,4/15/2016
USD,1,2.2525,0.0000,აშშ დოლარი,4/15/2016,4/15/2016
CNY,10,3.5027,0.0000,ჩინური იუანი,4/14/2016,4/14/2016
RUB,100,3.4674,0.0000,რუსული რუბლი,4/14/2016,4/14/2016
USD,1,2.2674,0.0000,აშშ დოლარი,4/14/2016,4/14/2016
CNY,10,3.5179,0.0000,ჩინური იუანი,4/13/2016,4/13/2016
RUB,100,3.4283,0.0000,რუსული რუბლი,4/13/2016,4/13/2016
USD,1,2.2727,0.0000,აშშ დოლარი,4/13/2016,4/13/2016
CNY,10,3.5197,0.0000,ჩინური იუანი,4/12/2016,4/12/2016
RUB,100,3.4108,0.0000,რუსული რუბლი,4/12/2016,4/12/2016
USD,1,2.2782,0.0000,აშშ დოლარი,4/12/2016,4/12/2016
CNY,10,3.5326,0.0000,ჩინური იუანი,4/11/2016,4/11/2016
RUB,100,3.4001,0.0000,რუსული რუბლი,4/11/2016,4/11/2016
USD,1,2.2868,0.0000,აშშ დოლარი,4/11/2016,4/11/2016
CNY,10,3.5326,0.0000,ჩინური იუანი,4/10/2016,4/10/2016
RUB,100,3.4001,0.0000,რუსული რუბლი,4/10/2016,4/10/2016
USD,1,2.2868,0.0000,აშშ დოლარი,4/10/2016,4/10/2016
CNY,10,3.5326,0.0000,ჩინური იუანი,4/9/2016,4/9/2016
RUB,100,3.4001,0.0000,რუსული რუბლი,4/9/2016,4/9/2016
USD,1,2.2868,0.0000,აშშ დოლარი,4/9/2016,4/9/2016
CNY,10,3.5534,0.0000,ჩინური იუანი,4/8/2016,4/8/2016
RUB,100,3.3873,0.0000,რუსული რუბლი,4/8/2016,4/8/2016
USD,1,2.2989,0.0000,აშშ დოლარი,4/8/2016,4/8/2016
CNY,10,3.5545,0.0000,ჩინური იუანი,4/7/2016,4/7/2016
RUB,100,3.3570,0.0000,რუსული რუბლი,4/7/2016,4/7/2016
USD,1,2.3052,0.0000,აშშ დოლარი,4/7/2016,4/7/2016
CNY,10,3.5385,0.0000,ჩინური იუანი,4/6/2016,4/6/2016
RUB,100,3.3215,0.0000,რუსული რუბლი,4/6/2016,4/6/2016
USD,1,2.2916,0.0000,აშშ დოლარი,4/6/2016,4/6/2016
CNY,10,3.5493,0.0000,ჩინური იუანი,4/5/2016,4/5/2016
RUB,100,3.3687,0.0000,რუსული რუბლი,4/5/2016,4/5/2016
USD,1,2.3006,0.0000,აშშ დოლარი,4/5/2016,4/5/2016
CNY,10,3.5824,0.0000,ჩინური იუანი,4/4/2016,4/4/2016
RUB,100,3.4211,0.0000,რუსული რუბლი,4/4/2016,4/4/2016
USD,1,2.3157,0.0000,აშშ დოლარი,4/4/2016,4/4/2016
CNY,10,3.5824,0.0000,ჩინური იუანი,4/3/2016,4/3/2016
RUB,100,3.4211,0.0000,რუსული რუბლი,4/3/2016,4/3/2016
USD,1,2.3157,0.0000,აშშ დოლარი,4/3/2016,4/3/2016
CNY,10,3.5824,0.0000,ჩინური იუანი,4/2/2016,4/2/2016
RUB,100,3.4211,0.0000,რუსული რუბლი,4/2/2016,4/2/2016
USD,1,2.3157,0.0000,აშშ დოლარი,4/2/2016,4/2/2016
CNY,10,3.5883,0.0000,ჩინური იუანი,4/1/2016,4/1/2016
RUB,100,3.4511,0.0000,რუსული რუბლი,4/1/2016,4/1/2016
USD,1,2.3177,0.0000,აშშ დოლარი,4/1/2016,4/1/2016
CNY,10,3.6548,0.0000,ჩინური იუანი,3/31/2016,3/31/2016
RUB,100,3.4986,0.0000,რუსული რუბლი,3/31/2016,3/31/2016
USD,1,2.3679,0.0000,აშშ დოლარი,3/31/2016,3/31/2016
CNY,10,3.6480,0.0000,ჩინური იუანი,3/30/2016,3/30/2016
RUB,100,3.4610,0.0000,რუსული რუბლი,3/30/2016,3/30/2016
USD,1,2.3745,0.0000,აშშ დოლარი,3/30/2016,3/30/2016
CNY,10,3.6183,0.0000,ჩინური იუანი,3/29/2016,3/29/2016
RUB,100,3.4755,0.0000,რუსული რუბლი,3/29/2016,3/29/2016
USD,1,2.3581,0.0000,აშშ დოლარი,3/29/2016,3/29/2016
CNY,10,3.5843,0.0000,ჩინური იუანი,3/28/2016,3/28/2016
RUB,100,3.4372,0.0000,რუსული რუბლი,3/28/2016,3/28/2016
USD,1,2.3342,0.0000,აშშ დოლარი,3/28/2016,3/28/2016
CNY,10,3.5843,0.0000,ჩინური იუანი,3/27/2016,3/27/2016
RUB,100,3.4372,0.0000,რუსული რუბლი,3/27/2016,3/27/2016
USD,1,2.3342,0.0000,აშშ დოლარი,3/27/2016,3/27/2016
CNY,10,3.5843,0.0000,ჩინური იუანი,3/26/2016,3/26/2016
RUB,100,3.4372,0.0000,რუსული რუბლი,3/26/2016,3/26/2016
USD,1,2.3342,0.0000,აშშ დოლარი,3/26/2016,3/26/2016
CNY,10,3.5619,0.0000,ჩინური იუანი,3/25/2016,3/25/2016
RUB,100,3.3485,0.0000,რუსული რუბლი,3/25/2016,3/25/2016
USD,1,2.3199,0.0000,აშშ დოლარი,3/25/2016,3/25/2016
CNY,10,3.5488,0.0000,ჩინური იუანი,3/24/2016,3/24/2016
RUB,100,3.4045,0.0000,რუსული რუბლი,3/24/2016,3/24/2016
USD,1,2.3062,0.0000,აშშ დოლარი,3/24/2016,3/24/2016
CNY,10,3.5344,0.0000,ჩინური იუანი,3/23/2016,3/23/2016
RUB,100,3.3836,0.0000,რუსული რუბლი,3/23/2016,3/23/2016
USD,1,2.2954,0.0000,აშშ დოლარი,3/23/2016,3/23/2016
CNY,10,3.5419,0.0000,ჩინური იუანი,3/22/2016,3/22/2016
RUB,100,3.3645,0.0000,რუსული რუბლი,3/22/2016,3/22/2016
USD,1,2.2953,0.0000,აშშ დოლარი,3/22/2016,3/22/2016
CNY,10,3.5742,0.0000,ჩინური იუანი,3/21/2016,3/21/2016
RUB,100,3.3969,0.0000,რუსული რუბლი,3/21/2016,3/21/2016
USD,1,2.3157,0.0000,აშშ დოლარი,3/21/2016,3/21/2016
CNY,10,3.5742,0.0000,ჩინური იუანი,3/20/2016,3/20/2016
RUB,100,3.3969,0.0000,რუსული რუბლი,3/20/2016,3/20/2016
USD,1,2.3157,0.0000,აშშ დოლარი,3/20/2016,3/20/2016
CNY,10,3.5742,0.0000,ჩინური იუანი,3/19/2016,3/19/2016
RUB,100,3.3969,0.0000,რუსული რუბლი,3/19/2016,3/19/2016
USD,1,2.3157,0.0000,აშშ დოლარი,3/19/2016,3/19/2016
CNY,10,3.5747,0.0000,ჩინური იუანი,3/18/2016,3/18/2016
RUB,100,3.3828,0.0000,რუსული რუბლი,3/18/2016,3/18/2016
USD,1,2.3157,0.0000,აშშ დოლარი,3/18/2016,3/18/2016
CNY,10,3.5643,0.0000,ჩინური იუანი,3/17/2016,3/17/2016
RUB,100,3.2840,0.0000,რუსული რუბლი,3/17/2016,3/17/2016
USD,1,2.3240,0.0000,აშშ დოლარი,3/17/2016,3/17/2016
CNY,10,3.6186,0.0000,ჩინური იუანი,3/16/2016,3/16/2016
RUB,100,3.3272,0.0000,რუსული რუბლი,3/16/2016,3/16/2016
USD,1,2.3575,0.0000,აშშ დოლარი,3/16/2016,3/16/2016
CNY,10,3.7220,0.0000,ჩინური იუანი,3/15/2016,3/15/2016
RUB,100,3.4417,0.0000,რუსული რუბლი,3/15/2016,3/15/2016
USD,1,2.4175,0.0000,აშშ დოლარი,3/15/2016,3/15/2016
CNY,10,3.7316,0.0000,ჩინური იუანი,3/14/2016,3/14/2016
RUB,100,3.4836,0.0000,რუსული რუბლი,3/14/2016,3/14/2016
USD,1,2.4258,0.0000,აშშ დოლარი,3/14/2016,3/14/2016
CNY,10,3.7316,0.0000,ჩინური იუანი,3/13/2016,3/13/2016
RUB,100,3.4836,0.0000,რუსული რუბლი,3/13/2016,3/13/2016
USD,1,2.4258,0.0000,აშშ დოლარი,3/13/2016,3/13/2016
CNY,10,3.7316,0.0000,ჩინური იუანი,3/12/2016,3/12/2016
RUB,100,3.4836,0.0000,რუსული რუბლი,3/12/2016,3/12/2016
USD,1,2.4258,0.0000,აშშ დოლარი,3/12/2016,3/12/2016
CNY,10,3.7487,0.0000,ჩინური იუანი,3/11/2016,3/11/2016
RUB,100,3.4598,0.0000,რუსული რუბლი,3/11/2016,3/11/2016
USD,1,2.4421,0.0000,აშშ დოლარი,3/11/2016,3/11/2016
CNY,10,3.7632,0.0000,ჩინური იუანი,3/10/2016,3/10/2016
RUB,100,3.3968,0.0000,რუსული რუბლი,3/10/2016,3/10/2016
USD,1,2.4509,0.0000,აშშ დოლარი,3/10/2016,3/10/2016
CNY,10,3.7785,0.0000,ჩინური იუანი,3/9/2016,3/9/2016
RUB,100,3.4302,0.0000,რუსული რუბლი,3/9/2016,3/9/2016
USD,1,2.4630,0.0000,აშშ დოლარი,3/9/2016,3/9/2016
CNY,10,3.7785,0.0000,ჩინური იუანი,3/8/2016,3/8/2016
RUB,100,3.4302,0.0000,რუსული რუბლი,3/8/2016,3/8/2016
USD,1,2.4630,0.0000,აშშ დოლარი,3/8/2016,3/8/2016
CNY,10,3.7933,0.0000,ჩინური იუანი,3/7/2016,3/7/2016
RUB,100,3.3737,0.0000,რუსული რუბლი,3/7/2016,3/7/2016
USD,1,2.4716,0.0000,აშშ დოლარი,3/7/2016,3/7/2016
CNY,10,3.7933,0.0000,ჩინური იუანი,3/6/2016,3/6/2016
RUB,100,3.3737,0.0000,რუსული რუბლი,3/6/2016,3/6/2016
USD,1,2.4716,0.0000,აშშ დოლარი,3/6/2016,3/6/2016
CNY,10,3.7933,0.0000,ჩინური იუანი,3/5/2016,3/5/2016
RUB,100,3.3737,0.0000,რუსული რუბლი,3/5/2016,3/5/2016
USD,1,2.4716,0.0000,აშშ დოლარი,3/5/2016,3/5/2016
CNY,10,3.7713,0.0000,ჩინური იუანი,3/4/2016,3/4/2016
RUB,100,3.3361,0.0000,რუსული რუბლი,3/4/2016,3/4/2016
USD,1,2.4703,0.0000,აშშ დოლარი,3/4/2016,3/4/2016
CNY,10,3.7713,0.0000,ჩინური იუანი,3/3/2016,3/3/2016
RUB,100,3.3361,0.0000,რუსული რუბლი,3/3/2016,3/3/2016
USD,1,2.4703,0.0000,აშშ დოლარი,3/3/2016,3/3/2016
CNY,10,3.7666,0.0000,ჩინური იუანი,3/2/2016,3/2/2016
RUB,100,3.3451,0.0000,რუსული რუბლი,3/2/2016,3/2/2016
USD,1,2.4668,0.0000,აშშ დოლარი,3/2/2016,3/2/2016
CNY,10,3.7709,0.0000,ჩინური იუანი,3/1/2016,3/1/2016
RUB,100,3.2507,0.0000,რუსული რუბლი,3/1/2016,3/1/2016
USD,1,2.4713,0.0000,აშშ დოლარი,3/1/2016,3/1/2016
CNY,10,3.7894,0.0000,ჩინური იუანი,2/29/2016,2/29/2016
RUB,100,3.3064,0.0000,რუსული რუბლი,2/29/2016,2/29/2016
USD,1,2.4778,0.0000,აშშ დოლარი,2/29/2016,2/29/2016
CNY,10,3.7894,0.0000,ჩინური იუანი,2/28/2016,2/28/2016
RUB,100,3.3064,0.0000,რუსული რუბლი,2/28/2016,2/28/2016
USD,1,2.4778,0.0000,აშშ დოლარი,2/28/2016,2/28/2016
CNY,10,3.7894,0.0000,ჩინური იუანი,2/27/2016,2/27/2016
RUB,100,3.3064,0.0000,რუსული რუბლი,2/27/2016,2/27/2016
USD,1,2.4778,0.0000,აშშ დოლარი,2/27/2016,2/27/2016
CNY,10,3.8020,0.0000,ჩინური იუანი,2/26/2016,2/26/2016
RUB,100,3.2627,0.0000,რუსული რუბლი,2/26/2016,2/26/2016
USD,1,2.4839,0.0000,აშშ დოლარი,2/26/2016,2/26/2016
CNY,10,3.8033,0.0000,ჩინური იუანი,2/25/2016,2/25/2016
RUB,100,3.2212,0.0000,რუსული რუბლი,2/25/2016,2/25/2016
USD,1,2.4853,0.0000,აშშ დოლარი,2/25/2016,2/25/2016
CNY,10,3.8028,0.0000,ჩინური იუანი,2/24/2016,2/24/2016
RUB,100,3.2863,0.0000,რუსული რუბლი,2/24/2016,2/24/2016
USD,1,2.4827,0.0000,აშშ დოლარი,2/24/2016,2/24/2016
CNY,10,3.8040,0.0000,ჩინური იუანი,2/23/2016,2/23/2016
RUB,100,3.2690,0.0000,რუსული რუბლი,2/23/2016,2/23/2016
USD,1,2.4801,0.0000,აშშ დოლარი,2/23/2016,2/23/2016
CNY,10,3.8020,0.0000,ჩინური იუანი,2/22/2016,2/22/2016
RUB,100,3.2407,0.0000,რუსული რუბლი,2/22/2016,2/22/2016
USD,1,2.4795,0.0000,აშშ დოლარი,2/22/2016,2/22/2016
CNY,10,3.8020,0.0000,ჩინური იუანი,2/21/2016,2/21/2016
RUB,100,3.2407,0.0000,რუსული რუბლი,2/21/2016,2/21/2016
USD,1,2.4795,0.0000,აშშ დოლარი,2/21/2016,2/21/2016
CNY,10,3.8020,0.0000,ჩინური იუანი,2/20/2016,2/20/2016
RUB,100,3.2407,0.0000,რუსული რუბლი,2/20/2016,2/20/2016
USD,1,2.4795,0.0000,აშშ დოლარი,2/20/2016,2/20/2016
CNY,10,3.8074,0.0000,ჩინური იუანი,2/19/2016,2/19/2016
RUB,100,3.3008,0.0000,რუსული რუბლი,2/19/2016,2/19/2016
USD,1,2.4810,0.0000,აშშ დოლარი,2/19/2016,2/19/2016
CNY,10,3.8182,0.0000,ჩინური იუანი,2/18/2016,2/18/2016
RUB,100,3.2357,0.0000,რუსული რუბლი,2/18/2016,2/18/2016
USD,1,2.4921,0.0000,აშშ დოლარი,2/18/2016,2/18/2016
CNY,10,3.8252,0.0000,ჩინური იუანი,2/17/2016,2/17/2016
RUB,100,3.2229,0.0000,რუსული რუბლი,2/17/2016,2/17/2016
USD,1,2.4914,0.0000,აშშ დოლარი,2/17/2016,2/17/2016
CNY,10,3.8374,0.0000,ჩინური იუანი,2/16/2016,2/16/2016
RUB,100,3.2213,0.0000,რუსული რუბლი,2/16/2016,2/16/2016
USD,1,2.4921,0.0000,აშშ დოლარი,2/16/2016,2/16/2016
CNY,10,3.7732,0.0000,ჩინური იუანი,2/15/2016,2/15/2016
RUB,100,3.1228,0.0000,რუსული რუბლი,2/15/2016,2/15/2016
USD,1,2.4806,0.0000,აშშ დოლარი,2/15/2016,2/15/2016
CNY,10,3.7732,0.0000,ჩინური იუანი,2/14/2016,2/14/2016
RUB,100,3.1228,0.0000,რუსული რუბლი,2/14/2016,2/14/2016
USD,1,2.4806,0.0000,აშშ დოლარი,2/14/2016,2/14/2016
CNY,10,3.7732,0.0000,ჩინური იუანი,2/13/2016,2/13/2016
RUB,100,3.1228,0.0000,რუსული რუბლი,2/13/2016,2/13/2016
USD,1,2.4806,0.0000,აშშ დოლარი,2/13/2016,2/13/2016
CNY,10,3.7625,0.0000,ჩინური იუანი,2/12/2016,2/12/2016
RUB,100,3.1156,0.0000,რუსული რუბლი,2/12/2016,2/12/2016
USD,1,2.4736,0.0000,აშშ დოლარი,2/12/2016,2/12/2016
CNY,10,3.7747,0.0000,ჩინური იუანი,2/11/2016,2/11/2016
RUB,100,3.1509,0.0000,რუსული რუბლი,2/11/2016,2/11/2016
USD,1,2.4816,0.0000,აშშ დოლარი,2/11/2016,2/11/2016
CNY,10,3.7830,0.0000,ჩინური იუანი,2/10/2016,2/10/2016
RUB,100,3.1828,0.0000,რუსული რუბლი,2/10/2016,2/10/2016
USD,1,2.4858,0.0000,აშშ დოლარი,2/10/2016,2/10/2016
CNY,10,3.7854,0.0000,ჩინური იუანი,2/9/2016,2/9/2016
RUB,100,3.2342,0.0000,რუსული რუბლი,2/9/2016,2/9/2016
USD,1,2.4874,0.0000,აშშ დოლარი,2/9/2016,2/9/2016
CNY,10,3.7875,0.0000,ჩინური იუანი,2/8/2016,2/8/2016
RUB,100,3.2390,0.0000,რუსული რუბლი,2/8/2016,2/8/2016
USD,1,2.4892,0.0000,აშშ დოლარი,2/8/2016,2/8/2016
CNY,10,3.7875,0.0000,ჩინური იუანი,2/7/2016,2/7/2016
RUB,100,3.2390,0.0000,რუსული რუბლი,2/7/2016,2/7/2016
USD,1,2.4892,0.0000,აშშ დოლარი,2/7/2016,2/7/2016
CNY,10,3.7875,0.0000,ჩინური იუანი,2/6/2016,2/6/2016
RUB,100,3.2390,0.0000,რუსული რუბლი,2/6/2016,2/6/2016
USD,1,2.4892,0.0000,აშშ დოლარი,2/6/2016,2/6/2016
CNY,10,3.7931,0.0000,ჩინური იუანი,2/5/2016,2/5/2016
RUB,100,3.2606,0.0000,რუსული რუბლი,2/5/2016,2/5/2016
USD,1,2.4948,0.0000,აშშ დოლარი,2/5/2016,2/5/2016
CNY,10,3.7919,0.0000,ჩინური იუანი,2/4/2016,2/4/2016
RUB,100,3.1762,0.0000,რუსული რუბლი,2/4/2016,2/4/2016
USD,1,2.4939,0.0000,აშშ დოლარი,2/4/2016,2/4/2016
CNY,10,3.7637,0.0000,ჩინური იუანი,2/3/2016,2/3/2016
RUB,100,3.1252,0.0000,რუსული რუბლი,2/3/2016,2/3/2016
USD,1,2.4763,0.0000,აშშ დოლარი,2/3/2016,2/3/2016
CNY,10,3.7552,0.0000,ჩინური იუანი,2/2/2016,2/2/2016
RUB,100,3.2558,0.0000,რუსული რუბლი,2/2/2016,2/2/2016
USD,1,2.4702,0.0000,აშშ დოლარი,2/2/2016,2/2/2016
CNY,10,3.7590,0.0000,ჩინური იუანი,2/1/2016,2/1/2016
RUB,100,3.2488,0.0000,რუსული რუბლი,2/1/2016,2/1/2016
USD,1,2.4719,0.0000,აშშ დოლარი,2/1/2016,2/1/2016
CNY,10,3.7590,0.0000,ჩინური იუანი,1/31/2016,1/31/2016
RUB,100,3.2488,0.0000,რუსული რუბლი,1/31/2016,1/31/2016
USD,1,2.4719,0.0000,აშშ დოლარი,1/31/2016,1/31/2016
CNY,10,3.7590,0.0000,ჩინური იუანი,1/30/2016,1/30/2016
RUB,100,3.2488,0.0000,რუსული რუბლი,1/30/2016,1/30/2016
USD,1,2.4719,0.0000,აშშ დოლარი,1/30/2016,1/30/2016
CNY,10,3.7974,0.0000,ჩინური იუანი,1/29/2016,1/29/2016
RUB,100,3.2730,0.0000,რუსული რუბლი,1/29/2016,1/29/2016
USD,1,2.4971,0.0000,აშშ დოლარი,1/29/2016,1/29/2016
CNY,10,3.7984,0.0000,ჩინური იუანი,1/28/2016,1/28/2016
RUB,100,3.1771,0.0000,რუსული რუბლი,1/28/2016,1/28/2016
USD,1,2.4985,0.0000,აშშ დოლარი,1/28/2016,1/28/2016
CNY,10,3.7961,0.0000,ჩინური იუანი,1/27/2016,1/27/2016
RUB,100,3.1255,0.0000,რუსული რუბლი,1/27/2016,1/27/2016
USD,1,2.4984,0.0000,აშშ დოლარი,1/27/2016,1/27/2016
CNY,10,3.7883,0.0000,ჩინური იუანი,1/26/2016,1/26/2016
RUB,100,3.1408,0.0000,რუსული რუბლი,1/26/2016,1/26/2016
USD,1,2.4923,0.0000,აშშ დოლარი,1/26/2016,1/26/2016
CNY,10,3.7536,0.0000,ჩინური იუანი,1/25/2016,1/25/2016
RUB,100,3.0883,0.0000,რუსული რუბლი,1/25/2016,1/25/2016
USD,1,2.4694,0.0000,აშშ დოლარი,1/25/2016,1/25/2016
CNY,10,3.7536,0.0000,ჩინური იუანი,1/24/2016,1/24/2016
RUB,100,3.0883,0.0000,რუსული რუბლი,1/24/2016,1/24/2016
USD,1,2.4694,0.0000,აშშ დოლარი,1/24/2016,1/24/2016
CNY,10,3.7536,0.0000,ჩინური იუანი,1/23/2016,1/23/2016
RUB,100,3.0883,0.0000,რუსული რუბლი,1/23/2016,1/23/2016
USD,1,2.4694,0.0000,აშშ დოლარი,1/23/2016,1/23/2016
CNY,10,3.7159,0.0000,ჩინური იუანი,1/22/2016,1/22/2016
RUB,100,2.9047,0.0000,რუსული რუბლი,1/22/2016,1/22/2016
USD,1,2.4445,0.0000,აშშ დოლარი,1/22/2016,1/22/2016
CNY,10,3.6958,0.0000,ჩინური იუანი,1/21/2016,1/21/2016
RUB,100,3.0446,0.0000,რუსული რუბლი,1/21/2016,1/21/2016
USD,1,2.4317,0.0000,აშშ დოლარი,1/21/2016,1/21/2016
CNY,10,3.6911,0.0000,ჩინური იუანი,1/20/2016,1/20/2016
RUB,100,3.0821,0.0000,რუსული რუბლი,1/20/2016,1/20/2016
USD,1,2.4280,0.0000,აშშ დოლარი,1/20/2016,1/20/2016
CNY,10,3.6911,0.0000,ჩინური იუანი,1/19/2016,1/19/2016
RUB,100,3.0821,0.0000,რუსული რუბლი,1/19/2016,1/19/2016
USD,1,2.4280,0.0000,აშშ დოლარი,1/19/2016,1/19/2016
CNY,10,3.6832,0.0000,ჩინური იუანი,1/18/2016,1/18/2016
RUB,100,3.1367,0.0000,რუსული რუბლი,1/18/2016,1/18/2016
USD,1,2.4250,0.0000,აშშ დოლარი,1/18/2016,1/18/2016
CNY,10,3.6832,0.0000,ჩინური იუანი,1/17/2016,1/17/2016
RUB,100,3.1367,0.0000,რუსული რუბლი,1/17/2016,1/17/2016
USD,1,2.4250,0.0000,აშშ დოლარი,1/17/2016,1/17/2016
CNY,10,3.6832,0.0000,ჩინური იუანი,1/16/2016,1/16/2016
RUB,100,3.1367,0.0000,რუსული რუბლი,1/16/2016,1/16/2016
USD,1,2.4250,0.0000,აშშ დოლარი,1/16/2016,1/16/2016
CNY,10,3.6805,0.0000,ჩინური იუანი,1/15/2016,1/15/2016
RUB,100,3.1733,0.0000,რუსული რუბლი,1/15/2016,1/15/2016
USD,1,2.4254,0.0000,აშშ დოლარი,1/15/2016,1/15/2016
CNY,10,3.6748,0.0000,ჩინური იუანი,1/14/2016,1/14/2016
RUB,100,3.1655,0.0000,რუსული რუბლი,1/14/2016,1/14/2016
USD,1,2.4158,0.0000,აშშ დოლარი,1/14/2016,1/14/2016
CNY,10,3.6731,0.0000,ჩინური იუანი,1/13/2016,1/13/2016
RUB,100,3.1707,0.0000,რუსული რუბლი,1/13/2016,1/13/2016
USD,1,2.4155,0.0000,აშშ დოლარი,1/13/2016,1/13/2016
CNY,10,3.6825,0.0000,ჩინური იუანი,1/12/2016,1/12/2016
RUB,100,3.2075,0.0000,რუსული რუბლი,1/12/2016,1/12/2016
USD,1,2.4198,0.0000,აშშ დოლარი,1/12/2016,1/12/2016
CNY,10,3.6683,0.0000,ჩინური იუანი,1/11/2016,1/11/2016
RUB,100,3.2699,0.0000,რუსული რუბლი,1/11/2016,1/11/2016
USD,1,2.4174,0.0000,აშშ დოლარი,1/11/2016,1/11/2016
CNY,10,3.6683,0.0000,ჩინური იუანი,1/10/2016,1/10/2016
RUB,100,3.2699,0.0000,რუსული რუბლი,1/10/2016,1/10/2016
USD,1,2.4174,0.0000,აშშ დოლარი,1/10/2016,1/10/2016
CNY,10,3.6683,0.0000,ჩინური იუანი,1/9/2016,1/9/2016
RUB,100,3.2699,0.0000,რუსული რუბლი,1/9/2016,1/9/2016
USD,1,2.4174,0.0000,აშშ დოლარი,1/9/2016,1/9/2016
CNY,10,3.6874,0.0000,ჩინური იუანი,1/8/2016,1/8/2016
RUB,100,3.2623,0.0000,რუსული რუბლი,1/8/2016,1/8/2016
USD,1,2.4175,0.0000,აშშ დოლარი,1/8/2016,1/8/2016
CNY,10,3.6874,0.0000,ჩინური იუანი,1/7/2016,1/7/2016
RUB,100,3.2623,0.0000,რუსული რუბლი,1/7/2016,1/7/2016
USD,1,2.4175,0.0000,აშშ დოლარი,1/7/2016,1/7/2016
CNY,10,3.7054,0.0000,ჩინური იუანი,1/6/2016,1/6/2016
RUB,100,3.2931,0.0000,რუსული რუბლი,1/6/2016,1/6/2016
USD,1,2.4155,0.0000,აშშ დოლარი,1/6/2016,1/6/2016
CNY,10,3.6809,0.0000,ჩინური იუანი,1/5/2016,1/5/2016
RUB,100,3.2925,0.0000,რუსული რუბლი,1/5/2016,1/5/2016
USD,1,2.4054,0.0000,აშშ დოლარი,1/5/2016,1/5/2016
CNY,10,3.6908,0.0000,ჩინური იუანი,1/4/2016,1/4/2016
RUB,100,3.2497,0.0000,რუსული რუბლი,1/4/2016,1/4/2016
USD,1,2.3966,0.0000,აშშ დოლარი,1/4/2016,1/4/2016
CNY,10,3.6908,0.0000,ჩინური იუანი,1/3/2016,1/3/2016
RUB,100,3.2497,0.0000,რუსული რუბლი,1/3/2016,1/3/2016
USD,1,2.3966,0.0000,აშშ დოლარი,1/3/2016,1/3/2016
CNY,10,3.6908,0.0000,ჩინური იუანი,1/2/2016,1/2/2016
RUB,100,3.2497,0.0000,რუსული რუბლი,1/2/2016,1/2/2016
USD,1,2.3966,0.0000,აშშ დოლარი,1/2/2016,1/2/2016
CNY,10,3.6908,0.0000,ჩინური იუანი,1/1/2016,1/1/2016
RUB,100,3.2497,0.0000,რუსული რუბლი,1/1/2016,1/1/2016
USD,1,2.3966,0.0000,აშშ დოლარი,1/1/2016,1/1/2016
