rate_target,n,frequency,rolling_window,cooldown_days,hit_rate,base_rate,lift,auc,forward_benefit_bps,year_lift_min,year_lift_median,year_lift_positive,years,corridor_freq_min,corridor_freq_max,corridor_lift_min,cluster_share_7d,macro_year_lift,year_frequency_min,year_frequency_max,quarter_frequency_min,quarter_frequency_max,quarters,candidate,policy_type,rate,rolling,cooldown,history,strong,late,late_weekday,weekly_cap
0.15,335,1.3248587570621468,20,0,0.3970149253731343,0.3379032258064516,1.1749367719873187,0.5567734208529675,38.7282071947094,1.1749367719873187,1.1749367719873187,1,1,1.2457627118644068,1.4039548022598871,1.0980392156862744,0.8848484848484849,1.1749367719873187,1.3248587570621468,1.3248587570621468,0.9280898876404495,2.0363636363636366,4,geometric,rolling,0.15,20,0,0,0.0,0.0,0,0
0.15,277,1.0954802259887007,40,0,0.4404332129963899,0.3379032258064516,1.3034300336886002,0.5567734208529675,57.18996535998497,1.3034300336886002,1.3034300336886002,1,1,1.0677966101694916,1.1073446327683616,1.1652846876727474,0.9044117647058824,1.3034300336886002,1.0954802259887007,1.0954802259887007,0.7707865168539327,1.5272727272727273,4,geometric,rolling,0.15,40,0,0,0.0,0.0,0,0
0.15,220,0.8700564971751413,60,0,0.4954545454545455,0.3379032258064516,1.4662616619657194,0.5567734208529675,67.03551289916668,1.4662616619657194,1.4662616619657194,1,1,0.8107344632768362,0.9491525423728814,1.3658536585365855,0.8883720930232558,1.4662616619657194,0.8700564971751413,0.8700564971751413,0.39772727272727276,1.4477272727272728,4,geometric,rolling,0.15,60,0,0,0.0,0.0,0,0
0.15,170,0.672316384180791,120,0,0.5470588235294118,0.3379032258064516,1.6189807665309564,0.5567734208529675,78.54227706546065,1.6189807665309564,1.6189807665309564,1,1,0.632768361581921,0.711864406779661,1.3366500829187398,0.9575757575757575,1.6189807665309564,0.672316384180791,0.672316384180791,0.0,1.2075,4,geometric,rolling,0.15,120,0,0,0.0,0.0,0,0
0.15,127,0.5022598870056497,250,0,0.5039370078740157,0.3379032258064516,1.49136489203766,0.5567734208529675,69.91811316239234,1.49136489203766,1.49136489203766,1,1,0.43502824858757067,0.5536723163841808,0.8412483039348712,0.9344262295081968,1.49136489203766,0.5022598870056497,0.5022598870056497,0.0,1.2075,4,geometric,rolling,0.15,250,0,0,0.0,0.0,0,0
0.15,136,0.5378531073446328,40,3,0.4411764705882353,0.3379032258064516,1.3056296504281903,0.5567734208529675,54.19217377346063,1.3056296504281903,1.3056296504281903,1,1,0.5141242937853108,0.5536723163841808,1.0575692963752665,0.7480916030534351,1.3056296504281903,0.5378531073446328,0.5378531073446328,0.36179775280898874,0.7318181818181818,4,geometric,rolling,0.15,40,3,0,0.0,0.0,0,0
0.15,117,0.46271186440677964,60,3,0.42735042735042733,0.3379032258064516,1.2647124818962527,0.5567734208529675,51.363821153975366,1.2647124818962527,1.2647124818962527,1,1,0.43502824858757067,0.4745762711864407,1.0094979647218454,0.7232142857142857,1.2647124818962527,0.46271186440677964,0.46271186440677964,0.28314606741573034,0.6681818181818182,4,geometric,rolling,0.15,60,3,0,0.0,0.0,0,0
0.15,81,0.32033898305084746,120,3,0.4691358024691358,0.3379032258064516,1.3883732579038863,0.5567734208529675,68.86846757375237,1.3883732579038863,1.3883732579038863,1,1,0.2966101694915254,0.3559322033898305,1.0281923714759538,0.8421052631578947,1.3883732579038863,0.32033898305084746,0.32033898305084746,0.0,0.6649999999999999,4,geometric,rolling,0.15,120,3,0,0.0,0.0,0,0
0.18,374,1.4790960451977402,20,0,0.37433155080213903,0.3379032258064516,1.1078069761208889,0.5567734208529675,32.045787059660505,1.1078069761208889,1.1078069761208889,1,1,1.384180790960452,1.6412429378531075,1.0439831615619104,0.9051490514905149,1.1078069761208889,1.4790960451977402,1.4790960451977402,1.101123595505618,2.1954545454545458,4,geometric,rolling,0.18,20,0,0,0.0,0.0,0,0
0.18,312,1.2338983050847459,40,0,0.42948717948717946,0.3379032258064516,1.271036044305734,0.5567734208529675,57.198681620823876,1.271036044305734,1.271036044305734,1,1,1.2062146892655368,1.2853107344632768,1.1750769959725185,0.9185667752442996,1.271036044305734,1.2338983050847459,1.2338983050847459,0.8337078651685393,1.7818181818181817,4,geometric,rolling,0.18,40,0,0,0.0,0.0,0,0
0.18,242,0.9570621468926553,60,0,0.4834710743801653,0.3379032258064516,1.430797451626265,0.5567734208529675,64.57426179141075,1.430797451626265,1.430797451626265,1,1,0.8898305084745763,1.0480225988700564,1.353034780631962,0.8987341772151899,1.430797451626265,0.9570621468926553,0.9570621468926553,0.4931818181818182,1.590909090909091,4,geometric,rolling,0.18,60,0,0,0.0,0.0,0,0
0.18,188,0.7435028248587571,120,0,0.5372340425531915,0.3379032258064516,1.5899050424008532,0.5567734208529675,78.90405078144211,1.5899050424008532,1.5899050424008532,1,1,0.711864406779661,0.8107344632768362,1.2639242810338553,0.9562841530054644,1.5899050424008532,0.7435028248587571,0.7435028248587571,0.0,1.3363636363636364,4,geometric,rolling,0.18,120,0,0,0.0,0.0,0,0
0.18,141,0.5576271186440678,250,0,0.5106382978723404,0.3379032258064516,1.511196871984969,0.5567734208529675,75.23191823439322,1.511196871984969,1.511196871984969,1,1,0.4745762711864407,0.5932203389830508,0.9253731343283582,0.9485294117647058,1.511196871984969,0.5576271186440678,0.5576271186440678,0.0,1.295,4,geometric,rolling,0.18,250,0,0,0.0,0.0,0,0
0.18,150,0.5932203389830508,40,3,0.3933333333333333,0.3379032258064516,1.164041368337311,0.5567734208529675,53.64614337961061,1.164041368337311,1.164041368337311,1,1,0.5734463276836158,0.612994350282486,1.0666666666666667,0.8137931034482758,1.164041368337311,0.5932203389830508,0.5932203389830508,0.3775280898876405,0.7954545454545455,4,geometric,rolling,0.18,40,3,0,0.0,0.0,0,0
0.18,128,0.5062146892655368,60,3,0.40625,0.3379032258064516,1.2022673031026254,0.5567734208529675,48.979519812302975,1.2022673031026254,1.2022673031026254,1,1,0.4745762711864407,0.5338983050847458,1.0364179104477613,0.7804878048780488,1.2022673031026254,0.5062146892655368,0.5062146892655368,0.3146067415730337,0.735,4,geometric,rolling,0.18,60,3,0,0.0,0.0,0,0
0.18,90,0.3559322033898305,120,3,0.43333333333333335,0.3379032258064516,1.2824184566428003,0.5567734208529675,65.57329545758513,1.2824184566428003,1.2824184566428003,1,1,0.3361581920903955,0.3954802259887006,0.9253731343283582,0.8941176470588236,1.2824184566428003,0.3559322033898305,0.3559322033898305,0.0,0.735,4,geometric,rolling,0.18,120,3,0,0.0,0.0,0,0
0.2,394,1.5581920903954802,20,0,0.36548223350253806,0.3379032258064516,1.0816180657354348,0.5567734208529675,29.799436506662303,1.0816180657354348,1.0816180657354348,1,1,1.4830508474576272,1.6412429378531075,1.031111111111111,0.9074550128534704,1.0816180657354348,1.5581920903954802,1.5581920903954802,1.195505617977528,2.2750000000000004,4,geometric,rolling,0.2,20,0,0,0.0,0.0,0,0
0.2,329,1.301129943502825,40,0,0.44072948328267475,0.3379032258064516,1.304306824034646,0.5567734208529675,59.05784915755283,1.304306824034646,1.304306824034646,1,1,1.225988700564972,1.364406779661017,1.2338308457711442,0.9228395061728395,1.304306824034646,1.301129943502825,1.301129943502825,0.8808988764044944,1.9090909090909092,4,geometric,rolling,0.2,40,0,0,0.0,0.0,0,0
0.2,263,1.0401129943502825,60,0,0.49049429657794674,0.3379032258064516,1.451582166483661,0.5567734208529675,63.61749550740049,1.451582166483661,1.451582166483661,1,1,0.9491525423728814,1.0875706214689267,1.3846153846153848,0.8992248062015504,1.451582166483661,1.0401129943502825,1.0401129943502825,0.6045454545454545,1.7022727272727272,4,geometric,rolling,0.2,60,0,0,0.0,0.0,0,0
0.2,201,0.7949152542372883,120,0,0.5522388059701493,0.3379032258064516,1.634310547501158,0.5567734208529675,81.02498034786161,1.634310547501158,1.634310547501158,1,1,0.7514124293785311,0.8700564971751413,1.430122116689281,0.9336734693877551,1.634310547501158,0.7949152542372883,0.7949152542372883,0.04772727272727273,1.4318181818181819,4,geometric,rolling,0.2,120,0,0,0.0,0.0,0,0
0.2,156,0.6169491525423729,250,0,0.5192307692307693,0.3379032258064516,1.5366256655039474,0.5567734208529675,74.60875565052521,1.5366256655039474,1.5366256655039474,1,1,0.5932203389830508,0.652542372881356,1.11044776119403,0.9205298013245033,1.5366256655039474,0.6169491525423729,0.6169491525423729,0.04772727272727273,1.365,4,geometric,rolling,0.2,250,0,0,0.0,0.0,0,0
0.2,156,0.6169491525423729,40,3,0.3974358974358974,0.3379032258064516,1.176182608163515,0.5567734208529675,52.14632777938594,1.176182608163515,1.176182608163515,1,1,0.5734463276836158,0.652542372881356,1.0094979647218454,0.8145695364238411,1.176182608163515,0.6169491525423729,0.6169491525423729,0.39325842696629215,0.8431818181818181,4,geometric,rolling,0.2,40,3,0,0.0,0.0,0,0
0.2,134,0.5299435028248588,60,3,0.417910447761194,0.3379032258064516,1.2367755494603356,0.5567734208529675,48.526956400741525,1.2367755494603356,1.2367755494603356,1,1,0.4943502824858757,0.5734463276836158,0.9965556831228474,0.7751937984496124,1.2367755494603356,0.5299435028248588,0.5299435028248588,0.3146067415730337,0.7525,4,geometric,rolling,0.2,60,3,0,0.0,0.0,0,0
0.2,99,0.3915254237288136,120,3,0.45454545454545453,0.3379032258064516,1.3451941852896507,0.5567734208529675,68.94819405337705,1.3451941852896507,1.3451941852896507,1,1,0.3559322033898305,0.4152542372881356,1.0575692963752665,0.8404255319148937,1.3451941852896507,0.3915254237288136,0.3915254237288136,0.04772727272727273,0.7525,4,geometric,rolling,0.2,120,3,0,0.0,0.0,0,0
0.22,412,1.6293785310734465,20,0,0.3616504854368932,0.3379032258064516,1.0702782862571543,0.5567734208529675,29.72412019247285,1.0702782862571543,1.0702782862571543,1,1,1.5423728813559323,1.7203389830508475,0.9959839357429718,0.9115479115479116,1.0702782862571543,1.6293785310734465,1.6293785310734465,1.2269662921348314,2.3227272727272728,4,geometric,rolling,0.22,20,0,0,0.0,0.0,0,0
0.22,349,1.380225988700565,40,0,0.44412607449856734,0.3379032258064516,1.3143587884921801,0.5567734208529675,58.31544573784264,1.3143587884921801,1.3143587884921801,1,1,1.344632768361582,1.4435028248587571,1.2549019607843137,0.9302325581395349,1.3143587884921801,1.380225988700565,1.380225988700565,0.9123595505617977,2.0204545454545455,4,geometric,rolling,0.22,40,0,0,0.0,0.0,0,0
0.22,280,1.1073446327683616,60,0,0.48928571428571427,0.3379032258064516,1.4480054551653596,0.5567734208529675,61.606837622236775,1.4480054551653596,1.4480054551653596,1,1,1.0084745762711864,1.1864406779661016,1.406060606060606,0.9090909090909091,1.4480054551653596,1.1073446327683616,1.1073446327683616,0.6606741573033709,1.75,4,geometric,rolling,0.22,60,0,0,0.0,0.0,0,0
0.22,218,0.8621468926553673,120,0,0.536697247706422,0.3379032258064516,1.588316437126404,0.5567734208529675,79.4564389724927,1.588316437126404,1.588316437126404,1,1,0.8107344632768362,0.9689265536723164,1.4352726165092904,0.9295774647887324,1.588316437126404,0.8621468926553673,0.8621468926553673,0.09545454545454546,1.5113636363636365,4,geometric,rolling,0.22,120,0,0,0.0,0.0,0,0
0.22,169,0.6683615819209039,250,0,0.514792899408284,0.3379032258064516,1.5234921128073322,0.5567734208529675,72.9155058267204,1.5234921128073322,1.5234921128073322,1,1,0.652542372881356,0.692090395480226,1.3064091308165058,0.926829268292683,1.5234921128073322,0.6683615819209039,0.6683615819209039,0.09545454545454546,1.47,4,geometric,rolling,0.22,250,0,0,0.0,0.0,0,0
0.22,164,0.6485875706214689,40,3,0.39634146341463417,0.3379032258064516,1.1729437103440248,0.5567734208529675,51.507911979499625,1.1729437103440248,1.1729437103440248,1,1,0.612994350282486,0.672316384180791,1.1216644052464948,0.8427672955974843,1.1729437103440248,0.6485875706214689,0.6485875706214689,0.39325842696629215,0.9227272727272727,4,geometric,rolling,0.22,40,3,0,0.0,0.0,0,0
0.22,140,0.5536723163841808,60,3,0.4142857142857143,0.3379032258064516,1.2260484145925674,0.5567734208529675,45.83029428095307,1.2260484145925674,1.2260484145925674,1,1,0.5141242937853108,0.5932203389830508,1.1428571428571428,0.8074074074074075,1.2260484145925674,0.5536723163841808,0.5536723163841808,0.3146067415730337,0.7875,4,geometric,rolling,0.22,60,3,0,0.0,0.0,0,0
0.22,107,0.4231638418079096,120,3,0.4205607476635514,0.3379032258064516,1.2446189190997703,0.5567734208529675,62.11566973159416,1.2446189190997703,1.2446189190997703,1,1,0.3954802259887006,0.43502824858757067,1.1777476255088195,0.8529411764705882,1.2446189190997703,0.4231638418079096,0.4231638418079096,0.07954545454545454,0.7875,4,geometric,rolling,0.22,120,3,0,0.0,0.0,0,0
0.25,436,1.7242937853107345,20,0,0.3577981651376147,0.3379032258064516,1.0588776247509362,0.5567734208529675,29.202856064267646,1.0588776247509362,1.0588776247509362,1,1,1.6214689265536724,1.8192090395480227,0.9627844712182063,0.9164733178654292,1.0588776247509362,1.7242937853107345,1.7242937853107345,1.2426966292134833,2.434090909090909,4,geometric,rolling,0.25,20,0,0,0.0,0.0,0,0
0.25,369,1.459322033898305,40,0,0.43902439024390244,0.3379032258064516,1.2992607253041504,0.5567734208529675,54.54717980370236,1.2992607253041504,1.2992607253041504,1,1,1.4039548022598871,1.5028248587570623,1.217596229379419,0.9340659340659341,1.2992607253041504,1.459322033898305,1.459322033898305,0.9280898876404495,2.147727272727273,4,geometric,rolling,0.25,40,0,0,0.0,0.0,0,0
0.25,313,1.2378531073446328,60,0,0.48881789137380194,0.3379032258064516,1.4466209673114903,0.5567734208529675,60.22217433616339,1.4466209673114903,1.4466209673114903,1,1,1.1864406779661016,1.2853107344632768,1.3874125874125873,0.9188311688311688,1.4466209673114903,1.2378531073446328,1.2378531073446328,0.7707865168539327,1.8931818181818183,4,geometric,rolling,0.25,60,0,0,0.0,0.0,0,0
0.25,232,0.9175141242937853,120,0,0.5301724137931034,0.3379032258064516,1.5690066661180149,0.5567734208529675,76.5938717344275,1.5690066661180149,1.5690066661180149,1,1,0.8305084745762712,0.9887005649717514,1.4805970149253733,0.920704845814978,1.5690066661180149,0.9175141242937853,0.9175141242937853,0.1590909090909091,1.575,4,geometric,rolling,0.25,120,0,0,0.0,0.0,0,0
0.25,189,0.747457627118644,250,0,0.5132275132275133,0.3379032258064516,1.5188594663535,0.5567734208529675,69.09252839575683,1.5188594663535,1.5188594663535,1,1,0.731638418079096,0.7909604519774012,1.300524405002017,0.907608695652174,1.5188594663535,0.747457627118644,0.747457627118644,0.1590909090909091,1.575,4,geometric,rolling,0.25,250,0,0,0.0,0.0,0,0
0.25,169,0.6683615819209039,40,3,0.38461538461538464,0.3379032258064516,1.1382412337066277,0.5567734208529675,45.20848827643244,1.1382412337066277,1.1382412337066277,1,1,0.632768361581921,0.692090395480226,1.0886742756804215,0.8353658536585366,1.1382412337066277,0.6683615819209039,0.6683615819209039,0.39325842696629215,0.9545454545454546,4,geometric,rolling,0.25,40,3,0,0.0,0.0,0,0
0.25,153,0.6050847457627119,60,3,0.42483660130718953,0.3379032258064516,1.2572729967086278,0.5567734208529675,42.428197808638416,1.2572729967086278,1.2572729967086278,1,1,0.5734463276836158,0.652542372881356,1.1954022988505748,0.8243243243243243,1.2572729967086278,0.6050847457627119,0.6050847457627119,0.36179775280898874,0.8272727272727273,4,geometric,rolling,0.25,60,3,0,0.0,0.0,0,0
0.25,114,0.4508474576271187,120,3,0.41228070175438597,0.3379032258064516,1.2201147259557008,0.5567734208529675,55.87620830030748,1.2201147259557008,1.2201147259557008,1,1,0.43502824858757067,0.4745762711864407,1.1742424242424243,0.8348623853211009,1.2201147259557008,0.4508474576271187,0.4508474576271187,0.1431818181818182,0.8049999999999999,4,geometric,rolling,0.25,120,3,0,0.0,0.0,0,0
0.3,473,1.8706214689265537,20,0,0.35517970401691334,0.3379032258064516,1.0511284796681923,0.5567734208529675,28.69290220256551,1.0511284796681923,1.0511284796681923,1,1,1.8192090395480227,1.9774011299435028,0.9855072463768115,0.9230769230769231,1.0511284796681923,1.8706214689265537,1.8706214689265537,1.3528089887640449,2.5613636363636365,4,geometric,rolling,0.3,20,0,0,0.0,0.0,0,0
0.3,407,1.6096045197740114,40,0,0.4250614250614251,0.3379032258064516,1.2579383462438356,0.5567734208529675,48.98596975687653,1.2579383462438356,1.2579383462438356,1,1,1.5819209039548023,1.6412429378531075,1.2,0.9353233830845771,1.2579383462438356,1.6096045197740114,1.6096045197740114,0.9595505617977528,2.3386363636363634,4,geometric,rolling,0.3,40,0,0,0.0,0.0,0,0
0.3,357,1.4118644067796613,60,0,0.46218487394957986,0.3379032258064516,1.367802490924771,0.5567734208529675,54.45987107603301,1.367802490924771,1.367802490924771,1,1,1.3248587570621468,1.463276836158192,1.2612612612612613,0.9346590909090909,1.367802490924771,1.4118644067796613,1.4118644067796613,0.8494382022471911,2.147727272727273,4,geometric,rolling,0.3,60,0,0,0.0,0.0,0,0
0.3,276,1.0915254237288137,120,0,0.5072463768115942,0.3379032258064516,1.5011587285116392,0.5567734208529675,73.17389962492624,1.5011587285116392,1.5011587285116392,1,1,0.9887005649717514,1.1864406779661016,1.4859504132231403,0.8966789667896679,1.5011587285116392,1.0915254237288137,1.0915254237288137,0.3659090909090909,1.7674999999999998,4,geometric,rolling,0.3,120,0,0,0.0,0.0,0,0
0.3,233,0.9214689265536724,250,0,0.4892703862660944,0.3379032258064516,1.4479600930070575,0.5567734208529675,65.93805877387565,1.4479600930070575,1.4479600930070575,1,1,0.8700564971751413,0.9887005649717514,1.3939393939393938,0.8991228070175439,1.4479600930070575,0.9214689265536724,0.9214689265536724,0.3659090909090909,1.7674999999999998,4,geometric,rolling,0.3,250,0,0,0.0,0.0,0,0
0.3,190,0.7514124293785311,40,3,0.35789473684210527,0.3379032258064516,1.0591634216806933,0.5567734208529675,39.7546107175092,1.0591634216806933,1.0591634216806933,1,1,0.731638418079096,0.7711864406779662,0.912280701754386,0.8432432432432433,1.0591634216806933,0.7514124293785311,0.7514124293785311,0.40898876404494383,1.0818181818181818,4,geometric,rolling,0.3,40,3,0,0.0,0.0,0,0
0.3,172,0.6802259887005649,60,3,0.38953488372093026,0.3379032258064516,1.1528001332075264,0.5567734208529675,37.511605067453125,1.1528001332075264,1.1528001332075264,1,1,0.612994350282486,0.711864406779661,0.9904761904761905,0.8622754491017964,1.1528001332075264,0.6802259887005649,0.6802259887005649,0.39325842696629215,0.9386363636363637,4,geometric,rolling,0.3,60,3,0,0.0,0.0,0,0
0.3,140,0.5536723163841808,120,3,0.37142857142857144,0.3379032258064516,1.0992158199795432,0.5567734208529675,47.59802917220577,1.0992158199795432,1.0992158199795432,1,1,0.5141242937853108,0.5932203389830508,0.9876543209876543,0.7851851851851852,1.0992158199795432,0.5536723163841808,0.5536723163841808,0.30227272727272725,0.8925,4,geometric,rolling,0.3,120,3,0,0.0,0.0,0,0
0.35,510,2.016949152542373,20,0,0.35294117647058826,0.3379032258064516,1.0445037203425525,0.5567734208529675,28.53133487825395,1.0445037203425525,1.0445037203425525,1,1,1.9774011299435028,2.135593220338983,0.9866666666666667,0.9405940594059405,1.0445037203425525,2.016949152542373,2.016949152542373,1.5258426966292136,2.625,4,geometric,rolling,0.35,20,0,0,0.0,0.0,0,0
0.35,445,1.7598870056497176,40,0,0.4,0.3379032258064516,1.1837708830548928,0.5567734208529675,42.485655622312365,1.1837708830548928,1.1837708830548928,1,1,1.7005649717514124,1.7994350282485876,1.1340996168582376,0.9386363636363636,1.1837708830548928,1.7598870056497176,1.7598870056497176,1.0382022471910113,2.481818181818182,4,geometric,rolling,0.35,40,0,0,0.0,0.0,0,0
0.35,398,1.5740112994350282,60,0,0.4321608040201005,0.3379032258064516,1.278948441491467,0.5567734208529675,50.38623873936398,1.278948441491467,1.278948441491467,1,1,1.5028248587570623,1.6412429378531075,1.2029850746268658,0.9389312977099237,1.278948441491467,1.5740112994350282,1.5740112994350282,0.9280898876404495,2.3545454545454545,4,geometric,rolling,0.35,60,0,0,0.0,0.0,0,0
0.35,317,1.2536723163841808,120,0,0.48580441640378547,0.3379032258064516,1.4377028074956897,0.5567734208529675,68.0935867078933,1.4377028074956897,1.4377028074956897,1,1,1.1468926553672316,1.344632768361582,1.3793103448275863,0.9006410256410257,1.4377028074956897,1.2536723163841808,1.2536723163841808,0.4931818181818182,2.0045454545454544,4,geometric,rolling,0.35,120,0,0,0.0,0.0,0,0
0.35,266,1.0519774011299436,250,0,0.46616541353383456,0.3379032258064516,1.3795826080714912,0.5567734208529675,61.24664644066732,1.3795826080714912,1.3795826080714912,1,1,0.9293785310734464,1.1666666666666667,1.3548951048951048,0.9003831417624522,1.3795826080714912,1.0519774011299436,1.0519774011299436,0.4931818181818182,1.9425,4,geometric,rolling,0.35,250,0,0,0.0,0.0,0,0
0.35,213,0.8423728813559322,40,3,0.3286384976525822,0.3379032258064516,0.9725817114300762,0.5567734208529675,30.618609678008728,0.9725817114300762,0.9725817114300762,0,1,0.8305084745762712,0.8700564971751413,0.8253968253968255,0.8509615384615384,0.9725817114300762,0.8423728813559322,0.8423728813559322,0.4719101123595506,1.1454545454545455,4,geometric,rolling,0.35,40,3,0,0.0,0.0,0,0
0.35,191,0.7553672316384181,60,3,0.3612565445026178,0.3379032258064516,1.0691124467380575,0.5567734208529675,36.29896743605131,1.0691124467380575,1.0691124467380575,1,1,0.731638418079096,0.7909604519774012,0.974076983503535,0.8655913978494624,1.0691124467380575,0.7553672316384181,0.7553672316384181,0.42471910112359557,1.0340909090909092,4,geometric,rolling,0.35,60,3,0,0.0,0.0,0,0
0.35,163,0.644632768361582,120,3,0.39263803680981596,0.3379032258064516,1.1619836888882382,0.5567734208529675,50.56345140339114,1.1619836888882382,1.1619836888882382,1,1,0.5932203389830508,0.692090395480226,1.0666666666666667,0.7848101265822784,1.1619836888882382,0.644632768361582,0.644632768361582,0.3340909090909091,1.015,4,geometric,rolling,0.35,120,3,0,0.0,0.0,0,0
0.15,343,1.356497175141243,20,0,0.3935860058309038,0.3379032258064516,1.1647891342012429,0.5500335756789991,41.28575272590458,1.1647891342012429,1.1647891342012429,1,1,1.2853107344632768,1.463276836158192,1.1305763594920222,0.893491124260355,1.1647891342012429,1.356497175141243,1.356497175141243,0.9280898876404495,2.1,4,harmonic,rolling,0.15,20,0,0,0.0,0.0,0,0
0.15,280,1.1073446327683616,40,0,0.45357142857142857,0.3379032258064516,1.342311626321173,0.5500335756789991,62.89223020879871,1.342311626321173,1.342311626321173,1,1,1.0480225988700564,1.1468926553672316,1.2571106730498451,0.9090909090909091,1.342311626321173,1.1073446327683616,1.1073446327683616,0.7235955056179775,1.590909090909091,4,harmonic,rolling,0.15,40,0,0,0.0,0.0,0,0
0.15,219,0.8661016949152542,60,0,0.4885844748858447,0.3379032258064516,1.4459301882063185,0.5500335756789991,65.11886519018131,1.4459301882063185,1.4459301882063185,1,1,0.7909604519774012,0.9491525423728814,1.3072289156626506,0.897196261682243,1.4459301882063185,0.8661016949152542,0.8661016949152542,0.42954545454545456,1.4477272727272728,4,harmonic,rolling,0.15,60,0,0,0.0,0.0,0,0
0.15,174,0.6881355932203389,120,0,0.5344827586206896,0.3379032258064516,1.581762817875072,0.5500335756789991,77.39653039756243,1.581762817875072,1.581762817875072,1,1,0.632768361581921,0.7514124293785311,1.2663000785545955,0.9585798816568047,1.581762817875072,0.6881355932203389,0.6881355932203389,0.0,1.225,4,harmonic,rolling,0.15,120,0,0,0.0,0.0,0,0
0.15,123,0.48644067796610174,250,0,0.4878048780487805,0.3379032258064516,1.4436230281157227,0.5500335756789991,68.89450816534745,1.4436230281157227,1.4436230281157227,1,1,0.4152542372881356,0.5338983050847458,0.7050461975835111,0.9322033898305084,1.4436230281157227,0.48644067796610174,0.48644067796610174,0.0,1.2249999999999999,4,harmonic,rolling,0.15,250,0,0,0.0,0.0,0,0
0.15,143,0.5655367231638418,40,3,0.4405594405594406,0.3379032258064516,1.3038035949730462,0.5500335756789991,58.47422309776218,1.3038035949730462,1.3038035949730462,1,1,0.5536723163841808,0.5734463276836158,1.0211013896037056,0.7681159420289855,1.3038035949730462,0.5655367231638418,0.5655367231638418,0.36179775280898874,0.8113636363636363,4,harmonic,rolling,0.15,40,3,0,0.0,0.0,0,0
0.15,118,0.46666666666666673,60,3,0.4322033898305085,0.3379032258064516,1.2790744710974475,0.5500335756789991,48.84499669200932,1.2790744710974475,1.2790744710974475,1,1,0.4152542372881356,0.4943502824858757,1.0575692963752665,0.7433628318584071,1.2790744710974475,0.46666666666666673,0.46666666666666673,0.28314606741573034,0.6825,4,harmonic,rolling,0.15,60,3,0,0.0,0.0,0,0
0.15,83,0.32824858757062153,120,3,0.46987951807228917,0.3379032258064516,1.390574230094603,0.5500335756789991,68.54933627531328,1.390574230094603,1.390574230094603,1,1,0.2966101694915254,0.3559322033898305,1.0281923714759538,0.8589743589743589,1.390574230094603,0.32824858757062153,0.32824858757062153,0.0,0.6825,4,harmonic,rolling,0.15,120,3,0,0.0,0.0,0,0
0.18,380,1.5028248587570623,20,0,0.37894736842105264,0.3379032258064516,1.121467152367793,0.5500335756789991,37.449679931472474,1.121467152367793,1.121467152367793,1,1,1.4435028248587571,1.5819209039548023,1.083132530120482,0.9093333333333333,1.121467152367793,1.5028248587570623,1.5028248587570623,1.006741573033708,2.2113636363636364,4,harmonic,rolling,0.18,20,0,0,0.0,0.0,0,0
0.18,308,1.2180790960451977,40,0,0.4448051948051948,0.3379032258064516,1.3163685956048725,0.5500335756789991,60.85423152307833,1.3163685956048725,1.3163685956048725,1,1,1.1468926553672316,1.265536723163842,1.2145522388059702,0.9207920792079208,1.3163685956048725,1.2180790960451977,1.2180790960451977,0.7393258426966293,1.7977272727272728,4,harmonic,rolling,0.18,40,0,0,0.0,0.0,0,0
0.18,237,0.9372881355932203,60,0,0.5021097046413502,0.3379032258064516,1.4859571211343061,0.5500335756789991,66.88221029179455,1.4859571211343061,1.4859571211343061,1,1,0.8700564971751413,1.0677966101694916,1.383311021865239,0.9008620689655172,1.4859571211343061,0.9372881355932203,0.9372881355932203,0.46136363636363636,1.5431818181818182,4,harmonic,rolling,0.18,60,0,0,0.0,0.0,0,0
0.18,185,0.731638418079096,120,0,0.5459459459459459,0.3379032258064516,1.6156872863316778,0.5500335756789991,79.21157220807176,1.6156872863316778,1.6156872863316778,1,1,0.692090395480226,0.8107344632768362,1.3542045868219876,0.9611111111111111,1.6156872863316778,0.731638418079096,0.731638418079096,0.0,1.3299999999999998,4,harmonic,rolling,0.18,120,0,0,0.0,0.0,0,0
0.18,141,0.5576271186440678,250,0,0.5106382978723404,0.3379032258064516,1.511196871984969,0.5500335756789991,75.72169413849664,1.511196871984969,1.511196871984969,1,1,0.4943502824858757,0.5932203389830508,1.0364179104477613,0.9485294117647058,1.511196871984969,0.5576271186440678,0.5576271186440678,0.0,1.3299999999999998,4,harmonic,rolling,0.18,250,0,0,0.0,0.0,0,0
0.18,156,0.6169491525423729,40,3,0.40384615384615385,0.3379032258064516,1.195153295391959,0.5500335756789991,57.06511271801295,1.195153295391959,1.195153295391959,1,1,0.5734463276836158,0.652542372881356,1.041044776119403,0.8278145695364238,1.195153295391959,0.6169491525423729,0.6169491525423729,0.36179775280898874,0.8909090909090909,4,harmonic,rolling,0.18,40,3,0,0.0,0.0,0,0
0.18,128,0.5062146892655368,60,3,0.421875,0.3379032258064516,1.2485083532219572,0.5500335756789991,49.96112477270825,1.2485083532219572,1.2485083532219572,1,1,0.4548022598870057,0.5536723163841808,1.1265412070084362,0.7886178861788617,1.2485083532219572,0.5062146892655368,0.5062146892655368,0.298876404494382,0.7525,4,harmonic,rolling,0.18,60,3,0,0.0,0.0,0,0
0.18,89,0.3519774011299435,120,3,0.449438202247191,0.3379032258064516,1.3300796438819018,0.5500335756789991,68.26034218095667,1.3300796438819018,1.3300796438819018,1,1,0.3163841807909605,0.37570621468926557,0.974076983503535,0.9047619047619048,1.3300796438819018,0.3519774011299435,0.3519774011299435,0.0,0.7525,4,harmonic,rolling,0.18,120,3,0,0.0,0.0,0,0
0.2,395,1.5621468926553672,20,0,0.369620253164557,0.3379032258064516,1.0938642337089515,0.5500335756789991,35.480260638015864,1.0938642337089515,1.0938642337089515,1,1,1.5225988700564972,1.6214689265536724,1.0256410256410258,0.9153846153846154,1.0938642337089515,1.5621468926553672,1.5621468926553672,1.0853932584269663,2.243181818181818,4,harmonic,rolling,0.2,20,0,0,0.0,0.0,0,0
0.2,323,1.2774011299435029,40,0,0.4458204334365325,0.3379032258064516,1.3193731204326977,0.5500335756789991,60.1789719188392,1.3193731204326977,1.3193731204326977,1,1,1.2457627118644068,1.3248587570621468,1.2154154600133662,0.9245283018867925,1.3193731204326977,1.2774011299435029,1.2774011299435029,0.802247191011236,1.9090909090909092,4,harmonic,rolling,0.2,40,0,0,0.0,0.0,0,0
0.2,258,1.0203389830508476,60,0,0.4844961240310077,0.3379032258064516,1.433831011452147,0.5500335756789991,60.312741919338215,1.433831011452147,1.433831011452147,1,1,0.9293785310734464,1.0875706214689267,1.3581599123767798,0.9011857707509882,1.433831011452147,1.0203389830508476,1.0203389830508476,0.5662921348314607,1.6227272727272726,4,harmonic,rolling,0.2,60,0,0,0.0,0.0,0,0
0.2,201,0.7949152542372883,120,0,0.5472636815920398,0.3379032258064516,1.6195870290552012,0.5500335756789991,78.03767106008999,1.6195870290552012,1.6195870290552012,1,1,0.731638418079096,0.8502824858757062,1.4633807705657758,0.9285714285714286,1.6195870290552012,0.7949152542372883,0.7949152542372883,0.06363636363636364,1.384090909090909,4,harmonic,rolling,0.2,120,0,0,0.0,0.0,0,0
0.2,152,0.6011299435028249,250,0,0.5197368421052632,0.3379032258064516,1.5381233513377717,0.5500335756789991,74.86683340801063,1.5381233513377717,1.5381233513377717,1,1,0.5141242937853108,0.652542372881356,1.1389207807118256,0.9183673469387755,1.5381233513377717,0.6011299435028249,0.6011299435028249,0.06363636363636364,1.3825,4,harmonic,rolling,0.2,250,0,0,0.0,0.0,0,0
0.2,159,0.628813559322034,40,3,0.4025157232704403,0.3379032258064516,1.1912159829483198,0.5500335756789991,55.896838113557,1.1912159829483198,1.1912159829483198,1,1,0.612994350282486,0.652542372881356,1.041044776119403,0.8311688311688312,1.1912159829483198,0.628813559322034,0.628813559322034,0.3775280898876405,0.9068181818181819,4,harmonic,rolling,0.2,40,3,0,0.0,0.0,0,0
0.2,136,0.5378531073446328,60,3,0.4117647058823529,0.3379032258064516,1.2185876737329777,0.5500335756789991,47.28127659764012,1.2185876737329777,1.2185876737329777,1,1,0.4943502824858757,0.5734463276836158,0.9965556831228474,0.7938931297709924,1.2185876737329777,0.5378531073446328,0.5378531073446328,0.3146067415730337,0.77,4,harmonic,rolling,0.2,60,3,0,0.0,0.0,0,0
0.2,101,0.39943502824858756,120,3,0.44554455445544555,0.3379032258064516,1.3185566766700536,0.5500335756789991,67.02655087906484,1.3185566766700536,1.3185566766700536,1,1,0.3559322033898305,0.43502824858757067,1.11044776119403,0.84375,1.3185566766700536,0.39943502824858756,0.39943502824858756,0.06363636363636364,0.77,4,harmonic,rolling,0.2,120,3,0,0.0,0.0,0,0
0.22,415,1.6412429378531075,20,0,0.36626506024096384,0.3379032258064516,1.083934784483998,0.5500335756789991,33.90583958092399,1.083934784483998,1.083934784483998,1,1,1.6016949152542375,1.7005649717514124,1.0205761316872428,0.9195121951219513,1.083934784483998,1.6412429378531075,1.6412429378531075,1.1325842696629214,2.3227272727272728,4,harmonic,rolling,0.22,20,0,0,0.0,0.0,0,0
0.22,344,1.3604519774011299,40,0,0.438953488372093,0.3379032258064516,1.2990508963756453,0.5500335756789991,59.81748274502174,1.2990508963756453,1.2990508963756453,1,1,1.305084745762712,1.4435028248587571,1.2121212121212122,0.9292035398230089,1.2990508963756453,1.3604519774011299,1.3604519774011299,0.8337078651685393,2.0045454545454544,4,harmonic,rolling,0.22,40,0,0,0.0,0.0,0,0
0.22,278,1.0994350282485876,60,0,0.4892086330935252,0.3379032258064516,1.4477773389879982,0.5500335756789991,62.793912321885294,1.4477773389879982,1.4477773389879982,1,1,1.0677966101694916,1.1073446327683616,1.3809523809523812,0.9157509157509157,1.4477773389879982,1.0994350282485876,1.0994350282485876,0.6606741573033709,1.6863636363636363,4,harmonic,rolling,0.22,60,0,0,0.0,0.0,0,0
0.22,216,0.8542372881355933,120,0,0.5416666666666666,0.3379032258064516,1.6030230708035003,0.5500335756789991,78.07538045022318,1.6030230708035003,1.6030230708035003,1,1,0.8107344632768362,0.9293785310734464,1.4963480469990473,0.9289099526066351,1.6030230708035003,0.8542372881355933,0.8542372881355933,0.09545454545454546,1.505,4,harmonic,rolling,0.22,120,0,0,0.0,0.0,0,0
0.22,167,0.6604519774011299,250,0,0.5089820359281437,0.3379032258064516,1.5062952853243394,0.5500335756789991,71.60270207983598,1.5062952853243394,1.5062952853243394,1,1,0.632768361581921,0.692090395480226,1.3459972862957938,0.9259259259259259,1.5062952853243394,0.6604519774011299,0.6604519774011299,0.09545454545454546,1.505,4,harmonic,rolling,0.22,250,0,0,0.0,0.0,0,0
0.22,166,0.6564971751412431,40,3,0.39156626506024095,0.3379032258064516,1.158811858412169,0.5500335756789991,52.331681055658656,1.158811858412169,1.158811858412169,1,1,0.612994350282486,0.672316384180791,1.0196078431372548,0.84472049689441,1.158811858412169,0.6564971751412431,0.6564971751412431,0.39325842696629215,0.9545454545454546,4,harmonic,rolling,0.22,40,3,0,0.0,0.0,0,0
0.22,139,0.5497175141242938,60,3,0.4172661870503597,0.3379032258064516,1.234868906783881,0.5500335756789991,47.57902259983874,1.234868906783881,1.234868906783881,1,1,0.5338983050847458,0.5734463276836158,1.1428571428571428,0.8208955223880597,1.234868906783881,0.5497175141242938,0.5497175141242938,0.3146067415730337,0.7875,4,harmonic,rolling,0.22,60,3,0,0.0,0.0,0,0
0.22,107,0.4231638418079096,120,3,0.4392523364485981,0.3379032258064516,1.2999353155042046,0.5500335756789991,64.21596147154712,1.2999353155042046,1.2999353155042046,1,1,0.37570621468926557,0.4548022598870057,1.2338308457711442,0.8529411764705882,1.2999353155042046,0.4231638418079096,0.4231638418079096,0.07954545454545454,0.7875,4,harmonic,rolling,0.22,120,3,0,0.0,0.0,0,0
0.25,438,1.7322033898305085,20,0,0.363013698630137,0.3379032258064516,1.07431261647105,0.5500335756789991,33.34157414769684,1.07431261647105,1.07431261647105,1,1,1.6807909604519775,1.8192090395480227,1.035294117647059,0.9260969976905312,1.07431261647105,1.7322033898305085,1.7322033898305085,1.2269662921348314,2.418181818181818,4,harmonic,rolling,0.25,20,0,0,0.0,0.0,0,0
0.25,367,1.4514124293785313,40,0,0.43869209809264303,0.3379032258064516,1.298277330870829,0.5500335756789991,56.50103842562254,1.298277330870829,1.298277330870829,1,1,1.364406779661017,1.5225988700564972,1.1980676328502415,0.9337016574585635,1.298277330870829,1.4514124293785313,1.4514124293785313,0.8808988764044944,2.1795454545454547,4,harmonic,rolling,0.25,40,0,0,0.0,0.0,0,0
0.25,302,1.1943502824858758,60,0,0.48344370860927155,0.3379032258064516,1.430716464619324,0.5500335756789991,58.96088063528911,1.430716464619324,1.430716464619324,1,1,1.1666666666666667,1.2457627118644068,1.377777777777778,0.9191919191919192,1.430716464619324,1.1943502824858758,1.1943502824858758,0.7235955056179775,1.7977272727272728,4,harmonic,rolling,0.25,60,0,0,0.0,0.0,0,0
0.25,231,0.9135593220338984,120,0,0.5324675324675324,0.3379032258064516,1.5757989027678765,0.5500335756789991,76.01541811781654,1.5757989027678765,1.5757989027678765,1,1,0.8502824858757062,0.9689265536723164,1.5108132805360952,0.915929203539823,1.5757989027678765,0.9135593220338984,0.9135593220338984,0.1590909090909091,1.575,4,harmonic,rolling,0.25,120,0,0,0.0,0.0,0,0
0.25,185,0.731638418079096,250,0,0.5027027027027027,0.3379032258064516,1.4877120557311487,0.5500335756789991,66.88348784272063,1.4877120557311487,1.4877120557311487,1,1,0.692090395480226,0.7711864406779662,1.26908315565032,0.9166666666666666,1.4877120557311487,0.731638418079096,0.731638418079096,0.1590909090909091,1.575,4,harmonic,rolling,0.25,250,0,0,0.0,0.0,0,0
0.25,174,0.6881355932203389,40,3,0.39080459770114945,0.3379032258064516,1.1565577593065044,0.5500335756789991,47.51077609277254,1.1565577593065044,1.1565577593065044,1,1,0.632768361581921,0.711864406779661,1.037037037037037,0.8461538461538461,1.1565577593065044,0.6881355932203389,0.6881355932203389,0.39325842696629215,1.0181818181818183,4,harmonic,rolling,0.25,40,3,0,0.0,0.0,0,0
0.25,150,0.5932203389830508,60,3,0.42,0.3379032258064516,1.2429594272076372,0.5500335756789991,42.91608769080588,1.2429594272076372,1.2429594272076372,1,1,0.5536723163841808,0.652542372881356,1.148739063304169,0.8275862068965517,1.2429594272076372,0.5932203389830508,0.5932203389830508,0.3460674157303371,0.8272727272727273,4,harmonic,rolling,0.25,60,3,0,0.0,0.0,0,0
0.25,115,0.4548022598870057,120,3,0.41739130434782606,0.3379032258064516,1.2352391823181488,0.5500335756789991,56.31316776769471,1.2352391823181488,1.2352391823181488,1,1,0.43502824858757067,0.4745762711864407,1.1777476255088195,0.8181818181818182,1.2352391823181488,0.4548022598870057,0.4548022598870057,0.1272727272727273,0.8049999999999999,4,harmonic,rolling,0.25,120,3,0,0.0,0.0,0,0
0.3,479,1.8943502824858758,20,0,0.35073068893528186,0.3379032258064516,1.0379619433884237,0.5500335756789991,30.35713600900883,1.0379619433884237,1.0379619433884237,1,1,1.8192090395480227,2.016949152542373,0.9722222222222222,0.930379746835443,1.0379619433884237,1.8943502824858758,1.8943502824858758,1.3370786516853934,2.577272727272727,4,harmonic,rolling,0.3,20,0,0,0.0,0.0,0,0
0.3,410,1.6214689265536724,40,0,0.4170731707317073,0.3379032258064516,1.234297689038943,0.5500335756789991,49.51463251251391,1.234297689038943,1.234297689038943,1,1,1.5621468926553672,1.6807909604519775,1.1814345991561181,0.9333333333333333,1.234297689038943,1.6214689265536724,1.6214689265536724,0.9123595505617977,2.418181818181818,4,harmonic,rolling,0.3,40,0,0,0.0,0.0,0,0
0.3,342,1.3525423728813561,60,0,0.47076023391812866,0.3379032258064516,1.3931806445309776,0.5500335756789991,58.06346721378928,1.3931806445309776,1.3931806445309776,1,1,1.3248587570621468,1.364406779661017,1.3134328358208955,0.9228486646884273,1.3931806445309776,1.3525423728813561,1.3525423728813561,0.8337078651685393,1.9727272727272729,4,harmonic,rolling,0.3,60,0,0,0.0,0.0,0,0
0.3,272,1.0757062146892655,120,0,0.4963235294117647,0.3379032258064516,1.4688333567317142,0.5500335756789991,71.72186355269812,1.4688333567317142,1.4688333567317142,1,1,0.9689265536723164,1.1864406779661016,1.409090909090909,0.8951310861423221,1.4688333567317142,1.0757062146892655,1.0757062146892655,0.35000000000000003,1.75,4,harmonic,rolling,0.3,120,0,0,0.0,0.0,0,0
0.3,224,0.8858757062146893,250,0,0.48214285714285715,0.3379032258064516,1.4268666893965225,0.5500335756789991,63.28135946159538,1.4268666893965225,1.4268666893965225,1,1,0.8305084745762712,0.9887005649717514,1.3450413223140496,0.8949771689497716,1.4268666893965225,0.8858757062146893,0.8858757062146893,0.35000000000000003,1.75,4,harmonic,rolling,0.3,250,0,0,0.0,0.0,0,0
0.3,194,0.7672316384180791,40,3,0.34536082474226804,0.3379032258064516,1.0220702211943016,0.5500335756789991,40.83093234360343,1.0220702211943016,1.0220702211943016,1,1,0.7514124293785311,0.7909604519774012,0.912280701754386,0.8359788359788359,1.0220702211943016,0.7672316384180791,0.7672316384180791,0.40898876404494383,1.1136363636363638,4,harmonic,rolling,0.3,40,3,0,0.0,0.0,0,0
0.3,167,0.6604519774011299,60,3,0.38922155688622756,0.3379032258064516,1.1518728652480243,0.5500335756789991,40.78858178661918,1.1518728652480243,1.1518728652480243,1,1,0.612994350282486,0.711864406779661,1.032258064516129,0.8333333333333334,1.1518728652480243,0.6604519774011299,0.6604519774011299,0.39325842696629215,0.8925,4,harmonic,rolling,0.3,60,3,0,0.0,0.0,0,0
0.3,140,0.5536723163841808,120,3,0.37142857142857144,0.3379032258064516,1.0992158199795432,0.5500335756789991,49.19791182085273,1.0992158199795432,1.0992158199795432,1,1,0.5141242937853108,0.5932203389830508,0.9965556831228474,0.7851851851851852,1.0992158199795432,0.5536723163841808,0.5536723163841808,0.2863636363636364,0.8925,4,harmonic,rolling,0.3,120,3,0,0.0,0.0,0,0
0.35,510,2.016949152542373,20,0,0.34509803921568627,0.3379032258064516,1.0212925265571622,0.5500335756789991,28.184872665527777,1.0212925265571622,1.0212925265571622,1,1,1.9774011299435028,2.076271186440678,0.96,0.9366336633663367,1.0212925265571622,2.016949152542373,2.016949152542373,1.4157303370786518,2.6568181818181817,4,harmonic,rolling,0.35,20,0,0,0.0,0.0,0,0
0.35,446,1.7638418079096045,40,0,0.3991031390134529,0.3379032258064516,1.1811166882498367,0.5500335756789991,41.876648716468374,1.1811166882498367,1.1811166882498367,1,1,1.7005649717514124,1.8192090395480227,1.1265412070084362,0.9387755102040817,1.1811166882498367,1.7638418079096045,1.7638418079096045,0.9752808988764046,2.5454545454545454,4,harmonic,rolling,0.35,40,0,0,0.0,0.0,0,0
0.35,388,1.5344632768361581,60,0,0.43041237113402064,0.3379032258064516,1.2737740816376746,0.5500335756789991,50.86774114024407,1.2737740816376746,1.2737740816376746,1,1,1.423728813559322,1.6016949152542375,1.2029850746268658,0.9321148825065274,1.2737740816376746,1.5344632768361581,1.5344632768361581,0.8966292134831462,2.2272727272727275,4,harmonic,rolling,0.35,60,0,0,0.0,0.0,0,0
0.35,315,1.2457627118644068,120,0,0.4793650793650794,0.3379032258064516,1.4186460582641969,0.5500335756789991,66.91365698155116,1.4186460582641969,1.4186460582641969,1,1,1.1271186440677967,1.384180790960452,1.4035087719298245,0.8935483870967742,1.4186460582641969,1.2457627118644068,1.2457627118644068,0.5090909090909091,1.9425,4,harmonic,rolling,0.35,120,0,0,0.0,0.0,0,0
0.35,258,1.0203389830508476,250,0,0.45348837209302323,0.3379032258064516,1.3420658267192096,0.5500335756789991,57.68054547224575,1.3420658267192096,1.3420658267192096,1,1,0.9096045197740114,1.1468926553672316,1.2879102617366016,0.9011857707509882,1.3420658267192096,1.0203389830508476,1.0203389830508476,0.5090909090909091,1.9425,4,harmonic,rolling,0.35,250,0,0,0.0,0.0,0,0
0.35,208,0.8225988700564972,40,3,0.33653846153846156,0.3379032258064516,0.9959610794932992,0.5500335756789991,32.51976982615107,0.9959610794932992,0.9959610794932992,0,1,0.7909604519774012,0.8502824858757062,0.8455284552845529,0.8522167487684729,0.9959610794932992,0.8225988700564972,0.8225988700564972,0.42471910112359557,1.1454545454545455,4,harmonic,rolling,0.35,40,3,0,0.0,0.0,0,0
0.35,192,0.7593220338983051,60,3,0.34375,0.3379032258064516,1.0173031026252983,0.5500335756789991,33.99404774619967,1.0173031026252983,1.0173031026252983,1,1,0.731638418079096,0.7909604519774012,0.912280701754386,0.8502673796791443,1.0173031026252983,0.7593220338983051,0.7593220338983051,0.45617977528089887,1.0022727272727272,4,harmonic,rolling,0.35,60,3,0,0.0,0.0,0,0
0.35,165,0.652542372881356,120,3,0.3878787878787879,0.3379032258064516,1.1478990381138352,0.5500335756789991,50.92393499302011,1.1478990381138352,1.1478990381138352,1,1,0.612994350282486,0.692090395480226,1.032258064516129,0.775,1.1478990381138352,0.652542372881356,0.652542372881356,0.35000000000000003,0.9975,4,harmonic,rolling,0.35,120,3,0,0.0,0.0,0,0
0.15,362,1.4316384180790962,20,0,0.3784530386740331,0.3379032258064516,1.1200042194649191,0.5401178491797941,40.76878711203576,1.1200042194649191,1.1200042194649191,1,1,1.3248587570621468,1.5028248587570623,1.0516431924882628,0.907563025210084,1.1200042194649191,1.4316384180790962,1.4316384180790962,0.9752808988764046,1.956818181818182,4,minimum,rolling,0.15,20,0,0,0.0,0.0,0,0
0.15,299,1.1824858757062147,40,0,0.43812709030100333,0.3379032258064516,1.2966052314397234,0.5401178491797941,57.96603627218999,1.2966052314397234,1.2966052314397234,1,1,1.1271186440677967,1.225988700564972,1.2473118279569892,0.9183673469387755,1.2966052314397234,1.1824858757062147,1.1824858757062147,0.6292134831460674,1.6704545454545454,4,minimum,rolling,0.15,40,0,0,0.0,0.0,0,0
0.15,229,0.9056497175141243,60,0,0.4497816593886463,0.3379032258064516,1.331096080290982,0.5401178491797941,56.471778567420394,1.331096080290982,1.331096080290982,1,1,0.7909604519774012,0.9887005649717514,1.2549397590361446,0.9241071428571429,1.331096080290982,0.9056497175141243,0.9056497175141243,0.39772727272727276,1.645,4,minimum,rolling,0.15,60,0,0,0.0,0.0,0,0
0.15,188,0.7435028248587571,120,0,0.4787234042553192,0.3379032258064516,1.4167470674859088,0.5401178491797941,66.22033232266303,1.4167470674859088,1.4167470674859088,1,1,0.672316384180791,0.7909604519774012,1.328740910830463,0.9562841530054644,1.4167470674859088,0.7435028248587571,0.7435028248587571,0.0,1.645,4,minimum,rolling,0.15,120,0,0,0.0,0.0,0,0
0.15,131,0.5180790960451978,250,0,0.45038167938931295,0.3379032258064516,1.3328717958060814,0.5401178491797941,59.311843077051336,1.3328717958060814,1.3328717958060814,1,1,0.43502824858757067,0.5734463276836158,0.8412483039348712,0.9444444444444444,1.3328717958060814,0.5180790960451978,0.5180790960451978,0.0,1.645,4,minimum,rolling,0.15,250,0,0,0.0,0.0,0,0
0.15,153,0.6050847457627119,40,3,0.3790849673202614,0.3379032258064516,1.1218743662938524,0.5401178491797941,45.01478101723671,1.1218743662938524,1.1218743662938524,1,1,0.5734463276836158,0.632768361581921,0.9870646766169154,0.8108108108108109,1.1218743662938524,0.6050847457627119,0.6050847457627119,0.3146067415730337,0.875,4,minimum,rolling,0.15,40,3,0,0.0,0.0,0,0
0.15,123,0.48644067796610174,60,3,0.36585365853658536,0.3379032258064516,1.082717271086792,0.5401178491797941,42.70382141296187,1.082717271086792,1.082717271086792,1,1,0.4152542372881356,0.5338983050847458,0.8813077469793887,0.8220338983050848,1.082717271086792,0.48644067796610174,0.48644067796610174,0.251685393258427,0.8225,4,minimum,rolling,0.15,60,3,0,0.0,0.0,0,0
0.15,94,0.37175141242937854,120,3,0.39361702127659576,0.3379032258064516,1.1648809221550807,0.5401178491797941,59.99699471802392,1.1648809221550807,1.1648809221550807,1,1,0.3361581920903955,0.3954802259887006,0.9253731343283582,0.8876404494382022,1.1648809221550807,0.37175141242937854,0.37175141242937854,0.0,0.8225,4,minimum,rolling,0.15,120,3,0,0.0,0.0,0,0
0.18,398,1.5740112994350282,20,0,0.36683417085427134,0.3379032258064516,1.0856190259171754,0.5401178491797941,37.20796360853574,1.0856190259171754,1.0856190259171754,1,1,1.463276836158192,1.7005649717514124,1.0315547905909352,0.9236641221374046,1.0856190259171754,1.5740112994350282,1.5740112994350282,1.053932584269663,2.115909090909091,4,minimum,rolling,0.18,20,0,0,0.0,0.0,0,0
0.18,325,1.2853107344632768,40,0,0.4276923076923077,0.3379032258064516,1.26572425188177,0.5401178491797941,58.024926786894774,1.26572425188177,1.26572425188177,1,1,1.2062146892655368,1.3248587570621468,1.2121212121212122,0.921875,1.26572425188177,1.2853107344632768,1.2853107344632768,0.7078651685393259,1.8295454545454546,4,minimum,rolling,0.18,40,0,0,0.0,0.0,0,0
0.18,255,1.0084745762711864,60,0,0.4470588235294118,0.3379032258064516,1.323038045767233,0.5401178491797941,55.05268868808656,1.323038045767233,1.323038045767233,1,1,0.9096045197740114,1.1073446327683616,1.1738382099827884,0.928,1.323038045767233,1.0084745762711864,1.0084745762711864,0.5090909090909091,1.75,4,minimum,rolling,0.18,60,0,0,0.0,0.0,0,0
0.18,213,0.8423728813559322,120,0,0.4835680751173709,0.3379032258064516,1.431084518247112,0.5401178491797941,65.07088950347935,1.431084518247112,1.431084518247112,1,1,0.8107344632768362,0.8700564971751413,1.3897450266181004,0.9423076923076923,1.431084518247112,0.8423728813559322,0.8423728813559322,0.09545454545454546,1.75,4,minimum,rolling,0.18,120,0,0,0.0,0.0,0,0
0.18,154,0.6090395480225989,250,0,0.43506493506493504,0.3379032258064516,1.2875430059200943,0.5401178491797941,54.95701594677695,1.2875430059200943,1.2875430059200943,1,1,0.4745762711864407,0.692090395480226,0.9253731343283582,0.9328859060402684,1.2875430059200943,0.6090395480225989,0.6090395480225989,0.09545454545454546,1.75,4,minimum,rolling,0.18,250,0,0,0.0,0.0,0,0
0.18,164,0.6485875706214689,40,3,0.36585365853658536,0.3379032258064516,1.082717271086792,0.5401178491797941,48.20078168680095,1.082717271086792,1.082717271086792,1,1,0.632768361581921,0.672316384180791,1.0,0.8238993710691824,1.082717271086792,0.6485875706214689,0.6485875706214689,0.36179775280898874,0.9704545454545455,4,minimum,rolling,0.18,40,3,0,0.0,0.0,0,0
0.18,132,0.5220338983050847,60,3,0.36363636363636365,0.3379032258064516,1.0761553482317205,0.5401178491797941,38.312196240678894,1.0761553482317205,1.0761553482317205,1,1,0.4745762711864407,0.5734463276836158,0.9755244755244754,0.8267716535433071,1.0761553482317205,0.5220338983050847,0.5220338983050847,0.298876404494382,0.84,4,minimum,rolling,0.18,60,3,0,0.0,0.0,0,0
0.18,104,0.4112994350282486,120,3,0.3942307692307692,0.3379032258064516,1.1666972645492932,0.5401178491797941,54.62798168260286,1.1666972645492932,1.1666972645492932,1,1,0.3954802259887006,0.43502824858757067,1.1272727272727272,0.8787878787878788,1.1666972645492932,0.4112994350282486,0.4112994350282486,0.07954545454545454,0.84,4,minimum,rolling,0.18,120,3,0,0.0,0.0,0,0
0.2,414,1.6372881355932203,20,0,0.36231884057971014,0.3379032258064516,1.0722562346511708,0.5401178491797941,34.96986158701782,1.0722562346511708,1.0722562346511708,1,1,1.5423728813559323,1.7203389830508475,1.0205761316872428,0.9266503667481663,1.0722562346511708,1.6372881355932203,1.6372881355932203,1.0696629213483146,2.259090909090909,4,minimum,rolling,0.2,20,0,0,0.0,0.0,0,0
0.2,331,1.309039548022599,40,0,0.4229607250755287,0.3379032258064516,1.2517214775504906,0.5401178491797941,56.75710856972509,1.2517214775504906,1.2517214775504906,1,1,1.265536723163842,1.344632768361582,1.2121212121212122,0.9233128834355828,1.2517214775504906,1.309039548022599,1.309039548022599,0.7078651685393259,1.8772727272727274,4,minimum,rolling,0.2,40,0,0,0.0,0.0,0,0
0.2,272,1.0757062146892655,60,0,0.4485294117647059,0.3379032258064516,1.3273901446019936,0.5401178491797941,54.59379393293544,1.3273901446019936,1.3273901446019936,1,1,1.0084745762711864,1.1271186440677967,1.1532445571760728,0.9288389513108615,1.3273901446019936,1.0757062146892655,1.0757062146892655,0.5820224719101125,1.7674999999999998,4,minimum,rolling,0.2,60,0,0,0.0,0.0,0,0
0.2,226,0.8937853107344633,120,0,0.47345132743362833,0.3379032258064516,1.4011447398990433,0.5401178491797941,64.10124043225082,1.4011447398990433,1.4011447398990433,1,1,0.8502824858757062,0.9293785310734464,1.3279785809906293,0.918552036199095,1.4011447398990433,0.8937853107344633,0.8937853107344633,0.1272727272727273,1.7674999999999998,4,minimum,rolling,0.2,120,0,0,0.0,0.0,0,0
0.2,168,0.664406779661017,250,0,0.42857142857142855,0.3379032258064516,1.268325946130242,0.5401178491797941,55.78272155722704,1.268325946130242,1.268325946130242,1,1,0.5338983050847458,0.731638418079096,1.0967385295743506,0.9386503067484663,1.268325946130242,0.664406779661017,0.664406779661017,0.1272727272727273,1.7674999999999998,4,minimum,rolling,0.2,250,0,0,0.0,0.0,0,0
0.2,164,0.6485875706214689,40,3,0.36585365853658536,0.3379032258064516,1.082717271086792,0.5401178491797941,48.90661222791696,1.082717271086792,1.082717271086792,1,1,0.632768361581921,0.672316384180791,1.0,0.8113207547169812,1.082717271086792,0.6485875706214689,0.6485875706214689,0.36179775280898874,0.9704545454545455,4,minimum,rolling,0.2,40,3,0,0.0,0.0,0,0
0.2,139,0.5497175141242938,60,3,0.381294964028777,0.3379032258064516,1.1284146906818222,0.5401178491797941,41.42027573030972,1.1284146906818222,1.1284146906818222,1,1,0.5141242937853108,0.5734463276836158,0.9876543209876543,0.835820895522388,1.1284146906818222,0.5497175141242938,0.5497175141242938,0.33033707865168543,0.84,4,minimum,rolling,0.2,60,3,0,0.0,0.0,0,0
0.2,112,0.4429378531073446,120,3,0.36607142857142855,0.3379032258064516,1.083361745652915,0.5401178491797941,50.403595033015065,1.083361745652915,1.083361745652915,1,1,0.43502824858757067,0.4548022598870057,1.024793388429752,0.8317757009345794,1.083361745652915,0.4429378531073446,0.4429378531073446,0.11136363636363636,0.84,4,minimum,rolling,0.2,120,3,0,0.0,0.0,0,0
0.22,423,1.6728813559322033,20,0,0.3617021276595745,0.3379032258064516,1.07043111765602,0.5401178491797941,35.90177068072331,1.07043111765602,1.07043111765602,1,1,1.5819209039548023,1.7598870056497176,1.0406504065040652,0.9282296650717703,1.07043111765602,1.6728813559322033,1.6728813559322033,1.101123595505618,2.2750000000000004,4,minimum,rolling,0.22,20,0,0,0.0,0.0,0,0
0.22,350,1.384180790960452,40,0,0.42,0.3379032258064516,1.2429594272076372,0.5401178491797941,56.4692194117539,1.2429594272076372,1.2429594272076372,1,1,1.3248587570621468,1.4830508474576272,1.1940298507462688,0.927536231884058,1.2429594272076372,1.384180790960452,1.384180790960452,0.755056179775281,2.0363636363636366,4,minimum,rolling,0.22,40,0,0,0.0,0.0,0,0
0.22,287,1.1350282485875707,60,0,0.445993031358885,0.3379032258064516,1.3198839114200893,0.5401178491797941,52.93859180538863,1.3198839114200893,1.3198839114200893,1,1,1.0480225988700564,1.225988700564972,1.1566265060240963,0.925531914893617,1.3198839114200893,1.1350282485875707,1.1350282485875707,0.6134831460674157,1.8025,4,minimum,rolling,0.22,60,0,0,0.0,0.0,0,0
0.22,235,0.9293785310734464,120,0,0.46808510638297873,0.3379032258064516,1.3852637993195553,0.5401178491797941,63.44716884251034,1.3852637993195553,1.3852637993195553,1,1,0.8700564971751413,0.9887005649717514,1.2549397590361446,0.9130434782608695,1.3852637993195553,0.9293785310734464,0.9293785310734464,0.1590909090909091,1.8025,4,minimum,rolling,0.22,120,0,0,0.0,0.0,0,0
0.22,182,0.7197740112994351,250,0,0.42857142857142855,0.3379032258064516,1.268325946130242,0.5401178491797941,57.41549759802878,1.268325946130242,1.268325946130242,1,1,0.5536723163841808,0.8107344632768362,1.093153100205701,0.9265536723163842,1.268325946130242,0.7197740112994351,0.7197740112994351,0.1590909090909091,1.8025,4,minimum,rolling,0.22,250,0,0,0.0,0.0,0,0
0.22,169,0.6683615819209039,40,3,0.3609467455621302,0.3379032258064516,1.0681956193246813,0.5401178491797941,49.247315032902776,1.0681956193246813,1.0681956193246813,1,1,0.652542372881356,0.692090395480226,0.9696969696969697,0.823170731707317,1.0681956193246813,0.6683615819209039,0.6683615819209039,0.36179775280898874,1.0181818181818183,4,minimum,rolling,0.22,40,3,0,0.0,0.0,0,0
0.22,142,0.5615819209039548,60,3,0.38028169014084506,0.3379032258064516,1.125415980369088,0.5401178491797941,40.51678666148618,1.125415980369088,1.125415980369088,1,1,0.5141242937853108,0.5932203389830508,1.011494252873563,0.8321167883211679,1.125415980369088,0.5615819209039548,0.5615819209039548,0.3460674157303371,0.84,4,minimum,rolling,0.22,60,3,0,0.0,0.0,0,0
0.22,116,0.45875706214689266,120,3,0.3620689655172414,0.3379032258064516,1.0715167475927907,0.5401178491797941,49.22365259057952,1.0715167475927907,1.0715167475927907,1,1,0.43502824858757067,0.5141242937853108,0.9802371541501975,0.8108108108108109,1.0715167475927907,0.45875706214689266,0.45875706214689266,0.1272727272727273,0.84,4,minimum,rolling,0.22,120,3,0,0.0,0.0,0,0
0.25,449,1.7757062146892655,20,0,0.3585746102449889,0.3379032258064516,1.061175457526936,0.5401178491797941,33.7823569691419,1.061175457526936,1.061175457526936,1,1,1.7203389830508475,1.8389830508474576,1.0,0.9324324324324325,1.061175457526936,1.7757062146892655,1.7757062146892655,1.148314606741573,2.3386363636363634,4,minimum,rolling,0.25,20,0,0,0.0,0.0,0,0
0.25,371,1.4672316384180792,40,0,0.40700808625336926,0.3379032258064516,1.2045108041865822,0.5401178491797941,52.284080672140846,1.2045108041865822,1.2045108041865822,1,1,1.384180790960452,1.6016949152542375,1.1428571428571428,0.9344262295081968,1.2045108041865822,1.4672316384180792,1.4672316384180792,0.8179775280898877,2.131818181818182,4,minimum,rolling,0.25,40,0,0,0.0,0.0,0,0
0.25,308,1.2180790960451977,60,0,0.44805194805194803,0.3379032258064516,1.3259771254997985,0.5401178491797941,54.192084222617034,1.3259771254997985,1.3259771254997985,1,1,1.1666666666666667,1.2457627118644068,1.185695161598776,0.9207920792079208,1.3259771254997985,1.2180790960451977,1.2180790960451977,0.7078651685393259,1.8724999999999998,4,minimum,rolling,0.25,60,0,0,0.0,0.0,0,0
0.25,250,0.9887005649717514,120,0,0.472,0.3379032258064516,1.3968496420047734,0.5401178491797941,62.15138728583338,1.3968496420047734,1.3968496420047734,1,1,0.8898305084745763,1.0677966101694916,1.3279785809906293,0.9102040816326531,1.3968496420047734,0.9887005649717514,0.9887005649717514,0.22272727272727272,1.8724999999999998,4,minimum,rolling,0.25,120,0,0,0.0,0.0,0,0
0.25,203,0.8028248587570622,250,0,0.43349753694581283,0.3379032258064516,1.2829044052811645,0.5401178491797941,55.269474642738416,1.2829044052811645,1.2829044052811645,1,1,0.632768361581921,0.9096045197740114,1.1691985332634889,0.9191919191919192,1.2829044052811645,0.8028248587570622,0.8028248587570622,0.22272727272727272,1.8724999999999998,4,minimum,rolling,0.25,250,0,0,0.0,0.0,0,0
0.25,180,0.711864406779661,40,3,0.34444444444444444,0.3379032258064516,1.0193582604083797,0.5401178491797941,44.27338737513196,1.0193582604083797,1.0193582604083797,1,1,0.672316384180791,0.7514124293785311,0.8627450980392157,0.8457142857142858,1.0193582604083797,0.711864406779661,0.711864406779661,0.39325842696629215,1.065909090909091,4,minimum,rolling,0.25,40,3,0,0.0,0.0,0,0
0.25,148,0.5853107344632769,60,3,0.3783783783783784,0.3379032258064516,1.1197832677546282,0.5401178491797941,41.365375376375376,1.1197832677546282,1.1197832677546282,1,1,0.5734463276836158,0.5932203389830508,1.011494252873563,0.8251748251748252,1.1197832677546282,0.5853107344632769,0.5853107344632769,0.36179775280898874,0.8575,4,minimum,rolling,0.25,60,3,0,0.0,0.0,0,0
0.25,124,0.4903954802259887,120,3,0.3467741935483871,0.3379032258064516,1.0262529832935563,0.5401178491797941,43.611283751303745,1.0262529832935563,1.0262529832935563,1,1,0.43502824858757067,0.5536723163841808,0.9393939393939393,0.8067226890756303,1.0262529832935563,0.4903954802259887,0.4903954802259887,0.19090909090909092,0.8575,4,minimum,rolling,0.25,120,3,0,0.0,0.0,0,0
0.3,490,1.9378531073446328,20,0,0.3448979591836735,0.3379032258064516,1.0207004042667187,0.5401178491797941,29.252841336251436,1.0207004042667187,1.0207004042667187,1,1,1.9180790960451979,1.957627118644068,0.9451684288173101,0.934020618556701,1.0207004042667187,1.9378531073446328,1.9378531073446328,1.30561797752809,2.609090909090909,4,minimum,rolling,0.3,20,0,0,0.0,0.0,0,0
0.3,416,1.6451977401129945,40,0,0.39663461538461536,0.3379032258064516,1.1738112722599596,0.5401178491797941,45.779314626613804,1.1738112722599596,1.1738112722599596,1,1,1.5225988700564972,1.7401129943502827,1.0735930735930737,0.9367396593673966,1.1738112722599596,1.6451977401129945,1.6451977401129945,0.9123595505617977,2.3068181818181817,4,minimum,rolling,0.3,40,0,0,0.0,0.0,0,0
0.3,337,1.332768361581921,60,0,0.4362017804154303,0.3379032258064516,1.2909074169812258,0.5401178491797941,52.268684694837724,1.2909074169812258,1.2909074169812258,1,1,1.305084745762712,1.384180790960452,1.2121212121212122,0.9186746987951807,1.2909074169812258,1.332768361581921,1.332768361581921,0.802247191011236,1.9775,4,minimum,rolling,0.3,60,0,0,0.0,0.0,0,0
0.3,284,1.1231638418079095,120,0,0.4647887323943662,0.3379032258064516,1.3755084204511077,0.5401178491797941,63.97465899292789,1.3755084204511077,1.3755084204511077,1,1,1.0480225988700564,1.225988700564972,1.3012048192771086,0.9032258064516129,1.3755084204511077,1.1231638418079095,1.1231638418079095,0.3659090909090909,1.9775,4,minimum,rolling,0.3,120,0,0,0.0,0.0,0,0
0.3,225,0.8898305084745763,250,0,0.4266666666666667,0.3379032258064516,1.262688941925219,0.5401178491797941,52.90841955200877,1.262688941925219,1.262688941925219,1,1,0.692090395480226,1.0282485875706215,1.1492122335495831,0.9181818181818182,1.262688941925219,0.8898305084745763,0.8898305084745763,0.3659090909090909,1.9775,4,minimum,rolling,0.3,250,0,0,0.0,0.0,0,0
0.3,194,0.7672316384180791,40,3,0.32989690721649484,0.3379032258064516,0.9763058829318702,0.5401178491797941,36.52444585042495,0.9763058829318702,0.9763058829318702,0,1,0.731638418079096,0.7909604519774012,0.8648648648648649,0.8518518518518519,0.9763058829318702,0.7672316384180791,0.7672316384180791,0.42471910112359557,1.0818181818181818,4,minimum,rolling,0.3,40,3,0,0.0,0.0,0,0
0.3,163,0.644632768361582,60,3,0.3374233128834356,0.3379032258064516,0.9985797326383297,0.5401178491797941,35.01167444051623,0.9985797326383297,0.9985797326383297,0,1,0.5734463276836158,0.692090395480226,0.9393939393939393,0.8164556962025317,0.9985797326383297,0.644632768361582,0.644632768361582,0.40898876404494383,0.8925,4,minimum,rolling,0.3,60,3,0,0.0,0.0,0,0
0.3,143,0.5655367231638418,120,3,0.35664335664335667,0.3379032258064516,1.0554600530734184,0.5401178491797941,46.87670181973211,1.0554600530734184,1.0554600530734184,1,1,0.5141242937853108,0.612994350282486,0.9717868338557993,0.782608695652174,1.0554600530734184,0.5655367231638418,0.5655367231638418,0.27045454545454545,0.8925,4,minimum,rolling,0.3,120,3,0,0.0,0.0,0,0
0.35,529,2.092090395480226,20,0,0.34026465028355385,0.3379032258064516,1.006988463846317,0.5401178491797941,28.18169518622424,1.006988463846317,1.006988463846317,1,1,2.076271186440678,2.115819209039548,0.9583996362809729,0.9370229007633588,1.006988463846317,2.092090395480226,2.092090395480226,1.4786516853932585,2.7522727272727274,4,minimum,rolling,0.35,20,0,0,0.0,0.0,0,0
0.35,464,1.8350282485875706,40,0,0.3900862068965517,0.3379032258064516,1.1544317340136614,0.5401178491797941,42.80357994072403,1.1544317340136614,1.1544317340136614,1,1,1.8192090395480227,1.8587570621468927,1.0434782608695652,0.9433551198257081,1.1544317340136614,1.8350282485875706,1.8350282485875706,0.9910112359550562,2.5136363636363637,4,minimum,rolling,0.35,40,0,0,0.0,0.0,0,0
0.35,391,1.5463276836158193,60,0,0.42455242966751916,0.3379032258064516,1.2564320114265484,0.5401178491797941,47.739121673151956,1.2564320114265484,1.2564320114265484,1,1,1.5225988700564972,1.5819209039548023,1.1623931623931625,0.9248704663212435,1.2564320114265484,1.5463276836158193,1.5463276836158193,0.8808988764044944,2.2224999999999997,4,minimum,rolling,0.35,60,0,0,0.0,0.0,0,0
0.35,337,1.332768361581921,120,0,0.43026706231454004,0.3379032258064516,1.2733440507637939,0.5401178491797941,54.82346891898502,1.2733440507637939,1.2733440507637939,1,1,1.2853107344632768,1.463276836158192,1.1717171717171717,0.9156626506024096,1.2733440507637939,1.332768361581921,1.332768361581921,0.6522727272727272,2.2224999999999997,4,minimum,rolling,0.35,120,0,0,0.0,0.0,0,0
0.35,277,1.0954802259887007,250,0,0.41155234657039713,0.3379032258064516,1.2179592118073805,0.5401178491797941,45.91685979225453,1.2179592118073805,1.2179592118073805,1,1,0.9887005649717514,1.2457627118644068,1.1695906432748537,0.9227941176470589,1.2179592118073805,1.0954802259887007,1.0954802259887007,0.597752808988764,2.2224999999999997,4,minimum,rolling,0.35,250,0,0,0.0,0.0,0,0
0.35,210,0.8305084745762712,40,3,0.3142857142857143,0.3379032258064516,0.9301056938288442,0.5401178491797941,32.78927331768022,0.9301056938288442,0.9301056938288442,0,1,0.8107344632768362,0.8700564971751413,0.7804878048780487,0.8585365853658536,0.9301056938288442,0.8305084745762712,0.8305084745762712,0.45617977528089887,1.1136363636363638,4,minimum,rolling,0.35,40,3,0,0.0,0.0,0,0
0.35,188,0.7435028248587571,60,3,0.324468085106383,0.3379032258064516,0.9602396790737826,0.5401178491797941,30.59434561351465,0.9602396790737826,0.9602396790737826,0,1,0.692090395480226,0.7711864406779662,0.8380952380952381,0.825136612021858,0.9602396790737826,0.7435028248587571,0.7435028248587571,0.4719101123595506,1.0022727272727272,4,minimum,rolling,0.35,60,3,0,0.0,0.0,0,0
0.35,169,0.6683615819209039,120,3,0.3254437869822485,0.3379032258064516,0.9631271977517618,0.5401178491797941,35.87880123092917,0.9631271977517618,0.9631271977517618,0,1,0.612994350282486,0.692090395480226,0.8627450980392157,0.7987804878048781,0.9631271977517618,0.6683615819209039,0.6683615819209039,0.42954545454545456,0.9799999999999999,4,minimum,rolling,0.35,120,3,0,0.0,0.0,0,0
0.15,338,1.3367231638418078,20,0,0.40532544378698226,0.3379032258064516,1.1995311462908307,0.5801615702371228,45.27867766399926,1.1995311462908307,1.1995311462908307,1,1,1.2853107344632768,1.4039548022598871,1.0588235294117647,0.8918918918918919,1.1995311462908307,1.3367231638418078,1.3367231638418078,0.802247191011236,2.0045454545454544,4,geom_stack25,rolling,0.15,20,0,0,0.0,0.0,0,0
0.15,296,1.1706214689265537,40,0,0.42905405405405406,0.3379032258064516,1.269754241114623,0.5801615702371228,51.85526258296555,1.269754241114623,1.269754241114623,1,1,1.1271186440677967,1.1864406779661016,1.11044776119403,0.9209621993127147,1.269754241114623,1.1706214689265537,1.1706214689265537,0.7078651685393259,1.6227272727272726,4,geom_stack25,rolling,0.15,40,0,0,0.0,0.0,0,0
0.15,250,0.9887005649717514,60,0,0.488,0.3379032258064516,1.444200477326969,0.5801615702371228,64.19403234744902,1.444200477326969,1.444200477326969,1,1,0.9293785310734464,1.0480225988700564,1.3071895424836601,0.8979591836734694,1.444200477326969,0.9887005649717514,0.9887005649717514,0.44545454545454544,1.75,4,geom_stack25,rolling,0.15,60,0,0,0.0,0.0,0,0
0.15,199,0.7870056497175141,120,0,0.5477386934673367,0.3379032258064516,1.620992792122906,0.5801615702371228,86.39965774201681,1.620992792122906,1.620992792122906,1,1,0.7514124293785311,0.8502824858757062,1.3880597014925373,0.9381443298969072,1.620992792122906,0.7870056497175141,0.7870056497175141,0.0,1.4318181818181819,4,geom_stack25,rolling,0.15,120,0,0,0.0,0.0,0,0
0.15,161,0.6367231638418079,250,0,0.5403726708074534,0.3379032258064516,1.5991935842511749,0.5801615702371228,81.88860480775156,1.5991935842511749,1.5991935842511749,1,1,0.5932203389830508,0.692090395480226,1.11044776119403,0.9294871794871795,1.5991935842511749,0.6367231638418079,0.6367231638418079,0.0,1.3299999999999998,4,geom_stack25,rolling,0.15,250,0,0,0.0,0.0,0,0
0.15,148,0.5853107344632769,40,3,0.3716216216216216,0.3379032258064516,1.0997871379732955,0.5801615702371228,34.02996545120663,1.0997871379732955,1.0997871379732955,1,1,0.5338983050847458,0.632768361581921,0.9552238805970149,0.8181818181818182,1.0997871379732955,0.5853107344632769,0.5853107344632769,0.33033707865168543,0.77,4,geom_stack25,rolling,0.15,40,3,0,0.0,0.0,0,0
0.15,126,0.49830508474576274,60,3,0.42063492063492064,0.3379032258064516,1.2448384286093117,0.5801615702371228,45.343694496851796,1.2448384286093117,1.2448384286093117,1,1,0.4548022598870057,0.5734463276836158,1.0796019900497513,0.7603305785123967,1.2448384286093117,0.49830508474576274,0.49830508474576274,0.27045454545454545,0.77,4,geom_stack25,rolling,0.15,60,3,0,0.0,0.0,0,0
0.15,95,0.37570621468926557,120,3,0.4421052631578947,0.3379032258064516,1.3083783444290917,0.5801615702371228,68.30489864783262,1.3083783444290917,1.3083783444290917,1,1,0.3361581920903955,0.4152542372881356,1.11044776119403,0.8333333333333334,1.3083783444290917,0.37570621468926557,0.37570621468926557,0.0,0.77,4,geom_stack25,rolling,0.15,120,3,0,0.0,0.0,0,0
0.18,361,1.4276836158192092,20,0,0.3961218836565097,0.3379032258064516,1.1722938800335847,0.5801615702371228,43.622543570763945,1.1722938800335847,1.1722938800335847,1,1,1.384180790960452,1.463276836158192,1.0593607305936072,0.8960674157303371,1.1722938800335847,1.4276836158192092,1.4276836158192092,0.8494382022471911,2.115909090909091,4,geom_stack25,rolling,0.18,20,0,0,0.0,0.0,0,0
0.18,324,1.2813559322033898,40,0,0.42901234567901236,0.3379032258064516,1.2696308082147383,0.5801615702371228,53.007967487210315,1.2696308082147383,1.2696308082147383,1,1,1.225988700564972,1.344632768361582,1.1389207807118256,0.9184952978056427,1.2696308082147383,1.2813559322033898,1.2813559322033898,0.7865168539325843,1.7818181818181817,4,geom_stack25,rolling,0.18,40,0,0,0.0,0.0,0,0
0.18,274,1.0836158192090395,60,0,0.48175182481751827,0.3379032258064516,1.425709457693849,0.5801615702371228,65.0255582413631,1.425709457693849,1.425709457693849,1,1,1.0282485875706215,1.1271186440677967,1.3524684270952927,0.9070631970260223,1.425709457693849,1.0836158192090395,1.0836158192090395,0.5727272727272728,1.8613636363636363,4,geom_stack25,rolling,0.18,60,0,0,0.0,0.0,0,0
0.18,210,0.8305084745762712,120,0,0.5571428571428572,0.3379032258064516,1.6488237299693147,0.5801615702371228,89.11505048336714,1.6488237299693147,1.6488237299693147,1,1,0.7514124293785311,0.8898305084745763,1.4100923951670221,0.9463414634146341,1.6488237299693147,0.8305084745762712,0.8305084745762712,0.0,1.5431818181818182,4,geom_stack25,rolling,0.18,120,0,0,0.0,0.0,0,0
0.18,178,0.703954802259887,250,0,0.550561797752809,0.3379032258064516,1.6293475637553299,0.5801615702371228,84.66380012380091,1.6293475637553299,1.6293475637553299,1,1,0.632768361581921,0.7514124293785311,1.1567164179104479,0.930635838150289,1.6293475637553299,0.703954802259887,0.703954802259887,0.0,1.4,4,geom_stack25,rolling,0.18,250,0,0,0.0,0.0,0,0
0.18,159,0.628813559322034,40,3,0.3584905660377358,0.3379032258064516,1.060926734813347,0.5801615702371228,39.84716579834529,1.060926734813347,1.060926734813347,1,1,0.5734463276836158,0.672316384180791,0.9166666666666666,0.8116883116883117,1.060926734813347,0.628813559322034,0.628813559322034,0.3775280898876405,0.7875,4,geom_stack25,rolling,0.18,40,3,0,0.0,0.0,0,0
0.18,136,0.5378531073446328,60,3,0.40441176470588236,0.3379032258064516,1.1968271795591745,0.5801615702371228,47.21844958052337,1.1968271795591745,1.1968271795591745,1,1,0.4943502824858757,0.5932203389830508,1.0476190476190477,0.7862595419847328,1.1968271795591745,0.5378531073446328,0.5378531073446328,0.3146067415730337,0.7875,4,geom_stack25,rolling,0.18,60,3,0,0.0,0.0,0,0
0.18,99,0.3915254237288136,120,3,0.43434343434343436,0.3379032258064516,1.2854077770545551,0.5801615702371228,67.68037164754821,1.2854077770545551,1.2854077770545551,1,1,0.3361581920903955,0.43502824858757067,1.0575692963752665,0.851063829787234,1.2854077770545551,0.3915254237288136,0.3915254237288136,0.0,0.7875,4,geom_stack25,rolling,0.18,120,3,0,0.0,0.0,0,0
0.2,368,1.455367231638418,20,0,0.39945652173913043,0.3379032258064516,1.1821624987029158,0.5801615702371228,44.036293987188266,1.1821624987029158,1.1821624987029158,1,1,1.423728813559322,1.4830508474576272,1.0593607305936072,0.9008264462809917,1.1821624987029158,1.455367231638418,1.455367231638418,0.8966292134831462,2.131818181818182,4,geom_stack25,rolling,0.2,20,0,0,0.0,0.0,0,0
0.2,342,1.3525423728813561,40,0,0.4239766081871345,0.3379032258064516,1.2547279096707562,0.5801615702371228,50.73645270704332,1.2547279096707562,1.2547279096707562,1,1,1.265536723163842,1.4039548022598871,1.1469413495900778,0.9228486646884273,1.2547279096707562,1.3525423728813561,1.3525423728813561,0.8179775280898877,1.8772727272727274,4,geom_stack25,rolling,0.2,40,0,0,0.0,0.0,0,0
0.2,291,1.1508474576271188,60,0,0.4845360824742268,0.3379032258064516,1.4339492655561843,0.5801615702371228,67.2741667474347,1.4339492655561843,1.4339492655561843,1,1,1.0875706214689267,1.2062146892655368,1.3673677761895038,0.9125874125874126,1.4339492655561843,1.1508474576271188,1.1508474576271188,0.6363636363636364,1.9090909090909092,4,geom_stack25,rolling,0.2,60,0,0,0.0,0.0,0,0
0.2,226,0.8937853107344633,120,0,0.5486725663716814,0.3379032258064516,1.6237565210044986,0.5801615702371228,86.32306317986748,1.6237565210044986,1.6237565210044986,1,1,0.7909604519774012,0.9689265536723164,1.3679428942245295,0.9457013574660633,1.6237565210044986,0.8937853107344633,0.8937853107344633,0.01590909090909091,1.6863636363636363,4,geom_stack25,rolling,0.2,120,0,0,0.0,0.0,0,0
0.2,189,0.747457627118644,250,0,0.5555555555555556,0.3379032258064516,1.6441262264651288,0.5801615702371228,84.53006475638571,1.6441262264651288,1.6441262264651288,1,1,0.692090395480226,0.7909604519774012,1.26908315565032,0.9293478260869565,1.6441262264651288,0.747457627118644,0.747457627118644,0.01590909090909091,1.47,4,geom_stack25,rolling,0.2,250,0,0,0.0,0.0,0,0
0.2,162,0.6406779661016949,40,3,0.35185185185185186,0.3379032258064516,1.0412799434279147,0.5801615702371228,40.768602219209775,1.0412799434279147,1.0412799434279147,1,1,0.5734463276836158,0.672316384180791,0.9411764705882354,0.8152866242038217,1.0412799434279147,0.6406779661016949,0.6406779661016949,0.3775280898876405,0.8113636363636363,4,geom_stack25,rolling,0.2,40,3,0,0.0,0.0,0,0
0.2,143,0.5655367231638418,60,3,0.40559440559440557,0.3379032258064516,1.2003271191815343,0.5801615702371228,51.79830264929383,1.2003271191815343,1.2003271191815343,1,1,0.4943502824858757,0.612994350282486,1.1333610303282093,0.8043478260869565,1.2003271191815343,0.5655367231638418,0.5655367231638418,0.36179775280898874,0.8049999999999999,4,geom_stack25,rolling,0.2,60,3,0,0.0,0.0,0,0
0.2,106,0.4192090395480226,120,3,0.42452830188679247,0.3379032258064516,1.256360607015806,0.5801615702371228,65.84525732594487,1.256360607015806,1.256360607015806,1,1,0.3559322033898305,0.4745762711864407,1.0575692963752665,0.8811881188118812,1.256360607015806,0.4192090395480226,0.4192090395480226,0.01590909090909091,0.8049999999999999,4,geom_stack25,rolling,0.2,120,3,0,0.0,0.0,0,0
0.22,385,1.5225988700564972,20,0,0.4,0.3379032258064516,1.1837708830548928,0.5801615702371228,43.52030164331259,1.1837708830548928,1.1837708830548928,1,1,1.5028248587570623,1.5423728813559323,1.1082251082251082,0.9078947368421053,1.1837708830548928,1.5225988700564972,1.5225988700564972,0.9910112359550562,2.2272727272727275,4,geom_stack25,rolling,0.22,20,0,0,0.0,0.0,0,0
0.22,351,1.3881355932203392,40,0,0.4188034188034188,0.3379032258064516,1.2394182322583278,0.5801615702371228,49.0723306644203,1.2394182322583278,1.2394182322583278,1,1,1.305084745762712,1.423728813559322,1.131011608623549,0.9277456647398844,1.2394182322583278,1.3881355932203392,1.3881355932203392,0.8179775280898877,1.925,4,geom_stack25,rolling,0.22,40,0,0,0.0,0.0,0,0
0.22,305,1.2062146892655368,60,0,0.4786885245901639,0.3379032258064516,1.416643843655855,0.5801615702371228,68.19186367261635,1.416643843655855,1.416643843655855,1,1,1.1271186440677967,1.265536723163842,1.3174803946369846,0.9166666666666666,1.416643843655855,1.2062146892655368,1.2062146892655368,0.7393258426966293,1.956818181818182,4,geom_stack25,rolling,0.22,60,0,0,0.0,0.0,0,0
0.22,240,0.9491525423728814,120,0,0.5416666666666666,0.3379032258064516,1.6030230708035003,0.5801615702371228,82.26728803259795,1.6030230708035003,1.6030230708035003,1,1,0.8305084745762712,1.0084745762711864,1.4065671641791047,0.9404255319148936,1.6030230708035003,0.9491525423728814,0.9491525423728814,0.04772727272727273,1.8295454545454546,4,geom_stack25,rolling,0.22,120,0,0,0.0,0.0,0,0
0.22,201,0.7949152542372883,250,0,0.5373134328358209,0.3379032258064516,1.5901399921632886,0.5801615702371228,78.34436629258092,1.5901399921632886,1.5901399921632886,1,1,0.711864406779661,0.8502824858757062,1.2663000785545955,0.923469387755102,1.5901399921632886,0.7949152542372883,0.7949152542372883,0.04772727272727273,1.5224999999999997,4,geom_stack25,rolling,0.22,250,0,0,0.0,0.0,0,0
0.22,163,0.644632768361582,40,3,0.3496932515337423,0.3379032258064516,1.034891722916087,0.5801615702371228,41.25759180153975,1.034891722916087,1.034891722916087,1,1,0.5734463276836158,0.672316384180791,0.9411764705882354,0.8227848101265823,1.034891722916087,0.644632768361582,0.644632768361582,0.3775280898876405,0.8225,4,geom_stack25,rolling,0.22,40,3,0,0.0,0.0,0,0
0.22,150,0.5932203389830508,60,3,0.41333333333333333,0.3379032258064516,1.2232299124900556,0.5801615702371228,57.43150266502015,1.2232299124900556,1.2232299124900556,1,1,0.5338983050847458,0.652542372881356,1.1182795698924732,0.8068965517241379,1.2232299124900556,0.5932203389830508,0.5932203389830508,0.36179775280898874,0.8272727272727273,4,geom_stack25,rolling,0.22,60,3,0,0.0,0.0,0,0
0.22,113,0.44689265536723166,120,3,0.4247787610619469,0.3379032258064516,1.2571018227131603,0.5801615702371228,60.70973549755788,1.2571018227131603,1.2571018227131603,1,1,0.37570621468926557,0.4943502824858757,1.1111111111111112,0.8703703703703703,1.2571018227131603,0.44689265536723166,0.44689265536723166,0.04772727272727273,0.8225,4,geom_stack25,rolling,0.22,120,3,0,0.0,0.0,0,0
0.25,408,1.6135593220338982,20,0,0.3872549019607843,0.3379032258064516,1.146052693153634,0.5801615702371228,41.30245886479472,1.146052693153634,1.146052693153634,1,1,1.5621468926553672,1.7203389830508475,1.1026965002868618,0.9205955334987593,1.146052693153634,1.6135593220338982,1.6135593220338982,1.053932584269663,2.259090909090909,4,geom_stack25,rolling,0.25,20,0,0,0.0,0.0,0,0
0.25,364,1.4395480225988702,40,0,0.41483516483516486,0.3379032258064516,1.2276744734978626,0.5801615702371228,50.299466926003156,1.2276744734978626,1.2276744734978626,1,1,1.364406779661017,1.5028248587570623,1.1201885310290653,0.9303621169916435,1.2276744734978626,1.4395480225988702,1.4395480225988702,0.8337078651685393,1.956818181818182,4,geom_stack25,rolling,0.25,40,0,0,0.0,0.0,0,0
0.25,334,1.3209039548022599,60,0,0.46706586826347307,0.3379032258064516,1.382247438297629,0.5801615702371228,65.82550374746553,1.382247438297629,1.382247438297629,1,1,1.2853107344632768,1.364406779661017,1.255805832023747,0.9331306990881459,1.382247438297629,1.3209039548022599,1.3209039548022599,0.8179775280898877,2.115909090909091,4,geom_stack25,rolling,0.25,60,0,0,0.0,0.0,0,0
0.25,262,1.0361581920903955,120,0,0.5152671755725191,0.3379032258064516,1.5248956985917035,0.5801615702371228,77.00795740179974,1.5248956985917035,1.5248956985917035,1,1,0.9689265536723164,1.1073446327683616,1.3880597014925373,0.9416342412451362,1.5248956985917035,1.0361581920903955,1.0361581920903955,0.09545454545454546,2.0204545454545455,4,geom_stack25,rolling,0.25,120,0,0,0.0,0.0,0,0
0.25,224,0.8858757062146893,250,0,0.5223214285714286,0.3379032258064516,1.5457722468462327,0.5801615702371228,77.57515943393037,1.5457722468462327,1.5457722468462327,1,1,0.8305084745762712,0.9689265536723164,1.2338308457711442,0.9223744292237442,1.5457722468462327,0.8858757062146893,0.8858757062146893,0.09545454545454546,1.645,4,geom_stack25,rolling,0.25,250,0,0,0.0,0.0,0,0
0.25,170,0.672316384180791,40,3,0.3411764705882353,0.3379032258064516,1.0096869296644673,0.5801615702371228,46.11029297562692,1.0096869296644673,1.0096869296644673,1,1,0.632768361581921,0.692090395480226,0.9337349397590362,0.8363636363636363,1.0096869296644673,0.672316384180791,0.672316384180791,0.3775280898876405,0.91,4,geom_stack25,rolling,0.25,40,3,0,0.0,0.0,0,0
0.25,162,0.6406779661016949,60,3,0.4012345679012346,0.3379032258064516,1.1874244968914818,0.5801615702371228,55.58545544342766,1.1874244968914818,1.1874244968914818,1,1,0.612994350282486,0.672316384180791,1.041044776119403,0.8343949044585988,1.1874244968914818,0.6406779661016949,0.6406779661016949,0.3775280898876405,0.91,4,geom_stack25,rolling,0.25,60,3,0,0.0,0.0,0,0
0.25,126,0.49830508474576274,120,3,0.3968253968253968,0.3379032258064516,1.1743758760465204,0.5801615702371228,57.00835785517945,1.1743758760465204,1.1743758760465204,1,1,0.4548022598870057,0.5141242937853108,1.0666666666666667,0.8760330578512396,1.1743758760465204,0.49830508474576274,0.49830508474576274,0.09545454545454546,0.91,4,geom_stack25,rolling,0.25,120,3,0,0.0,0.0,0,0
0.3,443,1.7519774011299434,20,0,0.3837471783295711,0.3379032258064516,1.1356718404025494,0.5801615702371228,41.74049493030215,1.1356718404025494,1.1356718404025494,1,1,1.7203389830508475,1.8587570621468927,1.0727969348659003,0.908675799086758,1.1356718404025494,1.7519774011299434,1.7519774011299434,1.148314606741573,2.3863636363636362,4,geom_stack25,rolling,0.3,20,0,0,0.0,0.0,0,0
0.3,389,1.538418079096045,40,0,0.41645244215938304,0.3379032258064516,1.2324606880134488,0.5801615702371228,50.91394402598848,1.2324606880134488,1.2324606880134488,1,1,1.463276836158192,1.6610169491525424,1.1016346837242361,0.9296875,1.2324606880134488,1.538418079096045,1.538418079096045,0.9280898876404495,2.0522727272727272,4,geom_stack25,rolling,0.3,40,0,0,0.0,0.0,0,0
0.3,375,1.4830508474576272,60,0,0.44533333333333336,0.3379032258064516,1.3179315831344471,0.5801615702371228,60.97457167666267,1.3179315831344471,1.3179315831344471,1,1,1.423728813559322,1.5225988700564972,1.2498546229889513,0.9405405405405406,1.3179315831344471,1.4830508474576272,1.4830508474576272,0.8651685393258427,2.2113636363636364,4,geom_stack25,rolling,0.3,60,0,0,0.0,0.0,0,0
0.3,289,1.1429378531073446,120,0,0.49480968858131485,0.3379032258064516,1.4643532549900489,0.5801615702371228,70.93986703044794,1.4643532549900489,1.4643532549900489,1,1,1.0480225988700564,1.225988700564972,1.349397590361446,0.9295774647887324,1.4643532549900489,1.1429378531073446,1.1429378531073446,0.20681818181818182,2.1636363636363636,4,geom_stack25,rolling,0.3,120,0,0,0.0,0.0,0,0
0.3,259,1.0242937853107343,250,0,0.5096525096525096,0.3379032258064516,1.5082795035062337,0.5801615702371228,72.6259345873269,1.5082795035062337,1.5082795035062337,1,1,0.9491525423728814,1.0875706214689267,1.4515657009072287,0.9251968503937008,1.5082795035062337,1.0242937853107343,1.0242937853107343,0.20681818181818182,1.785,4,geom_stack25,rolling,0.3,250,0,0,0.0,0.0,0,0
0.3,185,0.731638418079096,40,3,0.34594594594594597,0.3379032258064516,1.0238018448042314,0.5801615702371228,46.10280015744083,1.0238018448042314,1.0238018448042314,1,1,0.711864406779661,0.7711864406779662,0.9491006505931879,0.8388888888888889,1.0238018448042314,0.731638418079096,0.731638418079096,0.42471910112359557,0.9799999999999999,4,geom_stack25,rolling,0.3,40,3,0,0.0,0.0,0,0
0.3,186,0.7355932203389831,60,3,0.3817204301075269,0.3379032258064516,1.1296738265712012,0.5801615702371228,51.046523362605924,1.1296738265712012,1.1296738265712012,1,1,0.711864406779661,0.7711864406779662,0.974076983503535,0.861878453038674,1.1296738265712012,0.7355932203389831,0.7355932203389831,0.39325842696629215,0.9975,4,geom_stack25,rolling,0.3,60,3,0,0.0,0.0,0,0
0.3,142,0.5615819209039548,120,3,0.39436619718309857,0.3379032258064516,1.1670980537160913,0.5801615702371228,54.72213762775219,1.1670980537160913,1.1670980537160913,1,1,0.5338983050847458,0.5932203389830508,1.0864197530864197,0.8467153284671532,1.1670980537160913,0.5615819209039548,0.5615819209039548,0.1431818181818182,0.9975,4,geom_stack25,rolling,0.3,120,3,0,0.0,0.0,0,0
0.35,483,1.9101694915254237,20,0,0.38716356107660455,0.3379032258064516,1.1457823764558226,0.5801615702371228,41.90426546979512,1.1457823764558226,1.1457823764558226,1,1,1.8389830508474576,2.016949152542373,1.0886742756804215,0.9079497907949791,1.1457823764558226,1.9101694915254237,1.9101694915254237,1.30561797752809,2.4977272727272726,4,geom_stack25,rolling,0.35,20,0,0,0.0,0.0,0,0
0.35,427,1.6887005649717517,40,0,0.4168618266978923,0.3379032258064516,1.233672231755099,0.5801615702371228,51.216058623676254,1.233672231755099,1.233672231755099,1,1,1.6214689265536724,1.8192090395480227,1.1667748215444518,0.9360189573459715,1.233672231755099,1.6887005649717517,1.6887005649717517,0.9595505617977528,2.243181818181818,4,geom_stack25,rolling,0.35,40,0,0,0.0,0.0,0,0
0.35,416,1.6451977401129945,60,0,0.43028846153846156,0.3379032258064516,1.2734073802092896,0.5801615702371228,55.411146775297276,1.2734073802092896,1.2734073802092896,1,1,1.5621468926553672,1.7598870056497176,1.2061043099111186,0.9416058394160584,1.2734073802092896,1.6451977401129945,1.6451977401129945,0.9595505617977528,2.290909090909091,4,geom_stack25,rolling,0.35,60,0,0,0.0,0.0,0,0
0.35,321,1.269491525423729,120,0,0.4797507788161994,0.3379032258064516,1.419787507713812,0.5801615702371228,68.65059897119788,1.419787507713812,1.419787507713812,1,1,1.2062146892655368,1.364406779661017,1.3424131307840057,0.9177215189873418,1.419787507713812,1.269491525423729,1.269491525423729,0.3340909090909091,2.243181818181818,4,geom_stack25,rolling,0.35,120,0,0,0.0,0.0,0,0
0.35,287,1.1350282485875707,250,0,0.4843205574912892,0.3379032258064516,1.4333114350577534,0.5801615702371228,67.48921153000356,1.4333114350577534,1.4333114350577534,1,1,1.0875706214689267,1.1864406779661016,1.3445783132530122,0.925531914893617,1.4333114350577534,1.1350282485875707,1.1350282485875707,0.3340909090909091,1.925,4,geom_stack25,rolling,0.35,250,0,0,0.0,0.0,0,0
0.35,204,0.8067796610169491,40,3,0.37745098039215685,0.3379032258064516,1.1170387009218963,0.5801615702371228,49.17824421950841,1.1170387009218963,1.1170387009218963,1,1,0.7909604519774012,0.8305084745762712,0.9694385216773278,0.8542713567839196,1.1170387009218963,0.8067796610169491,0.8067796610169491,0.4404494382022472,1.0181818181818183,4,geom_stack25,rolling,0.35,40,3,0,0.0,0.0,0,0
0.35,201,0.7949152542372883,60,3,0.36318407960199006,0.3379032258064516,1.0748168465548156,0.5801615702371228,46.31565532642044,1.0748168465548156,1.0748168465548156,1,1,0.7514124293785311,0.8305084745762712,0.9694385216773278,0.8622448979591837,1.0748168465548156,0.7949152542372883,0.7949152542372883,0.42471910112359557,1.0181818181818183,4,geom_stack25,rolling,0.35,60,3,0,0.0,0.0,0,0
0.35,161,0.6367231638418079,120,3,0.40372670807453415,0.3379032258064516,1.1947998043255903,0.5801615702371228,56.56876868497978,1.1947998043255903,1.1947998043255903,1,1,0.5932203389830508,0.672316384180791,1.074626865671642,0.8269230769230769,1.1947998043255903,0.6367231638418079,0.6367231638418079,0.20681818181818182,1.015,4,geom_stack25,rolling,0.35,120,3,0,0.0,0.0,0,0
0.15,355,1.4039548022598871,20,0,0.35492957746478876,0.3379032258064516,1.0503882483444822,0.5358184180767968,28.554984042115617,1.0503882483444822,1.0503882483444822,1,1,1.344632768361582,1.5225988700564972,0.9629629629629629,0.8885714285714286,1.0503882483444822,1.4039548022598871,1.4039548022598871,1.1549999999999998,2.131818181818182,4,geom_stack75,rolling,0.15,20,0,0,0.0,0.0,0,0
0.15,277,1.0954802259887007,40,0,0.4259927797833935,0.3379032258064516,1.2606946227479903,0.5358184180767968,52.74571689842221,1.2606946227479903,1.2606946227479903,1,1,0.9887005649717514,1.225988700564972,1.1612903225806452,0.8860294117647058,1.2606946227479903,1.0954802259887007,1.0954802259887007,0.8179775280898877,1.7340909090909091,4,geom_stack75,rolling,0.15,40,0,0,0.0,0.0,0,0
0.15,212,0.8384180790960452,60,0,0.4528301886792453,0.3379032258064516,1.3401179808168597,0.5358184180767968,55.1436494430391,1.3401179808168597,1.3401179808168597,1,1,0.7711864406779662,0.8700564971751413,1.290251916757941,0.8743961352657005,1.3401179808168597,0.8384180790960452,0.8384180790960452,0.44545454545454544,1.4477272727272728,4,geom_stack75,rolling,0.15,60,0,0,0.0,0.0,0,0
0.15,153,0.6050847457627119,120,0,0.49019607843137253,0.3379032258064516,1.4506996115868782,0.5358184180767968,66.09630889023236,1.4506996115868782,1.4506996115868782,1,1,0.5338983050847458,0.731638418079096,1.2004840661557081,0.9256756756756757,1.4506996115868782,0.6050847457627119,0.6050847457627119,0.0,1.085,4,geom_stack75,rolling,0.15,120,0,0,0.0,0.0,0,0
0.15,93,0.36779661016949156,250,0,0.5161290322580645,0.3379032258064516,1.5274463007159904,0.5358184180767968,65.8142452312221,1.5274463007159904,1.5274463007159904,1,1,0.3361581920903955,0.3954802259887006,0.779261586802828,0.8863636363636364,1.5274463007159904,0.36779661016949156,0.36779661016949156,0.0,1.085,4,geom_stack75,rolling,0.15,250,0,0,0.0,0.0,0,0
0.15,147,0.5813559322033899,40,3,0.40816326530612246,0.3379032258064516,1.2079294725049925,0.5358184180767968,41.823487761649886,1.2079294725049925,1.2079294725049925,1,1,0.5536723163841808,0.632768361581921,1.0575692963752665,0.7464788732394366,1.2079294725049925,0.5813559322033899,0.5813559322033899,0.42471910112359557,0.875,4,geom_stack75,rolling,0.15,40,3,0,0.0,0.0,0,0
0.15,116,0.45875706214689266,60,3,0.41379310344827586,0.3379032258064516,1.2245905686774752,0.5358184180767968,45.314888818797726,1.2245905686774752,1.2245905686774752,1,1,0.4152542372881356,0.4745762711864407,1.0575692963752665,0.7297297297297297,1.2245905686774752,0.45875706214689266,0.45875706214689266,0.298876404494382,0.6522727272727272,4,geom_stack75,rolling,0.15,60,3,0,0.0,0.0,0,0
0.15,81,0.32033898305084746,120,3,0.4567901234567901,0.3379032258064516,1.3518371195379946,0.5358184180767968,63.316531223054184,1.3518371195379946,1.3518371195379946,1,1,0.2768361581920904,0.3954802259887006,1.11044776119403,0.8421052631578947,1.3518371195379946,0.32033898305084746,0.32033898305084746,0.0,0.6475,4,geom_stack75,rolling,0.15,120,3,0,0.0,0.0,0,0
0.18,385,1.5225988700564972,20,0,0.34545454545454546,0.3379032258064516,1.0223475808201345,0.5358184180767968,26.318819517191194,1.0223475808201345,1.0223475808201345,1,1,1.4039548022598871,1.6412429378531075,0.9333333333333332,0.9105263157894737,1.0223475808201345,1.5225988700564972,1.5225988700564972,1.21123595505618,2.290909090909091,4,geom_stack75,rolling,0.18,20,0,0,0.0,0.0,0,0
0.18,315,1.2457627118644068,40,0,0.4222222222222222,0.3379032258064516,1.2495359321134978,0.5358184180767968,51.43067127021175,1.2495359321134978,1.2495359321134978,1,1,1.1271186440677967,1.3248587570621468,1.1313131313131313,0.9,1.2495359321134978,1.2457627118644068,1.2457627118644068,0.9123595505617977,1.956818181818182,4,geom_stack75,rolling,0.18,40,0,0,0.0,0.0,0,0
0.18,241,0.9531073446327685,60,0,0.46473029045643155,0.3379032258064516,1.3753354657899168,0.5358184180767968,56.18936529207129,1.3753354657899168,1.3753354657899168,1,1,0.9096045197740114,1.0084745762711864,1.24822695035461,0.8983050847457628,1.3753354657899168,0.9531073446327685,0.9531073446327685,0.5568181818181819,1.5750000000000002,4,geom_stack75,rolling,0.18,60,0,0,0.0,0.0,0,0
0.18,178,0.703954802259887,120,0,0.5280898876404494,0.3379032258064516,1.5628435815612345,0.5358184180767968,73.21328701973385,1.5628435815612345,1.5628435815612345,1,1,0.652542372881356,0.8305084745762712,1.3219616204690832,0.9364161849710982,1.5628435815612345,0.703954802259887,0.703954802259887,0.01590909090909091,1.2568181818181818,4,geom_stack75,rolling,0.18,120,0,0,0.0,0.0,0,0
0.18,117,0.46271186440677964,250,0,0.49572649572649574,0.3379032258064516,1.4670664789996533,0.5358184180767968,67.42268448345027,1.4670664789996533,1.4670664789996533,1,1,0.43502824858757067,0.5141242937853108,0.8412483039348712,0.9107142857142857,1.4670664789996533,0.46271186440677964,0.46271186440677964,0.01590909090909091,1.2249999999999999,4,geom_stack75,rolling,0.18,250,0,0,0.0,0.0,0,0
0.18,162,0.6406779661016949,40,3,0.4012345679012346,0.3379032258064516,1.1874244968914818,0.5358184180767968,42.28435904080272,1.1874244968914818,1.1874244968914818,1,1,0.612994350282486,0.672316384180791,1.074626865671642,0.7643312101910829,1.1874244968914818,0.6406779661016949,0.6406779661016949,0.4404494382022472,0.9704545454545455,4,geom_stack75,rolling,0.18,40,3,0,0.0,0.0,0,0
0.18,130,0.5141242937853108,60,3,0.4153846153846154,0.3379032258064516,1.2293005324031578,0.5358184180767968,43.44730629921729,1.2293005324031578,1.2293005324031578,1,1,0.4745762711864407,0.5338983050847458,1.0796019900497513,0.76,1.2293005324031578,0.5141242937853108,0.5141242937853108,0.298876404494382,0.7174999999999999,4,geom_stack75,rolling,0.18,60,3,0,0.0,0.0,0,0
0.18,90,0.3559322033898305,120,3,0.4777777777777778,0.3379032258064516,1.4139485547600108,0.5358184180767968,67.81132863569955,1.4139485547600108,1.4139485547600108,1,1,0.3163841807909605,0.4152542372881356,1.0575692963752665,0.8470588235294118,1.4139485547600108,0.3559322033898305,0.3559322033898305,0.01590909090909091,0.7174999999999999,4,geom_stack75,rolling,0.18,120,3,0,0.0,0.0,0,0
0.2,408,1.6135593220338982,20,0,0.3382352941176471,0.3379032258064516,1.000982731994946,0.5358184180767968,25.786762628964002,1.000982731994946,1.000982731994946,1,1,1.5423728813559323,1.7203389830508475,0.8995983935742972,0.9156327543424317,1.000982731994946,1.6135593220338982,1.6135593220338982,1.2741573033707865,2.3704545454545456,4,geom_stack75,rolling,0.2,20,0,0,0.0,0.0,0,0
0.2,336,1.328813559322034,40,0,0.4226190476190476,0.3379032258064516,1.2507103079895443,0.5358184180767968,50.47404470014141,1.2507103079895443,1.2507103079895443,1,1,1.225988700564972,1.423728813559322,1.0980392156862744,0.9123867069486404,1.2507103079895443,1.328813559322034,1.328813559322034,0.9280898876404495,2.1,4,geom_stack75,rolling,0.2,40,0,0,0.0,0.0,0,0
0.2,259,1.0242937853107343,60,0,0.46332046332046334,0.3379032258064516,1.3711631850056671,0.5358184180767968,55.584489002090514,1.3711631850056671,1.3711631850056671,1,1,0.9491525423728814,1.0875706214689267,1.222222222222222,0.9173228346456693,1.3711631850056671,1.0242937853107343,1.0242937853107343,0.5820224719101125,1.6545454545454545,4,geom_stack75,rolling,0.2,60,0,0,0.0,0.0,0,0
0.2,202,0.7988700564971751,120,0,0.5148514851485149,0.3379032258064516,1.523665493040951,0.5358184180767968,73.11849584537522,1.523665493040951,1.523665493040951,1,1,0.7514124293785311,0.8700564971751413,1.430122116689281,0.9137055837563451,1.523665493040951,0.7988700564971751,0.7988700564971751,0.11136363636363636,1.3825,4,geom_stack75,rolling,0.2,120,0,0,0.0,0.0,0,0
0.2,141,0.5576271186440678,250,0,0.46808510638297873,0.3379032258064516,1.3852637993195553,0.5358184180767968,64.98286042162988,1.3852637993195553,1.3852637993195553,1,1,0.4943502824858757,0.5734463276836158,1.0364179104477613,0.9044117647058824,1.3852637993195553,0.5576271186440678,0.5576271186440678,0.11136363636363636,1.3825,4,geom_stack75,rolling,0.2,250,0,0,0.0,0.0,0,0
0.2,171,0.6762711864406781,40,3,0.391812865497076,0.3379032258064516,1.1595416544543538,0.5358184180767968,40.90704135397969,1.1595416544543538,1.1595416544543538,1,1,0.632768361581921,0.711864406779661,1.041044776119403,0.7891566265060241,1.1595416544543538,0.6762711864406781,0.6762711864406781,0.45617977528089887,1.0181818181818183,4,geom_stack75,rolling,0.2,40,3,0,0.0,0.0,0,0
0.2,136,0.5378531073446328,60,3,0.3897058823529412,0.3379032258064516,1.1533061912115683,0.5358184180767968,40.932497281224066,1.1533061912115683,1.1533061912115683,1,1,0.4745762711864407,0.5734463276836158,1.0689655172413792,0.7862595419847328,1.1533061912115683,0.5378531073446328,0.5378531073446328,0.298876404494382,0.77,4,geom_stack75,rolling,0.2,60,3,0,0.0,0.0,0,0
0.2,104,0.4112994350282486,120,3,0.4326923076923077,0.3379032258064516,1.280521387919956,0.5358184180767968,62.860858425782084,1.280521387919956,1.280521387919956,1,1,0.3954802259887006,0.43502824858757067,1.1777476255088195,0.8080808080808081,1.280521387919956,0.4112994350282486,0.4112994350282486,0.11136363636363636,0.77,4,geom_stack75,rolling,0.2,120,3,0,0.0,0.0,0,0
0.22,431,1.7045197740112996,20,0,0.3433874709976798,0.3379032258064516,1.0162302244322743,0.5358184180767968,26.92006885510956,1.0162302244322743,1.0162302244322743,1,1,1.6610169491525424,1.7598870056497176,0.9302325581395349,0.9248826291079812,1.0162302244322743,1.7045197740112996,1.7045197740112996,1.3842696629213485,2.4022727272727273,4,geom_stack75,rolling,0.22,20,0,0,0.0,0.0,0,0
0.22,361,1.4276836158192092,40,0,0.4155124653739612,0.3379032258064516,1.2296788951401239,0.5358184180767968,47.251134908253924,1.2296788951401239,1.2296788951401239,1,1,1.384180790960452,1.4830508474576272,1.1111111111111112,0.9157303370786517,1.2296788951401239,1.4276836158192092,1.4276836158192092,0.9752808988764046,2.1954545454545458,4,geom_stack75,rolling,0.22,40,0,0,0.0,0.0,0,0
0.22,277,1.0954802259887007,60,0,0.4729241877256318,0.3379032258064516,1.3995847083049724,0.5358184180767968,56.387622895227025,1.3995847083049724,1.3995847083049724,1,1,1.0282485875706215,1.1468926553672316,1.2307692307692308,0.9191176470588235,1.3995847083049724,1.0954802259887007,1.0954802259887007,0.597752808988764,1.7181818181818183,4,geom_stack75,rolling,0.22,60,0,0,0.0,0.0,0,0
0.22,216,0.8542372881355933,120,0,0.5231481481481481,0.3379032258064516,1.5482188632546627,0.5358184180767968,72.09022842491397,1.5482188632546627,1.5482188632546627,1,1,0.8107344632768362,0.9491525423728814,1.4308943089430894,0.9052132701421801,1.5482188632546627,0.8542372881355933,0.8542372881355933,0.1431818181818182,1.4875,4,geom_stack75,rolling,0.22,120,0,0,0.0,0.0,0,0
0.22,161,0.6367231638418079,250,0,0.4906832298136646,0.3379032258064516,1.4521413006418713,0.5358184180767968,67.373502257466,1.4521413006418713,1.4521413006418713,1,1,0.5734463276836158,0.672316384180791,1.2763767370046322,0.9038461538461539,1.4521413006418713,0.6367231638418079,0.6367231638418079,0.1431818181818182,1.4875,4,geom_stack75,rolling,0.22,250,0,0,0.0,0.0,0,0
0.22,178,0.703954802259887,40,3,0.37640449438202245,0.3379032258064516,1.1139417017510926,0.5358184180767968,38.49399748906137,1.1139417017510926,1.1139417017510926,1,1,0.652542372881356,0.731638418079096,1.0090090090090091,0.8034682080924855,1.1139417017510926,0.703954802259887,0.703954802259887,0.4719101123595506,1.0340909090909092,4,geom_stack75,rolling,0.22,40,3,0,0.0,0.0,0,0
0.22,140,0.5536723163841808,60,3,0.40714285714285714,0.3379032258064516,1.20490964882373,0.5358184180767968,43.68635799144286,1.20490964882373,1.20490964882373,1,1,0.5141242937853108,0.5734463276836158,1.0689655172413792,0.8,1.20490964882373,0.5536723163841808,0.5536723163841808,0.3146067415730337,0.7875,4,geom_stack75,rolling,0.22,60,3,0,0.0,0.0,0,0
0.22,109,0.43107344632768363,120,3,0.41284403669724773,0.3379032258064516,1.2217818747126186,0.5358184180767968,57.18299867548781,1.2217818747126186,1.2217818747126186,1,1,0.4152542372881356,0.4548022598870057,1.1594202898550725,0.8076923076923077,1.2217818747126186,0.43107344632768363,0.43107344632768363,0.1431818181818182,0.7875,4,geom_stack75,rolling,0.22,120,3,0,0.0,0.0,0,0
0.25,456,1.8033898305084748,20,0,0.34210526315789475,0.3379032258064516,1.0124356236653687,0.5358184180767968,26.279147758208445,1.0124356236653687,1.0124356236653687,1,1,1.7796610169491527,1.8389830508474576,0.9481481481481482,0.926829268292683,1.0124356236653687,1.8033898305084748,1.8033898305084748,1.447191011235955,2.5454545454545454,4,geom_stack75,rolling,0.25,20,0,0,0.0,0.0,0,0
0.25,386,1.5265536723163844,40,0,0.40932642487046633,0.3379032258064516,1.2113717585665353,0.5358184180767968,43.548643382569175,1.2113717585665353,1.2113717585665353,1,1,1.4435028248587571,1.5819209039548023,1.0735930735930737,0.9212598425196851,1.2113717585665353,1.5265536723163844,1.5265536723163844,1.0853932584269663,2.243181818181818,4,geom_stack75,rolling,0.25,40,0,0,0.0,0.0,0,0
0.25,306,1.2101694915254237,60,0,0.46405228758169936,0.3379032258064516,1.373328965635578,0.5358184180767968,51.33593084305774,1.373328965635578,1.373328965635578,1,1,1.1666666666666667,1.265536723163842,1.265536723163842,0.9069767441860465,1.373328965635578,1.2101694915254237,1.2101694915254237,0.7235955056179775,1.8136363636363637,4,geom_stack75,rolling,0.25,60,0,0,0.0,0.0,0,0
0.25,246,0.9728813559322035,120,0,0.5,0.3379032258064516,1.4797136038186158,0.5358184180767968,65.93410748088161,1.4797136038186158,1.4797136038186158,1,1,0.9096045197740114,1.0677966101694916,1.3617021276595744,0.8879668049792531,1.4797136038186158,0.9728813559322035,0.9728813559322035,0.27045454545454545,1.6275000000000002,4,geom_stack75,rolling,0.25,120,0,0,0.0,0.0,0,0
0.25,191,0.7553672316384181,250,0,0.4816753926701571,0.3379032258064516,1.42548326231741,0.5358184180767968,61.943598641320506,1.42548326231741,1.42548326231741,1,1,0.711864406779661,0.8107344632768362,1.2338308457711442,0.9032258064516129,1.42548326231741,0.7553672316384181,0.7553672316384181,0.27045454545454545,1.6275000000000002,4,geom_stack75,rolling,0.25,250,0,0,0.0,0.0,0,0
0.25,182,0.7197740112994351,40,3,0.3791208791208791,0.3379032258064516,1.1219806446536758,0.5358184180767968,40.514129656733914,1.1219806446536758,1.1219806446536758,1,1,0.652542372881356,0.7514124293785311,0.9824561403508771,0.8135593220338984,1.1219806446536758,0.7197740112994351,0.7197740112994351,0.503370786516854,1.0340909090909092,4,geom_stack75,rolling,0.25,40,3,0,0.0,0.0,0,0
0.25,148,0.5853107344632769,60,3,0.40540540540540543,0.3379032258064516,1.1997677868799588,0.5358184180767968,35.19783870581857,1.1997677868799588,1.1997677868799588,1,1,0.5734463276836158,0.612994350282486,1.103448275862069,0.7902097902097902,1.1997677868799588,0.5853107344632769,0.5853107344632769,0.3460674157303371,0.8225,4,geom_stack75,rolling,0.25,60,3,0,0.0,0.0,0,0
0.25,124,0.4903954802259887,120,3,0.4032258064516129,0.3379032258064516,1.1933174224343674,0.5358184180767968,53.20557758438804,1.1933174224343674,1.1933174224343674,1,1,0.4548022598870057,0.5141242937853108,1.1282051282051282,0.7647058823529411,1.1933174224343674,0.4903954802259887,0.4903954802259887,0.20681818181818182,0.8225,4,geom_stack75,rolling,0.25,120,3,0,0.0,0.0,0,0
0.3,489,1.9338983050847458,20,0,0.3333333333333333,0.3379032258064516,0.9864757358790771,0.5358184180767968,23.91249086024072,0.9864757358790771,0.9864757358790771,0,1,1.8983050847457628,1.957627118644068,0.9166666666666666,0.9297520661157025,0.9864757358790771,1.9338983050847458,1.9338983050847458,1.5415730337078655,2.6568181818181817,4,geom_stack75,rolling,0.3,20,0,0,0.0,0.0,0,0
0.3,441,1.7440677966101696,40,0,0.3968253968253968,0.3379032258064516,1.1743758760465204,0.5358184180767968,38.722595164652695,1.1743758760465204,1.1743758760465204,1,1,1.6807909604519775,1.8192090395480227,1.0542635658914727,0.9334862385321101,1.1743758760465204,1.7440677966101696,1.7440677966101696,1.1797752808988764,2.625,4,geom_stack75,rolling,0.3,40,0,0,0.0,0.0,0,0
0.3,342,1.3525423728813561,60,0,0.4590643274853801,0.3379032258064516,1.3585674608159222,0.5358184180767968,51.33666510657368,1.3585674608159222,1.3585674608159222,1,1,1.305084745762712,1.384180790960452,1.2549019607843137,0.9050445103857567,1.3585674608159222,1.3525423728813561,1.3525423728813561,0.8651685393258427,2.0045454545454544,4,geom_stack75,rolling,0.3,60,0,0,0.0,0.0,0,0
0.3,280,1.1073446327683616,120,0,0.49642857142857144,0.3379032258064516,1.4691442209341972,0.5358184180767968,67.01195323037231,1.4691442209341972,1.4691442209341972,1,1,1.0282485875706215,1.1666666666666667,1.3846153846153848,0.88,1.4691442209341972,1.1073446327683616,1.1073446327683616,0.38181818181818183,1.785,4,geom_stack75,rolling,0.3,120,0,0,0.0,0.0,0,0
0.3,219,0.8661016949152542,250,0,0.4657534246575342,0.3379032258064516,1.3783633569817242,0.5358184180767968,58.26754938674338,1.3783633569817242,1.3783633569817242,1,1,0.8305084745762712,0.9293785310734464,1.3219616204690832,0.8925233644859814,1.3783633569817242,0.8661016949152542,0.8661016949152542,0.38181818181818183,1.785,4,geom_stack75,rolling,0.3,250,0,0,0.0,0.0,0,0
0.3,208,0.8225988700564972,40,3,0.34134615384615385,0.3379032258064516,1.010189094914632,0.5358184180767968,33.52319199497526,1.010189094914632,1.010189094914632,1,1,0.8107344632768362,0.8305084745762712,0.8455284552845529,0.8423645320197044,1.010189094914632,0.8225988700564972,0.8225988700564972,0.550561797752809,1.1772727272727272,4,geom_stack75,rolling,0.3,40,3,0,0.0,0.0,0,0
0.3,165,0.652542372881356,60,3,0.3878787878787879,0.3379032258064516,1.1478990381138352,0.5358184180767968,35.109917315427474,1.1478990381138352,1.1478990381138352,1,1,0.5932203389830508,0.692090395480226,0.9777777777777777,0.7875,1.1478990381138352,0.652542372881356,0.652542372881356,0.4404494382022472,0.91,4,geom_stack75,rolling,0.3,60,3,0,0.0,0.0,0,0
0.3,145,0.5734463276836158,120,3,0.4,0.3379032258064516,1.1837708830548928,0.5358184180767968,52.3491658610055,1.1837708830548928,1.1837708830548928,1,1,0.5338983050847458,0.612994350282486,1.0437710437710437,0.7428571428571429,1.1837708830548928,0.5734463276836158,0.5734463276836158,0.2545454545454546,0.91,4,geom_stack75,rolling,0.3,120,3,0,0.0,0.0,0,0
0.35,522,2.064406779661017,20,0,0.33524904214559387,0.3379032258064516,0.9921451366599914,0.5358184180767968,24.059843776358807,0.9921451366599914,0.9921451366599914,0,1,1.997175141242938,2.115819209039548,0.8976897689768978,0.9361702127659575,0.9921451366599914,2.064406779661017,2.064406779661017,1.604494382022472,2.7522727272727274,4,geom_stack75,rolling,0.35,20,0,0,0.0,0.0,0,0
0.35,490,1.9378531073446328,40,0,0.38571428571428573,0.3379032258064516,1.1414933515172179,0.5358184180767968,33.95076390787117,1.1414933515172179,1.1414933515172179,1,1,1.8389830508474576,1.997175141242938,1.0896057347670252,0.9402061855670103,1.1414933515172179,1.9378531073446328,1.9378531073446328,1.2898876404494382,2.8000000000000003,4,geom_stack75,rolling,0.35,40,0,0,0.0,0.0,0,0
0.35,393,1.5542372881355933,60,0,0.44274809160305345,0.3379032258064516,1.3102807484195378,0.5358184180767968,48.99601864351461,1.3102807484195378,1.3102807484195378,1,1,1.5028248587570623,1.6412429378531075,1.1929824561403508,0.9175257731958762,1.3102807484195378,1.5542372881355933,1.5542372881355933,1.0382022471910113,2.2113636363636364,4,geom_stack75,rolling,0.35,60,0,0,0.0,0.0,0,0
0.35,323,1.2774011299435029,120,0,0.46439628482972134,0.3379032258064516,1.3743470004507268,0.5358184180767968,61.5660388763731,1.3743470004507268,1.3743470004507268,1,1,1.1468926553672316,1.4039548022598871,1.2873563218390804,0.8867924528301887,1.3743470004507268,1.2774011299435029,1.2774011299435029,0.5886363636363636,1.995,4,geom_stack75,rolling,0.35,120,0,0,0.0,0.0,0,0
0.35,264,1.0440677966101695,250,0,0.44696969696969696,0.3379032258064516,1.3227742822014898,0.5358184180767968,51.86933199556786,1.3227742822014898,1.3227742822014898,1,1,0.9689265536723164,1.1468926553672316,1.2879102617366016,0.8996138996138996,1.3227742822014898,1.0440677966101695,1.0440677966101695,0.550561797752809,1.995,4,geom_stack75,rolling,0.35,250,0,0,0.0,0.0,0,0
0.35,226,0.8937853107344633,40,3,0.34513274336283184,0.3379032258064516,1.0213952309544427,0.5358184180767968,30.51027846459833,1.0213952309544427,1.0213952309544427,1,1,0.8305084745762712,0.9491525423728814,0.8888888888888888,0.8642533936651584,1.0213952309544427,0.8937853107344633,0.8937853107344633,0.597752808988764,1.2568181818181818,4,geom_stack75,rolling,0.35,40,3,0,0.0,0.0,0,0
0.35,192,0.7593220338983051,60,3,0.375,0.3379032258064516,1.1097852028639619,0.5358184180767968,34.13357154986108,1.1097852028639619,1.1097852028639619,1,1,0.652542372881356,0.8502824858757062,0.8888888888888888,0.8128342245989305,1.1097852028639619,0.7593220338983051,0.7593220338983051,0.5348314606741573,1.015,4,geom_stack75,rolling,0.35,60,3,0,0.0,0.0,0,0
0.35,171,0.6762711864406781,120,3,0.3684210526315789,0.3379032258064516,1.0903152870242432,0.5358184180767968,44.87830829925045,1.0903152870242432,1.0903152870242432,1,1,0.612994350282486,0.731638418079096,0.946236559139785,0.7530120481927711,1.0903152870242432,0.6762711864406781,0.6762711864406781,0.41363636363636364,1.015,4,geom_stack75,rolling,0.35,120,3,0,0.0,0.0,0,0
