rate_target,n,frequency,rolling_window,cooldown_days,hit_rate,base_rate,lift,auc,forward_benefit_bps,year_lift_min,year_lift_median,year_lift_positive,years,corridor_freq_min,corridor_freq_max,corridor_lift_min,cluster_share_7d,macro_year_lift,year_frequency_min,year_frequency_max,quarter_frequency_min,quarter_frequency_max,quarters,candidate,policy_type,rate,rolling,cooldown,history,strong,late,late_weekday,weekly_cap
0.15,244,0.9649717514124294,20.0,0.0,0.430327868852459,0.3379032258064516,1.2735240032865136,0.5866267053101899,40.529424309965236,1.2735240032865136,1.2735240032865136,1.0,1.0,0.8502824858757062,1.0282485875706215,1.1492122335495831,0.7531380753138075,1.2735240032865136,0.9649717514124294,0.9649717514124294,0.550561797752809,1.225,4.0,stack_experts_logit,rolling,0.15,20,0,0,0.0,0.0,0,0
0.15,238,0.9412429378531074,40.0,0.0,0.44537815126050423,0.3379032258064516,1.3180642185275067,0.5866267053101899,38.20236255847969,1.3180642185275067,1.3180642185275067,1.0,1.0,0.8700564971751413,1.0084745762711864,1.1717458067564375,0.8626609442060086,1.3180642185275067,0.9412429378531074,0.9412429378531074,0.3460674157303371,1.4000000000000001,4.0,stack_experts_logit,rolling,0.15,40,0,0,0.0,0.0,0,0
0.15,219,0.8661016949152542,60.0,0.0,0.4794520547945205,0.3379032258064516,1.4189034557164808,0.5866267053101899,43.17149824510261,1.4189034557164808,1.4189034557164808,1.0,1.0,0.7711864406779662,0.9689265536723164,1.1972789115646258,0.8738317757009346,1.4189034557164808,0.8661016949152542,0.8661016949152542,0.3775280898876405,1.3045454545454545,4.0,stack_experts_logit,rolling,0.15,60,0,0,0.0,0.0,0,0
0.15,215,0.8502824858757062,120.0,0.0,0.49767441860465117,0.3379032258064516,1.4728312149636456,0.5866267053101899,54.447669787661034,1.4728312149636456,1.4728312149636456,1.0,1.0,0.7514124293785311,0.9096045197740114,1.28099173553719,0.8285714285714286,1.4728312149636456,0.8502824858757062,0.8502824858757062,0.4931818181818182,1.4477272727272728,4.0,stack_experts_logit,rolling,0.15,120,0,0,0.0,0.0,0,0
0.15,215,0.8502824858757062,250.0,0.0,0.4744186046511628,0.3379032258064516,1.4040073264139425,0.5866267053101899,49.57721946375598,1.4040073264139425,1.4040073264139425,1.0,1.0,0.692090395480226,0.9491525423728814,1.1742424242424243,0.8238095238095238,1.4040073264139425,0.8502824858757062,0.8502824858757062,0.4931818181818182,1.2727272727272727,4.0,stack_experts_logit,rolling,0.15,250,0,0,0.0,0.0,0,0
0.15,134,0.5299435028248588,40.0,3.0,0.4626865671641791,0.3379032258064516,1.369287215473943,0.5866267053101899,41.80792201297638,1.369287215473943,1.369287215473943,1.0,1.0,0.4745762711864407,0.5734463276836158,1.0796019900497513,0.6666666666666666,1.369287215473943,0.5299435028248588,0.5299435028248588,0.18876404494382024,0.8431818181818181,4.0,stack_experts_logit,rolling,0.15,40,3,0,0.0,0.0,0,0
0.15,122,0.4824858757062147,60.0,3.0,0.4426229508196721,0.3379032258064516,1.3099104033804139,0.5866267053101899,30.681758043088504,1.3099104033804139,1.3099104033804139,1.0,1.0,0.43502824858757067,0.5536723163841808,1.0094979647218454,0.6752136752136753,1.3099104033804139,0.4824858757062147,0.4824858757062147,0.18876404494382024,0.7477272727272728,4.0,stack_experts_logit,rolling,0.15,60,3,0,0.0,0.0,0,0
0.15,126,0.49830508474576274,120.0,3.0,0.42857142857142855,0.3379032258064516,1.268325946130242,0.5866267053101899,38.76622638479289,1.268325946130242,1.268325946130242,1.0,1.0,0.4548022598870057,0.5536723163841808,1.1265412070084362,0.6528925619834711,1.268325946130242,0.49830508474576274,0.49830508474576274,0.3460674157303371,0.7795454545454547,4.0,stack_experts_logit,rolling,0.15,120,3,0,0.0,0.0,0,0
0.18,279,1.1033898305084746,20.0,0.0,0.41935483870967744,0.3379032258064516,1.2410501193317423,0.5866267053101899,35.15503628715474,1.2410501193317423,1.2410501193317423,1.0,1.0,0.9887005649717514,1.225988700564972,1.0602409638554218,0.781021897810219,1.2410501193317423,1.1033898305084746,1.1033898305084746,0.597752808988764,1.4795454545454547,4.0,stack_experts_logit,rolling,0.18,20,0,0,0.0,0.0,0,0
0.18,273,1.0796610169491525,40.0,0.0,0.4249084249084249,0.3379032258064516,1.2574855534282743,0.5866267053101899,36.01332371113955,1.2574855534282743,1.2574855534282743,1.0,1.0,1.0480225988700564,1.1666666666666667,1.1647947723095775,0.8656716417910447,1.2574855534282743,1.0796610169491525,1.0796610169491525,0.4404494382022472,1.590909090909091,4.0,stack_experts_logit,rolling,0.18,40,0,0,0.0,0.0,0,0
0.18,256,1.0124293785310736,60.0,0.0,0.45703125,0.3379032258064516,1.3525507159904535,0.5866267053101899,39.64366672900681,1.3525507159904535,1.3525507159904535,1.0,1.0,0.9293785310734464,1.1073446327683616,1.1904761904761905,0.8884462151394422,1.3525507159904535,1.0124293785310736,1.0124293785310736,0.4404494382022472,1.5272727272727273,4.0,stack_experts_logit,rolling,0.18,60,0,0,0.0,0.0,0,0
0.18,246,0.9728813559322035,120.0,0.0,0.46747967479674796,0.3379032258064516,1.383472068610901,0.5866267053101899,50.37865337724138,1.383472068610901,1.383472068610901,1.0,1.0,0.9491525423728814,0.9887005649717514,1.1272727272727272,0.8340248962655602,1.383472068610901,0.9728813559322035,0.9728813559322035,0.5568181818181819,1.5750000000000002,4.0,stack_experts_logit,rolling,0.18,120,0,0,0.0,0.0,0,0
0.18,241,0.9531073446327685,250.0,0.0,0.45643153526970953,0.3379032258064516,1.3507759039008111,0.5866267053101899,47.45942293468424,1.3507759039008111,1.3507759039008111,1.0,1.0,0.8305084745762712,1.0282485875706215,1.1381118881118881,0.8389830508474576,1.3507759039008111,0.9531073446327685,0.9531073446327685,0.5568181818181819,1.3681818181818182,4.0,stack_experts_logit,rolling,0.18,250,0,0,0.0,0.0,0,0
0.18,150,0.5932203389830508,40.0,3.0,0.42,0.3379032258064516,1.2429594272076372,0.5866267053101899,35.722354051492175,1.2429594272076372,1.2429594272076372,1.0,1.0,0.5536723163841808,0.632768361581921,0.8358208955223881,0.6689655172413793,1.2429594272076372,0.5932203389830508,0.5932203389830508,0.251685393258427,0.9068181818181819,4.0,stack_experts_logit,rolling,0.18,40,3,0,0.0,0.0,0,0
0.18,142,0.5615819209039548,60.0,3.0,0.4295774647887324,0.3379032258064516,1.2713032370835995,0.5866267053101899,29.068254493569576,1.2713032370835995,1.2713032370835995,1.0,1.0,0.5141242937853108,0.612994350282486,1.0967385295743506,0.708029197080292,1.2713032370835995,0.5615819209039548,0.5615819209039548,0.251685393258427,0.8272727272727273,4.0,stack_experts_logit,rolling,0.18,60,3,0,0.0,0.0,0,0
0.18,144,0.5694915254237288,120.0,3.0,0.4166666666666667,0.3379032258064516,1.2330946698488465,0.5866267053101899,37.930608407231645,1.2330946698488465,1.2330946698488465,1.0,1.0,0.5536723163841808,0.612994350282486,1.0909090909090908,0.6690647482014388,1.2330946698488465,0.5694915254237288,0.5694915254237288,0.38181818181818183,0.8431818181818181,4.0,stack_experts_logit,rolling,0.18,120,3,0,0.0,0.0,0,0
0.2,298,1.1785310734463277,20.0,0.0,0.412751677852349,0.3379032258064516,1.2215085454341594,0.5866267053101899,33.9077445453501,1.2215085454341594,1.2215085454341594,1.0,1.0,1.0677966101694916,1.2853107344632768,1.0113067655236332,0.7918088737201365,1.2215085454341594,1.1785310734463277,1.1785310734463277,0.6292134831460674,1.6227272727272726,4.0,stack_experts_logit,rolling,0.2,20,0,0,0.0,0.0,0,0
0.2,286,1.1310734463276837,40.0,0.0,0.42657342657342656,0.3379032258064516,1.2624130046564415,0.5866267053101899,34.12236616776311,1.2624130046564415,1.2624130046564415,1.0,1.0,1.0875706214689267,1.2457627118644068,1.138267355134825,0.8754448398576512,1.2624130046564415,1.1310734463276837,1.1310734463276837,0.4719101123595506,1.6704545454545454,4.0,stack_experts_logit,rolling,0.2,40,0,0,0.0,0.0,0,0
0.2,275,1.0875706214689267,60.0,0.0,0.44,0.3379032258064516,1.3021479713603819,0.5866267053101899,37.720207476614604,1.3021479713603819,1.3021479713603819,1.0,1.0,0.9887005649717514,1.1666666666666667,1.0877192982456139,0.8925925925925926,1.3021479713603819,1.0875706214689267,1.0875706214689267,0.503370786516854,1.6227272727272726,4.0,stack_experts_logit,rolling,0.2,60,0,0,0.0,0.0,0,0
0.2,263,1.0401129943502825,120.0,0.0,0.46387832699619774,0.3379032258064516,1.3728141419457882,0.5866267053101899,49.41287774524948,1.3728141419457882,1.3728141419457882,1.0,1.0,0.9689265536723164,1.0875706214689267,1.2003367003367003,0.8565891472868217,1.3728141419457882,1.0401129943502825,1.0401129943502825,0.6045454545454545,1.6545454545454545,4.0,stack_experts_logit,rolling,0.2,120,0,0,0.0,0.0,0,0
0.2,257,1.0163841807909604,250.0,0.0,0.44357976653696496,0.3379032258064516,1.3127420298468653,0.5866267053101899,46.86430843946396,1.3127420298468653,1.3127420298468653,1.0,1.0,0.8700564971751413,1.0677966101694916,1.148148148148148,0.8531746031746031,1.3127420298468653,1.0163841807909604,1.0163841807909604,0.6045454545454545,1.4318181818181819,4.0,stack_experts_logit,rolling,0.2,250,0,0,0.0,0.0,0,0
0.2,156,0.6169491525423729,40.0,3.0,0.41025641025641024,0.3379032258064516,1.2141239826204027,0.5866267053101899,32.266251231574714,1.2141239826204027,1.2141239826204027,1.0,1.0,0.5734463276836158,0.652542372881356,0.9253731343283582,0.6688741721854304,1.2141239826204027,0.6169491525423729,0.6169491525423729,0.28314606741573034,0.9227272727272727,4.0,stack_experts_logit,rolling,0.2,40,3,0,0.0,0.0,0,0
0.2,152,0.6011299435028249,60.0,3.0,0.42105263157894735,0.3379032258064516,1.2460746137419922,0.5866267053101899,32.24957401598249,1.2460746137419922,1.2460746137419922,1.0,1.0,0.5536723163841808,0.652542372881356,1.1101928374655647,0.7414965986394558,1.2460746137419922,0.6011299435028249,0.6011299435028249,0.298876404494382,0.8909090909090909,4.0,stack_experts_logit,rolling,0.2,60,3,0,0.0,0.0,0,0
0.2,153,0.6050847457627119,120.0,3.0,0.4117647058823529,0.3379032258064516,1.2185876737329777,0.5866267053101899,38.128733421634536,1.2185876737329777,1.2185876737329777,1.0,1.0,0.5536723163841808,0.652542372881356,1.11044776119403,0.7027027027027027,1.2185876737329777,0.6050847457627119,0.6050847457627119,0.38181818181818183,0.875,4.0,stack_experts_logit,rolling,0.2,120,3,0,0.0,0.0,0,0
0.22,317,1.2536723163841808,20.0,0.0,0.416403785488959,0.3379032258064516,1.2323166921391628,0.5866267053101899,35.652549819438754,1.2323166921391628,1.2323166921391628,1.0,1.0,1.1468926553672316,1.384180790960452,0.9817555938037866,0.8076923076923077,1.2323166921391628,1.2536723163841808,1.2536723163841808,0.6921348314606742,1.75,4.0,stack_experts_logit,rolling,0.22,20,0,0,0.0,0.0,0,0
0.22,302,1.1943502824858758,40.0,0.0,0.4205298013245033,0.3379032258064516,1.2445273356620146,0.5866267053101899,32.565000022098125,1.2445273356620146,1.2445273356620146,1.0,1.0,1.1073446327683616,1.3248587570621468,1.1149073907570581,0.8821548821548821,1.2445273356620146,1.1943502824858758,1.1943502824858758,0.4876404494382023,1.8613636363636363,4.0,stack_experts_logit,rolling,0.22,40,0,0,0.0,0.0,0,0
0.22,296,1.1706214689265537,60.0,0.0,0.43243243243243246,0.3379032258064516,1.2797523060052893,0.5866267053101899,35.3826788284398,1.2797523060052893,1.2797523060052893,1.0,1.0,1.0677966101694916,1.2853107344632768,1.0986132511556241,0.8969072164948454,1.2797523060052893,1.1706214689265537,1.1706214689265537,0.5348314606741573,1.75,4.0,stack_experts_logit,rolling,0.22,60,0,0,0.0,0.0,0,0
0.22,285,1.1271186440677967,120.0,0.0,0.44912280701754387,0.3379032258064516,1.3291462546581252,0.5866267053101899,48.144955934433966,1.3291462546581252,1.3291462546581252,1.0,1.0,1.0677966101694916,1.1864406779661016,1.2147335423197492,0.8571428571428571,1.3291462546581252,1.1271186440677967,1.1271186440677967,0.6363636363636364,1.8295454545454546,4.0,stack_experts_logit,rolling,0.22,120,0,0,0.0,0.0,0,0
0.22,275,1.0875706214689267,250.0,0.0,0.44727272727272727,0.3379032258064516,1.3236710783250163,0.5866267053101899,49.99894114304902,1.3236710783250163,1.3236710783250163,1.0,1.0,0.9293785310734464,1.2062146892655368,1.1494252873563218,0.8518518518518519,1.3236710783250163,1.0875706214689267,1.0875706214689267,0.6363636363636364,1.4795454545454547,4.0,stack_experts_logit,rolling,0.22,250,0,0,0.0,0.0,0,0
0.22,163,0.644632768361582,40.0,3.0,0.3987730061349693,0.3379032258064516,1.1801396840271168,0.5866267053101899,30.0576942955801,1.1801396840271168,1.1801396840271168,1.0,1.0,0.5734463276836158,0.711864406779661,0.9959839357429718,0.7025316455696202,1.1801396840271168,0.644632768361582,0.644632768361582,0.298876404494382,1.0022727272727272,4.0,stack_experts_logit,rolling,0.22,40,3,0,0.0,0.0,0,0
0.22,160,0.632768361581921,60.0,3.0,0.425,0.3379032258064516,1.2577565632458234,0.5866267053101899,34.22382759780642,1.2577565632458234,1.2577565632458234,1.0,1.0,0.5536723163841808,0.711864406779661,1.074626865671642,0.7548387096774194,1.2577565632458234,0.632768361581921,0.632768361581921,0.33033707865168543,0.9227272727272727,4.0,stack_experts_logit,rolling,0.22,60,3,0,0.0,0.0,0,0
0.22,161,0.6367231638418079,120.0,3.0,0.39751552795031053,0.3379032258064516,1.1764182688744274,0.5866267053101899,40.22240807967546,1.1764182688744274,1.1764182688744274,1.0,1.0,0.612994350282486,0.672316384180791,1.0,0.7051282051282052,1.1764182688744274,0.6367231638418079,0.6367231638418079,0.39772727272727276,0.9227272727272727,4.0,stack_experts_logit,rolling,0.22,120,3,0,0.0,0.0,0,0
0.25,336,1.328813559322034,20.0,0.0,0.41369047619047616,0.3379032258064516,1.2242868507784974,0.5866267053101899,38.478724688734765,1.2242868507784974,1.2242868507784974,1.0,1.0,1.2457627118644068,1.423728813559322,1.0100118784999152,0.8066465256797583,1.2242868507784974,1.328813559322034,1.328813559322034,0.7707865168539327,1.8454545454545455,4.0,stack_experts_logit,rolling,0.25,20,0,0,0.0,0.0,0,0
0.25,332,1.3129943502824861,40.0,0.0,0.41566265060240964,0.3379032258064516,1.2301233573913795,0.5866267053101899,32.343374357583805,1.2301233573913795,1.2301233573913795,1.0,1.0,1.225988700564972,1.4039548022598871,1.052095706770745,0.8715596330275229,1.2301233573913795,1.3129943502824861,1.3129943502824861,0.5662921348314607,1.956818181818182,4.0,stack_experts_logit,rolling,0.25,40,0,0,0.0,0.0,0,0
0.25,334,1.3209039548022599,60.0,0.0,0.40718562874251496,0.3379032258064516,1.2050362282594715,0.5866267053101899,33.50566707447887,1.2050362282594715,1.2050362282594715,1.0,1.0,1.225988700564972,1.423728813559322,1.0936227951153323,0.9027355623100304,1.2050362282594715,1.3209039548022599,1.3209039548022599,0.6606741573033709,1.956818181818182,4.0,stack_experts_logit,rolling,0.25,60,0,0,0.0,0.0,0,0
0.25,315,1.2457627118644068,120.0,0.0,0.44126984126984126,0.3379032258064516,1.3059059741637307,0.5866267053101899,46.420944714654254,1.3059059741637307,1.3059059741637307,1.0,1.0,1.1666666666666667,1.344632768361582,1.2018716577540105,0.8774193548387097,1.3059059741637307,1.2457627118644068,1.2457627118644068,0.7477272727272728,1.925,4.0,stack_experts_logit,rolling,0.25,120,0,0,0.0,0.0,0,0
0.25,310,1.225988700564972,250.0,0.0,0.45161290322580644,0.3379032258064516,1.3365155131264916,0.5866267053101899,49.54620539817594,1.3365155131264916,1.3365155131264916,1.0,1.0,1.0084745762711864,1.344632768361582,1.1542288557213929,0.8688524590163934,1.3365155131264916,1.225988700564972,1.225988700564972,0.7477272727272728,1.638636363636364,4.0,stack_experts_logit,rolling,0.25,250,0,0,0.0,0.0,0,0
0.25,181,0.7158192090395481,40.0,3.0,0.39226519337016574,0.3379032258064516,1.1608802858687484,0.5866267053101899,32.737516895597004,1.1608802858687484,1.1608802858687484,1.0,1.0,0.652542372881356,0.8107344632768362,0.8883099967437318,0.7045454545454546,1.1608802858687484,0.7158192090395481,0.7158192090395481,0.3775280898876405,1.0181818181818183,4.0,stack_experts_logit,rolling,0.25,40,3,0,0.0,0.0,0,0
0.25,180,0.711864406779661,60.0,3.0,0.37777777777777777,0.3379032258064516,1.1180058339962875,0.5866267053101899,31.098547055972347,1.1180058339962875,1.1180058339962875,1.0,1.0,0.652542372881356,0.7514124293785311,0.9253731343283582,0.7828571428571428,1.1180058339962875,0.711864406779661,0.711864406779661,0.42471910112359557,0.9863636363636364,4.0,stack_experts_logit,rolling,0.25,60,3,0,0.0,0.0,0,0
0.25,176,0.6960451977401131,120.0,3.0,0.39204545454545453,0.3379032258064516,1.1602299848123236,0.5866267053101899,39.8534749542481,1.1602299848123236,1.1602299848123236,1.0,1.0,0.652542372881356,0.7711864406779662,1.083916083916084,0.7368421052631579,1.1602299848123236,0.6960451977401131,0.6960451977401131,0.44545454545454544,0.9545454545454546,4.0,stack_experts_logit,rolling,0.25,120,3,0,0.0,0.0,0,0
0.3,393,1.5542372881355933,20.0,0.0,0.3944020356234097,0.3379032258064516,1.1672041149714274,0.5866267053101899,30.627908874931755,1.1672041149714274,1.1672041149714274,1.0,1.0,1.423728813559322,1.7005649717514124,0.9959839357429718,0.8195876288659794,1.1672041149714274,1.5542372881355933,1.5542372881355933,0.9438202247191012,2.147727272727273,4.0,stack_experts_logit,rolling,0.3,20,0,0,0.0,0.0,0,0
0.3,377,1.4909604519774013,40.0,0.0,0.3952254641909814,0.3379032258064516,1.1696409918778448,0.5866267053101899,29.438330028741838,1.1696409918778448,1.1696409918778448,1.0,1.0,1.4039548022598871,1.5621468926553672,1.080168776371308,0.8709677419354839,1.1696409918778448,1.4909604519774013,1.4909604519774013,0.6921348314606742,2.131818181818182,4.0,stack_experts_logit,rolling,0.3,40,0,0,0.0,0.0,0,0
0.3,377,1.4909604519774013,60.0,0.0,0.38726790450928383,0.3379032258064516,1.1460911732494319,0.5866267053101899,30.573532731239634,1.1460911732494319,1.1460911732494319,1.0,1.0,1.344632768361582,1.6214689265536724,1.0282555282555281,0.9005376344086021,1.1460911732494319,1.4909604519774013,1.4909604519774013,0.8494382022471911,2.1636363636363636,4.0,stack_experts_logit,rolling,0.3,60,0,0,0.0,0.0,0,0
0.3,379,1.498870056497175,120.0,0.0,0.40897097625329815,0.3379032258064516,1.2103198342579706,0.5866267053101899,40.26999029696181,1.2103198342579706,1.2103198342579706,1.0,1.0,1.3248587570621468,1.7203389830508475,1.011494252873563,0.9037433155080213,1.2103198342579706,1.498870056497175,1.498870056497175,1.0340909090909092,2.147727272727273,4.0,stack_experts_logit,rolling,0.3,120,0,0,0.0,0.0,0,0
0.3,371,1.4672316384180792,250.0,0.0,0.431266846361186,0.3379032258064516,1.2763028388731996,0.5866267053101899,45.50725092734233,1.2763028388731996,1.2763028388731996,1.0,1.0,1.225988700564972,1.6807909604519775,1.0666666666666667,0.9016393442622951,1.2763028388731996,1.4672316384180792,1.4672316384180792,1.0340909090909092,1.9090909090909092,4.0,stack_experts_logit,rolling,0.3,250,0,0,0.0,0.0,0,0
0.3,207,0.8186440677966101,40.0,3.0,0.3719806763285024,0.3379032258064516,1.1008497342418688,0.5866267053101899,28.34891936158597,1.1008497342418688,1.1008497342418688,1.0,1.0,0.731638418079096,0.8700564971751413,0.946893439777855,0.7227722772277227,1.1008497342418688,0.8186440677966101,0.8186440677966101,0.4876404494382023,1.065909090909091,4.0,stack_experts_logit,rolling,0.3,40,3,0,0.0,0.0,0,0
0.3,205,0.8107344632768362,60.0,3.0,0.34146341463414637,0.3379032258064516,1.010536119681006,0.5866267053101899,25.2639149191292,1.010536119681006,1.010536119681006,1.0,1.0,0.7711864406779662,0.8305084745762712,0.9028030578813251,0.8,1.010536119681006,0.8107344632768362,0.8107344632768362,0.5820224719101125,1.05,4.0,stack_experts_logit,rolling,0.3,60,3,0,0.0,0.0,0,0
0.3,206,0.8146892655367233,120.0,3.0,0.3592233009708738,0.3379032258064516,1.0630952105104619,0.5866267053101899,35.27401695922886,1.0630952105104619,1.0630952105104619,1.0,1.0,0.7514124293785311,0.8898305084745763,0.8888888888888888,0.7910447761194029,1.0630952105104619,0.8146892655367233,0.8146892655367233,0.6204545454545455,1.0340909090909092,4.0,stack_experts_logit,rolling,0.3,120,3,0,0.0,0.0,0,0
0.35,455,1.7994350282485876,20.0,0.0,0.3868131868131868,0.3379032258064516,1.1447454693278083,0.5866267053101899,27.167679122515768,1.1447454693278083,1.1447454693278083,1.0,1.0,1.7598870056497176,1.8785310734463279,0.9959839357429718,0.8466666666666667,1.1447454693278083,1.7994350282485876,1.7994350282485876,1.1325842696629214,2.3545454545454545,4.0,stack_experts_logit,rolling,0.35,20,0,0,0.0,0.0,0,0
0.35,426,1.6847457627118645,40.0,0.0,0.38028169014084506,0.3379032258064516,1.125415980369088,0.5866267053101899,27.4277096030923,1.125415980369088,1.125415980369088,1.0,1.0,1.6016949152542375,1.7598870056497176,1.0303282093892814,0.8788598574821853,1.125415980369088,1.6847457627118645,1.6847457627118645,0.8179775280898877,2.4022727272727273,4.0,stack_experts_logit,rolling,0.35,40,0,0,0.0,0.0,0,0
0.35,419,1.6570621468926554,60.0,0.0,0.3818615751789976,0.3379032258064516,1.1300915351359357,0.5866267053101899,30.732436789630423,1.1300915351359357,1.1300915351359357,1.0,1.0,1.4830508474576272,1.7796610169491527,1.037037037037037,0.9057971014492754,1.1300915351359357,1.6570621468926554,1.6570621468926554,1.0224719101123596,2.3386363636363634,4.0,stack_experts_logit,rolling,0.35,60,0,0,0.0,0.0,0,0
0.35,434,1.7163841807909606,120.0,0.0,0.4078341013824885,0.3379032258064516,1.2069553358336176,0.5866267053101899,37.47041501775143,1.2069553358336176,1.2069553358336176,1.0,1.0,1.463276836158192,1.9774011299435028,1.0133333333333334,0.9137529137529138,1.2069553358336176,1.7163841807909606,1.7163841807909606,1.3045454545454545,2.3704545454545456,4.0,stack_experts_logit,rolling,0.35,120,0,0,0.0,0.0,0,0
0.35,433,1.7124293785310734,250.0,0.0,0.42032332563510394,0.3379032258064516,1.2439162858890904,0.5866267053101899,41.704557161923745,1.2439162858890904,1.2439162858890904,1.0,1.0,1.384180790960452,2.016949152542373,1.0196078431372548,0.9065420560747663,1.2439162858890904,1.7124293785310734,1.7124293785310734,1.3045454545454545,2.115909090909091,4.0,stack_experts_logit,rolling,0.35,250,0,0,0.0,0.0,0,0
0.35,232,0.9175141242937853,40.0,3.0,0.3577586206896552,0.3379032258064516,1.0587605958357338,0.5866267053101899,29.059869620955013,1.0587605958357338,1.0587605958357338,1.0,1.0,0.8700564971751413,0.9689265536723164,0.882803943044907,0.762114537444934,1.0587605958357338,0.9175141242937853,0.9175141242937853,0.5662921348314607,1.1613636363636364,4.0,stack_experts_logit,rolling,0.35,40,3,0,0.0,0.0,0,0
0.35,222,0.8779661016949153,60.0,3.0,0.34234234234234234,0.3379032258064516,1.0131372422541873,0.5866267053101899,30.964753278399314,1.0131372422541873,1.0131372422541873,1.0,1.0,0.8502824858757062,0.9293785310734464,0.9078014184397163,0.8110599078341014,1.0131372422541873,0.8779661016949153,0.8779661016949153,0.6606741573033709,1.0977272727272729,4.0,stack_experts_logit,rolling,0.35,60,3,0,0.0,0.0,0,0
0.35,230,0.9096045197740114,120.0,3.0,0.3782608695652174,0.3379032258064516,1.1194355089758223,0.5866267053101899,38.981861543034675,1.1194355089758223,1.1194355089758223,1.0,1.0,0.8305084745762712,1.0084745762711864,0.9934640522875817,0.8177777777777778,1.1194355089758223,0.9096045197740114,0.9096045197740114,0.7159090909090909,1.1295454545454544,4.0,stack_experts_logit,rolling,0.35,120,3,0,0.0,0.0,0,0
,255,1.0084745762711864,,,0.32941176470588235,0.3379032258064516,0.9748701389863822,0.5866267053101899,24.37622218867513,0.9748701389863822,,,,1.0084745762711864,1.0084745762711864,0.8288770053475936,0.68,0.9748701389863822,1.0084745762711864,1.0084745762711864,1.0224719101123596,1.05,,stack_experts_logit,weekly,0.0,0,0,10,0.75,0.0,3,1
,394,1.5581920903954802,,,0.3629441624365482,0.3379032258064516,1.0741068291678277,0.5866267053101899,35.03866270954316,1.0741068291678277,,,,1.5423728813559323,1.5819209039548023,1.0116550116550116,0.8791773778920309,1.0741068291678277,1.5581920903954802,1.5581920903954802,1.4629213483146069,1.7659090909090909,,stack_experts_logit,weekly,0.0,0,0,10,0.75,0.0,3,2
,255,1.0084745762711864,,,0.35294117647058826,0.3379032258064516,1.0445037203425525,0.5866267053101899,34.14109193748671,1.0445037203425525,,,,1.0084745762711864,1.0084745762711864,0.8841354723707664,0.672,1.0445037203425525,1.0084745762711864,1.0084745762711864,1.0224719101123596,1.05,,stack_experts_logit,weekly,0.0,0,0,10,0.75,0.0,4,1
,382,1.5107344632768362,,,0.39267015706806285,0.3379032258064516,1.1620787464544104,0.5866267053101899,37.445619688341594,1.1620787464544104,,,,1.4830508474576272,1.5225988700564972,1.0613931523022433,0.8488063660477454,1.1620787464544104,1.5107344632768362,1.5107344632768362,1.3842696629213485,1.7659090909090909,,stack_experts_logit,weekly,0.0,0,0,10,0.75,0.0,4,2
,245,0.9689265536723164,,,0.33877551020408164,0.3379032258064516,1.0025814621791438,0.5866267053101899,25.298786069765338,1.0025814621791438,,,,0.9491525423728814,0.9887005649717514,0.821969696969697,0.6083333333333333,1.0025814621791438,0.9689265536723164,0.9689265536723164,0.9275,1.0224719101123596,,stack_experts_logit,weekly,0.0,0,0,10,0.75,0.3,3,1
,372,1.4711864406779662,,,0.3790322580645161,0.3379032258064516,1.1217183770883055,0.5866267053101899,38.07382584967377,1.1217183770883055,,,,1.4039548022598871,1.5028248587570623,1.0382775119617225,0.8256130790190735,1.1217183770883055,1.4711864406779662,1.4711864406779662,1.3825,1.7340909090909091,,stack_experts_logit,weekly,0.0,0,0,10,0.75,0.3,3,2
,242,0.9570621468926553,,,0.36363636363636365,0.3379032258064516,1.0761553482317205,0.5866267053101899,35.629073714558324,1.0761553482317205,,,,0.9293785310734464,0.9887005649717514,1.0193423597678917,0.6075949367088608,1.0761553482317205,0.9570621468926553,0.9570621468926553,0.8925,1.0181818181818183,,stack_experts_logit,weekly,0.0,0,0,10,0.75,0.3,4,1
,356,1.407909604519774,,,0.40168539325842695,0.3379032258064516,1.1887586817194498,0.5866267053101899,40.23750905625147,1.1887586817194498,,,,1.364406779661017,1.423728813559322,1.1111111111111112,0.8034188034188035,1.1887586817194498,1.407909604519774,1.407909604519774,1.3475,1.7022727272727272,,stack_experts_logit,weekly,0.0,0,0,10,0.75,0.3,4,2
,237,0.9372881355932203,,,0.3881856540084388,0.3379032258064516,1.1488071860870266,0.5866267053101899,34.62022879605816,1.1488071860870266,,,,0.9096045197740114,0.9491525423728814,0.9981060606060607,0.5431034482758621,1.1488071860870266,0.9372881355932203,0.9372881355932203,0.8575,1.006741573033708,,stack_experts_logit,weekly,0.0,0,0,10,0.75,0.5,3,1
,356,1.407909604519774,,,0.4157303370786517,0.3379032258064516,1.2303236705907592,0.5866267053101899,44.7802326455634,1.2303236705907592,,,,1.364406779661017,1.4435028248587571,1.158156911581569,0.7834757834757835,1.2303236705907592,1.407909604519774,1.407909604519774,1.3125,1.6863636363636363,,stack_experts_logit,weekly,0.0,0,0,10,0.75,0.5,3,2
,234,0.9254237288135593,,,0.3717948717948718,0.3379032258064516,1.10029985924974,0.5866267053101899,38.475032772645214,1.10029985924974,,,,0.9096045197740114,0.9491525423728814,1.041501976284585,0.5938864628820961,1.10029985924974,0.9254237288135593,0.9254237288135593,0.84,0.9910112359550562,,stack_experts_logit,weekly,0.0,0,0,10,0.75,0.5,4,1
,344,1.3604519774011299,,,0.40406976744186046,0.3379032258064516,1.1958150635510907,0.5866267053101899,40.69413830271369,1.1958150635510907,,,,1.305084745762712,1.4039548022598871,1.1675324675324676,0.7876106194690266,1.1958150635510907,1.3604519774011299,1.3604519774011299,1.295,1.638636363636364,,stack_experts_logit,weekly,0.0,0,0,10,0.75,0.5,4,2
,194,0.7672316384180791,,,0.4020618556701031,0.3379032258064516,1.1898727948232168,0.5866267053101899,51.31041457895668,1.1898727948232168,,,,0.731638418079096,0.7909604519774012,1.0116550116550116,0.48677248677248675,1.1898727948232168,0.7672316384180791,0.7672316384180791,0.735,0.8431818181818181,,stack_experts_logit,weekly,0.0,0,0,10,0.75,0.65,3,1
,297,1.1745762711864407,,,0.42424242424242425,0.3379032258064516,1.2555145729370074,0.5866267053101899,46.92291567552683,1.2555145729370074,,,,1.1073446327683616,1.225988700564972,1.1087928464977646,0.7363013698630136,1.2555145729370074,1.1745762711864407,1.1745762711864407,0.9910112359550562,1.4954545454545456,,stack_experts_logit,weekly,0.0,0,0,10,0.75,0.65,3,2
,193,0.7632768361581922,,,0.39378238341968913,0.3379032258064516,1.1653702993804642,0.5866267053101899,54.64211169544099,1.1653702993804642,,,,0.731638418079096,0.7909604519774012,1.0382775119617225,0.5053191489361702,1.1653702993804642,0.7632768361581922,0.7632768361581922,0.735,0.8431818181818181,,stack_experts_logit,weekly,0.0,0,0,10,0.75,0.65,4,1
,295,1.1666666666666667,,,0.41694915254237286,0.3379032258064516,1.2339306662351845,0.5866267053101899,47.71741375096101,1.2339306662351845,,,,1.1073446327683616,1.225988700564972,1.1272727272727272,0.7448275862068966,1.2339306662351845,1.1666666666666667,1.1666666666666667,0.9595505617977528,1.4954545454545456,,stack_experts_logit,weekly,0.0,0,0,10,0.75,0.65,4,2
,255,1.0084745762711864,,,0.33725490196078434,0.3379032258064516,0.9980813327717722,0.5866267053101899,24.5765822524891,0.9980813327717722,,,,1.0084745762711864,1.0084745762711864,0.8841354723707664,0.676,0.9980813327717722,1.0084745762711864,1.0084745762711864,1.0224719101123596,1.05,,stack_experts_logit,weekly,0.0,0,0,10,0.8,0.0,3,1
,394,1.5581920903954802,,,0.37055837563451777,0.3379032258064516,1.0966405388706493,0.5866267053101899,35.16716541812273,1.0966405388706493,,,,1.5423728813559323,1.5819209039548023,1.0590208937013879,0.8791773778920309,1.0966405388706493,1.5581920903954802,1.5581920903954802,1.4629213483146069,1.7659090909090909,,stack_experts_logit,weekly,0.0,0,0,10,0.8,0.0,3,2
,255,1.0084745762711864,,,0.3607843137254902,0.3379032258064516,1.0677149141279423,0.5866267053101899,34.34145200130068,1.0677149141279423,,,,1.0084745762711864,1.0084745762711864,0.9393939393939393,0.668,1.0677149141279423,1.0084745762711864,1.0084745762711864,1.0224719101123596,1.05,,stack_experts_logit,weekly,0.0,0,0,10,0.8,0.0,4,1
,382,1.5107344632768362,,,0.39790575916230364,0.3379032258064516,1.177573129740469,0.5866267053101899,37.503176372102956,1.177573129740469,,,,1.4830508474576272,1.5225988700564972,1.0979929161747344,0.8488063660477454,1.177573129740469,1.5107344632768362,1.5107344632768362,1.3842696629213485,1.7659090909090909,,stack_experts_logit,weekly,0.0,0,0,10,0.8,0.0,4,2
,245,0.9689265536723164,,,0.3469387755102041,0.3379032258064516,1.0267400516292435,0.5866267053101899,25.50732409536763,1.0267400516292435,,,,0.9491525423728814,0.9887005649717514,0.8806818181818181,0.6041666666666666,1.0267400516292435,0.9689265536723164,0.9689265536723164,0.9275,1.0224719101123596,,stack_experts_logit,weekly,0.0,0,0,10,0.8,0.3,3,1
,372,1.4711864406779662,,,0.3844086021505376,0.3379032258064516,1.1376292760540971,0.5866267053101899,38.13292975611689,1.1376292760540971,,,,1.4039548022598871,1.5028248587570623,1.0666666666666667,0.8256130790190735,1.1376292760540971,1.4711864406779662,1.4711864406779662,1.3825,1.7340909090909091,,stack_experts_logit,weekly,0.0,0,0,10,0.8,0.3,3,2
,242,0.9570621468926553,,,0.371900826446281,0.3379032258064516,1.100613424327896,0.5866267053101899,35.84019692229619,1.100613424327896,,,,0.9293785310734464,0.9887005649717514,1.0666666666666667,0.6033755274261603,1.100613424327896,0.9570621468926553,0.9570621468926553,0.8925,1.0181818181818183,,stack_experts_logit,weekly,0.0,0,0,10,0.8,0.3,4,1
,356,1.407909604519774,,,0.40730337078651685,0.3379032258064516,1.2053846772679735,0.5866267053101899,40.299269318040345,1.2053846772679735,,,,1.364406779661017,1.423728813559322,1.1111111111111112,0.8034188034188035,1.2053846772679735,1.407909604519774,1.407909604519774,1.3475,1.7022727272727272,,stack_experts_logit,weekly,0.0,0,0,10,0.8,0.3,4,2
,237,0.9372881355932203,,,0.39662447257383965,0.3379032258064516,1.173781255349788,0.5866267053101899,34.83580607990863,1.173781255349788,,,,0.9096045197740114,0.9491525423728814,1.0568181818181817,0.5387931034482759,1.173781255349788,0.9372881355932203,0.9372881355932203,0.8575,1.006741573033708,,stack_experts_logit,weekly,0.0,0,0,10,0.8,0.5,3,1
,356,1.407909604519774,,,0.42134831460674155,0.3379032258064516,1.246949666139283,0.5866267053101899,44.84199290735228,1.246949666139283,,,,1.364406779661017,1.4435028248587571,1.1851851851851851,0.7834757834757835,1.246949666139283,1.407909604519774,1.407909604519774,1.3125,1.6863636363636363,,stack_experts_logit,weekly,0.0,0,0,10,0.8,0.5,3,2
,234,0.9254237288135593,,,0.3803418803418803,0.3379032258064516,1.1255941088876649,0.5866267053101899,38.6933738678271,1.1255941088876649,,,,0.9096045197740114,0.9491525423728814,1.046073977936405,0.5895196506550219,1.1255941088876649,0.9254237288135593,0.9254237288135593,0.84,0.9910112359550562,,stack_experts_logit,weekly,0.0,0,0,10,0.8,0.5,4,1
,344,1.3604519774011299,,,0.40988372093023256,0.3379032258064516,1.2130210356885165,0.5866267053101899,40.75805299223939,1.2130210356885165,,,,1.305084745762712,1.4039548022598871,1.1764705882352942,0.7876106194690266,1.2130210356885165,1.3604519774011299,1.3604519774011299,1.295,1.638636363636364,,stack_experts_logit,weekly,0.0,0,0,10,0.8,0.5,4,2
,194,0.7672316384180791,,,0.41237113402061853,0.3379032258064516,1.2203823536648377,0.5866267053101899,51.5737744566503,1.2203823536648377,,,,0.731638418079096,0.7909604519774012,1.083916083916084,0.48148148148148145,1.2203823536648377,0.7672316384180791,0.7672316384180791,0.735,0.8431818181818181,,stack_experts_logit,weekly,0.0,0,0,10,0.8,0.65,3,1
,297,1.1745762711864407,,,0.43097643097643096,0.3379032258064516,1.2754433756820391,0.5866267053101899,46.996944810869735,1.2754433756820391,,,,1.1073446327683616,1.225988700564972,1.1549925484351713,0.7363013698630136,1.2754433756820391,1.1745762711864407,1.1745762711864407,0.9910112359550562,1.4954545454545456,,stack_experts_logit,weekly,0.0,0,0,10,0.8,0.65,3,2
,193,0.7632768361581922,,,0.40414507772020725,0.3379032258064516,1.1960379388378448,0.5866267053101899,54.9068361320864,1.1960379388378448,,,,0.731638418079096,0.7909604519774012,1.1124401913875597,0.5,1.1960379388378448,0.7632768361581922,0.7632768361581922,0.735,0.8431818181818181,,stack_experts_logit,weekly,0.0,0,0,10,0.8,0.65,4,1
,295,1.1666666666666667,,,0.423728813559322,0.3379032258064516,1.2539945795073015,0.5866267053101899,47.79194477874691,1.2539945795073015,,,,1.1073446327683616,1.225988700564972,1.1742424242424243,0.7448275862068966,1.2539945795073015,1.1666666666666667,1.1666666666666667,0.9595505617977528,1.4954545454545456,,stack_experts_logit,weekly,0.0,0,0,10,0.8,0.65,4,2
,255,1.0084745762711864,,,0.2901960784313726,0.3379032258064516,0.858814170059432,0.5866267053101899,13.319867955043827,0.858814170059432,,,,1.0084745762711864,1.0084745762711864,0.8288770053475936,0.724,0.858814170059432,1.0084745762711864,1.0084745762711864,1.0224719101123596,1.05,,stack_experts_logit,weekly,0.0,0,0,10,0.85,0.0,3,1
,362,1.4316384180790962,,,0.3425414364640884,0.3379032258064516,1.0137264468149634,0.5866267053101899,26.172571893876494,1.0137264468149634,,,,1.384180790960452,1.4830508474576272,0.96,0.8627450980392157,1.0137264468149634,1.4316384180790962,1.4316384180790962,1.3842696629213485,1.6068181818181817,,stack_experts_logit,weekly,0.0,0,0,10,0.85,0.0,3,2
,253,1.0005649717514125,,,0.31620553359683795,0.3379032258064516,0.935787259331931,0.5866267053101899,20.426729613317438,0.935787259331931,,,,0.9887005649717514,1.0084745762711864,0.8454545454545453,0.7056451612903226,0.935787259331931,1.0005649717514125,1.0005649717514125,1.0022727272727272,1.05,,stack_experts_logit,weekly,0.0,0,0,10,0.85,0.0,4,1
,350,1.384180790960452,,,0.37142857142857144,0.3379032258064516,1.0992158199795432,0.5866267053101899,28.23323054768049,1.0992158199795432,,,,1.344632768361582,1.423728813559322,1.0467532467532468,0.8376811594202899,1.0992158199795432,1.384180790960452,1.384180790960452,1.3213483146067417,1.6068181818181817,,stack_experts_logit,weekly,0.0,0,0,10,0.85,0.0,4,2
,241,0.9531073446327685,,,0.2987551867219917,0.3379032258064516,0.8841442280078036,0.5866267053101899,15.501313596689242,0.8841442280078036,,,,0.9293785310734464,0.9689265536723164,0.7794970986460348,0.6228813559322034,0.8841442280078036,0.9531073446327685,0.9531073446327685,0.9275,1.0022727272727272,,stack_experts_logit,weekly,0.0,0,0,10,0.85,0.3,3,1
,338,1.3367231638418078,,,0.3520710059171598,0.3379032258064516,1.0419285139314514,0.5866267053101899,29.975039612692736,1.0419285139314514,,,,1.3248587570621468,1.384180790960452,0.9142857142857143,0.7867867867867868,1.0419285139314514,1.3367231638418078,1.3367231638418078,1.2886363636363636,1.5590909090909093,,stack_experts_logit,weekly,0.0,0,0,10,0.85,0.3,3,2
,233,0.9214689265536724,,,0.33047210300429186,0.3379032258064516,0.9780081329959951,0.5866267053101899,26.592179680736837,0.9780081329959951,,,,0.8700564971751413,0.9491525423728814,0.9078014184397163,0.6008771929824561,0.9780081329959951,0.9214689265536724,0.9214689265536724,0.8925,1.0022727272727272,,stack_experts_logit,weekly,0.0,0,0,10,0.85,0.3,4,1
,320,1.265536723163842,,,0.3875,0.3379032258064516,1.1467780429594272,0.5866267053101899,36.03469025264914,1.1467780429594272,,,,1.2457627118644068,1.2853107344632768,1.0256410256410258,0.7619047619047619,1.1467780429594272,1.265536723163842,1.265536723163842,1.1454545454545455,1.5590909090909093,,stack_experts_logit,weekly,0.0,0,0,10,0.85,0.3,4,2
,231,0.9135593220338984,,,0.35064935064935066,0.3379032258064516,1.0377212286520163,0.5866267053101899,24.803217197998684,1.0377212286520163,,,,0.8898305084745763,0.9293785310734464,1.002020202020202,0.5486725663716814,1.0377212286520163,0.9135593220338984,0.9135593220338984,0.8575,0.9863636363636364,,stack_experts_logit,weekly,0.0,0,0,10,0.85,0.5,3,1
,323,1.2774011299435029,,,0.39628482972136225,0.3379032258064516,1.172776107051287,0.5866267053101899,39.33601258056672,1.172776107051287,,,,1.2457627118644068,1.305084745762712,1.0505050505050504,0.7484276729559748,1.172776107051287,1.2774011299435029,1.2774011299435029,1.1931818181818181,1.5431818181818182,,stack_experts_logit,weekly,0.0,0,0,10,0.85,0.5,3,2
,225,0.8898305084745763,,,0.3377777777777778,0.3379032258064516,0.9996287456907983,0.5866267053101899,29.397036913306714,0.9996287456907983,,,,0.8502824858757062,0.9293785310734464,0.8851395197923427,0.5863636363636363,0.9996287456907983,0.8898305084745763,0.8898305084745763,0.84,0.9704545454545455,,stack_experts_logit,weekly,0.0,0,0,10,0.85,0.5,4,1
,310,1.225988700564972,,,0.3903225806451613,0.3379032258064516,1.1551312649164678,0.5866267053101899,36.99288090607895,1.1551312649164678,,,,1.225988700564972,1.225988700564972,1.075268817204301,0.7442622950819672,1.1551312649164678,1.225988700564972,1.225988700564972,1.1136363636363638,1.5113636363636365,,stack_experts_logit,weekly,0.0,0,0,10,0.85,0.5,4,2
,184,0.727683615819209,,,0.3641304347826087,0.3379032258064516,1.0776175158244268,0.5866267053101899,40.879054292441324,1.0776175158244268,,,,0.711864406779661,0.7711864406779662,0.9629629629629629,0.4748603351955307,1.0776175158244268,0.727683615819209,0.727683615819209,0.6921348314606742,0.8113636363636363,,stack_experts_logit,weekly,0.0,0,0,10,0.85,0.65,3,1
,265,1.0480225988700564,,,0.4075471698113208,0.3379032258064516,1.2061061827351738,0.5866267053101899,43.36641587046153,1.2061061827351738,,,,1.0282485875706215,1.0677966101694916,1.0769230769230769,0.6923076923076923,1.2061061827351738,1.0480225988700564,1.0480225988700564,0.8966292134831462,1.3522727272727273,,stack_experts_logit,weekly,0.0,0,0,10,0.85,0.65,3,2
,180,0.711864406779661,,,0.35555555555555557,0.3379032258064516,1.0522407849376825,0.5866267053101899,44.45922288033366,1.0522407849376825,,,,0.692090395480226,0.731638418079096,0.9629629629629629,0.4857142857142857,1.0522407849376825,0.711864406779661,0.711864406779661,0.6606741573033709,0.7954545454545455,,stack_experts_logit,weekly,0.0,0,0,10,0.85,0.65,4,1
,259,1.0242937853107343,,,0.4015444015444015,0.3379032258064516,1.1883414270049115,0.5866267053101899,44.25836044054421,1.1883414270049115,,,,1.0084745762711864,1.0282485875706215,1.0769230769230769,0.6929133858267716,1.1883414270049115,1.0242937853107343,1.0242937853107343,0.8494382022471911,1.3363636363636364,,stack_experts_logit,weekly,0.0,0,0,10,0.85,0.65,4,2
,255,1.0084745762711864,,,0.2901960784313726,0.3379032258064516,0.858814170059432,0.5866267053101899,13.319867955043827,0.858814170059432,,,,1.0084745762711864,1.0084745762711864,0.8288770053475936,0.724,0.858814170059432,1.0084745762711864,1.0084745762711864,1.0224719101123596,1.05,,stack_experts_logit,weekly,0.0,0,0,10,0.9,0.0,3,1
,355,1.4039548022598871,,,0.3436619718309859,0.3379032258064516,1.0170425896668795,0.5866267053101899,25.93908722121582,1.0170425896668795,,,,1.344632768361582,1.4435028248587571,0.9497716894977168,0.86,1.0170425896668795,1.4039548022598871,1.4039548022598871,1.3522727272727273,1.6068181818181817,,stack_experts_logit,weekly,0.0,0,0,10,0.9,0.0,3,2
,253,1.0005649717514125,,,0.31620553359683795,0.3379032258064516,0.935787259331931,0.5866267053101899,20.426729613317438,0.935787259331931,,,,0.9887005649717514,1.0084745762711864,0.8454545454545453,0.7056451612903226,0.935787259331931,1.0005649717514125,1.0005649717514125,1.0022727272727272,1.05,,stack_experts_logit,weekly,0.0,0,0,10,0.9,0.0,4,1
,344,1.3604519774011299,,,0.3691860465116279,0.3379032258064516,1.092579230726536,0.5866267053101899,28.063322994357815,1.092579230726536,,,,1.3248587570621468,1.384180790960452,1.0467532467532468,0.8348082595870207,1.092579230726536,1.3604519774011299,1.3604519774011299,1.3045454545454545,1.6068181818181817,,stack_experts_logit,weekly,0.0,0,0,10,0.9,0.0,4,2
,241,0.9531073446327685,,,0.2987551867219917,0.3379032258064516,0.8841442280078036,0.5866267053101899,15.501313596689242,0.8841442280078036,,,,0.9293785310734464,0.9689265536723164,0.7794970986460348,0.6228813559322034,0.8841442280078036,0.9531073446327685,0.9531073446327685,0.9275,1.0022727272727272,,stack_experts_logit,weekly,0.0,0,0,10,0.9,0.3,3,1
,333,1.3169491525423729,,,0.35735735735735735,0.3379032258064516,1.0575730862127044,0.5866267053101899,29.978432772712143,1.0575730862127044,,,,1.2853107344632768,1.364406779661017,0.927536231884058,0.7835365853658537,1.0575730862127044,1.3169491525423729,1.3169491525423729,1.2425,1.5590909090909093,,stack_experts_logit,weekly,0.0,0,0,10,0.9,0.3,3,2
,233,0.9214689265536724,,,0.33047210300429186,0.3379032258064516,0.9780081329959951,0.5866267053101899,26.592179680736837,0.9780081329959951,,,,0.8700564971751413,0.9491525423728814,0.9078014184397163,0.6008771929824561,0.9780081329959951,0.9214689265536724,0.9214689265536724,0.8925,1.0022727272727272,,stack_experts_logit,weekly,0.0,0,0,10,0.9,0.3,4,1
,317,1.2536723163841808,,,0.38801261829652994,0.3379032258064516,1.1482950994933105,0.5866267053101899,36.17956526909993,1.1482950994933105,,,,1.2457627118644068,1.265536723163842,1.0416666666666667,0.7564102564102564,1.1482950994933105,1.2536723163841808,1.2536723163841808,1.1454545454545455,1.5590909090909093,,stack_experts_logit,weekly,0.0,0,0,10,0.9,0.3,4,2
,231,0.9135593220338984,,,0.35064935064935066,0.3379032258064516,1.0377212286520163,0.5866267053101899,24.803217197998684,1.0377212286520163,,,,0.8898305084745763,0.9293785310734464,1.002020202020202,0.5486725663716814,1.0377212286520163,0.9135593220338984,0.9135593220338984,0.8575,0.9863636363636364,,stack_experts_logit,weekly,0.0,0,0,10,0.9,0.5,3,1
,318,1.257627118644068,,,0.39937106918238996,0.3379032258064516,1.181909608081536,0.5866267053101899,39.42173369794627,1.181909608081536,,,,1.2062146892655368,1.2853107344632768,1.0666666666666667,0.7412140575079872,1.181909608081536,1.257627118644068,1.257627118644068,1.1725,1.5431818181818182,,stack_experts_logit,weekly,0.0,0,0,10,0.9,0.5,3,2
,225,0.8898305084745763,,,0.3377777777777778,0.3379032258064516,0.9996287456907983,0.5866267053101899,29.397036913306714,0.9996287456907983,,,,0.8502824858757062,0.9293785310734464,0.8851395197923427,0.5863636363636363,0.9996287456907983,0.8898305084745763,0.8898305084745763,0.84,0.9704545454545455,,stack_experts_logit,weekly,0.0,0,0,10,0.9,0.5,4,1
,307,1.2141242937853107,,,0.39087947882736157,0.3379032258064516,1.156779364548755,0.5866267053101899,37.15183840502093,1.156779364548755,,,,1.2062146892655368,1.225988700564972,1.0922436995351115,0.7417218543046358,1.156779364548755,1.2141242937853107,1.2141242937853107,1.1136363636363638,1.5113636363636365,,stack_experts_logit,weekly,0.0,0,0,10,0.9,0.5,4,2
,184,0.727683615819209,,,0.3641304347826087,0.3379032258064516,1.0776175158244268,0.5866267053101899,40.879054292441324,1.0776175158244268,,,,0.711864406779661,0.7711864406779662,0.9629629629629629,0.4748603351955307,1.0776175158244268,0.727683615819209,0.727683615819209,0.6921348314606742,0.8113636363636363,,stack_experts_logit,weekly,0.0,0,0,10,0.9,0.65,3,1
,262,1.0361581920903955,,,0.4122137404580153,0.3379032258064516,1.2199165588733627,0.5866267053101899,43.97990674885464,1.2199165588733627,,,,1.0084745762711864,1.0677966101694916,1.0980392156862744,0.688715953307393,1.2199165588733627,1.0361581920903955,1.0361581920903955,0.8966292134831462,1.3522727272727273,,stack_experts_logit,weekly,0.0,0,0,10,0.9,0.65,3,2
,180,0.711864406779661,,,0.35555555555555557,0.3379032258064516,1.0522407849376825,0.5866267053101899,44.45922288033366,1.0522407849376825,,,,0.692090395480226,0.731638418079096,0.9629629629629629,0.4857142857142857,1.0522407849376825,0.711864406779661,0.711864406779661,0.6606741573033709,0.7954545454545455,,stack_experts_logit,weekly,0.0,0,0,10,0.9,0.65,4,1
,257,1.0163841807909604,,,0.4046692607003891,0.3379032258064516,1.1975892202111755,0.5866267053101899,44.9512594118688,1.1975892202111755,,,,1.0084745762711864,1.0282485875706215,1.0980392156862744,0.6904761904761905,1.1975892202111755,1.0163841807909604,1.0163841807909604,0.8494382022471911,1.3363636363636364,,stack_experts_logit,weekly,0.0,0,0,10,0.9,0.65,4,2
,255,1.0084745762711864,,,0.3254901960784314,0.3379032258064516,0.9632645420936872,0.5866267053101899,17.994057433591298,0.9632645420936872,,,,1.0084745762711864,1.0084745762711864,0.7736185383244207,0.716,0.9632645420936872,1.0084745762711864,1.0084745762711864,1.0224719101123596,1.05,,stack_experts_logit,weekly,0.0,0,0,20,0.75,0.0,3,1
,385,1.5225988700564972,,,0.35324675324675325,0.3379032258064516,1.0454080525679572,0.5866267053101899,27.69995757349687,1.0454080525679572,,,,1.4830508474576272,1.5819209039548023,0.9435637285986049,0.8868421052631579,1.0454080525679572,1.5225988700564972,1.5225988700564972,1.30561797752809,1.8454545454545455,,stack_experts_logit,weekly,0.0,0,0,20,0.75,0.0,3,2
,255,1.0084745762711864,,,0.3607843137254902,0.3379032258064516,1.0677149141279423,0.5866267053101899,23.63722347264734,1.0677149141279423,,,,1.0084745762711864,1.0084745762711864,0.8288770053475936,0.72,1.0677149141279423,1.0084745762711864,1.0084745762711864,1.0224719101123596,1.05,,stack_experts_logit,weekly,0.0,0,0,20,0.75,0.0,4,1
,381,1.5067796610169493,,,0.38320209973753283,0.3379032258064516,1.1340587199869707,0.5866267053101899,28.06839510326604,1.1340587199869707,,,,1.4830508474576272,1.5423728813559323,1.0145454545454544,0.8696808510638298,1.1340587199869707,1.5067796610169493,1.5067796610169493,1.2741573033707865,1.8454545454545455,,stack_experts_logit,weekly,0.0,0,0,20,0.75,0.0,4,2
,240,0.9491525423728814,,,0.3333333333333333,0.3379032258064516,0.9864757358790771,0.5866267053101899,20.808464944808772,0.9864757358790771,,,,0.9293785310734464,0.9689265536723164,0.821969696969697,0.5829787234042553,0.9864757358790771,0.9491525423728814,0.9491525423728814,0.875,1.0340909090909092,,stack_experts_logit,weekly,0.0,0,0,20,0.75,0.3,3,1
,360,1.423728813559322,,,0.36666666666666664,0.3379032258064516,1.0851233094669848,0.5866267053101899,29.177250086739868,1.0851233094669848,,,,1.4039548022598871,1.4435028248587571,0.9923175416133161,0.8,1.0851233094669848,1.423728813559322,1.423728813559322,1.2584269662921348,1.8454545454545455,,stack_experts_logit,weekly,0.0,0,0,20,0.75,0.3,3,2
,238,0.9412429378531074,,,0.36554621848739494,0.3379032258064516,1.0818074246405005,0.5866267053101899,30.640113166605055,1.0818074246405005,,,,0.9293785310734464,0.9689265536723164,0.9593810444874274,0.6094420600858369,1.0818074246405005,0.9412429378531074,0.9412429378531074,0.875,1.0340909090909092,,stack_experts_logit,weekly,0.0,0,0,20,0.75,0.3,4,1
,351,1.3881355932203392,,,0.38746438746438744,0.3379032258064516,1.1466726502526026,0.5866267053101899,34.39567301701294,1.1466726502526026,,,,1.344632768361582,1.423728813559322,1.0545712260807938,0.7976878612716763,1.1466726502526026,1.3881355932203392,1.3881355932203392,1.195505617977528,1.7977272727272728,,stack_experts_logit,weekly,0.0,0,0,20,0.75,0.3,4,2
,227,0.8977401129943503,,,0.3744493392070485,0.3379032258064516,1.1081555623311221,0.5866267053101899,32.900438398324006,1.1081555623311221,,,,0.8502824858757062,0.9293785310734464,0.857707509881423,0.5675675675675675,1.1081555623311221,0.8977401129943503,0.8977401129943503,0.8651685393258427,1.0181818181818183,,stack_experts_logit,weekly,0.0,0,0,20,0.75,0.5,3,1
,341,1.348587570621469,,,0.3870967741935484,0.3379032258064516,1.1455847255369929,0.5866267053101899,34.49571900810821,1.1455847255369929,,,,1.305084745762712,1.364406779661017,1.036096256684492,0.7827380952380952,1.1455847255369929,1.348587570621469,1.348587570621469,1.1168539325842697,1.7659090909090909,,stack_experts_logit,weekly,0.0,0,0,20,0.75,0.5,3,2
,224,0.8858757062146893,,,0.36607142857142855,0.3379032258064516,1.083361745652915,0.5866267053101899,34.45648789861926,1.083361745652915,,,,0.8305084745762712,0.9293785310734464,0.8767676767676768,0.5799086757990868,1.083361745652915,0.8858757062146893,0.8858757062146893,0.8179775280898877,1.0181818181818183,,stack_experts_logit,weekly,0.0,0,0,20,0.75,0.5,4,1
,335,1.3248587570621468,,,0.3850746268656716,0.3379032258064516,1.1396003277170235,0.5866267053101899,36.14911481428256,1.1396003277170235,,,,1.265536723163842,1.364406779661017,1.0257147994964935,0.7848484848484848,1.1396003277170235,1.3248587570621468,1.3248587570621468,1.053932584269663,1.7659090909090909,,stack_experts_logit,weekly,0.0,0,0,20,0.75,0.5,4,2
,176,0.6960451977401131,,,0.3977272727272727,0.3379032258064516,1.1770449121284443,0.5866267053101899,40.70222014231267,1.1770449121284443,,,,0.652542372881356,0.731638418079096,1.1101928374655647,0.47368421052631576,1.1770449121284443,0.6960451977401131,0.6960451977401131,0.45617977528089887,0.9068181818181819,,stack_experts_logit,weekly,0.0,0,0,20,0.75,0.65,3,1
,281,1.1112994350282488,,,0.40213523131672596,0.3379032258064516,1.1900899447082105,0.5866267053101899,36.271182579252894,1.1900899447082105,,,,1.0480225988700564,1.1468926553672316,1.0865279299014239,0.7391304347826086,1.1900899447082105,1.1112994350282488,1.1112994350282488,0.5820224719101125,1.6545454545454545,,stack_experts_logit,weekly,0.0,0,0,20,0.75,0.65,3,2
,175,0.692090395480226,,,0.4057142857142857,0.3379032258064516,1.2006818956699625,0.5866267053101899,43.27310324695744,1.2006818956699625,,,,0.652542372881356,0.731638418079096,1.1101928374655647,0.47058823529411764,1.2006818956699625,0.692090395480226,0.692090395480226,0.4404494382022472,0.9068181818181819,,stack_experts_logit,weekly,0.0,0,0,20,0.75,0.65,4,1
,279,1.1033898305084746,,,0.4050179211469534,0.3379032258064516,1.1986210554229648,0.5866267053101899,37.4680024930176,1.1986210554229648,,,,1.0480225988700564,1.1468926553672316,1.0865279299014239,0.7372262773722628,1.1986210554229648,1.1033898305084746,1.1033898305084746,0.5662921348314607,1.6545454545454545,,stack_experts_logit,weekly,0.0,0,0,20,0.75,0.65,4,2
,255,1.0084745762711864,,,0.3333333333333333,0.3379032258064516,0.9864757358790771,0.5866267053101899,16.794064747133554,0.9864757358790771,,,,1.0084745762711864,1.0084745762711864,0.8841354723707664,0.72,0.9864757358790771,1.0084745762711864,1.0084745762711864,1.0224719101123596,1.05,,stack_experts_logit,weekly,0.0,0,0,20,0.8,0.0,3,1
,374,1.4790960451977402,,,0.36363636363636365,0.3379032258064516,1.0761553482317205,0.5866267053101899,24.376316165896903,1.0761553482317205,,,,1.4435028248587571,1.5028248587570623,0.969065450993162,0.8861788617886179,1.0761553482317205,1.4790960451977402,1.4790960451977402,1.2584269662921348,1.7977272727272728,,stack_experts_logit,weekly,0.0,0,0,20,0.8,0.0,3,2
,255,1.0084745762711864,,,0.36470588235294116,0.3379032258064516,1.0793205110206374,0.5866267053101899,20.880183185831545,1.0793205110206374,,,,1.0084745762711864,1.0084745762711864,0.8841354723707664,0.72,1.0793205110206374,1.0084745762711864,1.0084745762711864,1.0224719101123596,1.05,,stack_experts_logit,weekly,0.0,0,0,20,0.8,0.0,4,1
,370,1.463276836158192,,,0.3891891891891892,0.3379032258064516,1.1517770754047605,0.5866267053101899,23.83015172530681,1.1517770754047605,,,,1.4435028248587571,1.4830508474576272,1.0423412204234122,0.8712328767123287,1.1517770754047605,1.463276836158192,1.463276836158192,1.2269662921348314,1.7977272727272728,,stack_experts_logit,weekly,0.0,0,0,20,0.8,0.0,4,2
,239,0.9451977401129943,,,0.34309623430962344,0.3379032258064516,1.0153683306537782,0.5866267053101899,19.87043597440129,1.0153683306537782,,,,0.9293785310734464,0.9491525423728814,0.8806818181818181,0.5726495726495726,1.0153683306537782,0.9451977401129943,0.9451977401129943,0.875,1.0340909090909092,,stack_experts_logit,weekly,0.0,0,0,20,0.8,0.3,3,1
,350,1.384180790960452,,,0.3742857142857143,0.3379032258064516,1.107671326287078,0.5866267053101899,25.57635600486989,1.107671326287078,,,,1.364406779661017,1.423728813559322,1.0392875851231012,0.7942028985507247,1.107671326287078,1.384180790960452,1.384180790960452,1.195505617977528,1.7977272727272728,,stack_experts_logit,weekly,0.0,0,0,20,0.8,0.3,3,2
,237,0.9372881355932203,,,0.37130801687763715,0.3379032258064516,1.0988590475615039,0.5866267053101899,27.70347359624663,1.0988590475615039,,,,0.9293785310734464,0.9491525423728814,1.0193423597678917,0.603448275862069,1.0988590475615039,0.9372881355932203,0.9372881355932203,0.875,1.0340909090909092,,stack_experts_logit,weekly,0.0,0,0,20,0.8,0.3,4,1
,341,1.348587570621469,,,0.39296187683284456,0.3379032258064516,1.1629420698633108,0.5866267053101899,29.710732189600478,1.1629420698633108,,,,1.305084745762712,1.384180790960452,1.0865279299014239,0.7916666666666666,1.1629420698633108,1.348587570621469,1.348587570621469,1.1325842696629214,1.75,,stack_experts_logit,weekly,0.0,0,0,20,0.8,0.3,4,2
,225,0.8898305084745763,,,0.38666666666666666,0.3379032258064516,1.1443118536197294,0.5866267053101899,33.92086000472238,1.1443118536197294,,,,0.8502824858757062,0.9293785310734464,0.9802371541501975,0.5545454545454546,1.1443118536197294,0.8898305084745763,0.8898305084745763,0.8337078651685393,1.0181818181818183,,stack_experts_logit,weekly,0.0,0,0,20,0.8,0.5,3,1
,330,1.305084745762712,,,0.396969696969697,0.3379032258064516,1.1748029218196283,0.5866267053101899,32.18104886593391,1.1748029218196283,,,,1.225988700564972,1.3248587570621468,1.0936227951153323,0.7753846153846153,1.1748029218196283,1.305084745762712,1.305084745762712,1.0382022471910113,1.7181818181818183,,stack_experts_logit,weekly,0.0,0,0,20,0.8,0.5,3,2
,221,0.8740112994350283,,,0.3755656108597285,0.3379032258064516,1.1114590870311776,0.5866267053101899,35.10361490246026,1.1114590870311776,,,,0.8305084745762712,0.9096045197740114,0.9607438016528924,0.5694444444444444,1.1114590870311776,0.8740112994350283,0.8740112994350283,0.7865168539325843,1.0022727272727272,,stack_experts_logit,weekly,0.0,0,0,20,0.8,0.5,4,1
,323,1.2774011299435029,,,0.3931888544891641,0.3379032258064516,1.1636137937149487,0.5866267053101899,33.853564105143754,1.1636137937149487,,,,1.1864406779661016,1.3248587570621468,1.0572752548656164,0.7767295597484277,1.1636137937149487,1.2774011299435029,1.2774011299435029,0.9752808988764046,1.7022727272727272,,stack_experts_logit,weekly,0.0,0,0,20,0.8,0.5,4,2
,172,0.6802259887005649,,,0.4069767441860465,0.3379032258064516,1.2044180496198036,0.5866267053101899,41.1484849596757,1.2044180496198036,,,,0.612994350282486,0.711864406779661,1.1818181818181819,0.46107784431137727,1.2044180496198036,0.6802259887005649,0.6802259887005649,0.42471910112359557,0.875,,stack_experts_logit,weekly,0.0,0,0,20,0.8,0.65,3,1
,270,1.0677966101694916,,,0.4148148148148148,0.3379032258064516,1.2276142490939628,0.5866267053101899,35.16343391516323,1.2276142490939628,,,,1.0084745762711864,1.1073446327683616,1.1275289838599682,0.7320754716981132,1.2276142490939628,1.0677966101694916,1.0677966101694916,0.5348314606741573,1.5750000000000002,,stack_experts_logit,weekly,0.0,0,0,20,0.8,0.65,3,2
,171,0.6762711864406781,,,0.4152046783625731,0.3379032258064516,1.2287680218844645,0.5866267053101899,43.62743980722773,1.2287680218844645,,,,0.612994350282486,0.711864406779661,1.1818181818181819,0.45180722891566266,1.2287680218844645,0.6762711864406781,0.6762711864406781,0.40898876404494383,0.875,,stack_experts_logit,weekly,0.0,0,0,20,0.8,0.65,4,1
,267,1.0559322033898306,,,0.41947565543071164,0.3379032258064516,1.2414076676231085,0.5866267053101899,37.306700464700526,1.2414076676231085,,,,1.0084745762711864,1.1073446327683616,1.1275289838599682,0.7290076335877863,1.2414076676231085,1.0559322033898306,1.0559322033898306,0.5191011235955056,1.5590909090909093,,stack_experts_logit,weekly,0.0,0,0,20,0.8,0.65,4,2
,255,1.0084745762711864,,,0.30196078431372547,0.3379032258064516,0.8936309607375169,0.5866267053101899,10.380691486835701,0.8936309607375169,,,,1.0084745762711864,1.0084745762711864,0.8288770053475936,0.764,0.8936309607375169,1.0084745762711864,1.0084745762711864,1.0224719101123596,1.05,,stack_experts_logit,weekly,0.0,0,0,20,0.85,0.0,3,1
,360,1.423728813559322,,,0.3416666666666667,0.3379032258064516,1.011137629276054,0.5866267053101899,22.18891702721422,1.011137629276054,,,,1.384180790960452,1.4435028248587571,0.9129852744310577,0.8929577464788733,1.011137629276054,1.423728813559322,1.423728813559322,1.2269662921348314,1.6863636363636363,,stack_experts_logit,weekly,0.0,0,0,20,0.85,0.0,3,2
,253,1.0005649717514125,,,0.33992094861660077,0.3379032258064516,1.0059713037818256,0.5866267053101899,14.921904598270087,1.0059713037818256,,,,0.9887005649717514,1.0084745762711864,0.9018181818181817,0.7580645161290323,1.0059713037818256,1.0005649717514125,1.0005649717514125,1.0022727272727272,1.05,,stack_experts_logit,weekly,0.0,0,0,20,0.85,0.0,4,1
,355,1.4039548022598871,,,0.37464788732394366,0.3379032258064516,1.1087431510302868,0.5866267053101899,21.908164670944558,1.1087431510302868,,,,1.344632768361582,1.4435028248587571,1.0100118784999152,0.8771428571428571,1.1087431510302868,1.4039548022598871,1.4039548022598871,1.195505617977528,1.6863636363636363,,stack_experts_logit,weekly,0.0,0,0,20,0.85,0.0,4,2
,238,0.9412429378531074,,,0.31092436974789917,0.3379032258064516,0.9201580393493913,0.5866267053101899,13.277031960478896,0.9201580393493913,,,,0.9293785310734464,0.9491525423728814,0.821969696969697,0.6051502145922747,0.9201580393493913,0.9412429378531074,0.9412429378531074,0.875,1.0340909090909092,,stack_experts_logit,weekly,0.0,0,0,20,0.85,0.3,3,1
,337,1.332768361581921,,,0.35014836795252224,0.3379032258064516,1.0362386068284668,0.5866267053101899,22.235633616150754,1.0362386068284668,,,,1.3248587570621468,1.364406779661017,0.9811185038662111,0.7891566265060241,1.0362386068284668,1.332768361581921,1.332768361581921,1.148314606741573,1.6863636363636363,,stack_experts_logit,weekly,0.0,0,0,20,0.85,0.3,3,2
,233,0.9214689265536724,,,0.34763948497854075,0.3379032258064516,1.028813750294488,0.5866267053101899,22.86637239507219,1.028813750294488,,,,0.9096045197740114,0.9293785310734464,0.9855072463768115,0.631578947368421,1.028813750294488,0.9214689265536724,0.9214689265536724,0.875,1.0340909090909092,,stack_experts_logit,weekly,0.0,0,0,20,0.85,0.3,4,1
,326,1.289265536723164,,,0.3803680981595092,0.3379032258064516,1.1256716986104809,0.5866267053101899,28.243861386910023,1.1256716986104809,,,,1.265536723163842,1.305084745762712,1.0271084337349399,0.7881619937694704,1.1256716986104809,1.289265536723164,1.289265536723164,1.0696629213483146,1.6545454545454545,,stack_experts_logit,weekly,0.0,0,0,20,0.85,0.3,4,2
,223,0.8819209039548023,,,0.3542600896860987,0.3379032258064516,1.0484069479970461,0.5866267053101899,27.34435193400324,1.0484069479970461,,,,0.8305084745762712,0.9293785310734464,0.9189723320158102,0.5825688073394495,1.0484069479970461,0.8819209039548023,0.8819209039548023,0.8179775280898877,1.0181818181818183,,stack_experts_logit,weekly,0.0,0,0,20,0.85,0.5,3,1
,317,1.2536723163841808,,,0.3753943217665615,0.3379032258064516,1.1109521694284876,0.5866267053101899,29.795819626075637,1.1109521694284876,,,,1.1864406779661016,1.305084745762712,1.0572752548656164,0.7692307692307693,1.1109521694284876,1.2536723163841808,1.2536723163841808,0.9910112359550562,1.6227272727272726,,stack_experts_logit,weekly,0.0,0,0,20,0.85,0.5,3,2
,217,0.8581920903954803,,,0.35023041474654376,0.3379032258064516,1.0364814183429936,0.5866267053101899,30.17026985778937,1.0364814183429936,,,,0.8107344632768362,0.9096045197740114,0.9696969696969697,0.5990566037735849,1.0364814183429936,0.8581920903954803,0.8581920903954803,0.755056179775281,1.0022727272727272,,stack_experts_logit,weekly,0.0,0,0,20,0.85,0.5,4,1
,308,1.2180790960451977,,,0.37987012987012986,0.3379032258064516,1.124197997706351,0.5866267053101899,32.59009247206346,1.124197997706351,,,,1.1666666666666667,1.2457627118644068,0.9959839357429718,0.7722772277227723,1.124197997706351,1.2180790960451977,1.2180790960451977,0.9123595505617977,1.6068181818181817,,stack_experts_logit,weekly,0.0,0,0,20,0.85,0.5,4,2
,167,0.6604519774011299,,,0.3712574850299401,0.3379032258064516,1.098709502236577,0.5866267053101899,34.410347992190715,1.098709502236577,,,,0.5536723163841808,0.692090395480226,0.9142857142857143,0.48148148148148145,1.098709502236577,0.6604519774011299,0.6604519774011299,0.40898876404494383,0.875,,stack_experts_logit,weekly,0.0,0,0,20,0.85,0.65,3,1
,255,1.0084745762711864,,,0.39215686274509803,0.3379032258064516,1.1605596892695025,0.5866267053101899,33.00115927516549,1.1605596892695025,,,,0.9293785310734464,1.0480225988700564,1.0342910101946248,0.724,1.1605596892695025,1.0084745762711864,1.0084745762711864,0.503370786516854,1.4795454545454547,,stack_experts_logit,weekly,0.0,0,0,20,0.85,0.65,3,2
,164,0.6485875706214689,,,0.38414634146341464,0.3379032258064516,1.1368531346411317,0.5866267053101899,38.046963544203074,1.1368531346411317,,,,0.5536723163841808,0.692090395480226,0.9411764705882354,0.48427672955974843,1.1368531346411317,0.6485875706214689,0.6485875706214689,0.3775280898876405,0.8590909090909091,,stack_experts_logit,weekly,0.0,0,0,20,0.85,0.65,4,1
,250,0.9887005649717514,,,0.404,0.3379032258064516,1.1956085918854416,0.5866267053101899,35.96083450835773,1.1956085918854416,,,,0.9293785310734464,1.0282485875706215,1.0342910101946248,0.7224489795918367,1.1956085918854416,0.9887005649717514,0.9887005649717514,0.4719101123595506,1.4477272727272728,,stack_experts_logit,weekly,0.0,0,0,20,0.85,0.65,4,2
,255,1.0084745762711864,,,0.29411764705882354,0.3379032258064516,0.870419766952127,0.5866267053101899,9.502597529322781,0.870419766952127,,,,1.0084745762711864,1.0084745762711864,0.8288770053475936,0.788,0.870419766952127,1.0084745762711864,1.0084745762711864,1.0224719101123596,1.05,,stack_experts_logit,weekly,0.0,0,0,20,0.9,0.0,3,1
,343,1.356497175141243,,,0.33527696793002915,0.3379032258064516,0.9922277809862438,0.5866267053101899,20.481662465436937,0.9922277809862438,,,,1.2853107344632768,1.4039548022598871,0.927536231884058,0.9023668639053254,0.9922277809862438,1.356497175141243,1.356497175141243,1.21123595505618,1.6068181818181817,,stack_experts_logit,weekly,0.0,0,0,20,0.9,0.0,3,2
,252,0.9966101694915255,,,0.32936507936507936,0.3379032258064516,0.974731977118612,0.5866267053101899,13.001193455342936,0.974731977118612,,,,0.9887005649717514,1.0084745762711864,0.9066666666666667,0.7854251012145749,0.974731977118612,0.9966101694915255,0.9966101694915255,0.9863636363636364,1.05,,stack_experts_logit,weekly,0.0,0,0,20,0.9,0.0,4,1
,336,1.328813559322034,,,0.36607142857142855,0.3379032258064516,1.083361745652915,0.5866267053101899,21.003653766356603,1.083361745652915,,,,1.265536723163842,1.384180790960452,1.0196078431372548,0.8882175226586103,1.083361745652915,1.328813559322034,1.328813559322034,1.164044943820225,1.6068181818181817,,stack_experts_logit,weekly,0.0,0,0,20,0.9,0.0,4,2
,237,0.9372881355932203,,,0.29957805907172996,0.3379032258064516,0.8865794588280315,0.5866267053101899,11.334728698978186,0.8865794588280315,,,,0.9096045197740114,0.9491525423728814,0.821969696969697,0.6206896551724138,0.8865794588280315,0.9372881355932203,0.9372881355932203,0.875,1.0181818181818183,,stack_experts_logit,weekly,0.0,0,0,20,0.9,0.3,3,1
,322,1.2734463276836159,,,0.3447204968944099,0.3379032258064516,1.0201752175395424,0.5866267053101899,19.07646803813258,1.0201752175395424,,,,1.225988700564972,1.344632768361582,0.9735449735449735,0.7854889589905363,1.0201752175395424,1.2734463276836159,1.2734463276836159,1.1325842696629214,1.590909090909091,,stack_experts_logit,weekly,0.0,0,0,20,0.9,0.3,3,2
,229,0.9056497175141243,,,0.33624454148471616,0.3379032258064516,0.9950912444893748,0.5866267053101899,19.501067151190572,0.9950912444893748,,,,0.8700564971751413,0.9293785310734464,0.8663067640520801,0.6339285714285714,0.9950912444893748,0.9056497175141243,0.9056497175141243,0.875,1.0181818181818183,,stack_experts_logit,weekly,0.0,0,0,20,0.9,0.3,4,1
,308,1.2180790960451977,,,0.37337662337662336,0.3379032258064516,1.1049809379164988,0.5866267053101899,26.084970376622564,1.1049809379164988,,,,1.1864406779661016,1.265536723163842,1.0487562189054727,0.7755775577557755,1.1049809379164988,1.2180790960451977,1.2180790960451977,1.0382022471910113,1.5590909090909093,,stack_experts_logit,weekly,0.0,0,0,20,0.9,0.3,4,2
,220,0.8700564971751413,,,0.34545454545454546,0.3379032258064516,1.0223475808201345,0.5866267053101899,25.61783482969871,1.0223475808201345,,,,0.8305084745762712,0.9293785310734464,0.946893439777855,0.5767441860465117,1.0223475808201345,0.8700564971751413,0.8700564971751413,0.8179775280898877,1.0022727272727272,,stack_experts_logit,weekly,0.0,0,0,20,0.9,0.5,3,1
,301,1.1903954802259888,,,0.37209302325581395,0.3379032258064516,1.101182216795249,0.5866267053101899,27.510670595150366,1.101182216795249,,,,1.1271186440677967,1.265536723163842,1.0666666666666667,0.75,1.101182216795249,1.1903954802259888,1.1903954802259888,0.9752808988764046,1.5431818181818182,,stack_experts_logit,weekly,0.0,0,0,20,0.9,0.5,3,2
,213,0.8423728813559322,,,0.3380281690140845,0.3379032258064516,1.0003697603280783,0.5866267053101899,26.689334125404283,1.0003697603280783,,,,0.7909604519774012,0.9096045197740114,0.8888888888888888,0.5961538461538461,1.0003697603280783,0.8423728813559322,0.8423728813559322,0.755056179775281,0.9863636363636364,,stack_experts_logit,weekly,0.0,0,0,20,0.9,0.5,4,1
,291,1.1508474576271188,,,0.3745704467353952,0.3379032258064516,1.108513971245561,0.5866267053101899,30.922068989782296,1.108513971245561,,,,1.0875706214689267,1.2062146892655368,1.03954802259887,0.7552447552447552,1.108513971245561,1.1508474576271188,1.1508474576271188,0.8808988764044944,1.5272727272727273,,stack_experts_logit,weekly,0.0,0,0,20,0.9,0.5,4,2
,162,0.6406779661016949,,,0.35802469135802467,0.3379032258064516,1.0595480126108607,0.5866267053101899,31.821302497855385,1.0595480126108607,,,,0.5338983050847458,0.692090395480226,0.8709394205443372,0.4585987261146497,1.0595480126108607,0.6406779661016949,0.6406779661016949,0.40898876404494383,0.8590909090909091,,stack_experts_logit,weekly,0.0,0,0,20,0.9,0.65,3,1
,238,0.9412429378531074,,,0.3907563025210084,0.3379032258064516,1.1564148332363973,0.5866267053101899,31.17896187369754,1.1564148332363973,,,,0.8898305084745763,0.9887005649717514,1.0366363412835014,0.703862660944206,1.1564148332363973,0.9412429378531074,0.9412429378531074,0.503370786516854,1.4000000000000001,,stack_experts_logit,weekly,0.0,0,0,20,0.9,0.65,3,2
,157,0.6209039548022599,,,0.36942675159235666,0.3379032258064516,1.0932915798914613,0.5866267053101899,33.97110938835374,1.0932915798914613,,,,0.5338983050847458,0.672316384180791,0.8888888888888888,0.47368421052631576,1.0932915798914613,0.6209039548022599,0.6209039548022599,0.3775280898876405,0.8272727272727273,,stack_experts_logit,weekly,0.0,0,0,20,0.9,0.65,4,1
,231,0.9135593220338984,,,0.4025974025974026,0.3379032258064516,1.1914577069708336,0.5866267053101899,34.88485614789752,1.1914577069708336,,,,0.8700564971751413,0.9491525423728814,1.0582329317269077,0.7079646017699115,1.1914577069708336,0.9135593220338984,0.9135593220338984,0.45617977528089887,1.3522727272727273,,stack_experts_logit,weekly,0.0,0,0,20,0.9,0.65,4,2
,255,1.0084745762711864,,,0.30196078431372547,0.3379032258064516,0.8936309607375169,0.5866267053101899,7.117049415120253,0.8936309607375169,,,,1.0084745762711864,1.0084745762711864,0.7736185383244207,0.76,0.8936309607375169,1.0084745762711864,1.0084745762711864,1.0224719101123596,1.05,,stack_experts_logit,weekly,0.0,0,0,40,0.75,0.0,3,1
,384,1.5186440677966102,,,0.3411458333333333,0.3379032258064516,1.009596260938743,0.5866267053101899,18.050904112660735,1.009596260938743,,,,1.5028248587570623,1.5423728813559323,0.9042485732403298,0.9102902374670184,1.009596260938743,1.5186440677966102,1.5186440677966102,1.195505617977528,1.8931818181818183,,stack_experts_logit,weekly,0.0,0,0,40,0.75,0.0,3,2
,253,1.0005649717514125,,,0.3359683794466403,0.3379032258064516,0.9942739630401767,0.5866267053101899,9.67472928606002,0.9942739630401767,,,,0.9887005649717514,1.0084745762711864,0.9018181818181817,0.75,0.9942739630401767,1.0005649717514125,1.0005649717514125,1.0022727272727272,1.05,,stack_experts_logit,weekly,0.0,0,0,40,0.75,0.0,4,1
,379,1.498870056497175,,,0.36939313984168864,0.3379032258064516,1.093192108362038,0.5866267053101899,15.860366118764125,1.093192108362038,,,,1.4830508474576272,1.5028248587570623,0.9561445783132531,0.893048128342246,1.093192108362038,1.498870056497175,1.498870056497175,1.1797752808988764,1.8931818181818183,,stack_experts_logit,weekly,0.0,0,0,40,0.75,0.0,4,2
,234,0.9254237288135593,,,0.32905982905982906,0.3379032258064516,0.9738286110601146,0.5866267053101899,21.600366644905165,0.9738286110601146,,,,0.9096045197740114,0.9491525423728814,0.821969696969697,0.6026200873362445,0.9738286110601146,0.9254237288135593,0.9254237288135593,0.8575,1.0340909090909092,,stack_experts_logit,weekly,0.0,0,0,40,0.75,0.3,3,1
,351,1.3881355932203392,,,0.36752136752136755,0.3379032258064516,1.0876527344307776,0.5866267053101899,28.52021212847974,1.0876527344307776,,,,1.344632768361582,1.4435028248587571,1.0244406196213425,0.8092485549132948,1.0876527344307776,1.3881355932203392,1.3881355932203392,1.0382022471910113,1.8931818181818183,,stack_experts_logit,weekly,0.0,0,0,40,0.75,0.3,3,2
,229,0.9056497175141243,,,0.3406113537117904,0.3379032258064516,1.0080145074048212,0.5866267053101899,26.420284477462488,1.0080145074048212,,,,0.8898305084745763,0.9096045197740114,0.9093766369827135,0.6116071428571429,1.0080145074048212,0.9056497175141243,0.9056497175141243,0.84,1.0340909090909092,,stack_experts_logit,weekly,0.0,0,0,40,0.75,0.3,4,1
,343,1.356497175141243,,,0.3760932944606414,0.3379032258064516,1.113020728236743,0.5866267053101899,26.88893388930835,1.113020728236743,,,,1.344632768361582,1.364406779661017,0.9666902905740611,0.8076923076923077,1.113020728236743,1.356497175141243,1.356497175141243,0.9752808988764046,1.8931818181818183,,stack_experts_logit,weekly,0.0,0,0,40,0.75,0.3,4,2
,205,0.8107344632768362,,,0.36097560975609755,0.3379032258064516,1.0682810408056347,0.5866267053101899,24.294759003139145,1.0682810408056347,,,,0.731638418079096,0.8700564971751413,0.893569844789357,0.515,1.0682810408056347,0.8107344632768362,0.8107344632768362,0.5662921348314607,1.0340909090909092,,stack_experts_logit,weekly,0.0,0,0,40,0.75,0.5,3,1
,317,1.2536723163841808,,,0.38170347003154576,0.3379032258064516,1.1296236344608992,0.5866267053101899,26.692226158097036,1.1296236344608992,,,,1.1666666666666667,1.344632768361582,1.0106307583274274,0.7788461538461539,1.1296236344608992,1.2536723163841808,1.2536723163841808,0.6292134831460674,1.8931818181818183,,stack_experts_logit,weekly,0.0,0,0,40,0.75,0.5,3,2
,202,0.7988700564971751,,,0.3564356435643564,0.3379032258064516,1.0548453413360428,0.5866267053101899,27.1191884420067,1.0548453413360428,,,,0.731638418079096,0.8502824858757062,0.9033342673017652,0.5685279187817259,1.0548453413360428,0.7988700564971751,0.7988700564971751,0.5348314606741573,1.0340909090909092,,stack_experts_logit,weekly,0.0,0,0,40,0.75,0.5,4,1
,309,1.2220338983050847,,,0.3786407766990291,0.3379032258064516,1.1205598164840003,0.5866267053101899,25.400857845370464,1.1205598164840003,,,,1.1666666666666667,1.265536723163842,0.9337349397590362,0.7927631578947368,1.1205598164840003,1.2220338983050847,1.2220338983050847,0.5820224719101125,1.8613636363636363,,stack_experts_logit,weekly,0.0,0,0,40,0.75,0.5,4,2
,161,0.6367231638418079,,,0.36645962732919257,0.3379032258064516,1.0845105916186129,0.5866267053101899,31.14155614921582,1.0845105916186129,,,,0.612994350282486,0.692090395480226,0.963855421686747,0.5128205128205128,1.0845105916186129,0.6367231638418079,0.6367231638418079,0.251685393258427,0.9227272727272727,,stack_experts_logit,weekly,0.0,0,0,40,0.75,0.65,3,1
,266,1.0519774011299436,,,0.38345864661654133,0.3379032258064516,1.1348179518007429,0.5866267053101899,25.857819172398564,1.1348179518007429,,,,1.0084745762711864,1.0875706214689267,0.9583996362809729,0.7854406130268199,1.1348179518007429,1.0519774011299436,1.0519774011299436,0.298876404494382,1.7340909090909091,,stack_experts_logit,weekly,0.0,0,0,40,0.75,0.65,3,2
,160,0.632768361581921,,,0.36875,0.3379032258064516,1.0912887828162292,0.5866267053101899,29.751060070242907,1.0912887828162292,,,,0.612994350282486,0.692090395480226,0.963855421686747,0.5096774193548387,1.0912887828162292,0.632768361581921,0.632768361581921,0.251685393258427,0.9227272727272727,,stack_experts_logit,weekly,0.0,0,0,40,0.75,0.65,4,1
,263,1.0401129943502825,,,0.38783269961977185,0.3379032258064516,1.1477626432661505,0.5866267053101899,26.931343779895215,1.1477626432661505,,,,0.9887005649717514,1.0875706214689267,0.9768303985171456,0.7829457364341085,1.1477626432661505,1.0401129943502825,1.0401129943502825,0.28314606741573034,1.7181818181818183,,stack_experts_logit,weekly,0.0,0,0,40,0.75,0.65,4,2
,255,1.0084745762711864,,,0.3176470588235294,0.3379032258064516,0.940053348308297,0.5866267053101899,8.98700197415723,0.940053348308297,,,,1.0084745762711864,1.0084745762711864,0.8288770053475936,0.748,0.940053348308297,1.0084745762711864,1.0084745762711864,1.0224719101123596,1.05,,stack_experts_logit,weekly,0.0,0,0,40,0.8,0.0,3,1
,375,1.4830508474576272,,,0.36,0.3379032258064516,1.0653937947494034,0.5866267053101899,20.513166140228503,1.0653937947494034,,,,1.463276836158192,1.5028248587570623,1.0221940393151554,0.9216216216216216,1.0653937947494034,1.4830508474576272,1.4830508474576272,1.164044943820225,1.8772727272727274,,stack_experts_logit,weekly,0.0,0,0,40,0.8,0.0,3,2
,253,1.0005649717514125,,,0.35968379446640314,0.3379032258064516,1.0644580074900714,0.5866267053101899,12.561071461184035,1.0644580074900714,,,,0.9887005649717514,1.0084745762711864,0.9581818181818182,0.7379032258064516,1.0644580074900714,1.0005649717514125,1.0005649717514125,1.0022727272727272,1.05,,stack_experts_logit,weekly,0.0,0,0,40,0.8,0.0,4,1
,372,1.4711864406779662,,,0.3924731182795699,0.3379032258064516,1.1614956245027843,0.5866267053101899,19.309570853984805,1.1614956245027843,,,,1.4435028248587571,1.4830508474576272,1.0756626506024096,0.9046321525885559,1.1614956245027843,1.4711864406779662,1.4711864406779662,1.148314606741573,1.8772727272727274,,stack_experts_logit,weekly,0.0,0,0,40,0.8,0.0,4,2
,234,0.9254237288135593,,,0.34615384615384615,0.3379032258064516,1.0244171103359647,0.5866267053101899,23.756809927729996,1.0244171103359647,,,,0.9096045197740114,0.9491525423728814,0.8806818181818181,0.5851528384279476,1.0244171103359647,0.9254237288135593,0.9254237288135593,0.8575,1.0340909090909092,,stack_experts_logit,weekly,0.0,0,0,40,0.8,0.3,3,1
,346,1.368361581920904,,,0.38439306358381503,0.3379032258064516,1.1375832907969705,0.5866267053101899,31.473300355199257,1.1375832907969705,,,,1.3248587570621468,1.384180790960452,1.0467532467532468,0.8181818181818182,1.1375832907969705,1.368361581920904,1.368361581920904,1.0224719101123596,1.8772727272727274,,stack_experts_logit,weekly,0.0,0,0,40,0.8,0.3,3,2
,229,0.9056497175141243,,,0.3624454148471616,0.3379032258064516,1.0726308219820535,0.5866267053101899,29.785091857024852,1.0726308219820535,,,,0.8898305084745763,0.9096045197740114,1.0392875851231012,0.5892857142857143,1.0726308219820535,0.9056497175141243,0.9056497175141243,0.84,1.0340909090909092,,stack_experts_logit,weekly,0.0,0,0,40,0.8,0.3,4,1
,338,1.3367231638418078,,,0.39644970414201186,0.3379032258064516,1.1732640408976007,0.5866267053101899,30.85743532621705,1.1732640408976007,,,,1.3248587570621468,1.344632768361582,1.0985116938341604,0.8138138138138138,1.1732640408976007,1.3367231638418078,1.3367231638418078,0.9595505617977528,1.8613636363636363,,stack_experts_logit,weekly,0.0,0,0,40,0.8,0.3,4,2
,202,0.7988700564971751,,,0.37623762376237624,0.3379032258064516,1.1134478602991564,0.5866267053101899,26.458925362262228,1.1134478602991564,,,,0.731638418079096,0.8502824858757062,0.9159090909090909,0.47715736040609136,1.1134478602991564,0.7988700564971751,0.7988700564971751,0.5662921348314607,1.0340909090909092,,stack_experts_logit,weekly,0.0,0,0,40,0.8,0.5,3,1
,310,1.225988700564972,,,0.3967741935483871,0.3379032258064516,1.1742243436754178,0.5866267053101899,28.68439964800004,1.1742243436754178,,,,1.1666666666666667,1.3248587570621468,1.0625931445603576,0.7836065573770492,1.1742243436754178,1.225988700564972,1.225988700564972,0.6134831460674157,1.8772727272727274,,stack_experts_logit,weekly,0.0,0,0,40,0.8,0.5,3,2
,199,0.7870056497175141,,,0.3768844221105528,0.3379032258064516,1.115362012928605,0.5866267053101899,30.618012812872482,1.115362012928605,,,,0.731638418079096,0.8305084745762712,0.9959839357429718,0.5360824742268041,1.115362012928605,0.7870056497175141,0.7870056497175141,0.5348314606741573,1.0340909090909092,,stack_experts_logit,weekly,0.0,0,0,40,0.8,0.5,4,1
,302,1.1943502824858758,,,0.3973509933774834,0.3379032258064516,1.1759313407830059,0.5866267053101899,28.450439134479556,1.1759313407830059,,,,1.1468926553672316,1.2457627118644068,1.043411742206923,0.797979797979798,1.1759313407830059,1.1943502824858758,1.1943502824858758,0.5662921348314607,1.8295454545454546,,stack_experts_logit,weekly,0.0,0,0,40,0.8,0.5,4,2
,158,0.624858757062147,,,0.3924050632911392,0.3379032258064516,1.1612942207184074,0.5866267053101899,35.62467737025328,1.1612942207184074,,,,0.5932203389830508,0.692090395480226,1.0909090909090908,0.48366013071895425,1.1612942207184074,0.624858757062147,0.624858757062147,0.251685393258427,0.9227272727272727,,stack_experts_logit,weekly,0.0,0,0,40,0.8,0.65,3,1
,259,1.0242937853107343,,,0.40540540540540543,0.3379032258064516,1.1997677868799588,0.5866267053101899,29.426051908306455,1.1997677868799588,,,,0.9689265536723164,1.0677966101694916,1.0917516218721037,0.7913385826771654,1.1997677868799588,1.0242937853107343,1.0242937853107343,0.28314606741573034,1.7022727272727272,,stack_experts_logit,weekly,0.0,0,0,40,0.8,0.65,3,2
,157,0.6209039548022599,,,0.39490445859872614,0.3379032258064516,1.1686909991943208,0.5866267053101899,34.23616621474609,1.1686909991943208,,,,0.5932203389830508,0.692090395480226,1.095582329317269,0.48026315789473684,1.1686909991943208,0.6209039548022599,0.6209039548022599,0.251685393258427,0.9227272727272727,,stack_experts_logit,weekly,0.0,0,0,40,0.8,0.65,4,1
,256,1.0124293785310736,,,0.41015625,0.3379032258064516,1.2138275656324582,0.5866267053101899,30.570745931663257,1.2138275656324582,,,,0.9491525423728814,1.0677966101694916,1.1131585164186157,0.7888446215139442,1.2138275656324582,1.0124293785310736,1.0124293785310736,0.26741573033707866,1.6863636363636363,,stack_experts_logit,weekly,0.0,0,0,40,0.8,0.65,4,2
,255,1.0084745762711864,,,0.2901960784313726,0.3379032258064516,0.858814170059432,0.5866267053101899,8.703000562792665,0.858814170059432,,,,1.0084745762711864,1.0084745762711864,0.7736185383244207,0.792,0.858814170059432,1.0084745762711864,1.0084745762711864,1.0224719101123596,1.05,,stack_experts_logit,weekly,0.0,0,0,40,0.85,0.0,3,1
,355,1.4039548022598871,,,0.3295774647887324,0.3379032258064516,0.9753605163198763,0.5866267053101899,18.296068652594982,0.9753605163198763,,,,1.364406779661017,1.4435028248587571,0.8888888888888888,0.9257142857142857,0.9753605163198763,1.4039548022598871,1.4039548022598871,1.0696629213483146,1.7022727272727272,,stack_experts_logit,weekly,0.0,0,0,40,0.85,0.0,3,2
,252,0.9966101694915255,,,0.3492063492063492,0.3379032258064516,1.033450770920938,0.5866267053101899,15.147652820626682,1.033450770920938,,,,0.9887005649717514,1.0084745762711864,0.96,0.7813765182186235,1.033450770920938,0.9966101694915255,0.9966101694915255,0.9863636363636364,1.05,,stack_experts_logit,weekly,0.0,0,0,40,0.85,0.0,4,1
,351,1.3881355932203392,,,0.3732193732193732,0.3379032258064516,1.1045155675227274,0.5866267053101899,17.54413855475819,1.1045155675227274,,,,1.344632768361582,1.4435028248587571,1.0588235294117647,0.9104046242774566,1.1045155675227274,1.3881355932203392,1.3881355932203392,1.0696629213483146,1.7022727272727272,,stack_experts_logit,weekly,0.0,0,0,40,0.85,0.0,4,2
,230,0.9096045197740114,,,0.32608695652173914,0.3379032258064516,0.9650306111860538,0.5866267053101899,24.624873600949975,0.9650306111860538,,,,0.8898305084745763,0.9293785310734464,0.8695652173913043,0.5955555555555555,0.9650306111860538,0.9096045197740114,0.9096045197740114,0.8494382022471911,1.0340909090909092,,stack_experts_logit,weekly,0.0,0,0,40,0.85,0.3,3,1
,323,1.2774011299435029,,,0.3560371517027864,0.3379032258064516,1.0536660336788906,0.5866267053101899,31.127458678529468,1.0536660336788906,,,,1.225988700564972,1.305084745762712,0.946236559139785,0.7924528301886793,1.0536660336788906,1.2774011299435029,1.2774011299435029,0.8808988764044944,1.7022727272727272,,stack_experts_logit,weekly,0.0,0,0,40,0.85,0.3,3,2
,222,0.8779661016949153,,,0.36036036036036034,0.3379032258064516,1.0664602550044078,0.5866267053101899,33.222781878133226,1.0664602550044078,,,,0.8700564971751413,0.8898305084745763,0.9090909090909091,0.6036866359447005,1.0664602550044078,0.8779661016949153,0.8779661016949153,0.7865168539325843,1.0340909090909092,,stack_experts_logit,weekly,0.0,0,0,40,0.85,0.3,4,1
,313,1.2378531073446328,,,0.38338658146964855,0.3379032258064516,1.134604680244306,0.5866267053101899,31.277124935550066,1.134604680244306,,,,1.1864406779661016,1.2853107344632768,1.0222222222222224,0.7954545454545454,1.134604680244306,1.2378531073446328,1.2378531073446328,0.8179775280898877,1.7022727272727272,,stack_experts_logit,weekly,0.0,0,0,40,0.85,0.3,4,2
,196,0.7751412429378532,,,0.35714285714285715,0.3379032258064516,1.0569382884418685,0.5866267053101899,27.77784239622441,1.0569382884418685,,,,0.711864406779661,0.8305084745762712,0.9393939393939393,0.4973821989528796,1.0569382884418685,0.7751412429378532,0.7751412429378532,0.503370786516854,1.0340909090909092,,stack_experts_logit,weekly,0.0,0,0,40,0.85,0.5,3,1
,288,1.1389830508474577,,,0.3784722222222222,0.3379032258064516,1.120060991779369,0.5866267053101899,31.127908352743784,1.120060991779369,,,,1.0875706214689267,1.2457627118644068,1.0689655172413792,0.7597173144876325,1.120060991779369,1.1389830508474577,1.1389830508474577,0.5348314606741573,1.7022727272727272,,stack_experts_logit,weekly,0.0,0,0,40,0.85,0.5,3,2
,192,0.7593220338983051,,,0.375,0.3379032258064516,1.1097852028639619,0.5866267053101899,34.373119292671724,1.1097852028639619,,,,0.711864406779661,0.8107344632768362,1.0202762268586543,0.5668449197860963,1.1097852028639619,0.7593220338983051,0.7593220338983051,0.45617977528089887,1.0340909090909092,,stack_experts_logit,weekly,0.0,0,0,40,0.85,0.5,4,1
,280,1.1073446327683616,,,0.39285714285714285,0.3379032258064516,1.1626321172860552,0.5866267053101899,31.489578925049564,1.1626321172860552,,,,1.0677966101694916,1.1864406779661016,1.0457831325301206,0.7890909090909091,1.1626321172860552,1.1073446327683616,1.1073446327683616,0.4876404494382023,1.6704545454545454,,stack_experts_logit,weekly,0.0,0,0,40,0.85,0.5,4,2
,151,0.5971751412429379,,,0.3841059602649007,0.3379032258064516,1.1367336294235724,0.5866267053101899,38.969744183956784,1.1367336294235724,,,,0.5734463276836158,0.652542372881356,0.9195402298850576,0.5,1.1367336294235724,0.5971751412429379,0.5971751412429379,0.18876404494382024,0.9227272727272727,,stack_experts_logit,weekly,0.0,0,0,40,0.85,0.65,3,1
,238,0.9412429378531074,,,0.39915966386554624,0.3379032258064516,1.1812839694350294,0.5866267053101899,35.18665508602446,1.1812839694350294,,,,0.8898305084745763,0.9887005649717514,1.0666666666666667,0.7682403433476395,1.1812839694350294,0.9412429378531074,0.9412429378531074,0.20449438202247192,1.5590909090909093,,stack_experts_logit,weekly,0.0,0,0,40,0.85,0.65,3,2
,149,0.5892655367231638,,,0.3959731543624161,0.3379032258064516,1.1718537265140716,0.5866267053101899,39.14321468679286,1.1718537265140716,,,,0.5536723163841808,0.652542372881356,0.9523809523809524,0.5138888888888888,1.1718537265140716,0.5892655367231638,0.5892655367231638,0.17303370786516856,0.9227272727272727,,stack_experts_logit,weekly,0.0,0,0,40,0.85,0.65,4,1
,234,0.9254237288135593,,,0.41025641025641024,0.3379032258064516,1.2141239826204027,0.5866267053101899,35.70441943208357,1.2141239826204027,,,,0.8502824858757062,0.9887005649717514,1.1162790697674418,0.7729257641921398,1.2141239826204027,0.9254237288135593,0.9254237288135593,0.18876404494382024,1.5431818181818182,,stack_experts_logit,weekly,0.0,0,0,40,0.85,0.65,4,2
,255,1.0084745762711864,,,0.29411764705882354,0.3379032258064516,0.870419766952127,0.5866267053101899,9.699186328014672,0.870419766952127,,,,1.0084745762711864,1.0084745762711864,0.8288770053475936,0.82,0.870419766952127,1.0084745762711864,1.0084745762711864,1.0224719101123596,1.05,,stack_experts_logit,weekly,0.0,0,0,40,0.9,0.0,3,1
,337,1.332768361581921,,,0.3293768545994065,0.3379032258064516,0.974766825067456,0.5866267053101899,18.096581672418708,0.974766825067456,,,,1.265536723163842,1.364406779661017,0.9154228855721392,0.9246987951807228,0.974766825067456,1.332768361581921,1.332768361581921,1.053932584269663,1.6545454545454545,,stack_experts_logit,weekly,0.0,0,0,40,0.9,0.0,3,2
,252,0.9966101694915255,,,0.35714285714285715,0.3379032258064516,1.0569382884418685,0.5866267053101899,16.56771149504944,1.0569382884418685,,,,0.9887005649717514,1.0084745762711864,0.9959839357429718,0.8097165991902834,1.0569382884418685,0.9966101694915255,0.9966101694915255,0.9863636363636364,1.05,,stack_experts_logit,weekly,0.0,0,0,40,0.9,0.0,4,1
,334,1.3209039548022599,,,0.3772455089820359,0.3379032258064516,1.1164306232403927,0.5866267053101899,18.297501087801034,1.1164306232403927,,,,1.265536723163842,1.344632768361582,1.0545712260807938,0.9118541033434651,1.1164306232403927,1.3209039548022599,1.3209039548022599,1.053932584269663,1.6545454545454545,,stack_experts_logit,weekly,0.0,0,0,40,0.9,0.0,4,2
,229,0.9056497175141243,,,0.3318777292576419,0.3379032258064516,0.9821679815739284,0.5866267053101899,24.85048802374664,0.9821679815739284,,,,0.8898305084745763,0.9293785310734464,0.8888888888888888,0.6160714285714286,0.9821679815739284,0.9056497175141243,0.9056497175141243,0.8494382022471911,1.0181818181818183,,stack_experts_logit,weekly,0.0,0,0,40,0.9,0.3,3,1
,306,1.2101694915254237,,,0.3627450980392157,0.3379032258064516,1.0735177125742899,0.5866267053101899,31.20253611261912,1.0735177125742899,,,,1.1468926553672316,1.265536723163842,0.9777777777777777,0.7740863787375415,1.0735177125742899,1.2101694915254237,1.2101694915254237,0.8651685393258427,1.638636363636364,,stack_experts_logit,weekly,0.0,0,0,40,0.9,0.3,3,2
,221,0.8740112994350283,,,0.36199095022624433,0.3379032258064516,1.0712858670180023,0.5866267053101899,33.459367956722346,1.0712858670180023,,,,0.8502824858757062,0.8898305084745763,0.9302325581395349,0.6296296296296297,1.0712858670180023,0.8740112994350283,0.8740112994350283,0.7865168539325843,1.0181818181818183,,stack_experts_logit,weekly,0.0,0,0,40,0.9,0.3,4,1
,298,1.1785310734463277,,,0.3859060402684564,0.3379032258064516,1.142060835162019,0.5866267053101899,32.1140593357522,1.142060835162019,,,,1.1073446327683616,1.225988700564972,1.0574712643678161,0.7849829351535836,1.142060835162019,1.1785310734463277,1.1785310734463277,0.802247191011236,1.638636363636364,,stack_experts_logit,weekly,0.0,0,0,40,0.9,0.3,4,2
,193,0.7632768361581922,,,0.3626943005181347,0.3379032258064516,1.0733673810083224,0.5866267053101899,27.736413028276125,1.0733673810083224,,,,0.692090395480226,0.8305084745762712,0.9491006505931879,0.5053191489361702,1.0733673810083224,0.7632768361581922,0.7632768361581922,0.503370786516854,1.0181818181818183,,stack_experts_logit,weekly,0.0,0,0,40,0.9,0.5,3,1
,269,1.0638418079096046,,,0.38661710037174724,0.3379032258064516,1.1441651657779632,0.5866267053101899,31.339081671080656,1.1441651657779632,,,,1.0084745762711864,1.1468926553672316,1.0818446198587455,0.7348484848484849,1.1441651657779632,1.0638418079096046,1.0638418079096046,0.5191011235955056,1.638636363636364,,stack_experts_logit,weekly,0.0,0,0,40,0.9,0.5,3,2
,189,0.747457627118644,,,0.37566137566137564,0.3379032258064516,1.111742495990706,0.5866267053101899,34.45187051738781,1.111742495990706,,,,0.692090395480226,0.8107344632768362,0.9473993535116074,0.5869565217391305,1.111742495990706,0.747457627118644,0.747457627118644,0.45617977528089887,1.0181818181818183,,stack_experts_logit,weekly,0.0,0,0,40,0.9,0.5,4,1
,263,1.0401129943502825,,,0.39543726235741444,0.3379032258064516,1.1702677931341143,0.5866267053101899,32.28149641955941,1.1702677931341143,,,,1.0084745762711864,1.1073446327683616,1.0137693631669535,0.7674418604651163,1.1702677931341143,1.0401129943502825,1.0401129943502825,0.4719101123595506,1.6068181818181817,,stack_experts_logit,weekly,0.0,0,0,40,0.9,0.5,4,2
,147,0.5813559322033899,,,0.3945578231292517,0.3379032258064516,1.167665156754826,0.5866267053101899,39.74865233544691,1.167665156754826,,,,0.5338983050847458,0.632768361581921,0.9876543209876543,0.49295774647887325,1.167665156754826,0.5813559322033899,0.5813559322033899,0.18876404494382024,0.9068181818181819,,stack_experts_logit,weekly,0.0,0,0,40,0.9,0.65,3,1
,221,0.8740112994350283,,,0.4117647058823529,0.3379032258064516,1.2185876737329777,0.5866267053101899,35.38765019005647,1.2185876737329777,,,,0.8305084745762712,0.9096045197740114,1.0865279299014239,0.7453703703703703,1.2185876737329777,0.8740112994350283,0.8740112994350283,0.20449438202247192,1.4954545454545456,,stack_experts_logit,weekly,0.0,0,0,40,0.9,0.65,3,2
,145,0.5734463276836158,,,0.4,0.3379032258064516,1.1837708830548928,0.5866267053101899,39.58622490512142,1.1837708830548928,,,,0.5141242937853108,0.632768361581921,1.0256410256410258,0.5214285714285715,1.1837708830548928,0.5734463276836158,0.5734463276836158,0.17303370786516856,0.9068181818181819,,stack_experts_logit,weekly,0.0,0,0,40,0.9,0.65,4,1
,218,0.8621468926553673,,,0.41743119266055045,0.3379032258064516,1.2353572288760921,0.5866267053101899,36.04717186938022,1.2353572288760921,,,,0.7909604519774012,0.9096045197740114,1.0865279299014239,0.755868544600939,1.2353572288760921,0.8621468926553673,0.8621468926553673,0.18876404494382024,1.4795454545454547,,stack_experts_logit,weekly,0.0,0,0,40,0.9,0.65,4,2
,255,1.0084745762711864,,,0.2980392156862745,0.3379032258064516,0.882025363844822,0.5866267053101899,7.408344238687806,0.882025363844822,,,,1.0084745762711864,1.0084745762711864,0.7736185383244207,0.764,0.882025363844822,1.0084745762711864,1.0084745762711864,1.0224719101123596,1.05,,stack_experts_logit,weekly,0.0,0,0,60,0.75,0.0,3,1
,378,1.494915254237288,,,0.3333333333333333,0.3379032258064516,0.9864757358790771,0.5866267053101899,19.402613669150295,0.9864757358790771,,,,1.4830508474576272,1.5028248587570623,0.9435637285986049,0.9061662198391421,0.9864757358790771,1.494915254237288,1.494915254237288,1.0696629213483146,1.8931818181818183,,stack_experts_logit,weekly,0.0,0,0,60,0.75,0.0,3,2
,253,1.0005649717514125,,,0.33201581027667987,0.3379032258064516,0.9825766222985276,0.5866267053101899,9.968326835505579,0.9825766222985276,,,,0.9887005649717514,1.0084745762711864,0.9018181818181817,0.7580645161290323,0.9825766222985276,1.0005649717514125,1.0005649717514125,1.0022727272727272,1.05,,stack_experts_logit,weekly,0.0,0,0,60,0.75,0.0,4,1
,372,1.4711864406779662,,,0.3575268817204301,0.3379032258064516,1.0580747812251392,0.5866267053101899,14.59455008601531,1.0580747812251392,,,,1.463276836158192,1.5028248587570623,0.9828788839568803,0.885558583106267,1.0580747812251392,1.4711864406779662,1.4711864406779662,1.0696629213483146,1.8931818181818183,,stack_experts_logit,weekly,0.0,0,0,60,0.75,0.0,4,2
,230,0.9096045197740114,,,0.3347826086956522,0.3379032258064516,0.9907647608176819,0.5866267053101899,23.04604537239188,0.9907647608176819,,,,0.8898305084745763,0.9293785310734464,0.9189723320158102,0.5955555555555555,0.9907647608176819,0.9096045197740114,0.9096045197740114,0.8494382022471911,1.0340909090909092,,stack_experts_logit,weekly,0.0,0,0,60,0.75,0.3,3,1
,343,1.356497175141243,,,0.3673469387755102,0.3379032258064516,1.0871365252544933,0.5866267053101899,32.33327090537448,1.0871365252544933,,,,1.344632768361582,1.384180790960452,1.0588235294117647,0.7988165680473372,1.0871365252544933,1.356497175141243,1.356497175141243,0.8808988764044944,1.8931818181818183,,stack_experts_logit,weekly,0.0,0,0,60,0.75,0.3,3,2
,226,0.8937853107344633,,,0.34513274336283184,0.3379032258064516,1.0213952309544427,0.5866267053101899,30.544873711772567,1.0213952309544427,,,,0.8502824858757062,0.9096045197740114,0.9093766369827135,0.6108597285067874,1.0213952309544427,0.8937853107344633,0.8937853107344633,0.8179775280898877,1.0340909090909092,,stack_experts_logit,weekly,0.0,0,0,60,0.75,0.3,4,1
,335,1.3248587570621468,,,0.3701492537313433,0.3379032258064516,1.0954297723791544,0.5866267053101899,29.62646730020356,1.0954297723791544,,,,1.2853107344632768,1.364406779661017,0.9959839357429718,0.793939393939394,1.0954297723791544,1.3248587570621468,1.3248587570621468,0.8494382022471911,1.8931818181818183,,stack_experts_logit,weekly,0.0,0,0,60,0.75,0.3,4,2
,202,0.7988700564971751,,,0.35148514851485146,0.3379032258064516,1.0401947115952646,0.5866267053101899,24.231338652037753,1.0401947115952646,,,,0.731638418079096,0.8305084745762712,0.893569844789357,0.5228426395939086,1.0401947115952646,0.7988700564971751,0.7988700564971751,0.5191011235955056,1.0340909090909092,,stack_experts_logit,weekly,0.0,0,0,60,0.75,0.5,3,1
,314,1.2418079096045198,,,0.37579617834394907,0.3379032258064516,1.1121414347171763,0.5866267053101899,30.574898213374553,1.1121414347171763,,,,1.1864406779661016,1.305084745762712,0.9959839357429718,0.7766990291262136,1.1121414347171763,1.2418079096045198,1.2418079096045198,0.550561797752809,1.8931818181818183,,stack_experts_logit,weekly,0.0,0,0,60,0.75,0.5,3,2
,199,0.7870056497175141,,,0.35175879396984927,0.3379032258064516,1.0410045454000314,0.5866267053101899,28.9340191400971,1.0410045454000314,,,,0.731638418079096,0.8107344632768362,0.8745224801645607,0.5721649484536082,1.0410045454000314,0.7870056497175141,0.7870056497175141,0.4876404494382023,1.0340909090909092,,stack_experts_logit,weekly,0.0,0,0,60,0.75,0.5,4,1
,306,1.2101694915254237,,,0.37254901960784315,0.3379032258064516,1.1025317048060275,0.5866267053101899,27.21277387519621,1.1025317048060275,,,,1.1666666666666667,1.2457627118644068,0.9485561292790209,0.7840531561461794,1.1025317048060275,1.2101694915254237,1.2101694915254237,0.5191011235955056,1.8613636363636363,,stack_experts_logit,weekly,0.0,0,0,60,0.75,0.5,4,2
,155,0.612994350282486,,,0.34838709677419355,0.3379032258064516,1.0310262529832936,0.5866267053101899,32.37639858149156,1.0310262529832936,,,,0.5932203389830508,0.672316384180791,0.9393939393939393,0.5466666666666666,1.0310262529832936,0.612994350282486,0.612994350282486,0.15730337078651685,0.9227272727272727,,stack_experts_logit,weekly,0.0,0,0,60,0.75,0.65,3,1
,259,1.0242937853107343,,,0.37065637065637064,0.3379032258064516,1.0969305480045337,0.5866267053101899,28.571099402613555,1.0969305480045337,,,,0.9887005649717514,1.0480225988700564,1.0342910101946248,0.8031496062992126,1.0969305480045337,1.0242937853107343,1.0242937853107343,0.17303370786516856,1.7340909090909091,,stack_experts_logit,weekly,0.0,0,0,60,0.75,0.65,3,2
,154,0.6090395480225989,,,0.35064935064935066,0.3379032258064516,1.0377212286520163,0.5866267053101899,32.01744151272098,1.0377212286520163,,,,0.5932203389830508,0.672316384180791,0.9393939393939393,0.5436241610738255,1.0377212286520163,0.6090395480225989,0.6090395480225989,0.15730337078651685,0.9227272727272727,,stack_experts_logit,weekly,0.0,0,0,60,0.75,0.65,4,1
,257,1.0163841807909604,,,0.3735408560311284,0.3379032258064516,1.1054669725026236,0.5866267053101899,28.995757913732316,1.1054669725026236,,,,0.9689265536723164,1.0480225988700564,1.0342910101946248,0.8015873015873016,1.1054669725026236,1.0163841807909604,1.0163841807909604,0.17303370786516856,1.7181818181818183,,stack_experts_logit,weekly,0.0,0,0,60,0.75,0.65,4,2
,255,1.0084745762711864,,,0.3176470588235294,0.3379032258064516,0.940053348308297,0.5866267053101899,9.328383502458832,0.940053348308297,,,,1.0084745762711864,1.0084745762711864,0.8288770053475936,0.768,0.940053348308297,1.0084745762711864,1.0084745762711864,1.0224719101123596,1.05,,stack_experts_logit,weekly,0.0,0,0,60,0.8,0.0,3,1
,371,1.4672316384180792,,,0.3504043126684636,0.3379032258064516,1.0369960565844747,0.5866267053101899,19.37810021838505,1.0369960565844747,,,,1.423728813559322,1.5028248587570623,0.9863013698630136,0.9098360655737705,1.0369960565844747,1.4672316384180792,1.4672316384180792,1.0382022471910113,1.8931818181818183,,stack_experts_logit,weekly,0.0,0,0,60,0.8,0.0,3,2
,253,1.0005649717514125,,,0.35968379446640314,0.3379032258064516,1.0644580074900714,0.5866267053101899,12.905151657693555,1.0644580074900714,,,,0.9887005649717514,1.0084745762711864,0.9581818181818182,0.7580645161290323,1.0644580074900714,1.0005649717514125,1.0005649717514125,1.0022727272727272,1.05,,stack_experts_logit,weekly,0.0,0,0,60,0.8,0.0,4,1
,366,1.4474576271186441,,,0.3770491803278688,0.3379032258064516,1.1158496028796119,0.5866267053101899,15.021719711664998,1.1158496028796119,,,,1.423728813559322,1.4830508474576272,1.035823293172691,0.8919667590027701,1.1158496028796119,1.4474576271186441,1.4474576271186441,1.0382022471910113,1.8931818181818183,,stack_experts_logit,weekly,0.0,0,0,60,0.8,0.0,4,2
,230,0.9096045197740114,,,0.3565217391304348,0.3379032258064516,1.0551001348967521,0.5866267053101899,25.295522928427495,1.0551001348967521,,,,0.8898305084745763,0.9293785310734464,0.9802371541501975,0.5911111111111111,1.0551001348967521,0.9096045197740114,0.9096045197740114,0.8494382022471911,1.0340909090909092,,stack_experts_logit,weekly,0.0,0,0,60,0.8,0.3,3,1
,340,1.344632768361582,,,0.38235294117647056,0.3379032258064516,1.1315456970377649,0.5866267053101899,33.0128611073363,1.1315456970377649,,,,1.305084745762712,1.384180790960452,1.0505050505050504,0.7970149253731343,1.1315456970377649,1.344632768361582,1.344632768361582,0.8651685393258427,1.8931818181818183,,stack_experts_logit,weekly,0.0,0,0,60,0.8,0.3,3,2
,226,0.8937853107344633,,,0.37168141592920356,0.3379032258064516,1.0999640948740153,0.5866267053101899,34.01086043578568,1.0999640948740153,,,,0.8502824858757062,0.9096045197740114,1.0392875851231012,0.6018099547511312,1.0999640948740153,0.8937853107344633,0.8937853107344633,0.8179775280898877,1.0340909090909092,,stack_experts_logit,weekly,0.0,0,0,60,0.8,0.3,4,1
,331,1.309039548022599,,,0.3867069486404834,0.3379032258064516,1.1444310651890202,0.5866267053101899,30.78298140479761,1.1444310651890202,,,,1.2853107344632768,1.344632768361582,1.0545712260807938,0.7944785276073619,1.1444310651890202,1.309039548022599,1.309039548022599,0.8337078651685393,1.8772727272727274,,stack_experts_logit,weekly,0.0,0,0,60,0.8,0.3,4,2
,200,0.7909604519774012,,,0.375,0.3379032258064516,1.1097852028639619,0.5866267053101899,26.860576993906843,1.1097852028639619,,,,0.731638418079096,0.8107344632768362,0.9623059866962306,0.5128205128205128,1.1097852028639619,0.7909604519774012,0.7909604519774012,0.5191011235955056,1.0340909090909092,,stack_experts_logit,weekly,0.0,0,0,60,0.8,0.5,3,1
,310,1.225988700564972,,,0.3935483870967742,0.3379032258064516,1.1646778042959427,0.5866267053101899,32.270495863193396,1.1646778042959427,,,,1.1864406779661016,1.2853107344632768,1.0572752548656164,0.7770491803278688,1.1646778042959427,1.225988700564972,1.225988700564972,0.5348314606741573,1.8931818181818183,,stack_experts_logit,weekly,0.0,0,0,60,0.8,0.5,3,2
,197,0.7790960451977401,,,0.38071065989847713,0.3379032258064516,1.126685485141078,0.5866267053101899,32.92327896899437,1.126685485141078,,,,0.731638418079096,0.8107344632768362,0.9710843373493977,0.5572916666666666,1.126685485141078,0.7790960451977401,0.7790960451977401,0.4876404494382023,1.0340909090909092,,stack_experts_logit,weekly,0.0,0,0,60,0.8,0.5,4,1
,300,1.1864406779661016,,,0.39,0.3379032258064516,1.1541766109785203,0.5866267053101899,28.45370751205154,1.1541766109785203,,,,1.1468926553672316,1.2062146892655368,0.9796563302389887,0.7830508474576271,1.1541766109785203,1.1864406779661016,1.1864406779661016,0.503370786516854,1.8454545454545455,,stack_experts_logit,weekly,0.0,0,0,60,0.8,0.5,4,2
,152,0.6011299435028249,,,0.3815789473684211,0.3379032258064516,1.1292551187036806,0.5866267053101899,37.144884041543705,1.1292551187036806,,,,0.5734463276836158,0.672316384180791,1.0333333333333332,0.5374149659863946,1.1292551187036806,0.6011299435028249,0.6011299435028249,0.15730337078651685,0.9227272727272727,,stack_experts_logit,weekly,0.0,0,0,60,0.8,0.65,3,1
,252,0.9966101694915255,,,0.3888888888888889,0.3379032258064516,1.15088835852559,0.5866267053101899,29.79596285417943,1.15088835852559,,,,0.9491525423728814,1.0282485875706215,1.0756626506024096,0.805668016194332,1.15088835852559,0.9966101694915255,0.9966101694915255,0.15730337078651685,1.7181818181818183,,stack_experts_logit,weekly,0.0,0,0,60,0.8,0.65,3,2
,151,0.5971751412429379,,,0.3841059602649007,0.3379032258064516,1.1367336294235724,0.5866267053101899,36.81037474928797,1.1367336294235724,,,,0.5734463276836158,0.672316384180791,1.0689655172413792,0.5342465753424658,1.1367336294235724,0.5971751412429379,0.5971751412429379,0.15730337078651685,0.9227272727272727,,stack_experts_logit,weekly,0.0,0,0,60,0.8,0.65,4,1
,250,0.9887005649717514,,,0.392,0.3379032258064516,1.160095465393795,0.5866267053101899,30.242310711222043,1.160095465393795,,,,0.9293785310734464,1.0282485875706215,1.0756626506024096,0.8040816326530612,1.160095465393795,0.9887005649717514,0.9887005649717514,0.15730337078651685,1.7022727272727272,,stack_experts_logit,weekly,0.0,0,0,60,0.8,0.65,4,2
,255,1.0084745762711864,,,0.2901960784313726,0.3379032258064516,0.858814170059432,0.5866267053101899,8.2168900110603,0.858814170059432,,,,1.0084745762711864,1.0084745762711864,0.7736185383244207,0.792,0.858814170059432,1.0084745762711864,1.0084745762711864,1.0224719101123596,1.05,,stack_experts_logit,weekly,0.0,0,0,60,0.85,0.0,3,1
,358,1.415819209039548,,,0.329608938547486,0.3379032258064516,0.9754536606178584,0.5866267053101899,16.832024335953605,0.9754536606178584,,,,1.364406779661017,1.463276836158192,0.8761904761904762,0.9348441926345609,0.9754536606178584,1.415819209039548,1.415819209039548,1.0382022471910113,1.7659090909090909,,stack_experts_logit,weekly,0.0,0,0,60,0.85,0.0,3,2
,252,0.9966101694915255,,,0.34523809523809523,0.3379032258064516,1.0217070121604728,0.5866267053101899,14.436662194219627,1.0217070121604728,,,,0.9887005649717514,1.0084745762711864,0.96,0.7813765182186235,1.0217070121604728,0.9966101694915255,0.9966101694915255,0.9863636363636364,1.05,,stack_experts_logit,weekly,0.0,0,0,60,0.85,0.0,4,1
,354,1.4,,,0.3700564971751412,0.3379032258064516,1.0951552661030433,0.5866267053101899,15.926217294714208,1.0951552661030433,,,,1.344632768361582,1.463276836158192,1.0434782608695652,0.9197707736389685,1.0951552661030433,1.4,1.4,1.0382022471910113,1.7659090909090909,,stack_experts_logit,weekly,0.0,0,0,60,0.85,0.0,4,2
,226,0.8937853107344633,,,0.336283185840708,0.3379032258064516,0.9952056096479187,0.5866267053101899,25.272509726811222,0.9952056096479187,,,,0.8700564971751413,0.9096045197740114,0.8695652173913043,0.579185520361991,0.9952056096479187,0.8937853107344633,0.8937853107344633,0.7865168539325843,1.0340909090909092,,stack_experts_logit,weekly,0.0,0,0,60,0.85,0.3,3,1
,323,1.2774011299435029,,,0.3653250773993808,0.3379032258064516,1.081152973687905,0.5866267053101899,31.493445340401315,1.081152973687905,,,,1.2457627118644068,1.3248587570621468,0.9312169312169312,0.7955974842767296,1.081152973687905,1.2774011299435029,1.2774011299435029,0.802247191011236,1.7659090909090909,,stack_experts_logit,weekly,0.0,0,0,60,0.85,0.3,3,2
,219,0.8661016949152542,,,0.365296803652968,0.3379032258064516,1.0810692995935092,0.5866267053101899,36.415087089511246,1.0810692995935092,,,,0.8305084745762712,0.8898305084745763,0.9090909090909091,0.5934579439252337,1.0810692995935092,0.8661016949152542,0.8661016949152542,0.7393258426966293,1.0340909090909092,,stack_experts_logit,weekly,0.0,0,0,60,0.85,0.3,4,1
,314,1.2418079096045198,,,0.3885350318471338,0.3379032258064516,1.149841144368606,0.5866267053101899,33.324437638215535,1.149841144368606,,,,1.1864406779661016,1.305084745762712,1.005464480874317,0.8025889967637541,1.149841144368606,1.2418079096045198,1.2418079096045198,0.755056179775281,1.7659090909090909,,stack_experts_logit,weekly,0.0,0,0,60,0.85,0.3,4,2
,194,0.7672316384180791,,,0.3556701030927835,0.3379032258064516,1.0525797800359227,0.5866267053101899,27.117830437400634,1.0525797800359227,,,,0.711864406779661,0.7909604519774012,0.9710843373493977,0.5079365079365079,1.0525797800359227,0.7672316384180791,0.7672316384180791,0.45617977528089887,1.0340909090909092,,stack_experts_logit,weekly,0.0,0,0,60,0.85,0.5,3,1
,290,1.1468926553672316,,,0.3793103448275862,0.3379032258064516,1.1225413546210188,0.5866267053101899,31.73323215211986,1.1225413546210188,,,,1.0875706214689267,1.225988700564972,1.0602409638554218,0.7789473684210526,1.1225413546210188,1.1468926553672316,1.1468926553672316,0.4719101123595506,1.7659090909090909,,stack_experts_logit,weekly,0.0,0,0,60,0.85,0.5,3,2
,190,0.7514124293785311,,,0.3736842105263158,0.3379032258064516,1.1058912196960182,0.5866267053101899,35.40167570395659,1.1058912196960182,,,,0.711864406779661,0.7711864406779662,0.9193697868396664,0.5621621621621622,1.1058912196960182,0.7514124293785311,0.7514124293785311,0.40898876404494383,1.0340909090909092,,stack_experts_logit,weekly,0.0,0,0,60,0.85,0.5,4,1
,282,1.1152542372881356,,,0.39361702127659576,0.3379032258064516,1.1648809221550807,0.5866267053101899,31.980313462722624,1.1648809221550807,,,,1.0875706214689267,1.1666666666666667,1.0128650193996325,0.8014440433212996,1.1648809221550807,1.1152542372881356,1.1152542372881356,0.42471910112359557,1.7340909090909091,,stack_experts_logit,weekly,0.0,0,0,60,0.85,0.5,4,2
,144,0.5694915254237288,,,0.3611111111111111,0.3379032258064516,1.0686820472023335,0.5866267053101899,38.53206564517888,1.0686820472023335,,,,0.5338983050847458,0.632768361581921,0.8571428571428572,0.5323741007194245,1.0686820472023335,0.5694915254237288,0.5694915254237288,0.09438202247191012,0.9227272727272727,,stack_experts_logit,weekly,0.0,0,0,60,0.85,0.65,3,1
,235,0.9293785310734464,,,0.3872340425531915,0.3379032258064516,1.1459909612552683,0.5866267053101899,34.52466727454139,1.1459909612552683,,,,0.8898305084745763,0.9491525423728814,1.0074074074074073,0.808695652173913,1.1459909612552683,0.9293785310734464,0.9293785310734464,0.09438202247191012,1.6227272727272726,,stack_experts_logit,weekly,0.0,0,0,60,0.85,0.65,3,2
,142,0.5615819209039548,,,0.3732394366197183,0.3379032258064516,1.1045749436955865,0.5866267053101899,39.87669162727564,1.1045749436955865,,,,0.5141242937853108,0.632768361581921,0.8888888888888888,0.5474452554744526,1.1045749436955865,0.5615819209039548,0.5615819209039548,0.07865168539325842,0.9227272727272727,,stack_experts_logit,weekly,0.0,0,0,60,0.85,0.65,4,1
,231,0.9135593220338984,,,0.39826839826839827,0.3379032258064516,1.1786463337775988,0.5866267053101899,35.75615665698563,1.1786463337775988,,,,0.8502824858757062,0.9491525423728814,1.0542635658914727,0.8141592920353983,1.1786463337775988,0.9135593220338984,0.9135593220338984,0.07865168539325842,1.6068181818181817,,stack_experts_logit,weekly,0.0,0,0,60,0.85,0.65,4,2
,255,1.0084745762711864,,,0.2901960784313726,0.3379032258064516,0.858814170059432,0.5866267053101899,9.245827928061825,0.858814170059432,,,,1.0084745762711864,1.0084745762711864,0.7843137254901961,0.808,0.858814170059432,1.0084745762711864,1.0084745762711864,1.0224719101123596,1.05,,stack_experts_logit,weekly,0.0,0,0,60,0.9,0.0,3,1
,338,1.3367231638418078,,,0.33136094674556216,0.3379032258064516,0.9806386013472485,0.5866267053101899,17.645641916188087,0.9806386013472485,,,,1.265536723163842,1.384180790960452,0.8756218905472637,0.924924924924925,0.9806386013472485,1.3367231638418078,1.3367231638418078,1.0224719101123596,1.7022727272727272,,stack_experts_logit,weekly,0.0,0,0,60,0.9,0.0,3,2
,252,0.9966101694915255,,,0.3492063492063492,0.3379032258064516,1.033450770920938,0.5866267053101899,15.558011907706017,1.033450770920938,,,,0.9887005649717514,1.0084745762711864,0.96,0.7935222672064778,1.033450770920938,0.9966101694915255,0.9966101694915255,0.9863636363636364,1.05,,stack_experts_logit,weekly,0.0,0,0,60,0.9,0.0,4,1
,335,1.3248587570621468,,,0.3761194029850746,0.3379032258064516,1.113097994514302,0.5866267053101899,17.414528379695792,1.113097994514302,,,,1.265536723163842,1.364406779661017,1.0505050505050504,0.9121212121212121,1.113097994514302,1.3248587570621468,1.3248587570621468,1.0224719101123596,1.7022727272727272,,stack_experts_logit,weekly,0.0,0,0,60,0.9,0.0,4,2
,225,0.8898305084745763,,,0.3333333333333333,0.3379032258064516,0.9864757358790771,0.5866267053101899,25.528897548064254,0.9864757358790771,,,,0.8700564971751413,0.9096045197740114,0.8296296296296296,0.5863636363636363,0.9864757358790771,0.8898305084745763,0.8898305084745763,0.7865168539325843,1.0181818181818183,,stack_experts_logit,weekly,0.0,0,0,60,0.9,0.3,3,1
,304,1.2022598870056498,,,0.3717105263157895,0.3379032258064516,1.1000502449441025,0.5866267053101899,32.88858706527701,1.1000502449441025,,,,1.1468926553672316,1.225988700564972,0.9333333333333332,0.7658862876254181,1.1000502449441025,1.2022598870056498,1.2022598870056498,0.7865168539325843,1.6863636363636363,,stack_experts_logit,weekly,0.0,0,0,60,0.9,0.3,3,2
,218,0.8621468926553673,,,0.3623853211009174,0.3379032258064516,1.0724529789144095,0.5866267053101899,36.481971941863165,1.0724529789144095,,,,0.8305084745762712,0.8898305084745763,0.868217054263566,0.6009389671361502,1.0724529789144095,0.8621468926553673,0.8621468926553673,0.7393258426966293,1.0181818181818183,,stack_experts_logit,weekly,0.0,0,0,60,0.9,0.3,4,1
,297,1.1745762711864407,,,0.3939393939393939,0.3379032258064516,1.1658349605843639,0.5866267053101899,35.42462652282698,1.1658349605843639,,,,1.1073446327683616,1.225988700564972,1.011494252873563,0.7808219178082192,1.1658349605843639,1.1745762711864407,1.1745762711864407,0.7393258426966293,1.6863636363636363,,stack_experts_logit,weekly,0.0,0,0,60,0.9,0.3,4,2
,192,0.7593220338983051,,,0.3541666666666667,0.3379032258064516,1.0481304693715197,0.5866267053101899,27.11420388170559,1.0481304693715197,,,,0.692090395480226,0.7909604519774012,0.9491006505931879,0.5026737967914439,1.0481304693715197,0.7593220338983051,0.7593220338983051,0.45617977528089887,1.0181818181818183,,stack_experts_logit,weekly,0.0,0,0,60,0.9,0.5,3,1
,270,1.0677966101694916,,,0.3888888888888889,0.3379032258064516,1.15088835852559,0.5866267053101899,33.4480626979341,1.15088835852559,,,,1.0084745762711864,1.1271186440677967,1.1008243500317059,0.7433962264150943,1.15088835852559,1.0677966101694916,1.0677966101694916,0.45617977528089887,1.6863636363636363,,stack_experts_logit,weekly,0.0,0,0,60,0.9,0.5,3,2
,188,0.7435028248587571,,,0.3723404255319149,0.3379032258064516,1.1019143858223734,0.5866267053101899,35.25643399668633,1.1019143858223734,,,,0.692090395480226,0.7711864406779662,0.9959839357429718,0.5628415300546448,1.1019143858223734,0.7435028248587571,0.7435028248587571,0.40898876404494383,1.0181818181818183,,stack_experts_logit,weekly,0.0,0,0,60,0.9,0.5,4,1
,264,1.0440677966101695,,,0.4015151515151515,0.3379032258064516,1.1882548636725248,0.5866267053101899,34.08869110708251,1.1882548636725248,,,,1.0084745762711864,1.0875706214689267,1.0865279299014239,0.7683397683397684,1.1882548636725248,1.0440677966101695,1.0440677966101695,0.40898876404494383,1.6545454545454545,,stack_experts_logit,weekly,0.0,0,0,60,0.9,0.5,4,2
,141,0.5576271186440678,,,0.3617021276595745,0.3379032258064516,1.07043111765602,0.5866267053101899,38.93322335216068,1.07043111765602,,,,0.5141242937853108,0.632768361581921,0.8205128205128206,0.5220588235294118,1.07043111765602,0.5576271186440678,0.5576271186440678,0.09438202247191012,0.9068181818181819,,stack_experts_logit,weekly,0.0,0,0,60,0.9,0.65,3,1
,217,0.8581920903954803,,,0.4009216589861751,0.3379032258064516,1.1864984657347426,0.5866267053101899,36.24017289333051,1.1864984657347426,,,,0.8107344632768362,0.8898305084745763,1.0406504065040652,0.7830188679245284,1.1864984657347426,0.8581920903954803,0.8581920903954803,0.09438202247191012,1.5431818181818182,,stack_experts_logit,weekly,0.0,0,0,60,0.9,0.65,3,2
,139,0.5497175141242938,,,0.37410071942446044,0.3379032258064516,1.1071238474614105,0.5866267053101899,40.00201739579541,1.1071238474614105,,,,0.4943502824858757,0.632768361581921,0.8533333333333334,0.5447761194029851,1.1071238474614105,0.5497175141242938,0.5497175141242938,0.07865168539325842,0.9068181818181819,,stack_experts_logit,weekly,0.0,0,0,60,0.9,0.65,4,1
,214,0.8463276836158192,,,0.411214953271028,0.3379032258064516,1.2169607208975532,0.5866267053101899,37.71558927398491,1.2169607208975532,,,,0.7711864406779662,0.8898305084745763,1.094017094017094,0.7894736842105263,1.2169607208975532,0.8463276836158192,0.8463276836158192,0.07865168539325842,1.5272727272727273,,stack_experts_logit,weekly,0.0,0,0,60,0.9,0.65,4,2
0.15,272,1.0757062146892655,20.0,0.0,0.3713235294117647,0.3379032258064516,1.0989049557770603,0.5279244997805226,35.157330958073565,1.0989049557770603,1.0989049557770603,1.0,1.0,1.0084745762711864,1.1666666666666667,0.7892702887019778,0.7565543071161048,1.0989049557770603,1.0757062146892655,1.0757062146892655,0.7393258426966293,1.3125,4.0,stack_experts_hist,rolling,0.15,20,0,0,0.0,0.0,0,0
0.15,258,1.0203389830508476,40.0,0.0,0.35658914728682173,0.3379032258064516,1.0552996244287802,0.5279244997805226,30.442383715626033,1.0552996244287802,1.0552996244287802,1.0,1.0,0.8898305084745763,1.0875706214689267,0.676517390315981,0.7747035573122529,1.0552996244287802,1.0203389830508476,1.0203389830508476,0.6449438202247191,1.3475,4.0,stack_experts_hist,rolling,0.15,40,0,0,0.0,0.0,0,0
0.15,253,1.0005649717514125,60.0,0.0,0.3675889328063241,0.3379032258064516,1.0878526889733697,0.5279244997805226,34.15138327054373,1.0878526889733697,1.0878526889733697,1.0,1.0,0.9096045197740114,1.0677966101694916,0.8044485634847081,0.8064516129032258,1.0878526889733697,1.0005649717514125,1.0005649717514125,0.5820224719101125,1.3475,4.0,stack_experts_hist,rolling,0.15,60,0,0,0.0,0.0,0,0
0.15,271,1.0717514124293785,120.0,0.0,0.3726937269372694,0.3379032258064516,1.102959955613876,0.5279244997805226,36.66083223945796,1.102959955613876,1.102959955613876,1.0,1.0,0.8700564971751413,1.1468926553672316,0.824262567511425,0.8270676691729323,1.102959955613876,1.0717514124293785,1.0717514124293785,0.802247191011236,1.3475,4.0,stack_experts_hist,rolling,0.15,120,0,0,0.0,0.0,0,0
0.15,279,1.1033898305084746,250.0,0.0,0.3870967741935484,0.3379032258064516,1.1455847255369929,0.5279244997805226,36.97896878231099,1.1455847255369929,1.1455847255369929,1.0,1.0,0.7514124293785311,1.265536723163842,0.8870481927710844,0.8284671532846716,1.1455847255369929,1.1033898305084746,1.1033898305084746,0.9123595505617977,1.3475,4.0,stack_experts_hist,rolling,0.15,250,0,0,0.0,0.0,0,0
0.15,169,0.6683615819209039,40.0,3.0,0.33136094674556216,0.3379032258064516,0.9806386013472485,0.5279244997805226,27.270198446187546,0.9806386013472485,0.9806386013472485,0.0,1.0,0.5734463276836158,0.731638418079096,0.633807959109164,0.6158536585365854,0.9806386013472485,0.6683615819209039,0.6683615819209039,0.4719101123595506,0.84,4.0,stack_experts_hist,rolling,0.15,40,3,0,0.0,0.0,0,0
0.15,161,0.6367231638418079,60.0,3.0,0.32298136645962733,0.3379032258064516,0.9558398434604723,0.5279244997805226,28.37161095773438,0.9558398434604723,0.9558398434604723,0.0,1.0,0.612994350282486,0.672316384180791,0.5602409638554218,0.6602564102564102,0.9558398434604723,0.6367231638418079,0.6367231638418079,0.39325842696629215,0.84,4.0,stack_experts_hist,rolling,0.15,60,3,0,0.0,0.0,0,0
0.15,174,0.6881355932203389,120.0,3.0,0.3333333333333333,0.3379032258064516,0.9864757358790771,0.5279244997805226,31.83911012543708,0.9864757358790771,0.9864757358790771,0.0,1.0,0.5536723163841808,0.7909604519774012,0.724351953267616,0.6923076923076923,0.9864757358790771,0.6881355932203389,0.6881355932203389,0.5662921348314607,0.84,4.0,stack_experts_hist,rolling,0.15,120,3,0,0.0,0.0,0,0
0.18,306,1.2101694915254237,20.0,0.0,0.3888888888888889,0.3379032258064516,1.15088835852559,0.5279244997805226,37.04209104986339,1.15088835852559,1.15088835852559,1.0,1.0,1.0677966101694916,1.2853107344632768,0.8674698795180724,0.7774086378737541,1.15088835852559,1.2101694915254237,1.2101694915254237,0.9280898876404495,1.4875,4.0,stack_experts_hist,rolling,0.18,20,0,0,0.0,0.0,0,0
0.18,296,1.1706214689265537,40.0,0.0,0.3614864864864865,0.3379032258064516,1.0697929433012967,0.5279244997805226,26.345528290168037,1.0697929433012967,1.0697929433012967,1.0,1.0,1.0875706214689267,1.2062146892655368,0.6857594311672922,0.8144329896907216,1.0697929433012967,1.1706214689265537,1.1706214689265537,0.7707865168539327,1.54,4.0,stack_experts_hist,rolling,0.18,40,0,0,0.0,0.0,0,0
0.18,297,1.1745762711864407,60.0,0.0,0.38047138047138046,0.3379032258064516,1.1259773550943002,0.5279244997805226,33.272575317699406,1.1259773550943002,1.1259773550943002,1.0,1.0,1.0480225988700564,1.2457627118644068,0.8062727098871677,0.8424657534246576,1.1259773550943002,1.1745762711864407,1.1745762711864407,0.6764044943820224,1.54,4.0,stack_experts_hist,rolling,0.18,60,0,0,0.0,0.0,0,0
0.18,318,1.257627118644068,120.0,0.0,0.3836477987421384,0.3379032258064516,1.1353777337476172,0.5279244997805226,33.71733674704168,1.1353777337476172,1.1353777337476172,1.0,1.0,0.9096045197740114,1.4435028248587571,0.8484848484848485,0.8562300319488818,1.1353777337476172,1.257627118644068,1.257627118644068,0.8966292134831462,1.5590909090909093,4.0,stack_experts_hist,rolling,0.18,120,0,0,0.0,0.0,0,0
0.18,329,1.301129943502825,250.0,0.0,0.3981762917933131,0.3379032258064516,1.178373751369232,0.5279244997805226,35.33045297331743,1.178373751369232,1.178373751369232,1.0,1.0,0.8305084745762712,1.5225988700564972,0.91324200913242,0.8580246913580247,1.178373751369232,1.301129943502825,1.301129943502825,0.9280898876404495,1.7022727272727272,4.0,stack_experts_hist,rolling,0.18,250,0,0,0.0,0.0,0,0
0.18,190,0.7514124293785311,40.0,3.0,0.3631578947368421,0.3379032258064516,1.0747393543524684,0.5279244997805226,27.12374249262187,1.0747393543524684,1.0747393543524684,1.0,1.0,0.692090395480226,0.8107344632768362,0.7267990882448715,0.6756756756756757,1.0747393543524684,0.7514124293785311,0.7514124293785311,0.550561797752809,0.9450000000000001,4.0,stack_experts_hist,rolling,0.18,40,3,0,0.0,0.0,0,0
0.18,186,0.7355932203389831,60.0,3.0,0.3548387096774194,0.3379032258064516,1.0501193317422435,0.5279244997805226,30.964125918990565,1.0501193317422435,1.0501193317422435,1.0,1.0,0.652542372881356,0.7909604519774012,0.6639892904953146,0.712707182320442,1.0501193317422435,0.7355932203389831,0.7355932203389831,0.4719101123595506,0.9450000000000001,4.0,stack_experts_hist,rolling,0.18,60,3,0,0.0,0.0,0,0
0.18,199,0.7870056497175141,120.0,3.0,0.35175879396984927,0.3379032258064516,1.0410045454000314,0.5279244997805226,29.02974591709516,1.0410045454000314,1.0410045454000314,1.0,1.0,0.5536723163841808,0.8700564971751413,0.7272727272727272,0.7474226804123711,1.0410045454000314,0.7870056497175141,0.7870056497175141,0.6134831460674157,0.9450000000000001,4.0,stack_experts_hist,rolling,0.18,120,3,0,0.0,0.0,0,0
0.2,329,1.301129943502825,20.0,0.0,0.3860182370820669,0.3379032258064516,1.142392873464828,0.5279244997805226,36.80865596519513,1.142392873464828,1.142392873464828,1.0,1.0,1.1864406779661016,1.384180790960452,0.8148959474260679,0.7993827160493827,1.142392873464828,1.301129943502825,1.301129943502825,1.0382022471910113,1.6099999999999999,4.0,stack_experts_hist,rolling,0.2,20,0,0,0.0,0.0,0,0
0.2,313,1.2378531073446328,40.0,0.0,0.36741214057507987,0.3379032258064516,1.0873294852341266,0.5279244997805226,27.59338934773643,1.0873294852341266,1.0873294852341266,1.0,1.0,1.1864406779661016,1.265536723163842,0.746987951807229,0.8246753246753247,1.0873294852341266,1.2378531073446328,1.2378531073446328,0.802247191011236,1.6275000000000002,4.0,stack_experts_hist,rolling,0.2,40,0,0,0.0,0.0,0,0
0.2,328,1.2971751412429378,60.0,0.0,0.39939024390243905,0.3379032258064516,1.181966354269748,0.5279244997805226,35.25819440090283,1.181966354269748,1.181966354269748,1.0,1.0,1.1271186440677967,1.423728813559322,0.9544846050870147,0.8421052631578947,1.181966354269748,1.2971751412429378,1.2971751412429378,0.802247191011236,1.645,4.0,stack_experts_hist,rolling,0.2,60,0,0,0.0,0.0,0,0
0.2,342,1.3525423728813561,120.0,0.0,0.39766081871345027,0.3379032258064516,1.1768482463118815,0.5279244997805226,34.78251858216474,1.1768482463118815,1.1768482463118815,1.0,1.0,0.9689265536723164,1.5423728813559323,0.9259259259259259,0.8605341246290801,1.1768482463118815,1.3525423728813561,1.3525423728813561,0.9438202247191012,1.7022727272727272,4.0,stack_experts_hist,rolling,0.2,120,0,0,0.0,0.0,0,0
0.2,350,1.384180790960452,250.0,0.0,0.40285714285714286,0.3379032258064516,1.1922263893624276,0.5279244997805226,35.34454882430084,1.1922263893624276,1.1922263893624276,1.0,1.0,0.9096045197740114,1.6016949152542375,0.9876543209876543,0.8666666666666667,1.1922263893624276,1.384180790960452,1.384180790960452,0.9438202247191012,1.8295454545454546,4.0,stack_experts_hist,rolling,0.2,250,0,0,0.0,0.0,0,0
0.2,199,0.7870056497175141,40.0,3.0,0.35678391959798994,0.3379032258064516,1.055876038905746,0.5279244997805226,24.838045079266266,1.055876038905746,1.055876038905746,1.0,1.0,0.7514124293785311,0.8305084745762712,0.6290424857324033,0.6907216494845361,1.055876038905746,0.7870056497175141,0.7870056497175141,0.5662921348314607,0.9975,4.0,stack_experts_hist,rolling,0.2,40,3,0,0.0,0.0,0,0
0.2,203,0.8028248587570622,60.0,3.0,0.3694581280788177,0.3379032258064516,1.0933844363191743,0.5279244997805226,29.928509972602097,1.0933844363191743,1.0933844363191743,1.0,1.0,0.652542372881356,0.8502824858757062,0.7825588066551923,0.7222222222222222,1.0933844363191743,0.8028248587570622,0.8028248587570622,0.5662921348314607,0.9975,4.0,stack_experts_hist,rolling,0.2,60,3,0,0.0,0.0,0,0
0.2,209,0.8265536723163841,120.0,3.0,0.3684210526315789,0.3379032258064516,1.0903152870242432,0.5279244997805226,31.3217416842586,1.0903152870242432,1.0903152870242432,1.0,1.0,0.5734463276836158,0.9293785310734464,0.7943262411347517,0.75,1.0903152870242432,0.8265536723163841,0.8265536723163841,0.6134831460674157,0.9975,4.0,stack_experts_hist,rolling,0.2,120,3,0,0.0,0.0,0,0
0.22,356,1.407909604519774,20.0,0.0,0.37640449438202245,0.3379032258064516,1.1139417017510926,0.5279244997805226,31.226823498772145,1.1139417017510926,1.1139417017510926,1.0,1.0,1.3248587570621468,1.4830508474576272,0.7683304647160069,0.811965811965812,1.1139417017510926,1.407909604519774,1.407909604519774,1.101123595505618,1.68,4.0,stack_experts_hist,rolling,0.22,20,0,0,0.0,0.0,0,0
0.22,341,1.348587570621469,40.0,0.0,0.36656891495601174,0.3379032258064516,1.0848340203948796,0.5279244997805226,27.781442237614428,1.0848340203948796,1.0848340203948796,1.0,1.0,1.2457627118644068,1.423728813559322,0.7995927371457662,0.8363095238095238,1.0848340203948796,1.348587570621469,1.348587570621469,0.8494382022471911,1.638636363636364,4.0,stack_experts_hist,rolling,0.22,40,0,0,0.0,0.0,0,0
0.22,348,1.3762711864406778,60.0,0.0,0.3994252873563218,0.3379032258064516,1.1820700628206182,0.5279244997805226,34.29303576672752,1.1820700628206182,1.1820700628206182,1.0,1.0,1.2062146892655368,1.4830508474576272,0.9286877238684468,0.8571428571428571,1.1820700628206182,1.3762711864406778,1.3762711864406778,0.8651685393258427,1.7340909090909091,4.0,stack_experts_hist,rolling,0.22,60,0,0,0.0,0.0,0,0
0.22,358,1.415819209039548,120.0,0.0,0.39106145251396646,0.3379032258064516,1.1573179024279676,0.5279244997805226,32.75917020478287,1.1573179024279676,1.1573179024279676,1.0,1.0,1.0677966101694916,1.5819209039548023,0.8888888888888888,0.8640226628895185,1.1573179024279676,1.415819209039548,1.415819209039548,0.9438202247191012,1.7659090909090909,4.0,stack_experts_hist,rolling,0.22,120,0,0,0.0,0.0,0,0
0.22,373,1.475141242937853,250.0,0.0,0.3914209115281501,0.3379032258064516,1.1583816952145731,0.5279244997805226,32.77361587684646,1.1583816952145731,1.1583816952145731,1.0,1.0,1.0282485875706215,1.6807909604519775,0.9411764705882354,0.8722826086956522,1.1583816952145731,1.475141242937853,1.475141242937853,1.006741573033708,1.940909090909091,4.0,stack_experts_hist,rolling,0.22,250,0,0,0.0,0.0,0,0
0.22,215,0.8502824858757062,40.0,3.0,0.3627906976744186,0.3379032258064516,1.0736526613753679,0.5279244997805226,27.931441994435595,1.0736526613753679,1.0736526613753679,1.0,1.0,0.7909604519774012,0.9096045197740114,0.7643597646399553,0.7047619047619048,1.0736526613753679,0.8502824858757062,0.8502824858757062,0.6134831460674157,0.9975,4.0,stack_experts_hist,rolling,0.22,40,3,0,0.0,0.0,0,0
0.22,211,0.8344632768361583,60.0,3.0,0.3791469194312796,0.3379032258064516,1.1220577090567703,0.5279244997805226,29.68555648573993,1.1220577090567703,1.1220577090567703,1.0,1.0,0.672316384180791,0.8898305084745763,0.7643597646399553,0.7378640776699029,1.1220577090567703,0.8344632768361583,0.8344632768361583,0.6134831460674157,0.9975,4.0,stack_experts_hist,rolling,0.22,60,3,0,0.0,0.0,0,0
0.22,221,0.8740112994350283,120.0,3.0,0.36199095022624433,0.3379032258064516,1.0712858670180023,0.5279244997805226,27.922617752043767,1.0712858670180023,1.0712858670180023,1.0,1.0,0.652542372881356,0.9491525423728814,0.7222222222222222,0.7546296296296297,1.0712858670180023,0.8740112994350283,0.8740112994350283,0.6134831460674157,1.0181818181818183,4.0,stack_experts_hist,rolling,0.22,120,3,0,0.0,0.0,0,0
0.25,386,1.5265536723163844,20.0,0.0,0.3756476683937824,0.3379032258064516,1.1117019303300482,0.5279244997805226,31.406654098872412,1.1117019303300482,1.1117019303300482,1.0,1.0,1.4435028248587571,1.5819209039548023,0.8537005163511188,0.8346456692913385,1.1117019303300482,1.5265536723163844,1.5265536723163844,1.21123595505618,1.8025,4.0,stack_experts_hist,rolling,0.25,20,0,0,0.0,0.0,0,0
0.25,378,1.494915254237288,40.0,0.0,0.373015873015873,0.3379032258064516,1.1039133234837293,0.5279244997805226,28.074921241156897,1.1039133234837293,1.1039133234837293,1.0,1.0,1.4435028248587571,1.5819209039548023,0.8148959474260679,0.8632707774798928,1.1039133234837293,1.494915254237288,1.494915254237288,0.9910112359550562,1.7818181818181817,4.0,stack_experts_hist,rolling,0.25,40,0,0,0.0,0.0,0,0
0.25,378,1.494915254237288,60.0,0.0,0.3941798941798942,0.3379032258064516,1.1665467035395436,0.5279244997805226,33.704034564956196,1.1665467035395436,1.1665467035395436,1.0,1.0,1.305084745762712,1.6016949152542375,0.9590956418265655,0.8739946380697051,1.1665467035395436,1.494915254237288,1.494915254237288,0.9280898876404495,1.8931818181818183,4.0,stack_experts_hist,rolling,0.25,60,0,0,0.0,0.0,0,0
0.25,390,1.5423728813559323,120.0,0.0,0.3923076923076923,0.3379032258064516,1.16100605838076,0.5279244997805226,30.83698666034939,1.16100605838076,1.16100605838076,1.0,1.0,1.1666666666666667,1.7401129943502827,0.9696969696969697,0.8805194805194805,1.16100605838076,1.5423728813559323,1.5423728813559323,0.9438202247191012,1.9886363636363638,4.0,stack_experts_hist,rolling,0.25,120,0,0,0.0,0.0,0,0
0.25,399,1.5779661016949154,250.0,0.0,0.38596491228070173,0.3379032258064516,1.1422350625968263,0.5279244997805226,29.416705248845695,1.1422350625968263,1.1422350625968263,1.0,1.0,1.1271186440677967,1.7796610169491527,0.9481481481481482,0.8807106598984772,1.1422350625968263,1.5779661016949154,1.5779661016949154,1.0224719101123596,2.0522727272727272,4.0,stack_experts_hist,rolling,0.25,250,0,0,0.0,0.0,0,0
0.25,234,0.9254237288135593,40.0,3.0,0.3717948717948718,0.3379032258064516,1.10029985924974,0.5279244997805226,27.540127107716053,1.10029985924974,1.10029985924974,1.0,1.0,0.8502824858757062,0.9887005649717514,0.746987951807229,0.7467248908296943,1.10029985924974,0.9254237288135593,0.9254237288135593,0.7235955056179775,1.05,4.0,stack_experts_hist,rolling,0.25,40,3,0,0.0,0.0,0,0
0.25,222,0.8779661016949153,60.0,3.0,0.3783783783783784,0.3379032258064516,1.1197832677546282,0.5279244997805226,31.93348157201677,1.1197832677546282,1.1197832677546282,1.0,1.0,0.672316384180791,0.9293785310734464,0.8264547551909768,0.7603686635944701,1.1197832677546282,0.8779661016949153,0.8779661016949153,0.6449438202247191,1.015,4.0,stack_experts_hist,rolling,0.25,60,3,0,0.0,0.0,0,0
0.25,231,0.9135593220338984,120.0,3.0,0.36363636363636365,0.3379032258064516,1.0761553482317205,0.5279244997805226,26.531094205463422,1.0761553482317205,1.0761553482317205,1.0,1.0,0.692090395480226,1.0084745762711864,0.7843137254901961,0.7831858407079646,1.0761553482317205,0.9135593220338984,0.9135593220338984,0.6134831460674157,1.0977272727272729,4.0,stack_experts_hist,rolling,0.25,120,3,0,0.0,0.0,0,0
0.3,447,1.7677966101694917,20.0,0.0,0.3624161073825503,0.3379032258064516,1.072544088673896,0.5279244997805226,28.362879231741445,1.072544088673896,1.072544088673896,1.0,1.0,1.7005649717514124,1.8587570621468927,0.7991033903054077,0.8687782805429864,1.072544088673896,1.7677966101694917,1.7677966101694917,1.510112359550562,1.995,4.0,stack_experts_hist,rolling,0.3,20,0,0,0.0,0.0,0,0
0.3,447,1.7677966101694917,40.0,0.0,0.3713646532438479,0.3379032258064516,1.0990266587646096,0.5279244997805226,27.21641031659854,1.0990266587646096,1.0990266587646096,1.0,1.0,1.7005649717514124,1.8192090395480227,0.863186077643909,0.8868778280542986,1.0990266587646096,1.7677966101694917,1.7677966101694917,1.2269662921348314,2.1636363636363636,4.0,stack_experts_hist,rolling,0.3,40,0,0,0.0,0.0,0,0
0.3,432,1.7084745762711866,60.0,0.0,0.3912037037037037,0.3379032258064516,1.157738884469195,0.5279244997805226,29.902703581268636,1.157738884469195,1.157738884469195,1.0,1.0,1.5028248587570623,1.7796610169491527,0.9887640449438203,0.8805620608899297,1.157738884469195,1.7084745762711866,1.7084745762711866,1.006741573033708,2.131818181818182,4.0,stack_experts_hist,rolling,0.3,60,0,0,0.0,0.0,0,0
0.3,442,1.7480225988700566,120.0,0.0,0.3733031674208145,0.3379032258064516,1.104763550362315,0.5279244997805226,28.151633202572228,1.104763550362315,1.104763550362315,1.0,1.0,1.423728813559322,1.9378531073446328,0.9523809523809524,0.8924485125858124,1.104763550362315,1.7480225988700566,1.7480225988700566,1.053932584269663,2.1795454545454547,4.0,stack_experts_hist,rolling,0.3,120,0,0,0.0,0.0,0,0
0.3,455,1.7994350282485876,250.0,0.0,0.37142857142857144,0.3379032258064516,1.0992158199795432,0.5279244997805226,26.520048850026935,1.0992158199795432,1.0992158199795432,1.0,1.0,1.3248587570621468,2.056497175141243,0.9487179487179488,0.8911111111111111,1.0992158199795432,1.7994350282485876,1.7994350282485876,1.2426966292134833,2.1954545454545458,4.0,stack_experts_hist,rolling,0.3,250,0,0,0.0,0.0,0,0
0.3,262,1.0361581920903955,40.0,3.0,0.3435114503816794,0.3379032258064516,1.016597132394469,0.5279244997805226,23.024683610911527,1.016597132394469,1.016597132394469,1.0,1.0,0.9689265536723164,1.0875706214689267,0.6707646914187362,0.7821011673151751,1.016597132394469,1.0361581920903955,1.0361581920903955,0.8494382022471911,1.1613636363636364,4.0,stack_experts_hist,rolling,0.3,40,3,0,0.0,0.0,0,0
0.3,250,0.9887005649717514,60.0,3.0,0.372,0.3379032258064516,1.10090692124105,0.5279244997805226,27.674341644742118,1.10090692124105,1.10090692124105,1.0,1.0,0.8107344632768362,1.0480225988700564,0.8202220647295064,0.7714285714285715,1.10090692124105,0.9887005649717514,0.9887005649717514,0.6764044943820224,1.1725,4.0,stack_experts_hist,rolling,0.3,60,3,0,0.0,0.0,0,0
0.3,256,1.0124293785310736,120.0,3.0,0.34375,0.3379032258064516,1.0173031026252983,0.5279244997805226,25.7786991416854,1.0173031026252983,1.0173031026252983,1.0,1.0,0.7909604519774012,1.1073446327683616,0.8044485634847081,0.7928286852589641,1.0173031026252983,1.0124293785310736,1.0124293785310736,0.6449438202247191,1.1931818181818181,4.0,stack_experts_hist,rolling,0.3,120,3,0,0.0,0.0,0,0
0.35,508,2.009039548022599,20.0,0.0,0.36811023622047245,0.3379032258064516,1.0893954484806345,0.5279244997805226,30.127570043281008,1.0893954484806345,1.0893954484806345,1.0,1.0,1.9378531073446328,2.115819209039548,0.9696969696969697,0.8966202783300199,1.0893954484806345,2.009039548022599,2.009039548022599,1.8247191011235955,2.2272727272727275,4.0,stack_experts_hist,rolling,0.35,20,0,0,0.0,0.0,0,0
0.35,504,1.993220338983051,40.0,0.0,0.3630952380952381,0.3379032258064516,1.074553926582566,0.5279244997805226,26.00722955048626,1.074553926582566,1.074553926582566,1.0,1.0,1.8983050847457628,2.096045197740113,0.8714859437751005,0.9038076152304609,1.074553926582566,1.993220338983051,1.993220338983051,1.4629213483146069,2.3863636363636362,4.0,stack_experts_hist,rolling,0.35,40,0,0,0.0,0.0,0,0
0.35,488,1.9299435028248588,60.0,0.0,0.375,0.3379032258064516,1.1097852028639619,0.5279244997805226,26.338841589084197,1.1097852028639619,1.1097852028639619,1.0,1.0,1.7796610169491527,2.036723163841808,0.9579288025889968,0.9026915113871635,1.1097852028639619,1.9299435028248588,1.9299435028248588,1.0853932584269663,2.418181818181818,4.0,stack_experts_hist,rolling,0.35,60,0,0,0.0,0.0,0,0
0.35,491,1.94180790960452,120.0,0.0,0.36863543788187375,0.3379032258064516,1.0909497445668819,0.5279244997805226,26.124077171128377,1.0909497445668819,1.0909497445668819,1.0,1.0,1.5819209039548023,2.135593220338983,0.9860240963855422,0.9012345679012346,1.0909497445668819,1.94180790960452,1.94180790960452,1.21123595505618,2.4022727272727273,4.0,stack_experts_hist,rolling,0.35,120,0,0,0.0,0.0,0,0
0.35,513,2.028813559322034,250.0,0.0,0.3664717348927875,0.3379032258064516,1.0845464230717339,0.5279244997805226,24.9491988191406,1.0845464230717339,1.0845464230717339,1.0,1.0,1.5225988700564972,2.3135593220338984,0.9481000926784059,0.9015748031496063,1.0845464230717339,2.028813559322034,2.028813559322034,1.4943820224719102,2.465909090909091,4.0,stack_experts_hist,rolling,0.35,250,0,0,0.0,0.0,0,0
0.35,287,1.1350282485875707,40.0,3.0,0.313588850174216,0.3379032258064516,0.9280433752172502,0.5279244997805226,18.982297203011242,0.9280433752172502,0.9280433752172502,0.0,1.0,1.0084745762711864,1.225988700564972,0.5858729033782187,0.8120567375886525,0.9280433752172502,1.1350282485875707,1.1350282485875707,0.9752808988764046,1.240909090909091,4.0,stack_experts_hist,rolling,0.35,40,3,0,0.0,0.0,0,0
0.35,279,1.1033898305084746,60.0,3.0,0.3333333333333333,0.3379032258064516,0.9864757358790771,0.5279244997805226,22.957358996512088,0.9864757358790771,0.9864757358790771,0.0,1.0,0.9887005649717514,1.1864406779661016,0.735632183908046,0.8065693430656934,0.9864757358790771,1.1033898305084746,1.1033898305084746,0.7393258426966293,1.295,4.0,stack_experts_hist,rolling,0.35,60,3,0,0.0,0.0,0,0
0.35,272,1.0757062146892655,120.0,3.0,0.31985294117647056,0.3379032258064516,0.946581496560438,0.5279244997805226,22.392643021566414,0.946581496560438,0.946581496560438,0.0,1.0,0.8502824858757062,1.1666666666666667,0.7605695509309967,0.8014981273408239,0.946581496560438,1.0757062146892655,1.0757062146892655,0.7235955056179775,1.295,4.0,stack_experts_hist,rolling,0.35,120,3,0,0.0,0.0,0,0
,255,1.0084745762711864,,,0.34509803921568627,0.3379032258064516,1.0212925265571622,0.5279244997805226,29.73173269387405,1.0212925265571622,,,,1.0084745762711864,1.0084745762711864,0.9411764705882354,0.676,1.0212925265571622,1.0084745762711864,1.0084745762711864,1.0224719101123596,1.05,,stack_experts_hist,weekly,0.0,0,0,10,0.75,0.0,3,1
,387,1.5305084745762714,,,0.36175710594315247,0.3379032258064516,1.0705938218842699,0.5279244997805226,36.991782813465726,1.0705938218842699,,,,1.4830508474576272,1.5819209039548023,0.9163052208835342,0.8534031413612565,1.0705938218842699,1.5305084745762714,1.5305084745762714,1.3842696629213485,1.6704545454545454,,stack_experts_hist,weekly,0.0,0,0,10,0.75,0.0,3,2
,253,1.0005649717514125,,,0.35177865612648224,0.3379032258064516,1.0410633260067732,0.5279244997805226,30.646123683838134,1.0410633260067732,,,,0.9887005649717514,1.0084745762711864,0.9934640522875817,0.6451612903225806,1.0410633260067732,1.0005649717514125,1.0005649717514125,1.0022727272727272,1.05,,stack_experts_hist,weekly,0.0,0,0,10,0.75,0.0,4,1
,378,1.494915254237288,,,0.38095238095238093,0.3379032258064516,1.1274008410046596,0.5279244997805226,37.010312296369676,1.1274008410046596,,,,1.463276836158192,1.5423728813559323,0.969065450993162,0.8364611260053619,1.1274008410046596,1.494915254237288,1.494915254237288,1.3842696629213485,1.6545454545454545,,stack_experts_hist,weekly,0.0,0,0,10,0.75,0.0,4,2
,245,0.9689265536723164,,,0.3306122448979592,0.3379032258064516,0.9784228727290439,0.5279244997805226,22.78258197730376,0.9784228727290439,,,,0.9491525423728814,0.9887005649717514,0.8963855421686747,0.6,0.9784228727290439,0.9689265536723164,0.9689265536723164,0.9595505617977528,1.0340909090909092,,stack_experts_hist,weekly,0.0,0,0,10,0.75,0.3,3,1
,372,1.4711864406779662,,,0.3655913978494624,0.3379032258064516,1.0819411296738266,0.5279244997805226,31.797177475473656,1.0819411296738266,,,,1.423728813559322,1.5028248587570623,0.8883099967437318,0.8065395095367848,1.0819411296738266,1.4711864406779662,1.4711864406779662,1.3213483146067417,1.6704545454545454,,stack_experts_hist,weekly,0.0,0,0,10,0.75,0.3,3,2
,239,0.9451977401129943,,,0.3389121338912134,0.3379032258064516,1.0029857900360493,0.5279244997805226,28.830199042122135,1.0029857900360493,,,,0.9096045197740114,0.9689265536723164,0.8163265306122449,0.5683760683760684,1.0029857900360493,0.9451977401129943,0.9451977401129943,0.91,1.0181818181818183,,stack_experts_hist,weekly,0.0,0,0,10,0.75,0.3,4,1
,355,1.4039548022598871,,,0.38028169014084506,0.3379032258064516,1.125415980369088,0.5279244997805226,37.87060658859784,1.125415980369088,,,,1.3248587570621468,1.4435028248587571,0.9390705679862307,0.7828571428571428,1.125415980369088,1.4039548022598871,1.4039548022598871,1.2898876404494382,1.638636363636364,,stack_experts_hist,weekly,0.0,0,0,10,0.75,0.3,4,2
,239,0.9451977401129943,,,0.3305439330543933,0.3379032258064516,0.9782207088005911,0.5279244997805226,22.95859831963506,0.9782207088005911,,,,0.9293785310734464,0.9689265536723164,0.8714859437751005,0.5512820512820513,0.9782207088005911,0.9451977401129943,0.9451977401129943,0.9275,1.0022727272727272,,stack_experts_hist,weekly,0.0,0,0,10,0.75,0.5,3,1
,360,1.423728813559322,,,0.37222222222222223,0.3379032258064516,1.1015645717316362,0.5279244997805226,34.00513750518955,1.1015645717316362,,,,1.364406779661017,1.5028248587570623,0.9093766369827135,0.780281690140845,1.1015645717316362,1.423728813559322,1.423728813559322,1.3213483146067417,1.638636363636364,,stack_experts_hist,weekly,0.0,0,0,10,0.75,0.5,3,2
,235,0.9293785310734464,,,0.33617021276595743,0.3379032258064516,0.9948712740567714,0.5279244997805226,30.3514476948179,0.9948712740567714,,,,0.8898305084745763,0.9491525423728814,0.8333333333333334,0.5521739130434783,0.9948712740567714,0.9293785310734464,0.9293785310734464,0.8925,0.9863636363636364,,stack_experts_hist,weekly,0.0,0,0,10,0.75,0.5,4,1
,343,1.356497175141243,,,0.3760932944606414,0.3379032258064516,1.113020728236743,0.5279244997805226,38.06031255964299,1.113020728236743,,,,1.265536723163842,1.4039548022598871,0.9666902905740611,0.7692307692307693,1.113020728236743,1.356497175141243,1.356497175141243,1.2741573033707865,1.5590909090909093,,stack_experts_hist,weekly,0.0,0,0,10,0.75,0.5,4,2
,197,0.7790960451977401,,,0.34517766497461927,0.3379032258064516,1.0215281731945773,0.5279244997805226,38.457433860887626,1.0215281731945773,,,,0.7514124293785311,0.8107344632768362,0.7804878048780487,0.484375,1.0215281731945773,0.7790960451977401,0.7790960451977401,0.755056179775281,0.8272727272727273,,stack_experts_hist,weekly,0.0,0,0,10,0.75,0.65,3,1
,305,1.2062146892655368,,,0.38688524590163936,0.3379032258064516,1.1449587229547322,0.5279244997805226,44.209729006979614,1.1449587229547322,,,,1.1468926553672316,1.265536723163842,0.9461847389558233,0.74,1.1449587229547322,1.2062146892655368,1.2062146892655368,1.0696629213483146,1.384090909090909,,stack_experts_hist,weekly,0.0,0,0,10,0.75,0.65,3,2
,194,0.7672316384180791,,,0.34536082474226804,0.3379032258064516,1.0220702211943016,0.5279244997805226,39.47947449195061,1.0220702211943016,,,,0.731638418079096,0.7909604519774012,0.7999999999999999,0.47619047619047616,1.0220702211943016,0.7672316384180791,0.7672316384180791,0.7393258426966293,0.8113636363636363,,stack_experts_hist,weekly,0.0,0,0,10,0.75,0.65,4,1
,298,1.1785310734463277,,,0.3859060402684564,0.3379032258064516,1.142060835162019,0.5279244997805226,45.003779036808,1.142060835162019,,,,1.1073446327683616,1.225988700564972,0.8963855421686747,0.7337883959044369,1.142060835162019,1.1785310734463277,1.1785310734463277,1.0224719101123596,1.3681818181818182,,stack_experts_hist,weekly,0.0,0,0,10,0.75,0.65,4,2
,255,1.0084745762711864,,,0.34509803921568627,0.3379032258064516,1.0212925265571622,0.5279244997805226,29.73173269387405,1.0212925265571622,,,,1.0084745762711864,1.0084745762711864,0.9411764705882354,0.676,1.0212925265571622,1.0084745762711864,1.0084745762711864,1.0224719101123596,1.05,,stack_experts_hist,weekly,0.0,0,0,10,0.8,0.0,3,1
,387,1.5305084745762714,,,0.3643410852713178,0.3379032258064516,1.0782409206120145,0.5279244997805226,37.14683729444608,1.0782409206120145,,,,1.4830508474576272,1.5819209039548023,0.9561445783132531,0.8534031413612565,1.0782409206120145,1.5305084745762714,1.5305084745762714,1.3842696629213485,1.6704545454545454,,stack_experts_hist,weekly,0.0,0,0,10,0.8,0.0,3,2
,253,1.0005649717514125,,,0.35177865612648224,0.3379032258064516,1.0410633260067732,0.5279244997805226,30.646123683838134,1.0410633260067732,,,,0.9887005649717514,1.0084745762711864,0.9934640522875817,0.6451612903225806,1.0410633260067732,1.0005649717514125,1.0005649717514125,1.0022727272727272,1.05,,stack_experts_hist,weekly,0.0,0,0,10,0.8,0.0,4,1
,378,1.494915254237288,,,0.38095238095238093,0.3379032258064516,1.1274008410046596,0.5279244997805226,37.010312296369676,1.1274008410046596,,,,1.463276836158192,1.5423728813559323,0.969065450993162,0.8364611260053619,1.1274008410046596,1.494915254237288,1.494915254237288,1.3842696629213485,1.6545454545454545,,stack_experts_hist,weekly,0.0,0,0,10,0.8,0.0,4,2
,245,0.9689265536723164,,,0.3306122448979592,0.3379032258064516,0.9784228727290439,0.5279244997805226,22.78258197730376,0.9784228727290439,,,,0.9491525423728814,0.9887005649717514,0.8963855421686747,0.6,0.9784228727290439,0.9689265536723164,0.9689265536723164,0.9595505617977528,1.0340909090909092,,stack_experts_hist,weekly,0.0,0,0,10,0.8,0.3,3,1
,372,1.4711864406779662,,,0.3655913978494624,0.3379032258064516,1.0819411296738266,0.5279244997805226,31.797177475473656,1.0819411296738266,,,,1.423728813559322,1.5028248587570623,0.8883099967437318,0.8065395095367848,1.0819411296738266,1.4711864406779662,1.4711864406779662,1.3213483146067417,1.6704545454545454,,stack_experts_hist,weekly,0.0,0,0,10,0.8,0.3,3,2
,239,0.9451977401129943,,,0.3389121338912134,0.3379032258064516,1.0029857900360493,0.5279244997805226,28.830199042122135,1.0029857900360493,,,,0.9096045197740114,0.9689265536723164,0.8163265306122449,0.5683760683760684,1.0029857900360493,0.9451977401129943,0.9451977401129943,0.91,1.0181818181818183,,stack_experts_hist,weekly,0.0,0,0,10,0.8,0.3,4,1
,355,1.4039548022598871,,,0.38028169014084506,0.3379032258064516,1.125415980369088,0.5279244997805226,37.87060658859784,1.125415980369088,,,,1.3248587570621468,1.4435028248587571,0.9390705679862307,0.7828571428571428,1.125415980369088,1.4039548022598871,1.4039548022598871,1.2898876404494382,1.638636363636364,,stack_experts_hist,weekly,0.0,0,0,10,0.8,0.3,4,2
,239,0.9451977401129943,,,0.3305439330543933,0.3379032258064516,0.9782207088005911,0.5279244997805226,22.95859831963506,0.9782207088005911,,,,0.9293785310734464,0.9689265536723164,0.8714859437751005,0.5512820512820513,0.9782207088005911,0.9451977401129943,0.9451977401129943,0.9275,1.0022727272727272,,stack_experts_hist,weekly,0.0,0,0,10,0.8,0.5,3,1
,360,1.423728813559322,,,0.37222222222222223,0.3379032258064516,1.1015645717316362,0.5279244997805226,34.00513750518955,1.1015645717316362,,,,1.364406779661017,1.5028248587570623,0.9093766369827135,0.780281690140845,1.1015645717316362,1.423728813559322,1.423728813559322,1.3213483146067417,1.638636363636364,,stack_experts_hist,weekly,0.0,0,0,10,0.8,0.5,3,2
,235,0.9293785310734464,,,0.33617021276595743,0.3379032258064516,0.9948712740567714,0.5279244997805226,30.3514476948179,0.9948712740567714,,,,0.8898305084745763,0.9491525423728814,0.8333333333333334,0.5521739130434783,0.9948712740567714,0.9293785310734464,0.9293785310734464,0.8925,0.9863636363636364,,stack_experts_hist,weekly,0.0,0,0,10,0.8,0.5,4,1
,343,1.356497175141243,,,0.3760932944606414,0.3379032258064516,1.113020728236743,0.5279244997805226,38.06031255964299,1.113020728236743,,,,1.265536723163842,1.4039548022598871,0.9666902905740611,0.7692307692307693,1.113020728236743,1.356497175141243,1.356497175141243,1.2741573033707865,1.5590909090909093,,stack_experts_hist,weekly,0.0,0,0,10,0.8,0.5,4,2
,197,0.7790960451977401,,,0.34517766497461927,0.3379032258064516,1.0215281731945773,0.5279244997805226,38.457433860887626,1.0215281731945773,,,,0.7514124293785311,0.8107344632768362,0.7804878048780487,0.484375,1.0215281731945773,0.7790960451977401,0.7790960451977401,0.755056179775281,0.8272727272727273,,stack_experts_hist,weekly,0.0,0,0,10,0.8,0.65,3,1
,305,1.2062146892655368,,,0.38688524590163936,0.3379032258064516,1.1449587229547322,0.5279244997805226,44.209729006979614,1.1449587229547322,,,,1.1468926553672316,1.265536723163842,0.9461847389558233,0.74,1.1449587229547322,1.2062146892655368,1.2062146892655368,1.0696629213483146,1.384090909090909,,stack_experts_hist,weekly,0.0,0,0,10,0.8,0.65,3,2
,194,0.7672316384180791,,,0.34536082474226804,0.3379032258064516,1.0220702211943016,0.5279244997805226,39.47947449195061,1.0220702211943016,,,,0.731638418079096,0.7909604519774012,0.7999999999999999,0.47619047619047616,1.0220702211943016,0.7672316384180791,0.7672316384180791,0.7393258426966293,0.8113636363636363,,stack_experts_hist,weekly,0.0,0,0,10,0.8,0.65,4,1
,298,1.1785310734463277,,,0.3859060402684564,0.3379032258064516,1.142060835162019,0.5279244997805226,45.003779036808,1.142060835162019,,,,1.1073446327683616,1.225988700564972,0.8963855421686747,0.7337883959044369,1.142060835162019,1.1785310734463277,1.1785310734463277,1.0224719101123596,1.3681818181818182,,stack_experts_hist,weekly,0.0,0,0,10,0.8,0.65,4,2
,255,1.0084745762711864,,,0.30980392156862746,0.3379032258064516,0.9168421545229071,0.5279244997805226,24.940696460521412,0.9168421545229071,,,,1.0084745762711864,1.0084745762711864,0.8288770053475936,0.74,0.9168421545229071,1.0084745762711864,1.0084745762711864,1.0224719101123596,1.05,,stack_experts_hist,weekly,0.0,0,0,10,0.85,0.0,3,1
,351,1.3881355932203392,,,0.3418803418803419,0.3379032258064516,1.0117699855170024,0.5279244997805226,34.3537729996086,1.0117699855170024,,,,1.3248587570621468,1.4435028248587571,0.8767123287671232,0.838150289017341,1.0117699855170024,1.3881355932203392,1.3881355932203392,1.30561797752809,1.47,,stack_experts_hist,weekly,0.0,0,0,10,0.85,0.0,3,2
,252,0.9966101694915255,,,0.3373015873015873,0.3379032258064516,0.9982194946395425,0.5279244997805226,30.85235033916215,0.9982194946395425,,,,0.9887005649717514,1.0084745762711864,0.9581818181818182,0.6882591093117408,0.9982194946395425,0.9966101694915255,0.9966101694915255,0.9863636363636364,1.05,,stack_experts_hist,weekly,0.0,0,0,10,0.85,0.0,4,1
,334,1.3209039548022599,,,0.3772455089820359,0.3379032258064516,1.1164306232403927,0.5279244997805226,39.921276438416754,1.1164306232403927,,,,1.2853107344632768,1.364406779661017,1.0434782608695652,0.8115501519756839,1.1164306232403927,1.3209039548022599,1.3209039548022599,1.30561797752809,1.4000000000000001,,stack_experts_hist,weekly,0.0,0,0,10,0.85,0.0,4,2
,242,0.9570621468926553,,,0.28512396694214875,0.3379032258064516,0.8438036253180536,0.5279244997805226,16.000013505271628,0.8438036253180536,,,,0.9491525423728814,0.9689265536723164,0.7317432997295303,0.6075949367088608,0.8438036253180536,0.9570621468926553,0.9570621468926553,0.9595505617977528,1.0022727272727272,,stack_experts_hist,weekly,0.0,0,0,10,0.85,0.3,3,1
,333,1.3169491525423729,,,0.3303303303303303,0.3379032258064516,0.9775885670873737,0.5279244997805226,27.214691623305235,0.9775885670873737,,,,1.2853107344632768,1.364406779661017,0.8358208955223881,0.75,0.9775885670873737,1.3169491525423729,1.3169491525423729,1.2426966292134833,1.415909090909091,,stack_experts_hist,weekly,0.0,0,0,10,0.85,0.3,3,2
,233,0.9214689265536724,,,0.31759656652360513,0.3379032258064516,0.939903920022125,0.5279244997805226,28.182117506780333,0.939903920022125,,,,0.8898305084745763,0.9491525423728814,0.7777777777777778,0.5657894736842105,0.939903920022125,0.9214689265536724,0.9214689265536724,0.91,0.9863636363636364,,stack_experts_hist,weekly,0.0,0,0,10,0.85,0.3,4,1
,308,1.2180790960451977,,,0.36688311688311687,0.3379032258064516,1.0857638781266465,0.5279244997805226,39.21737031337328,1.0857638781266465,,,,1.1666666666666667,1.265536723163842,0.9166666666666666,0.7194719471947195,1.0857638781266465,1.2180790960451977,1.2180790960451977,1.195505617977528,1.3522727272727273,,stack_experts_hist,weekly,0.0,0,0,10,0.85,0.3,4,2
,233,0.9214689265536724,,,0.30042918454935624,0.3379032258064516,0.8890983027236319,0.5279244997805226,18.61576171613859,0.8890983027236319,,,,0.8898305084745763,0.9491525423728814,0.7628813124839785,0.543859649122807,0.8890983027236319,0.9214689265536724,0.9214689265536724,0.9275,0.9704545454545455,,stack_experts_hist,weekly,0.0,0,0,10,0.85,0.5,3,1
,317,1.2536723163841808,,,0.3470031545741325,0.3379032258064516,1.0269305767826356,0.5279244997805226,31.913251843427386,1.0269305767826356,,,,1.1864406779661016,1.3248587570621468,0.9025641025641026,0.7019230769230769,1.0269305767826356,1.2536723163841808,1.2536723163841808,1.21123595505618,1.3363636363636364,,stack_experts_hist,weekly,0.0,0,0,10,0.85,0.5,3,2
,228,0.9016949152542374,,,0.32456140350877194,0.3379032258064516,0.9605158480927857,0.5279244997805226,31.692505996270334,0.9605158480927857,,,,0.8700564971751413,0.9491525423728814,0.8115942028985508,0.5426008968609866,0.9605158480927857,0.9016949152542374,0.9016949152542374,0.8925,0.9545454545454546,,stack_experts_hist,weekly,0.0,0,0,10,0.85,0.5,4,1
,294,1.1627118644067798,,,0.36394557823129253,0.3379032258064516,1.0770704463169516,0.5279244997805226,39.04493690892341,1.0770704463169516,,,,1.1073446327683616,1.2062146892655368,0.8888888888888888,0.6955017301038062,1.0770704463169516,1.1627118644067798,1.1627118644067798,1.164044943820225,1.2568181818181818,,stack_experts_hist,weekly,0.0,0,0,10,0.85,0.5,4,2
,186,0.7355932203389831,,,0.3225806451612903,0.3379032258064516,0.9546539379474941,0.5279244997805226,34.62192641795249,0.9546539379474941,,,,0.672316384180791,0.7711864406779662,0.7017543859649122,0.46408839779005523,0.9546539379474941,0.7355932203389831,0.7355932203389831,0.7078651685393259,0.7795454545454547,,stack_experts_hist,weekly,0.0,0,0,10,0.85,0.65,3,1
,259,1.0242937853107343,,,0.3667953667953668,0.3379032258064516,1.0855041881294865,0.5279244997805226,44.2426379508784,1.0855041881294865,,,,0.9689265536723164,1.1271186440677967,0.8717948717948718,0.6496062992125984,1.0855041881294865,1.0242937853107343,1.0242937853107343,0.9595505617977528,1.1025,,stack_experts_hist,weekly,0.0,0,0,10,0.85,0.65,3,2
,181,0.7158192090395481,,,0.3425414364640884,0.3379032258064516,1.0137264468149634,0.5279244997805226,43.47424847422612,1.0137264468149634,,,,0.652542372881356,0.7711864406779662,0.746987951807229,0.4602272727272727,1.0137264468149634,0.7158192090395481,0.7158192090395481,0.6764044943820224,0.7636363636363637,,stack_experts_hist,weekly,0.0,0,0,10,0.85,0.65,4,1
,240,0.9491525423728814,,,0.375,0.3379032258064516,1.1097852028639619,0.5279244997805226,48.20099602706092,1.1097852028639619,,,,0.8898305084745763,1.0084745762711864,0.9066666666666667,0.6340425531914894,1.1097852028639619,0.9491525423728814,0.9491525423728814,0.8651685393258427,1.0340909090909092,,stack_experts_hist,weekly,0.0,0,0,10,0.85,0.65,4,2
,255,1.0084745762711864,,,0.30980392156862746,0.3379032258064516,0.9168421545229071,0.5279244997805226,24.940696460521412,0.9168421545229071,,,,1.0084745762711864,1.0084745762711864,0.8288770053475936,0.74,0.9168421545229071,1.0084745762711864,1.0084745762711864,1.0224719101123596,1.05,,stack_experts_hist,weekly,0.0,0,0,10,0.9,0.0,3,1
,347,1.372316384180791,,,0.345821325648415,0.3379032258064516,1.0234330401050946,0.5279244997805226,34.85881222657739,1.0234330401050946,,,,1.305084745762712,1.4435028248587571,0.91324200913242,0.8362573099415205,1.0234330401050946,1.372316384180791,1.372316384180791,1.30561797752809,1.4636363636363636,,stack_experts_hist,weekly,0.0,0,0,10,0.9,0.0,3,2
,252,0.9966101694915255,,,0.3373015873015873,0.3379032258064516,0.9982194946395425,0.5279244997805226,30.65530484724425,0.9982194946395425,,,,0.9887005649717514,1.0084745762711864,0.9581818181818182,0.6923076923076923,0.9982194946395425,0.9966101694915255,0.9966101694915255,0.9863636363636364,1.05,,stack_experts_hist,weekly,0.0,0,0,10,0.9,0.0,4,1
,332,1.3129943502824861,,,0.37349397590361444,0.3379032258064516,1.105328234177761,0.5279244997805226,39.675248926470786,1.105328234177761,,,,1.2853107344632768,1.364406779661017,1.0434782608695652,0.8103975535168195,1.105328234177761,1.3129943502824861,1.3129943502824861,1.3045454545454545,1.4000000000000001,,stack_experts_hist,weekly,0.0,0,0,10,0.9,0.0,4,2
,242,0.9570621468926553,,,0.28512396694214875,0.3379032258064516,0.8438036253180536,0.5279244997805226,16.000013505271628,0.8438036253180536,,,,0.9491525423728814,0.9689265536723164,0.7317432997295303,0.6075949367088608,0.8438036253180536,0.9570621468926553,0.9570621468926553,0.9595505617977528,1.0022727272727272,,stack_experts_hist,weekly,0.0,0,0,10,0.9,0.3,3,1
,330,1.305084745762712,,,0.3333333333333333,0.3379032258064516,0.9864757358790771,0.5279244997805226,27.69727618341969,0.9864757358790771,,,,1.265536723163842,1.344632768361582,0.8734012974976831,0.7476923076923077,0.9864757358790771,1.305084745762712,1.305084745762712,1.2426966292134833,1.415909090909091,,stack_experts_hist,weekly,0.0,0,0,10,0.9,0.3,3,2
,233,0.9214689265536724,,,0.31759656652360513,0.3379032258064516,0.939903920022125,0.5279244997805226,27.969003927538655,0.939903920022125,,,,0.8898305084745763,0.9491525423728814,0.7777777777777778,0.5701754385964912,0.939903920022125,0.9214689265536724,0.9214689265536724,0.91,0.9863636363636364,,stack_experts_hist,weekly,0.0,0,0,10,0.9,0.3,4,1
,308,1.2180790960451977,,,0.36688311688311687,0.3379032258064516,1.0857638781266465,0.5279244997805226,39.05615127453136,1.0857638781266465,,,,1.1666666666666667,1.265536723163842,0.9166666666666666,0.7194719471947195,1.0857638781266465,1.2180790960451977,1.2180790960451977,1.195505617977528,1.3522727272727273,,stack_experts_hist,weekly,0.0,0,0,10,0.9,0.3,4,2
,233,0.9214689265536724,,,0.30042918454935624,0.3379032258064516,0.8890983027236319,0.5279244997805226,18.61576171613859,0.8890983027236319,,,,0.8898305084745763,0.9491525423728814,0.7628813124839785,0.543859649122807,0.8890983027236319,0.9214689265536724,0.9214689265536724,0.9275,0.9704545454545455,,stack_experts_hist,weekly,0.0,0,0,10,0.9,0.5,3,1
,314,1.2418079096045198,,,0.3471337579617834,0.3379032258064516,1.0273170880014593,0.5279244997805226,32.31157074211673,1.0273170880014593,,,,1.1864406779661016,1.305084745762712,0.9025641025641026,0.6990291262135923,1.0273170880014593,1.2418079096045198,1.2418079096045198,1.21123595505618,1.3363636363636364,,stack_experts_hist,weekly,0.0,0,0,10,0.9,0.5,3,2
,228,0.9016949152542374,,,0.32456140350877194,0.3379032258064516,0.9605158480927857,0.5279244997805226,31.474718873624234,0.9605158480927857,,,,0.8700564971751413,0.9491525423728814,0.8115942028985508,0.547085201793722,0.9605158480927857,0.9016949152542374,0.9016949152542374,0.8925,0.9545454545454546,,stack_experts_hist,weekly,0.0,0,0,10,0.9,0.5,4,1
,294,1.1627118644067798,,,0.36394557823129253,0.3379032258064516,1.0770704463169516,0.5279244997805226,38.876040772993775,1.0770704463169516,,,,1.1073446327683616,1.2062146892655368,0.8888888888888888,0.6955017301038062,1.0770704463169516,1.1627118644067798,1.1627118644067798,1.164044943820225,1.2568181818181818,,stack_experts_hist,weekly,0.0,0,0,10,0.9,0.5,4,2
,186,0.7355932203389831,,,0.3225806451612903,0.3379032258064516,0.9546539379474941,0.5279244997805226,34.62192641795249,0.9546539379474941,,,,0.672316384180791,0.7711864406779662,0.7017543859649122,0.46408839779005523,0.9546539379474941,0.7355932203389831,0.7355932203389831,0.7078651685393259,0.7795454545454547,,stack_experts_hist,weekly,0.0,0,0,10,0.9,0.65,3,1
,256,1.0124293785310736,,,0.3671875,0.3379032258064516,1.0866646778042959,0.5279244997805226,44.87568596849873,1.0866646778042959,,,,0.9491525423728814,1.1073446327683616,0.8717948717948718,0.6454183266932271,1.0866646778042959,1.0124293785310736,1.0124293785310736,0.9595505617977528,1.0675,,stack_experts_hist,weekly,0.0,0,0,10,0.9,0.65,3,2
,181,0.7158192090395481,,,0.3370165745856354,0.3379032258064516,0.9973760202534317,0.5279244997805226,42.83732752513107,0.9973760202534317,,,,0.652542372881356,0.7711864406779662,0.746987951807229,0.4602272727272727,0.9973760202534317,0.7158192090395481,0.7158192090395481,0.6764044943820224,0.7636363636363637,,stack_experts_hist,weekly,0.0,0,0,10,0.9,0.65,4,1
,239,0.9451977401129943,,,0.3723849372384937,0.3379032258064516,1.102046114977881,0.5279244997805226,47.83807046012835,1.102046114977881,,,,0.8700564971751413,1.0084745762711864,0.9066666666666667,0.6324786324786325,1.102046114977881,0.9451977401129943,0.9451977401129943,0.8651685393258427,1.0325,,stack_experts_hist,weekly,0.0,0,0,10,0.9,0.65,4,2
,255,1.0084745762711864,,,0.34509803921568627,0.3379032258064516,1.0212925265571622,0.5279244997805226,27.06723267178759,1.0212925265571622,,,,1.0084745762711864,1.0084745762711864,0.9393939393939393,0.692,1.0212925265571622,1.0084745762711864,1.0084745762711864,1.0224719101123596,1.05,,stack_experts_hist,weekly,0.0,0,0,20,0.75,0.0,3,1
,390,1.5423728813559323,,,0.35384615384615387,0.3379032258064516,1.0471819350100975,0.5279244997805226,32.36978600926188,1.0471819350100975,,,,1.463276836158192,1.5819209039548023,0.923076923076923,0.8727272727272727,1.0471819350100975,1.5423728813559323,1.5423728813559323,1.3213483146067417,1.75,,stack_experts_hist,weekly,0.0,0,0,20,0.75,0.0,3,2
,253,1.0005649717514125,,,0.35968379446640314,0.3379032258064516,1.0644580074900714,0.5279244997805226,29.884986904853115,1.0644580074900714,,,,0.9887005649717514,1.0084745762711864,0.8841354723707664,0.6733870967741935,1.0644580074900714,1.0005649717514125,1.0005649717514125,1.0022727272727272,1.05,,stack_experts_hist,weekly,0.0,0,0,20,0.75,0.0,4,1
,380,1.5028248587570623,,,0.3763157894736842,0.3379032258064516,1.1136791860319055,0.5279244997805226,33.4980993848127,1.1136791860319055,,,,1.4435028248587571,1.5423728813559323,0.9959839357429718,0.856,1.1136791860319055,1.5028248587570623,1.5028248587570623,1.3213483146067417,1.6863636363636363,,stack_experts_hist,weekly,0.0,0,0,20,0.75,0.0,4,2
,238,0.9412429378531074,,,0.3445378151260504,0.3379032258064516,1.01963458414392,0.5279244997805226,25.652188929860742,1.01963458414392,,,,0.9096045197740114,0.9689265536723164,0.9777365491651205,0.5622317596566524,1.01963458414392,0.9412429378531074,0.9412429378531074,0.9280898876404495,1.0022727272727272,,stack_experts_hist,weekly,0.0,0,0,20,0.75,0.3,3,1
,365,1.4435028248587571,,,0.36164383561643837,0.3379032258064516,1.070258606597574,0.5279244997805226,31.320051659590625,1.070258606597574,,,,1.344632768361582,1.4830508474576272,0.9163052208835342,0.8138888888888889,1.070258606597574,1.4435028248587571,1.4435028248587571,1.2269662921348314,1.6863636363636363,,stack_experts_hist,weekly,0.0,0,0,20,0.75,0.3,3,2
,234,0.9254237288135593,,,0.33760683760683763,0.3379032258064516,0.9991228606980398,0.5279244997805226,27.42506904367753,0.9991228606980398,,,,0.8898305084745763,0.9689265536723164,0.8333333333333334,0.5676855895196506,0.9991228606980398,0.9254237288135593,0.9254237288135593,0.91,1.0022727272727272,,stack_experts_hist,weekly,0.0,0,0,20,0.75,0.3,4,1
,350,1.384180790960452,,,0.3628571428571429,0.3379032258064516,1.0738493010569383,0.5279244997805226,32.2161384087425,1.0738493010569383,,,,1.305084745762712,1.423728813559322,0.9544846050870147,0.8,1.0738493010569383,1.384180790960452,1.384180790960452,1.21123595505618,1.6227272727272726,,stack_experts_hist,weekly,0.0,0,0,20,0.75,0.3,4,2
,224,0.8858757062146893,,,0.3169642857142857,0.3379032258064516,0.9380327309921582,0.5279244997805226,18.735950480136037,0.9380327309921582,,,,0.8305084745762712,0.9491525423728814,0.8338470159708602,0.5159817351598174,0.9380327309921582,0.8858757062146893,0.8858757062146893,0.8337078651685393,0.9704545454545455,,stack_experts_hist,weekly,0.0,0,0,20,0.75,0.5,3,1
,349,1.380225988700565,,,0.3495702005730659,0.3379032258064516,1.0345275625551356,0.5279244997805226,27.32073819362473,1.0345275625551356,,,,1.2457627118644068,1.463276836158192,0.8110154905335628,0.7906976744186046,1.0345275625551356,1.380225988700565,1.380225988700565,1.1325842696629214,1.638636363636364,,stack_experts_hist,weekly,0.0,0,0,20,0.75,0.5,3,2
,223,0.8819209039548023,,,0.3273542600896861,0.3379032258064516,0.9687811038453717,0.5279244997805226,25.515665729210454,0.9687811038453717,,,,0.8305084745762712,0.9491525423728814,0.821969696969697,0.5412844036697247,0.9687811038453717,0.8819209039548023,0.8819209039548023,0.8337078651685393,0.9545454545454546,,stack_experts_hist,weekly,0.0,0,0,20,0.75,0.5,4,1
,338,1.3367231638418078,,,0.35798816568047337,0.3379032258064516,1.059439917526938,0.5279244997805226,31.96397189695104,1.059439917526938,,,,1.225988700564972,1.384180790960452,0.8537005163511188,0.7867867867867868,1.059439917526938,1.3367231638418078,1.3367231638418078,1.1325842696629214,1.5750000000000002,,stack_experts_hist,weekly,0.0,0,0,20,0.75,0.5,4,2
,188,0.7435028248587571,,,0.3191489361702128,0.3379032258064516,0.9444980449906059,0.5279244997805226,24.381899784087057,0.9444980449906059,,,,0.692090395480226,0.7909604519774012,0.6153846153846154,0.46994535519125685,0.9444980449906059,0.7435028248587571,0.7435028248587571,0.6764044943820224,0.8431818181818181,,stack_experts_hist,weekly,0.0,0,0,20,0.75,0.65,3,1
,305,1.2062146892655368,,,0.35737704918032787,0.3379032258064516,1.0576313627293712,0.5279244997805226,33.591374860804876,1.0576313627293712,,,,1.1073446327683616,1.2853107344632768,0.8274328081556999,0.76,1.0576313627293712,1.2062146892655368,1.2062146892655368,0.9752808988764046,1.4795454545454547,,stack_experts_hist,weekly,0.0,0,0,20,0.75,0.65,3,2
,185,0.731638418079096,,,0.32972972972972975,0.3379032258064516,0.9758111333290331,0.5279244997805226,28.10477345262737,0.9758111333290331,,,,0.692090395480226,0.7909604519774012,0.7017543859649122,0.4777777777777778,0.9758111333290331,0.731638418079096,0.731638418079096,0.6764044943820224,0.7954545454545455,,stack_experts_hist,weekly,0.0,0,0,20,0.75,0.65,4,1
,297,1.1745762711864407,,,0.36363636363636365,0.3379032258064516,1.0761553482317205,0.5279244997805226,35.23011299246267,1.0761553482317205,,,,1.0875706214689267,1.265536723163842,0.8870481927710844,0.7602739726027398,1.0761553482317205,1.1745762711864407,1.1745762711864407,0.9752808988764046,1.384090909090909,,stack_experts_hist,weekly,0.0,0,0,20,0.75,0.65,4,2
,255,1.0084745762711864,,,0.34509803921568627,0.3379032258064516,1.0212925265571622,0.5279244997805226,24.583538688662873,1.0212925265571622,,,,1.0084745762711864,1.0084745762711864,0.9393939393939393,0.724,1.0212925265571622,1.0084745762711864,1.0084745762711864,1.0224719101123596,1.05,,stack_experts_hist,weekly,0.0,0,0,20,0.8,0.0,3,1
,378,1.494915254237288,,,0.35978835978835977,0.3379032258064516,1.0647674609488451,0.5279244997805226,31.456903502043538,1.0647674609488451,,,,1.423728813559322,1.5621468926553672,0.9473684210526315,0.8927613941018767,1.0647674609488451,1.494915254237288,1.494915254237288,1.3213483146067417,1.6545454545454545,,stack_experts_hist,weekly,0.0,0,0,20,0.8,0.0,3,2
,252,0.9966101694915255,,,0.36904761904761907,0.3379032258064516,1.092169564723264,0.5279244997805226,28.297256630051717,1.092169564723264,,,,0.9887005649717514,1.0084745762711864,0.9959839357429718,0.7004048582995951,1.092169564723264,0.9966101694915255,0.9966101694915255,0.9863636363636364,1.05,,stack_experts_hist,weekly,0.0,0,0,20,0.8,0.0,4,1
,368,1.455367231638418,,,0.38858695652173914,0.3379032258064516,1.1499948116633807,0.5279244997805226,33.20356541999692,1.1499948116633807,,,,1.4039548022598871,1.5028248587570623,0.969065450993162,0.8677685950413223,1.1499948116633807,1.455367231638418,1.455367231638418,1.3213483146067417,1.638636363636364,,stack_experts_hist,weekly,0.0,0,0,20,0.8,0.0,4,2
,237,0.9372881355932203,,,0.35443037974683544,0.3379032258064516,1.0489109090359807,0.5279244997805226,23.202681119789798,1.0489109090359807,,,,0.9096045197740114,0.9491525423728814,0.8714859437751005,0.5603448275862069,1.0489109090359807,0.9372881355932203,0.9372881355932203,0.9280898876404495,1.0022727272727272,,stack_experts_hist,weekly,0.0,0,0,20,0.8,0.3,3,1
,356,1.407909604519774,,,0.3707865168539326,0.3379032258064516,1.0973157062025691,0.5279244997805226,28.569878784961244,1.0973157062025691,,,,1.3248587570621468,1.4435028248587571,0.8714859437751005,0.8176638176638177,1.0973157062025691,1.407909604519774,1.407909604519774,1.2269662921348314,1.6227272727272726,,stack_experts_hist,weekly,0.0,0,0,20,0.8,0.3,3,2
,231,0.9135593220338984,,,0.35064935064935066,0.3379032258064516,1.0377212286520163,0.5279244997805226,25.698393697356572,1.0377212286520163,,,,0.8898305084745763,0.9293785310734464,0.863186077643909,0.5752212389380531,1.0377212286520163,0.9135593220338984,0.9135593220338984,0.8808988764044944,1.0022727272727272,,stack_experts_hist,weekly,0.0,0,0,20,0.8,0.3,4,1
,336,1.328813559322034,,,0.37797619047619047,0.3379032258064516,1.1185930219343108,0.5279244997805226,30.701967883628434,1.1185930219343108,,,,1.265536723163842,1.4039548022598871,0.8919259126056465,0.8036253776435045,1.1185930219343108,1.328813559322034,1.328813559322034,1.1797752808988764,1.5750000000000002,,stack_experts_hist,weekly,0.0,0,0,20,0.8,0.3,4,2
,217,0.8581920903954803,,,0.3271889400921659,0.3379032258064516,0.9682918513467441,0.5279244997805226,17.294602897517144,0.9682918513467441,,,,0.8305084745762712,0.8898305084745763,0.7114170969592656,0.5047169811320755,0.9682918513467441,0.8581920903954803,0.8581920903954803,0.7707865168539327,0.9704545454545455,,stack_experts_hist,weekly,0.0,0,0,20,0.8,0.5,3,1
,333,1.3169491525423729,,,0.36036036036036034,0.3379032258064516,1.0664602550044078,0.5279244997805226,25.656115090608544,1.0664602550044078,,,,1.225988700564972,1.384180790960452,0.7814643188137165,0.7926829268292683,1.0664602550044078,1.3169491525423729,1.3169491525423729,1.0696629213483146,1.5750000000000002,,stack_experts_hist,weekly,0.0,0,0,20,0.8,0.5,3,2
,215,0.8502824858757062,,,0.34418604651162793,0.3379032258064516,1.0185935505356054,0.5279244997805226,27.38712293410845,1.0185935505356054,,,,0.8107344632768362,0.8898305084745763,0.7114170969592656,0.5380952380952381,1.0185935505356054,0.8502824858757062,0.8502824858757062,0.7707865168539327,0.9545454545454546,,stack_experts_hist,weekly,0.0,0,0,20,0.8,0.5,4,1
,318,1.257627118644068,,,0.3742138364779874,0.3379032258064516,1.1074586091472658,0.5279244997805226,31.701287530724446,1.1074586091472658,,,,1.1468926553672316,1.364406779661017,0.7936746987951808,0.7827476038338658,1.1074586091472658,1.257627118644068,1.257627118644068,1.053932584269663,1.5272727272727273,,stack_experts_hist,weekly,0.0,0,0,20,0.8,0.5,4,2
,179,0.707909604519774,,,0.31843575418994413,0.3379032258064516,0.9423874348342023,0.5279244997805226,23.055504671137626,0.9423874348342023,,,,0.692090395480226,0.731638418079096,0.6460436339954413,0.4482758620689655,0.9423874348342023,0.707909604519774,0.707909604519774,0.597752808988764,0.8431818181818181,,stack_experts_hist,weekly,0.0,0,0,20,0.8,0.65,3,1
,286,1.1310734463276837,,,0.36363636363636365,0.3379032258064516,1.0761553482317205,0.5279244997805226,32.29307470386599,1.0761553482317205,,,,1.0875706214689267,1.1666666666666667,0.7596487645497243,0.7508896797153025,1.0761553482317205,1.1310734463276837,1.1310734463276837,0.8966292134831462,1.415909090909091,,stack_experts_hist,weekly,0.0,0,0,20,0.8,0.65,3,2
,175,0.692090395480226,,,0.3485714285714286,0.3379032258064516,1.0315717695192637,0.5279244997805226,31.21224534723549,1.0315717695192637,,,,0.672316384180791,0.711864406779661,0.746987951807229,0.4588235294117647,1.0315717695192637,0.692090395480226,0.692090395480226,0.597752808988764,0.7954545454545455,,stack_experts_hist,weekly,0.0,0,0,20,0.8,0.65,4,1
,274,1.0836158192090395,,,0.3795620437956204,0.3379032258064516,1.1232862393951535,0.5279244997805226,35.526251774277455,1.1232862393951535,,,,1.0084745762711864,1.1468926553672316,0.824262567511425,0.7472118959107806,1.1232862393951535,1.0836158192090395,1.0836158192090395,0.8651685393258427,1.3363636363636364,,stack_experts_hist,weekly,0.0,0,0,20,0.8,0.65,4,2
,255,1.0084745762711864,,,0.30980392156862746,0.3379032258064516,0.9168421545229071,0.5279244997805226,17.286176071297735,0.9168421545229071,,,,1.0084745762711864,1.0084745762711864,0.8788093550673283,0.776,0.9168421545229071,1.0084745762711864,1.0084745762711864,1.0224719101123596,1.05,,stack_experts_hist,weekly,0.0,0,0,20,0.85,0.0,3,1
,371,1.4672316384180792,,,0.33423180592991913,0.3379032258064516,0.9891347001267297,0.5279244997805226,25.405348011514615,0.9891347001267297,,,,1.423728813559322,1.5028248587570623,0.8595477801617428,0.8934426229508197,0.9891347001267297,1.4672316384180792,1.4672316384180792,1.30561797752809,1.638636363636364,,stack_experts_hist,weekly,0.0,0,0,20,0.85,0.0,3,2
,251,0.9926553672316385,,,0.3426294820717131,0.3379032258064516,1.013987011381681,0.5279244997805226,22.38330664057206,1.013987011381681,,,,0.9887005649717514,1.0084745762711864,0.9411764705882354,0.7357723577235772,1.013987011381681,0.9926553672316385,0.9926553672316385,0.9704545454545455,1.05,,stack_experts_hist,weekly,0.0,0,0,20,0.85,0.0,4,1
,358,1.415819209039548,,,0.3687150837988827,0.3379032258064516,1.0911854508606553,0.5279244997805226,30.230964624326305,1.0911854508606553,,,,1.4039548022598871,1.4435028248587571,0.9258442219582556,0.8753541076487252,1.0911854508606553,1.415819209039548,1.415819209039548,1.30561797752809,1.6227272727272726,,stack_experts_hist,weekly,0.0,0,0,20,0.85,0.0,4,2
,236,0.9333333333333335,,,0.3093220338983051,0.3379032258064516,0.9154160430403301,0.5279244997805226,14.718357311685754,0.9154160430403301,,,,0.9096045197740114,0.9491525423728814,0.746987951807229,0.5887445887445888,0.9154160430403301,0.9333333333333335,0.9333333333333335,0.9280898876404495,1.0022727272727272,,stack_experts_hist,weekly,0.0,0,0,20,0.85,0.3,3,1
,348,1.3762711864406778,,,0.3390804597701149,0.3379032258064516,1.00348393822182,0.5279244997805226,22.957421763311217,1.00348393822182,,,,1.3248587570621468,1.423728813559322,0.7683304647160069,0.8075801749271136,1.00348393822182,1.3762711864406778,1.3762711864406778,1.21123595505618,1.6068181818181817,,stack_experts_hist,weekly,0.0,0,0,20,0.85,0.3,3,2
,229,0.9056497175141243,,,0.31877729257641924,0.3379032258064516,0.9433981928275892,0.5279244997805226,20.113599051644563,0.9433981928275892,,,,0.8700564971751413,0.9293785310734464,0.753623188405797,0.59375,0.9433981928275892,0.9056497175141243,0.9056497175141243,0.8808988764044944,1.0022727272727272,,stack_experts_hist,weekly,0.0,0,0,20,0.85,0.3,4,1
,324,1.2813559322033898,,,0.35185185185185186,0.3379032258064516,1.0412799434279147,0.5279244997805226,27.985807219165896,1.0412799434279147,,,,1.2457627118644068,1.3248587570621468,0.8403614457831325,0.7931034482758621,1.0412799434279147,1.2813559322033898,1.2813559322033898,1.164044943820225,1.5431818181818182,,stack_experts_hist,weekly,0.0,0,0,20,0.85,0.3,4,2
,215,0.8502824858757062,,,0.28837209302325584,0.3379032258064516,0.8534162180163181,0.5279244997805226,8.85389535172797,0.8534162180163181,,,,0.8107344632768362,0.8898305084745763,0.5830149867763739,0.5333333333333333,0.8534162180163181,0.8502824858757062,0.8502824858757062,0.7707865168539327,0.9704545454545455,,stack_experts_hist,weekly,0.0,0,0,20,0.85,0.5,3,1
,322,1.2734463276836159,,,0.32919254658385094,0.3379032258064516,0.9742213789116353,0.5279244997805226,20.257270507756548,0.9742213789116353,,,,1.225988700564972,1.364406779661017,0.674698795180723,0.7728706624605678,0.9742213789116353,1.2734463276836159,1.2734463276836159,1.053932584269663,1.5590909090909093,,stack_experts_hist,weekly,0.0,0,0,20,0.85,0.5,3,2
,213,0.8423728813559322,,,0.3192488262910798,0.3379032258064516,0.944793662532074,0.5279244997805226,21.80438013234106,0.944793662532074,,,,0.8107344632768362,0.8898305084745763,0.6558918601234206,0.5576923076923077,0.944793662532074,0.8423728813559322,0.8423728813559322,0.7707865168539327,0.9545454545454546,,stack_experts_hist,weekly,0.0,0,0,20,0.85,0.5,4,1
,305,1.2062146892655368,,,0.35081967213114756,0.3379032258064516,1.0382252826792913,0.5279244997805226,29.055957571251273,1.0382252826792913,,,,1.1271186440677967,1.2853107344632768,0.7347422476792416,0.7633333333333333,1.0382252826792913,1.2062146892655368,1.2062146892655368,1.0382022471910113,1.4954545454545456,,stack_experts_hist,weekly,0.0,0,0,20,0.85,0.5,4,2
,174,0.6881355932203389,,,0.27011494252873564,0.3379032258064516,0.7993855101089073,0.5279244997805226,14.136821252229687,0.7993855101089073,,,,0.672316384180791,0.711864406779661,0.45714285714285713,0.4911242603550296,0.7993855101089073,0.6881355932203389,0.6881355932203389,0.550561797752809,0.8431818181818181,,stack_experts_hist,weekly,0.0,0,0,20,0.85,0.65,3,1
,273,1.0796610169491525,,,0.326007326007326,0.3379032258064516,0.9647949504751414,0.5279244997805226,26.98761808839609,0.9647949504751414,,,,1.0480225988700564,1.1073446327683616,0.6519167579408544,0.7350746268656716,0.9647949504751414,1.0796610169491525,1.0796610169491525,0.8337078651685393,1.4000000000000001,,stack_experts_hist,weekly,0.0,0,0,20,0.85,0.65,3,2
,169,0.6683615819209039,,,0.3254437869822485,0.3379032258064516,0.9631271977517618,0.5279244997805226,28.992697155543468,0.9631271977517618,,,,0.652542372881356,0.672316384180791,0.6274509803921569,0.49390243902439024,0.9631271977517618,0.6683615819209039,0.6683615819209039,0.550561797752809,0.7954545454545455,,stack_experts_hist,weekly,0.0,0,0,20,0.85,0.65,4,1
,256,1.0124293785310736,,,0.35546875,0.3379032258064516,1.051983890214797,0.5279244997805226,35.234626908751665,1.051983890214797,,,,0.9887005649717514,1.0480225988700564,0.7892702887019778,0.7290836653386454,1.051983890214797,1.0124293785310736,1.0124293785310736,0.7865168539325843,1.3045454545454545,,stack_experts_hist,weekly,0.0,0,0,20,0.85,0.65,4,2
,255,1.0084745762711864,,,0.29411764705882354,0.3379032258064516,0.870419766952127,0.5279244997805226,17.599039499901703,0.870419766952127,,,,1.0084745762711864,1.0084745762711864,0.8202220647295064,0.78,0.870419766952127,1.0084745762711864,1.0084745762711864,1.0224719101123596,1.05,,stack_experts_hist,weekly,0.0,0,0,20,0.9,0.0,3,1
,346,1.368361581920904,,,0.32947976878612717,0.3379032258064516,0.975071392111689,0.5279244997805226,26.22334622709004,0.975071392111689,,,,1.3248587570621468,1.423728813559322,0.8473296169753641,0.8826979472140762,0.975071392111689,1.368361581920904,1.368361581920904,1.2741573033707865,1.4795454545454547,,stack_experts_hist,weekly,0.0,0,0,20,0.9,0.0,3,2
,251,0.9926553672316385,,,0.3386454183266932,0.3379032258064516,1.0021964647377077,0.5279244997805226,24.46031163948874,1.0021964647377077,,,,0.9887005649717514,1.0084745762711864,0.9018181818181817,0.7479674796747967,1.0021964647377077,0.9926553672316385,0.9926553672316385,0.9704545454545455,1.05,,stack_experts_hist,weekly,0.0,0,0,20,0.9,0.0,4,1
,333,1.3169491525423729,,,0.36936936936936937,0.3379032258064516,1.0931217613795179,0.5279244997805226,32.177759633736855,1.0931217613795179,,,,1.2457627118644068,1.364406779661017,0.9507119386637459,0.8567073170731707,1.0931217613795179,1.3169491525423729,1.3169491525423729,1.2741573033707865,1.4318181818181819,,stack_experts_hist,weekly,0.0,0,0,20,0.9,0.0,4,2
,236,0.9333333333333335,,,0.2923728813559322,0.3379032258064516,0.8652562598600381,0.5279244997805226,15.012161732742783,0.8652562598600381,,,,0.9096045197740114,0.9491525423728814,0.6847389558232931,0.5930735930735931,0.8652562598600381,0.9333333333333335,0.9333333333333335,0.9280898876404495,1.0022727272727272,,stack_experts_hist,weekly,0.0,0,0,20,0.9,0.3,3,1
,322,1.2734463276836159,,,0.33540372670807456,0.3379032258064516,0.9926029143627982,0.5279244997805226,24.737383399052483,0.9926029143627982,,,,1.2062146892655368,1.305084745762712,0.746987951807229,0.7728706624605678,0.9926029143627982,1.2734463276836159,1.2734463276836159,1.1797752808988764,1.415909090909091,,stack_experts_hist,weekly,0.0,0,0,20,0.9,0.3,3,2
,229,0.9056497175141243,,,0.314410480349345,0.3379032258064516,0.9304749299121428,0.5279244997805226,22.269290437792613,0.9304749299121428,,,,0.8700564971751413,0.9293785310734464,0.8115942028985508,0.5982142857142857,0.9304749299121428,0.9056497175141243,0.9056497175141243,0.8808988764044944,1.0022727272727272,,stack_experts_hist,weekly,0.0,0,0,20,0.9,0.3,4,1
,301,1.1903954802259888,,,0.3554817275747508,0.3379032258064516,1.0520222964026038,0.5279244997805226,30.04685533925151,1.0520222964026038,,,,1.1468926553672316,1.2457627118644068,0.8609352664896877,0.7533783783783784,1.0520222964026038,1.1903954802259888,1.1903954802259888,1.1325842696629214,1.3522727272727273,,stack_experts_hist,weekly,0.0,0,0,20,0.9,0.3,4,2
,214,0.8463276836158192,,,0.27102803738317754,0.3379032258064516,0.8020877478642964,0.5279244997805226,9.867623415231954,0.8020877478642964,,,,0.7909604519774012,0.8898305084745763,0.44819277108433736,0.5311004784688995,0.8020877478642964,0.8463276836158192,0.8463276836158192,0.7707865168539327,0.9704545454545455,,stack_experts_hist,weekly,0.0,0,0,20,0.9,0.5,3,1
,298,1.1785310734463277,,,0.3187919463087248,0.3379032258064516,0.9434415594816677,0.5279244997805226,21.652645209079488,0.9434415594816677,,,,1.1073446327683616,1.2457627118644068,0.5869191049913942,0.7372013651877133,0.9434415594816677,1.1785310734463277,1.1785310734463277,1.0224719101123596,1.3681818181818182,,stack_experts_hist,weekly,0.0,0,0,20,0.9,0.5,3,2
,212,0.8384180790960452,,,0.3160377358490566,0.3379032258064516,0.9352906741117666,0.5279244997805226,26.560289672937863,0.9352906741117666,,,,0.7909604519774012,0.8898305084745763,0.5975903614457831,0.5555555555555556,0.9352906741117666,0.8384180790960452,0.8384180790960452,0.7707865168539327,0.9545454545454546,,stack_experts_hist,weekly,0.0,0,0,20,0.9,0.5,4,1
,281,1.1112994350282488,,,0.35231316725978645,0.3379032258064516,1.0426451727974588,0.5279244997805226,30.81953183350479,1.0426451727974588,,,,1.0677966101694916,1.1468926553672316,0.7062431544359256,0.7210144927536232,1.0426451727974588,1.1112994350282488,1.1112994350282488,0.9910112359550562,1.3045454545454545,,stack_experts_hist,weekly,0.0,0,0,20,0.9,0.5,4,2
,170,0.672316384180791,,,0.2529411764705882,0.3379032258064516,0.7485609995788292,0.5279244997805226,16.73245827691933,0.7485609995788292,,,,0.652542372881356,0.692090395480226,0.43940467753366413,0.47878787878787876,0.7485609995788292,0.672316384180791,0.672316384180791,0.550561797752809,0.8272727272727273,,stack_experts_hist,weekly,0.0,0,0,20,0.9,0.65,3,1
,247,0.9768361581920904,,,0.3157894736842105,0.3379032258064516,0.9345559603064941,0.5279244997805226,29.824000114551545,0.9345559603064941,,,,0.9491525423728814,1.0282485875706215,0.6224899598393575,0.6900826446280992,0.9345559603064941,0.9768361581920904,0.9768361581920904,0.802247191011236,1.1931818181818181,,stack_experts_hist,weekly,0.0,0,0,20,0.9,0.65,3,2
,164,0.6485875706214689,,,0.31097560975609756,0.3379032258064516,0.9203096804237733,0.5279244997805226,34.83035139549312,0.9203096804237733,,,,0.632768361581921,0.672316384180791,0.6464646464646465,0.4591194968553459,0.9203096804237733,0.6485875706214689,0.6485875706214689,0.5348314606741573,0.7795454545454547,,stack_experts_hist,weekly,0.0,0,0,20,0.9,0.65,4,1
,228,0.9016949152542374,,,0.3508771929824561,0.3379032258064516,1.03839551145166,0.5279244997805226,38.092877209902646,1.03839551145166,,,,0.8700564971751413,0.9293785310734464,0.7794656888423258,0.672645739910314,1.03839551145166,0.9016949152542374,0.9016949152542374,0.7235955056179775,1.0977272727272729,,stack_experts_hist,weekly,0.0,0,0,20,0.9,0.65,4,2
,255,1.0084745762711864,,,0.3254901960784314,0.3379032258064516,0.9632645420936872,0.5279244997805226,18.957884017821183,0.9632645420936872,,,,1.0084745762711864,1.0084745762711864,0.8841354723707664,0.72,0.9632645420936872,1.0084745762711864,1.0084745762711864,1.0224719101123596,1.05,,stack_experts_hist,weekly,0.0,0,0,40,0.75,0.0,3,1
,389,1.538418079096045,,,0.34704370179948585,0.3379032258064516,1.0270505733445405,0.5279244997805226,24.97568400152306,1.0270505733445405,,,,1.4830508474576272,1.6016949152542375,0.9004329004329005,0.8932291666666666,1.0270505733445405,1.538418079096045,1.538418079096045,1.2584269662921348,1.8295454545454546,,stack_experts_hist,weekly,0.0,0,0,40,0.75,0.0,3,2
,252,0.9966101694915255,,,0.3492063492063492,0.3379032258064516,1.033450770920938,0.5279244997805226,19.12368636964869,1.033450770920938,,,,0.9887005649717514,1.0084745762711864,0.9373966454051501,0.6923076923076923,1.033450770920938,0.9966101694915255,0.9966101694915255,0.9863636363636364,1.05,,stack_experts_hist,weekly,0.0,0,0,40,0.75,0.0,4,1
,377,1.4909604519774013,,,0.3740053050397878,0.3379032258064516,1.1068414755354101,0.5279244997805226,23.17117332832737,1.1068414755354101,,,,1.463276836158192,1.5225988700564972,1.0089187920513223,0.8736559139784946,1.1068414755354101,1.4909604519774013,1.4909604519774013,1.2584269662921348,1.7659090909090909,,stack_experts_hist,weekly,0.0,0,0,40,0.75,0.0,4,2
,229,0.9056497175141243,,,0.30131004366812225,0.3379032258064516,0.8917051411658033,0.5279244997805226,11.598247037983871,0.8917051411658033,,,,0.8898305084745763,0.9491525423728814,0.8296296296296296,0.5580357142857143,0.8917051411658033,0.9056497175141243,0.9056497175141243,0.8494382022471911,1.0022727272727272,,stack_experts_hist,weekly,0.0,0,0,40,0.75,0.3,3,1
,357,1.4118644067796613,,,0.34173669467787116,0.3379032258064516,1.0113448720777094,0.5279244997805226,19.67768386158623,1.0113448720777094,,,,1.3248587570621468,1.4830508474576272,0.8761904761904762,0.8210227272727273,1.0113448720777094,1.4118644067796613,1.4118644067796613,1.0853932584269663,1.7659090909090909,,stack_experts_hist,weekly,0.0,0,0,40,0.75,0.3,3,2
,228,0.9016949152542374,,,0.32456140350877194,0.3379032258064516,0.9605158480927857,0.5279244997805226,21.203782104157582,0.9605158480927857,,,,0.8898305084745763,0.9491525423728814,0.7703703703703703,0.5739910313901345,0.9605158480927857,0.9016949152542374,0.9016949152542374,0.8337078651685393,1.0022727272727272,,stack_experts_hist,weekly,0.0,0,0,40,0.75,0.3,4,1
,344,1.3604519774011299,,,0.36046511627906974,0.3379032258064516,1.0667702725203974,0.5279244997805226,24.633774397014413,1.0667702725203974,,,,1.305084745762712,1.4039548022598871,0.9258442219582556,0.8082595870206489,1.0667702725203974,1.3604519774011299,1.3604519774011299,1.0382022471910113,1.7340909090909091,,stack_experts_hist,weekly,0.0,0,0,40,0.75,0.3,4,2
,207,0.8186440677966101,,,0.30917874396135264,0.3379032258064516,0.9149919869023324,0.5279244997805226,20.80895368226104,0.9149919869023324,,,,0.7711864406779662,0.8700564971751413,0.7287687334704672,0.5247524752475248,0.9149919869023324,0.8186440677966101,0.8186440677966101,0.6134831460674157,0.9863636363636364,,stack_experts_hist,weekly,0.0,0,0,40,0.75,0.5,3,1
,331,1.309039548022599,,,0.3474320241691843,0.3379032258064516,1.0281997851307603,0.5279244997805226,23.446786325425645,1.0281997851307603,,,,1.1864406779661016,1.4039548022598871,0.8919259126056465,0.8128834355828221,1.0281997851307603,1.309039548022599,1.309039548022599,0.8179775280898877,1.7340909090909091,,stack_experts_hist,weekly,0.0,0,0,40,0.75,0.5,3,2
,205,0.8107344632768362,,,0.33658536585365856,0.3379032258064516,0.9960998893998487,0.5279244997805226,30.918007299800024,0.9960998893998487,,,,0.7711864406779662,0.8700564971751413,0.746987951807229,0.55,0.9960998893998487,0.8107344632768362,0.8107344632768362,0.6134831460674157,0.9704545454545455,,stack_experts_hist,weekly,0.0,0,0,40,0.75,0.5,4,1
,316,1.249717514124294,,,0.3639240506329114,0.3379032258064516,1.0770067369565874,0.5279244997805226,27.127578169929706,1.0770067369565874,,,,1.1666666666666667,1.305084745762712,0.90543994158452,0.8038585209003215,1.0770067369565874,1.249717514124294,1.249717514124294,0.7865168539325843,1.6704545454545454,,stack_experts_hist,weekly,0.0,0,0,40,0.75,0.5,4,2
,176,0.6960451977401131,,,0.3068181818181818,0.3379032258064516,0.9080060750705142,0.5279244997805226,24.850786444348635,0.9080060750705142,,,,0.672316384180791,0.7711864406779662,0.6274509803921569,0.49122807017543857,0.9080060750705142,0.6960451977401131,0.6960451977401131,0.4876404494382023,0.8431818181818181,,stack_experts_hist,weekly,0.0,0,0,40,0.75,0.65,3,1
,293,1.1587570621468928,,,0.34812286689419797,0.3379032258064516,1.030244283887364,0.5279244997805226,22.92856215608716,1.030244283887364,,,,1.0875706214689267,1.225988700564972,0.8735632183908045,0.7847222222222222,1.030244283887364,1.1587570621468928,1.1587570621468928,0.6449438202247191,1.5590909090909093,,stack_experts_hist,weekly,0.0,0,0,40,0.75,0.65,3,2
,174,0.6881355932203389,,,0.3333333333333333,0.3379032258064516,0.9864757358790771,0.5279244997805226,28.994964448225,0.9864757358790771,,,,0.652542372881356,0.7711864406779662,0.7030474840538625,0.4970414201183432,0.9864757358790771,0.6881355932203389,0.6881355932203389,0.4876404494382023,0.8272727272727273,,stack_experts_hist,weekly,0.0,0,0,40,0.75,0.65,4,1
,281,1.1112994350282488,,,0.36298932384341637,0.3379032258064516,1.0742404810640485,0.5279244997805226,25.200961730335433,1.0742404810640485,,,,1.0480225988700564,1.1666666666666667,0.9115785174596693,0.7753623188405797,1.0742404810640485,1.1112994350282488,1.1112994350282488,0.6449438202247191,1.4954545454545456,,stack_experts_hist,weekly,0.0,0,0,40,0.75,0.65,4,2
,255,1.0084745762711864,,,0.30980392156862746,0.3379032258064516,0.9168421545229071,0.5279244997805226,11.77185251771659,0.9168421545229071,,,,1.0084745762711864,1.0084745762711864,0.8288770053475936,0.74,0.9168421545229071,1.0084745762711864,1.0084745762711864,1.0224719101123596,1.05,,stack_experts_hist,weekly,0.0,0,0,40,0.8,0.0,3,1
,377,1.4909604519774013,,,0.33156498673740054,0.3379032258064516,0.981242442850541,0.5279244997805226,19.286811809224396,0.981242442850541,,,,1.4039548022598871,1.5423728813559323,0.8421052631578947,0.8951612903225806,0.981242442850541,1.4909604519774013,1.4909604519774013,1.21123595505618,1.7659090909090909,,stack_experts_hist,weekly,0.0,0,0,40,0.8,0.0,3,2
,251,0.9926553672316385,,,0.3545816733067729,0.3379032258064516,1.0493586513136002,0.5279244997805226,16.243367403905097,1.0493586513136002,,,,0.9887005649717514,1.0084745762711864,0.9581818181818182,0.6910569105691057,1.0493586513136002,0.9926553672316385,0.9926553672316385,0.9704545454545455,1.05,,stack_experts_hist,weekly,0.0,0,0,40,0.8,0.0,4,1
,365,1.4435028248587571,,,0.3726027397260274,0.3379032258064516,1.1026906855853795,0.5279244997805226,21.334766568987256,1.1026906855853795,,,,1.384180790960452,1.4830508474576272,0.9959839357429718,0.8722222222222222,1.1026906855853795,1.4435028248587571,1.4435028248587571,1.21123595505618,1.7340909090909091,,stack_experts_hist,weekly,0.0,0,0,40,0.8,0.0,4,2
,228,0.9016949152542374,,,0.2894736842105263,0.3379032258064516,0.8566762969476197,0.5279244997805226,5.7798751860472475,0.8566762969476197,,,,0.8898305084745763,0.9491525423728814,0.821969696969697,0.5650224215246636,0.8566762969476197,0.9016949152542374,0.9016949152542374,0.8494382022471911,1.0022727272727272,,stack_experts_hist,weekly,0.0,0,0,40,0.8,0.3,3,1
,345,1.364406779661017,,,0.32463768115942027,0.3379032258064516,0.960741586247449,0.5279244997805226,15.294923155411823,0.960741586247449,,,,1.2457627118644068,1.423728813559322,0.8502415458937197,0.8147058823529412,0.960741586247449,1.364406779661017,1.364406779661017,1.0382022471910113,1.7181818181818183,,stack_experts_hist,weekly,0.0,0,0,40,0.8,0.3,3,2
,225,0.8898305084745763,,,0.3333333333333333,0.3379032258064516,0.9864757358790771,0.5279244997805226,17.993360223772267,0.9864757358790771,,,,0.8700564971751413,0.9293785310734464,0.8484848484848485,0.5727272727272728,0.9864757358790771,0.8898305084745763,0.8898305084745763,0.802247191011236,1.0022727272727272,,stack_experts_hist,weekly,0.0,0,0,40,0.8,0.3,4,1
,329,1.301129943502825,,,0.3617021276595745,0.3379032258064516,1.07043111765602,0.5279244997805226,22.833622090047534,1.07043111765602,,,,1.2062146892655368,1.364406779661017,0.9093766369827135,0.8055555555555556,1.07043111765602,1.301129943502825,1.301129943502825,0.9595505617977528,1.7022727272727272,,stack_experts_hist,weekly,0.0,0,0,40,0.8,0.3,4,2
,204,0.8067796610169491,,,0.30392156862745096,0.3379032258064516,0.8994337591838645,0.5279244997805226,15.956752141294432,0.8994337591838645,,,,0.7711864406779662,0.8502824858757062,0.746987951807229,0.5226130653266332,0.8994337591838645,0.8067796610169491,0.8067796610169491,0.5820224719101125,0.9863636363636364,,stack_experts_hist,weekly,0.0,0,0,40,0.8,0.5,3,1
,317,1.2536723163841808,,,0.334384858044164,0.3379032258064516,0.9895876467178124,0.5279244997805226,19.87263062930061,0.9895876467178124,,,,1.1073446327683616,1.305084745762712,0.7814643188137165,0.8108974358974359,0.9895876467178124,1.2536723163841808,1.2536723163841808,0.7393258426966293,1.6863636363636363,,stack_experts_hist,weekly,0.0,0,0,40,0.8,0.5,3,2
,202,0.7988700564971751,,,0.3465346534653465,0.3379032258064516,1.025544081854486,0.5279244997805226,27.36440464200629,1.025544081854486,,,,0.7711864406779662,0.8502824858757062,0.9193697868396664,0.5431472081218274,1.025544081854486,0.7988700564971751,0.7988700564971751,0.5820224719101125,0.9704545454545455,,stack_experts_hist,weekly,0.0,0,0,40,0.8,0.5,4,1
,301,1.1903954802259888,,,0.3654485049833887,0.3379032258064516,1.081518248638191,0.5279244997805226,25.202433512876755,1.081518248638191,,,,1.0677966101694916,1.265536723163842,0.8870481927710844,0.8040540540540541,1.081518248638191,1.1903954802259888,1.1903954802259888,0.7078651685393259,1.638636363636364,,stack_experts_hist,weekly,0.0,0,0,40,0.8,0.5,4,2
,173,0.684180790960452,,,0.30057803468208094,0.3379032258064516,0.8895388138562778,0.5279244997805226,19.199204848562943,0.8895388138562778,,,,0.652542372881356,0.7514124293785311,0.724351953267616,0.47023809523809523,0.8895388138562778,0.684180790960452,0.684180790960452,0.45617977528089887,0.8431818181818181,,stack_experts_hist,weekly,0.0,0,0,40,0.8,0.65,3,1
,280,1.1073446327683616,,,0.33214285714285713,0.3379032258064516,0.9829526082509376,0.5279244997805226,17.673919575407872,0.9829526082509376,,,,1.0084745762711864,1.1468926553672316,0.7863031071655041,0.7854545454545454,0.9829526082509376,1.1073446327683616,1.1073446327683616,0.5662921348314607,1.5113636363636365,,stack_experts_hist,weekly,0.0,0,0,40,0.8,0.65,3,2
,171,0.6762711864406781,,,0.34502923976608185,0.3379032258064516,1.0210889195941324,0.5279244997805226,24.763403831680797,1.0210889195941324,,,,0.632768361581921,0.7514124293785311,0.8333333333333334,0.46987951807228917,1.0210889195941324,0.6762711864406781,0.6762711864406781,0.45617977528089887,0.8272727272727273,,stack_experts_hist,weekly,0.0,0,0,40,0.8,0.65,4,1
,267,1.0559322033898306,,,0.36329588014981273,0.3379032258064516,1.0751477121378707,0.5279244997805226,21.674079271575412,1.0751477121378707,,,,0.9491525423728814,1.1271186440677967,0.891143521454238,0.7709923664122137,1.0751477121378707,1.0559322033898306,1.0559322033898306,0.5662921348314607,1.4636363636363636,,stack_experts_hist,weekly,0.0,0,0,40,0.8,0.65,4,2
,255,1.0084745762711864,,,0.2823529411764706,0.3379032258064516,0.8356029762740419,0.5279244997805226,8.071624442251487,0.8356029762740419,,,,1.0084745762711864,1.0084745762711864,0.7843137254901961,0.796,0.8356029762740419,1.0084745762711864,1.0084745762711864,1.0224719101123596,1.05,,stack_experts_hist,weekly,0.0,0,0,40,0.85,0.0,3,1
,367,1.4514124293785313,,,0.3079019073569482,0.3379032258064516,0.9112132819155508,0.5279244997805226,16.76521996978893,0.9112132819155508,,,,1.364406779661017,1.5225988700564972,0.7927927927927928,0.9005524861878453,0.9112132819155508,1.4514124293785313,1.4514124293785313,1.195505617977528,1.6704545454545454,,stack_experts_hist,weekly,0.0,0,0,40,0.85,0.0,3,2
,251,0.9926553672316385,,,0.3147410358565737,0.3379032258064516,0.9314531848738697,0.5279244997805226,12.497691339291942,0.9314531848738697,,,,0.9887005649717514,1.0084745762711864,0.8366013071895425,0.7479674796747967,0.9314531848738697,0.9926553672316385,0.9926553672316385,0.9704545454545455,1.05,,stack_experts_hist,weekly,0.0,0,0,40,0.85,0.0,4,1
,351,1.3881355932203392,,,0.3475783475783476,0.3379032258064516,1.0286328186089524,0.5279244997805226,19.5354952064775,1.0286328186089524,,,,1.344632768361582,1.423728813559322,0.8963855421686747,0.884393063583815,1.0286328186089524,1.3881355932203392,1.3881355932203392,1.195505617977528,1.638636363636364,,stack_experts_hist,weekly,0.0,0,0,40,0.85,0.0,4,2
,227,0.8977401129943503,,,0.2555066079295154,0.3379032258064516,0.7561532072377067,0.5279244997805226,2.5760385481448167,0.7561532072377067,,,,0.8898305084745763,0.9293785310734464,0.7111111111111111,0.581081081081081,0.7561532072377067,0.8977401129943503,0.8977401129943503,0.8337078651685393,1.0022727272727272,,stack_experts_hist,weekly,0.0,0,0,40,0.85,0.3,3,1
,335,1.3248587570621468,,,0.2955223880597015,0.3379032258064516,0.8745769956898087,0.5279244997805226,11.478821709841753,0.8745769956898087,,,,1.225988700564972,1.384180790960452,0.724351953267616,0.793939393939394,0.8745769956898087,1.3248587570621468,1.3248587570621468,1.006741573033708,1.638636363636364,,stack_experts_hist,weekly,0.0,0,0,40,0.85,0.3,3,2
,224,0.8858757062146893,,,0.29017857142857145,0.3379032258064516,0.8587623593590181,0.5279244997805226,14.342151141757801,0.8587623593590181,,,,0.8700564971751413,0.9096045197740114,0.6060606060606061,0.5981735159817352,0.8587623593590181,0.8858757062146893,0.8858757062146893,0.7865168539325843,1.0022727272727272,,stack_experts_hist,weekly,0.0,0,0,40,0.85,0.3,4,1
,313,1.2378531073446328,,,0.33226837060702874,0.3379032258064516,0.9833240562117319,0.5279244997805226,19.82718520955239,0.9833240562117319,,,,1.1864406779661016,1.2853107344632768,0.7588449034232166,0.7857142857142857,0.9833240562117319,1.2378531073446328,1.2378531073446328,0.9280898876404495,1.6068181818181817,,stack_experts_hist,weekly,0.0,0,0,40,0.85,0.3,4,2
,201,0.7949152542372883,,,0.2736318407960199,0.3379032258064516,0.8097935145276006,0.5279244997805226,12.929822146397889,0.8097935145276006,,,,0.7711864406779662,0.8107344632768362,0.5975903614457831,0.5357142857142857,0.8097935145276006,0.7949152542372883,0.7949152542372883,0.5662921348314607,0.9863636363636364,,stack_experts_hist,weekly,0.0,0,0,40,0.85,0.5,3,1
,304,1.2022598870056498,,,0.3059210526315789,0.3379032258064516,0.9053510865469162,0.5279244997805226,16.079438473659835,0.9053510865469162,,,,1.0875706214689267,1.265536723163842,0.6367766146553426,0.782608695652174,0.9053510865469162,1.2022598870056498,1.2022598870056498,0.7078651685393259,1.6068181818181817,,stack_experts_hist,weekly,0.0,0,0,40,0.85,0.5,3,2
,199,0.7870056497175141,,,0.3065326633165829,0.3379032258064516,0.9071611038485986,0.5279244997805226,23.670742248554745,0.9071611038485986,,,,0.7711864406779662,0.8107344632768362,0.6895273401297498,0.5618556701030928,0.9071611038485986,0.7870056497175141,0.7870056497175141,0.5662921348314607,0.9704545454545455,,stack_experts_hist,weekly,0.0,0,0,40,0.85,0.5,4,1
,281,1.1112994350282488,,,0.33451957295373663,0.3379032258064516,0.9899863256864759,0.5279244997805226,21.43079001943476,0.9899863256864759,,,,1.0480225988700564,1.1666666666666667,0.7212297465724969,0.7753623188405797,0.9899863256864759,1.1112994350282488,1.1112994350282488,0.6764044943820224,1.5272727272727273,,stack_experts_hist,weekly,0.0,0,0,40,0.85,0.5,4,2
,167,0.6604519774011299,,,0.25748502994011974,0.3379032258064516,0.7620082031640776,0.5279244997805226,14.118170722161103,0.7620082031640776,,,,0.632768361581921,0.692090395480226,0.45271997079226,0.49382716049382713,0.7620082031640776,0.6604519774011299,0.6604519774011299,0.40898876404494383,0.8431818181818181,,stack_experts_hist,weekly,0.0,0,0,40,0.85,0.65,3,1
,261,1.0322033898305085,,,0.2988505747126437,0.3379032258064516,0.884426521822621,0.5279244997805226,13.741310245551206,0.884426521822621,,,,0.9689265536723164,1.0875706214689267,0.5858729033782187,0.765625,0.884426521822621,1.0322033898305085,1.0322033898305085,0.503370786516854,1.4318181818181819,,stack_experts_hist,weekly,0.0,0,0,40,0.85,0.65,3,2
,164,0.6485875706214689,,,0.29878048780487804,0.3379032258064516,0.8842191047208802,0.5279244997805226,20.01808397893837,0.8842191047208802,,,,0.612994350282486,0.672316384180791,0.6021505376344086,0.5031446540880503,0.8842191047208802,0.6485875706214689,0.6485875706214689,0.40898876404494383,0.8272727272727273,,stack_experts_hist,weekly,0.0,0,0,40,0.85,0.65,4,1
,243,0.9610169491525424,,,0.3333333333333333,0.3379032258064516,0.9864757358790771,0.5279244997805226,18.869480003237815,0.9864757358790771,,,,0.9293785310734464,0.9887005649717514,0.7171084337349398,0.7563025210084033,0.9864757358790771,0.9610169491525424,0.9610169491525424,0.503370786516854,1.3681818181818182,,stack_experts_hist,weekly,0.0,0,0,40,0.85,0.65,4,2
,255,1.0084745762711864,,,0.2784313725490196,0.3379032258064516,0.8239973793813469,0.5279244997805226,9.407397753248416,0.8239973793813469,,,,1.0084745762711864,1.0084745762711864,0.7736185383244207,0.816,0.8239973793813469,1.0084745762711864,1.0084745762711864,1.0224719101123596,1.05,,stack_experts_hist,weekly,0.0,0,0,40,0.9,0.0,3,1
,342,1.3525423728813561,,,0.31871345029239767,0.3379032258064516,0.9432092562352581,0.5279244997805226,19.87056269989992,0.9432092562352581,,,,1.305084745762712,1.384180790960452,0.8348688873139618,0.9050445103857567,0.9432092562352581,1.3525423728813561,1.3525423728813561,1.148314606741573,1.5113636363636365,,stack_experts_hist,weekly,0.0,0,0,40,0.9,0.0,3,2
,250,0.9887005649717514,,,0.328,0.3379032258064516,0.970692124105012,0.5279244997805226,14.643828386089982,0.970692124105012,,,,0.9887005649717514,0.9887005649717514,0.8454545454545453,0.7836734693877551,0.970692124105012,0.9887005649717514,0.9887005649717514,0.9545454545454546,1.05,,stack_experts_hist,weekly,0.0,0,0,40,0.9,0.0,4,1
,324,1.2813559322033898,,,0.36728395061728397,0.3379032258064516,1.0869501163852795,0.5279244997805226,24.236125845145246,1.0869501163852795,,,,1.2457627118644068,1.305084745762712,0.9507119386637459,0.8808777429467085,1.0869501163852795,1.2813559322033898,1.2813559322033898,1.148314606741573,1.4636363636363636,,stack_experts_hist,weekly,0.0,0,0,40,0.9,0.0,4,2
,226,0.8937853107344633,,,0.252212389380531,0.3379032258064516,0.7464042072359389,0.5279244997805226,4.2884749645276665,0.7464042072359389,,,,0.8700564971751413,0.9293785310734464,0.6639892904953146,0.5927601809954751,0.7464042072359389,0.8937853107344633,0.8937853107344633,0.8337078651685393,1.0022727272727272,,stack_experts_hist,weekly,0.0,0,0,40,0.9,0.3,3,1
,308,1.2180790960451977,,,0.30844155844155846,0.3379032258064516,0.9128103400179773,0.5279244997805226,15.814667902552921,0.9128103400179773,,,,1.1666666666666667,1.2853107344632768,0.7228915662650603,0.7755775577557755,0.9128103400179773,1.2180790960451977,1.2180790960451977,0.9595505617977528,1.4477272727272728,,stack_experts_hist,weekly,0.0,0,0,40,0.9,0.3,3,2
,223,0.8819209039548023,,,0.30493273542600896,0.3379032258064516,0.9024262337189765,0.5279244997805226,16.40749656835394,0.9024262337189765,,,,0.8502824858757062,0.9096045197740114,0.6821705426356589,0.6284403669724771,0.9024262337189765,0.8819209039548023,0.8819209039548023,0.7865168539325843,1.0022727272727272,,stack_experts_hist,weekly,0.0,0,0,40,0.9,0.3,4,1
,288,1.1389830508474577,,,0.3576388888888889,0.3379032258064516,1.0584062582869267,0.5279244997805226,25.123321036291323,1.0584062582869267,,,,1.0677966101694916,1.1666666666666667,0.810292015519706,0.7632508833922261,1.0584062582869267,1.1389830508474577,1.1389830508474577,0.8808988764044944,1.4318181818181819,,stack_experts_hist,weekly,0.0,0,0,40,0.9,0.3,4,2
,198,0.7830508474576272,,,0.2727272727272727,0.3379032258064516,0.8071165111737904,0.5279244997805226,15.931526280834522,0.8071165111737904,,,,0.7711864406779662,0.7909604519774012,0.4596848934198332,0.5440414507772021,0.8071165111737904,0.7830508474576272,0.7830508474576272,0.5662921348314607,0.9863636363636364,,stack_experts_hist,weekly,0.0,0,0,40,0.9,0.5,3,1
,276,1.0915254237288137,,,0.322463768115942,0.3379032258064516,0.954308048839542,0.5279244997805226,22.75975909392035,0.954308048839542,,,,1.0282485875706215,1.1468926553672316,0.5869191049913942,0.7564575645756457,0.954308048839542,1.0915254237288137,1.0915254237288137,0.6606741573033709,1.415909090909091,,stack_experts_hist,weekly,0.0,0,0,40,0.9,0.5,3,2
,195,0.7711864406779662,,,0.3230769230769231,0.3379032258064516,0.9561226363135672,0.5279244997805226,27.016000922195822,0.9561226363135672,,,,0.7514124293785311,0.7909604519774012,0.6290424857324033,0.5842105263157895,0.9561226363135672,0.7711864406779662,0.7711864406779662,0.5662921348314607,0.9704545454545455,,stack_experts_hist,weekly,0.0,0,0,40,0.9,0.5,4,1
,254,1.0045197740112994,,,0.3661417322834646,0.3379032258064516,1.0835698043711124,0.5279244997805226,29.166405276081488,1.0835698043711124,,,,0.9293785310734464,1.0480225988700564,0.7328938395089794,0.7389558232931727,1.0835698043711124,1.0045197740112994,1.0045197740112994,0.6292134831460674,1.3522727272727273,,stack_experts_hist,weekly,0.0,0,0,40,0.9,0.5,4,2
,162,0.6406779661016949,,,0.25925925925925924,0.3379032258064516,0.7672589056837267,0.5279244997805226,18.76295765646911,0.7672589056837267,,,,0.5932203389830508,0.672316384180791,0.3855421686746988,0.4840764331210191,0.7672589056837267,0.6406779661016949,0.6406779661016949,0.40898876404494383,0.8272727272727273,,stack_experts_hist,weekly,0.0,0,0,40,0.9,0.65,3,1
,230,0.9096045197740114,,,0.3173913043478261,0.3379032258064516,0.9392964615544257,0.5279244997805226,22.38316934912945,0.9392964615544257,,,,0.8502824858757062,0.9689265536723164,0.5975903614457831,0.7066666666666667,0.9392964615544257,0.9096045197740114,0.9096045197740114,0.45617977528089887,1.225,,stack_experts_hist,weekly,0.0,0,0,40,0.9,0.65,3,2
,158,0.624858757062147,,,0.310126582278481,0.3379032258064516,0.9177970454064832,0.5279244997805226,23.514293506511358,0.9177970454064832,,,,0.5734463276836158,0.672316384180791,0.5975903614457831,0.5163398692810458,0.9177970454064832,0.624858757062147,0.624858757062147,0.40898876404494383,0.8113636363636363,,stack_experts_hist,weekly,0.0,0,0,40,0.9,0.65,4,1
,213,0.8423728813559322,,,0.36619718309859156,0.3379032258064516,1.0837339070220848,0.5279244997805226,27.354418778543153,1.0837339070220848,,,,0.731638418079096,0.9096045197740114,0.746987951807229,0.7067307692307693,1.0837339070220848,0.8423728813559322,0.8423728813559322,0.45617977528089887,1.1613636363636364,,stack_experts_hist,weekly,0.0,0,0,40,0.9,0.65,4,2
,255,1.0084745762711864,,,0.3058823529411765,0.3379032258064516,0.905236557630212,0.5279244997805226,12.155575355012376,0.905236557630212,,,,1.0084745762711864,1.0084745762711864,0.7736185383244207,0.724,0.905236557630212,1.0084745762711864,1.0084745762711864,1.0224719101123596,1.05,,stack_experts_hist,weekly,0.0,0,0,60,0.75,0.0,3,1
,381,1.5067796610169493,,,0.3333333333333333,0.3379032258064516,0.9864757358790771,0.5279244997805226,22.574279813539466,0.9864757358790771,,,,1.4435028248587571,1.5621468926553672,0.8421052631578947,0.8962765957446809,0.9864757358790771,1.5067796610169493,1.5067796610169493,1.148314606741573,1.8295454545454546,,stack_experts_hist,weekly,0.0,0,0,60,0.75,0.0,3,2
,252,0.9966101694915255,,,0.3412698412698413,0.3379032258064516,1.0099632534000076,0.5279244997805226,11.828541587081244,1.0099632534000076,,,,0.9887005649717514,1.0084745762711864,0.8454545454545453,0.7004048582995951,1.0099632534000076,0.9966101694915255,0.9966101694915255,0.9863636363636364,1.05,,stack_experts_hist,weekly,0.0,0,0,60,0.75,0.0,4,1
,370,1.463276836158192,,,0.37027027027027026,0.3379032258064516,1.095787912017029,0.5279244997805226,20.725502809682464,1.095787912017029,,,,1.423728813559322,1.5028248587570623,1.0090090090090091,0.8767123287671232,1.095787912017029,1.463276836158192,1.463276836158192,1.148314606741573,1.7818181818181817,,stack_experts_hist,weekly,0.0,0,0,60,0.75,0.0,4,2
,231,0.9135593220338984,,,0.2813852813852814,0.3379032258064516,0.83273925756026,0.5279244997805226,4.232918271382062,0.83273925756026,,,,0.8898305084745763,0.9491525423728814,0.7632575757575757,0.5575221238938053,0.83273925756026,0.9135593220338984,0.9135593220338984,0.8494382022471911,1.0022727272727272,,stack_experts_hist,weekly,0.0,0,0,60,0.75,0.3,3,1
,351,1.3881355932203392,,,0.32763532763532766,0.3379032258064516,0.9696129027871272,0.5279244997805226,16.998823159428902,0.9696129027871272,,,,1.305084745762712,1.4435028248587571,0.8115942028985508,0.8179190751445087,0.9696129027871272,1.3881355932203392,1.3881355932203392,0.9752808988764046,1.7659090909090909,,stack_experts_hist,weekly,0.0,0,0,60,0.75,0.3,3,2
,228,0.9016949152542374,,,0.3201754385964912,0.3379032258064516,0.94753590419964,0.5279244997805226,15.268867902820219,0.94753590419964,,,,0.8898305084745763,0.9491525423728814,0.7111111111111111,0.5829596412556054,0.94753590419964,0.9016949152542374,0.9016949152542374,0.8337078651685393,1.0022727272727272,,stack_experts_hist,weekly,0.0,0,0,60,0.75,0.3,4,1
,336,1.328813559322034,,,0.35714285714285715,0.3379032258064516,1.0569382884418685,0.5279244997805226,22.171836658003617,1.0569382884418685,,,,1.2457627118644068,1.384180790960452,0.8888888888888888,0.8096676737160121,1.0569382884418685,1.328813559322034,1.328813559322034,0.9123595505617977,1.75,,stack_experts_hist,weekly,0.0,0,0,60,0.75,0.3,4,2
,204,0.8067796610169491,,,0.29901960784313725,0.3379032258064516,0.8849267630679957,0.5279244997805226,22.373276675353996,0.8849267630679957,,,,0.7711864406779662,0.8502824858757062,0.7154471544715447,0.49748743718592964,0.8849267630679957,0.8067796610169491,0.8067796610169491,0.550561797752809,0.9863636363636364,,stack_experts_hist,weekly,0.0,0,0,60,0.75,0.5,3,1
,317,1.2536723163841808,,,0.33753943217665616,0.3379032258064516,0.9989233792340183,0.5279244997805226,23.2779555278454,0.9989233792340183,,,,1.1468926553672316,1.3248587570621468,0.8333333333333334,0.8012820512820513,0.9989233792340183,1.2536723163841808,1.2536723163841808,0.597752808988764,1.7340909090909091,,stack_experts_hist,weekly,0.0,0,0,60,0.75,0.5,3,2
,202,0.7988700564971751,,,0.3316831683168317,0.3379032258064516,0.9815921926321511,0.5279244997805226,28.964009870958645,0.9815921926321511,,,,0.7711864406779662,0.8502824858757062,0.7999999999999999,0.5329949238578681,0.9815921926321511,0.7988700564971751,0.7988700564971751,0.550561797752809,0.9704545454545455,,stack_experts_hist,weekly,0.0,0,0,60,0.75,0.5,4,1
,304,1.2022598870056498,,,0.3618421052631579,0.3379032258064516,1.0708453711845247,0.5279244997805226,28.120289934028005,1.0708453711845247,,,,1.1271186440677967,1.2457627118644068,0.9485561292790209,0.7892976588628763,1.0708453711845247,1.2022598870056498,1.2022598870056498,0.5820224719101125,1.6863636363636363,,stack_experts_hist,weekly,0.0,0,0,60,0.75,0.5,4,2
,172,0.6802259887005649,,,0.313953488372093,0.3379032258064516,0.9291224954209913,0.5279244997805226,22.166793460700998,0.9291224954209913,,,,0.632768361581921,0.7514124293785311,0.6274509803921569,0.47904191616766467,0.9291224954209913,0.6802259887005649,0.6802259887005649,0.39325842696629215,0.8431818181818181,,stack_experts_hist,weekly,0.0,0,0,60,0.75,0.65,3,1
,279,1.1033898305084746,,,0.34408602150537637,0.3379032258064516,1.0182975338106603,0.5279244997805226,22.486472294685242,1.0182975338106603,,,,1.0084745762711864,1.1666666666666667,0.8095238095238094,0.781021897810219,1.0182975338106603,1.1033898305084746,1.1033898305084746,0.39325842696629215,1.5590909090909093,,stack_experts_hist,weekly,0.0,0,0,60,0.75,0.65,3,2
,169,0.6683615819209039,,,0.33136094674556216,0.3379032258064516,0.9806386013472485,0.5279244997805226,25.767767720357586,0.9806386013472485,,,,0.612994350282486,0.731638418079096,0.6464646464646465,0.4817073170731707,0.9806386013472485,0.6683615819209039,0.6683615819209039,0.36179775280898874,0.8272727272727273,,stack_experts_hist,weekly,0.0,0,0,60,0.75,0.65,4,1
,267,1.0559322033898306,,,0.35580524344569286,0.3379032258064516,1.0529797180731721,0.5279244997805226,24.94096671554214,1.0529797180731721,,,,0.9491525423728814,1.1271186440677967,0.8366013071895425,0.7709923664122137,1.0529797180731721,1.0559322033898306,1.0559322033898306,0.36179775280898874,1.5113636363636365,,stack_experts_hist,weekly,0.0,0,0,60,0.75,0.65,4,2
,255,1.0084745762711864,,,0.3137254901960784,0.3379032258064516,0.9284477514156021,0.5279244997805226,12.40222404724905,0.9284477514156021,,,,1.0084745762711864,1.0084745762711864,0.8288770053475936,0.736,0.9284477514156021,1.0084745762711864,1.0084745762711864,1.0224719101123596,1.05,,stack_experts_hist,weekly,0.0,0,0,60,0.8,0.0,3,1
,375,1.4830508474576272,,,0.3413333333333333,0.3379032258064516,1.010151153540175,0.5279244997805226,22.153759874193003,1.010151153540175,,,,1.4039548022598871,1.5225988700564972,0.8648648648648649,0.8891891891891892,1.010151153540175,1.4830508474576272,1.4830508474576272,1.1325842696629214,1.7818181818181817,,stack_experts_hist,weekly,0.0,0,0,60,0.8,0.0,3,2
,251,0.9926553672316385,,,0.35856573705179284,0.3379032258064516,1.0611491979575731,0.5279244997805226,16.011646032881842,1.0611491979575731,,,,0.9887005649717514,1.0084745762711864,0.9581818181818182,0.7032520325203252,1.0611491979575731,0.9926553672316385,0.9926553672316385,0.9704545454545455,1.05,,stack_experts_hist,weekly,0.0,0,0,60,0.8,0.0,4,1
,363,1.435593220338983,,,0.38292011019283745,0.3379032258064516,1.13322419245613,0.5279244997805226,23.704724226632262,1.13322419245613,,,,1.384180790960452,1.4830508474576272,0.9959839357429718,0.8687150837988827,1.13322419245613,1.435593220338983,1.435593220338983,1.1325842696629214,1.75,,stack_experts_hist,weekly,0.0,0,0,60,0.8,0.0,4,2
,230,0.9096045197740114,,,0.2956521739130435,0.3379032258064516,0.8749610874753555,0.5279244997805226,6.673698001985843,0.8749610874753555,,,,0.8898305084745763,0.9491525423728814,0.821969696969697,0.5555555555555556,0.8749610874753555,0.9096045197740114,0.9096045197740114,0.8494382022471911,1.0022727272727272,,stack_experts_hist,weekly,0.0,0,0,60,0.8,0.3,3,1
,345,1.364406779661017,,,0.336231884057971,0.3379032258064516,0.9950537857562866,0.5279244997805226,18.46282506483783,0.9950537857562866,,,,1.265536723163842,1.423728813559322,0.8756218905472637,0.8029411764705883,0.9950537857562866,1.364406779661017,1.364406779661017,0.9595505617977528,1.7340909090909091,,stack_experts_hist,weekly,0.0,0,0,60,0.8,0.3,3,2
,225,0.8898305084745763,,,0.3422222222222222,0.3379032258064516,1.0127817555025191,0.5279244997805226,19.891377926773327,1.0127817555025191,,,,0.8700564971751413,0.9293785310734464,0.8484848484848485,0.5863636363636363,1.0127817555025191,0.8898305084745763,0.8898305084745763,0.802247191011236,1.0022727272727272,,stack_experts_hist,weekly,0.0,0,0,60,0.8,0.3,4,1
,326,1.289265536723164,,,0.37423312883435583,0.3379032258064516,1.107515703471602,0.5279244997805226,25.683134337196204,1.107515703471602,,,,1.1864406779661016,1.364406779661017,0.9093766369827135,0.8006230529595015,1.107515703471602,1.289265536723164,1.289265536723164,0.8651685393258427,1.7181818181818183,,stack_experts_hist,weekly,0.0,0,0,60,0.8,0.3,4,2
,201,0.7949152542372883,,,0.32338308457711445,0.3379032258064516,0.9570286989871646,0.5279244997805226,27.68430540115517,0.9570286989871646,,,,0.7711864406779662,0.8305084745762712,0.7661414890330552,0.5,0.9570286989871646,0.7949152542372883,0.7949152542372883,0.5191011235955056,0.9863636363636364,,stack_experts_hist,weekly,0.0,0,0,60,0.8,0.5,3,1
,308,1.2180790960451977,,,0.35064935064935066,0.3379032258064516,1.0377212286520163,0.5279244997805226,25.785120768219798,1.0377212286520163,,,,1.1073446327683616,1.2853107344632768,0.8537005163511188,0.7920792079207921,1.0377212286520163,1.2180790960451977,1.2180790960451977,0.550561797752809,1.7022727272727272,,stack_experts_hist,weekly,0.0,0,0,60,0.8,0.5,3,2
,199,0.7870056497175141,,,0.35678391959798994,0.3379032258064516,1.055876038905746,0.5279244997805226,34.27317917708579,1.055876038905746,,,,0.7514124293785311,0.8305084745762712,0.8649334178820546,0.5309278350515464,1.055876038905746,0.7870056497175141,0.7870056497175141,0.5191011235955056,0.9704545454545455,,stack_experts_hist,weekly,0.0,0,0,60,0.8,0.5,4,1
,293,1.1587570621468928,,,0.378839590443686,0.3379032258064516,1.12114819128919,0.5279244997805226,31.270522687110468,1.12114819128919,,,,1.0677966101694916,1.2457627118644068,0.9156626506024097,0.78125,1.12114819128919,1.1587570621468928,1.1587570621468928,0.5348314606741573,1.6545454545454545,,stack_experts_hist,weekly,0.0,0,0,60,0.8,0.5,4,2
,169,0.6683615819209039,,,0.3431952662721893,0.3379032258064516,1.0156614085382214,0.5279244997805226,28.036450247868647,1.0156614085382214,,,,0.632768361581921,0.731638418079096,0.8080808080808081,0.4634146341463415,1.0156614085382214,0.6683615819209039,0.6683615819209039,0.36179775280898874,0.8431818181818181,,stack_experts_hist,weekly,0.0,0,0,60,0.8,0.65,3,1
,270,1.0677966101694916,,,0.362962962962963,0.3379032258064516,1.0741624679572175,0.5279244997805226,26.220041171951465,1.0741624679572175,,,,0.9689265536723164,1.1271186440677967,0.9056603773584905,0.7660377358490567,1.0741624679572175,1.0677966101694916,1.0677966101694916,0.36179775280898874,1.5272727272727273,,stack_experts_hist,weekly,0.0,0,0,60,0.8,0.65,3,2
,166,0.6564971751412431,,,0.3614457831325301,0.3379032258064516,1.069672484688156,0.5279244997805226,31.623253492988635,1.069672484688156,,,,0.612994350282486,0.711864406779661,0.8333333333333334,0.4658385093167702,1.069672484688156,0.6564971751412431,0.6564971751412431,0.33033707865168543,0.8272727272727273,,stack_experts_hist,weekly,0.0,0,0,60,0.8,0.65,4,1
,256,1.0124293785310736,,,0.37890625,0.3379032258064516,1.1213454653937949,0.5279244997805226,29.35903582950629,1.1213454653937949,,,,0.8898305084745763,1.1073446327683616,0.9070567986230637,0.7529880478087649,1.1213454653937949,1.0124293785310736,1.0124293785310736,0.33033707865168543,1.4795454545454547,,stack_experts_hist,weekly,0.0,0,0,60,0.8,0.65,4,2
,255,1.0084745762711864,,,0.2823529411764706,0.3379032258064516,0.8356029762740419,0.5279244997805226,8.66869164642441,0.8356029762740419,,,,1.0084745762711864,1.0084745762711864,0.7843137254901961,0.796,0.8356029762740419,1.0084745762711864,1.0084745762711864,1.0224719101123596,1.05,,stack_experts_hist,weekly,0.0,0,0,60,0.85,0.0,3,1
,363,1.435593220338983,,,0.3085399449035813,0.3379032258064516,0.9131015075905509,0.5279244997805226,18.10241419954408,0.9131015075905509,,,,1.364406779661017,1.5028248587570623,0.7777777777777778,0.9022346368715084,0.9131015075905509,1.435593220338983,1.435593220338983,1.101123595505618,1.7022727272727272,,stack_experts_hist,weekly,0.0,0,0,60,0.85,0.0,3,2
,251,0.9926553672316385,,,0.3187250996015936,0.3379032258064516,0.9432437315178427,0.5279244997805226,12.232804169067874,0.9432437315178427,,,,0.9887005649717514,1.0084745762711864,0.8366013071895425,0.7601626016260162,0.9432437315178427,0.9926553672316385,0.9926553672316385,0.9704545454545455,1.05,,stack_experts_hist,weekly,0.0,0,0,60,0.85,0.0,4,1
,348,1.3762711864406778,,,0.3505747126436782,0.3379032258064516,1.0375003429073053,0.5279244997805226,20.2775451845803,1.0375003429073053,,,,1.344632768361582,1.4039548022598871,0.8963855421686747,0.892128279883382,1.0375003429073053,1.3762711864406778,1.3762711864406778,1.101123595505618,1.6863636363636363,,stack_experts_hist,weekly,0.0,0,0,60,0.85,0.0,4,2
,229,0.9056497175141243,,,0.2576419213973799,0.3379032258064516,0.7624725120113391,0.5279244997805226,3.464660024018182,0.7624725120113391,,,,0.8898305084745763,0.9293785310734464,0.7111111111111111,0.5758928571428571,0.7624725120113391,0.9056497175141243,0.9056497175141243,0.8337078651685393,1.0022727272727272,,stack_experts_hist,weekly,0.0,0,0,60,0.85,0.3,3,1
,333,1.3169491525423729,,,0.2972972972972973,0.3379032258064516,0.8798297103786364,0.5279244997805226,12.973393862841279,0.8798297103786364,,,,1.2457627118644068,1.364406779661017,0.7384615384615385,0.7896341463414634,0.8798297103786364,1.3169491525423729,1.3169491525423729,0.9123595505617977,1.6704545454545454,,stack_experts_hist,weekly,0.0,0,0,60,0.85,0.3,3,2
,224,0.8858757062146893,,,0.29910714285714285,0.3379032258064516,0.8851858165700648,0.5279244997805226,15.987676157405044,0.8851858165700648,,,,0.8700564971751413,0.9096045197740114,0.6060606060606061,0.6118721461187214,0.8851858165700648,0.8858757062146893,0.8858757062146893,0.7865168539325843,1.0022727272727272,,stack_experts_hist,weekly,0.0,0,0,60,0.85,0.3,4,1
,309,1.2220338983050847,,,0.3365695792880259,0.3379032258064516,0.9960531702080003,0.5279244997805226,20.70621081874612,0.9960531702080003,,,,1.1666666666666667,1.265536723163842,0.7588449034232166,0.7894736842105263,0.9960531702080003,1.2220338983050847,1.2220338983050847,0.8179775280898877,1.6545454545454545,,stack_experts_hist,weekly,0.0,0,0,60,0.85,0.3,4,2
,198,0.7830508474576272,,,0.2878787878787879,0.3379032258064516,0.8519563173501122,0.5279244997805226,24.746311097310198,0.8519563173501122,,,,0.7711864406779662,0.8107344632768362,0.6129131912264443,0.5233160621761658,0.8519563173501122,0.7830508474576272,0.7830508474576272,0.503370786516854,0.9863636363636364,,stack_experts_hist,weekly,0.0,0,0,60,0.85,0.5,3,1
,294,1.1627118644067798,,,0.3129251700680272,0.3379032258064516,0.9260792622538276,0.5279244997805226,21.077535673389495,0.9260792622538276,,,,1.0875706214689267,1.225988700564972,0.7090055135797427,0.7750865051903114,0.9260792622538276,1.1627118644067798,1.1627118644067798,0.503370786516854,1.638636363636364,,stack_experts_hist,weekly,0.0,0,0,60,0.85,0.5,3,2
,195,0.7711864406779662,,,0.31794871794871793,0.3379032258064516,0.940946086530812,0.5279244997805226,30.766187443559385,0.940946086530812,,,,0.7514124293785311,0.8107344632768362,0.6290424857324033,0.5421052631578948,0.940946086530812,0.7711864406779662,0.7711864406779662,0.503370786516854,0.9704545454545455,,stack_experts_hist,weekly,0.0,0,0,60,0.85,0.5,4,1
,273,1.0796610169491525,,,0.3443223443223443,0.3379032258064516,1.0189969139849808,0.5279244997805226,26.887870207921274,1.0189969139849808,,,,1.0282485875706215,1.1468926553672316,0.746987951807229,0.7574626865671642,1.0189969139849808,1.0796610169491525,1.0796610169491525,0.503370786516854,1.5750000000000002,,stack_experts_hist,weekly,0.0,0,0,60,0.85,0.5,4,2
,163,0.644632768361582,,,0.294478527607362,0.3379032258064516,0.8714877666661787,0.5279244997805226,23.563588269529944,0.8714877666661787,,,,0.612994350282486,0.672316384180791,0.633807959109164,0.4873417721518987,0.8714877666661787,0.644632768361582,0.644632768361582,0.3146067415730337,0.8431818181818181,,stack_experts_hist,weekly,0.0,0,0,60,0.85,0.65,3,1
,253,1.0005649717514125,,,0.3241106719367589,0.3379032258064516,0.9591819408152292,0.5279244997805226,21.089726639838766,0.9591819408152292,,,,0.9293785310734464,1.0480225988700564,0.7616347743916844,0.7540322580645161,0.9591819408152292,1.0005649717514125,1.0005649717514125,0.3146067415730337,1.4636363636363636,,stack_experts_hist,weekly,0.0,0,0,60,0.85,0.65,3,2
,158,0.624858757062147,,,0.31645569620253167,0.3379032258064516,0.9365275973535544,0.5279244997805226,27.651804112988728,0.9365275973535544,,,,0.5734463276836158,0.672316384180791,0.6021505376344086,0.48366013071895425,0.9365275973535544,0.624858757062147,0.624858757062147,0.28314606741573034,0.8272727272727273,,stack_experts_hist,weekly,0.0,0,0,60,0.85,0.65,4,1
,234,0.9254237288135593,,,0.34615384615384615,0.3379032258064516,1.0244171103359647,0.5279244997805226,25.373574805896155,1.0244171103359647,,,,0.8502824858757062,0.9887005649717514,0.7703703703703703,0.7379912663755459,1.0244171103359647,0.9254237288135593,0.9254237288135593,0.28314606741573034,1.415909090909091,,stack_experts_hist,weekly,0.0,0,0,60,0.85,0.65,4,2
,255,1.0084745762711864,,,0.27450980392156865,0.3379032258064516,0.8123917824886518,0.5279244997805226,9.0437149723574,0.8123917824886518,,,,1.0084745762711864,1.0084745762711864,0.7736185383244207,0.812,0.8123917824886518,1.0084745762711864,1.0084745762711864,1.0224719101123596,1.05,,stack_experts_hist,weekly,0.0,0,0,60,0.9,0.0,3,1
,338,1.3367231638418078,,,0.3076923076923077,0.3379032258064516,0.9105929869653021,0.5279244997805226,19.971092963015757,0.9105929869653021,,,,1.305084745762712,1.364406779661017,0.7909284195605953,0.8978978978978979,0.9105929869653021,1.3367231638418078,1.3367231638418078,1.101123595505618,1.5272727272727273,,stack_experts_hist,weekly,0.0,0,0,60,0.9,0.0,3,2
,250,0.9887005649717514,,,0.324,0.3379032258064516,0.958854415274463,0.5279244997805226,13.758487460511274,0.958854415274463,,,,0.9887005649717514,0.9887005649717514,0.8454545454545453,0.7836734693877551,0.958854415274463,0.9887005649717514,0.9887005649717514,0.9545454545454546,1.05,,stack_experts_hist,weekly,0.0,0,0,60,0.9,0.0,4,1
,320,1.265536723163842,,,0.35625,0.3379032258064516,1.0542959427207639,0.5279244997805226,23.99501759279108,1.0542959427207639,,,,1.225988700564972,1.305084745762712,0.90543994158452,0.8793650793650793,1.0542959427207639,1.265536723163842,1.265536723163842,1.101123595505618,1.4795454545454547,,stack_experts_hist,weekly,0.0,0,0,60,0.9,0.0,4,2
,228,0.9016949152542374,,,0.25,0.3379032258064516,0.7398568019093079,0.5279244997805226,4.091449521329992,0.7398568019093079,,,,0.8700564971751413,0.9293785310734464,0.6495547407019382,0.5874439461883408,0.7398568019093079,0.9016949152542374,0.9016949152542374,0.8337078651685393,1.0022727272727272,,stack_experts_hist,weekly,0.0,0,0,60,0.9,0.3,3,1
,306,1.2101694915254237,,,0.2973856209150327,0.3379032258064516,0.8800910976960394,0.5279244997805226,15.953624020023032,0.8800910976960394,,,,1.1666666666666667,1.265536723163842,0.6639892904953146,0.7641196013289037,0.8800910976960394,1.2101694915254237,1.2101694915254237,0.9123595505617977,1.4636363636363636,,stack_experts_hist,weekly,0.0,0,0,60,0.9,0.3,3,2
,223,0.8819209039548023,,,0.30493273542600896,0.3379032258064516,0.9024262337189765,0.5279244997805226,17.590818612781742,0.9024262337189765,,,,0.8502824858757062,0.9096045197740114,0.6821705426356589,0.6284403669724771,0.9024262337189765,0.8819209039548023,0.8819209039548023,0.7865168539325843,1.0022727272727272,,stack_experts_hist,weekly,0.0,0,0,60,0.9,0.3,4,1
,283,1.1192090395480228,,,0.3462897526501767,0.3379032258064516,1.0248193157189,0.5279244997805226,25.103294501876842,1.0248193157189,,,,1.0480225988700564,1.1666666666666667,0.7596487645497243,0.7589928057553957,1.0248193157189,1.1192090395480228,1.1192090395480228,0.8179775280898877,1.4477272727272728,,stack_experts_hist,weekly,0.0,0,0,60,0.9,0.3,4,2
,195,0.7711864406779662,,,0.28205128205128205,0.3379032258064516,0.8347102380515269,0.5279244997805226,26.71962206797628,0.8347102380515269,,,,0.7514124293785311,0.7909604519774012,0.47178186429930247,0.5263157894736842,0.8347102380515269,0.7711864406779662,0.7711864406779662,0.503370786516854,0.9863636363636364,,stack_experts_hist,weekly,0.0,0,0,60,0.9,0.5,3,1
,265,1.0480225988700564,,,0.3169811320754717,0.3379032258064516,0.9380825865718017,0.5279244997805226,27.368900815439122,0.9380825865718017,,,,1.0084745762711864,1.0875706214689267,0.5533244087460955,0.7346153846153847,0.9380825865718017,1.0480225988700564,1.0480225988700564,0.503370786516854,1.4318181818181819,,stack_experts_hist,weekly,0.0,0,0,60,0.9,0.5,3,2
,192,0.7593220338983051,,,0.3229166666666667,0.3379032258064516,0.9556483691328561,0.5279244997805226,33.32135380789139,0.9556483691328561,,,,0.731638418079096,0.7909604519774012,0.6460436339954413,0.5508021390374331,0.9556483691328561,0.7593220338983051,0.7593220338983051,0.503370786516854,0.9704545454545455,,stack_experts_hist,weekly,0.0,0,0,60,0.9,0.5,4,1
,246,0.9728813559322035,,,0.35772357723577236,0.3379032258064516,1.0586568872848634,0.5279244997805226,33.936491542502,1.0586568872848634,,,,0.8898305084745763,1.0084745762711864,0.7030474840538625,0.7095435684647303,1.0586568872848634,0.9728813559322035,0.9728813559322035,0.503370786516854,1.3681818181818182,,stack_experts_hist,weekly,0.0,0,0,60,0.9,0.5,4,2
,158,0.624858757062147,,,0.2911392405063291,0.3379032258064516,0.86160538956527,0.5279244997805226,27.07429285752637,0.86160538956527,,,,0.5932203389830508,0.652542372881356,0.5783132530120482,0.477124183006536,0.86160538956527,0.624858757062147,0.624858757062147,0.3146067415730337,0.8272727272727273,,stack_experts_hist,weekly,0.0,0,0,60,0.9,0.65,3,1
,223,0.8819209039548023,,,0.3273542600896861,0.3379032258064516,0.9687811038453717,0.5279244997805226,27.703396466302774,0.9687811038453717,,,,0.8305084745762712,0.9293785310734464,0.6639892904953146,0.7018348623853211,0.9687811038453717,0.8819209039548023,0.8819209039548023,0.3146067415730337,1.240909090909091,,stack_experts_hist,weekly,0.0,0,0,60,0.9,0.65,3,2
,153,0.6050847457627119,,,0.3137254901960784,0.3379032258064516,0.9284477514156021,0.5279244997805226,30.33940234372808,0.9284477514156021,,,,0.5734463276836158,0.652542372881356,0.6436781609195402,0.4797297297297297,0.9284477514156021,0.6050847457627119,0.6050847457627119,0.28314606741573034,0.8113636363636363,,stack_experts_hist,weekly,0.0,0,0,60,0.9,0.65,4,1
,205,0.8107344632768362,,,0.35609756097560974,0.3379032258064516,1.0538448105244775,0.5279244997805226,31.925613243589606,1.0538448105244775,,,,0.711864406779661,0.8700564971751413,0.746987951807229,0.685,1.0538448105244775,0.8107344632768362,0.8107344632768362,0.28314606741573034,1.1772727272727272,,stack_experts_hist,weekly,0.0,0,0,60,0.9,0.65,4,2
0.15,257,1.0163841807909604,20.0,0.0,0.36186770428015563,0.3379032258064516,1.0709211296119165,0.508828514036378,2.9194991799286574,1.0709211296119165,1.0709211296119165,1.0,1.0,0.9689265536723164,1.0875706214689267,0.9778751369112816,0.7738095238095238,1.0709211296119165,1.0163841807909604,1.0163841807909604,0.7707865168539327,1.2774999999999999,4.0,stack_core_hist,rolling,0.15,20,0,0,0.0,0.0,0,0
0.15,207,0.8186440677966101,40.0,0.0,0.391304347826087,0.3379032258064516,1.1580367334232646,0.508828514036378,9.640533519934264,1.1580367334232646,1.1580367334232646,1.0,1.0,0.731638418079096,0.8898305084745763,1.0542635658914727,0.7524752475247525,1.1580367334232646,0.8186440677966101,0.8186440677966101,0.5409090909090909,1.2249999999999999,4.0,stack_core_hist,rolling,0.15,40,0,0,0.0,0.0,0,0
0.15,169,0.6683615819209039,60.0,0.0,0.4556213017751479,0.3379032258064516,1.3483780768524665,0.508828514036378,28.542650373653846,1.3483780768524665,1.3483780768524665,1.0,1.0,0.5734463276836158,0.7711864406779662,1.2121212121212122,0.7134146341463414,1.3483780768524665,0.6683615819209039,0.6683615819209039,0.3775280898876405,1.2249999999999999,4.0,stack_core_hist,rolling,0.15,60,0,0,0.0,0.0,0,0
0.15,133,0.5259887005649718,120.0,0.0,0.44360902255639095,0.3379032258064516,1.3128286109067417,0.508828514036378,27.93178367349237,1.3128286109067417,1.3128286109067417,1.0,1.0,0.4943502824858757,0.5734463276836158,1.103448275862069,0.7109375,1.3128286109067417,0.5259887005649718,0.5259887005649718,0.20449438202247192,1.2249999999999999,4.0,stack_core_hist,rolling,0.15,120,0,0,0.0,0.0,0,0
0.15,119,0.4706214689265537,250.0,0.0,0.3865546218487395,0.3379032258064516,1.1439802651370812,0.508828514036378,12.643525345047,1.1439802651370812,1.1439802651370812,1.0,1.0,0.43502824858757067,0.5536723163841808,0.9507119386637459,0.7280701754385965,1.1439802651370812,0.4706214689265537,0.4706214689265537,0.07865168539325842,1.2249999999999999,4.0,stack_core_hist,rolling,0.15,250,0,0,0.0,0.0,0,0
0.15,136,0.5378531073446328,40.0,3.0,0.36764705882352944,0.3379032258064516,1.0880247086901587,0.508828514036378,13.683478056209019,1.0880247086901587,1.0880247086901587,1.0,1.0,0.4152542372881356,0.5932203389830508,0.8813077469793887,0.6106870229007634,1.0880247086901587,0.5378531073446328,0.5378531073446328,0.30227272727272725,0.9450000000000001,4.0,stack_core_hist,rolling,0.15,40,3,0,0.0,0.0,0,0
0.15,114,0.4508474576271187,60.0,3.0,0.40350877192982454,0.3379032258064516,1.1941548381694091,0.508828514036378,29.981550153415117,1.1941548381694091,1.1941548381694091,1.0,1.0,0.37570621468926557,0.5141242937853108,1.1111111111111112,0.5688073394495413,1.1941548381694091,0.4508474576271187,0.4508474576271187,0.17303370786516856,0.9450000000000001,4.0,stack_core_hist,rolling,0.15,60,3,0,0.0,0.0,0,0
0.15,94,0.37175141242937854,120.0,3.0,0.40425531914893614,0.3379032258064516,1.196364190321434,0.508828514036378,28.90011459015407,1.196364190321434,1.196364190321434,1.0,1.0,0.3361581920903955,0.43502824858757067,0.9696969696969697,0.5842696629213483,1.196364190321434,0.37175141242937854,0.37175141242937854,0.09438202247191012,0.9450000000000001,4.0,stack_core_hist,rolling,0.15,120,3,0,0.0,0.0,0,0
0.18,288,1.1389830508474577,20.0,0.0,0.3576388888888889,0.3379032258064516,1.0584062582869267,0.508828514036378,5.054598783555083,1.0584062582869267,1.0584062582869267,1.0,1.0,1.0480225988700564,1.265536723163842,0.9337349397590362,0.8091872791519434,1.0584062582869267,1.1389830508474577,1.1389830508474577,0.9280898876404495,1.3681818181818182,4.0,stack_core_hist,rolling,0.18,20,0,0,0.0,0.0,0,0
0.18,232,0.9175141242937853,40.0,0.0,0.39655172413793105,0.3379032258064516,1.173565961649247,0.508828514036378,9.7715061987341,1.173565961649247,1.173565961649247,1.0,1.0,0.7909604519774012,1.0282485875706215,1.0780141843971631,0.7841409691629956,1.173565961649247,0.9175141242937853,0.9175141242937853,0.5886363636363636,1.3125,4.0,stack_core_hist,rolling,0.18,40,0,0,0.0,0.0,0,0
0.18,192,0.7593220338983051,60.0,0.0,0.4322916666666667,0.3379032258064516,1.2793357199681783,0.508828514036378,29.621442232082728,1.2793357199681783,1.2793357199681783,1.0,1.0,0.672316384180791,0.8305084745762712,1.1531531531531531,0.7379679144385026,1.2793357199681783,0.7593220338983051,0.7593220338983051,0.42471910112359557,1.3125,4.0,stack_core_hist,rolling,0.18,60,0,0,0.0,0.0,0,0
0.18,148,0.5853107344632769,120.0,0.0,0.4527027027027027,0.3379032258064516,1.3397406953492872,0.508828514036378,34.1967624051282,1.3397406953492872,1.3397406953492872,1.0,1.0,0.5141242937853108,0.632768361581921,1.2043010752688172,0.7342657342657343,1.3397406953492872,0.5853107344632769,0.5853107344632769,0.2202247191011236,1.3125,4.0,stack_core_hist,rolling,0.18,120,0,0,0.0,0.0,0,0
0.18,132,0.5220338983050847,250.0,0.0,0.4090909090909091,0.3379032258064516,1.2106747667606856,0.508828514036378,22.761858194962382,1.2106747667606856,1.2106747667606856,1.0,1.0,0.4745762711864407,0.5734463276836158,1.103448275862069,0.7480314960629921,1.2106747667606856,0.5220338983050847,0.5220338983050847,0.1101123595505618,1.3125,4.0,stack_core_hist,rolling,0.18,250,0,0,0.0,0.0,0,0
0.18,148,0.5853107344632769,40.0,3.0,0.36486486486486486,0.3379032258064516,1.0797910081919628,0.508828514036378,9.930734806596433,1.0797910081919628,1.0797910081919628,1.0,1.0,0.4548022598870057,0.672316384180791,0.9656067488643738,0.6433566433566433,1.0797910081919628,0.5853107344632769,0.5853107344632769,0.3340909090909091,0.9975,4.0,stack_core_hist,rolling,0.18,40,3,0,0.0,0.0,0,0
0.18,126,0.49830508474576274,60.0,3.0,0.38095238095238093,0.3379032258064516,1.1274008410046596,0.508828514036378,29.129674314301543,1.1274008410046596,1.1274008410046596,1.0,1.0,0.3954802259887006,0.5536723163841808,1.0256410256410258,0.5867768595041323,1.1274008410046596,0.49830508474576274,0.49830508474576274,0.20449438202247192,0.9975,4.0,stack_core_hist,rolling,0.18,60,3,0,0.0,0.0,0,0
0.18,103,0.40734463276836164,120.0,3.0,0.4077669902912621,0.3379032258064516,1.206756725444308,0.508828514036378,33.83627324456732,1.206756725444308,1.206756725444308,1.0,1.0,0.3361581920903955,0.4745762711864407,1.0886742756804215,0.6122448979591837,1.206756725444308,0.40734463276836164,0.40734463276836164,0.09438202247191012,0.9975,4.0,stack_core_hist,rolling,0.18,120,3,0,0.0,0.0,0,0
0.2,314,1.2418079096045198,20.0,0.0,0.3503184713375796,0.3379032258064516,1.0367420154143168,0.508828514036378,1.528010191890135,1.0367420154143168,1.0367420154143168,1.0,1.0,1.1468926553672316,1.305084745762712,0.90543994158452,0.8220064724919094,1.0367420154143168,1.2418079096045198,1.2418079096045198,1.053932584269663,1.4875,4.0,stack_core_hist,rolling,0.2,20,0,0,0.0,0.0,0,0
0.2,247,0.9768361581920904,40.0,0.0,0.3805668016194332,0.3379032258064516,1.1262597470360314,0.508828514036378,7.057811680025597,1.1262597470360314,1.1262597470360314,1.0,1.0,0.8700564971751413,1.0677966101694916,1.0062893081761006,0.7892561983471075,1.1262597470360314,0.9768361581920904,0.9768361581920904,0.6522727272727272,1.365,4.0,stack_core_hist,rolling,0.2,40,0,0,0.0,0.0,0,0
0.2,210,0.8305084745762712,60.0,0.0,0.41904761904761906,0.3379032258064516,1.2401409251051256,0.508828514036378,29.232433900665225,1.2401409251051256,1.2401409251051256,1.0,1.0,0.7909604519774012,0.8898305084745763,1.1660299735527477,0.7609756097560976,1.2401409251051256,0.8305084745762712,0.8305084745762712,0.4404494382022472,1.3825,4.0,stack_core_hist,rolling,0.2,60,0,0,0.0,0.0,0,0
0.2,164,0.6485875706214689,120.0,0.0,0.4268292682926829,0.3379032258064516,1.2631701496012573,0.508828514036378,29.09682980629512,1.2631701496012573,1.2631701496012573,1.0,1.0,0.5536723163841808,0.692090395480226,1.1738382099827884,0.7421383647798742,1.2631701496012573,0.6485875706214689,0.6485875706214689,0.251685393258427,1.3825,4.0,stack_core_hist,rolling,0.2,120,0,0,0.0,0.0,0,0
0.2,147,0.5813559322033899,250.0,0.0,0.4013605442176871,0.3379032258064516,1.1877973146299092,0.508828514036378,22.539024142328117,1.1877973146299092,1.1877973146299092,1.0,1.0,0.5141242937853108,0.652542372881356,1.0342910101946248,0.7464788732394366,1.1877973146299092,0.5813559322033899,0.5813559322033899,0.1258426966292135,1.3825,4.0,stack_core_hist,rolling,0.2,250,0,0,0.0,0.0,0,0
0.2,157,0.6209039548022599,40.0,3.0,0.3503184713375796,0.3379032258064516,1.0367420154143168,0.508828514036378,7.5852949876505065,1.0367420154143168,1.0367420154143168,1.0,1.0,0.5141242937853108,0.692090395480226,0.9696969696969697,0.6447368421052632,1.0367420154143168,0.6209039548022599,0.6209039548022599,0.38181818181818183,1.0325,4.0,stack_core_hist,rolling,0.2,40,3,0,0.0,0.0,0,0
0.2,134,0.5299435028248588,60.0,3.0,0.3805970149253731,0.3379032258064516,1.1263491611156626,0.508828514036378,29.534143383255916,1.1263491611156626,1.1263491611156626,1.0,1.0,0.4548022598870057,0.5734463276836158,0.9656067488643738,0.6046511627906976,1.1263491611156626,0.5299435028248588,0.5299435028248588,0.20449438202247192,1.0325,4.0,stack_core_hist,rolling,0.2,60,3,0,0.0,0.0,0,0
0.2,113,0.44689265536723166,120.0,3.0,0.3893805309734513,0.3379032258064516,1.1523433374870635,0.508828514036378,27.110835013112627,1.1523433374870635,1.1523433374870635,1.0,1.0,0.4152542372881356,0.5141242937853108,0.8813077469793887,0.6203703703703703,1.1523433374870635,0.44689265536723166,0.44689265536723166,0.09438202247191012,1.0325,4.0,stack_core_hist,rolling,0.2,120,3,0,0.0,0.0,0,0
0.22,332,1.3129943502824861,20.0,0.0,0.34036144578313254,0.3379032258064516,1.007274923081347,0.508828514036378,0.3886493661264492,1.007274923081347,1.007274923081347,1.0,1.0,1.265536723163842,1.364406779661017,0.8660729876025843,0.8409785932721713,1.007274923081347,1.3129943502824861,1.3129943502824861,1.1136363636363638,1.6068181818181817,4.0,stack_core_hist,rolling,0.22,20,0,0,0.0,0.0,0,0
0.22,265,1.0480225988700564,40.0,0.0,0.37358490566037733,0.3379032258064516,1.1055973341739092,0.508828514036378,7.740571266705627,1.1055973341739092,1.1055973341739092,1.0,1.0,0.8898305084745763,1.1468926553672316,1.0159036144578315,0.8115384615384615,1.1055973341739092,1.0480225988700564,1.0480225988700564,0.7795454545454547,1.4175,4.0,stack_core_hist,rolling,0.22,40,0,0,0.0,0.0,0,0
0.22,222,0.8779661016949153,60.0,0.0,0.4099099099099099,0.3379032258064516,1.2130985400675138,0.508828514036378,23.98345039692831,1.2130985400675138,1.2130985400675138,1.0,1.0,0.8305084745762712,0.9887005649717514,1.1199999999999999,0.7649769585253456,1.2130985400675138,0.8779661016949153,0.8779661016949153,0.4719101123595506,1.4175,4.0,stack_core_hist,rolling,0.22,60,0,0,0.0,0.0,0,0
0.22,176,0.6960451977401131,120.0,0.0,0.4147727272727273,0.3379032258064516,1.2274896940768063,0.508828514036378,28.087248192395577,1.2274896940768063,1.2274896940768063,1.0,1.0,0.612994350282486,0.7711864406779662,1.131011608623549,0.7368421052631579,1.2274896940768063,0.6960451977401131,0.6960451977401131,0.26741573033707866,1.4175,4.0,stack_core_hist,rolling,0.22,120,0,0,0.0,0.0,0,0
0.22,157,0.6209039548022599,250.0,0.0,0.4012738853503185,0.3379032258064516,1.1875408540200356,0.508828514036378,22.86919821484672,1.1875408540200356,1.1875408540200356,1.0,1.0,0.5536723163841808,0.731638418079096,1.0671256454388984,0.75,1.1875408540200356,0.6209039548022599,0.6209039548022599,0.15730337078651685,1.4175,4.0,stack_core_hist,rolling,0.22,250,0,0,0.0,0.0,0,0
0.22,164,0.6485875706214689,40.0,3.0,0.35365853658536583,0.3379032258064516,1.046626695383899,0.508828514036378,8.704738958511658,1.046626695383899,1.046626695383899,1.0,1.0,0.5338983050847458,0.711864406779661,0.9596462133775566,0.660377358490566,1.046626695383899,0.6485875706214689,0.6485875706214689,0.44545454545454544,1.0325,4.0,stack_core_hist,rolling,0.22,40,3,0,0.0,0.0,0,0
0.22,141,0.5576271186440678,60.0,3.0,0.3829787234042553,0.3379032258064516,1.133397653988727,0.508828514036378,21.917202180683386,1.133397653988727,1.133397653988727,1.0,1.0,0.4943502824858757,0.672316384180791,0.8883582089552239,0.6176470588235294,1.133397653988727,0.5576271186440678,0.5576271186440678,0.2359550561797753,1.0325,4.0,stack_core_hist,rolling,0.22,60,3,0,0.0,0.0,0,0
0.22,117,0.46271186440677964,120.0,3.0,0.39316239316239315,0.3379032258064516,1.1635354833445526,0.508828514036378,25.28684934713071,1.1635354833445526,1.1635354833445526,1.0,1.0,0.4152542372881356,0.5141242937853108,0.7050461975835111,0.5982142857142857,1.1635354833445526,0.46271186440677964,0.46271186440677964,0.1101123595505618,1.0325,4.0,stack_core_hist,rolling,0.22,120,3,0,0.0,0.0,0,0
0.25,357,1.4118644067796613,20.0,0.0,0.33613445378151263,0.3379032258064516,0.994765447945288,0.508828514036378,0.6606485614124197,0.994765447945288,0.994765447945288,0.0,1.0,1.3248587570621468,1.463276836158192,0.8883099967437318,0.8551136363636364,0.994765447945288,1.4118644067796613,1.4118644067796613,1.209090909090909,1.7181818181818183,4.0,stack_core_hist,rolling,0.25,20,0,0,0.0,0.0,0,0
0.25,292,1.1548022598870056,40.0,0.0,0.3561643835616438,0.3379032258064516,1.0540425671036715,0.508828514036378,6.603151534821131,1.0540425671036715,1.0540425671036715,1.0,1.0,0.9491525423728814,1.2853107344632768,0.9025641025641026,0.8222996515679443,1.0540425671036715,1.1548022598870056,1.1548022598870056,0.8590909090909091,1.54,4.0,stack_core_hist,rolling,0.25,40,0,0,0.0,0.0,0,0
0.25,249,0.9847457627118644,60.0,0.0,0.39759036144578314,0.3379032258064516,1.1766397331569716,0.508828514036378,21.40536113813193,1.1766397331569716,1.1766397331569716,1.0,1.0,0.8898305084745763,1.1073446327683616,1.0476190476190477,0.7786885245901639,1.1766397331569716,0.9847457627118644,0.9847457627118644,0.5348314606741573,1.5224999999999997,4.0,stack_core_hist,rolling,0.25,60,0,0,0.0,0.0,0,0
0.25,199,0.7870056497175141,120.0,0.0,0.3869346733668342,0.3379032258064516,1.1451049999400345,0.508828514036378,21.263165443249132,1.1451049999400345,1.1451049999400345,1.0,1.0,0.711864406779661,0.9096045197740114,1.0221940393151554,0.7577319587628866,1.1451049999400345,0.7870056497175141,0.7870056497175141,0.26741573033707866,1.5224999999999997,4.0,stack_core_hist,rolling,0.25,120,0,0,0.0,0.0,0,0
0.25,173,0.684180790960452,250.0,0.0,0.3988439306358382,0.3379032258064516,1.1803495799246762,0.508828514036378,23.445364157124384,1.1803495799246762,1.1803495799246762,1.0,1.0,0.632768361581921,0.8107344632768362,0.9666902905740611,0.7619047619047619,1.1803495799246762,0.684180790960452,0.684180790960452,0.17303370786516856,1.5224999999999997,4.0,stack_core_hist,rolling,0.25,250,0,0,0.0,0.0,0,0
0.25,174,0.6881355932203389,40.0,3.0,0.3333333333333333,0.3379032258064516,0.9864757358790771,0.508828514036378,9.925227302176042,0.9864757358790771,0.9864757358790771,0.0,1.0,0.5734463276836158,0.7514124293785311,0.746987951807229,0.6804733727810651,0.9864757358790771,0.6881355932203389,0.6881355932203389,0.4931818181818182,1.0325,4.0,stack_core_hist,rolling,0.25,40,3,0,0.0,0.0,0,0
0.25,155,0.612994350282486,60.0,3.0,0.36129032258064514,0.3379032258064516,1.0692124105011933,0.508828514036378,18.35279041160411,1.0692124105011933,1.0692124105011933,1.0,1.0,0.5338983050847458,0.692090395480226,0.8963855421686747,0.62,1.0692124105011933,0.612994350282486,0.612994350282486,0.298876404494382,1.0325,4.0,stack_core_hist,rolling,0.25,60,3,0,0.0,0.0,0,0
0.25,128,0.5062146892655368,120.0,3.0,0.359375,0.3379032258064516,1.06354415274463,0.508828514036378,18.603650069269865,1.06354415274463,1.06354415274463,1.0,1.0,0.4152542372881356,0.5734463276836158,0.7050461975835111,0.6097560975609756,1.06354415274463,0.5062146892655368,0.5062146892655368,0.1101123595505618,1.0325,4.0,stack_core_hist,rolling,0.25,120,3,0,0.0,0.0,0,0
0.3,402,1.5898305084745765,20.0,0.0,0.3333333333333333,0.3379032258064516,0.9864757358790771,0.508828514036378,4.293261137568126,0.9864757358790771,0.9864757358790771,0.0,1.0,1.5225988700564972,1.6610169491525424,0.9109609168380841,0.8664987405541562,0.9864757358790771,1.5898305084745765,1.5898305084745765,1.3363636363636364,1.9727272727272729,4.0,stack_core_hist,rolling,0.3,20,0,0,0.0,0.0,0,0
0.3,350,1.384180790960452,40.0,0.0,0.34,0.3379032258064516,1.0062052505966588,0.508828514036378,6.068786105824043,1.0062052505966588,1.0062052505966588,1.0,1.0,1.2062146892655368,1.4830508474576272,0.8518518518518517,0.8608695652173913,1.0062052505966588,1.384180790960452,1.384180790960452,1.1931818181818181,1.7674999999999998,4.0,stack_core_hist,rolling,0.3,40,0,0,0.0,0.0,0,0
0.3,313,1.2378531073446328,60.0,0.0,0.38338658146964855,0.3379032258064516,1.134604680244306,0.508828514036378,18.673857723575424,1.134604680244306,1.134604680244306,1.0,1.0,1.1073446327683616,1.305084745762712,0.9696969696969697,0.8506493506493507,1.134604680244306,1.2378531073446328,1.2378531073446328,0.7865168539325843,1.75,4.0,stack_core_hist,rolling,0.3,60,0,0,0.0,0.0,0,0
0.3,235,0.9293785310734464,120.0,0.0,0.37446808510638296,0.3379032258064516,1.1082110394556441,0.508828514036378,21.472277971867207,1.1082110394556441,1.1082110394556441,1.0,1.0,0.8305084745762712,1.0480225988700564,1.0062893081761006,0.7869565217391304,1.1082110394556441,0.9293785310734464,0.9293785310734464,0.28314606741573034,1.75,4.0,stack_core_hist,rolling,0.3,120,0,0,0.0,0.0,0,0
0.3,207,0.8186440677966101,250.0,0.0,0.3864734299516908,0.3379032258064516,1.1437399836279156,0.508828514036378,26.32596490511635,1.1437399836279156,1.1437399836279156,1.0,1.0,0.711864406779661,0.9293785310734464,0.9959839357429718,0.7871287128712872,1.1437399836279156,0.8186440677966101,0.8186440677966101,0.2202247191011236,1.75,4.0,stack_core_hist,rolling,0.3,250,0,0,0.0,0.0,0,0
0.3,198,0.7830508474576272,40.0,3.0,0.30303030303030304,0.3379032258064516,0.8967961235264339,0.508828514036378,5.3525761612602105,0.8967961235264339,0.8967961235264339,0.0,1.0,0.672316384180791,0.8700564971751413,0.6790799561883899,0.7305699481865285,0.8967961235264339,0.7830508474576272,0.7830508474576272,0.597752808988764,1.12,4.0,stack_core_hist,rolling,0.3,40,3,0,0.0,0.0,0,0
0.3,185,0.731638418079096,60.0,3.0,0.32432432432432434,0.3379032258064516,0.9598142295039671,0.508828514036378,9.435755204677092,0.9598142295039671,0.9598142295039671,0.0,1.0,0.632768361581921,0.8305084745762712,0.8537005163511188,0.7111111111111111,0.9598142295039671,0.731638418079096,0.731638418079096,0.4404494382022472,1.1025,4.0,stack_core_hist,rolling,0.3,60,3,0,0.0,0.0,0,0
0.3,145,0.5734463276836158,120.0,3.0,0.3448275862068966,0.3379032258064516,1.0204921405645626,0.508828514036378,22.135780895889276,1.0204921405645626,1.0204921405645626,1.0,1.0,0.5141242937853108,0.652542372881356,0.9058441558441559,0.6357142857142857,1.0204921405645626,0.5734463276836158,0.5734463276836158,0.1258426966292135,1.1025,4.0,stack_core_hist,rolling,0.3,120,3,0,0.0,0.0,0,0
0.35,455,1.7994350282485876,20.0,0.0,0.33186813186813185,0.3379032258064516,0.9821395787982901,0.508828514036378,5.766512001358305,0.9821395787982901,0.9821395787982901,0.0,1.0,1.7203389830508475,1.8983050847457628,0.9026104417670683,0.8777777777777778,0.9821395787982901,1.7994350282485876,1.7994350282485876,1.604494382022472,2.2272727272727275,4.0,stack_core_hist,rolling,0.35,20,0,0,0.0,0.0,0,0
0.35,406,1.6056497175141244,40.0,0.0,0.33497536945812806,0.3379032258064516,0.9913352222627179,0.508828514036378,7.326586564669241,0.9913352222627179,0.9913352222627179,0.0,1.0,1.5028248587570623,1.6807909604519775,0.8085046066619419,0.8952618453865336,0.9913352222627179,1.6056497175141244,1.6056497175141244,1.30561797752809,1.956818181818182,4.0,stack_core_hist,rolling,0.35,40,0,0,0.0,0.0,0,0
0.35,369,1.459322033898305,60.0,0.0,0.35772357723577236,0.3379032258064516,1.0586568872848634,0.508828514036378,11.184377133392065,1.0586568872848634,1.0586568872848634,1.0,1.0,1.344632768361582,1.6214689265536724,0.910569105691057,0.8901098901098901,1.0586568872848634,1.459322033898305,1.459322033898305,0.9438202247191012,1.9090909090909092,4.0,stack_core_hist,rolling,0.35,60,0,0,0.0,0.0,0,0
0.35,274,1.0836158192090395,120.0,0.0,0.39416058394160586,0.3379032258064516,1.1664895562949673,0.508828514036378,27.216261472531706,1.1664895562949673,1.1664895562949673,1.0,1.0,0.9293785310734464,1.225988700564972,1.075268817204301,0.8215613382899628,1.1664895562949673,1.0836158192090395,1.0836158192090395,0.3775280898876405,1.8900000000000001,4.0,stack_core_hist,rolling,0.35,120,0,0,0.0,0.0,0,0
0.35,234,0.9254237288135593,250.0,0.0,0.3717948717948718,0.3379032258064516,1.10029985924974,0.508828514036378,21.947713356666554,1.10029985924974,1.10029985924974,1.0,1.0,0.8107344632768362,1.0677966101694916,0.9876543209876543,0.8165938864628821,1.10029985924974,0.9254237288135593,0.9254237288135593,0.2359550561797753,1.8900000000000001,4.0,stack_core_hist,rolling,0.35,250,0,0,0.0,0.0,0,0
0.35,225,0.8898305084745763,40.0,3.0,0.31555555555555553,0.3379032258064516,0.933863696632193,0.508828514036378,6.849366791612251,0.933863696632193,0.933863696632193,0.0,1.0,0.8502824858757062,1.0084745762711864,0.6444601937160407,0.7863636363636364,0.933863696632193,0.8898305084745763,0.8898305084745763,0.6449438202247191,1.2075,4.0,stack_core_hist,rolling,0.35,40,3,0,0.0,0.0,0,0
0.35,211,0.8344632768361583,60.0,3.0,0.3127962085308057,0.3379032258064516,0.9256976099718355,0.508828514036378,6.115966906105827,0.9256976099718355,0.9256976099718355,0.0,1.0,0.7711864406779662,0.9096045197740114,0.7145102147721321,0.7718446601941747,0.9256976099718355,0.8344632768361583,0.8344632768361583,0.503370786516854,1.2075,4.0,stack_core_hist,rolling,0.35,60,3,0,0.0,0.0,0,0
0.35,161,0.6367231638418079,120.0,3.0,0.35403726708074534,0.3379032258064516,1.047747520716287,0.508828514036378,22.85468902258087,1.047747520716287,1.047747520716287,1.0,1.0,0.5536723163841808,0.711864406779661,0.8674698795180724,0.6538461538461539,1.047747520716287,0.6367231638418079,0.6367231638418079,0.18876404494382024,1.2075,4.0,stack_core_hist,rolling,0.35,120,3,0,0.0,0.0,0,0
,255,1.0084745762711864,,,0.3137254901960784,0.3379032258064516,0.9284477514156021,0.508828514036378,6.095055820788422,0.9284477514156021,,,,1.0084745762711864,1.0084745762711864,0.8888888888888888,0.716,0.9284477514156021,1.0084745762711864,1.0084745762711864,1.0224719101123596,1.05,,stack_core_hist,weekly,0.0,0,0,10,0.75,0.0,3,1
,398,1.5740112994350282,,,0.3316582914572864,0.3379032258064516,0.9815185713771722,0.508828514036378,9.829830394582396,0.9815185713771722,,,,1.5225988700564972,1.6214689265536724,0.9572649572649573,0.8727735368956743,0.9815185713771722,1.5740112994350282,1.5740112994350282,1.5590909090909093,1.7022727272727272,,stack_core_hist,weekly,0.0,0,0,10,0.75,0.0,3,2
,255,1.0084745762711864,,,0.30980392156862746,0.3379032258064516,0.9168421545229071,0.508828514036378,3.291971321625114,0.9168421545229071,,,,1.0084745762711864,1.0084745762711864,0.8788093550673283,0.716,0.9168421545229071,1.0084745762711864,1.0084745762711864,1.0224719101123596,1.05,,stack_core_hist,weekly,0.0,0,0,10,0.75,0.0,4,1
,392,1.5502824858757065,,,0.33418367346938777,0.3379032258064516,0.9889922556134626,0.508828514036378,8.631618296622534,0.9889922556134626,,,,1.5225988700564972,1.6016949152542375,0.9576768612913192,0.8604651162790697,0.9889922556134626,1.5502824858757065,1.5502824858757065,1.510112359550562,1.6863636363636363,,stack_core_hist,weekly,0.0,0,0,10,0.75,0.0,4,2
,242,0.9570621468926553,,,0.30578512396694213,0.3379032258064516,0.9049488155584923,0.508828514036378,4.94124118799463,0.9049488155584923,,,,0.9491525423728814,0.9689265536723164,0.7711442786069652,0.6075949367088608,0.9049488155584923,0.9570621468926553,0.9570621468926553,0.8909090909090909,1.0340909090909092,,stack_core_hist,weekly,0.0,0,0,10,0.75,0.3,3,1
,376,1.4870056497175141,,,0.3324468085106383,0.3379032258064516,0.9838521301985477,0.508828514036378,10.0087354460464,0.9838521301985477,,,,1.4039548022598871,1.5621468926553672,0.8862728610468783,0.8005390835579514,0.9838521301985477,1.4870056497175141,1.4870056497175141,1.415909090909091,1.6863636363636363,,stack_core_hist,weekly,0.0,0,0,10,0.75,0.3,3,2
,239,0.9451977401129943,,,0.3263598326359833,0.3379032258064516,0.9658381681828623,0.508828514036378,9.086068275382573,0.9658381681828623,,,,0.9096045197740114,0.9689265536723164,0.8994197292069632,0.6282051282051282,0.9658381681828623,0.9451977401129943,0.9451977401129943,0.875,1.0181818181818183,,stack_core_hist,weekly,0.0,0,0,10,0.75,0.3,4,1
,365,1.4435028248587571,,,0.3506849315068493,0.3379032258064516,1.037826527609769,0.508828514036378,13.530972717590723,1.037826527609769,,,,1.364406779661017,1.4830508474576272,0.9769696969696969,0.8083333333333333,1.037826527609769,1.4435028248587571,1.4435028248587571,1.384090909090909,1.6704545454545454,,stack_core_hist,weekly,0.0,0,0,10,0.75,0.3,4,2
,216,0.8542372881355933,,,0.3101851851851852,0.3379032258064516,0.9179704764430301,0.508828514036378,0.6375655564165167,0.9179704764430301,,,,0.8107344632768362,0.8898305084745763,0.8767676767676768,0.5687203791469194,0.9179704764430301,0.8542372881355933,0.8542372881355933,0.7636363636363637,1.0022727272727272,,stack_core_hist,weekly,0.0,0,0,10,0.75,0.5,3,1
,339,1.340677966101695,,,0.3392330383480826,0.3379032258064516,1.00393548341676,0.508828514036378,8.652704515864542,1.00393548341676,,,,1.265536723163842,1.4039548022598871,0.9526248399487836,0.781437125748503,1.00393548341676,1.340677966101695,1.340677966101695,1.225,1.6545454545454545,,stack_core_hist,weekly,0.0,0,0,10,0.75,0.5,3,2
,215,0.8502824858757062,,,0.32558139534883723,0.3379032258064516,0.963534439695843,0.508828514036378,5.240890346417732,0.963534439695843,,,,0.7909604519774012,0.8898305084745763,0.8813077469793887,0.5952380952380952,0.963534439695843,0.8502824858757062,0.8502824858757062,0.7636363636363637,0.9863636363636364,,stack_core_hist,weekly,0.0,0,0,10,0.75,0.5,4,1
,335,1.3248587570621468,,,0.3522388059701492,0.3379032258064516,1.0424251059737113,0.508828514036378,11.806782747502679,1.0424251059737113,,,,1.2457627118644068,1.384180790960452,0.9832089552238806,0.7848484848484848,1.0424251059737113,1.3248587570621468,1.3248587570621468,1.225,1.638636363636364,,stack_core_hist,weekly,0.0,0,0,10,0.75,0.5,4,2
,181,0.7158192090395481,,,0.3370165745856354,0.3379032258064516,0.9973760202534317,0.508828514036378,7.276505422828672,0.9973760202534317,,,,0.632768361581921,0.7711864406779662,0.914004914004914,0.5170454545454546,0.9973760202534317,0.7158192090395481,0.7158192090395481,0.6204545454545455,0.8431818181818181,,stack_core_hist,weekly,0.0,0,0,10,0.75,0.65,3,1
,298,1.1785310734463277,,,0.3624161073825503,0.3379032258064516,1.072544088673896,0.508828514036378,13.482122266171526,1.072544088673896,,,,1.0677966101694916,1.2853107344632768,1.0405594405594405,0.7474402730375427,1.072544088673896,1.1785310734463277,1.1785310734463277,1.0818181818181818,1.4795454545454547,,stack_core_hist,weekly,0.0,0,0,10,0.75,0.65,3,2
,181,0.7158192090395481,,,0.3370165745856354,0.3379032258064516,0.9973760202534317,0.508828514036378,6.483156145489669,0.9973760202534317,,,,0.632768361581921,0.7711864406779662,0.914004914004914,0.5340909090909091,0.9973760202534317,0.7158192090395481,0.7158192090395481,0.6204545454545455,0.8431818181818181,,stack_core_hist,weekly,0.0,0,0,10,0.75,0.65,4,1
,296,1.1706214689265537,,,0.36486486486486486,0.3379032258064516,1.0797910081919628,0.508828514036378,13.060539433318354,1.0797910081919628,,,,1.0677966101694916,1.265536723163842,1.0568181818181817,0.7457044673539519,1.0797910081919628,1.1706214689265537,1.1706214689265537,1.0818181818181818,1.4795454545454547,,stack_core_hist,weekly,0.0,0,0,10,0.75,0.65,4,2
,255,1.0084745762711864,,,0.3137254901960784,0.3379032258064516,0.9284477514156021,0.508828514036378,6.095055820788422,0.9284477514156021,,,,1.0084745762711864,1.0084745762711864,0.8888888888888888,0.716,0.9284477514156021,1.0084745762711864,1.0084745762711864,1.0224719101123596,1.05,,stack_core_hist,weekly,0.0,0,0,10,0.8,0.0,3,1
,398,1.5740112994350282,,,0.3316582914572864,0.3379032258064516,0.9815185713771722,0.508828514036378,9.829830394582396,0.9815185713771722,,,,1.5225988700564972,1.6214689265536724,0.9572649572649573,0.8727735368956743,0.9815185713771722,1.5740112994350282,1.5740112994350282,1.5590909090909093,1.7022727272727272,,stack_core_hist,weekly,0.0,0,0,10,0.8,0.0,3,2
,255,1.0084745762711864,,,0.30980392156862746,0.3379032258064516,0.9168421545229071,0.508828514036378,3.291971321625114,0.9168421545229071,,,,1.0084745762711864,1.0084745762711864,0.8788093550673283,0.716,0.9168421545229071,1.0084745762711864,1.0084745762711864,1.0224719101123596,1.05,,stack_core_hist,weekly,0.0,0,0,10,0.8,0.0,4,1
,392,1.5502824858757065,,,0.33418367346938777,0.3379032258064516,0.9889922556134626,0.508828514036378,8.631618296622534,0.9889922556134626,,,,1.5225988700564972,1.6016949152542375,0.9576768612913192,0.8604651162790697,0.9889922556134626,1.5502824858757065,1.5502824858757065,1.510112359550562,1.6863636363636363,,stack_core_hist,weekly,0.0,0,0,10,0.8,0.0,4,2
,242,0.9570621468926553,,,0.30578512396694213,0.3379032258064516,0.9049488155584923,0.508828514036378,4.94124118799463,0.9049488155584923,,,,0.9491525423728814,0.9689265536723164,0.7711442786069652,0.6075949367088608,0.9049488155584923,0.9570621468926553,0.9570621468926553,0.8909090909090909,1.0340909090909092,,stack_core_hist,weekly,0.0,0,0,10,0.8,0.3,3,1
,376,1.4870056497175141,,,0.3324468085106383,0.3379032258064516,0.9838521301985477,0.508828514036378,10.0087354460464,0.9838521301985477,,,,1.4039548022598871,1.5621468926553672,0.8862728610468783,0.8005390835579514,0.9838521301985477,1.4870056497175141,1.4870056497175141,1.415909090909091,1.6863636363636363,,stack_core_hist,weekly,0.0,0,0,10,0.8,0.3,3,2
,239,0.9451977401129943,,,0.3263598326359833,0.3379032258064516,0.9658381681828623,0.508828514036378,9.086068275382573,0.9658381681828623,,,,0.9096045197740114,0.9689265536723164,0.8994197292069632,0.6282051282051282,0.9658381681828623,0.9451977401129943,0.9451977401129943,0.875,1.0181818181818183,,stack_core_hist,weekly,0.0,0,0,10,0.8,0.3,4,1
,365,1.4435028248587571,,,0.3506849315068493,0.3379032258064516,1.037826527609769,0.508828514036378,13.530972717590723,1.037826527609769,,,,1.364406779661017,1.4830508474576272,0.9769696969696969,0.8083333333333333,1.037826527609769,1.4435028248587571,1.4435028248587571,1.384090909090909,1.6704545454545454,,stack_core_hist,weekly,0.0,0,0,10,0.8,0.3,4,2
,216,0.8542372881355933,,,0.3101851851851852,0.3379032258064516,0.9179704764430301,0.508828514036378,0.6375655564165167,0.9179704764430301,,,,0.8107344632768362,0.8898305084745763,0.8767676767676768,0.5687203791469194,0.9179704764430301,0.8542372881355933,0.8542372881355933,0.7636363636363637,1.0022727272727272,,stack_core_hist,weekly,0.0,0,0,10,0.8,0.5,3,1
,339,1.340677966101695,,,0.3392330383480826,0.3379032258064516,1.00393548341676,0.508828514036378,8.652704515864542,1.00393548341676,,,,1.265536723163842,1.4039548022598871,0.9526248399487836,0.781437125748503,1.00393548341676,1.340677966101695,1.340677966101695,1.225,1.6545454545454545,,stack_core_hist,weekly,0.0,0,0,10,0.8,0.5,3,2
,215,0.8502824858757062,,,0.32558139534883723,0.3379032258064516,0.963534439695843,0.508828514036378,5.240890346417732,0.963534439695843,,,,0.7909604519774012,0.8898305084745763,0.8813077469793887,0.5952380952380952,0.963534439695843,0.8502824858757062,0.8502824858757062,0.7636363636363637,0.9863636363636364,,stack_core_hist,weekly,0.0,0,0,10,0.8,0.5,4,1
,335,1.3248587570621468,,,0.3522388059701492,0.3379032258064516,1.0424251059737113,0.508828514036378,11.806782747502679,1.0424251059737113,,,,1.2457627118644068,1.384180790960452,0.9832089552238806,0.7848484848484848,1.0424251059737113,1.3248587570621468,1.3248587570621468,1.225,1.638636363636364,,stack_core_hist,weekly,0.0,0,0,10,0.8,0.5,4,2
,181,0.7158192090395481,,,0.3370165745856354,0.3379032258064516,0.9973760202534317,0.508828514036378,7.276505422828672,0.9973760202534317,,,,0.632768361581921,0.7711864406779662,0.914004914004914,0.5170454545454546,0.9973760202534317,0.7158192090395481,0.7158192090395481,0.6204545454545455,0.8431818181818181,,stack_core_hist,weekly,0.0,0,0,10,0.8,0.65,3,1
,298,1.1785310734463277,,,0.3624161073825503,0.3379032258064516,1.072544088673896,0.508828514036378,13.482122266171526,1.072544088673896,,,,1.0677966101694916,1.2853107344632768,1.0405594405594405,0.7474402730375427,1.072544088673896,1.1785310734463277,1.1785310734463277,1.0818181818181818,1.4795454545454547,,stack_core_hist,weekly,0.0,0,0,10,0.8,0.65,3,2
,181,0.7158192090395481,,,0.3370165745856354,0.3379032258064516,0.9973760202534317,0.508828514036378,6.483156145489669,0.9973760202534317,,,,0.632768361581921,0.7711864406779662,0.914004914004914,0.5340909090909091,0.9973760202534317,0.7158192090395481,0.7158192090395481,0.6204545454545455,0.8431818181818181,,stack_core_hist,weekly,0.0,0,0,10,0.8,0.65,4,1
,296,1.1706214689265537,,,0.36486486486486486,0.3379032258064516,1.0797910081919628,0.508828514036378,13.060539433318354,1.0797910081919628,,,,1.0677966101694916,1.265536723163842,1.0568181818181817,0.7457044673539519,1.0797910081919628,1.1706214689265537,1.1706214689265537,1.0818181818181818,1.4795454545454547,,stack_core_hist,weekly,0.0,0,0,10,0.8,0.65,4,2
,255,1.0084745762711864,,,0.3058823529411765,0.3379032258064516,0.905236557630212,0.508828514036378,4.939984193839776,0.905236557630212,,,,1.0084745762711864,1.0084745762711864,0.8288770053475936,0.728,0.905236557630212,1.0084745762711864,1.0084745762711864,1.0224719101123596,1.05,,stack_core_hist,weekly,0.0,0,0,10,0.85,0.0,3,1
,374,1.4790960451977402,,,0.32887700534759357,0.3379032258064516,0.9732875575919238,0.508828514036378,10.531288633113865,0.9732875575919238,,,,1.4039548022598871,1.5225988700564972,0.8648648648648649,0.8943089430894309,0.9732875575919238,1.4790960451977402,1.4790960451977402,1.4000000000000001,1.590909090909091,,stack_core_hist,weekly,0.0,0,0,10,0.85,0.0,3,2
,255,1.0084745762711864,,,0.3176470588235294,0.3379032258064516,0.940053348308297,0.508828514036378,1.9974806693777403,0.940053348308297,,,,1.0084745762711864,1.0084745762711864,0.8788093550673283,0.732,0.940053348308297,1.0084745762711864,1.0084745762711864,1.0224719101123596,1.05,,stack_core_hist,weekly,0.0,0,0,10,0.85,0.0,4,1
,368,1.455367231638418,,,0.33152173913043476,0.3379032258064516,0.9811144547058213,0.508828514036378,6.044268102943555,0.9811144547058213,,,,1.4039548022598871,1.5028248587570623,0.8888888888888888,0.8760330578512396,0.9811144547058213,1.455367231638418,1.455367231638418,1.3842696629213485,1.5431818181818182,,stack_core_hist,weekly,0.0,0,0,10,0.85,0.0,4,2
,239,0.9451977401129943,,,0.301255230125523,0.3379032258064516,0.8915429244764882,0.508828514036378,1.4993094100427085,0.8915429244764882,,,,0.9293785310734464,0.9491525423728814,0.8333333333333334,0.5854700854700855,0.8915429244764882,0.9451977401129943,0.9451977401129943,0.8909090909090909,1.0181818181818183,,stack_core_hist,weekly,0.0,0,0,10,0.85,0.3,3,1
,351,1.3881355932203392,,,0.32763532763532766,0.3379032258064516,0.9696129027871272,0.508828514036378,7.726117304592284,0.9696129027871272,,,,1.305084745762712,1.4435028248587571,0.8888888888888888,0.8092485549132948,0.9696129027871272,1.3881355932203392,1.3881355932203392,1.3213483146067417,1.5113636363636365,,stack_core_hist,weekly,0.0,0,0,10,0.85,0.3,3,2
,236,0.9333333333333335,,,0.326271186440678,0.3379032258064516,0.9655758262206222,0.508828514036378,5.716518273718491,0.9655758262206222,,,,0.9096045197740114,0.9491525423728814,0.8888888888888888,0.6147186147186147,0.9655758262206222,0.9333333333333335,0.9333333333333335,0.875,1.0022727272727272,,stack_core_hist,weekly,0.0,0,0,10,0.85,0.3,4,1
,344,1.3604519774011299,,,0.3430232558139535,0.3379032258064516,1.0151523561081202,0.508828514036378,8.609365842558105,1.0151523561081202,,,,1.265536723163842,1.423728813559322,0.9019607843137255,0.8053097345132744,1.0151523561081202,1.3604519774011299,1.3604519774011299,1.2898876404494382,1.4954545454545456,,stack_core_hist,weekly,0.0,0,0,10,0.85,0.3,4,2
,208,0.8225988700564972,,,0.3076923076923077,0.3379032258064516,0.9105929869653021,0.508828514036378,-0.18258393626805203,0.9105929869653021,,,,0.7909604519774012,0.8305084745762712,0.7999999999999999,0.5221674876847291,0.9105929869653021,0.8225988700564972,0.8225988700564972,0.7393258426966293,0.9863636363636364,,stack_core_hist,weekly,0.0,0,0,10,0.85,0.5,3,1
,313,1.2378531073446328,,,0.3354632587859425,0.3379032258064516,0.9927790952137678,0.508828514036378,6.89071738166791,0.9927790952137678,,,,1.1666666666666667,1.305084745762712,0.8888888888888888,0.762987012987013,0.9927790952137678,1.2378531073446328,1.2378531073446328,1.0853932584269663,1.4795454545454547,,stack_core_hist,weekly,0.0,0,0,10,0.85,0.5,3,2
,207,0.8186440677966101,,,0.32367149758454106,0.3379032258064516,0.9578822362883793,0.508828514036378,5.4808040521891,0.9578822362883793,,,,0.7711864406779662,0.8305084745762712,0.8205128205128206,0.5594059405940595,0.9578822362883793,0.8186440677966101,0.8186440677966101,0.7393258426966293,0.9704545454545455,,stack_core_hist,weekly,0.0,0,0,10,0.85,0.5,4,1
,310,1.225988700564972,,,0.34516129032258064,0.3379032258064516,1.0214797136038187,0.508828514036378,8.928075925314944,1.0214797136038187,,,,1.1468926553672316,1.2853107344632768,0.8735632183908045,0.7672131147540984,1.0214797136038187,1.225988700564972,1.225988700564972,1.0696629213483146,1.4636363636363636,,stack_core_hist,weekly,0.0,0,0,10,0.85,0.5,4,2
,171,0.6762711864406781,,,0.3333333333333333,0.3379032258064516,0.9864757358790771,0.508828514036378,5.331736203465035,0.9864757358790771,,,,0.612994350282486,0.731638418079096,0.7843137254901961,0.463855421686747,0.9864757358790771,0.6762711864406781,0.6762711864406781,0.6204545454545455,0.8272727272727273,,stack_core_hist,weekly,0.0,0,0,10,0.85,0.65,3,1
,272,1.0757062146892655,,,0.35661764705882354,0.3379032258064516,1.0553839674294538,0.508828514036378,10.386249911415655,1.0553839674294538,,,,0.9491525423728814,1.1666666666666667,0.8888888888888888,0.7265917602996255,1.0553839674294538,1.0757062146892655,1.0757062146892655,0.9280898876404495,1.3045454545454545,,stack_core_hist,weekly,0.0,0,0,10,0.85,0.65,3,2
,171,0.6762711864406781,,,0.3333333333333333,0.3379032258064516,0.9864757358790771,0.508828514036378,6.469356799695507,0.9864757358790771,,,,0.612994350282486,0.731638418079096,0.7843137254901961,0.4879518072289157,0.9864757358790771,0.6762711864406781,0.6762711864406781,0.6204545454545455,0.8272727272727273,,stack_core_hist,weekly,0.0,0,0,10,0.85,0.65,4,1
,269,1.0638418079096046,,,0.35687732342007433,0.3379032258064516,1.0561524607181199,0.508828514036378,9.788760121083426,1.0561524607181199,,,,0.9491525423728814,1.1468926553672316,0.8553459119496855,0.7196969696969697,1.0561524607181199,1.0638418079096046,1.0638418079096046,0.9123595505617977,1.3045454545454545,,stack_core_hist,weekly,0.0,0,0,10,0.85,0.65,4,2
,255,1.0084745762711864,,,0.3058823529411765,0.3379032258064516,0.905236557630212,0.508828514036378,4.939984193839776,0.905236557630212,,,,1.0084745762711864,1.0084745762711864,0.8288770053475936,0.728,0.905236557630212,1.0084745762711864,1.0084745762711864,1.0224719101123596,1.05,,stack_core_hist,weekly,0.0,0,0,10,0.9,0.0,3,1
,370,1.463276836158192,,,0.3324324324324324,0.3379032258064516,0.9838095852415661,0.508828514036378,10.469193373282181,0.9838095852415661,,,,1.4039548022598871,1.5225988700564972,0.8767123287671232,0.8849315068493151,0.9838095852415661,1.463276836158192,1.463276836158192,1.4000000000000001,1.5590909090909093,,stack_core_hist,weekly,0.0,0,0,10,0.9,0.0,3,2
,255,1.0084745762711864,,,0.3176470588235294,0.3379032258064516,0.940053348308297,0.508828514036378,1.9974806693777403,0.940053348308297,,,,1.0084745762711864,1.0084745762711864,0.8788093550673283,0.732,0.940053348308297,1.0084745762711864,1.0084745762711864,1.0224719101123596,1.05,,stack_core_hist,weekly,0.0,0,0,10,0.9,0.0,4,1
,364,1.4395480225988702,,,0.33516483516483514,0.3379032258064516,0.9918959322300611,0.508828514036378,5.931841376958924,0.9918959322300611,,,,1.4039548022598871,1.5028248587570623,0.9014084507042254,0.8662952646239555,0.9918959322300611,1.4395480225988702,1.4395480225988702,1.3842696629213485,1.5431818181818182,,stack_core_hist,weekly,0.0,0,0,10,0.9,0.0,4,2
,239,0.9451977401129943,,,0.301255230125523,0.3379032258064516,0.8915429244764882,0.508828514036378,1.4993094100427085,0.8915429244764882,,,,0.9293785310734464,0.9491525423728814,0.8333333333333334,0.5854700854700855,0.8915429244764882,0.9451977401129943,0.9451977401129943,0.8909090909090909,1.0181818181818183,,stack_core_hist,weekly,0.0,0,0,10,0.9,0.3,3,1
,347,1.372316384180791,,,0.3314121037463977,0.3379032258064516,0.9807899967673822,0.508828514036378,7.6275699517052225,0.9807899967673822,,,,1.305084745762712,1.4435028248587571,0.9019607843137255,0.7982456140350878,0.9807899967673822,1.372316384180791,1.372316384180791,1.3213483146067417,1.4795454545454547,,stack_core_hist,weekly,0.0,0,0,10,0.9,0.3,3,2
,236,0.9333333333333335,,,0.326271186440678,0.3379032258064516,0.9655758262206222,0.508828514036378,5.716518273718491,0.9655758262206222,,,,0.9096045197740114,0.9491525423728814,0.8888888888888888,0.6147186147186147,0.9655758262206222,0.9333333333333335,0.9333333333333335,0.875,1.0022727272727272,,stack_core_hist,weekly,0.0,0,0,10,0.9,0.3,4,1
,340,1.344632768361582,,,0.34705882352941175,0.3379032258064516,1.0270953250035098,0.508828514036378,8.519180732852378,1.0270953250035098,,,,1.265536723163842,1.423728813559322,0.9154228855721392,0.7940298507462686,1.0270953250035098,1.344632768361582,1.344632768361582,1.2898876404494382,1.4636363636363636,,stack_core_hist,weekly,0.0,0,0,10,0.9,0.3,4,2
,208,0.8225988700564972,,,0.3076923076923077,0.3379032258064516,0.9105929869653021,0.508828514036378,-0.18258393626805203,0.9105929869653021,,,,0.7909604519774012,0.8305084745762712,0.7999999999999999,0.5221674876847291,0.9105929869653021,0.8225988700564972,0.8225988700564972,0.7393258426966293,0.9863636363636364,,stack_core_hist,weekly,0.0,0,0,10,0.9,0.5,3,1
,309,1.2220338983050847,,,0.33980582524271846,0.3379032258064516,1.0056306045369234,0.508828514036378,6.769236698355587,1.0056306045369234,,,,1.1666666666666667,1.2853107344632768,0.903954802259887,0.75,1.0056306045369234,1.2220338983050847,1.2220338983050847,1.0853932584269663,1.4477272727272728,,stack_core_hist,weekly,0.0,0,0,10,0.9,0.5,3,2
,207,0.8186440677966101,,,0.32367149758454106,0.3379032258064516,0.9578822362883793,0.508828514036378,5.4808040521891,0.9578822362883793,,,,0.7711864406779662,0.8305084745762712,0.8205128205128206,0.5594059405940595,0.9578822362883793,0.8186440677966101,0.8186440677966101,0.7393258426966293,0.9704545454545455,,stack_core_hist,weekly,0.0,0,0,10,0.9,0.5,4,1
,306,1.2101694915254237,,,0.34967320261437906,0.3379032258064516,1.0348323895986398,0.508828514036378,8.832036392736777,1.0348323895986398,,,,1.1271186440677967,1.2853107344632768,0.8888888888888888,0.7541528239202658,1.0348323895986398,1.2101694915254237,1.2101694915254237,1.0696629213483146,1.4318181818181819,,stack_core_hist,weekly,0.0,0,0,10,0.9,0.5,4,2
,171,0.6762711864406781,,,0.3333333333333333,0.3379032258064516,0.9864757358790771,0.508828514036378,5.331736203465035,0.9864757358790771,,,,0.612994350282486,0.731638418079096,0.7843137254901961,0.463855421686747,0.9864757358790771,0.6762711864406781,0.6762711864406781,0.6204545454545455,0.8272727272727273,,stack_core_hist,weekly,0.0,0,0,10,0.9,0.65,3,1
,268,1.0598870056497176,,,0.3619402985074627,0.3379032258064516,1.0711359669433262,0.508828514036378,10.29835662401074,1.0711359669433262,,,,0.9491525423728814,1.1666666666666667,0.9056603773584905,0.7110266159695817,1.0711359669433262,1.0598870056497176,1.0598870056497176,0.9280898876404495,1.2727272727272727,,stack_core_hist,weekly,0.0,0,0,10,0.9,0.65,3,2
,171,0.6762711864406781,,,0.3333333333333333,0.3379032258064516,0.9864757358790771,0.508828514036378,6.469356799695507,0.9864757358790771,,,,0.612994350282486,0.731638418079096,0.7843137254901961,0.4879518072289157,0.9864757358790771,0.6762711864406781,0.6762711864406781,0.6204545454545455,0.8272727272727273,,stack_core_hist,weekly,0.0,0,0,10,0.9,0.65,4,1
,265,1.0480225988700564,,,0.3622641509433962,0.3379032258064516,1.0720943846534876,0.508828514036378,9.690853101514197,1.0720943846534876,,,,0.9491525423728814,1.1468926553672316,0.8717948717948718,0.7038461538461539,1.0720943846534876,1.0480225988700564,1.0480225988700564,0.9123595505617977,1.2727272727272727,,stack_core_hist,weekly,0.0,0,0,10,0.9,0.65,4,2
,255,1.0084745762711864,,,0.3411764705882353,0.3379032258064516,1.0096869296644673,0.508828514036378,9.145722807530731,1.0096869296644673,,,,1.0084745762711864,1.0084745762711864,0.9393939393939393,0.732,1.0096869296644673,1.0084745762711864,1.0084745762711864,1.0224719101123596,1.05,,stack_core_hist,weekly,0.0,0,0,20,0.75,0.0,3,1
,368,1.455367231638418,,,0.32065217391304346,0.3379032258064516,0.9489467676662862,0.508828514036378,1.7934430420084098,0.9489467676662862,,,,1.4435028248587571,1.463276836158192,0.8879202988792029,0.8815426997245179,0.9489467676662862,1.455367231638418,1.455367231638418,1.3204545454545455,1.7022727272727272,,stack_core_hist,weekly,0.0,0,0,20,0.75,0.0,3,2
,255,1.0084745762711864,,,0.34901960784313724,0.3379032258064516,1.0328981234498573,0.508828514036378,6.918319937254541,1.0328981234498573,,,,1.0084745762711864,1.0084745762711864,0.9373966454051501,0.748,1.0328981234498573,1.0084745762711864,1.0084745762711864,1.0224719101123596,1.05,,stack_core_hist,weekly,0.0,0,0,20,0.75,0.0,4,1
,364,1.4395480225988702,,,0.3269230769230769,0.3379032258064516,0.9675050486506335,0.508828514036378,-0.3591088501293385,0.9675050486506335,,,,1.4039548022598871,1.463276836158192,0.8883099967437318,0.8802228412256268,0.9675050486506335,1.4395480225988702,1.4395480225988702,1.3204545454545455,1.6863636363636363,,stack_core_hist,weekly,0.0,0,0,20,0.75,0.0,4,2
,232,0.9175141242937853,,,0.35344827586206895,0.3379032258064516,1.0460044440786767,0.508828514036378,5.683451600141938,1.0460044440786767,,,,0.9096045197740114,0.9293785310734464,0.8900281978979749,0.5991189427312775,1.0460044440786767,0.9175141242937853,0.9175141242937853,0.8575,1.0181818181818183,,stack_core_hist,weekly,0.0,0,0,20,0.75,0.3,3,1
,341,1.348587570621469,,,0.3343108504398827,0.3379032258064516,0.9893686266001301,0.508828514036378,0.4623855933191574,0.9893686266001301,,,,1.305084745762712,1.384180790960452,0.8537005163511188,0.7946428571428571,0.9893686266001301,1.348587570621469,1.348587570621469,1.1772727272727272,1.6704545454545454,,stack_core_hist,weekly,0.0,0,0,20,0.75,0.3,3,2
,229,0.9056497175141243,,,0.37117903930131,0.3379032258064516,1.0984773478129461,0.508828514036378,8.065963275468528,1.0984773478129461,,,,0.8700564971751413,0.9293785310734464,0.8900281978979749,0.6160714285714286,1.0984773478129461,0.9056497175141243,0.9056497175141243,0.8575,1.0022727272727272,,stack_core_hist,weekly,0.0,0,0,20,0.75,0.3,4,1
,332,1.3129943502824861,,,0.3463855421686747,0.3379032258064516,1.0251027978261493,0.508828514036378,1.4771202458316268,1.0251027978261493,,,,1.265536723163842,1.364406779661017,0.8660729876025843,0.7889908256880734,1.0251027978261493,1.3129943502824861,1.3129943502824861,1.1613636363636364,1.6545454545454545,,stack_core_hist,weekly,0.0,0,0,20,0.75,0.3,4,2
,209,0.8265536723163841,,,0.35406698564593303,0.3379032258064516,1.0478354706466753,0.508828514036378,10.605625782206673,1.0478354706466753,,,,0.8107344632768362,0.8502824858757062,0.8745224801645607,0.5441176470588235,1.0478354706466753,0.8265536723163841,0.8265536723163841,0.7795454545454547,0.9863636363636364,,stack_core_hist,weekly,0.0,0,0,20,0.75,0.5,3,1
,316,1.249717514124294,,,0.3322784810126582,0.3379032258064516,0.983353977221232,0.508828514036378,3.1315791504131276,0.983353977221232,,,,1.2062146892655368,1.305084745762712,0.8537005163511188,0.7652733118971061,0.983353977221232,1.249717514124294,1.249717514124294,1.065909090909091,1.638636363636364,,stack_core_hist,weekly,0.0,0,0,20,0.75,0.5,3,2
,206,0.8146892655367233,,,0.3640776699029126,0.3379032258064516,1.0774613620038465,0.508828514036378,10.131118442614868,1.0774613620038465,,,,0.7711864406779662,0.8502824858757062,0.8745224801645607,0.572139303482587,1.0774613620038465,0.8146892655367233,0.8146892655367233,0.7636363636363637,0.9545454545454546,,stack_core_hist,weekly,0.0,0,0,20,0.75,0.5,4,1
,308,1.2180790960451977,,,0.3409090909090909,0.3379032258064516,1.0088956389672379,0.508828514036378,3.4298635247478586,1.0088956389672379,,,,1.1666666666666667,1.265536723163842,0.8674698795180724,0.7722772277227723,1.0088956389672379,1.2180790960451977,1.2180790960451977,1.05,1.6068181818181817,,stack_core_hist,weekly,0.0,0,0,20,0.75,0.5,4,2
,152,0.6011299435028249,,,0.3815789473684211,0.3379032258064516,1.1292551187036806,0.508828514036378,8.028272458586107,1.1292551187036806,,,,0.5734463276836158,0.652542372881356,0.9959839357429718,0.47619047619047616,1.1292551187036806,0.6011299435028249,0.6011299435028249,0.46136363636363636,0.8113636363636363,,stack_core_hist,weekly,0.0,0,0,20,0.75,0.65,3,1
,251,0.9926553672316385,,,0.3466135458167331,0.3379032258064516,1.025777558025654,0.508828514036378,-0.5065108291700862,1.025777558025654,,,,0.9293785310734464,1.0677966101694916,0.9406514948683624,0.7479674796747967,1.025777558025654,0.9926553672316385,0.9926553672316385,0.7159090909090909,1.4636363636363636,,stack_core_hist,weekly,0.0,0,0,20,0.75,0.65,3,2
,152,0.6011299435028249,,,0.3815789473684211,0.3379032258064516,1.1292551187036806,0.508828514036378,7.861264331223529,1.1292551187036806,,,,0.5734463276836158,0.652542372881356,0.9959839357429718,0.47619047619047616,1.1292551187036806,0.6011299435028249,0.6011299435028249,0.46136363636363636,0.8113636363636363,,stack_core_hist,weekly,0.0,0,0,20,0.75,0.65,4,1
,251,0.9926553672316385,,,0.3466135458167331,0.3379032258064516,1.025777558025654,0.508828514036378,-0.5961486547079445,1.025777558025654,,,,0.9293785310734464,1.0677966101694916,0.9406514948683624,0.7439024390243902,1.025777558025654,0.9926553672316385,0.9926553672316385,0.7159090909090909,1.4636363636363636,,stack_core_hist,weekly,0.0,0,0,20,0.75,0.65,4,2
,255,1.0084745762711864,,,0.3411764705882353,0.3379032258064516,1.0096869296644673,0.508828514036378,9.407095325506331,1.0096869296644673,,,,1.0084745762711864,1.0084745762711864,0.9393939393939393,0.744,1.0096869296644673,1.0084745762711864,1.0084745762711864,1.0224719101123596,1.05,,stack_core_hist,weekly,0.0,0,0,20,0.8,0.0,3,1
,362,1.4316384180790962,,,0.32320441988950277,0.3379032258064516,0.9564999538496025,0.508828514036378,3.2531765198377918,0.9564999538496025,,,,1.4039548022598871,1.463276836158192,0.8879202988792029,0.8795518207282913,0.9564999538496025,1.4316384180790962,1.4316384180790962,1.3204545454545455,1.6704545454545454,,stack_core_hist,weekly,0.0,0,0,20,0.8,0.0,3,2
,255,1.0084745762711864,,,0.35294117647058826,0.3379032258064516,1.0445037203425525,0.508828514036378,8.09406947008276,1.0445037203425525,,,,1.0084745762711864,1.0084745762711864,0.9373966454051501,0.76,1.0445037203425525,1.0084745762711864,1.0084745762711864,1.0224719101123596,1.05,,stack_core_hist,weekly,0.0,0,0,20,0.8,0.0,4,1
,356,1.407909604519774,,,0.33146067415730335,0.3379032258064516,0.9809337373629026,0.508828514036378,2.4939212286518417,0.9809337373629026,,,,1.384180790960452,1.4435028248587571,0.8857142857142857,0.8774928774928775,0.9809337373629026,1.407909604519774,1.407909604519774,1.2898876404494382,1.638636363636364,,stack_core_hist,weekly,0.0,0,0,20,0.8,0.0,4,2
,232,0.9175141242937853,,,0.34913793103448276,0.3379032258064516,1.0332482923216197,0.508828514036378,6.32040123518289,1.0332482923216197,,,,0.9096045197740114,0.9293785310734464,0.8900281978979749,0.6035242290748899,1.0332482923216197,0.9175141242937853,0.9175141242937853,0.8575,1.0181818181818183,,stack_core_hist,weekly,0.0,0,0,20,0.8,0.3,3,1
,335,1.3248587570621468,,,0.33134328358208953,0.3379032258064516,0.9805863285006946,0.508828514036378,2.0176285502245594,0.9805863285006946,,,,1.265536723163842,1.364406779661017,0.8919259126056465,0.7848484848484848,0.9805863285006946,1.3248587570621468,1.3248587570621468,1.1772727272727272,1.6227272727272726,,stack_core_hist,weekly,0.0,0,0,20,0.8,0.3,3,2
,229,0.9056497175141243,,,0.37117903930131,0.3379032258064516,1.0984773478129461,0.508828514036378,8.46548525496556,1.0984773478129461,,,,0.8700564971751413,0.9293785310734464,0.8900281978979749,0.6160714285714286,1.0984773478129461,0.9056497175141243,0.9056497175141243,0.8575,1.0022727272727272,,stack_core_hist,weekly,0.0,0,0,20,0.8,0.3,4,1
,326,1.289265536723164,,,0.34662576687116564,0.3379032258064516,1.0258137253466477,0.508828514036378,3.945623051170117,1.0258137253466477,,,,1.225988700564972,1.3248587570621468,0.8919259126056465,0.778816199376947,1.0258137253466477,1.289265536723164,1.289265536723164,1.1613636363636364,1.6068181818181817,,stack_core_hist,weekly,0.0,0,0,20,0.8,0.3,4,2
,209,0.8265536723163841,,,0.3588516746411483,0.3379032258064516,1.061995409439198,0.508828514036378,11.748803645960459,1.061995409439198,,,,0.8107344632768362,0.8502824858757062,0.8745224801645607,0.5441176470588235,1.061995409439198,0.8265536723163841,0.8265536723163841,0.7795454545454547,0.9863636363636364,,stack_core_hist,weekly,0.0,0,0,20,0.8,0.5,3,1
,311,1.2299435028248589,,,0.33440514469453375,0.3379032258064516,0.9896476835828684,0.508828514036378,4.731757466042016,0.9896476835828684,,,,1.1666666666666667,1.305084745762712,0.8816906972150899,0.7549019607843137,0.9896476835828684,1.2299435028248589,1.2299435028248589,1.065909090909091,1.590909090909091,,stack_core_hist,weekly,0.0,0,0,20,0.8,0.5,3,2
,206,0.8146892655367233,,,0.36893203883495146,0.3379032258064516,1.091827513497231,0.508828514036378,10.434696197258939,1.091827513497231,,,,0.7711864406779662,0.8502824858757062,0.8745224801645607,0.572139303482587,1.091827513497231,0.8146892655367233,0.8146892655367233,0.7636363636363637,0.9545454545454546,,stack_core_hist,weekly,0.0,0,0,20,0.8,0.5,4,1
,303,1.1983050847457628,,,0.3432343234323432,0.3379032258064516,1.015776995360634,0.508828514036378,4.646568059509791,1.015776995360634,,,,1.1271186440677967,1.265536723163842,0.8816906972150899,0.761744966442953,1.015776995360634,1.1983050847457628,1.1983050847457628,1.05,1.5590909090909093,,stack_core_hist,weekly,0.0,0,0,20,0.8,0.5,4,2
,150,0.5932203389830508,,,0.38666666666666666,0.3379032258064516,1.1443118536197294,0.508828514036378,8.04006862638207,1.1443118536197294,,,,0.5338983050847458,0.652542372881356,0.9959839357429718,0.4827586206896552,1.1443118536197294,0.5932203389830508,0.5932203389830508,0.46136363636363636,0.8113636363636363,,stack_core_hist,weekly,0.0,0,0,20,0.8,0.65,3,1
,244,0.9649717514124294,,,0.3483606557377049,0.3379032258064516,1.030948002660511,0.508828514036378,0.34303314751113195,1.030948002660511,,,,0.8502824858757062,1.0480225988700564,0.9583996362809729,0.7322175732217573,1.030948002660511,0.9649717514124294,0.9649717514124294,0.7159090909090909,1.415909090909091,,stack_core_hist,weekly,0.0,0,0,20,0.8,0.65,3,2
,150,0.5932203389830508,,,0.38666666666666666,0.3379032258064516,1.1443118536197294,0.508828514036378,7.681624005041111,1.1443118536197294,,,,0.5338983050847458,0.652542372881356,0.9959839357429718,0.4827586206896552,1.1443118536197294,0.5932203389830508,0.5932203389830508,0.46136363636363636,0.8113636363636363,,stack_core_hist,weekly,0.0,0,0,20,0.8,0.65,4,1
,244,0.9649717514124294,,,0.3483606557377049,0.3379032258064516,1.030948002660511,0.508828514036378,0.3962018402907537,1.030948002660511,,,,0.8502824858757062,1.0480225988700564,0.9583996362809729,0.7322175732217573,1.030948002660511,0.9649717514124294,0.9649717514124294,0.7159090909090909,1.415909090909091,,stack_core_hist,weekly,0.0,0,0,20,0.8,0.65,4,2
,255,1.0084745762711864,,,0.3215686274509804,0.3379032258064516,0.9516589452009921,0.508828514036378,6.788780833953104,0.9516589452009921,,,,1.0084745762711864,1.0084745762711864,0.8841354723707664,0.756,0.9516589452009921,1.0084745762711864,1.0084745762711864,1.0224719101123596,1.05,,stack_core_hist,weekly,0.0,0,0,20,0.85,0.0,3,1
,344,1.3604519774011299,,,0.3313953488372093,0.3379032258064516,0.9807404118332685,0.508828514036378,7.818192077731646,0.9807404118332685,,,,1.3248587570621468,1.4039548022598871,0.9129321382842509,0.8731563421828908,0.9807404118332685,1.3604519774011299,1.3604519774011299,1.2568181818181818,1.5750000000000002,,stack_core_hist,weekly,0.0,0,0,20,0.85,0.0,3,2
,255,1.0084745762711864,,,0.3568627450980392,0.3379032258064516,1.0561093172352474,0.508828514036378,6.58703280130127,1.0561093172352474,,,,1.0084745762711864,1.0084745762711864,0.9946524064171123,0.768,1.0561093172352474,1.0084745762711864,1.0084745762711864,1.0224719101123596,1.05,,stack_core_hist,weekly,0.0,0,0,20,0.85,0.0,4,1
,339,1.340677966101695,,,0.35988200589970504,0.3379032258064516,1.0650445997986497,0.508828514036378,6.207625243832303,1.0650445997986497,,,,1.305084745762712,1.384180790960452,0.9946524064171123,0.8652694610778443,1.0650445997986497,1.340677966101695,1.340677966101695,1.2568181818181818,1.5431818181818182,,stack_core_hist,weekly,0.0,0,0,20,0.85,0.0,4,2
,232,0.9175141242937853,,,0.33189655172413796,0.3379032258064516,0.9822236852933915,0.508828514036378,3.708070915694791,0.9822236852933915,,,,0.9096045197740114,0.9293785310734464,0.8900281978979749,0.6123348017621145,0.9822236852933915,0.9175141242937853,0.9175141242937853,0.8575,1.0181818181818183,,stack_core_hist,weekly,0.0,0,0,20,0.85,0.3,3,1
,317,1.2536723163841808,,,0.3438485804416404,0.3379032258064516,1.0175948442664298,0.508828514036378,7.095657098133965,1.0175948442664298,,,,1.2062146892655368,1.2853107344632768,0.9485561292790209,0.7756410256410257,1.0175948442664298,1.2536723163841808,1.2536723163841808,1.1136363636363638,1.5272727272727273,,stack_core_hist,weekly,0.0,0,0,20,0.85,0.3,3,2
,229,0.9056497175141243,,,0.37554585152838427,0.3379032258064516,1.1114006107283927,0.508828514036378,6.256675063415435,1.1114006107283927,,,,0.8700564971751413,0.9293785310734464,1.0094979647218454,0.6071428571428571,1.1114006107283927,0.9056497175141243,0.9056497175141243,0.8575,1.0022727272727272,,stack_core_hist,weekly,0.0,0,0,20,0.85,0.3,4,1
,308,1.2180790960451977,,,0.37662337662337664,0.3379032258064516,1.114589467811425,0.508828514036378,6.740613854273877,1.114589467811425,,,,1.1468926553672316,1.2853107344632768,1.043411742206923,0.7524752475247525,1.114589467811425,1.2180790960451977,1.2180790960451977,1.0977272727272729,1.5113636363636365,,stack_core_hist,weekly,0.0,0,0,20,0.85,0.3,4,2
,209,0.8265536723163841,,,0.3492822966507177,0.3379032258064516,1.0336755318541526,0.508828514036378,8.867082727428969,1.0336755318541526,,,,0.8107344632768362,0.8502824858757062,0.9473993535116074,0.5294117647058824,1.0336755318541526,0.8265536723163841,0.8265536723163841,0.7795454545454547,0.9863636363636364,,stack_core_hist,weekly,0.0,0,0,20,0.85,0.5,3,1
,289,1.1429378531073446,,,0.35294117647058826,0.3379032258064516,1.0445037203425525,0.508828514036378,8.991026341700424,1.0445037203425525,,,,1.1073446327683616,1.2062146892655368,0.9959839357429718,0.7183098591549296,1.0445037203425525,1.1429378531073446,1.1429378531073446,1.0022727272727272,1.4954545454545456,,stack_core_hist,weekly,0.0,0,0,20,0.85,0.5,3,2
,205,0.8107344632768362,,,0.375609756097561,0.3379032258064516,1.1115897316491066,0.508828514036378,7.637986807989047,1.1115897316491066,,,,0.7711864406779662,0.8502824858757062,1.0202762268586543,0.56,1.1115897316491066,0.8107344632768362,0.8107344632768362,0.7477272727272728,0.9545454545454546,,stack_core_hist,weekly,0.0,0,0,20,0.85,0.5,4,1
,282,1.1152542372881356,,,0.3723404255319149,0.3379032258064516,1.1019143858223734,0.508828514036378,6.791291569192947,1.1019143858223734,,,,1.0480225988700564,1.2062146892655368,1.0484041428873387,0.7256317689530686,1.1019143858223734,1.1152542372881356,1.1152542372881356,0.9704545454545455,1.4636363636363636,,stack_core_hist,weekly,0.0,0,0,20,0.85,0.5,4,2
,148,0.5853107344632769,,,0.3716216216216216,0.3379032258064516,1.0997871379732955,0.508828514036378,3.450498324630535,1.0997871379732955,,,,0.5338983050847458,0.632768361581921,1.0271084337349399,0.44755244755244755,1.0997871379732955,0.5853107344632769,0.5853107344632769,0.44545454545454544,0.8113636363636363,,stack_core_hist,weekly,0.0,0,0,20,0.85,0.65,3,1
,226,0.8937853107344633,,,0.36283185840707965,0.3379032258064516,1.0737744735674912,0.508828514036378,2.339995984749906,1.0737744735674912,,,,0.8107344632768362,0.9491525423728814,0.9802371541501975,0.6923076923076923,1.0737744735674912,0.8937853107344633,0.8937853107344633,0.6681818181818182,1.3204545454545455,,stack_core_hist,weekly,0.0,0,0,20,0.85,0.65,3,2
,148,0.5853107344632769,,,0.3918918918918919,0.3379032258064516,1.1597755273172934,0.508828514036378,3.3785639094456585,1.1597755273172934,,,,0.5338983050847458,0.632768361581921,1.103448275862069,0.44755244755244755,1.1597755273172934,0.5853107344632769,0.5853107344632769,0.44545454545454544,0.8113636363636363,,stack_core_hist,weekly,0.0,0,0,20,0.85,0.65,4,1
,224,0.8858757062146893,,,0.3794642857142857,0.3379032258064516,1.1229969314694852,0.508828514036378,2.590255399314334,1.1229969314694852,,,,0.7909604519774012,0.9491525423728814,1.0542635658914727,0.680365296803653,1.1229969314694852,0.8858757062146893,0.8858757062146893,0.6681818181818182,1.3204545454545455,,stack_core_hist,weekly,0.0,0,0,20,0.85,0.65,4,2
,255,1.0084745762711864,,,0.3137254901960784,0.3379032258064516,0.9284477514156021,0.508828514036378,5.253531568685703,0.9284477514156021,,,,1.0084745762711864,1.0084745762711864,0.8841354723707664,0.764,0.9284477514156021,1.0084745762711864,1.0084745762711864,1.0224719101123596,1.05,,stack_core_hist,weekly,0.0,0,0,20,0.9,0.0,3,1
,331,1.309039548022599,,,0.3323262839879154,0.3379032258064516,0.9834954466468141,0.508828514036378,3.4098070428808995,0.9834954466468141,,,,1.265536723163842,1.364406779661017,0.9393939393939393,0.8680981595092024,0.9834954466468141,1.309039548022599,1.309039548022599,1.240909090909091,1.4954545454545456,,stack_core_hist,weekly,0.0,0,0,20,0.9,0.0,3,2
,255,1.0084745762711864,,,0.34901960784313724,0.3379032258064516,1.0328981234498573,0.508828514036378,4.338143468189325,1.0328981234498573,,,,1.0084745762711864,1.0084745762711864,0.9946524064171123,0.78,1.0328981234498573,1.0084745762711864,1.0084745762711864,1.0224719101123596,1.05,,stack_core_hist,weekly,0.0,0,0,20,0.9,0.0,4,1
,325,1.2853107344632768,,,0.36615384615384616,0.3379032258064516,1.0836056544887094,0.508828514036378,2.993650109822116,1.0836056544887094,,,,1.2457627118644068,1.305084745762712,1.024793388429752,0.8625,1.0836056544887094,1.2853107344632768,1.2853107344632768,1.195505617977528,1.4636363636363636,,stack_core_hist,weekly,0.0,0,0,20,0.9,0.0,4,2
,230,0.9096045197740114,,,0.3217391304347826,0.3379032258064516,0.9521635363702396,0.508828514036378,1.5528637772096348,0.9521635363702396,,,,0.8898305084745763,0.9293785310734464,0.8900281978979749,0.6177777777777778,0.9521635363702396,0.9096045197740114,0.9096045197740114,0.8575,1.0022727272727272,,stack_core_hist,weekly,0.0,0,0,20,0.9,0.3,3,1
,303,1.1983050847457628,,,0.3432343234323432,0.3379032258064516,1.015776995360634,0.508828514036378,1.957186994793838,1.015776995360634,,,,1.1468926553672316,1.225988700564972,0.9306735137270394,0.7550335570469798,1.015776995360634,1.1983050847457628,1.1983050847457628,1.0818181818181818,1.4318181818181819,,stack_core_hist,weekly,0.0,0,0,20,0.9,0.3,3,2
,227,0.8977401129943503,,,0.3656387665198238,0.3379032258064516,1.0820813138056837,0.508828514036378,3.225906255675649,1.0820813138056837,,,,0.8700564971751413,0.9293785310734464,1.0094979647218454,0.6126126126126126,1.0820813138056837,0.8977401129943503,0.8977401129943503,0.8575,0.9863636363636364,,stack_core_hist,weekly,0.0,0,0,20,0.9,0.3,4,1
,292,1.1548022598870056,,,0.3801369863013699,0.3379032258064516,1.1249877398894956,0.508828514036378,2.643344021943972,1.1249877398894956,,,,1.1271186440677967,1.2062146892655368,1.0128650193996325,0.7317073170731707,1.1249877398894956,1.1548022598870056,1.1548022598870056,1.065909090909091,1.415909090909091,,stack_core_hist,weekly,0.0,0,0,20,0.9,0.3,4,2
,207,0.8186440677966101,,,0.33816425120772947,0.3379032258064516,1.0007724856744262,0.508828514036378,6.522253653863179,1.0007724856744262,,,,0.7909604519774012,0.8502824858757062,0.9333333333333332,0.5396039603960396,1.0007724856744262,0.8186440677966101,0.8186440677966101,0.7636363636363637,0.9704545454545455,,stack_core_hist,weekly,0.0,0,0,20,0.9,0.5,3,1
,273,1.0796610169491525,,,0.34798534798534797,0.3379032258064516,1.0298373066869486,0.508828514036378,2.9238925663697724,1.0298373066869486,,,,1.0084745762711864,1.1271186440677967,0.9406514948683624,0.6977611940298507,1.0298373066869486,1.0796610169491525,1.0796610169491525,0.9595505617977528,1.4000000000000001,,stack_core_hist,weekly,0.0,0,0,20,0.9,0.5,3,2
,203,0.8028248587570622,,,0.3645320197044335,0.3379032258064516,1.0788059771682519,0.508828514036378,4.262509488443312,1.0788059771682519,,,,0.7514124293785311,0.8502824858757062,1.0202762268586543,0.5707070707070707,1.0788059771682519,0.8028248587570622,0.8028248587570622,0.7318181818181818,0.9386363636363637,,stack_core_hist,weekly,0.0,0,0,20,0.9,0.5,4,1
,265,1.0480225988700564,,,0.37358490566037733,0.3379032258064516,1.1055973341739092,0.508828514036378,1.99591578663643,1.1055973341739092,,,,0.9689265536723164,1.1073446327683616,1.0147760854739714,0.7038461538461539,1.1055973341739092,1.0480225988700564,1.0480225988700564,0.8966292134831462,1.3681818181818182,,stack_core_hist,weekly,0.0,0,0,20,0.9,0.5,4,2
,146,0.5774011299435028,,,0.3561643835616438,0.3379032258064516,1.0540425671036715,0.508828514036378,0.05178060522153616,1.0540425671036715,,,,0.5338983050847458,0.632768361581921,0.9523809523809524,0.4397163120567376,1.0540425671036715,0.5774011299435028,0.5774011299435028,0.42954545454545456,0.7954545454545455,,stack_core_hist,weekly,0.0,0,0,20,0.9,0.65,3,1
,212,0.8384180790960452,,,0.3632075471698113,0.3379032258064516,1.0748862971135227,0.508828514036378,-2.567565412115032,1.0748862971135227,,,,0.7711864406779662,0.8898305084745763,0.9959839357429718,0.6666666666666666,1.0748862971135227,0.8384180790960452,0.8384180790960452,0.6363636363636364,1.225,,stack_core_hist,weekly,0.0,0,0,20,0.9,0.65,3,2
,146,0.5774011299435028,,,0.3767123287671233,0.3379032258064516,1.1148527152058065,0.508828514036378,-1.3730850060671451,1.1148527152058065,,,,0.5338983050847458,0.632768361581921,0.9523809523809524,0.45390070921985815,1.1148527152058065,0.5774011299435028,0.5774011299435028,0.42954545454545456,0.7954545454545455,,stack_core_hist,weekly,0.0,0,0,20,0.9,0.65,4,1
,208,0.8225988700564972,,,0.38461538461538464,0.3379032258064516,1.1382412337066277,0.508828514036378,-2.5809718922170295,1.1382412337066277,,,,0.7711864406779662,0.8700564971751413,1.0256410256410258,0.6403940886699507,1.1382412337066277,0.8225988700564972,0.8225988700564972,0.6134831460674157,1.225,,stack_core_hist,weekly,0.0,0,0,20,0.9,0.65,4,2
,255,1.0084745762711864,,,0.3254901960784314,0.3379032258064516,0.9632645420936872,0.508828514036378,6.361414546497644,0.9632645420936872,,,,1.0084745762711864,1.0084745762711864,0.8841354723707664,0.752,0.9632645420936872,1.0084745762711864,1.0084745762711864,1.0224719101123596,1.05,,stack_core_hist,weekly,0.0,0,0,40,0.75,0.0,3,1
,357,1.4118644067796613,,,0.31932773109243695,0.3379032258064516,0.9450271755480235,0.508828514036378,0.5288165554778794,0.9450271755480235,,,,1.344632768361582,1.4830508474576272,0.8963855421686747,0.8892045454545454,0.9450271755480235,1.4118644067796613,1.4118644067796613,1.30561797752809,1.6227272727272726,,stack_core_hist,weekly,0.0,0,0,40,0.75,0.0,3,2
,255,1.0084745762711864,,,0.32941176470588235,0.3379032258064516,0.9748701389863822,0.508828514036378,6.073494562377749,0.9748701389863822,,,,1.0084745762711864,1.0084745762711864,0.8202220647295064,0.76,0.9748701389863822,1.0084745762711864,1.0084745762711864,1.0224719101123596,1.05,,stack_core_hist,weekly,0.0,0,0,40,0.75,0.0,4,1
,354,1.4,,,0.3248587570621469,0.3379032258064516,0.9613958442889312,0.508828514036378,0.9901321795301938,0.9613958442889312,,,,1.344632768361582,1.463276836158192,0.8110154905335628,0.8911174785100286,0.9613958442889312,1.4,1.4,1.2898876404494382,1.6068181818181817,,stack_core_hist,weekly,0.0,0,0,40,0.75,0.0,4,2
,230,0.9096045197740114,,,0.34782608695652173,0.3379032258064516,1.029365985265124,0.508828514036378,16.556891457750982,1.029365985265124,,,,0.8898305084745763,0.9491525423728814,0.8444211629125197,0.5822222222222222,1.029365985265124,0.9096045197740114,0.9096045197740114,0.8049999999999999,1.0340909090909092,,stack_core_hist,weekly,0.0,0,0,40,0.75,0.3,3,1
,331,1.309039548022599,,,0.33534743202416917,0.3379032258064516,0.9924363143436032,0.508828514036378,7.067443719299036,0.9924363143436032,,,,1.2853107344632768,1.364406779661017,0.8274328081556999,0.7730061349693251,0.9924363143436032,1.309039548022599,1.309039548022599,1.195505617977528,1.6068181818181817,,stack_core_hist,weekly,0.0,0,0,40,0.75,0.3,3,2
,229,0.9056497175141243,,,0.3406113537117904,0.3379032258064516,1.0080145074048212,0.508828514036378,14.567919173185334,1.0080145074048212,,,,0.8898305084745763,0.9293785310734464,0.7145102147721321,0.6205357142857143,1.0080145074048212,0.9056497175141243,0.9056497175141243,0.8049999999999999,1.0340909090909092,,stack_core_hist,weekly,0.0,0,0,40,0.75,0.3,4,1
,328,1.2971751412429378,,,0.3323170731707317,0.3379032258064516,0.9834681879038362,0.508828514036378,6.517741368313429,0.9834681879038362,,,,1.265536723163842,1.344632768361582,0.7354958294717332,0.7956656346749226,0.9834681879038362,1.2971751412429378,1.2971751412429378,1.164044943820225,1.6068181818181817,,stack_core_hist,weekly,0.0,0,0,40,0.75,0.3,4,2
,207,0.8186440677966101,,,0.32367149758454106,0.3379032258064516,0.9578822362883793,0.508828514036378,5.969191200154102,0.9578822362883793,,,,0.8107344632768362,0.8305084745762712,0.7825588066551923,0.5693069306930693,0.9578822362883793,0.8186440677966101,0.8186440677966101,0.7235955056179775,1.0022727272727272,,stack_core_hist,weekly,0.0,0,0,40,0.75,0.5,3,1
,307,1.2141242937853107,,,0.31921824104234525,0.3379032258064516,0.9447031477148166,0.508828514036378,-0.8881884210677848,0.9447031477148166,,,,1.1468926553672316,1.265536723163842,0.783725064191191,0.7682119205298014,0.9447031477148166,1.2141242937853107,1.2141242937853107,1.006741573033708,1.5750000000000002,,stack_core_hist,weekly,0.0,0,0,40,0.75,0.5,3,2
,206,0.8146892655367233,,,0.3300970873786408,0.3379032258064516,0.9768983015501542,0.508828514036378,9.749685442921448,0.9768983015501542,,,,0.7909604519774012,0.8305084745762712,0.7825588066551923,0.5771144278606966,0.9768983015501542,0.8146892655367233,0.8146892655367233,0.7235955056179775,0.9863636363636364,,stack_core_hist,weekly,0.0,0,0,40,0.75,0.5,4,1
,305,1.2062146892655368,,,0.32459016393442625,0.3379032258064516,0.9606009624789703,0.508828514036378,2.656396325866169,0.9606009624789703,,,,1.1468926553672316,1.265536723163842,0.783725064191191,0.7733333333333333,0.9606009624789703,1.2062146892655368,1.2062146892655368,0.9910112359550562,1.5590909090909093,,stack_core_hist,weekly,0.0,0,0,40,0.75,0.5,4,2
,149,0.5892655367231638,,,0.3288590604026846,0.3379032258064516,0.9732344508337205,0.508828514036378,0.6548789236974148,0.9732344508337205,,,,0.5536723163841808,0.612994350282486,0.7999999999999999,0.4861111111111111,0.9732344508337205,0.5892655367231638,0.5892655367231638,0.40898876404494383,0.8590909090909091,,stack_core_hist,weekly,0.0,0,0,40,0.75,0.65,3,1
,249,0.9847457627118644,,,0.321285140562249,0.3379032258064516,0.950819986389472,0.508828514036378,-5.665540016340537,0.950819986389472,,,,0.8898305084745763,1.0677966101694916,0.8092369477911646,0.7622950819672131,0.950819986389472,0.9847457627118644,0.9847457627118644,0.6921348314606742,1.4318181818181819,,stack_core_hist,weekly,0.0,0,0,40,0.75,0.65,3,2
,145,0.5734463276836158,,,0.33793103448275863,0.3379032258064516,1.0000822977532713,0.508828514036378,0.41052841652264566,1.0000822977532713,,,,0.5141242937853108,0.612994350282486,0.824262567511425,0.4857142857142857,1.0000822977532713,0.5734463276836158,0.5734463276836158,0.40898876404494383,0.8113636363636363,,stack_core_hist,weekly,0.0,0,0,40,0.75,0.65,4,1
,244,0.9649717514124294,,,0.32786885245901637,0.3379032258064516,0.9703040025040103,0.508828514036378,-4.66683484203628,0.9703040025040103,,,,0.8502824858757062,1.0677966101694916,0.8092369477911646,0.7615062761506276,0.9703040025040103,0.9649717514124294,0.9649717514124294,0.6764044943820224,1.384090909090909,,stack_core_hist,weekly,0.0,0,0,40,0.75,0.65,4,2
,255,1.0084745762711864,,,0.3137254901960784,0.3379032258064516,0.9284477514156021,0.508828514036378,3.6363545480179273,0.9284477514156021,,,,1.0084745762711864,1.0084745762711864,0.8841354723707664,0.776,0.9284477514156021,1.0084745762711864,1.0084745762711864,1.0224719101123596,1.05,,stack_core_hist,weekly,0.0,0,0,40,0.8,0.0,3,1
,344,1.3604519774011299,,,0.311046511627907,0.3379032258064516,0.9205195093522784,0.508828514036378,-2.2989053577186893,0.9205195093522784,,,,1.2853107344632768,1.423728813559322,0.8919259126056465,0.8997050147492626,0.9205195093522784,1.3604519774011299,1.3604519774011299,1.225,1.5750000000000002,,stack_core_hist,weekly,0.0,0,0,40,0.8,0.0,3,2
,250,0.9887005649717514,,,0.328,0.3379032258064516,0.970692124105012,0.508828514036378,4.497196539472549,0.970692124105012,,,,0.9887005649717514,0.9887005649717514,0.8366265060240965,0.7510204081632653,0.970692124105012,0.9887005649717514,0.9887005649717514,0.9545454545454546,1.05,,stack_core_hist,weekly,0.0,0,0,40,0.8,0.0,4,1
,334,1.3209039548022599,,,0.32934131736526945,0.3379032258064516,0.9746616552098667,0.508828514036378,0.7756081182315284,0.9746616552098667,,,,1.265536723163842,1.384180790960452,0.8274328081556999,0.8814589665653495,0.9746616552098667,1.3209039548022599,1.3209039548022599,1.1454545454545455,1.5750000000000002,,stack_core_hist,weekly,0.0,0,0,40,0.8,0.0,4,2
,229,0.9056497175141243,,,0.3318777292576419,0.3379032258064516,0.9821679815739284,0.508828514036378,13.560961018561732,0.9821679815739284,,,,0.8700564971751413,0.9491525423728814,0.8444211629125197,0.59375,0.9821679815739284,0.9056497175141243,0.9056497175141243,0.8049999999999999,1.0340909090909092,,stack_core_hist,weekly,0.0,0,0,40,0.8,0.3,3,1
,318,1.257627118644068,,,0.3238993710691824,0.3379032258064516,0.9585566112787259,0.508828514036378,4.366270015560625,0.9585566112787259,,,,1.225988700564972,1.305084745762712,0.8192771084337349,0.7699680511182109,0.9585566112787259,1.257627118644068,1.257627118644068,1.1613636363636364,1.5750000000000002,,stack_core_hist,weekly,0.0,0,0,40,0.8,0.3,3,2
,223,0.8819209039548023,,,0.336322869955157,0.3379032258064516,0.99532305189593,0.508828514036378,12.387904176959568,0.99532305189593,,,,0.8502824858757062,0.9096045197740114,0.7303882195448461,0.591743119266055,0.99532305189593,0.8819209039548023,0.8819209039548023,0.8049999999999999,1.0340909090909092,,stack_core_hist,weekly,0.0,0,0,40,0.8,0.3,4,1
,307,1.2141242937853107,,,0.3355048859934853,0.3379032258064516,0.992902287904348,0.508828514036378,6.188435238720108,0.992902287904348,,,,1.1864406779661016,1.2457627118644068,0.746987951807229,0.7682119205298014,0.992902287904348,1.2141242937853107,1.2141242937853107,1.0818181818181818,1.5750000000000002,,stack_core_hist,weekly,0.0,0,0,40,0.8,0.3,4,2
,205,0.8107344632768362,,,0.3121951219512195,0.3379032258064516,0.9239187379940625,0.508828514036378,3.791880279689769,0.9239187379940625,,,,0.7909604519774012,0.8305084745762712,0.7825588066551923,0.575,0.9239187379940625,0.8107344632768362,0.8107344632768362,0.7078651685393259,1.0022727272727272,,stack_core_hist,weekly,0.0,0,0,40,0.8,0.5,3,1
,293,1.1587570621468928,,,0.31399317406143346,0.3379032258064516,0.9292399423297792,0.508828514036378,-3.147889969981598,0.9292399423297792,,,,1.0875706214689267,1.225988700564972,0.772746157041961,0.7638888888888888,0.9292399423297792,1.1587570621468928,1.1587570621468928,0.9752808988764046,1.5431818181818182,,stack_core_hist,weekly,0.0,0,0,40,0.8,0.5,3,2
,200,0.7909604519774012,,,0.33,0.3379032258064516,0.9766109785202864,0.508828514036378,7.404566158347998,0.9766109785202864,,,,0.7711864406779662,0.8107344632768362,0.8016456068175141,0.5538461538461539,0.9766109785202864,0.7909604519774012,0.7909604519774012,0.7078651685393259,0.9863636363636364,,stack_core_hist,weekly,0.0,0,0,40,0.8,0.5,4,1
,284,1.1231638418079095,,,0.33098591549295775,0.3379032258064516,0.9795287236545767,0.508828514036378,2.176972600333413,0.9795287236545767,,,,1.0677966101694916,1.1864406779661016,0.8003442340791739,0.7526881720430108,0.9795287236545767,1.1231638418079095,1.1231638418079095,0.9123595505617977,1.5272727272727273,,stack_core_hist,weekly,0.0,0,0,40,0.8,0.5,4,2
,144,0.5694915254237288,,,0.3263888888888889,0.3379032258064516,0.9659241580482631,0.508828514036378,-0.4435887415728905,0.9659241580482631,,,,0.5536723163841808,0.5932203389830508,0.9195402298850576,0.4748201438848921,0.9659241580482631,0.5694915254237288,0.5694915254237288,0.39325842696629215,0.8590909090909091,,stack_core_hist,weekly,0.0,0,0,40,0.8,0.65,3,1
,232,0.9175141242937853,,,0.3232758620689655,0.3379032258064516,0.9567113817792775,0.508828514036378,-7.601482747101318,0.9567113817792775,,,,0.8305084745762712,0.9887005649717514,0.8813077469793887,0.73568281938326,0.9567113817792775,0.9175141242937853,0.9175141242937853,0.6606741573033709,1.4000000000000001,,stack_core_hist,weekly,0.0,0,0,40,0.8,0.65,3,2
,138,0.5457627118644068,,,0.34782608695652173,0.3379032258064516,1.029365985265124,0.508828514036378,-2.411615880585278,1.029365985265124,,,,0.4943502824858757,0.5932203389830508,0.9604130808950088,0.45112781954887216,1.029365985265124,0.5457627118644068,0.5457627118644068,0.39325842696629215,0.8113636363636363,,stack_core_hist,weekly,0.0,0,0,40,0.8,0.65,4,1
,222,0.8779661016949153,,,0.34234234234234234,0.3379032258064516,1.0131372422541873,0.508828514036378,-5.384936958088642,1.0131372422541873,,,,0.7711864406779662,0.9491525423728814,0.9033342673017652,0.728110599078341,1.0131372422541873,0.8779661016949153,0.8779661016949153,0.597752808988764,1.3522727272727273,,stack_core_hist,weekly,0.0,0,0,40,0.8,0.65,4,2
,255,1.0084745762711864,,,0.3137254901960784,0.3379032258064516,0.9284477514156021,0.508828514036378,3.4553301131280483,0.9284477514156021,,,,1.0084745762711864,1.0084745762711864,0.8841354723707664,0.788,0.9284477514156021,1.0084745762711864,1.0084745762711864,1.0224719101123596,1.05,,stack_core_hist,weekly,0.0,0,0,40,0.85,0.0,3,1
,334,1.3209039548022599,,,0.3263473053892216,0.3379032258064516,0.9658010947079588,0.508828514036378,2.634942145497852,0.9658010947079588,,,,1.2457627118644068,1.384180790960452,0.9292929292929294,0.8936170212765957,0.9658010947079588,1.3209039548022599,1.3209039548022599,1.1931818181818181,1.5113636363636365,,stack_core_hist,weekly,0.0,0,0,40,0.85,0.0,3,2
,250,0.9887005649717514,,,0.336,0.3379032258064516,0.9943675417661099,0.508828514036378,3.477293586358869,0.9943675417661099,,,,0.9887005649717514,0.9887005649717514,0.8883582089552239,0.7755102040816326,0.9943675417661099,0.9887005649717514,0.9887005649717514,0.9545454545454546,1.05,,stack_core_hist,weekly,0.0,0,0,40,0.85,0.0,4,1
,323,1.2774011299435029,,,0.34674922600619196,0.3379032258064516,1.026179093669876,0.508828514036378,2.4018678676275362,1.026179093669876,,,,1.225988700564972,1.305084745762712,0.8955223880597015,0.8773584905660378,1.026179093669876,1.2774011299435029,1.2774011299435029,1.1136363636363638,1.4795454545454547,,stack_core_hist,weekly,0.0,0,0,40,0.85,0.0,4,2
,229,0.9056497175141243,,,0.33624454148471616,0.3379032258064516,0.9950912444893748,0.508828514036378,13.410920378150685,0.9950912444893748,,,,0.8700564971751413,0.9491525423728814,0.8482587064676617,0.6071428571428571,0.9950912444893748,0.9056497175141243,0.9056497175141243,0.8049999999999999,1.0340909090909092,,stack_core_hist,weekly,0.0,0,0,40,0.85,0.3,3,1
,308,1.2180790960451977,,,0.34415584415584416,0.3379032258064516,1.018504168862164,0.508828514036378,9.97133087286552,1.018504168862164,,,,1.1864406779661016,1.265536723163842,0.8636815920398011,0.7623762376237624,1.018504168862164,1.2180790960451977,1.2180790960451977,1.1295454545454544,1.5113636363636365,,stack_core_hist,weekly,0.0,0,0,40,0.85,0.3,3,2
,222,0.8779661016949153,,,0.34684684684684686,0.3379032258064516,1.0264679954417426,0.508828514036378,11.509626070886087,1.0264679954417426,,,,0.8502824858757062,0.8898305084745763,0.8225538971807629,0.6082949308755761,1.0264679954417426,0.8779661016949153,0.8779661016949153,0.8049999999999999,1.0181818181818183,,stack_core_hist,weekly,0.0,0,0,40,0.85,0.3,4,1
,294,1.1627118644067798,,,0.35714285714285715,0.3379032258064516,1.0569382884418685,0.508828514036378,8.264696035481402,1.0569382884418685,,,,1.1271186440677967,1.1864406779661016,0.8442000523697303,0.754325259515571,1.0569382884418685,1.1627118644067798,1.1627118644067798,1.05,1.4636363636363636,,stack_core_hist,weekly,0.0,0,0,40,0.85,0.3,4,2
,205,0.8107344632768362,,,0.3121951219512195,0.3379032258064516,0.9239187379940625,0.508828514036378,2.169179439475688,0.9239187379940625,,,,0.7909604519774012,0.8305084745762712,0.8537005163511188,0.585,0.9239187379940625,0.8107344632768362,0.8107344632768362,0.7078651685393259,1.0022727272727272,,stack_core_hist,weekly,0.0,0,0,40,0.85,0.5,3,1
,279,1.1033898305084746,,,0.32616487455197135,0.3379032258064516,0.9652612039246885,0.508828514036378,0.6183964118226719,0.9652612039246885,,,,1.0480225988700564,1.1271186440677967,0.891143521454238,0.7481751824817519,0.9652612039246885,1.1033898305084746,1.1033898305084746,0.9438202247191012,1.4477272727272728,,stack_core_hist,weekly,0.0,0,0,40,0.85,0.5,3,2
,199,0.7870056497175141,,,0.3417085427135678,0.3379032258064516,1.0112615583886018,0.508828514036378,5.304425440880993,1.0112615583886018,,,,0.7711864406779662,0.8107344632768362,0.9473993535116074,0.5670103092783505,1.0112615583886018,0.7870056497175141,0.7870056497175141,0.7078651685393259,0.9704545454545455,,stack_core_hist,weekly,0.0,0,0,40,0.85,0.5,4,1
,270,1.0677966101694916,,,0.35185185185185186,0.3379032258064516,1.0412799434279147,0.508828514036378,3.2922853711870967,1.0412799434279147,,,,1.0084745762711864,1.0875706214689267,0.9435177055896986,0.7283018867924528,1.0412799434279147,1.0677966101694916,1.0677966101694916,0.8966292134831462,1.415909090909091,,stack_core_hist,weekly,0.0,0,0,40,0.85,0.5,4,2
,142,0.5615819209039548,,,0.323943661971831,0.3379032258064516,0.9586876869810751,0.508828514036378,-0.4654723857570415,0.9586876869810751,,,,0.5338983050847458,0.5932203389830508,0.9195402298850576,0.46715328467153283,0.9586876869810751,0.5615819209039548,0.5615819209039548,0.39325842696629215,0.8590909090909091,,stack_core_hist,weekly,0.0,0,0,40,0.85,0.65,3,1
,216,0.8542372881355933,,,0.33796296296296297,0.3379032258064516,1.0001767877662866,0.508828514036378,-1.5659549304235698,1.0001767877662866,,,,0.7711864406779662,0.9096045197740114,0.9090909090909091,0.6966824644549763,1.0001767877662866,0.8542372881355933,0.8542372881355933,0.6292134831460674,1.3045454545454545,,stack_core_hist,weekly,0.0,0,0,40,0.85,0.65,3,2
,135,0.5338983050847458,,,0.362962962962963,0.3379032258064516,1.0741624679572175,0.508828514036378,-4.618710436176911,1.0741624679572175,,,,0.4548022598870057,0.5932203389830508,0.9656067488643738,0.45384615384615384,1.0741624679572175,0.5338983050847458,0.5338983050847458,0.39325842696629215,0.7954545454545455,,stack_core_hist,weekly,0.0,0,0,40,0.85,0.65,4,1
,206,0.8146892655367233,,,0.36893203883495146,0.3379032258064516,1.091827513497231,0.508828514036378,-3.8358714631004105,1.091827513497231,,,,0.692090395480226,0.8898305084745763,0.9518123667377398,0.6865671641791045,1.091827513497231,0.8146892655367233,0.8146892655367233,0.5820224719101125,1.240909090909091,,stack_core_hist,weekly,0.0,0,0,40,0.85,0.65,4,2
,255,1.0084745762711864,,,0.3137254901960784,0.3379032258064516,0.9284477514156021,0.508828514036378,4.289849773558877,0.9284477514156021,,,,1.0084745762711864,1.0084745762711864,0.8841354723707664,0.804,0.9284477514156021,1.0084745762711864,1.0084745762711864,1.0224719101123596,1.05,,stack_core_hist,weekly,0.0,0,0,40,0.9,0.0,3,1
,323,1.2774011299435029,,,0.32507739938080493,0.3379032258064516,0.9620429003155087,0.508828514036378,4.176430723125368,0.9620429003155087,,,,1.2457627118644068,1.344632768361582,0.8465608465608465,0.8867924528301887,0.9620429003155087,1.2774011299435029,1.2774011299435029,1.1931818181818181,1.4000000000000001,,stack_core_hist,weekly,0.0,0,0,40,0.9,0.0,3,2
,250,0.9887005649717514,,,0.34,0.3379032258064516,1.0062052505966588,0.508828514036378,3.77501492990911,1.0062052505966588,,,,0.9887005649717514,0.9887005649717514,0.8963855421686747,0.7836734693877551,1.0062052505966588,0.9887005649717514,0.9887005649717514,0.9545454545454546,1.05,,stack_core_hist,weekly,0.0,0,0,40,0.9,0.0,4,1
,310,1.225988700564972,,,0.35161290322580646,0.3379032258064516,1.0405727923627686,0.508828514036378,4.671177207421787,1.0405727923627686,,,,1.1864406779661016,1.265536723163842,0.8816906972150899,0.8721311475409836,1.0405727923627686,1.225988700564972,1.225988700564972,1.1136363636363638,1.3825,,stack_core_hist,weekly,0.0,0,0,40,0.9,0.0,4,2
,229,0.9056497175141243,,,0.33624454148471616,0.3379032258064516,0.9950912444893748,0.508828514036378,14.340188995660993,0.9950912444893748,,,,0.8700564971751413,0.9491525423728814,0.9093766369827135,0.625,0.9950912444893748,0.9056497175141243,0.9056497175141243,0.8049999999999999,1.0340909090909092,,stack_core_hist,weekly,0.0,0,0,40,0.9,0.3,3,1
,297,1.1745762711864407,,,0.3434343434343434,0.3379032258064516,1.016368939996625,0.508828514036378,11.919482679514452,1.016368939996625,,,,1.1468926553672316,1.225988700564972,0.8757789779808891,0.75,1.016368939996625,1.1745762711864407,1.1745762711864407,1.1295454545454544,1.4000000000000001,,stack_core_hist,weekly,0.0,0,0,40,0.9,0.3,3,2
,222,0.8779661016949153,,,0.35135135135135137,0.3379032258064516,1.0397987486292977,0.508828514036378,11.844897854163387,1.0397987486292977,,,,0.8502824858757062,0.8898305084745763,0.863186077643909,0.6175115207373272,1.0397987486292977,0.8779661016949153,0.8779661016949153,0.8049999999999999,1.0181818181818183,,stack_core_hist,weekly,0.0,0,0,40,0.9,0.3,4,1
,281,1.1112994350282488,,,0.36298932384341637,0.3379032258064516,1.0742404810640485,0.508828514036378,11.039438603162248,1.0742404810640485,,,,1.0875706214689267,1.1271186440677967,0.8537005163511188,0.7427536231884058,1.0742404810640485,1.1112994350282488,1.1112994350282488,1.0382022471910113,1.3522727272727273,,stack_core_hist,weekly,0.0,0,0,40,0.9,0.3,4,2
,204,0.8067796610169491,,,0.3088235294117647,0.3379032258064516,0.9139407552997333,0.508828514036378,1.7226536035379887,0.9139407552997333,,,,0.7909604519774012,0.8305084745762712,0.8537005163511188,0.5979899497487438,0.9139407552997333,0.8067796610169491,0.8067796610169491,0.7078651685393259,0.9863636363636364,,stack_core_hist,weekly,0.0,0,0,40,0.9,0.5,3,1
,267,1.0559322033898306,,,0.32209737827715357,0.3379032258064516,0.9532237447820296,0.508828514036378,1.256127649779436,0.9532237447820296,,,,1.0282485875706215,1.0677966101694916,0.8205128205128206,0.732824427480916,0.9532237447820296,1.0559322033898306,1.0559322033898306,0.9438202247191012,1.3204545454545455,,stack_core_hist,weekly,0.0,0,0,40,0.9,0.5,3,2
,198,0.7830508474576272,,,0.3434343434343434,0.3379032258064516,1.016368939996625,0.508828514036378,4.083546296675878,1.016368939996625,,,,0.7514124293785311,0.8107344632768362,0.9473993535116074,0.5699481865284974,1.016368939996625,0.7830508474576272,0.7830508474576272,0.7078651685393259,0.9545454545454546,,stack_core_hist,weekly,0.0,0,0,40,0.9,0.5,4,1
,256,1.0124293785310736,,,0.35546875,0.3379032258064516,1.051983890214797,0.508828514036378,4.842616528892665,1.051983890214797,,,,0.9491525423728814,1.0480225988700564,0.9193697868396664,0.7131474103585658,1.051983890214797,1.0124293785310736,1.0124293785310736,0.8651685393258427,1.2886363636363636,,stack_core_hist,weekly,0.0,0,0,40,0.9,0.5,4,2
,141,0.5576271186440678,,,0.3262411347517731,0.3379032258064516,0.9654868904348416,0.508828514036378,-0.9349431074078716,0.9654868904348416,,,,0.5338983050847458,0.5932203389830508,0.7619047619047619,0.4632352941176471,0.9654868904348416,0.5576271186440678,0.5576271186440678,0.39325842696629215,0.8431818181818181,,stack_core_hist,weekly,0.0,0,0,40,0.9,0.65,3,1
,204,0.8067796610169491,,,0.3382352941176471,0.3379032258064516,1.000982731994946,0.508828514036378,-1.1626299836929952,1.000982731994946,,,,0.7711864406779662,0.8700564971751413,0.7333333333333334,0.6532663316582915,1.000982731994946,0.8067796610169491,0.8067796610169491,0.6292134831460674,1.1772727272727272,,stack_core_hist,weekly,0.0,0,0,40,0.9,0.65,3,2
,133,0.5259887005649718,,,0.3684210526315789,0.3379032258064516,1.0903152870242432,0.508828514036378,-6.745711251219592,1.0903152870242432,,,,0.4548022598870057,0.5932203389830508,0.8533333333333334,0.4375,1.0903152870242432,0.5259887005649718,0.5259887005649718,0.39325842696629215,0.7795454545454547,,stack_core_hist,weekly,0.0,0,0,40,0.9,0.65,4,1
,191,0.7553672316384181,,,0.3769633507853403,0.3379032258064516,1.1155955965962339,0.508828514036378,-2.907467108145168,1.1155955965962339,,,,0.692090395480226,0.8502824858757062,0.8380952380952381,0.6451612903225806,1.1155955965962339,0.7553672316384181,0.7553672316384181,0.550561797752809,1.1136363636363638,,stack_core_hist,weekly,0.0,0,0,40,0.9,0.65,4,2
,255,1.0084745762711864,,,0.3176470588235294,0.3379032258064516,0.940053348308297,0.508828514036378,4.350474954697089,0.940053348308297,,,,1.0084745762711864,1.0084745762711864,0.8841354723707664,0.76,0.940053348308297,1.0084745762711864,1.0084745762711864,1.0224719101123596,1.05,,stack_core_hist,weekly,0.0,0,0,60,0.75,0.0,3,1
,355,1.4039548022598871,,,0.3154929577464789,0.3379032258064516,0.9336784429728732,0.508828514036378,-0.3000215638703102,0.9336784429728732,,,,1.344632768361582,1.463276836158192,0.9093766369827135,0.8885714285714286,0.9336784429728732,1.4039548022598871,1.4039548022598871,1.2898876404494382,1.6227272727272726,,stack_core_hist,weekly,0.0,0,0,60,0.75,0.0,3,2
,255,1.0084745762711864,,,0.32941176470588235,0.3379032258064516,0.9748701389863822,0.508828514036378,3.2476626016902603,0.9748701389863822,,,,1.0084745762711864,1.0084745762711864,0.8202220647295064,0.764,0.9748701389863822,1.0084745762711864,1.0084745762711864,1.0224719101123596,1.05,,stack_core_hist,weekly,0.0,0,0,60,0.75,0.0,4,1
,349,1.380225988700565,,,0.32951289398280803,0.3379032258064516,0.9751694237200047,0.508828514036378,0.8897205227413304,0.9751694237200047,,,,1.344632768361582,1.4039548022598871,0.8348688873139618,0.8895348837209303,0.9751694237200047,1.380225988700565,1.380225988700565,1.2269662921348314,1.6068181818181817,,stack_core_hist,weekly,0.0,0,0,60,0.75,0.0,4,2
,229,0.9056497175141243,,,0.31877729257641924,0.3379032258064516,0.9433981928275892,0.508828514036378,6.587445452486691,0.9433981928275892,,,,0.8700564971751413,0.9491525423728814,0.7794656888423258,0.6116071428571429,0.9433981928275892,0.9056497175141243,0.9056497175141243,0.7875,1.0340909090909092,,stack_core_hist,weekly,0.0,0,0,60,0.75,0.3,3,1
,329,1.301129943502825,,,0.3161094224924012,0.3379032258064516,0.9355028255145048,0.508828514036378,0.8895022492332396,0.9355028255145048,,,,1.265536723163842,1.3248587570621468,0.7936746987951808,0.7870370370370371,0.9355028255145048,1.301129943502825,1.301129943502825,1.1797752808988764,1.6227272727272726,,stack_core_hist,weekly,0.0,0,0,60,0.75,0.3,3,2
,228,0.9016949152542374,,,0.3333333333333333,0.3379032258064516,0.9864757358790771,0.508828514036378,10.681265427163375,0.9864757358790771,,,,0.8700564971751413,0.9293785310734464,0.7145102147721321,0.6188340807174888,0.9864757358790771,0.9016949152542374,0.9016949152542374,0.7875,1.0340909090909092,,stack_core_hist,weekly,0.0,0,0,60,0.75,0.3,4,1
,322,1.2734463276836159,,,0.33229813664596275,0.3379032258064516,0.9834121466372168,0.508828514036378,5.963602567089607,0.9834121466372168,,,,1.2457627118644068,1.305084745762712,0.7588449034232166,0.7886435331230284,0.9834121466372168,1.2734463276836159,1.2734463276836159,1.101123595505618,1.6068181818181817,,stack_core_hist,weekly,0.0,0,0,60,0.75,0.3,4,2
,207,0.8186440677966101,,,0.3188405797101449,0.3379032258064516,0.9435854864930303,0.508828514036378,3.390555354302096,0.9435854864930303,,,,0.7909604519774012,0.8502824858757062,0.8016456068175141,0.5841584158415841,0.9435854864930303,0.8186440677966101,0.8186440677966101,0.7,1.0181818181818183,,stack_core_hist,weekly,0.0,0,0,60,0.75,0.5,3,1
,305,1.2062146892655368,,,0.31475409836065577,0.3379032258064516,0.9314918424038501,0.508828514036378,-2.166566777087586,0.9314918424038501,,,,1.1468926553672316,1.265536723163842,0.810292015519706,0.7733333333333333,0.9314918424038501,1.2062146892655368,1.2062146892655368,0.9910112359550562,1.590909090909091,,stack_core_hist,weekly,0.0,0,0,60,0.75,0.5,3,2
,205,0.8107344632768362,,,0.32682926829268294,0.3379032258064516,0.9672274288375343,0.508828514036378,6.539690397430065,0.9672274288375343,,,,0.7711864406779662,0.8502824858757062,0.7287687334704672,0.595,0.9672274288375343,0.8107344632768362,0.8107344632768362,0.7,1.0022727272727272,,stack_core_hist,weekly,0.0,0,0,60,0.75,0.5,4,1
,299,1.1824858757062147,,,0.3277591973244147,0.3379032258064516,0.969979486115213,0.508828514036378,2.7611640156614294,0.969979486115213,,,,1.1271186440677967,1.2457627118644068,0.772746157041961,0.782312925170068,0.969979486115213,1.1824858757062147,1.1824858757062147,0.9123595505617977,1.5750000000000002,,stack_core_hist,weekly,0.0,0,0,60,0.75,0.5,4,2
,149,0.5892655367231638,,,0.31543624161073824,0.3379032258064516,0.9335105956976502,0.508828514036378,-5.558492323992127,0.9335105956976502,,,,0.5536723163841808,0.612994350282486,0.7999999999999999,0.4861111111111111,0.9335105956976502,0.5892655367231638,0.5892655367231638,0.40898876404494383,0.8590909090909091,,stack_core_hist,weekly,0.0,0,0,60,0.75,0.65,3,1
,245,0.9689265536723164,,,0.3183673469387755,0.3379032258064516,0.9421849885538941,0.508828514036378,-6.126984101040891,0.9421849885538941,,,,0.8898305084745763,1.0282485875706215,0.8264547551909768,0.7583333333333333,0.9421849885538941,0.9689265536723164,0.9689265536723164,0.6449438202247191,1.4318181818181819,,stack_core_hist,weekly,0.0,0,0,60,0.75,0.65,3,2
,145,0.5734463276836158,,,0.3310344827586207,0.3379032258064516,0.9796724549419801,0.508828514036378,-5.624447745357329,0.9796724549419801,,,,0.5141242937853108,0.612994350282486,0.824262567511425,0.4857142857142857,0.9796724549419801,0.5734463276836158,0.5734463276836158,0.40898876404494383,0.8113636363636363,,stack_core_hist,weekly,0.0,0,0,60,0.75,0.65,4,1
,239,0.9451977401129943,,,0.3305439330543933,0.3379032258064516,0.9782207088005911,0.508828514036378,-5.567336459695431,0.9782207088005911,,,,0.8502824858757062,1.0084745762711864,0.8444211629125197,0.7564102564102564,0.9782207088005911,0.9451977401129943,0.9451977401129943,0.6134831460674157,1.384090909090909,,stack_core_hist,weekly,0.0,0,0,60,0.75,0.65,4,2
,255,1.0084745762711864,,,0.3176470588235294,0.3379032258064516,0.940053348308297,0.508828514036378,4.619522308129269,0.940053348308297,,,,1.0084745762711864,1.0084745762711864,0.8841354723707664,0.78,0.940053348308297,1.0084745762711864,1.0084745762711864,1.0224719101123596,1.05,,stack_core_hist,weekly,0.0,0,0,60,0.8,0.0,3,1
,342,1.3525423728813561,,,0.3157894736842105,0.3379032258064516,0.9345559603064941,0.508828514036378,1.7901288785522727,0.9345559603064941,,,,1.2853107344632768,1.4039548022598871,0.8919259126056465,0.8961424332344213,0.9345559603064941,1.3525423728813561,1.3525423728813561,1.225,1.5750000000000002,,stack_core_hist,weekly,0.0,0,0,60,0.8,0.0,3,2
,250,0.9887005649717514,,,0.336,0.3379032258064516,0.9943675417661099,0.508828514036378,4.154273114223186,0.9943675417661099,,,,0.9887005649717514,0.9887005649717514,0.8366265060240965,0.7510204081632653,0.9943675417661099,0.9887005649717514,0.9887005649717514,0.9545454545454546,1.05,,stack_core_hist,weekly,0.0,0,0,60,0.8,0.0,4,1
,332,1.3129943502824861,,,0.33433734939759036,0.3379032258064516,0.9894470483365443,0.508828514036378,2.482817331718417,0.9894470483365443,,,,1.265536723163842,1.364406779661017,0.8274328081556999,0.8776758409785933,0.9894470483365443,1.3129943502824861,1.3129943502824861,1.1454545454545455,1.5750000000000002,,stack_core_hist,weekly,0.0,0,0,60,0.8,0.0,4,2
,228,0.9016949152542374,,,0.3157894736842105,0.3379032258064516,0.9345559603064941,0.508828514036378,6.883322023354819,0.9345559603064941,,,,0.8700564971751413,0.9491525423728814,0.7794656888423258,0.6188340807174888,0.9345559603064941,0.9016949152542374,0.9016949152542374,0.7875,1.0340909090909092,,stack_core_hist,weekly,0.0,0,0,60,0.8,0.3,3,1
,315,1.2457627118644068,,,0.3142857142857143,0.3379032258064516,0.9301056938288442,0.508828514036378,3.1861692356089235,0.9301056938288442,,,,1.225988700564972,1.265536723163842,0.7710843373493976,0.7806451612903226,0.9301056938288442,1.2457627118644068,1.2457627118644068,1.1325842696629214,1.5750000000000002,,stack_core_hist,weekly,0.0,0,0,60,0.8,0.3,3,2
,222,0.8779661016949153,,,0.34234234234234234,0.3379032258064516,1.0131372422541873,0.508828514036378,11.773354663736853,1.0131372422541873,,,,0.8502824858757062,0.9096045197740114,0.7303882195448461,0.5898617511520737,1.0131372422541873,0.8779661016949153,0.8779661016949153,0.7875,1.0340909090909092,,stack_core_hist,weekly,0.0,0,0,60,0.8,0.3,4,1
,304,1.2022598870056498,,,0.33881578947368424,0.3379032258064516,1.0027006657455095,0.508828514036378,7.901331648448013,1.0027006657455095,,,,1.1864406779661016,1.225988700564972,0.746987951807229,0.7625418060200669,1.0027006657455095,1.2022598870056498,1.2022598870056498,1.053932584269663,1.5750000000000002,,stack_core_hist,weekly,0.0,0,0,60,0.8,0.3,4,2
,205,0.8107344632768362,,,0.32195121951219513,0.3379032258064516,0.9527911985563771,0.508828514036378,4.308953147970741,0.9527911985563771,,,,0.7909604519774012,0.8305084745762712,0.8016456068175141,0.59,0.9527911985563771,0.8107344632768362,0.8107344632768362,0.7,1.0181818181818183,,stack_core_hist,weekly,0.0,0,0,60,0.8,0.5,3,1
,291,1.1508474576271188,,,0.3161512027491409,0.3379032258064516,0.9356264711430422,0.508828514036378,0.7123980623239801,0.9356264711430422,,,,1.0875706214689267,1.225988700564972,0.7863031071655041,0.7727272727272727,0.9356264711430422,1.1508474576271188,1.1508474576271188,0.9438202247191012,1.5590909090909093,,stack_core_hist,weekly,0.0,0,0,60,0.8,0.5,3,2
,199,0.7870056497175141,,,0.3417085427135678,0.3379032258064516,1.0112615583886018,0.508828514036378,7.49243173144093,1.0112615583886018,,,,0.7514124293785311,0.8107344632768362,0.746987951807229,0.5618556701030928,1.0112615583886018,0.7870056497175141,0.7870056497175141,0.6921348314606742,1.0022727272727272,,stack_core_hist,weekly,0.0,0,0,60,0.8,0.5,4,1
,281,1.1112994350282488,,,0.33807829181494664,0.3379032258064516,1.0005180951086727,0.508828514036378,4.23487442860192,1.0005180951086727,,,,1.0480225988700564,1.1864406779661016,0.7605695509309967,0.7572463768115942,1.0005180951086727,1.1112994350282488,1.1112994350282488,0.8651685393258427,1.5431818181818182,,stack_core_hist,weekly,0.0,0,0,60,0.8,0.5,4,2
,144,0.5694915254237288,,,0.3333333333333333,0.3379032258064516,0.9864757358790771,0.508828514036378,-3.93481218833947,0.9864757358790771,,,,0.5536723163841808,0.5932203389830508,0.8537005163511188,0.460431654676259,0.9864757358790771,0.5694915254237288,0.5694915254237288,0.39325842696629215,0.8590909090909091,,stack_core_hist,weekly,0.0,0,0,60,0.8,0.65,3,1
,230,0.9096045197740114,,,0.32608695652173914,0.3379032258064516,0.9650306111860538,0.508828514036378,-5.4674606866557145,0.9650306111860538,,,,0.8305084745762712,0.9689265536723164,0.8148959474260679,0.7333333333333333,0.9650306111860538,0.9096045197740114,0.9096045197740114,0.6292134831460674,1.4000000000000001,,stack_core_hist,weekly,0.0,0,0,60,0.8,0.65,3,2
,137,0.5418079096045197,,,0.35766423357664234,0.3379032258064516,1.0584812640454333,0.508828514036378,-4.503289832314434,1.0584812640454333,,,,0.4943502824858757,0.5932203389830508,0.8537005163511188,0.4393939393939394,1.0584812640454333,0.5418079096045197,0.5418079096045197,0.39325842696629215,0.8113636363636363,,stack_core_hist,weekly,0.0,0,0,60,0.8,0.65,4,1
,219,0.8661016949152542,,,0.3470319634703196,0.3379032258064516,1.0270158346138338,0.508828514036378,-4.191529256377548,1.0270158346138338,,,,0.7711864406779662,0.9491525423728814,0.8338470159708602,0.719626168224299,1.0270158346138338,0.8661016949152542,0.8661016949152542,0.5662921348314607,1.3522727272727273,,stack_core_hist,weekly,0.0,0,0,60,0.8,0.65,4,2
,255,1.0084745762711864,,,0.3176470588235294,0.3379032258064516,0.940053348308297,0.508828514036378,6.6625922661659285,0.940053348308297,,,,1.0084745762711864,1.0084745762711864,0.8841354723707664,0.796,0.940053348308297,1.0084745762711864,1.0084745762711864,1.0224719101123596,1.05,,stack_core_hist,weekly,0.0,0,0,60,0.85,0.0,3,1
,328,1.2971751412429378,,,0.3384146341463415,0.3379032258064516,1.0015134757552828,0.508828514036378,11.03912648664722,1.0015134757552828,,,,1.2457627118644068,1.364406779661017,0.9337349397590362,0.8978328173374613,1.0015134757552828,1.2971751412429378,1.2971751412429378,1.1797752808988764,1.4954545454545456,,stack_core_hist,weekly,0.0,0,0,60,0.85,0.0,3,2
,250,0.9887005649717514,,,0.348,0.3379032258064516,1.0298806682577566,0.508828514036378,6.706715856321056,1.0298806682577566,,,,0.9887005649717514,0.9887005649717514,0.8963855421686747,0.7673469387755102,1.0298806682577566,0.9887005649717514,0.9887005649717514,0.9545454545454546,1.05,,stack_core_hist,weekly,0.0,0,0,60,0.85,0.0,4,1
,322,1.2734463276836159,,,0.36645962732919257,0.3379032258064516,1.0845105916186129,0.508828514036378,10.815668830818888,1.0845105916186129,,,,1.225988700564972,1.3248587570621468,0.9011283228150698,0.8832807570977917,1.0845105916186129,1.2734463276836159,1.2734463276836159,1.1136363636363638,1.4954545454545456,,stack_core_hist,weekly,0.0,0,0,60,0.85,0.0,4,2
,228,0.9016949152542374,,,0.3201754385964912,0.3379032258064516,0.94753590419964,0.508828514036378,9.220097302048396,0.94753590419964,,,,0.8700564971751413,0.9491525423728814,0.8444211629125197,0.6367713004484304,0.94753590419964,0.9016949152542374,0.9016949152542374,0.7875,1.0340909090909092,,stack_core_hist,weekly,0.0,0,0,60,0.85,0.3,3,1
,301,1.1903954802259888,,,0.34219269102990035,0.3379032258064516,1.012694360088488,0.508828514036378,13.368952307691066,1.012694360088488,,,,1.1666666666666667,1.225988700564972,0.8609352664896877,0.7804054054054054,1.012694360088488,1.1903954802259888,1.1903954802259888,1.053932584269663,1.4954545454545456,,stack_core_hist,weekly,0.0,0,0,60,0.85,0.3,3,2
,221,0.8740112994350283,,,0.3574660633484163,0.3379032258064516,1.0578947936802774,0.508828514036378,14.929436721390037,1.0578947936802774,,,,0.8502824858757062,0.8898305084745763,0.863186077643909,0.5972222222222222,1.0578947936802774,0.8740112994350283,0.8740112994350283,0.7875,1.0181818181818183,,stack_core_hist,weekly,0.0,0,0,60,0.85,0.3,4,1
,292,1.1548022598870056,,,0.3767123287671233,0.3379032258064516,1.1148527152058065,0.508828514036378,17.375259030518702,1.1148527152058065,,,,1.1271186440677967,1.1864406779661016,0.8757789779808891,0.759581881533101,1.1148527152058065,1.1548022598870056,1.1548022598870056,1.0382022471910113,1.4795454545454547,,stack_core_hist,weekly,0.0,0,0,60,0.85,0.3,4,2
,204,0.8067796610169491,,,0.3235294117647059,0.3379032258064516,0.9574617436473397,0.508828514036378,7.775145017338138,0.9574617436473397,,,,0.7909604519774012,0.8305084745762712,0.8745224801645607,0.5979899497487438,0.9574617436473397,0.8067796610169491,0.8067796610169491,0.7,1.0181818181818183,,stack_core_hist,weekly,0.0,0,0,60,0.85,0.5,3,1
,274,1.0836158192090395,,,0.3467153284671533,0.3379032258064516,1.026078776370573,0.508828514036378,12.33155583244145,1.026078776370573,,,,1.0282485875706215,1.1468926553672316,0.8853190539937528,0.758364312267658,1.026078776370573,1.0836158192090395,1.0836158192090395,0.8651685393258427,1.4795454545454547,,stack_core_hist,weekly,0.0,0,0,60,0.85,0.5,3,2
,197,0.7790960451977401,,,0.3604060913705584,0.3379032258064516,1.0665955926002206,0.508828514036378,11.690341894881302,1.0665955926002206,,,,0.731638418079096,0.8107344632768362,0.8963855421686747,0.5520833333333334,1.0665955926002206,0.7790960451977401,0.7790960451977401,0.6921348314606742,0.9863636363636364,,stack_core_hist,weekly,0.0,0,0,60,0.85,0.5,4,1
,267,1.0559322033898306,,,0.3782771535580524,0.3379032258064516,1.1194837002672673,0.508828514036378,14.41105353996354,1.1194837002672673,,,,0.9689265536723164,1.1271186440677967,0.9020231870879746,0.732824427480916,1.1194837002672673,1.0559322033898306,1.0559322033898306,0.8494382022471911,1.4477272727272728,,stack_core_hist,weekly,0.0,0,0,60,0.85,0.5,4,2
,142,0.5615819209039548,,,0.34507042253521125,0.3379032258064516,1.0212107970015798,0.508828514036378,1.6384925740093506,1.0212107970015798,,,,0.5338983050847458,0.5932203389830508,0.9195402298850576,0.43795620437956206,1.0212107970015798,0.5615819209039548,0.5615819209039548,0.39325842696629215,0.8590909090909091,,stack_core_hist,weekly,0.0,0,0,60,0.85,0.65,3,1
,212,0.8384180790960452,,,0.37264150943396224,0.3379032258064516,1.1028054217138739,0.508828514036378,9.017700858260977,1.1028054217138739,,,,0.7711864406779662,0.9096045197740114,0.9523809523809524,0.6666666666666666,1.1028054217138739,0.8384180790960452,0.8384180790960452,0.550561797752809,1.3204545454545455,,stack_core_hist,weekly,0.0,0,0,60,0.85,0.65,3,2
,134,0.5299435028248588,,,0.3880597014925373,0.3379032258064516,1.1484344387845973,0.508828514036378,-0.05120375600802282,1.1484344387845973,,,,0.4548022598870057,0.5932203389830508,0.9876543209876543,0.4263565891472868,1.1484344387845973,0.5299435028248588,0.5299435028248588,0.39325842696629215,0.7954545454545455,,stack_core_hist,weekly,0.0,0,0,60,0.85,0.65,4,1
,204,0.8067796610169491,,,0.4019607843137255,0.3379032258064516,1.18957368150124,0.508828514036378,7.53868940477242,1.18957368150124,,,,0.692090395480226,0.9096045197740114,1.0,0.678391959798995,1.18957368150124,0.8067796610169491,0.8067796610169491,0.550561797752809,1.2568181818181818,,stack_core_hist,weekly,0.0,0,0,60,0.85,0.65,4,2
,255,1.0084745762711864,,,0.3137254901960784,0.3379032258064516,0.9284477514156021,0.508828514036378,8.56672623747729,0.9284477514156021,,,,1.0084745762711864,1.0084745762711864,0.8841354723707664,0.816,0.9284477514156021,1.0084745762711864,1.0084745762711864,1.0224719101123596,1.05,,stack_core_hist,weekly,0.0,0,0,60,0.9,0.0,3,1
,313,1.2378531073446328,,,0.33226837060702874,0.3379032258064516,0.9833240562117319,0.508828514036378,12.262731524324643,0.9833240562117319,,,,1.1864406779661016,1.305084745762712,0.8888888888888888,0.8863636363636364,0.9833240562117319,1.2378531073446328,1.2378531073446328,1.101123595505618,1.4000000000000001,,stack_core_hist,weekly,0.0,0,0,60,0.9,0.0,3,2
,250,0.9887005649717514,,,0.352,0.3379032258064516,1.0417183770883054,0.508828514036378,11.314220867297005,1.0417183770883054,,,,0.9887005649717514,0.9887005649717514,0.9623880597014927,0.8081632653061225,1.0417183770883054,0.9887005649717514,0.9887005649717514,0.9545454545454546,1.05,,stack_core_hist,weekly,0.0,0,0,60,0.9,0.0,4,1
,305,1.2062146892655368,,,0.3639344262295082,0.3379032258064516,1.0770374427794516,0.508828514036378,13.439318953399322,1.0770374427794516,,,,1.1666666666666667,1.2457627118644068,0.9943502824858758,0.8766666666666667,1.0770374427794516,1.2062146892655368,1.2062146892655368,1.101123595505618,1.3825,,stack_core_hist,weekly,0.0,0,0,60,0.9,0.0,4,2
,228,0.9016949152542374,,,0.3157894736842105,0.3379032258064516,0.9345559603064941,0.508828514036378,11.349720822594001,0.9345559603064941,,,,0.8700564971751413,0.9491525423728814,0.8444211629125197,0.6591928251121076,0.9345559603064941,0.9016949152542374,0.9016949152542374,0.7875,1.0340909090909092,,stack_core_hist,weekly,0.0,0,0,60,0.9,0.3,3,1
,286,1.1310734463276837,,,0.3356643356643357,0.3379032258064516,0.9933741675985114,0.508828514036378,14.830266168210963,0.9933741675985114,,,,1.0875706214689267,1.1666666666666667,0.8537005163511188,0.7615658362989324,0.9933741675985114,1.1310734463276837,1.1310734463276837,0.9752808988764046,1.4000000000000001,,stack_core_hist,weekly,0.0,0,0,60,0.9,0.3,3,2
,221,0.8740112994350283,,,0.36199095022624433,0.3379032258064516,1.0712858670180023,0.508828514036378,20.141546462313055,1.0712858670180023,,,,0.8502824858757062,0.8898305084745763,0.9048092868988392,0.6435185185185185,1.0712858670180023,0.8740112994350283,0.8740112994350283,0.7875,1.0181818181818183,,stack_core_hist,weekly,0.0,0,0,60,0.9,0.3,4,1
,274,1.0836158192090395,,,0.3759124087591241,0.3379032258064516,1.1124854101702002,0.508828514036378,20.822566219203896,1.1124854101702002,,,,1.0677966101694916,1.0875706214689267,0.9778751369112816,0.7434944237918215,1.1124854101702002,1.0836158192090395,1.0836158192090395,0.9438202247191012,1.3522727272727273,,stack_core_hist,weekly,0.0,0,0,60,0.9,0.3,4,2
,203,0.8028248587570622,,,0.31527093596059114,0.3379032258064516,0.9330213856590287,0.508828514036378,8.69763932433867,0.9330213856590287,,,,0.7711864406779662,0.8305084745762712,0.8745224801645607,0.6161616161616161,0.9330213856590287,0.8028248587570622,0.8028248587570622,0.7,1.0022727272727272,,stack_core_hist,weekly,0.0,0,0,60,0.9,0.5,3,1
,257,1.0163841807909604,,,0.3346303501945525,0.3379032258064516,0.9903141628669334,0.508828514036378,12.365990042061595,0.9903141628669334,,,,0.9491525423728814,1.0677966101694916,0.8788093550673283,0.7301587301587301,0.9903141628669334,1.0163841807909604,1.0163841807909604,0.7865168539325843,1.3522727272727273,,stack_core_hist,weekly,0.0,0,0,60,0.9,0.5,3,2
,195,0.7711864406779662,,,0.3641025641025641,0.3379032258064516,1.0775350345756074,0.508828514036378,15.215762307757618,1.0775350345756074,,,,0.711864406779661,0.8107344632768362,1.037037037037037,0.5789473684210527,1.0775350345756074,0.7711864406779662,0.7711864406779662,0.6921348314606742,0.9545454545454546,,stack_core_hist,weekly,0.0,0,0,60,0.9,0.5,4,1
,247,0.9768361581920904,,,0.3765182186234818,0.3379032258064516,1.1142782603654353,0.508828514036378,15.352814268111498,1.1142782603654353,,,,0.8898305084745763,1.0480225988700564,1.0074074074074073,0.6983471074380165,1.1142782603654353,0.9768361581920904,0.9768361581920904,0.755056179775281,1.2886363636363636,,stack_core_hist,weekly,0.0,0,0,60,0.9,0.5,4,2
,141,0.5576271186440678,,,0.3475177304964539,0.3379032258064516,1.0284534267675485,0.508828514036378,3.46802699222119,1.0284534267675485,,,,0.5338983050847458,0.5932203389830508,0.8571428571428572,0.41911764705882354,1.0284534267675485,0.5576271186440678,0.5576271186440678,0.39325842696629215,0.8431818181818181,,stack_core_hist,weekly,0.0,0,0,60,0.9,0.65,3,1
,193,0.7632768361581922,,,0.36787564766839376,0.3379032258064516,1.0887012007370125,0.508828514036378,7.782237596572052,1.0887012007370125,,,,0.731638418079096,0.8305084745762712,0.8648648648648649,0.5957446808510638,1.0887012007370125,0.7632768361581922,0.7632768361581922,0.45617977528089887,1.1772727272727272,,stack_core_hist,weekly,0.0,0,0,60,0.9,0.65,3,2
,131,0.5180790960451978,,,0.3969465648854962,0.3379032258064516,1.174734464100275,0.508828514036378,5.386123720264086,1.174734464100275,,,,0.4548022598870057,0.5932203389830508,0.8888888888888888,0.4365079365079365,1.174734464100275,0.5180790960451978,0.5180790960451978,0.39325842696629215,0.7636363636363637,,stack_core_hist,weekly,0.0,0,0,60,0.9,0.65,4,1
,183,0.7237288135593221,,,0.40437158469945356,0.3379032258064516,1.196708269754946,0.508828514036378,8.364227768116939,1.196708269754946,,,,0.652542372881356,0.8305084745762712,0.8888888888888888,0.6179775280898876,1.196708269754946,0.7237288135593221,0.7237288135593221,0.45617977528089887,1.0977272727272729,,stack_core_hist,weekly,0.0,0,0,60,0.9,0.65,4,2
0.15,249,0.9847457627118644,20.0,0.0,0.3895582329317269,0.3379032258064516,1.1528692334972348,0.4801656400163954,18.662756245332726,1.1528692334972348,1.1528692334972348,1.0,1.0,0.9293785310734464,1.0677966101694916,1.0780141843971631,0.7704918032786885,1.1528692334972348,0.9847457627118644,0.9847457627118644,0.8909090909090909,1.26,4.0,stack_resolved_hist,rolling,0.15,20,0,0,0.0,0.0,0,0
0.15,201,0.7949152542372883,40.0,0.0,0.417910447761194,0.3379032258064516,1.2367755494603356,0.4801656400163954,25.55135489003809,1.2367755494603356,1.2367755494603356,1.0,1.0,0.692090395480226,0.8502824858757062,1.093153100205701,0.75,1.2367755494603356,0.7949152542372883,0.7949152542372883,0.4772727272727273,1.365,4.0,stack_resolved_hist,rolling,0.15,40,0,0,0.0,0.0,0,0
0.15,150,0.5932203389830508,60.0,0.0,0.46,0.3379032258064516,1.3613365155131265,0.4801656400163954,32.77337868696726,1.3613365155131265,1.3613365155131265,1.0,1.0,0.43502824858757067,0.652542372881356,1.1448863636363635,0.7034482758620689,1.3613365155131265,0.5932203389830508,0.5932203389830508,0.23863636363636365,1.3825,4.0,stack_resolved_hist,rolling,0.15,60,0,0,0.0,0.0,0,0
0.15,108,0.42711864406779665,120.0,0.0,0.5,0.3379032258064516,1.4797136038186158,0.4801656400163954,37.80621862468187,1.4797136038186158,1.4797136038186158,1.0,1.0,0.2768361581920904,0.5141242937853108,1.1923076923076923,0.7572815533980582,1.4797136038186158,0.42711864406779665,0.42711864406779665,0.03181818181818182,1.3825,4.0,stack_resolved_hist,rolling,0.15,120,0,0,0.0,0.0,0,0
0.15,95,0.37570621468926557,250.0,0.0,0.5368421052631579,0.3379032258064516,1.5887451325210402,0.4801656400163954,38.272820232898376,1.5887451325210402,1.5887451325210402,1.0,1.0,0.2768361581920904,0.43502824858757067,1.409090909090909,0.8,1.5887451325210402,0.37570621468926557,0.37570621468926557,0.0,1.3825,4.0,stack_resolved_hist,rolling,0.15,250,0,0,0.0,0.0,0,0
0.15,120,0.4745762711864407,40.0,3.0,0.39166666666666666,0.3379032258064516,1.1591089896579156,0.4801656400163954,20.86831445607477,1.1591089896579156,1.1591089896579156,1.0,1.0,0.4152542372881356,0.5141242937853108,0.8714859437751005,0.5565217391304348,1.1591089896579156,0.4745762711864407,0.4745762711864407,0.3659090909090909,0.7174999999999999,4.0,stack_resolved_hist,rolling,0.15,40,3,0,0.0,0.0,0,0
0.15,94,0.37175141242937854,60.0,3.0,0.40425531914893614,0.3379032258064516,1.196364190321434,0.4801656400163954,16.883951455657062,1.196364190321434,1.196364190321434,1.0,1.0,0.2966101694915254,0.4152542372881356,0.9863636363636362,0.4943820224719101,1.196364190321434,0.37175141242937854,0.37175141242937854,0.1590909090909091,0.735,4.0,stack_resolved_hist,rolling,0.15,60,3,0,0.0,0.0,0,0
0.15,62,0.24519774011299436,120.0,3.0,0.5,0.3379032258064516,1.4797136038186158,0.4801656400163954,28.857575477390764,1.4797136038186158,1.4797136038186158,1.0,1.0,0.15819209039548024,0.2966101694915254,1.1272727272727272,0.543859649122807,1.4797136038186158,0.24519774011299436,0.24519774011299436,0.03181818181818182,0.735,4.0,stack_resolved_hist,rolling,0.15,120,3,0,0.0,0.0,0,0
0.18,284,1.1231638418079095,20.0,0.0,0.38028169014084506,0.3379032258064516,1.125415980369088,0.4801656400163954,17.0558743009228,1.125415980369088,1.125415980369088,1.0,1.0,1.0480225988700564,1.225988700564972,1.0566037735849056,0.7956989247311828,1.125415980369088,1.1231638418079095,1.1231638418079095,1.0340909090909092,1.4,4.0,stack_resolved_hist,rolling,0.18,20,0,0,0.0,0.0,0,0
0.18,227,0.8977401129943503,40.0,0.0,0.40969162995594716,0.3379032258064516,1.2124525564328748,0.4801656400163954,25.902745861766526,1.2124525564328748,1.2124525564328748,1.0,1.0,0.7711864406779662,0.9689265536723164,1.104243059193295,0.7522522522522522,1.2124525564328748,0.8977401129943503,0.8977401129943503,0.6045454545454545,1.47,4.0,stack_resolved_hist,rolling,0.18,40,0,0,0.0,0.0,0,0
0.18,174,0.6881355932203389,60.0,0.0,0.4482758620689655,0.3379032258064516,1.3266397827339313,0.4801656400163954,34.25691558054212,1.3266397827339313,1.3266397827339313,1.0,1.0,0.5734463276836158,0.7909604519774012,1.1272727272727272,0.7218934911242604,1.3266397827339313,0.6881355932203389,0.6881355932203389,0.3340909090909091,1.47,4.0,stack_resolved_hist,rolling,0.18,60,0,0,0.0,0.0,0,0
0.18,120,0.4745762711864407,120.0,0.0,0.4666666666666667,0.3379032258064516,1.381066030230708,0.4801656400163954,33.56660462684208,1.381066030230708,1.381066030230708,1.0,1.0,0.3163841807909605,0.5536723163841808,1.1923076923076923,0.7652173913043478,1.381066030230708,0.4745762711864407,0.4745762711864407,0.04772727272727273,1.47,4.0,stack_resolved_hist,rolling,0.18,120,0,0,0.0,0.0,0,0
0.18,107,0.4231638418079096,250.0,0.0,0.514018691588785,0.3379032258064516,1.5212009011219414,0.4801656400163954,36.74061506604552,1.5212009011219414,1.5212009011219414,1.0,1.0,0.3163841807909605,0.5141242937853108,1.2641334569045413,0.8235294117647058,1.5212009011219414,0.4231638418079096,0.4231638418079096,0.0,1.47,4.0,stack_resolved_hist,rolling,0.18,250,0,0,0.0,0.0,0,0
0.18,133,0.5259887005649718,40.0,3.0,0.37593984962406013,0.3379032258064516,1.112566619412493,0.4801656400163954,19.35634528449355,1.112566619412493,1.112566619412493,1.0,1.0,0.4548022598870057,0.5734463276836158,0.9193697868396664,0.5546875,1.112566619412493,0.5259887005649718,0.5259887005649718,0.42954545454545456,0.735,4.0,stack_resolved_hist,rolling,0.18,40,3,0,0.0,0.0,0,0
0.18,102,0.40338983050847455,60.0,3.0,0.38235294117647056,0.3379032258064516,1.1315456970377649,0.4801656400163954,19.377358233733847,1.1315456970377649,1.1315456970377649,1.0,1.0,0.3559322033898305,0.4548022598870057,0.9393939393939393,0.4948453608247423,1.1315456970377649,0.40338983050847455,0.40338983050847455,0.22272727272727272,0.735,4.0,stack_resolved_hist,rolling,0.18,60,3,0,0.0,0.0,0,0
0.18,67,0.2649717514124294,120.0,3.0,0.4626865671641791,0.3379032258064516,1.369287215473943,0.4801656400163954,26.019492160778167,1.369287215473943,1.369287215473943,1.0,1.0,0.17796610169491525,0.3163841807909605,1.1272727272727272,0.5483870967741935,1.369287215473943,0.2649717514124294,0.2649717514124294,0.04772727272727273,0.735,4.0,stack_resolved_hist,rolling,0.18,120,3,0,0.0,0.0,0,0
0.2,306,1.2101694915254237,20.0,0.0,0.369281045751634,0.3379032258064516,1.092860374062115,0.4801656400163954,15.841790054542772,1.092860374062115,1.092860374062115,1.0,1.0,1.1271186440677967,1.2853107344632768,1.0303282093892814,0.813953488372093,1.092860374062115,1.2101694915254237,1.2101694915254237,1.0818181818181818,1.505,4.0,stack_resolved_hist,rolling,0.2,20,0,0,0.0,0.0,0,0
0.2,243,0.9610169491525424,40.0,0.0,0.3991769547325103,0.3379032258064516,1.1813351404971666,0.4801656400163954,26.327191562432475,1.1813351404971666,1.1813351404971666,1.0,1.0,0.8502824858757062,1.0282485875706215,1.1131585164186157,0.7647058823529411,1.1813351404971666,0.9610169491525424,0.9610169491525424,0.6681818181818182,1.5575,4.0,stack_resolved_hist,rolling,0.2,40,0,0,0.0,0.0,0,0
0.2,189,0.747457627118644,60.0,0.0,0.42328042328042326,0.3379032258064516,1.2526676011162885,0.4801656400163954,31.274556736873354,1.2526676011162885,1.2526676011162885,1.0,1.0,0.652542372881356,0.8502824858757062,1.1742424242424243,0.7282608695652174,1.2526676011162885,0.747457627118644,0.747457627118644,0.3659090909090909,1.5924999999999998,4.0,stack_resolved_hist,rolling,0.2,60,0,0,0.0,0.0,0,0
0.2,136,0.5378531073446328,120.0,0.0,0.4264705882352941,0.3379032258064516,1.262108662080584,0.4801656400163954,29.966575597902192,1.262108662080584,1.262108662080584,1.0,1.0,0.3954802259887006,0.672316384180791,1.1424521615875265,0.7480916030534351,1.262108662080584,0.5378531073446328,0.5378531073446328,0.06363636363636364,1.5924999999999998,4.0,stack_resolved_hist,rolling,0.2,120,0,0,0.0,0.0,0,0
0.2,118,0.46666666666666673,250.0,0.0,0.4745762711864407,0.3379032258064516,1.4044739290481778,0.4801656400163954,33.06018162238098,1.4044739290481778,1.4044739290481778,1.0,1.0,0.37570621468926557,0.5932203389830508,1.1951807228915663,0.8230088495575221,1.4044739290481778,0.46666666666666673,0.46666666666666673,0.0,1.5924999999999998,4.0,stack_resolved_hist,rolling,0.2,250,0,0,0.0,0.0,0,0
0.2,140,0.5536723163841808,40.0,3.0,0.35714285714285715,0.3379032258064516,1.0569382884418685,0.4801656400163954,19.252108386398504,1.0569382884418685,1.0569382884418685,1.0,1.0,0.5141242937853108,0.5932203389830508,0.8541905855338692,0.562962962962963,1.0569382884418685,0.5536723163841808,0.5536723163841808,0.44545454545454544,0.7875,4.0,stack_resolved_hist,rolling,0.2,40,3,0,0.0,0.0,0,0
0.2,112,0.4429378531073446,60.0,3.0,0.35714285714285715,0.3379032258064516,1.0569382884418685,0.4801656400163954,17.701951078505846,1.0569382884418685,1.0569382884418685,1.0,1.0,0.4152542372881356,0.4745762711864407,0.9959839357429718,0.5046728971962616,1.0569382884418685,0.4429378531073446,0.4429378531073446,0.2545454545454546,0.8225,4.0,stack_resolved_hist,rolling,0.2,60,3,0,0.0,0.0,0,0
0.2,78,0.30847457627118646,120.0,3.0,0.41025641025641024,0.3379032258064516,1.2141239826204027,0.4801656400163954,22.7292852763697,1.2141239826204027,1.2141239826204027,1.0,1.0,0.2570621468926554,0.37570621468926557,1.1272727272727272,0.5205479452054794,1.2141239826204027,0.30847457627118646,0.30847457627118646,0.06363636363636364,0.8225,4.0,stack_resolved_hist,rolling,0.2,120,3,0,0.0,0.0,0,0
0.22,328,1.2971751412429378,20.0,0.0,0.35060975609756095,0.3379032258064516,1.0376040514581757,0.4801656400163954,13.03370585988541,1.0376040514581757,1.0376040514581757,1.0,1.0,1.1864406779661016,1.384180790960452,0.9653382761816498,0.8235294117647058,1.0376040514581757,1.2971751412429378,1.2971751412429378,1.1931818181818181,1.6624999999999999,4.0,stack_resolved_hist,rolling,0.22,20,0,0,0.0,0.0,0,0
0.22,258,1.0203389830508476,40.0,0.0,0.40310077519379844,0.3379032258064516,1.1929474015281865,0.4801656400163954,27.94209196106489,1.1929474015281865,1.1929474015281865,1.0,1.0,0.8700564971751413,1.0875706214689267,1.1381118881118881,0.7865612648221344,1.1929474015281865,1.0203389830508476,1.0203389830508476,0.7159090909090909,1.6275000000000002,4.0,stack_resolved_hist,rolling,0.22,40,0,0,0.0,0.0,0,0
0.22,203,0.8028248587570622,60.0,0.0,0.4187192118226601,0.3379032258064516,1.2391690278283973,0.4801656400163954,29.025847066777313,1.2391690278283973,1.2391690278283973,1.0,1.0,0.672316384180791,0.9096045197740114,1.1425061425061425,0.7373737373737373,1.2391690278283973,0.8028248587570622,0.8028248587570622,0.42954545454545456,1.68,4.0,stack_resolved_hist,rolling,0.22,60,0,0,0.0,0.0,0,0
0.22,144,0.5694915254237288,120.0,0.0,0.4166666666666667,0.3379032258064516,1.2330946698488465,0.4801656400163954,29.002807279188644,1.2330946698488465,1.2330946698488465,1.0,1.0,0.3954802259887006,0.711864406779661,1.0789825970548863,0.7553956834532374,1.2330946698488465,0.5694915254237288,0.5694915254237288,0.06363636363636364,1.68,4.0,stack_resolved_hist,rolling,0.22,120,0,0,0.0,0.0,0,0
0.22,124,0.4903954802259887,250.0,0.0,0.4596774193548387,0.3379032258064516,1.360381861575179,0.4801656400163954,31.68143543372724,1.360381861575179,1.360381861575179,1.0,1.0,0.37570621468926557,0.612994350282486,1.1566265060240963,0.8319327731092437,1.360381861575179,0.4903954802259887,0.4903954802259887,0.0,1.68,4.0,stack_resolved_hist,rolling,0.22,250,0,0,0.0,0.0,0,0
0.22,151,0.5971751412429379,40.0,3.0,0.3576158940397351,0.3379032258064516,1.0583382067047054,0.4801656400163954,19.512748970896947,1.0583382067047054,1.0583382067047054,1.0,1.0,0.5338983050847458,0.632768361581921,0.8225538971807629,0.6232876712328768,1.0583382067047054,0.5971751412429379,0.5971751412429379,0.4772727272727273,0.84,4.0,stack_resolved_hist,rolling,0.22,40,3,0,0.0,0.0,0,0
0.22,123,0.48644067796610174,60.0,3.0,0.35772357723577236,0.3379032258064516,1.0586568872848634,0.4801656400163954,15.358516271912341,1.0586568872848634,1.0586568872848634,1.0,1.0,0.4548022598870057,0.5338983050847458,0.9802371541501975,0.5508474576271186,1.0586568872848634,0.48644067796610174,0.48644067796610174,0.3181818181818182,0.875,4.0,stack_resolved_hist,rolling,0.22,60,3,0,0.0,0.0,0,0
0.22,83,0.32824858757062153,120.0,3.0,0.3855421686746988,0.3379032258064516,1.1409839836673665,0.4801656400163954,20.363432333056924,1.1409839836673665,1.1409839836673665,1.0,1.0,0.2570621468926554,0.4152542372881356,1.0568181818181817,0.5641025641025641,1.1409839836673665,0.32824858757062153,0.32824858757062153,0.06363636363636364,0.875,4.0,stack_resolved_hist,rolling,0.22,120,3,0,0.0,0.0,0,0
0.25,352,1.3920903954802262,20.0,0.0,0.3494318181818182,0.3379032258064516,1.034118029941419,0.4801656400163954,14.914679596183051,1.034118029941419,1.034118029941419,1.0,1.0,1.265536723163842,1.463276836158192,0.9651307596513075,0.8357348703170029,1.034118029941419,1.3920903954802262,1.3920903954802262,1.2886363636363636,1.715,4.0,stack_resolved_hist,rolling,0.25,20,0,0,0.0,0.0,0,0
0.25,279,1.1033898305084746,40.0,0.0,0.3978494623655914,0.3379032258064516,1.177406523468576,0.4801656400163954,28.918607083224387,1.177406523468576,1.177406523468576,1.0,1.0,0.9491525423728814,1.1666666666666667,1.0877192982456139,0.791970802919708,1.177406523468576,1.1033898305084746,1.1033898305084746,0.8272727272727273,1.7674999999999998,4.0,stack_resolved_hist,rolling,0.25,40,0,0,0.0,0.0,0,0
0.25,233,0.9214689265536724,60.0,0.0,0.4034334763948498,0.3379032258064516,1.1939320065145913,0.4801656400163954,24.22919265102936,1.1939320065145913,1.1939320065145913,1.0,1.0,0.8305084745762712,0.9689265536723164,1.08843537414966,0.7719298245614035,1.1939320065145913,0.9214689265536724,0.9214689265536724,0.5409090909090909,1.8025,4.0,stack_resolved_hist,rolling,0.25,60,0,0,0.0,0.0,0,0
0.25,163,0.644632768361582,120.0,0.0,0.39263803680981596,0.3379032258064516,1.1619836888882382,0.4801656400163954,25.163914050053993,1.1619836888882382,1.1619836888882382,1.0,1.0,0.4548022598870057,0.731638418079096,0.96875,0.7721518987341772,1.1619836888882382,0.644632768361582,0.644632768361582,0.07954545454545454,1.8025,4.0,stack_resolved_hist,rolling,0.25,120,0,0,0.0,0.0,0,0
0.25,135,0.5338983050847458,250.0,0.0,0.43703703703703706,0.3379032258064516,1.293379298152568,0.4801656400163954,29.088603747012744,1.293379298152568,1.293379298152568,1.0,1.0,0.4152542372881356,0.612994350282486,1.1566265060240963,0.8461538461538461,1.293379298152568,0.5338983050847458,0.5338983050847458,0.0,1.8025,4.0,stack_resolved_hist,rolling,0.25,250,0,0,0.0,0.0,0,0
0.25,163,0.644632768361582,40.0,3.0,0.3558282208588957,0.3379032258064516,1.0530477180549658,0.4801656400163954,20.137727428709677,1.0530477180549658,1.0530477180549658,1.0,1.0,0.5734463276836158,0.692090395480226,0.7658260422027793,0.6329113924050633,1.0530477180549658,0.644632768361582,0.644632768361582,0.5409090909090909,0.91,4.0,stack_resolved_hist,rolling,0.25,40,3,0,0.0,0.0,0,0
0.25,136,0.5378531073446328,60.0,3.0,0.36764705882352944,0.3379032258064516,1.0880247086901587,0.4801656400163954,17.274935577643078,1.0880247086901587,1.0880247086901587,1.0,1.0,0.5141242937853108,0.5734463276836158,0.9965556831228474,0.5877862595419847,1.0880247086901587,0.5378531073446328,0.5378531073446328,0.3659090909090909,0.9275,4.0,stack_resolved_hist,rolling,0.25,60,3,0,0.0,0.0,0,0
0.25,94,0.37175141242937854,120.0,3.0,0.35106382978723405,0.3379032258064516,1.0389478494896665,0.4801656400163954,15.391047149487559,1.0389478494896665,1.0389478494896665,1.0,1.0,0.2966101694915254,0.43502824858757067,0.8899521531100477,0.5955056179775281,1.0389478494896665,0.37175141242937854,0.37175141242937854,0.06363636363636364,0.9275,4.0,stack_resolved_hist,rolling,0.25,120,3,0,0.0,0.0,0,0
0.3,399,1.5779661016949154,20.0,0.0,0.3408521303258145,0.3379032258064516,1.008727068267327,0.4801656400163954,14.322427831234846,1.008727068267327,1.008727068267327,1.0,1.0,1.423728813559322,1.7203389830508475,0.8828039430449068,0.8629441624365483,1.008727068267327,1.5779661016949154,1.5779661016949154,1.3681818181818182,1.9775,4.0,stack_resolved_hist,rolling,0.3,20,0,0,0.0,0.0,0,0
0.3,328,1.2971751412429378,40.0,0.0,0.38109756097560976,0.3379032258064516,1.1278304907154084,0.4801656400163954,27.547022113872472,1.1278304907154084,1.1278304907154084,1.0,1.0,1.0875706214689267,1.384180790960452,1.0568181818181817,0.8421052631578947,1.1278304907154084,1.2971751412429378,1.2971751412429378,1.0181818181818183,2.1174999999999997,4.0,stack_resolved_hist,rolling,0.3,40,0,0,0.0,0.0,0,0
0.3,282,1.1152542372881356,60.0,0.0,0.3829787234042553,0.3379032258064516,1.133397653988727,0.4801656400163954,25.623485074645437,1.133397653988727,1.133397653988727,1.0,1.0,0.9491525423728814,1.2457627118644068,1.049910873440285,0.8050541516245487,1.133397653988727,1.1152542372881356,1.1152542372881356,0.6681818181818182,2.1525,4.0,stack_resolved_hist,rolling,0.3,60,0,0,0.0,0.0,0,0
0.3,201,0.7949152542372883,120.0,0.0,0.3681592039800995,0.3379032258064516,1.0895403650007718,0.4801656400163954,17.838301761431662,1.0895403650007718,1.0895403650007718,1.0,1.0,0.5734463276836158,0.9096045197740114,0.9333333333333332,0.7908163265306123,1.0895403650007718,0.7949152542372883,0.7949152542372883,0.11136363636363636,2.1525,4.0,stack_resolved_hist,rolling,0.3,120,0,0,0.0,0.0,0,0
0.3,166,0.6564971751412431,250.0,0.0,0.3855421686746988,0.3379032258064516,1.1409839836673665,0.4801656400163954,18.225721254865192,1.1409839836673665,1.1409839836673665,1.0,1.0,0.5141242937853108,0.7514124293785311,1.0,0.8509316770186336,1.1409839836673665,0.6564971751412431,0.6564971751412431,0.0,2.1525,4.0,stack_resolved_hist,rolling,0.3,250,0,0,0.0,0.0,0,0
0.3,192,0.7593220338983051,40.0,3.0,0.3489583333333333,0.3379032258064516,1.032716785998409,0.4801656400163954,20.588199238762655,1.032716785998409,1.032716785998409,1.0,1.0,0.672316384180791,0.8305084745762712,0.762071992976295,0.7112299465240641,1.032716785998409,0.7593220338983051,0.7593220338983051,0.6045454545454545,1.12,4.0,stack_resolved_hist,rolling,0.3,40,3,0,0.0,0.0,0,0
0.3,167,0.6604519774011299,60.0,3.0,0.3413173652694611,0.3379032258064516,1.0101038972174983,0.4801656400163954,15.91941409941278,1.0101038972174983,1.0101038972174983,1.0,1.0,0.5734463276836158,0.7514124293785311,0.8934637159032425,0.654320987654321,1.0101038972174983,0.6604519774011299,0.6604519774011299,0.41363636363636364,1.1375,4.0,stack_resolved_hist,rolling,0.3,60,3,0,0.0,0.0,0,0
0.3,115,0.4548022598870057,120.0,3.0,0.3217391304347826,0.3379032258064516,0.9521635363702396,0.4801656400163954,6.401010615022565,0.9521635363702396,0.9521635363702396,0.0,1.0,0.37570621468926557,0.4943502824858757,0.8888888888888888,0.6272727272727273,0.9521635363702396,0.4548022598870057,0.4548022598870057,0.07954545454545454,1.1375,4.0,stack_resolved_hist,rolling,0.3,120,3,0,0.0,0.0,0,0
0.35,432,1.7084745762711866,20.0,0.0,0.33101851851851855,0.3379032258064516,0.9796252099354725,0.4801656400163954,13.129278394112994,0.9796252099354725,0.9796252099354725,0.0,1.0,1.5225988700564972,1.8389830508474576,0.8549540347293156,0.8852459016393442,0.9796252099354725,1.7084745762711866,1.7084745762711866,1.4477272727272728,2.17,4.0,stack_resolved_hist,rolling,0.35,20,0,0,0.0,0.0,0,0
0.35,372,1.4711864406779662,40.0,0.0,0.3709677419354839,0.3379032258064516,1.0978520286396183,0.4801656400163954,25.314362146504997,1.0978520286396183,1.0978520286396183,1.0,1.0,1.364406779661017,1.5621468926553672,0.9833765441512887,0.8719346049046321,1.0978520286396183,1.4711864406779662,1.4711864406779662,1.209090909090909,2.3275,4.0,stack_resolved_hist,rolling,0.35,40,0,0,0.0,0.0,0,0
0.35,326,1.289265536723164,60.0,0.0,0.39263803680981596,0.3379032258064516,1.1619836888882382,0.4801656400163954,27.626430566979426,1.1619836888882382,1.1619836888882382,1.0,1.0,1.1666666666666667,1.4039548022598871,1.0140845070422535,0.8504672897196262,1.1619836888882382,1.289265536723164,1.289265536723164,0.7954545454545455,2.38,4.0,stack_resolved_hist,rolling,0.35,60,0,0,0.0,0.0,0,0
0.35,237,0.9372881355932203,120.0,0.0,0.3755274261603376,0.3379032258064516,1.1113460821928844,0.4801656400163954,24.850549798654612,1.1113460821928844,1.1113460821928844,1.0,1.0,0.7711864406779662,1.0282485875706215,0.8707482993197279,0.8060344827586207,1.1113460821928844,0.9372881355932203,0.9372881355932203,0.20681818181818182,2.38,4.0,stack_resolved_hist,rolling,0.35,120,0,0,0.0,0.0,0,0
0.35,194,0.7672316384180791,250.0,0.0,0.37628865979381443,0.3379032258064516,1.1135988977191644,0.4801656400163954,19.172136973918782,1.1135988977191644,1.1135988977191644,1.0,1.0,0.612994350282486,0.8305084745762712,0.8888888888888888,0.8465608465608465,1.1135988977191644,0.7672316384180791,0.7672316384180791,0.04772727272727273,2.38,4.0,stack_resolved_hist,rolling,0.35,250,0,0,0.0,0.0,0,0
0.35,213,0.8423728813559322,40.0,3.0,0.352112676056338,0.3379032258064516,1.0420518336750815,0.4801656400163954,17.73672570881755,1.0420518336750815,1.0420518336750815,1.0,1.0,0.7514124293785311,0.9096045197740114,0.8444211629125197,0.7548076923076923,1.0420518336750815,0.8423728813559322,0.8423728813559322,0.6681818181818182,1.2075,4.0,stack_resolved_hist,rolling,0.35,40,3,0,0.0,0.0,0,0
0.35,192,0.7593220338983051,60.0,3.0,0.359375,0.3379032258064516,1.06354415274463,0.4801656400163954,18.544753612559656,1.06354415274463,1.06354415274463,1.0,1.0,0.692090395480226,0.8107344632768362,0.8745224801645607,0.7272727272727273,1.06354415274463,0.7593220338983051,0.7593220338983051,0.4772727272727273,1.2425,4.0,stack_resolved_hist,rolling,0.35,60,3,0,0.0,0.0,0,0
0.35,136,0.5378531073446328,120.0,3.0,0.3382352941176471,0.3379032258064516,1.000982731994946,0.4801656400163954,16.168351985091657,1.000982731994946,1.000982731994946,1.0,1.0,0.4745762711864407,0.5734463276836158,0.8537005163511188,0.6335877862595419,1.000982731994946,0.5378531073446328,0.5378531073446328,0.1431818181818182,1.2425,4.0,stack_resolved_hist,rolling,0.35,120,3,0,0.0,0.0,0,0
,255,1.0084745762711864,,,0.32941176470588235,0.3379032258064516,0.9748701389863822,0.4801656400163954,10.635125898710815,0.9748701389863822,,,,1.0084745762711864,1.0084745762711864,0.8788093550673283,0.732,0.9748701389863822,1.0084745762711864,1.0084745762711864,1.0224719101123596,1.05,,stack_resolved_hist,weekly,0.0,0,0,10,0.75,0.0,3,1
,385,1.5225988700564972,,,0.3194805194805195,0.3379032258064516,0.9454793416607259,0.4801656400163954,7.374485048514768,0.9454793416607259,,,,1.463276836158192,1.6016949152542375,0.9046015712682378,0.8789473684210526,0.9454793416607259,1.5225988700564972,1.5225988700564972,1.5258426966292136,1.5924999999999998,,stack_resolved_hist,weekly,0.0,0,0,10,0.75,0.0,3,2
,255,1.0084745762711864,,,0.3058823529411765,0.3379032258064516,0.905236557630212,0.4801656400163954,2.239605370072916,0.905236557630212,,,,1.0084745762711864,1.0084745762711864,0.7616347743916844,0.728,0.905236557630212,1.0084745762711864,1.0084745762711864,1.0224719101123596,1.05,,stack_resolved_hist,weekly,0.0,0,0,10,0.75,0.0,4,1
,382,1.5107344632768362,,,0.3036649214659686,0.3379032258064516,0.8986742305914106,0.4801656400163954,2.1139525869703575,0.8986742305914106,,,,1.463276836158192,1.5621468926553672,0.8479322696190166,0.8514588859416445,0.8986742305914106,1.5107344632768362,1.5107344632768362,1.510112359550562,1.5924999999999998,,stack_resolved_hist,weekly,0.0,0,0,10,0.75,0.0,4,2
,237,0.9372881355932203,,,0.33755274261603374,0.3379032258064516,0.9989627705104579,0.4801656400163954,8.997729282339026,0.9989627705104579,,,,0.9096045197740114,0.9689265536723164,0.8444211629125197,0.6163793103448276,0.9989627705104579,0.9372881355932203,0.9372881355932203,0.875,1.05,,stack_resolved_hist,weekly,0.0,0,0,10,0.75,0.3,3,1
,365,1.4435028248587571,,,0.32054794520547947,0.3379032258064516,0.9486383103933044,0.4801656400163954,4.538824165312304,0.9486383103933044,,,,1.364406779661017,1.5423728813559323,0.9032634032634033,0.7972222222222223,0.9486383103933044,1.4435028248587571,1.4435028248587571,1.3522727272727273,1.5924999999999998,,stack_resolved_hist,weekly,0.0,0,0,10,0.75,0.3,3,2
,229,0.9056497175141243,,,0.3231441048034934,0.3379032258064516,0.9563214557430355,0.4801656400163954,3.5537120744142365,0.9563214557430355,,,,0.8898305084745763,0.9689265536723164,0.7967871485943775,0.59375,0.9563214557430355,0.9056497175141243,0.9056497175141243,0.8272727272727273,1.0325,,stack_resolved_hist,weekly,0.0,0,0,10,0.75,0.3,4,1
,353,1.396045197740113,,,0.31728045325779036,0.3379032258064516,0.9389684058225777,0.4801656400163954,3.1391860028834984,0.9389684058225777,,,,1.3248587570621468,1.5028248587570623,0.8919259126056465,0.7701149425287356,0.9389684058225777,1.396045197740113,1.396045197740113,1.2886363636363636,1.575,,stack_resolved_hist,weekly,0.0,0,0,10,0.75,0.3,4,2
,206,0.8146892655367233,,,0.32524271844660196,0.3379032258064516,0.9625321500567696,0.4801656400163954,1.5547867461253593,0.9625321500567696,,,,0.7711864406779662,0.8305084745762712,0.8051948051948051,0.5572139303482587,0.9625321500567696,0.8146892655367233,0.8146892655367233,0.7954545454545455,0.8909090909090909,,stack_resolved_hist,weekly,0.0,0,0,10,0.75,0.5,3,1
,329,1.301129943502825,,,0.3130699088145897,0.3379032258064516,0.9265076060384039,0.4801656400163954,-0.4963473983885076,0.9265076060384039,,,,1.225988700564972,1.364406779661017,0.8168642951251647,0.7592592592592593,0.9265076060384039,1.301129943502825,1.301129943502825,1.2568181818181818,1.415909090909091,,stack_resolved_hist,weekly,0.0,0,0,10,0.75,0.5,3,2
,199,0.7870056497175141,,,0.31155778894472363,0.3379032258064516,0.9220325973543134,0.4801656400163954,-0.09849279243123929,0.9220325973543134,,,,0.7711864406779662,0.8305084745762712,0.7592805204745503,0.5515463917525774,0.9220325973543134,0.7870056497175141,0.7870056497175141,0.7795454545454547,0.8431818181818181,,stack_resolved_hist,weekly,0.0,0,0,10,0.75,0.5,4,1
,318,1.257627118644068,,,0.3081761006289308,0.3379032258064516,0.9120247369448072,0.4801656400163954,-0.10053226606904168,0.9120247369448072,,,,1.1864406779661016,1.3248587570621468,0.8412483039348709,0.7476038338658147,0.9120247369448072,1.257627118644068,1.257627118644068,1.2269662921348314,1.3681818181818182,,stack_resolved_hist,weekly,0.0,0,0,10,0.75,0.5,4,2
,164,0.6485875706214689,,,0.2804878048780488,0.3379032258064516,0.8300832411665406,0.4801656400163954,-15.349396894832422,0.8300832411665406,,,,0.612994350282486,0.692090395480226,0.674698795180723,0.49056603773584906,0.8300832411665406,0.6485875706214689,0.6485875706214689,0.63,0.6921348314606742,,stack_resolved_hist,weekly,0.0,0,0,10,0.75,0.65,3,1
,277,1.0954802259887007,,,0.2888086642599278,0.3379032258064516,0.8547082188121968,0.4801656400163954,-8.17733204270337,0.8547082188121968,,,,1.0084745762711864,1.1864406779661016,0.7616347743916844,0.7316176470588235,0.8547082188121968,1.0954802259887007,1.0954802259887007,1.0977272727272729,1.1931818181818181,,stack_resolved_hist,weekly,0.0,0,0,10,0.75,0.65,3,2
,162,0.6406779661016949,,,0.2839506172839506,0.3379032258064516,0.8403311824155102,0.4801656400163954,-16.08001149204012,0.8403311824155102,,,,0.5932203389830508,0.692090395480226,0.674698795180723,0.4968152866242038,0.8403311824155102,0.6406779661016949,0.6406779661016949,0.63,0.6764044943820224,,stack_resolved_hist,weekly,0.0,0,0,10,0.75,0.65,4,1
,272,1.0757062146892655,,,0.2867647058823529,0.3379032258064516,0.8486592727783238,0.4801656400163954,-9.171193357056277,0.8486592727783238,,,,0.9887005649717514,1.1666666666666667,0.7768674698795182,0.7303370786516854,0.8486592727783238,1.0757062146892655,1.0757062146892655,1.053932584269663,1.1772727272727272,,stack_resolved_hist,weekly,0.0,0,0,10,0.75,0.65,4,2
,255,1.0084745762711864,,,0.3333333333333333,0.3379032258064516,0.9864757358790771,0.4801656400163954,10.76826023911923,0.9864757358790771,,,,1.0084745762711864,1.0084745762711864,0.8788093550673283,0.732,0.9864757358790771,1.0084745762711864,1.0084745762711864,1.0224719101123596,1.05,,stack_resolved_hist,weekly,0.0,0,0,10,0.8,0.0,3,1
,383,1.514689265536723,,,0.3263707571801567,0.3379032258064516,0.9658704985761201,0.4801656400163954,7.400358406791649,0.9658704985761201,,,,1.463276836158192,1.5819209039548023,0.9286877238684468,0.8809523809523809,0.9658704985761201,1.514689265536723,1.514689265536723,1.5258426966292136,1.590909090909091,,stack_resolved_hist,weekly,0.0,0,0,10,0.8,0.0,3,2
,255,1.0084745762711864,,,0.30980392156862746,0.3379032258064516,0.9168421545229071,0.4801656400163954,2.3727397104813317,0.9168421545229071,,,,1.0084745762711864,1.0084745762711864,0.7616347743916844,0.728,0.9168421545229071,1.0084745762711864,1.0084745762711864,1.0224719101123596,1.05,,stack_resolved_hist,weekly,0.0,0,0,10,0.8,0.0,4,1
,380,1.5028248587570623,,,0.3105263157894737,0.3379032258064516,0.9189800276347193,0.4801656400163954,2.112343195646559,0.9189800276347193,,,,1.463276836158192,1.5423728813559323,0.8479322696190166,0.8506666666666667,0.9189800276347193,1.5028248587570623,1.5028248587570623,1.510112359550562,1.590909090909091,,stack_resolved_hist,weekly,0.0,0,0,10,0.8,0.0,4,2
,237,0.9372881355932203,,,0.34177215189873417,0.3379032258064516,1.0114498051418386,0.4801656400163954,9.14097509163922,1.0114498051418386,,,,0.9096045197740114,0.9689265536723164,0.8444211629125197,0.6163793103448276,1.0114498051418386,0.9372881355932203,0.9372881355932203,0.875,1.05,,stack_resolved_hist,weekly,0.0,0,0,10,0.8,0.3,3,1
,363,1.435593220338983,,,0.3278236914600551,0.3379032258064516,0.9701703518149601,0.4801656400163954,4.5504995770303225,0.9701703518149601,,,,1.364406779661017,1.5225988700564972,0.9093766369827135,0.7988826815642458,0.9701703518149601,1.435593220338983,1.435593220338983,1.3522727272727273,1.5590909090909093,,stack_resolved_hist,weekly,0.0,0,0,10,0.8,0.3,3,2
,229,0.9056497175141243,,,0.32751091703056767,0.3379032258064516,0.9692447186584819,0.4801656400163954,3.7019621041266646,0.9692447186584819,,,,0.8898305084745763,0.9689265536723164,0.7967871485943775,0.59375,0.9692447186584819,0.9056497175141243,0.9056497175141243,0.8272727272727273,1.0325,,stack_resolved_hist,weekly,0.0,0,0,10,0.8,0.3,4,1
,351,1.3881355932203392,,,0.3247863247863248,0.3379032258064516,0.9611814862411522,0.4801656400163954,3.1432854277518274,0.9611814862411522,,,,1.3248587570621468,1.4830508474576272,0.8919259126056465,0.7687861271676301,0.9611814862411522,1.3881355932203392,1.3881355932203392,1.2886363636363636,1.54,,stack_resolved_hist,weekly,0.0,0,0,10,0.8,0.3,4,2
,206,0.8146892655367233,,,0.3300970873786408,0.3379032258064516,0.9768983015501542,0.4801656400163954,1.719588963621214,0.9768983015501542,,,,0.7711864406779662,0.8305084745762712,0.8722943722943722,0.5572139303482587,0.9768983015501542,0.8146892655367233,0.8146892655367233,0.7954545454545455,0.8909090909090909,,stack_resolved_hist,weekly,0.0,0,0,10,0.8,0.5,3,1
,327,1.293220338983051,,,0.3211009174311927,0.3379032258064516,0.9502747914431479,0.4801656400163954,-0.5141827765957272,0.9502747914431479,,,,1.225988700564972,1.344632768361582,0.8703208556149733,0.7608695652173914,0.9502747914431479,1.293220338983051,1.293220338983051,1.2568181818181818,1.415909090909091,,stack_resolved_hist,weekly,0.0,0,0,10,0.8,0.5,3,2
,199,0.7870056497175141,,,0.3165829145728643,0.3379032258064516,0.936904090860028,0.4801656400163954,0.07210648799160517,0.936904090860028,,,,0.7711864406779662,0.8305084745762712,0.7592805204745503,0.5515463917525774,0.936904090860028,0.7870056497175141,0.7870056497175141,0.7795454545454547,0.8431818181818181,,stack_resolved_hist,weekly,0.0,0,0,10,0.8,0.5,4,1
,316,1.249717514124294,,,0.31645569620253167,0.3379032258064516,0.9365275973535544,0.4801656400163954,-0.11648333698398504,0.9365275973535544,,,,1.1864406779661016,1.305084745762712,0.8636815920398011,0.7459807073954984,0.9365275973535544,1.249717514124294,1.249717514124294,1.2269662921348314,1.3681818181818182,,stack_resolved_hist,weekly,0.0,0,0,10,0.8,0.5,4,2
,164,0.6485875706214689,,,0.2865853658536585,0.3379032258064516,0.8481285290179871,0.4801656400163954,-15.142389231392507,0.8481285290179871,,,,0.612994350282486,0.692090395480226,0.674698795180723,0.49056603773584906,0.8481285290179871,0.6485875706214689,0.6485875706214689,0.63,0.6921348314606742,,stack_resolved_hist,weekly,0.0,0,0,10,0.8,0.65,3,1
,275,1.0875706214689267,,,0.29818181818181816,0.3379032258064516,0.8824473855500108,0.4801656400163954,-8.254401635293885,0.8824473855500108,,,,1.0084745762711864,1.1666666666666667,0.7616347743916844,0.7333333333333333,0.8824473855500108,1.0875706214689267,1.0875706214689267,1.0675,1.1931818181818181,,stack_resolved_hist,weekly,0.0,0,0,10,0.8,0.65,3,2
,162,0.6406779661016949,,,0.29012345679012347,0.3379032258064516,0.8585992515984561,0.4801656400163954,-15.870448178434282,0.8585992515984561,,,,0.5932203389830508,0.692090395480226,0.674698795180723,0.4968152866242038,0.8585992515984561,0.6406779661016949,0.6406779661016949,0.63,0.6764044943820224,,stack_resolved_hist,weekly,0.0,0,0,10,0.8,0.65,4,1
,270,1.0677966101694916,,,0.2962962962962963,0.3379032258064516,0.876867320781402,0.4801656400163954,-9.257052099986264,0.876867320781402,,,,0.9887005649717514,1.1468926553672316,0.7768674698795182,0.7283018867924528,0.876867320781402,1.0677966101694916,1.0677966101694916,1.05,1.1772727272727272,,stack_resolved_hist,weekly,0.0,0,0,10,0.8,0.65,4,2
,255,1.0084745762711864,,,0.3176470588235294,0.3379032258064516,0.940053348308297,0.4801656400163954,4.767596031374304,0.940053348308297,,,,1.0084745762711864,1.0084745762711864,0.8202220647295064,0.752,0.940053348308297,1.0084745762711864,1.0084745762711864,1.0224719101123596,1.05,,stack_resolved_hist,weekly,0.0,0,0,10,0.85,0.0,3,1
,355,1.4039548022598871,,,0.323943661971831,0.3379032258064516,0.9586876869810751,0.4801656400163954,1.6797115377019467,0.9586876869810751,,,,1.3248587570621468,1.463276836158192,0.8473296169753641,0.8714285714285714,0.9586876869810751,1.4039548022598871,1.4039548022598871,1.4157303370786518,1.4636363636363636,,stack_resolved_hist,weekly,0.0,0,0,10,0.85,0.0,3,2
,255,1.0084745762711864,,,0.30196078431372547,0.3379032258064516,0.8936309607375169,0.4801656400163954,-3.3909830577691142,0.8936309607375169,,,,1.0084745762711864,1.0084745762711864,0.7030474840538625,0.724,0.8936309607375169,1.0084745762711864,1.0084745762711864,1.0224719101123596,1.05,,stack_resolved_hist,weekly,0.0,0,0,10,0.85,0.0,4,1
,349,1.380225988700565,,,0.3151862464183381,0.3379032258064516,0.9327707531234827,0.4801656400163954,-1.9846617146747352,0.9327707531234827,,,,1.3248587570621468,1.423728813559322,0.8027333213450819,0.8546511627906976,0.9327707531234827,1.380225988700565,1.380225988700565,1.3842696629213485,1.4477272727272728,,stack_resolved_hist,weekly,0.0,0,0,10,0.85,0.0,4,2
,234,0.9254237288135593,,,0.3333333333333333,0.3379032258064516,0.9864757358790771,0.4801656400163954,3.9743757605774057,0.9864757358790771,,,,0.9096045197740114,0.9491525423728814,0.7794656888423258,0.5982532751091703,0.9864757358790771,0.9254237288135593,0.9254237288135593,0.8590909090909091,1.05,,stack_resolved_hist,weekly,0.0,0,0,10,0.85,0.3,3,1
,332,1.3129943502824861,,,0.33433734939759036,0.3379032258064516,0.9894470483365443,0.4801656400163954,0.6740262347645254,0.9894470483365443,,,,1.225988700564972,1.364406779661017,0.8192771084337349,0.7737003058103975,0.9894470483365443,1.3129943502824861,1.3129943502824861,1.2727272727272727,1.4525000000000001,,stack_resolved_hist,weekly,0.0,0,0,10,0.85,0.3,3,2
,226,0.8937853107344633,,,0.3230088495575221,0.3379032258064516,0.9559211776881323,0.4801656400163954,-1.8415547497625708,0.9559211776881323,,,,0.8502824858757062,0.9491525423728814,0.7303882195448461,0.579185520361991,0.9559211776881323,0.8937853107344633,0.8937853107344633,0.8113636363636363,1.0325,,stack_resolved_hist,weekly,0.0,0,0,10,0.85,0.3,4,1
,318,1.257627118644068,,,0.330188679245283,0.3379032258064516,0.9771693610122933,0.4801656400163954,-0.6740733451578576,0.9771693610122933,,,,1.1864406779661016,1.344632768361582,0.8465863453815261,0.7476038338658147,0.9771693610122933,1.257627118644068,1.257627118644068,1.209090909090909,1.4175,,stack_resolved_hist,weekly,0.0,0,0,10,0.85,0.3,4,2
,203,0.8028248587570622,,,0.32019704433497537,0.3379032258064516,0.947599844809951,0.4801656400163954,-4.150913830749063,0.947599844809951,,,,0.7711864406779662,0.8305084745762712,0.8016456068175141,0.5353535353535354,0.947599844809951,0.8028248587570622,0.8028248587570622,0.7795454545454547,0.8909090909090909,,stack_resolved_hist,weekly,0.0,0,0,10,0.85,0.5,3,1
,298,1.1785310734463277,,,0.3288590604026846,0.3379032258064516,0.9732344508337205,0.4801656400163954,-3.7245077646181306,0.9732344508337205,,,,1.1073446327683616,1.2457627118644068,0.8537005163511188,0.7201365187713311,0.9732344508337205,1.1785310734463277,1.1785310734463277,1.164044943820225,1.2727272727272727,,stack_resolved_hist,weekly,0.0,0,0,10,0.85,0.5,3,2
,196,0.7751412429378532,,,0.3112244897959184,0.3379032258064516,0.9210462227850568,0.4801656400163954,-6.350873389156214,0.9210462227850568,,,,0.731638418079096,0.8107344632768362,0.7002823719241631,0.5340314136125655,0.9210462227850568,0.7751412429378532,0.7751412429378532,0.7636363636363637,0.8431818181818181,,stack_resolved_hist,weekly,0.0,0,0,10,0.85,0.5,4,1
,284,1.1231638418079095,,,0.3204225352112676,0.3379032258064516,0.9482671686443243,0.4801656400163954,-4.129431658269274,0.9482671686443243,,,,1.0480225988700564,1.1864406779661016,0.8380737820332301,0.7168458781362007,0.9482671686443243,1.1231638418079095,1.1231638418079095,1.0696629213483146,1.209090909090909,,stack_resolved_hist,weekly,0.0,0,0,10,0.85,0.5,4,2
,158,0.624858757062147,,,0.27848101265822783,0.3379032258064516,0.8241442856711277,0.4801656400163954,-21.987427618474648,0.8241442856711277,,,,0.5536723163841808,0.672316384180791,0.5975903614457831,0.45098039215686275,0.8241442856711277,0.624858757062147,0.624858757062147,0.6292134831460674,0.6681818181818182,,stack_resolved_hist,weekly,0.0,0,0,10,0.85,0.65,3,1
,242,0.9570621468926553,,,0.29338842975206614,0.3379032258064516,0.8682617014142292,0.4801656400163954,-13.636459779499651,0.8682617014142292,,,,0.8502824858757062,1.0480225988700564,0.6253852619781453,0.6751054852320675,0.8682617014142292,0.9570621468926553,0.9570621468926553,0.9438202247191012,1.0181818181818183,,stack_resolved_hist,weekly,0.0,0,0,10,0.85,0.65,3,2
,156,0.6169491525423729,,,0.28846153846153844,0.3379032258064516,0.8536809252799705,0.4801656400163954,-22.87760009989842,0.8536809252799705,,,,0.5338983050847458,0.672316384180791,0.5975903614457831,0.45695364238410596,0.8536809252799705,0.6169491525423729,0.6169491525423729,0.6134831460674157,0.6522727272727272,,stack_resolved_hist,weekly,0.0,0,0,10,0.85,0.65,4,1
,235,0.9293785310734464,,,0.2978723404255319,0.3379032258064516,0.8815315086578988,0.4801656400163954,-14.852957602286647,0.8815315086578988,,,,0.8305084745762712,1.0084745762711864,0.7114170969592656,0.6739130434782609,0.8815315086578988,0.9293785310734464,0.9293785310734464,0.8808988764044944,1.0181818181818183,,stack_resolved_hist,weekly,0.0,0,0,10,0.85,0.65,4,2
,255,1.0084745762711864,,,0.3215686274509804,0.3379032258064516,0.9516589452009921,0.4801656400163954,4.936017324616134,0.9516589452009921,,,,1.0084745762711864,1.0084745762711864,0.8788093550673283,0.752,0.9516589452009921,1.0084745762711864,1.0084745762711864,1.0224719101123596,1.05,,stack_resolved_hist,weekly,0.0,0,0,10,0.9,0.0,3,1
,354,1.4,,,0.3248587570621469,0.3379032258064516,0.9613958442889312,0.4801656400163954,1.3623988462089078,0.9613958442889312,,,,1.3248587570621468,1.4435028248587571,0.8919259126056465,0.8739255014326648,0.9613958442889312,1.4,1.4,1.4157303370786518,1.4636363636363636,,stack_resolved_hist,weekly,0.0,0,0,10,0.9,0.0,3,2
,255,1.0084745762711864,,,0.3058823529411765,0.3379032258064516,0.905236557630212,0.4801656400163954,-3.2225617645272853,0.905236557630212,,,,1.0084745762711864,1.0084745762711864,0.7616347743916844,0.724,0.905236557630212,1.0084745762711864,1.0084745762711864,1.0224719101123596,1.05,,stack_resolved_hist,weekly,0.0,0,0,10,0.9,0.0,4,1
,348,1.3762711864406778,,,0.3160919540229885,0.3379032258064516,0.935451128850849,0.4801656400163954,-2.317975122838276,0.935451128850849,,,,1.3248587570621468,1.4039548022598871,0.8473296169753641,0.8542274052478134,0.935451128850849,1.3762711864406778,1.3762711864406778,1.384090909090909,1.4477272727272728,,stack_resolved_hist,weekly,0.0,0,0,10,0.9,0.0,4,2
,234,0.9254237288135593,,,0.33760683760683763,0.3379032258064516,0.9991228606980398,0.4801656400163954,4.157911785264016,0.9991228606980398,,,,0.9096045197740114,0.9491525423728814,0.8444211629125197,0.5982532751091703,0.9991228606980398,0.9254237288135593,0.9254237288135593,0.8590909090909091,1.05,,stack_resolved_hist,weekly,0.0,0,0,10,0.9,0.3,3,1
,331,1.309039548022599,,,0.33534743202416917,0.3379032258064516,0.9924363143436032,0.4801656400163954,0.33162630095343054,0.9924363143436032,,,,1.225988700564972,1.364406779661017,0.8674698795180724,0.7760736196319018,0.9924363143436032,1.309039548022599,1.309039548022599,1.2727272727272727,1.4525000000000001,,stack_resolved_hist,weekly,0.0,0,0,10,0.9,0.3,3,2
,226,0.8937853107344633,,,0.3274336283185841,0.3379032258064516,0.9690159883413945,0.4801656400163954,-1.6515218746445766,0.9690159883413945,,,,0.8502824858757062,0.9491525423728814,0.7967871485943775,0.579185520361991,0.9690159883413945,0.8937853107344633,0.8937853107344633,0.8113636363636363,1.0325,,stack_resolved_hist,weekly,0.0,0,0,10,0.9,0.3,4,1
,317,1.2536723163841808,,,0.3312302839116719,0.3379032258064516,0.9802519142016066,0.4801656400163954,-1.0358477226701464,0.9802519142016066,,,,1.1864406779661016,1.344632768361582,0.8963855421686747,0.7467948717948718,0.9802519142016066,1.2536723163841808,1.2536723163841808,1.209090909090909,1.4175,,stack_resolved_hist,weekly,0.0,0,0,10,0.9,0.3,4,2
,203,0.8028248587570622,,,0.3251231527093596,0.3379032258064516,0.9621783039608733,0.4801656400163954,-3.9393501372679465,0.9621783039608733,,,,0.7711864406779662,0.8305084745762712,0.8745224801645607,0.5353535353535354,0.9621783039608733,0.8028248587570622,0.8028248587570622,0.7795454545454547,0.8909090909090909,,stack_resolved_hist,weekly,0.0,0,0,10,0.9,0.5,3,1
,297,1.1745762711864407,,,0.32996632996632996,0.3379032258064516,0.9765113345065612,0.4801656400163954,-4.120914876035154,0.9765113345065612,,,,1.1073446327683616,1.225988700564972,0.9070567986230637,0.7226027397260274,0.9765113345065612,1.1745762711864407,1.1745762711864407,1.164044943820225,1.2568181818181818,,stack_resolved_hist,weekly,0.0,0,0,10,0.9,0.5,3,2
,196,0.7751412429378532,,,0.3163265306122449,0.3379032258064516,0.9361453411913693,0.4801656400163954,-6.131753849479343,0.9361453411913693,,,,0.731638418079096,0.8107344632768362,0.7002823719241631,0.5340314136125655,0.9361453411913693,0.7751412429378532,0.7751412429378532,0.7636363636363637,0.8431818181818181,,stack_resolved_hist,weekly,0.0,0,0,10,0.9,0.5,4,1
,283,1.1192090395480228,,,0.3215547703180212,0.3379032258064516,0.9516179360246929,0.4801656400163954,-4.546879841960109,0.9516179360246929,,,,1.0480225988700564,1.1864406779661016,0.8380737820332301,0.7158273381294964,0.9516179360246929,1.1192090395480228,1.1192090395480228,1.0696629213483146,1.1931818181818181,,stack_resolved_hist,weekly,0.0,0,0,10,0.9,0.5,4,2
,158,0.624858757062147,,,0.2848101265822785,0.3379032258064516,0.8428748376181989,0.4801656400163954,-21.715608442672956,0.8428748376181989,,,,0.5536723163841808,0.672316384180791,0.6971887550200804,0.45098039215686275,0.8428748376181989,0.624858757062147,0.624858757062147,0.6292134831460674,0.6681818181818182,,stack_resolved_hist,weekly,0.0,0,0,10,0.9,0.65,3,1
,241,0.9531073446327685,,,0.2946058091286307,0.3379032258064516,0.8718644470632508,0.4801656400163954,-14.166106518527606,0.8718644470632508,,,,0.8502824858757062,1.0480225988700564,0.6948725133090502,0.6694915254237288,0.8718644470632508,0.9531073446327685,0.9531073446327685,0.9438202247191012,1.0181818181818183,,stack_resolved_hist,weekly,0.0,0,0,10,0.9,0.65,3,2
,156,0.6169491525423729,,,0.2948717948717949,0.3379032258064516,0.8726516125084145,0.4801656400163954,-22.6022960628685,0.8726516125084145,,,,0.5338983050847458,0.672316384180791,0.685461580983969,0.45695364238410596,0.8726516125084145,0.6169491525423729,0.6169491525423729,0.6134831460674157,0.6522727272727272,,stack_resolved_hist,weekly,0.0,0,0,10,0.9,0.65,4,1
,234,0.9254237288135593,,,0.29914529914529914,0.3379032258064516,0.885298737327377,0.4801656400163954,-15.403647183177778,0.885298737327377,,,,0.8305084745762712,1.0084745762711864,0.7825588066551923,0.6681222707423581,0.885298737327377,0.9254237288135593,0.9254237288135593,0.8808988764044944,1.0181818181818183,,stack_resolved_hist,weekly,0.0,0,0,10,0.9,0.65,4,2
,255,1.0084745762711864,,,0.3254901960784314,0.3379032258064516,0.9632645420936872,0.4801656400163954,10.24892327811104,0.9632645420936872,,,,1.0084745762711864,1.0084745762711864,0.8841354723707664,0.736,0.9632645420936872,1.0084745762711864,1.0084745762711864,1.0224719101123596,1.05,,stack_resolved_hist,weekly,0.0,0,0,20,0.75,0.0,3,1
,366,1.4474576271186441,,,0.30601092896174864,0.3379032258064516,0.9056170690037431,0.4801656400163954,6.035130124674408,0.9056170690037431,,,,1.423728813559322,1.463276836158192,0.8378378378378378,0.8698060941828255,0.9056170690037431,1.4474576271186441,1.4474576271186441,1.3528089887640449,1.575,,stack_resolved_hist,weekly,0.0,0,0,20,0.75,0.0,3,2
,255,1.0084745762711864,,,0.3254901960784314,0.3379032258064516,0.9632645420936872,0.4801656400163954,8.627366389850147,0.9632645420936872,,,,1.0084745762711864,1.0084745762711864,0.9373966454051501,0.724,0.9632645420936872,1.0084745762711864,1.0084745762711864,1.0224719101123596,1.05,,stack_resolved_hist,weekly,0.0,0,0,20,0.75,0.0,4,1
,366,1.4474576271186441,,,0.30601092896174864,0.3379032258064516,0.9056170690037431,0.4801656400163954,8.021944738425244,0.9056170690037431,,,,1.423728813559322,1.463276836158192,0.8714859437751005,0.8614958448753463,0.9056170690037431,1.4474576271186441,1.4474576271186441,1.3528089887640449,1.575,,stack_resolved_hist,weekly,0.0,0,0,20,0.75,0.0,4,2
,223,0.8819209039548023,,,0.3452914798206278,0.3379032258064516,1.021864999946488,0.4801656400163954,6.8008090835520045,1.021864999946488,,,,0.8502824858757062,0.9096045197740114,0.882803943044907,0.591743119266055,1.021864999946488,0.8819209039548023,0.8819209039548023,0.8590909090909091,0.9450000000000001,,stack_resolved_hist,weekly,0.0,0,0,20,0.75,0.3,3,1
,333,1.3169491525423729,,,0.3183183183183183,0.3379032258064516,0.9420398919205601,0.4801656400163954,3.635555644094725,0.9420398919205601,,,,1.265536723163842,1.364406779661017,0.8403614457831325,0.7804878048780488,0.9420398919205601,1.3169491525423729,1.3169491525423729,1.2269662921348314,1.47,,stack_resolved_hist,weekly,0.0,0,0,20,0.75,0.3,3,2
,218,0.8621468926553673,,,0.3440366972477064,0.3379032258064516,1.0181515622605155,0.4801656400163954,7.724067255776799,1.0181515622605155,,,,0.8502824858757062,0.9096045197740114,0.946893439777855,0.5774647887323944,1.0181515622605155,0.8621468926553673,0.8621468926553673,0.8272727272727273,0.9275,,stack_resolved_hist,weekly,0.0,0,0,20,0.75,0.3,4,1
,326,1.289265536723164,,,0.31901840490797545,0.3379032258064516,0.9441117472216934,0.4801656400163954,7.579167169589145,0.9441117472216934,,,,1.2457627118644068,1.344632768361582,0.9011283228150698,0.7725856697819314,0.9441117472216934,1.289265536723164,1.289265536723164,1.21123595505618,1.4349999999999998,,stack_resolved_hist,weekly,0.0,0,0,20,0.75,0.3,4,2
,199,0.7870056497175141,,,0.32663316582914576,0.3379032258064516,0.9666470778714576,0.4801656400163954,-2.116823174931258,0.9666470778714576,,,,0.7514124293785311,0.8305084745762712,0.775,0.5515463917525774,0.9666470778714576,0.7870056497175141,0.7870056497175141,0.7477272727272728,0.8925,,stack_resolved_hist,weekly,0.0,0,0,20,0.75,0.5,3,1
,307,1.2141242937853107,,,0.30618892508143325,0.3379032258064516,0.9061438355631916,0.4801656400163954,-1.9766269007503,0.9061438355631916,,,,1.1468926553672316,1.2457627118644068,0.7604617604617604,0.7682119205298014,0.9061438355631916,1.2141242937853107,1.2141242937853107,1.0853932584269663,1.4,,stack_resolved_hist,weekly,0.0,0,0,20,0.75,0.5,3,2
,195,0.7711864406779662,,,0.3076923076923077,0.3379032258064516,0.9105929869653021,0.4801656400163954,-2.6905246634450486,0.9105929869653021,,,,0.731638418079096,0.8107344632768362,0.775,0.5631578947368421,0.9105929869653021,0.7711864406779662,0.7711864406779662,0.7318181818181818,0.875,,stack_resolved_hist,weekly,0.0,0,0,20,0.75,0.5,4,1
,301,1.1903954802259888,,,0.2956810631229236,0.3379032258064516,0.8750465829890818,0.4801656400163954,1.290894403771055,0.8750465829890818,,,,1.1271186440677967,1.225988700564972,0.7727272727272726,0.7736486486486487,0.8750465829890818,1.1903954802259888,1.1903954802259888,1.053932584269663,1.3825,,stack_resolved_hist,weekly,0.0,0,0,20,0.75,0.5,4,2
,159,0.628813559322034,,,0.27044025157232704,0.3379032258064516,0.8003482385434022,0.4801656400163954,-9.767126719324708,0.8003482385434022,,,,0.612994350282486,0.652542372881356,0.6164772727272727,0.512987012987013,0.8003482385434022,0.628813559322034,0.628813559322034,0.5820224719101125,0.6840909090909091,,stack_resolved_hist,weekly,0.0,0,0,20,0.75,0.65,3,1
,261,1.0322033898305085,,,0.27586206896551724,0.3379032258064516,0.81639371245165,0.4801656400163954,-5.141388391316112,0.81639371245165,,,,1.0084745762711864,1.0480225988700564,0.6912521440823327,0.75390625,0.81639371245165,1.0322033898305085,1.0322033898305085,0.8966292134831462,1.1725,,stack_resolved_hist,weekly,0.0,0,0,20,0.75,0.65,3,2
,157,0.6209039548022599,,,0.267515923566879,0.3379032258064516,0.7916939026800237,0.4801656400163954,-10.075000069571958,0.7916939026800237,,,,0.5932203389830508,0.652542372881356,0.6164772727272727,0.506578947368421,0.7916939026800237,0.6209039548022599,0.6209039548022599,0.5820224719101125,0.6840909090909091,,stack_resolved_hist,weekly,0.0,0,0,20,0.75,0.65,4,1
,256,1.0124293785310736,,,0.26953125,0.3379032258064516,0.7976581145584726,0.4801656400163954,-2.069893963953447,0.7976581145584726,,,,0.9689265536723164,1.0480225988700564,0.6912521440823327,0.749003984063745,0.7976581145584726,1.0124293785310736,1.0124293785310736,0.8494382022471911,1.1613636363636364,,stack_resolved_hist,weekly,0.0,0,0,20,0.75,0.65,4,2
,255,1.0084745762711864,,,0.3254901960784314,0.3379032258064516,0.9632645420936872,0.4801656400163954,10.42312011317523,0.9632645420936872,,,,1.0084745762711864,1.0084745762711864,0.8788093550673283,0.748,0.9632645420936872,1.0084745762711864,1.0084745762711864,1.0224719101123596,1.05,,stack_resolved_hist,weekly,0.0,0,0,20,0.8,0.0,3,1
,354,1.4,,,0.3192090395480226,0.3379032258064516,0.9446759165621672,0.4801656400163954,7.911392848467069,0.9446759165621672,,,,1.384180790960452,1.4435028248587571,0.8537005163511188,0.8710601719197708,0.9446759165621672,1.4,1.4,1.3370786516853934,1.5431818181818182,,stack_resolved_hist,weekly,0.0,0,0,20,0.8,0.0,3,2
,255,1.0084745762711864,,,0.3254901960784314,0.3379032258064516,0.9632645420936872,0.4801656400163954,8.247464449424147,0.9632645420936872,,,,1.0084745762711864,1.0084745762711864,0.7616347743916844,0.748,0.9632645420936872,1.0084745762711864,1.0084745762711864,1.0224719101123596,1.05,,stack_resolved_hist,weekly,0.0,0,0,20,0.8,0.0,4,1
,353,1.396045197740113,,,0.32011331444759206,0.3379032258064516,0.9473520523031365,0.4801656400163954,9.11011571049746,0.9473520523031365,,,,1.364406779661017,1.4435028248587571,0.7683304647160069,0.8649425287356322,0.9473520523031365,1.396045197740113,1.396045197740113,1.3370786516853934,1.5272727272727273,,stack_resolved_hist,weekly,0.0,0,0,20,0.8,0.0,4,2
,222,0.8779661016949153,,,0.35135135135135137,0.3379032258064516,1.0397987486292977,0.4801656400163954,9.107775245572164,1.0397987486292977,,,,0.8502824858757062,0.9096045197740114,0.746987951807229,0.5944700460829493,1.0397987486292977,0.8779661016949153,0.8779661016949153,0.8431818181818181,0.9450000000000001,,stack_resolved_hist,weekly,0.0,0,0,20,0.8,0.3,3,1
,321,1.269491525423729,,,0.3364485981308411,0.3379032258064516,0.9956951352798162,0.4801656400163954,6.57537392742655,0.9956951352798162,,,,1.2457627118644068,1.3248587570621468,0.7588449034232166,0.7753164556962026,0.9956951352798162,1.269491525423729,1.269491525423729,1.209090909090909,1.4318181818181819,,stack_resolved_hist,weekly,0.0,0,0,20,0.8,0.3,3,2
,217,0.8581920903954803,,,0.34101382488479265,0.3379032258064516,1.0092055915444937,0.4801656400163954,7.813851002689979,1.0092055915444937,,,,0.8502824858757062,0.8898305084745763,0.7643597646399553,0.5707547169811321,1.0092055915444937,0.8581920903954803,0.8581920903954803,0.8113636363636363,0.9275,,stack_resolved_hist,weekly,0.0,0,0,20,0.8,0.3,4,1
,312,1.2338983050847459,,,0.3333333333333333,0.3379032258064516,0.9864757358790771,0.4801656400163954,8.939703808507469,0.9864757358790771,,,,1.1864406779661016,1.305084745762712,0.7710843373493976,0.752442996742671,0.9864757358790771,1.2338983050847459,1.2338983050847459,1.1772727272727272,1.384090909090909,,stack_resolved_hist,weekly,0.0,0,0,20,0.8,0.3,4,2
,197,0.7790960451977401,,,0.3299492385786802,0.3379032258064516,0.9764607537889343,0.4801656400163954,-1.170119489027751,0.9764607537889343,,,,0.731638418079096,0.8305084745762712,0.8075545424943016,0.546875,0.9764607537889343,0.7790960451977401,0.7790960451977401,0.7318181818181818,0.8925,,stack_resolved_hist,weekly,0.0,0,0,20,0.8,0.5,3,1
,293,1.1587570621468928,,,0.32081911262798635,0.3379032258064516,0.9494408106412962,0.4801656400163954,-0.5299740426145213,0.9494408106412962,,,,1.1073446327683616,1.2062146892655368,0.8003442340791739,0.7534722222222222,0.9494408106412962,1.1587570621468928,1.1587570621468928,1.0696629213483146,1.3045454545454545,,stack_resolved_hist,weekly,0.0,0,0,20,0.8,0.5,3,2
,190,0.7514124293785311,,,0.30526315789473685,0.3379032258064516,0.9034040949629444,0.4801656400163954,-4.048587166899748,0.9034040949629444,,,,0.711864406779661,0.7909604519774012,0.746987951807229,0.5675675675675675,0.9034040949629444,0.7514124293785311,0.7514124293785311,0.6840909090909091,0.875,,stack_resolved_hist,weekly,0.0,0,0,20,0.8,0.5,4,1
,282,1.1152542372881356,,,0.30851063829787234,0.3379032258064516,0.9130147768242524,0.4801656400163954,1.4238443853198937,0.9130147768242524,,,,1.0677966101694916,1.1864406779661016,0.7605695509309967,0.7581227436823105,0.9130147768242524,1.1152542372881356,1.1152542372881356,1.0224719101123596,1.26,,stack_resolved_hist,weekly,0.0,0,0,20,0.8,0.5,4,2
,151,0.5971751412429379,,,0.26490066225165565,0.3379032258064516,0.7839542271886707,0.4801656400163954,-11.128955301968777,0.7839542271886707,,,,0.5536723163841808,0.632768361581921,0.5454545454545454,0.4931506849315068,0.7839542271886707,0.5971751412429379,0.5971751412429379,0.5568181818181819,0.6825,,stack_resolved_hist,weekly,0.0,0,0,20,0.8,0.65,3,1
,243,0.9610169491525424,,,0.2839506172839506,0.3379032258064516,0.8403311824155102,0.4801656400163954,-4.508379376141781,0.8403311824155102,,,,0.9293785310734464,0.9887005649717514,0.6763636363636363,0.7310924369747899,0.8403311824155102,0.9610169491525424,0.9610169491525424,0.8808988764044944,1.085,,stack_resolved_hist,weekly,0.0,0,0,20,0.8,0.65,3,2
,149,0.5892655367231638,,,0.26174496644295303,0.3379032258064516,0.7746151751533694,0.4801656400163954,-13.028943028983434,0.7746151751533694,,,,0.5338983050847458,0.632768361581921,0.6363636363636364,0.4861111111111111,0.7746151751533694,0.5892655367231638,0.5892655367231638,0.5568181818181819,0.6475,,stack_resolved_hist,weekly,0.0,0,0,20,0.8,0.65,4,1
,236,0.9333333333333335,,,0.2796610169491525,0.3379032258064516,0.827636422474819,0.4801656400163954,-2.0372977959948493,0.827636422474819,,,,0.8898305084745763,0.9689265536723164,0.6639892904953146,0.7186147186147186,0.827636422474819,0.9333333333333335,0.9333333333333335,0.8179775280898877,1.065909090909091,,stack_resolved_hist,weekly,0.0,0,0,20,0.8,0.65,4,2
,255,1.0084745762711864,,,0.3215686274509804,0.3379032258064516,0.9516589452009921,0.4801656400163954,8.142563627783595,0.9516589452009921,,,,1.0084745762711864,1.0084745762711864,0.8788093550673283,0.752,0.9516589452009921,1.0084745762711864,1.0084745762711864,1.0224719101123596,1.05,,stack_resolved_hist,weekly,0.0,0,0,20,0.85,0.0,3,1
,344,1.3604519774011299,,,0.32848837209302323,0.3379032258064516,0.9721374257645556,0.4801656400163954,9.88707870919632,0.9721374257645556,,,,1.305084745762712,1.423728813559322,0.90543994158452,0.8731563421828908,0.9721374257645556,1.3604519774011299,1.3604519774011299,1.3370786516853934,1.4477272727272728,,stack_resolved_hist,weekly,0.0,0,0,20,0.85,0.0,3,2
,255,1.0084745762711864,,,0.3254901960784314,0.3379032258064516,0.9632645420936872,0.4801656400163954,5.307829144831337,0.9632645420936872,,,,1.0084745762711864,1.0084745762711864,0.7616347743916844,0.768,0.9632645420936872,1.0084745762711864,1.0084745762711864,1.0224719101123596,1.05,,stack_resolved_hist,weekly,0.0,0,0,20,0.85,0.0,4,1
,343,1.356497175141243,,,0.3323615160349854,0.3379032258064516,0.9835997133254939,0.4801656400163954,10.258097563033958,0.9835997133254939,,,,1.305084745762712,1.423728813559322,0.860167944505294,0.878698224852071,0.9835997133254939,1.356497175141243,1.356497175141243,1.3370786516853934,1.4318181818181819,,stack_resolved_hist,weekly,0.0,0,0,20,0.85,0.0,4,2
,221,0.8740112994350283,,,0.34841628959276016,0.3379032258064516,1.0311126470048273,0.4801656400163954,7.795427009343571,1.0311126470048273,,,,0.8305084745762712,0.9096045197740114,0.746987951807229,0.6018518518518519,1.0311126470048273,0.8740112994350283,0.8740112994350283,0.8272727272727273,0.9450000000000001,,stack_resolved_hist,weekly,0.0,0,0,20,0.85,0.3,3,1
,310,1.225988700564972,,,0.34838709677419355,0.3379032258064516,1.0310262529832936,0.4801656400163954,9.830937806269828,1.0310262529832936,,,,1.1666666666666667,1.305084745762712,0.810292015519706,0.7672131147540984,1.0310262529832936,1.225988700564972,1.225988700564972,1.1772727272727272,1.3363636363636364,,stack_resolved_hist,weekly,0.0,0,0,20,0.85,0.3,3,2
,216,0.8542372881355933,,,0.33796296296296297,0.3379032258064516,1.0001767877662866,0.4801656400163954,5.247750181398713,1.0001767877662866,,,,0.8305084745762712,0.8898305084745763,0.7643597646399553,0.5829383886255924,1.0001767877662866,0.8542372881355933,0.8542372881355933,0.7954545454545455,0.9275,,stack_resolved_hist,weekly,0.0,0,0,20,0.85,0.3,4,1
,302,1.1943502824858758,,,0.3443708609271523,0.3379032258064516,1.0191404953452718,0.4801656400163954,10.926338747123529,1.0191404953452718,,,,1.1468926553672316,1.2853107344632768,0.8757789779808891,0.7474747474747475,1.0191404953452718,1.1943502824858758,1.1943502824858758,1.1454545454545455,1.2886363636363636,,stack_resolved_hist,weekly,0.0,0,0,20,0.85,0.3,4,2
,195,0.7711864406779662,,,0.3282051282051282,0.3379032258064516,0.9712991860963222,0.4801656400163954,-2.0884632495778033,0.9712991860963222,,,,0.731638418079096,0.8107344632768362,0.8075545424943016,0.5421052631578948,0.9712991860963222,0.7711864406779662,0.7711864406779662,0.7159090909090909,0.8925,,stack_resolved_hist,weekly,0.0,0,0,20,0.85,0.5,3,1
,282,1.1152542372881356,,,0.3333333333333333,0.3379032258064516,0.9864757358790771,0.4801656400163954,3.2780423995351957,0.9864757358790771,,,,1.0282485875706215,1.1864406779661016,0.8619091751621872,0.7436823104693141,0.9864757358790771,1.1152542372881356,1.1152542372881356,1.053932584269663,1.26,,stack_resolved_hist,weekly,0.0,0,0,20,0.85,0.5,3,2
,188,0.7435028248587571,,,0.30851063829787234,0.3379032258064516,0.9130147768242524,0.4801656400163954,-6.2790946570836965,0.9130147768242524,,,,0.711864406779661,0.7711864406779662,0.746987951807229,0.5683060109289617,0.9130147768242524,0.7435028248587571,0.7435028248587571,0.6681818181818182,0.875,,stack_resolved_hist,weekly,0.0,0,0,20,0.85,0.5,4,1
,271,1.0717514124293785,,,0.3247232472324723,0.3379032258064516,0.96099481281209,0.4801656400163954,3.922303411874562,0.96099481281209,,,,1.0084745762711864,1.1666666666666667,0.8788093550673283,0.7518796992481203,0.96099481281209,1.0717514124293785,1.0717514124293785,1.006741573033708,1.2249999999999999,,stack_resolved_hist,weekly,0.0,0,0,20,0.85,0.5,4,2
,147,0.5813559322033899,,,0.2653061224489796,0.3379032258064516,0.7851541571282452,0.4801656400163954,-13.533952132311091,0.7851541571282452,,,,0.5536723163841808,0.5932203389830508,0.6575757575757576,0.47183098591549294,0.7851541571282452,0.5813559322033899,0.5813559322033899,0.5409090909090909,0.6825,,stack_resolved_hist,weekly,0.0,0,0,20,0.85,0.65,3,1
,230,0.9096045197740114,,,0.3,0.3379032258064516,0.8878281622911695,0.4801656400163954,-0.33906601838457884,0.8878281622911695,,,,0.8502824858757062,0.9491525423728814,0.7794970986460348,0.7066666666666667,0.8878281622911695,0.9096045197740114,0.9096045197740114,0.8494382022471911,1.05,,stack_resolved_hist,weekly,0.0,0,0,20,0.85,0.65,3,2
,143,0.5655367231638418,,,0.26573426573426573,0.3379032258064516,0.7864212160154881,0.4801656400163954,-16.206403468524133,0.7864212160154881,,,,0.5338983050847458,0.5932203389830508,0.6169154228855721,0.463768115942029,0.7864212160154881,0.5655367231638418,0.5655367231638418,0.5409090909090909,0.63,,stack_resolved_hist,weekly,0.0,0,0,20,0.85,0.65,4,1
,221,0.8740112994350283,,,0.2986425339366516,0.3379032258064516,0.8838108402898519,0.4801656400163954,0.9758048744044152,0.8838108402898519,,,,0.8107344632768362,0.9096045197740114,0.7964426877470355,0.6990740740740741,0.8838108402898519,0.8740112994350283,0.8740112994350283,0.7865168539325843,0.9799999999999999,,stack_resolved_hist,weekly,0.0,0,0,20,0.85,0.65,4,2
,255,1.0084745762711864,,,0.32941176470588235,0.3379032258064516,0.9748701389863822,0.4801656400163954,5.896790384263832,0.9748701389863822,,,,1.0084745762711864,1.0084745762711864,0.8888888888888888,0.784,0.9748701389863822,1.0084745762711864,1.0084745762711864,1.0224719101123596,1.05,,stack_resolved_hist,weekly,0.0,0,0,20,0.9,0.0,3,1
,327,1.293220338983051,,,0.3425076452599388,0.3379032258064516,1.0136264442060243,0.4801656400163954,10.391767457135485,1.0136264442060243,,,,1.225988700564972,1.344632768361582,0.9025641025641026,0.8881987577639752,1.0136264442060243,1.293220338983051,1.293220338983051,1.3045454545454545,1.365,,stack_resolved_hist,weekly,0.0,0,0,20,0.9,0.0,3,2
,255,1.0084745762711864,,,0.3333333333333333,0.3379032258064516,0.9864757358790771,0.4801656400163954,3.2051973217206804,0.9864757358790771,,,,1.0084745762711864,1.0084745762711864,0.8202220647295064,0.804,0.9864757358790771,1.0084745762711864,1.0084745762711864,1.0224719101123596,1.05,,stack_resolved_hist,weekly,0.0,0,0,20,0.9,0.0,4,1
,326,1.289265536723164,,,0.3496932515337423,0.3379032258064516,1.034891722916087,0.4801656400163954,11.98103696466764,1.034891722916087,,,,1.225988700564972,1.344632768361582,0.9156626506024097,0.8940809968847352,1.034891722916087,1.289265536723164,1.289265536723164,1.3045454545454545,1.365,,stack_resolved_hist,weekly,0.0,0,0,20,0.9,0.0,4,2
,219,0.8661016949152542,,,0.3607305936073059,0.3379032258064516,1.0675559333485904,0.4801656400163954,7.182073319928674,1.0675559333485904,,,,0.8305084745762712,0.8898305084745763,0.8148959474260679,0.6214953271028038,1.0675559333485904,0.8661016949152542,0.8661016949152542,0.8113636363636363,0.9450000000000001,,stack_resolved_hist,weekly,0.0,0,0,20,0.9,0.3,3,1
,291,1.1508474576271188,,,0.36769759450171824,0.3379032258064516,1.088174265351147,0.4801656400163954,11.915121881650881,1.088174265351147,,,,1.0875706214689267,1.2062146892655368,0.8692223439211391,0.7622377622377622,1.088174265351147,1.1508474576271188,1.1508474576271188,1.0977272727272729,1.26,,stack_resolved_hist,weekly,0.0,0,0,20,0.9,0.3,3,2
,214,0.8463276836158192,,,0.35046728971962615,0.3379032258064516,1.0371824325831418,0.4801656400163954,4.5546167432087685,1.0371824325831418,,,,0.8107344632768362,0.8898305084745763,0.8125227520931926,0.5933014354066986,1.0371824325831418,0.8463276836158192,0.8463276836158192,0.7795454545454547,0.9275,,stack_resolved_hist,weekly,0.0,0,0,20,0.9,0.3,4,1
,284,1.1231638418079095,,,0.36619718309859156,0.3379032258064516,1.0837339070220848,0.4801656400163954,14.250138002076024,1.0837339070220848,,,,1.0677966101694916,1.1864406779661016,0.9406514948683624,0.7275985663082437,1.0837339070220848,1.1231638418079095,1.1231638418079095,1.065909090909091,1.2249999999999999,,stack_resolved_hist,weekly,0.0,0,0,20,0.9,0.3,4,2
,193,0.7632768361581922,,,0.34196891191709844,0.3379032258064516,1.012032102093561,0.4801656400163954,-2.7702450051549454,1.012032102093561,,,,0.731638418079096,0.8107344632768362,0.8883099967437318,0.5638297872340425,1.012032102093561,0.7632768361581922,0.7632768361581922,0.7000000000000001,0.8925,,stack_resolved_hist,weekly,0.0,0,0,20,0.9,0.5,3,1
,265,1.0480225988700564,,,0.35471698113207545,0.3379032258064516,1.0497590849732066,0.4801656400163954,5.131204243400464,1.0497590849732066,,,,0.9491525423728814,1.0875706214689267,0.9337349397590362,0.7307692307692307,1.0497590849732066,1.0480225988700564,1.0480225988700564,0.9863636363636364,1.2075,,stack_resolved_hist,weekly,0.0,0,0,20,0.9,0.5,3,2
,185,0.731638418079096,,,0.32432432432432434,0.3379032258064516,0.9598142295039671,0.4801656400163954,-6.146402077800262,0.9598142295039671,,,,0.672316384180791,0.7711864406779662,0.6532045654082529,0.5833333333333334,0.9598142295039671,0.731638418079096,0.731638418079096,0.6363636363636364,0.875,,stack_resolved_hist,weekly,0.0,0,0,20,0.9,0.5,4,1
,254,1.0045197740112994,,,0.3464566929133858,0.3379032258064516,1.0253133632758913,0.4801656400163954,7.425948399489255,1.0253133632758913,,,,0.9293785310734464,1.0677966101694916,0.9536016406049732,0.7389558232931727,1.0253133632758913,1.0045197740112994,1.0045197740112994,0.9227272727272727,1.1725,,stack_resolved_hist,weekly,0.0,0,0,20,0.9,0.5,4,2
,140,0.5536723163841808,,,0.2714285714285714,0.3379032258064516,0.8032730992158199,0.4801656400163954,-14.628973431742306,0.8032730992158199,,,,0.5141242937853108,0.5932203389830508,0.6802507836990596,0.48148148148148145,0.8032730992158199,0.5536723163841808,0.5536723163841808,0.4719101123595506,0.6825,,stack_resolved_hist,weekly,0.0,0,0,20,0.9,0.65,3,1
,212,0.8384180790960452,,,0.3113207547169811,0.3379032258064516,0.9213311118115909,0.4801656400163954,0.2263702604232641,0.9213311118115909,,,,0.731638418079096,0.9096045197740114,0.7964426877470355,0.7004830917874396,0.9213311118115909,0.8384180790960452,0.8384180790960452,0.7707865168539327,0.9975,,stack_resolved_hist,weekly,0.0,0,0,20,0.9,0.65,3,2
,136,0.5378531073446328,,,0.27205882352941174,0.3379032258064516,0.8051382844307173,0.4801656400163954,-17.67559797525857,0.8051382844307173,,,,0.4943502824858757,0.5734463276836158,0.41127694859038144,0.4732824427480916,0.8051382844307173,0.5378531073446328,0.5378531073446328,0.4719101123595506,0.63,,stack_resolved_hist,weekly,0.0,0,0,20,0.9,0.65,4,1
,202,0.7988700564971751,,,0.3118811881188119,0.3379032258064516,0.9229896736690376,0.4801656400163954,2.524580285448134,0.9229896736690376,,,,0.692090395480226,0.8898305084745763,0.814141414141414,0.6802030456852792,0.9229896736690376,0.7988700564971751,0.7988700564971751,0.6921348314606742,0.9275,,stack_resolved_hist,weekly,0.0,0,0,20,0.9,0.65,4,2
,255,1.0084745762711864,,,0.30980392156862746,0.3379032258064516,0.9168421545229071,0.4801656400163954,3.9060012332583325,0.9168421545229071,,,,1.0084745762711864,1.0084745762711864,0.8202220647295064,0.768,0.9168421545229071,1.0084745762711864,1.0084745762711864,1.0224719101123596,1.05,,stack_resolved_hist,weekly,0.0,0,0,40,0.75,0.0,3,1
,365,1.4435028248587571,,,0.3041095890410959,0.3379032258064516,0.8999901919115966,0.4801656400163954,8.806905478287955,0.8999901919115966,,,,1.384180790960452,1.463276836158192,0.8479322696190166,0.8944444444444445,0.8999901919115966,1.4435028248587571,1.4435028248587571,1.3370786516853934,1.575,,stack_resolved_hist,weekly,0.0,0,0,40,0.75,0.0,3,2
,255,1.0084745762711864,,,0.3215686274509804,0.3379032258064516,0.9516589452009921,0.4801656400163954,4.163790890118949,0.9516589452009921,,,,1.0084745762711864,1.0084745762711864,0.7616347743916844,0.748,0.9516589452009921,1.0084745762711864,1.0084745762711864,1.0224719101123596,1.05,,stack_resolved_hist,weekly,0.0,0,0,40,0.75,0.0,4,1
,365,1.4435028248587571,,,0.3150684931506849,0.3379032258064516,0.9324222708994017,0.4801656400163954,10.476606900462896,0.9324222708994017,,,,1.384180790960452,1.463276836158192,0.8075545424943016,0.8777777777777778,0.9324222708994017,1.4435028248587571,1.4435028248587571,1.3370786516853934,1.575,,stack_resolved_hist,weekly,0.0,0,0,40,0.75,0.0,4,2
,216,0.8542372881355933,,,0.3333333333333333,0.3379032258064516,0.9864757358790771,0.4801656400163954,2.0387350473796984,0.9864757358790771,,,,0.8305084745762712,0.8700564971751413,0.7114170969592656,0.5924170616113744,0.9864757358790771,0.8542372881355933,0.8542372881355933,0.802247191011236,0.9068181818181819,,stack_resolved_hist,weekly,0.0,0,0,40,0.75,0.3,3,1
,324,1.2813559322033898,,,0.32098765432098764,0.3379032258064516,0.9499395975131854,0.4801656400163954,8.94192961478897,0.9499395975131854,,,,1.2457627118644068,1.3248587570621468,0.7936746987951808,0.7836990595611285,0.9499395975131854,1.2813559322033898,1.2813559322033898,1.1168539325842697,1.4175,,stack_resolved_hist,weekly,0.0,0,0,40,0.75,0.3,3,2
,215,0.8502824858757062,,,0.3209302325581395,0.3379032258064516,0.9497696619859022,0.4801656400163954,1.590755681833513,0.9497696619859022,,,,0.8305084745762712,0.8700564971751413,0.6886497743838945,0.5761904761904761,0.9497696619859022,0.8502824858757062,0.8502824858757062,0.802247191011236,0.9068181818181819,,stack_resolved_hist,weekly,0.0,0,0,40,0.75,0.3,4,1
,321,1.269491525423729,,,0.3177570093457944,0.3379032258064516,0.9403787388753819,0.4801656400163954,10.27732033200797,0.9403787388753819,,,,1.2062146892655368,1.305084745762712,0.8403614457831325,0.7721518987341772,0.9403787388753819,1.269491525423729,1.269491525423729,1.1168539325842697,1.4,,stack_resolved_hist,weekly,0.0,0,0,40,0.75,0.3,4,2
,193,0.7632768361581922,,,0.27979274611398963,0.3379032258064516,0.8280262653492773,0.4801656400163954,-18.369812904084363,0.8280262653492773,,,,0.711864406779661,0.8107344632768362,0.7076727964489538,0.5531914893617021,0.8280262653492773,0.7632768361581922,0.7632768361581922,0.6764044943820224,0.875,,stack_resolved_hist,weekly,0.0,0,0,40,0.75,0.5,3,1
,301,1.1903954802259888,,,0.2857142857142857,0.3379032258064516,0.8455506307534947,0.4801656400163954,-2.194878093844949,0.8455506307534947,,,,1.0875706214689267,1.2457627118644068,0.7727272727272726,0.7736486486486487,0.8455506307534947,1.1903954802259888,1.1903954802259888,0.9910112359550562,1.4,,stack_resolved_hist,weekly,0.0,0,0,40,0.75,0.5,3,2
,192,0.7593220338983051,,,0.2916666666666667,0.3379032258064516,0.8631662688941926,0.4801656400163954,-8.267483387311737,0.8631662688941926,,,,0.692090395480226,0.8107344632768362,0.7402985074626867,0.5401069518716578,0.8631662688941926,0.7593220338983051,0.7593220338983051,0.6764044943820224,0.8575,,stack_resolved_hist,weekly,0.0,0,0,40,0.75,0.5,4,1
,293,1.1587570621468928,,,0.28668941979522183,0.3379032258064516,0.8484364690837114,0.4801656400163954,1.8057169571939953,0.8484364690837114,,,,1.0282485875706215,1.2457627118644068,0.7515151515151515,0.7569444444444444,0.8484364690837114,1.1587570621468928,1.1587570621468928,0.9123595505617977,1.365,,stack_resolved_hist,weekly,0.0,0,0,40,0.75,0.5,4,2
,159,0.628813559322034,,,0.29559748427672955,0.3379032258064516,0.8747992374776722,0.4801656400163954,-5.049813400140472,0.8747992374776722,,,,0.5734463276836158,0.652542372881356,0.7658260422027793,0.525974025974026,0.8747992374776722,0.628813559322034,0.628813559322034,0.503370786516854,0.7174999999999999,,stack_resolved_hist,weekly,0.0,0,0,40,0.75,0.65,3,1
,255,1.0084745762711864,,,0.2901960784313726,0.3379032258064516,0.858814170059432,0.4801656400163954,4.46507201443128,0.858814170059432,,,,0.9491525423728814,1.0282485875706215,0.8129370629370628,0.756,0.858814170059432,1.0084745762711864,1.0084745762711864,0.7235955056179775,1.2249999999999999,,stack_resolved_hist,weekly,0.0,0,0,40,0.75,0.65,3,2
,157,0.6209039548022599,,,0.28662420382165604,0.3379032258064516,0.8482434671571683,0.4801656400163954,-2.756243310028311,0.8482434671571683,,,,0.5536723163841808,0.652542372881356,0.7931769722814499,0.5131578947368421,0.8482434671571683,0.6209039548022599,0.6209039548022599,0.503370786516854,0.7159090909090909,,stack_resolved_hist,weekly,0.0,0,0,40,0.75,0.65,4,1
,249,0.9847457627118644,,,0.28112449799196787,0.3379032258064516,0.831967488090788,0.4801656400163954,3.9948499492689824,0.831967488090788,,,,0.8898305084745763,1.0282485875706215,0.7736185383244207,0.75,0.831967488090788,0.9847457627118644,0.9847457627118644,0.6921348314606742,1.19,,stack_resolved_hist,weekly,0.0,0,0,40,0.75,0.65,4,2
,255,1.0084745762711864,,,0.3058823529411765,0.3379032258064516,0.905236557630212,0.4801656400163954,2.2910155844551894,0.905236557630212,,,,1.0084745762711864,1.0084745762711864,0.8788093550673283,0.764,0.905236557630212,1.0084745762711864,1.0084745762711864,1.0224719101123596,1.05,,stack_resolved_hist,weekly,0.0,0,0,40,0.8,0.0,3,1
,343,1.356497175141243,,,0.30903790087463556,0.3379032258064516,0.9145751720394943,0.4801656400163954,7.729373721181343,0.9145751720394943,,,,1.2853107344632768,1.4039548022598871,0.8454545454545453,0.8846153846153846,0.9145751720394943,1.356497175141243,1.356497175141243,1.2584269662921348,1.4795454545454547,,stack_resolved_hist,weekly,0.0,0,0,40,0.8,0.0,3,2
,255,1.0084745762711864,,,0.3176470588235294,0.3379032258064516,0.940053348308297,0.4801656400163954,2.1910364205890325,0.940053348308297,,,,1.0084745762711864,1.0084745762711864,0.7616347743916844,0.76,0.940053348308297,1.0084745762711864,1.0084745762711864,1.0224719101123596,1.05,,stack_resolved_hist,weekly,0.0,0,0,40,0.8,0.0,4,1
,343,1.356497175141243,,,0.3236151603498542,0.3379032258064516,0.957715510343244,0.4801656400163954,9.075748650753177,0.957715510343244,,,,1.2853107344632768,1.4039548022598871,0.7909284195605953,0.8757396449704142,0.957715510343244,1.356497175141243,1.356497175141243,1.2584269662921348,1.4795454545454547,,stack_resolved_hist,weekly,0.0,0,0,40,0.8,0.0,4,2
,214,0.8463276836158192,,,0.3317757009345794,0.3379032258064516,0.9818660361787076,0.4801656400163954,0.36990247440853075,0.9818660361787076,,,,0.8305084745762712,0.8700564971751413,0.7825588066551923,0.569377990430622,0.9818660361787076,0.8463276836158192,0.8463276836158192,0.7707865168539327,0.9068181818181819,,stack_resolved_hist,weekly,0.0,0,0,40,0.8,0.3,3,1
,301,1.1903954802259888,,,0.3289036544850498,0.3379032258064516,0.9733664237743719,0.4801656400163954,7.593940756069794,0.9733664237743719,,,,1.1468926553672316,1.225988700564972,0.810292015519706,0.7567567567567568,0.9733664237743719,1.1903954802259888,1.1903954802259888,1.006741573033708,1.3363636363636364,,stack_resolved_hist,weekly,0.0,0,0,40,0.8,0.3,3,2
,213,0.8423728813559322,,,0.30985915492957744,0.3379032258064516,0.9170056136340717,0.4801656400163954,-1.031403405843788,0.9170056136340717,,,,0.8305084745762712,0.8502824858757062,0.6025685525859078,0.5528846153846154,0.9170056136340717,0.8423728813559322,0.8423728813559322,0.7707865168539327,0.9068181818181819,,stack_resolved_hist,weekly,0.0,0,0,40,0.8,0.3,4,1
,298,1.1785310734463277,,,0.3221476510067114,0.3379032258064516,0.9533725232656853,0.4801656400163954,8.306841041940908,0.9533725232656853,,,,1.1271186440677967,1.2062146892655368,0.810292015519706,0.7474402730375427,0.9533725232656853,1.1785310734463277,1.1785310734463277,1.006741573033708,1.3045454545454545,,stack_resolved_hist,weekly,0.0,0,0,40,0.8,0.3,4,2
,191,0.7553672316384181,,,0.2774869109947644,0.3379032258064516,0.8212023141611167,0.4801656400163954,-19.98253887196643,0.8212023141611167,,,,0.711864406779661,0.8107344632768362,0.7197346600331676,0.5268817204301075,0.8212023141611167,0.7553672316384181,0.7553672316384181,0.6449438202247191,0.875,,stack_resolved_hist,weekly,0.0,0,0,40,0.8,0.5,3,1
,278,1.0994350282485876,,,0.29136690647482016,0.3379032258064516,0.8622791504266755,0.4801656400163954,-4.252340745354914,0.8622791504266755,,,,0.9887005649717514,1.1864406779661016,0.7416267942583731,0.73992673992674,0.8622791504266755,1.0994350282485876,1.0994350282485876,0.8808988764044944,1.295,,stack_resolved_hist,weekly,0.0,0,0,40,0.8,0.5,3,2
,188,0.7435028248587571,,,0.28191489361702127,0.3379032258064516,0.8343066064083684,0.4801656400163954,-10.823043623648081,0.8343066064083684,,,,0.672316384180791,0.8107344632768362,0.6532045654082529,0.5081967213114754,0.8343066064083684,0.7435028248587571,0.7435028248587571,0.6449438202247191,0.8575,,stack_resolved_hist,weekly,0.0,0,0,40,0.8,0.5,4,1
,271,1.0717514124293785,,,0.2988929889298893,0.3379032258064516,0.8845520436111283,0.4801656400163954,-0.13630352012254884,0.8845520436111283,,,,0.9293785310734464,1.1666666666666667,0.7685950413223139,0.7255639097744361,0.8845520436111283,1.0717514124293785,1.0717514124293785,0.8494382022471911,1.26,,stack_resolved_hist,weekly,0.0,0,0,40,0.8,0.5,4,2
,154,0.6090395480225989,,,0.2922077922077922,0.3379032258064516,0.8647676905433469,0.4801656400163954,-7.817934133855091,0.8647676905433469,,,,0.5734463276836158,0.652542372881356,0.7658260422027793,0.48322147651006714,0.8647676905433469,0.6090395480225989,0.6090395480225989,0.45617977528089887,0.7174999999999999,,stack_resolved_hist,weekly,0.0,0,0,40,0.8,0.65,3,1
,236,0.9333333333333335,,,0.2966101694915254,0.3379032258064516,0.8777962056551111,0.4801656400163954,1.2565457047565993,0.8777962056551111,,,,0.8502824858757062,0.9887005649717514,0.7632575757575757,0.7229437229437229,0.8777962056551111,0.9333333333333335,0.9333333333333335,0.6449438202247191,1.1375,,stack_resolved_hist,weekly,0.0,0,0,40,0.8,0.65,3,2
,150,0.5932203389830508,,,0.28,0.3379032258064516,0.8286396181384249,0.4801656400163954,-5.8342838663034255,0.8286396181384249,,,,0.5338983050847458,0.632768361581921,0.685461580983969,0.4689655172413793,0.8286396181384249,0.5932203389830508,0.5932203389830508,0.45617977528089887,0.6825,,stack_resolved_hist,weekly,0.0,0,0,40,0.8,0.65,4,1
,229,0.9056497175141243,,,0.2925764192139738,0.3379032258064516,0.8658586153349106,0.4801656400163954,0.8153805883916853,0.8658586153349106,,,,0.7909604519774012,0.9689265536723164,0.7628813124839785,0.7142857142857143,0.8658586153349106,0.9056497175141243,0.9056497175141243,0.6292134831460674,1.085,,stack_resolved_hist,weekly,0.0,0,0,40,0.8,0.65,4,2
,255,1.0084745762711864,,,0.30196078431372547,0.3379032258064516,0.8936309607375169,0.4801656400163954,2.223630374109634,0.8936309607375169,,,,1.0084745762711864,1.0084745762711864,0.8788093550673283,0.772,0.8936309607375169,1.0084745762711864,1.0084745762711864,1.0224719101123596,1.05,,stack_resolved_hist,weekly,0.0,0,0,40,0.85,0.0,3,1
,329,1.301129943502825,,,0.3130699088145897,0.3379032258064516,0.9265076060384039,0.4801656400163954,7.9802745701948,0.9265076060384039,,,,1.265536723163842,1.3248587570621468,0.8412483039348709,0.8858024691358025,0.9265076060384039,1.301129943502825,1.301129943502825,1.2269662921348314,1.4,,stack_resolved_hist,weekly,0.0,0,0,40,0.85,0.0,3,2
,255,1.0084745762711864,,,0.30980392156862746,0.3379032258064516,0.9168421545229071,0.4801656400163954,1.7034664297576991,0.9168421545229071,,,,1.0084745762711864,1.0084745762711864,0.7616347743916844,0.78,0.9168421545229071,1.0084745762711864,1.0084745762711864,1.0224719101123596,1.05,,stack_resolved_hist,weekly,0.0,0,0,40,0.85,0.0,4,1
,327,1.293220338983051,,,0.327217125382263,0.3379032258064516,0.9683752636611125,0.4801656400163954,9.321052169454378,0.9683752636611125,,,,1.265536723163842,1.3248587570621468,0.8403614457831325,0.8881987577639752,0.9683752636611125,1.293220338983051,1.293220338983051,1.21123595505618,1.4,,stack_resolved_hist,weekly,0.0,0,0,40,0.85,0.0,4,2
,213,0.8423728813559322,,,0.3286384976525822,0.3379032258064516,0.9725817114300762,0.4801656400163954,0.902435657421003,0.9725817114300762,,,,0.8107344632768362,0.8700564971751413,0.8016456068175141,0.5576923076923077,0.9725817114300762,0.8423728813559322,0.8423728813559322,0.755056179775281,0.9068181818181819,,stack_resolved_hist,weekly,0.0,0,0,40,0.85,0.3,3,1
,286,1.1310734463276837,,,0.3356643356643357,0.3379032258064516,0.9933741675985114,0.4801656400163954,8.357881849479938,0.9933741675985114,,,,1.0677966101694916,1.1666666666666667,0.8299866131191433,0.7330960854092526,0.9933741675985114,1.1310734463276837,1.1310734463276837,0.9595505617977528,1.2425,,stack_resolved_hist,weekly,0.0,0,0,40,0.85,0.3,3,2
,212,0.8384180790960452,,,0.3018867924528302,0.3379032258064516,0.8934119872112397,0.4801656400163954,-1.242909439784043,0.8934119872112397,,,,0.8107344632768362,0.8502824858757062,0.6025685525859078,0.5555555555555556,0.8934119872112397,0.8384180790960452,0.8384180790960452,0.755056179775281,0.9068181818181819,,stack_resolved_hist,weekly,0.0,0,0,40,0.85,0.3,4,1
,282,1.1152542372881356,,,0.3262411347517731,0.3379032258064516,0.9654868904348416,0.4801656400163954,8.802124523846617,0.9654868904348416,,,,1.0677966101694916,1.1468926553672316,0.8592750533049042,0.7328519855595668,0.9654868904348416,1.1152542372881356,1.1152542372881356,0.9438202247191012,1.2425,,stack_resolved_hist,weekly,0.0,0,0,40,0.85,0.3,4,2
,188,0.7435028248587571,,,0.2765957446808511,0.3379032258064516,0.8185649723251918,0.4801656400163954,-17.280810856234126,0.8185649723251918,,,,0.711864406779661,0.7909604519774012,0.7197346600331676,0.5191256830601093,0.8185649723251918,0.7435028248587571,0.7435028248587571,0.6292134831460674,0.875,,stack_resolved_hist,weekly,0.0,0,0,40,0.85,0.5,3,1
,260,1.0282485875706215,,,0.3,0.3379032258064516,0.8878281622911695,0.4801656400163954,-2.0507496385120074,0.8878281622911695,,,,0.9689265536723164,1.0875706214689267,0.7444253859348199,0.7215686274509804,0.8878281622911695,1.0282485875706215,1.0282485875706215,0.8179775280898877,1.2249999999999999,,stack_resolved_hist,weekly,0.0,0,0,40,0.85,0.5,3,2
,185,0.731638418079096,,,0.2810810810810811,0.3379032258064516,0.8318389989034382,0.4801656400163954,-8.768836665215932,0.8318389989034382,,,,0.672316384180791,0.7909604519774012,0.6532045654082529,0.49444444444444446,0.8318389989034382,0.731638418079096,0.731638418079096,0.6292134831460674,0.8575,,stack_resolved_hist,weekly,0.0,0,0,40,0.85,0.5,4,1
,254,1.0045197740112994,,,0.3110236220472441,0.3379032258064516,0.9204517693044934,0.4801656400163954,2.681339040571263,0.9204517693044934,,,,0.9096045197740114,1.0677966101694916,0.8507718696397941,0.7108433734939759,0.9204517693044934,1.0045197740112994,1.0045197740112994,0.802247191011236,1.2075,,stack_resolved_hist,weekly,0.0,0,0,40,0.85,0.5,4,2
,148,0.5853107344632769,,,0.2905405405405405,0.3379032258064516,0.8598335805973037,0.4801656400163954,-6.714924036007457,0.8598335805973037,,,,0.5536723163841808,0.612994350282486,0.7931769722814499,0.46153846153846156,0.8598335805973037,0.5853107344632769,0.5853107344632769,0.42471910112359557,0.7174999999999999,,stack_resolved_hist,weekly,0.0,0,0,40,0.85,0.65,3,1
,218,0.8621468926553673,,,0.3165137614678899,0.3379032258064516,0.9366994372796742,0.4801656400163954,5.104103268203973,0.9366994372796742,,,,0.8107344632768362,0.9096045197740114,0.7964426877470355,0.6948356807511737,0.9366994372796742,0.8621468926553673,0.8621468926553673,0.5820224719101125,1.0675,,stack_resolved_hist,weekly,0.0,0,0,40,0.85,0.65,3,2
,142,0.5615819209039548,,,0.2746478873239437,0.3379032258064516,0.8128004302665637,0.4801656400163954,-5.891107574486126,0.8128004302665637,,,,0.5141242937853108,0.612994350282486,0.711825487944891,0.43795620437956206,0.8128004302665637,0.5615819209039548,0.5615819209039548,0.42471910112359557,0.6825,,stack_resolved_hist,weekly,0.0,0,0,40,0.85,0.65,4,1
,209,0.8265536723163841,,,0.31100478468899523,0.3379032258064516,0.9203960215139716,0.4801656400163954,3.8316225328487175,0.9203960215139716,,,,0.7514124293785311,0.9096045197740114,0.857707509881423,0.6911764705882353,0.9203960215139716,0.8265536723163841,0.8265536723163841,0.5662921348314607,1.0325,,stack_resolved_hist,weekly,0.0,0,0,40,0.85,0.65,4,2
,255,1.0084745762711864,,,0.3137254901960784,0.3379032258064516,0.9284477514156021,0.4801656400163954,3.342581492822333,0.9284477514156021,,,,1.0084745762711864,1.0084745762711864,0.8841354723707664,0.796,0.9284477514156021,1.0084745762711864,1.0084745762711864,1.0224719101123596,1.05,,stack_resolved_hist,weekly,0.0,0,0,40,0.9,0.0,3,1
,309,1.2220338983050847,,,0.3268608414239482,0.3379032258064516,0.967320867221231,0.4801656400163954,7.8982601366031036,0.967320867221231,,,,1.1864406779661016,1.2853107344632768,0.8671328671328672,0.8881578947368421,0.967320867221231,1.2220338983050847,1.2220338983050847,1.164044943820225,1.365,,stack_resolved_hist,weekly,0.0,0,0,40,0.9,0.0,3,2
,255,1.0084745762711864,,,0.3176470588235294,0.3379032258064516,0.940053348308297,0.4801656400163954,2.354440534424327,0.940053348308297,,,,1.0084745762711864,1.0084745762711864,0.8202220647295064,0.812,0.940053348308297,1.0084745762711864,1.0084745762711864,1.0224719101123596,1.05,,stack_resolved_hist,weekly,0.0,0,0,40,0.9,0.0,4,1
,307,1.2141242937853107,,,0.33876221498371334,0.3379032258064516,1.0025421159422543,0.4801656400163954,8.287957088288032,1.0025421159422543,,,,1.1864406779661016,1.265536723163842,0.8806818181818181,0.8973509933774835,1.0025421159422543,1.2141242937853107,1.2141242937853107,1.148314606741573,1.365,,stack_resolved_hist,weekly,0.0,0,0,40,0.9,0.0,4,2
,213,0.8423728813559322,,,0.3427230046948357,0.3379032258064516,1.0142637847770795,0.4801656400163954,2.3342526320597785,1.0142637847770795,,,,0.8107344632768362,0.8700564971751413,0.8745224801645607,0.5721153846153846,1.0142637847770795,0.8423728813559322,0.8423728813559322,0.755056179775281,0.9068181818181819,,stack_resolved_hist,weekly,0.0,0,0,40,0.9,0.3,3,1
,267,1.0559322033898306,,,0.352059925093633,0.3379032258064516,1.0418957210408233,0.4801656400163954,7.810486562432196,1.0418957210408233,,,,0.9887005649717514,1.1073446327683616,0.8963855421686747,0.7175572519083969,1.0418957210408233,1.0559322033898306,1.0559322033898306,0.8966292134831462,1.2075,,stack_resolved_hist,weekly,0.0,0,0,40,0.9,0.3,3,2
,212,0.8384180790960452,,,0.3160377358490566,0.3379032258064516,0.9352906741117666,0.4801656400163954,-0.46914160022167095,0.9352906741117666,,,,0.8107344632768362,0.8502824858757062,0.6886497743838945,0.5652173913043478,0.9352906741117666,0.8384180790960452,0.8384180790960452,0.755056179775281,0.9068181818181819,,stack_resolved_hist,weekly,0.0,0,0,40,0.9,0.3,4,1
,264,1.0440677966101695,,,0.3409090909090909,0.3379032258064516,1.0088956389672379,0.4801656400163954,6.986979055224353,1.0088956389672379,,,,0.9887005649717514,1.0875706214689267,0.9561445783132531,0.7104247104247104,1.0088956389672379,1.0440677966101695,1.0440677966101695,0.8808988764044944,1.2075,,stack_resolved_hist,weekly,0.0,0,0,40,0.9,0.3,4,2
,187,0.7395480225988701,,,0.29411764705882354,0.3379032258064516,0.870419766952127,0.4801656400163954,-15.80147453434311,0.870419766952127,,,,0.711864406779661,0.7909604519774012,0.8157894736842105,0.5274725274725275,0.870419766952127,0.7395480225988701,0.7395480225988701,0.6134831460674157,0.875,,stack_resolved_hist,weekly,0.0,0,0,40,0.9,0.5,3,1
,240,0.9491525423728814,,,0.31666666666666665,0.3379032258064516,0.9371519490851233,0.4801656400163954,-4.498446447977212,0.9371519490851233,,,,0.8898305084745763,1.0282485875706215,0.8129370629370628,0.6936170212765957,0.9371519490851233,0.9491525423728814,0.9491525423728814,0.7393258426966293,1.19,,stack_resolved_hist,weekly,0.0,0,0,40,0.9,0.5,3,2
,184,0.727683615819209,,,0.29891304347826086,0.3379032258064516,0.884611393587216,0.4801656400163954,-7.917636108852419,0.884611393587216,,,,0.672316384180791,0.7909604519774012,0.7616707616707616,0.49162011173184356,0.884611393587216,0.727683615819209,0.727683615819209,0.6134831460674157,0.8575,,stack_resolved_hist,weekly,0.0,0,0,40,0.9,0.5,4,1
,235,0.9293785310734464,,,0.3276595744680851,0.3379032258064516,0.9696846595236885,0.4801656400163954,0.19052948173814263,0.9696846595236885,,,,0.8502824858757062,0.9887005649717514,0.7890909090909092,0.6652173913043479,0.9696846595236885,0.9293785310734464,0.9293785310734464,0.7235955056179775,1.1725,,stack_resolved_hist,weekly,0.0,0,0,40,0.9,0.5,4,2
,143,0.5655367231638418,,,0.3006993006993007,0.3379032258064516,0.8898976918069996,0.4801656400163954,-4.528976854821266,0.8898976918069996,,,,0.5141242937853108,0.5932203389830508,0.7515151515151515,0.463768115942029,0.8898976918069996,0.5655367231638418,0.5655367231638418,0.36179775280898874,0.7174999999999999,,stack_resolved_hist,weekly,0.0,0,0,40,0.9,0.65,3,1
,196,0.7751412429378532,,,0.33163265306122447,0.3379032258064516,0.9814426964103063,0.4801656400163954,6.553363007318887,0.9814426964103063,,,,0.731638418079096,0.8700564971751413,0.7685950413223139,0.6649214659685864,0.9814426964103063,0.7751412429378532,0.7751412429378532,0.4876404494382023,1.0325,,stack_resolved_hist,weekly,0.0,0,0,40,0.9,0.65,3,2
,135,0.5338983050847458,,,0.28888888888888886,0.3379032258064516,0.8549456377618668,0.4801656400163954,-4.207357144660855,0.8549456377618668,,,,0.4943502824858757,0.5734463276836158,0.7619047619047619,0.43846153846153846,0.8549456377618668,0.5338983050847458,0.5338983050847458,0.36179775280898874,0.6825,,stack_resolved_hist,weekly,0.0,0,0,40,0.9,0.65,4,1
,186,0.7355932203389831,,,0.3279569892473118,0.3379032258064516,0.9705648369132855,0.4801656400163954,5.019496009183295,0.9705648369132855,,,,0.692090395480226,0.8305084745762712,0.8051948051948051,0.6464088397790055,0.9705648369132855,0.7355932203389831,0.7355932203389831,0.4719101123595506,0.9975,,stack_resolved_hist,weekly,0.0,0,0,40,0.9,0.65,4,2
,255,1.0084745762711864,,,0.30980392156862746,0.3379032258064516,0.9168421545229071,0.4801656400163954,2.3159417516145826,0.9168421545229071,,,,1.0084745762711864,1.0084745762711864,0.8202220647295064,0.776,0.9168421545229071,1.0084745762711864,1.0084745762711864,1.0224719101123596,1.05,,stack_resolved_hist,weekly,0.0,0,0,60,0.75,0.0,3,1
,364,1.4395480225988702,,,0.3076923076923077,0.3379032258064516,0.9105929869653021,0.4801656400163954,8.79216852758391,0.9105929869653021,,,,1.364406779661017,1.4830508474576272,0.8479322696190166,0.9025069637883009,0.9105929869653021,1.4395480225988702,1.4395480225988702,1.3213483146067417,1.575,,stack_resolved_hist,weekly,0.0,0,0,60,0.75,0.0,3,2
,255,1.0084745762711864,,,0.3215686274509804,0.3379032258064516,0.9516589452009921,0.4801656400163954,2.14045785385489,0.9516589452009921,,,,1.0084745762711864,1.0084745762711864,0.7616347743916844,0.756,0.9516589452009921,1.0084745762711864,1.0084745762711864,1.0224719101123596,1.05,,stack_resolved_hist,weekly,0.0,0,0,60,0.75,0.0,4,1
,363,1.435593220338983,,,0.31955922865013775,0.3379032258064516,0.9457122757187848,0.4801656400163954,10.43765996821263,0.9457122757187848,,,,1.364406779661017,1.4830508474576272,0.8075545424943016,0.8798882681564246,0.9457122757187848,1.435593220338983,1.435593220338983,1.30561797752809,1.575,,stack_resolved_hist,weekly,0.0,0,0,60,0.75,0.0,4,2
,220,0.8700564971751413,,,0.32727272727272727,0.3379032258064516,0.9685398134085486,0.4801656400163954,2.549874525434734,0.9685398134085486,,,,0.8502824858757062,0.8898305084745763,0.6948725133090502,0.6,0.9685398134085486,0.8700564971751413,0.8700564971751413,0.7707865168539327,0.9704545454545455,,stack_resolved_hist,weekly,0.0,0,0,60,0.75,0.3,3,1
,327,1.293220338983051,,,0.3211009174311927,0.3379032258064516,0.9502747914431479,0.4801656400163954,10.639839157125717,0.9502747914431479,,,,1.225988700564972,1.344632768361582,0.7814643188137165,0.7919254658385093,0.9502747914431479,1.293220338983051,1.293220338983051,1.0696629213483146,1.4525000000000001,,stack_resolved_hist,weekly,0.0,0,0,60,0.75,0.3,3,2
,218,0.8621468926553673,,,0.3211009174311927,0.3379032258064516,0.9502747914431479,0.4801656400163954,3.9536106668822963,0.9502747914431479,,,,0.8305084745762712,0.8898305084745763,0.7643597646399553,0.5868544600938967,0.9502747914431479,0.8621468926553673,0.8621468926553673,0.7707865168539327,0.9704545454545455,,stack_resolved_hist,weekly,0.0,0,0,60,0.75,0.3,4,1
,323,1.2774011299435029,,,0.3219814241486068,0.3379032258064516,0.9528805869791706,0.4801656400163954,13.33532038077126,0.9528805869791706,,,,1.1666666666666667,1.344632768361582,0.8274328081556999,0.7767295597484277,0.9528805869791706,1.2774011299435029,1.2774011299435029,1.053932584269663,1.4477272727272728,,stack_resolved_hist,weekly,0.0,0,0,60,0.75,0.3,4,2
,195,0.7711864406779662,,,0.30256410256410254,0.3379032258064516,0.8954164371825469,0.4801656400163954,-14.403046644690749,0.8954164371825469,,,,0.731638418079096,0.8305084745762712,0.800322710770472,0.5684210526315789,0.8954164371825469,0.7711864406779662,0.7711864406779662,0.6449438202247191,0.875,,stack_resolved_hist,weekly,0.0,0,0,60,0.75,0.5,3,1
,301,1.1903954802259888,,,0.30564784053156147,0.3379032258064516,0.9045425352246688,0.4801656400163954,1.850433430451221,0.9045425352246688,,,,1.0875706214689267,1.2853107344632768,0.8454545454545453,0.7837837837837838,0.9045425352246688,1.1903954802259888,1.1903954802259888,0.9280898876404495,1.4,,stack_resolved_hist,weekly,0.0,0,0,60,0.75,0.5,3,2
,194,0.7672316384180791,,,0.31443298969072164,0.3379032258064516,0.9305415446694388,0.4801656400163954,-2.4833506370500933,0.9305415446694388,,,,0.711864406779661,0.8305084745762712,0.8225538971807629,0.5555555555555556,0.9305415446694388,0.7672316384180791,0.7672316384180791,0.6449438202247191,0.875,,stack_resolved_hist,weekly,0.0,0,0,60,0.75,0.5,4,1
,293,1.1587570621468928,,,0.3037542662116041,0.3379032258064516,0.8989386398625039,0.4801656400163954,5.82746405259577,0.8989386398625039,,,,1.0282485875706215,1.2853107344632768,0.7774294670846394,0.7604166666666666,0.8989386398625039,1.1587570621468928,1.1587570621468928,0.8337078651685393,1.365,,stack_resolved_hist,weekly,0.0,0,0,60,0.75,0.5,4,2
,155,0.612994350282486,,,0.2967741935483871,0.3379032258064516,0.8782816229116945,0.4801656400163954,-1.3043189162437956,0.8782816229116945,,,,0.5734463276836158,0.652542372881356,0.8080808080808081,0.49333333333333335,0.8782816229116945,0.612994350282486,0.612994350282486,0.4719101123595506,0.7174999999999999,,stack_resolved_hist,weekly,0.0,0,0,60,0.75,0.65,3,1
,246,0.9728813559322035,,,0.2926829268292683,0.3379032258064516,0.8661738168694336,0.4801656400163954,5.616308320097986,0.8661738168694336,,,,0.9096045197740114,1.0480225988700564,0.8051948051948051,0.7468879668049793,0.8661738168694336,0.9728813559322035,0.9728813559322035,0.6292134831460674,1.2249999999999999,,stack_resolved_hist,weekly,0.0,0,0,60,0.75,0.65,3,2
,154,0.6090395480225989,,,0.2922077922077922,0.3379032258064516,0.8647676905433469,0.4801656400163954,-1.8302538286769816,0.8647676905433469,,,,0.5734463276836158,0.652542372881356,0.7658260422027793,0.4899328859060403,0.8647676905433469,0.6090395480225989,0.6090395480225989,0.4719101123595506,0.7000000000000001,,stack_resolved_hist,weekly,0.0,0,0,60,0.75,0.65,4,1
,243,0.9610169491525424,,,0.2880658436213992,0.3379032258064516,0.8525098952041409,0.4801656400163954,5.09387809902685,0.8525098952041409,,,,0.8898305084745763,1.0480225988700564,0.7927219080403246,0.7394957983193278,0.8525098952041409,0.9610169491525424,0.9610169491525424,0.6134831460674157,1.19,,stack_resolved_hist,weekly,0.0,0,0,60,0.75,0.65,4,2
,255,1.0084745762711864,,,0.3137254901960784,0.3379032258064516,0.9284477514156021,0.4801656400163954,3.1733410719893818,0.9284477514156021,,,,1.0084745762711864,1.0084745762711864,0.8788093550673283,0.768,0.9284477514156021,1.0084745762711864,1.0084745762711864,1.0224719101123596,1.05,,stack_resolved_hist,weekly,0.0,0,0,60,0.8,0.0,3,1
,333,1.3169491525423729,,,0.30930930930930933,0.3379032258064516,0.91537838554545,0.4801656400163954,6.5892702263623,0.91537838554545,,,,1.2853107344632768,1.384180790960452,0.8412483039348709,0.8780487804878049,0.91537838554545,1.3169491525423729,1.3169491525423729,1.148314606741573,1.4875,,stack_resolved_hist,weekly,0.0,0,0,60,0.8,0.0,3,2
,255,1.0084745762711864,,,0.32941176470588235,0.3379032258064516,0.9748701389863822,0.4801656400163954,4.106936355068492,0.9748701389863822,,,,1.0084745762711864,1.0084745762711864,0.8202220647295064,0.768,0.9748701389863822,1.0084745762711864,1.0084745762711864,1.0224719101123596,1.05,,stack_resolved_hist,weekly,0.0,0,0,60,0.8,0.0,4,1
,332,1.3129943502824861,,,0.3313253012048193,0.3379032258064516,0.9805331109641431,0.4801656400163954,8.531112539838116,0.9805331109641431,,,,1.2853107344632768,1.364406779661017,0.8274328081556999,0.8685015290519877,0.9805331109641431,1.3129943502824861,1.3129943502824861,1.1325842696629214,1.4875,,stack_resolved_hist,weekly,0.0,0,0,60,0.8,0.0,4,2
,220,0.8700564971751413,,,0.33181818181818185,0.3379032258064516,0.9819917552614451,0.4801656400163954,3.7639627737162846,0.9819917552614451,,,,0.8502824858757062,0.8898305084745763,0.7643597646399553,0.586046511627907,0.9819917552614451,0.8700564971751413,0.8700564971751413,0.7707865168539327,0.9704545454545455,,stack_resolved_hist,weekly,0.0,0,0,60,0.8,0.3,3,1
,296,1.1706214689265537,,,0.32432432432432434,0.3379032258064516,0.9598142295039671,0.4801656400163954,8.918216678480942,0.9598142295039671,,,,1.1271186440677967,1.225988700564972,0.7863031071655041,0.7525773195876289,0.9598142295039671,1.1706214689265537,1.1706214689265537,0.8808988764044944,1.365,,stack_resolved_hist,weekly,0.0,0,0,60,0.8,0.3,3,2
,218,0.8621468926553673,,,0.3211009174311927,0.3379032258064516,0.9502747914431479,0.4801656400163954,5.288819027441637,0.9502747914431479,,,,0.8305084745762712,0.8898305084745763,0.7050461975835111,0.5774647887323944,0.9502747914431479,0.8621468926553673,0.8621468926553673,0.7707865168539327,0.9704545454545455,,stack_resolved_hist,weekly,0.0,0,0,60,0.8,0.3,4,1
,292,1.1548022598870056,,,0.3287671232876712,0.3379032258064516,0.9729623696341583,0.4801656400163954,10.514714730616248,0.9729623696341583,,,,1.0875706214689267,1.2062146892655368,0.838723314309871,0.7386759581881533,0.9729623696341583,1.1548022598870056,1.1548022598870056,0.8808988764044944,1.3299999999999998,,stack_resolved_hist,weekly,0.0,0,0,60,0.8,0.3,4,2
,195,0.7711864406779662,,,0.3076923076923077,0.3379032258064516,0.9105929869653021,0.4801656400163954,-12.572195253535753,0.9105929869653021,,,,0.731638418079096,0.8305084745762712,0.800322710770472,0.5473684210526316,0.9105929869653021,0.7711864406779662,0.7711864406779662,0.6449438202247191,0.875,,stack_resolved_hist,weekly,0.0,0,0,60,0.8,0.5,3,1
,271,1.0717514124293785,,,0.3062730627306273,0.3379032258064516,0.9063928348114031,0.4801656400163954,-2.361098700467508,0.9063928348114031,,,,1.0084745762711864,1.1666666666666667,0.7828282828282829,0.7330827067669173,0.9063928348114031,1.0717514124293785,1.0717514124293785,0.755056179775281,1.3125,,stack_resolved_hist,weekly,0.0,0,0,60,0.8,0.5,3,2
,193,0.7632768361581922,,,0.3160621761658031,0.3379032258064516,0.9353630034501095,0.4801656400163954,-0.396235301308162,0.9353630034501095,,,,0.692090395480226,0.8305084745762712,0.7402985074626867,0.5372340425531915,0.9353630034501095,0.7632768361581922,0.7632768361581922,0.6449438202247191,0.8590909090909091,,stack_resolved_hist,weekly,0.0,0,0,60,0.8,0.5,4,1
,266,1.0519774011299436,,,0.3233082706766917,0.3379032258064516,0.956807292694744,0.4801656400163954,5.257367378256681,0.956807292694744,,,,0.9293785310734464,1.1468926553672316,0.8350168350168349,0.7241379310344828,0.956807292694744,1.0519774011299436,1.0519774011299436,0.7393258426966293,1.26,,stack_resolved_hist,weekly,0.0,0,0,60,0.8,0.5,4,2
,153,0.6050847457627119,,,0.30718954248366015,0.3379032258064516,0.909105089927777,0.4801656400163954,0.9835754633722447,0.909105089927777,,,,0.5734463276836158,0.652542372881356,0.8333333333333334,0.4594594594594595,0.909105089927777,0.6050847457627119,0.6050847457627119,0.45617977528089887,0.7174999999999999,,stack_resolved_hist,weekly,0.0,0,0,60,0.8,0.65,3,1
,227,0.8977401129943503,,,0.3039647577092511,0.3379032258064516,0.8995615741276166,0.4801656400163954,6.458410646534761,0.8995615741276166,,,,0.8305084745762712,0.9689265536723164,0.7351778656126482,0.7027027027027027,0.8995615741276166,0.8977401129943503,0.8977401129943503,0.550561797752809,1.1549999999999998,,stack_resolved_hist,weekly,0.0,0,0,60,0.8,0.65,3,2
,149,0.5892655367231638,,,0.30201342281879195,0.3379032258064516,0.89378674056158,0.4801656400163954,0.7616971626097756,0.89378674056158,,,,0.5338983050847458,0.632768361581921,0.685461580983969,0.4583333333333333,0.89378674056158,0.5892655367231638,0.5892655367231638,0.45617977528089887,0.6825,,stack_resolved_hist,weekly,0.0,0,0,60,0.8,0.65,4,1
,221,0.8740112994350283,,,0.31221719457013575,0.3379032258064516,0.923984060303027,0.4801656400163954,6.686989255994903,0.923984060303027,,,,0.7711864406779662,0.9491525423728814,0.857707509881423,0.6990740740740741,0.923984060303027,0.8740112994350283,0.8740112994350283,0.550561797752809,1.085,,stack_resolved_hist,weekly,0.0,0,0,60,0.8,0.65,4,2
,255,1.0084745762711864,,,0.30980392156862746,0.3379032258064516,0.9168421545229071,0.4801656400163954,2.93333133360104,0.9168421545229071,,,,1.0084745762711864,1.0084745762711864,0.8788093550673283,0.78,0.9168421545229071,1.0084745762711864,1.0084745762711864,1.0224719101123596,1.05,,stack_resolved_hist,weekly,0.0,0,0,60,0.85,0.0,3,1
,321,1.269491525423729,,,0.3146417445482866,0.3379032258064516,0.9311593394746429,0.4801656400163954,7.383588163149426,0.9311593394746429,,,,1.225988700564972,1.305084745762712,0.8671328671328672,0.8829113924050633,0.9311593394746429,1.269491525423729,1.269491525423729,1.1325842696629214,1.4175,,stack_resolved_hist,weekly,0.0,0,0,60,0.85,0.0,3,2
,255,1.0084745762711864,,,0.3176470588235294,0.3379032258064516,0.940053348308297,0.4801656400163954,3.0932254562794217,0.940053348308297,,,,1.0084745762711864,1.0084745762711864,0.7616347743916844,0.788,0.940053348308297,1.0084745762711864,1.0084745762711864,1.0224719101123596,1.05,,stack_resolved_hist,weekly,0.0,0,0,60,0.85,0.0,4,1
,320,1.265536723163842,,,0.328125,0.3379032258064516,0.9710620525059667,0.4801656400163954,7.651744413259008,0.9710620525059667,,,,1.225988700564972,1.2853107344632768,0.8674698795180724,0.8857142857142857,0.9710620525059667,1.265536723163842,1.265536723163842,1.1325842696629214,1.4175,,stack_resolved_hist,weekly,0.0,0,0,60,0.85,0.0,4,2
,219,0.8661016949152542,,,0.3287671232876712,0.3379032258064516,0.9729623696341583,0.4801656400163954,4.096402835953972,0.9729623696341583,,,,0.8305084745762712,0.8898305084745763,0.7825588066551923,0.5887850467289719,0.9729623696341583,0.8661016949152542,0.8661016949152542,0.755056179775281,0.9704545454545455,,stack_resolved_hist,weekly,0.0,0,0,60,0.85,0.3,3,1
,284,1.1231638418079095,,,0.33098591549295775,0.3379032258064516,0.9795287236545767,0.4801656400163954,9.362307595426325,0.9795287236545767,,,,1.0480225988700564,1.1666666666666667,0.8456467378949761,0.7419354838709677,0.9795287236545767,1.1231638418079095,1.1231638418079095,0.8651685393258427,1.295,,stack_resolved_hist,weekly,0.0,0,0,60,0.85,0.3,3,2
,217,0.8581920903954803,,,0.3087557603686636,0.3379032258064516,0.9137401977497444,0.4801656400163954,4.4980979314906495,0.9137401977497444,,,,0.8305084745762712,0.8898305084745763,0.7050461975835111,0.5801886792452831,0.9137401977497444,0.8581920903954803,0.8581920903954803,0.755056179775281,0.9704545454545455,,stack_resolved_hist,weekly,0.0,0,0,60,0.85,0.3,4,1
,280,1.1073446327683616,,,0.325,0.3379032258064516,0.9618138424821003,0.4801656400163954,9.943885916424799,0.9618138424821003,,,,1.0480225988700564,1.1468926553672316,0.874898236092266,0.7345454545454545,0.9618138424821003,1.1073446327683616,1.1073446327683616,0.8651685393258427,1.2774999999999999,,stack_resolved_hist,weekly,0.0,0,0,60,0.85,0.3,4,2
,193,0.7632768361581922,,,0.30569948186528495,0.3379032258064516,0.9046953639927288,0.4801656400163954,-10.934031647527442,0.9046953639927288,,,,0.731638418079096,0.8107344632768362,0.800322710770472,0.5425531914893617,0.9046953639927288,0.7632768361581922,0.7632768361581922,0.6292134831460674,0.875,,stack_resolved_hist,weekly,0.0,0,0,60,0.85,0.5,3,1
,258,1.0203389830508476,,,0.313953488372093,0.3379032258064516,0.9291224954209913,0.4801656400163954,-1.3507169455257364,0.9291224954209913,,,,0.9689265536723164,1.0875706214689267,0.8129370629370628,0.7193675889328063,0.9291224954209913,1.0203389830508476,1.0203389830508476,0.7393258426966293,1.2425,,stack_resolved_hist,weekly,0.0,0,0,60,0.85,0.5,3,2
,191,0.7553672316384181,,,0.3089005235602094,0.3379032258064516,0.9141686138774694,0.4801656400163954,0.10687602886447618,0.9141686138774694,,,,0.692090395480226,0.8107344632768362,0.7402985074626867,0.5268817204301075,0.9141686138774694,0.7553672316384181,0.7553672316384181,0.6292134831460674,0.8575,,stack_resolved_hist,weekly,0.0,0,0,60,0.85,0.5,4,1
,253,1.0005649717514125,,,0.3241106719367589,0.3379032258064516,0.9591819408152292,0.4801656400163954,5.479103199168666,0.9591819408152292,,,,0.9293785310734464,1.0480225988700564,0.8663067640520801,0.7137096774193549,0.9591819408152292,1.0005649717514125,1.0005649717514125,0.7235955056179775,1.2075,,stack_resolved_hist,weekly,0.0,0,0,60,0.85,0.5,4,2
,147,0.5813559322033899,,,0.29931972789115646,0.3379032258064516,0.8858149465036611,0.4801656400163954,0.20000487138363543,0.8858149465036611,,,,0.5536723163841808,0.5932203389830508,0.7999999999999999,0.43661971830985913,0.8858149465036611,0.5813559322033899,0.5813559322033899,0.42471910112359557,0.7174999999999999,,stack_resolved_hist,weekly,0.0,0,0,60,0.85,0.65,3,1
,211,0.8344632768361583,,,0.3127962085308057,0.3379032258064516,0.9256976099718355,0.4801656400163954,6.661787127004486,0.9256976099718355,,,,0.7909604519774012,0.8700564971751413,0.7685950413223139,0.6747572815533981,0.9256976099718355,0.8344632768361583,0.8344632768361583,0.5191011235955056,1.085,,stack_resolved_hist,weekly,0.0,0,0,60,0.85,0.65,3,2
,142,0.5615819209039548,,,0.2887323943661972,0.3379032258064516,0.8544825036135669,0.4801656400163954,-1.0188730141897353,0.8544825036135669,,,,0.5141242937853108,0.5932203389830508,0.711825487944891,0.4306569343065693,0.8544825036135669,0.5615819209039548,0.5615819209039548,0.42471910112359557,0.6825,,stack_resolved_hist,weekly,0.0,0,0,60,0.85,0.65,4,1
,204,0.8067796610169491,,,0.3137254901960784,0.3379032258064516,0.9284477514156021,0.4801656400163954,5.985881469909879,0.9284477514156021,,,,0.7514124293785311,0.8700564971751413,0.8766692851531814,0.6733668341708543,0.9284477514156021,0.8067796610169491,0.8067796610169491,0.5191011235955056,1.0325,,stack_resolved_hist,weekly,0.0,0,0,60,0.85,0.65,4,2
,255,1.0084745762711864,,,0.3215686274509804,0.3379032258064516,0.9516589452009921,0.4801656400163954,5.323568909718095,0.9516589452009921,,,,1.0084745762711864,1.0084745762711864,0.8888888888888888,0.804,0.9516589452009921,1.0084745762711864,1.0084745762711864,1.0224719101123596,1.05,,stack_resolved_hist,weekly,0.0,0,0,60,0.9,0.0,3,1
,302,1.1943502824858758,,,0.32781456953642385,0.3379032258064516,0.9701433561459799,0.4801656400163954,8.97541444815178,0.9701433561459799,,,,1.1468926553672316,1.2457627118644068,0.8946608946608946,0.8855218855218855,0.9701433561459799,1.1943502824858758,1.1943502824858758,1.0853932584269663,1.365,,stack_resolved_hist,weekly,0.0,0,0,60,0.9,0.0,3,2
,255,1.0084745762711864,,,0.32941176470588235,0.3379032258064516,0.9748701389863822,0.4801656400163954,4.8975453537868265,0.9748701389863822,,,,1.0084745762711864,1.0084745762711864,0.8202220647295064,0.82,0.9748701389863822,1.0084745762711864,1.0084745762711864,1.0224719101123596,1.05,,stack_resolved_hist,weekly,0.0,0,0,60,0.9,0.0,4,1
,301,1.1903954802259888,,,0.34219269102990035,0.3379032258064516,1.012694360088488,0.4801656400163954,8.872794205973277,1.012694360088488,,,,1.1468926553672316,1.225988700564972,0.9090909090909091,0.8952702702702703,1.012694360088488,1.1903954802259888,1.1903954802259888,1.0853932584269663,1.365,,stack_resolved_hist,weekly,0.0,0,0,60,0.9,0.0,4,2
,219,0.8661016949152542,,,0.3424657534246575,0.3379032258064516,1.0135024683689149,0.4801656400163954,6.969257001415938,1.0135024683689149,,,,0.8305084745762712,0.8898305084745763,0.8537005163511188,0.6074766355140186,1.0135024683689149,0.8661016949152542,0.8661016949152542,0.755056179775281,0.9704545454545455,,stack_resolved_hist,weekly,0.0,0,0,60,0.9,0.3,3,1
,266,1.0519774011299436,,,0.3458646616541353,0.3379032258064516,1.0235612898594937,0.4801656400163954,10.824557799525616,1.0235612898594937,,,,0.9689265536723164,1.0875706214689267,0.914679124661913,0.7279693486590039,1.0235612898594937,1.0519774011299436,1.0519774011299436,0.8179775280898877,1.2425,,stack_resolved_hist,weekly,0.0,0,0,60,0.9,0.3,3,2
,217,0.8581920903954803,,,0.3271889400921659,0.3379032258064516,0.9682918513467441,0.4801656400163954,6.609351199516556,0.9682918513467441,,,,0.8305084745762712,0.8898305084745763,0.8537005163511188,0.5990566037735849,0.9682918513467441,0.8581920903954803,0.8581920903954803,0.755056179775281,0.9704545454545455,,stack_resolved_hist,weekly,0.0,0,0,60,0.9,0.3,4,1
,263,1.0401129943502825,,,0.34220532319391633,0.3379032258064516,1.012731744058368,0.4801656400163954,10.859567304476839,1.012731744058368,,,,0.9689265536723164,1.0875706214689267,0.9756577329727071,0.7209302325581395,1.012731744058368,1.0401129943502825,1.0401129943502825,0.8179775280898877,1.2425,,stack_resolved_hist,weekly,0.0,0,0,60,0.9,0.3,4,2
,192,0.7593220338983051,,,0.3229166666666667,0.3379032258064516,0.9556483691328561,0.4801656400163954,-8.158502213776876,0.9556483691328561,,,,0.731638418079096,0.8107344632768362,0.8899521531100477,0.5401069518716578,0.9556483691328561,0.7593220338983051,0.7593220338983051,0.6134831460674157,0.875,,stack_resolved_hist,weekly,0.0,0,0,60,0.9,0.5,3,1
,238,0.9412429378531074,,,0.3319327731092437,0.3379032258064516,0.9823308798459718,0.4801656400163954,-0.8206459394548108,0.9823308798459718,,,,0.8898305084745763,0.9887005649717514,0.8454545454545453,0.6824034334763949,0.9823308798459718,0.9412429378531074,0.9412429378531074,0.6606741573033709,1.19,,stack_resolved_hist,weekly,0.0,0,0,60,0.9,0.5,3,2
,190,0.7514124293785311,,,0.3263157894736842,0.3379032258064516,0.9657078256500441,0.4801656400163954,1.9097655485936487,0.9657078256500441,,,,0.692090395480226,0.8107344632768362,0.8460554371002132,0.518918918918919,0.9657078256500441,0.7514124293785311,0.7514124293785311,0.6134831460674157,0.8575,,stack_resolved_hist,weekly,0.0,0,0,60,0.9,0.5,4,1
,235,0.9293785310734464,,,0.3446808510638298,0.3379032258064516,1.0200578885898544,0.4801656400163954,7.671259766409789,1.0200578885898544,,,,0.8502824858757062,0.9887005649717514,0.8627087198515769,0.6652173913043479,1.0200578885898544,0.9293785310734464,0.9293785310734464,0.6606741573033709,1.1725,,stack_resolved_hist,weekly,0.0,0,0,60,0.9,0.5,4,2
,141,0.5576271186440678,,,0.3120567375886525,0.3379032258064516,0.9235091995463701,0.4801656400163954,5.730695216431381,0.9235091995463701,,,,0.5141242937853108,0.5932203389830508,0.7774294670846394,0.4264705882352941,0.9235091995463701,0.5576271186440678,0.5576271186440678,0.36179775280898874,0.7174999999999999,,stack_resolved_hist,weekly,0.0,0,0,60,0.9,0.65,3,1
,187,0.7395480225988701,,,0.3315508021390374,0.3379032258064516,0.9812004645642158,0.4801656400163954,11.957224418385303,0.9812004645642158,,,,0.692090395480226,0.8107344632768362,0.7560975609756098,0.6318681318681318,0.9812004645642158,0.7395480225988701,0.7395480225988701,0.40898876404494383,1.0325,,stack_resolved_hist,weekly,0.0,0,0,60,0.9,0.65,3,2
,134,0.5299435028248588,,,0.30597014925373134,0.3379032258064516,0.9054963844263171,0.4801656400163954,3.6079085759136853,0.9054963844263171,,,,0.4943502824858757,0.5734463276836158,0.735632183908046,0.4186046511627907,0.9054963844263171,0.5299435028248588,0.5299435028248588,0.36179775280898874,0.6825,,stack_resolved_hist,weekly,0.0,0,0,60,0.9,0.65,4,1
,179,0.707909604519774,,,0.33519553072625696,0.3379032258064516,0.9919867735096866,0.4801656400163954,10.7449739667371,0.9919867735096866,,,,0.652542372881356,0.7711864406779662,0.8421052631578947,0.6206896551724138,0.9919867735096866,0.707909604519774,0.707909604519774,0.40898876404494383,0.9975,,stack_resolved_hist,weekly,0.0,0,0,60,0.9,0.65,4,2
0.15,318,1.257627118644068,20.0,0.0,0.3836477987421384,0.3379032258064516,1.1353777337476172,0.5095596208128512,28.936542620141513,1.1353777337476172,1.1353777337476172,1.0,1.0,1.2062146892655368,1.305084745762712,1.032258064516129,0.8562300319488818,1.1353777337476172,1.257627118644068,1.257627118644068,1.0224719101123596,1.68,4.0,stack_resolved_extra,rolling,0.15,20,0,0,0.0,0.0,0,0
0.15,286,1.1310734463276837,40.0,0.0,0.4370629370629371,0.3379032258064516,1.293455947393895,0.5095596208128512,39.13113830656804,1.293455947393895,1.293455947393895,1.0,1.0,0.8700564971751413,1.225988700564972,1.2048192771084338,0.8790035587188612,1.293455947393895,1.1310734463276837,1.1310734463276837,0.6522727272727272,1.7674999999999998,4.0,stack_resolved_extra,rolling,0.15,40,0,0,0.0,0.0,0,0
0.15,213,0.8423728813559322,60.0,0.0,0.5023474178403756,0.3379032258064516,1.4866606160431164,0.5095596208128512,54.838117815345164,1.4866606160431164,1.4866606160431164,1.0,1.0,0.7514124293785311,0.9096045197740114,1.363707776904949,0.8605769230769231,1.4866606160431164,0.8423728813559322,0.8423728813559322,0.23863636363636365,1.7674999999999998,4.0,stack_resolved_extra,rolling,0.15,60,0,0,0.0,0.0,0,0
0.15,141,0.5576271186440678,120.0,0.0,0.5177304964539007,0.3379032258064516,1.5321857174292048,0.5095596208128512,57.31233479940387,1.5321857174292048,1.5321857174292048,1.0,1.0,0.4548022598870057,0.652542372881356,1.189765458422175,0.8823529411764706,1.5321857174292048,0.5576271186440678,0.5576271186440678,0.09545454545454546,1.7674999999999998,4.0,stack_resolved_extra,rolling,0.15,120,0,0,0.0,0.0,0,0
0.15,118,0.46666666666666673,250.0,0.0,0.5254237288135594,0.3379032258064516,1.554953278589054,0.5095596208128512,53.58913058130646,1.554953278589054,1.554953278589054,1.0,1.0,0.3954802259887006,0.5338983050847458,1.2338308457711442,0.8761061946902655,1.554953278589054,0.46666666666666673,0.46666666666666673,0.0,1.7674999999999998,4.0,stack_resolved_extra,rolling,0.15,250,0,0,0.0,0.0,0,0
0.15,154,0.6090395480225989,40.0,3.0,0.42857142857142855,0.3379032258064516,1.268325946130242,0.5095596208128512,34.29183887679631,1.268325946130242,1.268325946130242,1.0,1.0,0.5338983050847458,0.652542372881356,1.1182795698924732,0.738255033557047,1.268325946130242,0.6090395480225989,0.6090395480225989,0.3340909090909091,0.9625,4.0,stack_resolved_extra,rolling,0.15,40,3,0,0.0,0.0,0,0
0.15,120,0.4745762711864407,60.0,3.0,0.475,0.3379032258064516,1.405727923627685,0.5095596208128512,48.69033429722203,1.405727923627685,1.405727923627685,1.0,1.0,0.4548022598870057,0.5141242937853108,1.2307692307692308,0.7304347826086957,1.405727923627685,0.4745762711864407,0.4745762711864407,0.19090909090909092,0.9625,4.0,stack_resolved_extra,rolling,0.15,60,3,0,0.0,0.0,0,0
0.15,77,0.3045197740112994,120.0,3.0,0.42857142857142855,0.3379032258064516,1.268325946130242,0.5095596208128512,42.40553148343808,1.268325946130242,1.268325946130242,1.0,1.0,0.2570621468926554,0.37570621468926557,0.9870646766169154,0.7361111111111112,1.268325946130242,0.3045197740112994,0.3045197740112994,0.07954545454545454,0.9625,4.0,stack_resolved_extra,rolling,0.15,120,3,0,0.0,0.0,0,0
0.18,356,1.407909604519774,20.0,0.0,0.3707865168539326,0.3379032258064516,1.0973157062025691,0.5095596208128512,26.53683785719498,1.0973157062025691,1.0973157062025691,1.0,1.0,1.344632768361582,1.4830508474576272,1.0285714285714287,0.886039886039886,1.0973157062025691,1.407909604519774,1.407909604519774,1.0853932584269663,1.8724999999999998,4.0,stack_resolved_extra,rolling,0.18,20,0,0,0.0,0.0,0,0
0.18,323,1.2774011299435029,40.0,0.0,0.4117647058823529,0.3379032258064516,1.2185876737329777,0.5095596208128512,33.92835163760447,1.2185876737329777,1.2185876737329777,1.0,1.0,0.9096045197740114,1.4039548022598871,1.1258948838833596,0.89937106918239,1.2185876737329777,1.2774011299435029,1.2774011299435029,0.7795454545454547,1.9775,4.0,stack_resolved_extra,rolling,0.18,40,0,0,0.0,0.0,0,0
0.18,242,0.9570621468926553,60.0,0.0,0.4834710743801653,0.3379032258064516,1.430797451626265,0.5095596208128512,52.848790098760745,1.430797451626265,1.430797451626265,1.0,1.0,0.9096045197740114,1.0282485875706215,1.3333333333333333,0.8860759493670886,1.430797451626265,0.9570621468926553,0.9570621468926553,0.2863636363636364,1.9775,4.0,stack_resolved_extra,rolling,0.18,60,0,0,0.0,0.0,0,0
0.18,164,0.6485875706214689,120.0,0.0,0.4634146341463415,0.3379032258064516,1.3714418767099366,0.5095596208128512,49.72840635656468,1.3714418767099366,1.3714418767099366,1.0,1.0,0.5338983050847458,0.731638418079096,1.148739063304169,0.89937106918239,1.3714418767099366,0.6485875706214689,0.6485875706214689,0.1431818181818182,1.9775,4.0,stack_resolved_extra,rolling,0.18,120,0,0,0.0,0.0,0,0
0.18,135,0.5338983050847458,250.0,0.0,0.48148148148148145,0.3379032258064516,1.424909396269778,0.5095596208128512,47.34033883264321,1.424909396269778,1.424909396269778,1.0,1.0,0.4548022598870057,0.5734463276836158,1.189765458422175,0.8769230769230769,1.424909396269778,0.5338983050847458,0.5338983050847458,0.0,1.9775,4.0,stack_resolved_extra,rolling,0.18,250,0,0,0.0,0.0,0,0
0.18,171,0.6762711864406781,40.0,3.0,0.40350877192982454,0.3379032258064516,1.1941548381694091,0.5095596208128512,30.349244216801836,1.1941548381694091,1.1941548381694091,1.0,1.0,0.5338983050847458,0.731638418079096,1.037037037037037,0.7710843373493976,1.1941548381694091,0.6762711864406781,0.6762711864406781,0.3659090909090909,1.05,4.0,stack_resolved_extra,rolling,0.18,40,3,0,0.0,0.0,0,0
0.18,129,0.5101694915254238,60.0,3.0,0.4496124031007752,0.3379032258064516,1.3305951786275925,0.5095596208128512,43.56967103692229,1.3305951786275925,1.3305951786275925,1.0,1.0,0.4745762711864407,0.5536723163841808,1.1923076923076923,0.75,1.3305951786275925,0.5101694915254238,0.5101694915254238,0.20681818181818182,1.05,4.0,stack_resolved_extra,rolling,0.18,60,3,0,0.0,0.0,0,0
0.18,91,0.35988700564971754,120.0,3.0,0.3956043956043956,0.3379032258064516,1.170762411812531,0.5095596208128512,38.43464742752529,1.170762411812531,1.170762411812531,1.0,1.0,0.2966101694915254,0.4152542372881356,0.9870646766169154,0.7906976744186046,1.170762411812531,0.35988700564971754,0.35988700564971754,0.1101123595505618,1.05,4.0,stack_resolved_extra,rolling,0.18,120,3,0,0.0,0.0,0,0
0.2,377,1.4909604519774013,20.0,0.0,0.3713527851458886,0.3379032258064516,1.098991535992606,0.5095596208128512,26.77228058195817,1.098991535992606,1.098991535992606,1.0,1.0,1.423728813559322,1.5621468926553672,1.0228310502283104,0.9032258064516129,1.098991535992606,1.4909604519774013,1.4909604519774013,1.148314606741573,1.925,4.0,stack_resolved_extra,rolling,0.2,20,0,0,0.0,0.0,0,0
0.2,345,1.364406779661017,40.0,0.0,0.40869565217391307,0.3379032258064516,1.2095050326865209,0.5095596208128512,34.08412328492642,1.2095050326865209,1.2095050326865209,1.0,1.0,0.9491525423728814,1.5423728813559323,1.0725980846462775,0.9205882352941176,1.2095050326865209,1.364406779661017,1.364406779661017,0.8431818181818181,2.1,4.0,stack_resolved_extra,rolling,0.2,40,0,0,0.0,0.0,0,0
0.2,267,1.0559322033898306,60.0,0.0,0.4606741573033708,0.3379032258064516,1.3633316349789495,0.5095596208128512,47.65363086464777,1.3633316349789495,1.3633316349789495,1.0,1.0,0.9887005649717514,1.1271186440677967,1.2606060606060605,0.8969465648854962,1.3633316349789495,1.0559322033898306,1.0559322033898306,0.35000000000000003,2.1,4.0,stack_resolved_extra,rolling,0.2,60,0,0,0.0,0.0,0,0
0.2,180,0.711864406779661,120.0,0.0,0.4444444444444444,0.3379032258064516,1.3153009811721028,0.5095596208128512,45.817019461439294,1.3153009811721028,1.3153009811721028,1.0,1.0,0.5734463276836158,0.7711864406779662,1.148739063304169,0.9028571428571428,1.3153009811721028,0.711864406779661,0.711864406779661,0.1590909090909091,2.1,4.0,stack_resolved_extra,rolling,0.2,120,0,0,0.0,0.0,0,0
0.2,144,0.5694915254237288,250.0,0.0,0.4722222222222222,0.3379032258064516,1.3975072924953593,0.5095596208128512,44.69902245920108,1.3975072924953593,1.3975072924953593,1.0,1.0,0.5141242937853108,0.632768361581921,1.189765458422175,0.8848920863309353,1.3975072924953593,0.5694915254237288,0.5694915254237288,0.0,2.1,4.0,stack_resolved_extra,rolling,0.2,250,0,0,0.0,0.0,0,0
0.2,179,0.707909604519774,40.0,3.0,0.39106145251396646,0.3379032258064516,1.1573179024279676,0.5095596208128512,24.892544224071408,1.1573179024279676,1.1573179024279676,1.0,1.0,0.5338983050847458,0.7514124293785311,0.9824561403508771,0.7988505747126436,1.1573179024279676,0.707909604519774,0.707909604519774,0.41363636363636364,1.1025,4.0,stack_resolved_extra,rolling,0.2,40,3,0,0.0,0.0,0,0
0.2,142,0.5615819209039548,60.0,3.0,0.4084507042253521,0.3379032258064516,1.2087801270630947,0.5095596208128512,35.6900920588545,1.2087801270630947,1.2087801270630947,1.0,1.0,0.5141242937853108,0.632768361581921,1.0666666666666667,0.7737226277372263,1.2087801270630947,0.5615819209039548,0.5615819209039548,0.22272727272727272,1.1025,4.0,stack_resolved_extra,rolling,0.2,60,3,0,0.0,0.0,0,0
0.2,98,0.3875706214689266,120.0,3.0,0.37755102040816324,0.3379032258064516,1.117334762067118,0.5095596208128512,35.92936705164835,1.117334762067118,1.117334762067118,1.0,1.0,0.2966101694915254,0.43502824858757067,0.9870646766169154,0.7956989247311828,1.117334762067118,0.3875706214689266,0.3875706214689266,0.11136363636363636,1.1025,4.0,stack_resolved_extra,rolling,0.2,120,3,0,0.0,0.0,0,0
0.22,395,1.5621468926553672,20.0,0.0,0.3721518987341772,0.3379032258064516,1.1013564544877799,0.5095596208128512,26.19888330576278,1.1013564544877799,1.1013564544877799,1.0,1.0,1.5225988700564972,1.6412429378531075,1.038961038961039,0.9051282051282051,1.1013564544877799,1.5621468926553672,1.5621468926553672,1.2269662921348314,2.0045454545454544,4.0,stack_resolved_extra,rolling,0.22,20,0,0,0.0,0.0,0,0
0.22,367,1.4514124293785313,40.0,0.0,0.4114441416893733,0.3379032258064516,1.2176389873384796,0.5095596208128512,34.09627652571784,1.2176389873384796,1.2176389873384796,1.0,1.0,1.0875706214689267,1.5819209039548023,1.0457831325301206,0.9226519337016574,1.2176389873384796,1.4514124293785313,1.4514124293785313,0.8966292134831462,2.17,4.0,stack_resolved_extra,rolling,0.22,40,0,0,0.0,0.0,0,0
0.22,282,1.1152542372881356,60.0,0.0,0.450354609929078,0.3379032258064516,1.332791685708966,0.5095596208128512,43.462758655396584,1.332791685708966,1.332791685708966,1.0,1.0,1.0084745762711864,1.1864406779661016,1.2633228840125392,0.9061371841155235,1.332791685708966,1.1152542372881356,1.1152542372881356,0.38181818181818183,2.205,4.0,stack_resolved_extra,rolling,0.22,60,0,0,0.0,0.0,0,0
0.22,200,0.7909604519774012,120.0,0.0,0.43,0.3379032258064516,1.2725536992840096,0.5095596208128512,42.765464066699586,1.2725536992840096,1.2725536992840096,1.0,1.0,0.612994350282486,0.8700564971751413,1.074626865671642,0.9076923076923077,1.2725536992840096,0.7909604519774012,0.7909604519774012,0.22272727272727272,2.205,4.0,stack_resolved_extra,rolling,0.22,120,0,0,0.0,0.0,0,0
0.22,155,0.612994350282486,250.0,0.0,0.47096774193548385,0.3379032258064516,1.3937947494033414,0.5095596208128512,42.66687268163886,1.3937947494033414,1.3937947494033414,1.0,1.0,0.5536723163841808,0.711864406779661,1.148739063304169,0.8866666666666667,1.3937947494033414,0.612994350282486,0.612994350282486,0.01590909090909091,2.205,4.0,stack_resolved_extra,rolling,0.22,250,0,0,0.0,0.0,0,0
0.22,188,0.7435028248587571,40.0,3.0,0.39361702127659576,0.3379032258064516,1.1648809221550807,0.5095596208128512,26.136787583575195,1.1648809221550807,1.1648809221550807,1.0,1.0,0.612994350282486,0.8107344632768362,0.9572649572649573,0.7978142076502732,1.1648809221550807,0.7435028248587571,0.7435028248587571,0.46136363636363636,1.12,4.0,stack_resolved_extra,rolling,0.22,40,3,0,0.0,0.0,0,0
0.22,150,0.5932203389830508,60.0,3.0,0.3933333333333333,0.3379032258064516,1.164041368337311,0.5095596208128512,29.01419060234904,1.164041368337311,1.164041368337311,1.0,1.0,0.5338983050847458,0.632768361581921,1.0568181818181817,0.7862068965517242,1.164041368337311,0.5932203389830508,0.5932203389830508,0.2545454545454546,1.1549999999999998,4.0,stack_resolved_extra,rolling,0.22,60,3,0,0.0,0.0,0,0
0.22,105,0.4152542372881356,120.0,3.0,0.3904761904761905,0.3379032258064516,1.155585862029776,0.5095596208128512,36.779535347540424,1.155585862029776,1.155585862029776,1.0,1.0,0.3361581920903955,0.4548022598870057,0.8709394205443372,0.79,1.155585862029776,0.4152542372881356,0.4152542372881356,0.1272727272727273,1.1549999999999998,4.0,stack_resolved_extra,rolling,0.22,120,3,0,0.0,0.0,0,0
0.25,426,1.6847457627118645,20.0,0.0,0.3779342723004695,0.3379032258064516,1.1184689681445876,0.5095596208128512,29.057400003104984,1.1184689681445876,1.1184689681445876,1.0,1.0,1.5819209039548023,1.7598870056497176,1.035294117647059,0.9144893111638955,1.1184689681445876,1.6847457627118645,1.6847457627118645,1.2886363636363636,2.243181818181818,4.0,stack_resolved_extra,rolling,0.25,20,0,0,0.0,0.0,0,0
0.25,395,1.5621468926553672,40.0,0.0,0.4,0.3379032258064516,1.1837708830548928,0.5095596208128512,32.33563489045444,1.1837708830548928,1.1837708830548928,1.0,1.0,1.265536723163842,1.6807909604519775,1.0439831615619104,0.9282051282051282,1.1837708830548928,1.5621468926553672,1.5621468926553672,0.9752808988764046,2.2575,4.0,stack_resolved_extra,rolling,0.25,40,0,0,0.0,0.0,0,0
0.25,303,1.1983050847457628,60.0,0.0,0.45544554455445546,0.3379032258064516,1.3478579361516105,0.5095596208128512,40.93459610432173,1.3478579361516105,1.3478579361516105,1.0,1.0,1.0282485875706215,1.344632768361582,1.26775956284153,0.9093959731543624,1.3478579361516105,1.1983050847457628,1.1983050847457628,0.44545454545454544,2.3275,4.0,stack_resolved_extra,rolling,0.25,60,0,0,0.0,0.0,0,0
0.25,223,0.8819209039548023,120.0,0.0,0.4484304932735426,0.3379032258064516,1.3270974025279065,0.5095596208128512,43.524603808632584,1.3270974025279065,1.3270974025279065,1.0,1.0,0.692090395480226,0.9887005649717514,1.2121212121212122,0.908256880733945,1.3270974025279065,0.8819209039548023,0.8819209039548023,0.23863636363636365,2.3275,4.0,stack_resolved_extra,rolling,0.25,120,0,0,0.0,0.0,0,0
0.25,163,0.644632768361582,250.0,0.0,0.4785276073619632,0.3379032258064516,1.4161676208325402,0.5095596208128512,42.35424988788603,1.4161676208325402,1.4161676208325402,1.0,1.0,0.5734463276836158,0.7711864406779662,1.148739063304169,0.8860759493670886,1.4161676208325402,0.644632768361582,0.644632768361582,0.01590909090909091,2.3275,4.0,stack_resolved_extra,rolling,0.25,250,0,0,0.0,0.0,0,0
0.25,203,0.8028248587570622,40.0,3.0,0.37438423645320196,0.3379032258064516,1.1079628954700966,0.5095596208128512,23.303181475591977,1.1079628954700966,1.1079628954700966,1.0,1.0,0.672316384180791,0.8898305084745763,0.9333333333333332,0.8333333333333334,1.1079628954700966,0.8028248587570622,0.8028248587570622,0.5348314606741573,1.19,4.0,stack_resolved_extra,rolling,0.25,40,3,0,0.0,0.0,0,0
0.25,159,0.628813559322034,60.0,3.0,0.4025157232704403,0.3379032258064516,1.1912159829483198,0.5095596208128512,23.66832816654485,1.1912159829483198,1.1912159829483198,1.0,1.0,0.5536723163841808,0.711864406779661,1.032258064516129,0.7987012987012987,1.1912159829483198,0.628813559322034,0.628813559322034,0.30227272727272725,1.2075,4.0,stack_resolved_extra,rolling,0.25,60,3,0,0.0,0.0,0,0
0.25,118,0.46666666666666673,120.0,3.0,0.4322033898305085,0.3379032258064516,1.2790744710974475,0.5095596208128512,38.69830774969201,1.2790744710974475,1.2790744710974475,1.0,1.0,0.4152542372881356,0.4943502824858757,1.1594202898550725,0.8141592920353983,1.2790744710974475,0.46666666666666673,0.46666666666666673,0.1431818181818182,1.2075,4.0,stack_resolved_extra,rolling,0.25,120,3,0,0.0,0.0,0,0
0.3,465,1.8389830508474576,20.0,0.0,0.3634408602150538,0.3379032258064516,1.07557677008751,0.5095596208128512,26.007259689583208,1.07557677008751,1.07557677008751,1.0,1.0,1.7005649717514124,1.9774011299435028,0.9561445783132531,0.9304347826086956,1.07557677008751,1.8389830508474576,1.8389830508474576,1.384090909090909,2.5136363636363637,4.0,stack_resolved_extra,rolling,0.3,20,0,0,0.0,0.0,0,0
0.3,447,1.7677966101694917,40.0,0.0,0.40268456375838924,0.3379032258064516,1.1917156540821066,0.5095596208128512,32.31311147540531,1.1917156540821066,1.1917156540821066,1.0,1.0,1.6016949152542375,1.8587570621468927,1.0507083278167617,0.9366515837104072,1.1917156540821066,1.7677966101694917,1.7677966101694917,1.1168539325842697,2.5549999999999997,4.0,stack_resolved_extra,rolling,0.3,40,0,0,0.0,0.0,0,0
0.3,350,1.384180790960452,60.0,0.0,0.42857142857142855,0.3379032258064516,1.268325946130242,0.5095596208128512,33.126806740433565,1.268325946130242,1.268325946130242,1.0,1.0,1.2457627118644068,1.5028248587570623,1.1424521615875265,0.9217391304347826,1.268325946130242,1.384180790960452,1.384180790960452,0.6363636363636364,2.5725,4.0,stack_resolved_extra,rolling,0.3,60,0,0,0.0,0.0,0,0
0.3,266,1.0519774011299436,120.0,0.0,0.424812030075188,0.3379032258064516,1.2572002799361173,0.5095596208128512,39.67714357416243,1.2572002799361173,1.2572002799361173,1.0,1.0,0.9293785310734464,1.1271186440677967,1.1532445571760728,0.8888888888888888,1.2572002799361173,1.0519774011299436,1.0519774011299436,0.38181818181818183,2.5725,4.0,stack_resolved_extra,rolling,0.3,120,0,0,0.0,0.0,0,0
0.3,198,0.7830508474576272,250.0,0.0,0.4292929292929293,0.3379032258064516,1.2704611749957813,0.5095596208128512,34.69165764908372,1.2704611749957813,1.2704611749957813,1.0,1.0,0.711864406779661,0.9096045197740114,1.00040338846309,0.8963730569948186,1.2704611749957813,0.7830508474576272,0.7830508474576272,0.19090909090909092,2.5725,4.0,stack_resolved_extra,rolling,0.3,250,0,0,0.0,0.0,0,0
0.3,222,0.8779661016949153,40.0,3.0,0.36936936936936937,0.3379032258064516,1.0931217613795179,0.5095596208128512,23.721541084542658,1.0931217613795179,1.0931217613795179,1.0,1.0,0.8305084745762712,0.9293785310734464,0.9507119386637459,0.8525345622119815,1.0931217613795179,0.8779661016949153,0.8779661016949153,0.5820224719101125,1.295,4.0,stack_resolved_extra,rolling,0.3,40,3,0,0.0,0.0,0,0
0.3,176,0.6960451977401131,60.0,3.0,0.35795454545454547,0.3379032258064516,1.0593404209156,0.5095596208128512,14.348314341364745,1.0593404209156,1.0593404209156,1.0,1.0,0.612994350282486,0.7514124293785311,0.9390705679862307,0.8245614035087719,1.0593404209156,0.6960451977401131,0.6960451977401131,0.38181818181818183,1.295,4.0,stack_resolved_extra,rolling,0.3,60,3,0,0.0,0.0,0,0
0.3,143,0.5655367231638418,120.0,3.0,0.3776223776223776,0.3379032258064516,1.117545938548325,0.5095596208128512,33.880169365943395,1.117545938548325,1.117545938548325,1.0,1.0,0.5338983050847458,0.612994350282486,1.0064935064935066,0.7753623188405797,1.117545938548325,0.5655367231638418,0.5655367231638418,0.2545454545454546,1.295,4.0,stack_resolved_extra,rolling,0.3,120,3,0,0.0,0.0,0,0
0.35,504,1.993220338983051,20.0,0.0,0.3531746031746032,0.3379032258064516,1.0451945296814034,0.5095596208128512,23.548002511874614,1.0451945296814034,1.0451945296814034,1.0,1.0,1.7796610169491527,2.115819209039548,0.9215178470892917,0.9338677354709419,1.0451945296814034,1.993220338983051,1.993220338983051,1.4629213483146069,2.7363636363636363,4.0,stack_resolved_extra,rolling,0.35,20,0,0,0.0,0.0,0,0
0.35,489,1.9338983050847458,40.0,0.0,0.3885480572597137,0.3379032258064516,1.1498796921289858,0.5095596208128512,28.837394134169703,1.1498796921289858,1.1498796921289858,1.0,1.0,1.8983050847457628,1.997175141242938,1.0671256454388984,0.9421487603305785,1.1498796921289858,1.9338983050847458,1.9338983050847458,1.1797752808988764,2.7125,4.0,stack_resolved_extra,rolling,0.35,40,0,0,0.0,0.0,0,0
0.35,386,1.5265536723163844,60.0,0.0,0.42487046632124353,0.3379032258064516,1.2573732177526062,0.5095596208128512,32.115133573885046,1.2573732177526062,1.2573732177526062,1.0,1.0,1.344632768361582,1.6610169491525424,1.1109051590979302,0.926509186351706,1.2573732177526062,1.5265536723163844,1.5265536723163844,0.7318181818181818,2.8175000000000003,4.0,stack_resolved_extra,rolling,0.35,60,0,0,0.0,0.0,0,0
0.35,323,1.2774011299435029,120.0,0.0,0.43034055727554177,0.3379032258064516,1.2735615537510068,0.5095596208128512,38.553099590916865,1.2735615537510068,1.2735615537510068,1.0,1.0,1.1073446327683616,1.384180790960452,1.1595036863873405,0.8930817610062893,1.2735615537510068,1.2774011299435029,1.2774011299435029,0.5568181818181819,2.8175000000000003,4.0,stack_resolved_extra,rolling,0.35,120,0,0,0.0,0.0,0,0
0.35,238,0.9412429378531074,250.0,0.0,0.40336134453781514,0.3379032258064516,1.1937185375343455,0.5095596208128512,28.870395701404547,1.1937185375343455,1.1937185375343455,1.0,1.0,0.8107344632768362,1.0875706214689267,1.0575692963752665,0.9141630901287554,1.1937185375343455,0.9412429378531074,0.9412429378531074,0.28314606741573034,2.8175000000000003,4.0,stack_resolved_extra,rolling,0.35,250,0,0,0.0,0.0,0,0
0.35,237,0.9372881355932203,40.0,3.0,0.3628691983122363,0.3379032258064516,1.0738849782987423,0.5095596208128512,21.710608874490646,1.0738849782987423,1.0738849782987423,1.0,1.0,0.9096045197740114,0.9689265536723164,0.9645390070921986,0.8706896551724138,1.0738849782987423,0.9372881355932203,0.9372881355932203,0.6134831460674157,1.3475,4.0,stack_resolved_extra,rolling,0.35,40,3,0,0.0,0.0,0,0
0.35,195,0.7711864406779662,60.0,3.0,0.37435897435897436,0.3379032258064516,1.1078881341411175,0.5095596208128512,18.356265246550855,1.1078881341411175,1.1078881341411175,1.0,1.0,0.652542372881356,0.8305084745762712,0.9572649572649573,0.8368421052631579,1.1078881341411175,0.7711864406779662,0.7711864406779662,0.41363636363636364,1.3825,4.0,stack_resolved_extra,rolling,0.35,60,3,0,0.0,0.0,0,0
0.35,171,0.6762711864406781,120.0,3.0,0.391812865497076,0.3379032258064516,1.1595416544543538,0.5095596208128512,32.5336884966923,1.1595416544543538,1.1595416544543538,1.0,1.0,0.5932203389830508,0.731638418079096,1.0545712260807938,0.7710843373493976,1.1595416544543538,0.6762711864406781,0.6762711864406781,0.35000000000000003,1.3825,4.0,stack_resolved_extra,rolling,0.35,120,3,0,0.0,0.0,0,0
,255,1.0084745762711864,,,0.3254901960784314,0.3379032258064516,0.9632645420936872,0.5095596208128512,9.019259400317882,0.9632645420936872,,,,1.0084745762711864,1.0084745762711864,0.8841354723707664,0.724,0.9632645420936872,1.0084745762711864,1.0084745762711864,1.0224719101123596,1.05,,stack_resolved_extra,weekly,0.0,0,0,10,0.75,0.0,3,1
,382,1.5107344632768362,,,0.32722513089005234,0.3379032258064516,0.9683989553786753,0.5095596208128512,14.948055681278904,0.9683989553786753,,,,1.4830508474576272,1.5423728813559323,0.8671328671328672,0.8806366047745358,0.9683989553786753,1.5107344632768362,1.5107344632768362,1.3685393258426966,1.75,,stack_resolved_extra,weekly,0.0,0,0,10,0.75,0.0,3,2
,255,1.0084745762711864,,,0.32941176470588235,0.3379032258064516,0.9748701389863822,0.5095596208128512,9.585321919965287,0.9748701389863822,,,,1.0084745762711864,1.0084745762711864,0.9393939393939393,0.696,0.9748701389863822,1.0084745762711864,1.0084745762711864,1.0224719101123596,1.05,,stack_resolved_extra,weekly,0.0,0,0,10,0.75,0.0,4,1
,378,1.494915254237288,,,0.328042328042328,0.3379032258064516,0.9708173908651235,0.5095596208128512,17.73799245138725,0.9708173908651235,,,,1.463276836158192,1.5423728813559323,0.8671328671328672,0.8471849865951743,0.9708173908651235,1.494915254237288,1.494915254237288,1.3685393258426966,1.7340909090909091,,stack_resolved_extra,weekly,0.0,0,0,10,0.75,0.0,4,2
,241,0.9531073446327685,,,0.34024896265560167,0.3379032258064516,1.006942037453332,0.5095596208128512,11.23631528560782,1.006942037453332,,,,0.9096045197740114,0.9689265536723164,0.914679124661913,0.6016949152542372,1.006942037453332,0.9531073446327685,0.9531073446327685,0.9280898876404495,1.0340909090909092,,stack_resolved_extra,weekly,0.0,0,0,10,0.75,0.3,3,1
,363,1.435593220338983,,,0.33884297520661155,0.3379032258064516,1.0027811199431942,0.5095596208128512,18.977876294684233,1.0027811199431942,,,,1.4039548022598871,1.4830508474576272,0.8714859437751005,0.7988826815642458,1.0027811199431942,1.435593220338983,1.435593220338983,1.2584269662921348,1.75,,stack_resolved_extra,weekly,0.0,0,0,10,0.75,0.3,3,2
,235,0.9293785310734464,,,0.35319148936170214,0.3379032258064516,1.0452445031229372,0.5095596208128512,17.29659704115549,1.0452445031229372,,,,0.8898305084745763,0.9491525423728814,0.9855072463768115,0.5782608695652174,1.0452445031229372,0.9293785310734464,0.9293785310734464,0.8909090909090909,1.0340909090909092,,stack_resolved_extra,weekly,0.0,0,0,10,0.75,0.3,4,1
,353,1.396045197740113,,,0.34277620396600567,0.3379032258064516,1.0144212241476063,0.5095596208128512,23.7462112540106,1.0144212241476063,,,,1.364406779661017,1.463276836158192,0.914004914004914,0.7787356321839081,1.0144212241476063,1.396045197740113,1.396045197740113,1.2584269662921348,1.7181818181818183,,stack_resolved_extra,weekly,0.0,0,0,10,0.75,0.3,4,2
,213,0.8423728813559322,,,0.3474178403755869,0.3379032258064516,1.0281578092260806,0.5095596208128512,3.5132303496982087,1.0281578092260806,,,,0.8107344632768362,0.8898305084745763,0.893569844789357,0.5673076923076923,1.0281578092260806,0.8423728813559322,0.8423728813559322,0.7865168539325843,1.0181818181818183,,stack_resolved_extra,weekly,0.0,0,0,10,0.75,0.5,3,1
,332,1.3129943502824861,,,0.3373493975903614,0.3379032258064516,0.9983609857089455,0.5095596208128512,13.091926179408608,0.9983609857089455,,,,1.2853107344632768,1.344632768361582,0.8412483039348709,0.7798165137614679,0.9983609857089455,1.3129943502824861,1.3129943502824861,1.101123595505618,1.7340909090909091,,stack_resolved_extra,weekly,0.0,0,0,10,0.75,0.5,3,2
,213,0.8423728813559322,,,0.3286384976525822,0.3379032258064516,0.9725817114300762,0.5095596208128512,6.011450495223021,0.9725817114300762,,,,0.8107344632768362,0.8898305084745763,0.8248337028824833,0.5480769230769231,0.9725817114300762,0.8423728813559322,0.8423728813559322,0.7865168539325843,1.0181818181818183,,stack_resolved_extra,weekly,0.0,0,0,10,0.75,0.5,4,1
,327,1.293220338983051,,,0.327217125382263,0.3379032258064516,0.9683752636611125,0.5095596208128512,15.943311042539928,0.9683752636611125,,,,1.265536723163842,1.3248587570621468,0.7991858887381275,0.7670807453416149,0.9683752636611125,1.293220338983051,1.293220338983051,1.101123595505618,1.7022727272727272,,stack_resolved_extra,weekly,0.0,0,0,10,0.75,0.5,4,2
,165,0.652542372881356,,,0.34545454545454546,0.3379032258064516,1.0223475808201345,0.5095596208128512,4.938416920378886,1.0223475808201345,,,,0.612994350282486,0.711864406779661,0.8602150537634409,0.51875,1.0223475808201345,0.652542372881356,0.652542372881356,0.5191011235955056,0.8909090909090909,,stack_resolved_extra,weekly,0.0,0,0,10,0.75,0.65,3,1
,279,1.1033898305084746,,,0.33691756272401435,0.3379032258064516,0.9970830018562716,0.5095596208128512,16.79718803459329,0.9970830018562716,,,,1.0480225988700564,1.1468926553672316,0.8746081504702194,0.7591240875912408,0.9970830018562716,1.1033898305084746,1.1033898305084746,0.8337078651685393,1.5590909090909093,,stack_resolved_extra,weekly,0.0,0,0,10,0.75,0.65,3,2
,164,0.6485875706214689,,,0.34146341463414637,0.3379032258064516,1.010536119681006,0.5095596208128512,6.511886830055134,1.010536119681006,,,,0.612994350282486,0.711864406779661,0.8602150537634409,0.5031446540880503,1.010536119681006,0.6485875706214689,0.6485875706214689,0.503370786516854,0.8909090909090909,,stack_resolved_extra,weekly,0.0,0,0,10,0.75,0.65,4,1
,276,1.0915254237288137,,,0.33695652173913043,0.3379032258064516,0.9971982982255889,0.5095596208128512,18.053105482816985,0.9971982982255889,,,,1.0084745762711864,1.1468926553672316,0.8746081504702194,0.7527675276752768,0.9971982982255889,1.0915254237288137,1.0915254237288137,0.8179775280898877,1.5431818181818182,,stack_resolved_extra,weekly,0.0,0,0,10,0.75,0.65,4,2
,255,1.0084745762711864,,,0.3254901960784314,0.3379032258064516,0.9632645420936872,0.5095596208128512,9.019259400317882,0.9632645420936872,,,,1.0084745762711864,1.0084745762711864,0.8841354723707664,0.724,0.9632645420936872,1.0084745762711864,1.0084745762711864,1.0224719101123596,1.05,,stack_resolved_extra,weekly,0.0,0,0,10,0.8,0.0,3,1
,382,1.5107344632768362,,,0.32722513089005234,0.3379032258064516,0.9683989553786753,0.5095596208128512,14.948055681278904,0.9683989553786753,,,,1.4830508474576272,1.5423728813559323,0.8671328671328672,0.8806366047745358,0.9683989553786753,1.5107344632768362,1.5107344632768362,1.3685393258426966,1.75,,stack_resolved_extra,weekly,0.0,0,0,10,0.8,0.0,3,2
,255,1.0084745762711864,,,0.32941176470588235,0.3379032258064516,0.9748701389863822,0.5095596208128512,9.585321919965287,0.9748701389863822,,,,1.0084745762711864,1.0084745762711864,0.9393939393939393,0.696,0.9748701389863822,1.0084745762711864,1.0084745762711864,1.0224719101123596,1.05,,stack_resolved_extra,weekly,0.0,0,0,10,0.8,0.0,4,1
,378,1.494915254237288,,,0.328042328042328,0.3379032258064516,0.9708173908651235,0.5095596208128512,17.73799245138725,0.9708173908651235,,,,1.463276836158192,1.5423728813559323,0.8671328671328672,0.8471849865951743,0.9708173908651235,1.494915254237288,1.494915254237288,1.3685393258426966,1.7340909090909091,,stack_resolved_extra,weekly,0.0,0,0,10,0.8,0.0,4,2
,241,0.9531073446327685,,,0.34024896265560167,0.3379032258064516,1.006942037453332,0.5095596208128512,11.23631528560782,1.006942037453332,,,,0.9096045197740114,0.9689265536723164,0.914679124661913,0.6016949152542372,1.006942037453332,0.9531073446327685,0.9531073446327685,0.9280898876404495,1.0340909090909092,,stack_resolved_extra,weekly,0.0,0,0,10,0.8,0.3,3,1
,363,1.435593220338983,,,0.33884297520661155,0.3379032258064516,1.0027811199431942,0.5095596208128512,18.977876294684233,1.0027811199431942,,,,1.4039548022598871,1.4830508474576272,0.8714859437751005,0.7988826815642458,1.0027811199431942,1.435593220338983,1.435593220338983,1.2584269662921348,1.75,,stack_resolved_extra,weekly,0.0,0,0,10,0.8,0.3,3,2
,235,0.9293785310734464,,,0.35319148936170214,0.3379032258064516,1.0452445031229372,0.5095596208128512,17.29659704115549,1.0452445031229372,,,,0.8898305084745763,0.9491525423728814,0.9855072463768115,0.5782608695652174,1.0452445031229372,0.9293785310734464,0.9293785310734464,0.8909090909090909,1.0340909090909092,,stack_resolved_extra,weekly,0.0,0,0,10,0.8,0.3,4,1
,353,1.396045197740113,,,0.34277620396600567,0.3379032258064516,1.0144212241476063,0.5095596208128512,23.7462112540106,1.0144212241476063,,,,1.364406779661017,1.463276836158192,0.914004914004914,0.7787356321839081,1.0144212241476063,1.396045197740113,1.396045197740113,1.2584269662921348,1.7181818181818183,,stack_resolved_extra,weekly,0.0,0,0,10,0.8,0.3,4,2
,213,0.8423728813559322,,,0.3474178403755869,0.3379032258064516,1.0281578092260806,0.5095596208128512,3.5132303496982087,1.0281578092260806,,,,0.8107344632768362,0.8898305084745763,0.893569844789357,0.5673076923076923,1.0281578092260806,0.8423728813559322,0.8423728813559322,0.7865168539325843,1.0181818181818183,,stack_resolved_extra,weekly,0.0,0,0,10,0.8,0.5,3,1
,332,1.3129943502824861,,,0.3373493975903614,0.3379032258064516,0.9983609857089455,0.5095596208128512,13.091926179408608,0.9983609857089455,,,,1.2853107344632768,1.344632768361582,0.8412483039348709,0.7798165137614679,0.9983609857089455,1.3129943502824861,1.3129943502824861,1.101123595505618,1.7340909090909091,,stack_resolved_extra,weekly,0.0,0,0,10,0.8,0.5,3,2
,213,0.8423728813559322,,,0.3286384976525822,0.3379032258064516,0.9725817114300762,0.5095596208128512,6.011450495223021,0.9725817114300762,,,,0.8107344632768362,0.8898305084745763,0.8248337028824833,0.5480769230769231,0.9725817114300762,0.8423728813559322,0.8423728813559322,0.7865168539325843,1.0181818181818183,,stack_resolved_extra,weekly,0.0,0,0,10,0.8,0.5,4,1
,327,1.293220338983051,,,0.327217125382263,0.3379032258064516,0.9683752636611125,0.5095596208128512,15.943311042539928,0.9683752636611125,,,,1.265536723163842,1.3248587570621468,0.7991858887381275,0.7670807453416149,0.9683752636611125,1.293220338983051,1.293220338983051,1.101123595505618,1.7022727272727272,,stack_resolved_extra,weekly,0.0,0,0,10,0.8,0.5,4,2
,165,0.652542372881356,,,0.34545454545454546,0.3379032258064516,1.0223475808201345,0.5095596208128512,4.938416920378886,1.0223475808201345,,,,0.612994350282486,0.711864406779661,0.8602150537634409,0.51875,1.0223475808201345,0.652542372881356,0.652542372881356,0.5191011235955056,0.8909090909090909,,stack_resolved_extra,weekly,0.0,0,0,10,0.8,0.65,3,1
,279,1.1033898305084746,,,0.33691756272401435,0.3379032258064516,0.9970830018562716,0.5095596208128512,16.79718803459329,0.9970830018562716,,,,1.0480225988700564,1.1468926553672316,0.8746081504702194,0.7591240875912408,0.9970830018562716,1.1033898305084746,1.1033898305084746,0.8337078651685393,1.5590909090909093,,stack_resolved_extra,weekly,0.0,0,0,10,0.8,0.65,3,2
,164,0.6485875706214689,,,0.34146341463414637,0.3379032258064516,1.010536119681006,0.5095596208128512,6.511886830055134,1.010536119681006,,,,0.612994350282486,0.711864406779661,0.8602150537634409,0.5031446540880503,1.010536119681006,0.6485875706214689,0.6485875706214689,0.503370786516854,0.8909090909090909,,stack_resolved_extra,weekly,0.0,0,0,10,0.8,0.65,4,1
,276,1.0915254237288137,,,0.33695652173913043,0.3379032258064516,0.9971982982255889,0.5095596208128512,18.053105482816985,0.9971982982255889,,,,1.0084745762711864,1.1468926553672316,0.8746081504702194,0.7527675276752768,0.9971982982255889,1.0915254237288137,1.0915254237288137,0.8179775280898877,1.5431818181818182,,stack_resolved_extra,weekly,0.0,0,0,10,0.8,0.65,4,2
,255,1.0084745762711864,,,0.3058823529411765,0.3379032258064516,0.905236557630212,0.5095596208128512,8.445303955754532,0.905236557630212,,,,1.0084745762711864,1.0084745762711864,0.8366013071895425,0.764,0.905236557630212,1.0084745762711864,1.0084745762711864,1.0224719101123596,1.05,,stack_resolved_extra,weekly,0.0,0,0,10,0.85,0.0,3,1
,356,1.407909604519774,,,0.3258426966292135,0.3379032258064516,0.9643077418143788,0.5095596208128512,20.776690866950823,0.9643077418143788,,,,1.384180790960452,1.423728813559322,0.8518518518518517,0.8831908831908832,0.9643077418143788,1.407909604519774,1.407909604519774,1.30561797752809,1.5924999999999998,,stack_resolved_extra,weekly,0.0,0,0,10,0.85,0.0,3,2
,255,1.0084745762711864,,,0.32941176470588235,0.3379032258064516,0.9748701389863822,0.5095596208128512,12.376495444158452,0.9748701389863822,,,,1.0084745762711864,1.0084745762711864,0.8888888888888888,0.748,0.9748701389863822,1.0084745762711864,1.0084745762711864,1.0224719101123596,1.05,,stack_resolved_extra,weekly,0.0,0,0,10,0.85,0.0,4,1
,352,1.3920903954802262,,,0.3380681818181818,0.3379032258064516,1.0004881753091777,0.5095596208128512,23.38188828594338,1.0004881753091777,,,,1.364406779661017,1.4039548022598871,0.9014084507042254,0.8501440922190202,1.0004881753091777,1.3920903954802262,1.3920903954802262,1.30561797752809,1.5224999999999997,,stack_resolved_extra,weekly,0.0,0,0,10,0.85,0.0,4,2
,241,0.9531073446327685,,,0.31950207468879666,0.3379032258064516,0.9455431327305677,0.5095596208128512,9.76181460341453,0.9455431327305677,,,,0.9096045197740114,0.9689265536723164,0.8537005163511188,0.614406779661017,0.9455431327305677,0.9531073446327685,0.9531073446327685,0.9280898876404495,1.0340909090909092,,stack_resolved_extra,weekly,0.0,0,0,10,0.85,0.3,3,1
,339,1.340677966101695,,,0.3392330383480826,0.3379032258064516,1.00393548341676,0.5095596208128512,23.113664993346823,1.00393548341676,,,,1.2853107344632768,1.364406779661017,0.8660729876025843,0.7724550898203593,1.00393548341676,1.340677966101695,1.340677966101695,1.21123595505618,1.5575,,stack_resolved_extra,weekly,0.0,0,0,10,0.85,0.3,3,2
,232,0.9175141242937853,,,0.3577586206896552,0.3379032258064516,1.0587605958357338,0.5095596208128512,19.952587170070736,1.0587605958357338,,,,0.8898305084745763,0.9491525423728814,0.9743321110529074,0.5991189427312775,1.0587605958357338,0.9175141242937853,0.9175141242937853,0.875,1.0340909090909092,,stack_resolved_extra,weekly,0.0,0,0,10,0.85,0.3,4,1
,324,1.2813559322033898,,,0.35802469135802467,0.3379032258064516,1.0595480126108607,0.5095596208128512,29.705371641121843,1.0595480126108607,,,,1.2457627118644068,1.3248587570621468,0.9337349397590362,0.7492163009404389,1.0595480126108607,1.2813559322033898,1.2813559322033898,1.1931818181818181,1.4636363636363636,,stack_resolved_extra,weekly,0.0,0,0,10,0.85,0.3,4,2
,210,0.8305084745762712,,,0.3333333333333333,0.3379032258064516,0.9864757358790771,0.5095596208128512,4.852199141706553,0.9864757358790771,,,,0.8107344632768362,0.8898305084745763,0.863186077643909,0.5609756097560976,0.9864757358790771,0.8305084745762712,0.8305084745762712,0.7865168539325843,1.0022727272727272,,stack_resolved_extra,weekly,0.0,0,0,10,0.85,0.5,3,1
,305,1.2062146892655368,,,0.3442622950819672,0.3379032258064516,1.0188192026292109,0.5095596208128512,19.38172166587687,1.0188192026292109,,,,1.1666666666666667,1.2853107344632768,0.8734012974976831,0.75,1.0188192026292109,1.2062146892655368,1.2062146892655368,1.053932584269663,1.4636363636363636,,stack_resolved_extra,weekly,0.0,0,0,10,0.85,0.5,3,2
,206,0.8146892655367233,,,0.3300970873786408,0.3379032258064516,0.9768983015501542,0.5095596208128512,11.241375247465973,0.9768983015501542,,,,0.8107344632768362,0.8305084745762712,0.8455284552845529,0.5572139303482587,0.9768983015501542,0.8146892655367233,0.8146892655367233,0.755056179775281,1.0022727272727272,,stack_resolved_extra,weekly,0.0,0,0,10,0.85,0.5,4,1
,292,1.1548022598870056,,,0.339041095890411,0.3379032258064516,1.0033674436852258,0.5095596208128512,23.321937987224846,1.0033674436852258,,,,1.1271186440677967,1.1864406779661016,0.8888888888888888,0.7282229965156795,1.0033674436852258,1.1548022598870056,1.1548022598870056,1.0224719101123596,1.415909090909091,,stack_resolved_extra,weekly,0.0,0,0,10,0.85,0.5,4,2
,156,0.6169491525423729,,,0.34615384615384615,0.3379032258064516,1.0244171103359647,0.5095596208128512,11.361516150195241,1.0244171103359647,,,,0.5536723163841808,0.652542372881356,0.7999999999999999,0.4900662251655629,1.0244171103359647,0.6169491525423729,0.6169491525423729,0.4876404494382023,0.8590909090909091,,stack_resolved_extra,weekly,0.0,0,0,10,0.85,0.65,3,1
,247,0.9768361581920904,,,0.3522267206477733,0.3379032258064516,1.042389340341859,0.5095596208128512,26.1724852426845,1.042389340341859,,,,0.9096045197740114,1.0282485875706215,0.8888888888888888,0.7355371900826446,1.042389340341859,0.9768361581920904,0.9768361581920904,0.755056179775281,1.2886363636363636,,stack_resolved_extra,weekly,0.0,0,0,10,0.85,0.65,3,2
,152,0.6011299435028249,,,0.34210526315789475,0.3379032258064516,1.0124356236653687,0.5095596208128512,15.750528153300246,1.0124356236653687,,,,0.5338983050847458,0.632768361581921,0.7999999999999999,0.48299319727891155,1.0124356236653687,0.6011299435028249,0.6011299435028249,0.4719101123595506,0.8272727272727273,,stack_resolved_extra,weekly,0.0,0,0,10,0.85,0.65,4,1
,236,0.9333333333333335,,,0.3474576271186441,0.3379032258064516,1.0282755551959872,0.5095596208128512,28.96718032912261,1.0282755551959872,,,,0.8502824858757062,0.9689265536723164,0.8888888888888888,0.7142857142857143,1.0282755551959872,0.9333333333333335,0.9333333333333335,0.7393258426966293,1.225,,stack_resolved_extra,weekly,0.0,0,0,10,0.85,0.65,4,2
,255,1.0084745762711864,,,0.30980392156862746,0.3379032258064516,0.9168421545229071,0.5095596208128512,8.60167838510766,0.9168421545229071,,,,1.0084745762711864,1.0084745762711864,0.8366013071895425,0.764,0.9168421545229071,1.0084745762711864,1.0084745762711864,1.0224719101123596,1.05,,stack_resolved_extra,weekly,0.0,0,0,10,0.9,0.0,3,1
,356,1.407909604519774,,,0.32865168539325845,0.3379032258064516,0.9726207395886408,0.5095596208128512,20.635705339881444,0.9726207395886408,,,,1.384180790960452,1.423728813559322,0.8518518518518517,0.8888888888888888,0.9726207395886408,1.407909604519774,1.407909604519774,1.30561797752809,1.5924999999999998,,stack_resolved_extra,weekly,0.0,0,0,10,0.9,0.0,3,2
,255,1.0084745762711864,,,0.3333333333333333,0.3379032258064516,0.9864757358790771,0.5095596208128512,12.532869873511578,0.9864757358790771,,,,1.0084745762711864,1.0084745762711864,0.8888888888888888,0.748,0.9864757358790771,1.0084745762711864,1.0084745762711864,1.0224719101123596,1.05,,stack_resolved_extra,weekly,0.0,0,0,10,0.9,0.0,4,1
,352,1.3920903954802262,,,0.3409090909090909,0.3379032258064516,1.0088956389672379,0.5095596208128512,23.23930065061185,1.0088956389672379,,,,1.364406779661017,1.4039548022598871,0.9014084507042254,0.8501440922190202,1.0088956389672379,1.3920903954802262,1.3920903954802262,1.30561797752809,1.5224999999999997,,stack_resolved_extra,weekly,0.0,0,0,10,0.9,0.0,4,2
,241,0.9531073446327685,,,0.3236514522821577,0.3379032258064516,0.9578229136751206,0.5095596208128512,9.92727302451431,0.9578229136751206,,,,0.9096045197740114,0.9689265536723164,0.8537005163511188,0.614406779661017,0.9578229136751206,0.9531073446327685,0.9531073446327685,0.9280898876404495,1.0340909090909092,,stack_resolved_extra,weekly,0.0,0,0,10,0.9,0.3,3,1
,339,1.340677966101695,,,0.3421828908554572,0.3379032258064516,1.0126653571856015,0.5095596208128512,22.965609395598452,1.0126653571856015,,,,1.2853107344632768,1.364406779661017,0.8660729876025843,0.7784431137724551,1.0126653571856015,1.340677966101695,1.340677966101695,1.21123595505618,1.5575,,stack_resolved_extra,weekly,0.0,0,0,10,0.9,0.3,3,2
,232,0.9175141242937853,,,0.3620689655172414,0.3379032258064516,1.0715167475927907,0.5095596208128512,20.12446423681663,1.0715167475927907,,,,0.8898305084745763,0.9491525423728814,0.9743321110529074,0.5991189427312775,1.0715167475927907,0.9175141242937853,0.9175141242937853,0.875,1.0340909090909092,,stack_resolved_extra,weekly,0.0,0,0,10,0.9,0.3,4,1
,324,1.2813559322033898,,,0.3611111111111111,0.3379032258064516,1.0686820472023335,0.5095596208128512,29.550461617551793,1.0686820472023335,,,,1.2457627118644068,1.3248587570621468,0.9337349397590362,0.7492163009404389,1.0686820472023335,1.2813559322033898,1.2813559322033898,1.1931818181818181,1.4636363636363636,,stack_resolved_extra,weekly,0.0,0,0,10,0.9,0.3,4,2
,210,0.8305084745762712,,,0.3380952380952381,0.3379032258064516,1.0005682463916354,0.5095596208128512,5.042082377349635,1.0005682463916354,,,,0.8107344632768362,0.8898305084745763,0.863186077643909,0.5609756097560976,1.0005682463916354,0.8305084745762712,0.8305084745762712,0.7865168539325843,1.0022727272727272,,stack_resolved_extra,weekly,0.0,0,0,10,0.9,0.5,3,1
,305,1.2062146892655368,,,0.3475409836065574,0.3379032258064516,1.028522242654251,0.5095596208128512,19.21716150969098,1.028522242654251,,,,1.1666666666666667,1.2853107344632768,0.8734012974976831,0.7566666666666667,1.028522242654251,1.2062146892655368,1.2062146892655368,1.053932584269663,1.4636363636363636,,stack_resolved_extra,weekly,0.0,0,0,10,0.9,0.5,3,2
,206,0.8146892655367233,,,0.33495145631067963,0.3379032258064516,0.9912644530435388,0.5095596208128512,11.434945536228339,0.9912644530435388,,,,0.8107344632768362,0.8305084745762712,0.8455284552845529,0.5572139303482587,0.9912644530435388,0.8146892655367233,0.8146892655367233,0.755056179775281,1.0022727272727272,,stack_resolved_extra,weekly,0.0,0,0,10,0.9,0.5,4,1
,292,1.1548022598870056,,,0.3424657534246575,0.3379032258064516,1.0135024683689149,0.5095596208128512,23.150051522715607,1.0135024683689149,,,,1.1271186440677967,1.1864406779661016,0.8888888888888888,0.7282229965156795,1.0135024683689149,1.1548022598870056,1.1548022598870056,1.0224719101123596,1.415909090909091,,stack_resolved_extra,weekly,0.0,0,0,10,0.9,0.5,4,2
,156,0.6169491525423729,,,0.3525641025641026,0.3379032258064516,1.0433877975644086,0.5095596208128512,11.617128198176314,1.0433877975644086,,,,0.5536723163841808,0.652542372881356,0.7999999999999999,0.4900662251655629,1.0433877975644086,0.6169491525423729,0.6169491525423729,0.4876404494382023,0.8590909090909091,,stack_resolved_extra,weekly,0.0,0,0,10,0.9,0.65,3,1
,247,0.9768361581920904,,,0.3562753036437247,0.3379032258064516,1.054370827012455,0.5095596208128512,25.969283430390174,1.054370827012455,,,,0.9096045197740114,1.0282485875706215,0.8888888888888888,0.743801652892562,1.054370827012455,0.9768361581920904,0.9768361581920904,0.755056179775281,1.2886363636363636,,stack_resolved_extra,weekly,0.0,0,0,10,0.9,0.65,3,2
,152,0.6011299435028249,,,0.34868421052631576,0.3379032258064516,1.0319055395050873,0.5095596208128512,16.012866834122928,1.0319055395050873,,,,0.5338983050847458,0.632768361581921,0.7999999999999999,0.48299319727891155,1.0319055395050873,0.6011299435028249,0.6011299435028249,0.4719101123595506,0.8272727272727273,,stack_resolved_extra,weekly,0.0,0,0,10,0.9,0.65,4,1
,236,0.9333333333333335,,,0.3516949152542373,0.3379032258064516,1.0408155009910602,0.5095596208128512,28.754507245916255,1.0408155009910602,,,,0.8502824858757062,0.9689265536723164,0.8888888888888888,0.7142857142857143,1.0408155009910602,0.9333333333333335,0.9333333333333335,0.7393258426966293,1.225,,stack_resolved_extra,weekly,0.0,0,0,10,0.9,0.65,4,2
,255,1.0084745762711864,,,0.3215686274509804,0.3379032258064516,0.9516589452009921,0.5095596208128512,4.667641080767514,0.9516589452009921,,,,1.0084745762711864,1.0084745762711864,0.7843137254901961,0.744,0.9516589452009921,1.0084745762711864,1.0084745762711864,1.0224719101123596,1.05,,stack_resolved_extra,weekly,0.0,0,0,20,0.75,0.0,3,1
,383,1.514689265536723,,,0.3289817232375979,0.3379032258064516,0.9735974625647289,0.5095596208128512,14.920511195834436,0.9735974625647289,,,,1.4830508474576272,1.5621468926553672,0.8533333333333334,0.9074074074074074,0.9735974625647289,1.514689265536723,1.514689265536723,1.3213483146067417,1.8454545454545455,,stack_resolved_extra,weekly,0.0,0,0,20,0.75,0.0,3,2
,255,1.0084745762711864,,,0.3333333333333333,0.3379032258064516,0.9864757358790771,0.5095596208128512,5.768703111190759,0.9864757358790771,,,,1.0084745762711864,1.0084745762711864,0.8841354723707664,0.74,0.9864757358790771,1.0084745762711864,1.0084745762711864,1.0224719101123596,1.05,,stack_resolved_extra,weekly,0.0,0,0,20,0.75,0.0,4,1
,383,1.514689265536723,,,0.33159268929503916,0.3379032258064516,0.9813244265533378,0.5095596208128512,15.461860973602022,0.9813244265533378,,,,1.4830508474576272,1.5621468926553672,0.9077321946011897,0.8968253968253969,0.9813244265533378,1.514689265536723,1.514689265536723,1.3213483146067417,1.8454545454545455,,stack_resolved_extra,weekly,0.0,0,0,20,0.75,0.0,4,2
,224,0.8858757062146893,,,0.32589285714285715,0.3379032258064516,0.964456188203205,0.5095596208128512,-0.059121500029278753,0.964456188203205,,,,0.8502824858757062,0.9096045197740114,0.7703703703703703,0.5707762557077626,0.964456188203205,0.8858757062146893,0.8858757062146893,0.7954545454545455,1.0181818181818183,,stack_resolved_extra,weekly,0.0,0,0,20,0.75,0.3,3,1
,346,1.368361581920904,,,0.3352601156069364,0.3379032258064516,0.9921779077627713,0.5095596208128512,12.571356908530053,0.9921779077627713,,,,1.2853107344632768,1.4435028248587571,0.8186169334873742,0.8093841642228738,0.9921779077627713,1.368361581920904,1.368361581920904,1.148314606741573,1.8295454545454546,,stack_resolved_extra,weekly,0.0,0,0,20,0.75,0.3,3,2
,220,0.8700564971751413,,,0.3409090909090909,0.3379032258064516,1.0088956389672379,0.5095596208128512,3.641204650892708,1.0088956389672379,,,,0.8502824858757062,0.9096045197740114,0.863186077643909,0.5767441860465117,1.0088956389672379,0.8700564971751413,0.8700564971751413,0.7795454545454547,1.0181818181818183,,stack_resolved_extra,weekly,0.0,0,0,20,0.75,0.3,4,1
,342,1.3525423728813561,,,0.3391812865497076,0.3379032258064516,1.003782327736605,0.5095596208128512,14.88468969789886,1.003782327736605,,,,1.2853107344632768,1.423728813559322,0.7884872824631861,0.8071216617210683,1.003782327736605,1.3525423728813561,1.3525423728813561,1.1168539325842697,1.8295454545454546,,stack_resolved_extra,weekly,0.0,0,0,20,0.75,0.3,4,2
,193,0.7632768361581922,,,0.32124352331606215,0.3379032258064516,0.9506968231787997,0.5095596208128512,8.050440274463858,0.9506968231787997,,,,0.731638418079096,0.8107344632768362,0.7719298245614036,0.5531914893617021,0.9506968231787997,0.7632768361581922,0.7632768361581922,0.550561797752809,1.0022727272727272,,stack_resolved_extra,weekly,0.0,0,0,20,0.75,0.5,3,1
,312,1.2338983050847459,,,0.3301282051282051,0.3379032258064516,0.9769903922648553,0.5095596208128512,15.952051785650069,0.9769903922648553,,,,1.1666666666666667,1.2853107344632768,0.8274328081556999,0.8208469055374593,0.9769903922648553,1.2338983050847459,1.2338983050847459,0.7865168539325843,1.8136363636363637,,stack_resolved_extra,weekly,0.0,0,0,20,0.75,0.5,3,2
,190,0.7514124293785311,,,0.33157894736842103,0.3379032258064516,0.9812837583218188,0.5095596208128512,10.322243174017881,0.9812837583218188,,,,0.711864406779661,0.8107344632768362,0.8248337028824833,0.5513513513513514,0.9812837583218188,0.7514124293785311,0.7514124293785311,0.550561797752809,0.9863636363636364,,stack_resolved_extra,weekly,0.0,0,0,20,0.75,0.5,4,1
,308,1.2180790960451977,,,0.3344155844155844,0.3379032258064516,0.9896785791773858,0.5095596208128512,17.947704838447713,0.9896785791773858,,,,1.1468926553672316,1.2853107344632768,0.8537005163511188,0.8118811881188119,0.9896785791773858,1.2180790960451977,1.2180790960451977,0.7865168539325843,1.7818181818181817,,stack_resolved_extra,weekly,0.0,0,0,20,0.75,0.5,4,2
,161,0.6367231638418079,,,0.32919254658385094,0.3379032258064516,0.9742213789116353,0.5095596208128512,11.24322070760222,0.9742213789116353,,,,0.5932203389830508,0.672316384180791,0.6881720430107526,0.5512820512820513,0.9742213789116353,0.6367231638418079,0.6367231638418079,0.40898876404494383,0.875,,stack_resolved_extra,weekly,0.0,0,0,20,0.75,0.65,3,1
,276,1.0915254237288137,,,0.32971014492753625,0.3379032258064516,0.9757531735325655,0.5095596208128512,17.835292295714233,0.9757531735325655,,,,1.0084745762711864,1.1468926553672316,0.838723314309871,0.8265682656826568,0.9757531735325655,1.0915254237288137,1.0915254237288137,0.6292134831460674,1.6704545454545454,,stack_resolved_extra,weekly,0.0,0,0,20,0.75,0.65,3,2
,159,0.628813559322034,,,0.3333333333333333,0.3379032258064516,0.9864757358790771,0.5095596208128512,11.843851111923957,0.9864757358790771,,,,0.5932203389830508,0.672316384180791,0.7111111111111111,0.551948051948052,0.9864757358790771,0.628813559322034,0.628813559322034,0.40898876404494383,0.875,,stack_resolved_extra,weekly,0.0,0,0,20,0.75,0.65,4,1
,274,1.0836158192090395,,,0.33211678832116787,0.3379032258064516,0.9828754594707594,0.5095596208128512,18.466831679240844,0.9828754594707594,,,,1.0084745762711864,1.1271186440677967,0.838723314309871,0.828996282527881,0.9828754594707594,1.0836158192090395,1.0836158192090395,0.6292134831460674,1.6704545454545454,,stack_resolved_extra,weekly,0.0,0,0,20,0.75,0.65,4,2
,255,1.0084745762711864,,,0.3176470588235294,0.3379032258064516,0.940053348308297,0.5095596208128512,3.4484310437618824,0.940053348308297,,,,1.0084745762711864,1.0084745762711864,0.8288770053475936,0.768,0.940053348308297,1.0084745762711864,1.0084745762711864,1.0224719101123596,1.05,,stack_resolved_extra,weekly,0.0,0,0,20,0.8,0.0,3,1
,378,1.494915254237288,,,0.3253968253968254,0.3379032258064516,0.9629882183581469,0.5095596208128512,14.204754847847381,0.9629882183581469,,,,1.463276836158192,1.5225988700564972,0.8888888888888888,0.9061662198391421,0.9629882183581469,1.494915254237288,1.494915254237288,1.3213483146067417,1.7818181818181817,,stack_resolved_extra,weekly,0.0,0,0,20,0.8,0.0,3,2
,255,1.0084745762711864,,,0.3254901960784314,0.3379032258064516,0.9632645420936872,0.5095596208128512,5.130321513851102,0.9632645420936872,,,,1.0084745762711864,1.0084745762711864,0.7736185383244207,0.764,0.9632645420936872,1.0084745762711864,1.0084745762711864,1.0224719101123596,1.05,,stack_resolved_extra,weekly,0.0,0,0,20,0.8,0.0,4,1
,377,1.4909604519774013,,,0.32625994694960214,0.3379032258064516,0.9655425637649324,0.5095596208128512,15.443382582451417,0.9655425637649324,,,,1.463276836158192,1.5225988700564972,0.8528708133971291,0.8978494623655914,0.9655425637649324,1.4909604519774013,1.4909604519774013,1.30561797752809,1.7818181818181817,,stack_resolved_extra,weekly,0.0,0,0,20,0.8,0.0,4,2
,224,0.8858757062146893,,,0.32142857142857145,0.3379032258064516,0.9512444595976817,0.5095596208128512,-0.9182768731308484,0.9512444595976817,,,,0.8502824858757062,0.9096045197740114,0.8296296296296296,0.589041095890411,0.9512444595976817,0.8858757062146893,0.8858757062146893,0.7954545454545455,1.0181818181818183,,stack_resolved_extra,weekly,0.0,0,0,20,0.8,0.3,3,1
,341,1.348587570621469,,,0.3313782991202346,0.3379032258064516,0.9806899544369712,0.5095596208128512,12.090846893533152,0.9806899544369712,,,,1.265536723163842,1.4039548022598871,0.7995927371457662,0.8005952380952381,0.9806899544369712,1.348587570621469,1.348587570621469,1.148314606741573,1.7659090909090909,,stack_resolved_extra,weekly,0.0,0,0,20,0.8,0.3,3,2
,220,0.8700564971751413,,,0.32727272727272727,0.3379032258064516,0.9685398134085486,0.5095596208128512,2.220563153920848,0.9685398134085486,,,,0.8502824858757062,0.9096045197740114,0.8520084566596193,0.5767441860465117,0.9685398134085486,0.8700564971751413,0.8700564971751413,0.7795454545454547,1.0181818181818183,,stack_resolved_extra,weekly,0.0,0,0,20,0.8,0.3,4,1
,335,1.3248587570621468,,,0.3283582089552239,0.3379032258064516,0.9717522174331208,0.5095596208128512,14.051256730148664,0.9717522174331208,,,,1.265536723163842,1.384180790960452,0.7683304647160069,0.793939393939394,0.9717522174331208,1.3248587570621468,1.3248587570621468,1.101123595505618,1.75,,stack_resolved_extra,weekly,0.0,0,0,20,0.8,0.3,4,2
,191,0.7553672316384181,,,0.3193717277486911,0.3379032258064516,0.9451573804495871,0.5095596208128512,7.997101607457531,0.9451573804495871,,,,0.711864406779661,0.7909604519774012,0.775,0.5645161290322581,0.9451573804495871,0.7553672316384181,0.7553672316384181,0.5348314606741573,1.0022727272727272,,stack_resolved_extra,weekly,0.0,0,0,20,0.8,0.5,3,1
,305,1.2062146892655368,,,0.32786885245901637,0.3379032258064516,0.9703040025040103,0.5095596208128512,16.119644901947023,0.9703040025040103,,,,1.1271186440677967,1.2457627118644068,0.8062727098871677,0.8066666666666666,0.9703040025040103,1.2062146892655368,1.2062146892655368,0.7707865168539327,1.75,,stack_resolved_extra,weekly,0.0,0,0,20,0.8,0.5,3,2
,187,0.7395480225988701,,,0.32085561497326204,0.3379032258064516,0.9495488366750476,0.5095596208128512,9.402830732816943,0.9495488366750476,,,,0.672316384180791,0.7909604519774012,0.775,0.5494505494505495,0.9495488366750476,0.7395480225988701,0.7395480225988701,0.5348314606741573,0.9863636363636364,,stack_resolved_extra,weekly,0.0,0,0,20,0.8,0.5,4,1
,299,1.1824858757062147,,,0.32441471571906355,0.3379032258064516,0.9600817362568945,0.5095596208128512,16.970976869998054,0.9600817362568945,,,,1.0875706214689267,1.2457627118644068,0.8192771084337349,0.7959183673469388,0.9600817362568945,1.1824858757062147,1.1824858757062147,0.755056179775281,1.7181818181818183,,stack_resolved_extra,weekly,0.0,0,0,20,0.8,0.5,4,2
,157,0.6209039548022599,,,0.33121019108280253,0.3379032258064516,0.9801924509371722,0.5095596208128512,11.22126795953468,0.9801924509371722,,,,0.5536723163841808,0.672316384180791,0.7999999999999999,0.5526315789473685,0.9801924509371722,0.6209039548022599,0.6209039548022599,0.3775280898876405,0.875,,stack_resolved_extra,weekly,0.0,0,0,20,0.8,0.65,3,1
,268,1.0598870056497176,,,0.3283582089552239,0.3379032258064516,0.9717522174331208,0.5095596208128512,17.38820487283666,0.9717522174331208,,,,0.9491525423728814,1.1271186440677967,0.8003442340791739,0.8136882129277566,0.9717522174331208,1.0598870056497176,1.0598870056497176,0.597752808988764,1.6227272727272726,,stack_resolved_extra,weekly,0.0,0,0,20,0.8,0.65,3,2
,153,0.6050847457627119,,,0.32679738562091504,0.3379032258064516,0.9671330743912522,0.5095596208128512,11.96560527181583,0.9671330743912522,,,,0.5338983050847458,0.652542372881356,0.735632183908046,0.5540540540540541,0.9671330743912522,0.6050847457627119,0.6050847457627119,0.3775280898876405,0.875,,stack_resolved_extra,weekly,0.0,0,0,20,0.8,0.65,4,1
,262,1.0361581920903955,,,0.3244274809160305,0.3379032258064516,0.9601195139281095,0.5095596208128512,18.155736678694883,0.9601195139281095,,,,0.9293785310734464,1.1073446327683616,0.8003442340791739,0.8171206225680934,0.9601195139281095,1.0361581920903955,1.0361581920903955,0.5820224719101125,1.6068181818181817,,stack_resolved_extra,weekly,0.0,0,0,20,0.8,0.65,4,2
,255,1.0084745762711864,,,0.3215686274509804,0.3379032258064516,0.9516589452009921,0.5095596208128512,8.288436168744628,0.9516589452009921,,,,1.0084745762711864,1.0084745762711864,0.8366013071895425,0.776,0.9516589452009921,1.0084745762711864,1.0084745762711864,1.0224719101123596,1.05,,stack_resolved_extra,weekly,0.0,0,0,20,0.85,0.0,3,1
,360,1.423728813559322,,,0.33055555555555555,0.3379032258064516,0.9782551047467515,0.5095596208128512,18.499182651141858,0.9782551047467515,,,,1.4039548022598871,1.4435028248587571,0.8767123287671232,0.8732394366197183,0.9782551047467515,1.423728813559322,1.423728813559322,1.2898876404494382,1.590909090909091,,stack_resolved_extra,weekly,0.0,0,0,20,0.85,0.0,3,2
,255,1.0084745762711864,,,0.3333333333333333,0.3379032258064516,0.9864757358790771,0.5095596208128512,10.145954367844002,0.9864757358790771,,,,1.0084745762711864,1.0084745762711864,0.8841354723707664,0.764,0.9864757358790771,1.0084745762711864,1.0084745762711864,1.0224719101123596,1.05,,stack_resolved_extra,weekly,0.0,0,0,20,0.85,0.0,4,1
,356,1.407909604519774,,,0.33707865168539325,0.3379032258064516,0.9975597329114264,0.5095596208128512,20.318121774050017,0.9975597329114264,,,,1.384180790960452,1.423728813559322,0.8732394366197181,0.8603988603988604,0.9975597329114264,1.407909604519774,1.407909604519774,1.2741573033707865,1.590909090909091,,stack_resolved_extra,weekly,0.0,0,0,20,0.85,0.0,4,2
,224,0.8858757062146893,,,0.32589285714285715,0.3379032258064516,0.964456188203205,0.5095596208128512,4.537554659163956,0.964456188203205,,,,0.8502824858757062,0.9096045197740114,0.8296296296296296,0.593607305936073,0.964456188203205,0.8858757062146893,0.8858757062146893,0.7954545454545455,1.0181818181818183,,stack_resolved_extra,weekly,0.0,0,0,20,0.85,0.3,3,1
,323,1.2774011299435029,,,0.33746130030959753,0.3379032258064516,0.9986921536608615,0.5095596208128512,16.72195717951393,0.9986921536608615,,,,1.2062146892655368,1.3248587570621468,0.8888888888888888,0.7547169811320755,0.9986921536608615,1.2774011299435029,1.2774011299435029,1.1136363636363638,1.5750000000000002,,stack_resolved_extra,weekly,0.0,0,0,20,0.85,0.3,3,2
,219,0.8661016949152542,,,0.3378995433789954,0.3379032258064516,0.999989102123996,0.5095596208128512,7.981286460186768,0.999989102123996,,,,0.8502824858757062,0.8898305084745763,0.868217054263566,0.5654205607476636,0.999989102123996,0.8661016949152542,0.8661016949152542,0.7636363636363637,1.0181818181818183,,stack_resolved_extra,weekly,0.0,0,0,20,0.85,0.3,4,1
,314,1.2418079096045198,,,0.34394904458598724,0.3379032258064516,1.017892160588602,0.5095596208128512,19.848917568444495,1.017892160588602,,,,1.1864406779661016,1.2853107344632768,0.9193697868396664,0.7378640776699029,1.017892160588602,1.2418079096045198,1.2418079096045198,1.0696629213483146,1.5750000000000002,,stack_resolved_extra,weekly,0.0,0,0,20,0.85,0.3,4,2
,190,0.7514124293785311,,,0.3263157894736842,0.3379032258064516,0.9657078256500441,0.5095596208128512,15.728766793986587,0.9657078256500441,,,,0.711864406779661,0.7909604519774012,0.775,0.572972972972973,0.9657078256500441,0.7514124293785311,0.7514124293785311,0.5348314606741573,1.0022727272727272,,stack_resolved_extra,weekly,0.0,0,0,20,0.85,0.5,3,1
,286,1.1310734463276837,,,0.3356643356643357,0.3379032258064516,0.9933741675985114,0.5095596208128512,22.495168160772955,0.9933741675985114,,,,1.0677966101694916,1.1864406779661016,0.8454545454545453,0.7580071174377224,0.9933741675985114,1.1310734463276837,1.1310734463276837,0.7393258426966293,1.5590909090909093,,stack_resolved_extra,weekly,0.0,0,0,20,0.85,0.5,3,2
,185,0.731638418079096,,,0.33513513513513515,0.3379032258064516,0.9918080371540993,0.5095596208128512,17.60335247867087,0.9918080371540993,,,,0.672316384180791,0.7711864406779662,0.7948717948717948,0.5388888888888889,0.9918080371540993,0.731638418079096,0.731638418079096,0.5348314606741573,0.9863636363636364,,stack_resolved_extra,weekly,0.0,0,0,20,0.85,0.5,4,1
,277,1.0954802259887007,,,0.34296028880866425,0.3379032258064516,1.0149660098394837,0.5095596208128512,24.688174067220988,1.0149660098394837,,,,1.0084745762711864,1.1666666666666667,0.8597842835130971,0.7352941176470589,1.0149660098394837,1.0954802259887007,1.0954802259887007,0.7235955056179775,1.5431818181818182,,stack_resolved_extra,weekly,0.0,0,0,20,0.85,0.5,4,2
,156,0.6169491525423729,,,0.3525641025641026,0.3379032258064516,1.0433877975644086,0.5095596208128512,21.43974277735227,1.0433877975644086,,,,0.5536723163841808,0.672316384180791,0.8275862068965517,0.543046357615894,1.0433877975644086,0.6169491525423729,0.6169491525423729,0.3775280898876405,0.875,,stack_resolved_extra,weekly,0.0,0,0,20,0.85,0.65,3,1
,249,0.9847457627118644,,,0.3493975903614458,0.3379032258064516,1.0340167351985508,0.5095596208128512,26.007674540195637,1.0340167351985508,,,,0.8700564971751413,1.0282485875706215,0.9213286713286712,0.7581967213114754,1.0340167351985508,0.9847457627118644,0.9847457627118644,0.5662921348314607,1.4318181818181819,,stack_resolved_extra,weekly,0.0,0,0,20,0.85,0.65,3,2
,151,0.5971751412429379,,,0.3443708609271523,0.3379032258064516,1.0191404953452718,0.5095596208128512,21.900420661297726,1.0191404953452718,,,,0.5338983050847458,0.652542372881356,0.7619047619047619,0.5342465753424658,1.0191404953452718,0.5971751412429379,0.5971751412429379,0.3775280898876405,0.875,,stack_resolved_extra,weekly,0.0,0,0,20,0.85,0.65,4,1
,239,0.9451977401129943,,,0.3472803347280335,0.3379032258064516,1.0277508712715073,0.5095596208128512,27.32288416817027,1.0277508712715073,,,,0.8107344632768362,1.0084745762711864,0.927536231884058,0.7435897435897436,1.0277508712715073,0.9451977401129943,0.9451977401129943,0.550561797752809,1.415909090909091,,stack_resolved_extra,weekly,0.0,0,0,20,0.85,0.65,4,2
,255,1.0084745762711864,,,0.3176470588235294,0.3379032258064516,0.940053348308297,0.5095596208128512,5.557070221798486,0.940053348308297,,,,1.0084745762711864,1.0084745762711864,0.8366013071895425,0.788,0.940053348308297,1.0084745762711864,1.0084745762711864,1.0224719101123596,1.05,,stack_resolved_extra,weekly,0.0,0,0,20,0.9,0.0,3,1
,352,1.3920903954802262,,,0.32954545454545453,0.3379032258064516,0.9752657843349968,0.5095596208128512,18.37092319629473,0.9752657843349968,,,,1.384180790960452,1.4039548022598871,0.863849765258216,0.8876080691642652,0.9752657843349968,1.3920903954802262,1.3920903954802262,1.2741573033707865,1.5750000000000002,,stack_resolved_extra,weekly,0.0,0,0,20,0.9,0.0,3,2
,255,1.0084745762711864,,,0.33725490196078434,0.3379032258064516,0.9980813327717722,0.5095596208128512,8.022805395152675,0.9980813327717722,,,,1.0084745762711864,1.0084745762711864,0.8888888888888888,0.784,0.9980813327717722,1.0084745762711864,1.0084745762711864,1.0224719101123596,1.05,,stack_resolved_extra,weekly,0.0,0,0,20,0.9,0.0,4,1
,348,1.3762711864406778,,,0.34195402298850575,0.3379032258064516,1.0119880393931913,0.5095596208128512,20.63829143177001,1.0119880393931913,,,,1.364406779661017,1.384180790960452,0.9142857142857143,0.8688046647230321,1.0119880393931913,1.3762711864406778,1.3762711864406778,1.2741573033707865,1.5590909090909093,,stack_resolved_extra,weekly,0.0,0,0,20,0.9,0.0,4,2
,224,0.8858757062146893,,,0.32142857142857145,0.3379032258064516,0.9512444595976817,0.5095596208128512,1.093699107012119,0.9512444595976817,,,,0.8502824858757062,0.9096045197740114,0.8296296296296296,0.593607305936073,0.9512444595976817,0.8858757062146893,0.8858757062146893,0.7954545454545455,1.0181818181818183,,stack_resolved_extra,weekly,0.0,0,0,20,0.9,0.3,3,1
,316,1.249717514124294,,,0.33544303797468356,0.3379032258064516,0.9927192531947676,0.5095596208128512,16.147682619231972,0.9927192531947676,,,,1.2062146892655368,1.2853107344632768,0.8274328081556999,0.7588424437299035,0.9927192531947676,1.249717514124294,1.249717514124294,1.05,1.5590909090909093,,stack_resolved_extra,weekly,0.0,0,0,20,0.9,0.3,3,2
,217,0.8581920903954803,,,0.3456221198156682,0.3379032258064516,1.0228435049437437,0.5095596208128512,4.440985243925263,1.0228435049437437,,,,0.8305084745762712,0.8898305084745763,0.882803943044907,0.5660377358490566,1.0228435049437437,0.8581920903954803,0.8581920903954803,0.7318181818181818,1.0181818181818183,,stack_resolved_extra,weekly,0.0,0,0,20,0.9,0.3,4,1
,305,1.2062146892655368,,,0.35081967213114756,0.3379032258064516,1.0382252826792913,0.5095596208128512,19.371052097027114,1.0382252826792913,,,,1.1864406779661016,1.2457627118644068,0.8674698795180724,0.73,1.0382252826792913,1.2062146892655368,1.2062146892655368,0.9863636363636364,1.5431818181818182,,stack_resolved_extra,weekly,0.0,0,0,20,0.9,0.3,4,2
,189,0.747457627118644,,,0.3333333333333333,0.3379032258064516,0.9864757358790771,0.5095596208128512,13.285796652620794,0.9864757358790771,,,,0.711864406779661,0.7909604519774012,0.775,0.5597826086956522,0.9864757358790771,0.747457627118644,0.747457627118644,0.5348314606741573,1.0022727272727272,,stack_resolved_extra,weekly,0.0,0,0,20,0.9,0.5,3,1
,278,1.0994350282485876,,,0.34172661870503596,0.3379032258064516,1.0113150529695576,0.5095596208128512,23.12977836227087,1.0113150529695576,,,,1.0677966101694916,1.1468926553672316,0.838723314309871,0.7545787545787546,1.0113150529695576,1.0994350282485876,1.0994350282485876,0.7235955056179775,1.5431818181818182,,stack_resolved_extra,weekly,0.0,0,0,20,0.9,0.5,3,2
,181,0.7158192090395481,,,0.35359116022099446,0.3379032258064516,1.0464272999380266,0.5095596208128512,14.431567550148102,1.0464272999380266,,,,0.672316384180791,0.7711864406779662,0.7948717948717948,0.5340909090909091,1.0464272999380266,0.7158192090395481,0.7158192090395481,0.5348314606741573,0.9863636363636364,,stack_resolved_extra,weekly,0.0,0,0,20,0.9,0.5,4,1
,266,1.0519774011299436,,,0.35714285714285715,0.3379032258064516,1.0569382884418685,0.5095596208128512,25.014798663886197,1.0569382884418685,,,,1.0084745762711864,1.1271186440677967,0.8899521531100477,0.7241379310344828,1.0569382884418685,1.0519774011299436,1.0519774011299436,0.7235955056179775,1.5113636363636365,,stack_resolved_extra,weekly,0.0,0,0,20,0.9,0.5,4,2
,153,0.6050847457627119,,,0.3660130718954248,0.3379032258064516,1.0831890433182023,0.5095596208128512,20.0675121025881,1.0831890433182023,,,,0.5536723163841808,0.652542372881356,0.8571428571428572,0.5337837837837838,1.0831890433182023,0.6050847457627119,0.6050847457627119,0.36179775280898874,0.875,,stack_resolved_extra,weekly,0.0,0,0,20,0.9,0.65,3,1
,239,0.9451977401129943,,,0.3598326359832636,0.3379032258064516,1.0648984931246943,0.5095596208128512,27.924533401172692,1.0648984931246943,,,,0.8700564971751413,0.9887005649717514,0.914679124661913,0.7564102564102564,1.0648984931246943,0.9451977401129943,0.9451977401129943,0.5348314606741573,1.415909090909091,,stack_resolved_extra,weekly,0.0,0,0,20,0.9,0.65,3,2
,145,0.5734463276836158,,,0.3586206896551724,0.3379032258064516,1.061311826187145,0.5095596208128512,18.3429858905987,1.061311826187145,,,,0.5141242937853108,0.612994350282486,0.8205128205128206,0.5357142857142857,1.061311826187145,0.5734463276836158,0.5734463276836158,0.36179775280898874,0.875,,stack_resolved_extra,weekly,0.0,0,0,20,0.9,0.65,4,1
,225,0.8898305084745763,,,0.36,0.3379032258064516,1.0653937947494034,0.5095596208128512,28.11702685679952,1.0653937947494034,,,,0.8107344632768362,0.9491525423728814,0.9093766369827135,0.7363636363636363,1.0653937947494034,0.8898305084745763,0.8898305084745763,0.5348314606741573,1.384090909090909,,stack_resolved_extra,weekly,0.0,0,0,20,0.9,0.65,4,2
,255,1.0084745762711864,,,0.3137254901960784,0.3379032258064516,0.9284477514156021,0.5095596208128512,0.4962224379753551,0.9284477514156021,,,,1.0084745762711864,1.0084745762711864,0.8366013071895425,0.764,0.9284477514156021,1.0084745762711864,1.0084745762711864,1.0224719101123596,1.05,,stack_resolved_extra,weekly,0.0,0,0,40,0.75,0.0,3,1
,389,1.538418079096045,,,0.32390745501285345,0.3379032258064516,0.9585805351215712,0.5095596208128512,10.749202519063111,0.9585805351215712,,,,1.463276836158192,1.6016949152542375,0.8771929824561404,0.9192708333333334,0.9585805351215712,1.538418079096045,1.538418079096045,1.2426966292134833,1.8772727272727274,,stack_resolved_extra,weekly,0.0,0,0,40,0.75,0.0,3,2
,255,1.0084745762711864,,,0.32941176470588235,0.3379032258064516,0.9748701389863822,0.5095596208128512,-0.07909402535417484,0.9748701389863822,,,,1.0084745762711864,1.0084745762711864,0.8288770053475936,0.764,0.9748701389863822,1.0084745762711864,1.0084745762711864,1.0224719101123596,1.05,,stack_resolved_extra,weekly,0.0,0,0,40,0.75,0.0,4,1
,389,1.538418079096045,,,0.33161953727506427,0.3379032258064516,0.9814038811958943,0.5095596208128512,10.64271989257545,0.9814038811958943,,,,1.463276836158192,1.6016949152542375,0.86991001982614,0.9114583333333334,0.9814038811958943,1.538418079096045,1.538418079096045,1.2426966292134833,1.8772727272727274,,stack_resolved_extra,weekly,0.0,0,0,40,0.75,0.0,4,2
,227,0.8977401129943503,,,0.29515418502202645,0.3379032258064516,0.8734873256021786,0.5095596208128512,5.440543435340907,0.8734873256021786,,,,0.8700564971751413,0.9293785310734464,0.7703703703703703,0.5945945945945946,0.8734873256021786,0.8977401129943503,0.8977401129943503,0.802247191011236,1.0181818181818183,,stack_resolved_extra,weekly,0.0,0,0,40,0.75,0.3,3,1
,351,1.3881355932203392,,,0.31339031339031337,0.3379032258064516,0.927455820057252,0.5095596208128512,11.31323318318281,0.927455820057252,,,,1.2853107344632768,1.4830508474576272,0.7884872824631861,0.8208092485549133,0.927455820057252,1.3881355932203392,1.3881355932203392,0.9438202247191012,1.8613636363636363,,stack_resolved_extra,weekly,0.0,0,0,40,0.75,0.3,3,2
,225,0.8898305084745763,,,0.3111111111111111,0.3379032258064516,0.9207106868204721,0.5095596208128512,5.7014332511489965,0.9207106868204721,,,,0.8700564971751413,0.9293785310734464,0.7303882195448461,0.6,0.9207106868204721,0.8898305084745763,0.8898305084745763,0.7707865168539327,1.0181818181818183,,stack_resolved_extra,weekly,0.0,0,0,40,0.75,0.3,4,1
,349,1.380225988700565,,,0.3209169054441261,0.3379032258064516,0.9497302213620916,0.5095596208128512,11.816756233319865,0.9497302213620916,,,,1.2853107344632768,1.4830508474576272,0.7575089088749364,0.8197674418604651,0.9497302213620916,1.380225988700565,1.380225988700565,0.9123595505617977,1.8613636363636363,,stack_resolved_extra,weekly,0.0,0,0,40,0.75,0.3,4,2
,192,0.7593220338983051,,,0.3020833333333333,0.3379032258064516,0.8939936356404137,0.5095596208128512,0.8749032267804028,0.8939936356404137,,,,0.731638418079096,0.7909604519774012,0.7661414890330552,0.5775401069518716,0.8939936356404137,0.7593220338983051,0.7593220338983051,0.4404494382022472,1.0181818181818183,,stack_resolved_extra,weekly,0.0,0,0,40,0.75,0.5,3,1
,316,1.249717514124294,,,0.31962025316455694,0.3379032258064516,0.9458928733270898,0.5095596208128512,9.146927006719679,0.9458928733270898,,,,1.1468926553672316,1.305084745762712,0.7814643188137165,0.8327974276527331,0.9458928733270898,1.249717514124294,1.249717514124294,0.5820224719101125,1.8613636363636363,,stack_resolved_extra,weekly,0.0,0,0,40,0.75,0.5,3,2
,189,0.747457627118644,,,0.32275132275132273,0.3379032258064516,0.95515904585117,0.5095596208128512,2.832169754328939,0.95515904585117,,,,0.692090395480226,0.7909604519774012,0.7863031071655041,0.5652173913043478,0.95515904585117,0.747457627118644,0.747457627118644,0.4404494382022472,1.0181818181818183,,stack_resolved_extra,weekly,0.0,0,0,40,0.75,0.5,4,1
,312,1.2338983050847459,,,0.3301282051282051,0.3379032258064516,0.9769903922648553,0.5095596208128512,11.398486970597201,0.9769903922648553,,,,1.1073446327683616,1.305084745762712,0.8062727098871677,0.8175895765472313,0.9769903922648553,1.2338983050847459,1.2338983050847459,0.5820224719101125,1.8454545454545455,,stack_resolved_extra,weekly,0.0,0,0,40,0.75,0.5,4,2
,161,0.6367231638418079,,,0.2981366459627329,0.3379032258064516,0.8823137016558206,0.5095596208128512,-0.12473326733277666,0.8823137016558206,,,,0.612994350282486,0.672316384180791,0.746987951807229,0.5512820512820513,0.8823137016558206,0.6367231638418079,0.6367231638418079,0.298876404494382,0.9227272727272727,,stack_resolved_extra,weekly,0.0,0,0,40,0.75,0.65,3,1
,283,1.1192090395480228,,,0.31802120141342755,0.3379032258064516,0.9411605960683775,0.5095596208128512,9.79984218572377,0.9411605960683775,,,,1.0084745762711864,1.2062146892655368,0.7863031071655041,0.8345323741007195,0.9411605960683775,1.1192090395480228,1.1192090395480228,0.4404494382022472,1.75,,stack_resolved_extra,weekly,0.0,0,0,40,0.75,0.65,3,2
,158,0.624858757062147,,,0.3037974683544304,0.3379032258064516,0.8990664934594121,0.5095596208128512,-1.537752137169298,0.8990664934594121,,,,0.5734463276836158,0.652542372881356,0.746987951807229,0.5490196078431373,0.8990664934594121,0.624858757062147,0.624858757062147,0.298876404494382,0.9068181818181819,,stack_resolved_extra,weekly,0.0,0,0,40,0.75,0.65,4,1
,280,1.1073446327683616,,,0.32142857142857145,0.3379032258064516,0.9512444595976817,0.5095596208128512,9.848886759975146,0.9512444595976817,,,,0.9689265536723164,1.2062146892655368,0.7863031071655041,0.8327272727272728,0.9512444595976817,1.1073446327683616,1.1073446327683616,0.4404494382022472,1.7340909090909091,,stack_resolved_extra,weekly,0.0,0,0,40,0.75,0.65,4,2
,255,1.0084745762711864,,,0.30980392156862746,0.3379032258064516,0.9168421545229071,0.5095596208128512,-0.3712686410676898,0.9168421545229071,,,,1.0084745762711864,1.0084745762711864,0.7843137254901961,0.764,0.9168421545229071,1.0084745762711864,1.0084745762711864,1.0224719101123596,1.05,,stack_resolved_extra,weekly,0.0,0,0,40,0.8,0.0,3,1
,380,1.5028248587570623,,,0.31842105263157894,0.3379032258064516,0.9423439266423816,0.5095596208128512,9.50151756655032,0.9423439266423816,,,,1.423728813559322,1.5423728813559323,0.8533333333333334,0.9226666666666666,0.9423439266423816,1.5028248587570623,1.5028248587570623,1.2269662921348314,1.8136363636363637,,stack_resolved_extra,weekly,0.0,0,0,40,0.8,0.0,3,2
,255,1.0084745762711864,,,0.3254901960784314,0.3379032258064516,0.9632645420936872,0.5095596208128512,-0.5520363526198422,0.9632645420936872,,,,1.0084745762711864,1.0084745762711864,0.8841354723707664,0.76,0.9632645420936872,1.0084745762711864,1.0084745762711864,1.0224719101123596,1.05,,stack_resolved_extra,weekly,0.0,0,0,40,0.8,0.0,4,1
,379,1.498870056497175,,,0.32717678100263853,0.3379032258064516,0.9682558674063766,0.5095596208128512,9.63819514256909,0.9682558674063766,,,,1.423728813559322,1.5423728813559323,0.8783943329397874,0.9117647058823529,0.9682558674063766,1.498870056497175,1.498870056497175,1.2269662921348314,1.8136363636363637,,stack_resolved_extra,weekly,0.0,0,0,40,0.8,0.0,4,2
,226,0.8937853107344633,,,0.2920353982300885,0.3379032258064516,0.8642575031152978,0.5095596208128512,4.746071714849103,0.8642575031152978,,,,0.8700564971751413,0.9293785310734464,0.7111111111111111,0.579185520361991,0.8642575031152978,0.8937853107344633,0.8937853107344633,0.7865168539325843,1.0181818181818183,,stack_resolved_extra,weekly,0.0,0,0,40,0.8,0.3,3,1
,341,1.348587570621469,,,0.30791788856304986,0.3379032258064516,0.911260577131699,0.5095596208128512,10.143404151203004,0.911260577131699,,,,1.2457627118644068,1.423728813559322,0.8110154905335628,0.8125,0.911260577131699,1.348587570621469,1.348587570621469,0.9123595505617977,1.7977272727272728,,stack_resolved_extra,weekly,0.0,0,0,40,0.8,0.3,3,2
,224,0.8858757062146893,,,0.3080357142857143,0.3379032258064516,0.9116092737811116,0.5095596208128512,5.096474783861464,0.9116092737811116,,,,0.8700564971751413,0.9293785310734464,0.787878787878788,0.5844748858447488,0.9116092737811116,0.8858757062146893,0.8858757062146893,0.755056179775281,1.0181818181818183,,stack_resolved_extra,weekly,0.0,0,0,40,0.8,0.3,4,1
,338,1.3367231638418078,,,0.3165680473372781,0.3379032258064516,0.936860092358532,0.5095596208128512,10.69909470349011,0.936860092358532,,,,1.2457627118644068,1.4039548022598871,0.7794656888423258,0.8108108108108109,0.936860092358532,1.3367231638418078,1.3367231638418078,0.8808988764044944,1.7977272727272728,,stack_resolved_extra,weekly,0.0,0,0,40,0.8,0.3,4,2
,190,0.7514124293785311,,,0.3,0.3379032258064516,0.8878281622911695,0.5095596208128512,0.07182259908465498,0.8878281622911695,,,,0.711864406779661,0.7909604519774012,0.7416267942583731,0.5675675675675675,0.8878281622911695,0.7514124293785311,0.7514124293785311,0.40898876404494383,1.0181818181818183,,stack_resolved_extra,weekly,0.0,0,0,40,0.8,0.5,3,1
,305,1.2062146892655368,,,0.31475409836065577,0.3379032258064516,0.9314918424038501,0.5095596208128512,7.86863902239479,0.9314918424038501,,,,1.0875706214689267,1.265536723163842,0.8051948051948051,0.83,0.9314918424038501,1.2062146892655368,1.2062146892655368,0.5348314606741573,1.7977272727272728,,stack_resolved_extra,weekly,0.0,0,0,40,0.8,0.5,3,2
,187,0.7395480225988701,,,0.32085561497326204,0.3379032258064516,0.9495488366750476,0.5095596208128512,1.7618191186038297,0.9495488366750476,,,,0.672316384180791,0.7909604519774012,0.8157894736842105,0.5494505494505495,0.9495488366750476,0.7395480225988701,0.7395480225988701,0.40898876404494383,1.0181818181818183,,stack_resolved_extra,weekly,0.0,0,0,40,0.8,0.5,4,1
,301,1.1903954802259888,,,0.32558139534883723,0.3379032258064516,0.963534439695843,0.5095596208128512,9.316092469679749,0.963534439695843,,,,1.0480225988700564,1.265536723163842,0.8181818181818182,0.8108108108108109,0.963534439695843,1.1903954802259888,1.1903954802259888,0.5348314606741573,1.7977272727272728,,stack_resolved_extra,weekly,0.0,0,0,40,0.8,0.5,4,2
,158,0.624858757062147,,,0.2974683544303797,0.3379032258064516,0.880335941512341,0.5095596208128512,-0.5097487627440673,0.880335941512341,,,,0.5932203389830508,0.672316384180791,0.7111111111111111,0.5359477124183006,0.880335941512341,0.624858757062147,0.624858757062147,0.26741573033707866,0.9227272727272727,,stack_resolved_extra,weekly,0.0,0,0,40,0.8,0.65,3,1
,272,1.0757062146892655,,,0.3125,0.3379032258064516,0.9248210023866349,0.5095596208128512,8.076896235924773,0.9248210023866349,,,,0.9491525423728814,1.1468926553672316,0.8003442340791739,0.8314606741573034,0.9248210023866349,1.0757062146892655,1.0757062146892655,0.39325842696629215,1.7022727272727272,,stack_resolved_extra,weekly,0.0,0,0,40,0.8,0.65,3,2
,155,0.612994350282486,,,0.3032258064516129,0.3379032258064516,0.8973747016706444,0.5095596208128512,-2.527150832927014,0.8973747016706444,,,,0.5536723163841808,0.652542372881356,0.7111111111111111,0.5333333333333333,0.8973747016706444,0.612994350282486,0.612994350282486,0.26741573033707866,0.9068181818181819,,stack_resolved_extra,weekly,0.0,0,0,40,0.8,0.65,4,1
,268,1.0598870056497176,,,0.31716417910447764,0.3379032258064516,0.938624300929719,0.5095596208128512,7.696196113054604,0.938624300929719,,,,0.9096045197740114,1.1271186440677967,0.8003442340791739,0.8250950570342205,0.938624300929719,1.0598870056497176,1.0598870056497176,0.39325842696629215,1.6863636363636363,,stack_resolved_extra,weekly,0.0,0,0,40,0.8,0.65,4,2
,255,1.0084745762711864,,,0.30196078431372547,0.3379032258064516,0.8936309607375169,0.5095596208128512,1.6716680570744074,0.8936309607375169,,,,1.0084745762711864,1.0084745762711864,0.7843137254901961,0.78,0.8936309607375169,1.0084745762711864,1.0084745762711864,1.0224719101123596,1.05,,stack_resolved_extra,weekly,0.0,0,0,40,0.85,0.0,3,1
,363,1.435593220338983,,,0.325068870523416,0.3379032258064516,0.9620176597829018,0.5095596208128512,12.714537265947662,0.9620176597829018,,,,1.3248587570621468,1.4830508474576272,0.9018181818181817,0.8910614525139665,0.9620176597829018,1.435593220338983,1.435593220338983,1.21123595505618,1.6545454545454545,,stack_resolved_extra,weekly,0.0,0,0,40,0.85,0.0,3,2
,255,1.0084745762711864,,,0.3215686274509804,0.3379032258064516,0.9516589452009921,0.5095596208128512,2.2156009956134812,0.9516589452009921,,,,1.0084745762711864,1.0084745762711864,0.7736185383244207,0.776,0.9516589452009921,1.0084745762711864,1.0084745762711864,1.0224719101123596,1.05,,stack_resolved_extra,weekly,0.0,0,0,40,0.85,0.0,4,1
,361,1.4276836158192092,,,0.33518005540166207,0.3379032258064516,0.9919409754130334,0.5095596208128512,12.868481658857934,0.9919409754130334,,,,1.3248587570621468,1.4830508474576272,0.8266666666666667,0.8735955056179775,0.9919409754130334,1.4276836158192092,1.4276836158192092,1.21123595505618,1.6545454545454545,,stack_resolved_extra,weekly,0.0,0,0,40,0.85,0.0,4,2
,226,0.8937853107344633,,,0.2831858407079646,0.3379032258064516,0.8380678818087736,0.5095596208128512,7.330877798885204,0.8380678818087736,,,,0.8700564971751413,0.9293785310734464,0.7111111111111111,0.5882352941176471,0.8380678818087736,0.8937853107344633,0.8937853107344633,0.7865168539325843,1.0181818181818183,,stack_resolved_extra,weekly,0.0,0,0,40,0.85,0.3,3,1
,325,1.2853107344632768,,,0.31384615384615383,0.3379032258064516,0.9288048467046081,0.5095596208128512,14.699194180774855,0.9288048467046081,,,,1.1468926553672316,1.3248587570621468,0.8833107191316146,0.765625,0.9288048467046081,1.2853107344632768,1.2853107344632768,0.9123595505617977,1.638636363636364,,stack_resolved_extra,weekly,0.0,0,0,40,0.85,0.3,3,2
,224,0.8858757062146893,,,0.30357142857142855,0.3379032258064516,0.8983975451755881,0.5095596208128512,8.247133372252076,0.8983975451755881,,,,0.8700564971751413,0.9293785310734464,0.7515151515151515,0.593607305936073,0.8983975451755881,0.8858757062146893,0.8858757062146893,0.755056179775281,1.0181818181818183,,stack_resolved_extra,weekly,0.0,0,0,40,0.85,0.3,4,1
,321,1.269491525423729,,,0.32398753894080995,0.3379032258064516,0.9588175376768601,0.5095596208128512,15.137880229188422,0.9588175376768601,,,,1.1468926553672316,1.3248587570621468,0.7991858887381275,0.7563291139240507,0.9588175376768601,1.269491525423729,1.269491525423729,0.8808988764044944,1.638636363636364,,stack_resolved_extra,weekly,0.0,0,0,40,0.85,0.3,4,2
,188,0.7435028248587571,,,0.2925531914893617,0.3379032258064516,0.865789874574722,0.5095596208128512,2.471439900988961,0.865789874574722,,,,0.711864406779661,0.7711864406779662,0.7616707616707616,0.5737704918032787,0.865789874574722,0.7435028248587571,0.7435028248587571,0.3775280898876405,1.0181818181818183,,stack_resolved_extra,weekly,0.0,0,0,40,0.85,0.5,3,1
,287,1.1350282485875707,,,0.3240418118466899,0.3379032258064516,0.9589781543911586,0.5095596208128512,12.49160427731601,0.9589781543911586,,,,0.9887005649717514,1.2062146892655368,0.8899521531100477,0.7801418439716312,0.9589781543911586,1.1350282485875707,1.1350282485875707,0.503370786516854,1.638636363636364,,stack_resolved_extra,weekly,0.0,0,0,40,0.85,0.5,3,2
,185,0.731638418079096,,,0.31891891891891894,0.3379032258064516,0.943817325678901,0.5095596208128512,4.875815846195103,0.943817325678901,,,,0.672316384180791,0.7711864406779662,0.7948717948717948,0.5444444444444444,0.943817325678901,0.731638418079096,0.731638418079096,0.3775280898876405,1.0181818181818183,,stack_resolved_extra,weekly,0.0,0,0,40,0.85,0.5,4,1
,282,1.1152542372881356,,,0.33687943262411346,0.3379032258064516,0.996970158601195,0.5095596208128512,13.879175921032315,0.996970158601195,,,,0.9491525423728814,1.2062146892655368,0.8315946348733233,0.7436823104693141,0.996970158601195,1.1152542372881356,1.1152542372881356,0.503370786516854,1.638636363636364,,stack_resolved_extra,weekly,0.0,0,0,40,0.85,0.5,4,2
,155,0.612994350282486,,,0.3032258064516129,0.3379032258064516,0.8973747016706444,0.5095596208128512,5.884008308628581,0.8973747016706444,,,,0.5932203389830508,0.632768361581921,0.7111111111111111,0.54,0.8973747016706444,0.612994350282486,0.612994350282486,0.2359550561797753,0.9227272727272727,,stack_resolved_extra,weekly,0.0,0,0,40,0.85,0.65,3,1
,253,1.0005649717514125,,,0.33201581027667987,0.3379032258064516,0.9825766222985276,0.5095596208128512,15.341602514852024,0.9825766222985276,,,,0.8502824858757062,1.0677966101694916,0.8872053872053872,0.7741935483870968,0.9825766222985276,1.0005649717514125,1.0005649717514125,0.36179775280898874,1.5431818181818182,,stack_resolved_extra,weekly,0.0,0,0,40,0.85,0.65,3,2
,152,0.6011299435028249,,,0.3026315789473684,0.3379032258064516,0.895616128627057,0.5095596208128512,2.770374144589203,0.895616128627057,,,,0.5536723163841808,0.632768361581921,0.7111111111111111,0.5306122448979592,0.895616128627057,0.6011299435028249,0.6011299435028249,0.2359550561797753,0.9068181818181819,,stack_resolved_extra,weekly,0.0,0,0,40,0.85,0.65,4,1
,247,0.9768361581920904,,,0.3319838056680162,0.3379032258064516,0.9824819069888786,0.5095596208128512,13.883706859350449,0.9824819069888786,,,,0.7909604519774012,1.0480225988700564,0.8507718696397941,0.756198347107438,0.9824819069888786,0.9768361581920904,0.9768361581920904,0.36179775280898874,1.5272727272727273,,stack_resolved_extra,weekly,0.0,0,0,40,0.85,0.65,4,2
,255,1.0084745762711864,,,0.3176470588235294,0.3379032258064516,0.940053348308297,0.5095596208128512,5.025288417256935,0.940053348308297,,,,1.0084745762711864,1.0084745762711864,0.8366013071895425,0.804,0.940053348308297,1.0084745762711864,1.0084745762711864,1.0224719101123596,1.05,,stack_resolved_extra,weekly,0.0,0,0,40,0.9,0.0,3,1
,350,1.384180790960452,,,0.32,0.3379032258064516,0.9470167064439141,0.5095596208128512,10.05535148060779,0.9470167064439141,,,,1.2853107344632768,1.423728813559322,0.8732394366197181,0.8956521739130435,0.9470167064439141,1.384180790960452,1.384180790960452,1.1325842696629214,1.6068181818181817,,stack_resolved_extra,weekly,0.0,0,0,40,0.9,0.0,3,2
,255,1.0084745762711864,,,0.34509803921568627,0.3379032258064516,1.0212925265571622,0.5095596208128512,4.703175953658544,1.0212925265571622,,,,1.0084745762711864,1.0084745762711864,0.9393939393939393,0.8,1.0212925265571622,1.0084745762711864,1.0084745762711864,1.0224719101123596,1.05,,stack_resolved_extra,weekly,0.0,0,0,40,0.9,0.0,4,1
,346,1.368361581920904,,,0.33815028901734107,0.3379032258064516,1.0007311655883124,0.5095596208128512,10.25354575095868,1.0007311655883124,,,,1.265536723163842,1.4039548022598871,0.8857142857142857,0.8797653958944281,1.0007311655883124,1.368361581920904,1.368361581920904,1.1325842696629214,1.590909090909091,,stack_resolved_extra,weekly,0.0,0,0,40,0.9,0.0,4,2
,226,0.8937853107344633,,,0.3008849557522124,0.3379032258064516,0.890447124421822,0.5095596208128512,11.11482997519735,0.890447124421822,,,,0.8700564971751413,0.9293785310734464,0.7703703703703703,0.6108597285067874,0.890447124421822,0.8937853107344633,0.8937853107344633,0.7865168539325843,1.0181818181818183,,stack_resolved_extra,weekly,0.0,0,0,40,0.9,0.3,3,1
,317,1.2536723163841808,,,0.31230283911671924,0.3379032258064516,0.924237519104372,0.5095596208128512,15.77427164973243,0.924237519104372,,,,1.1468926553672316,1.305084745762712,0.7936746987951808,0.7660256410256411,0.924237519104372,1.2536723163841808,1.2536723163841808,0.8966292134831462,1.590909090909091,,stack_resolved_extra,weekly,0.0,0,0,40,0.9,0.3,3,2
,224,0.8858757062146893,,,0.32589285714285715,0.3379032258064516,0.964456188203205,0.5095596208128512,10.52894710041907,0.964456188203205,,,,0.8700564971751413,0.9293785310734464,0.787878787878788,0.6118721461187214,0.964456188203205,0.8858757062146893,0.8858757062146893,0.755056179775281,1.0181818181818183,,stack_resolved_extra,weekly,0.0,0,0,40,0.9,0.3,4,1
,311,1.2299435028248589,,,0.3279742765273312,0.3379032258064516,0.9706159973601209,0.5095596208128512,15.940415366241215,0.9706159973601209,,,,1.1271186440677967,1.305084745762712,0.8192771084337349,0.7549019607843137,0.9706159973601209,1.2299435028248589,1.2299435028248589,0.8651685393258427,1.5750000000000002,,stack_resolved_extra,weekly,0.0,0,0,40,0.9,0.3,4,2
,188,0.7435028248587571,,,0.3191489361702128,0.3379032258064516,0.9444980449906059,0.5095596208128512,6.912210729147028,0.9444980449906059,,,,0.711864406779661,0.7711864406779662,0.8421052631578947,0.5901639344262295,0.9444980449906059,0.7435028248587571,0.7435028248587571,0.3775280898876405,1.0181818181818183,,stack_resolved_extra,weekly,0.0,0,0,40,0.9,0.5,3,1
,279,1.1033898305084746,,,0.32616487455197135,0.3379032258064516,0.9652612039246885,0.5095596208128512,13.580642966008119,0.9652612039246885,,,,0.9887005649717514,1.1468926553672316,0.7863031071655041,0.7737226277372263,0.9652612039246885,1.1033898305084746,1.1033898305084746,0.4876404494382023,1.590909090909091,,stack_resolved_extra,weekly,0.0,0,0,40,0.9,0.5,3,2
,183,0.7237288135593221,,,0.34972677595628415,0.3379032258064516,1.0349909360042777,0.5095596208128512,6.848636289567002,1.0349909360042777,,,,0.652542372881356,0.7711864406779662,0.8648648648648649,0.5449438202247191,1.0349909360042777,0.7237288135593221,0.7237288135593221,0.3775280898876405,1.0022727272727272,,stack_resolved_extra,weekly,0.0,0,0,40,0.9,0.5,4,1
,270,1.0677966101694916,,,0.34444444444444444,0.3379032258064516,1.0193582604083797,0.5095596208128512,14.26772396073299,1.0193582604083797,,,,0.9096045197740114,1.1271186440677967,0.8692223439211391,0.7283018867924528,1.0193582604083797,1.0677966101694916,1.0677966101694916,0.4876404494382023,1.5590909090909093,,stack_resolved_extra,weekly,0.0,0,0,40,0.9,0.5,4,2
,154,0.6090395480225989,,,0.34415584415584416,0.3379032258064516,1.018504168862164,0.5095596208128512,13.085266779046014,1.018504168862164,,,,0.5932203389830508,0.632768361581921,0.7999999999999999,0.5436241610738255,1.018504168862164,0.6090395480225989,0.6090395480225989,0.2359550561797753,0.9227272727272727,,stack_resolved_extra,weekly,0.0,0,0,40,0.9,0.65,3,1
,244,0.9649717514124294,,,0.3401639344262295,0.3379032258064516,1.0066904025979106,0.5095596208128512,17.83603240297642,1.0066904025979106,,,,0.8502824858757062,1.0084745762711864,0.8366265060240965,0.7698744769874477,1.0066904025979106,0.9649717514124294,0.9649717514124294,0.3460674157303371,1.4954545454545456,,stack_resolved_extra,weekly,0.0,0,0,40,0.9,0.65,3,2
,149,0.5892655367231638,,,0.33557046979865773,0.3379032258064516,0.9930963784017556,0.5095596208128512,5.305757475345238,0.9930963784017556,,,,0.5338983050847458,0.612994350282486,0.735632183908046,0.5277777777777778,0.9930963784017556,0.5892655367231638,0.5892655367231638,0.2359550561797753,0.8909090909090909,,stack_resolved_extra,weekly,0.0,0,0,40,0.9,0.65,4,1
,232,0.9175141242937853,,,0.33620689655172414,0.3379032258064516,0.9949798370504486,0.5095596208128512,13.946086163457215,0.9949798370504486,,,,0.7514124293785311,0.9887005649717514,0.8092369477911646,0.73568281938326,0.9949798370504486,0.9175141242937853,0.9175141242937853,0.3460674157303371,1.4318181818181819,,stack_resolved_extra,weekly,0.0,0,0,40,0.9,0.65,4,2
,255,1.0084745762711864,,,0.3137254901960784,0.3379032258064516,0.9284477514156021,0.5095596208128512,1.3608607530828412,0.9284477514156021,,,,1.0084745762711864,1.0084745762711864,0.8366013071895425,0.768,0.9284477514156021,1.0084745762711864,1.0084745762711864,1.0224719101123596,1.05,,stack_resolved_extra,weekly,0.0,0,0,60,0.75,0.0,3,1
,386,1.5265536723163844,,,0.3290155440414508,0.3379032258064516,0.9736975527718352,0.5095596208128512,10.814274313881814,0.9736975527718352,,,,1.4435028248587571,1.5819209039548023,0.9009009009009009,0.9212598425196851,0.9736975527718352,1.5265536723163844,1.5265536723163844,1.164044943820225,1.8772727272727274,,stack_resolved_extra,weekly,0.0,0,0,60,0.75,0.0,3,2
,255,1.0084745762711864,,,0.3254901960784314,0.3379032258064516,0.9632645420936872,0.5095596208128512,-0.8318706563181966,0.9632645420936872,,,,1.0084745762711864,1.0084745762711864,0.8288770053475936,0.764,0.9632645420936872,1.0084745762711864,1.0084745762711864,1.0224719101123596,1.05,,stack_resolved_extra,weekly,0.0,0,0,60,0.75,0.0,4,1
,385,1.5225988700564972,,,0.33506493506493507,0.3379032258064516,0.9916002851563711,0.5095596208128512,10.131950268001448,0.9916002851563711,,,,1.4435028248587571,1.5819209039548023,0.9077321946011897,0.9131578947368421,0.9916002851563711,1.5225988700564972,1.5225988700564972,1.148314606741573,1.8772727272727274,,stack_resolved_extra,weekly,0.0,0,0,60,0.75,0.0,4,2
,235,0.9293785310734464,,,0.32340425531914896,0.3379032258064516,0.9570913522571473,0.5095596208128512,18.654883605053165,0.9570913522571473,,,,0.8898305084745763,0.9491525423728814,0.851063829787234,0.6217391304347826,0.9570913522571473,0.9293785310734464,0.9293785310734464,0.802247191011236,1.05,,stack_resolved_extra,weekly,0.0,0,0,60,0.75,0.3,3,1
,357,1.4118644067796613,,,0.33613445378151263,0.3379032258064516,0.994765447945288,0.5095596208128512,20.007131914645637,0.994765447945288,,,,1.2853107344632768,1.4830508474576272,0.8764658634538153,0.8323863636363636,0.994765447945288,1.4118644067796613,1.4118644067796613,0.8808988764044944,1.8613636363636363,,stack_resolved_extra,weekly,0.0,0,0,60,0.75,0.3,3,2
,233,0.9214689265536724,,,0.3261802575107296,0.3379032258064516,0.9653067286713717,0.5095596208128512,13.97553427593255,0.9653067286713717,,,,0.8898305084745763,0.9491525423728814,0.7628813124839785,0.6447368421052632,0.9653067286713717,0.9214689265536724,0.9214689265536724,0.7707865168539327,1.05,,stack_resolved_extra,weekly,0.0,0,0,60,0.75,0.3,4,1
,354,1.4,,,0.3361581920903955,0.3379032258064516,0.9948356997424592,0.5095596208128512,17.79826387020544,0.9948356997424592,,,,1.2853107344632768,1.4830508474576272,0.8186169334873742,0.8424068767908309,0.9948356997424592,1.4,1.4,0.8337078651685393,1.8613636363636363,,stack_resolved_extra,weekly,0.0,0,0,60,0.75,0.3,4,2
,195,0.7711864406779662,,,0.30256410256410254,0.3379032258064516,0.8954164371825469,0.5095596208128512,-1.0070566448710105,0.8954164371825469,,,,0.7514124293785311,0.8107344632768362,0.7661414890330552,0.5526315789473685,0.8954164371825469,0.7711864406779662,0.7711864406779662,0.39325842696629215,1.0181818181818183,,stack_resolved_extra,weekly,0.0,0,0,60,0.75,0.5,3,1
,317,1.2536723163841808,,,0.3249211356466877,0.3379032258064516,0.961580449169195,0.5095596208128512,8.085308819802236,0.961580449169195,,,,1.1468926553672316,1.3248587570621468,0.8148959474260679,0.8173076923076923,0.961580449169195,1.2536723163841808,1.2536723163841808,0.4719101123595506,1.8613636363636363,,stack_resolved_extra,weekly,0.0,0,0,60,0.75,0.5,3,2
,193,0.7632768361581922,,,0.32124352331606215,0.3379032258064516,0.9506968231787997,0.5095596208128512,-0.47007973090777205,0.9506968231787997,,,,0.731638418079096,0.8107344632768362,0.7863031071655041,0.5478723404255319,0.9506968231787997,0.7632768361581922,0.7632768361581922,0.39325842696629215,1.0181818181818183,,stack_resolved_extra,weekly,0.0,0,0,60,0.75,0.5,4,1
,313,1.2378531073446328,,,0.3354632587859425,0.3379032258064516,0.9927790952137678,0.5095596208128512,10.010808124706992,0.9927790952137678,,,,1.1271186440677967,1.3248587570621468,0.8537005163511188,0.8084415584415584,0.9927790952137678,1.2378531073446328,1.2378531073446328,0.45617977528089887,1.8454545454545455,,stack_resolved_extra,weekly,0.0,0,0,60,0.75,0.5,4,2
,160,0.632768361581921,,,0.3125,0.3379032258064516,0.9248210023866349,0.5095596208128512,1.7071309992093338,0.9248210023866349,,,,0.5734463276836158,0.672316384180791,0.746987951807229,0.5612903225806452,0.9248210023866349,0.632768361581921,0.632768361581921,0.26741573033707866,0.9227272727272727,,stack_resolved_extra,weekly,0.0,0,0,60,0.75,0.65,3,1
,281,1.1112994350282488,,,0.3309608540925267,0.3379032258064516,0.9794545562642795,0.5095596208128512,11.117240221750317,0.9794545562642795,,,,0.9689265536723164,1.1864406779661016,0.824262567511425,0.8405797101449275,0.9794545562642795,1.1112994350282488,1.1112994350282488,0.3460674157303371,1.75,,stack_resolved_extra,weekly,0.0,0,0,60,0.75,0.65,3,2
,158,0.624858757062147,,,0.31645569620253167,0.3379032258064516,0.9365275973535544,0.5095596208128512,0.11482032996618541,0.9365275973535544,,,,0.5536723163841808,0.652542372881356,0.746987951807229,0.5620915032679739,0.9365275973535544,0.624858757062147,0.624858757062147,0.26741573033707866,0.9068181818181819,,stack_resolved_extra,weekly,0.0,0,0,60,0.75,0.65,4,1
,278,1.0994350282485876,,,0.3345323741007194,0.3379032258064516,0.9900242097491457,0.5095596208128512,11.662769579975347,0.9900242097491457,,,,0.9491525423728814,1.1864406779661016,0.838723314309871,0.8388278388278388,0.9900242097491457,1.0994350282485876,1.0994350282485876,0.33033707865168543,1.7340909090909091,,stack_resolved_extra,weekly,0.0,0,0,60,0.75,0.65,4,2
,255,1.0084745762711864,,,0.30980392156862746,0.3379032258064516,0.9168421545229071,0.5095596208128512,2.344187015236925,0.9168421545229071,,,,1.0084745762711864,1.0084745762711864,0.7843137254901961,0.764,0.9168421545229071,1.0084745762711864,1.0084745762711864,1.0224719101123596,1.05,,stack_resolved_extra,weekly,0.0,0,0,60,0.8,0.0,3,1
,373,1.475141242937853,,,0.32707774798927614,0.3379032258064516,0.9679627864121776,0.5095596208128512,9.22740817361126,0.9679627864121776,,,,1.423728813559322,1.5225988700564972,0.8899521531100477,0.9184782608695652,0.9679627864121776,1.475141242937853,1.475141242937853,1.101123595505618,1.8295454545454546,,stack_resolved_extra,weekly,0.0,0,0,60,0.8,0.0,3,2
,255,1.0084745762711864,,,0.32941176470588235,0.3379032258064516,0.9748701389863822,0.5095596208128512,1.331989947308682,0.9748701389863822,,,,1.0084745762711864,1.0084745762711864,0.8841354723707664,0.764,0.9748701389863822,1.0084745762711864,1.0084745762711864,1.0224719101123596,1.05,,stack_resolved_extra,weekly,0.0,0,0,60,0.8,0.0,4,1
,371,1.4672316384180792,,,0.33962264150943394,0.3379032258064516,1.0050884856126447,0.5095596208128512,9.49954260039905,1.0050884856126447,,,,1.423728813559322,1.5028248587570623,0.9393939393939393,0.907103825136612,1.0050884856126447,1.4672316384180792,1.4672316384180792,1.0853932584269663,1.8295454545454546,,stack_resolved_extra,weekly,0.0,0,0,60,0.8,0.0,4,2
,234,0.9254237288135593,,,0.32051282051282054,0.3379032258064516,0.9485343614221897,0.5095596208128512,20.057542380026806,0.9485343614221897,,,,0.8898305084745763,0.9491525423728814,0.7943262411347517,0.6026200873362445,0.9485343614221897,0.9254237288135593,0.9254237288135593,0.7865168539325843,1.05,,stack_resolved_extra,weekly,0.0,0,0,60,0.8,0.3,3,1
,347,1.372316384180791,,,0.3400576368876081,0.3379032258064516,1.0063758227700097,0.5095596208128512,22.531835413071633,1.0063758227700097,,,,1.2853107344632768,1.423728813559322,0.9129852744310577,0.8187134502923976,1.0063758227700097,1.372316384180791,1.372316384180791,0.8651685393258427,1.8136363636363637,,stack_resolved_extra,weekly,0.0,0,0,60,0.8,0.3,3,2
,232,0.9175141242937853,,,0.3275862068965517,0.3379032258064516,0.9694675335363344,0.5095596208128512,16.05430786954537,0.9694675335363344,,,,0.8898305084745763,0.9491525423728814,0.8115942028985508,0.6299559471365639,0.9694675335363344,0.9175141242937853,0.9175141242937853,0.755056179775281,1.05,,stack_resolved_extra,weekly,0.0,0,0,60,0.8,0.3,4,1
,343,1.356497175141243,,,0.34402332361516036,0.3379032258064516,1.0181119839684938,0.5095596208128512,20.96296998675469,1.0181119839684938,,,,1.2853107344632768,1.4039548022598871,0.8537005163511188,0.8284023668639053,1.0181119839684938,1.356497175141243,1.356497175141243,0.8179775280898877,1.8136363636363637,,stack_resolved_extra,weekly,0.0,0,0,60,0.8,0.3,4,2
,193,0.7632768361581922,,,0.30569948186528495,0.3379032258064516,0.9046953639927288,0.5095596208128512,0.7708694359762871,0.9046953639927288,,,,0.731638418079096,0.8107344632768362,0.7719298245614036,0.5319148936170213,0.9046953639927288,0.7632768361581922,0.7632768361581922,0.36179775280898874,1.0181818181818183,,stack_resolved_extra,weekly,0.0,0,0,60,0.8,0.5,3,1
,306,1.2101694915254237,,,0.3333333333333333,0.3379032258064516,0.9864757358790771,0.5095596208128512,10.698888145598062,0.9864757358790771,,,,1.1271186440677967,1.265536723163842,0.8537005163511188,0.8039867109634552,0.9864757358790771,1.2101694915254237,1.2101694915254237,0.4404494382022472,1.8136363636363637,,stack_resolved_extra,weekly,0.0,0,0,60,0.8,0.5,3,2
,191,0.7553672316384181,,,0.32460732984293195,0.3379032258064516,0.9606517637356459,0.5095596208128512,1.2459914525547817,0.9606517637356459,,,,0.711864406779661,0.8107344632768362,0.8421052631578947,0.5268817204301075,0.9606517637356459,0.7553672316384181,0.7553672316384181,0.36179775280898874,1.0181818181818183,,stack_resolved_extra,weekly,0.0,0,0,60,0.8,0.5,4,1
,302,1.1943502824858758,,,0.3443708609271523,0.3379032258064516,1.0191404953452718,0.5095596208128512,12.263853136292369,1.0191404953452718,,,,1.1073446327683616,1.265536723163842,0.8816906972150899,0.7912457912457912,1.0191404953452718,1.1943502824858758,1.1943502824858758,0.42471910112359557,1.8136363636363637,,stack_resolved_extra,weekly,0.0,0,0,60,0.8,0.5,4,2
,157,0.6209039548022599,,,0.3184713375796178,0.3379032258064516,0.9424927412857425,0.5095596208128512,3.9672445739573976,0.9424927412857425,,,,0.5536723163841808,0.672316384180791,0.7741935483870969,0.5394736842105263,0.9424927412857425,0.6209039548022599,0.6209039548022599,0.2359550561797753,0.9227272727272727,,stack_resolved_extra,weekly,0.0,0,0,60,0.8,0.65,3,1
,269,1.0638418079096046,,,0.3382899628252788,0.3379032258064516,1.0011445200557176,0.5095596208128512,13.299359244048313,1.0011445200557176,,,,0.9491525423728814,1.1271186440677967,0.8537005163511188,0.8295454545454546,1.0011445200557176,1.0638418079096046,1.0638418079096046,0.298876404494382,1.7181818181818183,,stack_resolved_extra,weekly,0.0,0,0,60,0.8,0.65,3,2
,154,0.6090395480225989,,,0.3246753246753247,0.3379032258064516,0.9608529894926077,0.5095596208128512,1.9381293818048901,0.9608529894926077,,,,0.5141242937853108,0.652542372881356,0.7741935483870969,0.5369127516778524,0.9608529894926077,0.6090395480225989,0.6090395480225989,0.2359550561797753,0.9068181818181819,,stack_resolved_extra,weekly,0.0,0,0,60,0.8,0.65,4,1
,264,1.0440677966101695,,,0.3446969696969697,0.3379032258064516,1.0201055905113185,0.5095596208128512,13.947716962785014,1.0201055905113185,,,,0.9096045197740114,1.1073446327683616,0.8692223439211391,0.8223938223938224,1.0201055905113185,1.0440677966101695,1.0440677966101695,0.28314606741573034,1.7022727272727272,,stack_resolved_extra,weekly,0.0,0,0,60,0.8,0.65,4,2
,255,1.0084745762711864,,,0.30196078431372547,0.3379032258064516,0.8936309607375169,0.5095596208128512,6.1652210148782665,0.8936309607375169,,,,1.0084745762711864,1.0084745762711864,0.7843137254901961,0.792,0.8936309607375169,1.0084745762711864,1.0084745762711864,1.0224719101123596,1.05,,stack_resolved_extra,weekly,0.0,0,0,60,0.85,0.0,3,1
,357,1.4118644067796613,,,0.3277310924369748,0.3379032258064516,0.9698963117466557,0.5095596208128512,14.020308710393822,0.9698963117466557,,,,1.3248587570621468,1.4435028248587571,0.9002525252525251,0.8892045454545454,0.9698963117466557,1.4118644067796613,1.4118644067796613,1.0853932584269663,1.6704545454545454,,stack_resolved_extra,weekly,0.0,0,0,60,0.85,0.0,3,2
,255,1.0084745762711864,,,0.3411764705882353,0.3379032258064516,1.0096869296644673,0.5095596208128512,7.489954245630484,1.0096869296644673,,,,1.0084745762711864,1.0084745762711864,0.8841354723707664,0.788,1.0096869296644673,1.0084745762711864,1.0084745762711864,1.0224719101123596,1.05,,stack_resolved_extra,weekly,0.0,0,0,60,0.85,0.0,4,1
,355,1.4039548022598871,,,0.352112676056338,0.3379032258064516,1.0420518336750815,0.5095596208128512,14.738942324023359,1.0420518336750815,,,,1.3248587570621468,1.4435028248587571,0.9265255292652552,0.88,1.0420518336750815,1.4039548022598871,1.4039548022598871,1.0853932584269663,1.6704545454545454,,stack_resolved_extra,weekly,0.0,0,0,60,0.85,0.0,4,2
,234,0.9254237288135593,,,0.31196581196581197,0.3379032258064516,0.9232401117842646,0.5095596208128512,24.49164916154162,0.9232401117842646,,,,0.8898305084745763,0.9491525423728814,0.7943262411347517,0.6244541484716157,0.9232401117842646,0.9254237288135593,0.9254237288135593,0.7865168539325843,1.05,,stack_resolved_extra,weekly,0.0,0,0,60,0.85,0.3,3,1
,331,1.309039548022599,,,0.3413897280966767,0.3379032258064516,1.0103180497371818,0.5095596208128512,28.53532074367183,1.0103180497371818,,,,1.1864406779661016,1.344632768361582,0.9532085561497327,0.7760736196319018,1.0103180497371818,1.309039548022599,1.309039548022599,0.8494382022471911,1.6545454545454545,,stack_resolved_extra,weekly,0.0,0,0,60,0.85,0.3,3,2
,232,0.9175141242937853,,,0.34051724137931033,0.3379032258064516,1.0077359888075055,0.5095596208128512,22.822760007787007,1.0077359888075055,,,,0.8898305084745763,0.9491525423728814,0.8695652173913043,0.6475770925110133,1.0077359888075055,0.9175141242937853,0.9175141242937853,0.755056179775281,1.05,,stack_resolved_extra,weekly,0.0,0,0,60,0.85,0.3,4,1
,327,1.293220338983051,,,0.3577981651376147,0.3379032258064516,1.0588776247509362,0.5095596208128512,27.211904971673093,1.0588776247509362,,,,1.1864406779661016,1.344632768361582,0.9946524064171123,0.7888198757763976,1.0588776247509362,1.293220338983051,1.293220338983051,0.8179775280898877,1.6545454545454545,,stack_resolved_extra,weekly,0.0,0,0,60,0.85,0.3,4,2
,191,0.7553672316384181,,,0.29842931937172773,0.3379032258064516,0.8831798473053518,0.5095596208128512,5.514015814584141,0.8831798473053518,,,,0.731638418079096,0.7909604519774012,0.7719298245614036,0.5591397849462365,0.8831798473053518,0.7553672316384181,0.7553672316384181,0.33033707865168543,1.0181818181818183,,stack_resolved_extra,weekly,0.0,0,0,60,0.85,0.5,3,1
,288,1.1389830508474577,,,0.3368055555555556,0.3379032258064516,0.9967515247944844,0.5095596208128512,16.553202371320165,0.9967515247944844,,,,1.0282485875706215,1.2062146892655368,0.9231974921630093,0.7561837455830389,0.9967515247944844,1.1389830508474577,1.1389830508474577,0.39325842696629215,1.6545454545454545,,stack_resolved_extra,weekly,0.0,0,0,60,0.85,0.5,3,2
,189,0.747457627118644,,,0.3439153439153439,0.3379032258064516,1.0177924259069844,0.5095596208128512,8.057139787425667,1.0177924259069844,,,,0.711864406779661,0.7909604519774012,0.912280701754386,0.5271739130434783,1.0177924259069844,0.747457627118644,0.747457627118644,0.33033707865168543,1.0181818181818183,,stack_resolved_extra,weekly,0.0,0,0,60,0.85,0.5,4,1
,284,1.1231638418079095,,,0.3626760563380282,0.3379032258064516,1.073313388685334,0.5095596208128512,18.050042337161862,1.073313388685334,,,,1.0084745762711864,1.2062146892655368,0.9701937406855439,0.7311827956989247,1.073313388685334,1.1231638418079095,1.1231638418079095,0.39325842696629215,1.6545454545454545,,stack_resolved_extra,weekly,0.0,0,0,60,0.85,0.5,4,2
,154,0.6090395480225989,,,0.34415584415584416,0.3379032258064516,1.018504168862164,0.5095596208128512,13.922308985447577,1.018504168862164,,,,0.5536723163841808,0.632768361581921,0.8602150537634409,0.5436241610738255,1.018504168862164,0.6090395480225989,0.6090395480225989,0.20449438202247192,0.9227272727272727,,stack_resolved_extra,weekly,0.0,0,0,60,0.85,0.65,3,1
,250,0.9887005649717514,,,0.364,0.3379032258064516,1.0772315035799522,0.5095596208128512,22.582184251109,1.0772315035799522,,,,0.8502824858757062,1.0480225988700564,0.9946524064171123,0.7714285714285715,1.0772315035799522,0.9887005649717514,0.9887005649717514,0.251685393258427,1.5590909090909093,,stack_resolved_extra,weekly,0.0,0,0,60,0.85,0.65,3,2
,151,0.5971751412429379,,,0.3509933774834437,0.3379032258064516,1.0387393510249887,0.5095596208128512,11.511801636722652,1.0387393510249887,,,,0.5141242937853108,0.632768361581921,0.8602150537634409,0.5342465753424658,1.0387393510249887,0.5971751412429379,0.5971751412429379,0.20449438202247192,0.9068181818181819,,stack_resolved_extra,weekly,0.0,0,0,60,0.85,0.65,4,1
,244,0.9649717514124294,,,0.36885245901639346,0.3379032258064516,1.0915920028170116,0.5095596208128512,21.624559391885033,1.0915920028170116,,,,0.7909604519774012,1.0282485875706215,0.9946524064171123,0.7531380753138075,1.0915920028170116,0.9649717514124294,0.9649717514124294,0.251685393258427,1.5431818181818182,,stack_resolved_extra,weekly,0.0,0,0,60,0.85,0.65,4,2
,255,1.0084745762711864,,,0.30980392156862746,0.3379032258064516,0.9168421545229071,0.5095596208128512,8.79026907199874,0.9168421545229071,,,,1.0084745762711864,1.0084745762711864,0.7843137254901961,0.792,0.9168421545229071,1.0084745762711864,1.0084745762711864,1.0224719101123596,1.05,,stack_resolved_extra,weekly,0.0,0,0,60,0.9,0.0,3,1
,347,1.372316384180791,,,0.3314121037463977,0.3379032258064516,0.9807899967673822,0.5095596208128512,15.409746433711893,0.9807899967673822,,,,1.2853107344632768,1.4039548022598871,0.9014084507042254,0.8918128654970761,0.9807899967673822,1.372316384180791,1.372316384180791,1.0696629213483146,1.6227272727272726,,stack_resolved_extra,weekly,0.0,0,0,60,0.9,0.0,3,2
,255,1.0084745762711864,,,0.3607843137254902,0.3379032258064516,1.0677149141279423,0.5095596208128512,10.983374603687375,1.0677149141279423,,,,1.0084745762711864,1.0084745762711864,0.9934640522875817,0.792,1.0677149141279423,1.0084745762711864,1.0084745762711864,1.0224719101123596,1.05,,stack_resolved_extra,weekly,0.0,0,0,60,0.9,0.0,4,1
,343,1.356497175141243,,,0.3673469387755102,0.3379032258064516,1.0871365252544933,0.5095596208128512,17.09597295575373,1.0871365252544933,,,,1.265536723163842,1.384180790960452,1.0064935064935066,0.8727810650887574,1.0871365252544933,1.356497175141243,1.356497175141243,1.0696629213483146,1.6068181818181817,,stack_resolved_extra,weekly,0.0,0,0,60,0.9,0.0,4,2
,234,0.9254237288135593,,,0.32051282051282054,0.3379032258064516,0.9485343614221897,0.5095596208128512,27.352278454557524,0.9485343614221897,,,,0.8898305084745763,0.9491525423728814,0.7943262411347517,0.6200873362445415,0.9485343614221897,0.9254237288135593,0.9254237288135593,0.7865168539325843,1.05,,stack_resolved_extra,weekly,0.0,0,0,60,0.9,0.3,3,1
,322,1.2734463276836159,,,0.3447204968944099,0.3379032258064516,1.0201752175395424,0.5095596208128512,30.300200696469503,1.0201752175395424,,,,1.1666666666666667,1.305084745762712,0.9292929292929294,0.7728706624605678,1.0201752175395424,1.2734463276836159,1.2734463276836159,0.8337078651685393,1.6068181818181817,,stack_resolved_extra,weekly,0.0,0,0,60,0.9,0.3,3,2
,232,0.9175141242937853,,,0.3577586206896552,0.3379032258064516,1.0587605958357338,0.5095596208128512,26.131453335857792,1.0587605958357338,,,,0.8898305084745763,0.9491525423728814,0.8695652173913043,0.6475770925110133,1.0587605958357338,0.9175141242937853,0.9175141242937853,0.755056179775281,1.05,,stack_resolved_extra,weekly,0.0,0,0,60,0.9,0.3,4,1
,316,1.249717514124294,,,0.370253164556962,0.3379032258064516,1.0957372889036585,0.5095596208128512,29.671593166331093,1.0957372889036585,,,,1.1468926553672316,1.305084745762712,0.9959839357429718,0.77491961414791,1.0957372889036585,1.249717514124294,1.249717514124294,0.802247191011236,1.590909090909091,,stack_resolved_extra,weekly,0.0,0,0,60,0.9,0.3,4,2
,191,0.7553672316384181,,,0.31413612565445026,0.3379032258064516,0.9296629971635283,0.5095596208128512,9.617020314475994,0.9296629971635283,,,,0.731638418079096,0.7909604519774012,0.7719298245614036,0.543010752688172,0.9296629971635283,0.7553672316384181,0.7553672316384181,0.33033707865168543,1.0181818181818183,,stack_resolved_extra,weekly,0.0,0,0,60,0.9,0.5,3,1
,279,1.1033898305084746,,,0.34408602150537637,0.3379032258064516,1.0182975338106603,0.5095596208128512,18.616822859597416,1.0182975338106603,,,,1.0084745762711864,1.1666666666666667,0.9070567986230637,0.7445255474452555,1.0182975338106603,1.1033898305084746,1.1033898305084746,0.3775280898876405,1.6068181818181817,,stack_resolved_extra,weekly,0.0,0,0,60,0.9,0.5,3,2
,189,0.747457627118644,,,0.36507936507936506,0.3379032258064516,1.0804258059627987,0.5095596208128512,11.868080442265386,1.0804258059627987,,,,0.711864406779661,0.7909604519774012,0.912280701754386,0.5,1.0804258059627987,0.747457627118644,0.747457627118644,0.33033707865168543,1.0181818181818183,,stack_resolved_extra,weekly,0.0,0,0,60,0.9,0.5,4,1
,273,1.0796610169491525,,,0.3772893772893773,0.3379032258064516,1.1165604483026919,0.5095596208128512,20.354554836006514,1.1165604483026919,,,,0.9689265536723164,1.1468926553672316,1.0476190476190477,0.6940298507462687,1.1165604483026919,1.0796610169491525,1.0796610169491525,0.3775280898876405,1.590909090909091,,stack_resolved_extra,weekly,0.0,0,0,60,0.9,0.5,4,2
,153,0.6050847457627119,,,0.37254901960784315,0.3379032258064516,1.1025317048060275,0.5095596208128512,20.00888524584156,1.1025317048060275,,,,0.5536723163841808,0.632768361581921,0.8602150537634409,0.527027027027027,1.1025317048060275,0.6050847457627119,0.6050847457627119,0.20449438202247192,0.9227272727272727,,stack_resolved_extra,weekly,0.0,0,0,60,0.9,0.65,3,1
,241,0.9531073446327685,,,0.3817427385892116,0.3379032258064516,1.1297398468988602,0.5095596208128512,26.08445607089389,1.1297398468988602,,,,0.8305084745762712,1.0084745762711864,1.0133333333333334,0.7542372881355932,1.1297398468988602,0.9531073446327685,0.9531073446327685,0.251685393258427,1.5113636363636365,,stack_resolved_extra,weekly,0.0,0,0,60,0.9,0.65,3,2
,149,0.5892655367231638,,,0.37583892617449666,0.3379032258064516,1.1122679438099663,0.5095596208128512,15.770456702010293,1.1122679438099663,,,,0.5141242937853108,0.612994350282486,0.8888888888888888,0.5069444444444444,1.1122679438099663,0.5892655367231638,0.5892655367231638,0.20449438202247192,0.9068181818181819,,stack_resolved_extra,weekly,0.0,0,0,60,0.9,0.65,4,1
,231,0.9135593220338984,,,0.38961038961038963,0.3379032258064516,1.1530235873911292,0.5095596208128512,24.518483396043415,1.1530235873911292,,,,0.7514124293785311,0.9689265536723164,1.0171750833119713,0.7212389380530974,1.1530235873911292,0.9135593220338984,0.9135593220338984,0.251685393258427,1.4795454545454547,,stack_resolved_extra,weekly,0.0,0,0,60,0.9,0.65,4,2
